meeting_key,session_key,driver_number,lap_number,date_start,duration_sector_1,duration_sector_2,duration_sector_3,i1_speed,i2_speed,is_pit_out_lap,lap_duration,segments_sector_1,segments_sector_2,segments_sector_3,st_speed
1292,11353,1,1,2026-08-23T13:03:28.567000+00:00,31.954,27.056,25.56,290.0,280.0,False,84.57,"[None, 2049, 2049, 2049, 2051, 2049, 2049, 2049]","[2051, 2051, 2051, 2051, 2051, 2049, 2051, 2049]","[2049, 2049, 2049, 2051, 2051, 2049, 2049, 2051]",208.0
1292,11353,12,1,2026-08-23T13:03:28.567000+00:00,32.201,27.451,25.629,290.0,280.0,False,85.281,"[None, 2051, 2051, 2051, 2049, 2049, 2049, 2051]","[2049, 2049, 2049, 2049, 2049, 2051, 2049, 2049]","[2049, 2049, 2051, 2049, 2049, 2051, 2051, 2051]",216.0
1292,11353,63,1,2026-08-23T13:03:28.567000+00:00,32.697,27.717,25.891,284.0,278.0,False,86.305,"[None, 2049, 2049, 2049, 2049, 2051, 2051, 2049]","[2049, 2049, 2049, 2049, 2049, 2049, 2049, 2049]","[2049, 2051, 2049, 2049, 2049, 2049, 2049, 2049]",212.0
1292,11353,16,1,2026-08-23T13:03:28.567000+00:00,33.384,27.908,25.989,293.0,286.0,False,87.281,"[None, 2049, 2049, 2049, 2049, 2049, 2049, 2049]","[2049, 2049, 2049, 2049, 2049, 2049, 2049, 2049]","[2051, 2049, 2049, 2049, 2049, 2049, 2049, 2049]",217.0
1292,11353,81,1,2026-08-23T13:03:28.567000+00:00,33.597,28.288,26.796,293.0,282.0,False,88.681,"[None, 2049, 2049, 2049, 2049, 2049, 2049, 2049]","[2049, 2049, 2049, 2049, 2049, 2049, 2049, 2049]","[2049, 2049, 2049, 2049, 2049, 2049, 2049, 2049]",203.0
1292,11353,44,1,2026-08-23T13:03:28.567000+00:00,34.295,28.108,26.902,285.0,285.0,False,89.305,"[None, 2049, 2049, 2049, 2049, 2049, 2049, 2049]","[2049, 2049, 2049, 2049, 2049, 2049, 2049, 2049]","[2049, 2049, 2049, 2049, 2049, 2049, 2049, 2049]",208.0
1292,11353,30,1,2026-08-23T13:03:28.567000+00:00,34.573,28.808,27.475,281.0,278.0,False,90.856,"[2049, 2049, 2049, 2049, 2049, 2049, 2049, 2049]","[2049, 2049, 2049, 2049, 2049, 2049, 2049, 2049]","[2049, 2049, 2049, 2049, 2049, 2049, 2049, 2049]",205.0
1292,11353,41,1,2026-08-23T13:03:28.567000+00:00,35.586,28.905,28.464,286.0,283.0,False,92.955,"[2049, 2049, 2049, 2049, 2049, 2049, 2049, 2049]","[2049, 2049, 2049, 2049, 2049, 2049, 2049, 2051]","[2049, 2049, 2049, 2049, 2049, 2049, 2049, 0]",200.0
1292,11353,10,1,2026-08-23T13:03:28.567000+00:00,35.411,28.712,28.951,293.0,279.0,False,93.074,"[2049, 2049, 2049, 2049, 2049, 2049, 2049, 2049]","[2049, 2049, 2049, 2049, 2049, 2049, 2049, 2049]","[2049, 2049, 2049, 2049, 2049, 2049, 2049, 2049]",182.0
1292,11353,43,1,2026-08-23T13:03:28.567000+00:00,35.944,29.25,28.184,276.0,267.0,False,93.378,"[2049, 2049, 2049, 2049, 2049, 2049, 2049, 2049]","[2049, 2049, 2049, 2049, 2049, 2049, 2049, 2049]","[2049, 2049, 2049, 2049, 2049, 2049, 2049, 0]",192.0
1292,11353,22,1,2026-08-23T13:03:28.567000+00:00,35.774,29.037,29.111,269.0,262.0,False,93.922,"[2049, 2049, 2049, 2049, 2049, 2049, 2049, 2049]","[2049, 2049, 2049, 2049, 2049, 2049, 2049, 2049]","[2049, 2049, 2049, 2049, 2049, 2049, 2049, 2049]",188.0
1292,11353,27,1,2026-08-23T13:03:28.567000+00:00,36.194,30.0,29.606,277.0,266.0,False,95.8,"[2049, 2049, 2049, 2049, 2049, 2049, 2049, 2049]","[2049, 2049, 2049, 2049, 2049, 2049, 2049, 2049]","[2049, 2049, 2049, 2049, 2049, 2049, 2049, 2049]",197.0
1292,11353,23,1,2026-08-23T13:03:28.567000+00:00,36.579,29.806,30.486,276.0,261.0,False,96.871,"[2049, 2049, 2049, 2049, 2049, 2049, 2049, 2049]","[2049, 2049, 2049, 2049, 2049, 2049, 2049, 2049]","[2049, 2049, 2049, 2049, 2049, 2049, 2049, 2049]",206.0
1292,11353,31,1,2026-08-23T13:03:28.567000+00:00,36.953,29.977,30.057,273.0,266.0,False,96.987,"[2049, 2049, 2049, 2049, 2049, 2049, 2049, 2049]","[2049, 2049, 2049, 2049, 2049, 2049, 2049, 2049]","[2049, 2049, 2049, 2049, 2049, 2049, 2049, 2049]",189.0
1292,11353,14,1,2026-08-23T13:03:28.567000+00:00,37.274,29.843,30.264,283.0,270.0,False,97.381,"[2049, 2049, 2049, 2049, 2049, 2049, 2049, 2049]","[2049, 2049, 2049, 2049, 2049, 2049, 2049, 2049]","[2049, 2049, 2049, 2049, 2049, 2049, 2049, 2049]",191.0
1292,11353,87,1,2026-08-23T13:03:28.567000+00:00,37.429,30.012,30.081,267.0,272.0,False,97.522,"[2049, 2049, 2049, 2049, 2049, 2049, 2049, 2049]","[2049, 2049, 2049, 2049, 2049, 2049, 2049, 2049]","[2049, 2049, 2049, 2049, 2049, 2049, 2049, 2049]",191.0
1292,11353,5,1,2026-08-23T13:03:28.567000+00:00,36.303,29.511,32.255,275.0,266.0,False,98.069,"[2049, 2049, 2049, 2049, 2049, 2049, 2049, 2049]","[2049, 2049, 2049, 2049, 2049, 2049, 2049, 2049]","[2049, 2049, 2049, 2049, 2049, 2049, 2049, 0]",190.0
1292,11353,18,1,2026-08-23T13:03:28.567000+00:00,37.135,30.413,30.724,275.0,270.0,False,98.272,"[2049, 2049, 2049, 2049, 2049, 2049, 2049, 2049]","[2049, 2049, 2049, 2049, 2049, 2049, 2049, 2049]","[2049, 2049, 2049, 2049, 2049, 2049, 2049, 2049]",198.0
1292,11353,55,1,2026-08-23T13:03:28.567000+00:00,37.928,30.035,30.34,262.0,260.0,False,98.303,"[2049, 2049, 2049, 2049, 2049, 2049, 2049, 2049]","[2049, 2049, 2049, 2049, 2049, 2049, 2049, 2049]","[2049, 2049, 2049, 2049, 2049, 2049, 2049, 2049]",184.0
1292,11353,77,1,2026-08-23T13:03:28.567000+00:00,38.516,30.198,32.647,260.0,265.0,False,101.361,"[2049, 2049, 2049, 2049, 2049, 2049, 2049, 2049]","[2049, 2049, 2049, 2049, 2049, 2049, 2049, 2049]","[2049, 2049, 2049, 2049, 2049, 2049, 2049, 0]",200.0
1292,11353,11,1,2026-08-23T13:03:28.567000+00:00,42.645,28.536,30.194,291.0,277.0,False,101.375,"[None, 2064, 2064, 2049, 2049, 2049, 2049, 2049]","[2049, 2049, 2049, 2049, 2049, 2049, 2049, 2049]","[2049, 2049, 2049, 2049, 2049, 2049, 2049, 0]",
1292,11353,1,2,2026-08-23T13:04:53.137000+00:00,26.899,40.058,56.24,271.0,163.0,False,123.197,"[2049, 2049, 2051, 2048, 2051, 2049, 2049, 2048]","[2048, 2051, 2051, 2048, 2048, 2048, 2048, 2048]","[2048, 2048, 2048, 2048, 2048, 2048, 2064, 2064]",269.0
1292,11353,12,2,2026-08-23T13:04:53.848000+00:00,26.765,41.318,56.211,285.0,154.0,False,124.294,"[2049, 2049, 2049, 2048, 2049, 2049, 2049, 2048]","[2049, 2049, 2048, 2048, 2048, 2048, 2048, 2048]","[2048, 2048, 2048, 2048, 2048, 2048, 2064, 2064]",266.0
1292,11353,63,2,2026-08-23T13:04:54.872000+00:00,26.817,40.909,58.51,285.0,136.0,False,126.236,"[2049, 2049, 2049, 2051, 2049, 2051, 2051, 2049]","[2049, 2049, 2048, 2048, 2048, 2048, 2048, 2048]","[2048, 2048, 2048, 2048, 2048, 2048, 2064, 2064]",262.0
1292,11353,16,2,2026-08-23T13:04:55.848000+00:00,27.389,41.443,59.629,291.0,147.0,False,128.461,"[2049, 2049, 2049, 2049, 2049, 2049, 2049, 2049]","[2049, 2049, 2048, 2048, 2048, 2048, 2048, 2048]","[2048, 2048, 2048, 2048, 2048, 2048, 2064, 2064]",254.0
1292,11353,81,2,2026-08-23T13:04:57.248000+00:00,27.278,44.549,57.632,287.0,143.0,False,129.459,"[2049, 2049, 2049, 2049, 2049, 2049, 2049, 2048]","[2049, 2049, 2048, 2048, 2048, 2048, 2048, 2048]","[2048, 2048, 2048, 2048, 2048, 2048, 2064, 2064]",250.0
1292,11353,44,2,2026-08-23T13:04:57.872000+00:00,27.499,46.43,58.043,290.0,129.0,False,131.972,"[2051, 2049, 2049, 2049, 2049, 2049, 2049, 2049]","[2051, 2049, 2048, 2048, 2048, 2048, 2048, 2048]","[2048, 2048, 2048, 2048, 2048, 2048, 2064, 2064]",270.0
1292,11353,30,2,2026-08-23T13:04:59.423000+00:00,27.953,46.317,58.904,285.0,136.0,False,133.174,"[None, 2049, 2049, 2049, 2049, 2049, 2049, 2049]","[2049, 2048, 2048, 2048, 2048, 2048, 2048, 2048]","[2048, 2048, 2048, 2048, 2048, 2048, 2064, 2064]",256.0
1292,11353,41,2,2026-08-23T13:05:01.522000+00:00,27.589,46.308,61.982,280.0,141.0,False,135.879,"[None, 2051, 2049, 2049, 2049, 2049, 2049, 2049]","[2048, 2048, 2048, 2048, 2048, 2048, 2048, 2048]","[2048, 2048, 2048, 2048, 2048, 2048, 2064, 2064]",293.0
1292,11353,10,2,2026-08-23T13:05:01.641000+00:00,28.151,47.511,64.56,269.0,126.0,False,140.222,"[None, 2049, 2049, 2048, 2049, 2049, 2049, 2049]","[2048, 2048, 2048, 2048, 2048, 2048, 2048, 2048]","[2048, 2048, 2048, 2048, 2048, 2048, 2064, 2064]",275.0
1292,11353,43,2,2026-08-23T13:05:01.945000+00:00,28.255,47.706,65.669,252.0,112.0,False,141.63,"[None, 2049, 2049, 2049, 2049, 2049, 2049, 2049]","[2048, 2048, 2048, 2048, 2048, 2048, 2048, 2048]","[2048, 2048, 2048, 2048, 2048, 2048, 2064, 2064]",265.0
1292,11353,22,2,2026-08-23T13:05:02.489000+00:00,28.194,49.848,66.725,213.0,148.0,False,144.767,"[None, 2049, 2049, 2049, 2049, 2049, 2049, 2049]","[2048, 2048, 2048, 2048, 2048, 2048, 2048, 2048]","[2048, 2048, 2048, 2048, 2048, 2048, 2064, 2064]",235.0
1292,11353,27,2,2026-08-23T13:05:04.367000+00:00,30.586,46.694,67.431,115.0,147.0,False,144.711,"[None, 2049, 2049, 2049, 2049, 2049, 2049, 2048]","[2048, 2048, 2048, 2048, 2048, 2048, 2048, 2048]","[2048, 2048, 2048, 2048, 2048, 2048, 2064, 2064]",226.0
1292,11353,23,2,2026-08-23T13:05:05.438000+00:00,33.893,45.105,69.546,115.0,145.0,False,148.544,"[None, 2049, 2049, 2049, 2049, 2049, 2048, 2048]","[2048, 2048, 2048, 2048, 2048, 2048, 2048, 2048]","[2048, 2048, 2048, 2048, 2048, 2048, 2064, 2064]",246.0
1292,11353,31,2,2026-08-23T13:05:05.554000+00:00,32.639,45.273,68.71,116.0,145.0,False,146.622,"[None, 2049, 2049, 2049, 2049, 2049, 2048, 2048]","[2048, 2048, 2048, 2048, 2048, 2048, 2048, 2048]","[2048, 2048, 2048, 2048, 2048, 2048, 2064, 2064]",252.0
1292,11353,14,2,2026-08-23T13:05:05.948000+00:00,34.915,44.411,70.275,122.0,186.0,False,149.601,"[None, 2049, 2049, 2049, 2049, 2049, 2048, 2048]","[2048, 2048, 2048, 2048, 2048, 2048, 2048, 2048]","[2048, 2048, 2048, 2048, 2048, 2048, 2064, 2064]",247.0
1292,11353,87,2,2026-08-23T13:05:06.089000+00:00,36.084,45.171,73.001,108.0,134.0,False,154.256,"[None, 2049, 2049, 2049, 2049, 2049, 2048, 2048]","[2048, 2048, 2048, 2048, 2048, 2048, 2048, 2048]","[2048, 2048, 2048, 2048, 2048, 2048, 2064, 2064]",243.0
1292,11353,5,2,2026-08-23T13:05:06.636000+00:00,37.458,45.23,75.677,116.0,155.0,False,158.365,"[None, 2049, 2049, 2049, 2049, 2049, 2048, 2048]","[2048, 2048, 2048, 2048, 2048, 2048, 2048, 2048]","[2048, 2048, 2048, 2048, 2048, 2048, 2064, 2064]",227.0
1292,11353,18,2,2026-08-23T13:05:06.839000+00:00,36.326,44.937,74.615,117.0,141.0,False,155.878,"[None, 2049, 2049, 2049, 2049, 2049, 2048, 2048]","[2048, 2048, 2048, 2048, 2048, 2048, 2048, 2048]","[2048, 2048, 2048, 2048, 2048, 2048, 2064, 2064]",248.0
1292,11353,55,2,2026-08-23T13:05:06.870000+00:00,39.136,45.754,75.425,111.0,142.0,False,160.315,"[None, 2049, 2049, 2049, 2049, 2049, 2048, 2048]","[2048, 2048, 2048, 2048, 2048, 2048, 2048, 2048]","[2048, 2048, 2048, 2048, 2048, 2048, 2064, 2064]",258.0
1292,11353,77,2,2026-08-23T13:05:09.928000+00:00,42.734,45.911,79.806,104.0,132.0,False,168.451,"[None, 2049, 2049, 2049, 2049, 2048, 2048, 2048]","[2048, 2048, 2048, 2048, 2048, 2048, 2048, 2048]","[2048, 2048, 2048, 2048, 2048, 2048, 2064, 2064]",234.0
1292,11353,11,2,2026-08-23T13:05:09.942000+00:00,40.017,47.124,74.268,115.0,156.0,False,161.409,"[2049, 2049, 2049, 2049, 2049, 2048, 2048, 2048]","[2048, 2048, 2048, 2048, 2048, 2048, 2048, 2048]","[2048, 2048, 2048, 2048, 2048, 2048, 2064, 2064]",239.0
1292,11353,1,3,2026-08-23T13:06:56.412000+00:00,,35.231,61.496,267.0,199.0,True,1701.681,"[2064, 2064, 2064, 2048, 2048, 2048, 2048, 2048]","[2048, 2048, 2048, 2048, 2048, 2048, 2048, 2048]","[2048, 2048, 2048, 2048, 2048, 2048, 2048, 2048]",
1292,11353,12,3,2026-08-23T13:06:58.168000+00:00,,35.121,62.344,230.0,216.0,True,1703.335,"[2064, 2064, 2064, 2048, 2048, 2048, 2048, 2048]","[2048, 2048, 2048, 2048, 2048, 2048, 2048, 2048]","[2048, 2048, 2048, 2048, 2048, 2048, 2048, 2048]",
1292,11353,63,3,2026-08-23T13:07:01.112000+00:00,,35.135,62.378,251.0,224.0,True,1702.412,"[2064, 2064, 2064, 2048, 2048, 2048, 2048, 2048]","[2048, 2048, 2048, 2049, 2048, 2048, 2049, 2048]","[2048, 2048, 2048, 2048, 2048, 2048, 2048, 2048]",
1292,11353,16,3,2026-08-23T13:07:04.424000+00:00,,34.82,63.557,278.0,216.0,True,1702.204,"[2064, 2064, 2064, 2048, 2048, 2048, 2048, 2048]","[2048, 2048, 2049, 2048, 2048, 2048, 2048, 2048]","[2048, 2048, 2048, 2048, 2048, 2048, 2048, 2048]",
1292,11353,81,3,2026-08-23T13:07:06.767000+00:00,,33.011,64.263,247.0,225.0,True,1701.706,"[2064, 2064, 2064, 2048, 2048, 2048, 2048, 2048]","[2048, 2048, 2049, 2048, 2048, 2048, 2048, 2048]","[2048, 2048, 2048, 2049, 2048, 2048, 2048, 2048]",
1292,11353,44,3,2026-08-23T13:07:09.818000+00:00,,28.499,64.125,275.0,238.0,True,1701.762,"[2064, 2064, 2064, 2048, 2048, 2048, 2048, 2048]","[2048, 2048, 2049, 2049, 2048, 2049, 2049, 2048]","[2048, 2048, 2048, 2051, 2048, 2048, 2048, 2048]",
1292,11353,30,3,2026-08-23T13:07:12.678000+00:00,,30.075,,235.0,212.0,True,1758.044,"[2064, 2064, 2064, 2048, 2048, 2048, 2048, 2048]","[2048, 2049, 2048, 2049, 2048, 2048, 2049, 2048]","[2048, 2048, 2048, 2049, 2048, 2048, 2048, 2048]",
1292,11353,41,3,2026-08-23T13:07:17.404000+00:00,,28.932,,218.0,194.0,True,1944.785,"[2064, 2048, 2048, 2048, 2049, 2049, 2048, 2048]","[2048, 2049, 2049, 2048, 2049, 2048, 2048, 2048]","[2048, 2049, 2048, 2048, 2048, 2048, 2048, 0]",152.0
1292,11353,10,3,2026-08-23T13:07:21.717000+00:00,,30.188,,279.0,249.0,True,1770.427,"[2064, 2064, 2064, 2048, 2048, 2048, 2048, 2048]","[2049, 2049, 2049, 2048, 2048, 2048, 2049, 2048]","[2048, 2048, 2048, 2049, 2048, 2048, 2048, 2048]",
1292,11353,43,3,2026-08-23T13:07:23.576000+00:00,,28.801,,262.0,246.0,True,1770.378,"[2064, 2064, 2064, 2048, 2048, 2048, 2048, 2048]","[2049, 2049, 2049, 2049, 2049, 2049, 2049, 2048]","[2048, 2048, 2048, 2049, 2048, 2048, 2048, 2052]",
1292,11353,22,3,2026-08-23T13:07:27.295000+00:00,,28.857,,236.0,217.0,True,1770.008,"[2064, 2064, 2064, 2048, 2048, 2048, 2048, 2048]","[2048, 2049, 2048, 2049, 2049, 2049, 2049, 2048]","[2048, 2048, 2048, 2049, 2048, 2048, 2048, 2052]",
1292,11353,27,3,2026-08-23T13:07:29.014000+00:00,,29.251,,260.0,229.0,True,1767.216,"[2064, 2064, 2064, 2048, 2048, 2048, 2048, 2048]","[2048, 2049, 2049, 2049, 2049, 2049, 2049, 2048]","[2048, 2048, 2048, 2049, 2048, 2048, 2048, 2048]",
1292,11353,31,3,2026-08-23T13:07:32.107000+00:00,,30.244,,263.0,211.0,True,1768.996,"[2064, 2064, 2064, 2048, 2048, 2048, 2048, 2048]","[2049, 2049, 2049, 2049, 2049, 2049, 2049, 2048]","[2049, 2049, 2048, 2049, 2048, 2048, 2048, 2048]",
1292,11353,23,3,2026-08-23T13:07:33.951000+00:00,,29.608,,202.0,238.0,True,1764.482,"[2064, 2064, 2064, 2048, 2048, 2048, 2048, 2048]","[2048, 2048, 2049, 2049, 2049, 2049, 2049, 2048]","[2049, 2049, 2048, 2049, 2048, 2048, 2048, 2048]",
1292,11353,14,3,2026-08-23T13:07:35.548000+00:00,,29.481,,265.0,243.0,True,1769.428,"[2064, 2064, 2064, 2048, 2049, 2048, 2048, 2048]","[2049, 2049, 2049, 2049, 2048, 2048, 2049, 2048]","[2048, 2048, 2048, 2048, 2048, 2048, 2048, 2052]",
1292,11353,87,3,2026-08-23T13:07:40.525000+00:00,,,,265.0,,True,,"[2064, 2064, 2064, 2048, 2048, 2048, 2048, 2048]","[0, 0, 0, 0, 0, 0, 0, 0]","[0, 0, 0, 0, 0, 0, 0, 0]",
1292,11353,18,3,2026-08-23T13:07:42.670000+00:00,,29.372,90.88,269.0,236.0,True,1768.284,"[2064, 2064, 2064, 2048, 2048, 2049, 2048, 2048]","[2049, 2049, 2049, 2049, 2049, 2048, 2049, 2048]","[2048, 2049, 2049, 2051, 2048, 2048, 2048, 2048]",
1292,11353,5,3,2026-08-23T13:07:45.065000+00:00,,34.095,,264.0,196.0,True,1762.916,"[2064, 2064, 2064, 2048, 2048, 2049, 2049, 2048]","[2049, 2049, 2049, 2049, 2049, 2048, 2049, 2048]","[2048, 2048, 2048, 2048, 2048, 2048, 2048, 2048]",
1292,11353,55,3,2026-08-23T13:07:47.167000+00:00,,29.242,90.386,246.0,236.0,True,1765.094,"[2064, 2064, 2064, 2048, 2049, 2049, 2048, 2048]","[2048, 2049, 2049, 2049, 2049, 2049, 2049, 2048]","[2049, 2049, 2049, 2049, 2048, 2048, 2048, 2048]",
1292,11353,11,3,2026-08-23T13:07:51.307000+00:00,,31.25,93.763,260.0,157.0,True,1769.124,"[2064, 2064, 2064, 2048, 2048, 2048, 2048, 2048]","[2048, 2048, 2048, 2048, 2049, 2048, 2049, 2048]","[2048, 2048, 2048, 2049, 2048, 2048, 2048, 2048]",
1292,11353,77,3,2026-08-23T13:07:58.733000+00:00,,31.352,85.798,257.0,158.0,True,1753.154,"[2064, 2064, 2064, 2048, 2048, 2049, 2048, 2049]","[2049, 2049, 2049, 2049, 2049, 2049, 2049, 2048]","[2048, 2049, 2048, 2049, 2048, 2048, 2048, 2048]",
1292,11353,3,1,2026-08-23T13:33:00.088000+00:00,,28.317,,286.0,283.0,False,,"[2048, 2049, 2049, 2049, 2049, 2049, 2049, 2049]","[2049, 2049, 2049, 2049, 2049, 2049, 2049, 2049]","[2049, 2049, 2049, 2049, 2049, 2052, 0, 0]",184.0
1292,11353,1,4,2026-08-23T13:35:18.052000+00:00,,28.34,58.131,246.0,176.0,False,198.679,"[2048, 2048, 2048, 2048, 2048, 2048, 2048, 2048]","[2048, 2048, 2048, 2051, 2048, 2049, 2048, 2048]","[2048, 2048, 2048, 2048, 2048, 2048, 2048, 0]",112.0
1292,11353,12,4,2026-08-23T13:35:21.453000+00:00,,28.874,56.249,243.0,249.0,False,198.023,"[2048, 2048, 2048, 2048, 2048, 2048, 2048, 2048]","[2048, 2048, 2048, 2048, 2048, 2048, 2048, 2048]","[2048, 2048, 2048, 2051, 2048, 2048, 2048, 2048]",154.0
1292,11353,63,4,2026-08-23T13:35:23.531000+00:00,,28.967,57.762,242.0,246.0,False,199.3,"[2048, 2048, 2048, 2048, 2048, 2048, 2048, 2048]","[2048, 2048, 2048, 2049, 2048, 2048, 2048, 2048]","[2048, 2048, 2048, 2048, 2048, 2048, 2048, 2048]",147.0
1292,11353,16,4,2026-08-23T13:35:26.571000+00:00,,29.127,58.846,264.0,221.0,False,199.647,"[2048, 2048, 2048, 2048, 2048, 2048, 2048, 2048]","[2048, 2048, 2048, 2048, 2048, 2048, 2048, 2048]","[2048, 2048, 2048, 2048, 2048, 2048, 2048, 2048]",127.0
1292,11353,81,4,2026-08-23T13:35:28.554000+00:00,,29.255,58.193,254.0,250.0,False,199.178,"[2048, 2048, 2048, 2048, 2048, 2048, 2048, 2048]","[2048, 2048, 2049, 2049, 2048, 2048, 2048, 2048]","[2048, 2048, 2048, 2048, 2048, 2048, 2048, 2048]",148.0
1292,11353,44,4,2026-08-23T13:35:31.551000+00:00,,29.922,53.42,245.0,223.0,False,199.032,"[2048, 2048, 2048, 2048, 2048, 2048, 2048, 2048]","[2048, 2048, 2048, 2048, 2048, 2048, 2049, 2048]","[2048, 2048, 2048, 2048, 2048, 2048, 2048, 2048]",104.0
1292,11353,30,4,2026-08-23T13:36:31.052000+00:00,57.466,31.97,92.535,241.0,190.0,False,181.971,"[2048, 2048, 2048, 2048, 2048, 2048, 2048, 2048]","[2048, 2049, 2048, 2048, 2048, 2048, 2048, 2048]","[2048, 2049, 2048, 2048, 2048, 2048, 2048, 2048]",111.0
1292,11353,10,4,2026-08-23T13:36:52.348000+00:00,42.68,29.297,98.678,237.0,227.0,False,170.655,"[2048, 2048, 2048, 2048, 2048, 2048, 2048, 2048]","[2048, 2049, 2049, 2049, 2048, 2049, 2048, 2048]","[2048, 2048, 2048, 2048, 2048, 2048, 2048, 0]",153.0
1292,11353,43,4,2026-08-23T13:36:53.865000+00:00,41.472,30.593,97.193,249.0,248.0,False,169.258,"[2048, 2048, 2048, 2048, 2049, 2049, 2048, 2048]","[2048, 2048, 2049, 2048, 2048, 2048, 2049, 2048]","[2048, 2048, 2048, 2048, 2048, 2048, 2048, 0]",147.0
1292,11353,27,4,2026-08-23T13:36:56.317000+00:00,41.842,32.01,93.872,212.0,227.0,False,167.724,"[2048, 2048, 2048, 2048, 2048, 2049, 2048, 2048]","[2048, 2048, 2048, 2048, 2048, 2048, 2048, 2048]","[2048, 2048, 2048, 2049, 2048, 2048, 2048, 0]",142.0
1292,11353,22,4,2026-08-23T13:36:57.332000+00:00,40.5,30.879,95.086,237.0,190.0,False,166.465,"[2048, 2048, 2048, 2048, 2049, 2049, 2048, 2048]","[2048, 2048, 2049, 2048, 2048, 2048, 2048, 2048]","[2048, 2048, 2048, 2048, 2048, 2048, 2048, 0]",154.0
1292,11353,23,4,2026-08-23T13:36:58.543000+00:00,43.587,29.07,93.043,241.0,216.0,False,165.7,"[2048, 2048, 2048, 2048, 2048, 2048, 2048, 2048]","[2048, 2049, 2049, 2049, 2049, 2048, 2048, 2048]","[2048, 2048, 2048, 2049, 2048, 2048, 2048, 0]",118.0
1292,11353,31,4,2026-08-23T13:37:01.111000+00:00,41.477,30.56,91.399,268.0,201.0,False,163.436,"[2048, 2048, 2048, 2048, 2049, 2049, 2048, 2048]","[2049, 2048, 2049, 2049, 2048, 2048, 2048, 2048]","[2048, 2048, 2048, 2049, 2048, 2048, 2048, 0]",111.0
1292,11353,14,4,2026-08-23T13:37:04.918000+00:00,42.836,30.369,86.761,266.0,224.0,False,159.966,"[2048, 2048, 2048, 2048, 2049, 2049, 2048, 2048]","[2048, 2048, 2048, 2048, 2048, 2048, 2049, 2048]","[2049, 2048, 2048, 2048, 2048, 2048, 2048, 2048]",136.0
1292,11353,5,4,2026-08-23T13:37:07.980000+00:00,41.64,30.258,85.427,259.0,193.0,False,157.325,"[2048, 2048, 2048, 2048, 2048, 2049, 2049, 2048]","[2048, 2049, 2049, 2048, 2048, 2048, 2048, 2048]","[2048, 2048, 2048, 2048, 2048, 2048, 0, 2048]",163.0
1292,11353,18,4,2026-08-23T13:37:10.949000+00:00,41.2,29.274,84.1,267.0,231.0,False,154.574,"[2048, 2048, 2048, 2048, 2049, 2048, 2048, 2048]","[2048, 2048, 2048, 2048, 2049, 2048, 2049, 2048]","[2048, 2048, 2048, 2048, 2048, 2048, 0, 2048]",134.0
1292,11353,77,4,2026-08-23T13:37:11.543000+00:00,44.168,30.644,79.327,255.0,171.0,False,154.139,"[2048, 2048, 2048, 2049, 2049, 2049, 2048, 2049]","[2048, 2049, 2049, 2049, 2048, 2048, 2049, 2048]","[2048, 2048, 2048, 2048, 2048, 2048, 0, 2048]",96.0
1292,11353,55,4,2026-08-23T13:37:12.325000+00:00,41.986,29.529,81.63,275.0,240.0,False,153.145,"[2048, 2048, 2048, 2049, 2049, 2048, 2048, 2048]","[2049, 2049, 2048, 2048, 2048, 2048, 2048, 2048]","[2048, 2048, 2048, 2048, 2048, 2048, 0, 2048]",133.0
1292,11353,11,4,2026-08-23T13:37:20.493000+00:00,37.405,29.441,78.624,272.0,190.0,False,145.47,"[2048, 2048, 2048, 2048, 2049, 2049, 2048, 2048]","[2048, 2048, 2048, 2048, 2049, 2048, 2049, 2048]","[2048, 2048, 2048, 2048, 2048, 2048, None, 2048]",131.0
1292,11353,1,5,2026-08-23T13:38:36.692000+00:00,95.385,27.429,23.12,266.0,269.0,False,145.934,"[2052, 2048, 2048, 2048, 2048, 2048, 2049, 2048]","[2048, 2048, 2048, 2048, 2048, 2048, 2048, 2048]","[2051, 2049, 2049, 2051, 2051, 2051, 2049, 2049]",212.0
1292,11353,12,5,2026-08-23T13:38:39.457000+00:00,91.889,27.352,23.01,260.0,259.0,False,142.251,"[2052, 2048, 2048, 2048, 2051, 2049, 2048, 2048]","[2048, 2049, 2051, 2051, 2049, 2048, 2048, 2048]","[2049, 2051, 2051, 2049, 2049, 2049, 2051, 0]",215.0
1292,11353,63,5,2026-08-23T13:38:43.034000+00:00,89.781,28.59,23.438,264.0,265.0,False,141.809,"[None, None, 2048, 2048, 2048, 2048, 2048, 2048]","[2048, 2048, 2048, 2048, 2048, 2048, 2048, 2048]","[2048, 2048, 2049, 2049, 2049, 2051, 2051, 2051]",220.0
1292,11353,16,5,2026-08-23T13:38:46.259000+00:00,86.625,28.593,23.616,283.0,282.0,False,138.834,"[None, None, 2048, 2048, 2048, 2048, 2048, 2049]","[2048, 2048, 2048, 2048, 2048, 2049, 2048, 2048]","[2048, 2048, 2049, 2049, 2049, 2049, 2049, 2051]",218.0
1292,11353,81,5,2026-08-23T13:38:47.613000+00:00,85.116,27.978,23.571,283.0,262.0,False,136.665,"[None, None, 2048, 2048, 2048, 2048, 2049, 2048]","[2048, 2048, 2048, 2048, 2049, 2049, 2049, 2048]","[2049, 2049, 2049, 2049, 2049, 2049, 2049, 0]",218.0
1292,11353,44,5,2026-08-23T13:38:50.588000+00:00,82.487,28.673,23.789,284.0,282.0,False,134.949,"[None, None, 2048, 2048, 2048, 2049, 2049, 2049]","[2048, 2048, 2048, 2048, 2048, 2048, 2048, 2049]","[2048, 2049, 2049, 2049, 2049, 2049, 2049, 0]",219.0
1292,11353,30,5,2026-08-23T13:39:32.987000+00:00,40.858,28.869,23.925,281.0,276.0,False,93.652,"[None, None, 2048, 2049, 2048, 2048, 2049, 2049]","[2048, 2048, 2049, 2048, 2048, 2049, 2048, 2048]","[2049, 2049, 2049, 2049, 2049, 2049, 2049, 2049]",229.0
1292,11353,41,4,2026-08-23T13:39:42.445000+00:00,31.802,28.998,,284.0,,False,,"[2048, 2048, 2048, 2048, 2048, 2048, 2049, 2049]","[2049, 2048, 2048, 2048, 2048, 2048, 2048, 2048]",[2049],223.0
1292,11353,10,5,2026-08-23T13:39:42.821000+00:00,31.494,28.986,23.878,288.0,285.0,False,84.358,"[None, 2048, 2048, 2048, 2048, 2049, 2048, 2049]","[2048, 2048, 2048, 2049, 2048, 2048, 2048, 2048]","[2049, 2049, 2049, 2049, 2049, 2049, 2049]",212.0
1292,11353,43,5,2026-08-23T13:39:43.145000+00:00,31.349,29.27,24.158,282.0,272.0,False,84.777,"[None, 2048, 2048, 2048, 2048, 2049, 2049, 2048]","[2049, 2048, 2048, 2048, 2048, 2048, 2048, 2049]","[2049, 2048, 2049, 2049, 2049, 2051, 2051, 2051]",210.0
1292,11353,22,5,2026-08-23T13:39:43.646000+00:00,31.415,29.226,24.012,290.0,282.0,False,84.653,"[None, 2048, 2048, 2048, 2048, 2048, 2048, 2049]","[2049, 2048, 2048, 2048, 2048, 2048, 2048, 2048]","[2049, 2049, 2049, 2049, 2051, 2049, 2049, 2049]",228.0
1292,11353,27,5,2026-08-23T13:39:44.128000+00:00,30.7,28.909,24.037,273.0,285.0,False,83.646,"[None, 2048, 2048, 2048, 2048, 2048, 2049, 2049]","[2049, 2049, 2049, 2048, 2048, 2049, 2048, 2049]","[2049, 2049, 2049, 2049, 2049, 2049, 2049]",217.0
1292,11353,23,5,2026-08-23T13:39:44.224000+00:00,31.194,29.384,24.361,281.0,290.0,False,84.939,"[None, 2048, 2048, 2048, 2048, 2048, 2048, 2049]","[2049, 2048, 2048, 2048, 2048, 2048, 2048, 2048]","[2049, 2048, 2049, 2049, 2049, 2049, 2049, 2049]",205.0
1292,11353,31,5,2026-08-23T13:39:44.771000+00:00,31.094,29.646,24.554,270.0,287.0,False,85.294,"[None, 2048, 2048, 2048, 2048, 2048, 2048, 2048]","[2049, 2049, 2049, 2048, 2048, 2048, 2048, 2049]","[2049, 2048, 2049, 2049, 2049, 2049, 2049, 2049]",206.0
1292,11353,14,5,2026-08-23T13:39:44.930000+00:00,30.822,29.134,24.816,262.0,291.0,False,84.772,"[None, 2048, 2049, 2048, 2048, 2048, 2048, 2048]","[2049, 2048, 2048, 2048, 2049, 2049, 2048, 2049]","[2049, 2048, 2049, 2049, 2049, 2049, 2049, 2049]",227.0
1292,11353,5,5,2026-08-23T13:39:45.388000+00:00,30.582,29.926,24.373,264.0,275.0,False,84.881,"[None, 2048, 2048, 2049, 2048, 2048, 2048, 2048]","[2048, 2048, 2048, 2048, 2048, 2048, 2048, 2049]","[2049, 2048, 2049, 2049, 2049, 2049, 2049, 2049]",224.0
1292,11353,55,5,2026-08-23T13:39:45.388000+00:00,30.935,29.863,25.122,269.0,290.0,False,85.92,"[None, 2048, 2048, 2049, 2048, 2048, 2049, 2049]","[2048, 2048, 2048, 2048, 2048, 2048, 2048, 2051]","[2049, 2048, 2049, 2049, 2049, 2049, 2049, 2049]",210.0
1292,11353,18,5,2026-08-23T13:39:45.598000+00:00,30.468,30.195,24.538,281.0,281.0,False,85.201,"[None, 2048, 2048, 2048, 2048, 2049, 2048, 2048]","[2048, 2048, 2048, 2048, 2048, 2048, 2048, 2049]","[2049, 2049, 2049, 2049, 2049, 2049, 2049, 2049]",215.0
1292,11353,77,5,2026-08-23T13:39:45.753000+00:00,31.032,30.127,24.801,266.0,283.0,False,85.96,"[None, 2048, 2048, 2048, 2048, 2048, 2049, 2049]","[2049, 2048, 2048, 2048, 2048, 2048, 2048, 2048]","[2049, 2049, 2049, 2049, 2049, 2049, 2049, 2049]",213.0
1292,11353,11,5,2026-08-23T13:39:46.051000+00:00,31.034,30.425,24.631,269.0,268.0,False,86.09,"[None, 2048, 2048, 2048, 2048, 2048, 2048, 2048]","[2048, 2048, 2048, 2048, 2048, 2048, 2048, 2048]","[2048, 2048, 2049, 2049, 2049, 2049, 2049, 2049]",216.0
1292,11353,41,5,2026-08-23T13:40:37.719000+00:00,,,26.535,,281.0,False,87.335,,,"[None, 2049, 2049, 2049, 2049, 2049, 2064, 2064]",
1292,11353,12,6,2026-08-23T13:41:01.645000+00:00,26.349,27.544,23.089,271.0,271.0,False,76.982,"[2048, 2049, 2049, 2049, 2048, 2049, 2049, 2048]","[2048, 2049, 2048, 2048, 2048, 2048, 2048, 2048]","[2051, 2048, 2048, 2049, 2049, 2049, 2049]",300.0
1292,11353,1,6,2026-08-23T13:41:02.648000+00:00,26.295,27.442,23.13,277.0,276.0,False,76.867,"[2048, 2049, 2051, 2049, 2049, 2051, 2051, 2048]","[2048, 2048, 2048, 2048, 2048, 2048, 2051, 2048]","[2049, 2048, 2051, 2048, 2049, 2049, 2049, 2049]",301.0
1292,11353,81,6,2026-08-23T13:41:04.228000+00:00,26.745,27.71,23.391,265.0,267.0,False,77.846,"[None, 2049, 2049, 2049, 2049, 2049, 2049, 2048]","[2048, 2049, 2049, 2049, 2049, 2048, 2048, 2048]","[2049, 2048, 2049, 2049, 2048, 2049, 2049, 2049]",301.0
1292,11353,63,6,2026-08-23T13:41:04.771000+00:00,26.774,27.981,23.203,285.0,266.0,False,77.958,"[2049, 2049, 2048, 2048, 2049, 2048, 2048, 2049]","[2048, 2048, 2049, 2049, 2048, 2048, 2048, 2048]","[2049, 2049, 2048, 2049, 2049, 2049, 2051]",282.0
1292,11353,16,6,2026-08-23T13:41:05.093000+00:00,26.6,28.22,23.396,289.0,268.0,False,78.216,"[2049, 2049, 2049, 2049, 2049, 2049, 2049, 2049]","[2048, 2048, 2049, 2049, 2048, 2048, 2048, 2048]","[2049, 2048, 2048, 2049, 2048, 2048, 2049, 2049]",300.0
1292,11353,44,6,2026-08-23T13:41:05.463000+00:00,26.79,28.153,23.282,278.0,270.0,False,78.225,"[2049, 2049, 2049, 2049, 2049, 2049, 2049, 2048]","[2048, 2048, 2049, 2048, 2048, 2048, 2048, 2048]","[2049, 2049, 2048, 2049, 2049, 2049, 2051, 2049]",299.0
1292,11353,30,6,2026-08-23T13:41:06.360000+00:00,26.918,28.239,23.49,280.0,274.0,False,78.647,"[None, 2049, 2049, 2049, 2049, 2049, 2049, 2048]","[2048, 2049, 2048, 2049, 2049, 2049, 2048, 2048]","[2049, 2049, 2049, 2049, 2048, 2049, 2049, 2049]",290.0
1292,11353,10,6,2026-08-23T13:41:07.093000+00:00,27.041,28.129,23.508,275.0,278.0,False,78.678,"[2049, 2049, 2049, 2049, 2049, 2049, 2049, 2048]","[2049, 2049, 2049, 2049, 2049, 2049, 2048, 2048]","[2049, 2049, 2048, 2049, 2048, 2048, 2051, 2051]",292.0
1292,11353,27,6,2026-08-23T13:41:07.701000+00:00,26.929,28.341,23.561,276.0,278.0,False,78.831,"[2049, 2049, 2049, 2049, 2049, 2049, 2049, 2049]","[2049, 2048, 2049, 2049, 2048, 2048, 2048, 2048]","[2049, 2049, 2049, 2049, 2048, 2049, 2049, 2049]",283.0
1292,11353,43,6,2026-08-23T13:41:08.023000+00:00,27.314,28.359,23.551,284.0,283.0,False,79.224,"[2049, 2049, 2049, 2049, 2049, 2049, 2049, 2049]","[2049, 2049, 2048, 2049, 2048, 2048, 2048, 2048]","[2049, 2049, 2049, 2049, 2049, 2051, 2051, 2051]",277.0
1292,11353,22,6,2026-08-23T13:41:08.427000+00:00,27.045,28.831,23.773,289.0,266.0,False,79.649,"[2049, 2049, 2048, 2049, 2049, 2049, 2049, 2051]","[2048, 2048, 2049, 2048, 2048, 2048, 2048, 2048]","[2049, 2049, 2048, 2049, 2048, 2048, 2048, 2048]",277.0
1292,11353,23,6,2026-08-23T13:41:09.134000+00:00,27.23,28.548,23.918,280.0,274.0,False,79.696,"[2049, 2049, 2049, 2049, 2049, 2049, 2049, 2049]","[2049, 2049, 2049, 2049, 2048, 2049, 2048, 2049]","[2049, 2049, 2049, 2049, 2049, 2048, 2048, 2048]",290.0
1292,11353,41,6,2026-08-23T13:41:09.429000+00:00,38.029,28.117,23.626,271.0,285.0,True,89.772,"[2064, 2064, 2064, 2048, 2048, 2048, 2048, 2048]","[2049, 2048, 2048, 2048, 2048, 2048, 2048, 2048]","[2049, 2049, 2048, 2049, 2049, 2049, 2049, 2049]",
1292,11353,14,6,2026-08-23T13:41:09.736000+00:00,27.711,28.856,24.088,278.0,268.0,False,80.655,"[2049, 2049, 2049, 2049, 2048, 2048, 2049, 2049]","[2048, 2048, 2049, 2049, 2048, 2048, 2048, 2048]","[2049, 2049, 2049, 2049, 2049, 2048, 2048, 2048]",294.0
1292,11353,31,6,2026-08-23T13:41:09.894000+00:00,27.272,28.649,23.736,273.0,266.0,False,79.657,"[2049, 2051, 2049, 2051, 2049, 2049, 2049, 2049]","[2049, 2049, 2049, 2049, 2048, 2048, 2049, 2048]","[2049, 2049, 2049, 2049, 2048, 2048, 2048, 2048]",297.0
1292,11353,5,6,2026-08-23T13:41:10.211000+00:00,27.485,28.968,23.82,282.0,278.0,False,80.273,"[2049, 2049, 2049, 2049, 2049, 2049, 2049, 2049]","[2049, 2048, 2048, 2048, 2048, 2049, 2048, 2048]","[2049, 2049, 2049, 2049, 2049, 2051, 2049]",272.0
1292,11353,18,6,2026-08-23T13:41:10.760000+00:00,27.446,28.936,24.121,276.0,273.0,False,80.503,"[2049, 2049, 2048, 2049, 2049, 2049, 2049, 2049]","[2049, 2048, 2048, 2048, 2048, 2048, 2049, 2048]","[2049, 2049, 2048, 2049, 2049, 2049, 2049, 2049]",272.0
1292,11353,55,6,2026-08-23T13:41:11.354000+00:00,27.653,28.992,23.803,283.0,279.0,False,80.448,"[2049, 2048, 2049, 2049, 2049, 2049, 2049, 2049]","[2049, 2048, 2048, 2048, 2048, 2048, 2049, 2048]","[2049, 2049, 2049, 2049, 2049, 2049, 2049, 2049]",261.0
1292,11353,77,6,2026-08-23T13:41:11.674000+00:00,27.77,29.034,23.982,285.0,277.0,False,80.786,"[2049, 2049, 2049, 2049, 2049, 2049, 2049, 2049]","[2049, 2048, 2049, 2048, 2048, 2048, 2048, 2048]","[2049, 2049, 2049, 2049, 2049, 2049, 2049, 2049]",252.0
1292,11353,11,6,2026-08-23T13:41:12.059000+00:00,27.908,29.043,24.067,283.0,266.0,False,81.018,"[2049, 2049, 2049, 2049, 2049, 2049, 2049, 2048]","[2048, 2048, 2048, 2049, 2048, 2048, 2049, 2048]","[2049, 2049, 2049, 2049, 2049, 2048, 2049, 2049]",261.0
1292,11353,12,7,2026-08-23T13:42:18.770000+00:00,26.282,27.411,22.988,272.0,271.0,False,76.681,"[None, 2049, 2048, 2049, 2048, 2049, 2049, 2048]","[2048, 2049, 2048, 2048, 2048, 2048, 2048, 2048]","[2051, 2048, 2048, 2051, 2049, 2049, 2049, 2049]",304.0
1292,11353,1,7,2026-08-23T13:42:19.485000+00:00,26.209,27.466,23.218,286.0,279.0,False,76.893,"[2049, 2049, 2049, 2051, 2048, 2051, 2048, 2049]","[2048, 2048, 2048, 2048, 2048, 2048, 2048, 2048]","[2049, 2048, 2048, 2048, 2049, 2049, 2049, 2049]",300.0
1292,11353,81,7,2026-08-23T13:42:22.211000+00:00,26.384,27.567,23.054,272.0,271.0,False,77.005,"[None, 2049, 2051, 2049, 2049, 2049, 2049, 2048]","[2048, 2049, 2048, 2049, 2048, 2048, 2048, 2048]","[2049, 2049, 2049, 2049, 2051, 2049, 2048, 2048]",297.0
1292,11353,63,7,2026-08-23T13:42:22.653000+00:00,26.498,27.877,23.169,278.0,275.0,False,77.544,"[None, 2049, 2048, 2048, 2049, 2049, 2049, 2048]","[2048, 2049, 2048, 2049, 2048, 2048, 2048, 2048]","[2049, 2048, 2048, 2049, 2049, 2048, 2048, 2048]",289.0
1292,11353,16,7,2026-08-23T13:42:23.316000+00:00,26.553,27.833,23.015,272.0,267.0,False,77.401,"[2049, 2049, 2049, 2049, 2049, 2049, 2049, 2048]","[2048, 2049, 2049, 2049, 2048, 2048, 2048, 2048]","[2048, 2049, 2048, 2049, 2049, 2049, 2049, 2049]",302.0
1292,11353,44,7,2026-08-23T13:42:23.809000+00:00,26.578,27.966,23.252,277.0,270.0,False,77.796,"[None, 2049, 2049, 2049, 2049, 2049, 2049, 2048]","[2048, 2048, 2049, 2049, 2048, 2048, 2049, 2048]","[2049, 2048, 2048, 2049, 2049, 2048, 2048, 2048]",301.0
1292,11353,30,7,2026-08-23T13:42:25.143000+00:00,26.604,28.103,23.381,281.0,273.0,False,78.088,"[2049, 2049, 2049, 2048, 2049, 2049, 2048, 2049]","[2048, 2049, 2048, 2048, 2049, 2048, 2049, 2048]","[2048, 2049, 2048, 2049, 2049, 2048, 2048, 2049]",291.0
1292,11353,10,7,2026-08-23T13:42:25.880000+00:00,26.889,28.179,23.468,277.0,276.0,False,78.536,"[2049, 2049, 2048, 2049, 2049, 2049, 2048, 2048]","[2049, 2048, 2049, 2049, 2049, 2048, 2048, 2048]","[2049, 2048, 2048, 2049, 2049, 2048, 2048, 2048]",296.0
1292,11353,27,7,2026-08-23T13:42:26.473000+00:00,26.874,28.287,23.637,277.0,280.0,False,78.798,"[2048, 2049, 2048, 2048, 2048, 2049, 2049, 2049]","[2049, 2049, 2049, 2049, 2049, 2048, 2048, 2048]","[2049, 2048, 2048, 2049, 2049, 2048, 2048, 2048]",298.0
1292,11353,43,7,2026-08-23T13:42:27.293000+00:00,27.015,28.471,23.677,278.0,276.0,False,79.163,"[2049, 2049, 2048, 2048, 2049, 2049, 2049, 2048]","[2048, 2048, 2049, 2049, 2048, 2048, 2048, 2048]","[2048, 2049, 2048, 2048, 2048, 2048, 2048, 2048]",295.0
1292,11353,22,7,2026-08-23T13:42:28.070000+00:00,26.819,28.651,23.438,276.0,277.0,False,78.908,"[2048, 2049, 2049, 2048, 2049, 2049, 2048, 2048]","[2048, 2049, 2048, 2049, 2048, 2048, 2048, 2048]","[2049, 2048, 2049, 2049, 2051, 2051, 2049, 2049]",294.0
1292,11353,23,7,2026-08-23T13:42:28.851000+00:00,26.951,28.577,23.563,284.0,280.0,False,79.091,"[2048, 2048, 2049, 2049, 2049, 2049, 2049, 2049]","[2049, 2049, 2048, 2048, 2048, 2049, 2048, 2048]","[2049, 2049, 2049, 2049, 2049, 2049, 2049, 2049]",296.0
1292,11353,31,7,2026-08-23T13:42:29.398000+00:00,26.966,28.763,23.472,274.0,266.0,False,79.201,"[None, 2048, 2049, 2048, 2049, 2049, 2049, 2049]","[2049, 2049, 2049, 2048, 2048, 2048, 2048, 2048]","[2049, 2049, 2049, 2049, 2049, 2048, 2048, 2048]",291.0
1292,11353,14,7,2026-08-23T13:42:30.294000+00:00,27.498,28.566,23.78,271.0,268.0,False,79.844,"[2048, 2048, 2048, 2049, 2049, 2049, 2049, 2048]","[2048, 2048, 2049, 2049, 2049, 2049, 2048, 2048]","[2049, 2049, 2049, 2049, 2049, 2049, 2049, 2049]",273.0
1292,11353,5,7,2026-08-23T13:42:30.344000+00:00,26.932,28.303,23.535,275.0,278.0,False,78.77,"[None, 2049, 2048, 2049, 2049, 2049, 2049, 2048]","[2048, 2049, 2049, 2049, 2048, 2049, 2048, 2048]","[2049, 2049, 2049, 2049, 2049, 2048, 2048]",283.0
1292,11353,18,7,2026-08-23T13:42:31.174000+00:00,27.071,28.643,23.929,274.0,269.0,False,79.643,"[None, 2049, 2049, 2049, 2049, 2049, 2049, 2048]","[2048, 2048, 2048, 2049, 2048, 2049, 2048, 2048]","[2049, 2048, 2049, 2049, 2048, 2049, 2049, 2049]",284.0
1292,11353,55,7,2026-08-23T13:42:31.893000+00:00,27.421,28.746,23.894,289.0,280.0,False,80.061,"[None, 2049, 2049, 2049, 2049, 2049, 2049, 2049]","[2049, 2048, 2048, 2048, 2048, 2048, 2048, 2048]","[2049, 2049, 2048, 2048, 2048, 2048, 2048]",282.0
1292,11353,77,7,2026-08-23T13:42:32.533000+00:00,27.507,28.922,23.664,280.0,272.0,False,80.093,"[None, 2049, 2049, 2049, 2049, 2048, 2048, 2048]","[2048, 2049, 2048, 2049, 2048, 2048, 2049, 2048]","[2049, 2049, 2049, 2049, 2049, 2049, 2048]",274.0
1292,11353,11,7,2026-08-23T13:42:33.048000+00:00,27.292,29.108,23.825,277.0,267.0,False,80.225,"[None, 2049, 2049, 2049, 2049, 2049, 2049, 2048]","[2048, 2048, 2048, 2048, 2048, 2048, 2049, 2048]","[2049, 2049, 2049, 2049, 2049, 2048, 2048, 2048]",270.0
1292,11353,41,7,2026-08-23T13:42:39.272000+00:00,26.958,28.079,23.407,270.0,270.0,False,78.444,"[2049, 2049, 2049, 2049, 2049, 2049, 2049, 2048]","[2048, 2049, 2048, 2048, 2048, 2048, 2048, 2048]","[2049, 2049, 2048, 2049, 2049, 2049, 2049, 2049]",300.0
1292,11353,12,8,2026-08-23T13:43:35.394000+00:00,26.25,27.606,22.947,273.0,271.0,False,76.803,"[None, 2048, 2049, 2049, 2048, 2048, 2049, 2048]","[2048, 2048, 2048, 2048, 2048, 2048, 2048, 2048]","[2048, 2048, 2048, 2051, 2049, 2049, 2049, 2049]",302.0
1292,11353,1,8,2026-08-23T13:43:36.389000+00:00,25.922,27.712,23.113,285.0,279.0,False,76.747,"[None, 2051, 2051, 2051, 2049, 2049, 2051, 2049]","[2048, 2048, 2048, 2048, 2048, 2048, 2048, 2048]","[2049, 2048, 2048, 2048, 2048, 2049, 2049, 2049]",307.0
1292,11353,81,8,2026-08-23T13:43:39.165000+00:00,26.214,27.608,23.208,279.0,274.0,False,77.03,"[None, 2049, 2049, 2049, 2049, 2049, 2048, 2048]","[2048, 2049, 2049, 2048, 2048, 2049, 2048, 2048]","[2048, 2048, 2048, 2048, 2048, 2049, 2048, 2048]",301.0
1292,11353,63,8,2026-08-23T13:43:40.172000+00:00,26.277,27.94,23.097,277.0,271.0,False,77.314,"[2048, 2049, 2049, 2048, 2049, 2051, 2049, 2048]","[2048, 2048, 2048, 2048, 2048, 2048, 2048, 2048]","[2049, 2048, 2048, 2049, 2048, 2048, 2048, 2048]",299.0
1292,11353,16,8,2026-08-23T13:43:40.684000+00:00,26.569,27.806,22.917,270.0,268.0,False,77.292,"[2051, 2048, 2048, 2048, 2049, 2049, 2048, 2048]","[2048, 2049, 2049, 2048, 2048, 2048, 2048, 2048]","[2049, 2049, 2048, 2049, 2048, 2049, 2049, 2049]",295.0
1292,11353,44,8,2026-08-23T13:43:41.554000+00:00,26.38,27.858,23.09,276.0,273.0,False,77.328,"[2048, 2048, 2049, 2049, 2049, 2049, 2049, 2048]","[2048, 2048, 2049, 2049, 2049, 2048, 2048, 2048]","[2049, 2049, 2048, 2049, 2049, 2048, 2048, 2048]",304.0
1292,11353,30,8,2026-08-23T13:43:43.115000+00:00,26.414,28.063,23.284,284.0,273.0,False,77.761,"[2048, 2049, 2049, 2048, 2049, 2049, 2049, 2049]","[2048, 2048, 2049, 2048, 2048, 2049, 2048, 2048]","[2049, 2048, 2048, 2049, 2049, 2049, 2048, 2049]",295.0
1292,11353,10,8,2026-08-23T13:43:44.338000+00:00,26.819,28.091,23.438,286.0,279.0,False,78.348,"[2048, 2048, 2048, 2048, 2048, 2049, 2049, 2049]","[2049, 2049, 2049, 2049, 2048, 2048, 2048, 2048]","[2049, 2048, 2048, 2049, 2049, 2048, 2048, 2048]",294.0
1292,11353,27,8,2026-08-23T13:43:45.343000+00:00,26.987,28.344,23.382,276.0,274.0,False,78.713,"[None, 2048, 2048, 2048, 2048, 2049, 2049, 2048]","[2048, 2048, 2048, 2048, 2048, 2048, 2048, 2048]","[2049, 2048, 2048, 2049, 2049, 2048, 2048, 2048]",
1292,11353,43,8,2026-08-23T13:43:46.435000+00:00,26.896,28.349,26.479,286.0,281.0,False,81.724,"[2048, 2049, 2049, 2048, 2048, 2049, 2048, 2049]","[2049, 2048, 2049, 2048, 2048, 2048, 2048, 2048]","[2049, 2048, 2048, 2048, 2049, 2048, 2064, 2064]",294.0
1292,11353,22,8,2026-08-23T13:43:46.935000+00:00,26.878,28.734,23.428,278.0,274.0,False,79.04,"[2049, 2049, 2048, 2048, 2048, 2048, 2048, 2048]","[2048, 2048, 2048, 2048, 2048, 2048, 2048, 2048]","[2048, 2049, 2048, 2049, 2051, 2048, 2048, 2048]",292.0
1292,11353,23,8,2026-08-23T13:43:47.935000+00:00,26.794,28.769,23.546,,279.0,False,79.109,"[None, 2049, 2049, 2048, 2049, 2048, 2048, 2048]","[2048, 2048, 2048, 2048, 2048, 2048, 2048, 2048]","[2049, 2048, 2048, 2049, 2049, 2049, 2048]",307.0
1292,11353,31,8,2026-08-23T13:43:48.732000+00:00,26.841,28.659,23.524,276.0,272.0,False,79.024,"[2048, 2048, 2049, 2048, 2049, 2049, 2048, 2049]","[2049, 2049, 2049, 2048, 2048, 2048, 2048, 2048]","[2048, 2049, 2048, 2048, 2048, 2048, 2048, 2048]",297.0
1292,11353,5,8,2026-08-23T13:43:49.108000+00:00,26.767,28.715,23.535,270.0,281.0,False,79.017,"[None, 2049, 2048, 2049, 2049, 2049, 2049, 2048]","[2048, 2049, 2048, 2048, 2048, 2048, 2048, 2049]","[2049, 2049, 2048, 2048, 2049, 2048, 2048, 2048]",298.0
1292,11353,14,8,2026-08-23T13:43:50.185000+00:00,26.82,28.593,23.721,270.0,269.0,False,79.134,"[2049, 2048, 2049, 2049, 2049, 2049, 2048, 2048]","[2048, 2049, 2049, 2048, 2048, 2049, 2048, 2048]","[2049, 2048, 2049, 2048, 2049, 2049, 2049, 2049]",300.0
1292,11353,18,8,2026-08-23T13:43:50.888000+00:00,26.974,28.443,23.771,268.0,268.0,False,79.188,"[None, 2049, 2049, 2049, 2049, 2049, 2048, 2048]","[2048, 2049, 2049, 2049, 2048, 2049, 2048, 2048]","[2049, 2048, 2049, 2049, 2049, 2048, 2049, 2049]",295.0
1292,11353,55,8,2026-08-23T13:43:51.982000+00:00,27.107,28.764,23.644,279.0,276.0,False,79.515,"[2048, 2049, 2049, 2049, 2049, 2049, 2049, 2048]","[2048, 2048, 2048, 2048, 2048, 2048, 2048, 2048]","[2049, 2048, 2048, 2049, 2049, 2048, 2048, 2048]",293.0
1292,11353,77,8,2026-08-23T13:43:52.654000+00:00,27.247,28.956,23.699,282.0,265.0,False,79.902,"[2048, 2049, 2048, 2049, 2049, 2049, 2048, 2048]","[2048, 2048, 2049, 2048, 2048, 2048, 2048, 2048]","[2049, 2048, 2049, 2048, 2048, 2048, 2048, 2048]",280.0
1292,11353,11,8,2026-08-23T13:43:53.466000+00:00,27.072,29.065,23.802,282.0,267.0,False,79.939,"[2048, 2049, 2049, 2048, 2049, 2049, 2049, 2048]","[2048, 2048, 2049, 2048, 2048, 2048, 2048, 2048]","[2049, 2048, 2049, 2049, 2049, 2048, 2048, 2048]",268.0
1292,11353,41,8,2026-08-23T13:43:57.747000+00:00,26.897,28.215,23.502,274.0,272.0,False,78.614,"[None, 2049, 2048, 2049, 2048, 2049, 2048, 2048]","[2049, 2048, 2048, 2048, 2048, 2048, 2048, 2048]","[2049, 2048, 2048, 2048, 2048, 2049, 2049, 2049]",299.0
1292,11353,12,9,2026-08-23T13:44:52.198000+00:00,25.963,27.608,22.981,277.0,270.0,False,76.552,"[None, 2049, 2048, 2049, 2051, 2049, 2048, 2048]","[2048, 2049, 2048, 2048, 2048, 2048, 2048, 2048]","[2048, 2048, 2048, 2048, 2049, 2048, 2048, 2048]",309.0
1292,11353,1,9,2026-08-23T13:44:53.096000+00:00,25.905,27.682,23.079,287.0,278.0,False,76.666,"[None, 2048, 2048, 2051, 2049, 2051, 2051, 2049]","[2048, 2048, 2048, 2048, 2048, 2048, 2048, 2048]","[2048, 2048, 2048, 2049, 2049, 2048, 2048, 2048]",306.0
1292,11353,81,9,2026-08-23T13:44:56.166000+00:00,26.288,27.649,23.321,276.0,274.0,False,77.258,"[None, 2048, 2048, 2049, 2048, 2049, 2048, 2048]","[2048, 2048, 2048, 2048, 2048, 2048, 2048, 2048]","[2049, 2048, 2048, 2048, 2048, 2048, 2049, 2048]",303.0
1292,11353,63,9,2026-08-23T13:44:57.496000+00:00,26.033,27.832,23.116,281.0,274.0,False,76.981,"[None, 2049, 2049, 2049, 2049, 2049, 2048, 2048]","[2049, 2049, 2049, 2048, 2048, 2048, 2048, 2048]","[2048, 2049, 2048, 2048, 2048, 2048, 2048, 2048]",308.0
1292,11353,16,9,2026-08-23T13:44:57.994000+00:00,26.374,27.801,22.831,,268.0,False,77.006,"[None, 2049, 2049, 2049, 2048, 2049, 2049, 2048]","[2048, 2049, 2048, 2048, 2048, 2048, 2048, 2048]","[2049, 2048, 2048, 2049, 2051, 2048, 2048, 2048]",307.0
1292,11353,44,9,2026-08-23T13:44:58.845000+00:00,26.295,27.765,22.908,277.0,272.0,False,76.968,"[None, 2048, 2048, 2048, 2049, 2049, 2049, 2048]","[2048, 2049, 2049, 2048, 2048, 2048, 2048, 2048]","[2048, 2049, 2049, 2051, 2049, 2048, 2048, 2048]",292.0
1292,11353,30,9,2026-08-23T13:45:00.931000+00:00,26.274,28.085,23.267,282.0,273.0,False,77.626,"[2049, 2049, 2048, 2048, 2049, 2049, 2049, 2048]","[2048, 2049, 2049, 2048, 2048, 2048, 2048, 2048]","[2049, 2048, 2049, 2048, 2048, 2048, 2048, 2048]",299.0
1292,11353,10,9,2026-08-23T13:45:02.753000+00:00,26.845,28.31,23.57,279.0,273.0,False,78.725,"[None, 2048, 2049, 2048, 2048, 2048, 2048, 2048]","[2048, 2048, 2048, 2048, 2048, 2048, 2048, 2048]","[2049, 2048, 2048, 2049, 2048, 2048, 2048, 2048]",298.0
1292,11353,27,9,2026-08-23T13:45:04.130000+00:00,26.757,28.546,23.229,270.0,272.0,False,78.532,"[None, 2049, 2048, 2048, 2049, 2049, 2049, 2048]","[2048, 2048, 2048, 2048, 2048, 2048, 2048, 2048]","[2049, 2048, 2048, 2049, 2049, 2048, 2048, 2048]",300.0
1292,11353,22,9,2026-08-23T13:45:06.037000+00:00,26.562,28.661,23.378,275.0,274.0,False,78.601,"[2048, 2049, 2049, 2049, 2049, 2049, 2048, 2048]","[2048, 2049, 2048, 2048, 2048, 2048, 2048, 2049]","[2049, 2048, 2048, 2049, 2048, 2048, 2048, 2048]",302.0
1292,11353,23,9,2026-08-23T13:45:06.994000+00:00,26.585,28.723,23.431,,278.0,False,78.739,"[None, 2049, 2048, 2049, 2049, 2049, 2049, 2048]","[2048, 2049, 2049, 2048, 2048, 2048, 2048, 2048]","[2048, 2049, 2049, 2049, 2049, 2048, 2048, 2048]",308.0
1292,11353,31,9,2026-08-23T13:45:07.694000+00:00,26.704,28.701,23.389,278.0,271.0,False,78.794,"[None, 2048, 2049, 2048, 2048, 2049, 2049, 2049]","[2049, 2049, 2049, 2048, 2048, 2048, 2048, 2048]","[2049, 2048, 2049, 2049, 2049, 2048, 2048, 2048]",304.0
1292,11353,43,9,2026-08-23T13:45:08.154000+00:00,37.496,28.436,23.782,273.0,280.0,True,89.714,"[2064, 2064, 2064, 2048, 2048, 2048, 2048, 2048]","[2048, 2048, 2048, 2048, 2048, 2048, 2048, 2048]","[2049, 2048, 2048, 2048, 2048, 2048, 2048, 2048]",
1292,11353,5,9,2026-08-23T13:45:08.237000+00:00,26.553,28.818,23.422,278.0,269.0,False,78.793,"[2048, 2048, 2049, 2049, 2049, 2049, 2049, 2048]","[2048, 2048, 2048, 2048, 2048, 2048, 2048, 2048]","[2048, 2049, 2049, 2049, 2049, 2048, 2048]",287.0
1292,11353,14,9,2026-08-23T13:45:09.323000+00:00,26.768,28.551,23.656,,267.0,False,78.975,"[2048, 2048, 2049, 2049, 2049, 2049, 2049, 2048]","[2048, 2048, 2048, 2048, 2048, 2048, 2048, 2048]","[2049, 2048, 2049, 2049, 2048, 2048, 2048]",296.0
1292,11353,18,9,2026-08-23T13:45:10.123000+00:00,26.771,28.714,23.665,275.0,269.0,False,79.15,"[None, 2048, 2048, 2048, 2049, 2049, 2049, 2048]","[2048, 2048, 2048, 2048, 2048, 2049, 2048, 2048]","[2049, 2049, 2048, 2049, 2048, 2048, 2048, 2048]",290.0
1292,11353,55,9,2026-08-23T13:45:11.443000+00:00,26.912,28.806,23.477,280.0,274.0,False,79.195,"[None, 2049, 2048, 2048, 2049, 2049, 2049, 2048]","[2048, 2048, 2048, 2048, 2048, 2048, 2048, 2048]","[2049, 2049, 2048, 2049, 2048, 2048, 2048, 2048]",308.0
1292,11353,77,9,2026-08-23T13:45:12.521000+00:00,27.068,29.004,23.672,279.0,262.0,False,79.744,"[None, 2049, 2049, 2049, 2049, 2048, 2049, 2048]","[2048, 2049, 2049, 2048, 2048, 2048, 2048, 2048]","[2049, 2048, 2049, 2049, 2048, 2048, 2048, 2048]",286.0
1292,11353,11,9,2026-08-23T13:45:13.314000+00:00,27.126,29.083,23.667,276.0,264.0,False,79.876,"[None, 2049, 2048, 2049, 2049, 2048, 2048, 2048]","[2048, 2048, 2048, 2048, 2048, 2048, 2049, 2048]","[2049, 2048, 2049, 2049, 2048, 2048, 2048, 2048]",276.0
1292,11353,41,9,2026-08-23T13:45:16.329000+00:00,26.826,28.527,23.46,,272.0,False,78.813,"[None, 2049, 2048, 2049, 2048, 2049, 2049, 2048]","[2048, 2048, 2048, 2048, 2048, 2048, 2048, 2048]","[2048, 2048, 2048, 2048, 2048, 2049, 2049]",306.0
1292,11353,12,10,2026-08-23T13:46:08.729000+00:00,26.069,27.742,22.908,276.0,271.0,False,76.719,"[None, 2049, 2048, 2048, 2048, 2048, 2048, 2048]","[2048, 2048, 2048, 2048, 2048, 2048, 2048, 2048]","[2048, 2048, 2048, 2049, 2049, 2049, 2049, 2049]",
1292,11353,1,10,2026-08-23T13:46:09.804000+00:00,25.976,27.796,23.123,289.0,279.0,False,76.895,"[2048, 2048, 2048, 2048, 2048, 2051, 2048, 2051]","[2048, 2048, 2048, 2048, 2048, 2048, 2048, 2048]","[2048, 2048, 2048, 2048, 2049, 2048, 2048, 2048]",300.0
1292,11353,81,10,2026-08-23T13:46:13.374000+00:00,26.045,27.861,23.438,277.0,272.0,False,77.344,"[None, 2049, 2048, 2049, 2049, 2049, 2049, 2048]","[2048, 2048, 2048, 2048, 2048, 2048, 2048, 2048]","[2048, 2048, 2048, 2048, 2048, 2048, 2048, 2048]",307.0
1292,11353,63,10,2026-08-23T13:46:14.446000+00:00,26.125,28.121,23.103,278.0,269.0,False,77.349,"[None, 2049, 2049, 2048, 2048, 2048, 2048, 2048]","[2048, 2049, 2049, 2048, 2048, 2048, 2048, 2048]","[2048, 2048, 2048, 2049, 2049, 2048, 2048, 2048]",312.0
1292,11353,16,10,2026-08-23T13:46:15.002000+00:00,26.274,28.055,22.906,272.0,268.0,False,77.235,"[2048, 2049, 2048, 2049, 2049, 2049, 2048, 2048]","[2048, 2048, 2048, 2048, 2048, 2048, 2048, 2048]","[2048, 2049, 2048, 2048, 2051, 2049, 2049, 2051]",315.0
1292,11353,44,10,2026-08-23T13:46:15.883000+00:00,26.247,28.141,23.111,278.0,268.0,False,77.499,"[None, 2048, 2048, 2048, 2048, 2049, 2048, 2048]","[2048, 2048, 2048, 2048, 2048, 2048, 2048, 2048]","[2048, 2048, 2048, 2048, 2048, 2048, 2048, 2048]",305.0
1292,11353,30,10,2026-08-23T13:46:18.569000+00:00,26.432,28.097,23.259,285.0,273.0,False,77.788,"[2048, 2048, 2048, 2048, 2048, 2048, 2048, 2049]","[2049, 2049, 2048, 2048, 2048, 2048, 2048, 2048]","[2049, 2048, 2048, 2048, 2049, 2048, 2048, 2049]",297.0
1292,11353,10,10,2026-08-23T13:46:21.507000+00:00,26.717,28.343,23.379,275.0,273.0,False,78.439,"[None, 2049, 2048, 2048, 2049, 2049, 2049, 2048]","[2048, 2048, 2048, 2049, 2048, 2048, 2048, 2048]","[2048, 2048, 2048, 2049, 2049, 2048, 2048, 2048]",301.0
1292,11353,27,10,2026-08-23T13:46:22.499000+00:00,26.713,28.446,23.396,271.0,267.0,False,78.555,"[None, 2049, 2048, 2048, 2049, 2048, 2048, 2048]","[2048, 2048, 2049, 2049, 2048, 2048, 2048, 2048]","[2048, 2048, 2048, 2048, 2048, 2048, 2048, 2048]",302.0
1292,11353,22,10,2026-08-23T13:46:24.703000+00:00,26.625,28.63,23.41,272.0,269.0,False,78.665,"[None, 2049, 2048, 2048, 2048, 2049, 2048, 2048]","[2048, 2049, 2048, 2049, 2048, 2048, 2048, 2048]","[2049, 2048, 2049, 2048, 2048, 2048, 2048, 2048]",307.0
1292,11353,23,10,2026-08-23T13:46:25.832000+00:00,26.662,28.758,23.609,278.0,276.0,False,79.029,"[None, 2048, 2048, 2048, 2048, 2049, 2049, 2048]","[2048, 2049, 2048, 2048, 2048, 2048, 2048, 2048]","[2049, 2048, 2048, 2049, 2048, 2048, 2048, 2048]",306.0
1292,11353,31,10,2026-08-23T13:46:26.585000+00:00,26.726,28.86,23.447,,271.0,False,79.033,"[None, 2048, 2048, 2048, 2048, 2049, 2049, 2049]","[2049, 2048, 2048, 2048, 2048, 2048, 2048, 2048]","[2048, 2048, 2049, 2048, 2048, 2048, 2048, 2048]",306.0
1292,11353,5,10,2026-08-23T13:46:26.896000+00:00,26.691,28.862,23.527,,274.0,False,79.08,"[None, 2048, 2048, 2048, 2048, 2049, 2048, 2048]","[2048, 2048, 2048, 2048, 2048, 2048, 2048, 2048]","[2049, 2048, 2048, 2049, 2049, 2048, 2048, 2048]",294.0
1292,11353,14,10,2026-08-23T13:46:28.228000+00:00,26.759,28.799,23.599,272.0,267.0,False,79.157,"[None, 2048, 2048, 2049, 2049, 2048, 2048, 2048]","[2048, 2048, 2048, 2048, 2048, 2048, 2048, 2048]","[2048, 2049, 2048, 2049, 2049, 2048, 2048, 2048]",294.0
1292,11353,18,10,2026-08-23T13:46:29.231000+00:00,26.998,28.582,23.786,263.0,267.0,False,79.366,"[2048, 2049, 2048, 2048, 2049, 2049, 2048, 2048]","[2048, 2048, 2049, 2048, 2048, 2048, 2048, 2048]","[2048, 2048, 2048, 2048, 2048, 2048, 2048, 2048]",293.0
1292,11353,55,10,2026-08-23T13:46:30.565000+00:00,26.693,28.977,23.554,283.0,275.0,False,79.224,"[None, 2048, 2049, 2048, 2049, 2049, 2048, 2048]","[2048, 2048, 2049, 2048, 2048, 2048, 2048, 2048]","[2048, 2048, 2048, 2048, 2048, 2048, 2048, 2048]",300.0
1292,11353,77,10,2026-08-23T13:46:32.197000+00:00,27.085,28.984,23.704,,269.0,False,79.773,"[None, 2049, 2048, 2049, 2049, 2048, 2049, 2048]","[2048, 2048, 2048, 2049, 2048, 2048, 2048, 2048]","[2049, 2048, 2048, 2048, 2048, 2048, 2048, 2048]",295.0
1292,11353,11,10,2026-08-23T13:46:33.128000+00:00,26.879,29.385,23.789,285.0,266.0,False,80.053,"[None, 2049, 2049, 2048, 2048, 2049, 2049, 2048]","[2048, 2048, 2048, 2048, 2048, 2048, 2048, 2048]","[2049, 2048, 2049, 2048, 2048, 2048, 2048, 2048]",286.0
1292,11353,41,10,2026-08-23T13:46:35.003000+00:00,26.667,28.743,23.487,,273.0,False,78.897,"[2048, 2049, 2048, 2048, 2049, 2049, 2049, 2048]","[2049, 2048, 2048, 2048, 2048, 2048, 2048, 2048]","[2048, 2048, 2048, 2048, 2048, 2049, 2049, 2049]",
1292,11353,43,10,2026-08-23T13:46:37.784000+00:00,26.715,28.603,23.563,277.0,273.0,False,78.881,"[2048, 2049, 2048, 2049, 2049, 2049, 2049, 2048]","[2048, 2049, 2049, 2048, 2048, 2048, 2048, 2048]","[2049, 2048, 2048, 2048, 2048, 2048, 2048, 2048]",303.0
1292,11353,12,11,2026-08-23T13:47:25.544000+00:00,25.885,27.877,22.946,278.0,268.0,False,76.708,"[None, 2051, 2049, 2048, 2051, 2049, 2049, 2048]","[2048, 2049, 2048, 2048, 2048, 2048, 2048, 2048]","[2048, 2048, 2048, 2048, 2048, 2049, 2049, 2049]",311.0
1292,11353,1,11,2026-08-23T13:47:26.747000+00:00,25.975,27.893,23.177,283.0,272.0,False,77.045,"[None, 2048, 2048, 2048, 2049, 2048, 2051, 2048]","[2048, 2051, 2048, 2048, 2048, 2048, 2048, 2048]","[2048, 2048, 2048, 2048, 2048, 2048, 2048, 2048]",302.0
1292,11353,81,11,2026-08-23T13:47:30.722000+00:00,26.188,27.837,23.26,,271.0,False,77.285,"[None, 2048, 2048, 2048, 2048, 2048, 2049, 2048]","[2048, 2048, 2048, 2048, 2048, 2048, 2048, 2048]","[2048, 2048, 2048, 2048, 2048, 2048, 2048, 2048]",303.0
1292,11353,63,11,2026-08-23T13:47:31.806000+00:00,26.175,28.261,23.098,276.0,270.0,False,77.534,"[None, 2048, 2048, 2048, 2048, 2048, 2048, 2048]","[2048, 2048, 2048, 2048, 2048, 2048, 2048, 2048]","[2048, 2048, 2048, 2048, 2048, 2048, 2048, 2048]",309.0
1292,11353,16,11,2026-08-23T13:47:32.154000+00:00,26.389,28.265,23.075,274.0,268.0,False,77.729,"[None, 2048, 2048, 2049, 2048, 2048, 2048, 2048]","[2048, 2048, 2048, 2048, 2048, 2048, 2048, 2048]","[2048, 2048, 2048, 2048, 2048, 2048, 2048, 2048]",312.0
1292,11353,44,11,2026-08-23T13:47:33.374000+00:00,26.297,27.948,23.057,,273.0,False,77.302,"[None, 2048, 2048, 2049, 2049, 2048, 2048, 2048]","[2048, 2048, 2048, 2048, 2048, 2048, 2048, 2048]","[2049, 2048, 2048, 2048, 2048, 2048, 2048, 2048]",306.0
1292,11353,30,11,2026-08-23T13:47:36.373000+00:00,26.372,28.204,23.329,284.0,272.0,False,77.905,"[2049, 2048, 2049, 2048, 2048, 2048, 2048, 2049]","[2049, 2049, 2048, 2048, 2048, 2048, 2048, 2048]","[2048, 2049, 2048, 2048, 2048, 2048, 2048, 2048]",303.0
1292,11353,10,11,2026-08-23T13:47:39.875000+00:00,26.989,28.516,23.448,276.0,269.0,False,78.953,"[None, 2048, 2048, 2048, 2048, 2048, 2048, 2048]","[2048, 2048, 2048, 2049, 2048, 2048, 2048, 2048]","[2048, 2049, 2048, 2048, 2048, 2048, 2048, 2048]",283.0
1292,11353,27,11,2026-08-23T13:47:41.170000+00:00,26.531,28.542,23.397,273.0,272.0,False,78.47,"[None, 2048, 2049, 2049, 2049, 2049, 2048, 2048]","[2048, 2048, 2049, 2049, 2048, 2048, 2048, 2048]","[2048, 2048, 2048, 2048, 2048, 2049, 2048, 2048]",306.0
1292,11353,22,11,2026-08-23T13:47:43.280000+00:00,26.569,28.663,23.358,276.0,272.0,False,78.59,"[None, 2048, 2048, 2048, 2049, 2049, 2048, 2048]","[2048, 2049, 2048, 2048, 2048, 2048, 2048, 2048]","[2048, 2048, 2049, 2048, 2048, 2048, 2048, 2048]",300.0
1292,11353,23,11,2026-08-23T13:47:44.828000+00:00,26.711,28.818,23.533,,274.0,False,79.062,"[None, 2048, 2048, 2049, 2049, 2048, 2048, 2048]","[2048, 2049, 2048, 2048, 2048, 2048, 2048, 2048]","[2048, 2048, 2048, 2048, 2048, 2048, 2048, 2048]",305.0
1292,11353,31,11,2026-08-23T13:47:45.512000+00:00,26.806,28.796,23.543,,270.0,False,79.145,"[2049, 2048, 2048, 2048, 2048, 2049, 2049, 2049]","[2049, 2048, 2049, 2048, 2048, 2048, 2048, 2048]","[2048, 2048, 2048, 2048, 2049, 2048, 2048, 2048]",299.0
1292,11353,5,11,2026-08-23T13:47:46.131000+00:00,26.696,28.68,26.667,,280.0,False,82.043,"[None, 2049, 2048, 2049, 2048, 2049, 2048, 2048]","[2048, 2048, 2048, 2048, 2048, 2048, 2048, 2048]","[2048, 2048, 2048, 2048, 2048, 2048, 2064, 2064]",301.0
1292,11353,14,11,2026-08-23T13:47:47.475000+00:00,26.765,28.895,23.522,,266.0,False,79.182,"[None, 2049, 2048, 2048, 2048, 2048, 2048, 2048]","[2048, 2048, 2048, 2048, 2048, 2048, 2048, 2048]","[2049, 2049, 2049, 2049, 2049, 2048, 2048, 2048]",301.0
1292,11353,18,11,2026-08-23T13:47:48.634000+00:00,26.679,28.813,23.7,276.0,268.0,False,79.192,"[None, 2048, 2049, 2049, 2049, 2048, 2048, 2048]","[2049, 2049, 2048, 2048, 2048, 2048, 2048, 2048]","[2048, 2048, 2049, 2049, 2049, 2048, 2048, 2048]",291.0
1292,11353,55,11,2026-08-23T13:47:49.817000+00:00,26.757,28.888,23.544,286.0,278.0,False,79.189,"[None, 2048, 2049, 2048, 2049, 2048, 2048, 2048]","[2049, 2048, 2049, 2048, 2048, 2048, 2048, 2048]","[2048, 2048, 2049, 2048, 2048, 2048, 2048, 2048]",298.0
1292,11353,77,11,2026-08-23T13:47:51.913000+00:00,27.146,28.948,23.623,281.0,265.0,False,79.717,"[None, 2048, 2049, 2048, 2048, 2049, 2048, 2048]","[2048, 2048, 2048, 2049, 2048, 2048, 2048, 2048]","[2048, 2049, 2048, 2049, 2048, 2048, 2048, 2048]",289.0
1292,11353,11,11,2026-08-23T13:47:53.148000+00:00,27.067,29.177,23.679,280.0,262.0,False,79.923,"[None, 2048, 2048, 2048, 2049, 2049, 2049, 2048]","[2048, 2048, 2048, 2048, 2048, 2048, 2048, 2048]","[2048, 2048, 2048, 2048, 2048, 2048, 2048, 2048]",279.0
1292,11353,41,11,2026-08-23T13:47:54.039000+00:00,26.949,28.859,23.741,281.0,275.0,False,79.549,"[2049, 2048, 2048, 2048, 2048, 2048, 2048, 2049]","[2049, 2048, 2048, 2048, 2048, 2048, 2048, 2048]","[2048, 2048, 2048, 2048, 2049, 2049, 2049, 2049]",301.0
1292,11353,43,11,2026-08-23T13:47:56.732000+00:00,26.688,28.931,23.904,276.0,273.0,False,79.523,"[None, 2048, 2048, 2049, 2048, 2049, 2049, 2048]","[2048, 2048, 2048, 2048, 2048, 2048, 2048, 2048]","[2048, 2048, 2048, 2048, 2048, 2048, 2048, 2048]",299.0
1292,11353,12,12,2026-08-23T13:48:42.155000+00:00,26.063,27.871,22.935,,271.0,False,76.869,"[2049, 2048, 2048, 2048, 2048, 2048, 2048, 2048]","[2048, 2048, 2048, 2048, 2048, 2048, 2048, 2048]","[2048, 2048, 2048, 2048, 2048, 2048, 2048, 2048]",312.0
1292,11353,1,12,2026-08-23T13:48:43.777000+00:00,26.011,27.857,23.202,282.0,273.0,False,77.07,"[None, 2051, 2048, 2048, 2048, 2048, 2051, 2048]","[2048, 2048, 2048, 2048, 2048, 2048, 2048, 2048]","[2051, 2048, 2048, 2048, 2048, 2048, 2048, 2048]",305.0
1292,11353,81,12,2026-08-23T13:48:48.063000+00:00,26.155,27.867,23.199,278.0,274.0,False,77.221,"[None, 2048, 2048, 2048, 2048, 2048, 2049, 2048]","[2048, 2048, 2048, 2048, 2048, 2048, 2048, 2048]","[2048, 2048, 2048, 2048, 2048, 2048, 2048, 2048]",305.0
1292,11353,63,12,2026-08-23T13:48:49.344000+00:00,26.128,28.076,23.085,278.0,269.0,False,77.289,"[None, 2049, 2048, 2048, 2048, 2048, 2049, 2048]","[2048, 2049, 2048, 2048, 2048, 2048, 2048, 2048]","[2048, 2048, 2048, 2049, 2048, 2048, 2048, 2048]",311.0
1292,11353,16,12,2026-08-23T13:48:49.906000+00:00,26.228,28.096,23.034,275.0,267.0,False,77.358,"[None, 2048, 2049, 2049, 2048, 2049, 2049, 2048]","[2048, 2048, 2048, 2048, 2048, 2048, 2048, 2048]","[2048, 2048, 2048, 2048, 2048, 2048, 2048, 2048]",307.0
1292,11353,44,12,2026-08-23T13:48:50.733000+00:00,26.262,28.161,23.138,276.0,269.0,False,77.561,"[2049, 2049, 2048, 2049, 2049, 2048, 2048, 2048]","[2048, 2048, 2048, 2048, 2048, 2048, 2048, 2048]","[2048, 2048, 2048, 2048, 2048, 2048, 2048, 2048]",312.0
1292,11353,30,12,2026-08-23T13:48:54.247000+00:00,26.425,28.24,23.32,283.0,271.0,False,77.985,"[2048, 2048, 2048, 2048, 2048, 2048, 2048, 2048]","[2048, 2048, 2048, 2048, 2048, 2048, 2048, 2048]","[2049, 2048, 2049, 2048, 2048, 2048, 2048, 2048]",293.0
1292,11353,10,12,2026-08-23T13:48:58.839000+00:00,26.708,28.397,23.483,275.0,267.0,False,78.588,"[None, 2048, 2048, 2049, 2049, 2049, 2048, 2048]","[2048, 2049, 2048, 2049, 2048, 2048, 2048, 2048]","[2049, 2048, 2048, 2048, 2048, 2048, 2048, 2048]",295.0
1292,11353,27,12,2026-08-23T13:48:59.627000+00:00,26.405,28.685,23.37,277.0,277.0,False,78.46,"[None, 2048, 2049, 2048, 2049, 2049, 2048, 2049]","[2049, 2049, 2048, 2048, 2048, 2048, 2048, 2048]","[2048, 2048, 2048, 2048, 2048, 2048, 2049, 2049]",301.0
1292,11353,22,12,2026-08-23T13:49:01.897000+00:00,26.599,28.836,23.417,274.0,269.0,False,78.852,"[None, 2048, 2048, 2049, 2048, 2048, 2048, 2048]","[2048, 2048, 2048, 2048, 2048, 2048, 2048, 2048]","[2049, 2049, 2048, 2048, 2048, 2048, 2048, 2048]",305.0
1292,11353,23,12,2026-08-23T13:49:03.933000+00:00,26.879,28.777,23.621,277.0,271.0,False,79.277,"[None, 2049, 2048, 2048, 2048, 2048, 2048, 2048]","[2048, 2048, 2048, 2048, 2048, 2048, 2048, 2048]","[2048, 2048, 2048, 2048, 2048, 2048, 2048, 2048]",300.0
1292,11353,31,12,2026-08-23T13:49:04.831000+00:00,26.802,28.847,23.657,281.0,271.0,False,79.306,"[2048, 2048, 2049, 2048, 2048, 2048, 2048, 2049]","[2049, 2048, 2048, 2048, 2048, 2048, 2048, 2048]","[2048, 2048, 2048, 2048, 2048, 2048, 2048, 2048]",291.0
1292,11353,14,12,2026-08-23T13:49:06.644000+00:00,26.654,28.432,23.639,271.0,266.0,False,78.725,"[None, 2048, 2049, 2048, 2048, 2048, 2048, 2048]","[2048, 2049, 2048, 2048, 2048, 2049, 2048, 2048]","[2048, 2048, 2048, 2048, 2048, 2048, 2048, 2048]",300.0
1292,11353,18,12,2026-08-23T13:49:07.683000+00:00,26.648,28.561,23.893,275.0,267.0,False,79.102,"[None, 2049, 2048, 2048, 2049, 2049, 2048, 2048]","[2049, 2048, 2048, 2048, 2048, 2048, 2048, 2048]","[2048, 2048, 2049, 2048, 2048, 2048, 2048, 2048]",297.0
1292,11353,5,12,2026-08-23T13:49:08.073000+00:00,42.87,27.247,23.139,275.0,272.0,True,93.256,"[2064, 2064, 2064, 2048, 2048, 2048, 2049, 2048]","[2048, 2049, 2049, 2049, 2049, 2049, 2048, 2049]","[2049, 2049, 2049, 2049, 2048, 2048, 2048, 2048]",
1292,11353,55,12,2026-08-23T13:49:09.013000+00:00,26.781,28.906,23.963,,276.0,False,79.65,"[None, 2048, 2048, 2048, 2048, 2048, 2048, 2048]","[2049, 2048, 2048, 2048, 2048, 2048, 2048, 2048]","[2049, 2048, 2049, 2048, 2048, 2048, 2048]",302.0
1292,11353,77,12,2026-08-23T13:49:11.624000+00:00,27.063,29.001,23.638,,263.0,False,79.702,"[None, 2048, 2048, 2048, 2048, 2049, 2049, 2048]","[2048, 2048, 2048, 2048, 2048, 2048, 2048, 2048]","[2048, 2048, 2048, 2049, 2048, 2048, 2048, 2048]",291.0
1292,11353,11,12,2026-08-23T13:49:13.195000+00:00,26.951,29.089,23.704,283.0,265.0,False,79.744,"[None, 2048, 2048, 2049, 2049, 2048, 2048, 2048]","[2048, 2048, 2049, 2048, 2048, 2048, 2048, 2048]","[2048, 2048, 2048, 2048, 2048, 2048, 2048, 2048]",280.0
1292,11353,41,12,2026-08-23T13:49:13.654000+00:00,26.685,29.347,23.644,289.0,272.0,False,79.676,"[None, 2048, 2048, 2049, 2048, 2049, 2049, 2051]","[2048, 2048, 2048, 2048, 2048, 2048, 2048, 2048]","[2048, 2048, 2049, 2048, 2048, 2048, 2049]",283.0
1292,11353,43,12,2026-08-23T13:49:16.154000+00:00,27.09,28.943,23.723,279.0,276.0,False,79.756,"[None, 2048, 2048, 2048, 2048, 2048, 2048, 2048]","[2048, 2048, 2048, 2048, 2048, 2048, 2048, 2048]","[2048, 2048, 2048, 2048, 2048, 2048, 2048, 2048]",295.0
1292,11353,12,13,2026-08-23T13:49:59.130000+00:00,25.964,28.052,23.042,277.0,270.0,False,77.058,"[2048, 2048, 2048, 2048, 2051, 2048, 2048, 2048]","[2048, 2048, 2048, 2048, 2048, 2048, 2048, 2048]","[2048, 2048, 2048, 2048, 2048, 2048, 2048, 2048]",306.0
1292,11353,1,13,2026-08-23T13:50:00.881000+00:00,25.988,27.868,23.209,283.0,275.0,False,77.065,"[None, 2051, 2048, 2048, 2048, 2048, 2048, 2048]","[2048, 2048, 2048, 2048, 2048, 2048, 2048, 2048]","[2048, 2048, 2048, 2048, 2048, 2048, 2048, 2048]",306.0
1292,11353,81,13,2026-08-23T13:50:05.216000+00:00,26.109,27.826,23.242,279.0,276.0,False,77.177,"[None, 2048, 2048, 2048, 2049, 2048, 2048, 2048]","[2048, 2048, 2048, 2048, 2048, 2048, 2048, 2048]","[2048, 2048, 2048, 2048, 2048, 2048, 2048, 2048]",
1292,11353,63,13,2026-08-23T13:50:06.733000+00:00,26.092,28.184,23.146,279.0,272.0,False,77.422,"[None, 2048, 2048, 2048, 2049, 2048, 2048, 2048]","[2048, 2049, 2049, 2048, 2048, 2048, 2048, 2048]","[2048, 2048, 2048, 2048, 2048, 2048, 2048, 2048]",313.0
1292,11353,16,13,2026-08-23T13:50:07.246000+00:00,26.105,28.059,23.09,283.0,275.0,False,77.254,"[None, 2048, 2049, 2049, 2049, 2048, 2048, 2048]","[2048, 2048, 2048, 2048, 2048, 2048, 2048, 2048]","[2048, 2048, 2048, 2048, 2048, 2048, 2048, 2048]",312.0
1292,11353,44,13,2026-08-23T13:50:08.233000+00:00,26.098,28.196,22.992,278.0,271.0,False,77.286,"[2048, 2048, 2049, 2048, 2049, 2049, 2048, 2048]","[2048, 2048, 2048, 2048, 2048, 2048, 2048, 2048]","[2049, 2048, 2049, 2048, 2048, 2048, 2048, 2048]",308.0
1292,11353,30,13,2026-08-23T13:50:12.322000+00:00,26.395,28.26,23.234,284.0,272.0,False,77.889,"[None, 2049, 2048, 2048, 2048, 2048, 2048, 2049]","[2048, 2048, 2048, 2048, 2048, 2048, 2048, 2048]","[2049, 2048, 2048, 2048, 2048, 2048, 2048, 2048]",304.0
1292,11353,10,13,2026-08-23T13:50:17.455000+00:00,26.69,28.417,23.446,279.0,271.0,False,78.553,"[None, 2048, 2048, 2048, 2048, 2049, 2049, 2048]","[2048, 2049, 2048, 2048, 2048, 2048, 2048, 2048]","[2049, 2048, 2048, 2048, 2048, 2048, 2048, 2048]",
1292,11353,27,13,2026-08-23T13:50:18.002000+00:00,26.9,28.939,23.475,274.0,275.0,False,79.314,"[2049, 2048, 2048, 2048, 2048, 2048, 2048, 2048]","[2048, 2048, 2048, 2048, 2048, 2048, 2048, 2048]","[2048, 2048, 2049, 2048, 2048, 2048, 2048, 2048]",307.0
1292,11353,22,13,2026-08-23T13:50:20.713000+00:00,26.722,28.83,23.487,275.0,269.0,False,79.039,"[None, 2048, 2048, 2049, 2049, 2048, 2049, 2048]","[2049, 2048, 2048, 2048, 2048, 2048, 2048, 2048]","[2048, 2048, 2048, 2048, 2048, 2048, 2048, 2048]",288.0
1292,11353,23,13,2026-08-23T13:50:23.213000+00:00,26.774,28.885,23.556,276.0,268.0,False,79.215,"[None, 2048, 2048, 2048, 2049, 2048, 2048, 2048]","[2048, 2048, 2048, 2048, 2048, 2048, 2048, 2048]","[2048, 2049, 2048, 2048, 2048, 2048, 2048, 2048]",303.0
1292,11353,31,13,2026-08-23T13:50:23.983000+00:00,26.825,28.958,23.625,280.0,267.0,False,79.408,"[None, 2048, 2048, 2048, 2048, 2048, 2048, 2048]","[2048, 2048, 2048, 2048, 2048, 2048, 2048, 2048]","[2048, 2048, 2048, 2048, 2048, 2048, 2048, 2048]",298.0
1292,11353,14,13,2026-08-23T13:50:25.431000+00:00,26.827,28.599,23.584,267.0,264.0,False,79.01,"[None, 2048, 2048, 2048, 2048, 2048, 2049, 2048]","[2048, 2048, 2048, 2048, 2048, 2048, 2048, 2048]","[2049, 2048, 2048, 2048, 2048, 2049, 2049, 2048]",296.0
1292,11353,18,13,2026-08-23T13:50:26.953000+00:00,26.93,28.842,23.92,273.0,266.0,False,79.692,"[None, 2049, 2048, 2048, 2048, 2048, 2048, 2048]","[2048, 2048, 2048, 2048, 2048, 2048, 2048, 2048]","[2049, 2048, 2048, 2048, 2048, 2048, 2048, 2048]",296.0
1292,11353,55,13,2026-08-23T13:50:28.677000+00:00,26.921,28.953,23.582,285.0,273.0,False,79.456,"[None, 2048, 2048, 2049, 2048, 2048, 2048, 2048]","[2048, 2048, 2048, 2048, 2048, 2048, 2048, 2048]","[2048, 2048, 2048, 2048, 2048, 2048, 2048, 2048]",299.0
1292,11353,77,13,2026-08-23T13:50:31.329000+00:00,27.058,29.123,23.688,278.0,263.0,False,79.869,"[None, 2048, 2049, 2048, 2048, 2049, 2048, 2048]","[2048, 2048, 2048, 2048, 2048, 2048, 2048, 2048]","[2049, 2048, 2048, 2048, 2048, 2048, 2048, 2048]",293.0
1292,11353,11,13,2026-08-23T13:50:32.755000+00:00,27.808,29.316,23.853,281.0,267.0,False,80.977,"[None, 2049, 2048, 2048, 2048, 2048, 2048, 2048]","[2048, 2048, 2048, 2048, 2048, 2048, 2048, 2048]","[2048, 2048, 2048, 2048, 2048, 2048, 2048, 2048]",291.0
1292,11353,41,13,2026-08-23T13:50:33.168000+00:00,26.812,28.841,23.612,274.0,273.0,False,79.265,"[None, 2049, 2048, 2049, 2048, 2048, 2048, 2048]","[2048, 2048, 2048, 2048, 2048, 2048, 2048, 2048]","[2048, 2048, 2048, 2048, 2048, 2048, 2048, 2048]",310.0
1292,11353,43,13,2026-08-23T13:50:35.987000+00:00,26.709,28.954,23.653,278.0,277.0,False,79.316,"[None, 2049, 2048, 2048, 2048, 2048, 2048, 2048]","[2048, 2048, 2048, 2048, 2048, 2048, 2048, 2048]","[2048, 2048, 2048, 2048, 2049, 2048, 2048, 2048]",302.0
1292,11353,5,13,2026-08-23T13:50:41.354000+00:00,26.487,27.529,23.136,271.0,268.0,False,77.152,"[2048, 2048, 2049, 2049, 2049, 2049, 2049, 2048]","[2048, 2051, 2049, 2049, 2048, 2048, 2048, 2048]","[2049, 2048, 2048, 2049, 2049, 2048, 2048, 2048]",287.0
1292,11353,12,14,2026-08-23T13:51:16.155000+00:00,26.002,27.995,22.984,284.0,272.0,False,76.981,"[None, 2048, 2049, 2048, 2048, 2048, 2049, 2048]","[2048, 2049, 2048, 2048, 2048, 2048, 2048, 2048]","[2048, 2048, 2048, 2048, 2048, 2048, 2048, 2048]",293.0
1292,11353,1,14,2026-08-23T13:51:17.788000+00:00,25.894,28.041,23.306,,273.0,False,77.241,"[None, 2048, 2048, 2048, 2049, 2048, 2051, 2048]","[2048, 2048, 2048, 2048, 2048, 2048, 2048, 2048]","[2048, 2048, 2048, 2048, 2048, 2048, 2048, 2048]",
1292,11353,81,14,2026-08-23T13:51:22.474000+00:00,26.066,27.847,23.327,281.0,272.0,False,77.24,"[None, 2048, 2048, 2048, 2048, 2048, 2048, 2048]","[2048, 2049, 2048, 2048, 2048, 2048, 2048, 2048]","[2049, 2048, 2048, 2048, 2048, 2048, 2049, 2049]",306.0
1292,11353,63,14,2026-08-23T13:51:24.114000+00:00,26.05,28.417,23.154,278.0,270.0,False,77.621,"[None, 2048, 2048, 2048, 2048, 2049, 2049, 2048]","[2048, 2048, 2048, 2048, 2048, 2048, 2048, 2048]","[2048, 2048, 2048, 2048, 2048, 2048, 2048, 2048]",316.0
1292,11353,16,14,2026-08-23T13:51:24.553000+00:00,26.212,28.264,23.133,285.0,277.0,False,77.609,"[None, 2048, 2048, 2048, 2048, 2048, 2048, 2048]","[2048, 2048, 2048, 2048, 2048, 2048, 2048, 2048]","[2048, 2048, 2048, 2048, 2048, 2048, 2048, 2048]",315.0
1292,11353,44,14,2026-08-23T13:51:25.558000+00:00,26.09,28.182,23.236,280.0,269.0,False,77.508,"[None, 2048, 2051, 2049, 2048, 2048, 2049, 2048]","[2048, 2048, 2048, 2048, 2048, 2048, 2048, 2048]","[2048, 2048, 2048, 2048, 2048, 2048, 2048, 2048]",311.0
1292,11353,30,14,2026-08-23T13:51:30.146000+00:00,26.553,28.285,23.514,282.0,270.0,False,78.352,"[None, 2048, 2048, 2048, 2048, 2048, 2048, 2048]","[2048, 2048, 2048, 2048, 2048, 2048, 2048, 2048]","[2048, 2048, 2048, 2048, 2048, 2048, 2048, 2048]",300.0
1292,11353,10,14,2026-08-23T13:51:35.932000+00:00,26.557,28.519,23.505,278.0,269.0,False,78.581,"[None, 2049, 2048, 2049, 2049, 2049, 2048, 2048]","[2048, 2048, 2048, 2049, 2048, 2048, 2048, 2048]","[2048, 2048, 2048, 2048, 2048, 2048, 2048, 2048]",308.0
1292,11353,27,14,2026-08-23T13:51:37.289000+00:00,26.862,29.062,23.429,272.0,271.0,False,79.353,"[2048, 2048, 2048, 2048, 2048, 2048, 2048, 2048]","[2048, 2048, 2048, 2048, 2048, 2048, 2048, 2048]","[2048, 2048, 2049, 2048, 2048, 2048, 2048, 2048]",297.0
1292,11353,22,14,2026-08-23T13:51:39.674000+00:00,26.6,28.988,23.491,,272.0,False,79.079,"[None, 2051, 2048, 2049, 2048, 2048, 2048, 2048]","[2049, 2048, 2048, 2048, 2048, 2048, 2048, 2048]","[2048, 2048, 2048, 2048, 2048, 2048, 2048, 2048]",311.0
1292,11353,23,14,2026-08-23T13:51:42.404000+00:00,26.672,28.914,23.73,280.0,273.0,False,79.316,"[None, 2048, 2048, 2048, 2048, 2049, 2049, 2048]","[2048, 2048, 2048, 2048, 2048, 2048, 2048, 2048]","[2048, 2048, 2048, 2048, 2048, 2048, 2048, 2048]",298.0
1292,11353,31,14,2026-08-23T13:51:43.445000+00:00,26.725,28.878,23.654,279.0,269.0,False,79.257,"[None, 2048, 2048, 2048, 2049, 2049, 2049, 2048]","[2048, 2048, 2048, 2048, 2048, 2048, 2048, 2048]","[2048, 2048, 2048, 2048, 2048, 2048, 2048, 2048]",
1292,11353,14,14,2026-08-23T13:51:44.416000+00:00,26.738,28.601,23.687,274.0,269.0,False,79.026,"[2049, 2048, 2048, 2048, 2048, 2048, 2048, 2048]","[2049, 2048, 2048, 2048, 2048, 2048, 2048, 2048]","[2048, 2048, 2048, 2048, 2049, 2049, 2049, 2049]",302.0
1292,11353,18,14,2026-08-23T13:51:46.642000+00:00,26.87,28.585,23.836,271.0,265.0,False,79.291,"[None, 2049, 2048, 2048, 2048, 2048, 2048, 2048]","[2048, 2048, 2048, 2048, 2048, 2048, 2048, 2048]","[2048, 2048, 2048, 2048, 2048, 2048, 2048, 2048]",297.0
1292,11353,55,14,2026-08-23T13:51:48.155000+00:00,26.747,29.155,23.654,281.0,272.0,False,79.556,"[None, 2048, 2048, 2048, 2048, 2048, 2048, 2048]","[2048, 2048, 2048, 2048, 2048, 2048, 2048, 2048]","[2048, 2048, 2049, 2048, 2048, 2048, 2048, 2048]",308.0
1292,11353,77,14,2026-08-23T13:51:51.313000+00:00,27.121,29.297,23.92,281.0,263.0,False,80.338,"[None, 2048, 2048, 2048, 2048, 2049, 2048, 2048]","[2048, 2048, 2048, 2048, 2048, 2048, 2048, 2048]","[2048, 2048, 2048, 2048, 2048, 2048, 2048, 2048]",291.0
1292,11353,41,14,2026-08-23T13:51:52.555000+00:00,26.684,28.935,23.67,276.0,272.0,False,79.289,"[2048, 2048, 2048, 2048, 2048, 2048, 2048, 2048]","[2048, 2048, 2048, 2048, 2048, 2048, 2048, 2048]","[2048, 2048, 2048, 2048, 2048, 2048, 2049, 2049]",309.0
1292,11353,11,14,2026-08-23T13:51:53.830000+00:00,27.108,29.319,23.758,277.0,263.0,False,80.185,"[None, 2048, 2048, 2048, 2048, 2048, 2048, 2048]","[2048, 2048, 2048, 2048, 2048, 2048, 2048, 2048]","[2048, 2048, 2048, 2048, 2049, 2048, 2048, 2048]",277.0
1292,11353,43,14,2026-08-23T13:51:55.246000+00:00,26.571,29.026,23.604,277.0,279.0,False,79.201,"[None, 2048, 2048, 2048, 2048, 2049, 2049, 2048]","[2048, 2048, 2048, 2048, 2048, 2048, 2048, 2048]","[2048, 2048, 2048, 2048, 2049, 2051, 2048, 2048]",304.0
1292,11353,5,14,2026-08-23T13:51:58.526000+00:00,26.44,27.847,23.301,,273.0,False,77.588,"[None, 2048, 2048, 2048, 2049, 2048, 2049, 2048]","[2048, 2048, 2048, 2048, 2048, 2048, 2048, 2048]","[2049, 2048, 2048, 2048, 2048, 2048, 2048, 2048]",293.0
1292,11353,12,15,2026-08-23T13:52:33.145000+00:00,25.963,28.052,23.208,283.0,272.0,False,77.223,"[None, 2048, 2048, 2048, 2048, 2049, 2049, 2048]","[2048, 2048, 2048, 2048, 2048, 2048, 2048, 2048]","[2048, 2048, 2048, 2048, 2048, 2049, 2048]",296.0
1292,11353,1,15,2026-08-23T13:52:35.067000+00:00,25.971,27.951,23.27,282.0,273.0,False,77.192,"[None, 2048, 2048, 2048, 2048, 2048, 2051, 2048]","[2048, 2048, 2048, 2048, 2048, 2048, 2048, 2048]","[2048, 2048, 2048, 2048, 2048, 2048, 2048, 2048]",305.0
1292,11353,81,15,2026-08-23T13:52:39.674000+00:00,26.14,27.886,23.416,279.0,273.0,False,77.442,"[None, 2048, 2048, 2048, 2048, 2048, 2048, 2048]","[2048, 2048, 2048, 2048, 2048, 2048, 2048, 2048]","[2048, 2048, 2048, 2048, 2048, 2048, 2048, 2048]",307.0
1292,11353,63,15,2026-08-23T13:52:41.634000+00:00,26.086,28.426,23.28,279.0,270.0,False,77.792,"[None, 2048, 2048, 2048, 2049, 2048, 2048, 2048]","[2048, 2048, 2048, 2048, 2048, 2048, 2048, 2048]","[2048, 2048, 2048, 2048, 2048, 2048, 2048, 2048]",310.0
1292,11353,16,15,2026-08-23T13:52:42.195000+00:00,26.403,28.337,23.218,271.0,266.0,False,77.958,"[None, 2048, 2048, 2048, 2048, 2049, 2048, 2048]","[2048, 2048, 2048, 2048, 2048, 2048, 2048, 2048]","[2048, 2048, 2048, 2048, 2048, 2048, 2048, 2048]",307.0
1292,11353,44,15,2026-08-23T13:52:43.089000+00:00,26.173,28.365,23.371,283.0,269.0,False,77.909,"[None, 2048, 2048, 2048, 2048, 2048, 2048, 2048]","[2048, 2048, 2048, 2048, 2048, 2048, 2048, 2048]","[2048, 2048, 2048, 2048, 2048, 2048, 2048, 2048]",315.0
1292,11353,30,15,2026-08-23T13:52:48.391000+00:00,26.332,28.191,23.444,284.0,272.0,False,77.967,"[None, 2048, 2048, 2048, 2049, 2048, 2048, 2049]","[2048, 2049, 2048, 2049, 2048, 2048, 2048, 2048]","[2048, 2048, 2048, 2048, 2048, 2048, 2048, 2048]",294.0
1292,11353,10,15,2026-08-23T13:52:54.597000+00:00,26.696,28.614,23.688,275.0,272.0,False,78.998,"[None, 2048, 2048, 2048, 2048, 2048, 2048, 2048]","[2048, 2048, 2048, 2048, 2048, 2048, 2048, 2048]","[2048, 2048, 2048, 2048, 2048, 2048, 2048, 2048]",303.0
1292,11353,27,15,2026-08-23T13:52:56.733000+00:00,26.6,28.721,23.405,273.0,272.0,False,78.726,"[None, 2048, 2048, 2048, 2048, 2049, 2048, 2048]","[2048, 2048, 2048, 2048, 2048, 2048, 2048, 2048]","[2048, 2048, 2048, 2048, 2048, 2048, 2048, 2048]",298.0
1292,11353,22,15,2026-08-23T13:52:59.096000+00:00,26.595,28.87,23.527,,268.0,False,78.992,"[None, 2048, 2048, 2048, 2048, 2048, 2048, 2048]","[2048, 2048, 2049, 2048, 2048, 2048, 2048, 2048]","[2048, 2048, 2048, 2048, 2048, 2048, 2048, 2048]",310.0
1292,11353,23,15,2026-08-23T13:53:01.667000+00:00,26.673,29.004,23.697,,272.0,False,79.374,"[None, 2048, 2048, 2049, 2048, 2048, 2049, 2048]","[2048, 2048, 2048, 2048, 2048, 2048, 2048, 2048]","[2048, 2048, 2048, 2048, 2048, 2048, 2048, 2048]",299.0
1292,11353,31,15,2026-08-23T13:53:02.649000+00:00,26.758,28.946,23.54,271.0,279.0,False,79.244,"[None, 2048, 2048, 2048, 2049, 2049, 2049, 2048]","[2048, 2048, 2049, 2048, 2048, 2048, 2048, 2048]","[2049, 2048, 2049, 2048, 2048, 2048, 2048, 2048]",295.0
1292,11353,14,15,2026-08-23T13:53:03.378000+00:00,26.626,28.66,23.807,273.0,273.0,False,79.093,"[None, 2048, 2048, 2048, 2048, 2049, 2049, 2048]","[2048, 2048, 2048, 2048, 2048, 2048, 2048, 2048]","[2048, 2048, 2048, 2048, 2048, 2049, 2049, 2049]",299.0
1292,11353,18,15,2026-08-23T13:53:05.974000+00:00,26.864,28.793,26.998,,265.0,False,82.655,"[None, 2048, 2048, 2048, 2048, 2048, 2049, 2048]","[2048, 2049, 2048, 2048, 2048, 2048, 2048, 2048]","[2048, 2048, 2048, 2048, 2048, 2048, 2064, 2064]",295.0
1292,11353,55,15,2026-08-23T13:53:07.698000+00:00,26.738,29.079,23.719,284.0,272.0,False,79.536,"[None, 2048, 2048, 2049, 2048, 2048, 2048, 2048]","[2048, 2049, 2048, 2048, 2048, 2048, 2048, 2048]","[2048, 2048, 2048, 2048, 2048, 2048, 2048, 2048]",311.0
1292,11353,77,15,2026-08-23T13:53:11.607000+00:00,27.954,29.447,24.051,276.0,260.0,False,81.452,"[None, 2049, 2048, 2048, 2048, 2048, 2048, 2048]","[2048, 2048, 2048, 2048, 2048, 2048, 2048, 2048]","[2048, 2048, 2048, 2048, 2048, 2048, 2048, 2048]",302.0
1292,11353,41,15,2026-08-23T13:53:11.779000+00:00,26.934,28.783,23.555,274.0,271.0,False,79.272,"[2049, 2049, 2048, 2049, 2048, 2048, 2048, 2048]","[2048, 2048, 2048, 2048, 2048, 2048, 2048, 2048]","[2048, 2048, 2048, 2048, 2048, 2048, 2048, 2048]",
1292,11353,11,15,2026-08-23T13:53:14.075000+00:00,27.034,29.317,23.798,,264.0,False,80.149,"[None, 2049, 2048, 2048, 2048, 2049, 2049, 2048]","[2048, 2048, 2048, 2048, 2048, 2048, 2048, 2048]","[2048, 2048, 2048, 2048, 2049, 2048, 2048, 2048]",290.0
1292,11353,43,15,2026-08-23T13:53:14.513000+00:00,27.01,29.317,23.923,281.0,276.0,False,80.25,"[None, 2048, 2048, 2048, 2048, 2048, 2048, 2048]","[2048, 2048, 2048, 2048, 2048, 2048, 2048, 2048]","[2048, 2048, 2048, 2048, 2049, 2051, 2048, 2051]",289.0
1292,11353,5,15,2026-08-23T13:53:16.195000+00:00,26.538,28.446,24.119,275.0,279.0,False,79.103,"[None, 2048, 2048, 2048, 2048, 2048, 2048, 2048]","[2048, 2048, 2048, 2048, 2048, 2048, 2048, 2048]","[2048, 2048, 2048, 2048, 2048, 2048, 2048, 2048]",298.0
1292,11353,12,16,2026-08-23T13:53:50.216000+00:00,26.013,28.202,23.151,285.0,272.0,False,77.366,"[None, 2048, 2048, 2048, 2048, 2048, 2049, 2049]","[2048, 2048, 2048, 2048, 2048, 2048, 2048, 2048]","[2048, 2048, 2048, 2048, 2048, 2048, 2048, 2048]",293.0
1292,11353,1,16,2026-08-23T13:53:52.401000+00:00,25.908,28.026,23.258,,274.0,False,77.192,"[None, 2049, 2048, 2051, 2048, 2048, 2051, 2048]","[2048, 2048, 2048, 2048, 2048, 2048, 2048, 2048]","[2048, 2048, 2048, 2048, 2048, 2048, 2048, 2048]",306.0
1292,11353,81,16,2026-08-23T13:53:57.181000+00:00,26.241,27.919,23.346,280.0,272.0,False,77.506,"[None, 2048, 2048, 2048, 2048, 2048, 2048, 2048]","[2048, 2048, 2048, 2048, 2048, 2048, 2048, 2048]","[2048, 2048, 2049, 2048, 2048, 2048, 2048, 2048]",306.0
1292,11353,63,16,2026-08-23T13:53:59.444000+00:00,26.127,28.346,23.183,280.0,272.0,False,77.656,"[None, 2048, 2048, 2048, 2048, 2048, 2048, 2048]","[2048, 2048, 2048, 2048, 2048, 2048, 2048, 2048]","[2048, 2048, 2048, 2048, 2048, 2048, 2048, 2048]",311.0
1292,11353,16,16,2026-08-23T13:54:00.039000+00:00,26.178,28.209,22.944,275.0,269.0,False,77.331,"[None, 2048, 2048, 2049, 2048, 2049, 2048, 2048]","[2048, 2048, 2048, 2048, 2048, 2048, 2048, 2048]","[2048, 2048, 2048, 2048, 2048, 2049, 2048, 2048]",314.0
1292,11353,44,16,2026-08-23T13:54:00.976000+00:00,26.26,28.208,23.283,280.0,276.0,False,77.751,"[None, 2048, 2048, 2048, 2048, 2048, 2048, 2048]","[2048, 2048, 2048, 2048, 2048, 2048, 2048, 2048]","[2048, 2048, 2048, 2048, 2048, 2048, 2048, 2048]",308.0
1292,11353,30,16,2026-08-23T13:54:06.476000+00:00,26.596,28.325,23.45,285.0,272.0,False,78.371,"[None, 2048, 2048, 2048, 2048, 2048, 2049, 2049]","[2048, 2048, 2048, 2048, 2048, 2048, 2048, 2048]","[2048, 2048, 2048, 2048, 2048, 2048, 2048, 2048]",295.0
1292,11353,10,16,2026-08-23T13:54:13.601000+00:00,26.685,28.651,23.48,,272.0,False,78.816,"[None, 2048, 2048, 2048, 2048, 2049, 2048, 2048]","[2048, 2048, 2048, 2048, 2048, 2048, 2048, 2048]","[2048, 2048, 2048, 2048, 2048, 2048, 2048, 2048]",300.0
1292,11353,27,16,2026-08-23T13:54:15.382000+00:00,26.543,28.623,23.402,275.0,273.0,False,78.568,"[None, 2048, 2048, 2049, 2048, 2049, 2048, 2048]","[2048, 2048, 2048, 2048, 2048, 2048, 2048, 2048]","[2049, 2048, 2048, 2048, 2048, 2048, 2048, 2048]",297.0
1292,11353,22,16,2026-08-23T13:54:17.864000+00:00,26.635,28.924,23.536,276.0,272.0,False,79.095,"[None, 2048, 2048, 2048, 2049, 2048, 2049, 2048]","[2048, 2048, 2048, 2048, 2048, 2048, 2048, 2048]","[2048, 2048, 2048, 2048, 2048, 2048, 2048, 2048]",304.0
1292,11353,23,16,2026-08-23T13:54:21.052000+00:00,26.813,28.785,23.56,,275.0,False,79.158,"[None, 2048, 2048, 2048, 2048, 2048, 2048, 2048]","[2048, 2048, 2048, 2048, 2048, 2048, 2048, 2048]","[2048, 2048, 2049, 2048, 2048, 2048, 2048, 2048]",305.0
1292,11353,31,16,2026-08-23T13:54:21.932000+00:00,26.934,28.979,26.814,272.0,278.0,False,82.727,"[None, 2048, 2048, 2048, 2048, 2048, 2048, 2048]","[2048, 2048, 2048, 2048, 2048, 2048, 2048, 2048]","[2048, 2048, 2049, 2048, 2048, 2048, 2064, 2064]",297.0
1292,11353,14,16,2026-08-23T13:54:22.571000+00:00,26.805,29.124,23.837,264.0,267.0,False,79.766,"[None, 2048, 2048, 2049, 2048, 2048, 2048, 2048]","[2048, 2048, 2048, 2048, 2048, 2048, 2048, 2048]","[2048, 2048, 2048, 2048, 2048, 2048, 2048, 2048]",303.0
1292,11353,55,16,2026-08-23T13:54:27.214000+00:00,26.667,29.08,23.591,283.0,273.0,False,79.338,"[None, 2048, 2048, 2048, 2049, 2049, 2049, 2048]","[2048, 2048, 2048, 2048, 2048, 2048, 2048, 2048]","[2048, 2048, 2049, 2048, 2048, 2048, 2048, 2048]",303.0
1292,11353,18,16,2026-08-23T13:54:28.496000+00:00,42.987,27.766,23.512,271.0,264.0,True,94.265,"[2064, 2064, 2064, 2048, 2048, 2048, 2048, 2048]","[2048, 2049, 2049, 2049, 2049, 2048, 2049, 2048]","[2049, 2049, 2049, 2048, 2048, 2048, 2048, 2048]",
1292,11353,41,16,2026-08-23T13:54:31.074000+00:00,26.735,28.68,23.517,273.0,271.0,False,78.932,"[2048, 2048, 2048, 2048, 2048, 2048, 2048, 2048]","[2048, 2048, 2048, 2048, 2048, 2048, 2048, 2048]","[2048, 2048, 2048, 2048, 2048, 2048, 2048, 2048]",304.0
1292,11353,77,16,2026-08-23T13:54:33.074000+00:00,27.157,29.258,23.983,274.0,259.0,False,80.398,"[None, 2048, 2048, 2048, 2048, 2049, 2049, 2048]","[2048, 2048, 2048, 2048, 2048, 2048, 2048, 2048]","[2048, 2048, 2048, 2048, 2048, 2048, 2048, 2048]",295.0
1292,11353,11,16,2026-08-23T13:54:34.268000+00:00,26.998,29.138,24.054,281.0,286.0,False,80.19,"[None, 2048, 2048, 2048, 2048, 2048, 2048, 2048]","[2048, 2048, 2048, 2048, 2048, 2048, 2048, 2048]","[2048, 2048, 2048, 2048, 2048, 2048, 2048, 2048]",286.0
1292,11353,43,16,2026-08-23T13:54:34.815000+00:00,26.913,29.47,24.393,283.0,278.0,False,80.776,"[2049, 2048, 2048, 2048, 2048, 2048, 2048, 2048]","[2048, 2048, 2048, 2048, 2048, 2048, 2048, 2048]","[2048, 2048, 2048, 2048, 2048, 2048, 2048]",285.0
1292,11353,5,16,2026-08-23T13:54:35.303000+00:00,26.755,29.179,23.576,280.0,286.0,False,79.51,"[None, 2048, 2048, 2048, 2048, 2048, 2049, 2048]","[2049, 2048, 2048, 2048, 2048, 2048, 2048, 2048]","[2048, 2048, 2048, 2048, 2048, 2048, 2048, 2049]",290.0
1292,11353,12,17,2026-08-23T13:55:07.713000+00:00,26.006,28.035,23.272,283.0,274.0,False,77.313,"[None, 2048, 2048, 2048, 2048, 2049, 2049, 2048]","[2048, 2048, 2048, 2048, 2048, 2048, 2048, 2048]","[2048, 2048, 2048, 2048, 2048, 2048, 2048, 2048]",
1292,11353,1,17,2026-08-23T13:55:09.482000+00:00,25.91,28.135,23.369,281.0,274.0,False,77.414,"[None, 2049, 2048, 2048, 2048, 2048, 2051, 2048]","[2048, 2048, 2048, 2048, 2048, 2048, 2048, 2048]","[2048, 2048, 2048, 2048, 2048, 2048, 2048, 2048]",309.0
1292,11353,81,17,2026-08-23T13:55:14.697000+00:00,26.105,27.968,23.392,282.0,272.0,False,77.465,"[None, 2049, 2048, 2048, 2048, 2048, 2048, 2048]","[2048, 2048, 2048, 2048, 2048, 2048, 2048, 2048]","[2048, 2048, 2048, 2048, 2048, 2048, 2048, 2048]",308.0
1292,11353,63,17,2026-08-23T13:55:17.074000+00:00,26.208,28.156,25.771,277.0,274.0,False,80.135,"[None, 2048, 2048, 2048, 2048, 2048, 2048, 2048]","[2048, 2048, 2048, 2048, 2048, 2048, 2048, 2048]","[2049, 2048, 2048, 2048, 2048, 2048, 2064, 2064]",314.0
1292,11353,16,17,2026-08-23T13:55:17.474000+00:00,26.546,28.268,23.129,271.0,264.0,False,77.943,"[None, 2048, 2048, 2048, 2048, 2048, 2048, 2048]","[2048, 2048, 2048, 2048, 2048, 2048, 2048, 2048]","[2049, 2048, 2048, 2048, 2048, 2048, 2048, 2048]",307.0
1292,11353,44,17,2026-08-23T13:55:18.775000+00:00,26.362,28.155,23.289,285.0,273.0,False,77.806,"[None, 2048, 2048, 2048, 2048, 2048, 2048, 2048]","[2048, 2048, 2048, 2048, 2048, 2048, 2048, 2048]","[2048, 2048, 2048, 2048, 2048, 2048, 2048, 2048]",298.0
1292,11353,30,17,2026-08-23T13:55:24.746000+00:00,26.43,28.336,23.468,283.0,273.0,False,78.234,"[None, 2048, 2048, 2048, 2048, 2048, 2048, 2048]","[2048, 2048, 2048, 2048, 2048, 2048, 2048, 2048]","[2048, 2048, 2048, 2048, 2048, 2048, 2048, 2048]",298.0
1292,11353,10,17,2026-08-23T13:55:32.455000+00:00,26.789,28.598,23.557,277.0,271.0,False,78.944,"[None, 2048, 2048, 2048, 2048, 2048, 2048, 2048]","[2048, 2048, 2048, 2048, 2048, 2048, 2048, 2048]","[2049, 2048, 2048, 2048, 2048, 2048, 2048, 2048]",
1292,11353,27,17,2026-08-23T13:55:34.074000+00:00,26.469,28.748,23.448,272.0,273.0,False,78.665,"[None, 2049, 2048, 2049, 2048, 2049, 2048, 2048]","[2048, 2048, 2048, 2048, 2048, 2048, 2048, 2048]","[2048, 2048, 2048, 2048, 2048, 2048, 2048, 2048]",306.0
1292,11353,22,17,2026-08-23T13:55:36.997000+00:00,26.438,28.807,23.48,275.0,270.0,False,78.725,"[None, 2048, 2048, 2049, 2048, 2048, 2049, 2048]","[2048, 2048, 2048, 2048, 2048, 2048, 2048, 2048]","[2049, 2048, 2048, 2048, 2048, 2048, 2048, 2048]",311.0
1292,11353,23,17,2026-08-23T13:55:40.291000+00:00,26.564,28.836,23.666,,272.0,False,79.066,"[None, 2049, 2048, 2049, 2048, 2048, 2048, 2048]","[2048, 2048, 2048, 2048, 2048, 2048, 2048, 2048]","[2048, 2048, 2048, 2048, 2048, 2048, 2048, 2048]",310.0
1292,11353,14,17,2026-08-23T13:55:42.236000+00:00,26.452,28.555,23.55,272.0,265.0,False,78.557,"[2048, 2049, 2048, 2048, 2049, 2049, 2048, 2048]","[2048, 2048, 2048, 2048, 2048, 2048, 2048, 2048]","[2049, 2048, 2048, 2048, 2048, 2048, 2048, 2048]",310.0
1292,11353,31,17,2026-08-23T13:55:44.689000+00:00,43.555,27.899,23.419,281.0,270.0,True,94.873,"[2064, 2064, 2064, 2048, 2048, 2048, 2048, 2049]","[2048, 2049, 2049, 2049, 2049, 2049, 2049, 2048]","[2048, 2049, 2048, 2048, 2048, 2048, 2048, 2048]",
1292,11353,55,17,2026-08-23T13:55:46.536000+00:00,26.582,29.068,23.577,286.0,272.0,False,79.227,"[None, 2048, 2048, 2049, 2048, 2049, 2049, 2048]","[2048, 2048, 2048, 2048, 2048, 2048, 2048, 2048]","[2048, 2048, 2048, 2048, 2048, 2048, 2048, 2048]",308.0
1292,11353,41,17,2026-08-23T13:55:49.988000+00:00,26.737,28.882,23.583,275.0,271.0,False,79.202,"[None, 2048, 2048, 2048, 2048, 2048, 2048, 2048]","[2048, 2048, 2048, 2048, 2048, 2048, 2048, 2048]","[2049, 2048, 2048, 2048, 2048, 2048, 2048, 2048]",302.0
1292,11353,77,17,2026-08-23T13:55:53.370000+00:00,27.089,29.179,23.938,278.0,261.0,False,80.206,"[None, 2048, 2048, 2048, 2048, 2049, 2048, 2048]","[2048, 2048, 2048, 2048, 2048, 2048, 2048, 2048]","[2048, 2048, 2048, 2048, 2048, 2048, 2048, 2048]",294.0
1292,11353,11,17,2026-08-23T13:55:54.444000+00:00,27.189,29.374,24.188,276.0,253.0,False,80.751,"[None, 2048, 2048, 2048, 2048, 2048, 2048, 2048]","[2048, 2048, 2049, 2048, 2048, 2048, 2048, 2048]","[2048, 2048, 2048, 2048, 2048, 2048, 2048, 2048]",281.0
1292,11353,5,17,2026-08-23T13:55:54.674000+00:00,27.162,28.946,23.546,278.0,285.0,False,79.654,"[2049, 2048, 2048, 2048, 2048, 2048, 2048, 2048]","[2048, 2048, 2048, 2048, 2048, 2048, 2048, 2048]","[2048, 2048, 2048, 2048, 2048, 2048, 2048, 2048]",281.0
1292,11353,43,17,2026-08-23T13:55:55.410000+00:00,27.03,29.566,24.123,,278.0,False,80.719,"[None, 2048, 2048, 2048, 2048, 2048, 2048, 2048]","[2048, 2048, 2048, 2048, 2048, 2048, 2048, 2048]","[2048, 2048, 2048, 2048, 2048, 2048, 2048, 2048]",303.0
1292,11353,18,17,2026-08-23T13:56:02.855000+00:00,26.788,28.273,23.698,272.0,267.0,False,78.759,"[2048, 2048, 2048, 2049, 2048, 2048, 2049, 2048]","[2048, 2048, 2048, 2048, 2048, 2048, 2049, 2048]","[2048, 2048, 2048, 2048, 2048, 2048, 2048, 2048]",294.0
1292,11353,12,18,2026-08-23T13:56:25.037000+00:00,26.163,28.102,23.079,,275.0,False,77.344,"[None, 2048, 2048, 2048, 2048, 2048, 2048, 2048]","[2048, 2048, 2048, 2048, 2048, 2048, 2048, 2048]","[2048, 2048, 2048, 2048, 2048, 2049, 2048, 2048]",295.0
1292,11353,1,18,2026-08-23T13:56:26.987000+00:00,26.031,28.074,23.337,,275.0,False,77.442,"[None, 2048, 2048, 2048, 2048, 2048, 2048, 2048]","[2048, 2048, 2048, 2048, 2048, 2048, 2048, 2048]","[2048, 2048, 2048, 2048, 2048, 2048, 2048, 2048]",
1292,11353,81,18,2026-08-23T13:56:32.051000+00:00,26.262,27.976,26.4,278.0,271.0,False,80.638,"[None, 2048, 2048, 2048, 2048, 2048, 2049, 2048]","[2048, 2048, 2048, 2048, 2048, 2048, 2048, 2048]","[2048, 2048, 2048, 2048, 2048, 2048, 2064, 2064]",
1292,11353,16,18,2026-08-23T13:56:35.334000+00:00,26.023,28.047,23.18,,265.0,False,77.25,"[None, 2049, 2048, 2049, 2049, 2049, 2048, 2048]","[2048, 2049, 2048, 2048, 2048, 2048, 2048, 2048]","[2048, 2048, 2048, 2048, 2048, 2048, 2048, 2048]",324.0
1292,11353,44,18,2026-08-23T13:56:36.530000+00:00,26.219,28.122,23.149,281.0,270.0,False,77.49,"[None, 2048, 2048, 2048, 2048, 2049, 2048, 2048]","[2048, 2048, 2048, 2048, 2048, 2048, 2048, 2048]","[2048, 2048, 2048, 2048, 2048, 2048, 2048, 2048]",306.0
1292,11353,63,18,2026-08-23T13:56:37.174000+00:00,42.558,27.89,23.224,289.0,278.0,True,93.672,"[2064, 2064, 2064, 2048, 2048, 2048, 2048, 2049]","[2049, 2048, 2048, 2048, 2048, 2048, 2048, 2049]","[2048, 2048, 2048, 2048, 2048, 2048, 2048, 2048]",
1292,11353,30,18,2026-08-23T13:56:43.014000+00:00,26.612,28.532,23.606,,272.0,False,78.75,"[None, 2048, 2048, 2048, 2048, 2048, 2048, 2048]","[2048, 2048, 2048, 2048, 2048, 2048, 2048, 2048]","[2049, 2048, 2048, 2048, 2048, 2048, 2048, 2048]",297.0
1292,11353,10,18,2026-08-23T13:56:51.318000+00:00,26.787,28.87,26.615,,272.0,False,82.272,"[None, 2048, 2048, 2048, 2048, 2048, 2048, 2048]","[2048, 2048, 2048, 2048, 2048, 2048, 2048, 2048]","[2048, 2048, 2048, 2048, 2048, 2048, 2064, 2064]",304.0
1292,11353,27,18,2026-08-23T13:56:52.659000+00:00,26.675,28.818,23.568,273.0,277.0,False,79.061,"[None, 2048, 2048, 2048, 2048, 2048, 2048, 2048]","[2048, 2048, 2048, 2048, 2048, 2049, 2048, 2048]","[2048, 2048, 2048, 2048, 2048, 2048, 2049, 2048]",305.0
1292,11353,22,18,2026-08-23T13:56:55.700000+00:00,26.621,28.97,26.519,,271.0,False,82.11,"[None, 2048, 2048, 2049, 2048, 2048, 2048, 2048]","[2049, 2048, 2048, 2048, 2048, 2048, 2048, 2048]","[2048, 2048, 2048, 2048, 2048, 2048, 2064, 2064]",308.0
1292,11353,23,18,2026-08-23T13:56:59.257000+00:00,26.766,28.97,23.647,,273.0,False,79.383,"[None, 2048, 2048, 2048, 2048, 2048, 2048, 2048]","[2048, 2048, 2048, 2048, 2048, 2048, 2048, 2048]","[2049, 2048, 2048, 2048, 2048, 2048, 2048, 2048]",306.0
1292,11353,14,18,2026-08-23T13:57:00.832000+00:00,26.604,28.639,23.807,271.0,265.0,False,79.05,"[None, 2048, 2048, 2049, 2048, 2049, 2048, 2048]","[2048, 2048, 2048, 2048, 2048, 2048, 2048, 2048]","[2048, 2048, 2048, 2048, 2048, 2048, 2048, 2048]",304.0
1292,11353,55,18,2026-08-23T13:57:05.629000+00:00,26.718,29.159,23.641,285.0,272.0,False,79.518,"[None, 2048, 2048, 2048, 2048, 2048, 2048, 2048]","[2048, 2048, 2048, 2048, 2048, 2048, 2048, 2048]","[2048, 2048, 2048, 2048, 2048, 2048, 2048, 2048]",306.0
1292,11353,41,18,2026-08-23T13:57:09.224000+00:00,26.719,28.728,23.445,274.0,272.0,False,78.892,"[None, 2048, 2048, 2048, 2048, 2049, 2048, 2048]","[2048, 2048, 2048, 2048, 2048, 2048, 2048, 2048]","[2049, 2048, 2048, 2048, 2048, 2048, 2048, 2048]",305.0
1292,11353,77,18,2026-08-23T13:57:13.582000+00:00,27.218,29.424,24.222,279.0,266.0,False,80.864,"[None, 2048, 2048, 2048, 2048, 2048, 2048, 2048]","[2048, 2048, 2048, 2048, 2048, 2048, 2048, 2048]","[2048, 2048, 2048, 2048, 2048, 2048, 2048, 2048]",297.0
1292,11353,5,18,2026-08-23T13:57:14.396000+00:00,26.85,29.19,24.143,276.0,274.0,False,80.183,"[2048, 2048, 2048, 2048, 2048, 2048, 2048, 2048]","[2048, 2048, 2048, 2048, 2048, 2048, 2048, 2048]","[2048, 2048, 2048, 2048, 2048, 2048, 2048, 2048]",286.0
1292,11353,11,18,2026-08-23T13:57:15.155000+00:00,27.123,29.593,23.929,277.0,268.0,False,80.645,"[None, 2048, 2048, 2048, 2048, 2048, 2048, 2048]","[2048, 2048, 2048, 2048, 2048, 2048, 2048, 2048]","[2048, 2048, 2048, 2048, 2048, 2048, 2048, 2048]",282.0
1292,11353,43,18,2026-08-23T13:57:16.255000+00:00,26.876,29.199,24.111,289.0,278.0,False,80.186,"[2048, 2048, 2048, 2048, 2048, 2048, 2048, 2049]","[2049, 2048, 2048, 2048, 2048, 2048, 2048, 2048]","[2048, 2048, 2048, 2048, 2048, 2048, 2048, 2048]",
1292,11353,31,18,2026-08-23T13:57:19.557000+00:00,26.52,28.271,23.663,270.0,271.0,False,78.454,"[2048, 2048, 2049, 2048, 2049, 2048, 2049, 2048]","[2048, 2048, 2048, 2048, 2048, 2048, 2048, 2048]","[2048, 2048, 2048, 2048, 2048, 2048, 2048, 2048]",304.0
1292,11353,18,18,2026-08-23T13:57:21.510000+00:00,26.608,28.136,23.825,271.0,268.0,False,78.569,"[None, 2048, 2048, 2049, 2049, 2048, 2048, 2048]","[2048, 2048, 2048, 2048, 2048, 2048, 2048, 2048]","[2048, 2048, 2048, 2048, 2048, 2048, 2048, 2048]",296.0
1292,11353,12,19,2026-08-23T13:57:42.431000+00:00,26.025,28.154,23.263,284.0,274.0,False,77.442,"[None, 2048, 2048, 2048, 2048, 2048, 2048, 2048]","[2048, 2048, 2048, 2048, 2048, 2048, 2048, 2048]","[2048, 2048, 2048, 2048, 2048, 2049, 2048, 2048]",296.0
1292,11353,1,19,2026-08-23T13:57:44.357000+00:00,25.971,28.202,23.335,,273.0,False,77.508,"[None, 2048, 2048, 2048, 2048, 2048, 2048, 2048]","[2048, 2048, 2048, 2048, 2048, 2048, 2048, 2048]","[2048, 2048, 2048, 2048, 2048, 2049, 2048, 2048]",307.0
1292,11353,16,19,2026-08-23T13:57:52.547000+00:00,26.078,28.219,23.217,280.0,266.0,False,77.514,"[None, 2048, 2048, 2048, 2049, 2049, 2048, 2048]","[2048, 2048, 2048, 2048, 2048, 2048, 2048, 2048]","[2049, 2048, 2048, 2048, 2048, 2048, 2048, 2048]",309.0
1292,11353,81,19,2026-08-23T13:57:52.792000+00:00,45.083,27.508,23.198,279.0,276.0,True,95.789,"[2064, 2064, 2064, 2048, 2048, 2048, 2048, 2048]","[2048, 2048, 2048, 2048, 2049, 2049, 2048, 2048]","[2048, 2048, 2048, 2049, 2049, 2049, 2049, 2049]",
1292,11353,44,19,2026-08-23T13:57:54.054000+00:00,26.092,28.113,23.215,280.0,268.0,False,77.42,"[None, 2049, 2048, 2049, 2048, 2049, 2049, 2048]","[2048, 2048, 2048, 2048, 2048, 2048, 2048, 2048]","[2048, 2048, 2048, 2048, 2048, 2048, 2048, 2048]",311.0
1292,11353,30,19,2026-08-23T13:58:01.714000+00:00,26.751,28.571,23.678,284.0,270.0,False,79.0,"[None, 2048, 2048, 2048, 2048, 2048, 2048, 2048]","[2048, 2048, 2048, 2048, 2048, 2048, 2048, 2048]","[2048, 2048, 2048, 2048, 2048, 2048, 2048, 2048]",
1292,11353,63,19,2026-08-23T13:58:10.860000+00:00,25.785,27.463,22.934,274.0,269.0,False,76.182,"[2048, 2049, 2051, 2048, 2049, 2048, 2048, 2048]","[2048, 2049, 2049, 2049, 2049, 2048, 2048, 2048]","[2048, 2048, 2049, 2049, 2051, 2048, 2048, 2048]",312.0
1292,11353,27,19,2026-08-23T13:58:11.657000+00:00,26.832,28.717,26.501,274.0,274.0,False,82.05,"[None, 2049, 2048, 2048, 2048, 2048, 2048, 2048]","[2048, 2048, 2048, 2048, 2048, 2048, 2048, 2048]","[2048, 2048, 2048, 2048, 2048, 2048, 2064, 2064]",316.0
1292,11353,10,19,2026-08-23T13:58:13.596000+00:00,43.533,28.138,23.428,285.0,277.0,True,95.099,"[2064, 2064, 2064, 2048, 2048, 2048, 2048, 2048]","[2049, 2048, 2048, 2048, 2049, 2049, 2048, 2048]","[2048, 2048, 2049, 2048, 2048, 2048, 2048, 2048]",
1292,11353,22,19,2026-08-23T13:58:17.694000+00:00,43.308,27.724,23.225,276.0,282.0,True,94.257,"[2064, 2064, 2064, 2048, 2048, 2048, 2048, 2048]","[2049, 2049, 2049, 2049, 2049, 2049, 2048, 2049]","[2048, 2048, 2049, 2048, 2048, 2048, 2048, 2048]",
1292,11353,23,19,2026-08-23T13:58:18.679000+00:00,26.829,28.722,23.644,281.0,274.0,False,79.195,"[None, 2048, 2048, 2048, 2048, 2048, 2048, 2048]","[2048, 2048, 2048, 2048, 2048, 2048, 2048, 2048]","[2049, 2048, 2048, 2048, 2049, 2048, 2048, 2048]",301.0
1292,11353,14,19,2026-08-23T13:58:19.876000+00:00,26.647,28.644,23.575,273.0,267.0,False,78.866,"[None, 2048, 2048, 2048, 2048, 2048, 2048, 2048]","[2048, 2048, 2048, 2048, 2048, 2048, 2048, 2048]","[2049, 2048, 2048, 2048, 2049, 2048, 2048, 2048]",
1292,11353,55,19,2026-08-23T13:58:25.286000+00:00,26.692,29.084,23.64,,274.0,False,79.416,"[None, 2048, 2048, 2048, 2048, 2048, 2048, 2048]","[2048, 2048, 2048, 2048, 2048, 2048, 2048, 2048]","[2048, 2048, 2048, 2048, 2048, 2048, 2048, 2048]",307.0
1292,11353,41,19,2026-08-23T13:58:28.098000+00:00,26.632,28.922,23.542,273.0,270.0,False,79.096,"[None, 2049, 2048, 2048, 2049, 2048, 2048, 2048]","[2048, 2048, 2048, 2048, 2048, 2048, 2048, 2048]","[2049, 2048, 2048, 2048, 2048, 2048, 2048, 2048]",315.0
1292,11353,77,19,2026-08-23T13:58:34.598000+00:00,27.806,29.406,23.937,280.0,266.0,False,81.149,"[None, 2048, 2048, 2048, 2048, 2048, 2048, 2048]","[2048, 2048, 2048, 2048, 2048, 2048, 2048, 2048]","[2048, 2048, 2048, 2048, 2048, 2048, 2048, 2048]",248.0
1292,11353,5,19,2026-08-23T13:58:34.630000+00:00,26.862,28.533,23.358,274.0,278.0,False,78.753,"[None, 2048, 2048, 2048, 2048, 2048, 2048, 2048]","[2048, 2048, 2048, 2048, 2048, 2048, 2048, 2048]","[2049, 2048, 2048, 2048, 2048, 2048, 2048]",285.0
1292,11353,11,19,2026-08-23T13:58:35.848000+00:00,27.107,29.61,23.967,279.0,266.0,False,80.684,"[None, 2048, 2048, 2048, 2048, 2048, 2048, 2048]","[2048, 2048, 2048, 2048, 2048, 2048, 2048, 2048]","[2048, 2048, 2048, 2048, 2048, 2048, 2048, 2048]",
1292,11353,43,19,2026-08-23T13:58:36.395000+00:00,27.062,29.597,23.849,281.0,278.0,False,80.508,"[None, 2048, 2048, 2048, 2048, 2048, 2048, 2048]","[2048, 2048, 2048, 2048, 2048, 2048, 2048, 2048]","[2048, 2048, 2048, 2048, 2048, 2048, 2051, 2051]",294.0
1292,11353,31,19,2026-08-23T13:58:37.973000+00:00,26.835,28.811,23.721,,277.0,False,79.367,"[None, 2048, 2048, 2048, 2048, 2048, 2048, 2048]","[2048, 2048, 2048, 2048, 2048, 2048, 2048, 2048]","[2048, 2048, 2048, 2048, 2048, 2049, 2049, 2049]",298.0
1292,11353,18,19,2026-08-23T13:58:40.161000+00:00,26.794,28.391,23.812,,269.0,False,78.997,"[None, 2048, 2048, 2048, 2048, 2048, 2048, 2048]","[2048, 2048, 2048, 2048, 2048, 2048, 2048, 2048]","[2048, 2048, 2048, 2048, 2049, 2048, 2048, 2048]",289.0
1292,11353,12,20,2026-08-23T13:58:59.846000+00:00,26.185,28.186,23.23,282.0,275.0,False,77.601,"[None, 2048, 2048, 2048, 2048, 2048, 2048, 2048]","[2048, 2048, 2048, 2048, 2048, 2048, 2048, 2048]","[2048, 2048, 2048, 2048, 2048, 2049, 2049, 2048]",293.0
1292,11353,1,20,2026-08-23T13:59:01.879000+00:00,26.007,28.469,23.345,,275.0,False,77.821,"[None, 2051, 2048, 2048, 2048, 2048, 2048, 2048]","[2048, 2048, 2048, 2048, 2048, 2048, 2048, 2048]","[2048, 2048, 2048, 2048, 2048, 2048, 2048, 2048]",309.0
1292,11353,16,20,2026-08-23T13:59:10.196000+00:00,26.179,28.077,23.179,279.0,265.0,False,77.435,"[None, 2048, 2048, 2048, 2048, 2048, 2048, 2048]","[2048, 2049, 2048, 2048, 2048, 2048, 2048, 2048]","[2049, 2048, 2048, 2048, 2048, 2048, 2048, 2048]",304.0
1292,11353,44,20,2026-08-23T13:59:11.464000+00:00,26.22,28.24,23.261,281.0,267.0,False,77.721,"[None, 2048, 2048, 2048, 2048, 2048, 2048, 2048]","[2048, 2048, 2048, 2048, 2048, 2048, 2048, 2048]","[2048, 2048, 2048, 2048, 2048, 2048, 2048, 2048]",309.0
1292,11353,30,20,2026-08-23T13:59:20.757000+00:00,26.673,28.516,23.548,,271.0,False,78.737,"[None, 2048, 2048, 2048, 2048, 2048, 2048, 2048]","[2048, 2048, 2048, 2048, 2048, 2048, 2048, 2048]","[2048, 2048, 2048, 2048, 2048, 2048, 2048, 2048]",298.0
1292,11353,63,20,2026-08-23T13:59:27.152000+00:00,25.907,27.726,22.936,281.0,275.0,False,76.569,"[None, 2048, 2048, 2048, 2048, 2048, 2048, 2048]","[2048, 2048, 2048, 2048, 2048, 2048, 2048, 2048]","[2048, 2049, 2048, 2048, 2048, 2048, 2048, 2048]",310.0
1292,11353,81,20,2026-08-23T13:59:28.541000+00:00,25.817,27.419,22.974,280.0,278.0,False,76.21,"[2048, 2048, 2049, 2049, 2049, 2049, 2049, 2048]","[2048, 2048, 2048, 2048, 2048, 2048, 2048, 2048]","[2049, 2048, 2049, 2048, 2048, 2049, 2049, 2049]",310.0
1292,11353,27,20,2026-08-23T13:59:33.682000+00:00,42.116,27.987,23.489,281.0,264.0,True,93.592,"[2064, 2064, 2064, 2048, 2048, 2048, 2048, 2049]","[2049, 2049, 2048, 2048, 2049, 2048, 2048, 2049]","[2048, 2048, 2048, 2048, 2049, 2049, 2049, 2049]",
1292,11353,23,20,2026-08-23T13:59:37.885000+00:00,26.651,28.875,23.601,280.0,274.0,False,79.127,"[None, 2048, 2048, 2048, 2048, 2049, 2049, 2048]","[2048, 2048, 2048, 2048, 2048, 2048, 2048, 2048]","[2048, 2048, 2048, 2048, 2048, 2048, 2048, 2048]",309.0
1292,11353,14,20,2026-08-23T13:59:38.651000+00:00,26.672,28.806,23.713,270.0,265.0,False,79.191,"[None, 2048, 2048, 2048, 2048, 2048, 2048, 2048]","[2048, 2048, 2048, 2048, 2048, 2048, 2048, 2048]","[2048, 2048, 2048, 2048, 2048, 2048, 2048, 2048]",313.0
1292,11353,55,20,2026-08-23T13:59:44.729000+00:00,26.741,29.04,23.539,,274.0,False,79.32,"[None, 2048, 2048, 2048, 2048, 2048, 2048, 2048]","[2048, 2048, 2048, 2048, 2048, 2048, 2048, 2048]","[2048, 2048, 2048, 2048, 2048, 2048, 2048, 2048]",309.0
1292,11353,41,20,2026-08-23T13:59:47.229000+00:00,26.668,28.914,23.491,276.0,273.0,False,79.073,"[None, 2048, 2048, 2049, 2048, 2048, 2048, 2048]","[2048, 2048, 2048, 2048, 2048, 2048, 2048, 2048]","[2048, 2048, 2048, 2048, 2048, 2048, 2048, 2048]",302.0
1292,11353,10,20,2026-08-23T13:59:48.745000+00:00,26.653,28.261,23.371,275.0,274.0,False,78.285,"[2048, 2048, 2049, 2049, 2048, 2048, 2048, 2048]","[2048, 2048, 2048, 2048, 2048, 2048, 2048, 2048]","[2048, 2048, 2048, 2048, 2049, 2049, 2049, 2048]",296.0
1292,11353,22,20,2026-08-23T13:59:51.963000+00:00,26.395,28.491,23.176,274.0,271.0,False,78.062,"[2048, 2048, 2049, 2048, 2049, 2048, 2048, 2048]","[2048, 2048, 2048, 2048, 2048, 2048, 2048, 2048]","[2048, 2048, 2049, 2048, 2048, 2048, 2048, 2048]",305.0
1292,11353,5,20,2026-08-23T13:59:53.215000+00:00,26.54,28.387,23.476,272.0,273.0,False,78.403,"[None, 2048, 2048, 2048, 2048, 2048, 2049, 2048]","[2048, 2048, 2048, 2048, 2048, 2048, 2048, 2048]","[2048, 2048, 2048, 2048, 2048, 2048, 2048, 2048]",294.0
1292,11353,77,20,2026-08-23T13:59:55.714000+00:00,27.079,29.298,23.852,279.0,266.0,False,80.229,"[None, 2048, 2048, 2048, 2048, 2049, 2049, 2048]","[2048, 2048, 2048, 2048, 2048, 2048, 2048, 2048]","[2048, 2048, 2048, 2048, 2048, 2048, 2048, 2048]",293.0
1292,11353,11,20,2026-08-23T13:59:56.432000+00:00,26.986,29.532,24.053,281.0,268.0,False,80.571,"[None, 2049, 2048, 2048, 2048, 2048, 2048, 2048]","[2048, 2048, 2048, 2048, 2048, 2048, 2048, 2048]","[2048, 2048, 2048, 2048, 2048, 2048, 2048, 2048]",302.0
1292,11353,43,20,2026-08-23T13:59:56.901000+00:00,26.816,29.892,23.933,286.0,280.0,False,80.641,"[2051, 2048, 2048, 2048, 2048, 2048, 2048, 2048]","[2048, 2048, 2048, 2048, 2048, 2048, 2048, 2048]","[2048, 2048, 2048, 2048, 2048, 2048, 2048, 2048]",300.0
1292,11353,31,20,2026-08-23T13:59:57.385000+00:00,26.966,29.405,24.479,274.0,286.0,False,80.85,"[2049, 2048, 2048, 2048, 2048, 2048, 2048, 2048]","[2048, 2048, 2048, 2048, 2048, 2048, 2048, 2048]","[2048, 2048, 2048, 2048, 2048, 2048, 2048, 2048]",293.0
1292,11353,18,20,2026-08-23T13:59:59.056000+00:00,27.416,28.684,23.823,269.0,270.0,False,79.923,"[None, 2048, 2048, 2048, 2048, 2048, 2048, 2048]","[2048, 2048, 2048, 2048, 2048, 2048, 2048, 2048]","[2049, 2048, 2048, 2048, 2048, 2048, 2048, 2048]",292.0
1292,11353,12,21,2026-08-23T14:00:17.421000+00:00,26.029,28.472,26.038,283.0,273.0,False,80.539,"[None, 2048, 2048, 2048, 2048, 2048, 2049, 2048]","[2048, 2048, 2048, 2048, 2048, 2048, 2048, 2048]","[2048, 2048, 2048, 2048, 2048, 2048, 2064, 2064]",294.0
1292,11353,1,21,2026-08-23T14:00:19.722000+00:00,26.032,28.348,26.2,283.0,274.0,False,80.58,"[None, 2048, 2048, 2048, 2048, 2048, 2048, 2048]","[2048, 2048, 2048, 2048, 2048, 2048, 2048, 2048]","[2048, 2048, 2048, 2048, 2048, 2048, 2064, 2064]",307.0
1292,11353,16,21,2026-08-23T14:00:27.613000+00:00,26.241,28.247,26.486,277.0,260.0,False,80.974,"[None, 2048, 2048, 2048, 2048, 2049, 2048, 2048]","[2048, 2048, 2049, 2048, 2048, 2048, 2048, 2048]","[2048, 2048, 2048, 2048, 2048, 2048, 2064, 2064]",306.0
1292,11353,44,21,2026-08-23T14:00:29.207000+00:00,26.217,28.147,23.388,,273.0,False,77.752,"[None, 2048, 2048, 2048, 2048, 2048, 2048, 2048]","[2048, 2048, 2048, 2048, 2048, 2048, 2048, 2048]","[2048, 2048, 2048, 2048, 2048, 2048, 2048, 2048]",305.0
1292,11353,30,21,2026-08-23T14:00:39.432000+00:00,26.755,28.384,26.851,283.0,288.0,False,81.99,"[None, 2048, 2048, 2048, 2048, 2048, 2048, 2048]","[2048, 2048, 2048, 2048, 2048, 2048, 2048, 2048]","[2048, 2048, 2048, 2048, 2048, 2048, 2064, 2064]",
1292,11353,63,21,2026-08-23T14:00:43.637000+00:00,25.822,27.862,22.861,280.0,275.0,False,76.545,"[None, 2048, 2048, 2048, 2048, 2051, 2049, 2048]","[2048, 2048, 2048, 2048, 2048, 2048, 2048, 2048]","[2048, 2049, 2048, 2049, 2048, 2048, 2048, 2048]",307.0
1292,11353,81,21,2026-08-23T14:00:44.825000+00:00,25.774,27.544,23.033,,281.0,False,76.351,"[2049, 2048, 2049, 2048, 2049, 2049, 2049, 2048]","[2048, 2048, 2048, 2048, 2048, 2048, 2048, 2048]","[2048, 2048, 2048, 2048, 2051, 2049, 2049, 2049]",311.0
1292,11353,23,21,2026-08-23T14:00:56.912000+00:00,26.586,28.859,23.556,281.0,272.0,False,79.001,"[None, 2048, 2048, 2048, 2049, 2048, 2048, 2048]","[2048, 2048, 2048, 2049, 2048, 2048, 2048, 2048]","[2048, 2049, 2048, 2048, 2048, 2048, 2048, 2048]",
1292,11353,14,21,2026-08-23T14:00:57.927000+00:00,26.556,28.821,23.533,271.0,263.0,False,78.91,"[None, 2048, 2048, 2048, 2048, 2048, 2048, 2048]","[2048, 2048, 2048, 2048, 2048, 2048, 2048, 2048]","[2048, 2048, 2048, 2048, 2048, 2048, 2048, 2048]",307.0
1292,11353,55,21,2026-08-23T14:01:04+00:00,26.659,29.209,23.67,,275.0,False,79.538,"[None, 2048, 2048, 2048, 2048, 2048, 2048, 2048]","[2048, 2048, 2048, 2048, 2048, 2048, 2048, 2048]","[2048, 2048, 2048, 2048, 2048, 2048, 2048, 2048]",
1292,11353,41,21,2026-08-23T14:01:06.332000+00:00,26.574,28.866,23.571,274.0,273.0,False,79.011,"[None, 2048, 2048, 2048, 2049, 2048, 2048, 2048]","[2048, 2048, 2048, 2048, 2048, 2048, 2048, 2048]","[2048, 2048, 2048, 2048, 2048, 2048, 2048, 2048]",306.0
1292,11353,10,21,2026-08-23T14:01:06.951000+00:00,26.76,28.365,23.767,271.0,280.0,False,78.892,"[None, 2048, 2049, 2048, 2048, 2048, 2049, 2048]","[2048, 2048, 2048, 2049, 2048, 2048, 2048, 2048]","[2048, 2048, 2048, 2048, 2048, 2048, 2049, 2049]",287.0
1292,11353,27,21,2026-08-23T14:01:07.378000+00:00,26.851,27.936,23.984,267.0,299.0,False,78.771,"[2049, 2048, 2048, 2048, 2048, 2048, 2049, 2048]","[2048, 2049, 2049, 2049, 2048, 2048, 2048, 2048]","[2048, 2048, 2048, 2048, 2051, 2048, 2048, 2048]",295.0
1292,11353,22,21,2026-08-23T14:01:10.121000+00:00,26.367,28.511,23.285,275.0,272.0,False,78.163,"[None, 2048, 2048, 2048, 2049, 2048, 2048, 2048]","[2048, 2048, 2048, 2048, 2048, 2048, 2048, 2048]","[2049, 2048, 2048, 2048, 2049, 2048, 2048, 2048]",306.0
1292,11353,5,21,2026-08-23T14:01:11.794000+00:00,26.715,28.398,23.529,275.0,273.0,False,78.642,"[None, 2048, 2048, 2048, 2048, 2048, 2048, 2048]","[2048, 2048, 2048, 2048, 2048, 2048, 2048, 2048]","[2049, 2048, 2048, 2048, 2048, 2048, 2048, 2048]",290.0
1292,11353,77,21,2026-08-23T14:01:15.963000+00:00,26.974,29.352,23.767,278.0,264.0,False,80.093,"[None, 2048, 2048, 2048, 2049, 2048, 2048, 2048]","[2048, 2048, 2048, 2048, 2048, 2048, 2048, 2048]","[2048, 2049, 2048, 2048, 2048, 2048, 2048, 2048]",295.0
1292,11353,11,21,2026-08-23T14:01:17.014000+00:00,27.19,29.368,24.106,280.0,264.0,False,80.664,"[None, 2048, 2048, 2048, 2048, 2048, 2048, 2048]","[2048, 2048, 2048, 2048, 2048, 2048, 2048, 2048]","[2048, 2048, 2048, 2048, 2048, 2048, 2048, 2048]",279.0
1292,11353,43,21,2026-08-23T14:01:17.671000+00:00,27.058,29.968,27.343,,265.0,False,84.369,"[2048, 2048, 2048, 2048, 2048, 2048, 2048, 2048]","[2048, 2048, 2048, 2048, 2048, 2048, 2048, 2048]","[2048, 2048, 2048, 2048, 2048, 2048, 2064, 2064]",295.0
1292,11353,31,21,2026-08-23T14:01:18.231000+00:00,27.082,29.184,23.809,278.0,264.0,False,80.075,"[2048, 2048, 2048, 2048, 2048, 2048, 2048, 2048]","[2048, 2048, 2048, 2048, 2048, 2049, 2048, 2048]","[2048, 2048, 2048, 2048, 2048, 2048, 2048, 2048]",298.0
1292,11353,18,21,2026-08-23T14:01:19.072000+00:00,27.104,29.084,24.471,273.0,270.0,False,80.659,"[None, 2048, 2048, 2048, 2048, 2048, 2048, 2048]","[2048, 2048, 2048, 2048, 2048, 2048, 2048, 2048]","[2048, 2048, 2048, 2048, 2048, 2049, 2048, 2048]",298.0
1292,11353,12,22,2026-08-23T14:01:37.939000+00:00,44.084,27.269,22.85,282.0,274.0,True,94.203,"[2064, 2064, 2064, 2048, 2048, 2048, 2048, 2048]","[2048, 2048, 2048, 2048, 2048, 2048, 2048, 2048]","[2048, 2048, 2049, 2048, 2048, 2048, 2048, 2048]",
1292,11353,1,22,2026-08-23T14:01:40.236000+00:00,43.107,27.31,22.853,287.0,276.0,True,93.27,"[2064, 2064, 2064, 2048, 2048, 2048, 2048, 2048]","[2048, 2048, 2048, 2048, 2048, 2048, 2048, 2048]","[2048, 2049, 2051, 2048, 2049, 2049, 2048, 2048]",
1292,11353,44,22,2026-08-23T14:01:46.908000+00:00,26.074,28.034,23.34,280.0,261.0,False,77.448,"[None, 2049, 2048, 2048, 2049, 2049, 2048, 2048]","[2048, 2048, 2049, 2048, 2048, 2048, 2048, 2048]","[2048, 2048, 2048, 2048, 2048, 2048, 2048, 2048]",309.0
1292,11353,16,22,2026-08-23T14:01:48.575000+00:00,44.874,27.004,22.816,282.0,272.0,True,94.694,"[2064, 2064, 2064, 2048, 2048, 2048, 2048, 2048]","[2048, 2048, 2049, 2049, 2049, 2048, 2051, 2048]","[2048, 2049, 2049, 2048, 2048, 2048, 2048, 0]",
1292,11353,63,22,2026-08-23T14:02:00.277000+00:00,25.922,27.667,22.828,281.0,274.0,False,76.417,"[None, 2048, 2048, 2048, 2048, 2048, 2048, 2048]","[2048, 2048, 2048, 2048, 2048, 2048, 2048, 2048]","[2049, 2048, 2049, 2051, 2049, 2048, 2048, 2048]",309.0
1292,11353,81,22,2026-08-23T14:02:01.074000+00:00,25.809,27.597,22.971,290.0,284.0,False,76.377,"[None, 2049, 2048, 2048, 2048, 2048, 2048, 2049]","[2049, 2048, 2048, 2048, 2048, 2049, 2048, 2048]","[2051, 2048, 2048, 2048, 2048, 2048, 2049, 2049]",315.0
1292,11353,30,22,2026-08-23T14:02:01.405000+00:00,43.555,27.856,23.346,282.0,274.0,True,94.757,"[2064, 2064, 2064, 2048, 2048, 2048, 2048, 2048]","[2048, 2048, 2049, 2048, 2049, 2049, 2048, 2048]","[2048, 2048, 2048, 2048, 2049, 2049, 2049, 2049]",
1292,11353,23,22,2026-08-23T14:02:15.997000+00:00,26.612,28.811,23.595,,271.0,False,79.018,"[None, 2049, 2048, 2048, 2048, 2048, 2048, 2048]","[2048, 2048, 2048, 2048, 2048, 2048, 2048, 2048]","[2048, 2048, 2048, 2048, 2048, 2048, 2048, 2048]",307.0
1292,11353,14,22,2026-08-23T14:02:16.799000+00:00,26.667,28.811,23.723,,264.0,False,79.201,"[None, 2048, 2048, 2048, 2048, 2048, 2048, 2048]","[2048, 2048, 2048, 2048, 2048, 2048, 2048, 2048]","[2048, 2048, 2048, 2048, 2048, 2048, 2048]",300.0
1292,11353,55,22,2026-08-23T14:02:23.674000+00:00,26.632,29.083,23.666,287.0,274.0,False,79.381,"[None, 2048, 2048, 2048, 2048, 2048, 2049, 2049]","[2049, 2048, 2048, 2048, 2048, 2048, 2048, 2048]","[2048, 2048, 2048, 2048, 2048, 2048, 2048, 2048]",308.0
1292,11353,41,22,2026-08-23T14:02:25.356000+00:00,26.648,28.885,23.43,276.0,273.0,False,78.963,"[None, 2048, 2048, 2048, 2048, 2048, 2048, 2048]","[2048, 2048, 2048, 2048, 2048, 2048, 2048, 2048]","[2048, 2048, 2049, 2048, 2048, 2048, 2048, 2048]",304.0
1292,11353,10,22,2026-08-23T14:02:25.997000+00:00,26.651,28.577,23.608,281.0,277.0,False,78.836,"[2049, 2048, 2048, 2048, 2048, 2048, 2048, 2048]","[2048, 2048, 2048, 2048, 2048, 2048, 2048, 2048]","[2048, 2048, 2048, 2048, 2048, 2049, 2049, 2049]",296.0
1292,11353,27,22,2026-08-23T14:02:26.176000+00:00,27.076,28.251,23.649,263.0,267.0,False,78.976,"[2048, 2048, 2048, 2048, 2048, 2048, 2048, 2048]","[2048, 2048, 2049, 2048, 2048, 2048, 2048, 2048]","[2048, 2048, 2048, 2048, 2048, 2048, 2048, 2048]",294.0
1292,11353,22,22,2026-08-23T14:02:28.230000+00:00,26.433,28.822,23.356,276.0,271.0,False,78.611,"[None, 2048, 2048, 2048, 2049, 2048, 2048, 2048]","[2048, 2048, 2048, 2048, 2048, 2048, 2048, 2048]","[2048, 2048, 2048, 2048, 2048, 2048, 2048, 2048]",301.0
1292,11353,5,22,2026-08-23T14:02:30.386000+00:00,,28.445,23.498,,276.0,False,78.658,"[None, 2048, 2048, 2048, 2048, 2048, 2048, 2048]","[2048, 2048, 2048, 2048, 2048, 2048, 2048, 2048]","[2048, 2048, 2048, 2048, 2048, 2048, 2048, 2048]",292.0
1292,11353,77,22,2026-08-23T14:02:36.011000+00:00,27.115,29.398,23.853,,261.0,False,80.366,"[None, 2048, 2048, 2048, 2048, 2049, 2048, 2048]","[2048, 2048, 2048, 2048, 2048, 2048, 2048, 2048]","[2048, 2048, 2048, 2048, 2048, 2048, 2048, 2048]",286.0
1292,11353,11,22,2026-08-23T14:02:37.730000+00:00,26.955,29.257,23.797,277.0,272.0,False,80.009,"[None, 2048, 2048, 2048, 2048, 2048, 2049, 2048]","[2048, 2048, 2048, 2048, 2048, 2048, 2048, 2048]","[2049, 2048, 2048, 2048, 2048, 2048, 2048, 2048]",287.0
1292,11353,31,22,2026-08-23T14:02:38.230000+00:00,27.047,28.91,23.744,,268.0,False,79.701,"[None, 2048, 2048, 2048, 2048, 2048, 2048, 2048]","[2048, 2048, 2048, 2048, 2048, 2048, 2048, 2048]","[2048, 2048, 2048, 2048, 2049, 2048, 2048, 2048]",299.0
1292,11353,18,22,2026-08-23T14:02:39.699000+00:00,26.918,28.822,23.996,,269.0,False,79.736,"[None, 2048, 2048, 2048, 2048, 2048, 2048, 2048]","[2048, 2048, 2048, 2048, 2048, 2048, 2048, 2048]","[2048, 2048, 2048, 2048, 2048, 2048, 2048, 2048]",293.0
1292,11353,43,22,2026-08-23T14:02:41.997000+00:00,44.818,28.466,23.514,287.0,278.0,True,96.798,"[2064, 2064, 2064, 2048, 2048, 2048, 2048, 2048]","[2048, 2048, 2048, 2048, 2048, 2048, 2048, 2048]","[2049, 2048, 2049, 2048, 2048, 2048, 2048, 2048]",
1292,11353,44,23,2026-08-23T14:03:04.208000+00:00,26.389,28.183,23.299,283.0,270.0,False,77.871,"[None, 2048, 2048, 2048, 2048, 2048, 2048, 2048]","[2048, 2048, 2048, 2049, 2048, 2048, 2048, 2048]","[2049, 2048, 2048, 2048, 2048, 2048, 2048, 2048]",304.0
1292,11353,12,23,2026-08-23T14:03:12.115000+00:00,25.706,27.354,22.744,283.0,275.0,False,75.804,"[2048, 2048, 2049, 2049, 2048, 2049, 2049, 2048]","[2048, 2048, 2048, 2048, 2048, 2048, 2049, 2048]","[2048, 2048, 2048, 2049, 2049, 2049, 2048, 2048]",295.0
1292,11353,1,23,2026-08-23T14:03:13.562000+00:00,25.782,27.335,22.852,283.0,276.0,False,75.969,"[2048, 2048, 2051, 2051, 2048, 2048, 2048, 2048]","[2048, 2048, 2048, 2048, 2048, 2048, 2048, 2048]","[2048, 2048, 2051, 2049, 2048, 2048, 2048, 2048]",302.0
1292,11353,63,23,2026-08-23T14:03:16.533000+00:00,25.779,27.721,22.795,279.0,275.0,False,76.295,"[None, 2048, 2048, 2048, 2048, 2051, 2048, 2048]","[2048, 2048, 2048, 2049, 2048, 2048, 2048, 2048]","[2048, 2049, 2049, 2048, 2048, 2048, 2048, 2048]",312.0
1292,11353,81,23,2026-08-23T14:03:17.450000+00:00,25.917,27.64,23.146,289.0,279.0,False,76.703,"[None, 2048, 2048, 2048, 2048, 2048, 2048, 2048]","[2048, 2048, 2049, 2048, 2048, 2048, 2048, 2048]","[2048, 2048, 2048, 2048, 2048, 2048, 2048, 2048]",
1292,11353,16,23,2026-08-23T14:03:23.545000+00:00,25.92,27.056,22.813,277.0,267.0,False,75.789,"[2048, 2048, 2049, 2049, 2049, 2049, 2048, 2048]","[2048, 2049, 2051, 2051, 2049, 2048, 2048, 2048]","[2049, 2048, 2048, 2049, 2048, 2048, 2048]",304.0
1292,11353,23,23,2026-08-23T14:03:35.038000+00:00,26.63,28.862,23.752,280.0,274.0,False,79.244,"[None, 2048, 2048, 2048, 2048, 2048, 2048, 2048]","[2048, 2048, 2048, 2048, 2048, 2048, 2048, 2048]","[2048, 2048, 2048, 2048, 2048, 2048, 2048, 2048]",305.0
1292,11353,14,23,2026-08-23T14:03:35.929000+00:00,27.158,28.975,23.893,273.0,266.0,False,80.026,"[None, 2048, 2048, 2048, 2048, 2048, 2049, 2048]","[2048, 2048, 2048, 2048, 2048, 2048, 2048, 2048]","[2048, 2048, 2048, 2048, 2048, 2048, 2048, 2048]",280.0
1292,11353,30,23,2026-08-23T14:03:36.273000+00:00,26.308,28.038,23.903,284.0,263.0,False,78.249,"[2049, 2048, 2048, 2048, 2048, 2048, 2049, 2049]","[2048, 2048, 2048, 2049, 2048, 2048, 2048, 2048]","[2048, 2048, 2048, 2048, 2048, 2048, 2048, 2048]",293.0
1292,11353,55,23,2026-08-23T14:03:42.936000+00:00,26.643,29.347,23.697,288.0,276.0,False,79.687,"[None, 2048, 2048, 2048, 2048, 2048, 2048, 2048]","[2049, 2048, 2048, 2048, 2048, 2048, 2048, 2048]","[2048, 2048, 2048, 2048, 2048, 2048, 2048, 2048]",306.0
1292,11353,41,23,2026-08-23T14:03:44.316000+00:00,26.652,29.106,23.813,,288.0,False,79.571,"[None, 2048, 2048, 2048, 2048, 2048, 2048, 2048]","[2048, 2048, 2048, 2048, 2048, 2048, 2048, 2048]","[2048, 2048, 2048, 2048, 2048, 2048, 2048]",311.0
1292,11353,10,23,2026-08-23T14:03:44.807000+00:00,26.817,28.611,23.914,273.0,287.0,False,79.342,"[2048, 2048, 2048, 2048, 2048, 2048, 2048, 2048]","[2048, 2048, 2048, 2048, 2048, 2048, 2048, 2049]","[2048, 2048, 2048, 2048, 2048, 2051, 2051, 2051]",279.0
1292,11353,27,23,2026-08-23T14:03:45.201000+00:00,26.864,28.343,24.094,271.0,283.0,False,79.301,"[None, 2048, 2048, 2048, 2048, 2048, 2048, 2048]","[2048, 2048, 2048, 2048, 2048, 2048, 2048, 2048]","[2048, 2048, 2048, 2048, 2048, 2048, 2048, 2048]",280.0
1292,11353,22,23,2026-08-23T14:03:46.926000+00:00,26.619,28.825,23.465,277.0,274.0,False,78.909,"[None, 2048, 2048, 2048, 2048, 2048, 2048, 2048]","[2048, 2048, 2048, 2048, 2048, 2048, 2048, 2048]","[2048, 2048, 2048, 2048, 2049, 2048, 2048, 2048]",
1292,11353,5,23,2026-08-23T14:03:49.058000+00:00,26.837,28.631,23.517,274.0,274.0,False,78.985,"[None, 2048, 2048, 2048, 2048, 2048, 2048, 2048]","[2048, 2048, 2048, 2048, 2048, 2048, 2048, 2048]","[2048, 2048, 2048, 2048, 2048, 2048, 2048, 2048]",291.0
1292,11353,77,23,2026-08-23T14:03:56.364000+00:00,27.122,29.356,23.924,279.0,261.0,False,80.402,"[None, 2048, 2048, 2048, 2048, 2048, 2048, 2048]","[2048, 2048, 2048, 2048, 2048, 2048, 2048, 2048]","[2048, 2048, 2048, 2048, 2048, 2048, 2048, 2048]",287.0
1292,11353,11,23,2026-08-23T14:03:57.703000+00:00,27.277,29.273,23.899,,258.0,False,80.449,"[None, 2048, 2048, 2048, 2048, 2048, 2048, 2048]","[2048, 2048, 2048, 2048, 2048, 2048, 2048, 2048]","[2048, 2048, 2048, 2048, 2048, 2048, 2048, 2048]",286.0
1292,11353,31,23,2026-08-23T14:03:58.077000+00:00,27.521,28.938,23.916,270.0,274.0,False,80.375,"[None, 2048, 2048, 2048, 2048, 2048, 2048, 2048]","[2048, 2048, 2048, 2048, 2048, 2048, 2048, 2048]","[2048, 2048, 2048, 2048, 2049, 2049, 2048, 2048]",295.0
1292,11353,18,23,2026-08-23T14:03:59.397000+00:00,27.064,28.716,23.922,,269.0,False,79.702,"[None, 2048, 2048, 2048, 2048, 2048, 2048, 2048]","[2048, 2048, 2048, 2048, 2048, 2048, 2048, 2048]","[2048, 2048, 2048, 2048, 2049, 2049, 2048, 2048]",283.0
1292,11353,43,23,2026-08-23T14:04:18.720000+00:00,26.684,28.147,23.415,274.0,273.0,False,78.246,"[2048, 2048, 2049, 2049, 2049, 2048, 2048, 2048]","[2048, 2048, 2048, 2049, 2048, 2048, 2048, 2048]","[2048, 2049, 2049, 2049, 2048, 2048, 2048, 2048]",295.0
1292,11353,44,24,2026-08-23T14:04:22.248000+00:00,26.228,28.069,23.418,281.0,265.0,False,77.715,"[None, 2048, 2048, 2048, 2048, 2048, 2048, 2048]","[2048, 2048, 2048, 2048, 2048, 2048, 2048, 2048]","[2048, 2048, 2048, 2048, 2048, 2048, 2048, 2048]",309.0
1292,11353,12,24,2026-08-23T14:04:27.863000+00:00,25.772,27.542,22.831,285.0,275.0,False,76.145,"[None, 2048, 2048, 2049, 2048, 2048, 2048, 2048]","[2049, 2048, 2048, 2048, 2048, 2048, 2048, 2048]","[2048, 2048, 2048, 2048, 2048, 2048, 2049, 2048]",293.0
1292,11353,1,24,2026-08-23T14:04:29.547000+00:00,25.752,27.576,22.938,284.0,274.0,False,76.266,"[None, 2048, 2051, 2048, 2048, 2048, 2048, 2048]","[2048, 2048, 2048, 2048, 2048, 2048, 2048, 2048]","[2048, 2048, 2048, 2049, 2048, 2048, 2048, 2048]",303.0
1292,11353,63,24,2026-08-23T14:04:32.955000+00:00,25.8,27.875,22.94,280.0,272.0,False,76.615,"[None, 2048, 2048, 2049, 2049, 2048, 2048, 2048]","[2048, 2048, 2048, 2048, 2048, 2048, 2048, 2048]","[2048, 2048, 2048, 2048, 2048, 2048, 2048]",310.0
1292,11353,81,24,2026-08-23T14:04:34.236000+00:00,25.929,27.703,23.147,281.0,277.0,False,76.779,"[2048, 2048, 2048, 2048, 2048, 2048, 2048, 2048]","[2048, 2049, 2048, 2048, 2048, 2048, 2048, 2048]","[2048, 2048, 2049, 2048, 2048, 2048, 2048, 2048]",312.0
1292,11353,16,24,2026-08-23T14:04:38.951000+00:00,25.973,27.165,22.785,,268.0,False,75.923,"[None, 2048, 2048, 2048, 2049, 2048, 2049, 2048]","[2048, 2049, 2048, 2051, 2048, 2048, 2048, 2048]","[2048, 2048, 2049, 2049, 2048, 2048, 2048, 2048]",302.0
1292,11353,23,24,2026-08-23T14:04:54.275000+00:00,27.346,29.026,23.699,283.0,274.0,False,80.071,"[None, 2048, 2048, 2048, 2048, 2048, 2048, 2048]","[2049, 2048, 2048, 2048, 2048, 2048, 2048, 2048]","[2048, 2048, 2048, 2048, 2048, 2048, 2048, 2048]",295.0
1292,11353,30,24,2026-08-23T14:04:54.478000+00:00,26.445,27.603,23.186,277.0,272.0,False,77.234,"[2048, 2048, 2048, 2048, 2048, 2048, 2048, 2048]","[2048, 2048, 2048, 2049, 2049, 2048, 2049, 2048]","[2048, 2048, 2049, 2048, 2048, 2048, 2048, 2048]",307.0
1292,11353,14,24,2026-08-23T14:04:56.069000+00:00,26.785,28.591,23.749,,269.0,False,79.125,"[None, 2048, 2048, 2048, 2048, 2048, 2048, 2048]","[2048, 2048, 2048, 2048, 2048, 2048, 2048, 2048]","[2049, 2048, 2048, 2048, 2048, 2048, 2048, 2048]",292.0
1292,11353,55,24,2026-08-23T14:05:02.597000+00:00,26.762,29.158,23.796,277.0,275.0,False,79.716,"[None, 2048, 2048, 2048, 2048, 2048, 2048, 2048]","[2048, 2048, 2048, 2048, 2048, 2048, 2048, 2048]","[2048, 2048, 2048, 2048, 2048, 2048, 2048, 2048]",
1292,11353,41,24,2026-08-23T14:05:03.769000+00:00,26.827,28.806,23.657,273.0,284.0,False,79.29,"[None, 2048, 2048, 2048, 2048, 2048, 2048, 2048]","[2048, 2048, 2048, 2048, 2048, 2048, 2048, 2048]","[2048, 2048, 2048, 2048, 2048, 2048, 2048, 2048]",
1292,11353,10,24,2026-08-23T14:05:04.103000+00:00,27.139,28.529,23.724,276.0,285.0,False,79.392,"[2051, 2048, 2048, 2048, 2048, 2048, 2048, 2048]","[2048, 2048, 2048, 2048, 2048, 2048, 2048, 2049]","[2048, 2048, 2048, 2048, 2048, 2048, 2048, 2048]",295.0
1292,11353,27,24,2026-08-23T14:05:04.369000+00:00,27.129,28.188,24.587,274.0,299.0,False,79.904,"[None, 2048, 2048, 2048, 2048, 2048, 2048, 2048]","[2048, 2048, 2048, 2048, 2048, 2048, 2048, 2051]","[2048, 2048, 2048, 2048, 2048, 2048, 2048, 2048]",286.0
1292,11353,22,24,2026-08-23T14:05:05.824000+00:00,26.677,28.915,23.412,278.0,276.0,False,79.004,"[None, 2048, 2048, 2048, 2048, 2048, 2048, 2048]","[2048, 2048, 2048, 2048, 2048, 2048, 2048, 2048]","[2048, 2048, 2048, 2048, 2049, 2049, 2048, 2048]",296.0
1292,11353,5,24,2026-08-23T14:05:07.998000+00:00,26.747,28.533,23.595,,275.0,False,78.875,"[None, 2048, 2048, 2048, 2048, 2048, 2048, 2048]","[2048, 2048, 2048, 2048, 2048, 2048, 2048, 2048]","[2049, 2048, 2048, 2048, 2048, 2048, 2048, 2048]",293.0
1292,11353,77,24,2026-08-23T14:05:16.796000+00:00,27.16,29.081,23.968,281.0,263.0,False,80.209,"[None, 2048, 2048, 2048, 2048, 2048, 2048, 2048]","[2048, 2048, 2048, 2048, 2048, 2048, 2048, 2048]","[2048, 2048, 2048, 2048, 2048, 2048, 2048, 2048]",288.0
1292,11353,11,24,2026-08-23T14:05:18.202000+00:00,27.477,29.584,24.449,281.0,262.0,False,81.51,"[None, 2048, 2048, 2048, 2048, 2048, 2048, 2048]","[2048, 2048, 2048, 2048, 2048, 2048, 2048, 2048]","[2048, 2048, 2048, 2048, 2048, 2049, 2048, 2048]",276.0
1292,11353,31,24,2026-08-23T14:05:18.405000+00:00,26.802,28.64,23.733,275.0,262.0,False,79.175,"[None, 2048, 2048, 2048, 2048, 2048, 2048, 2048]","[2048, 2048, 2048, 2048, 2048, 2048, 2048, 2048]","[2048, 2048, 2048, 2048, 2048, 2048, 2048, 2048]",299.0
1292,11353,18,24,2026-08-23T14:05:19.140000+00:00,27.03,28.998,23.773,276.0,281.0,False,79.801,"[None, 2048, 2048, 2048, 2048, 2048, 2049, 2049]","[2048, 2048, 2048, 2048, 2048, 2048, 2048, 2048]","[2048, 2048, 2048, 2048, 2048, 2048, 2048]",290.0
1292,11353,43,24,2026-08-23T14:05:37.061000+00:00,26.236,27.961,23.291,272.0,265.0,False,77.488,"[None, 2051, 2049, 2049, 2049, 2048, 2049, 2048]","[2048, 2049, 2049, 2049, 2048, 2048, 2048, 2048]","[2048, 2049, 2049, 2049, 2048, 2048, 2048, 2048]",315.0
1292,11353,44,25,2026-08-23T14:05:39.940000+00:00,26.392,28.251,26.336,282.0,271.0,False,80.979,"[None, 2048, 2048, 2048, 2048, 2048, 2048, 2048]","[2048, 2048, 2048, 2048, 2048, 2048, 2048, 2048]","[2048, 2048, 2048, 2048, 2048, 2048, 2064, 2064]",308.0
1292,11353,12,25,2026-08-23T14:05:44.174000+00:00,25.828,27.53,22.907,,277.0,False,76.265,"[None, 2048, 2048, 2048, 2048, 2048, 2048, 2048]","[2048, 2048, 2048, 2048, 2048, 2048, 2048, 2048]","[2048, 2048, 2048, 2048, 2048, 2048, 2049, 2048]",290.0
1292,11353,1,25,2026-08-23T14:05:45.752000+00:00,25.695,27.491,22.958,,274.0,False,76.144,"[None, 2048, 2048, 2048, 2049, 2048, 2048, 2048]","[2048, 2048, 2048, 2048, 2048, 2048, 2048, 2048]","[2048, 2048, 2048, 2049, 2048, 2048, 2048, 2048]",
1292,11353,63,25,2026-08-23T14:05:49.549000+00:00,25.946,27.786,22.931,279.0,272.0,False,76.663,"[None, 2048, 2048, 2048, 2048, 2048, 2049, 2048]","[2048, 2048, 2048, 2048, 2048, 2048, 2048, 2048]","[2048, 2048, 2048, 2048, 2048, 2048, 2048, 2048]",312.0
1292,11353,81,25,2026-08-23T14:05:50.877000+00:00,26.011,27.705,23.069,,276.0,False,76.785,"[None, 2048, 2048, 2048, 2048, 2048, 2048, 2048]","[2048, 2048, 2048, 2048, 2048, 2048, 2048, 2048]","[2048, 2048, 2049, 2048, 2048, 2048, 2048, 2048]",
1292,11353,16,25,2026-08-23T14:05:54.956000+00:00,25.964,27.095,22.73,278.0,268.0,False,75.789,"[None, 2048, 2048, 2048, 2048, 2049, 2049, 2048]","[2048, 2051, 2048, 2051, 2048, 2048, 2048, 2048]","[2048, 2048, 2048, 2049, 2049, 2048, 2048]",307.0
1292,11353,30,25,2026-08-23T14:06:11.699000+00:00,26.116,27.624,23.054,280.0,270.0,False,76.794,"[None, 2048, 2049, 2048, 2049, 2048, 2048, 2048]","[2048, 2049, 2049, 2049, 2048, 2048, 2048, 2048]","[2048, 2049, 2048, 2049, 2048, 2048, 2048, 2048]",300.0
1292,11353,23,25,2026-08-23T14:06:14.371000+00:00,26.621,28.725,23.791,280.0,273.0,False,79.137,"[None, 2048, 2048, 2048, 2048, 2048, 2049, 2048]","[2048, 2048, 2048, 2048, 2048, 2048, 2048, 2048]","[2048, 2048, 2049, 2048, 2048, 2048, 2048, 2048]",308.0
1292,11353,14,25,2026-08-23T14:06:15.176000+00:00,26.545,28.717,23.746,275.0,271.0,False,79.008,"[None, 2048, 2048, 2049, 2048, 2048, 2049, 2048]","[2049, 2048, 2048, 2048, 2048, 2048, 2048, 2048]","[2048, 2048, 2048, 2048, 2048, 2048, 2048, 2048]",300.0
1292,11353,55,25,2026-08-23T14:06:22.377000+00:00,26.69,29.231,23.706,279.0,272.0,False,79.627,"[None, 2048, 2048, 2048, 2048, 2048, 2048, 2048]","[2048, 2048, 2048, 2048, 2048, 2048, 2048, 2048]","[2048, 2048, 2049, 2048, 2048, 2048, 2048, 2048]",311.0
1292,11353,41,25,2026-08-23T14:06:23.206000+00:00,26.69,29.095,23.518,276.0,275.0,False,79.303,"[None, 2048, 2048, 2048, 2048, 2048, 2048, 2048]","[2048, 2048, 2048, 2048, 2048, 2048, 2048, 2048]","[2048, 2048, 2048, 2048, 2048, 2049, 2048, 2048]",308.0
1292,11353,10,25,2026-08-23T14:06:23.409000+00:00,27.107,28.724,23.531,281.0,281.0,False,79.362,"[2048, 2048, 2048, 2048, 2048, 2048, 2048, 2048]","[2048, 2048, 2048, 2048, 2048, 2048, 2048, 2048]","[2048, 2048, 2048, 2048, 2049, 2048, 2051, 2048]",272.0
1292,11353,27,25,2026-08-23T14:06:24.270000+00:00,26.757,28.432,23.942,,274.0,False,79.131,"[None, 2048, 2048, 2048, 2048, 2048, 2048, 2048]","[2048, 2048, 2048, 2048, 2048, 2048, 2048, 2048]","[2048, 2048, 2048, 2048, 2048, 2048, 2048, 2048]",298.0
1292,11353,22,25,2026-08-23T14:06:24.872000+00:00,26.764,28.715,23.625,282.0,276.0,False,79.104,"[None, 2048, 2048, 2048, 2048, 2048, 2048, 2048]","[2048, 2048, 2048, 2048, 2048, 2048, 2048, 2048]","[2048, 2048, 2048, 2048, 2048, 2049, 2049, 2049]",274.0
1292,11353,5,25,2026-08-23T14:06:26.927000+00:00,26.74,28.57,23.708,275.0,275.0,False,79.018,"[None, 2048, 2048, 2048, 2048, 2048, 2048, 2048]","[2048, 2048, 2048, 2048, 2048, 2048, 2048, 2048]","[2048, 2048, 2048, 2048, 2048, 2048, 2048, 2048]",
1292,11353,77,25,2026-08-23T14:06:37.033000+00:00,26.941,29.363,24.496,278.0,262.0,False,80.8,"[None, 2048, 2048, 2048, 2048, 2049, 2049, 2048]","[2048, 2048, 2048, 2048, 2048, 2048, 2048, 2048]","[2048, 2048, 2048, 2048, 2048, 2048, 2048, 2048]",296.0
1292,11353,31,25,2026-08-23T14:06:37.548000+00:00,26.946,28.779,23.559,279.0,289.0,False,79.284,"[None, 2048, 2048, 2048, 2048, 2048, 2048, 2048]","[2048, 2048, 2048, 2048, 2048, 2048, 2048, 2049]","[2048, 2048, 2048, 2048, 2048, 2048, 2048]",
1292,11353,18,25,2026-08-23T14:06:38.831000+00:00,26.996,28.624,23.995,269.0,269.0,False,79.615,"[None, 2048, 2048, 2048, 2048, 2048, 2048, 2048]","[2048, 2048, 2048, 2048, 2048, 2048, 2048, 2048]","[2048, 2048, 2048, 2048, 2048, 2048, 2048, 2048]",283.0
1292,11353,11,25,2026-08-23T14:06:39.748000+00:00,27.215,29.398,23.966,280.0,265.0,False,80.579,"[None, 2048, 2048, 2048, 2048, 2048, 2048, 2048]","[2048, 2048, 2048, 2048, 2048, 2048, 2048, 2048]","[2048, 2048, 2048, 2048, 2048, 2048, 2048, 2048]",
1292,11353,43,25,2026-08-23T14:06:54.521000+00:00,26.16,27.954,23.34,278.0,274.0,False,77.454,"[None, 2048, 2049, 2048, 2048, 2049, 2048, 2048]","[2048, 2049, 2048, 2048, 2048, 2048, 2048, 2048]","[2048, 2048, 2048, 2049, 2048, 2048, 2048, 2048]",304.0
1292,11353,12,26,2026-08-23T14:07:00.337000+00:00,25.747,27.592,22.869,283.0,275.0,False,76.208,"[None, 2048, 2048, 2048, 2051, 2048, 2048, 2048]","[2048, 2048, 2048, 2048, 2048, 2048, 2048, 2048]","[2048, 2048, 2048, 2048, 2048, 2049, 2049, 2048]",289.0
1292,11353,44,26,2026-08-23T14:07:00.915000+00:00,42.979,27.174,22.761,281.0,270.0,True,92.914,"[2064, 2064, 2064, 2048, 2048, 2048, 2048, 2048]","[2048, 2048, 2048, 2049, 2051, 2049, 2049, 2048]","[2048, 2049, 2049, 2049, 2048, 2048, 2048, 2048]",
1292,11353,1,26,2026-08-23T14:07:01.898000+00:00,25.788,27.427,23.027,280.0,276.0,False,76.242,"[None, 2048, 2048, 2048, 2049, 2048, 2051, 2048]","[2048, 2048, 2048, 2048, 2048, 2048, 2048, 2048]","[2049, 2048, 2048, 2048, 2048, 2049, 2048, 2048]",
1292,11353,63,26,2026-08-23T14:07:06.302000+00:00,25.913,27.893,22.883,,275.0,False,76.689,"[None, 2048, 2048, 2048, 2048, 2048, 2049, 2048]","[2048, 2048, 2048, 2048, 2048, 2048, 2048, 2048]","[2049, 2048, 2048, 2048, 2048, 2048, 2048, 2048]",313.0
1292,11353,81,26,2026-08-23T14:07:07.714000+00:00,25.804,27.742,23.071,,277.0,False,76.617,"[None, 2048, 2048, 2049, 2048, 2051, 2049, 2048]","[2048, 2048, 2048, 2048, 2048, 2048, 2048, 2048]","[2048, 2048, 2048, 2048, 2048, 2048, 2048, 2048]",311.0
1292,11353,16,26,2026-08-23T14:07:10.947000+00:00,26.043,27.256,22.831,275.0,268.0,False,76.13,"[None, 2048, 2048, 2048, 2048, 2048, 2048, 2048]","[2048, 2048, 2048, 2048, 2048, 2048, 2048, 2048]","[2049, 2048, 2048, 2048, 2048, 2048, 2048]",308.0
1292,11353,30,26,2026-08-23T14:07:28.498000+00:00,26.217,27.636,23.002,284.0,271.0,False,76.855,"[None, 2048, 2048, 2048, 2048, 2048, 2048, 2048]","[2048, 2048, 2048, 2049, 2048, 2048, 2048, 2048]","[2048, 2049, 2049, 2049, 2048, 2048, 2048, 2048]",295.0
1292,11353,23,26,2026-08-23T14:07:33.457000+00:00,26.718,28.847,26.547,281.0,273.0,False,82.112,"[None, 2048, 2048, 2048, 2048, 2048, 2049, 2048]","[2048, 2048, 2048, 2048, 2048, 2048, 2048, 2048]","[2048, 2048, 2048, 2048, 2048, 2048, 2064, 2064]",307.0
1292,11353,14,26,2026-08-23T14:07:34.233000+00:00,26.614,28.953,23.686,274.0,266.0,False,79.253,"[None, 2048, 2048, 2048, 2048, 2049, 2049, 2048]","[2048, 2048, 2048, 2048, 2048, 2048, 2048, 2048]","[2048, 2048, 2048, 2048, 2048, 2048, 2048, 2048]",
1292,11353,55,26,2026-08-23T14:07:42.019000+00:00,26.931,29.283,23.766,280.0,271.0,False,79.98,"[None, 2048, 2048, 2048, 2048, 2048, 2048, 2048]","[2048, 2048, 2048, 2048, 2048, 2048, 2048, 2048]","[2048, 2048, 2049, 2048, 2048, 2048, 2048, 2048]",302.0
1292,11353,41,26,2026-08-23T14:07:42.472000+00:00,27.068,29.223,24.088,278.0,292.0,False,80.379,"[None, 2048, 2048, 2048, 2048, 2048, 2048, 2048]","[2048, 2048, 2048, 2048, 2048, 2048, 2048, 2048]","[2048, 2048, 2048, 2048, 2048, 2048, 2048, 2048]",295.0
1292,11353,10,26,2026-08-23T14:07:42.801000+00:00,27.15,28.733,24.801,282.0,284.0,False,80.684,"[None, 2048, 2048, 2048, 2048, 2048, 2048, 2048]","[2048, 2048, 2048, 2048, 2048, 2048, 2048, 2048]","[2048, 2048, 2048, 2048, 2048, 2048, 2048, 2048]",293.0
1292,11353,27,26,2026-08-23T14:07:43.441000+00:00,26.96,28.879,23.69,275.0,281.0,False,79.529,"[None, 2048, 2048, 2048, 2048, 2048, 2048, 2048]","[2048, 2048, 2048, 2048, 2048, 2048, 2048, 2048]","[2048, 2048, 2048, 2048, 2048, 2049, 2049]",302.0
1292,11353,22,26,2026-08-23T14:07:44.097000+00:00,26.819,29.022,24.014,,278.0,False,79.855,"[None, 2048, 2048, 2048, 2048, 2048, 2048, 2048]","[2048, 2048, 2048, 2048, 2048, 2048, 2048, 2048]","[2048, 2048, 2048, 2048, 2049, 2051, 2051, 2051]",273.0
1292,11353,5,26,2026-08-23T14:07:45.941000+00:00,26.9,28.541,23.79,,275.0,False,79.231,"[None, 2048, 2048, 2048, 2048, 2048, 2048, 2048]","[2048, 2048, 2048, 2048, 2048, 2048, 2048, 2048]","[2048, 2048, 2048, 2048, 2048, 2048, 2048, 2048]",
1292,11353,31,26,2026-08-23T14:07:56.729000+00:00,26.751,28.228,23.421,271.0,262.0,False,78.4,"[None, 2048, 2048, 2048, 2048, 2048, 2048, 2048]","[2048, 2048, 2049, 2048, 2048, 2048, 2048, 2048]","[2048, 2048, 2048, 2048, 2048, 2048, 2048, 2048]",
1292,11353,77,26,2026-08-23T14:07:57.749000+00:00,27.116,29.335,24.598,282.0,268.0,False,81.049,"[None, 2048, 2048, 2048, 2048, 2048, 2048, 2048]","[2048, 2048, 2048, 2048, 2048, 2048, 2048, 2048]","[2048, 2048, 2048, 2048, 2048, 2048, 2048, 2048]",297.0
1292,11353,18,26,2026-08-23T14:07:58.580000+00:00,26.933,28.757,23.938,276.0,283.0,False,79.628,"[None, 2048, 2048, 2048, 2048, 2048, 2048, 2049]","[2048, 2048, 2048, 2048, 2048, 2048, 2048, 2049]","[2048, 2048, 2048, 2048, 2048, 2048, 2048, 2048]",288.0
1292,11353,11,26,2026-08-23T14:08:00.236000+00:00,27.136,29.356,23.87,,260.0,False,80.362,"[None, 2048, 2048, 2048, 2048, 2048, 2048, 2048]","[2048, 2049, 2048, 2048, 2048, 2048, 2048, 2048]","[2048, 2048, 2048, 2048, 2049, 2048, 2048, 2048]",300.0
1292,11353,43,26,2026-08-23T14:08:12.026000+00:00,26.172,27.887,23.174,288.0,276.0,False,77.233,"[None, 2048, 2048, 2048, 2048, 2048, 2049, 2049]","[2048, 2049, 2048, 2048, 2048, 2048, 2048, 2048]","[2049, 2048, 2049, 2049, 2049, 2048, 2048, 2048]",292.0
1292,11353,12,27,2026-08-23T14:08:16.517000+00:00,25.702,27.653,22.769,285.0,276.0,False,76.124,"[None, 2048, 2048, 2049, 2048, 2049, 2048, 2048]","[2048, 2048, 2048, 2048, 2048, 2048, 2048, 2048]","[2048, 2048, 2048, 2048, 2048, 2049, 2049, 2048]",296.0
1292,11353,1,27,2026-08-23T14:08:18.177000+00:00,25.696,27.305,22.81,282.0,280.0,False,75.811,"[None, 2048, 2048, 2048, 2048, 2049, 2048, 2048]","[2048, 2048, 2049, 2048, 2048, 2048, 2048, 2048]","[2048, 2048, 2051, 2049, 2048, 2049, 2049, 2049]",307.0
1292,11353,63,27,2026-08-23T14:08:22.872000+00:00,25.826,27.87,22.821,280.0,273.0,False,76.517,"[None, 2049, 2048, 2049, 2048, 2048, 2048, 2048]","[2048, 2048, 2048, 2048, 2048, 2048, 2049, 2048]","[2048, 2048, 2048, 2048, 2048, 2048, 2048, 2048]",314.0
1292,11353,81,27,2026-08-23T14:08:24.298000+00:00,25.906,27.851,23.202,278.0,276.0,False,76.959,"[None, 2048, 2048, 2048, 2048, 2048, 2049, 2048]","[2048, 2048, 2049, 2048, 2048, 2048, 2048, 2048]","[2048, 2048, 2048, 2048, 2048, 2048, 2048, 2048]",312.0
1292,11353,16,27,2026-08-23T14:08:26.965000+00:00,25.942,27.298,22.641,276.0,279.0,False,75.881,"[None, 2048, 2048, 2048, 2048, 2048, 2048, 2048]","[2048, 2048, 2048, 2048, 2048, 2048, 2048, 2048]","[2049, 2048, 2048, 2051, 2051, 2048, 2048, 2048]",
1292,11353,44,27,2026-08-23T14:08:33.857000+00:00,25.898,27.392,22.692,278.0,268.0,False,75.982,"[2048, 2048, 2051, 2049, 2049, 2049, 2048, 2048]","[2048, 2048, 2049, 2048, 2048, 2048, 2048, 2048]","[2049, 2049, 2048, 2049, 2048, 2048, 2048, 2048]",299.0
1292,11353,30,27,2026-08-23T14:08:45.514000+00:00,26.29,27.54,23.022,282.0,271.0,False,76.852,"[None, 2048, 2048, 2048, 2048, 2048, 2048, 2048]","[2048, 2048, 2049, 2048, 2048, 2048, 2048, 2048]","[2049, 2048, 2048, 2048, 2048, 2048, 2048, 2048]",292.0
1292,11353,14,27,2026-08-23T14:08:53.398000+00:00,26.46,28.777,23.64,270.0,263.0,False,78.877,"[None, 2048, 2048, 2049, 2049, 2049, 2048, 2048]","[2048, 2048, 2048, 2048, 2048, 2048, 2048, 2048]","[2048, 2048, 2049, 2048, 2048, 2048, 2048, 2048]",295.0
1292,11353,23,27,2026-08-23T14:08:55.570000+00:00,43.061,27.971,23.332,277.0,273.0,True,94.364,"[2064, 2064, 2064, 2048, 2048, 2048, 2048, 2048]","[2048, 2048, 2048, 2049, 2049, 2048, 2049, 2048]","[2048, 2049, 2049, 2048, 2048, 2048, 2048, 2048]",
1292,11353,55,27,2026-08-23T14:09:02.063000+00:00,26.726,29.237,23.716,279.0,275.0,False,79.679,"[None, 2048, 2049, 2048, 2048, 2048, 2048, 2048]","[2048, 2048, 2048, 2048, 2048, 2048, 2048, 2048]","[2048, 2048, 2048, 2048, 2048, 2048, 2048]",306.0
1292,11353,41,27,2026-08-23T14:09:02.829000+00:00,27.1,29.513,23.719,261.0,282.0,False,80.332,"[None, 2048, 2048, 2048, 2048, 2048, 2048, 2048]","[2048, 2048, 2048, 2048, 2048, 2048, 2048, 2048]","[2048, 2048, 2048, 2048, 2048, 2048, 2048, 2048]",299.0
1292,11353,27,27,2026-08-23T14:09:02.860000+00:00,26.727,28.565,24.079,280.0,275.0,False,79.371,"[2049, 2048, 2048, 2049, 2048, 2048, 2048, 2048]","[2049, 2048, 2048, 2048, 2048, 2048, 2048, 2048]","[2048, 2048, 2048, 2048, 2048, 2048, 2048, 2048]",312.0
1292,11353,10,27,2026-08-23T14:09:03.579000+00:00,26.975,29.073,23.825,274.0,276.0,False,79.873,"[None, 2049, 2048, 2048, 2048, 2048, 2048, 2048]","[2048, 2048, 2048, 2048, 2048, 2048, 2048, 2048]","[2048, 2048, 2048, 2048, 2048, 2049, 2049, 2049]",313.0
1292,11353,22,27,2026-08-23T14:09:03.705000+00:00,26.888,29.272,23.934,290.0,279.0,False,80.094,"[2049, 2048, 2048, 2048, 2048, 2048, 2048, 2048]","[2048, 2048, 2048, 2048, 2048, 2048, 2048, 2048]","[2048, 2048, 2048, 2048, 2048, 2048, 2048, 2048]",268.0
1292,11353,5,27,2026-08-23T14:09:05.198000+00:00,26.94,28.822,23.861,276.0,278.0,False,79.623,"[None, 2048, 2048, 2048, 2048, 2048, 2048, 2048]","[2048, 2048, 2048, 2048, 2048, 2048, 2048, 2048]","[2048, 2048, 2048, 2048, 2048, 2048, 2048]",285.0
1292,11353,31,27,2026-08-23T14:09:15.212000+00:00,26.653,28.478,23.501,,260.0,False,78.632,"[None, 2048, 2048, 2048, 2049, 2048, 2049, 2048]","[2048, 2048, 2048, 2048, 2048, 2048, 2048, 2048]","[2048, 2048, 2048, 2048, 2048, 2048, 2048, 2048]",295.0
1292,11353,18,27,2026-08-23T14:09:18.212000+00:00,26.865,28.318,23.678,272.0,266.0,False,78.861,"[None, 2048, 2049, 2048, 2048, 2048, 2048, 2048]","[2048, 2049, 2048, 2048, 2048, 2048, 2048, 2048]","[2048, 2048, 2048, 2048, 2048, 2048, 2048, 2048]",292.0
1292,11353,77,27,2026-08-23T14:09:18.743000+00:00,27.119,29.439,23.98,283.0,265.0,False,80.538,"[None, 2048, 2048, 2048, 2048, 2048, 2048, 2048]","[2048, 2048, 2048, 2048, 2048, 2048, 2048, 2048]","[2048, 2048, 2048, 2048, 2048, 2048, 2048, 2048]",288.0
1292,11353,11,27,2026-08-23T14:09:20.587000+00:00,26.921,29.292,23.926,282.0,264.0,False,80.139,"[None, 2048, 2048, 2048, 2048, 2049, 2049, 2048]","[2048, 2048, 2048, 2048, 2048, 2048, 2048, 2048]","[2048, 2048, 2048, 2048, 2048, 2048, 2048, 2048]",293.0
1292,11353,43,27,2026-08-23T14:09:29.204000+00:00,26.346,28.089,23.334,,277.0,False,77.769,"[None, 2048, 2048, 2048, 2048, 2048, 2048, 2049]","[2048, 2048, 2048, 2048, 2048, 2048, 2048, 2048]","[2049, 2048, 2048, 2048, 2048, 2048, 2048, 2048]",295.0
1292,11353,12,28,2026-08-23T14:09:32.698000+00:00,25.781,27.521,22.893,,277.0,False,76.195,"[None, 2048, 2048, 2048, 2048, 2048, 2049, 2049]","[2048, 2048, 2048, 2048, 2048, 2048, 2048, 2048]","[2048, 2048, 2048, 2048, 2048, 2049, 2049, 2049]",295.0
1292,11353,1,28,2026-08-23T14:09:34.057000+00:00,25.725,27.293,22.859,,278.0,False,75.877,"[None, 2048, 2048, 2048, 2048, 2051, 2051, 2048]","[2048, 2048, 2049, 2048, 2048, 2048, 2048, 2048]","[2048, 2048, 2048, 2049, 2049, 2049, 2048, 2048]",305.0
1292,11353,63,28,2026-08-23T14:09:39.358000+00:00,25.928,27.876,22.899,278.0,271.0,False,76.703,"[None, 2048, 2048, 2048, 2048, 2048, 2049, 2048]","[2048, 2048, 2048, 2048, 2048, 2048, 2048, 2048]","[2048, 2048, 2048, 2048, 2048, 2048, 2048, 2048]",312.0
1292,11353,81,28,2026-08-23T14:09:41.258000+00:00,25.948,27.606,23.142,280.0,276.0,False,76.696,"[None, 2048, 2048, 2048, 2048, 2048, 2048, 2048]","[2048, 2048, 2049, 2048, 2048, 2048, 2048, 2048]","[2048, 2048, 2048, 2049, 2048, 2048, 2048, 2048]",310.0
1292,11353,16,28,2026-08-23T14:09:42.864000+00:00,25.799,27.507,22.72,,274.0,False,76.026,"[None, 2049, 2048, 2049, 2048, 2048, 2049, 2048]","[2048, 2048, 2048, 2048, 2048, 2048, 2048, 2048]","[2048, 2048, 2048, 2048, 2048, 2048, 2048, 2048]",314.0
1292,11353,44,28,2026-08-23T14:09:49.878000+00:00,25.72,27.112,22.734,277.0,267.0,False,75.566,"[None, 2048, 2051, 2049, 2049, 2049, 2049, 2048]","[2048, 2051, 2049, 2051, 2048, 2048, 2048, 2048]","[2049, 2048, 2048, 2048, 2048, 2048, 2048, 2048]",306.0
1292,11353,30,28,2026-08-23T14:10:02.192000+00:00,26.329,27.564,23.034,,272.0,False,76.927,"[None, 2048, 2048, 2048, 2048, 2048, 2049, 2048]","[2048, 2048, 2048, 2048, 2048, 2048, 2049, 2048]","[2049, 2048, 2048, 2048, 2048, 2048, 2048, 2048]",296.0
1292,11353,14,28,2026-08-23T14:10:12.431000+00:00,26.663,28.715,23.706,268.0,262.0,False,79.084,"[None, 2048, 2048, 2048, 2048, 2048, 2048, 2048]","[2048, 2048, 2048, 2048, 2048, 2048, 2048, 2048]","[2048, 2048, 2048, 2048, 2048, 2048, 2048, 2048]",290.0
1292,11353,55,28,2026-08-23T14:10:21.549000+00:00,26.818,29.232,23.893,273.0,290.0,False,79.943,"[None, 2048, 2048, 2048, 2048, 2048, 2048, 2048]","[2048, 2048, 2048, 2048, 2048, 2048, 2048, 2048]","[2048, 2048, 2048, 2048, 2048, 2048, 2048, 2048]",311.0
1292,11353,27,28,2026-08-23T14:10:22.276000+00:00,26.823,28.631,23.9,273.0,282.0,False,79.354,"[2048, 2048, 2048, 2048, 2048, 2048, 2048, 2048]","[2048, 2048, 2048, 2048, 2048, 2048, 2048, 2048]","[2048, 2048, 2048, 2048, 2048, 2048, 2048, 2048]",297.0
1292,11353,41,28,2026-08-23T14:10:23.117000+00:00,27.058,29.119,23.674,275.0,273.0,False,79.851,"[None, 2048, 2048, 2049, 2048, 2048, 2048, 2048]","[2048, 2048, 2048, 2048, 2048, 2048, 2048, 2048]","[2048, 2048, 2048, 2048, 2048, 2048, 2048, 2048]",316.0
1292,11353,10,28,2026-08-23T14:10:23.400000+00:00,27.351,29.666,23.815,281.0,265.0,False,80.832,"[2051, 2048, 2048, 2048, 2048, 2048, 2048, 2048]","[2048, 2048, 2048, 2048, 2048, 2048, 2048, 2048]","[2048, 2048, 2048, 2048, 2048, 2048, 2048, 2048]",300.0
1292,11353,22,28,2026-08-23T14:10:23.827000+00:00,26.902,28.93,23.897,282.0,274.0,False,79.729,"[2048, 2048, 2048, 2048, 2048, 2048, 2048, 2048]","[2049, 2048, 2048, 2048, 2048, 2048, 2048, 2048]","[2048, 2048, 2048, 2048, 2048, 2048, 2048, 2048]",291.0
1292,11353,5,28,2026-08-23T14:10:24.831000+00:00,26.771,29.291,23.97,281.0,282.0,False,80.032,"[None, 2048, 2048, 2048, 2048, 2048, 2048, 2049]","[2049, 2048, 2048, 2048, 2048, 2048, 2048, 2048]","[2048, 2048, 2048, 2048, 2048, 2048, 2048, 2048]",292.0
1292,11353,23,28,2026-08-23T14:10:29.896000+00:00,26.633,28.323,23.346,280.0,274.0,False,78.302,"[2048, 2048, 2049, 2048, 2048, 2048, 2048, 2048]","[2048, 2048, 2048, 2048, 2048, 2048, 2048, 2048]","[2048, 2049, 2048, 2049, 2049, 2048, 2048, 2048]",302.0
1292,11353,31,28,2026-08-23T14:10:33.834000+00:00,26.462,28.333,23.478,,263.0,False,78.273,"[None, 2049, 2048, 2048, 2049, 2049, 2049, 2048]","[2048, 2049, 2048, 2048, 2048, 2048, 2048, 2048]","[2049, 2048, 2048, 2048, 2048, 2048, 2048, 2048]",305.0
1292,11353,18,28,2026-08-23T14:10:37.099000+00:00,26.834,28.172,23.59,271.0,265.0,False,78.596,"[None, 2048, 2048, 2048, 2048, 2048, 2048, 2048]","[2048, 2048, 2048, 2048, 2048, 2048, 2048, 2048]","[2049, 2048, 2049, 2049, 2048, 2048, 2048]",290.0
1292,11353,77,28,2026-08-23T14:10:39.431000+00:00,27.23,29.34,27.464,278.0,262.0,False,84.034,"[None, 2048, 2048, 2049, 2048, 2048, 2048, 2048]","[2048, 2048, 2048, 2048, 2048, 2048, 2048, 2048]","[2048, 2048, 2048, 2048, 2048, 2048, 2064, 2064]",293.0
1292,11353,11,28,2026-08-23T14:10:40.793000+00:00,27.029,29.293,24.008,280.0,262.0,False,80.33,"[None, 2048, 2048, 2048, 2048, 2048, 2048, 2048]","[2048, 2048, 2048, 2049, 2048, 2048, 2048, 2048]","[2048, 2048, 2048, 2048, 2048, 2048, 2048]",297.0
1292,11353,43,28,2026-08-23T14:10:46.918000+00:00,26.168,27.844,24.421,289.0,277.0,False,78.433,"[None, 2048, 2048, 2048, 2048, 2049, 2049, 2051]","[2048, 2049, 2048, 2049, 2048, 2048, 2048, 2048]","[2048, 2048, 2048, 2048, 2048, 2048, 2048, 2048]",298.0
1292,11353,12,29,2026-08-23T14:10:48.887000+00:00,25.724,27.426,23.023,284.0,280.0,False,76.173,"[None, 2048, 2048, 2048, 2048, 2048, 2048, 2049]","[2048, 2048, 2048, 2048, 2048, 2048, 2048, 2048]","[2048, 2048, 2048, 2048, 2048, 2049, 2049, 2048]",297.0
1292,11353,1,29,2026-08-23T14:10:49.903000+00:00,25.68,27.539,22.926,285.0,281.0,False,76.145,"[None, 2048, 2048, 2048, 2048, 2048, 2048, 2049]","[2048, 2048, 2048, 2048, 2048, 2048, 2048, 2048]","[2049, 2048, 2048, 2048, 2048, 2049, 2049, 2049]",312.0
1292,11353,63,29,2026-08-23T14:10:56.237000+00:00,25.899,27.804,22.896,279.0,273.0,False,76.599,"[None, 2048, 2048, 2048, 2048, 2048, 2048, 2048]","[2048, 2048, 2048, 2048, 2048, 2048, 2048, 2048]","[2048, 2048, 2048, 2048, 2048, 2048, 2048, 2048]",315.0
1292,11353,81,29,2026-08-23T14:10:58.058000+00:00,25.881,27.532,23.025,,278.0,False,76.438,"[None, 2048, 2048, 2048, 2048, 2048, 2048, 2048]","[2048, 2048, 2048, 2048, 2048, 2048, 2048, 2048]","[2048, 2048, 2048, 2048, 2048, 2048, 2048, 2048]",311.0
1292,11353,16,29,2026-08-23T14:10:58.815000+00:00,25.849,27.587,22.807,278.0,271.0,False,76.243,"[None, 2048, 2048, 2048, 2048, 2048, 2048, 2048]","[2048, 2048, 2048, 2048, 2048, 2048, 2048, 2048]","[2048, 2048, 2048, 2048, 2051, 2049, 2048, 2048]",313.0
1292,11353,44,29,2026-08-23T14:11:05.332000+00:00,25.683,27.06,22.771,,268.0,False,75.514,"[None, 2049, 2048, 2049, 2049, 2049, 2049, 2048]","[2048, 2048, 2049, 2048, 2048, 2048, 2048, 2048]","[2048, 2048, 2048, 2048, 2049, 2048, 2048, 2048]",308.0
1292,11353,30,29,2026-08-23T14:11:19.152000+00:00,26.267,27.73,23.084,283.0,270.0,False,77.081,"[None, 2048, 2048, 2048, 2048, 2048, 2048, 2048]","[2048, 2048, 2048, 2048, 2048, 2048, 2048, 2048]","[2048, 2049, 2048, 2048, 2048, 2048, 2048, 2048]",298.0
1292,11353,14,29,2026-08-23T14:11:31.398000+00:00,26.692,28.612,23.702,271.0,265.0,False,79.006,"[None, 2048, 2048, 2049, 2048, 2048, 2049, 2048]","[2048, 2048, 2048, 2048, 2048, 2048, 2048, 2048]","[2048, 2048, 2048, 2048, 2048, 2048, 2048, 2048]",289.0
1292,11353,55,29,2026-08-23T14:11:41.622000+00:00,27.678,29.282,23.746,276.0,273.0,False,80.706,"[None, 2048, 2048, 2048, 2048, 2048, 2048, 2048]","[2048, 2048, 2048, 2048, 2048, 2048, 2048, 2048]","[2048, 2048, 2048, 2048, 2048, 2048, 2048, 2048]",279.0
1292,11353,27,29,2026-08-23T14:11:41.808000+00:00,26.604,27.822,23.192,268.0,271.0,False,77.618,"[None, 2048, 2048, 2048, 2049, 2048, 2048, 2048]","[2048, 2048, 2049, 2049, 2049, 2048, 2048, 2048]","[2048, 2049, 2048, 2049, 2048, 2048, 2048, 2048]",295.0
1292,11353,41,29,2026-08-23T14:11:42.991000+00:00,28.089,29.273,23.611,277.0,274.0,False,80.973,"[None, 2048, 2048, 2048, 2048, 2048, 2048, 2048]","[2048, 2048, 2048, 2048, 2048, 2048, 2048, 2048]","[2048, 2048, 2048, 2048, 2048, 2048, 2048, 2048]",245.0
1292,11353,22,29,2026-08-23T14:11:43.553000+00:00,26.91,28.61,23.476,276.0,275.0,False,78.996,"[None, 2048, 2048, 2048, 2048, 2048, 2048, 2048]","[2048, 2049, 2048, 2048, 2048, 2048, 2048, 2048]","[2048, 2048, 2048, 2048, 2048, 2048, 2048, 2048]",278.0
1292,11353,10,29,2026-08-23T14:11:44.257000+00:00,27.305,29.062,23.7,282.0,282.0,False,80.067,"[2048, 2048, 2048, 2048, 2048, 2048, 2048, 2048]","[2048, 2048, 2048, 2048, 2048, 2048, 2048, 2048]","[2048, 2048, 2048, 2048, 2048, 2048, 2048, 2048]",298.0
1292,11353,5,29,2026-08-23T14:11:44.882000+00:00,27.057,29.353,23.807,,283.0,False,80.217,"[None, 2048, 2048, 2048, 2048, 2048, 2048, 2048]","[2049, 2048, 2048, 2048, 2048, 2048, 2048, 2048]","[2048, 2048, 2048, 2048, 2048, 2048, 2048, 2048]",293.0
1292,11353,23,29,2026-08-23T14:11:48.199000+00:00,26.576,28.352,23.411,281.0,276.0,False,78.339,"[None, 2048, 2049, 2048, 2048, 2048, 2048, 2048]","[2048, 2048, 2048, 2048, 2048, 2048, 2048, 2048]","[2049, 2048, 2048, 2048, 2048, 2048, 2048, 2048]",
1292,11353,31,29,2026-08-23T14:11:52.145000+00:00,26.541,28.344,23.446,276.0,263.0,False,78.331,"[None, 2048, 2048, 2049, 2048, 2049, 2048, 2048]","[2048, 2048, 2048, 2048, 2048, 2048, 2048, 2048]","[2049, 2048, 2048, 2048, 2048, 2048, 2048, 2048]",298.0
1292,11353,18,29,2026-08-23T14:11:55.836000+00:00,26.914,28.397,23.647,273.0,265.0,False,78.958,"[None, 2048, 2048, 2048, 2048, 2048, 2048, 2048]","[2048, 2048, 2048, 2048, 2048, 2048, 2048, 2048]","[2048, 2048, 2048, 2049, 2048, 2048, 2048, 2048]",292.0
1292,11353,11,29,2026-08-23T14:12:01.050000+00:00,26.85,29.511,27.547,279.0,264.0,False,83.908,"[None, 2048, 2048, 2048, 2048, 2049, 2048, 2048]","[2048, 2049, 2048, 2048, 2048, 2048, 2048, 2048]","[2048, 2048, 2048, 2048, 2048, 2048, 2064, 2064]",296.0
1292,11353,77,29,2026-08-23T14:12:03.448000+00:00,46.071,28.455,23.693,279.0,268.0,True,98.219,"[2064, 2064, 2064, 2048, 2048, 2048, 2048, 2048]","[2048, 2048, 2048, 2048, 2049, 2049, 2049, 2048]","[2048, 2048, 2048, 2048, 2048, 2048, 2048, 2048]",
1292,11353,12,30,2026-08-23T14:12:05.058000+00:00,25.816,27.51,23.147,288.0,270.0,False,76.473,"[None, 2048, 2048, 2048, 2048, 2048, 2048, 2049]","[2049, 2049, 2048, 2048, 2048, 2048, 2048, 2048]","[2048, 2048, 2048, 2048, 2048, 2048, 2049, 2049]",295.0
1292,11353,43,29,2026-08-23T14:12:05.473000+00:00,27.747,28.539,23.748,293.0,284.0,False,80.034,"[None, 2048, 2048, 2048, 2048, 2048, 2048, 2051]","[2051, 2048, 2048, 2048, 2048, 2048, 2048, 2048]","[2048, 2048, 2048, 2048, 2048, 2048, 2048]",248.0
1292,11353,1,30,2026-08-23T14:12:06.058000+00:00,25.832,27.447,22.942,290.0,281.0,False,76.221,"[None, 2048, 2048, 2051, 2048, 2048, 2051, 2049]","[2048, 2048, 2048, 2048, 2048, 2048, 2048, 2048]","[2048, 2048, 2048, 2048, 2051, 2049, 2049, 2049]",291.0
1292,11353,63,30,2026-08-23T14:12:12.707000+00:00,25.842,27.743,23.01,,275.0,False,76.595,"[None, 2048, 2048, 2048, 2048, 2048, 2049, 2048]","[2048, 2048, 2048, 2049, 2048, 2048, 2048, 2048]","[2048, 2048, 2048, 2048, 2048, 2048, 2048, 2048]",313.0
1292,11353,81,30,2026-08-23T14:12:14.473000+00:00,25.864,27.707,23.156,279.0,275.0,False,76.727,"[None, 2048, 2048, 2048, 2048, 2048, 2049, 2048]","[2048, 2048, 2048, 2048, 2048, 2048, 2048, 2048]","[2048, 2048, 2048, 2048, 2048, 2048, 2048, 2048]",313.0
1292,11353,16,30,2026-08-23T14:12:15.004000+00:00,25.979,27.778,22.822,275.0,267.0,False,76.579,"[None, 2048, 2048, 2048, 2048, 2048, 2049, 2048]","[2048, 2048, 2048, 2048, 2048, 2048, 2048, 2048]","[2048, 2048, 2048, 2048, 2049, 2049, 2049, 2049]",318.0
1292,11353,44,30,2026-08-23T14:12:20.916000+00:00,25.868,27.285,22.854,,267.0,False,76.007,"[None, 2049, 2048, 2049, 2048, 2048, 2048, 2048]","[2048, 2048, 2048, 2048, 2048, 2048, 2048, 2048]","[2048, 2048, 2048, 2048, 2048, 2048, 2048, 2048]",307.0
1292,11353,30,30,2026-08-23T14:12:36.276000+00:00,26.282,27.839,23.005,284.0,273.0,False,77.126,"[None, 2048, 2048, 2048, 2048, 2048, 2048, 2048]","[2048, 2048, 2048, 2048, 2048, 2048, 2048, 2048]","[2048, 2049, 2048, 2048, 2048, 2048, 2048, 2048]",295.0
1292,11353,14,30,2026-08-23T14:12:50.498000+00:00,26.758,28.655,23.627,,265.0,False,79.04,"[None, 2048, 2048, 2048, 2048, 2048, 2048, 2048]","[2048, 2048, 2048, 2048, 2048, 2048, 2048, 2048]","[2048, 2048, 2048, 2048, 2048, 2048, 2048, 2048]",288.0
1292,11353,27,30,2026-08-23T14:12:59.376000+00:00,26.485,27.76,23.243,269.0,269.0,False,77.488,"[None, 2048, 2048, 2048, 2049, 2049, 2048, 2048]","[2048, 2049, 2049, 2049, 2048, 2048, 2048, 2048]","[2048, 2048, 2048, 2049, 2048, 2048, 2048, 2048]",297.0
1292,11353,55,30,2026-08-23T14:13:02.278000+00:00,27.52,29.516,26.668,278.0,276.0,False,83.704,"[None, 2048, 2048, 2048, 2048, 2048, 2048, 2048]","[2048, 2048, 2048, 2048, 2048, 2048, 2048, 2048]","[2048, 2048, 2048, 2048, 2048, 2048, 2064, 2064]",304.0
1292,11353,22,30,2026-08-23T14:13:02.606000+00:00,26.527,28.275,23.433,,270.0,False,78.235,"[2049, 2048, 2048, 2048, 2048, 2048, 2048, 2048]","[2048, 2048, 2049, 2048, 2048, 2048, 2048, 2048]","[2048, 2048, 2048, 2048, 2048, 2048, 2048]",330.0
1292,11353,41,30,2026-08-23T14:13:03.915000+00:00,26.756,29.174,23.916,274.0,275.0,False,79.846,"[None, 2048, 2048, 2048, 2048, 2048, 2048, 2048]","[2048, 2048, 2048, 2048, 2048, 2048, 2048, 2048]","[2048, 2048, 2048, 2048, 2049, 2048, 2048, 2048]",316.0
1292,11353,10,30,2026-08-23T14:13:04.208000+00:00,26.862,28.849,24.137,,280.0,False,79.848,"[None, 2048, 2048, 2048, 2048, 2048, 2048, 2048]","[2048, 2048, 2048, 2048, 2048, 2048, 2048, 2048]","[2048, 2048, 2048, 2048, 2048, 2048, 2048, 2048]",302.0
1292,11353,5,30,2026-08-23T14:13:05.114000+00:00,26.773,28.961,24.05,279.0,282.0,False,79.784,"[None, 2048, 2048, 2048, 2048, 2048, 2048, 2048]","[2048, 2048, 2048, 2048, 2048, 2048, 2048, 2048]","[2048, 2048, 2048, 2048, 2048, 2048, 2048, 2048]",296.0
1292,11353,23,30,2026-08-23T14:13:06.617000+00:00,26.737,28.715,23.532,279.0,279.0,False,78.984,"[None, 2048, 2048, 2048, 2048, 2048, 2048, 2048]","[2048, 2048, 2048, 2048, 2048, 2048, 2048, 2048]","[2048, 2048, 2048, 2048, 2049, 2049, 2048, 2048]",309.0
1292,11353,31,30,2026-08-23T14:13:10.384000+00:00,26.63,28.428,23.563,278.0,267.0,False,78.621,"[None, 2048, 2048, 2048, 2048, 2048, 2048, 2048]","[2048, 2048, 2048, 2048, 2048, 2048, 2048, 2048]","[2048, 2048, 2048, 2048, 2049, 2048, 2048]",300.0
1292,11353,18,30,2026-08-23T14:13:14.622000+00:00,26.961,28.202,23.575,,267.0,False,78.738,"[None, 2048, 2048, 2048, 2048, 2048, 2048, 2048]","[2048, 2048, 2048, 2048, 2048, 2048, 2048, 2048]","[2049, 2048, 2048, 2048, 2049, 2048, 2048, 2048]",295.0
1292,11353,12,31,2026-08-23T14:13:21.520000+00:00,25.669,27.598,22.814,287.0,277.0,False,76.081,"[2049, 2049, 2048, 2049, 2048, 2048, 2048, 2048]","[2048, 2048, 2048, 2048, 2048, 2048, 2048, 2048]","[2048, 2048, 2048, 2049, 2049, 2048, 2048, 2048]",306.0
1292,11353,1,31,2026-08-23T14:13:22.200000+00:00,25.824,27.416,23.076,,292.0,False,76.316,"[2049, 2048, 2048, 2048, 2048, 2048, 2048, 2048]","[2048, 2048, 2048, 2048, 2048, 2048, 2048, 2048]","[2048, 2048, 2048, 2048, 2048, 2048, 2048, 2048]",306.0
1292,11353,11,30,2026-08-23T14:13:25.035000+00:00,43.336,28.041,23.491,283.0,267.0,True,94.868,"[2064, 2064, 2064, 2048, 2048, 2048, 2048, 2048]","[2048, 2049, 2049, 2049, 2049, 2049, 2049, 2048]","[2048, 2049, 2049, 2048, 2048, 2048, 2048, 2048]",
1292,11353,43,30,2026-08-23T14:13:25.393000+00:00,26.41,28.144,23.263,288.0,280.0,False,77.817,"[None, 2048, 2048, 2048, 2048, 2048, 2048, 2048]","[2048, 2048, 2048, 2048, 2048, 2048, 2048, 2048]","[2048, 2048, 2048, 2048, 2049, 2048, 2048, 2048]",299.0
1292,11353,63,31,2026-08-23T14:13:29.381000+00:00,25.895,27.846,22.789,280.0,275.0,False,76.53,"[None, 2048, 2048, 2048, 2048, 2048, 2048, 2048]","[2048, 2048, 2048, 2048, 2048, 2048, 2048, 2048]","[2048, 2048, 2049, 2048, 2049, 2049, 2048, 2048]",311.0
1292,11353,81,31,2026-08-23T14:13:31.102000+00:00,25.958,27.873,23.124,274.0,271.0,False,76.955,"[2049, 2048, 2048, 2048, 2048, 2048, 2049, 2048]","[2048, 2048, 2048, 2048, 2048, 2048, 2048, 2048]","[2048, 2048, 2048, 2048, 2049, 2048, 2048, 2048]",322.0
1292,11353,16,31,2026-08-23T14:13:31.577000+00:00,26.147,27.798,22.935,276.0,272.0,False,76.88,"[2049, 2048, 2048, 2048, 2048, 2048, 2048, 2048]","[2048, 2048, 2048, 2048, 2048, 2048, 2048, 2048]","[2048, 2048, 2048, 2048, 2048, 2049, 2049, 2048]",313.0
1292,11353,44,31,2026-08-23T14:13:36.825000+00:00,25.838,27.14,22.688,279.0,269.0,False,75.666,"[None, 2049, 2048, 2048, 2048, 2048, 2048, 2048]","[2048, 2048, 2049, 2051, 2048, 2048, 2048, 2048]","[2048, 2048, 2048, 2048, 2049, 2048, 2048, 2048]",304.0
1292,11353,77,30,2026-08-23T14:13:41.575000+00:00,27.314,28.475,23.577,282.0,281.0,False,79.366,"[2048, 2048, 2049, 2048, 2048, 2048, 2048, 2048]","[2048, 2048, 2048, 2048, 2048, 2049, 2048, 2048]","[2048, 2048, 2048, 2048, 2049, 2048, 2048, 2048]",291.0
1292,11353,30,31,2026-08-23T14:13:53.415000+00:00,26.246,27.841,23.09,,273.0,False,77.177,"[None, 2048, 2048, 2048, 2048, 2048, 2049, 2048]","[2048, 2048, 2048, 2048, 2048, 2049, 2048, 2048]","[2049, 2048, 2048, 2048, 2048, 2048, 2048, 2048]",
1292,11353,14,31,2026-08-23T14:14:09.469000+00:00,26.655,28.674,23.646,269.0,264.0,False,78.975,"[None, 2048, 2048, 2048, 2048, 2049, 2048, 2048]","[2048, 2048, 2048, 2048, 2048, 2048, 2048, 2048]","[2049, 2048, 2048, 2048, 2048, 2048, 2048, 2048]",289.0
1292,11353,27,31,2026-08-23T14:14:16.826000+00:00,26.32,27.798,23.161,272.0,270.0,False,77.279,"[None, 2048, 2049, 2049, 2048, 2049, 2049, 2048]","[2048, 2048, 2049, 2048, 2048, 2048, 2048, 2048]","[2048, 2048, 2048, 2048, 2048, 2048, 2048, 2048]",295.0
1292,11353,22,31,2026-08-23T14:14:20.680000+00:00,26.522,28.379,23.394,274.0,271.0,False,78.295,"[2048, 2048, 2048, 2048, 2049, 2048, 2048, 2048]","[2048, 2048, 2048, 2048, 2048, 2048, 2048, 2048]","[2048, 2048, 2048, 2048, 2048, 2048, 2048, 2048]",307.0
1292,11353,41,31,2026-08-23T14:14:24.036000+00:00,26.552,28.776,23.391,,272.0,False,78.719,"[None, 2048, 2048, 2048, 2048, 2048, 2048, 2048]","[2048, 2048, 2048, 2048, 2048, 2048, 2048, 2048]","[2048, 2048, 2048, 2048, 2049, 2048, 2048, 2048]",315.0
1292,11353,10,31,2026-08-23T14:14:24.137000+00:00,26.658,28.56,23.485,272.0,285.0,False,78.703,"[None, 2048, 2049, 2048, 2048, 2048, 2048, 2048]","[2048, 2048, 2048, 2048, 2048, 2048, 2048, 2048]","[2048, 2048, 2048, 2048, 2048, 2048, 2048, 2048]",301.0
1292,11353,5,31,2026-08-23T14:14:24.977000+00:00,27.022,28.624,23.499,277.0,281.0,False,79.145,"[None, 2048, 2048, 2048, 2048, 2048, 2048, 2048]","[2048, 2048, 2048, 2048, 2048, 2048, 2048, 2048]","[2048, 2048, 2048, 2048, 2048, 2048, 2048, 2048]",293.0
1292,11353,23,31,2026-08-23T14:14:25.558000+00:00,26.708,28.82,23.524,288.0,280.0,False,79.052,"[None, 2048, 2048, 2048, 2048, 2048, 2048, 2049]","[2049, 2048, 2048, 2048, 2048, 2048, 2048, 2048]","[2048, 2048, 2048, 2048, 2048, 2049, 2049, 2049]",299.0
1292,11353,55,31,2026-08-23T14:14:25.989000+00:00,43.445,28.022,23.323,279.0,273.0,True,94.79,"[2064, 2064, 2064, 2048, 2048, 2048, 2048, 2048]","[2048, 2049, 2049, 2049, 2049, 2049, 2049, 2048]","[2048, 2048, 2049, 2049, 2049, 2048, 2048, 2048]",
1292,11353,31,31,2026-08-23T14:14:29.024000+00:00,26.554,28.654,23.505,279.0,267.0,False,78.713,"[None, 2048, 2048, 2048, 2048, 2048, 2049, 2049]","[2048, 2048, 2048, 2048, 2048, 2048, 2048, 2048]","[2048, 2048, 2048, 2048, 2048, 2048, 2048, 2048]",298.0
1292,11353,18,31,2026-08-23T14:14:33.400000+00:00,26.844,28.219,23.673,,265.0,False,78.736,"[None, 2048, 2048, 2048, 2048, 2048, 2048, 2048]","[2048, 2049, 2048, 2048, 2048, 2048, 2048, 2048]","[2048, 2048, 2048, 2048, 2048, 2048, 2048, 2048]",288.0
1292,11353,12,32,2026-08-23T14:14:37.648000+00:00,25.831,27.669,22.944,280.0,277.0,False,76.444,"[2048, 2049, 2048, 2048, 2048, 2048, 2048, 2048]","[2048, 2048, 2048, 2048, 2048, 2048, 2048, 2048]","[2048, 2048, 2048, 2048, 2048, 2048, 2048, 2048]",315.0
1292,11353,1,32,2026-08-23T14:14:38.548000+00:00,25.699,27.69,23.009,287.0,278.0,False,76.398,"[2048, 2048, 2048, 2048, 2048, 2048, 2048, 2048]","[2048, 2048, 2048, 2048, 2048, 2048, 2048, 2048]","[2048, 2048, 2048, 2048, 2048, 2048, 2048, 2048]",309.0
1292,11353,43,31,2026-08-23T14:14:43.235000+00:00,26.583,28.907,24.338,279.0,276.0,False,79.828,"[None, 2048, 2048, 2048, 2048, 2048, 2048, 2048]","[2048, 2048, 2048, 2048, 2048, 2048, 2048, 2048]","[2048, 2048, 2048, 2048, 2048, 2048, 2048, 2048]",307.0
1292,11353,63,32,2026-08-23T14:14:45.806000+00:00,25.853,27.948,23.157,,277.0,False,76.958,"[None, 2049, 2048, 2048, 2048, 2048, 2048, 2048]","[2048, 2048, 2048, 2048, 2048, 2048, 2048, 2048]","[2048, 2048, 2048, 2048, 2048, 2049, 2048, 2048]",318.0
1292,11353,81,32,2026-08-23T14:14:48.109000+00:00,25.967,27.826,23.107,272.0,272.0,False,76.9,"[2048, 2048, 2048, 2048, 2048, 2048, 2048, 2048]","[2048, 2048, 2048, 2048, 2048, 2048, 2048, 2048]","[2048, 2048, 2048, 2048, 2048, 2048, 2048, 2048]",319.0
1292,11353,16,32,2026-08-23T14:14:48.518000+00:00,26.128,27.876,22.901,272.0,267.0,False,76.905,"[2048, 2048, 2048, 2048, 2048, 2048, 2048, 2048]","[2048, 2048, 2048, 2048, 2048, 2048, 2048, 2048]","[2048, 2048, 2049, 2048, 2048, 2048, 2048, 2048]",302.0
1292,11353,44,32,2026-08-23T14:14:52.522000+00:00,25.734,27.021,22.817,,270.0,False,75.572,"[None, 2048, 2048, 2049, 2049, 2048, 2048, 2048]","[2048, 2048, 2051, 2051, 2048, 2048, 2048, 2048]","[2048, 2048, 2048, 2048, 2048, 2048, 2048, 2048]",308.0
1292,11353,11,31,2026-08-23T14:14:59.936000+00:00,26.521,28.038,23.332,274.0,263.0,False,77.891,"[2048, 2048, 2049, 2049, 2049, 2049, 2048, 2048]","[2048, 2049, 2049, 2049, 2049, 2049, 2048, 2048]","[2048, 2049, 2049, 2049, 2048, 2048, 2048, 2048]",286.0
1292,11353,77,31,2026-08-23T14:15:00.919000+00:00,26.802,28.525,23.461,271.0,263.0,False,78.788,"[None, 2048, 2049, 2049, 2049, 2048, 2048, 2048]","[2048, 2048, 2048, 2049, 2048, 2048, 2048, 2048]","[2048, 2049, 2048, 2049, 2049, 2048, 2048, 2048]",290.0
1292,11353,30,32,2026-08-23T14:15:10.533000+00:00,26.198,27.73,22.913,,274.0,False,76.841,"[None, 2049, 2048, 2048, 2048, 2048, 2048, 2048]","[2048, 2048, 2048, 2048, 2048, 2048, 2049, 2048]","[2049, 2048, 2049, 2049, 2048, 2048, 2048, 2048]",300.0
1292,11353,14,32,2026-08-23T14:15:28.502000+00:00,26.695,28.621,23.665,,264.0,False,78.981,"[None, 2048, 2048, 2048, 2048, 2049, 2048, 2048]","[2048, 2048, 2048, 2048, 2048, 2048, 2048, 2048]","[2048, 2048, 2048, 2048, 2048, 2048, 2048, 2048]",290.0
1292,11353,27,32,2026-08-23T14:15:34.046000+00:00,26.192,27.995,23.091,267.0,270.0,False,77.278,"[None, 2051, 2049, 2048, 2048, 2048, 2049, 2048]","[2048, 2048, 2048, 2048, 2048, 2048, 2048, 2048]","[2048, 2048, 2048, 2049, 2048, 2048, 2048, 2048]",310.0
1292,11353,22,32,2026-08-23T14:15:39.116000+00:00,26.473,28.254,23.247,276.0,270.0,False,77.974,"[None, 2048, 2048, 2049, 2049, 2048, 2048, 2048]","[2048, 2048, 2048, 2048, 2048, 2048, 2048, 2048]","[2048, 2048, 2049, 2048, 2048, 2048, 2048, 2048]",298.0
1292,11353,41,32,2026-08-23T14:15:42.600000+00:00,26.744,28.786,23.477,273.0,271.0,False,79.007,"[None, 2048, 2048, 2048, 2048, 2048, 2048, 2048]","[2048, 2048, 2048, 2048, 2048, 2048, 2048, 2048]","[2048, 2048, 2048, 2048, 2048, 2048, 2048, 2048]",307.0
1292,11353,10,32,2026-08-23T14:15:42.787000+00:00,26.792,28.863,23.401,282.0,272.0,False,79.056,"[None, 2048, 2048, 2048, 2048, 2048, 2048, 2048]","[2048, 2048, 2048, 2048, 2048, 2048, 2048, 2048]","[2048, 2048, 2048, 2048, 2048, 2048, 2048, 2048]",313.0
1292,11353,5,32,2026-08-23T14:15:43.906000+00:00,26.796,28.657,23.537,279.0,280.0,False,78.99,"[None, 2048, 2048, 2048, 2048, 2048, 2048, 2048]","[2048, 2048, 2048, 2048, 2048, 2048, 2048, 2048]","[2048, 2048, 2048, 2048, 2048, 2048, 2048, 2048]",294.0
1292,11353,23,32,2026-08-23T14:15:44.658000+00:00,26.725,28.744,23.638,289.0,285.0,False,79.107,"[2049, 2048, 2048, 2048, 2048, 2048, 2048, 2049]","[2049, 2048, 2048, 2048, 2048, 2048, 2048, 2048]","[2048, 2048, 2048, 2048, 2048, 2048, 2048, 2049]",305.0
1292,11353,31,32,2026-08-23T14:15:47.825000+00:00,26.668,28.594,23.566,278.0,268.0,False,78.828,"[None, 2048, 2048, 2048, 2048, 2048, 2048, 2048]","[2048, 2048, 2048, 2048, 2048, 2048, 2048, 2048]","[2048, 2048, 2048, 2048, 2048, 2048, 2048, 2048]",299.0
1292,11353,18,32,2026-08-23T14:15:52.091000+00:00,26.875,30.047,24.004,271.0,272.0,False,80.926,"[None, 2048, 2048, 2048, 2048, 2048, 2048, 2048]","[2048, 2048, 2048, 2048, 2048, 2048, 2048, 2048]","[2048, 2048, 2048, 2048, 2048, 2048, 2048, 2048]",292.0
1292,11353,12,33,2026-08-23T14:15:54.013000+00:00,25.88,27.787,22.937,281.0,273.0,False,76.604,"[2049, 2048, 2048, 2048, 2048, 2048, 2048, 2048]","[2048, 2048, 2048, 2048, 2048, 2048, 2048, 2048]","[2048, 2048, 2048, 2048, 2048, 2048, 2048, 2048]",317.0
1292,11353,1,33,2026-08-23T14:15:54.998000+00:00,25.715,27.79,23.315,291.0,279.0,False,76.82,"[None, 2048, 2048, 2048, 2048, 2048, 2051, 2049]","[2049, 2048, 2048, 2048, 2048, 2048, 2048, 2048]","[2048, 2048, 2048, 2048, 2048, 2048, 2048, 2048]",
1292,11353,55,32,2026-08-23T14:16:00.779000+00:00,26.63,28.129,24.85,283.0,275.0,False,79.609,"[2048, 2048, 2049, 2049, 2049, 2048, 2048, 2048]","[2048, 2049, 2048, 2049, 2048, 2048, 2049, 2048]","[2048, 2048, 2048, 2048, 2048, 2048, 2048, 2048]",301.0
1292,11353,63,33,2026-08-23T14:16:02.795000+00:00,26.015,27.901,22.925,285.0,276.0,False,76.841,"[None, 2048, 2048, 2048, 2048, 2048, 2048, 2048]","[2048, 2048, 2048, 2048, 2048, 2048, 2048, 2048]","[2048, 2048, 2048, 2048, 2048, 2048, 2048, 2048]",312.0
1292,11353,43,32,2026-08-23T14:16:03.060000+00:00,26.582,28.757,25.691,293.0,274.0,False,81.03,"[None, 2048, 2048, 2048, 2048, 2048, 2048, 2051]","[2048, 2048, 2048, 2048, 2048, 2048, 2048, 2048]","[2048, 2048, 2048, 2048, 2048, 2048, 2048, 2048]",293.0
1292,11353,81,33,2026-08-23T14:16:05.014000+00:00,26.041,28.139,23.317,273.0,272.0,False,77.497,"[2049, 2048, 2048, 2048, 2048, 2048, 2048, 2048]","[2048, 2048, 2048, 2048, 2048, 2048, 2048, 2048]","[2048, 2048, 2048, 2048, 2048, 2048, 2048, 2048]",321.0
1292,11353,16,33,2026-08-23T14:16:05.451000+00:00,26.59,27.843,22.941,255.0,287.0,False,77.374,"[None, 2048, 2048, 2048, 2048, 2048, 2048, 2048]","[2048, 2048, 2048, 2048, 2048, 2048, 2048, 2048]","[2048, 2048, 2048, 2048, 2048, 2049, 2049, 2049]",296.0
1292,11353,44,33,2026-08-23T14:16:08.139000+00:00,25.797,27.263,22.865,283.0,273.0,False,75.925,"[None, 2048, 2048, 2048, 2048, 2048, 2049, 2048]","[2048, 2048, 2048, 2048, 2048, 2048, 2048, 2048]","[2048, 2048, 2048, 2048, 2049, 2049, 2048, 2048]",310.0
1292,11353,11,32,2026-08-23T14:16:17.760000+00:00,26.579,28.135,23.436,278.0,263.0,False,78.15,"[None, 2049, 2048, 2048, 2048, 2048, 2048, 2048]","[2048, 2049, 2048, 2049, 2048, 2048, 2048, 2048]","[2048, 2048, 2048, 2048, 2048, 2048, 2048, 2048]",295.0
1292,11353,77,32,2026-08-23T14:16:19.780000+00:00,26.784,28.456,23.603,279.0,265.0,False,78.843,"[None, 2048, 2048, 2048, 2048, 2048, 2048, 2048]","[2048, 2049, 2048, 2049, 2048, 2048, 2048, 2048]","[2048, 2048, 2048, 2048, 2048, 2048, 2048, 2048]",291.0
1292,11353,30,33,2026-08-23T14:16:27.458000+00:00,26.171,27.75,23.063,,273.0,False,76.984,"[None, 2048, 2048, 2048, 2048, 2048, 2048, 2048]","[2048, 2048, 2048, 2048, 2048, 2048, 2048, 2048]","[2048, 2048, 2048, 2048, 2048, 2048, 2048, 2048]",
1292,11353,14,33,2026-08-23T14:16:47.603000+00:00,26.688,28.652,23.731,,263.0,False,79.071,"[None, 2048, 2048, 2048, 2048, 2048, 2049, 2048]","[2048, 2048, 2048, 2048, 2048, 2048, 2048, 2048]","[2048, 2048, 2048, 2048, 2048, 2048, 2048, 2048]",292.0
1292,11353,27,33,2026-08-23T14:16:51.379000+00:00,26.214,27.96,23.07,269.0,271.0,False,77.244,"[None, 2048, 2048, 2048, 2048, 2049, 2049, 2048]","[2048, 2048, 2049, 2048, 2048, 2048, 2048, 2048]","[2048, 2049, 2048, 2048, 2048, 2048, 2048, 2048]",304.0
1292,11353,22,33,2026-08-23T14:16:57.049000+00:00,26.346,28.275,23.23,,271.0,False,77.851,"[None, 2048, 2048, 2048, 2049, 2048, 2048, 2048]","[2048, 2048, 2048, 2048, 2048, 2048, 2048, 2048]","[2048, 2049, 2048, 2048, 2048, 2048, 2048, 2048]",308.0
1292,11353,41,33,2026-08-23T14:17:01.548000+00:00,26.795,28.733,23.417,276.0,272.0,False,78.945,"[None, 2049, 2048, 2048, 2048, 2048, 2048, 2048]","[2048, 2048, 2048, 2048, 2048, 2048, 2048, 2048]","[2048, 2048, 2049, 2049, 2048, 2048, 2048, 2048]",305.0
1292,11353,10,33,2026-08-23T14:17:01.799000+00:00,26.802,28.68,23.46,280.0,273.0,False,78.942,"[None, 2048, 2048, 2048, 2048, 2048, 2048, 2048]","[2048, 2048, 2048, 2048, 2048, 2048, 2048, 2048]","[2048, 2048, 2049, 2048, 2048, 2048, 2048, 2048]",291.0
1292,11353,5,33,2026-08-23T14:17:02.891000+00:00,26.747,28.688,23.47,280.0,281.0,False,78.905,"[None, 2048, 2048, 2048, 2048, 2048, 2048, 2048]","[2048, 2048, 2048, 2048, 2048, 2048, 2048, 2048]","[2048, 2048, 2048, 2048, 2048, 2048, 2048, 2048]",301.0
1292,11353,23,33,2026-08-23T14:17:03.749000+00:00,26.936,28.865,23.646,288.0,281.0,False,79.447,"[None, 2048, 2048, 2048, 2048, 2048, 2048, 2048]","[2048, 2048, 2048, 2048, 2048, 2048, 2048, 2048]","[2048, 2048, 2048, 2048, 2048, 2048, 2048, 2048]",300.0
1292,11353,31,33,2026-08-23T14:17:06.680000+00:00,26.443,28.522,23.481,281.0,267.0,False,78.446,"[None, 2048, 2048, 2048, 2048, 2048, 2048, 2049]","[2048, 2048, 2048, 2048, 2048, 2048, 2048, 2048]","[2048, 2048, 2048, 2048, 2048, 2048, 2048, 2048]",304.0
1292,11353,12,34,2026-08-23T14:17:10.722000+00:00,25.801,27.668,22.935,279.0,280.0,False,76.404,"[2048, 2048, 2048, 2048, 2048, 2048, 2048, 2048]","[2048, 2048, 2048, 2048, 2048, 2048, 2048, 2048]","[2048, 2048, 2048, 2048, 2048, 2048, 2048, 2048]",308.0
1292,11353,1,34,2026-08-23T14:17:11.776000+00:00,25.951,27.523,22.996,290.0,281.0,False,76.47,"[None, 2048, 2048, 2048, 2048, 2048, 2051, 2048]","[2048, 2048, 2048, 2048, 2048, 2048, 2048, 2048]","[2048, 2048, 2048, 2048, 2048, 2048, 2048, 2048]",306.0
1292,11353,18,33,2026-08-23T14:17:12.989000+00:00,27.21,28.602,23.868,272.0,265.0,False,79.68,"[None, 2048, 2048, 2048, 2048, 2048, 2048, 2048]","[2048, 2048, 2048, 2048, 2048, 2048, 2048, 2048]","[2048, 2048, 2048, 2048, 2048, 2048, 2048, 2048]",296.0
1292,11353,63,34,2026-08-23T14:17:19.597000+00:00,25.899,27.83,23.128,283.0,274.0,False,76.857,"[None, 2048, 2048, 2048, 2048, 2048, 2049, 2048]","[2048, 2048, 2048, 2048, 2048, 2048, 2048, 2048]","[2048, 2048, 2048, 2048, 2048, 2048, 2048, 2048]",313.0
1292,11353,55,33,2026-08-23T14:17:20.380000+00:00,26.74,28.132,23.328,292.0,279.0,False,78.2,"[None, 2048, 2048, 2048, 2048, 2048, 2048, 2049]","[2049, 2049, 2049, 2049, 2048, 2049, 2048, 2048]","[2048, 2048, 2048, 2048, 2048, 2048, 2048, 2048]",298.0
1292,11353,81,34,2026-08-23T14:17:22.594000+00:00,27.354,28.384,23.574,275.0,287.0,False,79.312,"[2048, 2048, 2048, 2048, 2048, 2048, 2048, 2048]","[2048, 2048, 2048, 2048, 2048, 2048, 2048, 2048]","[2048, 2048, 2048, 2048, 2048, 2048, 2048, 2048]",
1292,11353,16,34,2026-08-23T14:17:22.719000+00:00,26.274,27.634,23.052,265.0,271.0,False,76.96,"[2049, 2051, 2048, 2049, 2048, 2048, 2048, 2048]","[2048, 2048, 2048, 2049, 2048, 2048, 2048, 2048]","[2048, 2048, 2048, 2048, 2048, 2048, 2048]",328.0
1292,11353,44,34,2026-08-23T14:17:24.058000+00:00,26.314,28.074,23.559,281.0,277.0,False,77.947,"[None, 2048, 2048, 2048, 2048, 2048, 2049, 2048]","[2048, 2048, 2048, 2048, 2048, 2048, 2048, 2048]","[2048, 2048, 2048, 2048, 2049, 2048, 2049, 2049]",315.0
1292,11353,43,33,2026-08-23T14:17:24.253000+00:00,27.018,28.867,24.061,295.0,288.0,False,79.946,"[None, 2048, 2048, 2048, 2048, 2048, 2048, 2051]","[2048, 2048, 2048, 2048, 2048, 2048, 2048, 2048]","[2048, 2048, 2048, 2048, 2048, 2048, 2048, 2048]",281.0
1292,11353,11,33,2026-08-23T14:17:35.972000+00:00,26.661,28.41,23.408,276.0,266.0,False,78.479,"[None, 2048, 2048, 2048, 2048, 2048, 2049, 2048]","[2048, 2048, 2048, 2048, 2048, 2048, 2048, 2048]","[2049, 2048, 2048, 2048, 2048, 2048, 2048, 2048]",291.0
1292,11353,77,33,2026-08-23T14:17:38.550000+00:00,26.644,28.454,23.534,281.0,264.0,False,78.632,"[None, 2048, 2049, 2049, 2049, 2048, 2048, 2048]","[2048, 2049, 2049, 2049, 2048, 2048, 2048, 2048]","[2048, 2049, 2048, 2048, 2048, 2048, 2048, 2048]",293.0
1292,11353,30,34,2026-08-23T14:17:44.325000+00:00,26.255,27.809,22.929,,274.0,False,76.993,"[None, 2048, 2048, 2048, 2048, 2048, 2048, 2049]","[2048, 2048, 2048, 2048, 2048, 2048, 2048, 2048]","[2049, 2048, 2048, 2048, 2048, 2048, 2048, 2048]",302.0
1292,11353,14,34,2026-08-23T14:18:06.565000+00:00,26.794,29.156,26.736,271.0,263.0,False,82.686,"[None, 2048, 2048, 2048, 2048, 2048, 2049, 2048]","[2048, 2048, 2048, 2048, 2048, 2048, 2048, 2048]","[2048, 2048, 2048, 2048, 2048, 2048, 2064, 2064]",290.0
1292,11353,27,34,2026-08-23T14:18:08.584000+00:00,26.309,28.286,23.322,270.0,273.0,False,77.917,"[None, 2048, 2048, 2048, 2048, 2048, 2048, 2048]","[2048, 2048, 2048, 2048, 2048, 2048, 2048, 2048]","[2048, 2048, 2048, 2048, 2048, 2048, 2048, 2048]",
1292,11353,22,34,2026-08-23T14:18:14.936000+00:00,26.33,28.402,23.329,275.0,272.0,False,78.061,"[None, 2048, 2048, 2049, 2048, 2048, 2048, 2048]","[2048, 2048, 2048, 2048, 2048, 2048, 2048, 2048]","[2049, 2048, 2048, 2048, 2048, 2048, 2048, 2048]",309.0
1292,11353,41,34,2026-08-23T14:18:20.421000+00:00,26.632,28.785,23.677,274.0,271.0,False,79.094,"[None, 2048, 2048, 2048, 2049, 2048, 2048, 2048]","[2048, 2048, 2048, 2048, 2048, 2048, 2048, 2048]","[2048, 2048, 2048, 2048, 2048, 2048, 2048]",309.0
1292,11353,10,34,2026-08-23T14:18:20.858000+00:00,26.839,28.53,23.592,282.0,280.0,False,78.961,"[None, 2049, 2048, 2048, 2048, 2048, 2048, 2048]","[2048, 2049, 2048, 2048, 2048, 2048, 2048, 2048]","[2048, 2048, 2048, 2048, 2048, 2048, 2048]",312.0
1292,11353,5,34,2026-08-23T14:18:21.929000+00:00,26.531,28.715,26.567,279.0,280.0,False,81.813,"[None, 2048, 2048, 2048, 2048, 2049, 2048, 2048]","[2048, 2048, 2048, 2048, 2048, 2048, 2048, 2048]","[2048, 2048, 2048, 2048, 2048, 2048, 2064, 2064]",298.0
1292,11353,23,34,2026-08-23T14:18:23.175000+00:00,26.756,28.861,23.563,278.0,275.0,False,79.18,"[2048, 2048, 2048, 2048, 2048, 2048, 2048, 2048]","[2048, 2048, 2048, 2048, 2048, 2048, 2048, 2048]","[2048, 2048, 2048, 2048, 2048, 2048, 2048, 2048]",306.0
1292,11353,31,34,2026-08-23T14:18:25.067000+00:00,26.598,29.424,24.791,280.0,186.0,False,80.813,"[None, 2048, 2048, 2048, 2048, 2048, 2048, 2048]","[2048, 2048, 2048, 2048, 2048, 2048, 2048, 2048]","[2048, 2048, 2048, 2048, 2048, 2048, 2048, 2048]",297.0
1292,11353,12,35,2026-08-23T14:18:27.019000+00:00,25.85,28.014,22.974,282.0,278.0,False,76.838,"[2049, 2048, 2048, 2048, 2048, 2048, 2048, 2048]","[2048, 2048, 2048, 2048, 2048, 2048, 2048, 2048]","[2048, 2048, 2048, 2048, 2048, 2048, 2048, 2048]",313.0
1292,11353,1,35,2026-08-23T14:18:28.253000+00:00,25.797,27.726,23.131,284.0,281.0,False,76.654,"[None, 2048, 2048, 2048, 2048, 2048, 2048, 2048]","[2048, 2048, 2048, 2048, 2048, 2048, 2048, 2048]","[2048, 2048, 2048, 2048, 2048, 2048, 2048, 2048]",309.0
1292,11353,18,34,2026-08-23T14:18:32.753000+00:00,26.926,28.347,23.637,273.0,265.0,False,78.91,"[None, 2048, 2048, 2048, 2048, 2048, 2048, 2048]","[2048, 2048, 2048, 2048, 2048, 2048, 2048, 2048]","[2048, 2048, 2048, 2048, 2048, 2048, 2048, 2048]",294.0
1292,11353,63,35,2026-08-23T14:18:36.426000+00:00,25.937,27.926,23.081,281.0,274.0,False,76.944,"[None, 2048, 2048, 2048, 2048, 2048, 2049, 2048]","[2048, 2048, 2048, 2048, 2048, 2048, 2048, 2048]","[2048, 2048, 2048, 2048, 2048, 2048, 2048, 2048]",311.0
1292,11353,55,34,2026-08-23T14:18:38.694000+00:00,28.351,28.354,23.535,284.0,277.0,False,80.24,"[None, 2048, 2048, 2048, 2048, 2048, 2048, 2048]","[2048, 2048, 2048, 2048, 2048, 2048, 2048, 2048]","[2048, 2048, 2048, 2048, 2048, 2048, 2048, 2048]",277.0
1292,11353,16,35,2026-08-23T14:18:39.555000+00:00,25.982,27.573,22.952,283.0,272.0,False,76.507,"[2048, 2048, 2048, 2048, 2048, 2048, 2049, 2048]","[2048, 2048, 2048, 2048, 2048, 2048, 2048, 2048]","[2048, 2048, 2048, 2048, 2048, 2048, 2048, 2048]",312.0
1292,11353,81,35,2026-08-23T14:18:41.819000+00:00,27.004,28.787,23.408,282.0,272.0,False,79.199,"[None, 2048, 2048, 2048, 2048, 2048, 2048, 2048]","[2048, 2048, 2048, 2048, 2048, 2048, 2048, 2048]","[2048, 2048, 2048, 2048, 2048, 2048, 2048, 2048]",306.0
1292,11353,44,35,2026-08-23T14:18:41.986000+00:00,26.751,27.677,22.988,278.0,268.0,False,77.416,"[2049, 2048, 2048, 2048, 2048, 2048, 2048, 2048]","[2048, 2048, 2048, 2048, 2048, 2048, 2048, 2048]","[2048, 2048, 2048, 2048, 2048, 2048, 2048, 2048]",308.0
1292,11353,43,34,2026-08-23T14:18:44.004000+00:00,26.455,28.602,23.668,292.0,285.0,False,78.725,"[None, 2048, 2048, 2048, 2048, 2048, 2049, 2048]","[2048, 2048, 2048, 2048, 2048, 2048, 2048, 2048]","[2048, 2048, 2048, 2048, 2048, 2048, 2048, 2048]",294.0
1292,11353,11,34,2026-08-23T14:18:54.425000+00:00,26.558,28.399,23.542,278.0,264.0,False,78.499,"[None, 2048, 2048, 2048, 2048, 2048, 2048, 2048]","[2048, 2049, 2048, 2048, 2048, 2048, 2048, 2048]","[2048, 2048, 2048, 2048, 2048, 2048, 2048, 2048]",296.0
1292,11353,77,34,2026-08-23T14:18:57.238000+00:00,26.945,28.566,23.526,282.0,264.0,False,79.037,"[None, 2048, 2048, 2048, 2048, 2048, 2048, 2048]","[2048, 2048, 2048, 2048, 2048, 2048, 2048, 2048]","[2048, 2048, 2048, 2048, 2048, 2048, 2048, 2048]",289.0
1292,11353,30,35,2026-08-23T14:19:01.299000+00:00,26.414,27.908,23.213,285.0,273.0,False,77.535,"[None, 2048, 2048, 2048, 2048, 2048, 2048, 2048]","[2048, 2048, 2048, 2048, 2048, 2048, 2048, 2048]","[2048, 2048, 2048, 2048, 2048, 2048, 2048, 2048]",298.0
1292,11353,27,35,2026-08-23T14:19:26.540000+00:00,26.25,27.903,23.243,273.0,276.0,False,77.396,"[None, 2048, 2048, 2049, 2048, 2048, 2048, 2048]","[2048, 2048, 2048, 2048, 2048, 2048, 2048, 2048]","[2049, 2048, 2048, 2048, 2048, 2048, 2048, 2048]",295.0
1292,11353,14,35,2026-08-23T14:19:29.102000+00:00,43.16,28.077,23.366,274.0,274.0,True,94.603,"[2064, 2064, 2064, 2048, 2048, 2048, 2048, 2048]","[2048, 2048, 2049, 2049, 2049, 2048, 2049, 2048]","[2048, 2049, 2048, 2049, 2049, 2048, 2048, 2048]",
1292,11353,22,35,2026-08-23T14:19:32.909000+00:00,26.469,28.176,23.297,276.0,272.0,False,77.942,"[None, 2048, 2048, 2048, 2048, 2048, 2048, 2048]","[2048, 2048, 2048, 2048, 2048, 2048, 2048, 2048]","[2048, 2048, 2048, 2048, 2048, 2048, 2048, 2048]",307.0
1292,11353,41,35,2026-08-23T14:19:39.779000+00:00,27.229,28.955,23.735,275.0,271.0,False,79.919,"[None, 2049, 2048, 2048, 2048, 2048, 2048, 2048]","[2048, 2048, 2048, 2048, 2048, 2048, 2048, 2048]","[2048, 2048, 2048, 2048, 2048, 2048, 2048, 2048]",317.0
1292,11353,10,35,2026-08-23T14:19:39.829000+00:00,26.315,27.865,23.218,277.0,274.0,False,77.398,"[None, 2049, 2048, 2048, 2048, 2048, 2049, 2048]","[2048, 2049, 2049, 2049, 2048, 2048, 2048, 2048]","[2049, 2049, 2048, 2048, 2048, 2048, 2048, 2048]",326.0
1292,11353,23,35,2026-08-23T14:19:42.384000+00:00,26.758,29.816,23.802,,283.0,False,80.376,"[None, 2048, 2048, 2048, 2048, 2048, 2048, 2048]","[2048, 2048, 2048, 2048, 2048, 2048, 2048, 2048]","[2048, 2048, 2048, 2048, 2048, 2048, 2048]",304.0
1292,11353,5,35,2026-08-23T14:19:43.699000+00:00,42.371,28.055,23.198,272.0,283.0,True,93.624,"[2064, 2064, 2064, 2048, 2048, 2048, 2048, 2048]","[2048, 2048, 2048, 2048, 2048, 2048, 2048, 2048]","[2048, 2048, 2048, 2048, 2049, 2048, 2048, 2048]",
1292,11353,12,36,2026-08-23T14:19:43.883000+00:00,25.973,28.469,23.032,283.0,275.0,False,77.474,"[2048, 2048, 2048, 2048, 2048, 2048, 2048, 2048]","[2048, 2048, 2048, 2048, 2048, 2048, 2048, 2048]","[2048, 2048, 2048, 2048, 2048, 2048, 2048, 2048]",310.0
1292,11353,1,36,2026-08-23T14:19:44.877000+00:00,27.129,27.486,23.433,290.0,283.0,False,78.048,"[None, 2048, 2048, 2048, 2048, 2048, 2048, 2048]","[2048, 2048, 2048, 2048, 2048, 2048, 2048, 2048]","[2048, 2048, 2048, 2048, 2048, 2048, 2048, 2048]",311.0
1292,11353,31,35,2026-08-23T14:19:45.826000+00:00,26.906,29.015,23.578,286.0,273.0,False,79.499,"[None, 2048, 2048, 2048, 2048, 2048, 2048, 2049]","[2049, 2048, 2048, 2048, 2048, 2048, 2048, 2048]","[2048, 2048, 2048, 2048, 2048, 2048, 2048, 2048]",304.0
1292,11353,18,35,2026-08-23T14:19:51.648000+00:00,26.835,28.201,26.4,272.0,267.0,False,81.436,"[None, 2048, 2048, 2048, 2048, 2048, 2049, 2048]","[2048, 2048, 2048, 2048, 2048, 2048, 2048, 2048]","[2048, 2048, 2048, 2048, 2048, 2048, 2064, 2064]",293.0
1292,11353,63,36,2026-08-23T14:19:53.398000+00:00,25.995,27.964,23.217,283.0,278.0,False,77.176,"[None, 2048, 2048, 2048, 2048, 2048, 2048, 2048]","[2048, 2048, 2048, 2048, 2048, 2048, 2048, 2048]","[2048, 2048, 2048, 2048, 2048, 2048, 2048, 2048]",314.0
1292,11353,16,36,2026-08-23T14:19:56.182000+00:00,25.931,27.517,22.951,281.0,269.0,False,76.399,"[None, 2048, 2048, 2048, 2048, 2048, 2048, 2048]","[2048, 2048, 2048, 2048, 2048, 2048, 2048, 2048]","[2048, 2048, 2048, 2048, 2048, 2048, 2048, 2048]",310.0
1292,11353,55,35,2026-08-23T14:19:59.001000+00:00,27.736,29.888,23.749,292.0,281.0,False,81.373,"[None, 2048, 2048, 2048, 2048, 2048, 2048, 2049]","[2048, 2048, 2048, 2048, 2048, 2048, 2048, 2048]","[2048, 2048, 2048, 2048, 2048, 2048, 2048, 2048]",219.0
1292,11353,44,36,2026-08-23T14:19:59.349000+00:00,26.445,27.177,22.805,284.0,275.0,False,76.427,"[2048, 2048, 2048, 2048, 2048, 2048, 2048, 2048]","[2048, 2048, 2048, 2048, 2048, 2048, 2048, 2048]","[2048, 2048, 2048, 2048, 2048, 2048, 2048, 2048]",288.0
1292,11353,81,36,2026-08-23T14:20:01.070000+00:00,26.286,28.452,23.225,279.0,276.0,False,77.963,"[None, 2048, 2048, 2048, 2048, 2048, 2048, 2048]","[2048, 2048, 2048, 2048, 2048, 2048, 2048, 2048]","[2048, 2048, 2048, 2048, 2048, 2048, 2048, 2048]",
1292,11353,43,35,2026-08-23T14:20:02.702000+00:00,26.651,28.69,23.52,,285.0,False,78.861,"[None, 2048, 2048, 2048, 2048, 2048, 2048, 2048]","[2048, 2048, 2048, 2048, 2048, 2048, 2048, 2048]","[2049, 2048, 2048, 2048, 2048, 2048, 2048, 2048]",297.0
1292,11353,11,35,2026-08-23T14:20:12.948000+00:00,26.678,28.343,23.462,276.0,264.0,False,78.483,"[None, 2049, 2048, 2048, 2048, 2048, 2048, 2048]","[2048, 2049, 2048, 2048, 2048, 2048, 2048, 2048]","[2048, 2048, 2048, 2048, 2049, 2048, 2048, 2048]",298.0
1292,11353,77,35,2026-08-23T14:20:16.260000+00:00,26.9,28.621,23.606,280.0,265.0,False,79.127,"[None, 2048, 2048, 2048, 2048, 2048, 2048, 2048]","[2048, 2048, 2048, 2048, 2048, 2049, 2048, 2048]","[2048, 2049, 2048, 2048, 2048, 2048, 2048, 2048]",283.0
1292,11353,30,36,2026-08-23T14:20:18.885000+00:00,26.39,27.996,23.204,,275.0,False,77.59,"[None, 2048, 2048, 2048, 2048, 2048, 2048, 2048]","[2048, 2048, 2048, 2048, 2048, 2048, 2048, 2048]","[2048, 2048, 2048, 2048, 2049, 2048, 2048, 2048]",
1292,11353,27,36,2026-08-23T14:20:43.912000+00:00,26.349,28.153,23.165,271.0,272.0,False,77.667,"[None, 2048, 2048, 2048, 2048, 2048, 2048, 2048]","[2048, 2048, 2048, 2048, 2048, 2048, 2048, 2048]","[2048, 2048, 2048, 2048, 2048, 2048, 2048, 2048]",302.0
1292,11353,22,36,2026-08-23T14:20:50.882000+00:00,26.378,28.374,23.189,,272.0,False,77.941,"[None, 2048, 2048, 2048, 2048, 2049, 2048, 2048]","[2048, 2048, 2048, 2048, 2048, 2048, 2048, 2048]","[2048, 2048, 2048, 2048, 2048, 2048, 2048, 2048]",308.0
1292,11353,10,36,2026-08-23T14:20:57.048000+00:00,26.395,28.008,23.231,282.0,277.0,False,77.634,"[None, 2048, 2048, 2049, 2048, 2048, 2048, 2049]","[2048, 2049, 2048, 2048, 2048, 2048, 2048, 2048]","[2049, 2048, 2048, 2048, 2048, 2048, 2048, 2048]",314.0
1292,11353,41,36,2026-08-23T14:20:59.501000+00:00,26.831,30.441,27.126,,257.0,False,84.398,"[None, 2048, 2048, 2048, 2048, 2048, 2048, 2048]","[2048, 2048, 2048, 2048, 2048, 2048, 2048, 2048]","[2048, 2048, 2048, 2048, 2048, 2048, 2064, 2064]",296.0
1292,11353,12,37,2026-08-23T14:21:01.359000+00:00,25.966,28.125,23.053,280.0,276.0,False,77.144,"[None, 2048, 2048, 2048, 2048, 2048, 2048, 2048]","[2048, 2048, 2048, 2048, 2048, 2048, 2048, 2048]","[2048, 2048, 2048, 2048, 2048, 2048, 2048, 2048]",312.0
1292,11353,23,36,2026-08-23T14:21:02.633000+00:00,27.39,28.538,23.77,290.0,280.0,False,79.698,"[None, 2048, 2048, 2048, 2048, 2048, 2048, 2049]","[2049, 2048, 2048, 2048, 2048, 2048, 2048, 2048]","[2048, 2048, 2048, 2048, 2048, 2048, 2048, 2048]",254.0
1292,11353,1,37,2026-08-23T14:21:02.930000+00:00,25.94,27.715,23.037,,279.0,False,76.692,"[None, 2048, 2048, 2048, 2048, 2048, 2051, 2048]","[2048, 2049, 2049, 2048, 2048, 2048, 2048, 2048]","[2048, 2048, 2048, 2048, 2048, 2048, 2048, 2048]",304.0
1292,11353,14,36,2026-08-23T14:21:03.734000+00:00,26.892,27.979,24.149,268.0,290.0,False,79.02,"[2048, 2048, 2048, 2048, 2048, 2048, 2048, 2048]","[2048, 2048, 2049, 2048, 2049, 2048, 2048, 2049]","[2048, 2048, 2048, 2048, 2048, 2048, 2048, 2048]",289.0
1292,11353,31,36,2026-08-23T14:21:05.373000+00:00,26.708,28.899,27.095,287.0,271.0,False,82.702,"[None, 2048, 2048, 2048, 2048, 2048, 2048, 2049]","[2049, 2048, 2048, 2048, 2048, 2048, 2048, 2048]","[2048, 2048, 2048, 2048, 2048, 2048, 2064, 2064]",296.0
1292,11353,63,37,2026-08-23T14:21:10.634000+00:00,26.021,27.805,23.092,,276.0,False,76.918,"[None, 2048, 2048, 2048, 2048, 2048, 2048, 2048]","[2048, 2048, 2048, 2048, 2048, 2048, 2048, 2048]","[2048, 2048, 2048, 2048, 2048, 2048, 2048, 2048]",306.0
1292,11353,16,37,2026-08-23T14:21:12.595000+00:00,26.072,27.594,22.954,280.0,268.0,False,76.62,"[None, 2048, 2048, 2048, 2048, 2048, 2048, 2048]","[2048, 2048, 2048, 2048, 2048, 2048, 2048, 2048]","[2048, 2048, 2048, 2048, 2048, 2048, 2048, 2048]",303.0
1292,11353,18,36,2026-08-23T14:21:12.871000+00:00,42.535,27.419,23.362,275.0,267.0,True,93.316,"[2064, 2064, 2064, 2048, 2048, 2048, 2048, 2048]","[2048, 2049, 2049, 2049, 2049, 2048, 2049, 2048]","[2048, 2049, 2048, 2049, 2048, 2048, 2048, 2048]",
1292,11353,44,37,2026-08-23T14:21:15.828000+00:00,25.788,27.235,22.942,,273.0,False,75.965,"[None, 2048, 2048, 2049, 2048, 2048, 2048, 2048]","[2048, 2051, 2048, 2048, 2048, 2048, 2048, 2048]","[2048, 2048, 2048, 2048, 2048, 2048, 2048, 2048]",309.0
1292,11353,5,36,2026-08-23T14:21:17.401000+00:00,26.507,27.694,23.224,274.0,272.0,False,77.425,"[2048, 2048, 2048, 2049, 2048, 2048, 2048, 2048]","[2048, 2048, 2049, 2048, 2048, 2048, 2048, 2048]","[2048, 2048, 2048, 2049, 2048, 2048, 2048]",297.0
1292,11353,81,37,2026-08-23T14:21:18.980000+00:00,26.005,28.034,23.714,276.0,279.0,False,77.753,"[None, 2048, 2048, 2048, 2048, 2048, 2049, 2048]","[2048, 2048, 2048, 2048, 2048, 2048, 2048, 2048]","[2048, 2048, 2048, 2048, 2048, 2048, 2048, 2048]",313.0
1292,11353,55,36,2026-08-23T14:21:20.281000+00:00,26.476,28.492,23.432,291.0,278.0,False,78.4,"[None, 2048, 2048, 2048, 2048, 2048, 2049, 2048]","[2048, 2048, 2048, 2048, 2048, 2048, 2048, 2048]","[2048, 2048, 2048, 2048, 2048, 2048, 2048, 2048]",302.0
1292,11353,43,36,2026-08-23T14:21:21.658000+00:00,26.514,28.43,23.473,290.0,284.0,False,78.417,"[None, 2048, 2048, 2048, 2048, 2048, 2048, 2048]","[2048, 2048, 2048, 2048, 2048, 2048, 2048, 2048]","[2048, 2048, 2048, 2048, 2048, 2048, 2048, 2048]",303.0
1292,11353,11,36,2026-08-23T14:21:31.433000+00:00,26.558,28.414,23.513,280.0,266.0,False,78.485,"[None, 2049, 2048, 2048, 2048, 2048, 2048, 2048]","[2048, 2048, 2048, 2048, 2048, 2048, 2048, 2048]","[2048, 2048, 2048, 2048, 2048, 2048, 2048, 2048]",301.0
1292,11353,77,36,2026-08-23T14:21:35.366000+00:00,28.709,28.599,23.818,286.0,274.0,False,81.126,"[None, 2048, 2048, 2048, 2048, 2048, 2048, 2049]","[2049, 2048, 2048, 2048, 2048, 2048, 2048, 2048]","[2048, 2048, 2048, 2048, 2048, 2048, 2048, 2048]",292.0
1292,11353,30,37,2026-08-23T14:21:36.560000+00:00,26.408,27.982,23.13,286.0,274.0,False,77.52,"[None, 2048, 2048, 2048, 2048, 2048, 2049, 2049]","[2048, 2048, 2048, 2048, 2048, 2048, 2048, 2048]","[2048, 2048, 2048, 2048, 2048, 2048, 2048, 2048]",301.0
1292,11353,27,37,2026-08-23T14:22:01.554000+00:00,26.332,28.134,23.197,272.0,274.0,False,77.663,"[None, 2048, 2048, 2048, 2048, 2048, 2048, 2048]","[2048, 2048, 2048, 2048, 2048, 2048, 2048, 2048]","[2048, 2048, 2048, 2048, 2048, 2048, 2048, 2048]",295.0
1292,11353,22,37,2026-08-23T14:22:08.789000+00:00,26.398,28.353,23.212,277.0,271.0,False,77.963,"[None, 2048, 2048, 2048, 2048, 2048, 2049, 2048]","[2048, 2048, 2048, 2048, 2048, 2048, 2048, 2048]","[2048, 2048, 2048, 2048, 2048, 2048, 2048, 2048]",301.0
1292,11353,10,37,2026-08-23T14:22:14.717000+00:00,26.393,27.998,23.357,280.0,270.0,False,77.748,"[None, 2048, 2048, 2048, 2048, 2048, 2048, 2048]","[2048, 2048, 2049, 2048, 2048, 2048, 2048, 2048]","[2048, 2048, 2048, 2048, 2048, 2048, 2048, 2048]",310.0
1292,11353,12,38,2026-08-23T14:22:18.578000+00:00,25.918,27.566,22.922,278.0,279.0,False,76.406,"[None, 2048, 2048, 2048, 2048, 2048, 2048, 2048]","[2048, 2048, 2048, 2048, 2048, 2048, 2048, 2048]","[2048, 2048, 2048, 2048, 2048, 2048, 2048, 2048]",306.0
1292,11353,1,38,2026-08-23T14:22:19.580000+00:00,25.68,27.67,22.983,286.0,278.0,False,76.333,"[None, 2048, 2048, 2048, 2048, 2048, 2048, 2048]","[2048, 2048, 2048, 2048, 2048, 2048, 2048, 2048]","[2048, 2048, 2048, 2048, 2048, 2048, 2048, 2048]",310.0
1292,11353,23,37,2026-08-23T14:22:22.478000+00:00,26.761,28.549,23.68,276.0,285.0,False,78.99,"[None, 2048, 2048, 2048, 2048, 2048, 2048, 2048]","[2048, 2048, 2048, 2049, 2048, 2048, 2048, 2048]","[2049, 2048, 2048, 2048, 2048, 2048, 2048, 2048]",301.0
1292,11353,14,37,2026-08-23T14:22:22.808000+00:00,27.018,28.012,23.794,263.0,268.0,False,78.824,"[None, 2048, 2048, 2048, 2048, 2048, 2048, 2048]","[2048, 2048, 2048, 2048, 2048, 2048, 2048, 2048]","[2048, 2048, 2048, 2048, 2049, 2049, 2049, 2049]",288.0
1292,11353,41,37,2026-08-23T14:22:23.826000+00:00,43.56,28.136,22.952,281.0,281.0,True,94.648,"[2064, 2064, 2064, 2048, 2048, 2048, 2048, 2048]","[2048, 2048, 2048, 2048, 2048, 2048, 2048, 2048]","[2049, 2049, 2051, 2048, 2049, 2049, 2049, 2049]",
1292,11353,63,38,2026-08-23T14:22:27.639000+00:00,25.924,27.843,22.995,284.0,278.0,False,76.762,"[None, 2048, 2048, 2048, 2048, 2048, 2048, 2049]","[2048, 2048, 2048, 2048, 2048, 2048, 2048, 2048]","[2048, 2048, 2048, 2048, 2048, 2048, 2048, 2048]",314.0
1292,11353,31,37,2026-08-23T14:22:28.029000+00:00,42.749,27.854,23.246,284.0,269.0,True,93.849,"[2064, 2064, 2064, 2048, 2048, 2048, 2048, 2048]","[2048, 2048, 2048, 2048, 2049, 2048, 2048, 2048]","[2048, 2048, 2049, 2049, 2048, 2048, 2048, 2048]",
1292,11353,16,38,2026-08-23T14:22:29.248000+00:00,25.924,27.599,22.869,282.0,270.0,False,76.392,"[None, 2048, 2048, 2048, 2048, 2048, 2048, 2048]","[2048, 2048, 2048, 2048, 2048, 2048, 2048, 2048]","[2048, 2048, 2048, 2048, 2048, 2048, 2048, 2048]",310.0
1292,11353,44,38,2026-08-23T14:22:31.826000+00:00,25.797,27.27,23.037,282.0,271.0,False,76.104,"[None, 2048, 2048, 2048, 2048, 2048, 2049, 2048]","[2048, 2048, 2048, 2048, 2048, 2048, 2048, 2048]","[2048, 2048, 2048, 2048, 2048, 2048, 2048, 2048]",312.0
1292,11353,5,37,2026-08-23T14:22:34.623000+00:00,26.409,27.692,23.233,273.0,274.0,False,77.334,"[None, 2049, 2048, 2049, 2049, 2048, 2048, 2048]","[2048, 2048, 2048, 2048, 2048, 2048, 2049, 2048]","[2048, 2048, 2048, 2048, 2048, 2048, 2048, 2048]",296.0
1292,11353,81,38,2026-08-23T14:22:36.826000+00:00,26.097,28.031,23.209,279.0,277.0,False,77.337,"[None, 2048, 2048, 2048, 2048, 2048, 2049, 2048]","[2048, 2048, 2048, 2048, 2048, 2048, 2048, 2048]","[2048, 2048, 2048, 2048, 2048, 2048, 2048, 2048]",307.0
1292,11353,55,37,2026-08-23T14:22:38.615000+00:00,26.531,28.428,23.387,283.0,276.0,False,78.346,"[None, 2048, 2048, 2048, 2048, 2048, 2049, 2048]","[2048, 2048, 2048, 2048, 2048, 2048, 2048, 2048]","[2048, 2048, 2048, 2049, 2048, 2048, 2048, 2048]",310.0
1292,11353,43,37,2026-08-23T14:22:40.025000+00:00,26.311,28.417,23.463,283.0,289.0,False,78.191,"[None, 2048, 2048, 2048, 2048, 2048, 2048, 2048]","[2048, 2048, 2048, 2048, 2048, 2048, 2048, 2048]","[2048, 2048, 2048, 2048, 2048, 2048, 2048, 2048]",314.0
1292,11353,18,37,2026-08-23T14:22:46.320000+00:00,26.604,27.77,23.509,276.0,270.0,False,77.883,"[2048, 2048, 2049, 2049, 2048, 2048, 2048, 2048]","[2048, 2048, 2048, 2048, 2048, 2048, 2048, 2048]","[2048, 2048, 2048, 2049, 2049, 2048, 2048, 2048]",293.0
1292,11353,11,37,2026-08-23T14:22:49.910000+00:00,26.471,28.329,23.336,,266.0,False,78.136,"[None, 2048, 2048, 2048, 2048, 2049, 2049, 2049]","[2048, 2048, 2048, 2048, 2048, 2048, 2048, 2048]","[2048, 2048, 2049, 2048, 2049, 2048, 2048, 2048]",
1292,11353,30,38,2026-08-23T14:22:53.983000+00:00,26.215,27.93,23.227,287.0,274.0,False,77.372,"[None, 2048, 2048, 2048, 2048, 2049, 2048, 2049]","[2049, 2048, 2048, 2048, 2048, 2048, 2048, 2048]","[2048, 2048, 2048, 2048, 2048, 2048, 2048, 2048]",
1292,11353,77,37,2026-08-23T14:22:56.578000+00:00,26.774,28.813,23.562,282.0,267.0,False,79.149,"[None, 2048, 2048, 2048, 2048, 2048, 2048, 2048]","[2048, 2048, 2048, 2048, 2048, 2048, 2048, 2048]","[2048, 2048, 2048, 2048, 2048, 2048, 2048, 2048]",
1292,11353,27,38,2026-08-23T14:23:19.248000+00:00,26.23,28.163,23.292,269.0,269.0,False,77.685,"[None, 2048, 2048, 2048, 2048, 2048, 2048, 2048]","[2048, 2048, 2048, 2048, 2048, 2048, 2048, 2048]","[2048, 2048, 2048, 2048, 2048, 2048, 2048, 2048]",305.0
1292,11353,22,38,2026-08-23T14:23:26.904000+00:00,26.326,28.234,23.236,278.0,271.0,False,77.796,"[None, 2048, 2048, 2048, 2048, 2049, 2048, 2048]","[2048, 2048, 2048, 2048, 2048, 2048, 2048, 2048]","[2048, 2048, 2048, 2048, 2048, 2048, 2048]",309.0
1292,11353,10,38,2026-08-23T14:23:32.578000+00:00,26.315,27.986,23.344,,273.0,False,77.645,"[None, 2048, 2048, 2048, 2049, 2049, 2049, 2048]","[2048, 2048, 2048, 2048, 2048, 2049, 2048, 2048]","[2048, 2048, 2048, 2048, 2048, 2048, 2048]",309.0
1292,11353,12,39,2026-08-23T14:23:34.901000+00:00,25.92,27.764,23.03,281.0,275.0,False,76.714,"[None, 2048, 2048, 2048, 2048, 2048, 2048, 2048]","[2048, 2048, 2048, 2048, 2048, 2048, 2048, 2048]","[2048, 2048, 2048, 2048, 2048, 2048, 2048, 2048]",312.0
1292,11353,1,39,2026-08-23T14:23:36.004000+00:00,25.857,27.599,22.973,285.0,280.0,False,76.429,"[None, 2048, 2048, 2048, 2048, 2048, 2051, 2048]","[2048, 2048, 2048, 2048, 2048, 2048, 2048, 2048]","[2048, 2048, 2048, 2048, 2048, 2048, 2049, 2049]",307.0
1292,11353,23,38,2026-08-23T14:23:41.436000+00:00,27.667,29.098,25.782,275.0,221.0,False,82.547,"[None, 2048, 2048, 2048, 2048, 2048, 2048, 2048]","[2048, 2048, 2048, 2048, 2048, 2048, 2048, 2048]","[2048, 2048, 2048, 2048, 2048, 2048, 2048, 2048]",290.0
1292,11353,14,38,2026-08-23T14:23:41.560000+00:00,26.582,28.12,23.308,272.0,271.0,False,78.01,"[2049, 2048, 2048, 2048, 2048, 2048, 2048, 2048]","[2048, 2048, 2048, 2048, 2048, 2048, 2049, 2048]","[2048, 2049, 2049, 2048, 2048, 2048, 2048, 2048]",296.0
1292,11353,63,39,2026-08-23T14:23:44.372000+00:00,26.148,28.174,23.08,283.0,277.0,False,77.402,"[None, 2048, 2048, 2048, 2048, 2048, 2048, 2048]","[2048, 2048, 2048, 2048, 2048, 2048, 2048, 2048]","[2048, 2048, 2048, 2048, 2049, 2048, 2048, 2048]",305.0
1292,11353,16,39,2026-08-23T14:23:45.620000+00:00,25.96,27.923,22.982,283.0,271.0,False,76.865,"[None, 2048, 2048, 2048, 2048, 2048, 2048, 2048]","[2048, 2048, 2048, 2048, 2048, 2048, 2048, 2048]","[2048, 2048, 2048, 2048, 2048, 2048, 2048, 2048]",311.0
1292,11353,44,39,2026-08-23T14:23:47.973000+00:00,25.866,27.417,23.03,285.0,271.0,False,76.313,"[None, 2048, 2048, 2048, 2048, 2048, 2048, 2048]","[2048, 2051, 2048, 2048, 2048, 2048, 2048, 2048]","[2048, 2048, 2048, 2048, 2049, 2049, 2049, 2048]",310.0
1292,11353,5,38,2026-08-23T14:23:52.007000+00:00,26.467,27.625,22.976,274.0,289.0,False,77.068,"[None, 2048, 2048, 2048, 2048, 2048, 2049, 2048]","[2048, 2048, 2048, 2048, 2048, 2048, 2048, 2049]","[2049, 2048, 2048, 2049, 2049, 2048, 2048, 2048]",291.0
1292,11353,81,39,2026-08-23T14:23:54.137000+00:00,25.96,28.012,23.141,,276.0,False,77.113,"[None, 2048, 2048, 2048, 2048, 2048, 2048, 2048]","[2048, 2048, 2048, 2048, 2048, 2048, 2048, 2048]","[2048, 2048, 2049, 2048, 2048, 2048, 2048, 2048]",311.0
1292,11353,55,38,2026-08-23T14:23:57.035000+00:00,26.529,28.622,23.333,284.0,275.0,False,78.484,"[None, 2048, 2048, 2048, 2048, 2048, 2048, 2048]","[2048, 2048, 2048, 2048, 2048, 2048, 2048, 2048]","[2048, 2048, 2048, 2048, 2048, 2048, 2048, 2048]",309.0
1292,11353,43,38,2026-08-23T14:23:58.184000+00:00,26.481,28.516,23.724,278.0,290.0,False,78.721,"[None, 2048, 2048, 2048, 2048, 2048, 2048, 2048]","[2048, 2048, 2048, 2048, 2048, 2048, 2048, 2048]","[2048, 2048, 2048, 2048, 2048, 2048, 2048, 2048]",319.0
1292,11353,41,38,2026-08-23T14:23:58.740000+00:00,26.638,28.121,23.991,280.0,296.0,False,78.75,"[2049, 2051, 2048, 2048, 2048, 2048, 2049, 2048]","[2048, 2048, 2048, 2048, 2048, 2048, 2048, 2049]","[2048, 2048, 2048, 2048, 2048, 2048, 2048, 2048]",336.0
1292,11353,31,38,2026-08-23T14:24:01.910000+00:00,26.277,28.078,23.399,280.0,268.0,False,77.754,"[2048, 2048, 2049, 2049, 2049, 2048, 2048, 2048]","[2048, 2049, 2048, 2048, 2048, 2048, 2048, 2048]","[2048, 2048, 2048, 2048, 2048, 2048, 2048, 2048]",305.0
1292,11353,18,38,2026-08-23T14:24:04.260000+00:00,26.699,27.966,23.467,274.0,269.0,False,78.132,"[None, 2048, 2048, 2048, 2048, 2048, 2048, 2048]","[2048, 2048, 2048, 2048, 2048, 2048, 2048, 2048]","[2048, 2048, 2048, 2048, 2048, 2048, 2048, 2048]",288.0
1292,11353,11,38,2026-08-23T14:24:08.071000+00:00,26.587,28.418,23.552,,268.0,False,78.557,"[None, 2049, 2048, 2048, 2048, 2048, 2048, 2048]","[2048, 2048, 2048, 2048, 2048, 2048, 2048, 2048]","[2048, 2048, 2048, 2048, 2048, 2048, 2048, 2048]",303.0
1292,11353,30,39,2026-08-23T14:24:11.439000+00:00,26.402,27.897,23.287,286.0,274.0,False,77.586,"[None, 2049, 2048, 2048, 2048, 2048, 2048, 2048]","[2048, 2048, 2048, 2048, 2048, 2048, 2048, 2048]","[2048, 2048, 2048, 2048, 2048, 2048, 2048, 2048]",299.0
1292,11353,77,38,2026-08-23T14:24:15.705000+00:00,26.98,28.718,23.663,284.0,270.0,False,79.361,"[None, 2048, 2048, 2048, 2048, 2048, 2048, 2048]","[2048, 2048, 2048, 2048, 2048, 2048, 2048, 2048]","[2048, 2048, 2048, 2048, 2048, 2048, 2048, 2048]",290.0
1292,11353,27,39,2026-08-23T14:24:37.011000+00:00,26.214,28.156,23.063,,269.0,False,77.433,"[None, 2048, 2048, 2048, 2048, 2048, 2048, 2048]","[2048, 2048, 2048, 2048, 2048, 2048, 2048, 2048]","[2048, 2048, 2048, 2048, 2048, 2048, 2048, 2048]",300.0
1292,11353,22,39,2026-08-23T14:24:44.735000+00:00,26.29,28.193,23.24,276.0,271.0,False,77.723,"[None, 2048, 2048, 2048, 2048, 2049, 2049, 2048]","[2048, 2048, 2048, 2048, 2048, 2048, 2048, 2048]","[2048, 2048, 2048, 2048, 2048, 2048, 2048, 2048]",310.0
1292,11353,10,39,2026-08-23T14:24:50.277000+00:00,26.472,29.958,23.763,278.0,273.0,False,80.193,"[None, 2048, 2048, 2048, 2048, 2048, 2048, 2048]","[2048, 2048, 2048, 2048, 2048, 2048, 2048, 2048]","[2048, 2048, 2048, 2048, 2048, 2048, 2048, 2048]",304.0
1292,11353,12,40,2026-08-23T14:24:51.679000+00:00,25.915,27.829,25.645,282.0,276.0,False,79.389,"[None, 2048, 2048, 2048, 2048, 2048, 2048, 2048]","[2048, 2048, 2048, 2048, 2048, 2048, 2048, 2048]","[2048, 2048, 2048, 2048, 2048, 2048, 2064, 2064]",311.0
1292,11353,1,40,2026-08-23T14:24:52.385000+00:00,25.811,27.753,23.418,290.0,277.0,False,76.982,"[2049, 2048, 2048, 2048, 2048, 2048, 2048, 2048]","[2048, 2048, 2048, 2048, 2048, 2048, 2048, 2048]","[2048, 2048, 2048, 2048, 2048, 2048, 2048]",317.0
1292,11353,14,39,2026-08-23T14:24:59.643000+00:00,26.368,27.887,23.233,271.0,265.0,False,77.488,"[2048, 2048, 2049, 2049, 2049, 2049, 2048, 2048]","[2048, 2048, 2048, 2048, 2049, 2048, 2049, 2048]","[2048, 2049, 2048, 2049, 2048, 2048, 2048, 2048]",294.0
1292,11353,63,40,2026-08-23T14:25:01.643000+00:00,25.918,27.892,25.683,281.0,277.0,False,79.493,"[None, 2048, 2048, 2048, 2048, 2048, 2049, 2048]","[2048, 2048, 2048, 2048, 2048, 2048, 2048, 2048]","[2048, 2048, 2048, 2048, 2048, 2048, 2064, 2064]",315.0
1292,11353,16,40,2026-08-23T14:25:02.487000+00:00,25.975,27.974,22.985,280.0,272.0,False,76.934,"[None, 2048, 2048, 2048, 2048, 2048, 2048, 2048]","[2048, 2048, 2048, 2048, 2048, 2048, 2048, 2048]","[2048, 2048, 2048, 2048, 2048, 2048, 2048]",318.0
1292,11353,23,39,2026-08-23T14:25:03.987000+00:00,27.455,28.715,23.521,,278.0,False,79.691,"[None, 2048, 2048, 2048, 2048, 2048, 2048, 2048]","[2048, 2048, 2048, 2048, 2048, 2048, 2048, 2048]","[2048, 2048, 2048, 2048, 2048, 2048, 2048, 2048]",303.0
1292,11353,44,40,2026-08-23T14:25:04.221000+00:00,26.127,27.406,22.97,283.0,271.0,False,76.503,"[2049, 2048, 2048, 2048, 2048, 2048, 2048, 2048]","[2048, 2048, 2048, 2048, 2048, 2048, 2048, 2048]","[2048, 2048, 2048, 2048, 2048, 2048, 2048, 2048]",301.0
1292,11353,5,39,2026-08-23T14:25:09.068000+00:00,26.571,27.707,23.199,273.0,273.0,False,77.477,"[None, 2048, 2048, 2048, 2048, 2048, 2048, 2048]","[2048, 2048, 2048, 2048, 2048, 2048, 2048, 2048]","[2048, 2048, 2048, 2048, 2048, 2048, 2048, 2048]",277.0
1292,11353,81,40,2026-08-23T14:25:11.256000+00:00,26.018,27.933,23.353,280.0,276.0,False,77.304,"[None, 2048, 2048, 2048, 2048, 2048, 2048, 2048]","[2048, 2048, 2048, 2048, 2048, 2048, 2048, 2048]","[2048, 2048, 2048, 2048, 2048, 2048, 2048, 2048]",308.0
1292,11353,55,39,2026-08-23T14:25:15.443000+00:00,26.326,28.449,23.322,286.0,275.0,False,78.097,"[None, 2048, 2048, 2048, 2048, 2048, 2049, 2048]","[2048, 2048, 2048, 2048, 2048, 2048, 2049, 2048]","[2048, 2048, 2048, 2048, 2048, 2048, 2048, 2048]",312.0
1292,11353,43,39,2026-08-23T14:25:17.017000+00:00,26.387,28.505,23.447,276.0,275.0,False,78.339,"[None, 2048, 2048, 2048, 2048, 2048, 2048, 2048]","[2048, 2048, 2048, 2048, 2048, 2048, 2048, 2048]","[2048, 2048, 2048, 2048, 2049, 2048, 2048, 2048]",317.0
1292,11353,41,39,2026-08-23T14:25:17.262000+00:00,26.433,28.428,23.451,,275.0,False,78.312,"[2048, 2048, 2049, 2048, 2048, 2048, 2048, 2048]","[2048, 2048, 2048, 2048, 2048, 2048, 2048, 2048]","[2048, 2048, 2048, 2048, 2049, 2049, 2049, 2049]",315.0
1292,11353,31,39,2026-08-23T14:25:19.734000+00:00,26.415,28.004,23.359,,269.0,False,77.778,"[None, 2048, 2048, 2048, 2048, 2048, 2048, 2048]","[2048, 2048, 2049, 2049, 2048, 2048, 2048, 2048]","[2048, 2048, 2048, 2048, 2048, 2048, 2048, 2048]",303.0
1292,11353,18,39,2026-08-23T14:25:22.343000+00:00,26.786,28.025,23.59,273.0,268.0,False,78.401,"[None, 2048, 2048, 2048, 2048, 2048, 2048, 2048]","[2048, 2048, 2048, 2048, 2048, 2048, 2048, 2048]","[2048, 2048, 2048, 2048, 2048, 2048, 2048, 2048]",290.0
1292,11353,11,39,2026-08-23T14:25:26.506000+00:00,26.6,28.332,23.544,,267.0,False,78.476,"[None, 2049, 2048, 2048, 2048, 2048, 2048, 2048]","[2048, 2048, 2048, 2048, 2048, 2048, 2048, 2048]","[2048, 2048, 2048, 2048, 2049, 2048, 2048, 2048]",
1292,11353,30,40,2026-08-23T14:25:28.901000+00:00,26.184,27.894,23.267,287.0,274.0,False,77.345,"[None, 2049, 2048, 2049, 2048, 2048, 2049, 2049]","[2048, 2048, 2048, 2048, 2048, 2048, 2048, 2048]","[2048, 2048, 2048, 2048, 2048, 2048, 2048, 2048]",302.0
1292,11353,77,39,2026-08-23T14:25:35.017000+00:00,26.948,28.767,23.714,280.0,264.0,False,79.429,"[None, 2048, 2048, 2048, 2048, 2048, 2048, 2048]","[2048, 2048, 2048, 2048, 2048, 2048, 2048, 2048]","[2048, 2048, 2048, 2048, 2048, 2048, 2048, 2048]",299.0
1292,11353,27,40,2026-08-23T14:25:54.400000+00:00,26.483,28.222,23.255,267.0,270.0,False,77.96,"[None, 2048, 2049, 2048, 2048, 2048, 2048, 2048]","[2048, 2048, 2048, 2048, 2048, 2048, 2048, 2048]","[2048, 2048, 2049, 2048, 2048, 2048, 2048, 2048]",302.0
1292,11353,22,40,2026-08-23T14:26:02.401000+00:00,26.282,28.24,23.285,,273.0,False,77.807,"[None, 2049, 2048, 2049, 2048, 2048, 2048, 2048]","[2048, 2048, 2048, 2048, 2048, 2048, 2048, 2048]","[2048, 2048, 2048, 2048, 2048, 2048, 2048, 2048]",
1292,11353,1,41,2026-08-23T14:26:09.242000+00:00,25.807,27.455,23.037,,277.0,False,76.299,"[2048, 2048, 2048, 2048, 2048, 2048, 2048, 2048]","[2048, 2049, 2049, 2048, 2048, 2048, 2048, 2048]","[2048, 2048, 2048, 2048, 2048, 2048, 2048, 2048]",299.0
1292,11353,10,40,2026-08-23T14:26:10.462000+00:00,26.49,28.22,23.402,280.0,277.0,False,78.112,"[None, 2048, 2048, 2048, 2048, 2048, 2049, 2048]","[2048, 2048, 2048, 2048, 2048, 2048, 2048, 2048]","[2048, 2048, 2048, 2048, 2048, 2048, 2048, 2048]",307.0
1292,11353,12,41,2026-08-23T14:26:10.931000+00:00,42.62,27.321,22.643,292.0,282.0,True,92.584,"[2064, 2064, 2064, 2048, 2048, 2048, 2048, 2049]","[2049, 2048, 2048, 2048, 2048, 2048, 2049, 2049]","[2048, 2048, 2049, 2048, 2048, 2048, 2048, 2048]",
1292,11353,14,40,2026-08-23T14:26:17.212000+00:00,26.301,27.771,23.254,270.0,264.0,False,77.326,"[None, 2048, 2049, 2048, 2049, 2048, 2048, 2048]","[2048, 2048, 2048, 2049, 2049, 2048, 2048, 2048]","[2048, 2048, 2048, 2049, 2048, 2048, 2048, 2048]",
1292,11353,16,41,2026-08-23T14:26:19.353000+00:00,25.88,27.775,23.06,285.0,273.0,False,76.715,"[None, 2048, 2048, 2048, 2048, 2049, 2049, 2048]","[2048, 2048, 2048, 2048, 2048, 2048, 2048, 2048]","[2048, 2048, 2048, 2048, 2048, 2048, 2048, 2048]",306.0
1292,11353,44,41,2026-08-23T14:26:20.712000+00:00,25.827,27.326,22.891,288.0,281.0,False,76.044,"[2048, 2048, 2048, 2048, 2048, 2048, 2049, 2049]","[2048, 2051, 2048, 2048, 2048, 2048, 2048, 2048]","[2048, 2048, 2048, 2048, 2049, 2049, 2048, 2048]",313.0
1292,11353,63,41,2026-08-23T14:26:21.369000+00:00,42.112,27.248,22.747,285.0,281.0,True,92.107,"[2064, 2064, 2064, 2048, 2048, 2048, 2048, 2049]","[2048, 2048, 2048, 2049, 2048, 2048, 2049, 2048]","[2048, 2048, 2049, 2048, 2049, 2048, 2048, 2048]",
1292,11353,23,40,2026-08-23T14:26:23.634000+00:00,26.528,28.532,23.542,276.0,281.0,False,78.602,"[None, 2048, 2048, 2048, 2048, 2048, 2048, 2048]","[2048, 2048, 2048, 2048, 2048, 2048, 2048, 2048]","[2049, 2048, 2048, 2048, 2048, 2048, 2048, 2048]",310.0
1292,11353,5,40,2026-08-23T14:26:26.539000+00:00,26.825,30.248,23.475,243.0,280.0,False,80.548,"[None, 2048, 2048, 2048, 2048, 2048, 2048, 2048]","[2048, 2048, 2048, 2048, 2048, 2048, 2048, 2048]","[2048, 2048, 2048, 2048, 2048, 2048, 2048, 2048]",293.0
1292,11353,81,41,2026-08-23T14:26:28.492000+00:00,26.037,28.46,23.139,,277.0,False,77.636,"[None, 2048, 2048, 2048, 2048, 2048, 2048, 2048]","[2048, 2048, 2048, 2048, 2048, 2048, 2048, 2048]","[2048, 2048, 2048, 2048, 2048, 2048, 2048]",312.0
1292,11353,55,40,2026-08-23T14:26:33.598000+00:00,26.399,28.496,23.336,287.0,275.0,False,78.231,"[None, 2048, 2048, 2049, 2049, 2048, 2048, 2048]","[2048, 2048, 2048, 2048, 2048, 2048, 2048, 2048]","[2048, 2048, 2048, 2048, 2049, 2048, 2048, 2048]",314.0
1292,11353,43,40,2026-08-23T14:26:35.309000+00:00,28.301,29.276,24.228,285.0,288.0,False,81.805,"[None, 2049, 2048, 2048, 2048, 2048, 2048, 2048]","[2048, 2048, 2048, 2048, 2048, 2048, 2048, 2048]","[2048, 2048, 2048, 2048, 2048, 2049, 2048, 2048]",324.0
1292,11353,41,40,2026-08-23T14:26:35.606000+00:00,26.287,27.994,24.156,271.0,277.0,False,78.437,"[None, 2048, 2048, 2049, 2049, 2048, 2048, 2048]","[2048, 2049, 2048, 2048, 2048, 2048, 2048, 2048]","[2048, 2048, 2048, 2048, 2048, 2048, 2048, 2048]",335.0
1292,11353,31,40,2026-08-23T14:26:37.459000+00:00,26.714,28.718,23.726,274.0,295.0,False,79.158,"[None, 2049, 2048, 2048, 2048, 2048, 2048, 2048]","[2048, 2048, 2048, 2048, 2048, 2048, 2048, 2049]","[2049, 2048, 2048, 2048, 2048, 2048, 2048, 2048]",311.0
1292,11353,18,40,2026-08-23T14:26:40.760000+00:00,26.736,27.769,23.557,275.0,271.0,False,78.062,"[None, 2048, 2048, 2048, 2048, 2048, 2048, 2048]","[2048, 2048, 2048, 2048, 2048, 2048, 2048, 2048]","[2049, 2048, 2048, 2048, 2048, 2048, 2048, 2048]",295.0
1292,11353,11,40,2026-08-23T14:26:45.078000+00:00,28.42,28.936,23.534,259.0,281.0,False,80.89,"[None, 2048, 2048, 2048, 2048, 2048, 2048, 2048]","[2048, 2048, 2048, 2048, 2048, 2048, 2048, 2048]","[2048, 2048, 2048, 2048, 2049, 2048, 2048, 2048]",301.0
1292,11353,30,41,2026-08-23T14:26:46.374000+00:00,26.517,27.894,23.133,286.0,275.0,False,77.544,"[None, 2048, 2048, 2048, 2048, 2048, 2048, 2048]","[2048, 2048, 2048, 2048, 2048, 2048, 2048, 2048]","[2048, 2048, 2048, 2048, 2048, 2048, 2048, 2048]",308.0
1292,11353,77,40,2026-08-23T14:26:54.502000+00:00,26.884,28.839,23.764,282.0,266.0,False,79.487,"[None, 2048, 2048, 2048, 2048, 2048, 2048, 2048]","[2048, 2048, 2048, 2048, 2048, 2048, 2048, 2048]","[2048, 2048, 2048, 2048, 2048, 2048, 2048, 2048]",294.0
1292,11353,27,41,2026-08-23T14:27:12.360000+00:00,26.462,28.137,23.298,271.0,272.0,False,77.897,"[None, 2048, 2048, 2048, 2048, 2048, 2048, 2048]","[2048, 2049, 2048, 2048, 2048, 2048, 2048, 2048]","[2048, 2048, 2048, 2048, 2048, 2048, 2048, 2048]",293.0
1292,11353,22,41,2026-08-23T14:27:20.160000+00:00,26.451,28.242,23.216,277.0,272.0,False,77.909,"[None, 2048, 2048, 2048, 2048, 2048, 2048, 2048]","[2048, 2048, 2048, 2048, 2048, 2048, 2048, 2048]","[2048, 2048, 2048, 2048, 2048, 2048, 2048, 2048]",308.0
1292,11353,1,42,2026-08-23T14:27:25.761000+00:00,25.91,27.523,23.162,283.0,273.0,False,76.595,"[None, 2048, 2048, 2048, 2048, 2048, 2051, 2048]","[2048, 2048, 2048, 2048, 2048, 2048, 2048, 2048]","[2048, 2048, 2049, 2048, 2048, 2048, 2048, 2048]",303.0
1292,11353,10,41,2026-08-23T14:27:28.537000+00:00,26.267,28.073,23.277,282.0,276.0,False,77.617,"[None, 2048, 2048, 2048, 2048, 2048, 2048, 2049]","[2048, 2048, 2048, 2048, 2048, 2048, 2049, 2048]","[2048, 2048, 2048, 2048, 2048, 2048, 2048, 2048]",320.0
1292,11353,14,41,2026-08-23T14:27:34.381000+00:00,26.167,27.774,23.176,269.0,264.0,False,77.117,"[None, 2049, 2048, 2049, 2049, 2049, 2049, 2048]","[2048, 2048, 2048, 2048, 2048, 2048, 2048, 2048]","[2048, 2048, 2048, 2049, 2048, 2048, 2048, 2048]",295.0
1292,11353,16,42,2026-08-23T14:27:36.133000+00:00,26.074,27.832,22.983,,275.0,False,76.889,"[None, 2048, 2048, 2048, 2048, 2048, 2048, 2048]","[2048, 2048, 2048, 2048, 2048, 2048, 2048, 2048]","[2048, 2048, 2048, 2048, 2048, 2048, 2048, 2048]",310.0
1292,11353,44,42,2026-08-23T14:27:36.700000+00:00,26.105,27.747,22.983,279.0,267.0,False,76.835,"[None, 2048, 2048, 2048, 2048, 2048, 2048, 2048]","[2048, 2048, 2048, 2048, 2048, 2048, 2048, 2048]","[2048, 2048, 2048, 2048, 2049, 2049, 2048, 2048]",314.0
1292,11353,23,41,2026-08-23T14:27:42.234000+00:00,27.364,28.76,23.542,220.0,284.0,False,79.666,"[None, 2048, 2048, 2048, 2048, 2048, 2048, 2048]","[2048, 2048, 2048, 2048, 2048, 2048, 2048, 2048]","[2048, 2048, 2048, 2048, 2048, 2048, 2048, 2048]",306.0
1292,11353,12,42,2026-08-23T14:27:43.622000+00:00,25.697,27.309,22.694,279.0,279.0,False,75.7,"[2049, 2048, 2048, 2049, 2048, 2048, 2048, 2048]","[2048, 2048, 2048, 2048, 2048, 2048, 2048, 2048]","[2048, 2049, 2048, 2048, 2048, 2048, 2048, 2048]",319.0
1292,11353,81,42,2026-08-23T14:27:45.984000+00:00,25.969,28.091,23.308,,279.0,False,77.368,"[None, 2048, 2048, 2048, 2048, 2048, 2048, 2048]","[2048, 2048, 2048, 2048, 2048, 2048, 2048, 2048]","[2048, 2048, 2048, 2048, 2048, 2048, 2048, 2048]",
1292,11353,5,41,2026-08-23T14:27:47.153000+00:00,26.508,28.027,23.193,279.0,280.0,False,77.728,"[None, 2048, 2048, 2048, 2048, 2048, 2048, 2048]","[2048, 2048, 2048, 2048, 2048, 2048, 2048, 2048]","[2048, 2048, 2048, 2048, 2048, 2048, 2048, 2048]",294.0
1292,11353,55,41,2026-08-23T14:27:51.782000+00:00,26.562,29.187,23.612,288.0,278.0,False,79.361,"[None, 2048, 2048, 2049, 2048, 2048, 2048, 2048]","[2048, 2048, 2048, 2048, 2048, 2048, 2048, 2048]","[2048, 2048, 2048, 2048, 2048, 2048, 2048, 2048]",310.0
1292,11353,63,42,2026-08-23T14:27:53.323000+00:00,25.763,27.477,22.584,280.0,272.0,False,75.824,"[2048, 2048, 2048, 2049, 2048, 2048, 2048, 2048]","[2048, 2048, 2048, 2048, 2048, 2048, 2049, 2048]","[2048, 2051, 2049, 2051, 2048, 2048, 2048, 2048]",312.0
1292,11353,41,41,2026-08-23T14:27:53.986000+00:00,26.356,28.06,23.042,277.0,277.0,False,77.458,"[None, 2048, 2048, 2048, 2048, 2048, 2048, 2048]","[2048, 2049, 2048, 2048, 2048, 2048, 2048, 2048]","[2048, 2048, 2048, 2049, 2048, 2049, 2049, 2049]",319.0
1292,11353,31,41,2026-08-23T14:27:56.650000+00:00,26.559,28.219,23.261,272.0,264.0,False,78.039,"[None, 2048, 2048, 2048, 2048, 2049, 2049, 2048]","[2048, 2048, 2048, 2048, 2048, 2048, 2048, 2048]","[2048, 2049, 2048, 2048, 2048, 2048, 2048, 2048]",302.0
1292,11353,43,41,2026-08-23T14:27:57.040000+00:00,26.866,28.727,23.655,291.0,280.0,False,79.248,"[None, 2048, 2048, 2048, 2048, 2048, 2048, 2048]","[2048, 2048, 2048, 2048, 2048, 2048, 2048, 2048]","[2048, 2048, 2048, 2048, 2048, 2048, 2048, 2048]",286.0
1292,11353,18,41,2026-08-23T14:27:58.822000+00:00,26.638,27.98,23.8,276.0,273.0,False,78.418,"[None, 2048, 2049, 2048, 2048, 2048, 2049, 2049]","[2048, 2048, 2048, 2048, 2048, 2048, 2048, 2048]","[2048, 2048, 2048, 2048, 2048, 2048, 2048, 2048]",293.0
1292,11353,30,42,2026-08-23T14:28:03.884000+00:00,26.172,27.92,23.248,,276.0,False,77.34,"[None, 2048, 2048, 2048, 2048, 2048, 2048, 2048]","[2048, 2048, 2048, 2048, 2048, 2048, 2048, 2048]","[2048, 2048, 2048, 2048, 2048, 2048, 2048, 2048]",303.0
1292,11353,11,41,2026-08-23T14:28:05.900000+00:00,26.71,28.74,23.632,280.0,266.0,False,79.082,"[None, 2048, 2048, 2048, 2048, 2048, 2048, 2048]","[2048, 2048, 2048, 2048, 2048, 2048, 2048, 2048]","[2048, 2048, 2048, 2048, 2048, 2048, 2048, 2048]",
1292,11353,77,41,2026-08-23T14:28:13.908000+00:00,27.014,29.057,23.92,280.0,266.0,False,79.991,"[None, 2048, 2048, 2048, 2048, 2048, 2048, 2048]","[2048, 2048, 2048, 2048, 2048, 2048, 2048, 2048]","[2048, 2048, 2048, 2048, 2048, 2048, 2048, 2048]",288.0
1292,11353,27,42,2026-08-23T14:28:30.339000+00:00,26.346,28.299,23.246,272.0,273.0,False,77.891,"[None, 2048, 2048, 2048, 2048, 2048, 2049, 2048]","[2048, 2048, 2048, 2048, 2048, 2048, 2048, 2048]","[2048, 2048, 2048, 2048, 2048, 2048, 2048, 2048]",294.0
1292,11353,22,42,2026-08-23T14:28:38.039000+00:00,26.366,28.513,29.202,277.0,272.0,False,84.081,"[None, 2048, 2048, 2048, 2048, 2048, 2048, 2048]","[2048, 2048, 2048, 2048, 2048, 2048, 2048, 2048]","[2048, 2048, 2048, 2048, 2048, 2048, 2048, 2048]",309.0
1292,11353,1,43,2026-08-23T14:28:42.242000+00:00,25.896,27.779,23.441,286.0,275.0,False,77.116,"[None, 2048, 2048, 2048, 2048, 2048, 2048, 2048]","[2048, 2048, 2048, 2048, 2048, 2048, 2048, 2048]","[2048, 2048, 2048, 2048, 2048, 2048, 2048, 2048]",307.0
1292,11353,10,42,2026-08-23T14:28:46.039000+00:00,26.302,,23.207,278.0,,False,77.5,"[None, 2048, 2048, 2048, 2049, 2049, 2049, 2048]","[2048, 2048, 2048, 2048, 2048, 2048]","[None, None, None, None, None, 2048, 2048, 2048]",312.0
1292,11353,14,42,2026-08-23T14:28:51.636000+00:00,26.322,,25.339,268.0,,False,80.147,"[None, 2048, 2049, 2048, 2049, 2048, 2048, 2048]","[2048, 2049, 2049, 2048]","[None, None, None, 2048, 2048, 2048, 2048, 2048]",293.0
1292,11353,16,43,2026-08-23T14:28:53.100000+00:00,26.063,,26.14,279.0,,False,80.438,"[None, 2048, 2048, 2048, 2048, 2048, 2048, 2048]","[2048, 2048, 2048, 2048]","[None, None, None, 2048, 2048, 2048, 2064, 2064]",315.0
1292,11353,44,43,2026-08-23T14:28:53.623000+00:00,25.946,,23.359,280.0,,False,77.413,"[2049, 2048, 2048, 2048, 2048, 2048, 2048, 2048]","[2048, 2048, 2048, 2048]","[None, None, None, 2048, 2048, 2048, 2048, 2048]",313.0
1292,11353,12,43,2026-08-23T14:28:59.302000+00:00,25.783,,22.838,278.0,,False,75.887,"[2048, 2048, 2048, 2048, 2048, 2048, 2048, 2048]","[2048, 2048, 2048]","[None, 2048, 2048, 2048, 2048, 2048, 2048, 2048]",311.0
1292,11353,23,42,2026-08-23T14:29:01.928000+00:00,26.466,,23.576,278.0,,False,80.114,"[None, 2048, 2048, 2048, 2049, 2048, 2049, 2048]","[2048, 2048]","[2048, 2048, 2048, 2048, 2049, 2048, 2048]",311.0
1292,11353,81,43,2026-08-23T14:29:03.471000+00:00,26.008,,23.206,,,False,77.58,"[None, 2048, 2048, 2048, 2048, 2048, 2048, 2048]","[2048, 2048]","[2048, 2048, 2048, 2048, 2048, 2048, 2048, 2048]",
1292,11353,5,42,2026-08-23T14:29:04.928000+00:00,26.369,,23.18,276.0,,False,77.44,"[None, 2048, 2048, 2048, 2048, 2048, 2049, 2048]",[2048],"[2048, 2048, 2048, 2048, 2049, 2049, 2049, 2049]",296.0
1292,11353,63,43,2026-08-23T14:29:09.201000+00:00,,27.152,22.636,,279.0,False,75.415,"[None, 2048, 2048, 2049, 2049, 2048, 2049, 0]","[None, None, None, None, None, None, None, 2048]","[2048, 2048, 2048, 2048, 2051, 2048, 2048, 2048]",313.0
1292,11353,55,42,2026-08-23T14:29:11.177000+00:00,,28.544,23.203,,275.0,False,78.421,"[2049, 2049, 2048, 2048, 2048, 2048, 0, 0]","[None, None, None, None, None, None, 2048, 2048]","[2048, 2049, 2048, 2048, 2048, 2048, 2048, 2048]",317.0
1292,11353,41,42,2026-08-23T14:29:11.473000+00:00,,28.583,23.049,,277.0,False,78.374,"[None, 2048, 2048, 2048, 2048, 2048, 0, 0]","[None, None, None, None, None, None, 2048, 2048]","[2048, 2048, 2048, 2048, 2049, 2049, 2048, 2048]",332.0
1292,11353,31,42,2026-08-23T14:29:14.614000+00:00,,28.181,23.223,,268.0,False,77.803,"[None, 2048, 2048, 2048, 2048, 2049, 0, 0]","[None, None, None, None, None, 2048, 2048, 2048]","[2048, 2048, 2048, 2049, 2049, 2048, 2048, 2048]",303.0
1292,11353,43,42,2026-08-23T14:29:16.286000+00:00,,28.53,23.299,,280.0,False,78.259,"[None, 2048, 2048, 2048, 2048, 0, 0, 0]","[None, None, None, None, None, 2048, 2048, 2048]","[2048, 2048, 2048, 2048, 2049, 2048, 2048, 2048]",314.0
1292,11353,18,42,2026-08-23T14:29:17.270000+00:00,,28.028,23.259,,274.0,False,77.926,"[None, 2049, 2048, 2048, 2048, 0, 0, 0]","[None, None, None, None, 2048, 2048, 2048, 2048]","[2048, 2048, 2048, 2049, 2049, 2049, 2049, 2048]",301.0
1292,11353,30,43,2026-08-23T14:29:21.236000+00:00,,28.053,23.335,,275.0,False,77.669,"[None, 2048, 2048, 2048, 0, 0, 0, 0]","[None, None, None, None, 2048, 2048, 2048, 2048]","[2048, 2048, 2048, 2048, 2049, 2048, 2048, 2048]",302.0
1292,11353,11,42,2026-08-23T14:29:25.018000+00:00,,28.565,23.51,,267.0,False,78.809,"[None, 2048, 0, 0, 0, 0, 0, 0]","[None, None, 2048, 2048, 2048, 2048, 2048, 2048]","[2048, 2048, 2048, 2048, 2049, 2048, 2048, 2048]",295.0
1292,11353,77,42,2026-08-23T14:29:33.915000+00:00,26.898,29.046,23.772,282.0,263.0,False,79.716,"[None, None, None, None, None, None, None, 2048]","[2048, 2048, 2048, 2048, 2048, 2048, 2048, 2048]","[2048, 2048, 2048, 2048, 2048, 2048, 2048, 2048]",
1292,11353,10,43,2026-08-23T14:30:03.743000+00:00,26.3,28.135,23.431,283.0,273.0,False,77.866,"[None, 2048, 2048, 2048, 2048, 2048, 2048, 2049]","[2048, 2048, 2048, 2048, 2048, 2048, 2048, 2048]","[2048, 2048, 2048, 2048, 2048, 2048, 2048, 2048]",317.0
1292,11353,44,44,2026-08-23T14:30:10.974000+00:00,25.729,27.438,22.986,274.0,265.0,False,76.153,"[2048, 2048, 2048, 2048, 2048, 2048, 2048, 2048]","[2048, 2048, 2048, 2048, 2048, 2048, 2048, 2048]","[2048, 2048, 2048, 2048, 2048, 2048, 2048, 2048]",322.0
1292,11353,14,43,2026-08-23T14:30:11.762000+00:00,26.395,27.965,23.251,271.0,267.0,False,77.611,"[None, 2048, 2048, 2048, 2048, 2048, 2048, 2048]","[2048, 2048, 2048, 2048, 2048, 2048, 2048, 2048]","[2048, 2048, 2048, 2048, 2048, 2048, 2048, 2048]",301.0
1292,11353,16,44,2026-08-23T14:30:13.518000+00:00,44.045,27.334,22.702,279.0,268.0,True,94.081,"[2064, 2064, 2064, 2048, 2048, 2048, 2048, 2048]","[2048, 2048, 2048, 2048, 2048, 2051, 2051, 2048]","[2048, 2049, 2048, 2048, 2048, 2048, 2048, 2048]",
1292,11353,12,44,2026-08-23T14:30:15.142000+00:00,25.726,27.554,22.96,279.0,278.0,False,76.24,"[None, 2048, 2048, 2048, 2048, 2048, 2049, 2048]","[2048, 2048, 2048, 2048, 2048, 2048, 2048, 2048]","[2048, 2048, 2048, 2048, 2048, 2048, 2048, 2048]",316.0
1292,11353,81,44,2026-08-23T14:30:21.122000+00:00,26.074,28.124,26.065,279.0,277.0,False,80.263,"[None, 2048, 2048, 2048, 2048, 2048, 2048, 2048]","[2048, 2048, 2048, 2048, 2048, 2048, 2048, 2048]","[2048, 2048, 2049, 2048, 2048, 2048, 2064, 2064]",307.0
1292,11353,23,43,2026-08-23T14:30:21.973000+00:00,26.795,28.848,23.496,281.0,283.0,False,79.139,"[None, 2048, 2048, 2049, 2048, 2048, 2048, 2048]","[2048, 2048, 2048, 2048, 2048, 2048, 2048, 2048]","[2048, 2048, 2048, 2048, 2048, 2048, 2048, 2048]",312.0
1292,11353,5,43,2026-08-23T14:30:22.393000+00:00,26.656,29.866,23.447,286.0,282.0,False,79.969,"[2049, 2048, 2048, 2048, 2048, 2048, 2049, 2051]","[2048, 2048, 2048, 2048, 2048, 2048, 2048, 2048]","[2048, 2048, 2048, 2048, 2048, 2048, 2048, 2048]",288.0
1292,11353,63,44,2026-08-23T14:30:24.760000+00:00,25.686,28.039,22.972,281.0,281.0,False,76.697,"[None, 2048, 2048, 2048, 2048, 2048, 2051, 2048]","[2048, 2048, 2048, 2048, 2048, 2048, 2048, 2048]","[2048, 2048, 2048, 2048, 2048, 2051, 2049, 2049]",310.0
1292,11353,55,43,2026-08-23T14:30:29.551000+00:00,26.873,29.226,23.513,279.0,280.0,False,79.612,"[2048, 2048, 2048, 2049, 2048, 2048, 2048, 2048]","[2048, 2048, 2048, 2048, 2048, 2048, 2048, 2048]","[2048, 2048, 2048, 2048, 2048, 2048, 2048, 2048]",305.0
1292,11353,41,43,2026-08-23T14:30:29.851000+00:00,26.752,29.527,23.313,276.0,279.0,False,79.592,"[None, 2048, 2048, 2048, 2048, 2048, 2048, 2048]","[2048, 2048, 2048, 2048, 2048, 2048, 2048, 2048]","[2048, 2048, 2048, 2048, 2048, 2048, 2049, 2049]",326.0
1292,11353,31,43,2026-08-23T14:30:32.519000+00:00,26.541,28.311,23.366,273.0,280.0,False,78.218,"[None, 2048, 2048, 2049, 2048, 2048, 2048, 2048]","[2048, 2048, 2048, 2048, 2048, 2048, 2048, 2048]","[2048, 2048, 2048, 2048, 2048, 2048, 2048, 2048]",300.0
1292,11353,43,43,2026-08-23T14:30:34.618000+00:00,26.398,28.591,23.646,280.0,276.0,False,78.635,"[None, 2048, 2048, 2048, 2048, 2048, 2048, 2048]","[2048, 2048, 2048, 2048, 2048, 2048, 2048, 2048]","[2048, 2048, 2048, 2048, 2048, 2048, 2048, 2048]",309.0
1292,11353,18,43,2026-08-23T14:30:35.124000+00:00,26.475,28.268,23.83,275.0,271.0,False,78.573,"[None, 2048, 2048, 2048, 2048, 2048, 2048, 2048]","[2048, 2048, 2048, 2048, 2048, 2048, 2048, 2048]","[2048, 2048, 2048, 2048, 2048, 2048, 2048, 2048]",306.0
1292,11353,30,44,2026-08-23T14:30:38.880000+00:00,26.215,28.03,23.413,286.0,276.0,False,77.658,"[None, 2048, 2048, 2048, 2048, 2048, 2048, 2048]","[2048, 2049, 2048, 2048, 2048, 2048, 2048, 2048]","[2048, 2048, 2048, 2048, 2048, 2048, 2048, 2048]",307.0
1292,11353,11,43,2026-08-23T14:30:43.802000+00:00,26.714,28.537,23.685,279.0,263.0,False,78.936,"[None, 2049, 2048, 2048, 2048, 2048, 2048, 2048]","[2048, 2049, 2048, 2048, 2048, 2048, 2048, 2048]","[2048, 2048, 2048, 2048, 2048, 2048, 2048, 2048]",300.0
1292,11353,77,43,2026-08-23T14:30:53.600000+00:00,27.165,29.119,23.842,,269.0,False,80.126,"[None, 2048, 2048, 2048, 2048, 2048, 2048, 2048]","[2048, 2048, 2048, 2048, 2048, 2048, 2048, 2048]","[2048, 2048, 2048, 2048, 2048, 2048, 2048, 2048]",288.0
1292,11353,27,44,2026-08-23T14:31:06.377000+00:00,26.479,28.216,23.273,273.0,272.0,False,77.968,"[None, 2048, 2048, 2048, 2048, 2048, 2048, 2048]","[2048, 2048, 2048, 2048, 2048, 2048, 2048, 2048]","[2048, 2048, 2049, 2048, 2048, 2048, 2048, 2048]",
1292,11353,1,45,2026-08-23T14:31:15.768000+00:00,25.879,27.497,23.217,284.0,276.0,False,76.593,"[None, 2048, 2048, 2048, 2048, 2048, 2048, 2048]","[2048, 2048, 2048, 2048, 2048, 2048, 2048, 2048]","[2048, 2048, 2048, 2048, 2048, 2048, 2048, 2048]",301.0
1292,11353,22,44,2026-08-23T14:31:20.236000+00:00,27.361,28.358,26.265,,271.0,False,81.984,"[None, 2048, 2048, 2048, 2048, 2048, 2048, 2048]","[2048, 2048, 2048, 2048, 2048, 2048, 2048, 2048]","[2048, 2048, 2048, 2048, 2048, 2048, 2064, 2064]",282.0
1292,11353,10,44,2026-08-23T14:31:21.533000+00:00,26.556,28.547,23.448,287.0,275.0,False,78.551,"[None, 2048, 2048, 2048, 2048, 2048, 2048, 2049]","[2049, 2048, 2048, 2048, 2048, 2049, 2048, 2048]","[2048, 2048, 2048, 2048, 2048, 2048, 2048, 2048]",310.0
1292,11353,44,45,2026-08-23T14:31:27.078000+00:00,25.963,27.342,22.897,286.0,275.0,False,76.202,"[None, 2048, 2048, 2048, 2048, 2048, 2048, 2048]","[2048, 2048, 2048, 2048, 2048, 2048, 2048, 2048]","[2048, 2048, 2048, 2048, 2048, 2048, 2048, 2048]",304.0
1292,11353,14,44,2026-08-23T14:31:29.400000+00:00,26.182,27.727,23.174,273.0,273.0,False,77.083,"[None, 2048, 2048, 2049, 2049, 2048, 2048, 2048]","[2048, 2049, 2049, 2048, 2048, 2048, 2048, 2048]","[2049, 2048, 2048, 2048, 2048, 2048, 2048, 2048]",299.0
1292,11353,12,45,2026-08-23T14:31:31.434000+00:00,25.864,27.355,22.886,288.0,282.0,False,76.105,"[None, 2048, 2048, 2048, 2048, 2048, 2048, 2048]","[2048, 2048, 2048, 2048, 2048, 2048, 2048, 2048]","[2048, 2048, 2048, 2048, 2048, 2049, 2048, 2048]",300.0
1292,11353,23,44,2026-08-23T14:31:41.201000+00:00,27.067,28.694,23.431,280.0,278.0,False,79.192,"[None, 2048, 2048, 2048, 2048, 2048, 2048, 2048]","[2048, 2048, 2048, 2048, 2048, 2048, 2048, 2048]","[2048, 2048, 2048, 2048, 2048, 2048, 2048, 2048]",278.0
1292,11353,63,45,2026-08-23T14:31:41.289000+00:00,25.979,27.282,22.686,283.0,276.0,False,75.947,"[None, 2048, 2048, 2048, 2048, 2048, 2048, 2048]","[2048, 2048, 2049, 2048, 2048, 2048, 2048, 2048]","[2048, 2048, 2048, 2048, 2048, 2048, 2048, 2048]",300.0
1292,11353,81,45,2026-08-23T14:31:41.521000+00:00,42.668,27.299,23.23,285.0,289.0,True,93.197,"[2064, 2064, 2064, 2048, 2048, 2048, 2048, 2048]","[2048, 2048, 2048, 2048, 2048, 2049, 2049, 2048]","[2048, 2048, 2048, 2048, 2049, 2049, 2051, 2049]",
1292,11353,5,44,2026-08-23T14:31:42.342000+00:00,26.597,28.404,23.197,278.0,282.0,False,78.198,"[2048, 2048, 2048, 2048, 2048, 2048, 2048, 2048]","[2048, 2048, 2048, 2048, 2048, 2048, 2048, 2048]","[2048, 2048, 2048, 2048, 2048, 2049, 2049, 2048]",295.0
1292,11353,16,45,2026-08-23T14:31:47.658000+00:00,26.005,26.778,22.613,280.0,271.0,False,75.396,"[2048, 2048, 2048, 2048, 2048, 2048, 2048, 2048]","[2048, 2049, 2051, 2049, 2048, 2048, 2048, 2048]","[2048, 2048, 2048, 2048, 2048, 2048, 2048, 2048]",303.0
1292,11353,55,44,2026-08-23T14:31:49.115000+00:00,27.502,28.896,23.36,283.0,277.0,False,79.758,"[None, 2048, 2048, 2048, 2048, 2048, 2048, 2048]","[2048, 2048, 2048, 2048, 2048, 2048, 2048, 2048]","[2048, 2048, 2048, 2048, 2048, 2048, 2048, 2048]",316.0
1292,11353,41,44,2026-08-23T14:31:49.411000+00:00,26.305,28.175,23.18,275.0,272.0,False,77.66,"[2049, 2048, 2048, 2048, 2049, 2048, 2048, 2048]","[2048, 2048, 2048, 2048, 2048, 2049, 2048, 2048]","[2048, 2048, 2048, 2048, 2048, 2048, 2048, 2048]",320.0
1292,11353,31,44,2026-08-23T14:31:50.641000+00:00,26.603,28.749,23.331,275.0,283.0,False,78.683,"[None, 2048, 2048, 2048, 2048, 2048, 2048, 2048]","[2048, 2048, 2048, 2048, 2048, 2048, 2048, 2048]","[2048, 2048, 2048, 2048, 2048, 2049, 2048, 2049]",308.0
1292,11353,43,44,2026-08-23T14:31:53.300000+00:00,26.636,28.555,23.468,277.0,280.0,False,78.659,"[None, 2048, 2048, 2048, 2048, 2048, 2048, 2048]","[2048, 2048, 2048, 2048, 2048, 2048, 2048, 2048]","[2048, 2048, 2048, 2048, 2048, 2048, 2048, 2048]",
1292,11353,18,44,2026-08-23T14:31:53.710000+00:00,26.74,28.328,23.621,277.0,277.0,False,78.689,"[None, 2048, 2048, 2048, 2048, 2048, 2049, 2049]","[2048, 2048, 2048, 2048, 2048, 2048, 2048, 2048]","[2048, 2048, 2048, 2048, 2048, 2048, 2049, 2048]",286.0
1292,11353,30,45,2026-08-23T14:31:56.497000+00:00,26.374,28.219,23.384,,276.0,False,77.977,"[None, 2048, 2048, 2048, 2048, 2048, 2048, 2048]","[2048, 2048, 2048, 2048, 2048, 2048, 2048, 2048]","[2048, 2048, 2048, 2048, 2048, 2048, 2048, 2048]",304.0
1292,11353,11,44,2026-08-23T14:32:02.822000+00:00,26.661,28.592,23.596,,264.0,False,78.849,"[None, 2048, 2048, 2048, 2048, 2048, 2048, 2048]","[2048, 2048, 2048, 2048, 2048, 2048, 2048, 2048]","[2048, 2048, 2048, 2048, 2048, 2048, 2048, 2048]",299.0
1292,11353,77,44,2026-08-23T14:32:13.733000+00:00,27.14,28.96,23.885,281.0,268.0,False,79.985,"[None, 2048, 2048, 2048, 2048, 2048, 2048, 2048]","[2048, 2048, 2048, 2048, 2048, 2048, 2048, 2048]","[2048, 2048, 2048, 2048, 2048, 2048, 2048, 2048]",285.0
1292,11353,27,45,2026-08-23T14:32:23.905000+00:00,26.458,28.115,23.216,277.0,276.0,False,77.789,"[None, 2048, 2048, 2048, 2048, 2048, 2048, 2048]","[2048, 2048, 2048, 2048, 2048, 2048, 2048, 2048]","[2048, 2048, 2049, 2048, 2048, 2048, 2048, 2048]",298.0
1292,11353,1,46,2026-08-23T14:32:32.409000+00:00,25.819,27.682,23.219,,275.0,False,76.72,"[None, 2049, 2048, 2048, 2048, 2048, 2049, 2048]","[2048, 2048, 2048, 2048, 2048, 2048, 2048, 2048]","[2048, 2048, 2048, 2048, 2048, 2048, 2048, 2048]",305.0
1292,11353,10,45,2026-08-23T14:32:40.018000+00:00,26.404,28.284,23.349,283.0,273.0,False,78.037,"[None, 2048, 2048, 2048, 2048, 2048, 2048, 2048]","[2048, 2048, 2048, 2048, 2048, 2048, 2048, 2048]","[2048, 2048, 2048, 2048, 2048, 2048, 2048, 2048]",311.0
1292,11353,22,45,2026-08-23T14:32:42.039000+00:00,42.866,27.354,22.996,279.0,277.0,True,93.216,"[2064, 2064, 2064, 2048, 2048, 2048, 2048, 2048]","[2048, 2048, 2049, 2048, 2049, 2048, 2049, 2048]","[2049, 2049, 2049, 2048, 2048, 2048, 2048, 2048]",
1292,11353,44,46,2026-08-23T14:32:43.328000+00:00,26.105,27.45,23.002,284.0,270.0,False,76.557,"[None, 2048, 2048, 2048, 2048, 2048, 2048, 2048]","[2048, 2048, 2048, 2048, 2048, 2048, 2048, 2048]","[2048, 2048, 2048, 2048, 2048, 2048, 2048, 2048]",302.0
1292,11353,14,45,2026-08-23T14:32:46.378000+00:00,27.093,28.179,23.346,230.0,271.0,False,78.618,"[None, 2048, 2048, 2048, 2048, 2048, 2048, 2048]","[2048, 2048, 2048, 2048, 2048, 2048, 2048, 2048]","[2048, 2048, 2048, 2048, 2048, 2048, 2048, 2048]",298.0
1292,11353,12,46,2026-08-23T14:32:47.602000+00:00,25.682,27.272,22.774,289.0,280.0,False,75.728,"[None, 2048, 2048, 2048, 2048, 2048, 2049, 2051]","[2048, 2048, 2048, 2048, 2048, 2048, 2048, 2048]","[2048, 2048, 2048, 2048, 2048, 2048, 2048, 2048]",313.0
1292,11353,63,46,2026-08-23T14:32:57.246000+00:00,25.548,27.238,22.607,282.0,278.0,False,75.393,"[None, 2048, 2048, 2048, 2048, 2051, 2048, 2048]","[2048, 2048, 2048, 2048, 2048, 2048, 2048, 2048]","[2048, 2048, 2048, 2048, 2048, 2048, 2048, 2048]",314.0
1292,11353,23,45,2026-08-23T14:33:00.355000+00:00,26.927,29.053,23.559,281.0,284.0,False,79.539,"[None, 2048, 2048, 2048, 2048, 2048, 2048, 2048]","[2048, 2048, 2048, 2048, 2048, 2048, 2048, 2048]","[2048, 2048, 2048, 2048, 2048, 2048, 2048, 2048]",311.0
1292,11353,5,45,2026-08-23T14:33:00.543000+00:00,26.273,27.942,23.49,273.0,275.0,False,77.705,"[None, 2049, 2048, 2048, 2048, 2048, 2048, 2048]","[2048, 2048, 2048, 2048, 2048, 2048, 2048, 2048]","[2048, 2048, 2048, 2048, 2048, 2048, 2048, 2048]",317.0
1292,11353,16,46,2026-08-23T14:33:03.043000+00:00,25.692,27.319,22.482,282.0,272.0,False,75.493,"[None, 2048, 2048, 2048, 2048, 2048, 2049, 2048]","[2048, 2048, 2048, 2048, 2048, 2048, 2048, 2048]","[2051, 2048, 2048, 2048, 2049, 2048, 2048, 2048]",309.0
1292,11353,41,45,2026-08-23T14:33:07.121000+00:00,26.215,28.071,23.203,,272.0,False,77.489,"[2048, 2048, 2049, 2048, 2049, 2048, 2048, 2048]","[2048, 2048, 2048, 2048, 2048, 2048, 2048, 2048]","[2048, 2048, 2048, 2049, 2048, 2048, 2048, 2048]",304.0
1292,11353,55,45,2026-08-23T14:33:08.996000+00:00,26.534,28.572,23.297,291.0,278.0,False,78.403,"[None, 2048, 2048, 2048, 2048, 2048, 2048, 2048]","[2048, 2048, 2048, 2048, 2048, 2048, 2048, 2048]","[2048, 2048, 2048, 2048, 2049, 2048, 2048, 2048]",312.0
1292,11353,31,45,2026-08-23T14:33:09.402000+00:00,26.67,28.583,23.276,277.0,276.0,False,78.529,"[2049, 2048, 2048, 2048, 2048, 2048, 2048, 2048]","[2048, 2048, 2048, 2048, 2048, 2048, 2048, 2048]","[2048, 2048, 2048, 2048, 2048, 2048, 2048, 2048]",298.0
1292,11353,43,45,2026-08-23T14:33:11.902000+00:00,26.44,28.577,25.928,282.0,281.0,False,80.945,"[None, 2048, 2048, 2048, 2048, 2048, 2048, 2048]","[2048, 2048, 2048, 2048, 2048, 2048, 2048, 2048]","[2048, 2048, 2048, 2048, 2048, 2048, 2064, 2064]",311.0
1292,11353,18,45,2026-08-23T14:33:12.543000+00:00,26.735,30.056,31.946,266.0,192.0,False,88.737,"[None, 2048, 2048, 2048, 2048, 2048, 2049, 2048]","[2048, 2048, 2048, 2048, 2048, 2048, 2048, 2048]","[2048, 2048, 2048, 2048, 2048, 2048, 2064, 2064]",298.0
1292,11353,30,46,2026-08-23T14:33:14.450000+00:00,26.923,28.41,23.361,290.0,277.0,False,78.694,"[None, 2048, 2048, 2048, 2048, 2048, 2048, 2049]","[2049, 2048, 2048, 2048, 2048, 2048, 2048, 2048]","[2048, 2048, 2048, 2048, 2048, 2048, 2048, 2048]",294.0
1292,11353,81,46,2026-08-23T14:33:14.802000+00:00,25.592,27.28,23.041,278.0,278.0,False,75.913,"[2049, 2048, 2048, 2049, 2048, 2048, 2048, 2048]","[2048, 2048, 2048, 2049, 2048, 2048, 2049, 2048]","[2048, 2048, 2048, 2048, 2048, 2048, 2048, 2048]",322.0
1292,11353,11,45,2026-08-23T14:33:21.583000+00:00,26.714,28.574,23.646,280.0,268.0,False,78.934,"[None, 2049, 2048, 2048, 2048, 2048, 2048, 2048]","[2048, 2048, 2048, 2048, 2048, 2048, 2048, 2048]","[2048, 2048, 2048, 2048, 2048, 2048, 2048, 2048]",302.0
1292,11353,77,45,2026-08-23T14:33:33.700000+00:00,27.215,29.164,24.043,282.0,265.0,False,80.422,"[None, 2048, 2048, 2048, 2048, 2048, 2048, 2048]","[2048, 2048, 2048, 2048, 2048, 2048, 2048, 2048]","[2048, 2048, 2048, 2048, 2048, 2048, 2048, 2048]",279.0
1292,11353,27,46,2026-08-23T14:33:41.706000+00:00,26.325,28.258,23.243,276.0,274.0,False,77.826,"[None, 2048, 2048, 2048, 2048, 2048, 2049, 2048]","[2048, 2048, 2048, 2048, 2048, 2048, 2048, 2048]","[2048, 2048, 2048, 2048, 2048, 2048, 2048, 2048]",296.0
1292,11353,1,47,2026-08-23T14:33:49.086000+00:00,25.852,27.588,25.876,286.0,286.0,False,79.316,"[None, 2048, 2048, 2048, 2048, 2048, 2049, 2048]","[2048, 2048, 2048, 2048, 2048, 2048, 2048, 2048]","[2048, 2048, 2048, 2048, 2048, 2048, 2064, 2064]",304.0
1292,11353,10,46,2026-08-23T14:33:58.090000+00:00,26.238,28.2,26.234,287.0,277.0,False,80.672,"[None, 2048, 2048, 2048, 2049, 2048, 2049, 2049]","[2049, 2048, 2048, 2049, 2048, 2048, 2048, 2048]","[2048, 2048, 2048, 2048, 2048, 2048, 2064, 2064]",313.0
1292,11353,44,47,2026-08-23T14:33:59.918000+00:00,25.9,27.452,23.177,,272.0,False,76.529,"[None, 2049, 2048, 2048, 2048, 2048, 2048, 2048]","[2048, 2048, 2048, 2048, 2048, 2048, 2048, 2048]","[2048, 2048, 2048, 2048, 2048, 2048, 2048, 2048]",310.0
1292,11353,12,47,2026-08-23T14:34:03.279000+00:00,25.764,27.344,22.851,286.0,279.0,False,75.959,"[None, 2048, 2048, 2048, 2048, 2048, 2049, 2048]","[2048, 2048, 2048, 2048, 2048, 2048, 2048, 2048]","[2048, 2048, 2048, 2048, 2048, 2048, 2048, 2048]",304.0
1292,11353,14,46,2026-08-23T14:34:05.055000+00:00,26.191,27.824,23.191,273.0,268.0,False,77.206,"[None, 2048, 2048, 2048, 2048, 2048, 2048, 2048]","[2048, 2048, 2048, 2048, 2048, 2048, 2048, 2048]","[2048, 2049, 2048, 2048, 2048, 2048, 2048, 2048]",302.0
1292,11353,63,47,2026-08-23T14:34:12.711000+00:00,25.62,27.291,22.672,,275.0,False,75.583,"[None, 2048, 2048, 2048, 2048, 2048, 2048, 2048]","[2048, 2049, 2048, 2048, 2048, 2048, 2048, 2048]","[2049, 2048, 2048, 2048, 2048, 2048, 2048, 2048]",315.0
1292,11353,22,46,2026-08-23T14:34:15.227000+00:00,26.252,28.023,23.077,278.0,272.0,False,77.352,"[2048, 2048, 2048, 2048, 2048, 2048, 2048, 2048]","[2048, 2048, 2048, 2048, 2048, 2049, 2048, 2048]","[2048, 2049, 2048, 2048, 2048, 2048, 2048, 2048]",304.0
1292,11353,5,46,2026-08-23T14:34:18.102000+00:00,27.332,27.978,23.167,275.0,275.0,False,78.477,"[None, 2048, 2048, 2048, 2048, 2048, 2048, 2048]","[2048, 2048, 2048, 2048, 2048, 2048, 2048, 2048]","[2048, 2048, 2048, 2048, 2048, 2048, 2048, 2048]",246.0
1292,11353,16,47,2026-08-23T14:34:18.445000+00:00,25.499,26.802,22.684,279.0,276.0,False,74.985,"[None, 2048, 2049, 2048, 2048, 2048, 2049, 2048]","[2048, 2051, 2048, 2048, 2048, 2051, 2048, 2048]","[2048, 2048, 2048, 2048, 2049, 2048, 2048, 2048]",310.0
1292,11353,23,46,2026-08-23T14:34:19.885000+00:00,26.586,28.846,23.534,284.0,276.0,False,78.966,"[None, 2048, 2048, 2048, 2048, 2048, 2048, 2048]","[2048, 2048, 2048, 2048, 2048, 2048, 2048, 2048]","[2048, 2048, 2048, 2048, 2048, 2048, 2048, 2048]",307.0
1292,11353,41,46,2026-08-23T14:34:24.718000+00:00,26.17,28.05,23.078,277.0,274.0,False,77.298,"[None, 2048, 2048, 2048, 2048, 2049, 2049, 2048]","[2048, 2048, 2048, 2048, 2048, 2048, 2048, 2048]","[2048, 2048, 2048, 2048, 2048, 2048, 2048, 2048]",
1292,11353,55,46,2026-08-23T14:34:27.436000+00:00,26.586,28.644,23.654,,279.0,False,78.884,"[None, 2048, 2048, 2048, 2048, 2048, 2048, 2049]","[2048, 2048, 2048, 2048, 2048, 2048, 2048, 2048]","[2048, 2048, 2048, 2048, 2048, 2048, 2048, 2048]",
1292,11353,31,46,2026-08-23T14:34:27.911000+00:00,26.583,29.312,23.811,286.0,207.0,False,79.706,"[2048, 2048, 2048, 2048, 2048, 2048, 2048, 2049]","[2048, 2048, 2048, 2048, 2048, 2048, 2048, 2048]","[2048, 2048, 2048, 2048, 2048, 2048, 2048, 2048]",309.0
1292,11353,81,47,2026-08-23T14:34:30.416000+00:00,25.769,27.367,22.804,291.0,286.0,False,75.94,"[2048, 2049, 2049, 2049, 2048, 2048, 2048, 2048]","[2049, 2048, 2048, 2049, 2048, 2048, 2048, 2048]","[2048, 2048, 2049, 2049, 2051, 2048, 2048, 2048]",311.0
1292,11353,43,46,2026-08-23T14:34:32.911000+00:00,42.845,27.329,23.13,295.0,283.0,True,93.304,"[2064, 2064, 2064, 2048, 2048, 2048, 2048, 2049]","[2051, 2048, 2048, 2049, 2049, 2048, 2049, 2048]","[2048, 2048, 2049, 2048, 2048, 2048, 2048, 2048]",
1292,11353,30,47,2026-08-23T14:34:33.267000+00:00,26.433,28.28,26.559,288.0,286.0,False,81.272,"[None, 2048, 2048, 2048, 2048, 2048, 2048, 2048]","[2048, 2048, 2048, 2048, 2048, 2048, 2048, 2048]","[2048, 2048, 2048, 2048, 2048, 2048, 2064, 2064]",302.0
1292,11353,11,46,2026-08-23T14:34:40.501000+00:00,26.825,28.634,23.617,,260.0,False,79.076,"[None, 2048, 2048, 2048, 2048, 2048, 2048, 2048]","[2048, 2048, 2048, 2048, 2048, 2048, 2048, 2048]","[2048, 2048, 2048, 2048, 2048, 2048, 2048, 2048]",299.0
1292,11353,18,46,2026-08-23T14:34:41.095000+00:00,,,,,,False,,,,,
1292,11353,77,46,2026-08-23T14:34:54.199000+00:00,27.188,28.968,23.806,283.0,266.0,False,79.962,"[None, 2048, 2048, 2048, 2048, 2048, 2048, 2048]","[2048, 2048, 2048, 2048, 2048, 2048, 2048, 2048]","[2048, 2048, 2048, 2048, 2048, 2048, 2048, 2048]",282.0
1292,11353,27,47,2026-08-23T14:34:59.543000+00:00,26.441,28.321,23.369,278.0,273.0,False,78.131,"[None, 2048, 2048, 2048, 2048, 2048, 2048, 2048]","[2048, 2048, 2048, 2048, 2048, 2048, 2048, 2048]","[2048, 2048, 2048, 2048, 2048, 2048, 2048, 2048]",295.0
1292,11353,1,48,2026-08-23T14:35:08.340000+00:00,42.409,26.698,22.562,284.0,278.0,True,91.669,"[2064, 2064, 2064, 2048, 2048, 2048, 2048, 2048]","[2048, 2048, 2049, 2049, 2051, 2049, 2051, 2048]","[2048, 2049, 2051, 2049, 2049, 2049, 2048, 2048]",
1292,11353,44,48,2026-08-23T14:35:16.481000+00:00,25.797,27.418,23.09,278.0,262.0,False,76.305,"[None, 2049, 2048, 2048, 2048, 2048, 2048, 2048]","[2048, 2048, 2048, 2048, 2048, 2048, 2048, 2048]","[2048, 2048, 2048, 2048, 2048, 2048, 2048, 2048]",311.0
1292,11353,10,47,2026-08-23T14:35:18.801000+00:00,42.835,27.704,23.037,290.0,279.0,True,93.576,"[2064, 2064, 2064, 2048, 2048, 2048, 2048, 2049]","[2049, 2048, 2048, 2048, 2049, 2049, 2049, 2049]","[2048, 2049, 2049, 2048, 2048, 2048, 2048, 2048]",
1292,11353,12,48,2026-08-23T14:35:19.192000+00:00,25.679,27.444,22.851,289.0,278.0,False,75.974,"[None, 2048, 2048, 2048, 2048, 2048, 2049, 2048]","[2048, 2048, 2048, 2048, 2048, 2048, 2048, 2048]","[2048, 2048, 2048, 2048, 2048, 2048, 2048, 2048]",308.0
1292,11353,14,47,2026-08-23T14:35:22.395000+00:00,26.143,27.767,23.625,275.0,268.0,False,77.535,"[None, 2048, 2048, 2049, 2048, 2048, 2049, 2049]","[2048, 2049, 2049, 2049, 2048, 2048, 2048, 2048]","[2048, 2048, 2048, 2048, 2048, 2048, 2048, 2048]",298.0
1292,11353,63,48,2026-08-23T14:35:28.218000+00:00,25.702,27.385,22.738,290.0,274.0,False,75.825,"[None, 2048, 2048, 2048, 2048, 2048, 2048, 2049]","[2048, 2048, 2048, 2049, 2048, 2048, 2048, 2048]","[2048, 2048, 2048, 2048, 2048, 2048, 2048, 2048]",309.0
1292,11353,22,47,2026-08-23T14:35:32.538000+00:00,27.453,28.051,22.967,281.0,275.0,False,78.471,"[None, 2048, 2048, 2048, 2048, 2048, 2048, 2048]","[2048, 2048, 2048, 2048, 2048, 2048, 2048, 2048]","[2048, 2048, 2048, 2049, 2049, 2048, 2048, 2048]",289.0
1292,11353,16,48,2026-08-23T14:35:33.435000+00:00,26.188,26.692,22.537,287.0,275.0,False,75.417,"[None, 2048, 2048, 2048, 2048, 2048, 2048, 2048]","[2048, 2051, 2051, 2049, 2049, 2048, 2048, 2048]","[2048, 2048, 2049, 2048, 2048, 2048, 2048, 2048]",304.0
1292,11353,5,47,2026-08-23T14:35:36.679000+00:00,26.547,27.981,23.128,274.0,273.0,False,77.656,"[None, 2048, 2048, 2048, 2048, 2048, 2048, 2048]","[2048, 2048, 2048, 2048, 2048, 2048, 2048, 2048]","[2048, 2048, 2048, 2048, 2048, 2048, 2048, 2048]",300.0
1292,11353,23,47,2026-08-23T14:35:38.854000+00:00,26.47,28.708,23.406,281.0,277.0,False,78.584,"[None, 2048, 2048, 2048, 2048, 2048, 2049, 2048]","[2048, 2048, 2048, 2048, 2048, 2048, 2048, 2048]","[2048, 2048, 2048, 2048, 2048, 2048, 2048, 2048]",313.0
1292,11353,41,47,2026-08-23T14:35:41.929000+00:00,26.275,28.033,23.132,,276.0,False,77.44,"[None, 2048, 2048, 2048, 2048, 2048, 2048, 2048]","[2048, 2049, 2048, 2048, 2048, 2048, 2048, 2048]","[2048, 2048, 2048, 2048, 2048, 2048, 2048, 2048]",305.0
1292,11353,55,47,2026-08-23T14:35:46.180000+00:00,27.354,30.168,24.08,,278.0,False,81.602,"[None, 2048, 2048, 2048, 2048, 2048, 2048, 2049]","[2048, 2048, 2048, 2048, 2048, 2048, 2048, 2048]","[2048, 2048, 2048, 2048, 2048, 2048, 2048, 2048]",266.0
1292,11353,81,48,2026-08-23T14:35:46.465000+00:00,25.569,26.937,22.568,289.0,285.0,False,75.074,"[None, 2048, 2048, 2048, 2049, 2049, 2048, 2049]","[2048, 2049, 2048, 2048, 2049, 2049, 2049, 2048]","[2051, 2049, 2048, 2049, 2048, 2048, 2048, 2048]",316.0
1292,11353,31,47,2026-08-23T14:35:47.575000+00:00,26.475,28.76,23.412,283.0,267.0,False,78.647,"[None, 2048, 2048, 2048, 2048, 2048, 2048, 2048]","[2048, 2048, 2048, 2048, 2048, 2048, 2048, 2048]","[2048, 2048, 2048, 2048, 2048, 2048, 2048, 2048]",297.0
1292,11353,30,48,2026-08-23T14:35:54.508000+00:00,43.029,27.34,23.032,282.0,271.0,True,93.401,"[2064, 2064, 2064, 2048, 2048, 2048, 2048, 2048]","[2048, 2048, 2048, 2048, 2049, 2049, 2048, 2048]","[2048, 2048, 2048, 2048, 2049, 2048, 2048, 2048]",
1292,11353,11,47,2026-08-23T14:35:59.503000+00:00,26.67,28.682,23.615,281.0,263.0,False,78.967,"[None, 2048, 2048, 2048, 2048, 2048, 2049, 2049]","[2048, 2048, 2048, 2048, 2048, 2048, 2048, 2048]","[2048, 2048, 2048, 2048, 2048, 2048, 2048, 2048]",297.0
1292,11353,43,47,2026-08-23T14:36:06.273000+00:00,26.106,28.051,23.301,275.0,271.0,False,77.458,"[2048, 2048, 2048, 2048, 2048, 2049, 2048, 2048]","[2048, 2048, 2048, 2048, 2048, 2048, 2048, 2048]","[2048, 2048, 2048, 2049, 2049, 2048, 2048, 2048]",310.0
1292,11353,77,47,2026-08-23T14:36:14.003000+00:00,27.187,29.102,23.926,286.0,267.0,False,80.215,"[None, 2048, 2048, 2048, 2048, 2048, 2048, 2049]","[2048, 2048, 2048, 2048, 2048, 2048, 2048, 2048]","[2048, 2048, 2048, 2048, 2048, 2048, 2048, 2048]",281.0
1292,11353,27,48,2026-08-23T14:36:17.708000+00:00,26.344,28.442,26.25,276.0,276.0,False,81.036,"[None, 2048, 2048, 2048, 2048, 2048, 2048, 2048]","[2048, 2048, 2048, 2048, 2048, 2048, 2048, 2048]","[2048, 2048, 2048, 2048, 2048, 2048, 2064, 2064]",297.0
1292,11353,44,49,2026-08-23T14:36:32.719000+00:00,26.022,27.302,22.95,287.0,278.0,False,76.274,"[None, 2049, 2048, 2048, 2048, 2048, 2048, 2048]","[2048, 2048, 2048, 2048, 2048, 2048, 2048, 2048]","[2048, 2048, 2048, 2048, 2048, 2048, 2048, 2048]",304.0
1292,11353,12,49,2026-08-23T14:36:35.121000+00:00,25.633,27.471,22.746,290.0,278.0,False,75.85,"[None, 2048, 2048, 2048, 2048, 2048, 2048, 2048]","[2048, 2048, 2048, 2048, 2048, 2048, 2048, 2048]","[2048, 2048, 2048, 2048, 2049, 2048, 2048, 2048]",307.0
1292,11353,14,48,2026-08-23T14:36:39.739000+00:00,26.664,27.794,23.212,277.0,281.0,False,77.67,"[None, 2048, 2048, 2048, 2048, 2048, 2048, 2049]","[2049, 2048, 2049, 2048, 2048, 2048, 2048, 2048]","[2048, 2048, 2048, 2048, 2048, 2048, 2048, 2048]",277.0
1292,11353,1,49,2026-08-23T14:36:40.096000+00:00,25.336,26.5,22.485,291.0,279.0,False,74.321,"[2048, 2048, 2048, 2051, 2049, 2048, 2049, 2048]","[2048, 2049, 2049, 2049, 2051, 2048, 2048, 2049]","[2048, 2049, 2051, 2051, 2048, 2048, 2048, 2048]",311.0
1292,11353,63,49,2026-08-23T14:36:44.061000+00:00,25.564,27.278,22.691,286.0,277.0,False,75.533,"[None, 2048, 2048, 2049, 2049, 2048, 2048, 2048]","[2048, 2048, 2049, 2048, 2048, 2048, 2048, 2048]","[2049, 2048, 2049, 2048, 2048, 2048, 2048, 2048]",304.0
1292,11353,16,49,2026-08-23T14:36:48.894000+00:00,25.527,26.933,22.674,279.0,270.0,False,75.134,"[None, 2048, 2049, 2048, 2051, 2048, 2049, 2048]","[2048, 2048, 2048, 2048, 2048, 2048, 2048, 2048]","[2048, 2048, 2048, 2048, 2048, 2048, 2048, 2048]",306.0
1292,11353,22,48,2026-08-23T14:36:51.050000+00:00,26.018,28.008,22.945,279.0,273.0,False,76.971,"[None, 2048, 2049, 2049, 2049, 2048, 2049, 2048]","[2048, 2048, 2048, 2049, 2048, 2048, 2048, 2048]","[2048, 2049, 2048, 2049, 2048, 2048, 2048, 2048]",312.0
1292,11353,10,48,2026-08-23T14:36:52.269000+00:00,26.114,27.496,22.958,280.0,274.0,False,76.568,"[2048, 2048, 2049, 2049, 2049, 2048, 2048, 2048]","[2048, 2048, 2049, 2048, 2049, 2048, 2048, 2048]","[2048, 2048, 2048, 2048, 2049, 2048, 2048, 2048]",310.0
1292,11353,5,48,2026-08-23T14:36:54.347000+00:00,26.41,27.889,23.279,275.0,275.0,False,77.578,"[None, 2048, 2048, 2048, 2048, 2048, 2048, 2048]","[2048, 2048, 2048, 2048, 2048, 2048, 2048, 2048]","[2048, 2048, 2048, 2048, 2048, 2048, 2048, 2048]",290.0
1292,11353,23,48,2026-08-23T14:36:57.496000+00:00,26.401,28.586,23.363,,277.0,False,78.35,"[None, 2049, 2048, 2048, 2048, 2048, 2048, 2048]","[2048, 2048, 2048, 2048, 2048, 2048, 2048, 2048]","[2048, 2048, 2048, 2048, 2048, 2048, 2048, 2048]",
1292,11353,41,48,2026-08-23T14:36:59.380000+00:00,26.203,28.264,24.284,278.0,276.0,False,78.751,"[None, 2048, 2048, 2048, 2048, 2048, 2048, 2048]","[2048, 2048, 2048, 2048, 2048, 2048, 2048, 2048]","[2048, 2048, 2048, 2048, 2048, 2048, 2048, 2048]",312.0
1292,11353,81,49,2026-08-23T14:37:01.587000+00:00,25.542,27.342,23.069,282.0,285.0,False,75.953,"[None, 2048, 2048, 2048, 2048, 2049, 2049, 2048]","[2048, 2049, 2048, 2048, 2048, 2048, 2048, 2048]","[2048, 2048, 2048, 2048, 2048, 2048, 2048, 2048]",312.0
1292,11353,31,48,2026-08-23T14:37:06.161000+00:00,26.327,28.112,23.149,278.0,267.0,False,77.588,"[None, 2048, 2048, 2048, 2049, 2048, 2048, 2048]","[2048, 2049, 2049, 2048, 2048, 2048, 2048, 2048]","[2048, 2048, 2048, 2048, 2048, 2048, 2048, 2048]",304.0
1292,11353,55,48,2026-08-23T14:37:07.836000+00:00,26.747,28.726,23.472,289.0,279.0,False,78.945,"[None, 2049, 2048, 2048, 2048, 2048, 2048, 2048]","[2048, 2048, 2048, 2048, 2048, 2048, 2048, 2048]","[2048, 2048, 2048, 2048, 2048, 2048, 2048, 2048]",311.0
1292,11353,11,48,2026-08-23T14:37:18.601000+00:00,26.755,28.71,23.741,280.0,263.0,False,79.206,"[None, 2048, 2048, 2048, 2048, 2048, 2048, 2048]","[2048, 2048, 2048, 2048, 2048, 2048, 2048, 2048]","[2048, 2048, 2048, 2048, 2048, 2048, 2048, 2048]",301.0
1292,11353,43,48,2026-08-23T14:37:23.538000+00:00,25.672,27.112,22.794,291.0,281.0,False,75.578,"[None, 2048, 2049, 2049, 2049, 2049, 2049, 2048]","[2048, 2049, 2049, 2049, 2049, 2048, 2048, 2048]","[2049, 2049, 2049, 2049, 2049, 2048, 2048, 2048]",300.0
1292,11353,30,49,2026-08-23T14:37:27.835000+00:00,25.815,27.245,22.741,287.0,274.0,False,75.801,"[2048, 2048, 2048, 2049, 2049, 2049, 2049, 2048]","[2048, 2049, 2049, 2048, 2049, 2049, 2048, 2048]","[2048, 2049, 2049, 2049, 2049, 2048, 2048, 2048]",298.0
1292,11353,77,48,2026-08-23T14:37:34.453000+00:00,26.959,29.036,23.808,282.0,267.0,False,79.803,"[None, 2048, 2048, 2048, 2048, 2048, 2048, 2048]","[2048, 2048, 2048, 2048, 2048, 2048, 2048, 2048]","[2048, 2048, 2048, 2048, 2048, 2048, 2048, 2048]",290.0
1292,11353,27,49,2026-08-23T14:37:38.688000+00:00,42.609,27.785,22.97,286.0,283.0,True,93.364,"[2064, 2064, 2064, 2048, 2048, 2048, 2048, 2049]","[2049, 2048, 2048, 2048, 2048, 2048, 2048, 2048]","[2048, 2048, 2049, 2048, 2048, 2048, 2048, 2048]",
1292,11353,44,50,2026-08-23T14:37:49.078000+00:00,25.924,27.296,22.95,280.0,264.0,False,76.17,"[None, 2048, 2048, 2048, 2048, 2048, 2048, 2048]","[2048, 2048, 2048, 2048, 2048, 2048, 2048, 2048]","[2048, 2048, 2048, 2048, 2048, 2048, 2048, 2048]",308.0
1292,11353,12,50,2026-08-23T14:37:51.109000+00:00,25.674,27.453,22.815,287.0,280.0,False,75.942,"[None, 2048, 2048, 2049, 2048, 2048, 2048, 2048]","[2048, 2048, 2048, 2048, 2048, 2048, 2048, 2048]","[2049, 2048, 2048, 2048, 2048, 2048, 2048, 2048]",306.0
1292,11353,1,50,2026-08-23T14:37:54.406000+00:00,25.267,26.644,22.454,282.0,278.0,False,74.365,"[None, 2049, 2049, 2048, 2049, 2051, 2048, 2048]","[2048, 2048, 2048, 2049, 2048, 2048, 2048, 2048]","[2048, 2048, 2048, 2051, 2049, 2048, 2048, 2048]",305.0
1292,11353,14,49,2026-08-23T14:37:57.426000+00:00,26.217,27.816,23.373,274.0,271.0,False,77.406,"[None, 2049, 2048, 2048, 2048, 2048, 2048, 2048]","[2048, 2048, 2048, 2048, 2048, 2048, 2048, 2048]","[2048, 2048, 2048, 2048, 2048, 2048, 2048, 2048]",298.0
1292,11353,63,50,2026-08-23T14:37:59.536000+00:00,25.507,27.416,22.648,287.0,279.0,False,75.571,"[None, 2048, 2048, 2049, 2048, 2048, 2051, 2048]","[2048, 2048, 2048, 2048, 2048, 2048, 2048, 2048]","[2049, 2048, 2048, 2048, 2048, 2048, 2049, 2049]",310.0
1292,11353,16,50,2026-08-23T14:38:04.001000+00:00,25.617,26.799,22.461,282.0,273.0,False,74.877,"[None, 2048, 2048, 2048, 2048, 2048, 2048, 2048]","[2048, 2048, 2048, 2049, 2048, 2048, 2048, 2048]","[2051, 2049, 2049, 2048, 2048, 2048, 2048, 2048]",303.0
1292,11353,22,49,2026-08-23T14:38:08.008000+00:00,25.897,27.775,22.967,277.0,274.0,False,76.639,"[None, 2048, 2049, 2049, 2049, 2049, 2049, 2048]","[2048, 2048, 2048, 2049, 2048, 2048, 2048, 2048]","[2048, 2049, 2048, 2048, 2048, 2048, 2048, 2048]",311.0
1292,11353,10,49,2026-08-23T14:38:08.959000+00:00,25.879,27.622,22.889,284.0,276.0,False,76.39,"[None, 2048, 2049, 2048, 2049, 2049, 2049, 2048]","[2048, 2048, 2048, 2048, 2048, 2048, 2048, 2048]","[2048, 2048, 2048, 2048, 2048, 2048, 2048, 2048]",314.0
1292,11353,5,49,2026-08-23T14:38:11.986000+00:00,26.463,27.799,23.174,,277.0,False,77.436,"[None, 2048, 2048, 2048, 2048, 2048, 2048, 2048]","[2048, 2048, 2048, 2048, 2048, 2048, 2048, 2048]","[2048, 2048, 2048, 2048, 2048, 2048, 2048, 2048]",294.0
1292,11353,23,49,2026-08-23T14:38:15.912000+00:00,26.43,29.002,25.977,280.0,284.0,False,81.409,"[None, 2048, 2048, 2048, 2048, 2048, 2049, 2048]","[2048, 2048, 2048, 2048, 2048, 2048, 2048, 2048]","[2048, 2048, 2048, 2048, 2048, 2048, 2064, 2064]",314.0
1292,11353,81,50,2026-08-23T14:38:17.450000+00:00,25.534,27.533,22.734,284.0,277.0,False,75.801,"[None, 2049, 2048, 2048, 2049, 2048, 2049, 2048]","[2048, 2048, 2048, 2048, 2048, 2048, 2048, 2048]","[2048, 2048, 2049, 2049, 2048, 2048, 2048, 2048]",314.0
1292,11353,41,49,2026-08-23T14:38:18.073000+00:00,26.286,28.01,23.078,281.0,280.0,False,77.374,"[None, 2048, 2048, 2048, 2048, 2048, 2048, 2048]","[2048, 2049, 2048, 2048, 2048, 2048, 2048, 2048]","[2048, 2048, 2048, 2049, 2048, 2048, 2048]",
1292,11353,31,49,2026-08-23T14:38:23.885000+00:00,26.307,28.31,23.244,281.0,267.0,False,77.861,"[None, 2048, 2048, 2049, 2048, 2048, 2048, 2048]","[2048, 2048, 2048, 2048, 2048, 2048, 2048, 2048]","[2048, 2048, 2048, 2048, 2048, 2048, 2048, 2048]",301.0
1292,11353,55,49,2026-08-23T14:38:26.822000+00:00,26.489,28.506,23.325,288.0,279.0,False,78.32,"[None, 2048, 2048, 2048, 2048, 2048, 2048, 2048]","[2048, 2048, 2048, 2048, 2048, 2048, 2048, 2048]","[2048, 2048, 2048, 2048, 2048, 2048, 2048, 2048]",315.0
1292,11353,11,49,2026-08-23T14:38:37.733000+00:00,26.844,28.617,23.834,272.0,270.0,False,79.295,"[None, 2048, 2048, 2048, 2048, 2048, 2048, 2048]","[2048, 2048, 2048, 2048, 2048, 2048, 2048, 2048]","[2048, 2048, 2048, 2048, 2048, 2049, 2048, 2048]",300.0
1292,11353,43,49,2026-08-23T14:38:39.179000+00:00,26.204,27.783,22.891,293.0,293.0,False,76.878,"[None, 2048, 2048, 2048, 2048, 2048, 2048, 2048]","[2048, 2048, 2048, 2048, 2048, 2048, 2048, 2051]","[2049, 2048, 2048, 2048, 2048, 2048, 2048, 2048]",301.0
1292,11353,30,50,2026-08-23T14:38:43.719000+00:00,25.761,27.153,22.664,286.0,276.0,False,75.578,"[None, 2048, 2048, 2049, 2049, 2048, 2048, 2048]","[2048, 2048, 2048, 2049, 2049, 2048, 2048, 2049]","[2049, 2049, 2048, 2049, 2049, 2048, 2048, 2048]",304.0
1292,11353,77,49,2026-08-23T14:38:54.130000+00:00,27.008,29.063,24.106,285.0,267.0,False,80.177,"[None, 2048, 2048, 2048, 2048, 2048, 2048, 2048]","[2048, 2048, 2048, 2048, 2048, 2048, 2048, 2048]","[2048, 2048, 2048, 2048, 2048, 2048, 2048, 2048]",289.0
1292,11353,44,51,2026-08-23T14:39:05.324000+00:00,25.971,27.25,22.89,283.0,269.0,False,76.111,"[None, 2048, 2048, 2048, 2048, 2048, 2048, 2048]","[2048, 2049, 2048, 2048, 2048, 2048, 2048, 2048]","[2048, 2048, 2048, 2048, 2048, 2048, 2048, 2048]",303.0
1292,11353,12,51,2026-08-23T14:39:07.079000+00:00,25.651,27.355,22.759,288.0,280.0,False,75.765,"[None, 2048, 2048, 2049, 2048, 2048, 2048, 2048]","[2048, 2048, 2048, 2048, 2048, 2048, 2048, 2048]","[2048, 2048, 2048, 2048, 2049, 2048, 2048, 2048]",309.0
1292,11353,1,51,2026-08-23T14:39:08.778000+00:00,25.288,26.779,22.499,285.0,282.0,False,74.566,"[None, 2049, 2048, 2051, 2051, 2048, 2049, 2048]","[2048, 2049, 2048, 2048, 2048, 2048, 2048, 2048]","[2048, 2048, 2048, 2048, 2051, 2049, 2049, 2049]",308.0
1292,11353,27,50,2026-08-23T14:39:12.044000+00:00,26.132,27.73,23.02,275.0,276.0,False,76.882,"[2048, 2048, 2049, 2048, 2048, 2048, 2049, 2048]","[2048, 2048, 2048, 2048, 2049, 2048, 2048, 2048]","[2048, 2048, 2049, 2048, 2048, 2048, 2048, 2048]",300.0
1292,11353,14,50,2026-08-23T14:39:14.857000+00:00,26.859,27.862,23.365,276.0,289.0,False,78.086,"[None, 2048, 2048, 2048, 2048, 2048, 2049, 2049]","[2048, 2048, 2048, 2048, 2048, 2048, 2048, 2048]","[2048, 2048, 2048, 2048, 2048, 2048, 2048, 2048]",271.0
1292,11353,63,51,2026-08-23T14:39:15.048000+00:00,25.75,27.273,22.6,293.0,283.0,False,75.623,"[None, 2048, 2048, 2049, 2048, 2048, 2048, 2051]","[2049, 2049, 2048, 2049, 2048, 2048, 2048, 2048]","[2048, 2048, 2049, 2048, 2048, 2048, 2048, 2048]",300.0
1292,11353,16,51,2026-08-23T14:39:18.778000+00:00,25.624,26.807,22.49,283.0,279.0,False,74.921,"[None, 2048, 2048, 2048, 2048, 2048, 2048, 2048]","[2048, 2048, 2048, 2048, 2048, 2048, 2048, 2048]","[2051, 2048, 2048, 2049, 2049, 2048, 2048, 2048]",307.0
1292,11353,22,50,2026-08-23T14:39:24.685000+00:00,26.064,27.865,22.924,,272.0,False,76.853,"[None, 2048, 2048, 2048, 2048, 2048, 2048, 2048]","[2048, 2048, 2048, 2048, 2048, 2048, 2048, 2048]","[2048, 2048, 2048, 2048, 2048, 2048, 2048, 2048]",306.0
1292,11353,10,50,2026-08-23T14:39:25.295000+00:00,26.063,27.699,22.826,287.0,276.0,False,76.588,"[None, 2048, 2048, 2048, 2048, 2048, 2048, 2048]","[2048, 2048, 2048, 2049, 2048, 2049, 2048, 2048]","[2048, 2048, 2048, 2049, 2049, 2048, 2048, 2048]",323.0
1292,11353,5,50,2026-08-23T14:39:29.310000+00:00,26.492,27.882,23.139,274.0,275.0,False,77.513,"[None, 2048, 2048, 2048, 2048, 2048, 2048, 2048]","[2048, 2048, 2048, 2048, 2048, 2048, 2048, 2048]","[2048, 2048, 2048, 2048, 2048, 2048, 2048, 2048]",292.0
1292,11353,81,51,2026-08-23T14:39:33.296000+00:00,25.518,27.423,22.736,281.0,280.0,False,75.677,"[None, 2048, 2048, 2049, 2049, 2049, 2049, 2048]","[2048, 2048, 2048, 2048, 2048, 2048, 2048, 2048]","[2048, 2048, 2049, 2048, 2048, 2048, 2048, 2048]",308.0
1292,11353,41,50,2026-08-23T14:39:35.381000+00:00,26.138,28.032,23.185,279.0,275.0,False,77.355,"[None, 2048, 2048, 2048, 2048, 2048, 2048, 2048]","[2048, 2048, 2049, 2049, 2048, 2048, 2048, 2048]","[2049, 2048, 2048, 2048, 2048, 2048, 2048, 2048]",311.0
1292,11353,23,50,2026-08-23T14:39:37.175000+00:00,43.032,27.909,23.19,283.0,279.0,True,94.131,"[2064, 2064, 2064, 2048, 2048, 2048, 2048, 2048]","[2048, 2048, 2048, 2048, 2049, 2049, 2048, 2048]","[2048, 2049, 2048, 2049, 2048, 2048, 2048, 0]",
1292,11353,31,50,2026-08-23T14:39:41.690000+00:00,26.488,28.054,23.228,271.0,274.0,False,77.77,"[None, 2048, 2048, 2049, 2048, 2048, 2048, 2048]","[2048, 2048, 2048, 2048, 2048, 2048, 2048, 2048]","[2048, 2048, 2048, 2048, 2048, 2048, 2048]",303.0
1292,11353,55,50,2026-08-23T14:39:45.106000+00:00,26.57,28.625,23.334,,276.0,False,78.529,"[None, 2048, 2048, 2048, 2048, 2048, 2048, 2048]","[2048, 2048, 2048, 2048, 2048, 2048, 2048, 2048]","[2048, 2048, 2048, 2048, 2048, 2048, 2048, 2048]",310.0
1292,11353,43,50,2026-08-23T14:39:55.991000+00:00,26.2,28.317,23.302,277.0,276.0,False,77.819,"[None, 2048, 2048, 2048, 2048, 2048, 2048, 2048]","[2048, 2048, 2048, 2048, 2048, 2048, 2048, 2048]","[2048, 2048, 2048, 2048, 2048, 2048, 2048, 2048]",308.0
1292,11353,11,50,2026-08-23T14:39:57.147000+00:00,26.684,29.164,24.527,286.0,224.0,False,80.375,"[None, 2048, 2048, 2048, 2048, 2048, 2048, 2049]","[2048, 2048, 2048, 2048, 2048, 2048, 2048, 2048]","[2048, 2048, 2048, 2048, 2048, 2049, 2048, 2048]",303.0
1292,11353,30,51,2026-08-23T14:39:59.226000+00:00,25.987,27.911,23.015,287.0,276.0,False,76.913,"[None, 2048, 2048, 2048, 2048, 2048, 2048, 2048]","[2048, 2048, 2048, 2048, 2048, 2048, 2048, 2048]","[2048, 2048, 2048, 2048, 2048, 2048, 2048, 2048]",300.0
1292,11353,77,50,2026-08-23T14:40:14.323000+00:00,27.483,29.049,23.751,286.0,272.0,False,80.283,"[None, 2048, 2048, 2048, 2048, 2048, 2048, 2048]","[2049, 2048, 2048, 2048, 2048, 2048, 2048, 2048]","[2048, 2048, 2048, 2048, 2048, 2048, 2048, 2048]",286.0
1292,11353,44,52,2026-08-23T14:40:21.396000+00:00,25.983,27.329,23.015,281.0,268.0,False,76.327,"[None, 2048, 2048, 2049, 2048, 2048, 2048, 2048]","[2048, 2048, 2048, 2048, 2048, 2048, 2048, 2048]","[2048, 2048, 2048, 2048, 2048, 2048, 2048, 2048]",306.0
1292,11353,12,52,2026-08-23T14:40:22.766000+00:00,25.629,27.226,22.733,,281.0,False,75.588,"[None, 2048, 2048, 2049, 2048, 2048, 2048, 2048]","[2048, 2048, 2048, 2049, 2048, 2048, 2048, 2048]","[2048, 2048, 2048, 2048, 2049, 2049, 2049, 2049]",314.0
1292,11353,1,52,2026-08-23T14:40:23.220000+00:00,25.574,27.176,22.635,280.0,298.0,False,75.385,"[2049, 2048, 2048, 2048, 2048, 2048, 2051, 2048]","[2048, 2048, 2048, 2048, 2048, 2048, 2048, 2048]","[2048, 2048, 2048, 2048, 2051, 2051, 2049, 2049]",320.0
1292,11353,27,51,2026-08-23T14:40:28.920000+00:00,26.082,28.703,23.678,,221.0,False,78.463,"[None, 2048, 2049, 2049, 2049, 2048, 2049, 2048]","[2048, 2048, 2048, 2048, 2048, 2048, 2048, 2048]","[2048, 2048, 2048, 2048, 2048, 2048, 2048, 2048]",296.0
1292,11353,63,52,2026-08-23T14:40:30.787000+00:00,25.63,27.416,22.616,289.0,278.0,False,75.662,"[None, 2048, 2048, 2048, 2048, 2048, 2048, 2048]","[2048, 2049, 2049, 2048, 2048, 2048, 2048, 2048]","[2049, 2048, 2048, 2048, 2048, 2048, 2048, 2048]",305.0
1292,11353,14,51,2026-08-23T14:40:32.939000+00:00,27.393,27.904,23.429,275.0,270.0,False,78.726,"[None, 2048, 2048, 2049, 2048, 2048, 2048, 2048]","[2048, 2048, 2048, 2048, 2048, 2048, 2048, 2048]","[2048, 2048, 2048, 2048, 2049, 2048, 2048, 2048]",300.0
1292,11353,16,52,2026-08-23T14:40:33.730000+00:00,25.777,26.741,22.568,282.0,271.0,False,75.086,"[None, 2048, 2048, 2048, 2048, 2048, 2048, 2048]","[2048, 2048, 2048, 2051, 2048, 2048, 2048, 2048]","[2048, 2048, 2048, 2049, 2048, 2048, 2048, 2048]",313.0
1292,11353,22,51,2026-08-23T14:40:41.533000+00:00,26.044,27.757,22.925,275.0,271.0,False,76.726,"[None, 2048, 2048, 2048, 2049, 2048, 2048, 2048]","[2048, 2048, 2048, 2049, 2048, 2048, 2048, 2048]","[2048, 2048, 2048, 2049, 2049, 2048, 2048, 2048]",315.0
1292,11353,10,51,2026-08-23T14:40:41.912000+00:00,26.209,27.704,22.896,275.0,281.0,False,76.809,"[None, 2048, 2048, 2048, 2048, 2048, 2048, 2048]","[2048, 2048, 2048, 2049, 2048, 2048, 2048, 2048]","[2048, 2048, 2048, 2048, 2049, 2048, 2048, 2048]",304.0
1292,11353,5,51,2026-08-23T14:40:46.886000+00:00,26.381,28.703,23.966,276.0,192.0,False,79.05,"[None, 2048, 2048, 2048, 2048, 2049, 2048, 2048]","[2048, 2048, 2048, 2048, 2048, 2048, 2048, 2048]","[2048, 2048, 2048, 2048, 2048, 2048, 2048, 2048]",293.0
1292,11353,81,52,2026-08-23T14:40:48.983000+00:00,25.568,27.499,22.772,283.0,277.0,False,75.839,"[None, 2048, 2048, 2048, 2048, 2048, 2048, 2048]","[2048, 2048, 2048, 2048, 2048, 2048, 2048, 2048]","[2048, 2048, 2048, 2048, 2048, 2048, 2048, 2048]",313.0
1292,11353,41,51,2026-08-23T14:40:52.858000+00:00,26.265,28.157,23.233,276.0,272.0,False,77.655,"[None, 2048, 2048, 2048, 2048, 2048, 2048, 2048]","[2048, 2048, 2048, 2048, 2048, 2048, 2048, 2048]","[2048, 2048, 2048, 2048, 2048, 2048, 2048, 2048]",310.0
1292,11353,31,51,2026-08-23T14:40:59.319000+00:00,26.211,28.049,23.336,273.0,271.0,False,77.596,"[None, 2048, 2048, 2048, 2048, 2049, 2049, 2048]","[2048, 2048, 2048, 2048, 2048, 2048, 2048, 2048]","[2048, 2048, 2048, 2048, 2048, 2048, 2048, 2048]",304.0
1292,11353,55,51,2026-08-23T14:41:03.568000+00:00,26.483,28.582,23.461,290.0,277.0,False,78.526,"[None, 2048, 2048, 2048, 2048, 2048, 2049, 2049]","[2048, 2048, 2048, 2048, 2048, 2048, 2048, 2048]","[2048, 2048, 2048, 2048, 2048, 2048, 2048, 2048]",311.0
1292,11353,23,51,2026-08-23T14:41:11.394000+00:00,26.259,27.917,22.971,280.0,276.0,False,77.147,"[2048, 2048, 2049, 2048, 2049, 2048, 2048, 2048]","[2048, 2049, 2049, 2048, 2048, 2048, 2048, 2048]","[2048, 2049, 2049, 2049, 2049, 2048, 2048, 2048]",308.0
1292,11353,43,51,2026-08-23T14:41:13.832000+00:00,25.922,28.074,23.081,282.0,279.0,False,77.077,"[None, 2048, 2048, 2048, 2048, 2048, 2048, 2048]","[2048, 2048, 2048, 2048, 2048, 2048, 2048, 2048]","[2048, 2048, 2048, 2048, 2049, 2048, 2048, 2048]",316.0
1292,11353,30,52,2026-08-23T14:41:16.191000+00:00,25.881,27.325,22.843,286.0,277.0,False,76.049,"[None, 2048, 2048, 2048, 2048, 2048, 2048, 2048]","[2048, 2049, 2048, 2048, 2048, 2048, 2048, 2048]","[2048, 2048, 2048, 2048, 2049, 2048, 2048, 2048]",301.0
1292,11353,11,51,2026-08-23T14:41:17.522000+00:00,26.653,28.614,23.694,284.0,272.0,False,78.961,"[None, 2048, 2048, 2048, 2048, 2048, 2048, 2048]","[2048, 2048, 2048, 2048, 2048, 2048, 2048, 2048]","[2048, 2048, 2048, 2048, 2048, 2048, 2048, 2048]",311.0
1292,11353,77,51,2026-08-23T14:41:34.620000+00:00,27.283,31.434,27.952,282.0,270.0,False,86.669,"[None, 2048, 2048, 2048, 2048, 2048, 2048, 2048]","[2048, 2048, 2048, 2048, 2048, 2048, 2048, 2048]","[2048, 2048, 2048, 2048, 2048, 2048, 2064, 2064]",292.0
1292,11353,44,53,2026-08-23T14:41:37.647000+00:00,26.012,27.638,23.072,285.0,269.0,False,76.722,"[None, 2048, 2048, 2048, 2048, 2048, 2048, 2048]","[2048, 2048, 2048, 2048, 2048, 2048, 2048, 2048]","[2048, 2048, 2048, 2048, 2048, 2048, 2048, 2048]",307.0
1292,11353,12,53,2026-08-23T14:41:38.367000+00:00,25.89,27.507,22.943,284.0,280.0,False,76.34,"[2049, 2048, 2048, 2048, 2048, 2048, 2048, 2048]","[2048, 2048, 2048, 2048, 2048, 2048, 2048, 2048]","[2048, 2048, 2048, 2048, 2048, 2048, 2049, 2049]",326.0
1292,11353,1,53,2026-08-23T14:41:38.669000+00:00,25.793,27.628,22.844,293.0,284.0,False,76.265,"[None, 2048, 2048, 2048, 2048, 2048, 2051, 2051]","[2048, 2048, 2048, 2048, 2048, 2048, 2048, 2048]","[2048, 2048, 2048, 2048, 2048, 2048, 2048, 2049]",318.0
1292,11353,63,53,2026-08-23T14:41:46.369000+00:00,25.637,27.229,22.68,287.0,278.0,False,75.546,"[None, 2048, 2048, 2048, 2048, 2048, 2048, 2048]","[2048, 2048, 2049, 2048, 2048, 2048, 2048, 2048]","[2048, 2048, 2048, 2048, 2048, 2048, 2048, 2048]",304.0
1292,11353,27,52,2026-08-23T14:41:47.341000+00:00,26.144,29.005,23.091,282.0,286.0,False,78.24,"[None, 2048, 2048, 2048, 2048, 2048, 2048, 2048]","[2048, 2048, 2048, 2048, 2048, 2048, 2048, 2048]","[2048, 2048, 2048, 2048, 2048, 2048, 2048, 2048]",306.0
1292,11353,16,53,2026-08-23T14:41:48.781000+00:00,25.645,27.09,22.624,287.0,272.0,False,75.359,"[None, 2048, 2048, 2048, 2048, 2048, 2049, 2049]","[2048, 2048, 2048, 2048, 2048, 2048, 2048, 2048]","[2048, 2048, 2048, 2048, 2048, 2048, 2048, 2048]",310.0
1292,11353,14,52,2026-08-23T14:41:51.698000+00:00,26.265,27.878,23.143,267.0,270.0,False,77.286,"[None, 2048, 2048, 2048, 2048, 2048, 2049, 2048]","[2048, 2048, 2049, 2048, 2048, 2048, 2048, 2048]","[2048, 2048, 2048, 2048, 2048, 2048, 2048, 2048]",294.0
1292,11353,22,52,2026-08-23T14:41:58.205000+00:00,26.009,27.89,22.93,277.0,273.0,False,76.829,"[None, 2048, 2048, 2048, 2048, 2049, 2048, 2048]","[2048, 2048, 2048, 2048, 2048, 2048, 2048, 2048]","[2048, 2048, 2048, 2048, 2048, 2048, 2048, 2048]",306.0
1292,11353,10,52,2026-08-23T14:41:58.763000+00:00,26.189,27.932,22.977,,281.0,False,77.098,"[None, 2048, 2048, 2048, 2048, 2048, 2048, 2048]","[2048, 2048, 2048, 2049, 2048, 2048, 2048, 2048]","[2048, 2048, 2048, 2048, 2048, 2048, 2048, 2048]",307.0
1292,11353,81,53,2026-08-23T14:42:04.720000+00:00,25.518,27.258,22.814,280.0,282.0,False,75.59,"[None, 2048, 2048, 2049, 2048, 2048, 2049, 2048]","[2048, 2048, 2049, 2048, 2048, 2048, 2048, 2048]","[2048, 2048, 2048, 2048, 2048, 2048, 2048, 2048]",305.0
1292,11353,5,52,2026-08-23T14:42:05.972000+00:00,26.372,27.96,23.063,,274.0,False,77.395,"[None, 2048, 2048, 2048, 2048, 2048, 2048, 2048]","[2048, 2048, 2048, 2048, 2048, 2048, 2048, 2048]","[2048, 2048, 2048, 2048, 2048, 2048, 2048, 2048]",298.0
1292,11353,41,52,2026-08-23T14:42:10.518000+00:00,26.187,28.12,23.27,277.0,275.0,False,77.577,"[None, 2048, 2049, 2048, 2048, 2048, 2048, 2048]","[2048, 2048, 2048, 2048, 2048, 2048, 2048, 2048]","[2048, 2048, 2048, 2048, 2048, 2048, 2048, 2048]",302.0
1292,11353,31,52,2026-08-23T14:42:17.039000+00:00,26.431,28.114,23.302,271.0,271.0,False,77.847,"[None, 2048, 2048, 2048, 2049, 2048, 2048, 2048]","[2048, 2048, 2048, 2048, 2048, 2048, 2048, 2048]","[2048, 2048, 2048, 2048, 2048, 2048, 2048, 2048]",305.0
1292,11353,55,52,2026-08-23T14:42:22.173000+00:00,26.494,28.43,23.394,289.0,278.0,False,78.318,"[None, 2048, 2048, 2048, 2048, 2048, 2049, 2048]","[2048, 2048, 2048, 2048, 2048, 2048, 2048, 2048]","[2048, 2048, 2048, 2048, 2048, 2048, 2048, 2048]",310.0
1292,11353,23,52,2026-08-23T14:42:28.520000+00:00,26.132,28.074,23.086,281.0,277.0,False,77.292,"[None, 2048, 2048, 2049, 2048, 2049, 2048, 2048]","[2048, 2048, 2049, 2048, 2048, 2048, 2048, 2048]","[2048, 2048, 2048, 2048, 2048, 2048, 2048, 2048]",306.0
1292,11353,43,52,2026-08-23T14:42:30.959000+00:00,25.955,28.926,23.574,280.0,240.0,False,78.455,"[None, 2048, 2048, 2048, 2048, 2048, 2048, 2048]","[2048, 2048, 2048, 2048, 2048, 2048, 2048, 2048]","[2048, 2048, 2048, 2048, 2048, 2049, 2048, 2048]",317.0
1292,11353,30,53,2026-08-23T14:42:32.262000+00:00,25.927,27.662,22.859,288.0,277.0,False,76.448,"[None, 2048, 2048, 2048, 2048, 2048, 2048, 2048]","[2048, 2048, 2048, 2048, 2048, 2048, 2048, 2048]","[2048, 2048, 2048, 2048, 2048, 2048, 2048, 2048]",304.0
1292,11353,11,52,2026-08-23T14:42:36.418000+00:00,26.639,28.667,27.022,280.0,268.0,False,82.328,"[None, 2048, 2048, 2048, 2048, 2048, 2048, 2048]","[2048, 2048, 2048, 2048, 2048, 2048, 2048, 2048]","[2048, 2048, 2048, 2048, 2048, 2048, 2064, 2064]",304.0
1292,11353,44,54,2026-08-23T14:42:54.385000+00:00,26.25,27.871,23.89,280.0,281.0,False,78.011,"[None, 2048, 2048, 2048, 2048, 2048, 2048, 2048]","[2048, 2048, 2048, 2048, 2048, 2049, 2048, 2048]","[2048, 2048, 2048, 2048, 2048, 2048, 2048, 2048]",317.0
1292,11353,12,54,2026-08-23T14:42:54.760000+00:00,26.51,28.296,23.076,296.0,273.0,False,77.882,"[None, 2048, 2048, 2048, 2048, 2048, 2048, 2051]","[2048, 2048, 2048, 2048, 2048, 2048, 2048, 2048]","[2048, 2048, 2048, 2048, 2048, 2049, 2049, 2051]",311.0
1292,11353,1,54,2026-08-23T14:42:54.932000+00:00,25.805,27.735,22.762,278.0,291.0,False,76.302,"[None, 2051, 2048, 2048, 2048, 2048, 2048, 2048]","[2048, 2048, 2048, 2048, 2048, 2048, 2048, 2048]","[2048, 2048, 2048, 2048, 2048, 2048, 2048, 2048]",333.0
1292,11353,77,52,2026-08-23T14:43:01.285000+00:00,47.459,29.625,28.368,285.0,286.0,True,105.452,"[2064, 2064, 2064, 2048, 2048, 2048, 2048, 2048]","[2048, 2048, 2048, 2048, 2048, 2049, 2048, 2048]","[2048, 2048, 2049, 2048, 2048, 2048, 2048, 2048]",
1292,11353,63,54,2026-08-23T14:43:01.935000+00:00,25.599,27.308,22.747,286.0,276.0,False,75.654,"[None, 2048, 2048, 2049, 2048, 2049, 2048, 2048]","[2048, 2048, 2048, 2048, 2048, 2048, 2048, 2048]","[2048, 2048, 2048, 2048, 2048, 2048, 2048, 2048]",308.0
1292,11353,16,54,2026-08-23T14:43:04.154000+00:00,25.655,26.869,22.717,283.0,275.0,False,75.241,"[None, 2048, 2048, 2048, 2048, 2049, 2049, 2048]","[2048, 2048, 2048, 2048, 2048, 2048, 2048, 2048]","[2048, 2048, 2049, 2048, 2048, 2048, 2048, 2048]",308.0
1292,11353,27,53,2026-08-23T14:43:05.702000+00:00,26.167,27.883,22.89,278.0,277.0,False,76.94,"[None, 2048, 2048, 2048, 2048, 2048, 2049, 2048]","[2048, 2048, 2048, 2048, 2048, 2048, 2048, 2048]","[2048, 2048, 2048, 2048, 2048, 2048, 2048, 2048]",302.0
1292,11353,14,53,2026-08-23T14:43:08.949000+00:00,26.197,27.886,23.19,,265.0,False,77.273,"[None, 2048, 2048, 2048, 2048, 2048, 2049, 2048]","[2048, 2048, 2048, 2049, 2048, 2049, 2048, 2048]","[2048, 2048, 2048, 2048, 2048, 2048, 2048, 2048]",300.0
1292,11353,22,53,2026-08-23T14:43:15.064000+00:00,26.084,27.836,23.021,276.0,273.0,False,76.941,"[None, 2048, 2048, 2048, 2048, 2049, 2048, 2048]","[2048, 2048, 2048, 2049, 2048, 2048, 2048, 2048]","[2049, 2048, 2048, 2048, 2048, 2048, 2048, 2048]",304.0
1292,11353,10,53,2026-08-23T14:43:15.826000+00:00,25.884,27.984,23.104,285.0,272.0,False,76.972,"[None, 2048, 2049, 2048, 2048, 2049, 2048, 2048]","[2048, 2048, 2048, 2048, 2048, 2048, 2048, 2048]","[2048, 2048, 2048, 2048, 2049, 2048, 2048, 2048]",306.0
1292,11353,81,54,2026-08-23T14:43:20.324000+00:00,25.574,27.286,22.968,281.0,278.0,False,75.828,"[None, 2048, 2049, 2048, 2048, 2048, 2048, 2048]","[2048, 2048, 2049, 2048, 2048, 2048, 2048, 2048]","[2048, 2048, 2048, 2048, 2048, 2048, 2048, 2048]",307.0
1292,11353,5,53,2026-08-23T14:43:23.330000+00:00,26.385,28.144,27.064,,276.0,False,81.593,"[None, 2048, 2048, 2048, 2048, 2048, 2049, 2048]","[2048, 2048, 2048, 2048, 2048, 2048, 2048, 2048]","[2048, 2048, 2048, 2048, 2048, 2048, 2064, 2064]",294.0
1292,11353,41,53,2026-08-23T14:43:28.095000+00:00,26.256,28.103,30.316,276.0,273.0,False,84.675,"[None, 2048, 2048, 2048, 2048, 2048, 2048, 2048]","[2048, 2048, 2049, 2048, 2048, 2048, 2048, 2048]","[2048, 2048, 2048, 2048, 2048, 2048, 2048, 2048]",303.0
1292,11353,31,53,2026-08-23T14:43:34.841000+00:00,,,,,,False,,"[None, 0, 0, 0, 0, 0, 0, 0]",,,304.0
1292,11353,55,53,2026-08-23T14:43:40.421000+00:00,26.543,28.679,31.404,,276.0,False,86.626,"[None, 2049, 2048, 2048, 2048, 2048, 2048, 2048]","[2048, 2048, 2048, 2048, 2048, 2048, 2048, 2048]","[2048, 2048, 2048, 2048, 2048, 2048, 2048, 2048]",312.0
1292,11353,23,53,2026-08-23T14:43:45.810000+00:00,26.165,29.654,32.116,,104.0,False,87.935,"[None, 2048, 2048, 2048, 2048, 2049, 2049, 2048]","[2048, 2048, 2049, 2049, 2048, 2048, 2048, 2048]","[2048, 2048, 2048, 2048, 2048, 2048, 2048, 2048]",310.0
1292,11353,30,54,2026-08-23T14:43:48.716000+00:00,25.911,31.811,32.628,285.0,212.0,False,90.35,"[None, 2048, 2048, 2048, 2048, 2049, 2048, 2048]","[2048, 2049, 2048, 2048, 2048, 2048, 2048, 2048]","[2048, 2048, 2048, 2048, 2048, 2048, 2048, 2048]",300.0
1292,11353,43,53,2026-08-23T14:43:49.404000+00:00,25.973,34.41,29.926,288.0,207.0,False,90.309,"[None, 2048, 2048, 2048, 2048, 2048, 2048, 2048]","[2048, 2048, 2048, 2048, 2048, 2048, 2048, 2048]","[2048, 2048, 2048, 2048, 2048, 2048, 2048, 2048]",311.0
1292,11353,11,53,2026-08-23T14:43:58.675000+00:00,48.708,36.619,31.995,132.0,180.0,True,117.322,"[2064, 2064, 2064, 2048, 2048, 2048, 2048, 2048]","[2048, 2048, 2048, 2048, 2048, 2048, 2048, 2048]","[2048, 2048, 2048, 2048, 2048, 2048, 2048, 2048]",
1292,11353,1,55,2026-08-23T14:44:11.251000+00:00,26.268,38.464,32.559,275.0,199.0,False,97.291,"[2048, 2048, 2048, 2048, 2048, 2048, 2048, 2048]","[2048, 2048, 2048, 2048, 2048, 2048, 2048, 2048]","[2048, 2048, 2048, 2048, 2048, 2048, 2048, 2048]",305.0
1292,11353,44,55,2026-08-23T14:44:12.405000+00:00,30.631,37.342,32.507,131.0,203.0,False,100.48,"[None, 2048, 2048, 2048, 2048, 2048, 2048, 2048]","[2048, 2048, 2048, 2048, 2048, 2048, 2048, 2048]","[2048, 2048, 2048, 2048, 2048, 2048, 2064, 2064]",293.0
1292,11353,12,55,2026-08-23T14:44:12.499000+00:00,27.147,38.49,31.799,180.0,224.0,False,97.436,"[None, 2048, 2048, 2048, 2048, 2048, 2048, 2048]","[2048, 2048, 2048, 2048, 2048, 2048, 2048, 2048]","[2048, 2048, 2048, 2048, 2048, 2048, 2048, 2048]",317.0
1292,11353,63,55,2026-08-23T14:44:17.584000+00:00,31.399,35.749,32.205,224.0,180.0,False,99.353,"[None, 2048, 2048, 2048, 2048, 2048, 2048, 2048]","[2048, 2048, 2048, 2048, 2048, 2048, 2048, 2048]","[2048, 2048, 2048, 2048, 2048, 2048, 2048, 2048]",301.0
1292,11353,16,55,2026-08-23T14:44:19.551000+00:00,31.814,36.488,33.167,223.0,202.0,False,101.469,"[None, 2048, 2048, 2048, 2048, 2048, 2048, 2048]","[2048, 2048, 2048, 2048, 2048, 2048, 2048, 2048]","[2048, 2048, 2048, 2048, 2048, 2048, 2064, 2064]",
1292,11353,27,54,2026-08-23T14:44:22.588000+00:00,31.994,37.513,31.432,209.0,168.0,False,100.939,"[None, 2048, 2048, 2048, 2048, 2048, 2048, 2048]","[2048, 2048, 2048, 2048, 2048, 2048, 2048, 2048]","[2048, 2048, 2048, 2048, 2048, 2048, 2048]",301.0
1292,11353,14,54,2026-08-23T14:44:26.228000+00:00,32.144,37.933,31.424,233.0,178.0,False,101.501,"[None, 2048, 2048, 2048, 2048, 2048, 2048, 2048]","[2048, 2048, 2048, 2048, 2048, 2048, 2048, 2048]","[2048, 2048, 2048, 2048, 2048, 2048, 2048, 2048]",299.0
1292,11353,22,54,2026-08-23T14:44:31.967000+00:00,36.937,35.687,29.614,263.0,144.0,False,102.238,"[None, 2048, 2048, 2048, 2048, 2048, 2048, 2048]","[2048, 2048, 2048, 2048, 2048, 2048, 2048, 2048]","[2048, 2048, 2048, 2048, 2048, 2048, 2048, 2048]",311.0
1292,11353,10,54,2026-08-23T14:44:32.685000+00:00,37.265,35.481,29.282,247.0,152.0,False,102.028,"[None, 2048, 2048, 2048, 2048, 2048, 2048, 2048]","[2048, 2048, 2048, 2048, 2048, 2048, 2048, 2048]","[2048, 2048, 2048, 2048, 2048, 2048, 2048, 2048]",310.0
1292,11353,81,55,2026-08-23T14:44:36.188000+00:00,39.053,34.936,32.384,245.0,177.0,False,106.373,"[None, 2048, 2048, 2048, 2048, 2048, 2048, 2048]","[2048, 2048, 2048, 2048, 2048, 2048, 2048, 2048]","[2048, 2048, 2048, 2048, 2048, 2048, 2064, 2064]",151.0
1292,11353,5,54,2026-08-23T14:44:44.837000+00:00,51.996,36.523,30.936,198.0,162.0,True,119.455,"[2064, 2064, 2064, 2048, 2048, 2048, 2048, 2048]","[2048, 2048, 2048, 2048, 2048, 2048, 2048, 2048]","[2048, 2048, 2048, 2048, 2048, 2048, 2048, 2048]",
1292,11353,77,53,2026-08-23T14:44:46.695000+00:00,40.399,32.372,30.285,156.0,238.0,False,103.056,"[2048, 2048, 2048, 2048, 2048, 2048, 2048, 2048]","[2048, 2048, 2048, 2048, 2048, 2048, 2048, 2048]","[2048, 2048, 2048, 2048, 2048, 2048, 2048, 2048]",210.0
1292,11353,41,54,2026-08-23T14:44:52.711000+00:00,36.499,33.399,31.477,201.0,168.0,False,101.375,"[None, 2048, 2048, 2048, 2048, 2048, 2048, 2048]","[2048, 2048, 2048, 2048, 2048, 2048, 2048, 2048]","[2048, 2048, 2048, 2048, 2048, 2048, 2048, 2048]",243.0
1292,11353,55,54,2026-08-23T14:45:07.007000+00:00,37.074,36.72,30.455,284.0,211.0,False,104.249,"[None, 2048, 2048, 2048, 2048, 2048, 2048, 2048]","[2048, 2048, 2048, 2048, 2048, 2048, 2048, 2048]","[2048, 2048, 2048, 2048, 2048, 2048, 2048, 2048]",190.0
1292,11353,23,54,2026-08-23T14:45:13.739000+00:00,36.542,36.201,30.431,248.0,200.0,False,103.174,"[None, 2048, 2048, 2048, 2048, 2048, 2048, 2048]","[2048, 2048, 2048, 2048, 2048, 2048, 2048, 2048]","[2048, 2048, 2048, 2048, 2048, 2048, 2048, 2048]",214.0
1292,11353,30,55,2026-08-23T14:45:18.970000+00:00,35.742,34.735,32.76,278.0,216.0,False,103.237,"[None, 2048, 2048, 2048, 2048, 2048, 2048, 2048]","[2048, 2048, 2048, 2048, 2048, 2048, 2048, 2048]","[2048, 2048, 2048, 2048, 2048, 2048, 2048, 2048]",256.0
1292,11353,43,54,2026-08-23T14:45:19.688000+00:00,36.175,35.808,31.059,246.0,124.0,False,103.042,"[None, 2048, 2048, 2048, 2048, 2048, 2048, 2048]","[2048, 2048, 2048, 2048, 2048, 2048, 2048, 2048]","[2048, 2048, 2048, 2048, 2048, 2048, 2048, 2048]",229.0
1292,11353,1,56,2026-08-23T14:45:48.552000+00:00,34.777,36.44,30.442,241.0,217.0,False,101.659,"[None, 2048, 2048, 2048, 2048, 2048, 2048, 2048]","[2048, 2048, 2048, 2048, 2048, 2048, 2048, 2048]","[2048, 2048, 2048, 2048, 2048, 2048, 2048, 2048]",259.0
1292,11353,12,56,2026-08-23T14:45:49.938000+00:00,35.848,36.551,31.811,245.0,215.0,False,104.21,"[2048, 2048, 2048, 2048, 2048, 2048, 2048, 2048]","[2048, 2048, 2048, 2048, 2048, 2048, 2048, 2048]","[2048, 2048, 2048, 2048, 2048, 2048, 2064, 2064]",244.0
1292,11353,44,56,2026-08-23T14:45:52.762000+00:00,52.047,35.531,29.858,230.0,182.0,True,117.436,"[2064, 2064, 2064, 2048, 2048, 2048, 2048, 2048]","[2048, 2048, 2048, 2048, 2048, 2048, 2048, 2048]","[2048, 2048, 2048, 2048, 2048, 2048, 2048, 2048]",
1292,11353,11,54,2026-08-23T14:45:55.997000+00:00,35.158,37.025,31.966,241.0,176.0,False,104.149,"[2048, 2048, 2048, 2048, 2048, 2048, 2048, 2048]","[2048, 2048, 2048, 2048, 2048, 2048, 2048, 2048]","[2048, 2048, 2048, 2048, 2048, 2048, 2048, 2048]",207.0
1292,11353,63,56,2026-08-23T14:45:56.964000+00:00,35.96,36.123,31.949,240.0,223.0,False,104.032,"[None, 2048, 2048, 2048, 2048, 2048, 2048, 2048]","[2048, 2048, 2048, 2048, 2048, 2048, 2048, 2048]","[2048, 2048, 2048, 2048, 2048, 2048, 2048, 2048]",209.0
1292,11353,16,56,2026-08-23T14:46:00.881000+00:00,53.455,34.185,30.975,220.0,212.0,True,118.615,"[2064, 2064, 2064, 2048, 2048, 2048, 2048, 2048]","[2048, 2048, 2048, 2048, 2048, 2048, 2048, 2048]","[2048, 2048, 2048, 2048, 2048, 2048, 2048, 2048]",
1292,11353,27,55,2026-08-23T14:46:03.683000+00:00,35.241,35.215,32.103,214.0,227.0,False,102.559,"[None, 2048, 2048, 2048, 2048, 2048, 2048, 2048]","[2048, 2048, 2048, 2048, 2048, 2048, 2048, 2048]","[2048, 2048, 2048, 2048, 2048, 2048, 2048, 2048]",233.0
1292,11353,14,55,2026-08-23T14:46:07.953000+00:00,39.381,34.07,30.072,249.0,144.0,False,103.523,"[None, 2048, 2048, 2048, 2048, 2048, 2048, 2048]","[2048, 2048, 2048, 2048, 2048, 2048, 2048, 2048]","[2048, 2048, 2048, 2048, 2048, 2048, 2048, 2048]",254.0
1292,11353,22,55,2026-08-23T14:46:14.181000+00:00,37.337,35.103,31.343,256.0,220.0,False,103.783,"[None, 2048, 2048, 2048, 2048, 2048, 2048, 2048]","[2048, 2048, 2048, 2048, 2048, 2048, 2048, 2048]","[2048, 2048, 2048, 2048, 2048, 2048, 2048, 2048]",208.0
1292,11353,10,55,2026-08-23T14:46:14.722000+00:00,38.187,34.946,30.932,234.0,214.0,False,104.065,"[None, 2048, 2048, 2048, 2048, 2048, 2048, 2048]","[2048, 2048, 2048, 2048, 2048, 2048, 2048, 2048]","[2048, 2048, 2048, 2048, 2048, 2048, 2048, 2048]",214.0
1292,11353,81,56,2026-08-23T14:46:22.502000+00:00,49.774,35.703,31.632,245.0,177.0,True,117.109,"[2064, 2064, 2064, 2048, 2048, 2048, 2048, 2048]","[2048, 2048, 2048, 2048, 2048, 2048, 2048, 2048]","[2048, 2048, 2048, 2048, 2048, 2048, 2048, 2048]",
1292,11353,77,54,2026-08-23T14:46:29.774000+00:00,35.261,36.89,33.076,272.0,188.0,False,105.227,"[None, 2048, 2048, 2048, 2048, 2048, 2048, 2048]","[2048, 2048, 2048, 2048, 2048, 2048, 2049, 2048]","[2048, 2048, 2048, 2048, 2048, 2048, 2048, 2048]",206.0
1292,11353,41,55,2026-08-23T14:46:34.081000+00:00,34.914,37.477,31.476,266.0,186.0,False,103.867,"[None, 2048, 2048, 2048, 2048, 2048, 2048, 2048]","[2048, 2048, 2048, 2048, 2048, 2048, 2048, 2048]","[2048, 2048, 2048, 2048, 2048, 2048, 2048, 2048]",242.0
1292,11353,5,55,2026-08-23T14:46:44.340000+00:00,36.274,36.332,30.839,236.0,167.0,False,103.445,"[2048, 2048, 2048, 2048, 2048, 2048, 2048, 2048]","[2048, 2048, 2048, 2048, 2048, 2048, 2048, 2048]","[2048, 2048, 2048, 2048, 2048, 2048, 2048, 2048]",235.0
1292,11353,55,55,2026-08-23T14:46:51.315000+00:00,36.721,34.438,31.327,270.0,204.0,False,102.486,"[None, 2048, 2048, 2048, 2048, 2048, 2048, 2048]","[2048, 2048, 2048, 2048, 2048, 2048, 2048, 2048]","[2048, 2048, 2048, 2048, 2048, 2048, 2048, 2048]",250.0
1292,11353,23,55,2026-08-23T14:46:56.908000+00:00,37.072,35.196,31.702,237.0,187.0,False,103.97,"[None, 2048, 2048, 2048, 2048, 2048, 2048, 2048]","[2048, 2048, 2048, 2048, 2048, 2048, 2048, 2048]","[2048, 2048, 2048, 2048, 2048, 2048, 2048, 2048]",167.0
1292,11353,30,56,2026-08-23T14:47:02.181000+00:00,36.067,34.67,31.66,257.0,184.0,False,102.397,"[None, 2048, 2048, 2048, 2048, 2048, 2048, 2048]","[2048, 2048, 2048, 2048, 2048, 2048, 2048, 2048]","[2048, 2048, 2048, 2048, 2048, 2048, 2048, 2048]",266.0
1292,11353,43,55,2026-08-23T14:47:02.810000+00:00,36.494,35.144,30.61,,127.0,False,102.248,"[None, 2048, 2048, 2048, 2048, 2048, 2048, 2048]","[2048, 2048, 2048, 2048, 2048, 2048, 2048, 2048]","[2048, 2048, 2048, 2048, 2048, 2048, 2048, 2048]",242.0
1292,11353,1,57,2026-08-23T14:47:30.129000+00:00,38.04,33.689,27.037,239.0,153.0,False,98.766,"[None, 2048, 2048, 2048, 2048, 2048, 2048, 2048]","[2048, 2048, 2048, 2048, 2048, 2048, 2048, 2048]","[2048, 2048, 2048, 2048, 2048, 2048, 2048]",179.0
1292,11353,12,57,2026-08-23T14:47:34.340000+00:00,50.402,33.979,22.829,242.0,277.0,True,107.21,"[2064, 2064, 2064, 2048, 2048, 2048, 2048, 2048]","[2048, 2048, 2048, 2048, 2048, 2048, 2048, 2048]","[2048, 2048, 2049, 2048, 2048, 2048, 2048, 2048]",
1292,11353,11,55,2026-08-23T14:47:40.238000+00:00,34.611,34.479,24.552,235.0,201.0,False,93.642,"[None, 2048, 2048, 2048, 2048, 2048, 2048, 2048]","[2048, 2048, 2048, 2048, 2048, 2048, 2048, 2048]","[2048, 2048, 2048, 2048, 2048, 2048, 2048, 2048]",232.0
1292,11353,63,57,2026-08-23T14:47:40.914000+00:00,35.924,34.454,23.793,243.0,255.0,False,94.171,"[None, 2048, 2048, 2048, 2048, 2048, 2048, 2048]","[2048, 2048, 2048, 2048, 2048, 2048, 2048, 2048]","[2048, 2048, 2049, 2048, 2048, 2048, 2048, 2048]",251.0
1292,11353,27,56,2026-08-23T14:47:46.036000+00:00,33.793,37.102,23.23,249.0,266.0,False,94.125,"[None, 2048, 2048, 2048, 2048, 2048, 2048, 2048]","[2048, 2048, 2048, 2048, 2048, 2048, 2048, 2048]","[2048, 2048, 2048, 2048, 2048, 2048, 2048, 2048]",266.0
1292,11353,44,57,2026-08-23T14:47:50.261000+00:00,39.036,30.746,22.73,266.0,286.0,False,92.512,"[2048, 2048, 2048, 2048, 2048, 2048, 2048, 2048]","[2048, 2048, 2048, 2048, 2048, 2048, 2048, 2048]","[2048, 2048, 2049, 2048, 2048, 2048, 2048, 2048]",232.0
1292,11353,14,56,2026-08-23T14:47:51.262000+00:00,38.668,31.265,23.486,274.0,272.0,False,93.419,"[None, 2048, 2048, 2048, 2048, 2048, 2048, 2048]","[2048, 2048, 2048, 2048, 2048, 2048, 2048, 2048]","[2048, 2048, 2048, 2048, 2048, 2048, 2048, 2048]",237.0
1292,11353,22,56,2026-08-23T14:47:57.982000+00:00,36.571,30.973,24.567,276.0,229.0,False,92.111,"[None, 2048, 2048, 2048, 2048, 2048, 2048, 2048]","[2048, 2048, 2048, 2048, 2048, 2048, 2048, 2048]","[2048, 2048, 2048, 2048, 2048, 2048, 2048, 2048]",245.0
1292,11353,10,56,2026-08-23T14:47:58.821000+00:00,37.062,30.125,24.152,243.0,276.0,False,91.339,"[None, 2048, 2048, 2048, 2048, 2048, 2048, 2048]","[2048, 2048, 2048, 2048, 2048, 2048, 2048, 2049]","[2048, 2048, 2048, 2048, 2049, 2051, 2051, 2051]",243.0
1292,11353,16,57,2026-08-23T14:47:59.527000+00:00,37.231,29.013,23.872,253.0,257.0,False,90.116,"[2048, 2048, 2048, 2048, 2048, 2048, 2048, 2048]","[2048, 2048, 2048, 2048, 2048, 2048, 2048, 2049]","[2048, 2048, 2049, 2048, 2048, 2048, 2048, 2048]",215.0
1292,11353,77,55,2026-08-23T14:48:14.988000+00:00,33.425,29.07,23.404,,283.0,False,85.899,"[None, 2048, 2048, 2048, 2048, 2048, 2048, 2048]","[2048, 2048, 2048, 2048, 2049, 2049, 2048, 2049]","[2049, 2048, 2049, 2048, 2048, 2048, 2048, 2048]",255.0
1292,11353,41,56,2026-08-23T14:48:17.994000+00:00,34.139,28.332,23.879,193.0,286.0,False,86.35,"[None, 2048, 2048, 2048, 2048, 2048, 2048, 2048]","[2048, 2048, 2048, 2048, 2048, 2049, 2048, 2048]","[2048, 2048, 2048, 2048, 2048, 2048, 2048, 2048]",257.0
1292,11353,81,57,2026-08-23T14:48:19.703000+00:00,34.703,26.634,22.689,288.0,291.0,False,84.026,"[2048, 2048, 2048, 2048, 2048, 2048, 2048, 2048]","[2049, 2048, 2049, 2049, 2049, 2049, 2049, 2049]","[2048, 2048, 2049, 2049, 2048, 2048, 2048, 2048]",244.0
1292,11353,5,56,2026-08-23T14:48:27.868000+00:00,32.397,26.87,22.615,287.0,276.0,False,81.882,"[None, 2048, 2048, 2048, 2048, 2048, 2048, 2048]","[2049, 2049, 2049, 2049, 2049, 2048, 2048, 2049]","[2048, 2051, 2049, 2049, 2048, 2048, 2048, 2048]",212.0
1292,11353,55,56,2026-08-23T14:48:33.855000+00:00,31.485,28.067,23.314,298.0,290.0,False,82.866,"[None, 2048, 2048, 2048, 2048, 2048, 2048, 2048]","[2049, 2048, 2049, 2048, 2048, 2048, 2048, 2048]","[2048, 2048, 2049, 2048, 2048, 2048, 2048, 2048]",164.0
1292,11353,23,56,2026-08-23T14:48:40.896000+00:00,29.642,27.383,22.874,296.0,290.0,False,79.899,"[None, 2048, 2048, 2048, 2048, 2048, 2048, 2049]","[2049, 2049, 2049, 2049, 2048, 2049, 2048, 2049]","[2049, 2048, 2049, 2048, 2049, 2048, 2048, 2048]",185.0
1292,11353,30,57,2026-08-23T14:48:44.698000+00:00,28.288,26.913,22.578,294.0,284.0,False,77.779,"[None, 2048, 2048, 2048, 2048, 2048, 2048, 2049]","[2051, 2049, 2049, 2048, 2048, 2049, 2048, 2049]","[2049, 2048, 2049, 2048, 2049, 2048, 2048, 2048]",239.0
1292,11353,43,56,2026-08-23T14:48:45.026000+00:00,28.674,27.758,23.081,303.0,295.0,False,79.513,"[None, 2048, 2048, 2048, 2048, 2048, 2048, 2051]","[2049, 2048, 2048, 2048, 2048, 2048, 2048, 2048]","[2048, 2048, 2048, 2048, 2049, 2048, 2048, 2048]",173.0
1292,11353,1,58,2026-08-23T14:49:08.948000+00:00,25.735,26.476,22.499,280.0,274.0,False,74.71,"[None, 2048, 2048, 2048, 2048, 2048, 2048, 2048]","[2048, 2049, 2049, 2048, 2051, 2048, 2048, 2048]","[2048, 2048, 2048, 2048, 2048, 2048, 2048, 2048]",296.0
1292,11353,11,56,2026-08-23T14:49:13.856000+00:00,28.156,27.827,23.11,286.0,272.0,False,79.093,"[None, 2048, 2048, 2048, 2048, 2048, 2048, 2048]","[2048, 2049, 2049, 2048, 2049, 2049, 2048, 2048]","[2048, 2049, 2049, 2049, 2049, 2048, 2048, 2048]",294.0
1292,11353,63,58,2026-08-23T14:49:15.097000+00:00,25.755,27.21,22.616,284.0,278.0,False,75.581,"[None, 2048, 2048, 2048, 2048, 2048, 2048, 2048]","[2048, 2048, 2048, 2048, 2048, 2048, 2048, 2048]","[2048, 2048, 2048, 2048, 2048, 2048, 2048, 2048]",309.0
1292,11353,27,57,2026-08-23T14:49:20.143000+00:00,26.277,29.199,23.513,238.0,247.0,False,78.989,"[None, 2048, 2049, 2049, 2048, 2048, 2048, 2048]","[2048, 2048, 2048, 2048, 2049, 2048, 2049, 2048]","[2048, 2048, 2048, 2048, 2048, 2048, 2048, 2048]",301.0
1292,11353,12,58,2026-08-23T14:49:21.521000+00:00,25.557,26.753,22.38,281.0,276.0,False,74.69,"[2048, 2048, 2049, 2048, 2048, 2048, 2048, 2048]","[2048, 2048, 2048, 2049, 2049, 2049, 2049, 2049]","[2048, 2051, 2048, 2049, 2049, 2048, 2048, 2048]",313.0
1292,11353,44,58,2026-08-23T14:49:22.806000+00:00,25.649,27.188,22.605,280.0,271.0,False,75.442,"[None, 2048, 2048, 2048, 2048, 2048, 2049, 2048]","[2048, 2048, 2049, 2048, 2048, 2048, 2048, 2048]","[2048, 2049, 2048, 2049, 2048, 2048, 2048, 2048]",313.0
1292,11353,14,57,2026-08-23T14:49:24.732000+00:00,26.127,27.737,23.262,284.0,268.0,False,77.126,"[None, 2048, 2048, 2048, 2048, 2048, 2049, 2049]","[2049, 2048, 2048, 2048, 2048, 2049, 2048, 2048]","[2048, 2048, 2048, 2048, 2049, 2048, 2048, 2048]",301.0
1292,11353,16,58,2026-08-23T14:49:29.722000+00:00,25.665,26.439,22.322,283.0,275.0,False,74.426,"[None, 2048, 2049, 2049, 2048, 2048, 2049, 2048]","[2048, 2048, 2048, 2048, 2049, 2048, 2049, 2048]","[2048, 2049, 2049, 2049, 2048, 2048, 2048, 2048]",302.0
1292,11353,22,57,2026-08-23T14:49:30.181000+00:00,27.208,27.762,23.314,281.0,278.0,False,78.284,"[None, 2048, 2048, 2048, 2048, 2048, 2048, 2048]","[2048, 2048, 2048, 2048, 2048, 2048, 2048, 2048]","[2048, 2048, 2048, 2048, 2048, 2048, 2048, 2048]",306.0
1292,11353,10,57,2026-08-23T14:49:30.330000+00:00,26.229,27.352,22.867,287.0,280.0,False,76.448,"[None, 2048, 2048, 2048, 2048, 2048, 2049, 2049]","[2048, 2048, 2048, 2049, 2048, 2048, 2049, 2048]","[2048, 2048, 2048, 2049, 2048, 2048, 2048, 2048]",318.0
1292,11353,77,56,2026-08-23T14:49:41.021000+00:00,26.408,28.18,24.223,279.0,219.0,False,78.811,"[None, 2048, 2049, 2049, 2049, 2048, 2049, 2048]","[2048, 2049, 2049, 2049, 2048, 2049, 2049, 2048]","[2048, 2048, 2048, 2048, 2049, 2048, 2048, 2048]",298.0
1292,11353,81,58,2026-08-23T14:49:43.680000+00:00,25.283,26.801,22.453,282.0,282.0,False,74.537,"[None, 2049, 2051, 2049, 2048, 2048, 2049, 2048]","[2048, 2049, 2049, 2048, 2049, 2049, 2048, 2048]","[2048, 2049, 2048, 2049, 2048, 2048, 2048, 2048]",307.0
1292,11353,41,57,2026-08-23T14:49:44.362000+00:00,26.309,27.721,23.194,278.0,275.0,False,77.224,"[None, 2048, 2048, 2048, 2048, 2048, 2048, 2048]","[2048, 2049, 2049, 2048, 2048, 2048, 2048, 2048]","[2048, 2048, 2048, 2048, 2048, 2048, 2048, 2048]",311.0
1292,11353,5,57,2026-08-23T14:49:49.710000+00:00,25.849,26.924,22.742,275.0,275.0,False,75.515,"[None, 2048, 2049, 2049, 2049, 2049, 2049, 2048]","[2048, 2048, 2049, 2049, 2048, 2048, 2049, 2048]","[2049, 2048, 2048, 2048, 2048, 2048, 2048, 2048]",298.0
1292,11353,55,57,2026-08-23T14:49:56.823000+00:00,26.268,28.35,23.349,294.0,279.0,False,77.967,"[None, 2048, 2048, 2049, 2048, 2049, 2048, 2049]","[2048, 2048, 2048, 2048, 2048, 2048, 2048, 2048]","[2048, 2048, 2048, 2048, 2048, 2048, 2048, 2048]",317.0
1292,11353,23,57,2026-08-23T14:50:00.862000+00:00,26.0,27.773,23.519,280.0,277.0,False,77.292,"[None, 2048, 2049, 2049, 2049, 2048, 2049, 2048]","[2048, 2048, 2048, 2049, 2048, 2048, 2048, 2048]","[2048, 2048, 2048, 2048, 2048, 2048, 2048, 2048]",308.0
1292,11353,30,58,2026-08-23T14:50:02.421000+00:00,25.738,27.451,23.001,283.0,277.0,False,76.19,"[None, 2049, 2048, 2049, 2048, 2048, 2048, 2048]","[2048, 2048, 2048, 2048, 2048, 2048, 2048, 2048]","[2048, 2048, 2048, 2048, 2048, 2049, 2048, 2048]",312.0
1292,11353,43,57,2026-08-23T14:50:04.639000+00:00,25.884,27.735,23.007,280.0,282.0,False,76.626,"[None, 2048, 2048, 2048, 2048, 2048, 2048, 2048]","[2048, 2048, 2048, 2048, 2048, 2048, 2048, 2048]","[2048, 2048, 2048, 2048, 2049, 2048, 2048, 2048]",314.0
1292,11353,1,59,2026-08-23T14:50:23.743000+00:00,25.424,26.724,22.597,285.0,273.0,False,74.745,"[None, 2048, 2048, 2048, 2048, 2048, 2048, 2048]","[2048, 2049, 2048, 2048, 2048, 2048, 2048, 2048]","[2048, 2048, 2048, 2048, 2048, 2048, 2048, 2048]",300.0
1292,11353,63,59,2026-08-23T14:50:30.725000+00:00,25.58,27.299,22.595,287.0,276.0,False,75.474,"[None, 2048, 2048, 2049, 2048, 2048, 2048, 2048]","[2048, 2048, 2048, 2048, 2048, 2048, 2048, 2048]","[2048, 2048, 2048, 2048, 2049, 2048, 2048, 2048]",306.0
1292,11353,11,57,2026-08-23T14:50:32.953000+00:00,26.245,27.673,23.231,280.0,264.0,False,77.149,"[None, 2048, 2049, 2049, 2049, 2048, 2049, 2048]","[2048, 2049, 2049, 2049, 2049, 2049, 2048, 2048]","[2048, 2048, 2048, 2048, 2048, 2048, 2048, 2048]",303.0
1292,11353,12,59,2026-08-23T14:50:36.298000+00:00,25.362,26.702,22.507,279.0,269.0,False,74.571,"[None, 2048, 2049, 2048, 2048, 2049, 2049, 2048]","[2048, 2049, 2049, 2049, 2048, 2048, 2048, 2048]","[2048, 2048, 2048, 2048, 2049, 2048, 2048, 2048]",318.0
1292,11353,44,59,2026-08-23T14:50:38.282000+00:00,25.74,26.61,22.532,,271.0,False,74.882,"[None, 2048, 2048, 2049, 2048, 2048, 2048, 2048]","[2048, 2051, 2049, 2048, 2049, 2048, 2048, 2048]","[2048, 2048, 2048, 2049, 2049, 2048, 2048, 2048]",308.0
1292,11353,27,58,2026-08-23T14:50:39.188000+00:00,26.001,27.45,22.91,283.0,281.0,False,76.361,"[None, 2048, 2048, 2048, 2048, 2048, 2048, 2048]","[2048, 2048, 2049, 2048, 2048, 2048, 2048, 2048]","[2048, 2048, 2048, 2048, 2049, 2048, 2048, 2048]",308.0
1292,11353,14,58,2026-08-23T14:50:41.800000+00:00,26.233,27.792,24.064,272.0,268.0,False,78.089,"[None, 2048, 2048, 2049, 2048, 2048, 2048, 2048]","[2048, 2048, 2048, 2048, 2048, 2048, 2048, 2048]","[2048, 2048, 2048, 2048, 2049, 2048, 2048, 2048]",302.0
1292,11353,16,59,2026-08-23T14:50:44.079000+00:00,25.414,26.757,22.849,280.0,276.0,False,75.02,"[None, 2048, 2048, 2049, 2049, 2048, 2049, 2048]","[2048, 2048, 2048, 2048, 2048, 2048, 2048, 2048]","[2048, 2048, 2048, 2049, 2048, 2048, 2048, 2048]",310.0
1292,11353,10,58,2026-08-23T14:50:46.673000+00:00,25.818,27.51,22.892,288.0,280.0,False,76.22,"[None, 2048, 2048, 2049, 2048, 2048, 2049, 2049]","[2048, 2049, 2049, 2048, 2048, 2048, 2048, 2048]","[2048, 2048, 2048, 2048, 2048, 2048, 2048, 2048]",320.0
1292,11353,22,58,2026-08-23T14:50:48.392000+00:00,26.014,27.651,23.008,277.0,275.0,False,76.673,"[None, 2048, 2048, 2048, 2048, 2048, 2048, 2048]","[2048, 2049, 2049, 2048, 2048, 2048, 2048, 2048]","[2048, 2048, 2048, 2048, 2049, 2048, 2048, 2048]",314.0
1292,11353,81,59,2026-08-23T14:50:58.181000+00:00,25.232,26.674,22.415,,278.0,False,74.321,"[None, 2048, 2048, 2049, 2051, 2049, 2049, 2048]","[2048, 2049, 2049, 2049, 2048, 2048, 2048, 2048]","[2048, 2049, 2048, 2049, 2048, 2048, 2048, 2048]",305.0
1292,11353,77,57,2026-08-23T14:50:59.837000+00:00,26.474,28.565,24.646,283.0,268.0,False,79.685,"[None, 2048, 2048, 2049, 2048, 2048, 2048, 2048]","[2048, 2048, 2048, 2048, 2048, 2048, 2048, 2048]","[2048, 2049, 2048, 2048, 2048, 2048, 2048, 2048]",300.0
1292,11353,41,58,2026-08-23T14:51:01.621000+00:00,26.079,27.925,23.178,279.0,276.0,False,77.182,"[None, 2048, 2048, 2048, 2048, 2049, 2049, 2048]","[2048, 2049, 2048, 2048, 2048, 2048, 2048, 2048]","[2048, 2049, 2048, 2048, 2048, 2048, 2048, 2048]",312.0
1292,11353,5,58,2026-08-23T14:51:05.202000+00:00,25.852,27.39,22.806,276.0,276.0,False,76.048,"[None, 2048, 2049, 2049, 2049, 2048, 2048, 2048]","[2048, 2048, 2048, 2048, 2048, 2048, 2048, 2048]","[2048, 2048, 2048, 2048, 2049, 2048, 2048, 2048]",
1292,11353,55,58,2026-08-23T14:51:14.649000+00:00,26.466,28.427,23.352,282.0,277.0,False,78.245,"[None, 2048, 2048, 2048, 2048, 2048, 2048, 2048]","[2048, 2048, 2048, 2048, 2048, 2048, 2048, 2048]","[2048, 2048, 2048, 2048, 2048, 2048, 2048, 2048]",314.0
1292,11353,23,58,2026-08-23T14:51:18.102000+00:00,27.716,28.016,22.959,287.0,280.0,False,78.691,"[None, 2048, 2048, 2048, 2048, 2048, 2048, 2048]","[2048, 2048, 2048, 2048, 2048, 2048, 2048, 2048]","[2048, 2049, 2048, 2048, 2049, 2048, 2048, 2048]",232.0
1292,11353,30,59,2026-08-23T14:51:18.525000+00:00,26.126,27.204,22.745,291.0,277.0,False,76.075,"[None, 2048, 2048, 2048, 2049, 2049, 2049, 2049]","[2048, 2049, 2048, 2048, 2048, 2048, 2048, 2048]","[2048, 2048, 2048, 2048, 2048, 2048, 2048, 2048]",273.0
1292,11353,43,58,2026-08-23T14:51:21.136000+00:00,25.936,27.926,23.03,,283.0,False,76.892,"[None, 2048, 2048, 2048, 2048, 2048, 2048, 2048]","[2048, 2048, 2048, 2048, 2048, 2048, 2048, 2048]","[2048, 2048, 2048, 2048, 2048, 2048, 2048, 2048]",320.0
1292,11353,1,60,2026-08-23T14:51:38.308000+00:00,25.304,26.574,22.606,286.0,275.0,False,74.484,"[None, 2048, 2049, 2048, 2048, 2048, 2048, 2048]","[2048, 2051, 2048, 2049, 2048, 2048, 2048, 2048]","[2048, 2048, 2048, 2048, 2048, 2048, 2048, 2048]",304.0
1292,11353,63,60,2026-08-23T14:51:46.252000+00:00,25.605,27.246,22.568,286.0,277.0,False,75.419,"[None, 2048, 2048, 2048, 2048, 2048, 2048, 2048]","[2048, 2048, 2048, 2048, 2048, 2048, 2048, 2048]","[2048, 2048, 2048, 2048, 2048, 2048, 2048, 2048]",304.0
1292,11353,11,58,2026-08-23T14:51:50.064000+00:00,27.28,29.0,23.392,282.0,272.0,False,79.672,"[None, 2048, 2048, 2048, 2048, 2048, 2048, 2048]","[2048, 2048, 2048, 2048, 2048, 2048, 2048, 2048]","[2048, 2048, 2048, 2048, 2049, 2049, 2048, 2048]",241.0
1292,11353,12,60,2026-08-23T14:51:50.673000+00:00,25.623,26.64,22.475,289.0,267.0,False,74.738,"[None, 2048, 2048, 2048, 2048, 2048, 2048, 2048]","[2048, 2049, 2049, 2049, 2048, 2048, 2048, 2048]","[2048, 2048, 2049, 2048, 2048, 2048, 2048, 2048]",273.0
1292,11353,44,60,2026-08-23T14:51:53.163000+00:00,25.558,26.978,22.585,282.0,269.0,False,75.121,"[None, 2048, 2048, 2048, 2048, 2048, 2048, 2048]","[2048, 2048, 2048, 2048, 2048, 2048, 2048, 2048]","[2048, 2048, 2048, 2048, 2048, 2048, 2048, 2048]",
1292,11353,27,59,2026-08-23T14:51:55.588000+00:00,26.018,27.441,22.953,278.0,278.0,False,76.412,"[None, 2048, 2048, 2048, 2049, 2048, 2048, 2048]","[2048, 2048, 2049, 2049, 2048, 2048, 2048, 2048]","[2048, 2048, 2048, 2048, 2048, 2048, 2048, 2048]",300.0
1292,11353,16,60,2026-08-23T14:51:59.150000+00:00,25.333,26.607,22.29,282.0,276.0,False,74.23,"[None, 2048, 2049, 2049, 2048, 2049, 2049, 2048]","[2048, 2049, 2048, 2051, 2048, 2048, 2048, 2048]","[2051, 2048, 2048, 2049, 2049, 2048, 2048, 2048]",307.0
1292,11353,14,59,2026-08-23T14:51:59.853000+00:00,26.069,27.729,23.148,275.0,269.0,False,76.946,"[None, 2048, 2048, 2048, 2048, 2048, 2048, 2048]","[2048, 2048, 2048, 2048, 2048, 2048, 2048, 2048]","[2048, 2048, 2048, 2048, 2048, 2048, 2048, 2048]",314.0
1292,11353,10,59,2026-08-23T14:52:02.831000+00:00,26.007,27.575,22.895,279.0,276.0,False,76.477,"[None, 2049, 2048, 2048, 2049, 2048, 2048, 2048]","[2048, 2048, 2049, 2048, 2048, 2048, 2048, 2048]","[2048, 2048, 2049, 2048, 2048, 2048, 2048, 2048]",324.0
1292,11353,22,59,2026-08-23T14:52:05.052000+00:00,25.964,27.689,23.045,278.0,276.0,False,76.698,"[None, 2048, 2048, 2048, 2048, 2049, 2049, 2048]","[2048, 2048, 2049, 2048, 2048, 2048, 2048, 2048]","[2048, 2048, 2048, 2048, 2049, 2048, 2048, 2048]",307.0
1292,11353,81,60,2026-08-23T14:52:12.531000+00:00,25.348,26.707,22.556,283.0,281.0,False,74.611,"[None, 2048, 2048, 2048, 2048, 2049, 2048, 2048]","[2048, 2049, 2048, 2048, 2048, 2048, 2048, 2048]","[2048, 2048, 2048, 2048, 2048, 2048, 2048, 2048]",304.0
1292,11353,41,59,2026-08-23T14:52:18.684000+00:00,26.168,27.687,23.131,278.0,274.0,False,76.986,"[None, 2048, 2048, 2048, 2048, 2048, 2048, 2048]","[2048, 2049, 2049, 2048, 2048, 2048, 2048, 2048]","[2048, 2048, 2048, 2048, 2048, 2048, 2048, 2048]",300.0
1292,11353,77,58,2026-08-23T14:52:19.427000+00:00,26.629,29.91,23.657,287.0,278.0,False,80.196,"[None, 2048, 2048, 2048, 2048, 2048, 2049, 2049]","[2048, 2048, 2048, 2048, 2048, 2048, 2048, 2048]","[2048, 2048, 2048, 2048, 2048, 2048, 2048, 2048]",286.0
1292,11353,5,59,2026-08-23T14:52:21.303000+00:00,26.066,27.495,22.83,277.0,275.0,False,76.391,"[None, 2048, 2048, 2048, 2048, 2048, 2048, 2048]","[2048, 2048, 2048, 2048, 2048, 2048, 2048, 2048]","[2048, 2048, 2048, 2048, 2048, 2048, 2048, 2048]",295.0
1292,11353,55,59,2026-08-23T14:52:32.963000+00:00,26.426,29.407,23.737,,285.0,False,79.57,"[None, 2048, 2048, 2048, 2048, 2048, 2048, 2048]","[2048, 2048, 2048, 2048, 2048, 2048, 2048, 2048]","[2048, 2048, 2048, 2048, 2048, 2049, 2048, 2048]",317.0
1292,11353,30,60,2026-08-23T14:52:34.712000+00:00,25.648,28.044,22.804,,274.0,False,76.496,"[None, 2048, 2048, 2048, 2048, 2048, 2048, 2049]","[2048, 2048, 2048, 2048, 2048, 2048, 2048, 2048]","[2048, 2048, 2048, 2049, 2048, 2048, 2048, 2048]",311.0
1292,11353,23,59,2026-08-23T14:52:36.785000+00:00,25.995,28.107,23.089,281.0,277.0,False,77.191,"[None, 2049, 2048, 2048, 2048, 2048, 2048, 2048]","[2048, 2048, 2048, 2048, 2048, 2048, 2048, 2048]","[2048, 2048, 2048, 2048, 2049, 2048, 2048, 2048]",317.0
1292,11353,43,59,2026-08-23T14:52:38.113000+00:00,25.942,27.957,23.105,286.0,281.0,False,77.004,"[None, 2048, 2048, 2048, 2048, 2048, 2048, 2048]","[2048, 2048, 2048, 2048, 2048, 2048, 2048, 2048]","[2048, 2048, 2048, 2048, 2049, 2048, 2048, 2048]",321.0
1292,11353,1,61,2026-08-23T14:52:52.925000+00:00,25.373,26.726,22.661,285.0,275.0,False,74.76,"[None, 2048, 2048, 2048, 2048, 2048, 2048, 2048]","[2048, 2048, 2048, 2048, 2048, 2048, 2048, 2048]","[2048, 2048, 2048, 2048, 2048, 2048, 2048]",300.0
1292,11353,63,61,2026-08-23T14:53:01.589000+00:00,25.492,27.245,22.699,285.0,278.0,False,75.436,"[None, 2048, 2048, 2048, 2049, 2048, 2049, 2048]","[2048, 2048, 2048, 2048, 2048, 2048, 2048, 2048]","[2048, 2048, 2048, 2048, 2049, 2048, 2048, 2048]",305.0
1292,11353,12,61,2026-08-23T14:53:05.355000+00:00,25.444,26.7,22.535,286.0,280.0,False,74.679,"[None, 2048, 2048, 2048, 2048, 2048, 2048, 2048]","[2048, 2048, 2048, 2049, 2048, 2048, 2048, 2048]","[2049, 2048, 2048, 2048, 2048, 2048, 2048, 2048]",296.0
1292,11353,44,61,2026-08-23T14:53:08.168000+00:00,25.41,26.655,22.501,281.0,272.0,False,74.566,"[None, 2048, 2051, 2048, 2049, 2049, 2049, 2048]","[2048, 2049, 2049, 2048, 2049, 2048, 2049, 2048]","[2048, 2048, 2048, 2049, 2048, 2048, 2048, 2048]",307.0
1292,11353,11,59,2026-08-23T14:53:09.785000+00:00,26.255,30.543,24.446,,220.0,False,81.244,"[None, 2048, 2048, 2048, 2049, 2048, 2048, 2048]","[2048, 2048, 2048, 2048, 2048, 2048, 2048, 2048]","[2048, 2048, 2048, 2048, 2048, 2049, 2048, 2048]",302.0
1292,11353,27,60,2026-08-23T14:53:12.007000+00:00,26.365,28.612,23.157,249.0,283.0,False,78.134,"[None, 2048, 2048, 2048, 2048, 2048, 2048, 2048]","[2048, 2048, 2048, 2048, 2048, 2048, 2048, 2048]","[2048, 2048, 2048, 2048, 2048, 2048, 2048, 2048]",302.0
1292,11353,16,61,2026-08-23T14:53:13.521000+00:00,25.385,26.596,22.415,285.0,271.0,False,74.396,"[None, 2048, 2048, 2048, 2048, 2048, 2048, 2049]","[2048, 2048, 2051, 2051, 2048, 2048, 2048, 2048]","[2048, 2048, 2048, 2048, 2048, 2048, 2048, 2048]",309.0
1292,11353,14,60,2026-08-23T14:53:16.846000+00:00,26.104,27.822,23.173,,270.0,False,77.099,"[None, 2048, 2048, 2049, 2048, 2048, 2048, 2048]","[2048, 2049, 2048, 2048, 2048, 2048, 2048, 2048]","[2049, 2048, 2048, 2048, 2049, 2048, 2048, 2048]",300.0
1292,11353,10,60,2026-08-23T14:53:19.267000+00:00,25.992,27.75,22.98,,277.0,False,76.722,"[None, 2048, 2048, 2048, 2048, 2048, 2048, 2048]","[2048, 2048, 2049, 2048, 2048, 2048, 2048, 2048]","[2048, 2048, 2048, 2048, 2048, 2048, 2048, 2048]",319.0
1292,11353,22,60,2026-08-23T14:53:21.814000+00:00,26.118,27.869,22.982,279.0,276.0,False,76.969,"[None, 2048, 2048, 2048, 2048, 2048, 2049, 2048]","[2048, 2048, 2048, 2048, 2048, 2048, 2048, 2048]","[2048, 2048, 2048, 2048, 2048, 2048, 2048, 2048]",306.0
1292,11353,81,61,2026-08-23T14:53:27.189000+00:00,25.23,26.634,22.439,282.0,281.0,False,74.303,"[None, 2049, 2048, 2048, 2048, 2051, 2048, 2048]","[2048, 2049, 2049, 2048, 2048, 2048, 2049, 2048]","[2048, 2048, 2048, 2049, 2049, 2048, 2048, 2048]",307.0
1292,11353,41,60,2026-08-23T14:53:35.761000+00:00,25.968,27.634,23.051,,275.0,False,76.653,"[None, 2048, 2049, 2048, 2049, 2049, 2048, 2048]","[2048, 2048, 2049, 2049, 2048, 2048, 2048, 2048]","[2048, 2048, 2048, 2049, 2049, 2048, 2048, 2048]",303.0
1292,11353,5,60,2026-08-23T14:53:37.682000+00:00,25.74,27.331,22.784,276.0,279.0,False,75.855,"[None, 2048, 2048, 2049, 2049, 2049, 2049, 2048]","[2048, 2049, 2048, 2048, 2048, 2048, 2048, 2048]","[2048, 2048, 2048, 2048, 2049, 2048, 2048, 2048]",297.0
1292,11353,77,59,2026-08-23T14:53:39.687000+00:00,26.416,28.298,23.369,283.0,267.0,False,78.083,"[None, 2049, 2048, 2048, 2048, 2049, 2049, 2048]","[2048, 2048, 2048, 2048, 2048, 2048, 2048, 2048]","[2048, 2049, 2048, 2048, 2048, 2048, 2048, 2048]",303.0
1292,11353,30,61,2026-08-23T14:53:51.207000+00:00,25.654,27.096,22.685,288.0,276.0,False,75.435,"[None, 2048, 2049, 2048, 2049, 2048, 2048, 2048]","[2048, 2048, 2048, 2049, 2048, 2048, 2048, 2048]","[2048, 2048, 2048, 2049, 2048, 2048, 2048, 2048]",304.0
1292,11353,55,60,2026-08-23T14:53:52.523000+00:00,26.439,28.64,23.324,283.0,276.0,False,78.403,"[2049, 2048, 2048, 2048, 2048, 2048, 2048, 2048]","[2048, 2048, 2048, 2048, 2048, 2048, 2048, 2048]","[2048, 2048, 2048, 2048, 2049, 2048, 2048, 2048]",320.0
1292,11353,23,60,2026-08-23T14:53:53.990000+00:00,26.033,28.33,23.086,285.0,283.0,False,77.449,"[None, 2048, 2048, 2048, 2048, 2048, 2049, 2048]","[2048, 2048, 2048, 2048, 2048, 2048, 2048, 2048]","[2048, 2048, 2048, 2048, 2049, 2049, 2049, 2049]",314.0
1292,11353,43,60,2026-08-23T14:53:55.021000+00:00,25.934,28.319,23.228,285.0,283.0,False,77.481,"[None, 2048, 2048, 2048, 2048, 2048, 2048, 2048]","[2048, 2048, 2048, 2048, 2048, 2048, 2048, 2048]","[2048, 2048, 2048, 2048, 2049, 2048, 2048, 2048]",324.0
1292,11353,1,62,2026-08-23T14:54:07.618000+00:00,25.433,26.787,22.649,283.0,275.0,False,74.869,"[None, 2048, 2048, 2048, 2048, 2048, 2048, 2048]","[2048, 2048, 2048, 2048, 2048, 2048, 2048, 2048]","[2048, 2048, 2048, 2048, 2048, 2048, 2048, 2048]",297.0
1292,11353,63,62,2026-08-23T14:54:17.043000+00:00,25.641,27.283,22.56,286.0,278.0,False,75.484,"[None, 2048, 2048, 2048, 2048, 2048, 2049, 2048]","[2048, 2048, 2048, 2048, 2048, 2048, 2048, 2048]","[2048, 2048, 2048, 2048, 2049, 2048, 2048, 2048]",300.0
1292,11353,12,62,2026-08-23T14:54:20.071000+00:00,25.519,26.917,22.371,292.0,283.0,False,74.807,"[None, 2048, 2048, 2049, 2048, 2048, 2048, 2048]","[2048, 2048, 2048, 2048, 2048, 2048, 2048, 2048]","[2049, 2048, 2048, 2048, 2049, 2048, 2048, 2048]",295.0
1292,11353,44,62,2026-08-23T14:54:22.790000+00:00,25.459,26.65,22.543,282.0,273.0,False,74.652,"[None, 2048, 2048, 2048, 2048, 2049, 2048, 2048]","[2048, 2048, 2049, 2049, 2048, 2048, 2048, 2048]","[2049, 2048, 2048, 2048, 2048, 2048, 2048, 2048]",309.0
1292,11353,16,62,2026-08-23T14:54:27.743000+00:00,25.504,26.649,22.402,281.0,274.0,False,74.555,"[None, 2048, 2049, 2048, 2048, 2048, 2048, 2048]","[2048, 2048, 2048, 2048, 2048, 2048, 2048, 2048]","[2048, 2048, 2048, 2049, 2048, 2048, 2048, 2048]",297.0
1292,11353,27,61,2026-08-23T14:54:30.078000+00:00,26.077,27.273,22.715,276.0,278.0,False,76.065,"[None, 2048, 2048, 2048, 2048, 2048, 2048, 2048]","[2048, 2049, 2049, 2049, 2048, 2048, 2048, 2048]","[2048, 2049, 2049, 2049, 2048, 2048, 2048, 2048]",300.0
1292,11353,11,60,2026-08-23T14:54:31.040000+00:00,26.545,27.964,23.417,284.0,273.0,False,77.926,"[None, 2048, 2048, 2048, 2048, 2048, 2048, 2048]","[2048, 2048, 2048, 2049, 2048, 2048, 2048, 2048]","[2048, 2048, 2048, 2048, 2048, 2048, 2048, 2048]",288.0
1292,11353,14,61,2026-08-23T14:54:33.895000+00:00,26.159,27.803,23.321,274.0,271.0,False,77.283,"[None, 2048, 2048, 2048, 2048, 2048, 2048, 2048]","[2048, 2048, 2048, 2048, 2048, 2048, 2048, 2048]","[2048, 2048, 2048, 2048, 2048, 2048, 2048, 2048]",299.0
1292,11353,10,61,2026-08-23T14:54:36.033000+00:00,26.067,27.682,22.97,282.0,279.0,False,76.719,"[None, 2048, 2048, 2048, 2048, 2048, 2048, 2048]","[2048, 2048, 2048, 2048, 2048, 2048, 2048, 2048]","[2049, 2048, 2048, 2048, 2048, 2048, 2048, 2048]",325.0
1292,11353,22,61,2026-08-23T14:54:38.808000+00:00,26.101,27.941,23.308,277.0,275.0,False,77.35,"[None, 2048, 2048, 2049, 2048, 2048, 2048, 2048]","[2048, 2048, 2048, 2048, 2048, 2048, 2048, 2048]","[2048, 2048, 2048, 2048, 2048, 2048, 2048, 2048]",310.0
1292,11353,81,62,2026-08-23T14:54:41.493000+00:00,25.314,27.014,22.919,281.0,282.0,False,75.247,"[None, 2048, 2048, 2048, 2051, 2048, 2048, 2048]","[2048, 2048, 2048, 2048, 2048, 2048, 2048, 2048]","[2048, 2048, 2048, 2048, 2048, 2048, 2048, 2048]",309.0
1292,11353,41,61,2026-08-23T14:54:52.382000+00:00,26.062,27.665,23.063,277.0,275.0,False,76.79,"[None, 2048, 2048, 2048, 2049, 2048, 2048, 2048]","[2048, 2048, 2048, 2048, 2048, 2048, 2048, 2048]","[2048, 2048, 2048, 2048, 2048, 2048, 2048, 2048]",
1292,11353,5,61,2026-08-23T14:54:53.479000+00:00,26.053,27.432,22.863,278.0,282.0,False,76.348,"[None, 2048, 2048, 2048, 2048, 2048, 2048, 2048]","[2048, 2048, 2048, 2048, 2048, 2048, 2048, 2048]","[2048, 2048, 2048, 2048, 2048, 2048, 2048, 2048]",
1292,11353,77,60,2026-08-23T14:54:57.663000+00:00,26.551,28.011,23.26,286.0,272.0,False,77.822,"[None, 2048, 2048, 2048, 2048, 2049, 2048, 2048]","[2048, 2048, 2048, 2049, 2048, 2048, 2048, 2048]","[2048, 2049, 2049, 2048, 2049, 2048, 2048, 2048]",288.0
1292,11353,30,62,2026-08-23T14:55:06.744000+00:00,26.055,27.366,22.837,289.0,276.0,False,76.258,"[None, 2048, 2048, 2048, 2048, 2048, 2048, 2048]","[2048, 2048, 2048, 2048, 2048, 2048, 2048, 2048]","[2048, 2048, 2048, 2048, 2048, 2048, 2048, 2048]",301.0
1292,11353,55,61,2026-08-23T14:55:10.935000+00:00,26.546,28.534,23.221,291.0,282.0,False,78.301,"[2048, 2048, 2048, 2048, 2048, 2048, 2048, 2048]","[2048, 2048, 2048, 2048, 2048, 2048, 2048, 2048]","[2048, 2048, 2048, 2048, 2048, 2048, 2048, 2048]",313.0
1292,11353,23,61,2026-08-23T14:55:11.419000+00:00,26.519,28.437,23.292,288.0,285.0,False,78.248,"[2049, 2048, 2048, 2048, 2048, 2048, 2048, 2048]","[2048, 2048, 2048, 2048, 2048, 2048, 2048, 2048]","[2048, 2048, 2048, 2048, 2049, 2048, 2049, 2049]",313.0
1292,11353,43,61,2026-08-23T14:55:12.638000+00:00,26.052,28.426,23.398,284.0,285.0,False,77.876,"[None, 2048, 2048, 2048, 2048, 2048, 2048, 2048]","[2048, 2048, 2048, 2048, 2048, 2048, 2048, 2048]","[2048, 2048, 2048, 2048, 2048, 2049, 2049, 2048]",315.0
1292,11353,1,63,2026-08-23T14:55:22.513000+00:00,25.646,26.668,22.651,286.0,276.0,False,74.965,"[None, 2048, 2048, 2048, 2048, 2048, 2048, 2048]","[2048, 2048, 2048, 2048, 2048, 2048, 2048, 2048]","[2048, 2048, 2048, 2048, 2048, 2048, 2048, 2048]",302.0
1292,11353,63,63,2026-08-23T14:55:32.568000+00:00,25.622,27.434,22.577,285.0,278.0,False,75.633,"[None, 2048, 2048, 2048, 2048, 2048, 2049, 2048]","[2048, 2048, 2048, 2048, 2048, 2048, 2048, 2048]","[2048, 2048, 2048, 2049, 2049, 2048, 2048, 2048]",302.0
1292,11353,12,63,2026-08-23T14:55:34.991000+00:00,25.373,27.109,22.616,278.0,275.0,False,75.098,"[None, 2048, 2048, 2048, 2048, 2049, 2051, 2048]","[2048, 2048, 2048, 2048, 2048, 2048, 2048, 2048]","[2048, 2048, 2048, 2048, 2051, 2048, 2048, 2048]",309.0
1292,11353,44,63,2026-08-23T14:55:37.584000+00:00,25.562,26.636,22.511,281.0,275.0,False,74.709,"[None, 2048, 2048, 2048, 2048, 2048, 2048, 2048]","[2048, 2048, 2048, 2048, 2048, 2048, 2049, 2048]","[2049, 2048, 2048, 2048, 2048, 2048, 2048, 2048]",303.0
1292,11353,16,63,2026-08-23T14:55:42.274000+00:00,25.415,26.662,22.355,282.0,274.0,False,74.432,"[None, 2048, 2048, 2048, 2048, 2049, 2048, 2048]","[2048, 2049, 2048, 2048, 2048, 2048, 2048, 2048]","[2048, 2048, 2048, 2048, 2048, 2048, 2048, 2048]",298.0
1292,11353,27,62,2026-08-23T14:55:46.143000+00:00,25.983,27.319,22.746,275.0,277.0,False,76.048,"[None, 2048, 2048, 2048, 2049, 2048, 2048, 2048]","[2048, 2048, 2048, 2048, 2049, 2048, 2049, 2048]","[2048, 2049, 2048, 2048, 2048, 2048, 2048, 2048]",298.0
1292,11353,11,61,2026-08-23T14:55:49.218000+00:00,26.85,28.023,23.401,277.0,267.0,False,78.274,"[None, 2048, 2048, 2048, 2048, 2048, 2048, 2048]","[2048, 2048, 2048, 2048, 2048, 2048, 2048, 2048]","[2048, 2048, 2048, 2048, 2048, 2048, 2048, 2048]",299.0
1292,11353,14,62,2026-08-23T14:55:51.249000+00:00,26.395,27.981,23.266,275.0,272.0,False,77.642,"[None, 2048, 2048, 2048, 2048, 2048, 2048, 2048]","[2048, 2048, 2048, 2048, 2048, 2048, 2048, 2048]","[2048, 2048, 2048, 2048, 2048, 2048, 2048, 2048]",301.0
1292,11353,10,62,2026-08-23T14:55:52.749000+00:00,26.111,27.88,23.138,285.0,279.0,False,77.129,"[None, 2048, 2048, 2048, 2048, 2048, 2048, 2048]","[2048, 2048, 2048, 2048, 2048, 2048, 2048, 2048]","[2048, 2048, 2048, 2048, 2048, 2048, 2048, 2048]",
1292,11353,22,62,2026-08-23T14:55:56.032000+00:00,27.074,27.907,23.027,281.0,276.0,False,78.008,"[None, 2048, 2048, 2048, 2048, 2048, 2048, 2048]","[2048, 2048, 2049, 2048, 2048, 2048, 2048, 2048]","[2048, 2048, 2048, 2048, 2048, 2048, 2048, 2048]",221.0
1292,11353,81,63,2026-08-23T14:55:56.708000+00:00,25.455,26.828,22.552,291.0,282.0,False,74.835,"[None, 2048, 2048, 2048, 2048, 2048, 2048, 2049]","[2048, 2048, 2048, 2048, 2048, 2048, 2048, 2048]","[2048, 2048, 2051, 2048, 2048, 2048, 2048, 2048]",
1292,11353,41,62,2026-08-23T14:56:09.182000+00:00,26.068,27.911,23.152,,274.0,False,77.131,"[None, 2048, 2048, 2048, 2049, 2048, 2048, 2048]","[2048, 2048, 2048, 2048, 2048, 2048, 2048, 2048]","[2048, 2048, 2048, 2048, 2048, 2048, 2048, 2048]",
1292,11353,5,62,2026-08-23T14:56:09.854000+00:00,25.933,27.923,22.875,280.0,283.0,False,76.731,"[None, 2048, 2048, 2048, 2048, 2048, 2048, 2048]","[2048, 2048, 2048, 2048, 2048, 2048, 2048, 2049]","[2048, 2048, 2048, 2048, 2049, 2048, 2048, 2048]",302.0
1292,11353,77,61,2026-08-23T14:56:15.541000+00:00,28.488,32.253,31.361,229.0,233.0,False,92.102,"[None, 2049, 2048, 2048, 2048, 2048, 2048, 2048]","[2048, 2048, 2048, 2048, 2048, 2048, 2048, 2048]","[2048, 2048, 2048, 2048, 2048, 2048, 2064, 2064]",300.0
1292,11353,30,63,2026-08-23T14:56:23.009000+00:00,26.01,27.342,22.994,288.0,276.0,False,76.346,"[None, 2048, 2048, 2048, 2048, 2048, 2048, 2048]","[2048, 2048, 2048, 2048, 2048, 2048, 2048, 2048]","[2048, 2048, 2048, 2048, 2048, 2048, 2048, 2048]",299.0
1292,11353,55,62,2026-08-23T14:56:29.155000+00:00,26.444,28.563,23.423,281.0,279.0,False,78.43,"[None, 2048, 2048, 2048, 2048, 2048, 2049, 2048]","[2048, 2048, 2048, 2048, 2048, 2048, 2048, 2048]","[2048, 2048, 2048, 2048, 2048, 2048, 2048, 2048]",316.0
1292,11353,23,62,2026-08-23T14:56:29.722000+00:00,26.419,28.418,23.45,287.0,287.0,False,78.287,"[None, 2048, 2048, 2048, 2048, 2048, 2048, 2048]","[2048, 2048, 2048, 2048, 2048, 2049, 2048, 2048]","[2048, 2048, 2048, 2048, 2048, 2048, 2048, 2048]",309.0
1292,11353,43,62,2026-08-23T14:56:30.380000+00:00,26.157,28.652,23.52,291.0,284.0,False,78.329,"[None, 2048, 2048, 2048, 2048, 2048, 2048, 2048]","[2048, 2048, 2048, 2048, 2048, 2048, 2048, 2048]","[2048, 2048, 2048, 2048, 2048, 2049, 2049, 2048]",323.0
1292,11353,1,64,2026-08-23T14:56:37.523000+00:00,25.441,26.908,22.739,284.0,279.0,False,75.088,"[None, 2048, 2048, 2048, 2048, 2048, 2048, 2048]","[2048, 2048, 2048, 2048, 2048, 2048, 2048, 2048]","[2049, 2048, 2048, 2048, 2048, 2048, 2048, 2048]",304.0
1292,11353,63,64,2026-08-23T14:56:48.094000+00:00,25.691,27.329,22.645,283.0,278.0,False,75.665,"[None, 2048, 2048, 2048, 2048, 2048, 2048, 2048]","[2048, 2048, 2048, 2048, 2048, 2048, 2048, 2048]","[2048, 2048, 2048, 2048, 2048, 2048, 2048, 2048]",308.0
1292,11353,12,64,2026-08-23T14:56:50.021000+00:00,25.415,26.989,22.466,287.0,282.0,False,74.87,"[None, 2048, 2048, 2048, 2048, 2048, 2048, 2048]","[2048, 2048, 2048, 2048, 2048, 2048, 2048, 2048]","[2048, 2048, 2048, 2048, 2048, 2048, 2048, 2048]",298.0
1292,11353,44,64,2026-08-23T14:56:52.167000+00:00,25.508,26.9,22.576,282.0,270.0,False,74.984,"[None, 2048, 2048, 2049, 2048, 2048, 2048, 2048]","[2048, 2048, 2048, 2048, 2048, 2048, 2048, 2048]","[2048, 2048, 2048, 2048, 2048, 2048, 2048, 2048]",305.0
1292,11353,16,64,2026-08-23T14:56:56.765000+00:00,25.356,26.873,22.465,,272.0,False,74.694,"[None, 2048, 2049, 2048, 2049, 2048, 2048, 2048]","[2048, 2048, 2048, 2048, 2048, 2048, 2048, 2048]","[2048, 2048, 2048, 2051, 2048, 2048, 2048, 2048]",301.0
1292,11353,27,63,2026-08-23T14:57:02.207000+00:00,25.92,27.382,22.75,274.0,276.0,False,76.052,"[None, 2048, 2048, 2048, 2048, 2049, 2049, 2048]","[2048, 2049, 2048, 2049, 2048, 2048, 2048, 2048]","[2049, 2048, 2048, 2048, 2049, 2048, 2048, 2048]",
1292,11353,11,62,2026-08-23T14:57:07.539000+00:00,26.353,29.821,25.744,280.0,269.0,False,81.918,"[None, 2048, 2048, 2049, 2048, 2048, 2048, 2048]","[2048, 2048, 2048, 2048, 2048, 2048, 2048, 2048]","[2048, 2048, 2048, 2048, 2048, 2048, 2048, 2048]",302.0
1292,11353,14,63,2026-08-23T14:57:08.788000+00:00,26.167,27.954,23.265,276.0,269.0,False,77.386,"[None, 2048, 2048, 2049, 2048, 2048, 2049, 2048]","[2048, 2048, 2048, 2048, 2048, 2048, 2048, 2048]","[2048, 2048, 2048, 2048, 2048, 2048, 2048, 2048]",302.0
1292,11353,10,63,2026-08-23T14:57:09.967000+00:00,26.146,28.772,23.299,,286.0,False,78.217,"[None, 2048, 2048, 2048, 2048, 2048, 2048, 2048]","[2048, 2048, 2048, 2048, 2048, 2048, 2048, 2048]","[2048, 2048, 2048, 2048, 2048, 2048, 2048, 2048]",319.0
1292,11353,81,64,2026-08-23T14:57:11.599000+00:00,25.371,27.515,22.858,282.0,280.0,False,75.744,"[None, 2049, 2048, 2048, 2048, 2048, 2048, 2048]","[2048, 2048, 2048, 2048, 2048, 2048, 2048, 2048]","[2048, 2048, 2048, 2048, 2048, 2048, 2048, 2048]",307.0
1292,11353,22,63,2026-08-23T14:57:14.052000+00:00,26.047,27.983,23.229,278.0,276.0,False,77.259,"[None, 2048, 2048, 2048, 2048, 2048, 2049, 2048]","[2048, 2048, 2048, 2048, 2048, 2048, 2048, 2048]","[2048, 2048, 2048, 2048, 2048, 2048, 2048, 2048]",305.0
1292,11353,41,63,2026-08-23T14:57:26.282000+00:00,26.044,27.876,23.141,274.0,272.0,False,77.061,"[None, 2048, 2048, 2048, 2048, 2048, 2048, 2048]","[2048, 2048, 2048, 2048, 2048, 2048, 2048, 2048]","[2048, 2048, 2048, 2048, 2048, 2048, 2048, 2048]",320.0
1292,11353,5,63,2026-08-23T14:57:26.579000+00:00,26.475,27.708,22.884,261.0,285.0,False,77.067,"[None, 2048, 2048, 2048, 2048, 2048, 2048, 2048]","[2048, 2048, 2048, 2048, 2048, 2048, 2048, 2048]","[2048, 2048, 2048, 2048, 2049, 2048, 2048, 2048]",303.0
1292,11353,30,64,2026-08-23T14:57:39.183000+00:00,25.795,27.35,22.891,287.0,276.0,False,76.036,"[None, 2048, 2048, 2048, 2048, 2048, 2048, 2048]","[2048, 2048, 2048, 2048, 2048, 2048, 2048, 2048]","[2048, 2048, 2048, 2048, 2048, 2048, 2048, 2048]",302.0
1292,11353,55,63,2026-08-23T14:57:47.676000+00:00,26.666,28.666,23.512,285.0,277.0,False,78.844,"[None, 2048, 2048, 2048, 2048, 2048, 2048, 2048]","[2048, 2048, 2048, 2048, 2048, 2048, 2048, 2048]","[2048, 2048, 2048, 2048, 2049, 2048, 2048, 2048]",312.0
1292,11353,77,62,2026-08-23T14:57:47.880000+00:00,,,,,,False,,,,,
1292,11353,23,63,2026-08-23T14:57:47.989000+00:00,26.749,28.591,23.469,295.0,287.0,False,78.809,"[2048, 2048, 2048, 2048, 2048, 2048, 2048, 2049]","[2048, 2048, 2048, 2048, 2048, 2048, 2048, 2048]","[2048, 2048, 2048, 2048, 2048, 2049, 2049, 2049]",312.0
1292,11353,43,63,2026-08-23T14:57:48.748000+00:00,26.279,28.572,24.317,293.0,287.0,False,79.168,"[None, 2048, 2048, 2048, 2048, 2048, 2048, 2048]","[2048, 2048, 2048, 2048, 2048, 2048, 2048, 2048]","[2048, 2048, 2048, 2048, 2048, 2048, 2048, 2048]",315.0
1292,11353,1,65,2026-08-23T14:57:52.521000+00:00,25.401,26.882,23.176,285.0,279.0,False,75.459,"[None, 2048, 2048, 2048, 2048, 2048, 2051, 2048]","[2048, 2048, 2048, 2048, 2048, 2048, 2048, 2048]","[2048, 2048, 2048, 2048, 2048, 2048, 2048, 2048]",310.0
1292,11353,63,65,2026-08-23T14:58:03.825000+00:00,25.54,27.205,22.716,285.0,278.0,False,75.461,"[None, 2048, 2048, 2048, 2048, 2048, 2049, 2048]","[2048, 2048, 2048, 2048, 2048, 2048, 2048, 2048]","[2048, 2048, 2048, 2048, 2048, 2048, 2048, 2048]",311.0
1292,11353,12,65,2026-08-23T14:58:04.997000+00:00,25.373,27.241,22.604,288.0,283.0,False,75.218,"[None, 2048, 2048, 2048, 2048, 2048, 2048, 2048]","[2048, 2048, 2048, 2048, 2048, 2048, 2048, 2048]","[2048, 2048, 2048, 2048, 2048, 2048, 2048, 2048]",309.0
1292,11353,44,65,2026-08-23T14:58:07.179000+00:00,25.476,26.768,22.59,285.0,275.0,False,74.834,"[None, 2048, 2048, 2048, 2048, 2048, 2049, 2048]","[2048, 2049, 2048, 2048, 2048, 2048, 2048, 2048]","[2049, 2048, 2048, 2048, 2048, 2048, 2048, 2048]",303.0
1292,11353,16,65,2026-08-23T14:58:11.427000+00:00,25.475,26.772,22.481,285.0,279.0,False,74.728,"[None, 2048, 2048, 2048, 2048, 2048, 2048, 2048]","[2048, 2051, 2048, 2048, 2048, 2048, 2048, 2048]","[2048, 2048, 2048, 2048, 2048, 2048, 2048, 2048]",300.0
1292,11353,27,64,2026-08-23T14:58:18.271000+00:00,26.009,27.356,22.83,277.0,277.0,False,76.195,"[None, 2048, 2048, 2048, 2048, 2048, 2048, 2048]","[2048, 2048, 2048, 2048, 2048, 2048, 2048, 2048]","[2048, 2048, 2048, 2048, 2048, 2048, 2048, 2048]",
1292,11353,14,64,2026-08-23T14:58:26.279000+00:00,26.484,28.619,23.283,246.0,270.0,False,78.386,"[None, 2048, 2048, 2048, 2048, 2048, 2048, 2048]","[2048, 2048, 2048, 2048, 2048, 2048, 2048, 2048]","[2048, 2048, 2048, 2048, 2049, 2048, 2048, 2048]",298.0
1292,11353,81,65,2026-08-23T14:58:27.234000+00:00,25.549,27.215,22.671,287.0,273.0,False,75.435,"[None, 2048, 2048, 2048, 2048, 2048, 2049, 2048]","[2048, 2048, 2048, 2048, 2048, 2048, 2048, 2048]","[2048, 2048, 2048, 2048, 2048, 2048, 2048, 2048]",315.0
1292,11353,10,64,2026-08-23T14:58:28.037000+00:00,26.063,28.102,23.007,289.0,283.0,False,77.172,"[None, 2048, 2048, 2048, 2048, 2048, 2048, 2048]","[2048, 2048, 2048, 2048, 2048, 2048, 2048, 2048]","[2048, 2048, 2048, 2048, 2048, 2048, 2048, 2048]",305.0
1292,11353,11,63,2026-08-23T14:58:29.164000+00:00,26.568,28.443,23.412,281.0,272.0,False,78.423,"[None, 2048, 2048, 2048, 2048, 2048, 2048, 2048]","[2048, 2048, 2048, 2048, 2048, 2048, 2048, 2048]","[2048, 2048, 2048, 2048, 2048, 2048, 2048, 2048]",294.0
1292,11353,22,64,2026-08-23T14:58:31.594000+00:00,26.162,27.986,23.248,279.0,277.0,False,77.396,"[None, 2048, 2048, 2048, 2048, 2048, 2048, 2048]","[2048, 2048, 2048, 2048, 2048, 2048, 2048, 2048]","[2048, 2048, 2048, 2048, 2049, 2048, 2048, 2048]",310.0
1292,11353,41,64,2026-08-23T14:58:43.393000+00:00,26.549,27.922,23.104,,271.0,False,77.575,"[None, 2048, 2048, 2049, 2048, 2048, 2048, 2048]","[2048, 2048, 2048, 2048, 2048, 2048, 2048, 2048]","[2048, 2048, 2048, 2048, 2048, 2048, 2048, 2048]",308.0
1292,11353,5,64,2026-08-23T14:58:43.653000+00:00,26.838,27.93,23.115,277.0,281.0,False,77.883,"[None, 2048, 2048, 2048, 2048, 2048, 2048, 2048]","[2048, 2048, 2048, 2048, 2048, 2048, 2048, 2048]","[2048, 2048, 2048, 2048, 2048, 2048, 2048, 2048]",298.0
1292,11353,30,65,2026-08-23T14:58:55.262000+00:00,25.939,27.424,22.932,286.0,274.0,False,76.295,"[None, 2048, 2048, 2048, 2048, 2048, 2048, 2048]","[2048, 2048, 2048, 2048, 2048, 2048, 2048, 2048]","[2048, 2048, 2048, 2048, 2048, 2048, 2048, 2048]",300.0
1292,11353,55,64,2026-08-23T14:59:06.476000+00:00,26.752,29.344,23.636,283.0,281.0,False,79.732,"[None, 2048, 2048, 2048, 2048, 2048, 2048, 2048]","[2048, 2048, 2048, 2048, 2048, 2048, 2048, 2048]","[2048, 2048, 2048, 2048, 2048, 2048, 2048, 2048]",301.0
1292,11353,23,64,2026-08-23T14:59:06.804000+00:00,27.524,28.774,23.361,241.0,288.0,False,79.659,"[2049, 2048, 2048, 2048, 2048, 2048, 2048, 2048]","[2048, 2048, 2048, 2048, 2048, 2048, 2048, 2048]","[2048, 2048, 2048, 2048, 2048, 2049, 2049, 2049]",293.0
1292,11353,43,64,2026-08-23T14:59:07.932000+00:00,26.868,29.036,23.345,297.0,290.0,False,79.249,"[None, 2048, 2048, 2048, 2048, 2048, 2048, 2048]","[2048, 2048, 2048, 2048, 2048, 2048, 2048, 2048]","[2048, 2048, 2048, 2048, 2048, 2048, 2048, 2048]",262.0
1292,11353,1,66,2026-08-23T14:59:08.098000+00:00,25.922,27.549,22.646,296.0,280.0,False,76.117,"[None, 2048, 2048, 2048, 2048, 2048, 2048, 2051]","[2051, 2048, 2048, 2048, 2048, 2049, 2048, 2048]","[2049, 2048, 2048, 2048, 2048, 2048, 2048, 2048]",303.0
1292,11353,63,66,2026-08-23T14:59:19.279000+00:00,27.086,27.666,22.83,287.0,275.0,False,77.582,"[None, 2048, 2048, 2048, 2048, 2048, 2048, 2048]","[2048, 2048, 2048, 2048, 2048, 2048, 2048, 2048]","[2048, 2048, 2048, 2048, 2049, 2048, 2048, 2048]",235.0
1292,11353,12,66,2026-08-23T14:59:20.126000+00:00,25.38,27.044,22.829,291.0,266.0,False,75.253,"[None, 2048, 2048, 2049, 2049, 2048, 2048, 2048]","[2048, 2048, 2048, 2048, 2048, 2048, 2048, 2048]","[2048, 2048, 2048, 2048, 2048, 2048, 2048, 2048]",296.0
1292,11353,44,66,2026-08-23T14:59:22.033000+00:00,25.539,27.142,22.63,286.0,277.0,False,75.311,"[None, 2048, 2048, 2048, 2048, 2048, 2049, 2049]","[2048, 2048, 2048, 2048, 2048, 2048, 2048, 2048]","[2048, 2048, 2048, 2048, 2051, 2049, 2049, 2049]",305.0
1292,11353,16,66,2026-08-23T14:59:26.112000+00:00,25.449,26.856,22.382,280.0,273.0,False,74.687,"[None, 2048, 2048, 2048, 2048, 2048, 2049, 2048]","[2048, 2048, 2048, 2048, 2048, 2048, 2048, 2048]","[2048, 2048, 2048, 2048, 2048, 2048, 2048, 2048]",304.0
1292,11353,27,65,2026-08-23T14:59:34.491000+00:00,25.993,27.236,22.905,278.0,277.0,False,76.134,"[None, 2048, 2048, 2048, 2048, 2048, 2048, 2048]","[2048, 2049, 2049, 2048, 2048, 2048, 2048, 2048]","[2048, 2048, 2048, 2048, 2048, 2048, 2048, 2048]",300.0
1292,11353,81,66,2026-08-23T14:59:42.753000+00:00,25.431,26.853,22.605,279.0,280.0,False,74.889,"[None, 2048, 2048, 2048, 2048, 2048, 2049, 2048]","[2048, 2048, 2048, 2048, 2048, 2048, 2048, 2048]","[2048, 2048, 2048, 2048, 2048, 2048, 2048, 2048]",304.0
1292,11353,14,65,2026-08-23T14:59:44.593000+00:00,26.231,27.868,23.27,276.0,269.0,False,77.369,"[None, 2048, 2048, 2048, 2048, 2048, 2048, 2048]","[2048, 2048, 2048, 2048, 2048, 2048, 2048, 2048]","[2048, 2048, 2048, 2048, 2049, 2048, 2048, 2048]",303.0
1292,11353,10,65,2026-08-23T14:59:45.254000+00:00,26.037,28.302,23.062,291.0,281.0,False,77.401,"[None, 2048, 2048, 2048, 2048, 2048, 2048, 2049]","[2049, 2048, 2048, 2048, 2048, 2048, 2048, 2048]","[2048, 2048, 2048, 2048, 2048, 2048, 2048, 2048]",317.0
1292,11353,11,64,2026-08-23T14:59:47.588000+00:00,28.283,28.515,23.425,289.0,277.0,False,80.223,"[None, 2048, 2048, 2048, 2048, 2048, 2048, 2049]","[2048, 2048, 2048, 2048, 2048, 2048, 2048, 2048]","[2048, 2048, 2048, 2048, 2048, 2048, 2048, 2048]",267.0
1292,11353,22,65,2026-08-23T14:59:48.733000+00:00,26.418,27.932,23.202,277.0,275.0,False,77.552,"[None, 2048, 2048, 2048, 2048, 2048, 2048, 2048]","[2048, 2048, 2048, 2048, 2048, 2048, 2048, 2048]","[2048, 2048, 2048, 2048, 2048, 2048, 2048, 2048]",307.0
1292,11353,41,65,2026-08-23T15:00:01.020000+00:00,26.248,28.172,23.176,276.0,273.0,False,77.596,"[None, 2048, 2048, 2048, 2048, 2048, 2048, 2048]","[2048, 2048, 2048, 2048, 2048, 2048, 2048, 2048]","[2048, 2048, 2048, 2048, 2048, 2048, 2048, 2048]",300.0
1292,11353,5,65,2026-08-23T15:00:01.581000+00:00,26.284,28.123,23.036,281.0,280.0,False,77.443,"[None, 2048, 2048, 2048, 2048, 2048, 2048, 2048]","[2048, 2048, 2048, 2048, 2048, 2048, 2048, 2048]","[2048, 2048, 2048, 2048, 2048, 2048, 2048, 2048]",
1292,11353,30,66,2026-08-23T15:00:11.590000+00:00,25.739,27.394,23.058,288.0,275.0,False,76.191,"[None, 2048, 2048, 2048, 2048, 2048, 2048, 2048]","[2048, 2048, 2048, 2048, 2048, 2048, 2048, 2048]","[2048, 2048, 2048, 2048, 2048, 2048, 2048, 2048]",302.0
1292,11353,1,67,2026-08-23T15:00:24.205000+00:00,25.563,26.945,22.689,283.0,275.0,False,75.197,"[None, 2048, 2048, 2048, 2048, 2048, 2048, 2048]","[2048, 2048, 2048, 2048, 2048, 2048, 2048, 2048]","[2048, 2048, 2048, 2048, 2048, 2048, 2048, 2048]",298.0
1292,11353,55,65,2026-08-23T15:00:26.247000+00:00,41.81,32.92,30.494,155.0,236.0,False,105.224,"[None, 2048, 0, 0, 2048, 2048, 2048, 2048]","[2048, 2048, 2048, 2048, 2048, 2048, 2048, 2048]","[2048, 2048, 2048, 2048, 2048, 2048, 2064, 2064]",315.0
1292,11353,23,65,2026-08-23T15:00:26.453000+00:00,41.07,28.643,23.456,264.0,283.0,False,93.169,"[2051, 2049, 0, 0, 2048, 2048, 2048, 2048]","[2048, 2048, 2048, 2048, 2048, 2048, 2048, 2048]","[2048, 2048, 2048, 2048, 2048, 2048, 2048, 2048]",335.0
1292,11353,43,65,2026-08-23T15:00:27.122000+00:00,26.262,27.861,23.044,293.0,282.0,False,77.167,"[None, 2048, 2048, 2048, 2048, 2048, 2048, 2048]","[2048, 2048, 2048, 2048, 2048, 2048, 2048, 2048]","[2048, 2048, 2048, 2048, 2048, 2048, 2048, 2048]",313.0
1292,11353,12,67,2026-08-23T15:00:35.344000+00:00,25.688,27.045,22.672,285.0,278.0,False,75.405,"[None, 2048, 2048, 2048, 2048, 2048, 2048, 2048]","[2048, 2048, 2048, 2048, 2048, 2048, 2048, 2048]","[2048, 2048, 2048, 2048, 2048, 2048, 2048, 2048]",299.0
1292,11353,63,67,2026-08-23T15:00:36.811000+00:00,25.902,27.682,22.813,282.0,279.0,False,76.397,"[None, 2048, 2048, 2048, 2048, 2048, 2048, 2048]","[2048, 2048, 2048, 2048, 2048, 2048, 2048, 2048]","[2048, 2048, 2048, 2048, 2048, 2048, 2048, 2048]",318.0
1292,11353,44,67,2026-08-23T15:00:37.438000+00:00,26.064,27.594,22.711,277.0,272.0,False,76.369,"[2049, 2048, 2048, 2048, 2048, 2048, 2048, 2048]","[2048, 2048, 2048, 2048, 2048, 2048, 2048, 2048]","[2048, 2048, 2048, 2048, 2048, 2048, 2048, 2048]",316.0
1292,11353,16,67,2026-08-23T15:00:40.853000+00:00,25.827,26.943,22.64,292.0,270.0,False,75.41,"[None, 2048, 2048, 2048, 2048, 2048, 2048, 2049]","[2049, 2048, 2048, 2048, 2048, 2048, 2048, 2048]","[2048, 2048, 2048, 2048, 2048, 2048, 2048, 2048]",300.0
1292,11353,27,66,2026-08-23T15:00:50.653000+00:00,26.123,27.52,22.958,,277.0,False,76.601,"[None, 2048, 2048, 2048, 2049, 2048, 2048, 2048]","[2048, 2048, 2048, 2048, 2048, 2048, 2048, 2048]","[2048, 2048, 2048, 2048, 2049, 2048, 2048, 2048]",298.0
1292,11353,81,67,2026-08-23T15:00:57.663000+00:00,25.448,26.891,22.524,282.0,281.0,False,74.863,"[None, 2048, 2048, 2048, 2048, 2048, 2048, 2048]","[2048, 2048, 2048, 2048, 2048, 2048, 2048, 2048]","[2048, 2048, 2048, 2048, 2048, 2048, 2048, 2048]",306.0
1292,11353,14,66,2026-08-23T15:01:02.043000+00:00,26.197,27.813,23.128,271.0,269.0,False,77.138,"[None, 2048, 2048, 2048, 2048, 2048, 2048, 2048]","[2048, 2048, 2048, 2048, 2048, 2048, 2048, 2048]","[2048, 2048, 2049, 2048, 2048, 2048, 2048, 2048]",309.0
1292,11353,10,66,2026-08-23T15:01:02.762000+00:00,26.123,28.158,23.02,289.0,278.0,False,77.301,"[None, 2048, 2048, 2048, 2048, 2048, 2048, 2048]","[2048, 2048, 2048, 2048, 2048, 2048, 2048, 2048]","[2048, 2048, 2048, 2048, 2048, 2048, 2048, 2048]",318.0
1292,11353,22,66,2026-08-23T15:01:06.279000+00:00,26.261,27.975,23.343,278.0,276.0,False,77.579,"[None, 2048, 2048, 2048, 2048, 2048, 2048, 2048]","[2048, 2048, 2048, 2048, 2048, 2048, 2048, 2048]","[2048, 2048, 2048, 2048, 2048, 2048, 2048, 2048]",309.0
1292,11353,11,65,2026-08-23T15:01:07.857000+00:00,26.576,28.189,23.371,282.0,267.0,False,78.136,"[None, 2048, 2048, 2048, 2048, 2048, 2048, 2048]","[2048, 2048, 2048, 2048, 2048, 2048, 2048, 2048]","[2048, 2048, 2048, 2048, 2048, 2048, 2048, 2048]",306.0
1292,11353,41,66,2026-08-23T15:01:18.607000+00:00,26.242,27.951,23.22,279.0,275.0,False,77.413,"[None, 2048, 2048, 2048, 2048, 2048, 2048, 2048]","[2048, 2048, 2048, 2048, 2048, 2048, 2048, 2048]","[2048, 2048, 2048, 2048, 2048, 2048, 2048, 2048]",
1292,11353,5,66,2026-08-23T15:01:18.959000+00:00,26.303,28.133,23.083,,281.0,False,77.519,"[None, 2048, 2048, 2048, 2048, 2048, 2048, 2048]","[2048, 2048, 2048, 2048, 2048, 2048, 2048, 2048]","[2048, 2048, 2048, 2048, 2048, 2048, 2048, 2048]",294.0
1292,11353,30,67,2026-08-23T15:01:27.801000+00:00,25.896,27.437,22.88,289.0,276.0,False,76.213,"[None, 2048, 2048, 2048, 2048, 2048, 2048, 2048]","[2048, 2048, 2049, 2048, 2048, 2048, 2048, 2048]","[2048, 2048, 2048, 2048, 2048, 2048, 2048, 2048]",299.0
1292,11353,1,68,2026-08-23T15:01:39.338000+00:00,25.552,26.867,22.764,284.0,278.0,False,75.183,"[None, 2048, 2048, 2048, 2048, 2048, 2048, 2048]","[2048, 2048, 2048, 2048, 2048, 2048, 2048, 2048]","[2048, 2048, 2048, 2048, 2048, 2048, 2048, 2048]",303.0
1292,11353,43,66,2026-08-23T15:01:44.565000+00:00,25.906,27.908,23.162,285.0,280.0,False,76.976,"[None, 2048, 2048, 2048, 2048, 2048, 2048, 2048]","[2048, 2048, 2048, 2048, 2048, 2048, 2048, 2048]","[2048, 2048, 2048, 2048, 2048, 2048, 2048, 2048]",311.0
1292,11353,12,68,2026-08-23T15:01:50.833000+00:00,25.55,27.09,22.659,287.0,279.0,False,75.299,"[None, 2048, 2048, 2048, 2048, 2048, 2048, 2048]","[2048, 2048, 2048, 2048, 2048, 2048, 2048, 2048]","[2048, 2048, 2048, 2048, 2048, 2048, 2048, 2048]",297.0
1292,11353,63,68,2026-08-23T15:01:53.243000+00:00,25.772,27.469,22.758,281.0,279.0,False,75.999,"[None, 2048, 2048, 2048, 2048, 2048, 2048, 2048]","[2048, 2048, 2049, 2048, 2048, 2048, 2048, 2048]","[2048, 2048, 2048, 2048, 2048, 2048, 2048, 2048]",317.0
1292,11353,44,68,2026-08-23T15:01:53.779000+00:00,25.85,27.454,22.68,276.0,271.0,False,75.984,"[None, 2048, 2048, 2048, 2048, 2048, 2048, 2048]","[2048, 2048, 2048, 2048, 2048, 2048, 2048, 2048]","[2048, 2048, 2048, 2048, 2048, 2049, 2048, 2049]",
1292,11353,16,68,2026-08-23T15:01:56.226000+00:00,25.566,27.023,22.597,287.0,276.0,False,75.186,"[None, 2048, 2048, 2048, 2048, 2048, 2048, 2049]","[2048, 2048, 2048, 2048, 2048, 2048, 2048, 2048]","[2048, 2048, 2048, 2048, 2048, 2048, 2048, 2048]",303.0
1292,11353,23,66,2026-08-23T15:01:59.522000+00:00,27.212,38.591,32.927,222.0,190.0,False,98.73,"[2048, 2048, 2048, 2048, 2048, 2048, 2048, 2048]","[2048, 2048, 2048, 2048, 2048, 2048, 2048, 2048]","[2048, 2048, 2048, 2048, 2048, 2048, 2064, 2064]",311.0
1292,11353,27,67,2026-08-23T15:02:07.123000+00:00,26.185,27.669,22.919,,277.0,False,76.773,"[None, 2048, 2048, 2048, 2048, 2048, 2048, 2048]","[2048, 2048, 2048, 2048, 2048, 2048, 2048, 2048]","[2048, 2048, 2048, 2048, 2048, 2048, 2048, 2048]",300.0
1292,11353,55,66,2026-08-23T15:02:11.323000+00:00,44.309,28.299,23.206,285.0,287.0,True,95.814,"[2064, 2064, 2064, 2048, 2048, 2048, 2048, 2048]","[2048, 2048, 2048, 2048, 2048, 2049, 2048, 2048]","[2048, 2049, 2049, 2048, 2048, 2048, 2048, 2048]",
1292,11353,81,68,2026-08-23T15:02:12.479000+00:00,25.331,27.032,22.791,287.0,274.0,False,75.154,"[None, 2049, 2048, 2048, 2048, 2048, 2048, 2048]","[2049, 2049, 2048, 2048, 2048, 2048, 2048, 2048]","[2048, 2048, 2048, 2048, 2048, 2048, 2048]",309.0
1292,11353,14,67,2026-08-23T15:02:19.139000+00:00,26.262,27.924,23.205,272.0,268.0,False,77.391,"[None, 2048, 2048, 2048, 2048, 2048, 2048, 2048]","[2048, 2048, 2048, 2048, 2048, 2048, 2048, 2048]","[2048, 2048, 2048, 2048, 2048, 2048, 2048, 2048]",307.0
1292,11353,10,67,2026-08-23T15:02:20.004000+00:00,26.044,28.028,23.07,293.0,284.0,False,77.142,"[None, 2048, 2048, 2048, 2048, 2048, 2048, 2049]","[2049, 2048, 2048, 2048, 2048, 2048, 2048, 2048]","[2049, 2048, 2048, 2048, 2048, 2048, 2048, 2048]",319.0
1292,11353,22,67,2026-08-23T15:02:23.942000+00:00,26.276,28.085,23.083,280.0,277.0,False,77.444,"[None, 2048, 2048, 2048, 2048, 2048, 2048, 2048]","[2048, 2048, 2048, 2048, 2048, 2048, 2048, 2048]","[2048, 2048, 2048, 2048, 2048, 2048, 2048, 2048]",310.0
1292,11353,11,66,2026-08-23T15:02:25.932000+00:00,26.559,28.447,23.296,281.0,268.0,False,78.302,"[None, 2048, 2048, 2048, 2048, 2048, 2048, 2048]","[2048, 2048, 2048, 2048, 2048, 2048, 2048, 2048]","[2048, 2048, 2048, 2048, 2048, 2048, 2048, 2048]",302.0
1292,11353,41,67,2026-08-23T15:02:35.983000+00:00,26.344,28.09,23.081,,276.0,False,77.515,"[None, 2048, 2048, 2048, 2048, 2048, 2048, 2048]","[2048, 2048, 2048, 2048, 2048, 2048, 2048, 2048]","[2048, 2048, 2048, 2048, 2048, 2048, 2048, 2048]",302.0
1292,11353,5,67,2026-08-23T15:02:36.413000+00:00,26.358,28.295,22.945,282.0,283.0,False,77.598,"[None, 2048, 2048, 2048, 2048, 2048, 2048, 2048]","[2048, 2048, 2048, 2048, 2048, 2048, 2048, 2048]","[2048, 2048, 2048, 2048, 2048, 2048, 2048, 2048]",299.0
1292,11353,30,68,2026-08-23T15:02:43.993000+00:00,25.803,27.502,22.892,288.0,276.0,False,76.197,"[None, 2048, 2048, 2048, 2048, 2048, 2048, 2048]","[2048, 2048, 2048, 2048, 2048, 2048, 2048, 2048]","[2048, 2048, 2048, 2048, 2048, 2048, 2048, 2048]",307.0
1292,11353,1,69,2026-08-23T15:02:54.564000+00:00,25.569,26.95,22.673,286.0,277.0,False,75.192,"[None, 2048, 2048, 2048, 2048, 2048, 2048, 2048]","[2048, 2048, 2048, 2048, 2048, 2048, 2048, 2048]","[2048, 2048, 2048, 2048, 2048, 2048, 2048, 2048]",304.0
1292,11353,43,67,2026-08-23T15:03:01.384000+00:00,25.954,27.925,23.048,284.0,279.0,False,76.927,"[None, 2048, 2048, 2048, 2048, 2048, 2048, 2048]","[2048, 2048, 2048, 2048, 2048, 2048, 2048, 2048]","[2048, 2048, 2048, 2048, 2048, 2048, 2048, 2048]",318.0
1292,11353,12,69,2026-08-23T15:03:06.089000+00:00,25.443,27.149,22.591,288.0,280.0,False,75.183,"[None, 2048, 2048, 2048, 2048, 2048, 2048, 2048]","[2048, 2048, 2048, 2048, 2048, 2048, 2048, 2048]","[2048, 2048, 2048, 2048, 2048, 2048, 2048, 2048]",298.0
1292,11353,63,69,2026-08-23T15:03:09.309000+00:00,25.704,27.632,23.74,280.0,287.0,False,77.076,"[None, 2048, 2048, 2049, 2048, 2048, 2049, 2048]","[2048, 2048, 2049, 2048, 2048, 2048, 2048, 2048]","[2048, 2048, 2048, 2048, 2048, 2048, 2048, 2048]",310.0
1292,11353,44,69,2026-08-23T15:03:09.732000+00:00,25.862,27.174,24.717,,294.0,False,77.753,"[None, 2048, 2048, 2048, 2048, 2048, 2048, 2048]","[2048, 2048, 2048, 2048, 2048, 2048, 2048, 2049]","[2048, 2048, 2048, 2048, 2048, 2048, 2048, 2048]",333.0
1292,11353,16,69,2026-08-23T15:03:11.490000+00:00,25.516,27.174,24.022,,280.0,False,76.712,"[None, 2048, 2048, 2049, 2048, 2048, 2048, 2048]","[2048, 2048, 2048, 2048, 2048, 2048, 2048, 2048]","[2048, 2048, 2048, 2048, 2049, 2048, 2048, 2048]",311.0
1292,11353,27,68,2026-08-23T15:03:23.990000+00:00,25.987,27.501,30.692,279.0,276.0,False,84.18,"[None, 2048, 2048, 2048, 2048, 2048, 2048, 2048]","[2048, 2048, 2048, 2048, 2048, 2048, 2048, 2048]","[2048, 2048, 2048, 2048, 2048, 2048, 2048, 2048]",299.0
1292,11353,81,69,2026-08-23T15:03:27.555000+00:00,25.49,27.003,32.229,282.0,279.0,False,84.722,"[None, 2048, 2048, 2048, 2048, 2048, 2048, 2048]","[2048, 2048, 2048, 2048, 2048, 2048, 2048, 2048]","[2048, 2048, 2048, 2048, 2048, 2048, 2048, 2048]",302.0
1292,11353,14,68,2026-08-23T15:03:36.516000+00:00,26.214,31.108,31.384,271.0,248.0,False,88.706,"[None, 2048, 2048, 2048, 2048, 2048, 2049, 2048]","[2048, 2048, 2048, 2049, 2048, 2048, 2048, 2048]","[2048, 2048, 2048, 2048, 2048, 2048, 2048, 2048]",306.0
1292,11353,10,68,2026-08-23T15:03:37.065000+00:00,25.996,31.665,31.319,288.0,234.0,False,88.98,"[None, 2048, 2048, 2048, 2048, 2048, 2048, 2048]","[2048, 2048, 2048, 2048, 2048, 2048, 2048, 2048]","[2048, 2048, 2048, 2048, 2048, 2048, 2048, 2048]",
1292,11353,23,67,2026-08-23T15:03:38.356000+00:00,,,,,,False,,,,,
1292,11353,22,68,2026-08-23T15:03:41.383000+00:00,26.085,32.854,31.277,,227.0,False,90.216,"[None, 2048, 2048, 2048, 2048, 2048, 2048, 2048]","[2048, 2048, 2048, 2048, 2048, 2048, 2048, 2048]","[2048, 2048, 2048, 2048, 2048, 2048, 2048, 2048]",312.0
1292,11353,11,67,2026-08-23T15:03:44.953000+00:00,26.476,35.876,32.684,,167.0,False,95.036,"[None, 2049, 2048, 2048, 2048, 2048, 2048, 2048]","[2048, 2048, 2048, 2048, 2048, 2048, 2048, 2048]","[2048, 2048, 2048, 2048, 2048, 2048, 2048, 2048]",305.0
1292,11353,55,67,2026-08-23T15:03:47.299000+00:00,26.138,36.829,30.143,292.0,208.0,False,93.11,"[2048, 2048, 2049, 2049, 2049, 2048, 2049, 2048]","[2048, 2049, 2048, 2048, 2048, 2048, 2048, 2048]","[2048, 2048, 2048, 2048, 2048, 2048, 2048, 2048]",310.0
1292,11353,41,68,2026-08-23T15:03:53.464000+00:00,26.229,37.241,30.453,278.0,211.0,False,93.923,"[None, 2048, 2048, 2048, 2048, 2048, 2048, 2048]","[2048, 2048, 2048, 2048, 2048, 2048, 2048, 2048]","[2048, 2048, 2048, 2048, 2048, 2048, 2048, 2048]",305.0
1292,11353,5,68,2026-08-23T15:03:54.094000+00:00,26.383,37.42,30.151,,170.0,False,93.954,"[None, 2048, 2048, 2048, 2048, 2048, 2048, 2048]","[2048, 2048, 2048, 2048, 2048, 2048, 2048, 2048]","[2048, 2048, 2048, 2048, 2048, 2048, 2048, 2048]",
1292,11353,30,69,2026-08-23T15:04:00.222000+00:00,28.792,38.32,27.408,80.0,187.0,False,94.52,"[None, 2048, 2048, 2048, 2048, 2048, 2048, 2048]","[2048, 2048, 2048, 2048, 2048, 2048, 2048, 2048]","[2048, 2048, 2048, 2048, 2048, 2048, 2048, 2048]",297.0
1292,11353,1,70,2026-08-23T15:04:09.723000+00:00,32.23,36.173,25.027,221.0,188.0,False,93.43,"[None, 2048, 2048, 2048, 2048, 2048, 2048, 2048]","[2048, 2048, 2048, 2048, 2048, 2048, 2048, 2048]","[2048, 2048, 2048, 2048, 2048, 2048, 2048, 2048]",
1292,11353,43,68,2026-08-23T15:04:18.194000+00:00,37.284,32.533,23.326,182.0,242.0,False,93.143,"[None, 2048, 2048, 2048, 2048, 2048, 2048, 2048]","[2048, 2048, 2048, 2048, 2048, 2048, 2048, 2048]","[2048, 2048, 2048, 2048, 2048, 2048, 2048, 2048]",319.0
1292,11353,12,70,2026-08-23T15:04:21.340000+00:00,37.779,32.498,22.809,183.0,274.0,False,93.086,"[None, 2048, 2048, 2048, 2048, 2048, 2048, 2048]","[2048, 2048, 2048, 2048, 2048, 2048, 2048, 2048]","[2048, 2048, 2048, 2048, 2048, 2048, 2048, 2048]",277.0
1292,11353,63,70,2026-08-23T15:04:26.311000+00:00,38.148,31.182,22.711,201.0,288.0,False,92.041,"[None, 2048, 2048, 2048, 2048, 2048, 2048, 2048]","[2048, 2048, 2048, 2048, 2048, 2048, 2048, 2048]","[2048, 2048, 2049, 2048, 2048, 2048, 2048, 2048]",187.0
1292,11353,44,70,2026-08-23T15:04:27.442000+00:00,37.419,31.64,22.615,199.0,289.0,False,91.674,"[2048, 2048, 2048, 2048, 2048, 2048, 2048, 2048]","[2048, 2048, 2048, 2048, 2048, 2048, 2048, 2048]","[2048, 2048, 2048, 2048, 2048, 2048, 2048, 2048]",155.0
1292,11353,16,70,2026-08-23T15:04:28.191000+00:00,37.729,31.648,22.465,173.0,292.0,False,91.842,"[None, 2048, 2048, 2048, 2048, 2048, 2048, 2048]","[2048, 2048, 2048, 2048, 2048, 2048, 2048, 2048]","[2048, 2048, 2048, 2048, 2048, 2049, 2048, 2048]",169.0
1292,11353,27,69,2026-08-23T15:04:48.139000+00:00,35.544,28.477,23.108,229.0,281.0,False,87.129,"[None, 2048, 2048, 2048, 2048, 2048, 2048, 2048]","[2048, 2048, 2048, 2048, 2048, 2048, 2048, 2048]","[2048, 2048, 2048, 2048, 2048, 2048, 2048, 2048]",243.0
1292,11353,81,70,2026-08-23T15:04:52.334000+00:00,33.171,27.778,22.82,212.0,284.0,False,83.769,"[None, 2048, 2048, 2048, 2048, 2048, 2048, 2048]","[2048, 2048, 2048, 2048, 2048, 2048, 2048, 2048]","[2048, 2048, 2048, 2048, 2048, 2048, 2048, 2048]",219.0
1292,11353,14,69,2026-08-23T15:05:05.255000+00:00,31.669,27.57,23.091,284.0,283.0,False,82.33,"[None, 2048, 2048, 2048, 2048, 2048, 2048, 2049]","[2048, 2048, 2048, 2049, 2048, 2049, 2048, 2048]","[2048, 2048, 2049, 2048, 2048, 2048, 2048, 2048]",150.0
1292,11353,10,69,2026-08-23T15:05:06.183000+00:00,31.21,28.015,23.249,296.0,294.0,False,82.474,"[None, 2048, 2048, 2048, 2048, 2048, 2048, 2049]","[2048, 2048, 2048, 2048, 2048, 2048, 2048, 2048]","[2048, 2048, 2048, 2048, 2048, 2048, 2048, 2048]",135.0
1292,11353,22,69,2026-08-23T15:05:11.544000+00:00,30.792,27.936,23.111,298.0,293.0,False,81.839,"[None, 2048, 2048, 2048, 2048, 2048, 2048, 2049]","[2049, 2048, 2048, 2048, 2048, 2048, 2048, 2048]","[2048, 2048, 2048, 2048, 2048, 2048, 2048, 2048]",208.0
1292,11353,11,68,2026-08-23T15:05:19.169000+00:00,26.846,27.875,23.28,289.0,280.0,False,78.001,"[None, 2048, 2048, 2048, 2048, 2048, 2048, 2048]","[2048, 2048, 2048, 2048, 2048, 2048, 2048, 2048]","[2048, 2048, 2048, 2048, 2048, 2048, 2048, 2048]",279.0
1292,11353,55,68,2026-08-23T15:05:20.341000+00:00,27.31,27.764,23.055,301.0,293.0,False,78.129,"[None, 2048, 2048, 2048, 2048, 2048, 2048, 2049]","[2049, 2048, 2048, 2049, 2049, 2048, 2048, 2048]","[2048, 2048, 2049, 2049, 2049, 2049, 2048, 2048]",243.0
1292,11353,41,69,2026-08-23T15:05:27.362000+00:00,26.8,27.913,23.118,276.0,275.0,False,77.831,"[None, 2048, 2048, 2048, 2048, 2048, 2048, 2048]","[2048, 2048, 2048, 2048, 2048, 2048, 2048, 2048]","[2048, 2048, 2048, 2048, 2049, 2048, 2048, 2048]",289.0
1292,11353,5,69,2026-08-23T15:05:28.004000+00:00,27.126,27.705,23.08,285.0,285.0,False,77.911,"[None, 2048, 2048, 2048, 2048, 2048, 2048, 2048]","[2048, 2048, 2048, 2048, 2048, 2048, 2048, 2048]","[2048, 2048, 2048, 2048, 2048, 2048, 2048, 2048]",261.0
1292,11353,30,70,2026-08-23T15:05:34.697000+00:00,26.041,27.389,22.873,276.0,276.0,False,76.303,"[None, 2048, 2048, 2048, 2048, 2048, 2048, 2048]","[2048, 2048, 2048, 2048, 2048, 2048, 2048, 2048]","[2048, 2048, 2048, 2048, 2048, 2048, 2048, 2048]",302.0
1292,11353,1,71,2026-08-23T15:05:43.193000+00:00,25.831,26.876,22.732,288.0,276.0,False,75.439,"[None, 2048, 2048, 2048, 2048, 2048, 2048, 2048]","[2048, 2048, 2048, 2048, 2048, 2048, 2048, 2048]","[2048, 2048, 2048, 2048, 2048, 2048, 2048, 2048]",301.0
1292,11353,43,69,2026-08-23T15:05:51.403000+00:00,25.626,27.742,22.958,284.0,279.0,False,76.326,"[None, 2048, 2048, 2048, 2048, 2048, 2049, 2048]","[2048, 2048, 2048, 2048, 2048, 2048, 2048, 2048]","[2048, 2048, 2048, 2048, 2048, 2048, 2048, 2048]",322.0
1292,11353,12,71,2026-08-23T15:05:54.305000+00:00,25.46,26.981,22.643,287.0,280.0,False,75.084,"[None, 2048, 2048, 2048, 2048, 2048, 2048, 2048]","[2048, 2048, 2048, 2048, 2048, 2048, 2048, 2048]","[2048, 2048, 2048, 2048, 2048, 2048, 2048, 2048]",304.0
1292,11353,63,71,2026-08-23T15:05:58.491000+00:00,25.678,27.235,22.659,282.0,289.0,False,75.572,"[None, 2048, 2048, 2048, 2048, 2048, 2048, 2048]","[2048, 2049, 2049, 2049, 2048, 2048, 2048, 2048]","[2049, 2048, 2048, 2048, 2048, 2048, 2048, 2048]",320.0
1292,11353,44,71,2026-08-23T15:05:59.060000+00:00,25.46,27.2,22.578,282.0,269.0,False,75.238,"[None, 2048, 2048, 2048, 2048, 2048, 2048, 2048]","[2048, 2048, 2048, 2048, 2048, 2048, 2048, 2048]","[2048, 2048, 2048, 2048, 2048, 2049, 2048, 2048]",330.0
1292,11353,16,71,2026-08-23T15:05:59.935000+00:00,25.515,27.032,22.396,287.0,283.0,False,74.943,"[None, 2048, 2048, 2048, 2048, 2048, 2049, 2049]","[2048, 2048, 2048, 2048, 2048, 2048, 2048, 2048]","[2048, 2048, 2048, 2048, 2048, 2049, 2048, 2048]",316.0
1292,11353,27,70,2026-08-23T15:06:15.253000+00:00,27.72,27.649,22.928,292.0,284.0,False,78.297,"[None, 2048, 2048, 2048, 2048, 2048, 2048, 2049]","[2049, 2048, 2048, 2048, 2048, 2048, 2048, 2048]","[2048, 2048, 2048, 2048, 2048, 2048, 2048, 2048]",218.0
1292,11353,81,71,2026-08-23T15:06:16.083000+00:00,25.369,26.815,22.694,282.0,277.0,False,74.878,"[None, 2048, 2048, 2048, 2048, 2048, 2051, 2048]","[2048, 2049, 2049, 2048, 2048, 2048, 2048, 2048]","[2048, 2048, 2048, 2048, 2048, 2048, 2048, 2048]",309.0
1292,11353,14,70,2026-08-23T15:06:27.626000+00:00,26.091,27.739,23.186,271.0,269.0,False,77.016,"[None, 2049, 2048, 2048, 2048, 2048, 2048, 2048]","[2048, 2049, 2048, 2049, 2048, 2048, 2048, 2048]","[2048, 2048, 2048, 2048, 2048, 2048, 2048, 2048]",306.0
1292,11353,10,70,2026-08-23T15:06:28.610000+00:00,26.018,27.953,23.17,294.0,292.0,False,77.141,"[None, 2048, 2048, 2048, 2048, 2048, 2048, 2048]","[2049, 2048, 2048, 2048, 2048, 2048, 2048, 2048]","[2048, 2048, 2048, 2048, 2048, 2048, 2048, 2048]",313.0
1292,11353,22,70,2026-08-23T15:06:33.429000+00:00,26.11,27.976,23.299,279.0,275.0,False,77.385,"[None, 2048, 2048, 2048, 2048, 2048, 2048, 2048]","[2048, 2048, 2048, 2048, 2048, 2048, 2048, 2048]","[2048, 2048, 2048, 2048, 2048, 2048, 2048, 2048]",311.0
1292,11353,11,69,2026-08-23T15:06:37.267000+00:00,26.307,28.048,23.281,281.0,263.0,False,77.636,"[None, 2048, 2048, 2048, 2048, 2048, 2049, 2048]","[2048, 2048, 2048, 2049, 2048, 2048, 2048, 2048]","[2048, 2048, 2049, 2048, 2048, 2048, 2048, 2048]",306.0
1292,11353,55,69,2026-08-23T15:06:38.433000+00:00,26.289,27.829,23.21,291.0,280.0,False,77.328,"[None, 2048, 2048, 2048, 2048, 2048, 2048, 2048]","[2048, 2048, 2049, 2049, 2048, 2048, 2048, 2048]","[2048, 2048, 2048, 2048, 2048, 2049, 2048, 2048]",298.0
1292,11353,41,70,2026-08-23T15:06:45.283000+00:00,26.175,27.942,23.137,278.0,275.0,False,77.254,"[None, 2048, 2048, 2048, 2048, 2048, 2048, 2048]","[2048, 2048, 2048, 2048, 2048, 2048, 2048, 2048]","[2048, 2048, 2048, 2048, 2048, 2048, 2048, 2048]",301.0
1292,11353,5,70,2026-08-23T15:06:46.010000+00:00,26.133,27.978,22.773,284.0,285.0,False,76.884,"[None, 2048, 2048, 2048, 2048, 2048, 2048, 2048]","[2048, 2048, 2048, 2048, 2048, 2048, 2048, 2048]","[2048, 2048, 2048, 2048, 2048, 2048, 2048, 2048]",298.0
1292,11353,30,71,2026-08-23T15:06:50.957000+00:00,25.827,27.538,22.857,284.0,275.0,False,76.222,"[None, 2048, 2048, 2048, 2048, 2048, 2048, 2048]","[2048, 2048, 2048, 2048, 2048, 2048, 2048, 2048]","[2048, 2048, 2048, 2048, 2048, 2048, 2048, 2048]",303.0
1292,11353,1,72,2026-08-23T15:06:58.542000+00:00,25.477,27.063,22.725,287.0,275.0,False,75.265,"[None, 2048, 2048, 2048, 2048, 2048, 2048, 2048]","[2048, 2048, 2048, 2048, 2048, 2048, 2048, 2048]","[2048, 2048, 2048, 2048, 2048, 2048, 2048, 2048]",305.0
1292,11353,43,70,2026-08-23T15:07:07.747000+00:00,25.637,27.961,23.072,289.0,293.0,False,76.67,"[None, 2048, 2048, 2048, 2049, 2048, 2049, 2048]","[2048, 2048, 2048, 2048, 2048, 2048, 2048, 2048]","[2048, 2048, 2048, 2048, 2048, 2048, 2048, 2048]",319.0
1292,11353,12,72,2026-08-23T15:07:09.372000+00:00,25.491,27.519,22.948,288.0,281.0,False,75.958,"[None, 2048, 2048, 2048, 2048, 2048, 2048, 2048]","[2048, 2048, 2048, 2048, 2048, 2048, 2048, 2048]","[2048, 2048, 2048, 2048, 2048, 2048, 2048, 2048]",
1292,11353,63,72,2026-08-23T15:07:13.970000+00:00,25.719,27.301,22.758,287.0,284.0,False,75.778,"[None, 2048, 2048, 2048, 2048, 2048, 2048, 2048]","[2048, 2049, 2048, 2048, 2048, 2048, 2048, 2048]","[2048, 2048, 2048, 2048, 2048, 2048, 2048, 2048]",322.0
1292,11353,44,72,2026-08-23T15:07:14.341000+00:00,25.963,27.267,23.035,279.0,287.0,False,76.265,"[None, 2048, 2048, 2048, 2048, 2048, 2048, 2048]","[2048, 2048, 2048, 2048, 2048, 2048, 2048, 2048]","[2048, 2048, 2048, 2048, 2048, 2048, 2048, 2048]",329.0
1292,11353,16,72,2026-08-23T15:07:14.888000+00:00,25.469,28.009,22.676,300.0,274.0,False,76.154,"[None, 2048, 2048, 2048, 2048, 2048, 2049, 2051]","[2048, 2048, 2048, 2048, 2048, 2048, 2048, 2048]","[2048, 2048, 2048, 2048, 2048, 2048, 2048, 2048]",321.0
1292,11353,81,72,2026-08-23T15:07:30.922000+00:00,25.433,27.023,22.717,281.0,279.0,False,75.173,"[None, 2048, 2048, 2048, 2048, 2048, 2048, 2048]","[2048, 2048, 2048, 2048, 2048, 2048, 2048, 2048]","[2048, 2048, 2048, 2048, 2048, 2048, 2048, 2048]",304.0
1292,11353,27,71,2026-08-23T15:07:33.540000+00:00,25.921,27.451,22.945,280.0,279.0,False,76.317,"[None, 2048, 2048, 2049, 2049, 2048, 2048, 2048]","[2048, 2048, 2048, 2048, 2048, 2048, 2048, 2048]","[2048, 2048, 2048, 2048, 2048, 2048, 2048, 2048]",300.0
1292,11353,14,71,2026-08-23T15:07:44.522000+00:00,26.319,28.04,23.296,268.0,267.0,False,77.655,"[None, 2048, 2048, 2048, 2048, 2048, 2049, 2048]","[2048, 2048, 2048, 2048, 2048, 2048, 2048, 2048]","[2048, 2048, 2048, 2048, 2048, 2048, 2048, 2048]",302.0
1292,11353,10,71,2026-08-23T15:07:45.748000+00:00,26.199,28.031,23.517,284.0,290.0,False,77.747,"[None, 2048, 2048, 2048, 2048, 2048, 2048, 2048]","[2048, 2048, 2048, 2048, 2048, 2048, 2048, 2048]","[2048, 2048, 2048, 2048, 2048, 2048, 2048, 2048]",
1292,11353,22,71,2026-08-23T15:07:50.778000+00:00,26.123,27.982,23.278,280.0,276.0,False,77.383,"[None, 2048, 2048, 2048, 2048, 2048, 2048, 2048]","[2048, 2048, 2048, 2048, 2048, 2048, 2048, 2048]","[2048, 2048, 2048, 2048, 2048, 2048, 2048, 2048]",312.0
1292,11353,11,70,2026-08-23T15:07:54.803000+00:00,26.318,28.0,23.205,280.0,285.0,False,77.523,"[None, 2048, 2048, 2048, 2048, 2048, 2048, 2048]","[2048, 2049, 2048, 2048, 2048, 2048, 2048, 2048]","[2049, 2048, 2048, 2048, 2049, 2048, 2048, 2048]",311.0
1292,11353,55,70,2026-08-23T15:07:55.857000+00:00,26.403,28.257,23.647,296.0,281.0,False,78.307,"[None, 2048, 2048, 2048, 2048, 2048, 2048, 2048]","[2049, 2048, 2048, 2048, 2048, 2048, 2048, 2048]","[2048, 2048, 2048, 2048, 2048, 2048, 2048, 2048]",304.0
1292,11353,41,71,2026-08-23T15:08:02.484000+00:00,26.098,27.828,23.125,276.0,291.0,False,77.051,"[None, 2048, 2048, 2048, 2048, 2048, 2048, 2048]","[2048, 2048, 2048, 2048, 2048, 2048, 2048, 2048]","[2048, 2048, 2048, 2048, 2048, 2048, 2048, 2048]",321.0
1292,11353,5,71,2026-08-23T15:08:02.901000+00:00,26.136,28.045,23.071,282.0,283.0,False,77.252,"[None, 2048, 2048, 2048, 2048, 2048, 2048, 2048]","[2048, 2048, 2048, 2048, 2048, 2048, 2048, 2048]","[2048, 2048, 2048, 2048, 2048, 2048, 2048, 2048]",294.0
1292,11353,30,72,2026-08-23T15:08:07.266000+00:00,25.931,27.603,23.009,289.0,277.0,False,76.543,"[None, 2048, 2048, 2048, 2048, 2048, 2048, 2048]","[2048, 2048, 2048, 2048, 2048, 2048, 2048, 2048]","[2048, 2048, 2048, 2048, 2048, 2048, 2048, 2048]",299.0
