meeting_key,session_key,driver_number,lap_number,date_start,duration_sector_1,duration_sector_2,duration_sector_3,i1_speed,i2_speed,is_pit_out_lap,lap_duration,segments_sector_1,segments_sector_2,segments_sector_3,st_speed
1291,11342,81,1,2026-07-26T13:03:18.360000+00:00,34.868,31.562,24.279,271.0,233.0,False,90.709,"[2048, 2049, 2049, 2049, 2051, 2051, 2049]","[2051, 2051, 2051, 2051, 2051, 2051, 2049, 2049, 2049]","[2049, 2049, 2049, 2051, 2049, 2051]",264.0
1291,11342,12,1,2026-07-26T13:03:18.360000+00:00,36.125,33.559,24.572,268.0,228.0,False,94.256,"[2049, 2049, 2049, 2049, 2049, 2049, 2049]","[2049, 2049, 2049, 2049, 2049, 2049, 2049, 2049, 2049]","[2049, 2049, 2049, 2049, 2049, 2049]",273.0
1291,11342,16,1,2026-07-26T13:03:18.360000+00:00,35.816,33.183,24.397,262.0,235.0,False,93.396,"[2048, 2049, 2049, 2049, 2049, 2049, 2049]","[2049, 2049, 2049, 2049, 2049, 2049, 2049, 2049, 2049]","[2049, 2049, 2049, 2049, 2049, 2049]",257.0
1291,11342,6,1,2026-07-26T13:03:18.360000+00:00,36.366,33.631,24.79,249.0,236.0,False,94.787,"[2049, 2051, 2051, 2049, 2049, 2049, 2049]","[2049, 2049, 2049, 2049, 2049, 2049, 2049, 2049, 2049]","[2049, 2049, 2049, 2049, 2049, 2049]",276.0
1291,11342,1,1,2026-07-26T13:03:18.360000+00:00,35.154,32.05,24.383,278.0,236.0,False,91.587,"[None, 2049, 2049, 2051, 2049, 2049, 2049]","[2049, 2049, 2049, 2049, 2049, 2049, 2049, 2049, 2049]","[2049, 2049, 2049, 2049, 2051, 2051]",255.0
1291,11342,3,1,2026-07-26T13:03:18.360000+00:00,35.504,32.608,24.284,284.0,241.0,False,92.396,"[2048, 2049, 2049, 2049, 2049, 2049, 2049]","[2049, 2049, 2049, 2049, 2049, 2049, 2051, 2051, 2051]","[2051, 2049, 2049, 2049, 2049, 2049]",263.0
1291,11342,27,1,2026-07-26T13:03:18.360000+00:00,37.447,33.708,25.054,286.0,232.0,False,96.209,"[2049, 2049, 2049, 2049, 2049, 2049, 2049]","[2049, 2049, 2049, 2049, 2049, 2049, 2049, 2049, 2049]","[2049, 2049, 2049, 2049, 2049, 2049]",266.0
1291,11342,44,1,2026-07-26T13:03:18.360000+00:00,35.841,32.879,24.176,278.0,237.0,False,92.896,"[2048, 2049, 2049, 2049, 2049, 2049, 2049]","[2049, 2049, 2049, 2049, 2049, 2049, 2049, 2049, 2049]","[2049, 2051, 2051, 2049, 2049, 2049]",267.0
1291,11342,41,1,2026-07-26T13:03:18.360000+00:00,36.957,33.794,25.083,261.0,238.0,False,95.834,"[2049, 2049, 2049, 2049, 2049, 2049, 2051]","[2049, 2049, 2049, 2049, 2049, 2049, 2049, 2049, 2049]","[2049, 2049, 2049, 2049, 2049, 2049]",277.0
1291,11342,63,1,2026-07-26T13:03:18.360000+00:00,39.669,35.466,25.324,223.0,229.0,False,100.459,"[2049, 2049, 2049, 2049, 2049, 2049, 2049]","[2049, 2049, 2049, 2049, 2049, 2049, 2049, 2049, 2049]","[2049, 2049, 2049, 2049, 2049, 2048]",267.0
1291,11342,30,1,2026-07-26T13:03:18.360000+00:00,36.666,33.708,25.085,248.0,239.0,False,95.459,"[2049, 2049, 2049, 2049, 2049, 2049, 2049]","[2049, 2049, 2049, 2049, 2049, 2049, 2049, 2049, 2049]","[2049, 2049, 2049, 2049, 2049, 2049]",279.0
1291,11342,10,1,2026-07-26T13:03:18.360000+00:00,37.594,34.25,24.927,274.0,227.0,False,96.771,"[2049, 2049, 2049, 2049, 2049, 2049, 2049]","[2049, 2049, 2049, 2049, 2049, 2049, 2049, 2049, 2049]","[2049, 2049, 2049, 2049, 2049, 2049]",280.0
1291,11342,5,1,2026-07-26T13:03:18.360000+00:00,38.229,34.008,25.144,260.0,229.0,False,97.381,"[2049, 2049, 2049, 2049, 2049, 2049, 2049]","[2049, 2049, 2049, 2049, 2049, 2049, 2049, 2049, 2049]","[2049, 2049, 2049, 2049, 2049, 2049]",277.0
1291,11342,43,1,2026-07-26T13:03:18.360000+00:00,37.757,35.293,25.112,260.0,230.0,False,98.162,"[2049, 2049, 2049, 2049, 2049, 2049, 2049]","[2049, 2049, 2049, 2049, 2049, 2049, 2049, 2049, 2049]","[2049, 2049, 2049, 2049, 2049, 2049]",280.0
1291,11342,31,1,2026-07-26T13:03:18.360000+00:00,37.884,34.07,25.224,231.0,232.0,False,97.178,"[2049, 2049, 2049, 2049, 2049, 2049, 2049]","[2049, 2049, 2049, 2049, 2049, 2049, 2049, 2049, 2049]","[2049, 2049, 2049, 2049, 2049, 2049]",287.0
1291,11342,14,1,2026-07-26T13:03:18.360000+00:00,38.541,34.71,25.348,235.0,230.0,False,98.599,"[2049, 2049, 2049, 2049, 2049, 2049, 2049]","[2049, 2049, 2049, 2049, 2049, 2049, 2049, 2049, 2049]","[2049, 2049, 2049, 2049, 2049, 2049]",280.0
1291,11342,87,1,2026-07-26T13:03:18.360000+00:00,38.879,34.798,25.516,232.0,233.0,False,99.193,"[2049, 2049, 2049, 2049, 2049, 2049, 2049]","[2049, 2049, 2049, 2049, 2049, 2049, 2049, 2049, 2049]","[2049, 2049, 2049, 2049, 2049, 2049]",287.0
1291,11342,55,1,2026-07-26T13:03:18.360000+00:00,39.124,35.191,25.394,241.0,227.0,False,99.709,"[2049, 2049, 2049, 2049, 2049, 2049, 2049]","[2049, 2049, 2049, 2049, 2049, 2049, 2049, 2049, 2049]","[2049, 2049, 2049, 2049, 2049, 2049]",281.0
1291,11342,23,1,2026-07-26T13:03:18.360000+00:00,39.362,35.334,25.716,232.0,223.0,False,100.412,"[2049, 2049, 2049, 2049, 2049, 2049, 2049]","[2049, 2049, 2049, 2049, 2049, 2049, 2049, 2049, 2049]","[2049, 2049, 2049, 2049, 2049, 2049]",284.0
1291,11342,18,1,2026-07-26T13:03:18.360000+00:00,39.55,35.246,25.882,235.0,231.0,False,100.678,"[2049, 2049, 2049, 2049, 2049, 2049, 2049]","[2049, 2049, 2049, 2049, 2049, 2049, 2049, 2049, 2049]","[2049, 2049, 2049, 2049, 2049, 2049]",292.0
1291,11342,77,1,2026-07-26T13:03:18.360000+00:00,39.737,35.927,25.514,239.0,229.0,False,101.178,"[2049, 2049, 2049, 2049, 2049, 2049, 2049]","[2049, 2049, 2049, 2049, 2049, 2049, 2049, 2049, 2049]","[2049, 2049, 2049, 2049, 2049, 2049]",297.0
1291,11342,11,1,2026-07-26T13:03:18.360000+00:00,42.808,33.421,25.48,268.0,232.0,False,101.709,"[None, 2064, 2049, 2049, 2049, 2049, 2049]","[2049, 2049, 2049, 2049, 2049, 2049, 2049, 2049, 2049]","[2049, 2049, 2049, 2049, 2049, 2049]",
1291,11342,81,2,2026-07-26T13:04:49.068000+00:00,30.06,31.643,24.357,276.0,234.0,False,86.06,"[2049, 2049, 2049, 2048, 2048, 2049, 2049]","[2049, 2048, 2048, 2048, 2048, 2048, 2049, 2049, 2049]","[2049, 2048, 2048, 2048, 2048, 2049]",318.0
1291,11342,1,2,2026-07-26T13:04:49.946000+00:00,29.822,31.728,24.553,289.0,235.0,False,86.103,"[2049, 2049, 2049, 2048, 2049, 2049, 2049]","[2051, 2049, 2049, 2048, 2049, 2049, 2049, 2048, 2048]","[2049, 2048, 2049, 2048, 2048, 2048]",326.0
1291,11342,3,2,2026-07-26T13:04:50.755000+00:00,29.976,31.498,24.484,280.0,240.0,False,85.958,"[2049, 2049, 2049, 2049, 2049, 2051, 2051]","[2049, 2049, 2049, 2049, 2049, 2049, 2048, 2048, 2048]","[2049, 2048, 2048, 2048, 2048, 2048]",312.0
1291,11342,44,2,2026-07-26T13:04:51.255000+00:00,29.979,31.586,24.346,272.0,237.0,False,85.911,"[2049, 2049, 2049, 2049, 2048, 2049, 2049]","[2049, 2049, 2048, 2049, 2051, 2049, 2049, 2049, 2049]","[2049, 2048, 2048, 2048, 2049, 2049]",331.0
1291,11342,16,2,2026-07-26T13:04:51.755000+00:00,29.765,31.729,24.422,290.0,238.0,False,85.916,"[2049, 2049, 2049, 2048, 2049, 2049, 2049]","[2049, 2049, 2048, 2049, 2049, 2049, 2049, 2051, 2049]","[2049, 2048, 2049, 2049, 2048, 2048]",330.0
1291,11342,12,2,2026-07-26T13:04:52.615000+00:00,29.876,31.415,24.628,285.0,232.0,False,85.919,"[2049, 2051, 2051, 2048, 2049, 2049, 2049]","[2049, 2049, 2049, 2051, 2049, 2049, 2049, 2049, 2049]","[2049, 2048, 2048, 2048, 2048, 2048]",335.0
1291,11342,6,2,2026-07-26T13:04:53.146000+00:00,29.914,31.737,24.618,278.0,239.0,False,86.269,"[None, 2049, 2049, 2049, 2049, 2049, 2049]","[2049, 2049, 2049, 2049, 2049, 2051, 2051, 2049, 2049]","[2051, 2049, 2049, 2048, 2048, 2048]",321.0
1291,11342,30,2,2026-07-26T13:04:53.818000+00:00,30.366,32.052,24.745,271.0,236.0,False,87.163,"[None, 2049, 2048, 2048, 2049, 2049, 2049]","[2049, 2049, 2049, 2049, 2049, 2049, 2049, 2049, 2048]","[2048, 2049, 2049, 2049, 2048, 2048]",321.0
1291,11342,41,2,2026-07-26T13:04:54.193000+00:00,30.603,32.691,24.791,270.0,235.0,False,88.085,"[2049, 2049, 2048, 2049, 2049, 2049, 2049]","[2049, 2049, 2048, 2049, 2049, 2049, 2049, 2049, 2048]","[2048, 2049, 2049, 2049, 2049, 2049]",337.0
1291,11342,27,2,2026-07-26T13:04:54.568000+00:00,30.582,32.818,24.956,277.0,231.0,False,88.356,"[None, 2049, 2049, 2048, 2049, 2049, 2049]","[2049, 2049, 2048, 2049, 2049, 2049, 2049, 2049, 2049]","[2049, 2049, 2049, 2049, 2048, 2048]",326.0
1291,11342,10,2,2026-07-26T13:04:55.130000+00:00,30.526,32.941,25.117,263.0,231.0,False,88.584,"[2049, 2049, 2049, 2048, 2049, 2049, 2049]","[2049, 2049, 2049, 2049, 2049, 2049, 2049, 2049, 2049]","[2049, 2048, 2048, 2048, 2048, 2048]",337.0
1291,11342,31,2,2026-07-26T13:04:55.537000+00:00,30.477,32.909,25.31,262.0,235.0,False,88.696,"[None, 2049, 2049, 2049, 2049, 2049, 2049]","[2049, 2049, 2049, 2049, 2049, 2049, 2049, 2049, 2049]","[2049, 2048, 2049, 2048, 2048, 2048]",330.0
1291,11342,5,2,2026-07-26T13:04:55.740000+00:00,30.576,32.905,25.262,273.0,230.0,False,88.743,"[2051, 2049, 2049, 2049, 2049, 2049, 2049]","[2049, 2049, 2049, 2049, 2049, 2049, 2049, 2049, 2049]","[2049, 2048, 2049, 2048, 2048, 2048]",335.0
1291,11342,43,2,2026-07-26T13:04:56.521000+00:00,30.568,32.969,25.226,272.0,232.0,False,88.763,"[None, 2049, 2049, 2049, 2049, 2049, 2049]","[2049, 2049, 2049, 2049, 2049, 2049, 2049, 2049, 2049]","[2049, 2048, 2048, 2048, 2048, 2048]",327.0
1291,11342,14,2,2026-07-26T13:04:56.958000+00:00,30.385,33.203,25.313,262.0,229.0,False,88.901,"[None, 2049, 2049, 2049, 2049, 2049, 2049]","[2049, 2049, 2049, 2049, 2049, 2048, 2048, 2049, 2048]","[2049, 2049, 2049, 2048, 2048, 2048]",326.0
1291,11342,87,2,2026-07-26T13:04:57.552000+00:00,30.409,33.014,25.496,260.0,236.0,False,88.919,"[None, 2049, 2049, 2049, 2049, 2049, 2049]","[2049, 2049, 2049, 2049, 2049, 2049, 2048, 2049, 2049]","[2049, 2048, 2048, 2049, 2049, 2048]",330.0
1291,11342,55,2,2026-07-26T13:04:58.068000+00:00,30.674,32.87,25.473,270.0,233.0,False,89.017,"[None, 2049, 2049, 2049, 2049, 2049, 2049]","[2049, 2049, 2049, 2049, 2049, 2049, 2049, 2049, 2049]","[2049, 2049, 2048, 2048, 2049, 2049]",309.0
1291,11342,23,2,2026-07-26T13:04:58.771000+00:00,31.028,33.326,25.497,272.0,226.0,False,89.851,"[None, 2049, 2049, 2049, 2049, 2049, 2049]","[2049, 2049, 2049, 2049, 2049, 2049, 2049, 2049, 2049]","[2048, 2049, 2049, 2049, 2048, 2048]",332.0
1291,11342,63,2,2026-07-26T13:04:58.818000+00:00,30.348,32.619,25.419,283.0,229.0,False,88.386,"[None, 2049, 2049, 2049, 2049, 2049, 2049]","[2049, 2049, 2049, 2049, 2049, 2049, 2049, 2049, 2049]","[2049, 2049, 2049, 2048, 2048, 2049]",336.0
1291,11342,18,2,2026-07-26T13:04:59.037000+00:00,31.038,33.845,25.868,236.0,208.0,False,90.751,"[None, 2049, 2049, 2049, 2049, 2049, 2049]","[2049, 2049, 2049, 2049, 2049, 2048, 2048, 2049, 2048]","[2048, 2048, 2048, 2049, 2049, 2049]",324.0
1291,11342,77,2,2026-07-26T13:04:59.537000+00:00,30.756,33.966,25.268,244.0,232.0,False,89.99,"[None, 2049, 2049, 2049, 2049, 2049, 2049]","[2049, 2049, 2049, 2049, 2049, 2049, 2048, 2049, 2049]","[2049, 2048, 2049, 2049, 2049, 2049]",332.0
1291,11342,11,2,2026-07-26T13:05:00.068000+00:00,30.899,33.769,25.828,256.0,229.0,False,90.496,"[2049, 2049, 2049, 2048, 2048, 2049, 2049]","[2048, 2048, 2049, 2048, 2048, 2049, 2048, 2048, 2048]","[2048, 2048, 2048, 2048, 2048, 2048]",332.0
1291,11342,81,3,2026-07-26T13:06:15.122000+00:00,29.724,31.241,24.307,281.0,236.0,False,85.272,"[None, 2048, 2049, 2049, 2048, 2049, 2049]","[2051, 2051, 2048, 2049, 2051, 2048, 2049, 2049, 2049]","[2049, 2048, 2048, 2051, 2049, 2049]",317.0
1291,11342,1,3,2026-07-26T13:06:16.074000+00:00,29.629,31.235,24.443,285.0,238.0,False,85.307,"[2048, 2048, 2049, 2048, 2049, 2049, 2049]","[2049, 2049, 2051, 2049, 2049, 2048, 2049, 2049, 2049]","[2049, 2049, 2049, 2048, 2048, 2048]",318.0
1291,11342,3,3,2026-07-26T13:06:16.824000+00:00,29.712,31.398,24.487,278.0,239.0,False,85.597,"[None, 2049, 2049, 2049, 2048, 2049, 2051]","[2048, 2049, 2049, 2049, 2048, 2049, 2049, 2048, 2048]","[2048, 2049, 2048, 2048, 2048, 2048]",325.0
1291,11342,44,3,2026-07-26T13:06:17.077000+00:00,29.665,31.611,24.322,269.0,236.0,False,85.598,"[None, 2051, 2049, 2051, 2048, 2051, 2049]","[2048, 2049, 2049, 2048, 2048, 2049, 2048, 2051, 2048]","[2048, 2048, 2048, 2049, 2048, 2048]",335.0
1291,11342,16,3,2026-07-26T13:06:17.746000+00:00,29.677,31.544,24.458,291.0,237.0,False,85.679,"[2048, 2048, 2049, 2049, 2048, 2048, 2048]","[2049, 2049, 2049, 2049, 2049, 2048, 2048, 2048, 2048]","[2048, 2048, 2048, 2049, 2048, 2048]",329.0
1291,11342,12,3,2026-07-26T13:06:18.605000+00:00,29.646,31.626,24.658,284.0,229.0,False,85.93,"[None, 2048, 2051, 2049, 2048, 2049, 2049]","[2049, 2049, 2048, 2048, 2049, 2049, 2048, 2048, 2048]","[2048, 2048, 2048, 2049, 2048, 2048]",333.0
1291,11342,6,3,2026-07-26T13:06:19.418000+00:00,29.784,31.324,24.785,283.0,237.0,False,85.893,"[2048, 2049, 2048, 2049, 2049, 2049, 2049]","[2049, 2049, 2049, 2049, 2049, 2051, 2048, 2048, 2048]","[2048, 2048, 2048, 2049, 2048, 2048]",325.0
1291,11342,30,3,2026-07-26T13:06:20.887000+00:00,29.932,31.652,24.796,281.0,238.0,False,86.38,"[2048, 2048, 2049, 2049, 2048, 2049, 2049]","[2049, 2049, 2049, 2049, 2049, 2048, 2049, 2049, 2049]","[2048, 2048, 2048, 2048, 2048, 2049]",323.0
1291,11342,41,3,2026-07-26T13:06:22.199000+00:00,30.143,32.013,24.845,277.0,234.0,False,87.001,"[2048, 2048, 2049, 2049, 2049, 2049, 2048]","[2049, 2049, 2049, 2049, 2049, 2048, 2049, 2049, 2048]","[2048, 2049, 2048, 2049, 2048, 2048]",324.0
1291,11342,27,3,2026-07-26T13:06:22.918000+00:00,29.934,32.147,24.882,290.0,231.0,False,86.963,"[2048, 2049, 2049, 2049, 2049, 2049, 2049]","[2049, 2049, 2048, 2049, 2049, 2049, 2049, 2048, 2048]","[2049, 2049, 2048, 2048, 2048, 2048]",324.0
1291,11342,10,3,2026-07-26T13:06:23.715000+00:00,29.771,32.479,24.875,286.0,231.0,False,87.125,"[2048, 2049, 2049, 2049, 2049, 2049, 2049]","[2049, 2049, 2049, 2049, 2049, 2049, 2049, 2048, 2049]","[2049, 2048, 2049, 2048, 2048, 2048]",335.0
1291,11342,31,3,2026-07-26T13:06:24.262000+00:00,30.043,32.363,25.083,279.0,233.0,False,87.489,"[2048, 2049, 2049, 2049, 2048, 2049, 2049]","[2049, 2049, 2049, 2049, 2049, 2049, 2049, 2048, 2048]","[2049, 2049, 2049, 2048, 2048, 2048]",
1291,11342,5,3,2026-07-26T13:06:24.543000+00:00,30.046,32.475,25.113,266.0,231.0,False,87.634,"[2048, 2048, 2049, 2049, 2048, 2049, 2048]","[2048, 2049, 2049, 2049, 2049, 2048, 2049, 2049, 2049]","[2049, 2048, 2049, 2049, 2048, 2048]",337.0
1291,11342,43,3,2026-07-26T13:06:25.308000+00:00,30.345,32.695,25.029,267.0,233.0,False,88.069,"[None, 2049, 2049, 2049, 2049, 2049, 2049]","[2049, 2048, 2049, 2049, 2049, 2049, 2048, 2049, 2049]","[2049, 2049, 2049, 2048, 2048, 2048]",336.0
1291,11342,14,3,2026-07-26T13:06:25.840000+00:00,30.24,32.599,25.044,267.0,230.0,False,87.883,"[2048, 2048, 2049, 2048, 2048, 2049, 2048]","[2049, 2048, 2048, 2049, 2049, 2049, 2049, 2048, 2049]","[2049, 2048, 2049, 2049, 2048, 2048]",323.0
1291,11342,87,3,2026-07-26T13:06:26.480000+00:00,30.314,32.534,25.16,269.0,234.0,False,88.008,"[2048, 2048, 2049, 2048, 2049, 2049, 2049]","[2049, 2049, 2049, 2049, 2049, 2049, 2049, 2048, 2048]","[2048, 2049, 2049, 2048, 2049, 2049]",
1291,11342,55,3,2026-07-26T13:06:27.012000+00:00,31.002,32.886,25.25,264.0,229.0,False,89.138,"[None, 2049, 2048, 2048, 2048, 2048, 2048]","[2049, 2048, 2048, 2048, 2048, 2048, 2049, 2049, 2048]","[2048, 2048, 2049, 2048, 2049, 2049]",330.0
1291,11342,63,3,2026-07-26T13:06:27.309000+00:00,30.126,32.082,25.199,278.0,233.0,False,87.407,"[None, 2048, 2048, 2049, 2048, 2049, 2048]","[2049, 2049, 2049, 2049, 2048, 2049, 2048, 2049, 2049]","[2049, 2048, 2048, 2048, 2049, 2049]",339.0
1291,11342,23,3,2026-07-26T13:06:28.622000+00:00,30.489,32.766,25.375,277.0,223.0,False,88.63,"[2048, 2048, 2049, 2049, 2049, 2049, 2049]","[2049, 2049, 2048, 2049, 2049, 2049, 2048, 2048, 2048]","[2049, 2049, 2049, 2049, 2048, 2048]",323.0
1291,11342,77,3,2026-07-26T13:06:29.487000+00:00,30.802,33.267,25.086,268.0,229.0,False,89.155,"[2048, 2048, 2048, 2049, 2048, 2049, 2049]","[2049, 2049, 2049, 2049, 2049, 2049, 2049, 2048, 2048]","[2048, 2049, 2049, 2049, 2048, 2048]",322.0
1291,11342,18,3,2026-07-26T13:06:29.835000+00:00,30.102,32.552,25.085,261.0,228.0,False,87.739,"[None, 2049, 2049, 2049, 2049, 2049, 2049]","[2049, 2049, 2048, 2049, 2049, 2049, 2049, 2048, 2048]","[2049, 2049, 2049, 2048, 2048]",332.0
1291,11342,11,3,2026-07-26T13:06:30.502000+00:00,30.679,33.029,25.317,260.0,229.0,False,89.025,"[2048, 2049, 2049, 2048, 2048, 2048, 2048]","[2049, 2048, 2048, 2049, 2049, 2049, 2049, 2049, 2048]","[2049, 2048, 2049, 2049, 2048, 2048]",331.0
1291,11342,81,4,2026-07-26T13:07:40.369000+00:00,29.886,30.996,24.272,284.0,236.0,False,85.154,"[2048, 2048, 2049, 2048, 2048, 2049, 2049]","[2049, 2048, 2048, 2049, 2051, 2051, 2049, 2049, 2049]","[2049, 2049, 2049, 2048, 2048, 2048]",307.0
1291,11342,1,4,2026-07-26T13:07:41.441000+00:00,29.692,31.177,24.315,291.0,237.0,False,85.184,"[None, 2048, 2048, 2048, 2048, 2051, 2049]","[2051, 2048, 2048, 2048, 2048, 2049, 2049, 2049, 2048]","[2049, 2049, 2051, 2048, 2048, 2048]",320.0
1291,11342,3,4,2026-07-26T13:07:42.359000+00:00,29.549,31.396,24.414,281.0,240.0,False,85.359,"[None, 2051, 2048, 2048, 2049, 2048, 2048]","[2048, 2048, 2049, 2048, 2049, 2048, 2048, 2048, 2048]","[2048, 2048, 2048, 2048, 2048, 2048]",332.0
1291,11342,44,4,2026-07-26T13:07:42.741000+00:00,29.63,31.671,24.315,276.0,235.0,False,85.616,"[2048, 2048, 2051, 2048, 2048, 2049, 2049]","[2049, 2048, 2048, 2048, 2048, 2048, 2048, 2048, 2048]","[2048, 2048, 2049, 2051, 2048, 2048]",333.0
1291,11342,16,4,2026-07-26T13:07:43.469000+00:00,29.584,31.537,24.58,280.0,234.0,False,85.701,"[None, 2048, 2048, 2051, 2048, 2049, 2048]","[2048, 2049, 2049, 2049, 2049, 2048, 2048, 2048, 2048]","[2048, 2048, 2048, 2048, 2048, 2048]",332.0
1291,11342,12,4,2026-07-26T13:07:44.424000+00:00,29.624,31.435,24.581,289.0,232.0,False,85.64,"[2048, 2048, 2048, 2049, 2048, 2049, 2049]","[2049, 2049, 2048, 2048, 2049, 2049, 2048, 2048, 2048]","[2048, 2048, 2049, 2048, 2048, 2048]",326.0
1291,11342,6,4,2026-07-26T13:07:45.232000+00:00,29.955,31.161,24.692,291.0,239.0,False,85.808,"[None, 2048, 2048, 2048, 2048, 2048, 2051]","[2049, 2049, 2048, 2049, 2049, 2048, 2048, 2048, 2048]","[2051, 2048, 2048, 2048, 2048, 2048]",323.0
1291,11342,30,4,2026-07-26T13:07:47.256000+00:00,30.002,31.846,24.757,283.0,236.0,False,86.605,"[None, 2048, 2048, 2048, 2048, 2048, 2049]","[2049, 2048, 2048, 2048, 2048, 2048, 2049, 2048, 2048]","[2048, 2049, 2048, 2048, 2048, 2048]",320.0
1291,11342,41,4,2026-07-26T13:07:49.239000+00:00,30.482,31.935,24.823,276.0,234.0,False,87.24,"[None, 2048, 2048, 2049, 2048, 2048, 2048]","[2048, 2048, 2048, 2049, 2049, 2048, 2049, 2049, 2048]","[2048, 2049, 2048, 2049, 2048, 2048]",312.0
1291,11342,27,4,2026-07-26T13:07:49.956000+00:00,30.216,32.323,24.861,281.0,225.0,False,87.4,"[None, 2048, 2049, 2048, 2048, 2048, 2048]","[2048, 2048, 2048, 2048, 2049, 2049, 2049, 2048, 2048]","[2048, 2049, 2048, 2048, 2048, 2048]",326.0
1291,11342,10,4,2026-07-26T13:07:50.851000+00:00,30.035,32.471,25.075,287.0,229.0,False,87.581,"[None, 2049, 2048, 2048, 2049, 2048, 2049]","[2049, 2049, 2048, 2049, 2049, 2048, 2048, 2048, 2048]","[2048, 2048, 2048, 2048, 2048, 2048]",334.0
1291,11342,31,4,2026-07-26T13:07:51.792000+00:00,30.235,32.253,25.161,,233.0,False,87.649,"[None, 2048, 2048, 2048, 2048, 2049, 2049]","[2049, 2049, 2049, 2049, 2048, 2048, 2048, 2048, 2048]","[2048, 2049, 2049, 2048, 2048, 2048]",328.0
1291,11342,5,4,2026-07-26T13:07:52.139000+00:00,30.149,32.344,25.073,287.0,230.0,False,87.566,"[None, 2048, 2048, 2048, 2048, 2048, 2049]","[2049, 2049, 2049, 2048, 2048, 2048, 2049, 2048, 2048]","[2049, 2049, 2048, 2049, 2048, 2048]",325.0
1291,11342,43,4,2026-07-26T13:07:53.271000+00:00,30.268,32.552,24.981,276.0,227.0,False,87.801,"[2048, 2048, 2049, 2049, 2048, 2048, 2049]","[2049, 2048, 2049, 2049, 2048, 2048, 2048, 2048, 2048]","[2048, 2049, 2048, 2048, 2048, 2048]",326.0
1291,11342,14,4,2026-07-26T13:07:53.743000+00:00,30.521,32.288,25.212,275.0,231.0,False,88.021,"[None, 2049, 2048, 2048, 2048, 2048, 2049]","[2049, 2049, 2049, 2049, 2049, 2048, 2049, 2048, 2049]","[2049, 2049, 2048, 2048, 2048, 2048]",326.0
1291,11342,87,4,2026-07-26T13:07:54.527000+00:00,31.042,32.569,25.112,,233.0,False,88.723,"[2049, 2049, 2048, 2048, 2048, 2049, 2048]","[2048, 2048, 2048, 2049, 2048, 2048, 2049, 2048, 2048]","[2049, 2049, 2049, 2048, 2048, 2048]",331.0
1291,11342,63,4,2026-07-26T13:07:54.713000+00:00,30.248,32.151,24.865,282.0,232.0,False,87.264,"[2051, 2049, 2048, 2048, 2048, 2049, 2049]","[2049, 2049, 2049, 2048, 2048, 2048, 2048, 2049, 2048]","[2048, 2049, 2049, 2049, 2049]",340.0
1291,11342,55,4,2026-07-26T13:07:56.269000+00:00,30.681,32.459,25.203,280.0,229.0,False,88.343,"[2048, 2048, 2048, 2048, 2048, 2049, 2048]","[2049, 2049, 2049, 2049, 2049, 2048, 2049, 2048, 2048]","[2048, 2049, 2049, 2048, 2048, 2048]",324.0
1291,11342,23,4,2026-07-26T13:07:57.139000+00:00,30.55,32.563,25.366,274.0,224.0,False,88.479,"[None, 2049, 2049, 2048, 2048, 2048, 2049]","[2049, 2049, 2049, 2049, 2049, 2048, 2048, 2048, 2048]","[2049, 2048, 2049, 2048, 2048, 2048]",330.0
1291,11342,18,4,2026-07-26T13:07:57.477000+00:00,30.615,32.476,25.275,262.0,229.0,False,88.366,"[2048, 2048, 2048, 2048, 2048, 2048, 2048]","[2049, 2048, 2049, 2048, 2049, 2048, 2049, 2048, 2048]","[2049, 2048, 2048, 2049, 2048, 2048]",330.0
1291,11342,77,4,2026-07-26T13:07:58.769000+00:00,30.228,32.521,25.21,284.0,231.0,False,87.959,"[None, 2049, 2049, 2049, 2049, 2048, 2049]","[2049, 2049, 2049, 2049, 2049, 2049, 2049, 2049, 2048]","[2048, 2048, 2048, 2048, 2048, 2048]",327.0
1291,11342,11,4,2026-07-26T13:07:59.516000+00:00,30.516,32.764,25.343,272.0,233.0,False,88.623,"[None, 2049, 2049, 2048, 2048, 2049, 2049]","[2049, 2049, 2049, 2049, 2048, 2048, 2049, 2049, 2049]","[2049, 2049, 2048, 2049, 2048, 2048]",329.0
1291,11342,81,5,2026-07-26T13:09:05.569000+00:00,29.943,30.799,24.353,280.0,239.0,False,85.095,"[None, 2048, 2048, 2048, 2048, 2048, 2048]","[2049, 2051, 2048, 2051, 2051, 2048, 2049, 2051, 2049]","[2049, 2048, 2049, 2048, 2048, 2048]",315.0
1291,11342,1,5,2026-07-26T13:09:06.627000+00:00,29.832,30.984,24.407,287.0,238.0,False,85.223,"[None, 2048, 2048, 2049, 2048, 2051, 2048]","[2051, 2048, 2048, 2049, 2049, 2048, 2049, 2048, 2049]","[2048, 2048, 2051, 2048, 2048, 2048]",319.0
1291,11342,3,5,2026-07-26T13:09:07.787000+00:00,29.878,31.327,24.538,283.0,240.0,False,85.743,"[2048, 2048, 2048, 2048, 2048, 2048, 2048]","[2048, 2048, 2048, 2049, 2049, 2048, 2048, 2048, 2048]","[2048, 2048, 2048, 2048, 2048, 2048]",321.0
1291,11342,44,5,2026-07-26T13:09:08.334000+00:00,30.201,31.21,24.395,287.0,239.0,False,85.806,"[None, 2048, 2048, 2048, 2048, 2048, 2049]","[2049, 2049, 2048, 2049, 2049, 2048, 2049, 2049, 2049]","[2049, 2048, 2048, 2048, 2048, 2048]",328.0
1291,11342,16,5,2026-07-26T13:09:09.162000+00:00,29.812,31.397,24.602,285.0,237.0,False,85.811,"[None, 2049, 2048, 2048, 2048, 2048, 2048]","[2048, 2049, 2048, 2049, 2048, 2049, 2048, 2048, 2049]","[2048, 2048, 2048, 2048, 2048, 2048]",331.0
1291,11342,12,5,2026-07-26T13:09:10.193000+00:00,29.903,31.325,24.589,290.0,232.0,False,85.817,"[None, 2048, 2048, 2048, 2048, 2048, 2048]","[2048, 2048, 2048, 2049, 2049, 2048, 2048, 2048, 2049]","[2048, 2049, 2048, 2048, 2048, 2048]",
1291,11342,6,5,2026-07-26T13:09:11.147000+00:00,29.772,31.37,24.935,296.0,238.0,False,86.077,"[2049, 2049, 2048, 2049, 2048, 2049, 2051]","[2048, 2048, 2048, 2048, 2048, 2048, 2048, 2048, 2048]","[2051, 2048, 2048, 2048, 2048, 2048]",327.0
1291,11342,30,5,2026-07-26T13:09:13.975000+00:00,30.207,31.648,24.884,284.0,239.0,False,86.739,"[None, 2048, 2048, 2048, 2048, 2048, 2048]","[2049, 2048, 2049, 2049, 2048, 2048, 2049, 2048, 2049]","[2048, 2048, 2048, 2048, 2048, 2048]",
1291,11342,41,5,2026-07-26T13:09:16.526000+00:00,30.206,31.767,24.849,278.0,237.0,False,86.822,"[None, 2048, 2048, 2048, 2049, 2048, 2048]","[2048, 2048, 2048, 2049, 2049, 2049, 2049, 2049, 2049]","[2048, 2048, 2048, 2049, 2048, 2048]",319.0
1291,11342,27,5,2026-07-26T13:09:17.369000+00:00,30.183,31.72,24.992,285.0,234.0,False,86.895,"[None, 2048, 2048, 2048, 2049, 2048, 2048]","[2049, 2049, 2048, 2049, 2048, 2048, 2049, 2049, 2049]","[2049, 2048, 2048, 2048, 2048, 2048]",325.0
1291,11342,10,5,2026-07-26T13:09:18.333000+00:00,29.844,32.215,25.068,283.0,231.0,False,87.127,"[None, 2049, 2048, 2048, 2048, 2049, 2049]","[2048, 2048, 2049, 2049, 2049, 2048, 2048, 2049, 2048]","[2049, 2048, 2048, 2048, 2048, 2048]",
1291,11342,31,5,2026-07-26T13:09:19.514000+00:00,30.282,32.109,25.102,278.0,237.0,False,87.493,"[None, 2048, 2048, 2048, 2048, 2048, 2048]","[2048, 2049, 2049, 2049, 2049, 2049, 2049, 2049, 2049]","[2048, 2048, 2048, 2049, 2048, 2048]",326.0
1291,11342,5,5,2026-07-26T13:09:19.741000+00:00,30.239,32.327,25.109,275.0,233.0,False,87.675,"[None, 2048, 2048, 2048, 2049, 2048, 2048]","[2048, 2048, 2048, 2049, 2048, 2048, 2049, 2048, 2049]","[2049, 2048, 2048, 2048, 2048, 2048]",332.0
1291,11342,43,5,2026-07-26T13:09:21.115000+00:00,30.458,32.42,25.29,264.0,229.0,False,88.168,"[None, 2048, 2048, 2048, 2048, 2048, 2048]","[2048, 2049, 2048, 2049, 2049, 2048, 2048, 2048, 2048]","[2048, 2048, 2048, 2048, 2048, 2048]",325.0
1291,11342,14,5,2026-07-26T13:09:21.792000+00:00,31.278,32.586,25.426,268.0,229.0,False,89.29,"[None, 2048, 2048, 2048, 2048, 2048, 2048]","[2048, 2048, 2048, 2048, 2048, 2048, 2048, 2049, 2048]","[2048, 2048, 2048, 2048, 2048, 2048]",316.0
1291,11342,63,5,2026-07-26T13:09:21.945000+00:00,30.409,31.947,24.983,284.0,231.0,False,87.339,"[None, 2048, 2048, 2048, 2048, 2048, 2049]","[2048, 2048, 2049, 2049, 2049, 2048, 2049, 2049, 2048]","[2048, 2048, 2048, 2049, 2048, 2048]",339.0
1291,11342,87,5,2026-07-26T13:09:23.196000+00:00,30.47,32.566,25.426,265.0,237.0,False,88.462,"[2048, 2049, 2048, 2048, 2048, 2048, 2048]","[2049, 2048, 2048, 2048, 2048, 2049, 2049, 2049, 2049]","[2049, 2048, 2048, 2048, 2048, 2048]",328.0
1291,11342,55,5,2026-07-26T13:09:24.524000+00:00,30.588,32.502,25.398,282.0,224.0,False,88.488,"[None, 2048, 2048, 2048, 2048, 2049, 2048]","[2049, 2048, 2048, 2048, 2049, 2049, 2049, 2048, 2048]","[2048, 2048, 2049, 2048, 2048, 2048]",323.0
1291,11342,23,5,2026-07-26T13:09:25.618000+00:00,30.788,32.988,25.493,269.0,222.0,False,89.269,"[None, 2048, 2048, 2048, 2048, 2049, 2048]","[2048, 2048, 2048, 2048, 2048, 2048, 2048, 2048, 2048]","[2048, 2048, 2048, 2048, 2049, 2049]",323.0
1291,11342,18,5,2026-07-26T13:09:25.993000+00:00,30.246,32.277,25.162,252.0,228.0,False,87.685,"[None, 2049, 2048, 2049, 2048, 2048, 2048]","[2048, 2048, 2048, 2049, 2048, 2049, 2049, 2049, 2048]","[2049, 2049, 2048, 2048, 2048, 2048]",332.0
1291,11342,77,5,2026-07-26T13:09:26.618000+00:00,30.631,32.867,25.656,280.0,231.0,False,89.154,"[None, 2048, 2048, 2048, 2048, 2048, 2048]","[2048, 2048, 2048, 2048, 2048, 2048, 2048, 2049, 2049]","[2048, 2048, 2048, 2048, 2048, 2048]",
1291,11342,11,5,2026-07-26T13:09:28.222000+00:00,30.761,32.616,25.408,270.0,231.0,False,88.785,"[None, 2048, 2048, 2048, 2048, 2048, 2048]","[2049, 2048, 2049, 2049, 2048, 2048, 2049, 2049, 2048]","[2048, 2048, 2048, 2048, 2048, 2048]",320.0
1291,11342,81,6,2026-07-26T13:10:30.557000+00:00,29.906,30.915,24.209,283.0,236.0,False,85.03,"[2049, 2048, 2048, 2048, 2048, 2048, 2048]","[2049, 2048, 2048, 2048, 2051, 2048, 2049, 2048, 2048]","[2049, 2048, 2048, 2048, 2049, 2048]",317.0
1291,11342,1,6,2026-07-26T13:10:31.741000+00:00,29.729,30.988,24.374,290.0,237.0,False,85.091,"[None, 2048, 2049, 2048, 2048, 2048, 2048]","[2048, 2049, 2048, 2048, 2049, 2048, 2049, 2048, 2048]","[2048, 2048, 2051, 2048, 2048, 2048]",321.0
1291,11342,3,6,2026-07-26T13:10:33.464000+00:00,29.765,31.263,24.368,291.0,237.0,False,85.396,"[None, 2048, 2048, 2048, 2048, 2048, 2048]","[2049, 2049, 2048, 2048, 2049, 2048, 2048, 2048, 2048]","[2048, 2049, 2048, 2048, 2048, 2048]",318.0
1291,11342,44,6,2026-07-26T13:10:34.088000+00:00,29.77,31.167,24.291,290.0,238.0,False,85.228,"[None, 2048, 2048, 2048, 2048, 2048, 2049]","[2049, 2048, 2048, 2048, 2049, 2049, 2049, 2048, 2048]","[2048, 2048, 2048, 2048, 2048, 2048]",327.0
1291,11342,16,6,2026-07-26T13:10:34.856000+00:00,29.658,31.342,24.434,292.0,238.0,False,85.434,"[None, 2048, 2048, 2048, 2049, 2049, 2048]","[2049, 2048, 2048, 2048, 2049, 2048, 2048, 2048, 2048]","[2048, 2048, 2048, 2049, 2048, 2048]",327.0
1291,11342,12,6,2026-07-26T13:10:36.057000+00:00,29.733,31.305,24.598,294.0,231.0,False,85.636,"[None, 2048, 2048, 2051, 2048, 2049, 2049]","[2049, 2049, 2048, 2048, 2048, 2048, 2048, 2049, 2048]","[2048, 2048, 2048, 2048, 2048, 2048]",
1291,11342,6,6,2026-07-26T13:10:37.253000+00:00,30.172,31.626,24.769,289.0,236.0,False,86.567,"[2048, 2048, 2048, 2048, 2048, 2048, 2048]","[2048, 2048, 2048, 2048, 2048, 2048, 2051, 2048, 2048]","[2048, 2049, 2048, 2048, 2048, 2048]",323.0
1291,11342,30,6,2026-07-26T13:10:40.743000+00:00,30.184,31.824,24.812,282.0,235.0,False,86.82,"[None, 2048, 2048, 2049, 2048, 2048, 2048]","[2049, 2048, 2048, 2048, 2048, 2048, 2049, 2048, 2048]","[2048, 2049, 2048, 2048, 2048, 2048]",318.0
1291,11342,41,6,2026-07-26T13:10:43.258000+00:00,30.242,31.799,24.789,286.0,236.0,False,86.83,"[None, 2048, 2048, 2048, 2048, 2048, 2049]","[2049, 2048, 2048, 2048, 2049, 2048, 2048, 2048, 2048]","[2048, 2048, 2048, 2048, 2048, 2048]",318.0
1291,11342,27,6,2026-07-26T13:10:44.243000+00:00,30.248,31.816,24.778,289.0,232.0,False,86.842,"[None, 2048, 2048, 2048, 2048, 2048, 2048]","[2049, 2049, 2048, 2048, 2048, 2049, 2048, 2048, 2048]","[2048, 2048, 2048, 2048, 2048, 2049]",322.0
1291,11342,10,6,2026-07-26T13:10:45.509000+00:00,30.151,32.151,25.113,276.0,230.0,False,87.415,"[None, 2048, 2048, 2048, 2048, 2048, 2048]","[2049, 2049, 2048, 2049, 2049, 2048, 2048, 2049, 2048]","[2048, 2048, 2048, 2048, 2048, 2048]",325.0
1291,11342,31,6,2026-07-26T13:10:47.024000+00:00,30.404,32.18,25.096,,235.0,False,87.68,"[None, 2048, 2048, 2048, 2049, 2048, 2048]","[2048, 2048, 2048, 2048, 2049, 2048, 2049, 2048, 2048]","[2049, 2048, 2048, 2048, 2048, 2048]",319.0
1291,11342,5,6,2026-07-26T13:10:47.477000+00:00,30.168,32.368,25.132,279.0,233.0,False,87.668,"[None, 2048, 2048, 2048, 2048, 2048, 2048]","[2048, 2048, 2049, 2048, 2049, 2048, 2048, 2049, 2049]","[2048, 2048, 2048, 2048, 2048, 2048]",329.0
1291,11342,63,6,2026-07-26T13:10:49.321000+00:00,30.213,31.457,24.886,291.0,232.0,False,86.556,"[2048, 2048, 2048, 2048, 2049, 2048, 2048]","[2049, 2049, 2049, 2049, 2049, 2049, 2049, 2049, 2049]","[2049, 2049, 2048, 2048, 2048, 2048]",331.0
1291,11342,43,6,2026-07-26T13:10:49.321000+00:00,30.874,32.491,24.925,276.0,230.0,False,88.29,"[None, 2048, 2048, 2048, 2049, 2048, 2048]","[2048, 2048, 2048, 2048, 2049, 2049, 2049, 2049, 2048]","[2049, 2049, 2048, 2049, 2048, 2048]",323.0
1291,11342,14,6,2026-07-26T13:10:51.071000+00:00,30.498,31.845,24.919,276.0,232.0,False,87.262,"[None, 2048, 2048, 2048, 2048, 2048, 2048]","[2049, 2049, 2049, 2049, 2049, 2049, 2049, 2049, 2049]","[2049, 2048, 2049, 2049, 2048, 2048]",311.0
1291,11342,87,6,2026-07-26T13:10:51.703000+00:00,30.702,32.327,25.083,275.0,234.0,False,88.112,"[None, 2049, 2048, 2049, 2048, 2048, 2048]","[2049, 2049, 2048, 2048, 2048, 2048, 2048, 2049, 2048]","[2048, 2049, 2048, 2048, 2048, 2048]",329.0
1291,11342,55,6,2026-07-26T13:10:53.040000+00:00,30.753,32.629,25.09,280.0,229.0,False,88.472,"[None, 2048, 2048, 2048, 2049, 2048, 2048]","[2048, 2048, 2048, 2048, 2049, 2048, 2048, 2048, 2048]","[2048, 2048, 2049, 2048, 2049, 2049]",
1291,11342,18,6,2026-07-26T13:10:53.555000+00:00,30.575,32.612,25.178,266.0,227.0,False,88.365,"[None, 2048, 2048, 2048, 2048, 2048, 2049]","[2049, 2048, 2048, 2048, 2048, 2048, 2048, 2048, 2048]","[2048, 2048, 2048, 2049, 2048, 2048]",325.0
1291,11342,23,6,2026-07-26T13:10:54.914000+00:00,30.535,32.733,25.397,276.0,221.0,False,88.665,"[None, 2048, 2048, 2049, 2048, 2048, 2048]","[2048, 2048, 2048, 2048, 2048, 2048, 2048, 2048, 2048]","[2048, 2048, 2049, 2048, 2049, 2048]",322.0
1291,11342,77,6,2026-07-26T13:10:55.883000+00:00,30.811,32.728,25.308,,230.0,False,88.847,"[None, 2048, 2048, 2048, 2048, 2048, 2048]","[2049, 2048, 2049, 2048, 2049, 2048, 2048, 2048, 2048]","[2048, 2049, 2048, 2048, 2048, 2048]",325.0
1291,11342,11,6,2026-07-26T13:10:56.937000+00:00,30.624,33.0,25.459,,231.0,False,89.083,"[None, 2048, 2049, 2048, 2048, 2049, 2048]","[2048, 2048, 2048, 2048, 2049, 2048, 2048, 2048, 2048]","[2048, 2048, 2048, 2048, 2048, 2048]",321.0
1291,11342,81,7,2026-07-26T13:11:55.769000+00:00,29.709,30.842,24.289,284.0,241.0,False,84.84,"[2048, 2048, 2049, 2048, 2048, 2048, 2048]","[2051, 2048, 2048, 2048, 2048, 2048, 2048, 2048, 2049]","[2049, 2048, 2048, 2048, 2048, 2048]",316.0
1291,11342,1,7,2026-07-26T13:11:56.871000+00:00,29.792,31.1,24.468,289.0,236.0,False,85.36,"[None, 2048, 2048, 2048, 2048, 2048, 2048]","[2048, 2048, 2048, 2048, 2048, 2048, 2048, 2049, 2048]","[2048, 2048, 2048, 2049, 2048, 2048]",
1291,11342,3,7,2026-07-26T13:11:58.841000+00:00,29.796,31.21,24.382,286.0,239.0,False,85.388,"[None, 2048, 2048, 2048, 2048, 2048, 2048]","[2049, 2048, 2048, 2048, 2048, 2048, 2048, 2048, 2048]","[2048, 2048, 2048, 2048, 2048, 2048]",322.0
1291,11342,44,7,2026-07-26T13:11:59.384000+00:00,29.689,31.36,24.425,288.0,238.0,False,85.474,"[None, 2048, 2048, 2048, 2048, 2048, 2049]","[2048, 2048, 2048, 2048, 2048, 2048, 2048, 2048, 2048]","[2049, 2048, 2048, 2048, 2048, 2048]",328.0
1291,11342,16,7,2026-07-26T13:12:00.345000+00:00,29.696,31.305,24.467,282.0,238.0,False,85.468,"[None, 2048, 2048, 2049, 2048, 2048, 2048]","[2049, 2048, 2048, 2049, 2048, 2048, 2048, 2049, 2049]","[2048, 2048, 2048, 2048, 2048, 2048]",329.0
1291,11342,12,7,2026-07-26T13:12:01.657000+00:00,29.621,31.417,24.713,293.0,230.0,False,85.751,"[None, 2048, 2048, 2048, 2048, 2048, 2048]","[2049, 2048, 2048, 2048, 2048, 2048, 2048, 2048, 2048]","[2048, 2048, 2048, 2048, 2048, 2048]",325.0
1291,11342,6,7,2026-07-26T13:12:03.731000+00:00,30.193,31.507,24.778,288.0,236.0,False,86.478,"[None, 2048, 2048, 2048, 2048, 2048, 2048]","[2048, 2048, 2048, 2048, 2048, 2048, 2048, 2048, 2048]","[2048, 2048, 2048, 2048, 2048, 2048]",319.0
1291,11342,30,7,2026-07-26T13:12:07.514000+00:00,30.231,31.834,24.776,283.0,236.0,False,86.841,"[None, 2049, 2048, 2048, 2048, 2048, 2048]","[2048, 2048, 2048, 2048, 2048, 2048, 2049, 2048, 2048]","[2048, 2049, 2048, 2048, 2048, 2048]",320.0
1291,11342,41,7,2026-07-26T13:12:10.115000+00:00,30.198,31.876,24.828,287.0,232.0,False,86.902,"[None, 2048, 2049, 2049, 2048, 2048, 2048]","[2049, 2049, 2048, 2048, 2048, 2048, 2048, 2048, 2048]","[2048, 2048, 2048, 2048, 2048, 2048]",
1291,11342,27,7,2026-07-26T13:12:11.131000+00:00,30.026,32.026,25.006,287.0,231.0,False,87.058,"[None, 2048, 2048, 2049, 2048, 2048, 2048]","[2048, 2048, 2048, 2048, 2048, 2048, 2048, 2048, 2048]","[2048, 2048, 2048, 2048, 2048, 2048]",325.0
1291,11342,10,7,2026-07-26T13:12:12.928000+00:00,30.083,32.228,25.157,,229.0,False,87.468,"[None, 2048, 2048, 2049, 2048, 2048, 2048]","[2048, 2049, 2048, 2049, 2048, 2048, 2048, 2048, 2048]","[2048, 2048, 2048, 2048, 2048, 2048]",
1291,11342,31,7,2026-07-26T13:12:14.702000+00:00,30.461,32.148,25.075,284.0,234.0,False,87.684,"[None, 2048, 2048, 2048, 2048, 2048, 2048]","[2049, 2048, 2048, 2048, 2049, 2048, 2049, 2048, 2048]","[2049, 2048, 2048, 2048, 2048, 2048]",320.0
1291,11342,5,7,2026-07-26T13:12:15.056000+00:00,30.323,32.298,25.156,287.0,233.0,False,87.777,"[None, 2048, 2048, 2048, 2048, 2048, 2048]","[2049, 2049, 2048, 2048, 2048, 2048, 2048, 2048, 2048]","[2048, 2048, 2048, 2049, 2048, 2048]",333.0
1291,11342,63,7,2026-07-26T13:12:15.932000+00:00,30.297,31.835,25.033,294.0,235.0,False,87.165,"[None, 2048, 2048, 2048, 2048, 2048, 2049]","[2049, 2049, 2048, 2048, 2048, 2048, 2048, 2048, 2049]","[2049, 2048, 2048, 2048, 2049, 2048]",332.0
1291,11342,43,7,2026-07-26T13:12:17.543000+00:00,30.259,32.239,25.007,272.0,230.0,False,87.505,"[None, 2048, 2048, 2049, 2049, 2048, 2048]","[2049, 2048, 2048, 2049, 2049, 2048, 2049, 2048, 2048]","[2048, 2048, 2048, 2049, 2048, 2048]",325.0
1291,11342,14,7,2026-07-26T13:12:18.314000+00:00,30.276,32.036,25.183,275.0,232.0,False,87.495,"[None, 2048, 2048, 2048, 2049, 2048, 2048]","[2048, 2049, 2048, 2048, 2048, 2048, 2048, 2048, 2048]","[2048, 2048, 2048, 2048, 2048, 2048]",321.0
1291,11342,87,7,2026-07-26T13:12:19.772000+00:00,30.754,32.15,25.278,278.0,234.0,False,88.182,"[None, 2048, 2048, 2048, 2048, 2048, 2048]","[2049, 2049, 2048, 2049, 2049, 2048, 2049, 2049, 2048]","[2048, 2048, 2048, 2048, 2048, 2048]",321.0
1291,11342,55,7,2026-07-26T13:12:21.511000+00:00,30.83,32.481,25.017,278.0,228.0,False,88.328,"[None, 2048, 2048, 2048, 2049, 2048, 2048]","[2048, 2048, 2048, 2049, 2049, 2048, 2048, 2048, 2048]","[2048, 2049, 2048, 2048, 2048, 2048]",322.0
1291,11342,18,7,2026-07-26T13:12:22.027000+00:00,30.76,32.539,25.063,260.0,229.0,False,88.362,"[None, 2048, 2048, 2048, 2048, 2048, 2048]","[2048, 2048, 2048, 2048, 2049, 2048, 2048, 2048, 2048]","[2049, 2048, 2049, 2048, 2049, 2049]",326.0
1291,11342,23,7,2026-07-26T13:12:23.621000+00:00,30.622,32.708,25.286,274.0,222.0,False,88.616,"[None, 2048, 2048, 2048, 2048, 2048, 2048]","[2048, 2048, 2049, 2048, 2048, 2048, 2048, 2048, 2048]","[2048, 2049, 2048, 2048, 2048, 2048]",
1291,11342,77,7,2026-07-26T13:12:24.730000+00:00,30.775,32.581,25.408,281.0,234.0,False,88.764,"[None, 2048, 2048, 2048, 2048, 2048, 2048]","[2049, 2049, 2048, 2048, 2048, 2048, 2048, 2049, 2049]","[2048, 2048, 2048, 2048, 2048, 2048]",324.0
1291,11342,11,7,2026-07-26T13:12:25.996000+00:00,30.924,32.894,25.427,274.0,231.0,False,89.245,"[None, 2048, 2048, 2048, 2048, 2048, 2048]","[2048, 2048, 2048, 2049, 2048, 2048, 2048, 2048, 2048]","[2048, 2049, 2048, 2048, 2048, 2048]",320.0
1291,11342,81,8,2026-07-26T13:13:20.556000+00:00,29.871,31.214,24.254,,234.0,False,85.339,"[None, 2048, 2048, 2048, 2048, 2048, 2048]","[2048, 2048, 2048, 2048, 2048, 2048, 2048, 2048, 2048]","[2048, 2048, 2049, 2048, 2048, 2048]",312.0
1291,11342,1,8,2026-07-26T13:13:22.170000+00:00,29.875,31.016,24.639,288.0,236.0,False,85.53,"[None, 2048, 2048, 2048, 2048, 2048, 2048]","[2048, 2049, 2048, 2049, 2049, 2048, 2048, 2048, 2048]","[2048, 2048, 2048, 2048, 2048, 2048]",317.0
1291,11342,3,8,2026-07-26T13:13:24.227000+00:00,29.809,31.224,24.441,289.0,238.0,False,85.474,"[None, 2048, 2048, 2048, 2049, 2048, 2048]","[2048, 2048, 2049, 2048, 2048, 2048, 2048, 2048, 2048]","[2048, 2049, 2048, 2048, 2048, 2048]",314.0
1291,11342,44,8,2026-07-26T13:13:24.869000+00:00,29.706,31.322,24.341,286.0,235.0,False,85.369,"[None, 2048, 2048, 2048, 2048, 2048, 2048]","[2049, 2048, 2048, 2048, 2048, 2048, 2048, 2048, 2048]","[2048, 2048, 2048, 2048, 2048, 2048]",331.0
1291,11342,16,8,2026-07-26T13:13:25.835000+00:00,29.806,31.123,24.506,293.0,239.0,False,85.435,"[None, 2048, 2048, 2048, 2048, 2048, 2048]","[2048, 2048, 2048, 2049, 2048, 2048, 2049, 2049, 2049]","[2049, 2048, 2048, 2048, 2048, 2048]",326.0
1291,11342,12,8,2026-07-26T13:13:27.387000+00:00,29.585,31.484,24.664,,231.0,False,85.733,"[None, 2048, 2048, 2051, 2048, 2048, 2049]","[2048, 2048, 2048, 2048, 2048, 2048, 2048, 2049, 2048]","[2048, 2048, 2048, 2048, 2048, 2048]",324.0
1291,11342,6,8,2026-07-26T13:13:30.242000+00:00,30.153,31.764,24.813,295.0,235.0,False,86.73,"[None, 2048, 2048, 2048, 2048, 2048, 2048]","[2048, 2048, 2048, 2048, 2048, 2048, 2048, 2048, 2048]","[2048, 2048, 2048, 2048, 2048, 2048]",314.0
1291,11342,30,8,2026-07-26T13:13:34.380000+00:00,30.067,31.709,24.832,292.0,235.0,False,86.608,"[None, 2048, 2049, 2048, 2048, 2048, 2048]","[2049, 2049, 2048, 2048, 2048, 2048, 2048, 2048, 2048]","[2048, 2048, 2048, 2048, 2048, 2048]",317.0
1291,11342,41,8,2026-07-26T13:13:37.133000+00:00,30.079,31.839,24.83,288.0,235.0,False,86.748,"[None, 2048, 2048, 2049, 2048, 2049, 2049]","[2049, 2048, 2048, 2049, 2048, 2048, 2048, 2048, 2048]","[2048, 2048, 2048, 2048, 2048, 2048]",317.0
1291,11342,27,8,2026-07-26T13:13:38.102000+00:00,30.126,31.958,24.859,,232.0,False,86.943,"[None, 2048, 2048, 2048, 2048, 2048, 2048]","[2048, 2048, 2048, 2048, 2048, 2048, 2048, 2048, 2048]","[2048, 2048, 2048, 2048, 2048, 2048]",
1291,11342,10,8,2026-07-26T13:13:40.383000+00:00,29.909,32.109,25.197,282.0,230.0,False,87.215,"[None, 2048, 2048, 2048, 2048, 2049, 2048]","[2049, 2048, 2048, 2049, 2048, 2048, 2048, 2049, 2048]","[2048, 2048, 2048, 2048, 2048, 2048]",324.0
1291,11342,31,8,2026-07-26T13:13:42.383000+00:00,30.54,32.262,25.122,280.0,233.0,False,87.924,"[None, 2048, 2048, 2048, 2048, 2048, 2048]","[2048, 2048, 2048, 2048, 2048, 2048, 2048, 2048, 2048]","[2048, 2048, 2048, 2048, 2048, 2048]",318.0
1291,11342,5,8,2026-07-26T13:13:42.883000+00:00,30.661,32.509,25.225,286.0,232.0,False,88.395,"[None, 2048, 2048, 2049, 2048, 2048, 2048]","[2048, 2048, 2048, 2048, 2048, 2048, 2048, 2048, 2048]","[2048, 2048, 2048, 2048, 2048, 2048]",327.0
1291,11342,63,8,2026-07-26T13:13:43.118000+00:00,29.927,32.534,24.887,275.0,234.0,False,87.348,"[2051, 2049, 2049, 2048, 2048, 2048, 2049]","[2048, 2048, 2048, 2048, 2048, 2048, 2048, 2048, 2048]","[2048, 2048, 2049, 2048, 2049, 2049]",341.0
1291,11342,43,8,2026-07-26T13:13:45.133000+00:00,30.446,32.256,25.186,271.0,229.0,False,87.888,"[None, 2048, 2048, 2048, 2048, 2048, 2048]","[2049, 2048, 2048, 2048, 2048, 2048, 2048, 2049, 2048]","[2048, 2048, 2048, 2048, 2048, 2048]",324.0
1291,11342,14,8,2026-07-26T13:13:45.774000+00:00,30.339,32.201,25.138,272.0,231.0,False,87.678,"[None, 2048, 2048, 2049, 2048, 2048, 2048]","[2048, 2048, 2048, 2048, 2048, 2048, 2049, 2048, 2048]","[2048, 2048, 2048, 2048, 2048, 2048]",
1291,11342,87,8,2026-07-26T13:13:47.977000+00:00,30.562,32.228,25.243,282.0,231.0,False,88.033,"[None, 2048, 2048, 2048, 2048, 2048, 2048]","[2048, 2048, 2048, 2049, 2048, 2049, 2048, 2048, 2048]","[2048, 2048, 2048, 2048, 2048, 2048]",318.0
1291,11342,55,8,2026-07-26T13:13:49.901000+00:00,30.649,32.557,25.148,280.0,228.0,False,88.354,"[None, 2048, 2048, 2048, 2048, 2048, 2048]","[2048, 2048, 2048, 2048, 2049, 2048, 2048, 2048, 2048]","[2048, 2048, 2048, 2048, 2048, 2048]",
1291,11342,18,8,2026-07-26T13:13:50.385000+00:00,30.653,32.381,28.031,272.0,232.0,False,91.065,"[None, 2048, 2048, 2048, 2048, 2048, 2049]","[2048, 2048, 2048, 2048, 2048, 2049, 2048, 2048, 2049]","[2049, 2048, 2048, 2064, 2064, 2064]",323.0
1291,11342,23,8,2026-07-26T13:13:52.181000+00:00,30.257,32.71,25.493,276.0,223.0,False,88.46,"[None, 2048, 2049, 2048, 2048, 2049, 2049]","[2048, 2048, 2048, 2049, 2048, 2048, 2048, 2048, 2048]","[2048, 2048, 2048, 2048, 2048, 2048]",321.0
1291,11342,77,8,2026-07-26T13:13:53.455000+00:00,30.781,32.829,25.393,279.0,232.0,False,89.003,"[None, 2048, 2048, 2048, 2048, 2048, 2048]","[2048, 2048, 2048, 2048, 2048, 2048, 2048, 2048, 2048]","[2048, 2048, 2048, 2048, 2048, 2048]",318.0
1291,11342,11,8,2026-07-26T13:13:55.301000+00:00,30.765,33.019,25.424,263.0,228.0,False,89.208,"[None, 2048, 2049, 2049, 2048, 2048, 2048]","[2048, 2048, 2048, 2048, 2048, 2048, 2048, 2048, 2048]","[2048, 2048, 2048, 2048, 2048, 2048]",319.0
1291,11342,81,9,2026-07-26T13:14:45.836000+00:00,29.95,31.135,24.304,,237.0,False,85.389,"[None, 2048, 2048, 2048, 2048, 2048, 2048]","[2048, 2048, 2048, 2048, 2048, 2048, 2048, 2048, 2048]","[2048, 2048, 2048, 2048, 2048, 2048]",316.0
1291,11342,1,9,2026-07-26T13:14:47.789000+00:00,29.756,31.145,24.293,289.0,236.0,False,85.194,"[None, 2048, 2048, 2048, 2048, 2051, 2048]","[2048, 2048, 2048, 2048, 2048, 2048, 2048, 2048, 2048]","[2048, 2048, 2048, 2049, 2048, 2048]",315.0
1291,11342,3,9,2026-07-26T13:14:49.789000+00:00,29.824,31.332,24.479,288.0,240.0,False,85.635,"[None, 2048, 2048, 2048, 2048, 2048, 2048]","[2048, 2048, 2048, 2048, 2048, 2048, 2048, 2048, 2048]","[2048, 2048, 2048, 2048, 2048, 2048]",318.0
1291,11342,44,9,2026-07-26T13:14:50.243000+00:00,29.603,31.748,24.559,277.0,234.0,False,85.91,"[None, 2048, 2048, 2048, 2048, 2048, 2049]","[2048, 2048, 2048, 2048, 2048, 2048, 2048, 2048, 2048]","[2048, 2048, 2048, 2048, 2048, 2048]",332.0
1291,11342,16,9,2026-07-26T13:14:51.289000+00:00,29.749,31.209,24.574,,240.0,False,85.532,"[None, 2048, 2049, 2048, 2048, 2048, 2048]","[2051, 2049, 2048, 2048, 2048, 2048, 2048, 2048, 2049]","[2049, 2048, 2048, 2048, 2048, 2048]",320.0
1291,11342,12,9,2026-07-26T13:14:53.113000+00:00,29.678,31.237,24.576,297.0,233.0,False,85.491,"[None, 2048, 2048, 2048, 2048, 2048, 2049]","[2049, 2048, 2048, 2051, 2048, 2048, 2048, 2049, 2049]","[2048, 2048, 2049, 2048, 2048, 2048]",
1291,11342,6,9,2026-07-26T13:14:56.997000+00:00,30.158,31.389,24.709,286.0,238.0,False,86.256,"[None, 2048, 2048, 2048, 2048, 2048, 2048]","[2049, 2048, 2049, 2048, 2048, 2048, 2048, 2049, 2048]","[2048, 2048, 2048, 2048, 2048, 2048]",313.0
1291,11342,30,9,2026-07-26T13:15:00.886000+00:00,30.022,31.734,24.856,289.0,235.0,False,86.612,"[None, 2049, 2048, 2049, 2048, 2048, 2048]","[2048, 2048, 2049, 2048, 2048, 2048, 2048, 2048, 2048]","[2048, 2048, 2048, 2048, 2048, 2048]",320.0
1291,11342,41,9,2026-07-26T13:15:03.826000+00:00,30.263,31.866,24.915,,233.0,False,87.044,"[None, 2048, 2048, 2048, 2048, 2048, 2048]","[2048, 2048, 2048, 2048, 2048, 2048, 2048, 2048, 2048]","[2048, 2048, 2048, 2048, 2048, 2048]",
1291,11342,27,9,2026-07-26T13:15:05.071000+00:00,30.063,32.089,24.969,281.0,230.0,False,87.121,"[None, 2048, 2048, 2049, 2048, 2048, 2048]","[2048, 2048, 2048, 2048, 2048, 2048, 2048, 2048, 2048]","[2048, 2048, 2048, 2048, 2048, 2048]",321.0
1291,11342,10,9,2026-07-26T13:15:07.571000+00:00,30.09,32.166,25.105,283.0,231.0,False,87.361,"[None, 2048, 2048, 2048, 2048, 2048, 2048]","[2049, 2048, 2048, 2048, 2048, 2048, 2048, 2049, 2049]","[2048, 2048, 2048, 2048, 2048, 2048]",323.0
1291,11342,31,9,2026-07-26T13:15:10.196000+00:00,31.08,32.489,25.15,274.0,234.0,False,88.719,"[None, 2048, 2048, 2048, 2048, 2048, 2048]","[2048, 2048, 2048, 2048, 2048, 2048, 2048, 2048, 2048]","[2048, 2048, 2049, 2048, 2048, 2048]",
1291,11342,63,9,2026-07-26T13:15:10.430000+00:00,30.03,31.452,24.593,297.0,228.0,False,86.075,"[2048, 2048, 2048, 2049, 2048, 2048, 2048]","[2049, 2049, 2049, 2049, 2048, 2048, 2049, 2048, 2048]","[2048, 2048, 2049, 2049, 2049, 2048]",335.0
1291,11342,5,9,2026-07-26T13:15:11.211000+00:00,30.363,32.764,25.074,278.0,231.0,False,88.201,"[None, 2048, 2048, 2048, 2048, 2048, 2048]","[2049, 2048, 2049, 2048, 2048, 2048, 2048, 2048, 2048]","[2048, 2048, 2048, 2048, 2048, 2048]",
1291,11342,43,9,2026-07-26T13:15:13.008000+00:00,30.29,32.589,25.153,278.0,227.0,False,88.032,"[None, 2048, 2048, 2049, 2048, 2048, 2048]","[2049, 2048, 2049, 2048, 2048, 2048, 2048, 2048, 2048]","[2048, 2048, 2048, 2048, 2048, 2048]",
1291,11342,14,9,2026-07-26T13:15:13.524000+00:00,30.594,32.376,25.179,275.0,230.0,False,88.149,"[None, 2048, 2048, 2048, 2048, 2048, 2048]","[2048, 2048, 2048, 2048, 2048, 2048, 2048, 2048, 2048]","[2048, 2048, 2048, 2048, 2048, 2048]",325.0
1291,11342,87,9,2026-07-26T13:15:15.981000+00:00,30.516,32.302,25.267,279.0,233.0,False,88.085,"[None, 2048, 2048, 2049, 2048, 2048, 2048]","[2048, 2048, 2048, 2048, 2048, 2048, 2048, 2049, 2048]","[2048, 2048, 2048, 2048, 2048, 2048]",320.0
1291,11342,55,9,2026-07-26T13:15:18.135000+00:00,30.58,32.57,25.043,284.0,227.0,False,88.193,"[None, 2048, 2048, 2048, 2048, 2049, 2048]","[2048, 2049, 2048, 2048, 2048, 2048, 2048, 2048, 2048]","[2048, 2048, 2048, 2048, 2048, 2048]",321.0
1291,11342,23,9,2026-07-26T13:15:20.603000+00:00,30.166,32.462,25.203,282.0,221.0,False,87.831,"[None, 2048, 2049, 2048, 2048, 2049, 2049]","[2049, 2048, 2048, 2049, 2048, 2048, 2049, 2049, 2048]","[2048, 2048, 2049, 2048, 2048, 2049]",320.0
1291,11342,18,9,2026-07-26T13:15:21.334000+00:00,48.639,31.227,24.191,269.0,234.0,True,104.057,"[2064, 2064, 2048, 2049, 2049, 2048, 2048]","[2049, 2049, 2049, 2049, 2049, 2049, 2049, 2051, 2049]","[2049, 2049, 2051, 2049, 2049, 2048]",
1291,11342,77,9,2026-07-26T13:15:22.377000+00:00,30.741,32.668,25.393,275.0,228.0,False,88.802,"[None, 2048, 2048, 2049, 2048, 2048, 2048]","[2048, 2048, 2048, 2048, 2048, 2048, 2049, 2048, 2048]","[2048, 2049, 2048, 2048, 2048, 2048]",317.0
1291,11342,11,9,2026-07-26T13:15:24.464000+00:00,30.961,32.966,25.368,270.0,231.0,False,89.295,"[None, 2048, 2048, 2048, 2048, 2048, 2048]","[2048, 2048, 2048, 2048, 2048, 2048, 2048, 2048, 2048]","[2049, 2049, 2048, 2048, 2048, 2048]",318.0
1291,11342,81,10,2026-07-26T13:16:11.242000+00:00,30.07,31.273,24.323,282.0,234.0,False,85.666,"[None, 2048, 2048, 2048, 2048, 2048, 2048]","[2048, 2048, 2048, 2048, 2048, 2048, 2048, 2048, 2048]","[2048, 2048, 2048, 2048, 2049, 2048]",317.0
1291,11342,1,10,2026-07-26T13:16:13.039000+00:00,29.819,31.09,24.36,288.0,235.0,False,85.269,"[None, 2048, 2048, 2049, 2048, 2048, 2048]","[2048, 2048, 2048, 2049, 2049, 2048, 2048, 2048, 2048]","[2048, 2048, 2048, 2048, 2048, 2048]",316.0
1291,11342,3,10,2026-07-26T13:16:15.399000+00:00,29.872,31.266,24.484,293.0,239.0,False,85.622,"[None, 2048, 2048, 2048, 2048, 2048, 2048]","[2049, 2049, 2048, 2048, 2048, 2048, 2048, 2048, 2048]","[2048, 2049, 2048, 2048, 2048, 2048]",319.0
1291,11342,44,10,2026-07-26T13:16:16.180000+00:00,29.764,31.288,24.349,290.0,237.0,False,85.401,"[None, 2048, 2048, 2048, 2048, 2048, 2048]","[2049, 2048, 2048, 2048, 2048, 2048, 2048, 2048, 2048]","[2048, 2048, 2048, 2048, 2048, 2048]",329.0
1291,11342,16,10,2026-07-26T13:16:16.727000+00:00,29.927,31.142,24.728,294.0,236.0,False,85.797,"[None, 2048, 2048, 2048, 2048, 2048, 2048]","[2051, 2048, 2048, 2048, 2048, 2048, 2049, 2049, 2048]","[2048, 2048, 2048, 2048, 2048, 2048]",327.0
1291,11342,12,10,2026-07-26T13:16:18.617000+00:00,29.691,31.253,24.558,295.0,232.0,False,85.502,"[None, 2048, 2048, 2048, 2048, 2048, 2049]","[2049, 2048, 2048, 2048, 2049, 2049, 2048, 2048, 2048]","[2049, 2048, 2048, 2048, 2048, 2048]",
1291,11342,6,10,2026-07-26T13:16:23.180000+00:00,30.08,31.517,24.793,,236.0,False,86.39,"[None, 2048, 2048, 2048, 2048, 2048, 2048]","[2049, 2048, 2048, 2048, 2048, 2048, 2048, 2048, 2048]","[2048, 2048, 2048, 2048, 2048, 2048]",317.0
1291,11342,30,10,2026-07-26T13:16:27.516000+00:00,30.191,31.852,24.896,286.0,235.0,False,86.939,"[None, 2048, 2048, 2048, 2048, 2048, 2048]","[2048, 2048, 2048, 2048, 2048, 2048, 2048, 2048, 2048]","[2048, 2048, 2048, 2048, 2048, 2048]",318.0
1291,11342,41,10,2026-07-26T13:16:30.817000+00:00,30.415,31.809,24.867,286.0,234.0,False,87.091,"[None, 2048, 2048, 2048, 2048, 2048, 2048]","[2048, 2048, 2048, 2048, 2049, 2048, 2048, 2048, 2048]","[2048, 2048, 2049, 2048, 2048, 2048]",316.0
1291,11342,27,10,2026-07-26T13:16:32.235000+00:00,30.345,31.921,24.94,285.0,232.0,False,87.206,"[None, 2048, 2048, 2048, 2048, 2048, 2048]","[2048, 2048, 2048, 2048, 2048, 2049, 2048, 2048, 2048]","[2048, 2048, 2048, 2048, 2048, 2048]",320.0
1291,11342,10,10,2026-07-26T13:16:35.003000+00:00,30.285,32.019,25.181,285.0,231.0,False,87.485,"[None, 2048, 2048, 2048, 2048, 2048, 2048]","[2049, 2049, 2048, 2048, 2048, 2049, 2049, 2048, 2049]","[2048, 2048, 2048, 2048, 2048, 2048]",
1291,11342,63,10,2026-07-26T13:16:36.469000+00:00,30.301,31.612,24.77,294.0,231.0,False,86.683,"[None, 2048, 2048, 2048, 2048, 2048, 2048]","[2048, 2048, 2048, 2049, 2048, 2049, 2048, 2048, 2048]","[2048, 2048, 2048, 2048, 2048, 2048]",324.0
1291,11342,31,10,2026-07-26T13:16:38.962000+00:00,30.629,32.139,25.038,282.0,232.0,False,87.806,"[None, 2048, 2048, 2048, 2048, 2048, 2048]","[2048, 2048, 2048, 2049, 2049, 2048, 2048, 2048, 2048]","[2048, 2048, 2049, 2048, 2048, 2048]",
1291,11342,5,10,2026-07-26T13:16:39.414000+00:00,30.335,32.405,25.213,280.0,231.0,False,87.953,"[None, 2048, 2048, 2048, 2048, 2048, 2048]","[2048, 2048, 2048, 2048, 2048, 2048, 2048, 2049, 2048]","[2048, 2048, 2048, 2048, 2048, 2048]",329.0
1291,11342,43,10,2026-07-26T13:16:40.975000+00:00,30.586,32.329,25.192,275.0,227.0,False,88.107,"[None, 2048, 2048, 2048, 2048, 2048, 2049]","[2048, 2049, 2048, 2048, 2048, 2048, 2049, 2049, 2048]","[2048, 2048, 2048, 2048, 2048, 2048]",
1291,11342,14,10,2026-07-26T13:16:41.699000+00:00,30.568,32.278,25.041,,231.0,False,87.887,"[None, 2048, 2048, 2048, 2048, 2048, 2048]","[2048, 2049, 2048, 2048, 2048, 2048, 2048, 2048, 2048]","[2048, 2048, 2048, 2048, 2048, 2048]",323.0
1291,11342,87,10,2026-07-26T13:16:44.032000+00:00,30.609,32.357,25.266,283.0,231.0,False,88.232,"[None, 2048, 2048, 2048, 2048, 2048, 2048]","[2049, 2048, 2048, 2048, 2048, 2048, 2048, 2048, 2048]","[2048, 2048, 2048, 2048, 2048, 2048]",319.0
1291,11342,55,10,2026-07-26T13:16:46.446000+00:00,30.621,32.501,24.998,281.0,227.0,False,88.12,"[None, 2048, 2048, 2048, 2048, 2048, 2048]","[2048, 2049, 2048, 2049, 2048, 2048, 2048, 2048, 2048]","[2048, 2049, 2049, 2048, 2048, 2048]",
1291,11342,23,10,2026-07-26T13:16:48.475000+00:00,30.682,32.567,25.248,288.0,223.0,False,88.497,"[None, 2048, 2048, 2048, 2048, 2048, 2048]","[2048, 2048, 2048, 2048, 2049, 2048, 2049, 2048, 2048]","[2048, 2048, 2049, 2048, 2048]",322.0
1291,11342,77,10,2026-07-26T13:16:51.169000+00:00,30.863,32.583,25.428,280.0,231.0,False,88.874,"[None, 2048, 2048, 2048, 2048, 2048, 2048]","[2048, 2048, 2048, 2049, 2048, 2048, 2048, 2048, 2048]","[2048, 2048, 2048, 2048, 2048, 2048]",316.0
1291,11342,11,10,2026-07-26T13:16:53.771000+00:00,31.062,33.037,25.528,274.0,230.0,False,89.627,"[None, 2048, 2048, 2048, 2048, 2048, 2048]","[2048, 2048, 2048, 2048, 2048, 2048, 2048, 2048, 2048]","[2048, 2048, 2048, 2048, 2048, 2048]",
1291,11342,18,10,2026-07-26T13:17:05.446000+00:00,30.228,31.518,24.651,,229.0,False,86.397,"[2048, 2048, 2049, 2049, 2048, 2048, 2048]","[2049, 2048, 2048, 2048, 2048, 2048, 2049, 2048, 2048]","[2048, 2048, 2048, 2048, 2048, 2048]",313.0
1291,11342,81,11,2026-07-26T13:17:36.883000+00:00,29.889,31.287,24.242,283.0,233.0,False,85.418,"[2049, 2048, 2048, 2048, 2048, 2048, 2048]","[2048, 2048, 2048, 2048, 2048, 2048, 2048, 2048, 2048]","[2048, 2048, 2049, 2048, 2049, 2048]",
1291,11342,1,11,2026-07-26T13:17:38.227000+00:00,29.778,31.089,24.468,291.0,237.0,False,85.335,"[None, 2048, 2048, 2048, 2048, 2048, 2048]","[2049, 2048, 2048, 2048, 2048, 2048, 2048, 2049, 2048]","[2048, 2048, 2048, 2048, 2048, 2048]",320.0
1291,11342,3,11,2026-07-26T13:17:40.962000+00:00,29.931,31.186,24.51,,238.0,False,85.627,"[None, 2048, 2048, 2048, 2048, 2048, 2048]","[2048, 2049, 2048, 2048, 2048, 2048, 2049, 2048, 2048]","[2048, 2048, 2048, 2048, 2048, 2048]",317.0
1291,11342,44,11,2026-07-26T13:17:41.524000+00:00,29.798,31.467,24.467,288.0,235.0,False,85.732,"[None, 2048, 2048, 2048, 2048, 2048, 2048]","[2048, 2048, 2048, 2048, 2048, 2048, 2048, 2048, 2048]","[2048, 2048, 2048, 2048, 2048, 2048]",328.0
1291,11342,16,11,2026-07-26T13:17:42.539000+00:00,29.829,31.226,24.769,293.0,239.0,False,85.824,"[None, 2048, 2048, 2048, 2048, 2048, 2048]","[2048, 2048, 2048, 2048, 2048, 2048, 2048, 2048, 2048]","[2048, 2048, 2048, 2048, 2048, 2048]",326.0
1291,11342,12,11,2026-07-26T13:17:44.086000+00:00,30.041,31.27,24.661,288.0,233.0,False,85.972,"[None, 2048, 2048, 2048, 2048, 2048, 2048]","[2048, 2048, 2048, 2048, 2048, 2048, 2049, 2048, 2048]","[2049, 2048, 2048, 2048, 2048, 2048]",317.0
1291,11342,6,11,2026-07-26T13:17:49.571000+00:00,30.163,31.71,24.908,,236.0,False,86.781,"[None, 2048, 2048, 2048, 2048, 2048, 2048]","[2048, 2048, 2048, 2048, 2048, 2048, 2048, 2048, 2048]","[2048, 2048, 2048, 2048, 2048, 2048]",314.0
1291,11342,30,11,2026-07-26T13:17:54.477000+00:00,30.168,31.672,25.021,284.0,235.0,False,86.861,"[None, 2048, 2048, 2049, 2048, 2048, 2048]","[2048, 2048, 2048, 2048, 2048, 2048, 2048, 2048, 2048]","[2048, 2048, 2048, 2048, 2048, 2048]",319.0
1291,11342,41,11,2026-07-26T13:17:57.899000+00:00,30.314,31.864,24.878,289.0,234.0,False,87.056,"[None, 2048, 2048, 2048, 2048, 2048, 2048]","[2049, 2048, 2048, 2048, 2048, 2048, 2048, 2048, 2048]","[2048, 2048, 2048, 2048, 2048, 2048]",315.0
1291,11342,27,11,2026-07-26T13:17:59.469000+00:00,30.636,31.941,24.87,,231.0,False,87.447,"[None, 2048, 2048, 2048, 2048, 2048, 2048]","[2048, 2048, 2048, 2048, 2048, 2048, 2048, 2048, 2048]","[2048, 2048, 2048, 2048, 2048, 2048]",
1291,11342,10,11,2026-07-26T13:18:02.383000+00:00,30.465,32.399,25.381,,228.0,False,88.245,"[None, 2048, 2048, 2048, 2048, 2048, 2048]","[2048, 2048, 2048, 2048, 2048, 2048, 2048, 2048, 2048]","[2048, 2048, 2048, 2048, 2048, 2048]",322.0
1291,11342,63,11,2026-07-26T13:18:03.234000+00:00,30.248,32.188,25.186,292.0,231.0,False,87.622,"[None, 2048, 2048, 2048, 2048, 2049, 2049]","[2048, 2048, 2048, 2048, 2048, 2048, 2048, 2048, 2048]","[2048, 2048, 2048, 2048, 2048, 2048]",331.0
1291,11342,31,11,2026-07-26T13:18:06.822000+00:00,30.55,32.379,25.265,283.0,229.0,False,88.194,"[None, 2048, 2048, 2048, 2048, 2048, 2048]","[2048, 2048, 2048, 2049, 2048, 2048, 2048, 2048, 2048]","[2048, 2048, 2048, 2048, 2048, 2048]",
1291,11342,5,11,2026-07-26T13:18:07.414000+00:00,30.474,32.386,25.154,283.0,229.0,False,88.014,"[None, 2048, 2048, 2048, 2048, 2048, 2048]","[2048, 2048, 2048, 2049, 2049, 2048, 2048, 2048, 2048]","[2048, 2048, 2048, 2048, 2048, 2048]",327.0
1291,11342,43,11,2026-07-26T13:18:09.102000+00:00,30.355,32.336,25.287,276.0,228.0,False,87.978,"[None, 2048, 2048, 2049, 2048, 2048, 2048]","[2049, 2048, 2048, 2048, 2048, 2048, 2048, 2048, 2048]","[2048, 2048, 2048, 2048, 2048, 2048]",
1291,11342,14,11,2026-07-26T13:18:09.558000+00:00,30.564,32.372,25.272,270.0,232.0,False,88.208,"[None, 2048, 2048, 2049, 2048, 2048, 2048]","[2048, 2048, 2048, 2048, 2048, 2048, 2048, 2048, 2048]","[2048, 2048, 2048, 2048, 2048, 2048]",325.0
1291,11342,87,11,2026-07-26T13:18:12.340000+00:00,30.515,32.376,25.238,281.0,233.0,False,88.129,"[None, 2048, 2048, 2049, 2048, 2048, 2048]","[2048, 2048, 2048, 2048, 2048, 2048, 2048, 2048, 2048]","[2048, 2048, 2048, 2048, 2048, 2048]",318.0
1291,11342,55,11,2026-07-26T13:18:14.514000+00:00,30.488,32.459,24.999,282.0,228.0,False,87.946,"[None, 2048, 2048, 2049, 2049, 2049, 2049]","[2048, 2048, 2048, 2049, 2049, 2048, 2048, 2048, 2048]","[2048, 2049, 2048, 2048, 2048, 2048]",320.0
1291,11342,23,11,2026-07-26T13:18:16.939000+00:00,30.692,32.475,25.244,284.0,224.0,False,88.411,"[None, 2048, 2048, 2048, 2048, 2048, 2048]","[2049, 2048, 2048, 2048, 2048, 2048, 2049, 2049, 2048]","[2048, 2048, 2048, 2049, 2048, 2048]",319.0
1291,11342,77,11,2026-07-26T13:18:20.199000+00:00,30.865,32.737,25.333,272.0,231.0,False,88.935,"[None, 2048, 2048, 2048, 2048, 2048, 2048]","[2048, 2049, 2048, 2048, 2049, 2048, 2048, 2048, 2048]","[2048, 2048, 2048, 2048, 2048, 2048]",
1291,11342,11,11,2026-07-26T13:18:23.402000+00:00,31.204,32.971,25.374,271.0,227.0,False,89.549,"[None, 2048, 2048, 2048, 2048, 2048, 2048]","[2048, 2048, 2048, 2048, 2048, 2048, 2048, 2048, 2048]","[2048, 2048, 2048, 2049, 2048, 2048]",316.0
1291,11342,18,11,2026-07-26T13:18:31.840000+00:00,30.63,31.889,24.716,265.0,226.0,False,87.235,"[None, 2048, 2048, 2048, 2048, 2048, 2048]","[2048, 2048, 2048, 2048, 2048, 2048, 2048, 2048, 2048]","[2048, 2048, 2048, 2048, 2048, 2048]",311.0
1291,11342,81,12,2026-07-26T13:19:02.339000+00:00,30.109,31.361,24.328,282.0,232.0,False,85.798,"[2048, 2048, 2048, 2048, 2048, 2048, 2048]","[2048, 2048, 2048, 2048, 2048, 2048, 2048, 2048, 2048]","[2048, 2048, 2049, 2048, 2048, 2048]",316.0
1291,11342,1,12,2026-07-26T13:19:03.652000+00:00,29.945,31.333,24.441,290.0,236.0,False,85.719,"[None, 2048, 2048, 2049, 2048, 2048, 2048]","[2048, 2048, 2048, 2048, 2048, 2048, 2048, 2048, 2048]","[2048, 2048, 2048, 2048, 2048, 2048]",
1291,11342,3,12,2026-07-26T13:19:06.655000+00:00,29.876,31.407,24.45,292.0,239.0,False,85.733,"[None, 2048, 2048, 2048, 2048, 2048, 2048]","[2048, 2048, 2048, 2048, 2048, 2048, 2048, 2048, 2048]","[2048, 2048, 2048, 2048, 2048, 2048]",315.0
1291,11342,44,12,2026-07-26T13:19:07.209000+00:00,29.762,31.519,24.522,291.0,236.0,False,85.803,"[None, 2048, 2048, 2048, 2048, 2048, 2048]","[2048, 2048, 2048, 2048, 2048, 2048, 2048, 2048, 2048]","[2048, 2048, 2048, 2048, 2048, 2048]",326.0
1291,11342,16,12,2026-07-26T13:19:08.499000+00:00,29.88,31.502,24.673,289.0,240.0,False,86.055,"[None, 2048, 2048, 2048, 2048, 2048, 2048]","[2048, 2048, 2048, 2048, 2048, 2048, 2048, 2048, 2048]","[2049, 2048, 2048, 2048, 2048, 2048]",320.0
1291,11342,12,12,2026-07-26T13:19:09.983000+00:00,29.951,31.569,24.546,286.0,235.0,False,86.066,"[None, 2048, 2048, 2048, 2048, 2048, 2048]","[2048, 2048, 2048, 2048, 2048, 2048, 2048, 2048, 2049]","[2049, 2048, 2048, 2048, 2048, 2048]",323.0
1291,11342,6,12,2026-07-26T13:19:16.417000+00:00,30.211,31.858,24.719,281.0,237.0,False,86.788,"[None, 2048, 2048, 2048, 2048, 2048, 2048]","[2048, 2048, 2048, 2048, 2048, 2048, 2048, 2048, 2048]","[2048, 2048, 2048, 2049, 2048, 2048]",309.0
1291,11342,30,12,2026-07-26T13:19:21.402000+00:00,30.334,31.827,24.934,285.0,235.0,False,87.095,"[None, 2048, 2048, 2048, 2048, 2048, 2048]","[2048, 2048, 2048, 2048, 2048, 2048, 2048, 2048, 2048]","[2048, 2048, 2048, 2048, 2048, 2048]",317.0
1291,11342,41,12,2026-07-26T13:19:24.918000+00:00,30.403,32.048,24.974,287.0,233.0,False,87.425,"[None, 2048, 2048, 2048, 2048, 2048, 2048]","[2048, 2048, 2048, 2048, 2048, 2048, 2048, 2048, 2048]","[2048, 2048, 2048, 2048, 2048, 2048]",
1291,11342,27,12,2026-07-26T13:19:26.883000+00:00,30.487,31.96,24.878,291.0,232.0,False,87.325,"[None, 2048, 2048, 2048, 2048, 2048, 2048]","[2048, 2048, 2048, 2048, 2048, 2048, 2049, 2048, 2048]","[2048, 2048, 2048, 2048, 2049, 2048]",319.0
1291,11342,10,12,2026-07-26T13:19:30.731000+00:00,30.929,32.766,25.421,276.0,228.0,False,89.116,"[None, 2048, 2048, 2048, 2048, 2048, 2048]","[2048, 2048, 2048, 2048, 2048, 2048, 2048, 2048, 2048]","[2048, 2048, 2048, 2048, 2048, 2048]",
1291,11342,63,12,2026-07-26T13:19:30.883000+00:00,30.218,31.77,24.697,289.0,229.0,False,86.685,"[None, 2048, 2048, 2048, 2048, 2048, 2048]","[2048, 2048, 2048, 2048, 2048, 2048, 2049, 2048, 2048]","[2048, 2048, 2049, 2049, 2048]",332.0
1291,11342,31,12,2026-07-26T13:19:34.870000+00:00,30.807,32.59,25.288,251.0,235.0,False,88.685,"[None, 2048, 2048, 2048, 2048, 2048, 2048]","[2048, 2048, 2048, 2048, 2048, 2048, 2048, 2048, 2048]","[2048, 2048, 2048, 2048, 2048, 2048]",316.0
1291,11342,5,12,2026-07-26T13:19:35.499000+00:00,30.422,33.035,25.26,248.0,231.0,False,88.717,"[None, 2048, 2048, 2048, 2048, 2048, 2048]","[2048, 2048, 2048, 2048, 2048, 2048, 2048, 2048, 2048]","[2048, 2048, 2048, 2048, 2048, 2048]",328.0
1291,11342,43,12,2026-07-26T13:19:37.069000+00:00,30.431,32.517,25.322,272.0,229.0,False,88.27,"[None, 2048, 2048, 2048, 2048, 2048, 2048]","[2048, 2048, 2048, 2049, 2048, 2048, 2048, 2048, 2048]","[2048, 2048, 2048, 2048, 2048, 2048]",323.0
1291,11342,14,12,2026-07-26T13:19:37.740000+00:00,30.778,32.337,25.101,274.0,232.0,False,88.216,"[None, 2048, 2048, 2048, 2048, 2048, 2048]","[2048, 2048, 2048, 2048, 2048, 2048, 2049, 2048, 2048]","[2049, 2049, 2048, 2048, 2048, 2048]",317.0
1291,11342,87,12,2026-07-26T13:19:40.413000+00:00,30.614,32.4,25.345,280.0,234.0,False,88.359,"[None, 2048, 2048, 2048, 2048, 2048, 2048]","[2048, 2048, 2048, 2048, 2048, 2048, 2049, 2048, 2048]","[2048, 2048, 2048, 2048, 2048, 2048]",317.0
1291,11342,55,12,2026-07-26T13:19:42.537000+00:00,30.543,32.488,25.09,283.0,228.0,False,88.121,"[None, 2048, 2048, 2048, 2048, 2048, 2048]","[2048, 2048, 2048, 2048, 2048, 2048, 2048, 2049, 2048]","[2048, 2048, 2048, 2048, 2048, 2048]",
1291,11342,23,12,2026-07-26T13:19:45.394000+00:00,30.732,35.12,25.345,283.0,222.0,False,91.197,"[None, 2048, 2048, 2049, 2048, 2048, 2048]","[None, None, 2048, 2048, 2048, 2048, 2048, 2048, 2048]","[2048, 2048, 2048, 2048, 2048, 2048]",
1291,11342,77,12,2026-07-26T13:19:49.074000+00:00,30.838,33.109,25.397,282.0,229.0,False,89.344,"[None, 2048, 2048, 2048, 2049, 2048, 2048]","[2048, 2048, 2048, 2048, 2048, 2048, 2048, 2048, 2048]","[2048, 2048, 2048, 2048, 2048, 2048]",315.0
1291,11342,11,12,2026-07-26T13:19:53.024000+00:00,31.132,33.072,25.49,270.0,228.0,False,89.694,"[None, 2048, 2048, 2048, 2048, 2048, 2048]","[2048, 2048, 2048, 2048, 2048, 2048, 2048, 2048, 2048]","[2048, 2048, 2048, 2048, 2048, 2048]",
1291,11342,18,12,2026-07-26T13:19:59.096000+00:00,30.596,32.2,25.007,260.0,227.0,False,87.803,"[None, 2048, 2048, 2048, 2048, 2048, 2048]","[2048, 2048, 2048, 2048, 2048, 2048, 2048, 2048, 2048]","[2048, 2048, 2048, 2048, 2048, 2048]",312.0
1291,11342,81,13,2026-07-26T13:20:28.149000+00:00,30.154,31.437,24.334,,234.0,False,85.925,"[None, 2048, 2048, 2048, 2048, 2048, 2048]","[2048, 2048, 2048, 2048, 2048, 2048, 2048, 2048, 2048]","[2048, 2048, 2048, 2048, 2048, 2048]",315.0
1291,11342,1,13,2026-07-26T13:20:29.258000+00:00,29.955,31.297,24.593,291.0,236.0,False,85.845,"[None, 2048, 2048, 2048, 2048, 2048, 2048]","[2048, 2048, 2048, 2048, 2048, 2048, 2048, 2048, 2048]","[2048, 2048, 2048, 2048, 2048, 2048]",
1291,11342,3,13,2026-07-26T13:20:32.430000+00:00,30.015,31.327,24.615,,238.0,False,85.957,"[None, 2048, 2048, 2048, 2048, 2048, 2048]","[2049, 2048, 2048, 2048, 2048, 2048, 2048, 2048, 2048]","[2048, 2048, 2048, 2048, 2048, 2048]",
1291,11342,44,13,2026-07-26T13:20:33.102000+00:00,29.943,31.405,27.292,292.0,238.0,False,88.64,"[None, 2048, 2048, 2048, 2048, 2048, 2048]","[2048, 2048, 2048, 2048, 2048, 2048, 2048, 2048, 2048]","[2049, 2048, 2048, 2064, 2064, 2064]",325.0
1291,11342,16,13,2026-07-26T13:20:34.524000+00:00,29.981,31.42,24.668,290.0,239.0,False,86.069,"[None, 2048, 2048, 2048, 2048, 2048, 2048]","[2048, 2048, 2048, 2048, 2048, 2048, 2048, 2048, 2048]","[2048, 2048, 2048, 2048, 2048, 2048]",318.0
1291,11342,12,13,2026-07-26T13:20:36.133000+00:00,29.99,31.491,24.682,290.0,234.0,False,86.163,"[None, 2048, 2048, 2048, 2048, 2048, 2048]","[2048, 2048, 2048, 2048, 2048, 2048, 2048, 2048, 2048]","[2048, 2048, 2048, 2048, 2048, 2048]",
1291,11342,6,13,2026-07-26T13:20:43.133000+00:00,30.182,31.873,24.789,285.0,235.0,False,86.844,"[None, 2048, 2048, 2048, 2048, 2048, 2048]","[2048, 2048, 2048, 2048, 2048, 2048, 2048, 2048, 2048]","[2048, 2048, 2048, 2048, 2048, 2048]",315.0
1291,11342,30,13,2026-07-26T13:20:48.380000+00:00,30.213,31.774,24.931,288.0,236.0,False,86.918,"[None, 2048, 2048, 2048, 2048, 2048, 2048]","[2048, 2048, 2048, 2048, 2049, 2048, 2048, 2048, 2048]","[2048, 2048, 2048, 2048, 2048, 2048]",318.0
1291,11342,41,13,2026-07-26T13:20:52.369000+00:00,30.306,32.07,24.892,,234.0,False,87.268,"[None, 2048, 2048, 2049, 2048, 2048, 2048]","[2048, 2048, 2048, 2048, 2048, 2048, 2048, 2048, 2048]","[2048, 2048, 2048, 2048, 2048, 2048]",317.0
1291,11342,27,13,2026-07-26T13:20:54.135000+00:00,30.217,31.876,25.043,283.0,233.0,False,87.136,"[None, 2048, 2048, 2048, 2048, 2048, 2048]","[2049, 2048, 2048, 2048, 2048, 2048, 2048, 2048, 2048]","[2048, 2048, 2048, 2048, 2048, 2048]",318.0
1291,11342,63,13,2026-07-26T13:20:57.435000+00:00,30.073,31.576,24.608,293.0,231.0,False,86.257,"[None, 2048, 2048, 2049, 2048, 2048, 2048]","[2048, 2048, 2048, 2048, 2048, 2048, 2048, 2048, 2048]","[2048, 2048, 2049, 2049, 2048, 2048]",321.0
1291,11342,10,13,2026-07-26T13:20:59.855000+00:00,30.655,32.682,25.259,289.0,227.0,False,88.596,"[None, 2048, 2048, 2048, 2048, 2048, 2048]","[2048, 2048, 2048, 2048, 2048, 2048, 2048, 2048, 2048]","[2048, 2048, 2048, 2048, 2048, 2048]",
1291,11342,31,13,2026-07-26T13:21:03.683000+00:00,30.663,32.398,25.25,282.0,233.0,False,88.311,"[None, 2048, 2048, 2048, 2048, 2048, 2048]","[2048, 2048, 2048, 2048, 2048, 2048, 2048, 2048, 2048]","[2049, 2048, 2048, 2048, 2048, 2048]",
1291,11342,5,13,2026-07-26T13:21:04.183000+00:00,30.535,32.613,25.233,283.0,231.0,False,88.381,"[None, 2048, 2048, 2048, 2048, 2048, 2048]","[2048, 2048, 2048, 2048, 2048, 2048, 2048, 2048, 2048]","[2048, 2048, 2048, 2048, 2048, 2048]",326.0
1291,11342,43,13,2026-07-26T13:21:05.324000+00:00,30.424,32.544,25.383,275.0,229.0,False,88.351,"[None, 2048, 2048, 2048, 2048, 2048, 2048]","[2048, 2048, 2048, 2048, 2048, 2048, 2049, 2048, 2048]","[2048, 2048, 2048, 2048, 2048, 2048]",324.0
1291,11342,14,13,2026-07-26T13:21:06.011000+00:00,30.747,32.508,25.072,276.0,232.0,False,88.327,"[None, 2048, 2048, 2048, 2048, 2048, 2048]","[2048, 2048, 2048, 2048, 2048, 2048, 2048, 2048, 2048]","[2049, 2048, 2048, 2048, 2048, 2048]",323.0
1291,11342,87,13,2026-07-26T13:21:08.761000+00:00,30.553,32.548,25.511,282.0,232.0,False,88.612,"[None, 2048, 2048, 2048, 2048, 2048, 2048]","[2048, 2048, 2048, 2048, 2048, 2048, 2048, 2048, 2048]","[2048, 2048, 2048, 2048, 2048, 2048]",318.0
1291,11342,55,13,2026-07-26T13:21:10.558000+00:00,30.531,32.637,25.206,282.0,228.0,False,88.374,"[None, 2048, 2048, 2048, 2048, 2048, 2049]","[2048, 2048, 2048, 2048, 2048, 2048, 2048, 2048, 2048]","[2048, 2048, 2048, 2048, 2048, 2048]",
1291,11342,23,13,2026-07-26T13:21:16.792000+00:00,30.656,32.812,25.369,270.0,221.0,False,88.837,"[None, 2048, 2048, 2048, 2048, 2048, 2048]","[2048, 2049, 2048, 2048, 2048, 2048, 2048, 2048, 2048]","[2048, 2048, 2048, 2048, 2048, 2048]",318.0
1291,11342,77,13,2026-07-26T13:21:18.355000+00:00,30.918,33.119,25.584,274.0,230.0,False,89.621,"[None, 2048, 2048, 2048, 2048, 2048, 2048]","[2048, 2048, 2048, 2048, 2048, 2048, 2048, 2048, 2048]","[2048, 2048, 2048, 2048, 2048, 2048]",316.0
1291,11342,11,13,2026-07-26T13:21:22.589000+00:00,30.885,32.941,25.545,268.0,229.0,False,89.371,"[None, 2048, 2048, 2048, 2048, 2048, 2048]","[2048, 2048, 2048, 2048, 2049, 2048, 2048, 2048, 2048]","[2048, 2048, 2048, 2048, 2048, 2048]",
1291,11342,18,13,2026-07-26T13:21:26.964000+00:00,30.512,32.128,24.888,268.0,226.0,False,87.528,"[None, 2048, 2048, 2048, 2048, 2048, 2048]","[2048, 2048, 2048, 2048, 2048, 2048, 2048, 2048, 2048]","[2048, 2048, 2048, 2048, 2048, 2048]",313.0
1291,11342,81,14,2026-07-26T13:21:54.001000+00:00,29.975,31.288,24.418,283.0,237.0,False,85.681,"[None, 2048, 2048, 2048, 2048, 2049, 2048]","[2048, 2048, 2048, 2048, 2048, 2048, 2048, 2048, 2048]","[2048, 2048, 2048, 2048, 2048, 2048]",316.0
1291,11342,1,14,2026-07-26T13:21:55.169000+00:00,29.838,31.358,24.383,292.0,237.0,False,85.579,"[None, 2048, 2048, 2048, 2048, 2051, 2049]","[2048, 2048, 2048, 2048, 2048, 2048, 2048, 2048, 2048]","[2049, 2048, 2048, 2048, 2048, 2048]",322.0
1291,11342,3,14,2026-07-26T13:21:58.434000+00:00,29.808,31.399,27.302,294.0,238.0,False,88.509,"[None, 2048, 2048, 2049, 2048, 2048, 2048]","[2048, 2048, 2048, 2048, 2048, 2048, 2048, 2048, 2048]","[2048, 2048, 2048, 2064, 2064, 2064]",313.0
1291,11342,16,14,2026-07-26T13:22:00.426000+00:00,29.985,31.298,24.766,,238.0,False,86.049,"[None, 2048, 2048, 2048, 2048, 2048, 2048]","[2048, 2048, 2048, 2048, 2048, 2048, 2048, 2049, 2048]","[2048, 2048, 2048, 2048, 2048, 2048]",316.0
1291,11342,44,14,2026-07-26T13:22:01.715000+00:00,48.497,30.919,23.669,276.0,241.0,True,103.085,"[2064, 2064, 2048, 2049, 2048, 2048, 2049]","[2048, 2048, 2049, 2051, 2051, 2048, 2049, 2051, 2051]","[2049, 2051, 2051, 2051, 2048, 2048]",
1291,11342,12,14,2026-07-26T13:22:02.256000+00:00,29.96,31.38,24.74,289.0,233.0,False,86.08,"[None, 2048, 2048, 2048, 2048, 2048, 2048]","[2048, 2048, 2048, 2048, 2048, 2048, 2048, 2048, 2048]","[2048, 2048, 2048, 2048, 2048, 2048]",320.0
1291,11342,6,14,2026-07-26T13:22:10.002000+00:00,30.011,31.984,25.0,283.0,234.0,False,86.995,"[None, 2048, 2048, 2049, 2049, 2048, 2048]","[2048, 2048, 2048, 2048, 2048, 2048, 2048, 2048, 2048]","[2048, 2048, 2048, 2048, 2048, 2048]",312.0
1291,11342,30,14,2026-07-26T13:22:15.345000+00:00,30.014,31.979,25.118,284.0,236.0,False,87.111,"[None, 2048, 2048, 2049, 2048, 2048, 2048]","[2048, 2048, 2048, 2048, 2049, 2048, 2048, 2048, 2048]","[2048, 2048, 2048, 2048, 2048, 2048]",317.0
1291,11342,41,14,2026-07-26T13:22:19.682000+00:00,30.291,32.753,25.08,283.0,234.0,False,88.124,"[None, 2048, 2048, 2048, 2048, 2048, 2048]","[2048, 2048, 2048, 2048, 2048, 2048, 2048, 2048, 2048]","[2048, 2048, 2048, 2048, 2048, 2048]",
1291,11342,27,14,2026-07-26T13:22:21.339000+00:00,30.242,32.248,25.255,286.0,232.0,False,87.745,"[None, 2048, 2048, 2048, 2048, 2049, 2048]","[2048, 2048, 2048, 2048, 2048, 2048, 2048, 2048, 2048]","[2048, 2048, 2048, 2048, 2048, 2048]",319.0
1291,11342,63,14,2026-07-26T13:22:23.792000+00:00,30.111,31.801,24.685,290.0,234.0,False,86.597,"[None, 2048, 2048, 2049, 2048, 2049, 2048]","[2048, 2048, 2049, 2048, 2048, 2048, 2048, 2048, 2048]","[2048, 2048, 2048, 2048, 2048, 2048]",
1291,11342,10,14,2026-07-26T13:22:28.421000+00:00,29.984,32.283,25.255,283.0,230.0,False,87.522,"[None, 2048, 2048, 2048, 2048, 2048, 2048]","[2048, 2048, 2048, 2048, 2048, 2048, 2048, 2048, 2048]","[2048, 2048, 2048, 2048, 2048, 2048]",
1291,11342,31,14,2026-07-26T13:22:32.027000+00:00,30.678,33.629,25.455,281.0,231.0,False,89.762,"[None, 2048, 2048, 2048, 2048, 2048, 2048]","[2048, 2048, 2048, 2048, 2048, 2048, 2048, 2048, 2048]","[2048, 2048, 2048, 2048, 2048, 2048]",
1291,11342,5,14,2026-07-26T13:22:32.587000+00:00,30.307,32.839,24.973,274.0,226.0,False,88.119,"[None, 2049, 2048, 2048, 2048, 2048, 2048]","[2048, 2048, 2048, 2048, 2048, 2048, 2048, 2048, 2048]","[2048, 2049, 2049, 2048, 2048]",328.0
1291,11342,43,14,2026-07-26T13:22:33.735000+00:00,30.403,33.145,25.591,287.0,230.0,False,89.139,"[None, 2048, 2048, 2049, 2048, 2048, 2049]","[2048, 2048, 2048, 2048, 2048, 2048, 2048, 2048, 2048]","[2048, 2048, 2048, 2048, 2048, 2048]",
1291,11342,14,14,2026-07-26T13:22:34.334000+00:00,30.65,32.778,25.349,280.0,230.0,False,88.777,"[None, 2048, 2048, 2048, 2048, 2049, 2049]","[2048, 2048, 2048, 2048, 2048, 2048, 2048, 2048, 2048]","[2048, 2048, 2048, 2048, 2048, 2048]",326.0
1291,11342,87,14,2026-07-26T13:22:37.457000+00:00,30.473,32.516,25.523,283.0,232.0,False,88.512,"[None, 2048, 2048, 2049, 2048, 2048, 2048]","[2048, 2048, 2048, 2048, 2048, 2048, 2048, 2049, 2048]","[2048, 2048, 2048, 2048, 2048, 2048]",
1291,11342,55,14,2026-07-26T13:22:38.898000+00:00,30.442,32.883,25.226,,226.0,False,88.551,"[None, 2048, 2048, 2048, 2048, 2049, 2049]","[2048, 2048, 2048, 2048, 2048, 2048, 2048, 2048, 2048]","[2048, 2048, 2048, 2048, 2048, 2048]",321.0
1291,11342,23,14,2026-07-26T13:22:45.513000+00:00,30.388,32.584,25.276,274.0,222.0,False,88.248,"[None, 2048, 2048, 2048, 2048, 2048, 2048]","[2048, 2049, 2049, 2048, 2048, 2048, 2048, 2048, 2048]","[2048, 2048, 2048, 2049, 2048, 2048]",
1291,11342,77,14,2026-07-26T13:22:48.013000+00:00,31.423,47.298,,255.0,134.0,False,,"[None, 2048, 2048, 2048, 2048, 2048, 2048]","[2048, 2048, 2048, 2048, 2048, 2048, 2048, 2048, 2048]",[2048],
1291,11342,11,14,2026-07-26T13:22:51.980000+00:00,30.867,33.008,25.467,271.0,227.0,False,89.342,"[None, 2048, 2048, 2048, 2048, 2048, 2048]","[2048, 2048, 2049, 2048, 2049, 2048, 2048, 2048, 2048]","[2048, 2049, 2048, 2048, 2048]",
1291,11342,18,14,2026-07-26T13:22:54.355000+00:00,30.688,32.337,25.149,266.0,228.0,False,88.174,"[None, 2048, 2048, 2049, 2048, 2048, 2048]","[2048, 2048, 2048, 2048, 2048, 2048, 2048, 2048, 2048]","[2048, 2048, 2048, 2048, 2048]",314.0
1291,11342,81,15,2026-07-26T13:23:19.869000+00:00,29.977,31.206,24.46,282.0,237.0,False,85.643,"[None, 2048, 2048, 2048, 2048, 2048, 2048]","[2048, 2048, 2048, 2048, 2048, 2048, 2048, 2048, 2048]","[2048, 2048, 2048, 2048, 2048, 2048]",317.0
1291,11342,1,15,2026-07-26T13:23:20.805000+00:00,29.814,31.443,24.356,294.0,237.0,False,85.613,"[None, 2049, 2048, 2048, 2048, 2048, 2049]","[2048, 2048, 2048, 2048, 2048, 2048, 2049, 2048, 2048]","[2049, 2048, 2048, 2049, 2048, 2048]",326.0
1291,11342,16,15,2026-07-26T13:23:26.492000+00:00,30.078,31.382,24.606,289.0,239.0,False,86.066,"[None, 2048, 2048, 2048, 2048, 2049, 2048]","[2048, 2048, 2048, 2048, 2048, 2048, 2049, 2048, 2048]","[2048, 2048, 2048, 2048, 2048, 2048]",315.0
1291,11342,3,15,2026-07-26T13:23:26.758000+00:00,48.24,31.052,24.06,295.0,242.0,True,103.352,"[2064, 2064, 2048, 2049, 2048, 2048, 2048]","[2048, 2048, 2049, 2049, 2048, 2048, 2051, 2049, 2049]","[2051, 2048, 2049, 2048, 2051, 2051]",
1291,11342,12,15,2026-07-26T13:23:28.228000+00:00,29.958,31.42,24.674,285.0,231.0,False,86.052,"[None, 2048, 2048, 2048, 2048, 2049, 2048]","[2048, 2048, 2048, 2048, 2048, 2048, 2048, 2048, 2048]","[2048, 2048, 2048, 2048, 2048, 2048]",321.0
1291,11342,6,15,2026-07-26T13:23:36.961000+00:00,30.197,31.69,24.871,284.0,235.0,False,86.758,"[None, 2048, 2048, 2048, 2048, 2048, 2048]","[2048, 2048, 2048, 2048, 2048, 2048, 2048, 2048, 2048]","[2048, 2048, 2048, 2048, 2048]",
1291,11342,30,15,2026-07-26T13:23:42.473000+00:00,30.149,32.171,25.22,,230.0,False,87.54,"[None, 2049, 2048, 2048, 2048, 2048, 2048]","[2048, 2048, 2048, 2048, 2048, 2048, 2048, 2048, 2048]","[2048, 2048, 2048, 2048, 2048, 2048]",319.0
1291,11342,44,15,2026-07-26T13:23:44.744000+00:00,29.404,30.879,24.654,281.0,234.0,False,84.937,"[2048, 2048, 2051, 2048, 2051, 2049, 2048]","[2049, 2051, 2048, 2051, 2048, 2048, 2048, 2048, 2048]","[2048, 2048, 2048, 2048, 2048, 2048]",318.0
1291,11342,41,15,2026-07-26T13:23:47.793000+00:00,30.448,32.016,25.03,284.0,233.0,False,87.494,"[None, 2048, 2048, 2048, 2048, 2048, 2048]","[2048, 2048, 2048, 2048, 2048, 2048, 2049, 2048, 2048]","[2048, 2048, 2048, 2048, 2048, 2048]",319.0
1291,11342,27,15,2026-07-26T13:23:49.143000+00:00,30.393,32.114,24.982,281.0,232.0,False,87.489,"[None, 2048, 2048, 2048, 2048, 2048, 2048]","[2048, 2048, 2048, 2048, 2048, 2048, 2048, 2048, 2048]","[2048, 2048, 2048, 2048, 2048, 2048]",320.0
1291,11342,63,15,2026-07-26T13:23:50.415000+00:00,30.118,31.735,24.861,285.0,235.0,False,86.714,"[None, 2048, 2048, 2048, 2048, 2049, 2048]","[2048, 2048, 2049, 2048, 2048, 2048, 2048, 2048, 2048]","[2049, 2048, 2048, 2048, 2048, 2048]",322.0
1291,11342,10,15,2026-07-26T13:23:55.996000+00:00,30.242,32.516,25.325,284.0,227.0,False,88.083,"[None, 2048, 2048, 2048, 2048, 2048, 2048]","[2048, 2048, 2048, 2048, 2048, 2048, 2048, 2048, 2048]","[2048, 2048, 2048, 2048, 2048, 2048]",321.0
1291,11342,5,15,2026-07-26T13:24:00.496000+00:00,30.26,32.005,24.919,287.0,231.0,False,87.184,"[None, 2048, 2048, 2049, 2048, 2048, 2048]","[2049, 2048, 2048, 2049, 2049, 2048, 2048, 2048, 2048]","[2048, 2048, 2049, 2048, 2048, 2048]",316.0
1291,11342,31,15,2026-07-26T13:24:01.699000+00:00,30.594,32.368,25.231,282.0,234.0,False,88.193,"[None, 2048, 2048, 2048, 2048, 2048, 2048]","[2048, 2048, 2048, 2048, 2048, 2048, 2048, 2048, 2048]","[2048, 2048, 2048, 2048, 2048, 2048]",326.0
1291,11342,43,15,2026-07-26T13:24:02.824000+00:00,30.591,32.576,27.826,270.0,227.0,False,90.993,"[None, 2048, 2048, 2048, 2048, 2048, 2048]","[2048, 2048, 2048, 2048, 2048, 2048, 2048, 2048, 2048]","[2049, 2048, 2048, 2064, 2064, 2064]",
1291,11342,14,15,2026-07-26T13:24:03.105000+00:00,30.722,32.795,25.017,265.0,231.0,False,88.534,"[2049, 2049, 2048, 2048, 2048, 2048, 2048]","[2048, 2048, 2048, 2048, 2048, 2048, 2048, 2048, 2048]","[2048, 2048, 2048, 2049, 2048]",331.0
1291,11342,87,15,2026-07-26T13:24:05.939000+00:00,30.707,32.447,25.335,282.0,231.0,False,88.489,"[None, 2048, 2048, 2048, 2048, 2048, 2048]","[2048, 2048, 2048, 2048, 2048, 2048, 2048, 2048, 2048]","[2048, 2048, 2048, 2048, 2048, 2048]",319.0
1291,11342,55,15,2026-07-26T13:24:07.556000+00:00,30.838,32.678,25.142,279.0,228.0,False,88.658,"[None, 2048, 2048, 2048, 2048, 2049, 2049]","[2048, 2048, 2048, 2049, 2048, 2048, 2048, 2048, 2048]","[2048, 2048, 2048, 2048, 2048, 2048]",322.0
1291,11342,23,15,2026-07-26T13:24:13.758000+00:00,30.418,32.703,25.379,282.0,221.0,False,88.5,"[None, 2048, 2048, 2048, 2048, 2049, 2049]","[2048, 2048, 2049, 2048, 2048, 2048, 2048, 2048, 2048]","[2048, 2048, 2048, 2048, 2048, 2048]",
1291,11342,11,15,2026-07-26T13:24:21.368000+00:00,31.012,33.286,25.421,273.0,226.0,False,89.719,"[None, 2048, 2048, 2048, 2048, 2048, 2048]","[2048, 2048, 2048, 2048, 2048, 2048, 2048, 2048, 2048]","[2048, 2048, 2048, 2048, 2048, 2048]",315.0
1291,11342,18,15,2026-07-26T13:24:22.414000+00:00,30.779,32.613,25.227,269.0,229.0,False,88.619,"[None, 2048, 2048, 2048, 2048, 2048, 2048]","[2048, 2048, 2048, 2048, 2048, 2048, 2048, 2048, 2048]","[2048, 2048, 2048, 2048, 2048, 2048]",315.0
1291,11342,81,16,2026-07-26T13:24:45.308000+00:00,29.969,31.544,27.005,283.0,234.0,False,88.518,"[None, 2048, 2048, 2048, 2048, 2048, 2048]","[2048, 2048, 2048, 2048, 2048, 2048, 2048, 2048, 2048]","[2048, 2048, 2048, 2064, 2064, 2064]",316.0
1291,11342,1,16,2026-07-26T13:24:46.386000+00:00,29.986,31.422,24.47,289.0,234.0,False,85.878,"[None, 2048, 2048, 2048, 2048, 2048, 2048]","[2048, 2048, 2048, 2048, 2048, 2048, 2048, 2048, 2048]","[2048, 2048, 2048, 2049, 2048, 2048]",322.0
1291,11342,16,16,2026-07-26T13:24:52.652000+00:00,29.995,31.461,27.453,286.0,235.0,False,88.909,"[None, 2048, 2048, 2048, 2048, 2048, 2048]","[2048, 2048, 2048, 2048, 2048, 2048, 2048, 2048, 2048]","[2048, 2048, 2048, 2064, 2064, 2064]",
1291,11342,12,16,2026-07-26T13:24:54.339000+00:00,29.908,31.465,24.601,289.0,231.0,False,85.974,"[None, 2048, 2048, 2048, 2048, 2048, 2048]","[2048, 2048, 2048, 2048, 2048, 2048, 2048, 2048, 2048]","[2048, 2048, 2049, 2048, 2048, 2048]",322.0
1291,11342,6,16,2026-07-26T13:25:03.699000+00:00,30.143,31.806,24.93,,234.0,False,86.879,"[None, 2048, 2048, 2048, 2048, 2048, 2048]","[2049, 2048, 2048, 2048, 2048, 2048, 2048, 2048, 2048]","[2048, 2048, 2048, 2048, 2048, 2048]",311.0
1291,11342,44,16,2026-07-26T13:25:09.684000+00:00,30.459,31.59,24.043,290.0,237.0,False,86.092,"[None, 2048, 2048, 2048, 2048, 2048, 2049]","[2048, 2048, 2049, 2048, 2048, 2048, 2048, 2048, 2048]","[2048, 2048, 2048, 2048, 2048, 2048]",320.0
1291,11342,30,16,2026-07-26T13:25:09.895000+00:00,31.239,32.504,25.102,276.0,231.0,False,88.845,"[None, 2048, 2048, 2048, 2048, 2048, 2048]","[2048, 2048, 2048, 2048, 2048, 2048, 2048, 2048, 2048]","[2048, 2048, 2048, 2048, 2048, 2048]",323.0
1291,11342,3,16,2026-07-26T13:25:10.270000+00:00,29.792,31.367,23.826,275.0,238.0,False,84.985,"[2051, 2048, 2048, 2048, 2048, 2049, 2048]","[2048, 2048, 2049, 2048, 2048, 2048, 2048, 2048, 2048]","[2048, 2049, 2049, 2049, 2048]",335.0
1291,11342,41,16,2026-07-26T13:25:15.214000+00:00,30.281,32.156,25.069,289.0,233.0,False,87.506,"[None, 2048, 2048, 2048, 2048, 2048, 2048]","[2048, 2048, 2048, 2048, 2048, 2048, 2048, 2048, 2048]","[2048, 2048, 2048, 2048, 2048, 2048]",318.0
1291,11342,27,16,2026-07-26T13:25:16.626000+00:00,30.414,32.198,25.014,285.0,231.0,False,87.626,"[None, 2048, 2048, 2048, 2048, 2048, 2048]","[2048, 2048, 2048, 2048, 2048, 2048, 2048, 2048, 2048]","[2048, 2048, 2048, 2048, 2048, 2048]",
1291,11342,63,16,2026-07-26T13:25:17.017000+00:00,30.327,32.137,24.768,289.0,236.0,False,87.232,"[None, 2048, 2048, 2048, 2048, 2048, 2048]","[2048, 2048, 2048, 2048, 2048, 2048, 2048, 2048, 2048]","[2048, 2048, 2048, 2048, 2049, 2049]",334.0
1291,11342,10,16,2026-07-26T13:25:24.001000+00:00,30.441,32.498,28.164,287.0,227.0,False,91.103,"[None, 2048, 2048, 2048, 2048, 2048, 2048]","[2048, 2048, 2048, 2048, 2048, 2048, 2048, 2048, 2048]","[2049, 2048, 2048, 2064, 2064, 2064]",320.0
1291,11342,5,16,2026-07-26T13:25:27.883000+00:00,30.307,31.957,24.864,282.0,230.0,False,87.128,"[None, 2048, 2048, 2048, 2049, 2048, 2048]","[2049, 2048, 2048, 2048, 2049, 2048, 2048, 2048, 2048]","[2048, 2049, 2049, 2048, 2048, 2048]",
1291,11342,31,16,2026-07-26T13:25:29.930000+00:00,30.656,32.423,25.214,281.0,233.0,False,88.293,"[None, 2048, 2048, 2048, 2048, 2048, 2048]","[2048, 2048, 2048, 2048, 2048, 2048, 2048, 2048, 2048]","[2049, 2048, 2048, 2048, 2048, 2048]",318.0
1291,11342,14,16,2026-07-26T13:25:31.461000+00:00,30.432,32.248,25.003,275.0,232.0,False,87.683,"[2048, 2048, 2048, 2048, 2048, 2049, 2048]","[2048, 2048, 2048, 2048, 2048, 2048, 2048, 2048, 2048]","[2048, 2049, 2048, 2048, 2048, 2048]",321.0
1291,11342,43,16,2026-07-26T13:25:33.821000+00:00,50.214,32.452,24.546,276.0,227.0,True,107.212,"[2064, 2064, 2048, 2048, 2048, 2048, 2049]","[2048, 2049, 2048, 2048, 2048, 2048, 2048, 2048, 2048]","[2049, 2048, 2049, 2049, 2049, 2049]",
1291,11342,87,16,2026-07-26T13:25:34.430000+00:00,30.505,32.446,25.432,284.0,231.0,False,88.383,"[None, 2048, 2048, 2048, 2048, 2048, 2048]","[2048, 2048, 2048, 2048, 2048, 2048, 2048, 2048, 2048]","[2048, 2048, 2048, 2048, 2048, 2048]",318.0
1291,11342,55,16,2026-07-26T13:25:36.133000+00:00,30.497,32.542,25.115,280.0,231.0,False,88.154,"[None, 2048, 2048, 2048, 2048, 2048, 2048]","[2048, 2048, 2048, 2048, 2048, 2048, 2048, 2049, 2048]","[2048, 2048, 2048, 2048, 2048, 2048]",321.0
1291,11342,23,16,2026-07-26T13:25:42.258000+00:00,30.541,32.545,25.223,275.0,223.0,False,88.309,"[None, 2048, 2048, 2048, 2048, 2048, 2048]","[2048, 2048, 2048, 2049, 2048, 2048, 2048, 2048, 2048]","[2048, 2048, 2049, 2048, 2048, 2048]",
1291,11342,11,16,2026-07-26T13:25:51.118000+00:00,31.514,33.69,26.083,262.0,223.0,False,91.287,"[None, 2048, 2048, 2048, 2048, 2048, 2048]","[2048, 2048, 2048, 2048, 2048, 2048, 2048, 2048, 2048]","[2048, 2048, 2048, 2048, 2048, 2048]",
1291,11342,18,16,2026-07-26T13:25:51.196000+00:00,30.877,31.971,24.872,,230.0,False,87.72,"[None, 2048, 2048, 2048, 2048, 2048, 2048]","[2048, 2048, 2048, 2048, 2048, 2048, 2048, 2048, 2048]","[2048, 2048, 2048, 2048, 2048]",318.0
1291,11342,1,17,2026-07-26T13:26:12.102000+00:00,29.89,30.933,27.089,,234.0,False,87.912,"[None, 2048, 2048, 2048, 2048, 2048, 2048]","[2051, 2048, 2048, 2048, 2049, 2048, 2049, 2049, 2048]","[2049, 2048, 2048, 2064, 2064, 2064]",319.0
1291,11342,81,17,2026-07-26T13:26:13.931000+00:00,49.324,31.538,23.863,284.0,239.0,True,104.725,"[2064, 2064, 2048, 2048, 2048, 2048, 2048]","[2048, 2048, 2048, 2048, 2048, 2048, 2048, 2048, 2048]","[2049, 2049, 2049, 2048, 2049, 2049]",
1291,11342,12,17,2026-07-26T13:26:20.314000+00:00,29.855,31.267,24.648,288.0,233.0,False,85.77,"[None, 2048, 2048, 2048, 2048, 2048, 2048]","[2049, 2048, 2048, 2048, 2048, 2048, 2049, 2048, 2048]","[2048, 2048, 2048, 2048, 2048]",318.0
1291,11342,16,17,2026-07-26T13:26:21.513000+00:00,48.793,31.172,24.681,297.0,241.0,True,104.646,"[2064, 2064, 2048, 2048, 2048, 2049, 2049]","[2048, 2049, 2048, 2048, 2048, 2049, 2049, 2048, 2048]","[2048, 2048, 2048, 2048, 2049, 2049]",
1291,11342,6,17,2026-07-26T13:26:30.602000+00:00,30.25,32.061,25.006,,234.0,False,87.317,"[None, 2048, 2048, 2049, 2048, 2048, 2048]","[2048, 2048, 2048, 2048, 2048, 2048, 2048, 2048, 2048]","[2048, 2048, 2048, 2048, 2048, 2048]",316.0
1291,11342,3,17,2026-07-26T13:26:35.024000+00:00,29.767,31.053,24.149,288.0,241.0,False,84.969,"[2048, 2048, 2048, 2048, 2048, 2048, 2048]","[2049, 2049, 2048, 2048, 2048, 2048, 2048, 2048, 2051]","[2048, 2048, 2048, 2048, 2048, 2048]",317.0
1291,11342,44,17,2026-07-26T13:26:35.914000+00:00,29.41,31.337,24.317,287.0,236.0,False,85.064,"[None, 2048, 2048, 2049, 2048, 2048, 2048]","[2048, 2048, 2048, 2048, 2048, 2048, 2048, 2048, 2048]","[2048, 2048, 2048, 2048, 2048, 2048]",330.0
1291,11342,30,17,2026-07-26T13:26:38.914000+00:00,30.245,32.201,25.46,283.0,235.0,False,87.906,"[None, 2048, 2048, 2048, 2048, 2048, 2048]","[2048, 2048, 2048, 2048, 2048, 2048, 2048, 2048, 2048]","[2048, 2048, 2048, 2048, 2048, 2048]",321.0
1291,11342,41,17,2026-07-26T13:26:42.835000+00:00,30.557,32.056,25.147,286.0,233.0,False,87.76,"[None, 2048, 2048, 2049, 2048, 2048, 2048]","[2048, 2048, 2049, 2048, 2048, 2048, 2048, 2048, 2048]","[2048, 2048, 2048, 2048, 2048, 2048]",316.0
1291,11342,27,17,2026-07-26T13:26:44.215000+00:00,30.975,32.358,25.138,289.0,232.0,False,88.471,"[None, 2048, 2048, 2048, 2048, 2048, 2048]","[2048, 2048, 2048, 2048, 2048, 2048, 2048, 2048, 2048]","[2048, 2048, 2048, 2048, 2048, 2048]",
1291,11342,63,17,2026-07-26T13:26:44.340000+00:00,30.175,31.706,24.633,,233.0,False,86.514,"[None, 2048, 2048, 2048, 2048, 2048, 2048]","[2049, 2048, 2048, 2048, 2048, 2048, 2049, 2048, 2048]","[2048, 2048, 2048, 2048, 2048]",331.0
1291,11342,5,17,2026-07-26T13:26:54.941000+00:00,30.53,31.964,24.836,289.0,233.0,False,87.33,"[None, 2048, 2048, 2048, 2048, 2048, 2048]","[2048, 2048, 2048, 2048, 2048, 2048, 2048, 2049, 2048]","[2048, 2049, 2049, 2048, 2048, 2048]",
1291,11342,10,17,2026-07-26T13:26:55.057000+00:00,48.725,31.803,24.62,285.0,232.0,True,105.148,"[2064, 2064, 2048, 2048, 2048, 2048, 2048]","[2048, 2048, 2048, 2049, 2049, 2049, 2049, 2048, 2049]","[2048, 2049, 2049, 2048, 2049, 2048]",
1291,11342,31,17,2026-07-26T13:26:58.286000+00:00,30.558,32.409,27.991,283.0,230.0,False,90.958,"[None, 2048, 2048, 2048, 2048, 2048, 2048]","[2048, 2048, 2048, 2048, 2048, 2048, 2048, 2048, 2048]","[2049, 2048, 2048, 2064, 2064, 2064]",317.0
1291,11342,14,17,2026-07-26T13:26:59.343000+00:00,30.45,32.373,25.033,276.0,232.0,False,87.856,"[None, 2048, 2048, 2048, 2048, 2048, 2048]","[2048, 2049, 2048, 2048, 2048, 2048, 2048, 2048, 2048]","[2048, 2048, 2048, 2048, 2048]",313.0
1291,11342,87,17,2026-07-26T13:27:02.642000+00:00,30.558,32.515,25.29,283.0,230.0,False,88.363,"[None, 2048, 2048, 2048, 2048, 2048, 2049]","[2048, 2048, 2048, 2048, 2048, 2048, 2048, 2048, 2048]","[2048, 2048, 2048, 2048, 2048]",317.0
1291,11342,55,17,2026-07-26T13:27:04.299000+00:00,30.432,32.576,25.074,282.0,229.0,False,88.082,"[None, 2048, 2048, 2048, 2049, 2049, 2049]","[2048, 2048, 2048, 2048, 2048, 2048, 2048, 2048, 2048]","[2048, 2048, 2048, 2048, 2048, 2048]",
1291,11342,23,17,2026-07-26T13:27:10.431000+00:00,30.373,32.468,25.135,286.0,222.0,False,87.976,"[None, 2048, 2048, 2048, 2048, 2048, 2048]","[2048, 2048, 2048, 2048, 2048, 2048, 2048, 2049, 2048]","[2048, 2048, 2048, 2048, 2049, 2048]",319.0
1291,11342,18,17,2026-07-26T13:27:18.759000+00:00,30.414,31.72,24.865,270.0,231.0,False,86.999,"[None, 2048, 2048, 2048, 2048, 2048, 2048]","[2048, 2048, 2048, 2048, 2048, 2048, 2048, 2048, 2048]","[2048, 2048, 2048, 2048, 2048, 2048]",312.0
1291,11342,43,17,2026-07-26T13:27:21.104000+00:00,29.752,31.794,24.465,286.0,230.0,False,86.011,"[2048, 2048, 2049, 2048, 2049, 2049, 2049]","[2049, 2049, 2048, 2049, 2049, 2048, 2048, 2049, 2048]","[2048, 2049, 2049, 2048, 2049, 2049]",322.0
1291,11342,11,17,2026-07-26T13:27:22.435000+00:00,31.073,33.444,25.69,268.0,223.0,False,90.207,"[None, 2048, 2048, 2048, 2048, 2048, 2048]","[2048, 2048, 2048, 2048, 2048, 2048, 2048, 2048, 2048]","[2048, 2048, 2048, 2048, 2048, 2048]",324.0
1291,11342,1,18,2026-07-26T13:27:40.096000+00:00,49.262,31.638,24.412,293.0,236.0,True,105.312,"[2064, 2064, 2048, 2048, 2048, 2048, 2048]","[2048, 2048, 2048, 2048, 2048, 2048, 2048, 2048, 2048]","[2048, 2048, 2049, 2048, 2048, 2049]",
1291,11342,12,18,2026-07-26T13:27:46.008000+00:00,29.866,31.255,24.433,289.0,234.0,False,85.554,"[None, 2048, 2048, 2048, 2048, 2048, 2048]","[2048, 2049, 2048, 2048, 2048, 2048, 2048, 2048, 2048]","[2048, 2049, 2049, 2048, 2048, 2048]",317.0
1291,11342,6,18,2026-07-26T13:27:57.852000+00:00,30.266,31.803,24.87,289.0,233.0,False,86.939,"[None, 2048, 2048, 2048, 2048, 2048, 2048]","[2048, 2048, 2048, 2048, 2048, 2048, 2048, 2048, 2048]","[2048, 2048, 2048, 2048, 2048]",314.0
1291,11342,81,18,2026-07-26T13:27:58.665000+00:00,29.784,32.12,24.572,264.0,235.0,False,86.476,"[2049, 2049, 2048, 2048, 2048, 2048, 2049]","[2048, 2048, 2048, 2048, 2048, 2048, 2048, 2048, 2048]","[2048, 2048, 2048, 2048, 2049, 2049]",324.0
1291,11342,3,18,2026-07-26T13:28:00.024000+00:00,29.671,31.807,24.501,296.0,240.0,False,85.979,"[None, 2048, 2048, 2049, 2048, 2048, 2051]","[2048, 2048, 2048, 2048, 2048, 2048, 2048, 2048, 2048]","[2048, 2048, 2048, 2048, 2048, 2048]",320.0
1291,11342,44,18,2026-07-26T13:28:00.805000+00:00,29.498,31.744,24.412,291.0,235.0,False,85.654,"[None, 2048, 2048, 2049, 2048, 2048, 2048]","[2048, 2048, 2048, 2048, 2048, 2048, 2048, 2048, 2048]","[2048, 2048, 2048, 2048, 2048, 2048]",
1291,11342,16,18,2026-07-26T13:28:06.149000+00:00,29.512,30.664,24.36,291.0,238.0,False,84.536,"[2048, 2048, 2049, 2048, 2049, 2049, 2048]","[2048, 2051, 2048, 2049, 2049, 2049, 2049, 2048, 2048]","[2048, 2049, 2049, 2048, 2048]",322.0
1291,11342,30,18,2026-07-26T13:28:06.696000+00:00,30.293,32.156,25.252,284.0,235.0,False,87.701,"[None, 2049, 2048, 2048, 2048, 2048, 2048]","[2048, 2048, 2048, 2048, 2048, 2048, 2048, 2048, 2048]","[2048, 2048, 2048, 2048, 2048, 2048]",324.0
1291,11342,41,18,2026-07-26T13:28:10.508000+00:00,30.987,32.4,25.101,279.0,234.0,False,88.488,"[None, 2048, 2048, 2048, 2048, 2048, 2048]","[2048, 2048, 2048, 2048, 2048, 2048, 2048, 2048, 2048]","[2048, 2048, 2048, 2048, 2048]",317.0
1291,11342,63,18,2026-07-26T13:28:10.696000+00:00,29.896,31.614,24.572,292.0,234.0,False,86.082,"[None, 2048, 2048, 2049, 2048, 2048, 2048]","[2049, 2048, 2048, 2048, 2048, 2048, 2048, 2048, 2048]","[2048, 2048, 2049, 2048, 2048, 2048]",336.0
1291,11342,27,18,2026-07-26T13:28:12.712000+00:00,30.467,32.038,25.168,292.0,230.0,False,87.673,"[None, 2048, 2048, 2048, 2048, 2048, 2048]","[2049, 2048, 2048, 2048, 2048, 2048, 2048, 2048, 2048]","[2048, 2048, 2048, 2048, 2048, 2048]",
1291,11342,5,18,2026-07-26T13:28:22.274000+00:00,30.182,31.783,24.832,286.0,234.0,False,86.797,"[None, 2048, 2048, 2049, 2048, 2048, 2048]","[2049, 2048, 2048, 2048, 2049, 2048, 2048, 2048, 2049]","[2048, 2048, 2048, 2048, 2048, 2048]",
1291,11342,14,18,2026-07-26T13:28:27.032000+00:00,30.341,32.058,24.787,272.0,233.0,False,87.186,"[None, 2048, 2048, 2048, 2048, 2049, 2048]","[2049, 2048, 2048, 2048, 2048, 2048, 2049, 2049, 2048]","[2048, 2049, 2049, 2048, 2048, 2048]",316.0
1291,11342,31,18,2026-07-26T13:28:29.015000+00:00,50.059,32.2,24.703,287.0,236.0,True,106.962,"[2064, 2064, 2048, 2049, 2048, 2048, 2049]","[2048, 2048, 2048, 2048, 2048, 2048, 2048, 2048, 2048]","[2049, 2049, 2049, 2049, 2048, 2048]",
1291,11342,87,18,2026-07-26T13:28:30.974000+00:00,30.265,32.349,25.284,281.0,233.0,False,87.898,"[None, 2048, 2049, 2048, 2049, 2048, 2048]","[2048, 2048, 2048, 2048, 2048, 2048, 2049, 2049, 2048]","[2048, 2048, 2048, 2048, 2048, 2048]",
1291,11342,55,18,2026-07-26T13:28:32.337000+00:00,30.394,32.648,27.172,276.0,229.0,False,90.214,"[None, 2048, 2048, 2048, 2048, 2048, 2048]","[2048, 2048, 2048, 2049, 2048, 2048, 2048, 2048, 2048]","[2048, 2048, 2048, 2064, 2064, 2064]",
1291,11342,23,18,2026-07-26T13:28:38.352000+00:00,30.296,32.654,25.264,283.0,223.0,False,88.214,"[None, 2048, 2048, 2048, 2048, 2049, 2049]","[2048, 2048, 2048, 2048, 2048, 2048, 2048, 2048, 2048]","[2048, 2048, 2048, 2048, 2048, 2048]",
1291,11342,10,18,2026-07-26T13:28:40.241000+00:00,29.596,32.083,25.077,287.0,228.0,False,86.756,"[2048, 2048, 2049, 2048, 2049, 2048, 2048]","[2048, 2048, 2049, 2048, 2048, 2048, 2048, 2048, 2048]","[2048, 2048, 2048, 2048, 2048, 2048]",324.0
1291,11342,18,18,2026-07-26T13:28:45.947000+00:00,30.398,31.816,24.737,,232.0,False,86.951,"[None, 2048, 2048, 2048, 2048, 2048, 2048]","[2049, 2048, 2048, 2048, 2048, 2048, 2049, 2048, 2048]","[2048, 2048, 2048, 2048, 2049, 2048]",313.0
1291,11342,43,18,2026-07-26T13:28:47.056000+00:00,29.897,32.003,24.659,278.0,232.0,False,86.559,"[None, 2048, 2048, 2048, 2048, 2049, 2049]","[2048, 2048, 2048, 2048, 2048, 2048, 2049, 2048, 2048]","[2048, 2049, 2048, 2048, 2048, 2048]",325.0
1291,11342,11,18,2026-07-26T13:28:52.601000+00:00,30.876,33.125,25.555,275.0,230.0,False,89.556,"[None, 2048, 2048, 2048, 2048, 2048, 2048]","[2048, 2048, 2048, 2048, 2048, 2048, 2048, 2048, 2048]","[2048, 2048, 2048, 2048, 2048, 2048]",315.0
1291,11342,12,19,2026-07-26T13:29:11.665000+00:00,29.887,31.253,24.492,290.0,235.0,False,85.632,"[None, 2048, 2048, 2048, 2048, 2048, 2048]","[2048, 2048, 2048, 2048, 2048, 2048, 2048, 2048, 2048]","[2048, 2048, 2049, 2048, 2048, 2048]",318.0
1291,11342,6,19,2026-07-26T13:29:24.824000+00:00,31.271,33.286,27.025,269.0,234.0,False,91.582,"[None, 2048, 2048, 2048, 2048, 2048, 2048]","[2048, 2048, 2048, 2048, 2048, 2048, 2048, 2048, 2048]","[2048, 2048, 2048, 2064, 2064, 2064]",307.0
1291,11342,81,19,2026-07-26T13:29:25.027000+00:00,29.894,31.004,23.945,279.0,239.0,False,84.843,"[None, 2049, 2048, 2048, 2048, 2048, 2048]","[2048, 2048, 2048, 2048, 2048, 2051, 2048, 2049, 2048]","[2048, 2049, 2049, 2048, 2048, 2048]",331.0
1291,11342,1,19,2026-07-26T13:29:25.418000+00:00,29.866,31.423,24.062,289.0,240.0,False,85.351,"[2049, 2048, 2048, 2048, 2048, 2048, 2048]","[2048, 2048, 2048, 2048, 2048, 2048, 2048, 2049, 2049]","[2048, 2048, 2049, 2048, 2048]",337.0
1291,11342,3,19,2026-07-26T13:29:26.058000+00:00,29.713,31.523,24.412,293.0,239.0,False,85.648,"[None, 2048, 2048, 2048, 2048, 2048, 2048]","[2048, 2048, 2048, 2048, 2048, 2048, 2048, 2048, 2048]","[2048, 2048, 2048, 2048, 2048, 2048]",335.0
1291,11342,44,19,2026-07-26T13:29:26.511000+00:00,29.935,31.906,24.543,281.0,237.0,False,86.384,"[None, 2048, 2048, 2048, 2048, 2048, 2048]","[2048, 2048, 2048, 2048, 2048, 2048, 2048, 2048, 2048]","[2048, 2048, 2048, 2048, 2048, 2048]",334.0
1291,11342,16,19,2026-07-26T13:29:30.669000+00:00,29.663,31.029,24.184,287.0,238.0,False,84.876,"[None, 2048, 2048, 2049, 2048, 2048, 2048]","[2048, 2048, 2048, 2048, 2048, 2048, 2048, 2048, 2048]","[2048, 2048, 2048, 2048, 2048, 2048]",317.0
1291,11342,30,19,2026-07-26T13:29:34.526000+00:00,30.376,32.094,25.089,283.0,234.0,False,87.559,"[None, 2048, 2048, 2048, 2048, 2048, 2048]","[2048, 2048, 2048, 2048, 2048, 2048, 2048, 2048, 2048]","[2048, 2048, 2048, 2048, 2048, 2048]",319.0
1291,11342,63,19,2026-07-26T13:29:36.832000+00:00,30.099,31.518,24.629,,233.0,False,86.246,"[None, 2048, 2048, 2048, 2048, 2048, 2048]","[2048, 2048, 2048, 2048, 2048, 2048, 2048, 2048, 2048]","[2048, 2048, 2048, 2048, 2048, 2048]",321.0
1291,11342,41,19,2026-07-26T13:29:39.001000+00:00,30.309,32.111,24.945,289.0,234.0,False,87.365,"[None, 2048, 2048, 2049, 2048, 2048, 2048]","[2048, 2048, 2048, 2048, 2048, 2048, 2048, 2048, 2048]","[2048, 2048, 2048, 2048, 2048, 2048]",322.0
1291,11342,27,19,2026-07-26T13:29:40.255000+00:00,30.358,32.345,27.673,291.0,230.0,False,90.376,"[None, 2048, 2048, 2048, 2048, 2048, 2048]","[2048, 2048, 2048, 2048, 2048, 2048, 2048, 2048, 2048]","[2048, 2048, 2048, 2064, 2064, 2064]",
1291,11342,5,19,2026-07-26T13:29:49.055000+00:00,30.236,31.833,24.858,,230.0,False,86.927,"[None, 2048, 2048, 2048, 2048, 2048, 2048]","[2048, 2049, 2048, 2048, 2049, 2048, 2048, 2049, 2048]","[2048, 2049, 2048, 2048, 2048, 2048]",
1291,11342,14,19,2026-07-26T13:29:54.269000+00:00,30.525,32.076,24.934,273.0,233.0,False,87.535,"[None, 2048, 2048, 2048, 2048, 2048, 2048]","[2048, 2049, 2048, 2048, 2049, 2048, 2048, 2048, 2048]","[2048, 2048, 2049, 2048, 2048, 2048]",309.0
1291,11342,87,19,2026-07-26T13:29:58.981000+00:00,30.512,32.371,25.2,286.0,232.0,False,88.083,"[None, 2048, 2048, 2048, 2048, 2048, 2049]","[2048, 2048, 2048, 2048, 2048, 2048, 2048, 2048, 2048]","[2048, 2048, 2048, 2048, 2048, 2048]",
1291,11342,55,19,2026-07-26T13:30:02.441000+00:00,48.861,31.607,24.25,287.0,232.0,True,104.718,"[2064, 2064, 2048, 2048, 2048, 2048, 2049]","[2048, 2049, 2049, 2049, 2049, 2049, 2049, 2049, 2049]","[2048, 2049, 2049, 2049, 2049, 2049]",
1291,11342,23,19,2026-07-26T13:30:06.636000+00:00,30.825,32.875,25.414,278.0,223.0,False,89.114,"[None, 2048, 2048, 2048, 2048, 2048, 2048]","[2048, 2048, 2048, 2048, 2048, 2048, 2048, 2048, 2048]","[2048, 2048, 2048, 2048, 2048, 2048]",318.0
1291,11342,10,19,2026-07-26T13:30:07.025000+00:00,29.553,31.527,24.558,290.0,230.0,False,85.638,"[None, 2049, 2048, 2049, 2049, 2048, 2048]","[2048, 2049, 2049, 2048, 2049, 2048, 2049, 2049, 2049]","[2048, 2049, 2049, 2049, 2048]",339.0
1291,11342,18,19,2026-07-26T13:30:12.802000+00:00,30.45,31.908,24.871,268.0,231.0,False,87.229,"[None, 2048, 2048, 2048, 2048, 2048, 2048]","[2048, 2048, 2048, 2048, 2048, 2048, 2048, 2048, 2048]","[2048, 2048, 2048, 2048, 2048, 2048]",
1291,11342,43,19,2026-07-26T13:30:13.531000+00:00,30.094,32.306,24.855,281.0,232.0,False,87.255,"[None, 2048, 2048, 2048, 2048, 2048, 2049]","[2048, 2048, 2048, 2048, 2048, 2048, 2048, 2049, 2048]","[2048, 2048, 2048, 2048, 2048]",332.0
1291,11342,31,19,2026-07-26T13:30:16.118000+00:00,29.967,32.204,24.791,284.0,236.0,False,86.962,"[2048, 2048, 2049, 2049, 2049, 2049, 2048]","[2048, 2048, 2048, 2048, 2048, 2048, 2048, 2048, 2048]","[2048, 2048, 2048, 2048, 2048, 2048]",318.0
1291,11342,11,19,2026-07-26T13:30:22.133000+00:00,30.944,33.351,25.628,270.0,226.0,False,89.923,"[None, 2048, 2048, 2049, 2048, 2048, 2048]","[2048, 2048, 2048, 2048, 2048, 2048, 2048, 2048, 2048]","[2048, 2048, 2048, 2048, 2048, 2048]",
1291,11342,12,20,2026-07-26T13:30:37.326000+00:00,29.716,31.224,24.57,289.0,234.0,False,85.51,"[None, 2048, 2048, 2048, 2048, 2048, 2048]","[2048, 2049, 2048, 2048, 2048, 2048, 2049, 2048, 2048]","[2048, 2048, 2048, 2048, 2048, 2048]",
1291,11342,81,20,2026-07-26T13:30:49.855000+00:00,29.671,30.871,23.965,283.0,239.0,False,84.507,"[2048, 2048, 2048, 2049, 2048, 2049, 2048]","[2049, 2049, 2048, 2048, 2048, 2048, 2049, 2049, 2049]","[2048, 2049, 2048, 2049, 2048, 2048]",317.0
1291,11342,1,20,2026-07-26T13:30:50.605000+00:00,29.403,30.948,24.023,291.0,241.0,False,84.374,"[2048, 2049, 2049, 2048, 2048, 2048, 2048]","[2048, 2049, 2051, 2048, 2048, 2048, 2049, 2049, 2049]","[2048, 2048, 2048, 2049, 2048, 2048]",324.0
1291,11342,3,20,2026-07-26T13:30:51.699000+00:00,29.533,31.169,24.263,294.0,240.0,False,84.965,"[None, 2048, 2048, 2049, 2048, 2048, 2048]","[2048, 2048, 2048, 2048, 2048, 2048, 2048, 2048, 2048]","[2048, 2048, 2048, 2048, 2048, 2048]",331.0
1291,11342,44,20,2026-07-26T13:30:52.887000+00:00,29.916,31.127,24.212,284.0,237.0,False,85.255,"[None, 2048, 2048, 2048, 2048, 2048, 2048]","[2048, 2048, 2048, 2048, 2048, 2048, 2048, 2048, 2048]","[2048, 2048, 2048, 2048, 2048, 2048]",320.0
1291,11342,16,20,2026-07-26T13:30:55.652000+00:00,29.541,31.115,24.378,290.0,241.0,False,85.034,"[None, 2048, 2048, 2048, 2048, 2049, 2048]","[2048, 2048, 2048, 2048, 2048, 2048, 2048, 2049, 2051]","[2048, 2048, 2048, 2048, 2048, 2048]",318.0
1291,11342,6,20,2026-07-26T13:30:56.480000+00:00,49.238,31.313,24.121,291.0,241.0,True,104.672,"[2064, 2064, 2048, 2048, 2048, 2048, 2048]","[2048, 2049, 2049, 2048, 2049, 2048, 2048, 2049, 2049]","[2048, 2049, 2049, 2049, 2049, 2048]",
1291,11342,30,20,2026-07-26T13:31:02.011000+00:00,30.206,32.161,25.316,287.0,235.0,False,87.683,"[None, 2048, 2048, 2048, 2048, 2048, 2048]","[2048, 2048, 2048, 2048, 2048, 2048, 2048, 2048, 2048]","[2048, 2048, 2048, 2048, 2048, 2048]",
1291,11342,63,20,2026-07-26T13:31:03.230000+00:00,30.08,31.852,24.771,293.0,236.0,False,86.703,"[None, 2048, 2048, 2048, 2048, 2048, 2048]","[2048, 2048, 2048, 2048, 2048, 2048, 2048, 2048, 2049]","[2048, 2048, 2048, 2048, 2048, 2048]",323.0
1291,11342,41,20,2026-07-26T13:31:06.402000+00:00,30.334,31.796,27.304,292.0,236.0,False,89.434,"[None, 2048, 2048, 2048, 2048, 2048, 2048]","[2048, 2048, 2048, 2049, 2048, 2048, 2048, 2048, 2048]","[2048, 2048, 2048, 2064, 2064, 2064]",320.0
1291,11342,27,20,2026-07-26T13:31:10.961000+00:00,48.3,31.662,24.53,284.0,238.0,True,104.492,"[2064, 2064, 2048, 2048, 2048, 2048, 2048]","[2048, 2049, 2049, 2048, 2048, 2049, 2049, 2049, 2049]","[2049, 2049, 2048, 2049, 2048, 2048]",
1291,11342,5,20,2026-07-26T13:31:16.082000+00:00,30.466,32.221,24.861,284.0,232.0,False,87.548,"[None, 2048, 2048, 2048, 2048, 2048, 2048]","[2048, 2048, 2048, 2048, 2048, 2048, 2048, 2048, 2048]","[2048, 2048, 2048, 2048, 2048, 2048]",
1291,11342,14,20,2026-07-26T13:31:21.847000+00:00,30.407,32.161,24.947,275.0,232.0,False,87.515,"[None, 2048, 2048, 2049, 2048, 2048, 2048]","[2048, 2049, 2048, 2048, 2048, 2048, 2048, 2048, 2048]","[2048, 2048, 2048, 2048, 2048, 2048]",310.0
1291,11342,87,20,2026-07-26T13:31:27.050000+00:00,30.325,32.526,25.505,283.0,232.0,False,88.356,"[None, 2048, 2048, 2049, 2049, 2049, 2048]","[2048, 2048, 2048, 2048, 2048, 2048, 2048, 2048, 2048]","[2048, 2048, 2048, 2048, 2048, 2048]",318.0
1291,11342,10,20,2026-07-26T13:31:32.512000+00:00,29.599,31.608,24.785,289.0,231.0,False,85.992,"[None, 2048, 2048, 2049, 2048, 2049, 2049]","[2048, 2049, 2048, 2048, 2048, 2048, 2048, 2048, 2049]","[2048, 2048, 2048, 2048, 2048, 2048]",322.0
1291,11342,23,20,2026-07-26T13:31:35.715000+00:00,30.549,32.761,25.311,276.0,220.0,False,88.621,"[None, 2048, 2048, 2048, 2048, 2048, 2048]","[2048, 2048, 2048, 2048, 2048, 2048, 2048, 2048, 2048]","[2048, 2048, 2048, 2048, 2048, 2048]",
1291,11342,18,20,2026-07-26T13:31:40.043000+00:00,30.466,31.976,24.858,270.0,231.0,False,87.3,"[None, 2048, 2048, 2048, 2048, 2049, 2048]","[2048, 2048, 2048, 2048, 2048, 2048, 2048, 2048, 2048]","[2048, 2048, 2048, 2048, 2048, 2048]",
1291,11342,43,20,2026-07-26T13:31:40.777000+00:00,30.082,32.277,24.886,273.0,230.0,False,87.245,"[None, 2048, 2048, 2048, 2048, 2049, 2049]","[2048, 2048, 2048, 2048, 2048, 2048, 2048, 2048, 2048]","[2048, 2048, 2048, 2048, 2048, 2048]",
1291,11342,31,20,2026-07-26T13:31:43.012000+00:00,30.083,32.099,24.787,,237.0,False,86.969,"[None, 2048, 2048, 2049, 2048, 2048, 2048]","[2048, 2048, 2048, 2048, 2048, 2048, 2048, 2049, 2048]","[2049, 2049, 2048, 2048, 2048, 2048]",320.0
1291,11342,55,20,2026-07-26T13:31:47.366000+00:00,30.128,32.074,24.728,275.0,229.0,False,86.93,"[2048, 2048, 2049, 2049, 2049, 2048, 2048]","[2048, 2049, 2048, 2048, 2048, 2048, 2048, 2048, 2048]","[2048, 2048, 2048, 2048, 2048, 2048]",320.0
1291,11342,11,20,2026-07-26T13:31:52.166000+00:00,30.699,33.229,25.407,277.0,227.0,False,89.335,"[None, 2048, 2048, 2049, 2048, 2048, 2048]","[2048, 2048, 2048, 2048, 2048, 2048, 2048, 2048, 2048]","[2048, 2049, 2048, 2048, 2048, 2048]",
1291,11342,12,21,2026-07-26T13:32:02.829000+00:00,29.81,31.291,24.601,288.0,234.0,False,85.702,"[None, 2048, 2048, 2048, 2048, 2048, 2048]","[2049, 2048, 2048, 2048, 2048, 2048, 2049, 2048, 2048]","[2048, 2048, 2048, 2048, 2048, 2048]",
1291,11342,81,21,2026-07-26T13:32:14.458000+00:00,29.588,30.799,24.059,281.0,238.0,False,84.446,"[None, 2048, 2049, 2048, 2048, 2049, 2048]","[2048, 2048, 2048, 2048, 2048, 2048, 2048, 2048, 2048]","[2048, 2048, 2048, 2048, 2048, 2048]",
1291,11342,1,21,2026-07-26T13:32:15.218000+00:00,29.5,30.806,24.043,292.0,241.0,False,84.349,"[None, 2048, 2048, 2051, 2048, 2048, 2049]","[2048, 2049, 2051, 2048, 2048, 2048, 2048, 2048, 2048]","[2049, 2048, 2048, 2049, 2048, 2048]",326.0
1291,11342,3,21,2026-07-26T13:32:16.741000+00:00,29.752,31.112,24.347,293.0,240.0,False,85.211,"[None, 2048, 2048, 2048, 2048, 2048, 2048]","[2048, 2048, 2048, 2048, 2048, 2048, 2048, 2048, 2048]","[2048, 2048, 2048, 2048, 2048, 2048]",318.0
1291,11342,44,21,2026-07-26T13:32:18.113000+00:00,29.669,31.191,24.347,287.0,239.0,False,85.207,"[None, 2048, 2048, 2049, 2048, 2048, 2048]","[2048, 2048, 2048, 2048, 2048, 2048, 2048, 2048, 2048]","[2048, 2048, 2048, 2048, 2048, 2048]",
1291,11342,16,21,2026-07-26T13:32:20.599000+00:00,29.51,31.075,24.286,289.0,238.0,False,84.871,"[None, 2048, 2048, 2048, 2048, 2049, 2048]","[2048, 2048, 2048, 2048, 2048, 2048, 2048, 2048, 2048]","[2048, 2048, 2048, 2049, 2048, 2048]",
1291,11342,30,21,2026-07-26T13:32:29.735000+00:00,30.908,32.413,27.357,275.0,236.0,False,90.678,"[None, 2048, 2048, 2048, 2048, 2048, 2048]","[2048, 2048, 2048, 2048, 2048, 2048, 2048, 2048, 2048]","[2049, 2048, 2048, 2064, 2064, 2064]",
1291,11342,63,21,2026-07-26T13:32:29.843000+00:00,29.987,31.484,24.483,289.0,233.0,False,85.954,"[None, 2048, 2048, 2048, 2048, 2048, 2048]","[2048, 2048, 2048, 2048, 2049, 2048, 2048, 2048, 2048]","[2048, 2049, 2048, 2048, 2048, 2048]",333.0
1291,11342,41,21,2026-07-26T13:32:35.882000+00:00,48.419,31.366,24.458,290.0,239.0,True,104.243,"[2064, 2064, 2048, 2048, 2048, 2048, 2048]","[2048, 2049, 2049, 2048, 2049, 2049, 2049, 2049, 2049]","[2049, 2049, 2049, 2049, 2049, 2049]",
1291,11342,6,21,2026-07-26T13:32:41.217000+00:00,29.423,30.909,24.311,293.0,238.0,False,84.643,"[2048, 2048, 2049, 2049, 2051, 2048, 2048]","[2049, 2049, 2048, 2048, 2049, 2048, 2051, 2048, 2048]","[2048, 2049, 2048, 2048, 2048, 2048]",320.0
1291,11342,5,21,2026-07-26T13:32:43.514000+00:00,30.033,31.877,24.913,283.0,231.0,False,86.823,"[None, 2048, 2048, 2049, 2048, 2048, 2048]","[2048, 2049, 2048, 2048, 2048, 2048, 2048, 2048, 2048]","[2048, 2048, 2048, 2048, 2048, 2048]",319.0
1291,11342,14,21,2026-07-26T13:32:49.256000+00:00,30.411,32.141,25.007,272.0,233.0,False,87.559,"[None, 2048, 2048, 2048, 2048, 2048, 2048]","[2048, 2049, 2048, 2048, 2048, 2048, 2048, 2048, 2048]","[2048, 2048, 2048, 2048, 2048, 2048]",309.0
1291,11342,27,21,2026-07-26T13:32:55.215000+00:00,29.611,31.672,24.531,281.0,236.0,False,85.814,"[2048, 2049, 2049, 2048, 2049, 2049, 2048]","[2048, 2048, 2048, 2049, 2048, 2048, 2048, 2048, 2048]","[2048, 2048, 2049, 2048, 2049, 2049]",323.0
1291,11342,87,21,2026-07-26T13:32:55.511000+00:00,30.661,32.902,25.632,273.0,235.0,False,89.195,"[None, 2048, 2048, 2049, 2048, 2048, 2048]","[2048, 2048, 2048, 2048, 2048, 2048, 2048, 2048, 2048]","[2048, 2048, 2048, 2048, 2048, 2048]",323.0
1291,11342,10,21,2026-07-26T13:32:58.652000+00:00,29.691,31.935,24.763,272.0,233.0,False,86.389,"[None, 2048, 2048, 2049, 2048, 2048, 2048]","[2048, 2048, 2048, 2048, 2048, 2048, 2049, 2048, 2049]","[2049, 2048, 2048, 2049, 2048, 2048]",323.0
1291,11342,23,21,2026-07-26T13:33:04.426000+00:00,30.341,32.775,25.264,282.0,223.0,False,88.38,"[None, 2048, 2048, 2048, 2048, 2048, 2048]","[2048, 2048, 2048, 2048, 2048, 2048, 2048, 2048, 2048]","[2048, 2048, 2048, 2048, 2048, 2048]",319.0
1291,11342,18,21,2026-07-26T13:33:07.466000+00:00,30.576,32.037,24.943,269.0,233.0,False,87.556,"[None, 2048, 2048, 2048, 2048, 2048, 2048]","[2048, 2048, 2048, 2048, 2048, 2048, 2048, 2048, 2048]","[2048, 2048, 2048, 2048, 2048, 2048]",
1291,11342,43,21,2026-07-26T13:33:08.086000+00:00,30.127,32.503,24.977,259.0,232.0,False,87.607,"[None, 2049, 2048, 2048, 2048, 2048, 2048]","[2048, 2048, 2048, 2048, 2048, 2049, 2048, 2048, 2048]","[2048, 2048, 2048, 2048, 2048, 2048]",334.0
1291,11342,31,21,2026-07-26T13:33:10.099000+00:00,30.28,32.182,24.943,281.0,236.0,False,87.405,"[None, 2048, 2048, 2048, 2048, 2048, 2048]","[2049, 2048, 2048, 2048, 2048, 2048, 2048, 2048, 2048]","[2048, 2048, 2048, 2048, 2048, 2048]",
1291,11342,55,21,2026-07-26T13:33:14.302000+00:00,30.117,32.111,24.72,280.0,230.0,False,86.948,"[None, 2048, 2048, 2048, 2049, 2049, 2048]","[2048, 2048, 2048, 2048, 2048, 2048, 2048, 2048, 2048]","[2048, 2048, 2048, 2048, 2048, 2048]",
1291,11342,11,21,2026-07-26T13:33:21.368000+00:00,30.858,33.186,28.294,274.0,228.0,False,92.338,"[None, 2048, 2048, 2048, 2048, 2048, 2048]","[2048, 2048, 2048, 2048, 2048, 2048, 2048, 2048, 2048]","[2048, 2048, 2048, 2064, 2064, 2064]",316.0
1291,11342,12,22,2026-07-26T13:33:28.515000+00:00,30.002,31.576,26.932,291.0,232.0,False,88.51,"[None, 2048, 2048, 2048, 2048, 2048, 2048]","[2048, 2048, 2048, 2048, 2048, 2048, 2048, 2048, 2048]","[2048, 2048, 2048, 2064, 2064, 2064]",319.0
1291,11342,81,22,2026-07-26T13:33:38.870000+00:00,29.594,30.746,23.942,283.0,240.0,False,84.282,"[None, 2048, 2049, 2049, 2048, 2048, 2048]","[2049, 2048, 2048, 2048, 2048, 2048, 2049, 2048, 2049]","[2048, 2049, 2048, 2049, 2048, 2048]",319.0
1291,11342,1,22,2026-07-26T13:33:39.573000+00:00,29.836,30.865,23.988,,242.0,False,84.689,"[None, 2049, 2048, 2051, 2048, 2048, 2048]","[2048, 2048, 2048, 2048, 2048, 2048, 2048, 2049, 2051]","[2049, 2048, 2048, 2049, 2049, 2048]",329.0
1291,11342,3,22,2026-07-26T13:33:41.916000+00:00,29.838,31.098,24.381,292.0,241.0,False,85.317,"[None, 2048, 2048, 2048, 2048, 2048, 2048]","[2048, 2048, 2048, 2048, 2048, 2048, 2048, 2048, 2049]","[2048, 2048, 2048, 2048, 2048, 2048]",317.0
1291,11342,44,22,2026-07-26T13:33:43.405000+00:00,29.779,31.183,24.269,286.0,237.0,False,85.231,"[None, 2048, 2048, 2048, 2048, 2048, 2048]","[2048, 2048, 2048, 2048, 2048, 2048, 2048, 2048, 2048]","[2048, 2048, 2048, 2048, 2048, 2048]",321.0
1291,11342,16,22,2026-07-26T13:33:45.573000+00:00,29.58,30.986,24.303,,240.0,False,84.869,"[None, 2048, 2048, 2048, 2048, 2048, 2048]","[2048, 2048, 2049, 2048, 2048, 2048, 2048, 2048, 2048]","[2049, 2048, 2048, 2048, 2048, 2048]",319.0
1291,11342,63,22,2026-07-26T13:33:55.921000+00:00,29.928,31.314,24.367,292.0,237.0,False,85.609,"[None, 2048, 2048, 2048, 2048, 2049, 2048]","[2049, 2048, 2049, 2048, 2048, 2048, 2048, 2049, 2049]","[2049, 2049, 2048, 2049, 2048, 2048]",319.0
1291,11342,30,22,2026-07-26T13:34:00.328000+00:00,49.025,32.089,24.473,278.0,236.0,True,105.587,"[2064, 2064, 2048, 2048, 2048, 2048, 2048]","[2048, 2048, 2049, 2048, 2048, 2048, 2049, 2048, 2048]","[2048, 2049, 2049, 2048, 2049, 2048]",
1291,11342,6,22,2026-07-26T13:34:05.682000+00:00,29.66,30.912,24.211,285.0,241.0,False,84.783,"[None, 2048, 2048, 2048, 2048, 2048, 2048]","[2048, 2048, 2048, 2048, 2048, 2049, 2048, 2049, 2048]","[2049, 2049, 2048, 2048, 2048, 2048]",315.0
1291,11342,5,22,2026-07-26T13:34:10.343000+00:00,30.219,31.745,24.826,287.0,231.0,False,86.79,"[None, 2048, 2048, 2048, 2048, 2048, 2048]","[2048, 2048, 2048, 2048, 2049, 2048, 2048, 2049, 2048]","[2048, 2049, 2048, 2048, 2048, 2048]",317.0
1291,11342,14,22,2026-07-26T13:34:16.870000+00:00,30.408,32.092,24.863,274.0,233.0,False,87.363,"[None, 2048, 2048, 2049, 2048, 2048, 2048]","[2048, 2048, 2048, 2048, 2048, 2048, 2048, 2048, 2049]","[2048, 2048, 2048, 2048, 2048]",310.0
1291,11342,41,22,2026-07-26T13:34:20.104000+00:00,30.055,32.05,24.736,285.0,238.0,False,86.841,"[2048, 2048, 2049, 2048, 2048, 2048, 2049]","[2048, 2048, 2048, 2048, 2048, 2048, 2048, 2048, 2048]","[2048, 2048, 2049, 2048, 2048, 2048]",321.0
1291,11342,27,22,2026-07-26T13:34:21.078000+00:00,30.195,32.551,25.034,279.0,231.0,False,87.78,"[None, 2048, 2048, 2048, 2048, 2048, 2048]","[2048, 2048, 2048, 2048, 2048, 2048, 2048, 2048, 2048]","[2048, 2048, 2048, 2048, 2048, 2048]",325.0
1291,11342,87,22,2026-07-26T13:34:24.656000+00:00,31.139,32.643,27.222,276.0,237.0,False,91.004,"[None, 2048, 2048, 2048, 2048, 2048, 2048]","[2048, 2048, 2048, 2048, 2048, 2048, 2048, 2048, 2049]","[2048, 2048, 2048, 2064, 2064, 2064]",319.0
1291,11342,10,22,2026-07-26T13:34:24.984000+00:00,29.94,31.648,24.764,279.0,235.0,False,86.352,"[None, 2049, 2048, 2048, 2048, 2048, 2048]","[2048, 2048, 2048, 2048, 2048, 2049, 2049, 2048, 2049]","[2049, 2048, 2048, 2048, 2048, 2048]",338.0
1291,11342,23,22,2026-07-26T13:34:32.817000+00:00,30.409,32.725,25.207,283.0,224.0,False,88.341,"[None, 2048, 2048, 2048, 2048, 2048, 2048]","[2048, 2048, 2048, 2048, 2048, 2048, 2049, 2049, 2048]","[2049, 2048, 2048, 2048, 2049, 2049]",318.0
1291,11342,18,22,2026-07-26T13:34:35.041000+00:00,30.505,31.928,24.717,271.0,229.0,False,87.15,"[None, 2048, 2048, 2048, 2048, 2048, 2048]","[2048, 2048, 2048, 2048, 2048, 2048, 2048, 2048, 2048]","[2048, 2048, 2048, 2048, 2049, 2049]",316.0
1291,11342,43,22,2026-07-26T13:34:35.800000+00:00,30.025,32.286,24.792,265.0,229.0,False,87.103,"[None, 2048, 2048, 2048, 2048, 2048, 2048]","[2048, 2048, 2048, 2048, 2048, 2048, 2048, 2048, 2048]","[2048, 2048, 2048, 2048, 2048, 2048]",
1291,11342,31,22,2026-07-26T13:34:37.520000+00:00,30.187,32.021,24.873,283.0,236.0,False,87.081,"[None, 2048, 2048, 2048, 2048, 2049, 2048]","[2049, 2048, 2048, 2048, 2048, 2048, 2048, 2048, 2048]","[2048, 2048, 2048, 2048, 2048, 2048]",
1291,11342,55,22,2026-07-26T13:34:41.215000+00:00,30.363,31.966,24.919,283.0,228.0,False,87.248,"[None, 2048, 2048, 2048, 2048, 2048, 2048]","[2049, 2048, 2048, 2048, 2048, 2049, 2048, 2048, 2048]","[2048, 2048, 2048, 2048, 2048, 2048]",
1291,11342,11,22,2026-07-26T13:34:53.740000+00:00,50.72,32.557,25.474,276.0,205.0,True,108.751,"[2064, 2064, 2048, 2049, 2048, 2048, 2048]","[2048, 2048, 2049, 2049, 2048, 2048, 2049, 2048, 2048]","[2048, 2048, 2049, 2048, 2048, 2048]",
1291,11342,12,23,2026-07-26T13:34:57.159000+00:00,49.037,31.453,24.048,287.0,234.0,True,104.538,"[2064, 2064, 2048, 2048, 2048, 2048, 2048]","[2048, 2048, 2048, 2048, 2048, 2048, 2048, 2048, 2048]","[2048, 2048, 2051, 2049, 2048, 2048]",
1291,11342,81,23,2026-07-26T13:35:03.227000+00:00,29.726,30.744,24.008,285.0,238.0,False,84.478,"[None, 2048, 2048, 2048, 2048, 2048, 2048]","[2048, 2048, 2048, 2048, 2048, 2051, 2049, 2048, 2048]","[2048, 2048, 2048, 2048, 2048, 2048]",
1291,11342,1,23,2026-07-26T13:35:04.165000+00:00,29.543,30.709,24.153,289.0,240.0,False,84.405,"[None, 2048, 2048, 2048, 2048, 2051, 2048]","[2048, 2049, 2048, 2048, 2048, 2049, 2049, 2048, 2048]","[2048, 2048, 2048, 2048, 2048, 2048]",323.0
1291,11342,3,23,2026-07-26T13:35:07.196000+00:00,29.828,31.049,24.196,296.0,240.0,False,85.073,"[None, 2048, 2048, 2048, 2048, 2048, 2048]","[2048, 2049, 2048, 2048, 2048, 2048, 2048, 2048, 2048]","[2048, 2048, 2048, 2048, 2048, 2048]",
1291,11342,44,23,2026-07-26T13:35:08.665000+00:00,29.844,31.22,24.511,293.0,238.0,False,85.575,"[None, 2048, 2048, 2048, 2048, 2048, 2048]","[2048, 2048, 2048, 2048, 2048, 2048, 2048, 2048, 2048]","[2048, 2048, 2048, 2048, 2048, 2048]",
1291,11342,16,23,2026-07-26T13:35:10.399000+00:00,29.67,30.928,24.346,291.0,240.0,False,84.944,"[None, 2048, 2048, 2048, 2048, 2048, 2048]","[2048, 2048, 2048, 2048, 2048, 2048, 2048, 2048, 2048]","[2048, 2048, 2048, 2048, 2048, 2048]",320.0
1291,11342,63,23,2026-07-26T13:35:21.403000+00:00,30.103,31.527,24.446,293.0,234.0,False,86.076,"[None, 2048, 2048, 2048, 2048, 2048, 2048]","[2048, 2048, 2048, 2048, 2048, 2048, 2048, 2048, 2048]","[2048, 2048, 2049, 2048, 2048, 2048]",321.0
1291,11342,6,23,2026-07-26T13:35:30.511000+00:00,29.552,31.049,24.307,298.0,239.0,False,84.908,"[None, 2048, 2048, 2048, 2051, 2048, 2048]","[2048, 2048, 2048, 2048, 2048, 2048, 2048, 2048, 2048]","[2048, 2048, 2048, 2048, 2048, 2048]",316.0
1291,11342,5,23,2026-07-26T13:35:37.417000+00:00,30.25,32.01,24.885,286.0,231.0,False,87.145,"[None, 2048, 2048, 2048, 2048, 2048, 2048]","[2048, 2048, 2048, 2048, 2048, 2048, 2048, 2048, 2048]","[2048, 2048, 2048, 2048, 2048, 2048]",318.0
1291,11342,14,23,2026-07-26T13:35:44.120000+00:00,30.346,32.239,24.962,273.0,231.0,False,87.547,"[None, 2048, 2048, 2048, 2048, 2048, 2048]","[2048, 2048, 2048, 2048, 2048, 2048, 2049, 2048, 2048]","[2048, 2048, 2048, 2048, 2048, 2048]",312.0
1291,11342,30,23,2026-07-26T13:35:46.027000+00:00,29.753,31.982,24.609,281.0,235.0,False,86.344,"[2048, 2048, 2049, 2048, 2048, 2048, 2049]","[2048, 2048, 2048, 2048, 2048, 2048, 2048, 2048, 2048]","[2048, 2048, 2048, 2049, 2048, 2048]",321.0
1291,11342,41,23,2026-07-26T13:35:46.980000+00:00,29.958,31.763,24.681,288.0,236.0,False,86.402,"[None, 2048, 2048, 2049, 2048, 2048, 2049]","[2048, 2048, 2048, 2048, 2048, 2048, 2048, 2048, 2048]","[2048, 2048, 2049, 2048, 2048, 2048]",324.0
1291,11342,27,23,2026-07-26T13:35:48.808000+00:00,30.085,32.127,24.837,287.0,231.0,False,87.049,"[None, 2048, 2048, 2048, 2049, 2048, 2048]","[2048, 2048, 2048, 2048, 2048, 2048, 2048, 2048, 2048]","[2048, 2048, 2048, 2048, 2049, 2048]",321.0
1291,11342,10,23,2026-07-26T13:35:51.339000+00:00,29.797,31.973,24.858,287.0,231.0,False,86.628,"[None, 2048, 2048, 2048, 2048, 2048, 2048]","[2048, 2048, 2048, 2048, 2048, 2048, 2048, 2048, 2048]","[2048, 2048, 2048, 2048, 2048, 2048]",324.0
1291,11342,87,23,2026-07-26T13:35:55.730000+00:00,49.703,31.662,24.475,278.0,236.0,True,105.84,"[2064, 2064, 2048, 2048, 2048, 2048, 2049]","[2048, 2049, 2049, 2049, 2049, 2049, 2049, 2049, 2048]","[2049, 2049, 2049, 2049, 2049, 2049]",
1291,11342,23,23,2026-07-26T13:36:01.178000+00:00,30.543,32.81,25.169,276.0,224.0,False,88.522,"[None, 2048, 2048, 2048, 2048, 2048, 2048]","[2048, 2048, 2048, 2048, 2048, 2048, 2048, 2049, 2048]","[2048, 2048, 2048, 2048, 2048, 2048]",319.0
1291,11342,18,23,2026-07-26T13:36:02.180000+00:00,30.37,32.588,25.061,273.0,228.0,False,88.019,"[None, 2048, 2048, 2048, 2048, 2049, 2049]","[2048, 2048, 2048, 2048, 2048, 2048, 2048, 2048, 2048]","[2048, 2048, 2048, 2048, 2048, 2048]",318.0
1291,11342,43,23,2026-07-26T13:36:02.770000+00:00,30.448,32.401,25.29,272.0,230.0,False,88.139,"[None, 2048, 2048, 2048, 2048, 2048, 2048]","[2048, 2048, 2048, 2048, 2048, 2048, 2048, 2048, 2048]","[2048, 2048, 2048, 2048, 2048, 2048]",
1291,11342,31,23,2026-07-26T13:36:04.527000+00:00,30.144,32.24,25.044,286.0,238.0,False,87.428,"[None, 2048, 2048, 2048, 2048, 2049, 2049]","[2048, 2048, 2048, 2048, 2048, 2048, 2048, 2048, 2049]","[2048, 2048, 2048, 2048, 2048, 2048]",321.0
1291,11342,55,23,2026-07-26T13:36:08.441000+00:00,30.295,32.303,24.965,285.0,228.0,False,87.563,"[None, 2048, 2048, 2048, 2048, 2048, 2048]","[2048, 2048, 2048, 2048, 2048, 2048, 2048, 2048, 2048]","[2048, 2048, 2048, 2048, 2048, 2048]",
1291,11342,81,24,2026-07-26T13:36:27.569000+00:00,29.682,30.855,24.255,286.0,237.0,False,84.792,"[None, 2048, 2048, 2048, 2048, 2048, 2048]","[2051, 2049, 2048, 2048, 2048, 2048, 2048, 2048, 2048]","[2048, 2048, 2048, 2048, 2048, 2048]",
1291,11342,1,24,2026-07-26T13:36:28.569000+00:00,29.574,30.752,24.17,295.0,242.0,False,84.496,"[None, 2048, 2048, 2048, 2048, 2048, 2048]","[2048, 2048, 2048, 2051, 2048, 2048, 2048, 2048, 2048]","[2049, 2048, 2048, 2048, 2048, 2048]",
1291,11342,3,24,2026-07-26T13:36:32.241000+00:00,29.778,30.975,24.274,291.0,240.0,False,85.027,"[None, 2048, 2048, 2049, 2048, 2048, 2048]","[2048, 2049, 2048, 2048, 2049, 2048, 2048, 2048, 2048]","[2048, 2048, 2048, 2048, 2048, 2048]",318.0
1291,11342,44,24,2026-07-26T13:36:34.038000+00:00,29.8,30.988,24.462,287.0,238.0,False,85.25,"[None, 2048, 2048, 2048, 2048, 2048, 2048]","[2048, 2048, 2048, 2048, 2048, 2048, 2048, 2048, 2048]","[2048, 2048, 2048, 2048, 2048, 2048]",320.0
1291,11342,16,24,2026-07-26T13:36:35.303000+00:00,29.656,30.998,24.335,293.0,239.0,False,84.989,"[None, 2048, 2048, 2048, 2048, 2048, 2048]","[2049, 2048, 2048, 2048, 2048, 2048, 2048, 2048, 2048]","[2049, 2048, 2048, 2049, 2048, 2048]",321.0
1291,11342,12,24,2026-07-26T13:36:41.560000+00:00,29.266,30.812,24.041,,235.0,False,84.119,"[2048, 2048, 2049, 2048, 2049, 2048, 2048]","[2048, 2049, 2049, 2048, 2049, 2049, 2049, 2049, 2048]","[2048, 2049, 2048, 2048, 2048, 2048]",322.0
1291,11342,11,23,2026-07-26T13:36:42.545000+00:00,29.802,32.012,24.528,277.0,233.0,False,86.342,"[2048, 2049, 2049, 2049, 2049, 2048, 2049]","[2049, 2049, 2048, 2049, 2049, 2049, 2048, 2049, 2049]","[2049, 2049, 2049, 2049, 2048, 2048]",328.0
1291,11342,63,24,2026-07-26T13:36:47.482000+00:00,30.002,31.642,24.562,,234.0,False,86.206,"[None, 2048, 2048, 2048, 2048, 2048, 2048]","[2048, 2048, 2048, 2048, 2048, 2048, 2048, 2048, 2048]","[2048, 2048, 2048, 2048, 2048, 2048]",
1291,11342,6,24,2026-07-26T13:36:55.435000+00:00,29.676,30.849,24.417,294.0,240.0,False,84.942,"[None, 2048, 2048, 2048, 2048, 2048, 2048]","[2049, 2048, 2048, 2048, 2048, 2048, 2048, 2048, 2048]","[2048, 2048, 2048, 2048, 2048, 2048]",314.0
1291,11342,5,24,2026-07-26T13:37:04.290000+00:00,30.19,32.129,24.951,,232.0,False,87.27,"[None, 2048, 2048, 2048, 2048, 2048, 2048]","[2048, 2048, 2048, 2048, 2048, 2048, 2048, 2048, 2048]","[2048, 2048, 2048, 2048, 2048, 2048]",317.0
1291,11342,14,24,2026-07-26T13:37:11.852000+00:00,31.03,32.546,25.011,275.0,233.0,False,88.587,"[None, 2048, 2048, 2048, 2048, 2048, 2048]","[2048, 2048, 2048, 2048, 2048, 2048, 2048, 2048, 2049]","[2048, 2048, 2048, 2048, 2048, 2048]",311.0
1291,11342,30,24,2026-07-26T13:37:12.446000+00:00,29.691,31.535,24.488,286.0,237.0,False,85.714,"[2049, 2049, 2048, 2048, 2048, 2048, 2048]","[2048, 2048, 2049, 2048, 2049, 2049, 2049, 2048, 2048]","[2048, 2048, 2049, 2048, 2049, 2049]",333.0
1291,11342,41,24,2026-07-26T13:37:13.243000+00:00,29.875,32.596,24.992,281.0,234.0,False,87.463,"[None, 2048, 2048, 2048, 2048, 2048, 2049]","[2048, 2048, 2048, 2048, 2048, 2048, 2048, 2048, 2048]","[2048, 2048, 2048, 2048, 2048, 2048]",329.0
1291,11342,27,24,2026-07-26T13:37:16.041000+00:00,30.21,32.053,24.716,286.0,232.0,False,86.979,"[None, 2048, 2048, 2048, 2048, 2048, 2048]","[2048, 2048, 2048, 2048, 2048, 2048, 2048, 2048, 2048]","[2048, 2048, 2048, 2048, 2048, 2048]",319.0
1291,11342,10,24,2026-07-26T13:37:17.939000+00:00,29.84,31.895,24.901,276.0,231.0,False,86.636,"[None, 2048, 2048, 2048, 2048, 2048, 2048]","[2048, 2048, 2048, 2048, 2048, 2048, 2048, 2048, 2048]","[2048, 2048, 2048, 2048, 2048, 2048]",
1291,11342,23,24,2026-07-26T13:37:29.560000+00:00,30.277,32.729,25.221,,224.0,False,88.227,"[None, 2048, 2048, 2048, 2048, 2048, 2048]","[2048, 2048, 2048, 2048, 2048, 2048, 2048, 2048, 2048]","[2048, 2048, 2048, 2048, 2048, 2048]",318.0
1291,11342,18,24,2026-07-26T13:37:30.127000+00:00,30.464,32.577,25.045,278.0,228.0,False,88.086,"[None, 2048, 2048, 2048, 2048, 2049, 2049]","[2048, 2048, 2048, 2048, 2048, 2048, 2048, 2048, 2048]","[2048, 2048, 2048, 2048, 2048, 2048]",328.0
1291,11342,43,24,2026-07-26T13:37:30.935000+00:00,30.071,32.765,25.259,275.0,229.0,False,88.095,"[None, 2048, 2048, 2048, 2048, 2048, 2048]","[2048, 2048, 2048, 2048, 2048, 2048, 2048, 2048, 2048]","[2048, 2048, 2048, 2048, 2048, 2048]",335.0
1291,11342,31,24,2026-07-26T13:37:31.942000+00:00,30.082,32.387,25.244,283.0,235.0,False,87.713,"[None, 2049, 2048, 2048, 2048, 2048, 2048]","[2048, 2048, 2048, 2048, 2048, 2048, 2048, 2048, 2048]","[2048, 2048, 2048, 2049, 2048, 2048]",329.0
1291,11342,55,24,2026-07-26T13:37:36.022000+00:00,30.173,32.166,24.703,284.0,230.0,False,87.042,"[None, 2048, 2048, 2049, 2048, 2048, 2048]","[2048, 2048, 2048, 2048, 2048, 2048, 2048, 2048, 2048]","[2048, 2048, 2048, 2048, 2048, 2048]",
1291,11342,87,24,2026-07-26T13:37:41.585000+00:00,29.78,31.576,24.528,282.0,240.0,False,85.884,"[2048, 2048, 2049, 2049, 2049, 2049, 2049]","[2049, 2048, 2049, 2048, 2048, 2049, 2048, 2049, 2049]","[2048, 2049, 2048, 2048, 2048, 2048]",319.0
1291,11342,81,25,2026-07-26T13:37:52.379000+00:00,29.781,31.03,24.146,,236.0,False,84.957,"[None, 2048, 2048, 2048, 2048, 2048, 2048]","[2048, 2048, 2048, 2048, 2048, 2048, 2048, 2048, 2048]","[2048, 2048, 2048, 2048, 2048, 2048]",317.0
1291,11342,1,25,2026-07-26T13:37:53.165000+00:00,29.617,31.207,24.149,293.0,241.0,False,84.973,"[None, 2048, 2048, 2048, 2048, 2048, 2049]","[2048, 2048, 2048, 2048, 2048, 2048, 2048, 2048, 2048]","[2048, 2048, 2048, 2048, 2048, 2048]",328.0
1291,11342,3,25,2026-07-26T13:37:57.402000+00:00,29.891,31.027,24.254,295.0,240.0,False,85.172,"[None, 2048, 2048, 2048, 2048, 2048, 2048]","[2048, 2048, 2048, 2048, 2048, 2048, 2049, 2048, 2048]","[2048, 2048, 2048, 2048, 2048, 2048]",
1291,11342,44,25,2026-07-26T13:37:59.486000+00:00,29.768,31.034,24.351,290.0,242.0,False,85.153,"[None, 2048, 2048, 2048, 2048, 2048, 2048]","[2048, 2048, 2048, 2048, 2048, 2048, 2048, 2048, 2049]","[2049, 2048, 2048, 2048, 2048, 2048]",
1291,11342,16,25,2026-07-26T13:38:00.414000+00:00,29.62,31.108,24.346,292.0,242.0,False,85.074,"[None, 2048, 2048, 2048, 2048, 2048, 2048]","[2048, 2048, 2048, 2048, 2048, 2048, 2048, 2048, 2051]","[2049, 2048, 2048, 2049, 2048, 2048]",328.0
1291,11342,12,25,2026-07-26T13:38:05.570000+00:00,29.375,30.947,24.122,289.0,235.0,False,84.444,"[None, 2048, 2048, 2048, 2048, 2049, 2048]","[2049, 2048, 2048, 2051, 2049, 2048, 2048, 2048, 2048]","[2048, 2049, 2048, 2048, 2048, 2048]",321.0
1291,11342,11,24,2026-07-26T13:38:08.883000+00:00,30.09,32.369,24.9,270.0,235.0,False,87.359,"[None, 2048, 2048, 2048, 2048, 2049, 2048]","[2048, 2048, 2048, 2048, 2048, 2048, 2048, 2049, 2049]","[2048, 2048, 2048, 2048, 2048, 2048]",318.0
1291,11342,63,25,2026-07-26T13:38:13.744000+00:00,30.109,31.59,24.625,291.0,234.0,False,86.324,"[None, 2048, 2048, 2048, 2048, 2048, 2048]","[2048, 2048, 2048, 2048, 2048, 2048, 2048, 2048, 2048]","[2048, 2048, 2048, 2048, 2048, 2048]",
1291,11342,6,25,2026-07-26T13:38:20.463000+00:00,29.73,30.973,24.43,295.0,242.0,False,85.133,"[None, 2048, 2048, 2048, 2048, 2048, 2048]","[2048, 2048, 2048, 2048, 2049, 2048, 2048, 2049, 2049]","[2049, 2048, 2048, 2048, 2048, 2048]",313.0
1291,11342,5,25,2026-07-26T13:38:31.525000+00:00,30.109,31.857,24.927,287.0,232.0,False,86.893,"[None, 2048, 2048, 2048, 2048, 2048, 2048]","[2049, 2048, 2048, 2048, 2048, 2048, 2048, 2048, 2048]","[2048, 2048, 2048, 2048, 2048, 2048]",
1291,11342,30,25,2026-07-26T13:38:38.010000+00:00,29.75,31.721,24.678,285.0,236.0,False,86.149,"[2048, 2048, 2048, 2049, 2048, 2048, 2048]","[2048, 2049, 2048, 2048, 2048, 2048, 2048, 2048, 2048]","[2048, 2048, 2048, 2048, 2048, 2048]",320.0
1291,11342,14,25,2026-07-26T13:38:40.416000+00:00,31.288,32.693,25.14,274.0,233.0,False,89.121,"[None, 2048, 2048, 2048, 2048, 2048, 2048]","[2048, 2048, 2048, 2048, 2048, 2048, 2048, 2048, 2048]","[2048, 2048, 2048, 2048, 2048, 2048]",299.0
1291,11342,41,25,2026-07-26T13:38:40.744000+00:00,30.252,31.878,24.566,277.0,236.0,False,86.696,"[2049, 2048, 2048, 2048, 2048, 2048, 2048]","[2048, 2048, 2048, 2048, 2048, 2048, 2048, 2048, 2048]","[2048, 2049, 2048, 2048, 2048, 2048]",338.0
1291,11342,27,25,2026-07-26T13:38:42.843000+00:00,29.994,32.376,24.788,284.0,232.0,False,87.158,"[None, 2048, 2048, 2048, 2049, 2048, 2048]","[2048, 2048, 2048, 2048, 2048, 2048, 2048, 2048, 2048]","[2048, 2048, 2048, 2048, 2048, 2049]",320.0
1291,11342,10,25,2026-07-26T13:38:44.692000+00:00,29.825,31.956,25.03,285.0,233.0,False,86.811,"[None, 2048, 2048, 2048, 2048, 2048, 2049]","[2048, 2048, 2048, 2048, 2048, 2048, 2048, 2048, 2048]","[2048, 2048, 2048, 2048, 2048, 2048]",325.0
1291,11342,23,25,2026-07-26T13:38:57.923000+00:00,31.131,33.213,25.518,275.0,224.0,False,89.862,"[None, 2048, 2048, 2048, 2048, 2048, 2048]","[2048, 2048, 2048, 2048, 2048, 2048, 2048, 2048, 2048]","[2048, 2048, 2048, 2048, 2048, 2048]",
1291,11342,18,25,2026-07-26T13:38:58.214000+00:00,30.319,31.73,24.813,270.0,230.0,False,86.862,"[None, 2048, 2048, 2048, 2048, 2049, 2048]","[2048, 2048, 2048, 2048, 2048, 2048, 2048, 2048, 2048]","[2048, 2048, 2048, 2048, 2048, 2048]",330.0
1291,11342,43,25,2026-07-26T13:38:59.140000+00:00,30.225,33.276,25.462,253.0,228.0,False,88.963,"[None, 2049, 2048, 2048, 2048, 2048, 2048]","[2048, 2048, 2048, 2048, 2048, 2048, 2048, 2048, 2048]","[2048, 2048, 2048, 2048, 2048, 2048]",
1291,11342,31,25,2026-07-26T13:38:59.635000+00:00,30.279,32.972,25.438,281.0,235.0,False,88.689,"[None, 2048, 2048, 2048, 2048, 2048, 2048]","[2048, 2048, 2048, 2048, 2048, 2048, 2048, 2048, 2048]","[2048, 2048, 2048, 2048, 2048, 2049]",330.0
1291,11342,55,25,2026-07-26T13:39:03.135000+00:00,30.207,32.284,24.993,286.0,226.0,False,87.484,"[None, 2048, 2048, 2049, 2048, 2048, 2048]","[2048, 2048, 2048, 2048, 2048, 2048, 2048, 2048, 2048]","[2048, 2048, 2048, 2048, 2048, 2048]",
1291,11342,87,25,2026-07-26T13:39:07.424000+00:00,30.035,31.785,24.807,278.0,238.0,False,86.627,"[None, 2048, 2048, 2048, 2048, 2048, 2048]","[2048, 2049, 2049, 2048, 2048, 2048, 2048, 2048, 2048]","[2048, 2048, 2048, 2048, 2048, 2048]",
1291,11342,81,26,2026-07-26T13:39:17.396000+00:00,29.921,31.188,24.296,285.0,239.0,False,85.405,"[None, 2048, 2048, 2048, 2048, 2048, 2048]","[2048, 2048, 2048, 2048, 2048, 2048, 2048, 2048, 2048]","[2048, 2048, 2048, 2048, 2048, 2048]",320.0
1291,11342,1,26,2026-07-26T13:39:18.068000+00:00,29.702,31.368,24.394,,240.0,False,85.464,"[None, 2049, 2048, 2048, 2048, 2048, 2048]","[2048, 2048, 2048, 2048, 2048, 2048, 2048, 2048, 2048]","[2048, 2048, 2048, 2048, 2048, 2048]",330.0
1291,11342,3,26,2026-07-26T13:39:22.460000+00:00,29.859,31.127,24.46,293.0,240.0,False,85.446,"[None, 2048, 2048, 2048, 2048, 2048, 2048]","[2049, 2049, 2048, 2048, 2048, 2048, 2048, 2048, 2048]","[2048, 2048, 2048, 2048, 2048, 2048]",
1291,11342,44,26,2026-07-26T13:39:24.570000+00:00,29.788,31.237,24.515,284.0,238.0,False,85.54,"[None, 2048, 2048, 2048, 2048, 2048, 2048]","[2048, 2048, 2048, 2048, 2048, 2048, 2048, 2048, 2048]","[2048, 2048, 2048, 2048, 2048, 2048]",
1291,11342,16,26,2026-07-26T13:39:25.481000+00:00,29.749,31.374,24.627,293.0,237.0,False,85.75,"[None, 2048, 2048, 2048, 2048, 2049, 2048]","[2048, 2048, 2048, 2048, 2048, 2048, 2048, 2048, 2048]","[2048, 2048, 2048, 2048, 2048, 2048]",
1291,11342,12,26,2026-07-26T13:39:30.173000+00:00,29.396,30.785,24.317,288.0,236.0,False,84.498,"[None, 2048, 2048, 2048, 2048, 2048, 2048]","[2049, 2048, 2049, 2051, 2049, 2048, 2049, 2048, 2049]","[2048, 2048, 2048, 2048, 2048, 2048]",
1291,11342,11,25,2026-07-26T13:39:36.242000+00:00,30.132,32.271,24.843,275.0,228.0,False,87.246,"[None, 2048, 2048, 2048, 2048, 2048, 2048]","[2048, 2048, 2048, 2049, 2048, 2048, 2048, 2048, 2048]","[2048, 2049, 2048, 2049, 2048, 2048]",317.0
1291,11342,63,26,2026-07-26T13:39:40.114000+00:00,30.094,31.753,24.89,290.0,232.0,False,86.737,"[None, 2048, 2048, 2048, 2048, 2048, 2048]","[2048, 2048, 2048, 2048, 2048, 2048, 2048, 2048, 2048]","[2048, 2048, 2048, 2048, 2048, 2048]",
1291,11342,6,26,2026-07-26T13:39:45.569000+00:00,29.806,31.136,24.604,296.0,240.0,False,85.546,"[None, 2048, 2048, 2048, 2048, 2048, 2048]","[2048, 2048, 2048, 2048, 2048, 2048, 2048, 2048, 2048]","[2048, 2048, 2048, 2049, 2048, 2048]",317.0
1291,11342,5,26,2026-07-26T13:39:58.455000+00:00,30.146,31.931,25.166,290.0,232.0,False,87.243,"[None, 2048, 2048, 2048, 2048, 2048, 2048]","[2048, 2048, 2048, 2048, 2048, 2048, 2048, 2048, 2048]","[2048, 2048, 2048, 2048, 2048, 2048]",318.0
1291,11342,30,26,2026-07-26T13:40:04.227000+00:00,29.799,31.462,24.586,287.0,237.0,False,85.847,"[None, 2048, 2048, 2048, 2049, 2049, 2049]","[2049, 2048, 2049, 2048, 2048, 2048, 2049, 2048, 2048]","[2048, 2048, 2048, 2048, 2048, 2048]",316.0
1291,11342,41,26,2026-07-26T13:40:07.461000+00:00,30.035,31.672,24.663,287.0,237.0,False,86.37,"[2048, 2048, 2048, 2048, 2048, 2048, 2048]","[2048, 2048, 2048, 2049, 2048, 2048, 2048, 2048, 2048]","[2048, 2048, 2048, 2048, 2048, 2048]",319.0
1291,11342,14,26,2026-07-26T13:40:09.543000+00:00,30.846,32.641,26.289,279.0,232.0,False,89.776,"[None, 2048, 2048, 2048, 2048, 2048, 2049]","[2048, 2048, 2048, 2048, 2048, 2048, 2048, 2048, 2048]","[2048, 2048, 2048, 2048, 2048, 2048]",314.0
1291,11342,27,26,2026-07-26T13:40:09.969000+00:00,29.743,31.766,24.525,289.0,233.0,False,86.034,"[2049, 2051, 2048, 2048, 2049, 2048, 2048]","[2048, 2048, 2048, 2048, 2048, 2049, 2048, 2048, 2048]","[2048, 2049, 2048, 2048, 2049, 2049]",336.0
1291,11342,10,26,2026-07-26T13:40:11.488000+00:00,30.022,32.273,25.043,286.0,231.0,False,87.338,"[None, 2048, 2048, 2048, 2048, 2048, 2048]","[2048, 2048, 2048, 2048, 2048, 2048, 2048, 2048, 2048]","[2048, 2048, 2048, 2048, 2048, 2048]",
1291,11342,18,26,2026-07-26T13:40:25.027000+00:00,30.383,31.821,24.968,,234.0,False,87.172,"[None, 2048, 2048, 2048, 2048, 2048, 2048]","[2049, 2048, 2048, 2048, 2048, 2048, 2048, 2048, 2048]","[2048, 2048, 2048, 2048, 2048, 2048]",313.0
1291,11342,23,26,2026-07-26T13:40:27.746000+00:00,30.852,33.232,27.913,282.0,225.0,False,91.997,"[None, 2048, 2048, 2048, 2048, 2048, 2048]","[2048, 2048, 2048, 2048, 2048, 2048, 2048, 2048, 2048]","[2049, 2048, 2048, 2064, 2064, 2064]",319.0
1291,11342,43,26,2026-07-26T13:40:27.996000+00:00,29.855,32.316,24.925,285.0,229.0,False,87.096,"[2049, 2049, 2048, 2048, 2048, 2048, 2048]","[2048, 2048, 2048, 2048, 2048, 2048, 2048, 2048, 2048]","[2048, 2048, 2048, 2048, 2048, 2048]",340.0
1291,11342,31,26,2026-07-26T13:40:28.355000+00:00,30.481,33.263,25.34,260.0,232.0,False,89.084,"[2049, 2048, 2048, 2048, 2048, 2048, 2048]","[2048, 2048, 2048, 2048, 2048, 2048, 2048, 2048, 2048]","[2048, 2048, 2048, 2048, 2048, 2048]",336.0
1291,11342,55,26,2026-07-26T13:40:30.632000+00:00,30.358,32.488,25.161,,230.0,False,88.007,"[None, 2048, 2048, 2048, 2048, 2048, 2048]","[2048, 2048, 2048, 2048, 2048, 2048, 2048, 2048, 2048]","[2049, 2048, 2048, 2048, 2048, 2048]",322.0
1291,11342,87,26,2026-07-26T13:40:34.061000+00:00,30.284,31.879,24.815,279.0,237.0,False,86.978,"[None, 2048, 2048, 2048, 2048, 2048, 2048]","[2048, 2048, 2048, 2048, 2048, 2048, 2048, 2049, 2048]","[2049, 2048, 2048, 2048, 2048, 2048]",318.0
1291,11342,81,27,2026-07-26T13:40:42.886000+00:00,30.015,31.119,24.331,286.0,237.0,False,85.465,"[None, 2048, 2048, 2048, 2048, 2048, 2049]","[2048, 2048, 2048, 2048, 2048, 2048, 2048, 2048, 2048]","[2048, 2048, 2048, 2048, 2048, 2048]",
1291,11342,1,27,2026-07-26T13:40:43.542000+00:00,29.865,31.282,24.385,291.0,240.0,False,85.532,"[None, 2048, 2048, 2048, 2048, 2048, 2048]","[2048, 2048, 2048, 2048, 2048, 2048, 2048, 2048, 2048]","[2048, 2048, 2048, 2048, 2048, 2048]",329.0
1291,11342,3,27,2026-07-26T13:40:47.964000+00:00,29.997,31.019,24.454,295.0,240.0,False,85.47,"[None, 2048, 2048, 2048, 2048, 2048, 2048]","[2049, 2048, 2048, 2048, 2048, 2048, 2048, 2048, 2048]","[2048, 2048, 2048, 2048, 2048, 2048]",
1291,11342,44,27,2026-07-26T13:40:50.089000+00:00,30.057,31.311,24.558,282.0,239.0,False,85.926,"[None, 2048, 2048, 2048, 2048, 2048, 2048]","[2048, 2048, 2048, 2048, 2048, 2048, 2048, 2048, 2048]","[2048, 2048, 2048, 2048, 2048, 2048]",321.0
1291,11342,16,27,2026-07-26T13:40:51.183000+00:00,29.962,31.413,24.599,292.0,237.0,False,85.974,"[None, 2048, 2048, 2048, 2048, 2048, 2048]","[2048, 2048, 2048, 2048, 2048, 2048, 2048, 2048, 2048]","[2048, 2048, 2048, 2048, 2048, 2048]",322.0
1291,11342,12,27,2026-07-26T13:40:54.667000+00:00,29.69,31.243,24.362,279.0,232.0,False,85.295,"[None, 2048, 2048, 2048, 2048, 2048, 2048]","[2048, 2048, 2048, 2048, 2048, 2048, 2048, 2048, 2048]","[2048, 2048, 2048, 2048, 2048, 2048]",323.0
1291,11342,11,26,2026-07-26T13:41:03.413000+00:00,30.553,32.386,24.918,,228.0,False,87.857,"[None, 2048, 2048, 2048, 2048, 2048, 2048]","[2048, 2048, 2048, 2048, 2048, 2048, 2048, 2048, 2048]","[2048, 2048, 2048, 2048, 2048, 2048]",316.0
1291,11342,63,27,2026-07-26T13:41:06.771000+00:00,30.276,31.788,27.46,288.0,236.0,False,89.524,"[None, 2048, 2048, 2048, 2048, 2048, 2048]","[2048, 2048, 2048, 2048, 2048, 2048, 2048, 2048, 2048]","[2049, 2048, 2048, 2064, 2064, 2064]",322.0
1291,11342,6,27,2026-07-26T13:41:11.180000+00:00,29.858,31.285,24.605,295.0,240.0,False,85.748,"[None, 2048, 2048, 2048, 2048, 2048, 2048]","[2048, 2048, 2048, 2048, 2048, 2048, 2048, 2048, 2048]","[2048, 2048, 2048, 2048, 2048, 2048]",318.0
1291,11342,5,27,2026-07-26T13:41:25.784000+00:00,30.314,31.909,24.913,288.0,230.0,False,87.136,"[None, 2048, 2048, 2048, 2048, 2048, 2048]","[2048, 2048, 2048, 2048, 2048, 2048, 2048, 2048, 2048]","[2048, 2048, 2048, 2048, 2048, 2048]",317.0
1291,11342,30,27,2026-07-26T13:41:30.070000+00:00,29.791,31.706,24.593,285.0,237.0,False,86.09,"[None, 2048, 2048, 2049, 2048, 2048, 2048]","[2048, 2048, 2048, 2048, 2048, 2048, 2048, 2048, 2048]","[2048, 2048, 2048, 2048, 2048, 2049]",320.0
1291,11342,41,27,2026-07-26T13:41:33.939000+00:00,30.105,31.543,24.58,284.0,238.0,False,86.228,"[None, 2048, 2048, 2048, 2048, 2048, 2048]","[2048, 2048, 2049, 2048, 2048, 2048, 2048, 2048, 2048]","[2048, 2048, 2048, 2048, 2048, 2048]",322.0
1291,11342,27,27,2026-07-26T13:41:36.013000+00:00,29.946,31.853,24.644,284.0,231.0,False,86.443,"[2048, 2048, 2048, 2048, 2048, 2048, 2048]","[2048, 2048, 2048, 2048, 2048, 2048, 2048, 2048, 2048]","[2048, 2048, 2048, 2048, 2048, 2048]",320.0
1291,11342,10,27,2026-07-26T13:41:38.762000+00:00,30.232,31.704,24.8,283.0,231.0,False,86.736,"[None, 2048, 2048, 2048, 2048, 2048, 2048]","[2049, 2048, 2048, 2048, 2048, 2048, 2048, 2048, 2048]","[2048, 2048, 2048, 2048, 2048, 2048]",324.0
1291,11342,14,27,2026-07-26T13:41:39.314000+00:00,30.576,32.384,25.003,277.0,232.0,False,87.963,"[None, 2048, 2048, 2048, 2048, 2048, 2048]","[2048, 2048, 2048, 2048, 2048, 2048, 2049, 2048, 2048]","[2048, 2048, 2048, 2048, 2048, 2048]",327.0
1291,11342,18,27,2026-07-26T13:41:52.344000+00:00,30.214,31.795,24.828,272.0,231.0,False,86.837,"[None, 2048, 2048, 2048, 2048, 2049, 2048]","[2049, 2048, 2048, 2048, 2048, 2048, 2048, 2048, 2048]","[2048, 2048, 2048, 2048, 2048, 2048]",314.0
1291,11342,43,27,2026-07-26T13:41:55.077000+00:00,29.915,32.2,25.023,287.0,228.0,False,87.138,"[2048, 2048, 2048, 2049, 2048, 2048, 2048]","[2048, 2048, 2048, 2048, 2048, 2048, 2048, 2048, 2048]","[2048, 2048, 2048, 2048, 2048, 2048]",323.0
1291,11342,31,27,2026-07-26T13:41:57.421000+00:00,30.215,31.973,24.924,281.0,236.0,False,87.112,"[2048, 2048, 2048, 2048, 2048, 2048, 2048]","[2049, 2048, 2048, 2049, 2048, 2048, 2048, 2048, 2048]","[2048, 2048, 2048, 2048, 2048, 2048]",326.0
1291,11342,55,27,2026-07-26T13:41:58.514000+00:00,30.352,32.378,24.954,281.0,230.0,False,87.684,"[None, 2049, 2048, 2048, 2048, 2048, 2048]","[2048, 2048, 2048, 2048, 2048, 2048, 2048, 2048, 2048]","[2048, 2048, 2048, 2048, 2048, 2048]",328.0
1291,11342,23,27,2026-07-26T13:41:59.827000+00:00,50.911,32.648,24.744,263.0,224.0,True,108.303,"[2064, 2064, 2048, 2048, 2048, 2048, 2048]","[2048, 2048, 2048, 2048, 2048, 2049, 2049, 2048, 2048]","[2049, 2049, 2049, 2049, 2049, 2049]",
1291,11342,87,27,2026-07-26T13:42:01.046000+00:00,30.154,31.857,24.961,281.0,234.0,False,86.972,"[None, 2048, 2048, 2048, 2048, 2048, 2048]","[2048, 2048, 2048, 2049, 2049, 2048, 2048, 2048, 2048]","[2048, 2048, 2048, 2048, 2048]",321.0
1291,11342,81,28,2026-07-26T13:42:08.232000+00:00,29.764,31.075,24.283,287.0,234.0,False,85.122,"[None, 2048, 2048, 2048, 2048, 2048, 2049]","[2048, 2048, 2048, 2048, 2048, 2048, 2048, 2048, 2048]","[2048, 2048, 2048, 2048, 2048, 2048]",321.0
1291,11342,1,28,2026-07-26T13:42:09.101000+00:00,29.641,31.181,24.249,294.0,240.0,False,85.071,"[None, 2048, 2048, 2048, 2048, 2048, 2049]","[2048, 2048, 2048, 2048, 2048, 2048, 2048, 2048, 2048]","[2048, 2048, 2048, 2048, 2048, 2048]",328.0
1291,11342,3,28,2026-07-26T13:42:13.467000+00:00,29.674,30.982,24.458,296.0,239.0,False,85.114,"[None, 2048, 2048, 2048, 2048, 2048, 2048]","[2048, 2048, 2048, 2048, 2048, 2048, 2048, 2048, 2048]","[2048, 2048, 2048, 2048, 2048, 2048]",320.0
1291,11342,44,28,2026-07-26T13:42:16.170000+00:00,29.882,30.972,24.657,292.0,239.0,False,85.511,"[None, 2048, 2048, 2048, 2048, 2048, 2048]","[2048, 2048, 2048, 2048, 2048, 2048, 2048, 2048, 2048]","[2048, 2048, 2048, 2048, 2048, 2048]",
1291,11342,16,28,2026-07-26T13:42:17.140000+00:00,29.678,31.093,24.385,293.0,241.0,False,85.156,"[None, 2048, 2048, 2048, 2048, 2048, 2048]","[2048, 2048, 2048, 2048, 2048, 2048, 2048, 2048, 2048]","[2048, 2048, 2048, 2048, 2048, 2048]",323.0
1291,11342,12,28,2026-07-26T13:42:19.886000+00:00,29.48,31.13,24.24,284.0,233.0,False,84.85,"[None, 2048, 2048, 2049, 2048, 2048, 2048]","[2048, 2048, 2048, 2048, 2048, 2048, 2048, 2048, 2048]","[2048, 2048, 2048, 2048, 2048, 2048]",324.0
1291,11342,11,27,2026-07-26T13:42:31.308000+00:00,30.387,32.436,24.91,274.0,229.0,False,87.733,"[None, 2048, 2048, 2048, 2048, 2048, 2048]","[2048, 2048, 2048, 2048, 2049, 2048, 2048, 2048, 2048]","[2048, 2048, 2048, 2048, 2048, 2048]",317.0
1291,11342,63,28,2026-07-26T13:42:36.293000+00:00,49.793,31.324,23.944,290.0,237.0,True,105.061,"[2064, 2064, 2048, 2048, 2049, 2048, 2048]","[2048, 2048, 2049, 2048, 2048, 2049, 2049, 2048, 2048]","[2048, 2049, 2049, 2049, 2049, 2049]",
1291,11342,6,28,2026-07-26T13:42:36.839000+00:00,29.8,31.074,24.695,300.0,241.0,False,85.569,"[None, 2048, 2048, 2048, 2048, 2048, 2048]","[2048, 2048, 2048, 2048, 2048, 2048, 2048, 2049, 2048]","[2048, 2048, 2048, 2048, 2048, 2048]",316.0
1291,11342,5,28,2026-07-26T13:42:52.899000+00:00,30.16,32.351,25.169,286.0,229.0,False,87.68,"[None, 2048, 2048, 2048, 2048, 2048, 2048]","[2048, 2048, 2048, 2048, 2048, 2048, 2048, 2048, 2048]","[2048, 2048, 2048, 2048, 2048, 2048]",318.0
1291,11342,30,28,2026-07-26T13:42:56.133000+00:00,30.562,32.295,24.943,278.0,235.0,False,87.8,"[None, 2048, 2048, 2048, 2048, 2048, 2048]","[2048, 2048, 2048, 2048, 2048, 2048, 2048, 2048, 2048]","[2048, 2048, 2048, 2048, 2048, 2048]",321.0
1291,11342,41,28,2026-07-26T13:43:00.071000+00:00,29.951,31.606,24.849,291.0,236.0,False,86.406,"[None, 2048, 2048, 2048, 2048, 2048, 2048]","[2048, 2048, 2048, 2048, 2048, 2048, 2048, 2048, 2048]","[2048, 2048, 2048, 2048, 2048, 2048]",321.0
1291,11342,27,28,2026-07-26T13:43:02.555000+00:00,29.971,31.587,24.837,,235.0,False,86.395,"[None, 2048, 2048, 2048, 2048, 2048, 2048]","[2048, 2049, 2048, 2048, 2049, 2049, 2049, 2048, 2048]","[2048, 2048, 2048, 2048, 2048, 2048]",
1291,11342,10,28,2026-07-26T13:43:05.469000+00:00,30.168,32.03,25.209,282.0,231.0,False,87.407,"[None, 2048, 2048, 2048, 2048, 2048, 2048]","[2048, 2048, 2048, 2048, 2048, 2048, 2048, 2048, 2048]","[2048, 2048, 2048, 2048, 2048, 2048]",
1291,11342,14,28,2026-07-26T13:43:07.277000+00:00,30.539,32.308,25.278,276.0,231.0,False,88.125,"[None, 2048, 2048, 2048, 2048, 2048, 2048]","[2048, 2048, 2048, 2048, 2048, 2048, 2048, 2048, 2048]","[2048, 2048, 2048, 2048, 2048, 2048]",315.0
1291,11342,18,28,2026-07-26T13:43:19.174000+00:00,30.433,31.805,25.064,271.0,231.0,False,87.302,"[None, 2048, 2048, 2048, 2048, 2048, 2048]","[2049, 2048, 2048, 2048, 2048, 2048, 2048, 2048, 2048]","[2048, 2048, 2048, 2048, 2048, 2048]",
1291,11342,43,28,2026-07-26T13:43:22.213000+00:00,30.812,32.313,25.099,281.0,227.0,False,88.224,"[None, 2048, 2048, 2048, 2048, 2048, 2048]","[2048, 2048, 2048, 2048, 2048, 2048, 2048, 2048, 2048]","[2048, 2048, 2048, 2048, 2048, 2048]",322.0
1291,11342,31,28,2026-07-26T13:43:24.558000+00:00,30.348,32.193,25.014,284.0,234.0,False,87.555,"[None, 2048, 2048, 2048, 2048, 2048, 2048]","[2048, 2048, 2048, 2048, 2048, 2048, 2048, 2048, 2048]","[2048, 2048, 2048, 2048, 2048, 2048]",320.0
1291,11342,55,28,2026-07-26T13:43:26.271000+00:00,30.451,32.395,25.028,,229.0,False,87.874,"[None, 2048, 2048, 2048, 2048, 2048, 2048]","[2048, 2048, 2048, 2048, 2048, 2048, 2048, 2048, 2048]","[2048, 2048, 2048, 2048, 2048, 2048]",322.0
1291,11342,87,28,2026-07-26T13:43:27.818000+00:00,30.106,32.018,24.991,285.0,233.0,False,87.115,"[None, 2048, 2048, 2048, 2048, 2048, 2049]","[2048, 2048, 2048, 2048, 2048, 2048, 2048, 2048, 2048]","[2048, 2048, 2048, 2048, 2048, 2049]",322.0
1291,11342,81,29,2026-07-26T13:43:33.477000+00:00,29.798,31.453,24.581,284.0,237.0,False,85.832,"[None, 2048, 2048, 2048, 2048, 2048, 2048]","[2048, 2048, 2048, 2048, 2048, 2048, 2048, 2048, 2048]","[2048, 2048, 2048, 2048, 2048, 2048]",
1291,11342,1,29,2026-07-26T13:43:34.071000+00:00,29.822,32.439,24.285,,240.0,False,86.546,"[None, 2048, 2048, 2048, 2048, 2048, 2048]","[2048, 2048, 2048, 2048, 2048, 2048, 2048, 2048, 2048]","[2048, 2048, 2048, 2048, 2048, 2048]",330.0
1291,11342,3,29,2026-07-26T13:43:38.586000+00:00,29.912,31.101,24.483,295.0,241.0,False,85.496,"[None, 2048, 2048, 2048, 2048, 2048, 2048]","[2048, 2048, 2048, 2048, 2048, 2048, 2048, 2048, 2048]","[2048, 2048, 2048, 2048, 2048, 2048]",319.0
1291,11342,44,29,2026-07-26T13:43:41.602000+00:00,29.884,31.149,24.586,291.0,237.0,False,85.619,"[None, 2048, 2048, 2048, 2048, 2048, 2048]","[2048, 2048, 2048, 2048, 2048, 2048, 2048, 2048, 2048]","[2048, 2048, 2048, 2048, 2048, 2048]",320.0
1291,11342,16,29,2026-07-26T13:43:42.336000+00:00,29.779,31.285,24.569,295.0,240.0,False,85.633,"[None, 2048, 2048, 2048, 2048, 2048, 2048]","[2048, 2048, 2048, 2048, 2048, 2048, 2048, 2048, 2048]","[2048, 2048, 2048, 2048, 2048, 2048]",330.0
1291,11342,12,29,2026-07-26T13:43:44.852000+00:00,29.602,31.342,24.269,,234.0,False,85.213,"[None, 2048, 2048, 2048, 2048, 2048, 2048]","[2048, 2048, 2048, 2048, 2048, 2048, 2048, 2048, 2048]","[2048, 2048, 2048, 2048, 2048, 2048]",
1291,11342,23,28,2026-07-26T13:43:48.086000+00:00,29.748,32.049,24.643,277.0,227.0,False,86.44,"[2048, 2048, 2049, 2049, 2049, 2049, 2048]","[2048, 2048, 2049, 2049, 2049, 2049, 2048, 2049, 2049]","[2048, 2049, 2049, 2048, 2049, 2049]",322.0
1291,11342,11,28,2026-07-26T13:43:59.118000+00:00,30.277,32.254,24.827,269.0,233.0,False,87.358,"[None, 2048, 2048, 2048, 2048, 2048, 2048]","[2048, 2048, 2048, 2048, 2049, 2048, 2048, 2048, 2048]","[2048, 2048, 2048, 2048, 2048, 2048]",
1291,11342,6,29,2026-07-26T13:44:02.413000+00:00,29.72,31.128,24.595,296.0,240.0,False,85.443,"[None, 2048, 2048, 2048, 2048, 2048, 2048]","[2048, 2048, 2048, 2048, 2048, 2048, 2048, 2048, 2048]","[2048, 2048, 2048, 2048, 2048, 2048]",319.0
1291,11342,5,29,2026-07-26T13:44:20.493000+00:00,30.521,32.775,27.803,232.0,231.0,False,91.099,"[None, 2048, 2048, 2048, 2048, 2048, 2048]","[2048, 2048, 2048, 2048, 2048, 2048, 2048, 2048, 2048]","[2049, 2048, 2048, 2064, 2064, 2064]",317.0
1291,11342,63,29,2026-07-26T13:44:21.446000+00:00,29.581,30.878,23.82,293.0,239.0,False,84.279,"[2048, 2048, 2049, 2048, 2048, 2048, 2049]","[2048, 2049, 2048, 2049, 2049, 2049, 2049, 2049, 2049]","[2048, 2049, 2049, 2049, 2048, 2048]",326.0
1291,11342,30,29,2026-07-26T13:44:23.883000+00:00,29.83,31.863,24.828,286.0,238.0,False,86.521,"[None, 2048, 2048, 2048, 2048, 2048, 2048]","[2048, 2048, 2048, 2048, 2048, 2048, 2048, 2048, 2048]","[2049, 2048, 2048, 2048, 2048, 2048]",322.0
1291,11342,41,29,2026-07-26T13:44:26.539000+00:00,30.2,31.795,24.72,286.0,236.0,False,86.715,"[None, 2048, 2048, 2048, 2048, 2048, 2048]","[2048, 2048, 2048, 2048, 2048, 2048, 2048, 2048, 2048]","[2048, 2048, 2048, 2048, 2048, 2048]",322.0
1291,11342,27,29,2026-07-26T13:44:28.805000+00:00,29.987,31.787,24.743,,234.0,False,86.517,"[None, 2048, 2048, 2048, 2048, 2048, 2048]","[2048, 2048, 2048, 2048, 2048, 2048, 2048, 2048, 2048]","[2048, 2048, 2048, 2048, 2048, 2048]",
1291,11342,10,29,2026-07-26T13:44:32.925000+00:00,29.925,32.123,25.09,289.0,229.0,False,87.138,"[None, 2048, 2048, 2048, 2048, 2048, 2048]","[2048, 2048, 2048, 2048, 2048, 2048, 2048, 2048, 2048]","[2048, 2048, 2048, 2048, 2048, 2048]",323.0
1291,11342,14,29,2026-07-26T13:44:35.418000+00:00,30.553,32.52,25.194,274.0,233.0,False,88.267,"[None, 2048, 2048, 2048, 2048, 2048, 2048]","[2048, 2048, 2048, 2048, 2048, 2048, 2048, 2048, 2048]","[2048, 2048, 2048, 2048, 2048, 2048]",313.0
1291,11342,18,29,2026-07-26T13:44:46.435000+00:00,30.45,31.982,24.842,,232.0,False,87.274,"[None, 2048, 2048, 2048, 2048, 2048, 2048]","[2048, 2048, 2048, 2048, 2048, 2048, 2048, 2048, 2048]","[2048, 2048, 2048, 2048, 2048, 2048]",312.0
1291,11342,43,29,2026-07-26T13:44:50.557000+00:00,30.022,31.996,25.082,288.0,231.0,False,87.1,"[None, 2048, 2048, 2048, 2048, 2048, 2048]","[2049, 2048, 2048, 2048, 2048, 2048, 2048, 2048, 2048]","[2048, 2048, 2048, 2048, 2048, 2048]",323.0
1291,11342,31,29,2026-07-26T13:44:52.069000+00:00,30.138,32.02,24.899,285.0,237.0,False,87.057,"[None, 2048, 2048, 2048, 2048, 2049, 2048]","[2048, 2048, 2048, 2049, 2048, 2048, 2048, 2048, 2048]","[2048, 2048, 2048, 2048, 2048, 2048]",322.0
1291,11342,55,29,2026-07-26T13:44:54.090000+00:00,30.297,32.086,24.888,,231.0,False,87.271,"[None, 2048, 2048, 2048, 2048, 2048, 2048]","[2048, 2048, 2048, 2048, 2048, 2048, 2048, 2048, 2048]","[2048, 2048, 2048, 2048, 2048, 2049]",323.0
1291,11342,87,29,2026-07-26T13:44:55.086000+00:00,30.165,31.898,25.059,278.0,237.0,False,87.122,"[None, 2048, 2048, 2048, 2048, 2048, 2049]","[2048, 2048, 2048, 2049, 2048, 2048, 2048, 2048, 2048]","[2049, 2048, 2048, 2048, 2048, 2048]",325.0
1291,11342,81,30,2026-07-26T13:44:59.211000+00:00,29.89,31.298,24.547,,234.0,False,85.735,"[None, 2048, 2048, 2048, 2048, 2048, 2048]","[2048, 2048, 2048, 2048, 2048, 2048, 2048, 2048, 2048]","[2048, 2048, 2048, 2048, 2048, 2048]",322.0
1291,11342,1,30,2026-07-26T13:45:00.758000+00:00,29.701,31.111,24.429,292.0,238.0,False,85.241,"[None, 2048, 2048, 2048, 2048, 2048, 2048]","[2048, 2048, 2048, 2048, 2048, 2048, 2048, 2048, 2048]","[2048, 2048, 2048, 2048, 2048, 2048]",324.0
1291,11342,3,30,2026-07-26T13:45:04.024000+00:00,29.787,30.927,24.35,294.0,243.0,False,85.064,"[None, 2048, 2048, 2048, 2048, 2048, 2048]","[2048, 2048, 2048, 2048, 2049, 2048, 2048, 2048, 2051]","[2051, 2048, 2048, 2048, 2048, 2048]",320.0
1291,11342,44,30,2026-07-26T13:45:07.196000+00:00,29.948,31.292,27.0,289.0,238.0,False,88.24,"[None, 2048, 2048, 2048, 2048, 2048, 2048]","[2048, 2048, 2048, 2048, 2048, 2048, 2048, 2048, 2048]","[2048, 2048, 2048, 2064, 2064, 2064]",
1291,11342,16,30,2026-07-26T13:45:07.961000+00:00,29.914,31.229,24.638,292.0,242.0,False,85.781,"[None, 2048, 2048, 2048, 2048, 2048, 2048]","[2048, 2048, 2048, 2048, 2048, 2048, 2048, 2048, 2048]","[2048, 2048, 2048, 2048, 2048, 2048]",331.0
1291,11342,12,30,2026-07-26T13:45:10.039000+00:00,29.671,31.34,24.25,282.0,234.0,False,85.261,"[None, 2048, 2048, 2048, 2048, 2048, 2048]","[2048, 2048, 2048, 2048, 2048, 2048, 2048, 2048, 2048]","[2049, 2048, 2048, 2048, 2048, 2048]",326.0
1291,11342,23,29,2026-07-26T13:45:14.477000+00:00,29.862,32.044,24.634,286.0,228.0,False,86.54,"[None, 2048, 2048, 2048, 2048, 2048, 2049]","[2048, 2048, 2049, 2049, 2049, 2048, 2048, 2048, 2049]","[2048, 2048, 2048, 2049, 2048, 2049]",321.0
1291,11342,11,29,2026-07-26T13:45:26.352000+00:00,32.199,32.542,24.839,276.0,229.0,False,89.58,"[None, 2048, 2048, 2048, 2048, 2048, 2049]","[2048, 2048, 2048, 2048, 2048, 2048, 2048, 2048, 2048]","[2049, 2048, 2048, 2048, 2048, 2048]",
1291,11342,6,30,2026-07-26T13:45:27.805000+00:00,29.81,31.202,24.554,293.0,240.0,False,85.566,"[None, 2048, 2048, 2048, 2048, 2048, 2048]","[2048, 2048, 2048, 2048, 2048, 2048, 2048, 2048, 2048]","[2048, 2048, 2048, 2048, 2048, 2048]",321.0
1291,11342,63,30,2026-07-26T13:45:45.648000+00:00,29.519,30.584,23.91,292.0,240.0,False,84.013,"[None, 2048, 2048, 2049, 2049, 2049, 2048]","[2049, 2049, 2049, 2049, 2048, 2049, 2049, 2049, 2049]","[2048, 2049, 2048, 2048, 2048, 2048]",317.0
1291,11342,30,30,2026-07-26T13:45:50.413000+00:00,30.02,31.724,24.63,284.0,238.0,False,86.374,"[None, 2048, 2048, 2048, 2048, 2048, 2048]","[2048, 2048, 2048, 2048, 2048, 2048, 2048, 2049, 2048]","[2048, 2048, 2048, 2048, 2048, 2048]",320.0
1291,11342,5,30,2026-07-26T13:45:51.567000+00:00,49.211,31.473,24.265,290.0,236.0,True,104.949,"[2064, 2064, 2048, 2048, 2048, 2048, 2048]","[2048, 2048, 2048, 2049, 2049, 2049, 2049, 2048, 2049]","[2049, 2049, 2049, 2049, 2049, 2048]",
1291,11342,41,30,2026-07-26T13:45:53.206000+00:00,30.193,31.763,24.659,288.0,238.0,False,86.615,"[None, 2048, 2048, 2048, 2048, 2048, 2048]","[2048, 2048, 2048, 2048, 2048, 2048, 2048, 2048, 2048]","[2049, 2048, 2048, 2048, 2048]",
1291,11342,27,30,2026-07-26T13:45:55.327000+00:00,29.99,31.731,24.673,292.0,235.0,False,86.394,"[None, 2048, 2048, 2049, 2048, 2048, 2048]","[2048, 2048, 2048, 2048, 2048, 2048, 2048, 2048, 2048]","[2048, 2048, 2048, 2048, 2048, 2048]",321.0
1291,11342,10,30,2026-07-26T13:46:00.102000+00:00,30.02,31.815,24.933,274.0,233.0,False,86.768,"[None, 2048, 2048, 2048, 2048, 2048, 2048]","[2048, 2048, 2048, 2048, 2048, 2048, 2048, 2048, 2048]","[2049, 2048, 2048, 2048, 2048, 2048]",
1291,11342,14,30,2026-07-26T13:46:03.740000+00:00,30.461,32.361,25.36,275.0,233.0,False,88.182,"[None, 2048, 2048, 2049, 2048, 2048, 2048]","[2048, 2048, 2048, 2048, 2048, 2048, 2048, 2048, 2048]","[2049, 2048, 2048, 2048, 2048]",314.0
1291,11342,18,30,2026-07-26T13:46:13.701000+00:00,30.575,31.851,24.87,272.0,234.0,False,87.296,"[None, 2048, 2048, 2048, 2048, 2048, 2048]","[2048, 2048, 2048, 2048, 2048, 2048, 2048, 2048, 2048]","[2049, 2048, 2048, 2048, 2048, 2048]",314.0
1291,11342,43,30,2026-07-26T13:46:17.589000+00:00,29.994,32.127,25.226,290.0,231.0,False,87.347,"[None, 2048, 2048, 2048, 2048, 2048, 2048]","[2048, 2048, 2048, 2048, 2048, 2048, 2048, 2048, 2048]","[2048, 2048, 2048, 2048, 2048, 2048]",322.0
1291,11342,31,30,2026-07-26T13:46:19.217000+00:00,30.24,31.922,25.199,284.0,237.0,False,87.361,"[None, 2048, 2048, 2048, 2048, 2048, 2048]","[2049, 2048, 2048, 2048, 2048, 2048, 2048, 2049, 2048]","[2049, 2048, 2048, 2048, 2048, 2048]",321.0
1291,11342,55,30,2026-07-26T13:46:21.440000+00:00,30.313,32.306,25.004,,231.0,False,87.623,"[None, 2048, 2048, 2049, 2048, 2048, 2048]","[2048, 2048, 2048, 2048, 2048, 2048, 2048, 2048, 2048]","[2049, 2048, 2048, 2048, 2048, 2049]",
1291,11342,87,30,2026-07-26T13:46:22.191000+00:00,30.262,31.95,25.17,283.0,233.0,False,87.382,"[None, 2049, 2048, 2048, 2048, 2048, 2049]","[2048, 2048, 2048, 2048, 2048, 2048, 2048, 2048, 2048]","[2048, 2048, 2048, 2048, 2048, 2048]",331.0
1291,11342,81,31,2026-07-26T13:46:24.971000+00:00,29.899,31.419,24.525,287.0,235.0,False,85.843,"[None, 2048, 2048, 2048, 2048, 2048, 2049]","[2048, 2048, 2048, 2048, 2048, 2048, 2048, 2048, 2048]","[2048, 2048, 2048, 2048, 2048, 2048]",323.0
1291,11342,1,31,2026-07-26T13:46:26.019000+00:00,29.873,31.146,24.558,294.0,236.0,False,85.577,"[None, 2048, 2048, 2048, 2048, 2048, 2048]","[2048, 2048, 2048, 2048, 2048, 2048, 2048, 2048, 2048]","[2048, 2048, 2048, 2048, 2048, 2048]",327.0
1291,11342,3,31,2026-07-26T13:46:29.156000+00:00,29.904,30.949,24.545,297.0,240.0,False,85.398,"[None, 2048, 2048, 2048, 2048, 2048, 2048]","[2048, 2048, 2048, 2048, 2049, 2048, 2048, 2048, 2048]","[2048, 2048, 2048, 2048, 2048, 2048]",
1291,11342,16,31,2026-07-26T13:46:33.635000+00:00,29.833,30.963,24.561,290.0,244.0,False,85.357,"[None, 2048, 2048, 2048, 2048, 2048, 2048]","[2051, 2048, 2048, 2048, 2048, 2048, 2048, 2051, 2051]","[2049, 2048, 2048, 2048, 2048, 2048]",324.0
1291,11342,12,31,2026-07-26T13:46:35.236000+00:00,29.688,31.214,24.237,,234.0,False,85.139,"[None, 2048, 2048, 2048, 2048, 2048, 2048]","[2048, 2048, 2048, 2048, 2048, 2048, 2049, 2048, 2048]","[2049, 2049, 2048, 2048, 2048, 2048]",325.0
1291,11342,44,31,2026-07-26T13:46:35.393000+00:00,48.435,31.307,24.208,287.0,241.0,True,103.95,"[2064, 2064, 2048, 2048, 2049, 2048, 2048]","[2048, 2048, 2048, 2048, 2048, 2049, 2048, 2048, 2048]","[2048, 2048, 2048, 2048, 2048, 2048]",
1291,11342,23,30,2026-07-26T13:46:41.115000+00:00,30.165,32.039,24.863,284.0,224.0,False,87.067,"[None, 2048, 2048, 2048, 2048, 2048, 2048]","[2048, 2049, 2049, 2048, 2048, 2048, 2048, 2048, 2048]","[2048, 2048, 2049, 2048, 2048, 2048]",
1291,11342,6,31,2026-07-26T13:46:53.471000+00:00,30.038,31.139,24.661,294.0,241.0,False,85.838,"[None, 2048, 2048, 2048, 2048, 2048, 2048]","[2048, 2048, 2048, 2048, 2048, 2048, 2051, 2048, 2048]","[2048, 2048, 2048, 2048, 2048, 2048]",318.0
1291,11342,11,30,2026-07-26T13:46:56.062000+00:00,30.593,32.334,24.794,,233.0,False,87.721,"[None, 2048, 2048, 2048, 2048, 2048, 2048]","[2048, 2048, 2048, 2048, 2048, 2048, 2048, 2048, 2048]","[2048, 2048, 2048, 2048, 2048, 2048]",318.0
1291,11342,63,31,2026-07-26T13:47:09.711000+00:00,29.578,30.598,23.956,295.0,239.0,False,84.132,"[None, 2048, 2048, 2049, 2048, 2049, 2049]","[2048, 2049, 2048, 2048, 2049, 2048, 2049, 2049, 2048]","[2048, 2048, 2048, 2048, 2048, 2048]",319.0
1291,11342,30,31,2026-07-26T13:47:16.836000+00:00,29.791,31.565,24.734,291.0,235.0,False,86.09,"[None, 2048, 2048, 2049, 2048, 2048, 2048]","[2048, 2049, 2048, 2048, 2048, 2048, 2048, 2048, 2048]","[2048, 2048, 2048, 2048, 2048, 2049]",
1291,11342,41,31,2026-07-26T13:47:19.727000+00:00,30.263,31.459,24.703,290.0,240.0,False,86.425,"[None, 2048, 2048, 2048, 2048, 2048, 2048]","[2048, 2048, 2049, 2049, 2048, 2048, 2048, 2049, 2049]","[2048, 2048, 2048, 2048, 2048, 2048]",319.0
1291,11342,27,31,2026-07-26T13:47:21.633000+00:00,29.916,31.809,24.678,289.0,237.0,False,86.403,"[None, 2048, 2048, 2048, 2048, 2048, 2049]","[2048, 2048, 2048, 2048, 2048, 2048, 2048, 2048, 2048]","[2048, 2048, 2048, 2048, 2048, 2048]",
1291,11342,10,31,2026-07-26T13:47:26.769000+00:00,29.794,31.719,25.057,290.0,234.0,False,86.57,"[None, 2048, 2048, 2048, 2048, 2049, 2049]","[2049, 2048, 2048, 2048, 2048, 2048, 2048, 2048, 2048]","[2048, 2048, 2048, 2048, 2048, 2048]",
1291,11342,14,31,2026-07-26T13:47:31.726000+00:00,30.672,32.403,25.185,274.0,232.0,False,88.26,"[None, 2048, 2048, 2048, 2048, 2048, 2048]","[2048, 2048, 2048, 2048, 2048, 2048, 2048, 2048, 2048]","[2048, 2048, 2048, 2048, 2048, 2048]",312.0
1291,11342,5,31,2026-07-26T13:47:36.602000+00:00,29.448,31.132,24.335,292.0,236.0,False,84.915,"[2048, 2048, 2049, 2049, 2051, 2048, 2048]","[2049, 2049, 2048, 2049, 2049, 2049, 2049, 2049, 2048]","[2048, 2048, 2048, 2048, 2049, 2049]",319.0
1291,11342,18,31,2026-07-26T13:47:41.043000+00:00,30.314,31.986,24.875,,232.0,False,87.175,"[None, 2048, 2048, 2048, 2048, 2048, 2048]","[2049, 2048, 2048, 2048, 2048, 2048, 2048, 2048, 2048]","[2048, 2048, 2048, 2048, 2048, 2048]",315.0
1291,11342,43,31,2026-07-26T13:47:44.918000+00:00,30.08,32.255,25.076,291.0,226.0,False,87.411,"[None, 2048, 2048, 2048, 2048, 2048, 2048]","[2048, 2048, 2048, 2048, 2048, 2048, 2048, 2048, 2048]","[2048, 2048, 2048, 2048, 2048, 2048]",
1291,11342,31,31,2026-07-26T13:47:46.574000+00:00,30.264,32.364,24.98,283.0,235.0,False,87.608,"[None, 2048, 2048, 2048, 2048, 2048, 2048]","[2048, 2048, 2048, 2048, 2048, 2048, 2048, 2048, 2048]","[2048, 2048, 2048, 2048, 2049, 2048]",
1291,11342,55,31,2026-07-26T13:47:48.933000+00:00,30.284,32.629,26.853,283.0,186.0,False,89.766,"[None, 2048, 2048, 2048, 2048, 2048, 2048]","[2048, 2048, 2048, 2048, 2048, 2048, 2048, 2048, 2048]","[2048, 2048, 2048, 2048, 2048, 2048]",322.0
1291,11342,87,31,2026-07-26T13:47:49.668000+00:00,31.717,32.852,25.261,144.0,238.0,False,89.83,"[2049, 2049, 2048, 2048, 2048, 2048, 2048]","[2048, 2048, 2048, 2048, 2048, 2048, 2048, 2048, 2048]","[2049, 2048, 2048, 2048, 2048, 2048]",333.0
1291,11342,81,32,2026-07-26T13:47:50.761000+00:00,29.876,31.514,24.441,289.0,229.0,False,85.831,"[None, 2049, 2048, 2048, 2048, 2048, 2049]","[2048, 2048, 2048, 2048, 2048, 2048, 2048, 2048, 2048]","[2048, 2048, 2048, 2048, 2048, 2048]",325.0
1291,11342,1,32,2026-07-26T13:47:51.511000+00:00,29.732,31.537,24.613,298.0,235.0,False,85.882,"[None, 2049, 2048, 2048, 2048, 2048, 2051]","[2048, 2048, 2048, 2048, 2048, 2048, 2048, 2048, 2048]","[2048, 2048, 2048, 2048, 2048, 2048]",332.0
1291,11342,3,32,2026-07-26T13:47:54.480000+00:00,29.712,31.039,24.743,296.0,237.0,False,85.494,"[None, 2048, 2048, 2049, 2048, 2048, 2048]","[2048, 2048, 2048, 2048, 2048, 2048, 2048, 2048, 2048]","[2048, 2048, 2048, 2048, 2048, 2048]",
1291,11342,16,32,2026-07-26T13:47:59.089000+00:00,29.95,30.869,24.712,,242.0,False,85.531,"[None, 2048, 2048, 2048, 2048, 2048, 2048]","[2048, 2048, 2048, 2048, 2048, 2048, 2048, 2051, 2048]","[2048, 2048, 2048, 2048, 2048, 2048]",318.0
1291,11342,12,32,2026-07-26T13:48:00.449000+00:00,29.666,31.165,24.376,285.0,236.0,False,85.207,"[None, 2048, 2048, 2048, 2048, 2048, 2048]","[2048, 2048, 2048, 2048, 2048, 2048, 2048, 2048, 2049]","[2049, 2048, 2048, 2048, 2048, 2048]",
1291,11342,23,31,2026-07-26T13:48:08.089000+00:00,30.05,32.08,24.91,278.0,224.0,False,87.04,"[None, 2048, 2048, 2048, 2048, 2048, 2049]","[2048, 2048, 2048, 2048, 2048, 2049, 2048, 2048, 2048]","[2048, 2048, 2048, 2048, 2048, 2048]",319.0
1291,11342,6,32,2026-07-26T13:48:19.230000+00:00,30.276,31.42,24.692,293.0,238.0,False,86.388,"[None, 2048, 2048, 2048, 2048, 2048, 2048]","[2048, 2048, 2048, 2048, 2048, 2048, 2048, 2048, 2048]","[2048, 2048, 2048, 2048, 2048, 2048]",316.0
1291,11342,44,32,2026-07-26T13:48:19.558000+00:00,29.197,30.498,23.976,281.0,241.0,False,83.671,"[2048, 2048, 2048, 2049, 2049, 2048, 2048]","[2048, 2051, 2048, 2048, 2048, 2051, 2048, 2048, 2048]","[2048, 2048, 2048, 2048, 2048, 2048]",330.0
1291,11342,11,31,2026-07-26T13:48:23.713000+00:00,30.418,32.274,24.907,278.0,231.0,False,87.599,"[None, 2048, 2048, 2048, 2048, 2048, 2048]","[2048, 2048, 2048, 2048, 2048, 2048, 2048, 2048, 2048]","[2048, 2048, 2048, 2048, 2048, 2048]",
1291,11342,63,32,2026-07-26T13:48:33.805000+00:00,29.475,30.581,24.047,294.0,239.0,False,84.103,"[None, 2048, 2048, 2049, 2049, 2048, 2048]","[2049, 2048, 2049, 2048, 2048, 2049, 2048, 2048, 2048]","[2048, 2048, 2048, 2048, 2048, 2048]",321.0
1291,11342,30,32,2026-07-26T13:48:42.870000+00:00,29.827,31.577,24.696,288.0,238.0,False,86.1,"[None, 2048, 2048, 2049, 2048, 2048, 2048]","[2048, 2048, 2048, 2048, 2048, 2048, 2048, 2048, 2048]","[2048, 2048, 2048, 2048, 2048, 2048]",319.0
1291,11342,41,32,2026-07-26T13:48:46.230000+00:00,30.068,31.536,24.642,288.0,241.0,False,86.246,"[None, 2048, 2048, 2048, 2048, 2048, 2048]","[2048, 2048, 2048, 2048, 2048, 2049, 2048, 2048, 2049]","[2048, 2048, 2048, 2048, 2048, 2048]",321.0
1291,11342,27,32,2026-07-26T13:48:48.136000+00:00,30.154,31.602,24.758,286.0,234.0,False,86.514,"[None, 2048, 2048, 2048, 2048, 2048, 2048]","[2048, 2048, 2049, 2048, 2048, 2048, 2049, 2048, 2048]","[2048, 2048, 2048, 2048, 2048, 2048]",320.0
1291,11342,10,32,2026-07-26T13:48:53.402000+00:00,29.869,31.909,25.129,289.0,229.0,False,86.907,"[None, 2048, 2048, 2048, 2048, 2048, 2048]","[2048, 2048, 2048, 2049, 2048, 2048, 2048, 2048, 2048]","[2048, 2048, 2048, 2048, 2048, 2048]",
1291,11342,14,32,2026-07-26T13:49:00.152000+00:00,30.63,32.399,25.23,,232.0,False,88.259,"[None, 2048, 2048, 2048, 2048, 2048, 2048]","[2048, 2048, 2048, 2048, 2048, 2048, 2048, 2048, 2048]","[2048, 2048, 2048, 2048, 2048, 2048]",314.0
1291,11342,5,32,2026-07-26T13:49:01.464000+00:00,29.637,32.386,24.996,286.0,233.0,False,87.019,"[None, 2048, 2048, 2048, 2048, 2048, 2049]","[2048, 2048, 2048, 2048, 2048, 2048, 2048, 2048, 2048]","[2048, 2048, 2048, 2048, 2048, 2049]",322.0
1291,11342,18,32,2026-07-26T13:49:08.167000+00:00,30.234,31.761,24.852,,231.0,False,86.847,"[None, 2048, 2048, 2048, 2048, 2048, 2048]","[2048, 2048, 2048, 2048, 2048, 2048, 2048, 2048, 2048]","[2048, 2048, 2048, 2048, 2048, 2048]",
1291,11342,43,32,2026-07-26T13:49:12.418000+00:00,30.023,32.013,25.056,275.0,232.0,False,87.092,"[None, 2048, 2048, 2048, 2048, 2048, 2048]","[2048, 2048, 2048, 2048, 2048, 2048, 2049, 2049, 2049]","[2048, 2048, 2048, 2048, 2048, 2048]",
1291,11342,31,32,2026-07-26T13:49:14.105000+00:00,30.205,32.228,24.904,282.0,236.0,False,87.337,"[None, 2048, 2048, 2048, 2048, 2048, 2048]","[2048, 2048, 2048, 2048, 2048, 2048, 2048, 2048, 2048]","[2048, 2048, 2048, 2048, 2048, 2048]",
1291,11342,81,33,2026-07-26T13:49:16.667000+00:00,29.767,31.242,27.004,285.0,238.0,False,88.013,"[None, 2048, 2048, 2048, 2048, 2048, 2049]","[2048, 2048, 2049, 2048, 2048, 2048, 2048, 2048, 2048]","[2048, 2048, 2048, 2064, 2064, 2064]",323.0
1291,11342,1,33,2026-07-26T13:49:17.371000+00:00,29.577,31.405,24.432,291.0,237.0,False,85.414,"[None, 2048, 2048, 2048, 2048, 2051, 2051]","[2048, 2048, 2048, 2048, 2048, 2048, 2048, 2048, 2048]","[2048, 2048, 2048, 2049, 2048, 2048]",331.0
1291,11342,55,32,2026-07-26T13:49:18.730000+00:00,30.362,33.626,24.992,282.0,232.0,False,88.98,"[2049, 2048, 2048, 2048, 2048, 2048, 2048]","[2048, 2048, 2048, 2048, 2048, 2048, 2048, 2048, 2048]","[2049, 2048, 2048, 2048, 2048, 2048]",331.0
1291,11342,87,32,2026-07-26T13:49:19.513000+00:00,31.352,32.333,25.453,278.0,235.0,False,89.138,"[2048, 2048, 2048, 2048, 2048, 2048, 2049]","[2048, 2048, 2048, 2048, 2048, 2048, 2048, 2048, 2048]","[2048, 2048, 2048, 2048, 2048, 2048]",
1291,11342,3,33,2026-07-26T13:49:20.043000+00:00,30.074,31.125,24.573,300.0,242.0,False,85.772,"[None, 2048, 2048, 2048, 2048, 2048, 2048]","[2048, 2048, 2048, 2048, 2048, 2048, 2048, 2048, 2048]","[2048, 2048, 2048, 2048, 2048, 2048]",329.0
1291,11342,16,33,2026-07-26T13:49:24.571000+00:00,30.026,31.148,24.608,289.0,242.0,False,85.782,"[None, 2048, 2048, 2048, 2048, 2048, 2048]","[2048, 2048, 2048, 2048, 2048, 2048, 2048, 2048, 2048]","[2048, 2048, 2048, 2048, 2048, 2048]",319.0
1291,11342,12,33,2026-07-26T13:49:25.649000+00:00,29.689,31.37,24.489,,234.0,False,85.548,"[None, 2048, 2048, 2048, 2048, 2048, 2048]","[2048, 2048, 2048, 2048, 2048, 2048, 2048, 2048, 2048]","[2048, 2048, 2048, 2048, 2048, 2048]",327.0
1291,11342,23,32,2026-07-26T13:49:35.180000+00:00,30.013,32.111,24.825,282.0,226.0,False,86.949,"[None, 2048, 2048, 2048, 2048, 2048, 2049]","[2048, 2048, 2048, 2048, 2048, 2048, 2048, 2048, 2048]","[2048, 2048, 2048, 2049, 2048, 2048]",
1291,11342,44,33,2026-07-26T13:49:42.993000+00:00,29.299,30.93,23.955,,240.0,False,84.184,"[None, 2048, 2051, 2048, 2049, 2048, 2048]","[2048, 2048, 2048, 2048, 2048, 2048, 2048, 2048, 2048]","[2048, 2048, 2048, 2048, 2048, 2048]",318.0
1291,11342,6,33,2026-07-26T13:49:45.720000+00:00,29.802,31.103,24.582,298.0,240.0,False,85.487,"[None, 2048, 2048, 2048, 2048, 2049, 2048]","[2048, 2048, 2048, 2048, 2048, 2048, 2048, 2048, 2048]","[2048, 2048, 2048, 2048, 2048, 2048]",318.0
1291,11342,11,32,2026-07-26T13:49:51.261000+00:00,30.486,32.193,24.813,275.0,233.0,False,87.492,"[None, 2048, 2048, 2048, 2048, 2048, 2048]","[2048, 2048, 2048, 2048, 2049, 2048, 2048, 2048, 2048]","[2048, 2048, 2048, 2048, 2048, 2048]",316.0
1291,11342,63,33,2026-07-26T13:49:57.964000+00:00,29.574,30.763,24.045,293.0,240.0,False,84.382,"[None, 2048, 2048, 2048, 2048, 2048, 2048]","[2048, 2048, 2048, 2048, 2048, 2048, 2048, 2049, 2048]","[2048, 2048, 2048, 2048, 2048, 2048]",320.0
1291,11342,30,33,2026-07-26T13:50:09.058000+00:00,29.97,31.598,24.699,,236.0,False,86.267,"[None, 2048, 2048, 2048, 2048, 2048, 2048]","[2048, 2048, 2048, 2048, 2048, 2049, 2048, 2048, 2048]","[2048, 2048, 2048, 2048, 2048, 2048]",318.0
1291,11342,41,33,2026-07-26T13:50:12.458000+00:00,30.197,31.533,24.603,290.0,239.0,False,86.333,"[None, 2048, 2048, 2048, 2048, 2048, 2048]","[2048, 2048, 2048, 2048, 2048, 2048, 2048, 2048, 2048]","[2048, 2048, 2048, 2048, 2048, 2048]",317.0
1291,11342,27,33,2026-07-26T13:50:14.619000+00:00,29.921,31.51,24.759,290.0,234.0,False,86.19,"[None, 2048, 2048, 2048, 2048, 2048, 2049]","[2048, 2049, 2048, 2048, 2048, 2049, 2048, 2048, 2048]","[2048, 2048, 2048, 2048, 2048, 2048]",
1291,11342,10,33,2026-07-26T13:50:20.334000+00:00,30.058,31.821,25.003,288.0,230.0,False,86.882,"[None, 2048, 2048, 2048, 2048, 2048, 2048]","[2049, 2048, 2048, 2048, 2048, 2048, 2048, 2048, 2048]","[2048, 2048, 2048, 2048, 2048, 2048]",322.0
1291,11342,14,33,2026-07-26T13:50:28.440000+00:00,31.124,32.64,25.22,277.0,231.0,False,88.984,"[None, 2048, 2048, 2048, 2048, 2048, 2048]","[2048, 2048, 2048, 2048, 2048, 2048, 2048, 2048, 2048]","[2048, 2048, 2048, 2048, 2048, 2048]",308.0
1291,11342,5,33,2026-07-26T13:50:28.569000+00:00,29.56,30.947,24.276,294.0,237.0,False,84.783,"[None, 2048, 2048, 2048, 2048, 2048, 2049]","[2049, 2049, 2048, 2049, 2049, 2049, 2049, 2049, 2049]","[2048, 2049, 2049, 2048, 2048]",326.0
1291,11342,18,33,2026-07-26T13:50:34.983000+00:00,30.286,31.745,24.791,273.0,233.0,False,86.822,"[None, 2048, 2048, 2048, 2048, 2048, 2048]","[2048, 2048, 2048, 2048, 2048, 2048, 2048, 2048, 2048]","[2048, 2048, 2048, 2048, 2048, 2048]",314.0
1291,11342,43,33,2026-07-26T13:50:39.469000+00:00,29.968,31.901,25.057,284.0,229.0,False,86.926,"[None, 2048, 2048, 2048, 2048, 2048, 2049]","[2048, 2048, 2048, 2048, 2048, 2049, 2048, 2048, 2048]","[2048, 2048, 2048, 2048, 2048, 2048]",
1291,11342,31,33,2026-07-26T13:50:41.485000+00:00,30.193,33.159,24.946,280.0,236.0,False,88.298,"[None, 2048, 2048, 2048, 2048, 2048, 2048]","[2048, 2048, 2048, 2048, 2048, 2048, 2048, 2048, 2048]","[2049, 2048, 2048, 2048, 2048, 2048]",320.0
1291,11342,1,34,2026-07-26T13:50:42.745000+00:00,29.663,30.867,24.094,297.0,243.0,False,84.624,"[None, 2048, 2048, 2048, 2048, 2048, 2048]","[2048, 2048, 2048, 2048, 2049, 2048, 2048, 2048, 2049]","[2048, 2048, 2048, 2048, 2048, 2048]",328.0
1291,11342,81,34,2026-07-26T13:50:44.607000+00:00,48.957,31.219,23.923,289.0,235.0,True,104.099,"[2064, 2064, 2048, 2048, 2048, 2048, 2049]","[2048, 2048, 2049, 2048, 2048, 2048, 2048, 2048, 2048]","[2048, 2048, 2048, 2049, 2051, 2049]",
1291,11342,3,34,2026-07-26T13:50:45.740000+00:00,29.892,30.995,24.507,299.0,240.0,False,85.394,"[None, 2048, 2048, 2048, 2048, 2048, 2048]","[2048, 2048, 2048, 2048, 2048, 2048, 2048, 2048, 2048]","[2048, 2048, 2048, 2048, 2048, 2048]",322.0
1291,11342,55,33,2026-07-26T13:50:47.787000+00:00,30.469,32.167,24.893,284.0,230.0,False,87.529,"[2048, 2048, 2048, 2048, 2048, 2048, 2048]","[2048, 2048, 2048, 2048, 2048, 2048, 2048, 2048, 2048]","[2048, 2048, 2048, 2048, 2048]",322.0
1291,11342,87,33,2026-07-26T13:50:48.502000+00:00,30.525,32.032,27.074,,235.0,False,89.631,"[None, 2048, 2048, 2048, 2048, 2048, 2048]","[2048, 2048, 2048, 2048, 2048, 2048, 2048, 2048, 2048]","[2048, 2048, 2048, 2048, 2048, 2048]",331.0
1291,11342,16,34,2026-07-26T13:50:50.534000+00:00,29.931,31.554,24.785,293.0,237.0,False,86.27,"[None, 2048, 2048, 2048, 2048, 2048, 2048]","[2048, 2048, 2048, 2048, 2048, 2048, 2048, 2048, 2048]","[2048, 2048, 2048, 2048, 2048, 2048]",321.0
1291,11342,12,34,2026-07-26T13:50:51.165000+00:00,29.741,31.563,24.788,289.0,234.0,False,86.092,"[2049, 2048, 2048, 2048, 2048, 2048, 2049]","[2048, 2048, 2049, 2048, 2048, 2048, 2048, 2048, 2048]","[2048, 2048, 2048, 2048, 2048, 2049]",331.0
1291,11342,23,33,2026-07-26T13:51:02.139000+00:00,30.07,32.014,26.109,280.0,214.0,False,88.193,"[None, 2048, 2048, 2048, 2048, 2048, 2048]","[2048, 2048, 2048, 2049, 2049, 2048, 2048, 2048, 2048]","[2048, 2048, 2048, 2048, 2048, 2048]",320.0
1291,11342,44,34,2026-07-26T13:51:07.217000+00:00,29.359,30.807,24.058,284.0,237.0,False,84.224,"[None, 2048, 2048, 2048, 2048, 2048, 2048]","[2048, 2048, 2048, 2048, 2048, 2048, 2048, 2048, 2048]","[2048, 2048, 2048, 2048, 2048, 2048]",
1291,11342,6,34,2026-07-26T13:51:11.202000+00:00,29.898,31.077,24.518,,240.0,False,85.493,"[None, 2048, 2048, 2048, 2048, 2048, 2048]","[2048, 2048, 2048, 2048, 2048, 2048, 2048, 2048, 2048]","[2048, 2048, 2048, 2048, 2048, 2048]",316.0
1291,11342,11,33,2026-07-26T13:51:18.894000+00:00,30.475,32.578,26.448,276.0,227.0,False,89.501,"[None, 2048, 2048, 2048, 2048, 2048, 2048]","[2048, 2048, 2048, 2048, 2048, 2048, 2048, 2048, 2048]","[2048, 2048, 2048, 2048, 2048, 2048]",
1291,11342,63,34,2026-07-26T13:51:22.254000+00:00,29.604,31.123,24.346,295.0,235.0,False,85.073,"[None, 2048, 2048, 2048, 2048, 2048, 2048]","[2048, 2048, 2048, 2048, 2048, 2048, 2048, 2048, 2048]","[2048, 2048, 2048, 2048, 2048, 2048]",322.0
1291,11342,30,34,2026-07-26T13:51:35.340000+00:00,29.739,31.691,24.683,290.0,236.0,False,86.113,"[None, 2048, 2048, 2048, 2048, 2048, 2048]","[2048, 2048, 2048, 2048, 2048, 2048, 2048, 2048, 2048]","[2048, 2048, 2048, 2048, 2048, 2048]",319.0
1291,11342,41,34,2026-07-26T13:51:38.793000+00:00,30.156,31.49,24.616,,237.0,False,86.262,"[None, 2048, 2048, 2048, 2048, 2048, 2048]","[2048, 2048, 2048, 2048, 2049, 2048, 2048, 2048, 2048]","[2048, 2048, 2048, 2048, 2048]",318.0
1291,11342,27,34,2026-07-26T13:51:40.883000+00:00,29.955,31.562,24.632,292.0,232.0,False,86.149,"[None, 2048, 2048, 2048, 2048, 2048, 2048]","[2048, 2049, 2048, 2048, 2049, 2048, 2049, 2048, 2048]","[2048, 2048, 2048, 2048, 2048, 2048]",321.0
1291,11342,10,34,2026-07-26T13:51:47.286000+00:00,29.932,32.067,24.889,287.0,229.0,False,86.888,"[None, 2048, 2048, 2049, 2048, 2048, 2048]","[2048, 2048, 2048, 2048, 2048, 2048, 2048, 2048, 2048]","[2048, 2048, 2048, 2048, 2048, 2048]",323.0
1291,11342,5,34,2026-07-26T13:51:53.167000+00:00,29.585,31.283,24.314,291.0,235.0,False,85.182,"[None, 2048, 2048, 2049, 2048, 2048, 2048]","[2048, 2048, 2048, 2048, 2049, 2048, 2048, 2048, 2048]","[2048, 2048, 2048, 2048, 2048, 2048]",319.0
1291,11342,14,34,2026-07-26T13:51:57.386000+00:00,30.692,32.77,28.07,274.0,230.0,False,91.532,"[None, 2048, 2048, 2048, 2048, 2048, 2048]","[2048, 2048, 2048, 2048, 2048, 2048, 2048, 2048, 2048]","[2048, 2048, 2048, 2064, 2064, 2064]",314.0
1291,11342,18,34,2026-07-26T13:52:01.755000+00:00,30.333,32.094,24.743,,229.0,False,87.17,"[None, 2048, 2048, 2048, 2048, 2048, 2048]","[2048, 2048, 2048, 2048, 2048, 2048, 2048, 2048, 2048]","[2048, 2048, 2048, 2048, 2049, 2048]",316.0
1291,11342,43,34,2026-07-26T13:52:06.367000+00:00,31.455,32.465,25.016,274.0,231.0,False,88.936,"[None, 2048, 2048, 2048, 2048, 2048, 2048]","[2048, 2048, 2048, 2048, 2048, 2048, 2049, 2048, 2048]","[2049, 2048, 2048, 2048, 2048, 2048]",323.0
1291,11342,1,35,2026-07-26T13:52:07.508000+00:00,29.655,30.979,24.034,291.0,238.0,False,84.668,"[None, 2048, 2048, 2048, 2048, 2048, 2048]","[2048, 2048, 2048, 2048, 2048, 2048, 2048, 2048, 2048]","[2048, 2048, 2048, 2048, 2048, 2048]",325.0
1291,11342,31,34,2026-07-26T13:52:09.727000+00:00,30.303,33.553,24.989,283.0,235.0,False,88.845,"[None, 2048, 2048, 2048, 2048, 2048, 2048]","[2048, 2048, 2048, 2048, 2048, 2048, 2048, 2048, 2048]","[2048, 2048, 2048, 2048, 2048, 2048]",321.0
1291,11342,3,35,2026-07-26T13:52:11.032000+00:00,29.824,31.45,24.489,298.0,240.0,False,85.763,"[None, 2048, 2048, 2048, 2048, 2048, 2048]","[2048, 2048, 2048, 2048, 2048, 2048, 2048, 2048, 2048]","[2048, 2048, 2048, 2048, 2048, 2048]",323.0
1291,11342,55,34,2026-07-26T13:52:15.213000+00:00,30.228,32.621,26.914,288.0,188.0,False,89.763,"[None, 2048, 2048, 2049, 2048, 2048, 2048]","[2048, 2048, 2048, 2048, 2048, 2048, 2048, 2048, 2048]","[2048, 2048, 2048, 2048, 2048]",321.0
1291,11342,16,35,2026-07-26T13:52:16.550000+00:00,29.963,31.697,24.734,295.0,239.0,False,86.394,"[None, 2048, 2048, 2048, 2048, 2048, 2048]","[2048, 2048, 2048, 2048, 2048, 2048, 2048, 2048, 2048]","[2048, 2048, 2048, 2048, 2048, 2048]",322.0
1291,11342,12,35,2026-07-26T13:52:17.191000+00:00,29.818,31.856,24.591,286.0,235.0,False,86.265,"[None, 2048, 2048, 2048, 2048, 2048, 2049]","[2048, 2048, 2048, 2048, 2048, 2048, 2048, 2048, 2048]","[2048, 2048, 2048, 2048, 2048, 2048]",337.0
1291,11342,87,34,2026-07-26T13:52:18.160000+00:00,30.243,32.075,25.29,285.0,235.0,False,87.608,"[2049, 2048, 2048, 2048, 2048, 2048, 2049]","[2048, 2048, 2048, 2048, 2048, 2048, 2048, 2048, 2048]","[2048, 2048, 2048, 2048, 2048, 2048]",333.0
1291,11342,81,35,2026-07-26T13:52:28.722000+00:00,29.357,30.737,23.802,288.0,238.0,False,83.896,"[2048, 2048, 2048, 2048, 2049, 2048, 2048]","[2048, 2048, 2048, 2048, 2048, 2051, 2048, 2048, 2048]","[2048, 2049, 2048, 2048, 2048, 2048]",321.0
1291,11342,23,34,2026-07-26T13:52:30.316000+00:00,29.928,33.124,24.967,276.0,226.0,False,88.019,"[None, 2048, 2048, 2048, 2048, 2048, 2048]","[2048, 2049, 2048, 2048, 2048, 2048, 2048, 2048, 2048]","[2048, 2048, 2048, 2048, 2048, 2048]",322.0
1291,11342,44,35,2026-07-26T13:52:31.504000+00:00,29.483,30.861,23.926,295.0,241.0,False,84.27,"[None, 2048, 2048, 2048, 2048, 2048, 2048]","[2048, 2048, 2048, 2048, 2048, 2048, 2048, 2048, 2048]","[2048, 2048, 2048, 2048, 2048, 2048]",324.0
1291,11342,6,35,2026-07-26T13:52:36.629000+00:00,29.761,31.192,24.542,302.0,240.0,False,85.495,"[None, 2048, 2048, 2048, 2048, 2048, 2048]","[2048, 2048, 2048, 2048, 2048, 2048, 2048, 2048, 2048]","[2048, 2048, 2048, 2048, 2048, 2048]",320.0
1291,11342,63,35,2026-07-26T13:52:47.316000+00:00,29.703,30.917,24.039,292.0,236.0,False,84.659,"[None, 2048, 2048, 2048, 2048, 2048, 2048]","[2048, 2048, 2048, 2048, 2048, 2048, 2048, 2048, 2048]","[2048, 2048, 2048, 2048, 2048, 2048]",
1291,11342,11,34,2026-07-26T13:52:48.238000+00:00,30.436,32.639,24.918,,231.0,False,87.993,"[None, 2048, 2048, 2048, 2048, 2048, 2048]","[2048, 2048, 2048, 2048, 2048, 2048, 2048, 2048, 2048]","[2048, 2048, 2048, 2048, 2048, 2048]",328.0
1291,11342,30,35,2026-07-26T13:53:01.340000+00:00,29.925,31.668,24.68,286.0,237.0,False,86.273,"[None, 2048, 2048, 2048, 2048, 2048, 2048]","[2048, 2048, 2048, 2048, 2048, 2048, 2048, 2048, 2048]","[2048, 2048, 2048, 2048, 2048, 2048]",
1291,11342,41,35,2026-07-26T13:53:05.042000+00:00,30.102,31.526,24.616,,238.0,False,86.244,"[None, 2048, 2048, 2048, 2048, 2048, 2048]","[2048, 2048, 2048, 2048, 2049, 2048, 2048, 2048, 2048]","[2048, 2048, 2049, 2048, 2048, 2048]",322.0
1291,11342,27,35,2026-07-26T13:53:06.953000+00:00,29.868,31.624,24.737,290.0,233.0,False,86.229,"[None, 2048, 2048, 2049, 2048, 2048, 2048]","[2048, 2048, 2048, 2048, 2048, 2048, 2049, 2048, 2048]","[2048, 2048, 2048, 2048, 2048, 2048]",
1291,11342,10,35,2026-07-26T13:53:14.105000+00:00,29.977,31.967,25.076,288.0,230.0,False,87.02,"[None, 2048, 2048, 2048, 2048, 2048, 2048]","[2048, 2048, 2048, 2048, 2048, 2048, 2048, 2048, 2048]","[2048, 2048, 2048, 2048, 2048, 2048]",
1291,11342,5,35,2026-07-26T13:53:18.511000+00:00,29.618,31.278,24.342,290.0,236.0,False,85.238,"[None, 2048, 2048, 2048, 2048, 2049, 2048]","[2048, 2048, 2048, 2048, 2048, 2048, 2048, 2048, 2048]","[2048, 2049, 2048, 2048, 2048, 2048]",320.0
1291,11342,14,35,2026-07-26T13:53:28.871000+00:00,49.103,31.679,24.528,274.0,238.0,True,105.31,"[2064, 2064, 2048, 2048, 2049, 2048, 2049]","[2048, 2049, 2049, 2048, 2048, 2049, 2049, 2049, 2049]","[2049, 2049, 2049, 2048, 2048, 2049]",
1291,11342,18,35,2026-07-26T13:53:29.104000+00:00,30.207,31.959,24.721,271.0,232.0,False,86.887,"[None, 2048, 2048, 2048, 2048, 2048, 2048]","[2048, 2048, 2048, 2048, 2048, 2048, 2048, 2048, 2048]","[2048, 2048, 2048, 2048, 2048, 2048]",314.0
1291,11342,1,36,2026-07-26T13:53:32.079000+00:00,29.578,30.899,24.259,293.0,239.0,False,84.736,"[None, 2048, 2048, 2048, 2048, 2048, 2048]","[2048, 2048, 2048, 2048, 2048, 2048, 2048, 2048, 2048]","[2048, 2048, 2048, 2048, 2048, 2048]",322.0
1291,11342,43,35,2026-07-26T13:53:35.401000+00:00,29.984,31.904,26.228,287.0,230.0,False,88.116,"[None, 2048, 2048, 2048, 2048, 2048, 2048]","[2048, 2048, 2048, 2048, 2049, 2048, 2048, 2048, 2048]","[2048, 2048, 2048, 2048, 2048, 2048]",324.0
1291,11342,3,36,2026-07-26T13:53:36.945000+00:00,29.777,31.205,24.442,296.0,240.0,False,85.424,"[None, 2048, 2048, 2048, 2048, 2048, 2048]","[2048, 2048, 2048, 2048, 2048, 2048, 2048, 2048, 2048]","[2048, 2048, 2048, 2048, 2048, 2048]",321.0
1291,11342,31,35,2026-07-26T13:53:38.627000+00:00,30.261,32.095,27.432,285.0,236.0,False,89.788,"[None, 2048, 2048, 2048, 2048, 2048, 2048]","[2048, 2048, 2049, 2048, 2049, 2048, 2048, 2049, 2048]","[2049, 2048, 2048, 2064, 2064, 2064]",322.0
1291,11342,16,36,2026-07-26T13:53:43.071000+00:00,30.031,31.317,27.103,287.0,239.0,False,88.451,"[None, 2048, 2048, 2048, 2048, 2048, 2048]","[2048, 2048, 2048, 2048, 2048, 2048, 2048, 2048, 2048]","[2048, 2048, 2048, 2064, 2064, 2064]",320.0
1291,11342,12,36,2026-07-26T13:53:43.501000+00:00,29.998,31.615,24.236,284.0,235.0,False,85.849,"[2048, 2048, 2048, 2048, 2048, 2048, 2048]","[2048, 2048, 2048, 2048, 2048, 2048, 2048, 2048, 2048]","[2049, 2048, 2048, 2048, 2048, 2048]",339.0
1291,11342,55,35,2026-07-26T13:53:45.036000+00:00,30.993,32.372,25.047,276.0,231.0,False,88.412,"[None, 2048, 2048, 2048, 2048, 2048, 2048]","[2048, 2048, 2048, 2048, 2048, 2048, 2048, 2048, 2048]","[2048, 2048, 2048, 2048, 2048]",302.0
1291,11342,87,35,2026-07-26T13:53:45.849000+00:00,30.585,32.417,25.267,274.0,238.0,False,88.269,"[2048, 2048, 2048, 2048, 2048, 2048, 2048]","[2048, 2048, 2048, 2048, 2048, 2048, 2048, 2048, 2048]","[2048, 2048, 2048, 2048, 2048, 2048]",334.0
1291,11342,81,36,2026-07-26T13:53:52.618000+00:00,29.353,30.827,23.955,,239.0,False,84.135,"[None, 2048, 2048, 2049, 2048, 2048, 2048]","[2048, 2048, 2048, 2048, 2048, 2048, 2048, 2048, 2048]","[2048, 2048, 2048, 2048, 2048, 2048]",320.0
1291,11342,44,36,2026-07-26T13:53:55.855000+00:00,29.392,30.744,24.103,282.0,237.0,False,84.239,"[None, 2048, 2048, 2048, 2048, 2048, 2048]","[2048, 2048, 2048, 2049, 2048, 2048, 2048, 2048, 2048]","[2048, 2048, 2048, 2048, 2048, 2048]",320.0
1291,11342,23,35,2026-07-26T13:53:58.303000+00:00,30.03,32.12,24.857,282.0,227.0,False,87.007,"[None, 2048, 2048, 2048, 2048, 2048, 2049]","[2048, 2048, 2048, 2048, 2048, 2048, 2048, 2049, 2049]","[2049, 2048, 2048, 2048, 2048, 2048]",
1291,11342,6,36,2026-07-26T13:54:02.218000+00:00,29.826,31.221,24.601,300.0,239.0,False,85.648,"[None, 2048, 2048, 2048, 2048, 2048, 2048]","[2048, 2048, 2048, 2048, 2048, 2048, 2048, 2048, 2048]","[2048, 2048, 2048, 2048, 2048, 2048]",319.0
1291,11342,63,36,2026-07-26T13:54:11.986000+00:00,29.619,30.799,24.166,295.0,234.0,False,84.584,"[None, 2048, 2048, 2048, 2048, 2049, 2049]","[2048, 2048, 2048, 2048, 2049, 2048, 2048, 2048, 2048]","[2048, 2048, 2048, 2048, 2048, 2048]",321.0
1291,11342,11,35,2026-07-26T13:54:16.308000+00:00,30.248,32.376,25.079,279.0,229.0,False,87.703,"[None, 2048, 2048, 2048, 2048, 2048, 2048]","[2048, 2048, 2048, 2048, 2049, 2048, 2048, 2048, 2048]","[2048, 2048, 2048, 2048, 2048, 2048]",318.0
1291,11342,30,36,2026-07-26T13:54:27.620000+00:00,29.926,31.568,24.712,289.0,235.0,False,86.206,"[None, 2048, 2048, 2048, 2048, 2048, 2048]","[2048, 2048, 2048, 2048, 2048, 2048, 2049, 2048, 2048]","[2048, 2048, 2048, 2048, 2048, 2048]",
1291,11342,41,36,2026-07-26T13:54:31.370000+00:00,30.056,31.582,24.615,,237.0,False,86.253,"[None, 2048, 2048, 2048, 2048, 2048, 2048]","[2048, 2048, 2048, 2048, 2048, 2048, 2048, 2048, 2048]","[2048, 2048, 2049, 2048, 2048, 2048]",319.0
1291,11342,27,36,2026-07-26T13:54:33.277000+00:00,29.905,31.619,24.727,,232.0,False,86.251,"[None, 2048, 2048, 2048, 2048, 2048, 2048]","[2048, 2049, 2048, 2048, 2048, 2048, 2049, 2048, 2048]","[2048, 2048, 2048, 2048, 2048, 2048]",
1291,11342,10,36,2026-07-26T13:54:41.167000+00:00,30.117,32.224,25.197,291.0,229.0,False,87.538,"[None, 2048, 2048, 2048, 2048, 2048, 2048]","[2048, 2048, 2048, 2048, 2048, 2048, 2048, 2048, 2048]","[2048, 2048, 2048, 2048, 2048, 2048]",322.0
1291,11342,5,36,2026-07-26T13:54:43.745000+00:00,29.632,31.276,24.48,285.0,234.0,False,85.388,"[None, 2048, 2048, 2048, 2048, 2048, 2048]","[2048, 2048, 2048, 2048, 2048, 2048, 2049, 2049, 2048]","[2048, 2048, 2048, 2048, 2048, 2048]",
1291,11342,18,36,2026-07-26T13:54:55.874000+00:00,31.775,32.498,24.728,277.0,230.0,False,89.001,"[None, 2048, 2048, 2048, 2048, 2049, 2049]","[2048, 2048, 2048, 2048, 2048, 2048, 2048, 2048, 2048]","[2048, 2048, 2048, 2048, 2049, 2049]",313.0
1291,11342,1,37,2026-07-26T13:54:56.855000+00:00,29.599,30.844,24.018,294.0,240.0,False,84.461,"[None, 2048, 2048, 2048, 2048, 2051, 2048]","[2048, 2048, 2048, 2048, 2048, 2048, 2049, 2048, 2048]","[2048, 2048, 2048, 2048, 2048, 2048]",327.0
1291,11342,3,37,2026-07-26T13:55:02.308000+00:00,30.06,31.402,24.579,295.0,238.0,False,86.041,"[None, 2048, 2048, 2048, 2048, 2048, 2048]","[2048, 2048, 2048, 2048, 2048, 2048, 2048, 2048, 2048]","[2048, 2048, 2048, 2048, 2048, 2048]",318.0
1291,11342,43,36,2026-07-26T13:55:03.308000+00:00,29.968,32.312,25.136,281.0,231.0,False,87.416,"[None, 2048, 2048, 2048, 2048, 2048, 2049]","[2048, 2048, 2048, 2048, 2048, 2048, 2048, 2048, 2048]","[2048, 2048, 2048, 2048, 2048, 2048]",333.0
1291,11342,31,36,2026-07-26T13:55:08.339000+00:00,49.577,34.229,24.58,272.0,238.0,True,108.386,"[2064, 2064, 2048, 2049, 2049, 2048, 2048]","[2048, 2049, 2048, 2048, 2048, 2048, 2048, 2048, 2048]","[2049, 2048, 2049, 2048, 2049, 2049]",
1291,11342,12,37,2026-07-26T13:55:09.308000+00:00,29.535,31.086,24.111,,239.0,False,84.732,"[None, 2048, 2048, 2049, 2048, 2048, 2048]","[2048, 2048, 2048, 2048, 2048, 2048, 2049, 2048, 2049]","[2049, 2048, 2048, 2048, 2048, 2048]",323.0
1291,11342,16,37,2026-07-26T13:55:11.472000+00:00,48.385,31.622,24.278,294.0,243.0,True,104.285,"[2064, 2064, 2048, 2049, 2048, 2048, 2048]","[2048, 2048, 2048, 2048, 2048, 2048, 2049, 2048, 2048]","[2051, 2048, 2048, 2048, 2048, 2048]",
1291,11342,55,36,2026-07-26T13:55:13.352000+00:00,30.705,32.189,24.782,283.0,232.0,False,87.676,"[None, 2048, 2048, 2048, 2048, 2048, 2048]","[2048, 2048, 2048, 2048, 2048, 2048, 2048, 2048, 2049]","[2048, 2048, 2048, 2048, 2048, 2048]",306.0
1291,11342,87,36,2026-07-26T13:55:14.039000+00:00,30.656,32.694,25.889,265.0,234.0,False,89.239,"[None, 2048, 2048, 2048, 2048, 2048, 2048]","[2048, 2048, 2048, 2048, 2048, 2048, 2048, 2048, 2048]","[2048, 2048, 2048, 2048, 2048, 2048]",333.0
1291,11342,14,36,2026-07-26T13:55:14.305000+00:00,30.344,32.042,24.875,275.0,235.0,False,87.261,"[2049, 2048, 2048, 2048, 2048, 2048, 2048]","[2048, 2049, 2049, 2048, 2048, 2048, 2048, 2048, 2048]","[2048, 2048, 2048, 2049, 2048, 2048]",333.0
1291,11342,81,37,2026-07-26T13:55:16.680000+00:00,29.467,31.593,24.446,289.0,231.0,False,85.506,"[None, 2048, 2048, 2048, 2048, 2048, 2049]","[2048, 2048, 2048, 2048, 2048, 2048, 2048, 2048, 2048]","[2048, 2048, 2048, 2048, 2048, 2048]",322.0
1291,11342,44,37,2026-07-26T13:55:19.899000+00:00,29.413,31.0,24.376,285.0,238.0,False,84.789,"[None, 2048, 2048, 2048, 2048, 2048, 2048]","[2048, 2048, 2048, 2048, 2048, 2048, 2048, 2048, 2048]","[2048, 2048, 2048, 2048, 2048, 2048]",
1291,11342,23,36,2026-07-26T13:55:25.342000+00:00,30.235,32.074,25.095,,224.0,False,87.404,"[None, 2048, 2048, 2048, 2048, 2048, 2048]","[2048, 2048, 2049, 2048, 2048, 2048, 2048, 2048, 2048]","[2048, 2048, 2048, 2048, 2048, 2048]",320.0
1291,11342,6,37,2026-07-26T13:55:27.747000+00:00,30.604,32.469,24.724,275.0,237.0,False,87.797,"[None, 2048, 2048, 2048, 2048, 2048, 2048]","[2048, 2048, 2048, 2048, 2048, 2048, 2048, 2048, 2048]","[2048, 2048, 2048, 2048, 2048, 2048]",
1291,11342,63,37,2026-07-26T13:55:36.664000+00:00,29.606,30.878,24.186,294.0,236.0,False,84.67,"[None, 2048, 2048, 2048, 2048, 2048, 2048]","[2048, 2048, 2049, 2048, 2048, 2048, 2048, 2048, 2048]","[2048, 2048, 2048, 2048, 2048, 2048]",
1291,11342,11,36,2026-07-26T13:55:44.008000+00:00,30.315,32.389,25.146,277.0,225.0,False,87.85,"[None, 2048, 2048, 2048, 2048, 2049, 2048]","[2048, 2048, 2048, 2048, 2048, 2048, 2048, 2048, 2048]","[2048, 2048, 2048, 2048, 2048, 2048]",316.0
1291,11342,30,37,2026-07-26T13:55:53.914000+00:00,29.798,31.541,24.627,,237.0,False,85.966,"[None, 2048, 2048, 2048, 2048, 2048, 2048]","[2048, 2049, 2048, 2048, 2048, 2048, 2048, 2048, 2048]","[2048, 2048, 2048, 2048, 2048, 2048]",
1291,11342,41,37,2026-07-26T13:55:57.574000+00:00,30.125,31.536,24.611,291.0,236.0,False,86.272,"[None, 2048, 2048, 2048, 2048, 2048, 2048]","[2048, 2048, 2048, 2048, 2048, 2048, 2048, 2048, 2048]","[2048, 2048, 2048, 2048, 2048, 2048]",318.0
1291,11342,27,37,2026-07-26T13:55:59.542000+00:00,29.846,31.563,24.75,289.0,234.0,False,86.159,"[None, 2048, 2048, 2049, 2048, 2048, 2048]","[2048, 2049, 2048, 2048, 2048, 2048, 2048, 2048, 2048]","[2048, 2048, 2048, 2048, 2048, 2048]",320.0
1291,11342,10,37,2026-07-26T13:56:08.683000+00:00,29.967,32.772,25.349,278.0,228.0,False,88.088,"[None, 2048, 2048, 2048, 2048, 2048, 2048]","[2048, 2048, 2048, 2048, 2048, 2048, 2048, 2048, 2048]","[2048, 2048, 2048, 2048, 2048, 2048]",321.0
1291,11342,5,37,2026-07-26T13:56:09.090000+00:00,29.74,32.924,25.264,287.0,233.0,False,87.928,"[None, 2048, 2048, 2048, 2048, 2048, 2049]","[2048, 2048, 2049, 2048, 2048, 2048, 2048, 2048, 2048]","[2048, 2048, 2048, 2048, 2048, 2048]",330.0
1291,11342,1,38,2026-07-26T13:56:21.357000+00:00,29.584,30.909,24.014,291.0,240.0,False,84.507,"[None, 2048, 2048, 2048, 2048, 2048, 2048]","[2048, 2048, 2048, 2048, 2048, 2048, 2048, 2048, 2048]","[2048, 2048, 2048, 2048, 2049, 2048]",320.0
1291,11342,18,37,2026-07-26T13:56:24.919000+00:00,30.676,32.086,27.707,272.0,231.0,False,90.469,"[None, 2048, 2048, 2048, 2048, 2048, 2048]","[2048, 2048, 2048, 2048, 2048, 2048, 2048, 2048, 2048]","[2048, 2048, 2048, 2064, 2064, 2064]",315.0
1291,11342,3,38,2026-07-26T13:56:28.414000+00:00,29.892,31.331,24.501,296.0,240.0,False,85.724,"[None, 2048, 2048, 2048, 2048, 2048, 2048]","[2048, 2048, 2048, 2048, 2048, 2048, 2048, 2048, 2048]","[2048, 2048, 2048, 2048, 2048, 2048]",319.0
1291,11342,43,37,2026-07-26T13:56:30.852000+00:00,30.035,32.021,27.333,283.0,231.0,False,89.389,"[None, 2048, 2048, 2048, 2048, 2048, 2048]","[2048, 2048, 2048, 2048, 2048, 2048, 2049, 2048, 2048]","[2049, 2048, 2048, 2064, 2064, 2064]",324.0
1291,11342,12,38,2026-07-26T13:56:34.039000+00:00,29.644,31.096,24.214,287.0,235.0,False,84.954,"[None, 2048, 2048, 2049, 2048, 2048, 2048]","[2049, 2048, 2048, 2048, 2048, 2048, 2048, 2049, 2048]","[2048, 2048, 2048, 2048, 2048, 2048]",
1291,11342,55,37,2026-07-26T13:56:41.070000+00:00,31.697,34.169,25.835,272.0,227.0,False,91.701,"[None, 2048, 2048, 2049, 2048, 2048, 2048]","[2048, 2048, 2048, 2048, 2048, 2048, 2048, 2048, 2048]","[2048, 2048, 2048, 2048, 2048, 2048]",319.0
1291,11342,14,37,2026-07-26T13:56:41.414000+00:00,29.903,31.465,24.135,272.0,238.0,False,85.503,"[2048, 2049, 2048, 2049, 2048, 2048, 2048]","[2049, 2049, 2048, 2048, 2049, 2048, 2048, 2049, 2049]","[2048, 2049, 2049, 2049, 2049]",328.0
1291,11342,81,38,2026-07-26T13:56:42.221000+00:00,31.026,31.507,23.831,276.0,241.0,False,86.364,"[None, 2048, 2048, 2048, 2048, 2048, 2048]","[2048, 2048, 2048, 2048, 2048, 2048, 2048, 2048, 2049]","[2048, 2049, 2048, 2048, 2048, 2048]",326.0
1291,11342,87,37,2026-07-26T13:56:43.232000+00:00,30.188,33.682,26.045,247.0,232.0,False,89.915,"[None, 2048, 2048, 2049, 2048, 2048, 2048]","[2048, 2048, 2048, 2048, 2048, 2048, 2048, 2048, 2048]","[2048, 2048, 2048, 2048, 2048, 2048]",332.0
1291,11342,44,38,2026-07-26T13:56:44.655000+00:00,29.58,31.966,24.139,292.0,239.0,False,85.685,"[None, 2048, 2048, 2048, 2048, 2048, 2049]","[2048, 2048, 2048, 2048, 2048, 2048, 2048, 2048, 2048]","[2048, 2048, 2048, 2048, 2048, 2048]",322.0
1291,11342,23,37,2026-07-26T13:56:52.851000+00:00,30.162,32.446,24.968,,225.0,False,87.576,"[None, 2048, 2048, 2048, 2048, 2048, 2048]","[2048, 2048, 2048, 2048, 2048, 2048, 2048, 2048, 2048]","[2048, 2048, 2048, 2048, 2048, 2048]",
1291,11342,6,38,2026-07-26T13:56:55.555000+00:00,30.377,31.799,24.758,288.0,240.0,False,86.934,"[None, 2048, 2048, 2048, 2048, 2048, 2048]","[2048, 2048, 2048, 2048, 2048, 2048, 2048, 2048, 2048]","[2049, 2048, 2048, 2048, 2048, 2048]",317.0
1291,11342,16,38,2026-07-26T13:56:55.874000+00:00,29.513,30.806,24.451,281.0,241.0,False,84.77,"[2049, 2048, 2048, 2048, 2048, 2048, 2048]","[2048, 2048, 2048, 2049, 2048, 2048, 2048, 2048, 2048]","[2048, 2048, 2048, 2048, 2048, 2048]",334.0
1291,11342,31,37,2026-07-26T13:56:56.902000+00:00,29.951,32.306,24.625,279.0,237.0,False,86.882,"[2048, 2049, 2048, 2048, 2048, 2049, 2049]","[2048, 2048, 2048, 2048, 2048, 2048, 2048, 2048, 2048]","[2048, 2048, 2048, 2048, 2048, 2048]",332.0
1291,11342,63,38,2026-07-26T13:57:01.286000+00:00,29.743,31.149,24.325,,236.0,False,85.217,"[None, 2048, 2048, 2048, 2048, 2048, 2048]","[2048, 2048, 2048, 2048, 2048, 2048, 2048, 2048, 2048]","[2048, 2048, 2048, 2048, 2048, 2048]",323.0
1291,11342,11,37,2026-07-26T13:57:11.901000+00:00,30.309,32.496,24.943,278.0,231.0,False,87.748,"[None, 2048, 2048, 2048, 2048, 2048, 2048]","[2049, 2048, 2048, 2048, 2048, 2048, 2048, 2048, 2048]","[2048, 2048, 2048, 2048, 2048, 2048]",
1291,11342,30,38,2026-07-26T13:57:19.805000+00:00,29.885,31.74,24.828,288.0,236.0,False,86.453,"[None, 2048, 2048, 2048, 2048, 2048, 2048]","[2048, 2049, 2048, 2048, 2048, 2048, 2048, 2048, 2048]","[2048, 2048, 2048, 2048, 2048, 2048]",
1291,11342,41,38,2026-07-26T13:57:23.801000+00:00,30.08,31.693,24.632,292.0,236.0,False,86.405,"[None, 2048, 2048, 2048, 2048, 2048, 2048]","[2049, 2048, 2048, 2048, 2048, 2048, 2048, 2048, 2048]","[2048, 2048, 2048, 2048, 2048, 2048]",
1291,11342,27,38,2026-07-26T13:57:25.678000+00:00,29.774,31.933,24.913,292.0,234.0,False,86.62,"[None, 2048, 2048, 2048, 2048, 2048, 2049]","[2048, 2048, 2048, 2048, 2048, 2048, 2048, 2048, 2048]","[2048, 2048, 2048, 2048, 2048, 2048]",321.0
1291,11342,10,38,2026-07-26T13:57:36.816000+00:00,30.95,32.916,25.386,,229.0,False,89.252,"[None, 2048, 2048, 2048, 2048, 2048, 2048]","[2048, 2048, 2048, 2048, 2048, 2048, 2048, 2048, 2048]","[2048, 2048, 2048, 2048, 2048, 2048]",
1291,11342,5,38,2026-07-26T13:57:37.126000+00:00,29.857,31.44,24.593,288.0,235.0,False,85.89,"[None, 2048, 2048, 2049, 2048, 2048, 2048]","[2048, 2048, 2048, 2048, 2048, 2048, 2048, 2048, 2048]","[2048, 2048, 2048, 2048, 2048, 2048]",
1291,11342,1,39,2026-07-26T13:57:45.826000+00:00,29.573,31.045,26.819,298.0,238.0,False,87.437,"[None, 2048, 2048, 2048, 2048, 2048, 2051]","[2048, 2048, 2048, 2048, 2048, 2048, 2048, 2048, 2048]","[2048, 2048, 2048, 2064, 2064, 2064]",319.0
1291,11342,3,39,2026-07-26T13:57:54.163000+00:00,29.937,31.289,24.486,295.0,240.0,False,85.712,"[None, 2048, 2048, 2048, 2048, 2048, 2048]","[2048, 2048, 2048, 2048, 2048, 2048, 2048, 2048, 2048]","[2048, 2048, 2048, 2048, 2048, 2048]",317.0
1291,11342,18,38,2026-07-26T13:57:55.414000+00:00,50.775,30.949,23.974,276.0,237.0,True,105.698,"[2064, 2064, 2048, 2048, 2048, 2049, 2048]","[2048, 2049, 2049, 2049, 2048, 2049, 2049, 2048, 2049]","[2049, 2049, 2048, 2049, 2049, 2049]",
1291,11342,12,39,2026-07-26T13:57:59.035000+00:00,29.567,31.01,24.36,286.0,233.0,False,84.937,"[None, 2048, 2048, 2048, 2048, 2048, 2048]","[2048, 2048, 2048, 2048, 2048, 2048, 2048, 2048, 2048]","[2048, 2048, 2048, 2048, 2048, 2048]",322.0
1291,11342,43,38,2026-07-26T13:58:00.196000+00:00,50.111,32.587,24.72,249.0,230.0,True,107.418,"[2064, 2064, 2048, 2048, 2048, 2048, 2048]","[2048, 2048, 2048, 2048, 2048, 2048, 2048, 2048, 2048]","[2048, 2048, 2048, 2048, 2048, 2049]",
1291,11342,14,38,2026-07-26T13:58:06.841000+00:00,29.965,31.696,25.406,273.0,221.0,False,87.067,"[None, 2048, 2049, 2048, 2048, 2049, 2048]","[2048, 2048, 2048, 2048, 2048, 2048, 2048, 2048, 2048]","[2048, 2048, 2048, 2048, 2048]",311.0
1291,11342,81,39,2026-07-26T13:58:08.557000+00:00,29.404,31.077,23.921,290.0,233.0,False,84.402,"[None, 2048, 2048, 2049, 2048, 2048, 2048]","[2048, 2048, 2048, 2049, 2048, 2048, 2048, 2048, 2048]","[2048, 2048, 2048, 2048, 2048, 2048]",323.0
1291,11342,44,39,2026-07-26T13:58:10.388000+00:00,29.385,30.886,24.149,290.0,240.0,False,84.42,"[None, 2048, 2048, 2048, 2048, 2048, 2048]","[2048, 2048, 2048, 2049, 2048, 2048, 2048, 2048, 2048]","[2048, 2048, 2048, 2048, 2048, 2048]",
1291,11342,55,38,2026-07-26T13:58:12.898000+00:00,30.304,32.151,24.815,284.0,230.0,False,87.27,"[None, 2048, 2048, 2048, 2048, 2048, 2048]","[2048, 2048, 2048, 2048, 2048, 2048, 2048, 2048, 2048]","[2048, 2048, 2048, 2048, 2048, 2048]",321.0
1291,11342,87,38,2026-07-26T13:58:13.287000+00:00,37.71,33.076,25.514,261.0,237.0,False,96.3,"[None, 2048, 2048, 2048, 2048, 2048, 2048]","[2048, 2048, 2048, 2048, 2048, 2048, 2048, 2048, 2048]","[2048, 2048, 2048, 2048, 2048, 2048]",335.0
1291,11342,23,38,2026-07-26T13:58:20.313000+00:00,30.874,33.564,25.94,253.0,222.0,False,90.378,"[None, 2048, 2048, 2048, 2048, 2048, 2048]","[2048, 2048, 2048, 2048, 2048, 2048, 2048, 2048, 2048]","[2048, 2048, 2048, 2048, 2048, 2048]",290.0
1291,11342,16,39,2026-07-26T13:58:20.455000+00:00,29.575,30.451,24.082,290.0,242.0,False,84.108,"[2048, 2048, 2048, 2048, 2048, 2048, 2048]","[2051, 2048, 2049, 2049, 2049, 2048, 2048, 2048, 2048]","[2048, 2049, 2049, 2048, 2048, 2048]",326.0
1291,11342,6,39,2026-07-26T13:58:22.516000+00:00,30.248,32.297,24.987,290.0,237.0,False,87.532,"[None, 2048, 2048, 2048, 2048, 2048, 2049]","[2048, 2048, 2048, 2048, 2048, 2048, 2048, 2048, 2048]","[2048, 2048, 2048, 2048, 2048, 2048]",320.0
1291,11342,31,38,2026-07-26T13:58:23.757000+00:00,30.291,31.887,25.113,283.0,239.0,False,87.291,"[None, 2048, 2048, 2048, 2048, 2048, 2048]","[2048, 2049, 2049, 2048, 2048, 2048, 2048, 2048, 2048]","[2048, 2048, 2048, 2049, 2048, 2048]",322.0
1291,11342,63,39,2026-07-26T13:58:26.485000+00:00,29.815,31.368,24.624,296.0,234.0,False,85.807,"[None, 2048, 2048, 2048, 2048, 2048, 2049]","[2048, 2048, 2048, 2048, 2048, 2048, 2048, 2048, 2048]","[2048, 2048, 2048, 2048, 2048, 2048]",
1291,11342,11,38,2026-07-26T13:58:39.557000+00:00,30.357,32.463,25.017,,232.0,False,87.837,"[None, 2048, 2048, 2048, 2048, 2048, 2048]","[2049, 2048, 2048, 2048, 2048, 2048, 2048, 2048, 2048]","[2048, 2048, 2048, 2048, 2048, 2048]",
1291,11342,30,39,2026-07-26T13:58:46.395000+00:00,29.958,31.69,24.812,289.0,237.0,False,86.46,"[None, 2048, 2048, 2048, 2048, 2048, 2048]","[2048, 2048, 2049, 2048, 2048, 2048, 2048, 2048, 2048]","[2048, 2048, 2048, 2048, 2048, 2048]",320.0
1291,11342,41,39,2026-07-26T13:58:50.226000+00:00,30.03,31.668,24.688,293.0,236.0,False,86.386,"[None, 2048, 2048, 2048, 2048, 2048, 2048]","[2048, 2048, 2049, 2048, 2048, 2048, 2048, 2048, 2048]","[2048, 2048, 2048, 2048, 2048, 2048]",320.0
1291,11342,27,39,2026-07-26T13:58:52.269000+00:00,29.917,31.757,27.141,296.0,234.0,False,88.815,"[None, 2048, 2048, 2048, 2048, 2048, 2048]","[2049, 2048, 2048, 2048, 2048, 2048, 2048, 2048, 2048]","[2048, 2048, 2048, 2064, 2064, 2064]",319.0
1291,11342,5,39,2026-07-26T13:59:02.916000+00:00,29.633,31.175,24.43,286.0,238.0,False,85.238,"[None, 2048, 2048, 2048, 2048, 2049, 2048]","[2048, 2048, 2048, 2048, 2048, 2048, 2048, 2049, 2049]","[2048, 2048, 2048, 2048, 2048, 2048]",317.0
1291,11342,10,39,2026-07-26T13:59:06.016000+00:00,30.13,32.655,27.991,,226.0,False,90.776,"[None, 2048, 2048, 2048, 2048, 2048, 2048]","[2048, 2048, 2048, 2048, 2048, 2048, 2048, 2048, 2048]","[2048, 2048, 2048, 2064, 2064, 2064]",323.0
1291,11342,1,40,2026-07-26T13:59:13.225000+00:00,48.524,30.495,23.577,288.0,241.0,True,102.596,"[2064, 2064, 2048, 2048, 2048, 2048, 2048]","[2048, 2049, 2051, 2048, 2049, 2049, 2048, 2048, 2048]","[2048, 2049, 2051, 2049, 2048, 2048]",
1291,11342,3,40,2026-07-26T13:59:19.843000+00:00,30.047,31.183,24.4,283.0,240.0,False,85.63,"[None, 2048, 2048, 2048, 2048, 2048, 2048]","[2048, 2048, 2048, 2048, 2048, 2048, 2048, 2048, 2048]","[2048, 2048, 2048, 2048, 2048]",
1291,11342,12,40,2026-07-26T13:59:24.038000+00:00,29.579,31.023,24.19,285.0,236.0,False,84.792,"[None, 2048, 2048, 2048, 2048, 2048, 2048]","[2048, 2048, 2048, 2048, 2048, 2048, 2048, 2049, 2048]","[2048, 2048, 2048, 2048, 2048, 2048]",323.0
1291,11342,81,40,2026-07-26T13:59:33.013000+00:00,29.659,31.134,24.08,277.0,240.0,False,84.873,"[None, 2048, 2048, 2048, 2048, 2048, 2048]","[2048, 2048, 2048, 2048, 2048, 2048, 2049, 2048, 2048]","[2048, 2048, 2048, 2048, 2048, 2048]",321.0
1291,11342,14,39,2026-07-26T13:59:33.888000+00:00,30.92,31.679,24.445,269.0,238.0,False,87.044,"[None, 2048, 2048, 2048, 2048, 2048, 2049]","[2048, 2048, 2048, 2048, 2048, 2048, 2049, 2048, 2048]","[2049, 2048, 2048, 2048, 2048, 2048]",319.0
1291,11342,44,40,2026-07-26T13:59:34.798000+00:00,29.527,31.022,24.068,291.0,241.0,False,84.617,"[None, 2048, 2048, 2048, 2048, 2048, 2048]","[2048, 2048, 2048, 2048, 2048, 2048, 2048, 2048, 2048]","[2048, 2048, 2048, 2048, 2048, 2048]",332.0
1291,11342,55,39,2026-07-26T13:59:40.026000+00:00,30.328,33.003,25.142,,231.0,False,88.473,"[None, 2048, 2048, 2048, 2048, 2049, 2049]","[2049, 2048, 2048, 2048, 2048, 2048, 2048, 2048, 2048]","[2048, 2048, 2048, 2048, 2048, 2048]",
1291,11342,18,39,2026-07-26T13:59:41.040000+00:00,29.706,31.384,24.057,281.0,235.0,False,85.147,"[2048, 2048, 2049, 2048, 2048, 2048, 2049]","[2048, 2048, 2049, 2048, 2049, 2049, 2049, 2048, 2048]","[2048, 2048, 2048, 2048, 2049, 2048]",320.0
1291,11342,16,40,2026-07-26T13:59:44.644000+00:00,29.385,30.365,24.448,293.0,241.0,False,84.198,"[None, 2048, 2049, 2048, 2048, 2048, 2048]","[2051, 2051, 2048, 2048, 2048, 2051, 2049, 2048, 2048]","[2048, 2048, 2048, 2048, 2048, 2048]",320.0
1291,11342,43,39,2026-07-26T13:59:47.690000+00:00,29.382,31.178,24.372,287.0,233.0,False,84.932,"[2048, 2048, 2049, 2049, 2049, 2049, 2049]","[2049, 2049, 2049, 2049, 2049, 2049, 2048, 2049, 2049]","[2048, 2049, 2049, 2048, 2049, 2049]",324.0
1291,11342,87,39,2026-07-26T13:59:49.569000+00:00,30.338,31.987,24.967,285.0,237.0,False,87.292,"[None, 2048, 2048, 2048, 2048, 2048, 2048]","[2048, 2048, 2048, 2048, 2048, 2048, 2048, 2048, 2048]","[2048, 2048, 2048, 2048, 2048, 2048]",320.0
1291,11342,6,40,2026-07-26T13:59:50.135000+00:00,30.443,32.175,24.969,281.0,240.0,False,87.587,"[2049, 2048, 2048, 2048, 2048, 2048, 2048]","[2048, 2048, 2048, 2048, 2048, 2048, 2048, 2048, 2048]","[2049, 2048, 2048, 2048, 2048, 2048]",330.0
1291,11342,23,39,2026-07-26T13:59:50.682000+00:00,30.876,33.094,26.114,265.0,212.0,False,90.084,"[2049, 2049, 2048, 2048, 2048, 2048, 2048]","[2048, 2048, 2048, 2048, 2048, 2048, 2048, 2048, 2048]","[2048, 2048, 2048, 2048, 2048, 2048]",334.0
1291,11342,31,39,2026-07-26T13:59:50.908000+00:00,30.347,32.099,24.744,276.0,240.0,False,87.19,"[2049, 2049, 2048, 2048, 2048, 2048, 2048]","[2048, 2048, 2048, 2048, 2048, 2049, 2048, 2048, 2049]","[2048, 2048, 2048, 2049, 2048]",340.0
1291,11342,63,40,2026-07-26T13:59:52.340000+00:00,30.19,32.5,24.71,288.0,231.0,False,87.4,"[None, 2048, 2048, 2048, 2048, 2048, 2048]","[2048, 2048, 2048, 2048, 2048, 2048, 2048, 2048, 2048]","[2048, 2048, 2048, 2048, 2048, 2048]",327.0
1291,11342,11,39,2026-07-26T14:00:07.442000+00:00,30.402,32.479,24.887,277.0,232.0,False,87.768,"[None, 2048, 2048, 2049, 2048, 2048, 2048]","[2048, 2048, 2048, 2048, 2048, 2048, 2048, 2048, 2048]","[2048, 2048, 2048, 2048, 2048, 2048]",317.0
1291,11342,30,40,2026-07-26T14:00:12.801000+00:00,30.106,31.712,24.856,291.0,236.0,False,86.674,"[None, 2048, 2048, 2048, 2048, 2048, 2048]","[2048, 2048, 2049, 2048, 2048, 2048, 2048, 2048, 2048]","[2048, 2048, 2048, 2048, 2048, 2048]",321.0
1291,11342,41,40,2026-07-26T14:00:16.664000+00:00,30.208,31.823,24.611,288.0,238.0,False,86.642,"[None, 2048, 2048, 2048, 2048, 2048, 2048]","[2048, 2048, 2048, 2048, 2048, 2048, 2048, 2048, 2048]","[2049, 2048, 2048, 2048, 2048, 2048]",319.0
1291,11342,27,40,2026-07-26T14:00:21.069000+00:00,48.425,31.039,23.932,293.0,240.0,True,103.396,"[2064, 2064, 2048, 2048, 2049, 2049, 2049]","[2048, 2049, 2049, 2049, 2048, 2049, 2049, 2049, 2049]","[2049, 2049, 2049, 2048, 2049, 2049]",
1291,11342,5,40,2026-07-26T14:00:28.180000+00:00,29.76,31.057,24.174,290.0,239.0,False,84.991,"[None, 2048, 2048, 2048, 2048, 2048, 2048]","[2048, 2048, 2048, 2048, 2049, 2048, 2048, 2049, 2049]","[2048, 2049, 2049, 2048, 2048, 2048]",318.0
1291,11342,10,40,2026-07-26T14:00:36.701000+00:00,49.673,33.489,25.393,283.0,199.0,True,108.555,"[2064, 2064, 2048, 2048, 2048, 2048, 2048]","[2048, 2048, 2048, 2048, 2048, 2048, 2048, 2048, 2048]","[2048, 2048, 2048, 2048, 2049, 2049]",
1291,11342,3,41,2026-07-26T14:00:45.369000+00:00,30.085,31.206,27.123,295.0,241.0,False,88.414,"[None, 2048, 2048, 2048, 2048, 2048, 2048]","[2048, 2048, 2048, 2048, 2048, 2048, 2048, 2048, 2048]","[2048, 2048, 2048, 2064, 2064, 2064]",
1291,11342,12,41,2026-07-26T14:00:48.734000+00:00,29.673,30.969,24.067,288.0,237.0,False,84.709,"[None, 2048, 2048, 2048, 2048, 2048, 2048]","[2048, 2048, 2048, 2048, 2048, 2048, 2048, 2048, 2048]","[2048, 2048, 2048, 2048, 2049, 2048]",
1291,11342,1,41,2026-07-26T14:00:55.801000+00:00,29.228,29.976,23.514,292.0,243.0,False,82.718,"[2048, 2048, 2048, 2048, 2048, 2051, 2048]","[2049, 2049, 2048, 2049, 2051, 2051, 2049, 2051, 2049]","[2048, 2049, 2048, 2049, 2051, 2049]",321.0
1291,11342,81,41,2026-07-26T14:00:57.931000+00:00,29.639,30.857,23.889,290.0,241.0,False,84.385,"[None, 2048, 2048, 2048, 2048, 2048, 2048]","[2048, 2048, 2048, 2048, 2048, 2048, 2049, 2048, 2048]","[2048, 2048, 2048, 2048, 2048, 2048]",322.0
1291,11342,44,41,2026-07-26T14:00:59.515000+00:00,29.499,31.157,24.092,292.0,238.0,False,84.748,"[None, 2048, 2048, 2048, 2048, 2048, 2048]","[2048, 2048, 2048, 2048, 2048, 2048, 2048, 2048, 2048]","[2048, 2048, 2048, 2048, 2048, 2048]",322.0
1291,11342,14,40,2026-07-26T14:01:01.068000+00:00,29.957,31.353,24.283,279.0,236.0,False,85.593,"[None, 2048, 2048, 2048, 2048, 2048, 2049]","[2049, 2048, 2048, 2049, 2048, 2048, 2048, 2048, 2048]","[2048, 2049, 2048, 2048, 2048, 2048]",318.0
1291,11342,18,40,2026-07-26T14:01:06.115000+00:00,29.713,31.099,24.177,274.0,232.0,False,84.989,"[None, 2048, 2048, 2049, 2048, 2048, 2048]","[2048, 2049, 2048, 2048, 2048, 2048, 2048, 2048, 2048]","[2048, 2048, 2048, 2048, 2049, 2048]",317.0
1291,11342,55,40,2026-07-26T14:01:08.642000+00:00,31.023,32.214,25.049,287.0,233.0,False,88.286,"[None, 2048, 2048, 2048, 2048, 2048, 2049]","[2048, 2048, 2048, 2048, 2048, 2048, 2048, 2048, 2049]","[2049, 2048, 2048, 2048, 2048, 2048]",304.0
1291,11342,16,41,2026-07-26T14:01:08.841000+00:00,29.174,30.517,24.098,,240.0,False,83.789,"[2049, 2049, 2048, 2048, 2048, 2048, 2048]","[2048, 2048, 2048, 2048, 2048, 2048, 2049, 2048, 2048]","[2048, 2048, 2048, 2048, 2048, 2048]",334.0
1291,11342,43,40,2026-07-26T14:01:12.655000+00:00,29.256,30.91,24.458,295.0,235.0,False,84.624,"[None, 2048, 2048, 2049, 2048, 2049, 2049]","[2049, 2048, 2049, 2049, 2048, 2049, 2048, 2049, 2049]","[2048, 2048, 2048, 2048, 2048, 2049]",325.0
1291,11342,87,40,2026-07-26T14:01:16.801000+00:00,31.395,32.288,24.951,278.0,234.0,False,88.634,"[None, 2048, 2048, 2048, 2048, 2048, 2048]","[2048, 2048, 2048, 2048, 2048, 2048, 2048, 2048, 2048]","[2048, 2048, 2048, 2048, 2048, 2048]",
1291,11342,6,41,2026-07-26T14:01:17.627000+00:00,30.195,31.354,24.521,295.0,241.0,False,86.07,"[2048, 2049, 2048, 2048, 2048, 2048, 2048]","[2048, 2048, 2048, 2048, 2048, 2048, 2048, 2048, 2048]","[2048, 2048, 2048, 2048, 2048, 2048]",332.0
1291,11342,31,40,2026-07-26T14:01:18.081000+00:00,30.304,32.59,24.879,273.0,233.0,False,87.773,"[2048, 2048, 2048, 2048, 2048, 2048, 2048]","[2048, 2048, 2048, 2048, 2048, 2048, 2048, 2048, 2048]","[2048, 2048, 2048, 2048, 2048, 2048]",334.0
1291,11342,63,41,2026-07-26T14:01:19.613000+00:00,29.95,32.07,24.778,,230.0,False,86.798,"[None, 2048, 2048, 2048, 2048, 2048, 2048]","[2048, 2048, 2048, 2048, 2048, 2048, 2048, 2048, 2048]","[2048, 2048, 2048, 2048, 2048, 2048]",
1291,11342,23,40,2026-07-26T14:01:20.824000+00:00,30.224,32.505,24.97,278.0,225.0,False,87.699,"[2048, 2048, 2048, 2048, 2048, 2048, 2048]","[2048, 2048, 2048, 2048, 2048, 2048, 2048, 2048, 2048]","[2048, 2048, 2048, 2048, 2048, 2048]",332.0
1291,11342,11,40,2026-07-26T14:01:35.255000+00:00,30.657,32.618,25.222,279.0,224.0,False,88.497,"[None, 2048, 2048, 2048, 2048, 2048, 2048]","[2048, 2048, 2048, 2048, 2048, 2048, 2048, 2048, 2048]","[2048, 2048, 2048, 2048, 2048, 2048]",316.0
1291,11342,30,41,2026-07-26T14:01:39.401000+00:00,29.858,31.781,24.89,288.0,236.0,False,86.529,"[None, 2048, 2048, 2048, 2048, 2048, 2048]","[2048, 2048, 2048, 2048, 2048, 2048, 2048, 2048, 2048]","[2048, 2048, 2048, 2048, 2048, 2048]",
1291,11342,41,41,2026-07-26T14:01:43.242000+00:00,30.16,31.692,24.652,290.0,236.0,False,86.504,"[None, 2048, 2048, 2048, 2048, 2048, 2048]","[2048, 2048, 2048, 2048, 2048, 2048, 2048, 2048, 2048]","[2048, 2048, 2048, 2048, 2048, 2048]",322.0
1291,11342,5,41,2026-07-26T14:01:53.055000+00:00,29.689,31.088,24.36,,238.0,False,85.137,"[None, 2048, 2048, 2048, 2048, 2048, 2048]","[2048, 2048, 2048, 2048, 2048, 2048, 2049, 2048, 2048]","[2048, 2048, 2048, 2048, 2048, 2048]",319.0
1291,11342,27,41,2026-07-26T14:02:04.469000+00:00,29.426,31.426,24.397,286.0,232.0,False,85.249,"[2048, 2048, 2048, 2048, 2049, 2048, 2048]","[2049, 2048, 2048, 2048, 2048, 2048, 2048, 2048, 2048]","[2048, 2048, 2048, 2048, 2048, 2048]",319.0
1291,11342,12,42,2026-07-26T14:02:13.485000+00:00,29.648,30.832,24.272,292.0,232.0,False,84.752,"[None, 2048, 2048, 2049, 2048, 2048, 2048]","[2048, 2048, 2048, 2048, 2048, 2048, 2051, 2049, 2048]","[2048, 2048, 2048, 2048, 2048, 2048]",322.0
1291,11342,3,42,2026-07-26T14:02:13.776000+00:00,48.142,31.153,23.808,289.0,236.0,True,103.103,"[2064, 2064, 2048, 2048, 2048, 2049, 2048]","[2048, 2048, 2048, 2049, 2048, 2049, 2048, 2048, 2048]","[2048, 2048, 2049, 2049, 2048, 2048]",
1291,11342,1,42,2026-07-26T14:02:18.601000+00:00,29.131,30.139,23.781,293.0,238.0,False,83.051,"[None, 2048, 2049, 2048, 2048, 2051, 2048]","[2048, 2048, 2048, 2051, 2048, 2048, 2049, 2048, 2048]","[2048, 2048, 2048, 2048, 2048, 2049]",
1291,11342,81,42,2026-07-26T14:02:22.326000+00:00,29.527,30.759,23.986,289.0,240.0,False,84.272,"[None, 2048, 2048, 2048, 2048, 2048, 2048]","[2048, 2048, 2048, 2048, 2048, 2048, 2048, 2048, 2048]","[2048, 2048, 2048, 2048, 2048, 2048]",
1291,11342,44,42,2026-07-26T14:02:24.269000+00:00,29.568,31.075,24.1,293.0,239.0,False,84.743,"[None, 2048, 2048, 2049, 2048, 2048, 2048]","[2048, 2048, 2048, 2048, 2048, 2048, 2048, 2048, 2048]","[2048, 2048, 2048, 2048, 2048, 2048]",321.0
1291,11342,10,41,2026-07-26T14:02:25.376000+00:00,29.45,31.556,24.338,285.0,235.0,False,85.344,"[2048, 2048, 2048, 2048, 2048, 2048, 2048]","[2048, 2048, 2048, 2048, 2048, 2049, 2049, 2048, 2048]","[2049, 2049, 2049, 2048, 2048, 2049]",337.0
1291,11342,14,41,2026-07-26T14:02:26.670000+00:00,29.891,31.172,24.59,,236.0,False,85.653,"[None, 2048, 2048, 2048, 2048, 2048, 2048]","[2049, 2048, 2048, 2049, 2049, 2048, 2048, 2048, 2048]","[2048, 2048, 2048, 2048, 2048, 2048]",319.0
1291,11342,18,41,2026-07-26T14:02:31.232000+00:00,31.755,31.99,24.363,213.0,233.0,False,88.108,"[None, 2048, 2048, 2049, 2048, 2048, 2048]","[2048, 2048, 2048, 2048, 2048, 2048, 2048, 2048, 2048]","[2049, 2048, 2048, 2048, 2048, 2048]",
1291,11342,16,42,2026-07-26T14:02:32.592000+00:00,29.784,31.247,24.379,289.0,240.0,False,85.41,"[2048, 2048, 2048, 2048, 2048, 2048, 2048]","[2048, 2048, 2048, 2048, 2048, 2048, 2048, 2048, 2048]","[2048, 2048, 2048, 2048, 2048, 2048]",322.0
1291,11342,55,41,2026-07-26T14:02:36.853000+00:00,31.004,32.442,25.176,285.0,233.0,False,88.622,"[None, 2048, 2048, 2048, 2048, 2048, 2048]","[2048, 2048, 2048, 2048, 2048, 2048, 2048, 2048, 2048]","[2048, 2048, 2048, 2048, 2048, 2048]",320.0
1291,11342,43,41,2026-07-26T14:02:37.330000+00:00,29.714,31.437,24.513,283.0,235.0,False,85.664,"[2049, 2048, 2048, 2048, 2048, 2048, 2048]","[2048, 2048, 2048, 2048, 2048, 2048, 2049, 2048, 2048]","[2048, 2048, 2048, 2048, 2048, 2048]",342.0
1291,11342,6,42,2026-07-26T14:02:43.642000+00:00,29.684,31.392,26.852,302.0,242.0,False,87.928,"[None, 2048, 2048, 2049, 2048, 2048, 2049]","[2048, 2048, 2048, 2048, 2048, 2048, 2048, 2048, 2048]","[2048, 2048, 2048, 2064, 2064, 2064]",320.0
1291,11342,87,41,2026-07-26T14:02:45.540000+00:00,32.005,32.494,25.195,273.0,239.0,False,89.694,"[None, 2048, 2048, 2048, 2048, 2048, 2048]","[2048, 2048, 2048, 2048, 2048, 2048, 2048, 2048, 2048]","[2049, 2048, 2048, 2048, 2048, 2048]",321.0
1291,11342,31,41,2026-07-26T14:02:45.869000+00:00,31.034,31.801,24.627,281.0,240.0,False,87.462,"[None, 2048, 2048, 2048, 2048, 2048, 2049]","[2048, 2048, 2048, 2049, 2048, 2049, 2049, 2049, 2049]","[2048, 2048, 2048, 2048, 2049]",273.0
1291,11342,63,42,2026-07-26T14:02:46.452000+00:00,29.799,31.259,24.282,292.0,238.0,False,85.34,"[None, 2048, 2048, 2048, 2048, 2048, 2048]","[2048, 2048, 2048, 2048, 2048, 2048, 2048, 2048, 2048]","[2048, 2048, 2048, 2048, 2048, 2048]",334.0
1291,11342,23,41,2026-07-26T14:02:48.476000+00:00,30.382,32.592,24.889,277.0,228.0,False,87.863,"[None, 2048, 2048, 2049, 2048, 2048, 2048]","[2048, 2048, 2048, 2048, 2048, 2048, 2048, 2048, 2048]","[2049, 2048, 2048, 2048, 2048, 2048]",309.0
1291,11342,11,41,2026-07-26T14:03:03.661000+00:00,32.628,33.667,27.239,189.0,230.0,False,93.534,"[None, 2048, 2048, 2048, 2048, 2048, 2048]","[2048, 2048, 2048, 2048, 2048, 2048, 2048, 2048, 2048]","[2048, 2048, 2048, 2048, 2048, 2048]",317.0
1291,11342,30,42,2026-07-26T14:03:05.945000+00:00,30.098,31.685,26.862,280.0,243.0,False,88.645,"[None, 2048, 2048, 2048, 2048, 2048, 2048]","[2048, 2048, 2048, 2048, 2048, 2048, 2048, 2048, 2049]","[2051, 2048, 2048, 2064, 2064, 2064]",322.0
1291,11342,41,42,2026-07-26T14:03:09.813000+00:00,30.21,31.723,24.763,293.0,237.0,False,86.696,"[None, 2048, 2048, 2048, 2048, 2048, 2048]","[2048, 2048, 2048, 2048, 2048, 2048, 2048, 2048, 2048]","[2048, 2048, 2048, 2048, 2048, 2048]",
1291,11342,5,42,2026-07-26T14:03:18.439000+00:00,29.653,31.057,24.492,289.0,234.0,False,85.202,"[None, 2048, 2048, 2048, 2048, 2048, 2048]","[2049, 2048, 2048, 2048, 2048, 2048, 2048, 2048, 2048]","[2048, 2048, 2048, 2048, 2048, 2048]",
1291,11342,27,42,2026-07-26T14:03:29.772000+00:00,29.525,30.973,24.09,290.0,240.0,False,84.588,"[None, 2048, 2048, 2048, 2048, 2049, 2048]","[2048, 2048, 2048, 2049, 2048, 2048, 2048, 2049, 2049]","[2048, 2048, 2048, 2048, 2048, 2048]",316.0
1291,11342,12,43,2026-07-26T14:03:38.234000+00:00,29.598,31.122,24.095,286.0,237.0,False,84.815,"[None, 2048, 2048, 2048, 2048, 2048, 2048]","[2048, 2048, 2048, 2048, 2048, 2048, 2048, 2048, 2048]","[2048, 2048, 2048, 2048, 2048, 2048]",321.0
1291,11342,1,43,2026-07-26T14:03:41.513000+00:00,29.285,30.262,23.615,294.0,243.0,False,83.162,"[None, 2048, 2048, 2048, 2048, 2048, 2048]","[2048, 2049, 2048, 2048, 2048, 2048, 2048, 2048, 2048]","[2048, 2048, 2048, 2048, 2051, 2051]",
1291,11342,81,43,2026-07-26T14:03:46.448000+00:00,29.514,30.687,23.881,288.0,240.0,False,84.082,"[None, 2048, 2048, 2048, 2048, 2049, 2048]","[2048, 2048, 2048, 2048, 2048, 2048, 2048, 2048, 2048]","[2048, 2048, 2048, 2048, 2048, 2048]",321.0
1291,11342,44,43,2026-07-26T14:03:48.886000+00:00,29.503,31.036,24.158,289.0,239.0,False,84.697,"[None, 2048, 2048, 2048, 2048, 2048, 2048]","[2048, 2048, 2048, 2048, 2048, 2048, 2048, 2048, 2048]","[2048, 2048, 2048, 2048, 2048, 2048]",320.0
1291,11342,10,42,2026-07-26T14:03:50.628000+00:00,29.334,31.21,24.319,292.0,234.0,False,84.863,"[None, 2048, 2048, 2049, 2049, 2049, 2049]","[2048, 2049, 2049, 2049, 2049, 2048, 2048, 2048, 2048]","[2048, 2049, 2048, 2048, 2048, 2049]",326.0
1291,11342,14,42,2026-07-26T14:03:52.356000+00:00,29.837,31.431,24.498,278.0,236.0,False,85.766,"[None, 2048, 2048, 2048, 2048, 2048, 2048]","[2049, 2048, 2048, 2048, 2048, 2048, 2048, 2048, 2048]","[2048, 2048, 2048, 2048, 2048, 2048]",318.0
1291,11342,3,43,2026-07-26T14:03:56.973000+00:00,29.659,30.859,23.855,,242.0,False,84.373,"[2048, 2048, 2048, 2048, 2049, 2048, 2048]","[2048, 2048, 2049, 2048, 2048, 2049, 2048, 2048, 2048]","[2048, 2048, 2049, 2048, 2048, 2048]",322.0
1291,11342,16,43,2026-07-26T14:03:58.078000+00:00,29.296,30.812,24.158,,243.0,False,84.266,"[None, 2048, 2048, 2048, 2048, 2048, 2048]","[2048, 2048, 2049, 2048, 2048, 2048, 2048, 2048, 2048]","[2048, 2048, 2048, 2048, 2048, 2048]",332.0
1291,11342,18,42,2026-07-26T14:03:59.440000+00:00,29.797,31.252,24.389,275.0,233.0,False,85.438,"[None, 2048, 2048, 2049, 2048, 2048, 2048]","[2048, 2048, 2048, 2048, 2048, 2048, 2048, 2048, 2048]","[2048, 2048, 2048, 2048, 2048, 2048]",321.0
1291,11342,43,42,2026-07-26T14:04:02.842000+00:00,29.692,31.416,24.523,291.0,232.0,False,85.631,"[2048, 2048, 2048, 2048, 2048, 2048, 2048]","[2048, 2048, 2048, 2048, 2048, 2048, 2048, 2048, 2048]","[2048, 2048, 2048, 2048, 2048, 2048]",324.0
1291,11342,55,42,2026-07-26T14:04:05.415000+00:00,30.323,32.307,24.9,,229.0,False,87.53,"[None, 2048, 2048, 2048, 2048, 2048, 2048]","[2049, 2048, 2048, 2048, 2048, 2048, 2048, 2048, 2048]","[2048, 2048, 2048, 2048, 2048, 2048]",322.0
1291,11342,6,43,2026-07-26T14:04:11.683000+00:00,48.938,30.776,23.707,299.0,245.0,True,103.421,"[2064, 2064, 2048, 2048, 2048, 2048, 2048]","[2048, 2048, 2049, 2048, 2048, 2049, 2051, 2048, 2049]","[2051, 2049, 2049, 2048, 2049, 2049]",
1291,11342,63,43,2026-07-26T14:04:11.823000+00:00,29.723,31.006,24.279,293.0,236.0,False,85.008,"[None, 2048, 2048, 2048, 2048, 2048, 2048]","[2048, 2048, 2048, 2048, 2048, 2048, 2048, 2048, 2048]","[2048, 2048, 2048, 2048, 2048, 2048]",322.0
1291,11342,31,42,2026-07-26T14:04:13.277000+00:00,30.041,31.809,24.495,283.0,238.0,False,86.345,"[None, 2048, 2048, 2048, 2048, 2048, 2048]","[2048, 2048, 2048, 2048, 2048, 2048, 2048, 2048, 2048]","[2048, 2049, 2049, 2048, 2049, 2049]",321.0
1291,11342,87,42,2026-07-26T14:04:15.156000+00:00,30.186,32.071,27.115,282.0,232.0,False,89.372,"[None, 2048, 2048, 2048, 2048, 2048, 2048]","[2048, 2048, 2048, 2048, 2048, 2048, 2048, 2048, 2048]","[2048, 2048, 2048, 2064, 2064, 2064]",
1291,11342,23,42,2026-07-26T14:04:16.435000+00:00,30.168,32.377,25.251,281.0,226.0,False,87.796,"[None, 2048, 2048, 2048, 2048, 2048, 2049]","[2048, 2048, 2048, 2048, 2048, 2048, 2048, 2048, 2048]","[2049, 2048, 2048, 2048, 2048, 2048]",324.0
1291,11342,30,43,2026-07-26T14:04:34.592000+00:00,48.166,31.215,24.116,277.0,240.0,True,103.497,"[2064, 2064, 2048, 2048, 2048, 2048, 2048]","[2048, 2049, 2049, 2048, 2049, 2049, 2048, 2049, 2048]","[2048, 2049, 2049, 2049, 2049, 2049]",
1291,11342,41,43,2026-07-26T14:04:36.577000+00:00,30.149,31.504,24.483,289.0,239.0,False,86.136,"[None, 2048, 2048, 2048, 2048, 2048, 2048]","[2048, 2048, 2048, 2048, 2048, 2048, 2048, 2048, 2048]","[2049, 2048, 2048, 2048, 2048]",320.0
1291,11342,11,42,2026-07-26T14:04:37.202000+00:00,30.517,32.768,25.231,279.0,224.0,False,88.516,"[None, 2048, 2048, 2048, 2048, 2048, 2048]","[2048, 2048, 2048, 2048, 2048, 2048, 2048, 2048, 2048]","[2048, 2048, 2048, 2048, 2048, 2048]",327.0
1291,11342,5,43,2026-07-26T14:04:43.555000+00:00,29.617,31.236,24.459,293.0,235.0,False,85.312,"[None, 2048, 2048, 2048, 2048, 2048, 2048]","[2048, 2048, 2048, 2048, 2048, 2048, 2048, 2048, 2048]","[2048, 2048, 2048, 2048, 2048, 2048]",320.0
1291,11342,27,43,2026-07-26T14:04:54.327000+00:00,29.397,31.243,24.184,292.0,238.0,False,84.824,"[None, 2048, 2048, 2048, 2049, 2049, 2048]","[2048, 2048, 2048, 2048, 2048, 2048, 2048, 2048, 2048]","[2048, 2048, 2048, 2048, 2048, 2048]",319.0
1291,11342,12,44,2026-07-26T14:05:03.043000+00:00,29.577,30.878,24.184,289.0,237.0,False,84.639,"[None, 2048, 2048, 2048, 2048, 2048, 2048]","[2048, 2048, 2048, 2048, 2048, 2049, 2048, 2048, 2048]","[2048, 2048, 2048, 2048, 2048, 2048]",322.0
1291,11342,1,44,2026-07-26T14:05:04.731000+00:00,29.09,30.452,23.85,298.0,243.0,False,83.392,"[None, 2048, 2048, 2048, 2048, 2048, 2051]","[2048, 2048, 2048, 2048, 2048, 2048, 2048, 2048, 2048]","[2049, 2048, 2048, 2048, 2048, 2051]",323.0
1291,11342,81,44,2026-07-26T14:05:10.603000+00:00,29.658,30.694,24.056,289.0,237.0,False,84.408,"[None, 2048, 2048, 2048, 2048, 2048, 2048]","[2048, 2048, 2048, 2048, 2048, 2048, 2048, 2048, 2048]","[2048, 2048, 2048, 2048, 2048, 2048]",
1291,11342,44,44,2026-07-26T14:05:13.698000+00:00,29.475,30.854,24.116,,242.0,False,84.445,"[None, 2048, 2048, 2048, 2048, 2048, 2048]","[2048, 2048, 2048, 2048, 2048, 2048, 2048, 2048, 2048]","[2048, 2048, 2048, 2048, 2048, 2048]",
1291,11342,10,43,2026-07-26T14:05:15.532000+00:00,29.554,31.32,24.49,291.0,234.0,False,85.364,"[None, 2048, 2048, 2048, 2048, 2048, 2048]","[2048, 2048, 2049, 2048, 2048, 2049, 2048, 2048, 2048]","[2048, 2048, 2048, 2048, 2048, 2048]",
1291,11342,14,43,2026-07-26T14:05:18.142000+00:00,30.379,31.64,24.538,276.0,235.0,False,86.557,"[None, 2048, 2048, 2048, 2048, 2048, 2048]","[2048, 2048, 2048, 2048, 2048, 2048, 2048, 2048, 2048]","[2048, 2048, 2048, 2048, 2048, 2048]",315.0
1291,11342,3,44,2026-07-26T14:05:21.388000+00:00,29.543,30.973,23.998,,242.0,False,84.514,"[None, 2048, 2048, 2048, 2048, 2048, 2048]","[2048, 2048, 2049, 2048, 2048, 2048, 2048, 2048, 2048]","[2048, 2048, 2048, 2048, 2048, 2048]",318.0
1291,11342,16,44,2026-07-26T14:05:22.340000+00:00,29.351,30.931,24.139,296.0,239.0,False,84.421,"[None, 2048, 2048, 2048, 2048, 2048, 2049]","[2048, 2048, 2048, 2048, 2048, 2048, 2048, 2048, 2048]","[2048, 2048, 2048, 2048, 2048, 2048]",330.0
1291,11342,18,43,2026-07-26T14:05:24.685000+00:00,30.249,31.221,24.341,274.0,235.0,False,85.811,"[None, 2048, 2048, 2048, 2048, 2048, 2048]","[2048, 2048, 2048, 2048, 2048, 2048, 2048, 2048, 2048]","[2048, 2048, 2048, 2048, 2048, 2048]",318.0
1291,11342,43,43,2026-07-26T14:05:28.478000+00:00,29.714,31.724,24.762,300.0,235.0,False,86.2,"[None, 2048, 2048, 2048, 2048, 2048, 2048]","[2048, 2048, 2048, 2048, 2048, 2048, 2048, 2048, 2049]","[2048, 2048, 2048, 2048, 2048, 2048]",
1291,11342,55,43,2026-07-26T14:05:33.070000+00:00,30.278,32.842,27.321,,229.0,False,90.441,"[None, 2048, 2048, 2048, 2048, 2048, 2048]","[2048, 2048, 2048, 2048, 2048, 2048, 2048, 2048, 2048]","[2048, 2048, 2048, 2064, 2064, 2064]",321.0
1291,11342,63,44,2026-07-26T14:05:36.773000+00:00,29.714,31.342,24.243,294.0,236.0,False,85.299,"[None, 2048, 2048, 2048, 2048, 2048, 2048]","[2048, 2048, 2048, 2048, 2048, 2048, 2048, 2048, 2048]","[2048, 2048, 2048, 2048, 2048, 2048]",
1291,11342,31,43,2026-07-26T14:05:39.789000+00:00,29.951,31.718,24.45,285.0,239.0,False,86.119,"[None, 2048, 2048, 2049, 2048, 2048, 2048]","[2048, 2048, 2048, 2048, 2048, 2048, 2048, 2049, 2048]","[2048, 2049, 2049, 2048, 2048, 2048]",
1291,11342,23,43,2026-07-26T14:05:43.945000+00:00,30.357,32.393,24.916,284.0,227.0,False,87.666,"[None, 2048, 2048, 2048, 2048, 2048, 2048]","[2048, 2048, 2048, 2048, 2048, 2048, 2048, 2048, 2048]","[2048, 2048, 2048, 2048, 2048, 2048]",319.0
1291,11342,87,43,2026-07-26T14:05:44.539000+00:00,49.684,31.738,24.494,278.0,239.0,True,105.916,"[2064, 2064, 2048, 2048, 2048, 2048, 2048]","[2048, 2048, 2048, 2048, 2048, 2048, 2049, 2048, 2048]","[2048, 2048, 2048, 2048, 2049, 2048]",
1291,11342,6,44,2026-07-26T14:05:55.069000+00:00,29.33,30.587,23.713,293.0,242.0,False,83.63,"[2048, 2048, 2048, 2049, 2048, 2049, 2048]","[2048, 2048, 2048, 2048, 2049, 2049, 2048, 2048, 2048]","[2048, 2049, 2048, 2049, 2048, 2048]",322.0
1291,11342,41,44,2026-07-26T14:06:02.546000+00:00,30.152,31.605,24.425,,241.0,False,86.182,"[None, 2048, 2048, 2048, 2048, 2048, 2048]","[2048, 2048, 2048, 2048, 2048, 2048, 2048, 2048, 2048]","[2048, 2048, 2049, 2048, 2048, 2048]",317.0
1291,11342,11,43,2026-07-26T14:06:05.735000+00:00,30.834,32.74,26.522,282.0,215.0,False,90.096,"[None, 2048, 2048, 2048, 2048, 2048, 2048]","[2048, 2048, 2048, 2048, 2048, 2048, 2048, 2048, 2048]","[2048, 2048, 2048, 2048, 2048, 2048]",318.0
1291,11342,5,44,2026-07-26T14:06:08.775000+00:00,29.673,31.464,24.786,,235.0,False,85.923,"[None, 2048, 2048, 2048, 2048, 2048, 2048]","[2048, 2048, 2048, 2048, 2048, 2048, 2048, 2048, 2048]","[2048, 2048, 2048, 2048, 2048, 2048]",
1291,11342,30,44,2026-07-26T14:06:18.133000+00:00,29.57,31.051,24.234,291.0,240.0,False,84.855,"[2048, 2048, 2049, 2048, 2049, 2048, 2049]","[2049, 2049, 2049, 2048, 2048, 2048, 2048, 2049, 2048]","[2048, 2049, 2048, 2048, 2048, 2049]",320.0
1291,11342,27,44,2026-07-26T14:06:19.101000+00:00,29.414,31.51,24.359,294.0,236.0,False,85.283,"[None, 2048, 2048, 2048, 2049, 2048, 2049]","[2048, 2048, 2048, 2048, 2048, 2048, 2048, 2048, 2048]","[2048, 2048, 2048, 2048, 2048, 2048]",321.0
1291,11342,12,45,2026-07-26T14:06:27.757000+00:00,29.523,30.901,24.139,291.0,238.0,False,84.563,"[None, 2048, 2048, 2048, 2048, 2048, 2048]","[2048, 2048, 2048, 2048, 2048, 2048, 2049, 2048, 2048]","[2048, 2048, 2048, 2048, 2048, 2048]",321.0
1291,11342,1,45,2026-07-26T14:06:28.101000+00:00,29.247,31.288,24.011,271.0,244.0,False,84.546,"[None, 2049, 2048, 2048, 2048, 2048, 2048]","[2048, 2048, 2048, 2048, 2048, 2048, 2048, 2048, 2049]","[2048, 2048, 2048, 2048, 2048, 2048]",335.0
1291,11342,81,45,2026-07-26T14:06:35.036000+00:00,29.608,30.704,23.994,,240.0,False,84.306,"[None, 2048, 2048, 2048, 2048, 2049, 2048]","[2048, 2048, 2048, 2048, 2049, 2048, 2048, 2049, 2048]","[2048, 2048, 2048, 2048, 2048, 2048]",
1291,11342,44,45,2026-07-26T14:06:38.142000+00:00,29.401,30.965,24.299,290.0,238.0,False,84.665,"[None, 2048, 2048, 2048, 2048, 2048, 2048]","[2048, 2048, 2048, 2048, 2048, 2048, 2048, 2048, 2048]","[2048, 2048, 2048, 2048, 2048, 2048]",
1291,11342,10,44,2026-07-26T14:06:40.954000+00:00,29.315,31.248,24.463,,233.0,False,85.026,"[None, 2048, 2048, 2049, 2048, 2048, 2048]","[2048, 2049, 2048, 2048, 2049, 2048, 2049, 2048, 2048]","[2048, 2048, 2048, 2048, 2048, 2048]",325.0
1291,11342,14,44,2026-07-26T14:06:44.610000+00:00,31.783,31.921,24.505,247.0,238.0,False,88.209,"[None, 2048, 2048, 2048, 2048, 2048, 2048]","[2048, 2048, 2048, 2048, 2048, 2048, 2048, 2048, 2048]","[2049, 2048, 2048, 2048, 2048, 2048]",308.0
1291,11342,3,45,2026-07-26T14:06:45.813000+00:00,29.499,30.574,23.897,293.0,240.0,False,83.97,"[None, 2048, 2048, 2048, 2048, 2048, 2048]","[2048, 2049, 2049, 2048, 2048, 2049, 2049, 2048, 2048]","[2048, 2048, 2048, 2048, 2048, 2048]",321.0
1291,11342,16,45,2026-07-26T14:06:46.871000+00:00,29.473,30.533,24.135,294.0,242.0,False,84.141,"[None, 2048, 2048, 2048, 2048, 2048, 2048]","[2048, 2048, 2048, 2048, 2048, 2048, 2049, 2049, 2048]","[2048, 2048, 2048, 2048, 2048, 2048]",332.0
1291,11342,18,44,2026-07-26T14:06:50.581000+00:00,29.849,31.087,24.534,275.0,236.0,False,85.47,"[None, 2048, 2048, 2049, 2048, 2048, 2048]","[2049, 2048, 2048, 2048, 2048, 2048, 2048, 2048, 2048]","[2048, 2048, 2048, 2048, 2048, 2048]",317.0
1291,11342,43,44,2026-07-26T14:06:54.765000+00:00,29.504,31.389,24.684,285.0,236.0,False,85.577,"[None, 2048, 2049, 2048, 2048, 2048, 2048]","[2048, 2049, 2048, 2048, 2048, 2048, 2048, 2048, 2049]","[2048, 2048, 2048, 2048, 2048, 2048]",
1291,11342,63,45,2026-07-26T14:07:02.190000+00:00,29.47,30.898,24.177,,238.0,False,84.545,"[None, 2048, 2048, 2048, 2048, 2048, 2048]","[2048, 2048, 2048, 2048, 2048, 2048, 2048, 2048, 2048]","[2048, 2048, 2048, 2048, 2048, 2048]",
1291,11342,55,44,2026-07-26T14:07:03.390000+00:00,56.358,31.798,24.231,276.0,234.0,True,112.387,"[2064, 2064, 2048, 2048, 2048, 2048, 2048]","[2048, 2048, 2049, 2048, 2048, 2049, 2048, 2048, 2049]","[2049, 2049, 2049, 2049, 2048, 2048]",
1291,11342,31,44,2026-07-26T14:07:05.946000+00:00,29.759,31.729,24.477,286.0,238.0,False,85.965,"[None, 2048, 2049, 2049, 2048, 2049, 2048]","[2049, 2049, 2048, 2048, 2048, 2048, 2048, 2048, 2048]","[2048, 2049, 2048, 2048, 2048, 2048]",319.0
1291,11342,23,44,2026-07-26T14:07:11.838000+00:00,30.026,32.146,24.983,285.0,227.0,False,87.155,"[None, 2048, 2048, 2048, 2048, 2049, 2048]","[2049, 2048, 2049, 2048, 2048, 2048, 2048, 2048, 2048]","[2048, 2048, 2048, 2048, 2048, 2048]",320.0
1291,11342,6,45,2026-07-26T14:07:18.773000+00:00,29.036,30.278,23.904,297.0,247.0,False,83.218,"[None, 2048, 2051, 2048, 2051, 2049, 2048]","[2049, 2048, 2049, 2049, 2049, 2048, 2048, 2051, 2051]","[2048, 2048, 2048, 2048, 2048, 2048]",317.0
1291,11342,41,45,2026-07-26T14:07:28.758000+00:00,29.998,31.558,24.531,293.0,241.0,False,86.087,"[None, 2048, 2049, 2048, 2048, 2048, 2048]","[2048, 2048, 2048, 2048, 2048, 2048, 2048, 2048, 2048]","[2049, 2048, 2048, 2048, 2048, 2048]",320.0
1291,11342,87,44,2026-07-26T14:07:30.513000+00:00,29.83,31.724,24.619,281.0,242.0,False,86.173,"[2048, 2048, 2049, 2048, 2048, 2048, 2048]","[2048, 2048, 2048, 2048, 2048, 2048, 2048, 2049, 2049]","[2048, 2048, 2048, 2048, 2048, 2048]",321.0
1291,11342,5,45,2026-07-26T14:07:34.701000+00:00,29.74,31.315,24.506,,238.0,False,85.561,"[None, 2048, 2048, 2048, 2048, 2048, 2048]","[2048, 2048, 2048, 2048, 2048, 2048, 2048, 2048, 2048]","[2048, 2048, 2048, 2048, 2048, 2048]",
1291,11342,11,44,2026-07-26T14:07:35.940000+00:00,30.478,32.767,25.384,276.0,229.0,False,88.629,"[None, 2048, 2048, 2048, 2048, 2048, 2048]","[2048, 2048, 2048, 2048, 2048, 2048, 2048, 2048, 2048]","[2048, 2048, 2048, 2048, 2048, 2048]",328.0
1291,11342,30,45,2026-07-26T14:07:43.049000+00:00,29.399,31.223,24.401,290.0,240.0,False,85.023,"[None, 2048, 2049, 2049, 2049, 2048, 2049]","[2048, 2048, 2049, 2048, 2048, 2048, 2048, 2048, 2048]","[2048, 2048, 2048, 2048, 2048, 2048]",317.0
1291,11342,27,45,2026-07-26T14:07:44.376000+00:00,29.441,31.386,24.376,295.0,237.0,False,85.203,"[None, 2048, 2048, 2049, 2048, 2048, 2048]","[2049, 2048, 2048, 2048, 2048, 2048, 2048, 2048, 2048]","[2048, 2048, 2048, 2048, 2048, 2048]",
1291,11342,12,46,2026-07-26T14:07:52.305000+00:00,30.339,31.527,24.438,283.0,234.0,False,86.304,"[None, 2048, 2048, 2048, 2048, 2048, 2048]","[2048, 2048, 2048, 2048, 2048, 2048, 2048, 2048, 2048]","[2048, 2048, 2048, 2048, 2048, 2048]",322.0
1291,11342,1,46,2026-07-26T14:07:52.711000+00:00,29.22,30.383,23.82,293.0,244.0,False,83.423,"[None, 2051, 2048, 2048, 2048, 2048, 2048]","[2048, 2048, 2051, 2048, 2048, 2048, 2048, 2048, 2049]","[2048, 2048, 2048, 2048, 2048, 2048]",336.0
1291,11342,81,46,2026-07-26T14:07:59.320000+00:00,29.464,30.753,24.08,290.0,239.0,False,84.297,"[None, 2048, 2048, 2048, 2048, 2048, 2049]","[2048, 2048, 2048, 2048, 2049, 2048, 2048, 2048, 2048]","[2048, 2048, 2048, 2048, 2048, 2048]",
1291,11342,44,46,2026-07-26T14:08:02.800000+00:00,29.418,30.896,24.222,,242.0,False,84.536,"[None, 2048, 2048, 2048, 2048, 2048, 2048]","[2048, 2048, 2048, 2048, 2048, 2048, 2048, 2048, 2048]","[2049, 2048, 2048, 2048, 2048, 2048]",319.0
1291,11342,10,45,2026-07-26T14:08:05.955000+00:00,29.407,31.277,24.637,290.0,233.0,False,85.321,"[None, 2048, 2048, 2048, 2048, 2048, 2048]","[2049, 2048, 2048, 2048, 2048, 2048, 2048, 2048, 2048]","[2048, 2048, 2048, 2048, 2048, 2048]",
1291,11342,3,46,2026-07-26T14:08:09.914000+00:00,29.468,30.623,24.003,290.0,243.0,False,84.094,"[None, 2048, 2049, 2048, 2048, 2048, 2048]","[2048, 2049, 2048, 2049, 2048, 2048, 2048, 2048, 2049]","[2048, 2048, 2048, 2048, 2048, 2048]",319.0
1291,11342,16,46,2026-07-26T14:08:10.882000+00:00,29.358,30.953,24.3,295.0,239.0,False,84.611,"[None, 2049, 2048, 2049, 2048, 2048, 2048]","[2048, 2048, 2048, 2048, 2048, 2048, 2048, 2048, 2048]","[2048, 2048, 2048, 2048, 2048, 2048]",
1291,11342,14,45,2026-07-26T14:08:12.931000+00:00,29.837,31.487,24.469,278.0,235.0,False,85.793,"[None, 2048, 2048, 2049, 2048, 2048, 2049]","[2049, 2048, 2048, 2048, 2048, 2048, 2048, 2048, 2048]","[2048, 2048, 2048, 2048, 2048, 2048]",318.0
1291,11342,18,45,2026-07-26T14:08:16.040000+00:00,30.011,31.329,24.333,273.0,233.0,False,85.673,"[None, 2048, 2048, 2048, 2048, 2048, 2048]","[2048, 2048, 2048, 2048, 2048, 2048, 2048, 2048, 2048]","[2048, 2048, 2048, 2048, 2048, 2048]",
1291,11342,43,45,2026-07-26T14:08:20.286000+00:00,29.768,31.581,24.611,,233.0,False,85.96,"[None, 2048, 2048, 2048, 2048, 2048, 2048]","[2048, 2048, 2048, 2048, 2048, 2048, 2048, 2048, 2048]","[2048, 2048, 2048, 2048, 2048, 2048]",323.0
1291,11342,63,46,2026-07-26T14:08:26.701000+00:00,29.698,30.9,24.164,,238.0,False,84.762,"[None, 2048, 2048, 2048, 2048, 2048, 2048]","[2048, 2048, 2048, 2048, 2048, 2048, 2048, 2048, 2048]","[2048, 2048, 2048, 2048, 2048, 2048]",321.0
1291,11342,31,45,2026-07-26T14:08:31.808000+00:00,29.876,31.735,24.636,282.0,236.0,False,86.247,"[None, 2048, 2048, 2048, 2048, 2049, 2048]","[2048, 2048, 2049, 2049, 2048, 2048, 2048, 2048, 2048]","[2048, 2048, 2048, 2048, 2048, 2048]",
1291,11342,23,45,2026-07-26T14:08:38.857000+00:00,30.102,32.166,24.849,,226.0,False,87.117,"[None, 2048, 2048, 2048, 2048, 2048, 2048]","[2048, 2048, 2048, 2048, 2048, 2048, 2048, 2048, 2048]","[2048, 2048, 2048, 2049, 2048, 2048]",
1291,11342,6,46,2026-07-26T14:08:41.930000+00:00,29.387,30.524,24.634,295.0,241.0,False,84.545,"[None, 2048, 2048, 2048, 2048, 2049, 2049]","[2048, 2048, 2048, 2049, 2048, 2048, 2048, 2048, 2048]","[2048, 2048, 2048, 2048, 2048, 2048]",315.0
1291,11342,41,46,2026-07-26T14:08:54.921000+00:00,30.199,31.574,24.523,287.0,241.0,False,86.296,"[None, 2048, 2048, 2048, 2048, 2048, 2048]","[2048, 2048, 2048, 2048, 2048, 2048, 2048, 2048, 2048]","[2049, 2048, 2048, 2048, 2048, 2049]",317.0
1291,11342,55,45,2026-07-26T14:08:55.939000+00:00,30.01,31.935,24.439,278.0,236.0,False,86.384,"[2048, 2048, 2048, 2048, 2048, 2048, 2048]","[2048, 2048, 2048, 2048, 2048, 2048, 2048, 2049, 2049]","[2049, 2048, 2048, 2049, 2048, 2048]",329.0
1291,11342,87,45,2026-07-26T14:08:56.548000+00:00,29.875,31.69,24.669,285.0,241.0,False,86.234,"[2049, 2048, 2048, 2048, 2048, 2048, 2049]","[2048, 2048, 2048, 2049, 2048, 2048, 2048, 2048, 2048]","[2048, 2048, 2048, 2048, 2049, 2049]",332.0
1291,11342,5,46,2026-07-26T14:09:00.340000+00:00,29.714,31.393,24.597,292.0,237.0,False,85.704,"[None, 2048, 2048, 2048, 2048, 2048, 2048]","[2048, 2048, 2048, 2048, 2048, 2048, 2048, 2048, 2048]","[2048, 2048, 2048, 2048, 2048, 2048]",321.0
1291,11342,11,45,2026-07-26T14:09:04.556000+00:00,30.48,32.726,26.523,281.0,228.0,False,89.729,"[None, 2048, 2048, 2048, 2048, 2048, 2048]","[2048, 2048, 2048, 2048, 2048, 2048, 2048, 2048, 2048]","[2048, 2048, 2048, 2048, 2048, 2048]",318.0
1291,11342,30,46,2026-07-26T14:09:08.023000+00:00,29.458,31.312,24.757,289.0,239.0,False,85.527,"[None, 2048, 2048, 2049, 2048, 2048, 2049]","[2048, 2048, 2048, 2048, 2048, 2048, 2048, 2048, 2048]","[2048, 2048, 2048, 2048, 2048, 2048]",322.0
1291,11342,27,46,2026-07-26T14:09:09.664000+00:00,29.417,31.37,24.578,292.0,236.0,False,85.365,"[None, 2048, 2048, 2048, 2048, 2049, 2048]","[2048, 2048, 2048, 2049, 2048, 2048, 2048, 2048, 2048]","[2048, 2048, 2048, 2048, 2048, 2048]",322.0
1291,11342,1,47,2026-07-26T14:09:16.134000+00:00,29.11,30.277,23.982,292.0,243.0,False,83.369,"[None, 2048, 2048, 2048, 2048, 2051, 2048]","[2048, 2048, 2048, 2048, 2048, 2048, 2049, 2049, 2048]","[2048, 2048, 2048, 2048, 2048, 2048]",321.0
1291,11342,12,47,2026-07-26T14:09:18.547000+00:00,29.519,31.006,24.31,287.0,235.0,False,84.835,"[None, 2048, 2048, 2048, 2048, 2048, 2048]","[2048, 2048, 2048, 2048, 2048, 2048, 2049, 2048, 2048]","[2048, 2048, 2048, 2048, 2048, 2048]",324.0
1291,11342,81,47,2026-07-26T14:09:23.650000+00:00,29.382,30.719,24.148,289.0,238.0,False,84.249,"[None, 2048, 2048, 2048, 2048, 2049, 2049]","[2048, 2048, 2048, 2048, 2048, 2048, 2048, 2048, 2048]","[2048, 2048, 2048, 2048, 2048, 2048]",322.0
1291,11342,44,47,2026-07-26T14:09:27.353000+00:00,29.348,30.659,24.042,292.0,241.0,False,84.049,"[None, 2048, 2048, 2048, 2048, 2049, 2049]","[2048, 2048, 2048, 2051, 2048, 2048, 2048, 2048, 2048]","[2048, 2048, 2048, 2048, 2048, 2048]",
1291,11342,10,46,2026-07-26T14:09:31.269000+00:00,29.445,31.297,24.493,291.0,236.0,False,85.235,"[None, 2048, 2048, 2049, 2048, 2048, 2048]","[2048, 2049, 2048, 2048, 2048, 2048, 2049, 2048, 2049]","[2049, 2048, 2048, 2048, 2048, 2048]",
1291,11342,3,47,2026-07-26T14:09:33.919000+00:00,29.461,30.549,23.912,293.0,241.0,False,83.922,"[None, 2048, 2049, 2048, 2049, 2048, 2048]","[2048, 2048, 2049, 2048, 2048, 2048, 2049, 2048, 2048]","[2048, 2048, 2048, 2049, 2048, 2048]",321.0
1291,11342,16,47,2026-07-26T14:09:35.440000+00:00,29.337,30.559,24.278,294.0,244.0,False,84.174,"[None, 2048, 2048, 2048, 2048, 2048, 2048]","[2048, 2048, 2048, 2048, 2048, 2048, 2049, 2049, 2048]","[2048, 2048, 2048, 2048, 2048, 2048]",323.0
1291,11342,14,46,2026-07-26T14:09:38.681000+00:00,29.922,31.33,24.475,276.0,236.0,False,85.727,"[None, 2048, 2048, 2048, 2048, 2048, 2048]","[2049, 2048, 2048, 2048, 2048, 2048, 2048, 2048, 2048]","[2048, 2048, 2048, 2048, 2048, 2048]",316.0
1291,11342,18,46,2026-07-26T14:09:41.662000+00:00,29.714,31.126,24.378,274.0,235.0,False,85.218,"[None, 2048, 2048, 2049, 2048, 2048, 2048]","[2048, 2048, 2048, 2048, 2048, 2048, 2049, 2048, 2048]","[2048, 2048, 2048, 2048, 2048, 2048]",318.0
1291,11342,43,46,2026-07-26T14:09:46.252000+00:00,29.727,31.383,24.635,288.0,233.0,False,85.745,"[None, 2048, 2048, 2048, 2048, 2048, 2048]","[2048, 2048, 2048, 2048, 2048, 2048, 2048, 2048, 2048]","[2048, 2048, 2048, 2048, 2048, 2048]",324.0
1291,11342,63,47,2026-07-26T14:09:51.515000+00:00,29.715,30.96,24.109,,235.0,False,84.784,"[None, 2048, 2048, 2048, 2048, 2048, 2048]","[2048, 2048, 2048, 2048, 2048, 2048, 2049, 2048, 2048]","[2048, 2048, 2048, 2048, 2048, 2048]",323.0
1291,11342,31,46,2026-07-26T14:09:58.018000+00:00,30.058,31.692,24.45,287.0,237.0,False,86.2,"[None, 2048, 2048, 2048, 2048, 2048, 2048]","[2049, 2048, 2048, 2048, 2048, 2048, 2049, 2048, 2048]","[2048, 2048, 2048, 2048, 2048, 2049]",
1291,11342,23,46,2026-07-26T14:10:06.114000+00:00,30.86,32.42,24.944,279.0,226.0,False,88.224,"[None, 2048, 2048, 2048, 2048, 2048, 2048]","[2048, 2048, 2048, 2048, 2048, 2048, 2049, 2048, 2048]","[2048, 2048, 2048, 2048, 2048, 2048]",288.0
1291,11342,6,47,2026-07-26T14:10:06.487000+00:00,29.235,30.492,23.907,301.0,243.0,False,83.634,"[2049, 2048, 2048, 2048, 2048, 2048, 2048]","[2048, 2048, 2048, 2048, 2048, 2048, 2048, 2048, 2048]","[2048, 2048, 2048, 2048, 2048, 2048]",325.0
1291,11342,41,47,2026-07-26T14:10:21.190000+00:00,29.95,31.453,24.528,295.0,240.0,False,85.931,"[None, 2048, 2048, 2048, 2048, 2049, 2048]","[2048, 2048, 2048, 2048, 2049, 2048, 2049, 2048, 2048]","[2048, 2048, 2048, 2049, 2048, 2048]",321.0
1291,11342,55,46,2026-07-26T14:10:22.274000+00:00,29.881,31.67,24.381,287.0,235.0,False,85.932,"[None, 2049, 2048, 2048, 2049, 2049, 2049]","[2048, 2048, 2048, 2048, 2048, 2049, 2049, 2049, 2048]","[2048, 2048, 2048, 2048, 2048, 2049]",330.0
1291,11342,87,46,2026-07-26T14:10:22.816000+00:00,29.907,31.724,24.683,277.0,236.0,False,86.314,"[None, 2049, 2048, 2048, 2048, 2049, 2049]","[2048, 2048, 2048, 2048, 2048, 2048, 2048, 2048, 2048]","[2048, 2048, 2048, 2048, 2048, 2049]",334.0
1291,11342,5,47,2026-07-26T14:10:26.055000+00:00,29.763,31.4,24.517,293.0,236.0,False,85.68,"[None, 2048, 2048, 2048, 2048, 2048, 2048]","[2048, 2048, 2048, 2048, 2048, 2048, 2049, 2048, 2048]","[2049, 2048, 2048, 2048, 2048, 2048]",322.0
1291,11342,30,47,2026-07-26T14:10:33.493000+00:00,29.675,31.265,24.336,284.0,240.0,False,85.276,"[None, 2048, 2048, 2048, 2048, 2048, 2048]","[2048, 2048, 2048, 2048, 2048, 2048, 2048, 2048, 2048]","[2048, 2048, 2048, 2048, 2049, 2049]",321.0
1291,11342,11,46,2026-07-26T14:10:34.187000+00:00,31.814,33.497,28.8,286.0,197.0,False,94.111,"[None, 2048, 2048, 2048, 2048, 2048, 2049]","[2048, 2048, 2048, 2048, 2048, 2048, 2048, 2048, 2048]","[2048, 2048, 2048, 2064, 2064, 2064]",317.0
1291,11342,27,47,2026-07-26T14:10:35.040000+00:00,29.882,31.551,24.716,298.0,235.0,False,86.149,"[None, 2048, 2048, 2048, 2048, 2048, 2048]","[2048, 2048, 2048, 2048, 2048, 2048, 2048, 2048, 2048]","[2048, 2048, 2048, 2048, 2048, 2048]",324.0
1291,11342,1,48,2026-07-26T14:10:39.455000+00:00,29.434,30.852,24.135,294.0,234.0,False,84.421,"[None, 2048, 2048, 2048, 2048, 2048, 2048]","[2048, 2048, 2048, 2048, 2048, 2048, 2048, 2048, 2048]","[2048, 2048, 2048, 2048, 2048, 2048]",320.0
1291,11342,12,48,2026-07-26T14:10:43.354000+00:00,29.596,30.901,24.176,290.0,237.0,False,84.673,"[None, 2048, 2048, 2048, 2048, 2048, 2048]","[2048, 2048, 2048, 2048, 2048, 2048, 2049, 2048, 2048]","[2048, 2048, 2048, 2048, 2048, 2048]",323.0
1291,11342,81,48,2026-07-26T14:10:47.935000+00:00,29.585,31.019,24.083,290.0,238.0,False,84.687,"[None, 2048, 2048, 2048, 2048, 2048, 2048]","[2048, 2048, 2048, 2048, 2048, 2048, 2048, 2048, 2048]","[2048, 2048, 2048, 2048, 2048, 2048]",
1291,11342,44,48,2026-07-26T14:10:51.402000+00:00,29.442,30.718,24.244,297.0,242.0,False,84.404,"[None, 2048, 2048, 2048, 2048, 2048, 2049]","[2048, 2048, 2048, 2048, 2048, 2048, 2049, 2048, 2048]","[2049, 2048, 2048, 2048, 2048, 2048]",320.0
1291,11342,10,47,2026-07-26T14:10:56.540000+00:00,31.181,32.318,25.734,259.0,188.0,False,89.233,"[None, 2048, 2048, 2048, 2048, 2048, 2048]","[2048, 2048, 2048, 2048, 2048, 2048, 2048, 2048, 2048]","[2048, 2048, 2048, 2048, 2048, 2048]",324.0
1291,11342,3,48,2026-07-26T14:10:57.845000+00:00,,30.517,23.805,,244.0,False,83.783,"[None, 2048, 2048, 2048, 2048, 2048, 2048]","[2049, 2049, 2048, 2048, 2048, 2048, 2049, 2049, 2049]","[2049, 2048, 2048, 2049, 2048, 2048]",322.0
1291,11342,16,48,2026-07-26T14:10:59.740000+00:00,29.604,30.959,24.387,295.0,241.0,False,84.95,"[None, 2048, 2048, 2048, 2048, 2048, 2048]","[2048, 2048, 2048, 2048, 2048, 2048, 2048, 2048, 2048]","[2048, 2048, 2048, 2048, 2048, 2048]",322.0
1291,11342,14,47,2026-07-26T14:11:04.426000+00:00,29.946,31.429,24.736,,235.0,False,86.111,"[None, 2048, 2048, 2048, 2048, 2048, 2048]","[2048, 2048, 2048, 2048, 2048, 2048, 2048, 2048, 2048]","[2048, 2048, 2048, 2048, 2048, 2048]",315.0
1291,11342,18,47,2026-07-26T14:11:06.956000+00:00,29.89,31.282,24.455,,236.0,False,85.627,"[None, 2048, 2048, 2048, 2048, 2048, 2048]","[2048, 2048, 2048, 2048, 2048, 2048, 2048, 2048, 2048]","[2048, 2048, 2048, 2048, 2048, 2048]",
1291,11342,43,47,2026-07-26T14:11:11.954000+00:00,29.532,31.349,25.115,296.0,232.0,False,85.996,"[None, 2048, 2048, 2048, 2048, 2048, 2049]","[2048, 2048, 2048, 2048, 2048, 2048, 2048, 2048, 2048]","[2048, 2048, 2048, 2048, 2048, 2048]",323.0
1291,11342,63,48,2026-07-26T14:11:16.172000+00:00,29.736,30.842,24.572,295.0,240.0,False,85.15,"[None, 2048, 2048, 2048, 2048, 2048, 2048]","[2048, 2048, 2049, 2048, 2048, 2048, 2048, 2048, 2048]","[2049, 2048, 2048, 2048, 2048, 2048]",322.0
1291,11342,31,47,2026-07-26T14:11:24.253000+00:00,30.011,31.608,24.712,,240.0,False,86.331,"[None, 2048, 2048, 2048, 2048, 2048, 2048]","[2048, 2048, 2048, 2048, 2048, 2048, 2048, 2048, 2049]","[2048, 2048, 2048, 2048, 2048, 2048]",
1291,11342,6,48,2026-07-26T14:11:30.026000+00:00,29.357,30.533,24.058,302.0,246.0,False,83.948,"[2048, 2048, 2048, 2048, 2048, 2048, 2049]","[2048, 2048, 2048, 2048, 2048, 2048, 2048, 2048, 2048]","[2048, 2048, 2048, 2048, 2048, 2048]",320.0
1291,11342,23,47,2026-07-26T14:11:34.355000+00:00,30.35,32.217,24.992,284.0,228.0,False,87.559,"[None, 2048, 2048, 2048, 2048, 2048, 2048]","[2048, 2048, 2048, 2048, 2048, 2048, 2048, 2048, 2049]","[2048, 2048, 2048, 2048, 2048, 2048]",321.0
1291,11342,41,48,2026-07-26T14:11:47.141000+00:00,29.991,31.381,24.629,293.0,242.0,False,86.001,"[None, 2048, 2048, 2048, 2048, 2048, 2048]","[2048, 2048, 2048, 2049, 2049, 2048, 2048, 2049, 2048]","[2048, 2048, 2048, 2048, 2048, 2048]",
1291,11342,55,47,2026-07-26T14:11:48.126000+00:00,30.053,31.62,24.612,286.0,236.0,False,86.285,"[None, 2049, 2048, 2048, 2048, 2048, 2048]","[2049, 2048, 2048, 2048, 2048, 2048, 2048, 2048, 2048]","[2048, 2048, 2048, 2048, 2048, 2048]",331.0
1291,11342,87,47,2026-07-26T14:11:49.114000+00:00,30.057,31.664,24.746,282.0,244.0,False,86.467,"[2048, 2048, 2048, 2048, 2048, 2048, 2048]","[2048, 2048, 2048, 2048, 2049, 2048, 2048, 2049, 2049]","[2048, 2048, 2048, 2048, 2048, 2048]",324.0
1291,11342,5,48,2026-07-26T14:11:51.702000+00:00,29.685,31.375,24.718,292.0,238.0,False,85.778,"[None, 2048, 2048, 2048, 2048, 2048, 2048]","[2048, 2048, 2048, 2048, 2048, 2048, 2048, 2048, 2048]","[2048, 2048, 2048, 2048, 2048, 2048]",
1291,11342,30,48,2026-07-26T14:11:58.758000+00:00,29.545,31.197,24.423,290.0,239.0,False,85.165,"[None, 2048, 2048, 2048, 2048, 2048, 2048]","[2048, 2048, 2049, 2048, 2048, 2048, 2048, 2049, 2048]","[2048, 2048, 2048, 2048, 2048, 2048]",
1291,11342,27,48,2026-07-26T14:12:01.213000+00:00,29.567,31.399,24.657,297.0,235.0,False,85.623,"[None, 2048, 2048, 2048, 2048, 2048, 2048]","[2049, 2048, 2048, 2048, 2048, 2048, 2048, 2048, 2048]","[2048, 2048, 2048, 2048, 2048, 2048]",321.0
1291,11342,1,49,2026-07-26T14:12:03.992000+00:00,29.458,30.562,23.957,295.0,245.0,False,83.977,"[None, 2048, 2048, 2048, 2048, 2048, 2048]","[2048, 2048, 2048, 2048, 2048, 2048, 2048, 2048, 2049]","[2049, 2048, 2048, 2048, 2048, 2048]",323.0
1291,11342,12,49,2026-07-26T14:12:08.202000+00:00,29.606,30.96,24.316,,238.0,False,84.882,"[None, 2048, 2048, 2048, 2048, 2048, 2048]","[2049, 2048, 2048, 2048, 2048, 2048, 2049, 2048, 2048]","[2048, 2048, 2048, 2048, 2048, 2048]",324.0
1291,11342,11,47,2026-07-26T14:12:08.373000+00:00,53.113,31.768,26.539,278.0,240.0,True,111.42,"[2064, 2064, 2048, 2048, 2048, 2048, 2049]","[2048, 2048, 2049, 2048, 2048, 2049, 2049, 2049, 2049]","[2048, 2048, 2048, 2048, 2048, 2049]",
1291,11342,81,49,2026-07-26T14:12:12.537000+00:00,29.638,30.907,24.531,288.0,241.0,False,85.076,"[None, 2048, 2048, 2048, 2048, 2048, 2048]","[2049, 2048, 2048, 2048, 2048, 2048, 2048, 2048, 2048]","[2048, 2048, 2048, 2048, 2048, 2048]",
1291,11342,44,49,2026-07-26T14:12:15.871000+00:00,29.53,30.798,24.458,296.0,242.0,False,84.786,"[None, 2048, 2048, 2048, 2048, 2048, 2048]","[2048, 2048, 2048, 2048, 2048, 2048, 2048, 2048, 2048]","[2048, 2048, 2048, 2048, 2048, 2048]",321.0
1291,11342,3,49,2026-07-26T14:12:21.669000+00:00,29.459,30.426,24.093,297.0,244.0,False,83.978,"[None, 2048, 2049, 2048, 2048, 2048, 2048]","[2049, 2049, 2048, 2048, 2049, 2048, 2048, 2048, 2049]","[2048, 2048, 2048, 2048, 2048, 2048]",319.0
1291,11342,16,49,2026-07-26T14:12:24.616000+00:00,29.676,30.735,24.509,291.0,246.0,False,84.92,"[None, 2048, 2048, 2048, 2048, 2048, 2048]","[2048, 2048, 2048, 2048, 2048, 2048, 2048, 2049, 2049]","[2049, 2048, 2048, 2048, 2048, 2048]",320.0
1291,11342,10,48,2026-07-26T14:12:25.701000+00:00,29.727,31.66,24.656,293.0,235.0,False,86.043,"[None, 2048, 2048, 2048, 2048, 2048, 2048]","[2048, 2048, 2048, 2048, 2048, 2048, 2048, 2048, 2048]","[2048, 2048, 2048, 2048, 2048, 2048]",336.0
1291,11342,14,48,2026-07-26T14:12:30.458000+00:00,30.137,31.231,24.56,277.0,238.0,False,85.928,"[None, 2048, 2048, 2048, 2048, 2048, 2048]","[2049, 2048, 2048, 2048, 2048, 2048, 2048, 2048, 2048]","[2048, 2048, 2048, 2048, 2048, 2048]",
1291,11342,18,48,2026-07-26T14:12:32.455000+00:00,30.485,31.555,24.588,277.0,234.0,False,86.628,"[None, 2048, 2048, 2048, 2048, 2048, 2048]","[2048, 2048, 2048, 2048, 2048, 2048, 2048, 2048, 2048]","[2048, 2048, 2048, 2048, 2048, 2048]",
1291,11342,43,48,2026-07-26T14:12:38.004000+00:00,29.675,31.473,24.907,290.0,235.0,False,86.055,"[None, 2048, 2048, 2048, 2048, 2048, 2048]","[2048, 2048, 2048, 2048, 2048, 2048, 2048, 2048, 2049]","[2048, 2048, 2048, 2048, 2048, 2048]",322.0
1291,11342,63,49,2026-07-26T14:12:41.374000+00:00,29.647,31.161,24.456,,238.0,False,85.264,"[None, 2048, 2048, 2049, 2048, 2048, 2048]","[2048, 2048, 2048, 2048, 2048, 2048, 2048, 2048, 2048]","[2049, 2048, 2048, 2048, 2048, 2048]",
1291,11342,31,48,2026-07-26T14:12:50.648000+00:00,30.149,31.649,24.806,286.0,237.0,False,86.604,"[None, 2048, 2048, 2048, 2048, 2048, 2048]","[2048, 2048, 2048, 2048, 2049, 2048, 2048, 2048, 2048]","[2048, 2048, 2048, 2048, 2048, 2048]",
1291,11342,6,49,2026-07-26T14:12:54.001000+00:00,29.519,30.65,24.3,298.0,244.0,False,84.469,"[None, 2048, 2048, 2048, 2048, 2048, 2048]","[2048, 2048, 2048, 2048, 2048, 2048, 2048, 2048, 2048]","[2048, 2048, 2048, 2048, 2048, 2048]",319.0
1291,11342,23,48,2026-07-26T14:13:01.816000+00:00,30.116,32.306,25.04,,228.0,False,87.462,"[None, 2048, 2048, 2048, 2048, 2048, 2048]","[2048, 2048, 2048, 2048, 2048, 2048, 2048, 2048, 2048]","[2048, 2048, 2048, 2049, 2048, 2048]",320.0
1291,11342,41,49,2026-07-26T14:13:13.243000+00:00,29.97,31.483,24.609,298.0,241.0,False,86.062,"[None, 2048, 2048, 2049, 2048, 2048, 2049]","[2049, 2048, 2048, 2048, 2048, 2048, 2048, 2048, 2048]","[2048, 2048, 2048, 2049, 2048, 2048]",320.0
1291,11342,55,48,2026-07-26T14:13:14.481000+00:00,30.063,31.562,24.69,287.0,234.0,False,86.315,"[None, 2048, 2048, 2048, 2048, 2048, 2048]","[2048, 2049, 2048, 2048, 2048, 2048, 2048, 2049, 2048]","[2048, 2048, 2048, 2048, 2048, 2049]",321.0
1291,11342,87,48,2026-07-26T14:13:15.601000+00:00,29.978,31.521,24.668,283.0,241.0,False,86.167,"[None, 2048, 2048, 2048, 2048, 2049, 2048]","[2049, 2048, 2048, 2048, 2049, 2048, 2048, 2048, 2048]","[2048, 2048, 2048, 2048, 2048, 2048]",322.0
1291,11342,5,49,2026-07-26T14:13:17.506000+00:00,29.743,31.475,24.624,293.0,235.0,False,85.842,"[None, 2048, 2048, 2048, 2048, 2048, 2049]","[2048, 2048, 2048, 2048, 2048, 2048, 2049, 2048, 2048]","[2049, 2048, 2048, 2048, 2048, 2048]",
1291,11342,30,49,2026-07-26T14:13:24.261000+00:00,29.51,31.225,24.474,,238.0,False,85.209,"[None, 2048, 2048, 2048, 2049, 2048, 2049]","[2048, 2048, 2048, 2048, 2048, 2048, 2048, 2048, 2048]","[2048, 2048, 2048, 2048, 2048, 2049]",322.0
1291,11342,27,49,2026-07-26T14:13:26.742000+00:00,29.858,32.632,24.552,287.0,234.0,False,87.042,"[None, 2048, 2048, 2048, 2048, 2048, 2048]","[2048, 2048, 2048, 2048, 2048, 2048, 2048, 2048, 2048]","[2048, 2048, 2048, 2048, 2048, 2048]",
1291,11342,1,50,2026-07-26T14:13:27.870000+00:00,29.302,30.579,23.902,296.0,243.0,False,83.783,"[None, 2048, 2048, 2048, 2048, 2048, 2051]","[2048, 2048, 2048, 2048, 2048, 2048, 2048, 2048, 2048]","[2048, 2048, 2048, 2048, 2048, 2048]",326.0
1291,11342,12,50,2026-07-26T14:13:32.946000+00:00,29.567,30.91,24.36,289.0,236.0,False,84.837,"[None, 2048, 2048, 2048, 2048, 2048, 2048]","[2049, 2048, 2048, 2048, 2048, 2048, 2048, 2048, 2048]","[2048, 2048, 2048, 2048, 2048, 2048]",323.0
1291,11342,81,50,2026-07-26T14:13:37.664000+00:00,29.439,30.809,24.147,289.0,240.0,False,84.395,"[None, 2048, 2048, 2048, 2048, 2049, 2049]","[2048, 2048, 2048, 2048, 2048, 2048, 2048, 2048, 2048]","[2048, 2048, 2048, 2048, 2048, 2048]",
1291,11342,44,50,2026-07-26T14:13:40.476000+00:00,29.276,30.611,24.424,295.0,243.0,False,84.311,"[None, 2048, 2048, 2048, 2048, 2048, 2049]","[2048, 2048, 2048, 2048, 2048, 2048, 2048, 2049, 2049]","[2048, 2048, 2048, 2048, 2048, 2048]",
1291,11342,3,50,2026-07-26T14:13:45.682000+00:00,29.413,30.464,24.011,296.0,244.0,False,83.888,"[None, 2048, 2048, 2048, 2048, 2048, 2048]","[2048, 2048, 2048, 2048, 2049, 2049, 2048, 2048, 2048]","[2048, 2048, 2048, 2048, 2048, 2048]",322.0
1291,11342,16,50,2026-07-26T14:13:49.586000+00:00,29.697,30.58,24.385,293.0,242.0,False,84.662,"[None, 2048, 2048, 2048, 2048, 2048, 2048]","[2051, 2048, 2048, 2048, 2048, 2048, 2048, 2048, 2048]","[2048, 2048, 2048, 2048, 2048, 2048]",
1291,11342,10,49,2026-07-26T14:13:51.804000+00:00,29.584,31.428,24.818,286.0,232.0,False,85.83,"[None, 2048, 2048, 2048, 2048, 2048, 2048]","[2048, 2048, 2048, 2048, 2048, 2048, 2048, 2048, 2048]","[2048, 2048, 2048, 2048, 2048, 2048]",326.0
1291,11342,14,49,2026-07-26T14:13:56.445000+00:00,30.173,31.377,24.619,275.0,235.0,False,86.169,"[None, 2048, 2048, 2048, 2048, 2048, 2048]","[2048, 2048, 2048, 2048, 2048, 2048, 2048, 2048, 2048]","[2048, 2048, 2048, 2048, 2048, 2048]",316.0
1291,11342,18,49,2026-07-26T14:13:59.101000+00:00,30.029,31.347,24.629,275.0,234.0,False,86.005,"[None, 2048, 2048, 2048, 2048, 2048, 2048]","[2048, 2048, 2048, 2048, 2048, 2048, 2048, 2048, 2048]","[2048, 2048, 2048, 2048, 2048, 2048]",317.0
1291,11342,11,48,2026-07-26T14:13:59.804000+00:00,29.881,59.299,50.818,275.0,99.0,False,139.998,"[2049, 2049, 2048, 2048, 2048, 2048, 2049]","[2048, None, None, 2048, 2048, 2048, 2048, 2048, 2048]","[2048, 2048, 2048, 2064, 2064, 2064]",334.0
1291,11342,43,49,2026-07-26T14:14:03.992000+00:00,29.799,31.656,24.828,291.0,233.0,False,86.283,"[None, 2048, 2048, 2048, 2048, 2048, 2048]","[2048, 2048, 2048, 2048, 2048, 2048, 2048, 2048, 2048]","[2048, 2048, 2048, 2048, 2048, 2048]",324.0
1291,11342,63,50,2026-07-26T14:14:06.726000+00:00,29.745,31.608,24.31,296.0,236.0,False,85.663,"[None, 2048, 2048, 2048, 2048, 2048, 2049]","[2048, 2048, 2048, 2048, 2048, 2048, 2048, 2048, 2048]","[2048, 2048, 2048, 2048, 2048, 2048]",323.0
1291,11342,31,49,2026-07-26T14:14:17.308000+00:00,31.201,32.545,24.588,226.0,238.0,False,88.334,"[None, 2048, 2048, 2049, 2048, 2048, 2048]","[2048, 2048, 2048, 2048, 2048, 2048, 2048, 2048, 2048]","[2048, 2048, 2048, 2048, 2048, 2048]",
1291,11342,6,50,2026-07-26T14:14:18.456000+00:00,29.584,30.923,24.097,299.0,244.0,False,84.604,"[None, 2048, 2048, 2048, 2048, 2048, 2048]","[2048, 2048, 2048, 2048, 2048, 2048, 2048, 2048, 2048]","[2048, 2048, 2048, 2048, 2048, 2048]",323.0
1291,11342,23,49,2026-07-26T14:14:29.402000+00:00,29.962,32.209,25.094,286.0,226.0,False,87.265,"[None, 2048, 2048, 2049, 2048, 2049, 2048]","[2048, 2048, 2048, 2048, 2048, 2048, 2048, 2048, 2048]","[2048, 2048, 2048, 2048, 2048, 2048]",
1291,11342,41,50,2026-07-26T14:14:39.219000+00:00,30.16,31.493,24.684,293.0,240.0,False,86.337,"[None, 2048, 2048, 2048, 2048, 2048, 2048]","[2048, 2048, 2048, 2048, 2048, 2048, 2048, 2048, 2048]","[2048, 2048, 2048, 2048, 2048, 2048]",318.0
1291,11342,55,49,2026-07-26T14:14:40.734000+00:00,29.915,31.594,24.776,281.0,235.0,False,86.285,"[None, 2048, 2048, 2048, 2048, 2048, 2048]","[2048, 2048, 2048, 2048, 2048, 2048, 2048, 2048, 2048]","[2048, 2048, 2048, 2048, 2048, 2048]",323.0
1291,11342,87,49,2026-07-26T14:14:41.781000+00:00,29.79,31.496,24.898,288.0,240.0,False,86.184,"[None, 2048, 2048, 2048, 2048, 2049, 2049]","[2049, 2048, 2048, 2048, 2049, 2048, 2048, 2048, 2048]","[2048, 2048, 2048, 2048, 2048, 2048]",324.0
1291,11342,5,50,2026-07-26T14:14:43.375000+00:00,29.865,31.319,24.662,294.0,239.0,False,85.846,"[None, 2048, 2048, 2048, 2048, 2048, 2048]","[2048, 2048, 2048, 2048, 2048, 2048, 2049, 2048, 2048]","[2049, 2048, 2048, 2048, 2048, 2048]",323.0
1291,11342,30,50,2026-07-26T14:14:49.213000+00:00,29.42,31.148,24.498,294.0,237.0,False,85.066,"[None, 2048, 2048, 2048, 2048, 2048, 2049]","[2049, 2048, 2049, 2048, 2048, 2048, 2048, 2048, 2048]","[2048, 2048, 2048, 2048, 2048, 2048]",
1291,11342,1,51,2026-07-26T14:14:51.683000+00:00,29.294,30.542,23.944,,242.0,False,83.78,"[None, 2048, 2048, 2048, 2048, 2048, 2048]","[2048, 2048, 2048, 2048, 2048, 2048, 2048, 2048, 2048]","[2048, 2048, 2048, 2048, 2048, 2048]",323.0
1291,11342,27,50,2026-07-26T14:14:53.846000+00:00,29.663,31.122,24.157,292.0,238.0,False,84.942,"[None, 2048, 2048, 2048, 2048, 2048, 2048]","[2048, 2048, 2048, 2048, 2048, 2048, 2048, 2048, 2048]","[2048, 2048, 2048, 2049, 2048, 2048]",
1291,11342,12,51,2026-07-26T14:14:57.882000+00:00,29.548,30.989,24.29,292.0,238.0,False,84.827,"[None, 2048, 2048, 2048, 2048, 2048, 2048]","[2048, 2048, 2048, 2048, 2048, 2048, 2048, 2048, 2049]","[2048, 2048, 2048, 2048, 2048, 2048]",324.0
1291,11342,81,51,2026-07-26T14:15:02.146000+00:00,29.62,30.825,24.269,,239.0,False,84.714,"[None, 2048, 2048, 2048, 2048, 2048, 2048]","[2048, 2048, 2048, 2048, 2048, 2048, 2048, 2048, 2048]","[2048, 2048, 2048, 2048, 2048, 2048]",
1291,11342,44,51,2026-07-26T14:15:04.898000+00:00,29.325,30.627,24.262,297.0,243.0,False,84.214,"[None, 2048, 2048, 2049, 2048, 2048, 2048]","[2049, 2048, 2048, 2048, 2048, 2048, 2048, 2048, 2048]","[2048, 2048, 2048, 2048, 2048, 2048]",320.0
1291,11342,3,51,2026-07-26T14:15:09.494000+00:00,29.391,30.527,23.942,295.0,245.0,False,83.86,"[None, 2048, 2048, 2049, 2048, 2048, 2048]","[2048, 2048, 2048, 2048, 2048, 2048, 2048, 2049, 2049]","[2049, 2048, 2048, 2048, 2048, 2048]",318.0
1291,11342,16,51,2026-07-26T14:15:14.213000+00:00,29.561,30.535,24.269,292.0,245.0,False,84.365,"[None, 2048, 2048, 2048, 2048, 2048, 2048]","[2051, 2048, 2048, 2048, 2048, 2048, 2048, 2049, 2049]","[2048, 2048, 2048, 2048, 2048, 2048]",319.0
1291,11342,10,50,2026-07-26T14:15:17.528000+00:00,29.532,31.513,24.584,290.0,233.0,False,85.629,"[None, 2048, 2048, 2048, 2048, 2048, 2048]","[2048, 2048, 2049, 2048, 2048, 2048, 2048, 2048, 2048]","[2048, 2048, 2048, 2048, 2048, 2048]",324.0
1291,11342,14,50,2026-07-26T14:15:22.655000+00:00,29.976,31.12,24.401,276.0,238.0,False,85.497,"[None, 2048, 2048, 2048, 2048, 2048, 2048]","[2048, 2048, 2048, 2049, 2048, 2048, 2048, 2048, 2048]","[2048, 2048, 2048, 2048, 2048, 2048]",313.0
1291,11342,18,50,2026-07-26T14:15:25.133000+00:00,29.872,31.08,24.239,277.0,237.0,False,85.191,"[None, 2048, 2048, 2048, 2048, 2048, 2048]","[2048, 2048, 2048, 2048, 2048, 2048, 2048, 2048, 2048]","[2049, 2048, 2048, 2048, 2048, 2048]",
1291,11342,43,50,2026-07-26T14:15:30.398000+00:00,29.551,31.229,24.927,295.0,235.0,False,85.707,"[None, 2048, 2048, 2048, 2048, 2049, 2049]","[2048, 2048, 2048, 2048, 2048, 2048, 2048, 2048, 2048]","[2048, 2048, 2048, 2048, 2048, 2048]",322.0
1291,11342,63,51,2026-07-26T14:15:32.305000+00:00,29.607,31.182,24.261,297.0,240.0,False,85.05,"[None, 2048, 2048, 2048, 2048, 2048, 2049]","[2048, 2048, 2048, 2048, 2048, 2048, 2048, 2048, 2048]","[2048, 2048, 2048, 2048, 2048, 2048]",324.0
1291,11342,6,51,2026-07-26T14:15:43.148000+00:00,29.304,30.402,24.037,301.0,245.0,False,83.743,"[None, 2048, 2048, 2049, 2048, 2049, 2048]","[2049, 2048, 2048, 2049, 2048, 2048, 2048, 2048, 2048]","[2048, 2048, 2048, 2048, 2048, 2048]",322.0
1291,11342,31,50,2026-07-26T14:15:45.601000+00:00,29.905,31.53,24.607,293.0,237.0,False,86.042,"[None, 2048, 2048, 2048, 2048, 2048, 2049]","[2048, 2048, 2048, 2048, 2049, 2048, 2048, 2048, 2048]","[2048, 2048, 2048, 2048, 2048, 2048]",321.0
1291,11342,23,50,2026-07-26T14:15:56.494000+00:00,30.107,32.076,25.022,284.0,229.0,False,87.205,"[None, 2048, 2048, 2048, 2048, 2049, 2048]","[2048, 2048, 2048, 2048, 2048, 2048, 2048, 2049, 2049]","[2049, 2048, 2048, 2048, 2048, 2048]",
1291,11342,41,51,2026-07-26T14:16:05.455000+00:00,29.976,31.452,24.557,291.0,241.0,False,85.985,"[None, 2048, 2048, 2048, 2048, 2048, 2049]","[2048, 2048, 2048, 2048, 2048, 2048, 2048, 2048, 2048]","[2048, 2048, 2048, 2048, 2048, 2048]",322.0
1291,11342,55,50,2026-07-26T14:16:07.087000+00:00,29.904,31.615,24.675,289.0,234.0,False,86.194,"[None, 2048, 2048, 2048, 2048, 2048, 2048]","[2048, 2048, 2048, 2048, 2048, 2048, 2048, 2048, 2048]","[2048, 2048, 2048, 2048, 2048, 2048]",322.0
1291,11342,87,50,2026-07-26T14:16:07.968000+00:00,31.176,32.4,24.713,195.0,240.0,False,88.289,"[None, 2048, 2048, 2048, 2048, 2048, 2048]","[2048, 2048, 2048, 2048, 2048, 2048, 2049, 2048, 2048]","[2049, 2048, 2048, 2048, 2048, 2048]",331.0
1291,11342,5,51,2026-07-26T14:16:09.166000+00:00,29.683,31.526,24.615,292.0,238.0,False,85.824,"[None, 2048, 2048, 2048, 2048, 2048, 2049]","[2048, 2048, 2048, 2048, 2048, 2048, 2048, 2048, 2048]","[2048, 2048, 2048, 2048, 2048, 2048]",325.0
1291,11342,30,51,2026-07-26T14:16:14.143000+00:00,29.554,33.223,24.636,290.0,240.0,False,87.413,"[None, 2048, 2048, 2048, 2048, 2048, 2048]","[2048, 2048, 2048, 2048, 2048, 2048, 2048, 2048, 2048]","[2048, 2048, 2048, 2048, 2048, 2049]",
1291,11342,1,52,2026-07-26T14:16:15.445000+00:00,29.562,30.734,23.824,297.0,244.0,False,84.12,"[None, 2048, 2048, 2048, 2048, 2048, 2048]","[2048, 2048, 2048, 2048, 2048, 2048, 2048, 2048, 2048]","[2048, 2048, 2048, 2048, 2048, 2048]",325.0
1291,11342,27,51,2026-07-26T14:16:19.042000+00:00,29.226,30.91,24.186,297.0,239.0,False,84.322,"[None, 2048, 2048, 2049, 2048, 2048, 2049]","[2051, 2048, 2048, 2048, 2048, 2048, 2048, 2048, 2048]","[2048, 2049, 2048, 2048, 2048, 2048]",322.0
1291,11342,11,49,2026-07-26T14:16:19.712000+00:00,,,,,,False,,,,,
1291,11342,12,52,2026-07-26T14:16:22.634000+00:00,29.515,31.071,24.231,287.0,237.0,False,84.817,"[None, 2048, 2048, 2048, 2048, 2048, 2048]","[2048, 2048, 2048, 2048, 2048, 2048, 2048, 2048, 2048]","[2048, 2048, 2048, 2048, 2048, 2049]",
1291,11342,81,52,2026-07-26T14:16:26.721000+00:00,29.53,30.739,24.104,,236.0,False,84.373,"[None, 2048, 2048, 2048, 2048, 2049, 2048]","[2048, 2048, 2048, 2048, 2049, 2048, 2048, 2048, 2048]","[2048, 2048, 2048, 2048, 2048, 2048]",323.0
1291,11342,44,52,2026-07-26T14:16:29.101000+00:00,29.455,30.673,24.279,293.0,244.0,False,84.407,"[None, 2048, 2048, 2048, 2048, 2048, 2048]","[2048, 2048, 2048, 2048, 2048, 2048, 2048, 2048, 2048]","[2048, 2048, 2048, 2048, 2048, 2048]",322.0
1291,11342,3,52,2026-07-26T14:16:33.386000+00:00,29.492,30.392,24.041,296.0,244.0,False,83.925,"[None, 2048, 2048, 2048, 2048, 2048, 2048]","[2048, 2048, 2048, 2048, 2048, 2048, 2048, 2048, 2048]","[2049, 2048, 2048, 2048, 2048, 2048]",320.0
1291,11342,16,52,2026-07-26T14:16:38.570000+00:00,29.679,30.535,24.479,294.0,243.0,False,84.693,"[None, 2048, 2048, 2048, 2048, 2048, 2048]","[2048, 2048, 2048, 2048, 2049, 2048, 2048, 2048, 2048]","[2048, 2048, 2048, 2048, 2048, 2048]",320.0
1291,11342,10,51,2026-07-26T14:16:43.212000+00:00,29.641,31.417,24.527,297.0,233.0,False,85.585,"[None, 2048, 2048, 2048, 2048, 2048, 2048]","[2048, 2048, 2048, 2048, 2048, 2048, 2048, 2048, 2048]","[2048, 2048, 2048, 2048, 2048, 2048]",325.0
1291,11342,14,51,2026-07-26T14:16:48.054000+00:00,29.999,31.165,24.536,277.0,237.0,False,85.7,"[None, 2048, 2048, 2048, 2048, 2048, 2048]","[2048, 2048, 2048, 2048, 2048, 2048, 2048, 2048, 2048]","[2048, 2048, 2048, 2048, 2048, 2048]",315.0
1291,11342,18,51,2026-07-26T14:16:50.378000+00:00,29.958,31.08,24.491,275.0,237.0,False,85.529,"[None, 2048, 2048, 2049, 2048, 2048, 2048]","[2048, 2048, 2048, 2048, 2048, 2048, 2048, 2048, 2048]","[2048, 2048, 2048, 2048, 2048, 2048]",318.0
1291,11342,43,51,2026-07-26T14:16:56.018000+00:00,29.585,31.394,24.765,289.0,234.0,False,85.744,"[None, 2048, 2048, 2048, 2048, 2048, 2048]","[2048, 2048, 2048, 2048, 2048, 2048, 2048, 2048, 2048]","[2048, 2048, 2048, 2048, 2048, 2048]",323.0
1291,11342,63,52,2026-07-26T14:16:57.368000+00:00,29.742,31.159,24.445,295.0,240.0,False,85.346,"[None, 2048, 2048, 2048, 2048, 2048, 2048]","[2048, 2048, 2048, 2048, 2048, 2048, 2048, 2048, 2048]","[2049, 2048, 2048, 2048, 2048, 2048]",326.0
1291,11342,6,52,2026-07-26T14:17:06.789000+00:00,29.376,30.387,24.359,,247.0,False,84.122,"[None, 2048, 2048, 2048, 2048, 2048, 2048]","[2049, 2048, 2049, 2048, 2048, 2048, 2048, 2048, 2048]","[2048, 2048, 2048, 2048, 2048, 2048]",319.0
1291,11342,31,51,2026-07-26T14:17:11.601000+00:00,29.924,31.625,24.599,286.0,237.0,False,86.148,"[None, 2048, 2048, 2048, 2048, 2048, 2048]","[2049, 2048, 2048, 2048, 2048, 2048, 2048, 2048, 2048]","[2048, 2048, 2048, 2048, 2048, 2048]",320.0
1291,11342,23,51,2026-07-26T14:17:23.787000+00:00,30.124,31.835,25.232,288.0,227.0,False,87.191,"[None, 2048, 2048, 2048, 2048, 2048, 2048]","[2049, 2048, 2048, 2048, 2048, 2048, 2048, 2048, 2048]","[2048, 2048, 2048, 2048, 2048, 2048]",321.0
1291,11342,41,52,2026-07-26T14:17:31.582000+00:00,30.091,31.584,24.561,294.0,239.0,False,86.236,"[None, 2048, 2048, 2048, 2048, 2048, 2048]","[2048, 2048, 2048, 2048, 2048, 2048, 2048, 2048, 2048]","[2048, 2048, 2048, 2048, 2048, 2049]",319.0
1291,11342,55,51,2026-07-26T14:17:33.332000+00:00,29.9,31.644,24.699,,234.0,False,86.243,"[None, 2048, 2048, 2048, 2048, 2048, 2049]","[2049, 2048, 2048, 2048, 2048, 2048, 2048, 2048, 2048]","[2048, 2048, 2048, 2048, 2048, 2048]",323.0
1291,11342,5,52,2026-07-26T14:17:34.957000+00:00,29.783,31.651,24.712,298.0,232.0,False,86.146,"[None, 2048, 2048, 2048, 2048, 2048, 2049]","[2048, 2048, 2048, 2048, 2048, 2048, 2048, 2048, 2048]","[2048, 2048, 2048, 2048, 2048, 2048]",323.0
1291,11342,87,51,2026-07-26T14:17:36.379000+00:00,29.982,31.683,24.749,289.0,241.0,False,86.414,"[None, 2048, 2048, 2048, 2048, 2048, 2048]","[2048, 2048, 2048, 2048, 2048, 2048, 2048, 2048, 2048]","[2048, 2048, 2048, 2048, 2048, 2048]",324.0
1291,11342,1,53,2026-07-26T14:17:39.582000+00:00,29.287,30.486,24.17,295.0,243.0,False,83.943,"[None, 2048, 2048, 2048, 2048, 2048, 2048]","[2048, 2048, 2048, 2048, 2048, 2048, 2048, 2048, 2048]","[2048, 2048, 2048, 2048, 2048, 2048]",324.0
1291,11342,30,52,2026-07-26T14:17:41.598000+00:00,29.473,31.173,24.395,295.0,240.0,False,85.041,"[None, 2048, 2048, 2048, 2048, 2048, 2049]","[2048, 2048, 2048, 2048, 2048, 2048, 2049, 2048, 2048]","[2048, 2048, 2048, 2048, 2048, 2049]",324.0
1291,11342,27,52,2026-07-26T14:17:43.098000+00:00,29.306,31.272,24.375,296.0,236.0,False,84.953,"[None, 2048, 2048, 2048, 2048, 2048, 2048]","[2048, 2048, 2048, 2048, 2048, 2048, 2048, 2048, 2048]","[2048, 2048, 2048, 2048, 2048, 2048]",323.0
1291,11342,12,53,2026-07-26T14:17:47.457000+00:00,29.5,30.951,26.606,290.0,237.0,False,87.057,"[None, 2048, 2048, 2048, 2048, 2048, 2048]","[2048, 2048, 2048, 2048, 2048, 2048, 2048, 2048, 2048]","[2048, 2048, 2048, 2064, 2064, 2064]",
1291,11342,81,53,2026-07-26T14:17:51.145000+00:00,29.447,30.842,24.263,290.0,239.0,False,84.552,"[None, 2048, 2048, 2048, 2048, 2048, 2048]","[2048, 2048, 2048, 2048, 2048, 2048, 2048, 2048, 2048]","[2048, 2048, 2048, 2048, 2048, 2048]",
1291,11342,44,53,2026-07-26T14:17:53.613000+00:00,29.369,30.599,24.327,294.0,236.0,False,84.295,"[None, 2048, 2048, 2048, 2048, 2048, 2048]","[2048, 2048, 2048, 2048, 2048, 2048, 2049, 2048, 2048]","[2048, 2048, 2048, 2048, 2048, 2048]",321.0
1291,11342,3,53,2026-07-26T14:17:57.303000+00:00,29.423,30.466,24.036,299.0,242.0,False,83.925,"[None, 2048, 2048, 2048, 2048, 2048, 2048]","[2049, 2048, 2048, 2048, 2048, 2048, 2048, 2048, 2048]","[2048, 2048, 2048, 2048, 2048, 2048]",
1291,11342,16,53,2026-07-26T14:18:03.199000+00:00,29.559,30.624,24.69,293.0,243.0,False,84.873,"[None, 2048, 2048, 2048, 2048, 2048, 2048]","[2048, 2048, 2048, 2048, 2048, 2048, 2048, 2048, 2048]","[2048, 2048, 2048, 2048, 2048, 2048]",
1291,11342,10,52,2026-07-26T14:18:08.871000+00:00,29.537,31.321,24.663,292.0,233.0,False,85.521,"[None, 2048, 2048, 2048, 2048, 2048, 2048]","[2049, 2048, 2049, 2048, 2048, 2048, 2048, 2048, 2048]","[2048, 2048, 2048, 2048, 2048, 2048]",
1291,11342,14,52,2026-07-26T14:18:13.743000+00:00,29.872,31.251,24.698,276.0,237.0,False,85.821,"[None, 2048, 2048, 2048, 2048, 2048, 2048]","[2048, 2048, 2048, 2048, 2048, 2048, 2048, 2048, 2048]","[2048, 2048, 2048, 2048, 2048]",317.0
1291,11342,18,52,2026-07-26T14:18:15.862000+00:00,29.778,31.201,24.363,,235.0,False,85.342,"[None, 2048, 2048, 2048, 2048, 2048, 2048]","[2048, 2048, 2048, 2048, 2048, 2048, 2048, 2048, 2048]","[2048, 2048, 2048, 2048, 2048]",319.0
1291,11342,43,52,2026-07-26T14:18:21.741000+00:00,31.597,31.926,24.952,276.0,236.0,False,88.475,"[None, 2048, 2048, 2048, 2048, 2048, 2048]","[2048, 2048, 2048, 2048, 2048, 2048, 2048, 2048, 2048]","[2048, 2048, 2048, 2048, 2048, 2048]",263.0
1291,11342,63,53,2026-07-26T14:18:22.756000+00:00,29.764,31.016,24.306,292.0,238.0,False,85.086,"[None, 2048, 2048, 2048, 2048, 2048, 2048]","[2048, 2048, 2048, 2048, 2048, 2048, 2048, 2048, 2048]","[2048, 2048, 2048, 2048, 2048, 2048]",325.0
1291,11342,6,53,2026-07-26T14:18:31.031000+00:00,29.472,30.443,24.128,300.0,246.0,False,84.043,"[None, 2048, 2048, 2048, 2048, 2048, 2048]","[2048, 2048, 2048, 2048, 2048, 2048, 2048, 2048, 2048]","[2048, 2048, 2048, 2048, 2048, 2048]",320.0
1291,11342,31,52,2026-07-26T14:18:37.869000+00:00,29.844,31.761,24.611,283.0,238.0,False,86.216,"[None, 2048, 2048, 2048, 2048, 2048, 2048]","[2048, 2048, 2048, 2048, 2048, 2048, 2048, 2048, 2048]","[2048, 2048, 2048, 2048, 2048, 2048]",
1291,11342,23,52,2026-07-26T14:18:50.917000+00:00,30.107,32.145,25.126,292.0,230.0,False,87.378,"[None, 2048, 2048, 2048, 2048, 2049, 2048]","[2048, 2048, 2048, 2048, 2048, 2048, 2048, 2048, 2049]","[2049, 2048, 2048, 2048, 2048, 2048]",320.0
1291,11342,41,53,2026-07-26T14:18:57.807000+00:00,29.987,31.512,24.653,296.0,243.0,False,86.152,"[None, 2048, 2048, 2048, 2048, 2048, 2048]","[2048, 2048, 2048, 2048, 2048, 2048, 2048, 2049, 2049]","[2049, 2048, 2048, 2048, 2048, 2048]",322.0
1291,11342,55,52,2026-07-26T14:18:59.417000+00:00,29.928,31.608,24.722,288.0,236.0,False,86.258,"[None, 2048, 2048, 2048, 2048, 2048, 2048]","[2048, 2048, 2048, 2048, 2048, 2048, 2048, 2048, 2049]","[2048, 2048, 2048, 2048, 2048, 2048]",
1291,11342,5,53,2026-07-26T14:19:01.151000+00:00,29.781,31.76,24.8,284.0,236.0,False,86.341,"[None, 2048, 2048, 2048, 2048, 2048, 2048]","[2048, 2048, 2048, 2048, 2048, 2048, 2048, 2048, 2048]","[2048, 2048, 2048, 2048, 2048, 2048]",
1291,11342,87,52,2026-07-26T14:19:02.745000+00:00,30.89,31.678,24.717,284.0,240.0,False,87.285,"[None, 2048, 2048, 2048, 2048, 2048, 2048]","[2048, 2048, 2048, 2048, 2048, 2048, 2049, 2048, 2048]","[2048, 2048, 2048, 2048, 2048, 2048]",
1291,11342,1,54,2026-07-26T14:19:03.526000+00:00,29.537,30.731,24.169,294.0,238.0,False,84.437,"[None, 2048, 2048, 2048, 2048, 2048, 2048]","[2048, 2048, 2048, 2048, 2048, 2048, 2048, 2048, 2048]","[2048, 2048, 2048, 2048, 2048, 2048]",329.0
1291,11342,30,53,2026-07-26T14:19:06.654000+00:00,30.364,31.165,24.587,293.0,241.0,False,86.116,"[2049, 2048, 2048, 2048, 2048, 2048, 2048]","[2048, 2048, 2048, 2048, 2048, 2048, 2048, 2048, 2048]","[2048, 2048, 2048, 2048, 2048, 2048]",
1291,11342,27,53,2026-07-26T14:19:07.969000+00:00,29.51,31.422,24.523,299.0,238.0,False,85.455,"[None, 2048, 2048, 2048, 2048, 2048, 2048]","[2048, 2048, 2048, 2048, 2048, 2048, 2048, 2048, 2048]","[2049, 2048, 2048, 2048, 2048, 2048]",324.0
1291,11342,12,54,2026-07-26T14:19:14.502000+00:00,48.114,30.38,23.526,285.0,244.0,True,102.02,"[2064, 2064, 2048, 2048, 2048, 2048, 2048]","[2048, 2049, 2049, 2048, 2049, 2049, 2049, 2049, 2049]","[2049, 2049, 2049, 2049, 2049, 2049]",
1291,11342,81,54,2026-07-26T14:19:15.816000+00:00,29.479,30.972,24.149,288.0,239.0,False,84.6,"[None, 2048, 2048, 2048, 2048, 2048, 2048]","[2048, 2048, 2048, 2048, 2048, 2048, 2048, 2048, 2048]","[2048, 2048, 2048, 2048, 2048, 2048]",
1291,11342,44,54,2026-07-26T14:19:17.761000+00:00,29.372,30.814,24.404,293.0,242.0,False,84.59,"[None, 2048, 2048, 2048, 2049, 2048, 2048]","[2048, 2048, 2048, 2048, 2048, 2048, 2048, 2048, 2048]","[2048, 2048, 2048, 2048, 2048, 2048]",323.0
1291,11342,3,54,2026-07-26T14:19:21.345000+00:00,29.332,30.541,24.081,300.0,244.0,False,83.954,"[None, 2048, 2048, 2048, 2049, 2048, 2049]","[2048, 2048, 2048, 2048, 2048, 2048, 2048, 2048, 2048]","[2048, 2048, 2048, 2048, 2048, 2048]",
1291,11342,16,54,2026-07-26T14:19:28.168000+00:00,29.585,30.428,24.635,294.0,245.0,False,84.648,"[None, 2048, 2048, 2048, 2049, 2048, 2048]","[2051, 2048, 2048, 2048, 2048, 2048, 2048, 2048, 2048]","[2048, 2048, 2048, 2048, 2048, 2048]",
1291,11342,10,53,2026-07-26T14:19:34.339000+00:00,29.898,31.496,24.806,293.0,231.0,False,86.2,"[None, 2048, 2048, 2048, 2048, 2048, 2048]","[2049, 2048, 2048, 2048, 2048, 2048, 2048, 2048, 2048]","[2048, 2048, 2048, 2048, 2048, 2048]",
1291,11342,14,53,2026-07-26T14:19:39.639000+00:00,30.169,31.296,24.679,274.0,236.0,False,86.144,"[None, 2048, 2048, 2048, 2048, 2048, 2048]","[2048, 2048, 2048, 2048, 2048, 2048, 2048, 2048, 2048]","[2048, 2048, 2048, 2048, 2048, 2048]",316.0
1291,11342,18,53,2026-07-26T14:19:41.274000+00:00,29.971,31.206,24.412,276.0,234.0,False,85.589,"[None, 2048, 2048, 2048, 2048, 2048, 2048]","[2048, 2048, 2048, 2048, 2048, 2048, 2048, 2048, 2048]","[2048, 2048, 2048, 2048, 2048, 2048]",320.0
1291,11342,63,54,2026-07-26T14:19:47.828000+00:00,29.747,31.162,27.123,295.0,240.0,False,88.032,"[None, 2048, 2048, 2048, 2048, 2048, 2048]","[2048, 2048, 2048, 2048, 2048, 2048, 2048, 2048, 2048]","[2049, 2048, 2048, 2064, 2064, 2064]",322.0
1291,11342,43,53,2026-07-26T14:19:50.245000+00:00,29.761,31.465,24.886,285.0,233.0,False,86.112,"[None, 2048, 2048, 2048, 2048, 2048, 2048]","[2048, 2048, 2048, 2048, 2048, 2048, 2048, 2048, 2048]","[2048, 2048, 2048, 2048, 2048, 2048]",325.0
1291,11342,6,54,2026-07-26T14:19:54.960000+00:00,29.561,30.518,24.235,302.0,247.0,False,84.314,"[None, 2048, 2048, 2049, 2048, 2048, 2048]","[2048, 2048, 2048, 2048, 2048, 2048, 2048, 2048, 2048]","[2048, 2048, 2048, 2048, 2048, 2048]",321.0
1291,11342,31,53,2026-07-26T14:20:03.945000+00:00,30.141,31.653,24.863,287.0,237.0,False,86.657,"[None, 2048, 2048, 2048, 2048, 2048, 2048]","[2048, 2048, 2048, 2048, 2048, 2048, 2048, 2048, 2048]","[2048, 2048, 2048, 2048, 2048, 2048]",
1291,11342,23,53,2026-07-26T14:20:18.413000+00:00,29.975,32.053,25.019,288.0,229.0,False,87.047,"[None, 2048, 2048, 2048, 2048, 2048, 2048]","[2048, 2048, 2048, 2048, 2048, 2048, 2048, 2048, 2048]","[2048, 2048, 2048, 2048, 2048, 2048]",321.0
1291,11342,41,54,2026-07-26T14:20:23.866000+00:00,30.051,31.617,24.65,295.0,237.0,False,86.318,"[None, 2048, 2048, 2048, 2048, 2048, 2048]","[2048, 2048, 2048, 2048, 2048, 2048, 2048, 2048, 2048]","[2048, 2048, 2048, 2048, 2048, 2048]",
1291,11342,55,53,2026-07-26T14:20:25.866000+00:00,29.869,31.663,25.8,289.0,236.0,False,87.332,"[None, 2048, 2048, 2048, 2048, 2048, 2048]","[2049, 2048, 2049, 2048, 2048, 2048, 2048, 2048, 2048]","[2048, 2048, 2048, 2048, 2048, 2049]",
1291,11342,5,54,2026-07-26T14:20:27.507000+00:00,30.706,31.95,24.746,288.0,238.0,False,87.402,"[None, 2048, 2048, 2048, 2048, 2048, 2048]","[2048, 2048, 2048, 2048, 2048, 2048, 2048, 2048, 2048]","[2048, 2048, 2048, 2048, 2048, 2048]",
1291,11342,1,55,2026-07-26T14:20:27.913000+00:00,29.457,30.793,23.897,299.0,243.0,False,84.147,"[2051, 2048, 2048, 2048, 2048, 2048, 2048]","[2048, 2048, 2048, 2048, 2048, 2048, 2048, 2048, 2048]","[2048, 2048, 2048, 2048, 2048, 2051]",336.0
1291,11342,87,53,2026-07-26T14:20:30.038000+00:00,30.026,31.687,24.822,286.0,239.0,False,86.535,"[None, 2048, 2048, 2048, 2048, 2048, 2048]","[2048, 2048, 2048, 2048, 2048, 2048, 2049, 2048, 2048]","[2048, 2048, 2048, 2048, 2048, 2048]",
1291,11342,30,54,2026-07-26T14:20:32.788000+00:00,29.56,31.111,24.499,296.0,241.0,False,85.17,"[2048, 2048, 2048, 2048, 2048, 2048, 2049]","[2049, 2048, 2048, 2048, 2048, 2048, 2048, 2048, 2048]","[2048, 2048, 2048, 2048, 2048, 2049]",
1291,11342,27,54,2026-07-26T14:20:33.538000+00:00,29.626,31.3,24.513,290.0,241.0,False,85.439,"[None, 2048, 2048, 2048, 2048, 2048, 2048]","[2048, 2048, 2048, 2048, 2048, 2048, 2049, 2048, 2048]","[2049, 2048, 2048, 2048, 2048, 2048]",333.0
1291,11342,81,55,2026-07-26T14:20:40.241000+00:00,29.497,30.874,24.225,291.0,237.0,False,84.596,"[None, 2048, 2048, 2049, 2048, 2048, 2048]","[2048, 2048, 2048, 2048, 2049, 2048, 2048, 2048, 2048]","[2048, 2048, 2048, 2048, 2048, 2048]",
1291,11342,44,55,2026-07-26T14:20:42.213000+00:00,29.365,30.78,24.258,297.0,241.0,False,84.403,"[None, 2048, 2048, 2048, 2048, 2048, 2048]","[2048, 2048, 2048, 2048, 2048, 2048, 2048, 2048, 2048]","[2048, 2048, 2048, 2048, 2048, 2048]",
1291,11342,3,55,2026-07-26T14:20:45.104000+00:00,29.424,30.444,24.016,,243.0,False,83.884,"[None, 2048, 2048, 2048, 2048, 2048, 2048]","[2048, 2048, 2048, 2048, 2048, 2048, 2048, 2048, 2048]","[2048, 2048, 2048, 2048, 2048, 2048]",325.0
1291,11342,16,55,2026-07-26T14:20:52.760000+00:00,29.729,30.697,24.312,293.0,244.0,False,84.738,"[None, 2048, 2048, 2048, 2048, 2048, 2048]","[2051, 2048, 2048, 2048, 2048, 2048, 2048, 2048, 2048]","[2048, 2048, 2048, 2048, 2048, 2048]",
1291,11342,12,55,2026-07-26T14:20:56.620000+00:00,28.946,30.018,23.544,291.0,242.0,False,82.508,"[2048, 2048, 2049, 2048, 2049, 2049, 2049]","[2049, 2049, 2048, 2051, 2049, 2051, 2049, 2049, 2048]","[2048, 2048, 2048, 2049, 2049, 2051]",325.0
1291,11342,10,54,2026-07-26T14:21:00.463000+00:00,29.62,31.373,24.604,,236.0,False,85.597,"[None, 2048, 2048, 2048, 2048, 2048, 2048]","[2049, 2048, 2049, 2048, 2048, 2048, 2048, 2048, 2048]","[2048, 2048, 2048, 2048, 2048, 2048]",326.0
1291,11342,14,54,2026-07-26T14:21:05.698000+00:00,30.037,31.514,24.854,273.0,232.0,False,86.405,"[None, 2048, 2048, 2048, 2048, 2048, 2048]","[2048, 2048, 2048, 2048, 2048, 2048, 2048, 2048, 2048]","[2048, 2048, 2048, 2048, 2048, 2048]",317.0
1291,11342,18,54,2026-07-26T14:21:06.885000+00:00,29.959,31.279,24.567,,236.0,False,85.805,"[None, 2048, 2048, 2048, 2048, 2048, 2048]","[2048, 2048, 2048, 2048, 2048, 2048, 2048, 2048, 2048]","[2049, 2048, 2048, 2048, 2048, 2048]",322.0
1291,11342,63,55,2026-07-26T14:21:15.870000+00:00,48.995,30.532,24.145,293.0,244.0,True,103.672,"[2064, 2064, 2048, 2048, 2049, 2048, 2048]","[2048, 2048, 2049, 2048, 2049, 2049, 2048, 2049, 2049]","[2048, 2048, 2051, 2051, 2048, 2048]",
1291,11342,43,54,2026-07-26T14:21:16.370000+00:00,29.684,31.466,24.899,287.0,235.0,False,86.049,"[None, 2048, 2048, 2048, 2048, 2048, 2048]","[2048, 2048, 2048, 2048, 2048, 2048, 2048, 2048, 2048]","[2048, 2048, 2048, 2048, 2048, 2048]",323.0
1291,11342,6,55,2026-07-26T14:21:19.292000+00:00,29.505,30.502,24.253,,245.0,False,84.26,"[None, 2048, 2048, 2048, 2048, 2048, 2049]","[2048, 2048, 2048, 2048, 2048, 2048, 2048, 2048, 2048]","[2048, 2048, 2048, 2048, 2048, 2048]",
1291,11342,31,54,2026-07-26T14:21:30.682000+00:00,30.094,31.669,24.749,286.0,239.0,False,86.512,"[None, 2048, 2048, 2048, 2048, 2048, 2048]","[2048, 2048, 2048, 2049, 2048, 2048, 2048, 2048, 2048]","[2048, 2048, 2048, 2048, 2048, 2048]",
1291,11342,23,54,2026-07-26T14:21:45.396000+00:00,30.139,32.111,30.688,294.0,231.0,False,92.938,"[None, 2048, 2048, 2048, 2048, 2048, 2049]","[2048, 2048, 2048, 2048, 2048, 2048, 2048, 2049, 2049]","[2049, 2048, 2048, 2064, 2064, 2064]",
1291,11342,41,55,2026-07-26T14:21:50.240000+00:00,30.271,33.078,31.22,296.0,237.0,False,94.569,"[None, 2048, 2048, 2048, 2048, 2048, 2048]","[2048, 2048, 2048, 2048, 2048, 2048, 2048, 2048, 2048]","[2048, 2048, 2048, 2048, 2048, 2048]",323.0
1291,11342,1,56,2026-07-26T14:21:52.053000+00:00,29.483,31.064,31.797,297.0,244.0,False,92.344,"[2048, 2048, 2048, 2048, 2048, 2048, 2048]","[2048, 2048, 2048, 2048, 2048, 2048, 2048, 2048, 2048]","[2048, 2048, 2048, 2064, 2064, 2064]",325.0
1291,11342,55,54,2026-07-26T14:21:53.130000+00:00,29.97,31.863,32.296,286.0,234.0,False,94.129,"[2049, 2049, 2048, 2048, 2048, 2048, 2048]","[2048, 2048, 2048, 2048, 2048, 2048, 2048, 2048, 2048]","[2048, 2048, 2048, 2064, 2064, 2064]",334.0
1291,11342,5,55,2026-07-26T14:21:54.854000+00:00,29.896,31.835,32.632,298.0,237.0,False,94.363,"[None, 2048, 2048, 2048, 2048, 2048, 2048]","[2048, 2048, 2048, 2048, 2048, 2048, 2048, 2048, 2048]","[2048, 2048, 2048, 2048, 2048, 2048]",324.0
1291,11342,87,54,2026-07-26T14:21:56.585000+00:00,29.971,32.315,32.35,289.0,144.0,False,94.636,"[None, 2048, 2048, 2048, 2048, 2048, 2048]","[2048, 2048, 2048, 2048, 2048, 2048, 2048, 2048, 2048]","[2048, 2048, 2048, 2048, 2048, 2048]",
1291,11342,30,55,2026-07-26T14:21:58.052000+00:00,29.682,32.098,32.386,,122.0,False,94.166,"[2049, 2048, 2048, 2048, 2048, 2049, 2049]","[2048, 2048, 2048, 2048, 2048, 2048, 2048, 2048, 2048]","[2048, 2048, 2048, 2048, 2048, 2048]",326.0
1291,11342,27,55,2026-07-26T14:21:58.943000+00:00,29.541,32.85,31.948,298.0,103.0,False,94.339,"[2049, 2048, 2048, 2048, 2048, 2048, 2049]","[2048, 2048, 2048, 2048, 2048, 2048, 2048, 2048, 2048]","[2048, 2048, 2048, 2048, 2048, 2048]",
1291,11342,81,56,2026-07-26T14:22:04.954000+00:00,,,,,,False,,"[None, 0, 0, 0, 0, 0, 0]",,,322.0
1291,11342,44,56,2026-07-26T14:22:06.844000+00:00,29.638,36.659,30.011,295.0,215.0,False,96.308,"[None, 2048, 2048, 2048, 2048, 2048, 2048]","[2048, 2048, 2048, 2048, 2048, 2048, 2048, 2048, 2048]","[2048, 2048, 2048, 2064, 2064, 2064]",
1291,11342,3,56,2026-07-26T14:22:09.092000+00:00,29.795,36.281,31.392,297.0,216.0,False,97.468,"[None, 2048, 2048, 2049, 2048, 2048, 2048]","[2048, 2048, 2048, 2048, 2048, 2048, 2048, 2048, 2048]","[2048, 2048, 2048, 2048, 2048, 2048]",
1291,11342,16,56,2026-07-26T14:22:17.463000+00:00,29.95,39.116,31.021,281.0,191.0,False,100.087,"[None, 2048, 2048, 2048, 2048, 2048, 2048]","[2048, 2048, 2048, 2048, 2048, 2048, 2048, 2048, 2048]","[2048, 2048, 2048, 2064, 2064, 2064]",321.0
1291,11342,12,56,2026-07-26T14:22:19.025000+00:00,29.424,39.715,30.563,232.0,166.0,False,99.702,"[None, 2048, 2048, 2048, 2048, 2048, 2048]","[2048, 2048, 2048, 2048, 2048, 2048, 2048, 2048, 2048]","[2048, 2048, 2048, 2048, 2048, 2048]",327.0
1291,11342,10,55,2026-07-26T14:22:26.084000+00:00,30.211,40.038,31.934,280.0,203.0,False,102.183,"[None, 2048, 2048, 2048, 2048, 2048, 2048]","[2048, 2048, 2048, 2048, 2048, 2048, 2048, 2048, 2048]","[2048, 2048, 2048, 2064, 2064, 2064]",325.0
1291,11342,14,55,2026-07-26T14:22:32.242000+00:00,33.216,40.812,31.752,192.0,205.0,False,105.78,"[None, 2048, 2048, 2048, 2048, 2048, 2048]","[2048, 2048, 2048, 2048, 2048, 2048, 2048, 2048, 2048]","[2048, 2048, 2048, 2064, 2064, 2064]",
1291,11342,18,55,2026-07-26T14:22:32.633000+00:00,33.772,40.718,29.494,186.0,205.0,False,103.984,"[2049, 2048, 2048, 2048, 2048, 2048, 2048]","[2048, 2048, 2048, 2048, 2048, 2048, 2048, 2048, 2048]","[2048, 2048, 2048, 2048, 2048, 2048]",333.0
1291,11342,43,55,2026-07-26T14:22:42.375000+00:00,37.336,38.292,30.39,214.0,199.0,False,106.018,"[None, 2048, 2048, 2048, 2048, 2048, 2048]","[2048, 2048, 2048, 2048, 2048, 2048, 2048, 2048, 2048]","[2048, 2048, 2048, 2048, 2048, 2048]",
1291,11342,6,56,2026-07-26T14:22:43.554000+00:00,39.333,36.721,30.032,256.0,187.0,False,106.086,"[None, 2048, 2048, 2048, 2048, 2048, 2048]","[2048, 2048, 2048, 2048, 2048, 2048, 2048, 2048, 2048]","[2048, 2048, 2048, 2048, 2048, 2048]",325.0
1291,11342,31,55,2026-07-26T14:22:57.127000+00:00,46.284,34.798,25.85,234.0,211.0,False,106.932,"[None, 2048, 2048, 2048, 2048, 2048, 2048]","[2048, 2048, 2048, 2048, 2048, 2048, 2048, 2048, 2048]","[2048, 2048, 2048, 2048, 2048, 2048]",132.0
1291,11342,63,56,2026-07-26T14:22:59.596000+00:00,45.619,35.448,25.161,230.0,180.0,False,106.228,"[2048, 2048, 2048, 2048, 2048, 2048, 2048]","[2048, 2048, 2048, 2048, 2048, 2048, 2048, 2048, 2048]","[2048, 2048, 2048, 2048, 2049, 2049]",151.0
1291,11342,23,55,2026-07-26T14:23:18.308000+00:00,59.917,31.735,23.863,246.0,240.0,True,115.515,"[2064, 2064, 2048, 2048, 2048, 2048, 2048]","[2048, 2048, 2048, 2048, 2048, 2049, 2049, 2049, 2049]","[2049, 2049, 2049, 2049, 2049, 2049]",
1291,11342,1,57,2026-07-26T14:23:24.468000+00:00,57.46,30.552,23.042,271.0,249.0,True,111.054,"[2064, 2064, 2048, 2048, 2048, 2048, 2048]","[2048, 2048, 2048, 2048, 2048, 2049, 2051, 2048, 2051]","[2049, 2049, 2051, 2049, 2051, 2051]",
1291,11342,41,56,2026-07-26T14:23:24.713000+00:00,42.265,33.908,24.676,242.0,240.0,False,100.849,"[None, 2048, 2048, 2048, 2048, 2048, 2048]","[2048, 2048, 2048, 2048, 2048, 2048, 2048, 2048, 2048]","[2048, 2048, 2048, 2048, 2048, 2048]",207.0
1291,11342,55,55,2026-07-26T14:23:27.132000+00:00,56.008,31.925,23.817,255.0,239.0,True,111.75,"[2064, 2064, 2048, 2048, 2048, 2048, 2048]","[2048, 2048, 2049, 2048, 2048, 2049, 2049, 2049, 2049]","[2049, 2049, 2049, 2049, 2049, 2049]",
1291,11342,5,56,2026-07-26T14:23:29.226000+00:00,40.466,34.31,24.726,240.0,238.0,False,99.502,"[None, 2048, 2048, 2048, 2048, 2048, 2048]","[2048, 2048, 2048, 2048, 2048, 2048, 2048, 2048, 2048]","[2048, 2048, 2048, 2048, 2048]",247.0
1291,11342,87,55,2026-07-26T14:23:31.183000+00:00,40.594,34.044,25.507,204.0,238.0,False,100.145,"[None, 2048, 2048, 2048, 2048, 2048, 2048]","[2048, 2048, 2048, 2048, 2049, 2048, 2048, 2048, 2048]","[2048, 2048, 2048, 2048, 2048, 2048]",223.0
1291,11342,30,56,2026-07-26T14:23:32.158000+00:00,42.08,32.158,24.272,255.0,247.0,False,98.51,"[2048, 2048, 2048, 2048, 2048, 2048, 2048]","[2048, 2048, 2048, 2048, 2048, 2048, 2049, 2049, 2049]","[2051, 2048, 2048, 2048, 2048, 2048]",222.0
1291,11342,27,56,2026-07-26T14:23:33.242000+00:00,41.728,32.176,24.518,239.0,240.0,False,98.422,"[2048, 2048, 2048, 2048, 2048, 2048, 2048]","[2048, 2048, 2048, 2048, 2048, 2048, 2048, 2048, 2048]","[2049, 2048, 2048, 2048, 2048, 2048]",216.0
1291,11342,44,57,2026-07-26T14:23:42.988000+00:00,53.035,30.393,23.094,294.0,242.0,True,106.522,"[2064, 2064, 2048, 2048, 2048, 2048, 2048]","[2048, 2048, 2049, 2048, 2049, 2049, 2049, 2048, 2048]","[2049, 2051, 2049, 2048, 2049, 2049]",
1291,11342,3,57,2026-07-26T14:23:46.372000+00:00,39.803,30.861,23.804,211.0,247.0,False,94.468,"[None, 2048, 2048, 2048, 2048, 2048, 2048]","[2048, 2048, 2048, 2048, 2048, 2048, 2049, 2048, 2049]","[2049, 2048, 2048, 2048, 2048, 2048]",265.0
1291,11342,16,57,2026-07-26T14:23:57.520000+00:00,48.739,30.071,23.384,299.0,247.0,True,102.194,"[2064, 2064, 2048, 2048, 2049, 2048, 2049]","[2048, 2048, 2049, 2048, 2048, 2051, 2049, 2051, 2049]","[2049, 2049, 2049, 2049, 2049, 2049]",
1291,11342,12,57,2026-07-26T14:23:58.712000+00:00,37.758,30.945,23.518,282.0,244.0,False,92.221,"[None, 2048, 2048, 2048, 2048, 2048, 2048]","[2048, 2048, 2049, 2048, 2048, 2048, 2048, 2048, 2049]","[2049, 2048, 2049, 2048, 2048, 2048]",229.0
1291,11342,10,56,2026-07-26T14:24:08.300000+00:00,48.202,30.992,23.679,283.0,236.0,True,102.873,"[2064, 2064, 2048, 2048, 2049, 2048, 2048]","[2048, 2048, 2049, 2048, 2049, 2049, 2049, 2049, 2048]","[2049, 2049, 2049, 2049, 2049, 0]",
1291,11342,18,56,2026-07-26T14:24:16.554000+00:00,33.485,31.158,24.011,285.0,236.0,False,88.654,"[2048, 2048, 2048, 2048, 2048, 2048, 2049]","[2048, 2048, 2048, 2048, 2048, 2048, 2048, 2048, 2048]","[2048, 2048, 2048, 2048, 2049, 2048]",245.0
1291,11342,14,56,2026-07-26T14:24:17.960000+00:00,49.075,30.946,24.088,273.0,235.0,True,104.109,"[2064, 2064, 2048, 2049, 2049, 2049, 2048]","[2048, 2048, 2049, 2049, 2049, 2049, 2048, 2049, 2048]","[2048, 2049, 2048, 2049, 2048, 2049]",
1291,11342,43,56,2026-07-26T14:24:28.429000+00:00,30.257,31.933,25.529,287.0,204.0,False,87.719,"[None, 2048, 2048, 2048, 2048, 2048, 2048]","[2048, 2048, 2048, 2048, 2048, 2048, 2048, 2048, 2048]","[2048, 2048, 2048, 2048, 2048, 2048]",318.0
1291,11342,6,57,2026-07-26T14:24:29.600000+00:00,29.79,31.466,24.094,299.0,238.0,False,85.35,"[None, 2048, 2048, 2048, 2048, 2048, 2049]","[2048, 2048, 2048, 2048, 2048, 2048, 2048, 2048, 2048]","[2048, 2048, 2048, 2048, 2048, 2048]",323.0
1291,11342,31,56,2026-07-26T14:24:44.058000+00:00,30.997,32.243,24.653,212.0,238.0,False,87.893,"[None, 2048, 2048, 2048, 2048, 2048, 2048]","[2048, 2048, 2048, 2048, 2048, 2048, 2048, 2048, 2048]","[2048, 2048, 2048, 2048, 2048, 2048]",319.0
1291,11342,63,57,2026-07-26T14:24:45.667000+00:00,29.096,30.087,23.419,288.0,243.0,False,82.602,"[None, 2048, 2049, 2049, 2049, 2048, 2048]","[2048, 2048, 2049, 2051, 2049, 2049, 2049, 2049, 2048]","[2048, 2049, 2048, 2048, 2048, 2048]",325.0
1291,11342,41,57,2026-07-26T14:25:05.571000+00:00,30.073,31.77,24.625,291.0,242.0,False,86.468,"[None, 2048, 2048, 2048, 2048, 2048, 2048]","[2048, 2048, 2048, 2048, 2048, 2048, 2048, 2048, 2048]","[2048, 2048, 2048, 2048, 2048, 2048]",321.0
1291,11342,5,57,2026-07-26T14:25:08.601000+00:00,29.945,31.44,24.49,291.0,237.0,False,85.875,"[None, 2048, 2048, 2048, 2048, 2048, 2048]","[2048, 2048, 2048, 2048, 2048, 2048, 2048, 2048, 2048]","[2048, 2048, 2048, 2048, 2048, 2048]",320.0
1291,11342,30,57,2026-07-26T14:25:10.601000+00:00,29.71,30.994,24.307,294.0,242.0,False,85.011,"[None, 2048, 2048, 2048, 2048, 2049, 2048]","[2048, 2048, 2048, 2049, 2048, 2048, 2048, 2048, 2048]","[2048, 2048, 2048, 2048, 2048, 2048]",324.0
1291,11342,87,56,2026-07-26T14:25:11.210000+00:00,30.703,31.699,24.627,276.0,239.0,False,87.029,"[None, 2048, 2048, 2048, 2048, 2048, 2049]","[2048, 2048, 2048, 2048, 2048, 2048, 2049, 2048, 2048]","[2049, 2048, 2048, 2048, 2048, 2048]",334.0
1291,11342,27,57,2026-07-26T14:25:11.694000+00:00,29.485,31.126,24.265,302.0,240.0,False,84.876,"[2049, 2048, 2048, 2048, 2048, 2048, 2049]","[2048, 2048, 2048, 2048, 2048, 2048, 2049, 2048, 2048]","[2048, 2049, 2048, 2048, 2048, 2048]",339.0
1291,11342,23,56,2026-07-26T14:25:13.835000+00:00,29.399,32.598,24.112,291.0,234.0,False,86.109,"[2048, 2048, 2048, 2049, 2049, 2049, 2049]","[2048, 2048, 2048, 2048, 2048, 2048, 2048, 2048, 2048]","[2048, 2048, 2049, 2048, 2048, 2049]",324.0
1291,11342,1,58,2026-07-26T14:25:15.541000+00:00,28.891,30.257,23.78,283.0,244.0,False,82.928,"[2048, 2048, 2048, 2048, 2049, 2048, 2048]","[2048, 2049, 2048, 2048, 2048, 2048, 2048, 2048, 2048]","[2048, 2048, 2048, 2048, 2048, 2048]",326.0
1291,11342,55,56,2026-07-26T14:25:18.959000+00:00,29.488,31.073,24.303,292.0,240.0,False,84.864,"[2048, 2048, 2049, 2048, 2049, 2049, 2049]","[2049, 2049, 2049, 2048, 2049, 2049, 2048, 2049, 2049]","[2048, 2048, 2048, 2048, 2048, 2048]",323.0
1291,11342,3,58,2026-07-26T14:25:20.919000+00:00,29.227,30.489,23.936,302.0,246.0,False,83.652,"[None, 2048, 2048, 2048, 2048, 2048, 2049]","[2048, 2048, 2048, 2048, 2048, 2049, 2048, 2049, 2049]","[2048, 2048, 2048, 2048, 2048, 2048]",325.0
1291,11342,44,58,2026-07-26T14:25:29.569000+00:00,30.528,30.444,23.489,303.0,247.0,False,84.461,"[2048, 2048, 2048, 2048, 2048, 2048, 2049]","[2048, 2048, 2048, 2048, 2048, 2048, 2048, 2049, 2049]","[2049, 2048, 2048, 2048, 2048, 2048]",320.0
1291,11342,12,58,2026-07-26T14:25:30.976000+00:00,28.806,30.13,23.479,299.0,241.0,False,82.415,"[None, 2048, 2049, 2049, 2048, 2049, 2049]","[2048, 2048, 2048, 2048, 2049, 2048, 2048, 2049, 2048]","[2048, 2049, 2049, 2049, 2049]",327.0
1291,11342,16,58,2026-07-26T14:25:39.784000+00:00,28.807,29.754,23.439,292.0,249.0,False,82.0,"[2048, 2048, 2051, 2049, 2049, 2049, 2048]","[2048, 2048, 2048, 2049, 2049, 2051, 2048, 2051, 2051]","[2048, 2049, 2048, 2049, 2048, 2049]",320.0
1291,11342,18,57,2026-07-26T14:25:45.260000+00:00,29.588,30.858,24.272,276.0,236.0,False,84.718,"[None, 2048, 2048, 2048, 2048, 2049, 2048]","[2049, 2049, 2048, 2049, 2049, 2048, 2048, 2048, 2048]","[2048, 2048, 2048, 2048, 2048, 2048]",317.0
1291,11342,10,57,2026-07-26T14:25:51.045000+00:00,28.687,30.422,23.762,298.0,232.0,False,82.871,"[2048, 2048, 2049, 2049, 2051, 2049, 2051]","[2049, 2049, 2049, 2049, 2049, 2049, 2048, 2049, 2048]","[2048, 2049, 2048, 2048, 2048, 2048]",325.0
1291,11342,6,58,2026-07-26T14:25:54.978000+00:00,29.362,30.566,23.959,304.0,246.0,False,83.887,"[None, 2048, 2048, 2048, 2048, 2048, 2049]","[2048, 2048, 2048, 2048, 2048, 2048, 2048, 2048, 2048]","[2048, 2048, 2048, 2048, 2048, 2048]",317.0
1291,11342,43,57,2026-07-26T14:25:56.087000+00:00,29.765,31.909,24.642,281.0,234.0,False,86.316,"[None, 2048, 2048, 2048, 2048, 2048, 2048]","[2048, 2048, 2048, 2048, 2048, 2048, 2048, 2048, 2048]","[2048, 2048, 2049, 2048, 2048, 2048]",334.0
1291,11342,14,57,2026-07-26T14:26:02.023000+00:00,29.218,30.653,23.808,276.0,234.0,False,83.679,"[2048, 2048, 2049, 2048, 2049, 2049, 2048]","[2049, 2049, 2049, 2049, 2048, 2048, 2048, 2048, 2048]","[2048, 2048, 2049, 2049, 2048, 2049]",316.0
1291,11342,63,58,2026-07-26T14:26:08.312000+00:00,28.963,30.209,23.417,295.0,243.0,False,82.589,"[None, 2048, 2049, 2048, 2049, 2049, 2049]","[2048, 2049, 2048, 2048, 2048, 2048, 2048, 2049, 2048]","[2048, 2049, 2048, 2051, 2048, 2048]",322.0
1291,11342,31,57,2026-07-26T14:26:11.923000+00:00,29.79,31.723,24.499,288.0,237.0,False,86.012,"[None, 2048, 2048, 2048, 2048, 2049, 2048]","[2048, 2048, 2048, 2048, 2048, 2048, 2048, 2048, 2048]","[2048, 2048, 2048, 2048, 2048, 2049]",320.0
1291,11342,41,58,2026-07-26T14:26:32.125000+00:00,30.067,31.625,24.613,296.0,239.0,False,86.305,"[None, 2048, 2048, 2048, 2048, 2048, 2048]","[2048, 2048, 2048, 2048, 2048, 2048, 2048, 2048, 2048]","[2048, 2048, 2048, 2048, 2048, 2048]",318.0
1291,11342,5,58,2026-07-26T14:26:34.702000+00:00,29.641,31.933,24.629,294.0,237.0,False,86.203,"[None, 2048, 2048, 2048, 2048, 2048, 2048]","[2048, 2048, 2048, 2048, 2048, 2048, 2048, 2048, 2048]","[2048, 2048, 2048, 2048, 2048, 2048]",321.0
1291,11342,30,58,2026-07-26T14:26:35.869000+00:00,29.366,31.595,24.576,297.0,240.0,False,85.537,"[2049, 2048, 2048, 2048, 2048, 2049, 2049]","[2048, 2048, 2048, 2048, 2048, 2048, 2048, 2048, 2048]","[2048, 2048, 2048, 2049, 2048, 2048]",330.0
1291,11342,27,58,2026-07-26T14:26:36.539000+00:00,29.18,31.543,24.644,300.0,239.0,False,85.367,"[2048, 2048, 2048, 2048, 2048, 2049, 2049]","[2048, 2048, 2048, 2048, 2048, 2048, 2048, 2048, 2048]","[2048, 2048, 2048, 2048, 2048, 2048]",332.0
1291,11342,87,57,2026-07-26T14:26:38.312000+00:00,30.26,31.544,24.612,287.0,239.0,False,86.416,"[None, 2048, 2048, 2048, 2048, 2048, 2049]","[2048, 2049, 2048, 2048, 2048, 2048, 2048, 2048, 2048]","[2048, 2048, 2049, 2048, 2048, 2048]",324.0
1291,11342,1,59,2026-07-26T14:26:38.709000+00:00,29.341,30.357,23.973,295.0,242.0,False,83.671,"[None, 2048, 2048, 2048, 2048, 2048, 2049]","[2048, 2048, 2051, 2048, 2048, 2048, 2048, 2048, 2048]","[2048, 2048, 2048, 2048, 2048, 2048]",323.0
1291,11342,23,57,2026-07-26T14:26:39.854000+00:00,29.545,31.552,24.306,277.0,234.0,False,85.403,"[2049, 2048, 2049, 2049, 2048, 2048, 2048]","[2048, 2049, 2048, 2048, 2049, 2048, 2048, 2048, 2048]","[2048, 2048, 2048, 2049, 2048, 2048]",326.0
1291,11342,55,57,2026-07-26T14:26:43.725000+00:00,30.859,31.308,24.144,288.0,240.0,False,86.311,"[None, 2048, 2048, 2048, 2048, 2048, 2049]","[2048, 2048, 2049, 2048, 2048, 2048, 2049, 2048, 2048]","[2049, 2048, 2048, 2048, 2048, 2048]",322.0
1291,11342,3,59,2026-07-26T14:26:44.686000+00:00,29.425,30.261,23.797,301.0,246.0,False,83.483,"[None, 2048, 2048, 2048, 2048, 2048, 2048]","[2049, 2048, 2049, 2048, 2048, 2048, 2049, 2048, 2049]","[2048, 2048, 2048, 2048, 2048, 2048]",
1291,11342,12,59,2026-07-26T14:26:53.289000+00:00,28.715,30.118,23.594,301.0,241.0,False,82.427,"[None, 2048, 2049, 2049, 2048, 2048, 2049]","[2048, 2048, 2048, 2051, 2049, 2048, 2048, 2048, 2048]","[2048, 2048, 2048, 2048, 2048, 2048]",324.0
1291,11342,44,59,2026-07-26T14:26:54.132000+00:00,28.569,30.215,23.516,293.0,246.0,False,82.3,"[2049, 2048, 2049, 2051, 2049, 2049, 2048]","[2049, 2048, 2049, 2048, 2048, 2048, 2048, 2049, 2049]","[2048, 2048, 2048, 2048, 2049, 2049]",336.0
1291,11342,16,59,2026-07-26T14:27:01.772000+00:00,28.957,29.682,23.744,293.0,249.0,False,82.383,"[None, 2048, 2051, 2048, 2048, 2049, 2048]","[2051, 2051, 2048, 2048, 2049, 2048, 2048, 2048, 2048]","[2048, 2048, 2048, 2048, 2048, 2048]",
1291,11342,18,58,2026-07-26T14:27:09.933000+00:00,29.639,31.081,24.19,277.0,234.0,False,84.91,"[None, 2048, 2048, 2049, 2048, 2049, 2048]","[2048, 2048, 2048, 2049, 2048, 2048, 2048, 2048, 2048]","[2048, 2048, 2048, 2048, 2048, 2048]",316.0
1291,11342,10,58,2026-07-26T14:27:14.057000+00:00,28.843,30.566,23.938,290.0,239.0,False,83.347,"[None, 2048, 2048, 2049, 2048, 2048, 2048]","[2048, 2049, 2048, 2048, 2048, 2049, 2049, 2049, 2049]","[2049, 2048, 2048, 2048, 2048, 2048]",
1291,11342,6,59,2026-07-26T14:27:18.854000+00:00,29.312,30.553,24.021,307.0,248.0,False,83.886,"[None, 2048, 2048, 2049, 2048, 2049, 2049]","[2048, 2048, 2048, 2048, 2048, 2048, 2048, 2048, 2049]","[2048, 2048, 2048, 2048, 2048, 2048]",320.0
1291,11342,43,58,2026-07-26T14:27:22.448000+00:00,29.629,31.401,24.754,288.0,236.0,False,85.784,"[None, 2048, 2048, 2048, 2048, 2048, 2048]","[2048, 2048, 2048, 2048, 2048, 2048, 2049, 2048, 2048]","[2048, 2048, 2048, 2048, 2048, 2048]",324.0
1291,11342,14,58,2026-07-26T14:27:25.712000+00:00,29.368,30.437,23.906,281.0,242.0,False,83.711,"[None, 2048, 2049, 2048, 2048, 2048, 2049]","[2048, 2049, 2049, 2049, 2048, 2049, 2049, 2049, 2049]","[2048, 2048, 2048, 2048, 2049, 2049]",
1291,11342,63,59,2026-07-26T14:27:30.986000+00:00,29.061,30.099,23.55,298.0,245.0,False,82.71,"[None, 2048, 2048, 2048, 2048, 2049, 2049]","[2049, 2048, 2048, 2048, 2048, 2048, 2049, 2049, 2049]","[2048, 2048, 2048, 2048, 2048, 2048]",323.0
1291,11342,31,58,2026-07-26T14:27:37.941000+00:00,29.724,31.698,24.66,287.0,236.0,False,86.082,"[None, 2048, 2048, 2049, 2048, 2048, 2048]","[2048, 2048, 2048, 2048, 2048, 2048, 2048, 2048, 2048]","[2048, 2048, 2048, 2048, 2048, 2048]",
1291,11342,41,59,2026-07-26T14:27:58.412000+00:00,30.0,31.52,24.71,295.0,240.0,False,86.23,"[None, 2048, 2048, 2048, 2048, 2049, 2049]","[2049, 2048, 2048, 2048, 2048, 2048, 2048, 2048, 2048]","[2048, 2048, 2048, 2048, 2048, 2048]",321.0
1291,11342,5,59,2026-07-26T14:28:00.756000+00:00,30.616,33.315,25.157,241.0,237.0,False,89.088,"[None, 2048, 2048, 2048, 2048, 2048, 2048]","[2048, 2048, 2048, 2048, 2048, 2048, 2048, 2048, 2048]","[2048, 2048, 2048, 2048, 2048, 2048]",
1291,11342,30,59,2026-07-26T14:28:01.243000+00:00,29.269,31.1,25.586,295.0,238.0,False,85.955,"[None, 2049, 2048, 2048, 2048, 2049, 2049]","[2048, 2048, 2048, 2048, 2049, 2048, 2048, 2048, 2048]","[2048, 2048, 2048, 2048, 2048]",339.0
1291,11342,27,59,2026-07-26T14:28:01.945000+00:00,30.124,31.337,24.628,296.0,239.0,False,86.089,"[None, 2048, 2048, 2048, 2048, 2048, 2048]","[2048, 2048, 2048, 2048, 2048, 2048, 2049, 2048, 2048]","[2048, 2048, 2048, 2048, 2048, 2048]",305.0
1291,11342,1,60,2026-07-26T14:28:02.168000+00:00,29.179,30.782,23.655,296.0,242.0,False,83.616,"[None, 2048, 2048, 2048, 2048, 2048, 2048]","[2048, 2048, 2048, 2048, 2048, 2048, 2048, 2048, 2048]","[2048, 2048, 2048, 2048, 2048, 2048]",336.0
1291,11342,87,58,2026-07-26T14:28:04.774000+00:00,30.003,31.649,24.711,285.0,242.0,False,86.363,"[None, 2048, 2048, 2049, 2048, 2048, 2048]","[2048, 2049, 2048, 2048, 2048, 2048, 2048, 2048, 2048]","[2048, 2048, 2048, 2048, 2048, 2048]",323.0
1291,11342,23,58,2026-07-26T14:28:05.371000+00:00,29.603,32.025,24.582,274.0,230.0,False,86.21,"[None, 2049, 2048, 2048, 2048, 2049, 2048]","[2048, 2048, 2049, 2048, 2048, 2048, 2048, 2048, 2048]","[2048, 2048, 2048, 2048, 2048, 2048]",336.0
1291,11342,3,60,2026-07-26T14:28:08.106000+00:00,29.331,30.482,24.182,302.0,245.0,False,83.995,"[None, 2048, 2048, 2048, 2048, 2048, 2048]","[2048, 2048, 2048, 2048, 2048, 2048, 2049, 2048, 2048]","[2048, 2048, 2048, 2048, 2048, 2049]",321.0
1291,11342,55,58,2026-07-26T14:28:10.054000+00:00,29.559,31.164,24.203,293.0,237.0,False,84.926,"[None, 2048, 2048, 2048, 2048, 2048, 2048]","[2049, 2049, 2048, 2048, 2049, 2048, 2048, 2048, 2048]","[2048, 2048, 2048, 2048, 2048, 2048]",324.0
1291,11342,12,60,2026-07-26T14:28:15.855000+00:00,28.762,30.15,23.767,,242.0,False,82.679,"[None, 2048, 2048, 2049, 2048, 2048, 2049]","[2049, 2048, 2048, 2051, 2049, 2048, 2048, 2048, 2048]","[2048, 2048, 2048, 2048, 2048, 2048]",
1291,11342,44,60,2026-07-26T14:28:16.406000+00:00,29.523,30.575,23.734,282.0,245.0,False,83.832,"[None, 2049, 2048, 2051, 2048, 2048, 2048]","[2048, 2048, 2048, 2048, 2048, 2048, 2048, 2048, 2048]","[2048, 2048, 2048, 2048, 2048, 2048]",338.0
1291,11342,16,60,2026-07-26T14:28:24.147000+00:00,28.94,29.648,23.752,294.0,250.0,False,82.34,"[None, 2048, 2048, 2048, 2051, 2049, 2048]","[2048, 2051, 2048, 2049, 2048, 2048, 2048, 2048, 2051]","[2048, 2048, 2048, 2048, 2048, 2048]",321.0
1291,11342,18,59,2026-07-26T14:28:34.960000+00:00,29.581,30.997,24.492,276.0,236.0,False,85.07,"[None, 2048, 2048, 2048, 2048, 2049, 2048]","[2048, 2048, 2048, 2048, 2049, 2048, 2048, 2048, 2048]","[2048, 2048, 2048, 2048, 2048, 2048]",
1291,11342,10,59,2026-07-26T14:28:37.460000+00:00,28.862,30.76,24.0,296.0,239.0,False,83.622,"[None, 2048, 2048, 2048, 2048, 2048, 2048]","[2048, 2048, 2048, 2048, 2049, 2048, 2048, 2048, 2048]","[2048, 2048, 2048, 2048, 2048, 2048]",326.0
1291,11342,6,60,2026-07-26T14:28:42.866000+00:00,29.23,30.56,24.096,305.0,245.0,False,83.886,"[None, 2048, 2048, 2049, 2048, 2048, 2048]","[2048, 2048, 2048, 2048, 2048, 2048, 2048, 2048, 2048]","[2048, 2048, 2048, 2048, 2048, 2048]",
1291,11342,43,59,2026-07-26T14:28:48.241000+00:00,29.631,31.482,24.559,286.0,233.0,False,85.672,"[None, 2048, 2048, 2048, 2048, 2048, 2048]","[2048, 2048, 2048, 2048, 2048, 2048, 2049, 2049, 2048]","[2048, 2048, 2048, 2048, 2048, 2048]",323.0
1291,11342,14,59,2026-07-26T14:28:49.397000+00:00,29.398,31.362,23.988,282.0,241.0,False,84.748,"[None, 2048, 2048, 2048, 2048, 2048, 2049]","[2048, 2048, 2048, 2048, 2048, 2048, 2048, 2048, 2048]","[2048, 2048, 2048, 2048, 2049, 2049]",320.0
1291,11342,63,60,2026-07-26T14:28:53.616000+00:00,28.966,30.036,23.741,297.0,243.0,False,82.743,"[None, 2048, 2048, 2048, 2048, 2049, 2049]","[2049, 2049, 2048, 2048, 2048, 2048, 2048, 2048, 2048]","[2048, 2048, 2048, 2048, 2048, 2048]",325.0
1291,11342,31,59,2026-07-26T14:29:04.026000+00:00,29.937,31.834,24.557,291.0,237.0,False,86.328,"[None, 2048, 2048, 2048, 2048, 2048, 2048]","[2048, 2048, 2048, 2048, 2048, 2048, 2048, 2048, 2048]","[2048, 2048, 2048, 2048, 2048, 2048]",
1291,11342,41,60,2026-07-26T14:29:24.624000+00:00,30.517,32.285,24.61,258.0,239.0,False,87.412,"[None, 2048, 2048, 2048, 2048, 2048, 2048]","[2048, 2048, 2048, 2048, 2048, 2048, 2048, 2048, 2048]","[2049, 2048, 2048, 2048, 2048, 2048]",
1291,11342,1,61,2026-07-26T14:29:25.812000+00:00,29.267,29.852,23.443,293.0,247.0,False,82.562,"[None, 2048, 2048, 2048, 2048, 2048, 2048]","[2048, 2049, 2048, 2048, 2048, 2049, 2048, 2049, 2048]","[2048, 2048, 2048, 2048, 2048, 2048]",325.0
1291,11342,30,60,2026-07-26T14:29:27.031000+00:00,29.612,31.135,24.692,297.0,243.0,False,85.439,"[2048, 2048, 2048, 2048, 2048, 2048, 2049]","[2048, 2048, 2048, 2048, 2048, 2048, 2048, 2048, 2048]","[2048, 2048, 2048, 2048, 2048, 2048]",329.0
1291,11342,27,60,2026-07-26T14:29:27.968000+00:00,29.331,31.308,24.549,301.0,240.0,False,85.188,"[None, 2048, 2048, 2049, 2048, 2048, 2049]","[2048, 2048, 2048, 2048, 2048, 2048, 2048, 2048, 2048]","[2048, 2048, 2048, 2048, 2048, 2048]",331.0
1291,11342,5,60,2026-07-26T14:29:29.861000+00:00,29.979,31.917,25.787,293.0,231.0,False,87.683,"[None, 2048, 2048, 2048, 2048, 2048, 2048]","[2048, 2048, 2048, 2048, 2048, 2048, 2048, 2048, 2048]","[2048, 2048, 2048, 2048, 2048, 2048]",324.0
1291,11342,87,59,2026-07-26T14:29:31.177000+00:00,30.601,31.969,24.575,211.0,239.0,False,87.145,"[None, 2048, 2048, 2048, 2048, 2049, 2048]","[2048, 2048, 2048, 2048, 2048, 2048, 2048, 2048, 2048]","[2049, 2048, 2048, 2048, 2048, 2049]",326.0
1291,11342,23,59,2026-07-26T14:29:31.626000+00:00,30.754,31.867,24.681,276.0,229.0,False,87.302,"[None, 2048, 2048, 2048, 2048, 2048, 2048]","[2048, 2049, 2048, 2048, 2048, 2048, 2048, 2048, 2048]","[2048, 2048, 2048, 2048, 2048, 2048]",339.0
1291,11342,3,61,2026-07-26T14:29:32.168000+00:00,29.337,30.653,24.083,304.0,243.0,False,84.073,"[2051, 2048, 2048, 2048, 2048, 2048, 2049]","[2048, 2048, 2048, 2048, 2048, 2048, 2048, 2048, 2048]","[2048, 2048, 2048, 2048, 2048, 2048]",335.0
1291,11342,55,59,2026-07-26T14:29:35.012000+00:00,29.577,31.144,24.473,291.0,237.0,False,85.194,"[None, 2048, 2048, 2048, 2048, 2049, 2048]","[2048, 2048, 2048, 2048, 2048, 2049, 2049, 2048, 2048]","[2048, 2048, 2048, 2048, 2048, 2048]",
1291,11342,12,61,2026-07-26T14:29:38.541000+00:00,28.849,30.129,23.786,,243.0,False,82.764,"[None, 2048, 2048, 2048, 2048, 2048, 2048]","[2048, 2048, 2048, 2048, 2048, 2048, 2048, 2048, 2048]","[2048, 2048, 2048, 2048, 2048, 2048]",325.0
1291,11342,44,61,2026-07-26T14:29:40.259000+00:00,28.991,30.287,23.81,293.0,247.0,False,83.088,"[2048, 2048, 2048, 2048, 2048, 2048, 2048]","[2048, 2048, 2048, 2049, 2048, 2048, 2048, 2049, 2049]","[2048, 2048, 2048, 2048, 2048, 2048]",324.0
1291,11342,16,61,2026-07-26T14:29:46.541000+00:00,28.887,29.621,23.81,,250.0,False,82.318,"[None, 2048, 2048, 2048, 2048, 2048, 2048]","[2051, 2051, 2048, 2048, 2048, 2048, 2048, 2051, 2051]","[2048, 2048, 2048, 2048, 2048, 2048]",
1291,11342,18,60,2026-07-26T14:29:59.968000+00:00,29.893,31.094,24.421,275.0,236.0,False,85.408,"[None, 2048, 2048, 2049, 2048, 2048, 2048]","[2048, 2048, 2048, 2048, 2048, 2048, 2048, 2048, 2048]","[2048, 2048, 2048, 2048, 2048, 2048]",315.0
1291,11342,10,60,2026-07-26T14:30:01.054000+00:00,29.256,31.296,24.283,270.0,239.0,False,84.835,"[None, 2048, 2048, 2048, 2048, 2048, 2048]","[2048, 2048, 2048, 2048, 2048, 2048, 2048, 2048, 2048]","[2049, 2048, 2048, 2049, 2048, 2048]",329.0
1291,11342,6,61,2026-07-26T14:30:06.633000+00:00,29.218,30.607,24.389,303.0,244.0,False,84.214,"[None, 2048, 2048, 2049, 2048, 2048, 2048]","[2048, 2048, 2048, 2048, 2048, 2048, 2048, 2048, 2048]","[2048, 2048, 2048, 2048, 2048, 2048]",
1291,11342,43,60,2026-07-26T14:30:13.907000+00:00,30.443,31.948,26.113,280.0,212.0,False,88.504,"[None, 2048, 2048, 2048, 2048, 2048, 2048]","[2048, 2048, 2048, 2048, 2048, 2048, 2048, 2048, 2048]","[2048, 2048, 2048, 2048, 2048, 2048]",
1291,11342,14,60,2026-07-26T14:30:14.201000+00:00,29.414,30.579,24.086,279.0,241.0,False,84.079,"[None, 2048, 2048, 2048, 2048, 2048, 2048]","[2048, 2049, 2048, 2048, 2049, 2049, 2048, 2049, 2048]","[2048, 2048, 2048, 2048, 2048, 2048]",334.0
1291,11342,63,61,2026-07-26T14:30:16.388000+00:00,29.284,30.988,24.087,299.0,237.0,False,84.359,"[None, 2048, 2048, 2048, 2048, 2048, 2049]","[2048, 2048, 2048, 2048, 2048, 2048, 2048, 2048, 2048]","[2048, 2048, 2048, 2048, 2048, 2048]",
1291,11342,31,60,2026-07-26T14:30:30.339000+00:00,29.934,31.72,24.738,,237.0,False,86.392,"[None, 2048, 2048, 2048, 2048, 2048, 2048]","[2048, 2048, 2048, 2048, 2048, 2048, 2048, 2048, 2048]","[2048, 2048, 2048, 2048, 2048, 2048]",319.0
1291,11342,1,62,2026-07-26T14:30:48.306000+00:00,29.025,30.054,23.58,291.0,246.0,False,82.659,"[None, 2048, 2049, 2048, 2048, 2048, 2048]","[2048, 2048, 2048, 2048, 2048, 2048, 2048, 2048, 2048]","[2048, 2048, 2048, 2048, 2048, 2048]",321.0
1291,11342,41,61,2026-07-26T14:30:52.138000+00:00,30.489,31.997,24.901,290.0,242.0,False,87.387,"[None, 2048, 2048, 2048, 2048, 2048, 2048]","[2048, 2048, 2048, 2048, 2048, 2048, 2048, 2048, 2048]","[2048, 2048, 2048, 2048, 2048, 2048]",323.0
1291,11342,30,61,2026-07-26T14:30:52.544000+00:00,30.122,32.184,24.872,270.0,241.0,False,87.178,"[None, 2048, 2048, 2048, 2048, 2048, 2048]","[2048, 2048, 2048, 2048, 2048, 2048, 2048, 2048, 2048]","[2048, 2048, 2048, 2048, 2048, 2048]",332.0
1291,11342,27,61,2026-07-26T14:30:53.201000+00:00,29.759,32.612,25.566,263.0,234.0,False,87.937,"[None, 2048, 2048, 2048, 2048, 2048, 2048]","[2048, 2048, 2048, 2048, 2048, 2048, 2048, 2048, 2048]","[2048, 2048, 2048, 2048, 2048, 2048]",335.0
1291,11342,3,62,2026-07-26T14:30:56.185000+00:00,29.162,30.631,24.469,301.0,245.0,False,84.262,"[2048, 2048, 2048, 2048, 2048, 2048, 2048]","[2048, 2048, 2048, 2048, 2048, 2048, 2048, 2048, 2048]","[2048, 2048, 2048, 2048, 2048, 2048]",325.0
1291,11342,5,61,2026-07-26T14:30:57.705000+00:00,30.033,31.962,24.893,295.0,236.0,False,86.888,"[None, 2048, 2048, 2048, 2048, 2048, 2048]","[2048, 2048, 2048, 2048, 2048, 2048, 2048, 2048, 2048]","[2048, 2048, 2048, 2048, 2048, 2048]",332.0
1291,11342,87,60,2026-07-26T14:30:58.339000+00:00,29.926,31.96,25.025,291.0,241.0,False,86.911,"[2049, 2049, 2048, 2048, 2048, 2048, 2049]","[2048, 2048, 2048, 2048, 2048, 2048, 2048, 2048, 2048]","[2048, 2048, 2048, 2048, 2048, 2049]",336.0
1291,11342,23,60,2026-07-26T14:30:58.864000+00:00,29.627,32.115,25.138,282.0,229.0,False,86.88,"[2048, 2048, 2048, 2048, 2048, 2048, 2049]","[2048, 2048, 2048, 2048, 2048, 2048, 2048, 2048, 2048]","[2048, 2048, 2048, 2048, 2048, 2048]",338.0
1291,11342,55,60,2026-07-26T14:31:00.184000+00:00,31.142,32.592,24.656,278.0,236.0,False,88.39,"[None, 2048, 2048, 2048, 2048, 2048, 2048]","[2048, 2048, 2048, 2048, 2048, 2048, 2049, 2048, 2048]","[2048, 2048, 2048, 2048, 2048, 2048]",326.0
1291,11342,12,62,2026-07-26T14:31:01.280000+00:00,29.203,30.703,24.843,291.0,232.0,False,84.749,"[None, 2048, 2048, 2048, 2048, 2048, 2048]","[2048, 2048, 2048, 2048, 2048, 2048, 2048, 2048, 2048]","[2048, 2048, 2048, 2048, 2048, 2048]",329.0
1291,11342,44,62,2026-07-26T14:31:03.268000+00:00,28.93,30.292,24.069,299.0,245.0,False,83.291,"[None, 2048, 2049, 2048, 2048, 2048, 2048]","[2048, 2048, 2048, 2048, 2048, 2048, 2048, 2048, 2048]","[2048, 2048, 2048, 2048, 2048, 2048]",
1291,11342,16,62,2026-07-26T14:31:09.312000+00:00,28.838,29.816,24.007,296.0,250.0,False,82.661,"[None, 2048, 2048, 2048, 2048, 2049, 2049]","[2051, 2048, 2048, 2048, 2048, 2048, 2048, 2048, 2048]","[2048, 2048, 2048, 2048, 2048, 2048]",
1291,11342,18,61,2026-07-26T14:31:25.397000+00:00,30.21,31.616,24.574,282.0,234.0,False,86.4,"[None, 2048, 2048, 2048, 2048, 2048, 2049]","[2048, 2048, 2048, 2048, 2048, 2048, 2048, 2048, 2048]","[2048, 2048, 2048, 2048, 2048, 2048]",316.0
1291,11342,10,61,2026-07-26T14:31:25.882000+00:00,29.224,30.719,24.299,293.0,236.0,False,84.242,"[2049, 2048, 2048, 2049, 2048, 2048, 2048]","[2048, 2048, 2048, 2048, 2048, 2048, 2048, 2048, 2048]","[2048, 2048, 2048, 2048, 2048]",341.0
1291,11342,6,62,2026-07-26T14:31:30.895000+00:00,29.28,30.64,24.43,305.0,246.0,False,84.35,"[None, 2048, 2048, 2048, 2048, 2048, 2048]","[2048, 2048, 2048, 2048, 2048, 2048, 2048, 2048, 2048]","[2048, 2048, 2048, 2048, 2048, 2048]",
1291,11342,14,61,2026-07-26T14:31:38.230000+00:00,29.655,30.638,24.163,277.0,243.0,False,84.456,"[None, 2048, 2048, 2048, 2048, 2048, 2048]","[2048, 2048, 2048, 2048, 2048, 2049, 2049, 2049, 2049]","[2048, 2048, 2048, 2048, 2048, 2048]",316.0
1291,11342,63,62,2026-07-26T14:31:40.694000+00:00,29.179,30.359,23.999,297.0,242.0,False,83.537,"[None, 2048, 2048, 2049, 2048, 2048, 2048]","[2048, 2048, 2048, 2048, 2048, 2048, 2048, 2048, 2048]","[2048, 2048, 2048, 2048, 2048, 2048]",324.0
1291,11342,43,61,2026-07-26T14:31:42.413000+00:00,29.819,31.666,25.097,292.0,234.0,False,86.582,"[None, 2048, 2048, 2048, 2048, 2048, 2048]","[2048, 2048, 2048, 2048, 2048, 2048, 2048, 2048, 2048]","[2048, 2048, 2048, 2048, 2048, 2048]",326.0
1291,11342,31,61,2026-07-26T14:31:56.679000+00:00,29.971,31.571,24.712,287.0,237.0,False,86.254,"[None, 2048, 2048, 2048, 2048, 2048, 2048]","[2048, 2048, 2048, 2048, 2048, 2048, 2048, 2048, 2048]","[2048, 2048, 2048, 2048, 2048, 2048]",
1291,11342,1,63,2026-07-26T14:32:10.897000+00:00,28.844,30.232,23.646,290.0,245.0,False,82.722,"[None, 2048, 2049, 2049, 2048, 2048, 2048]","[2048, 2048, 2048, 2048, 2048, 2048, 2048, 2048, 2048]","[2048, 2048, 2048, 2049, 2048, 2048]",
1291,11342,41,62,2026-07-26T14:32:19.373000+00:00,30.867,32.718,25.114,250.0,236.0,False,88.699,"[None, 2048, 2048, 2048, 2048, 2048, 2048]","[2048, 2048, 2048, 2048, 2048, 2048, 2048, 2048, 2048]","[2048, 2048, 2048, 2048, 2048, 2048]",322.0
1291,11342,30,62,2026-07-26T14:32:19.756000+00:00,29.587,32.251,25.558,290.0,242.0,False,87.396,"[None, 2048, 2048, 2049, 2048, 2048, 2048]","[2048, 2048, 2048, 2048, 2048, 2048, 2049, 2048, 2048]","[2048, 2048, 2048, 2048, 2048, 2048]",333.0
1291,11342,3,63,2026-07-26T14:32:20.533000+00:00,29.729,30.318,24.019,302.0,247.0,False,84.066,"[None, 2048, 2048, 2048, 2048, 2048, 2048]","[2048, 2048, 2048, 2048, 2049, 2049, 2049, 2049, 2049]","[2048, 2048, 2048, 2048, 2048, 2048]",329.0
1291,11342,27,62,2026-07-26T14:32:21.213000+00:00,29.571,32.608,24.971,285.0,233.0,False,87.15,"[None, 2048, 2048, 2048, 2048, 2048, 2048]","[2048, 2048, 2048, 2048, 2048, 2048, 2048, 2048, 2048]","[2048, 2048, 2048, 2048, 2048, 2048]",333.0
1291,11342,5,62,2026-07-26T14:32:24.469000+00:00,29.92,32.33,26.088,294.0,216.0,False,88.338,"[None, 2048, 2048, 2048, 2048, 2048, 2048]","[2048, 2048, 2048, 2048, 2048, 2048, 2048, 2048, 2048]","[2048, 2048, 2048, 2048, 2048, 2048]",322.0
1291,11342,87,61,2026-07-26T14:32:25.142000+00:00,31.502,32.049,25.134,280.0,239.0,False,88.685,"[None, 2048, 2048, 2048, 2048, 2048, 2048]","[2048, 2048, 2048, 2048, 2048, 2048, 2048, 2048, 2048]","[2048, 2048, 2048, 2048, 2048, 2049]",337.0
1291,11342,23,61,2026-07-26T14:32:25.726000+00:00,31.322,32.197,25.102,264.0,233.0,False,88.621,"[None, 2048, 2048, 2048, 2048, 2048, 2048]","[2048, 2048, 2048, 2048, 2048, 2048, 2048, 2048, 2048]","[2048, 2048, 2048, 2048, 2048, 2048]",290.0
1291,11342,12,63,2026-07-26T14:32:26.054000+00:00,29.201,31.727,24.136,296.0,235.0,False,85.064,"[2051, 2048, 2048, 2048, 2048, 2048, 2048]","[2048, 2048, 2048, 2048, 2048, 2048, 2048, 2048, 2048]","[2048, 2048, 2048, 2048, 2048, 2048]",333.0
1291,11342,44,63,2026-07-26T14:32:26.572000+00:00,29.145,31.539,24.394,301.0,238.0,False,85.078,"[None, 2048, 2048, 2048, 2048, 2048, 2048]","[2048, 2048, 2048, 2048, 2048, 2048, 2048, 2048, 2048]","[2048, 2048, 2048, 2048, 2048, 2048]",335.0
1291,11342,55,61,2026-07-26T14:32:28.671000+00:00,29.949,31.609,25.981,292.0,237.0,False,87.539,"[None, 2048, 2048, 2048, 2048, 2048, 2048]","[2048, 2048, 2048, 2048, 2048, 2048, 2048, 2048, 2048]","[2048, 2048, 2048, 2048, 2048, 2048]",321.0
1291,11342,16,63,2026-07-26T14:32:31.545000+00:00,29.432,30.131,24.543,293.0,247.0,False,84.106,"[None, 2048, 2048, 2048, 2048, 2048, 2048]","[2048, 2048, 2048, 2048, 2048, 2048, 2048, 2048, 2048]","[2048, 2048, 2048, 2048, 2048, 2048]",322.0
1291,11342,10,62,2026-07-26T14:32:49.979000+00:00,29.465,30.772,24.343,,234.0,False,84.58,"[2048, 2048, 2048, 2048, 2048, 2048, 2048]","[2048, 2048, 2048, 2048, 2048, 2048, 2048, 2048, 2048]","[2048, 2048, 2048, 2048, 2048, 2048]",323.0
1291,11342,18,62,2026-07-26T14:32:51.739000+00:00,29.824,31.136,24.533,277.0,236.0,False,85.493,"[None, 2048, 2048, 2048, 2048, 2048, 2048]","[2048, 2048, 2048, 2048, 2048, 2048, 2049, 2048, 2048]","[2048, 2048, 2048, 2048, 2048, 2048]",318.0
1291,11342,6,63,2026-07-26T14:32:55.334000+00:00,29.406,30.675,24.623,304.0,245.0,False,84.704,"[None, 2048, 2048, 2048, 2048, 2048, 2048]","[2048, 2048, 2048, 2048, 2048, 2048, 2048, 2048, 2048]","[2048, 2048, 2048, 2048, 2048, 2048]",323.0
1291,11342,14,62,2026-07-26T14:33:02.679000+00:00,29.597,30.828,24.622,276.0,240.0,False,85.047,"[None, 2048, 2048, 2048, 2048, 2048, 2048]","[2048, 2049, 2048, 2048, 2048, 2048, 2048, 2048, 2048]","[2048, 2048, 2048, 2048, 2048, 2048]",
1291,11342,63,63,2026-07-26T14:33:04.288000+00:00,29.266,30.703,24.188,,243.0,False,84.157,"[None, 2048, 2048, 2049, 2048, 2048, 2048]","[2048, 2048, 2048, 2048, 2048, 2048, 2048, 2048, 2048]","[2048, 2048, 2048, 2048, 2048, 2048]",325.0
1291,11342,43,62,2026-07-26T14:33:08.991000+00:00,29.84,31.58,24.83,290.0,235.0,False,86.25,"[None, 2048, 2048, 2048, 2048, 2048, 2048]","[2048, 2048, 2048, 2048, 2048, 2048, 2048, 2048, 2048]","[2048, 2048, 2048, 2048, 2048, 2048]",324.0
1291,11342,31,62,2026-07-26T14:33:23.098000+00:00,29.801,31.595,24.493,284.0,238.0,False,85.889,"[None, 2048, 2048, 2048, 2049, 2048, 2048]","[2048, 2048, 2048, 2048, 2048, 2048, 2048, 2048, 2048]","[2048, 2048, 2049, 2048, 2048, 2048]",
1291,11342,1,64,2026-07-26T14:33:33.587000+00:00,28.858,30.187,23.446,291.0,246.0,False,82.491,"[None, 2048, 2048, 2048, 2048, 2048, 2048]","[2048, 2048, 2048, 2048, 2051, 2048, 2048, 2048, 2048]","[2048, 2048, 2048, 2051, 2048, 2048]",322.0
1291,11342,3,64,2026-07-26T14:33:44.493000+00:00,29.476,30.192,23.919,298.0,249.0,False,83.587,"[None, 2048, 2048, 2048, 2048, 2048, 2048]","[2048, 2049, 2049, 2048, 2048, 2048, 2048, 2048, 2049]","[2048, 2048, 2048, 2048, 2048, 2048]",319.0
1291,11342,30,63,2026-07-26T14:33:47.118000+00:00,30.243,30.931,24.248,281.0,245.0,False,85.422,"[None, 2048, 2048, 2048, 2048, 2048, 2048]","[2048, 2049, 2049, 2048, 2048, 2048, 2048, 2049, 2048]","[2048, 2048, 2048, 2048, 2049, 2049]",322.0
1291,11342,41,63,2026-07-26T14:33:48.196000+00:00,30.994,34.28,25.086,253.0,238.0,False,90.36,"[None, 2048, 2048, 2049, 2048, 2048, 2048]","[2048, 2048, 2048, 2048, 2048, 2048, 2048, 2048, 2048]","[2048, 2048, 2048, 2048, 2048, 2048]",334.0
1291,11342,27,63,2026-07-26T14:33:48.571000+00:00,30.654,31.202,24.451,279.0,240.0,False,86.307,"[2049, 2048, 2048, 2048, 2048, 2048, 2048]","[2048, 2048, 2048, 2048, 2048, 2048, 2048, 2048, 2048]","[2048, 2048, 2048, 2048, 2048, 2048]",341.0
1291,11342,12,64,2026-07-26T14:33:50.998000+00:00,29.209,30.84,23.864,290.0,244.0,False,83.913,"[2048, 2048, 2048, 2048, 2048, 2048, 2048]","[2048, 2048, 2048, 2048, 2048, 2048, 2048, 2048, 2049]","[2048, 2048, 2048, 2048, 2048, 2049]",325.0
1291,11342,44,64,2026-07-26T14:33:51.724000+00:00,29.012,30.965,23.865,295.0,245.0,False,83.842,"[None, 2048, 2048, 2048, 2048, 2048, 2048]","[2048, 2048, 2048, 2048, 2048, 2048, 2048, 2048, 2048]","[2048, 2048, 2048, 2048, 2048, 2048]",
1291,11342,5,63,2026-07-26T14:33:52.874000+00:00,29.879,31.99,24.906,292.0,236.0,False,86.775,"[None, 2048, 2048, 2048, 2048, 2048, 2048]","[2048, 2048, 2048, 2048, 2048, 2048, 2048, 2048, 2048]","[2048, 2048, 2048, 2048, 2048, 2048]",334.0
1291,11342,87,62,2026-07-26T14:33:53.905000+00:00,30.059,31.681,25.363,291.0,241.0,False,87.103,"[2048, 2048, 2048, 2048, 2048, 2048, 2048]","[2048, 2048, 2048, 2048, 2048, 2048, 2048, 2048, 2048]","[2048, 2048, 2048, 2048, 2048, 2048]",326.0
1291,11342,23,62,2026-07-26T14:33:54.385000+00:00,29.986,32.745,24.464,277.0,236.0,False,87.195,"[2049, 2048, 2048, 2048, 2048, 2048, 2048]","[2048, 2048, 2048, 2048, 2048, 2048, 2048, 2048, 2048]","[2048, 2048, 2048, 2048, 2048, 2049]",339.0
1291,11342,16,64,2026-07-26T14:33:55.687000+00:00,29.249,31.091,24.23,298.0,247.0,False,84.57,"[None, 2048, 2048, 2048, 2048, 2048, 2049]","[2048, 2048, 2048, 2048, 2048, 2048, 2048, 2048, 2048]","[2048, 2048, 2048, 2048, 2048, 2048]",325.0
1291,11342,55,62,2026-07-26T14:33:56.168000+00:00,29.947,31.817,24.687,288.0,238.0,False,86.451,"[2049, 2048, 2048, 2048, 2048, 2048, 2048]","[2048, 2048, 2048, 2048, 2048, 2048, 2048, 2048, 2048]","[2048, 2048, 2048, 2048, 2048, 2048]",338.0
1291,11342,10,63,2026-07-26T14:34:14.629000+00:00,29.26,30.989,24.495,291.0,233.0,False,84.744,"[None, 2048, 2048, 2048, 2048, 2048, 2048]","[2048, 2048, 2048, 2048, 2048, 2048, 2048, 2048, 2048]","[2048, 2048, 2048, 2048, 2048, 2048]",
1291,11342,18,63,2026-07-26T14:34:17.341000+00:00,29.801,31.223,24.38,274.0,235.0,False,85.404,"[None, 2048, 2048, 2048, 2048, 2048, 2048]","[2048, 2048, 2048, 2048, 2048, 2048, 2048, 2048, 2048]","[2048, 2048, 2048, 2048, 2048, 2048]",317.0
1291,11342,6,64,2026-07-26T14:34:19.972000+00:00,29.58,30.99,24.416,300.0,245.0,False,84.986,"[None, 2048, 2048, 2048, 2048, 2048, 2048]","[2048, 2048, 2048, 2048, 2048, 2048, 2048, 2048, 2048]","[2048, 2048, 2048, 2048, 2048, 2048]",320.0
1291,11342,14,63,2026-07-26T14:34:27.769000+00:00,31.164,30.984,24.052,293.0,242.0,False,86.2,"[None, 2048, 2048, 2048, 2048, 2048, 2049]","[2048, 2048, 2048, 2048, 2048, 2048, 2048, 2048, 2048]","[2049, 2048, 2048, 2048, 2048, 2048]",279.0
1291,11342,63,64,2026-07-26T14:34:28.441000+00:00,29.286,30.453,23.928,296.0,245.0,False,83.667,"[None, 2048, 2048, 2048, 2048, 2048, 2048]","[2048, 2048, 2048, 2048, 2048, 2048, 2049, 2049, 2049]","[2049, 2048, 2048, 2048, 2048, 2048]",330.0
1291,11342,43,63,2026-07-26T14:34:35.191000+00:00,29.613,31.43,24.892,287.0,234.0,False,85.935,"[None, 2048, 2048, 2048, 2048, 2048, 2048]","[2048, 2048, 2048, 2048, 2048, 2048, 2048, 2048, 2048]","[2048, 2048, 2048, 2048, 2048, 2048]",322.0
1291,11342,31,63,2026-07-26T14:34:48.988000+00:00,30.053,31.504,24.583,283.0,240.0,False,86.14,"[None, 2048, 2048, 2048, 2048, 2048, 2048]","[2048, 2049, 2048, 2048, 2048, 2049, 2048, 2049, 2049]","[2048, 2048, 2048, 2048, 2048, 2048]",318.0
1291,11342,1,65,2026-07-26T14:34:56.253000+00:00,29.178,30.345,23.581,,246.0,False,83.104,"[None, 2048, 2048, 2048, 2048, 2048, 2048]","[2048, 2048, 2048, 2048, 2048, 2048, 2048, 2048, 2048]","[2048, 2048, 2048, 2048, 2048, 2048]",319.0
1291,11342,3,65,2026-07-26T14:35:08.150000+00:00,29.267,30.186,23.992,295.0,246.0,False,83.445,"[None, 2048, 2048, 2048, 2048, 2048, 2048]","[2048, 2048, 2048, 2048, 2049, 2048, 2048, 2048, 2048]","[2048, 2048, 2048, 2048, 2048, 2048]",322.0
1291,11342,30,64,2026-07-26T14:35:12.526000+00:00,29.303,30.343,24.254,290.0,245.0,False,83.9,"[None, 2048, 2048, 2048, 2049, 2048, 2048]","[2049, 2049, 2049, 2049, 2049, 2049, 2049, 2048, 2048]","[2048, 2048, 2048, 2048, 2048, 2048]",
1291,11342,27,64,2026-07-26T14:35:14.525000+00:00,30.723,31.334,24.188,293.0,238.0,False,86.245,"[2048, 2048, 2048, 2048, 2048, 2048, 2048]","[2048, 2048, 2048, 2048, 2049, 2048, 2048, 2048, 2048]","[2048, 2048, 2048, 2049, 2048, 2049]",321.0
1291,11342,12,65,2026-07-26T14:35:15.226000+00:00,29.032,30.125,23.81,291.0,243.0,False,82.967,"[2051, 2049, 2048, 2048, 2048, 2048, 2048]","[2048, 2048, 2048, 2048, 2049, 2049, 2048, 2048, 2048]","[2048, 2048, 2048, 2048, 2048, 2048]",341.0
1291,11342,44,65,2026-07-26T14:35:15.512000+00:00,28.94,30.406,23.685,297.0,246.0,False,83.031,"[None, 2048, 2048, 2048, 2048, 2048, 2048]","[2048, 2048, 2048, 2049, 2048, 2048, 2048, 2049, 2048]","[2048, 2048, 2048, 2049, 2048, 2048]",337.0
1291,11342,41,64,2026-07-26T14:35:18.630000+00:00,30.319,32.876,24.895,291.0,240.0,False,88.09,"[None, 2048, 2048, 2048, 2048, 2048, 2048]","[2048, 2048, 2048, 2048, 2048, 2048, 2048, 2048, 2048]","[2048, 2048, 2048, 2048, 2048, 2048]",324.0
1291,11342,5,64,2026-07-26T14:35:19.557000+00:00,30.645,32.363,25.145,290.0,234.0,False,88.153,"[None, 2048, 2048, 2048, 2048, 2048, 2048]","[2048, 2048, 2048, 2048, 2048, 2048, 2048, 2048, 2048]","[2048, 2048, 2048, 2048, 2048, 2048]",324.0
1291,11342,16,65,2026-07-26T14:35:20.117000+00:00,,30.238,23.876,,250.0,False,83.363,"[2049, 2048, 2048, 2048, 2048, 2049, 2049]","[2048, 2048, 2048, 2048, 2048, 2048, 2048, 2051, 2048]","[2048, 2048, 2048, 2048, 2048, 2048]",336.0
1291,11342,87,63,2026-07-26T14:35:21.025000+00:00,30.001,32.12,25.263,290.0,233.0,False,87.384,"[None, 2048, 2048, 2048, 2048, 2048, 2049]","[2048, 2048, 2048, 2048, 2048, 2048, 2048, 2048, 2048]","[2048, 2048, 2048, 2048, 2048, 2049]",335.0
1291,11342,23,63,2026-07-26T14:35:21.533000+00:00,29.83,32.079,25.361,279.0,229.0,False,87.27,"[2048, 2048, 2048, 2048, 2048, 2048, 2048]","[2048, 2048, 2049, 2048, 2048, 2048, 2048, 2048, 2048]","[2048, 2048, 2048, 2048, 2048, 2048]",329.0
1291,11342,55,63,2026-07-26T14:35:22.602000+00:00,29.852,31.731,24.921,290.0,233.0,False,86.504,"[2048, 2049, 2048, 2048, 2048, 2048, 2048]","[2048, 2048, 2048, 2048, 2048, 2048, 2048, 2048, 2048]","[2048, 2048, 2048, 2048, 2048, 2048]",334.0
1291,11342,10,64,2026-07-26T14:35:39.387000+00:00,29.173,30.827,24.12,292.0,238.0,False,84.12,"[None, 2048, 2048, 2048, 2048, 2048, 2048]","[2048, 2048, 2048, 2048, 2048, 2048, 2048, 2048, 2048]","[2048, 2048, 2048, 2048, 2048, 2048]",
1291,11342,18,64,2026-07-26T14:35:42.676000+00:00,29.667,31.149,24.316,277.0,237.0,False,85.132,"[None, 2048, 2048, 2048, 2048, 2048, 2048]","[2048, 2048, 2048, 2048, 2048, 2048, 2048, 2048, 2048]","[2048, 2048, 2048, 2048, 2048, 2048]",316.0
1291,11342,6,65,2026-07-26T14:35:44.995000+00:00,29.342,30.796,24.371,303.0,242.0,False,84.509,"[None, 2048, 2048, 2048, 2048, 2048, 2048]","[2048, 2048, 2048, 2048, 2048, 2048, 2048, 2048, 2048]","[2048, 2048, 2048, 2048, 2048, 2048]",324.0
1291,11342,63,65,2026-07-26T14:35:52.134000+00:00,29.229,30.185,23.804,297.0,243.0,False,83.218,"[None, 2048, 2048, 2048, 2048, 2048, 2048]","[2048, 2048, 2049, 2048, 2048, 2048, 2048, 2048, 2048]","[2048, 2048, 2048, 2048, 2048, 2048]",322.0
1291,11342,14,64,2026-07-26T14:35:53.989000+00:00,29.542,30.476,24.015,279.0,243.0,False,84.033,"[None, 2048, 2048, 2048, 2048, 2048, 2048]","[2049, 2049, 2048, 2048, 2048, 2048, 2048, 2048, 2049]","[2048, 2048, 2048, 2048, 2048, 2048]",318.0
1291,11342,43,64,2026-07-26T14:36:01.167000+00:00,29.58,31.724,25.007,294.0,235.0,False,86.311,"[None, 2048, 2048, 2048, 2048, 2048, 2048]","[2048, 2048, 2048, 2048, 2048, 2048, 2048, 2048, 2048]","[2048, 2048, 2048, 2048, 2048, 2048]",323.0
1291,11342,31,64,2026-07-26T14:36:15.100000+00:00,29.912,31.549,24.604,285.0,239.0,False,86.065,"[None, 2048, 2048, 2048, 2048, 2048, 2048]","[2048, 2048, 2048, 2048, 2048, 2048, 2048, 2049, 2048]","[2048, 2048, 2048, 2048, 2048, 2048]",319.0
1291,11342,1,66,2026-07-26T14:36:19.242000+00:00,28.927,30.282,23.692,292.0,242.0,False,82.901,"[None, 2048, 2048, 2048, 2048, 2048, 2048]","[2048, 2048, 2051, 2048, 2048, 2048, 2048, 2048, 2048]","[2048, 2048, 2048, 2048, 2048, 2048]",323.0
1291,11342,3,66,2026-07-26T14:36:31.604000+00:00,29.159,30.429,23.845,299.0,246.0,False,83.433,"[None, 2048, 2048, 2049, 2048, 2048, 2048]","[2049, 2048, 2048, 2048, 2048, 2048, 2048, 2048, 2048]","[2048, 2048, 2048, 2048, 2048, 2048]",
1291,11342,30,65,2026-07-26T14:36:36.557000+00:00,29.137,33.301,24.491,297.0,241.0,False,86.929,"[None, 2048, 2048, 2048, 2049, 2048, 2048]","[2048, 2048, 2048, 2048, 2048, 2048, 2048, 2048, 2048]","[2048, 2048, 2048, 2048, 2048, 2048]",
1291,11342,12,66,2026-07-26T14:36:37.932000+00:00,28.952,30.341,23.769,295.0,243.0,False,83.062,"[2048, 2048, 2048, 2048, 2048, 2048, 2048]","[2048, 2048, 2048, 2048, 2048, 2048, 2048, 2048, 2048]","[2048, 2048, 2048, 2048, 2048, 2048]",327.0
1291,11342,44,66,2026-07-26T14:36:38.525000+00:00,28.867,30.416,24.118,300.0,247.0,False,83.401,"[None, 2048, 2048, 2048, 2048, 2048, 2048]","[2048, 2048, 2048, 2048, 2048, 2048, 2048, 2048, 2048]","[2048, 2048, 2048, 2048, 2048, 2048]",336.0
1291,11342,27,65,2026-07-26T14:36:40.791000+00:00,29.263,31.127,24.116,296.0,238.0,False,84.506,"[None, 2048, 2048, 2048, 2048, 2048, 2048]","[2048, 2048, 2048, 2048, 2049, 2049, 2048, 2048, 2048]","[2048, 2048, 2048, 2048, 2048, 2049]",323.0
1291,11342,16,66,2026-07-26T14:36:43.494000+00:00,28.956,30.204,23.767,299.0,247.0,False,82.927,"[2048, 2048, 2048, 2049, 2048, 2048, 2048]","[2048, 2048, 2048, 2048, 2048, 2048, 2048, 2048, 2048]","[2048, 2048, 2048, 2048, 2048, 2048]",323.0
1291,11342,41,65,2026-07-26T14:36:46.601000+00:00,30.255,32.08,24.969,295.0,240.0,False,87.304,"[None, 2048, 2048, 2048, 2048, 2048, 2048]","[2048, 2048, 2048, 2048, 2048, 2048, 2048, 2048, 2048]","[2048, 2048, 2048, 2048, 2048, 2048]",325.0
1291,11342,5,65,2026-07-26T14:36:47.755000+00:00,29.918,32.172,24.921,288.0,234.0,False,87.011,"[None, 2048, 2048, 2048, 2048, 2048, 2048]","[2048, 2048, 2048, 2048, 2048, 2048, 2048, 2048, 2048]","[2048, 2048, 2048, 2048, 2048, 2048]",
1291,11342,87,64,2026-07-26T14:36:48.358000+00:00,29.816,32.174,25.045,292.0,237.0,False,87.035,"[2049, 2048, 2048, 2048, 2048, 2048, 2048]","[2048, 2048, 2048, 2048, 2048, 2048, 2048, 2048, 2048]","[2048, 2048, 2048, 2048, 2049, 2048]",339.0
1291,11342,23,64,2026-07-26T14:36:48.800000+00:00,29.998,32.15,24.946,276.0,226.0,False,87.094,"[2049, 2048, 2048, 2048, 2048, 2048, 2048]","[2048, 2048, 2048, 2048, 2048, 2048, 2048, 2048, 2048]","[2048, 2048, 2048, 2048, 2048, 2048]",340.0
1291,11342,55,64,2026-07-26T14:36:49.067000+00:00,30.198,32.212,24.951,284.0,234.0,False,87.361,"[2049, 2049, 2048, 2048, 2048, 2048, 2048]","[2048, 2048, 2048, 2048, 2048, 2048, 2048, 2048, 2048]","[2048, 2048, 2048, 2048, 2048, 2048]",345.0
1291,11342,10,65,2026-07-26T14:37:03.612000+00:00,29.334,30.85,24.204,291.0,236.0,False,84.388,"[None, 2048, 2048, 2048, 2048, 2048, 2048]","[2048, 2048, 2048, 2048, 2049, 2048, 2048, 2048, 2048]","[2048, 2048, 2048, 2048, 2048, 2048]",325.0
1291,11342,18,65,2026-07-26T14:37:07.854000+00:00,31.717,31.586,24.194,288.0,235.0,False,87.497,"[None, 2048, 2048, 2048, 2048, 2048, 2049]","[2048, 2048, 2048, 2048, 2048, 2048, 2048, 2048, 2048]","[2048, 2048, 2048, 2048, 2048, 2048]",318.0
1291,11342,6,66,2026-07-26T14:37:09.400000+00:00,29.469,30.793,24.262,,243.0,False,84.524,"[None, 2048, 2048, 2048, 2048, 2048, 2048]","[2048, 2048, 2048, 2048, 2048, 2048, 2048, 2048, 2048]","[2048, 2048, 2048, 2048, 2048, 2048]",323.0
1291,11342,63,66,2026-07-26T14:37:15.275000+00:00,29.064,30.212,23.667,296.0,243.0,False,82.943,"[None, 2048, 2048, 2049, 2048, 2048, 2048]","[2048, 2048, 2048, 2048, 2048, 2048, 2049, 2048, 2048]","[2048, 2048, 2048, 2048, 2048, 2048]",323.0
1291,11342,14,65,2026-07-26T14:37:18.057000+00:00,29.766,30.853,24.063,,241.0,False,84.682,"[None, 2048, 2048, 2048, 2048, 2048, 2048]","[2048, 2048, 2048, 2048, 2048, 2048, 2048, 2048, 2048]","[2048, 2048, 2048, 2048, 2048, 2048]",317.0
1291,11342,43,65,2026-07-26T14:37:27.465000+00:00,29.711,31.858,24.983,292.0,233.0,False,86.552,"[None, 2048, 2048, 2048, 2048, 2048, 2048]","[2048, 2048, 2048, 2048, 2048, 2048, 2048, 2048, 2048]","[2048, 2048, 2048, 2048, 2048, 2048]",
1291,11342,31,65,2026-07-26T14:37:41.135000+00:00,31.665,31.647,24.604,291.0,238.0,False,87.916,"[None, 2048, 2048, 2048, 2048, 2048, 2049]","[2048, 2048, 2048, 2048, 2048, 2048, 2049, 2048, 2048]","[2049, 2048, 2048, 2048, 2048, 2048]",257.0
1291,11342,1,67,2026-07-26T14:37:42.244000+00:00,29.261,30.223,23.532,290.0,242.0,False,83.016,"[None, 2048, 2048, 2048, 2048, 2048, 2048]","[2048, 2048, 2048, 2048, 2051, 2048, 2048, 2048, 2048]","[2048, 2048, 2048, 2048, 2048, 2048]",324.0
1291,11342,3,67,2026-07-26T14:37:54.963000+00:00,29.398,30.36,23.909,,248.0,False,83.667,"[None, 2048, 2048, 2048, 2048, 2048, 2048]","[2048, 2048, 2048, 2048, 2048, 2048, 2048, 2048, 2048]","[2048, 2048, 2048, 2048, 2048, 2048]",318.0
1291,11342,12,67,2026-07-26T14:38:01.081000+00:00,29.04,30.193,23.708,291.0,244.0,False,82.941,"[None, 2048, 2048, 2048, 2048, 2048, 2048]","[2048, 2048, 2048, 2048, 2048, 2048, 2048, 2048, 2049]","[2048, 2048, 2048, 2048, 2048, 2048]",324.0
1291,11342,44,67,2026-07-26T14:38:01.881000+00:00,29.0,30.362,23.895,297.0,247.0,False,83.257,"[None, 2048, 2048, 2048, 2048, 2048, 2048]","[2048, 2048, 2048, 2048, 2048, 2048, 2048, 2048, 2048]","[2048, 2048, 2048, 2048, 2048, 2048]",331.0
1291,11342,30,66,2026-07-26T14:38:03.400000+00:00,29.337,30.75,24.322,300.0,244.0,False,84.409,"[None, 2048, 2048, 2048, 2048, 2048, 2048]","[2049, 2048, 2048, 2048, 2049, 2048, 2048, 2048, 2048]","[2048, 2048, 2048, 2048, 2048, 2048]",325.0
1291,11342,27,66,2026-07-26T14:38:05.426000+00:00,30.554,31.742,24.176,236.0,240.0,False,86.472,"[None, 2048, 2048, 2048, 2048, 2048, 2048]","[2048, 2048, 2048, 2048, 2048, 2048, 2048, 2048, 2048]","[2048, 2048, 2048, 2048, 2048, 2048]",
1291,11342,16,67,2026-07-26T14:38:06.484000+00:00,29.176,30.073,24.046,301.0,249.0,False,83.295,"[None, 2048, 2048, 2048, 2048, 2048, 2048]","[2048, 2048, 2048, 2048, 2048, 2048, 2048, 2048, 2048]","[2048, 2048, 2048, 2048, 2048, 2048]",326.0
1291,11342,41,66,2026-07-26T14:38:13.868000+00:00,30.365,32.111,25.004,294.0,241.0,False,87.48,"[None, 2048, 2048, 2048, 2048, 2048, 2048]","[2048, 2048, 2048, 2048, 2048, 2048, 2048, 2048, 2048]","[2048, 2048, 2048, 2048, 2048, 2048]",323.0
1291,11342,5,66,2026-07-26T14:38:14.791000+00:00,29.985,32.355,25.003,,234.0,False,87.343,"[None, 2048, 2048, 2048, 2048, 2048, 2048]","[2048, 2048, 2048, 2048, 2048, 2048, 2048, 2048, 2048]","[2048, 2048, 2048, 2048, 2048, 2048]",332.0
1291,11342,87,65,2026-07-26T14:38:15.354000+00:00,29.862,32.295,25.131,290.0,241.0,False,87.288,"[2048, 2048, 2048, 2048, 2048, 2048, 2048]","[2048, 2048, 2048, 2048, 2048, 2048, 2048, 2048, 2048]","[2048, 2048, 2048, 2048, 2048, 2049]",
1291,11342,23,65,2026-07-26T14:38:15.983000+00:00,29.882,32.33,24.947,277.0,226.0,False,87.159,"[2048, 2049, 2048, 2048, 2048, 2048, 2048]","[2048, 2048, 2048, 2048, 2048, 2048, 2048, 2048, 2048]","[2048, 2048, 2048, 2048, 2048, 2048]",337.0
1291,11342,55,65,2026-07-26T14:38:16.550000+00:00,30.078,32.211,24.896,286.0,235.0,False,87.185,"[2048, 2048, 2048, 2048, 2048, 2048, 2048]","[2048, 2048, 2048, 2048, 2048, 2048, 2048, 2048, 2048]","[2048, 2048, 2048, 2048, 2048, 2048]",338.0
1291,11342,10,66,2026-07-26T14:38:27.932000+00:00,29.363,30.932,24.538,294.0,237.0,False,84.833,"[None, 2048, 2048, 2048, 2048, 2048, 2048]","[2048, 2048, 2048, 2048, 2048, 2048, 2048, 2048, 2048]","[2048, 2048, 2048, 2048, 2048, 2048]",
1291,11342,6,67,2026-07-26T14:38:33.941000+00:00,29.351,30.551,24.308,,245.0,False,84.21,"[None, 2048, 2048, 2048, 2048, 2048, 2048]","[2048, 2048, 2048, 2048, 2048, 2048, 2048, 2048, 2048]","[2048, 2048, 2048, 2048, 2048, 2048]",321.0
1291,11342,18,66,2026-07-26T14:38:35.300000+00:00,29.744,31.292,24.325,277.0,237.0,False,85.361,"[None, 2048, 2048, 2048, 2048, 2048, 2048]","[2048, 2048, 2048, 2048, 2048, 2048, 2048, 2048, 2048]","[2048, 2048, 2048, 2048, 2048, 2049]",320.0
1291,11342,63,67,2026-07-26T14:38:38.282000+00:00,29.162,30.191,23.902,301.0,244.0,False,83.255,"[None, 2048, 2048, 2048, 2048, 2048, 2048]","[2049, 2048, 2048, 2048, 2048, 2048, 2048, 2048, 2048]","[2048, 2048, 2048, 2048, 2048, 2048]",325.0
1291,11342,14,66,2026-07-26T14:38:42.635000+00:00,29.557,30.528,24.204,280.0,243.0,False,84.289,"[None, 2048, 2048, 2048, 2048, 2048, 2048]","[2048, 2048, 2049, 2048, 2048, 2048, 2048, 2048, 2048]","[2048, 2048, 2048, 2048, 2048, 2048]",316.0
1291,11342,43,66,2026-07-26T14:38:54.039000+00:00,30.059,32.124,25.258,298.0,235.0,False,87.441,"[None, 2048, 2048, 2048, 2048, 2048, 2048]","[2048, 2048, 2048, 2048, 2048, 2048, 2048, 2048, 2048]","[2048, 2048, 2048, 2048, 2048, 2048]",
1291,11342,1,68,2026-07-26T14:39:05.268000+00:00,28.987,30.17,23.639,295.0,246.0,False,82.796,"[None, 2048, 2048, 2048, 2048, 2048, 2048]","[2048, 2048, 2048, 2048, 2048, 2048, 2048, 2048, 2048]","[2048, 2048, 2048, 2048, 2048, 2048]",322.0
1291,11342,31,66,2026-07-26T14:39:08.980000+00:00,30.024,31.629,24.517,287.0,239.0,False,86.17,"[None, 2048, 2048, 2048, 2048, 2048, 2048]","[2048, 2048, 2048, 2048, 2048, 2048, 2048, 2048, 2048]","[2048, 2048, 2048, 2048, 2048, 2048]",321.0
1291,11342,3,68,2026-07-26T14:39:18.600000+00:00,29.296,30.263,23.918,298.0,247.0,False,83.477,"[None, 2048, 2048, 2048, 2048, 2048, 2048]","[2048, 2048, 2048, 2049, 2048, 2048, 2048, 2048, 2048]","[2048, 2048, 2048, 2048, 2048, 2048]",323.0
1291,11342,12,68,2026-07-26T14:39:23.975000+00:00,29.024,30.062,23.964,295.0,244.0,False,83.05,"[None, 2048, 2048, 2048, 2048, 2048, 2048]","[2048, 2048, 2048, 2048, 2048, 2049, 2048, 2048, 2049]","[2048, 2048, 2048, 2048, 2048, 2048]",322.0
1291,11342,44,68,2026-07-26T14:39:25.268000+00:00,29.022,30.242,23.864,291.0,248.0,False,83.128,"[None, 2048, 2048, 2048, 2048, 2048, 2048]","[2048, 2049, 2048, 2048, 2048, 2048, 2048, 2049, 2049]","[2048, 2048, 2048, 2048, 2048, 2048]",333.0
1291,11342,30,67,2026-07-26T14:39:27.902000+00:00,29.275,31.113,25.682,298.0,198.0,False,86.07,"[None, 2048, 2048, 2048, 2048, 2048, 2048]","[2048, 2048, 2048, 2048, 2048, 2048, 2048, 2048, 2048]","[2048, 2048, 2048, 2048, 2048, 2048]",324.0
1291,11342,16,68,2026-07-26T14:39:29.821000+00:00,29.163,29.953,23.811,299.0,249.0,False,82.927,"[None, 2048, 2048, 2048, 2048, 2048, 2048]","[2048, 2048, 2048, 2048, 2048, 2048, 2048, 2048, 2048]","[2048, 2048, 2048, 2048, 2048, 2048]",323.0
1291,11342,27,67,2026-07-26T14:39:31.753000+00:00,29.193,30.812,23.959,300.0,242.0,False,83.964,"[None, 2048, 2048, 2048, 2048, 2048, 2048]","[2048, 2049, 2048, 2048, 2049, 2048, 2048, 2048, 2048]","[2048, 2048, 2048, 2048, 2048, 2048]",
1291,11342,41,67,2026-07-26T14:39:41.439000+00:00,30.497,32.062,25.157,295.0,235.0,False,87.716,"[None, 2048, 2048, 2048, 2048, 2048, 2048]","[2048, 2048, 2048, 2048, 2048, 2048, 2048, 2048, 2048]","[2048, 2048, 2048, 2048, 2048, 2048]",322.0
1291,11342,5,67,2026-07-26T14:39:42.112000+00:00,30.195,32.387,25.103,,234.0,False,87.685,"[None, 2049, 2048, 2048, 2048, 2048, 2048]","[2048, 2048, 2048, 2048, 2048, 2048, 2048, 2048, 2048]","[2048, 2048, 2048, 2048, 2048, 2048]",
1291,11342,87,66,2026-07-26T14:39:42.625000+00:00,29.974,32.511,25.157,282.0,239.0,False,87.642,"[2049, 2048, 2048, 2048, 2048, 2048, 2048]","[2048, 2048, 2048, 2048, 2048, 2048, 2048, 2048, 2048]","[2048, 2048, 2048, 2048, 2048, 2048]",
1291,11342,23,66,2026-07-26T14:39:43.012000+00:00,29.962,32.563,25.175,279.0,226.0,False,87.7,"[None, 2048, 2048, 2048, 2048, 2048, 2048]","[2048, 2048, 2048, 2048, 2048, 2048, 2048, 2048, 2048]","[2048, 2048, 2048, 2048, 2048, 2048]",340.0
1291,11342,55,66,2026-07-26T14:39:43.668000+00:00,30.055,32.449,24.89,292.0,235.0,False,87.394,"[None, 2048, 2048, 2048, 2048, 2048, 2048]","[2048, 2048, 2048, 2048, 2048, 2048, 2048, 2048, 2048]","[2048, 2048, 2048, 2048, 2048, 2049]",339.0
1291,11342,10,67,2026-07-26T14:39:52.694000+00:00,29.491,30.878,24.5,296.0,234.0,False,84.869,"[None, 2048, 2048, 2048, 2048, 2048, 2048]","[2049, 2048, 2048, 2048, 2048, 2048, 2048, 2048, 2048]","[2048, 2048, 2048, 2048, 2048, 2048]",
1291,11342,6,68,2026-07-26T14:39:58.119000+00:00,29.324,30.532,24.267,,244.0,False,84.123,"[None, 2048, 2048, 2048, 2048, 2048, 2048]","[2048, 2048, 2048, 2048, 2048, 2049, 2048, 2048, 2048]","[2048, 2048, 2048, 2048, 2048, 2048]",323.0
1291,11342,18,67,2026-07-26T14:40:00.619000+00:00,31.064,31.533,24.392,281.0,236.0,False,86.989,"[None, 2048, 2048, 2048, 2048, 2048, 2048]","[2048, 2048, 2048, 2048, 2048, 2048, 2048, 2048, 2048]","[2049, 2048, 2048, 2048, 2048, 2048]",319.0
1291,11342,63,68,2026-07-26T14:40:01.525000+00:00,29.515,30.247,23.886,,243.0,False,83.648,"[2049, 2048, 2048, 2048, 2048, 2048, 2048]","[2048, 2048, 2048, 2048, 2048, 2048, 2049, 2048, 2048]","[2048, 2048, 2048, 2048, 2048, 2048]",335.0
1291,11342,14,67,2026-07-26T14:40:06.958000+00:00,29.754,30.635,24.295,,244.0,False,84.684,"[None, 2048, 2048, 2048, 2048, 2048, 2048]","[2048, 2048, 2048, 2048, 2049, 2049, 2048, 2049, 2049]","[2048, 2048, 2048, 2048, 2048, 2048]",
1291,11342,43,67,2026-07-26T14:40:21.462000+00:00,30.773,32.422,25.367,276.0,231.0,False,88.562,"[None, 2048, 2048, 2048, 2048, 2048, 2048]","[2048, 2048, 2048, 2048, 2048, 2048, 2048, 2048, 2048]","[2048, 2048, 2048, 2048, 2048, 2048]",310.0
1291,11342,1,69,2026-07-26T14:40:27.931000+00:00,29.079,30.457,23.828,,247.0,False,83.364,"[None, 2048, 2048, 2048, 2048, 2048, 2048]","[2048, 2048, 2048, 2048, 2048, 2048, 2048, 2048, 2048]","[2048, 2048, 2048, 2048, 2048, 2048]",323.0
1291,11342,31,67,2026-07-26T14:40:35.253000+00:00,29.966,31.551,24.677,,238.0,False,86.194,"[None, 2048, 2048, 2048, 2048, 2048, 2048]","[2048, 2048, 2048, 2048, 2048, 2049, 2048, 2048, 2048]","[2048, 2048, 2048, 2048, 2048, 2048]",320.0
1291,11342,3,69,2026-07-26T14:40:42.150000+00:00,29.285,30.337,24.087,303.0,246.0,False,83.709,"[None, 2048, 2048, 2048, 2048, 2048, 2048]","[2048, 2048, 2048, 2048, 2049, 2048, 2048, 2048, 2048]","[2048, 2048, 2048, 2048, 2048, 2048]",
1291,11342,12,69,2026-07-26T14:40:46.925000+00:00,29.117,30.141,23.956,296.0,243.0,False,83.214,"[None, 2048, 2048, 2048, 2048, 2048, 2048]","[2048, 2048, 2048, 2048, 2048, 2048, 2048, 2048, 2048]","[2048, 2048, 2048, 2048, 2048, 2048]",325.0
1291,11342,44,69,2026-07-26T14:40:48.413000+00:00,28.911,30.334,23.933,293.0,248.0,False,83.178,"[None, 2048, 2048, 2048, 2048, 2048, 2048]","[2048, 2048, 2048, 2048, 2048, 2048, 2048, 2049, 2049]","[2048, 2048, 2048, 2048, 2048, 2048]",325.0
1291,11342,16,69,2026-07-26T14:40:52.725000+00:00,29.011,29.777,24.215,,249.0,False,83.003,"[None, 2048, 2048, 2048, 2048, 2048, 2048]","[2048, 2048, 2048, 2048, 2048, 2048, 2048, 2048, 2048]","[2048, 2048, 2048, 2048, 2048, 2048]",322.0
1291,11342,30,68,2026-07-26T14:40:53.882000+00:00,29.373,30.692,24.38,301.0,244.0,False,84.445,"[None, 2048, 2048, 2048, 2048, 2048, 2048]","[2048, 2048, 2048, 2048, 2048, 2048, 2049, 2048, 2048]","[2048, 2048, 2048, 2048, 2048, 2048]",331.0
1291,11342,27,68,2026-07-26T14:40:55.852000+00:00,29.253,30.86,24.145,302.0,240.0,False,84.258,"[None, 2048, 2048, 2049, 2048, 2048, 2048]","[2048, 2049, 2048, 2049, 2048, 2048, 2048, 2048, 2048]","[2048, 2048, 2048, 2048, 2048, 2049]",324.0
1291,11342,41,68,2026-07-26T14:41:09.163000+00:00,30.446,32.385,25.258,293.0,236.0,False,88.089,"[None, 2048, 2048, 2048, 2048, 2048, 2048]","[2048, 2048, 2048, 2048, 2048, 2048, 2048, 2048, 2048]","[2048, 2048, 2048, 2048, 2048, 2048]",
1291,11342,5,68,2026-07-26T14:41:09.726000+00:00,30.237,32.564,25.222,291.0,234.0,False,88.023,"[None, 2048, 2048, 2048, 2048, 2048, 2048]","[2048, 2048, 2048, 2048, 2048, 2048, 2048, 2048, 2048]","[2048, 2048, 2048, 2048, 2048, 2048]",
1291,11342,87,67,2026-07-26T14:41:10.335000+00:00,30.176,32.536,25.188,271.0,236.0,False,87.9,"[None, 2048, 2048, 2048, 2048, 2048, 2048]","[2048, 2048, 2048, 2048, 2048, 2048, 2048, 2048, 2048]","[2048, 2048, 2048, 2048, 2048, 2048]",338.0
1291,11342,23,67,2026-07-26T14:41:10.819000+00:00,30.106,32.655,25.12,275.0,228.0,False,87.881,"[None, 2049, 2048, 2048, 2048, 2048, 2048]","[2048, 2048, 2048, 2048, 2048, 2048, 2048, 2048, 2048]","[2048, 2048, 2048, 2048, 2048, 2048]",339.0
1291,11342,55,67,2026-07-26T14:41:11.069000+00:00,30.766,32.393,25.026,276.0,233.0,False,88.185,"[2051, 2051, 2048, 2048, 2048, 2048, 2048]","[2048, 2048, 2048, 2048, 2048, 2048, 2048, 2048, 2048]","[2048, 2048, 2048, 2048, 2048, 2048]",346.0
1291,11342,10,68,2026-07-26T14:41:17.632000+00:00,29.537,31.026,24.506,288.0,237.0,False,85.069,"[None, 2048, 2048, 2048, 2048, 2048, 2048]","[2048, 2048, 2048, 2048, 2048, 2048, 2048, 2048, 2048]","[2048, 2048, 2048, 2048, 2048, 2048]",326.0
1291,11342,6,69,2026-07-26T14:41:22.301000+00:00,29.312,30.627,24.093,304.0,243.0,False,84.032,"[None, 2048, 2048, 2048, 2048, 2048, 2048]","[2048, 2048, 2048, 2048, 2048, 2048, 2048, 2048, 2048]","[2048, 2048, 2048, 2048, 2048, 2048]",322.0
1291,11342,63,69,2026-07-26T14:41:25.097000+00:00,29.147,30.441,23.978,,243.0,False,83.566,"[2048, 2048, 2048, 2048, 2048, 2048, 2048]","[2048, 2048, 2048, 2048, 2048, 2048, 2048, 2048, 2048]","[2048, 2048, 2048, 2048, 2048, 2048]",325.0
1291,11342,18,68,2026-07-26T14:41:27.704000+00:00,29.731,31.219,24.457,279.0,233.0,False,85.407,"[None, 2048, 2048, 2048, 2048, 2048, 2048]","[2048, 2048, 2048, 2048, 2048, 2048, 2048, 2048, 2048]","[2048, 2048, 2048, 2048, 2048, 2048]",320.0
1291,11342,14,68,2026-07-26T14:41:31.740000+00:00,29.694,30.691,24.264,,242.0,False,84.649,"[None, 2048, 2048, 2048, 2048, 2048, 2048]","[2048, 2048, 2048, 2048, 2049, 2048, 2049, 2048, 2048]","[2048, 2048, 2048, 2048, 2048, 2048]",318.0
1291,11342,43,68,2026-07-26T14:41:50.016000+00:00,31.65,32.235,24.911,275.0,235.0,False,88.796,"[None, 2048, 2048, 2048, 2048, 2048, 2048]","[2048, 2048, 2048, 2048, 2048, 2048, 2048, 2048, 2048]","[2049, 2048, 2048, 2048, 2048, 2048]",323.0
1291,11342,1,70,2026-07-26T14:41:51.382000+00:00,29.105,30.486,24.034,293.0,244.0,False,83.625,"[None, 2048, 2048, 2048, 2048, 2048, 2048]","[2048, 2048, 2048, 2048, 2048, 2048, 2048, 2048, 2048]","[2048, 2048, 2048, 2048, 2048, 2048]",326.0
1291,11342,31,68,2026-07-26T14:42:01.525000+00:00,29.946,31.562,24.899,291.0,239.0,False,86.407,"[None, 2048, 2048, 2048, 2048, 2048, 2048]","[2048, 2048, 2048, 2048, 2049, 2048, 2048, 2048, 2048]","[2048, 2048, 2048, 2048, 2048, 2048]",321.0
1291,11342,3,70,2026-07-26T14:42:05.842000+00:00,29.425,30.537,24.258,300.0,245.0,False,84.22,"[None, 2048, 2048, 2048, 2048, 2048, 2048]","[2048, 2048, 2048, 2048, 2048, 2048, 2048, 2048, 2048]","[2048, 2048, 2048, 2048, 2048, 2048]",324.0
1291,11342,12,70,2026-07-26T14:42:10.164000+00:00,29.053,30.514,23.905,300.0,239.0,False,83.472,"[None, 2048, 2048, 2048, 2048, 2048, 2048]","[2048, 2048, 2048, 2048, 2048, 2048, 2048, 2048, 2048]","[2048, 2048, 2048, 2048, 2048, 2048]",
1291,11342,44,70,2026-07-26T14:42:11.539000+00:00,28.917,30.223,23.89,303.0,245.0,False,83.03,"[None, 2048, 2048, 2048, 2048, 2048, 2048]","[2049, 2049, 2048, 2048, 2048, 2048, 2048, 2048, 2048]","[2049, 2048, 2048, 2048, 2048, 2048]",
1291,11342,16,70,2026-07-26T14:42:15.756000+00:00,29.124,29.949,24.025,296.0,247.0,False,83.098,"[None, 2048, 2048, 2048, 2048, 2048, 2048]","[2048, 2048, 2048, 2048, 2048, 2048, 2048, 2048, 2048]","[2048, 2048, 2048, 2048, 2048]",323.0
1291,11342,30,69,2026-07-26T14:42:18.314000+00:00,29.542,30.783,24.348,303.0,241.0,False,84.673,"[None, 2048, 2048, 2048, 2048, 2048, 2048]","[2048, 2048, 2048, 2048, 2048, 2048, 2048, 2048, 2048]","[2048, 2048, 2048, 2048, 2048, 2048]",325.0
1291,11342,27,69,2026-07-26T14:42:19.998000+00:00,29.536,31.24,24.523,300.0,238.0,False,85.299,"[None, 2048, 2048, 2048, 2048, 2048, 2048]","[2048, 2048, 2048, 2048, 2048, 2048, 2048, 2048, 2048]","[2048, 2048, 2048, 2048, 2048, 2048]",
1291,11342,41,69,2026-07-26T14:42:37.233000+00:00,30.48,33.078,25.278,284.0,238.0,False,88.836,"[None, 2048, 2048, 2049, 2048, 2048, 2048]","[2048, 2048, 2048, 2048, 2048, 2048, 2048, 2048, 2048]","[2048, 2048, 2048, 2048, 2048, 2048]",
1291,11342,5,69,2026-07-26T14:42:37.795000+00:00,30.113,33.4,25.673,290.0,233.0,False,89.186,"[None, 2048, 2048, 2048, 2048, 2048, 2048]","[2048, 2048, 2048, 2048, 2048, 2048, 2048, 2048, 2048]","[2048, 2048, 2048, 2048, 2048, 2048]",
1291,11342,87,68,2026-07-26T14:42:38.139000+00:00,30.338,33.073,25.549,,238.0,False,88.96,"[None, 2048, 2048, 2048, 2048, 2048, 2048]","[2048, 2048, 2048, 2048, 2048, 2048, 2048, 2048, 2048]","[2048, 2048, 2048, 2048, 2048, 2048]",340.0
1291,11342,23,68,2026-07-26T14:42:38.670000+00:00,30.234,33.03,25.739,273.0,228.0,False,89.003,"[2049, 2048, 2048, 2048, 2048, 2048, 2048]","[2048, 2048, 2048, 2048, 2048, 2048, 2048, 2048, 2048]","[2048, 2048, 2048, 2048, 2048, 2048]",341.0
1291,11342,55,68,2026-07-26T14:42:39.327000+00:00,30.216,32.896,25.578,280.0,233.0,False,88.69,"[2048, 2048, 2048, 2048, 2048, 2048, 2048]","[2048, 2048, 2048, 2048, 2048, 2048, 2048, 2048, 2048]","[2048, 2048, 2048, 2048, 2048, 2048]",339.0
1291,11342,10,69,2026-07-26T14:42:42.780000+00:00,29.316,31.481,24.905,285.0,232.0,False,85.702,"[None, 2048, 2048, 2048, 2048, 2048, 2048]","[2048, 2048, 2048, 2048, 2048, 2048, 2048, 2048, 2048]","[2048, 2048, 2048, 2048, 2048, 2048]",327.0
1291,11342,6,70,2026-07-26T14:42:46.272000+00:00,29.27,30.574,24.278,307.0,244.0,False,84.122,"[None, 2049, 2048, 2048, 2048, 2048, 2048]","[2048, 2048, 2048, 2048, 2048, 2048, 2048, 2048, 2048]","[2048, 2048, 2048, 2048, 2048, 2049]",325.0
1291,11342,63,70,2026-07-26T14:42:48.774000+00:00,29.12,30.525,24.114,307.0,240.0,False,83.759,"[None, 2048, 2048, 2049, 2048, 2048, 2049]","[2048, 2048, 2048, 2048, 2048, 2048, 2048, 2048, 2048]","[2049, 2048, 2048, 2048, 2048, 2048]",327.0
1291,11342,18,69,2026-07-26T14:42:53.100000+00:00,29.757,31.358,24.635,285.0,235.0,False,85.75,"[None, 2048, 2048, 2048, 2048, 2048, 2048]","[2048, 2048, 2048, 2048, 2048, 2048, 2048, 2048, 2048]","[2048, 2048, 2048, 2048, 2048, 2048]",
1291,11342,14,69,2026-07-26T14:42:56.288000+00:00,29.607,30.7,24.406,288.0,240.0,False,84.713,"[None, 2048, 2048, 2048, 2048, 2048, 2048]","[2048, 2048, 2048, 2049, 2049, 2048, 2048, 2048, 2048]","[2048, 2048, 2048, 2048, 2048, 2048]",320.0
