meeting_key,session_key,driver_number,lap_number,date_start,duration_sector_1,duration_sector_2,duration_sector_3,i1_speed,i2_speed,is_pit_out_lap,lap_duration,segments_sector_1,segments_sector_2,segments_sector_3,st_speed
1287,11307,63,1,2026-06-14T13:03:27.854000+00:00,28.189,32.363,24.388,251.0,260.0,False,84.94,"[None, 2049, 2049, 2051, 2049, 2051, 2049]","[2051, 2051, 2051, 2051, 2051, 2051, 2051, 2049]","[2051, 2051, 2049, 2049, 2049, 2051, 2051]",291.0
1287,11307,12,1,2026-06-14T13:03:27.854000+00:00,28.841,33.434,24.649,238.0,253.0,False,86.924,"[None, 2049, 2049, 2049, 2049, 2049, 2049]","[2049, 2049, 2049, 2049, 2049, 2049, 2049, 2051]","[2049, 2049, 2049, 2051, 2049, 2051, 2051]",294.0
1287,11307,44,1,2026-06-14T13:03:27.854000+00:00,28.465,33.242,24.404,244.0,259.0,False,86.111,"[None, 2049, 2051, 2049, 2051, 2049, 2049]","[2049, 2049, 2049, 2049, 2049, 2049, 2049, 2049]","[2049, 2049, 2049, 2049, 2051, 2049, 2049]",295.0
1287,11307,3,1,2026-06-14T13:03:27.854000+00:00,29.385,33.932,24.966,245.0,248.0,False,88.283,"[None, 2049, 2049, 2049, 2049, 2049, 2051]","[2049, 2049, 2049, 2049, 2049, 2049, 2049, 2049]","[2049, 2049, 2049, 2049, 2049, 2049, 2049]",296.0
1287,11307,1,1,2026-06-14T13:03:27.854000+00:00,29.129,33.656,24.811,237.0,252.0,False,87.596,"[None, 2049, 2049, 2049, 2049, 2049, 2049]","[2049, 2049, 2049, 2049, 2049, 2049, 2049, 2049]","[2049, 2049, 2051, 2049, 2049, 2049, 2049]",293.0
1287,11307,6,1,2026-06-14T13:03:27.854000+00:00,31.537,36.16,25.733,242.0,261.0,False,93.43,"[None, 2049, 2049, 2049, 2049, 2049, 2049]","[2049, 2049, 2049, 2049, 2049, 2049, 2049, 2049]","[2049, 2049, 2049, 2049, 2049, 2049, 2049]",276.0
1287,11307,81,1,2026-06-14T13:03:27.854000+00:00,29.423,34.275,25.242,257.0,244.0,False,88.94,"[None, 2049, 2049, 2049, 2049, 2049, 2049]","[2049, 2049, 2049, 2049, 2049, 2049, 2049, 2049]","[2049, 2049, 2049, 2049, 2049, 2049, 2049]",300.0
1287,11307,30,1,2026-06-14T13:03:27.854000+00:00,30.213,34.775,25.514,225.0,236.0,False,90.502,"[None, 2049, 2049, 2049, 2049, 2049, 2049]","[2049, 2049, 2049, 2049, 2049, 2049, 2049, 2049]","[2049, 2049, 2049, 2049, 2049, 2049, 2049]",307.0
1287,11307,23,1,2026-06-14T13:03:27.854000+00:00,31.872,36.691,26.408,217.0,241.0,False,94.971,"[2049, 2049, 2049, 2049, 2049, 2049, 2049]","[2049, 2049, 2049, 2049, 2049, 2049, 2049, 2049]","[2049, 2049, 2049, 2049, 2049, 2049, 2049]",303.0
1287,11307,11,1,2026-06-14T13:03:27.854000+00:00,32.602,36.014,26.63,222.0,226.0,False,95.246,"[2049, 2049, 2049, 2049, 2049, 2049, 2049]","[2049, 2049, 2049, 2049, 2049, 2049, 2049, 2049]","[2049, 2049, 2049, 2049, 2049, 2049, 2049]",314.0
1287,11307,27,1,2026-06-14T13:03:27.854000+00:00,30.573,35.374,25.446,236.0,256.0,False,91.393,"[None, 2049, 2049, 2049, 2049, 2049, 2049]","[2049, 2049, 2049, 2049, 2049, 2049, 2049, 2049]","[2049, 2049, 2049, 2049, 2049, 2049, 2049]",302.0
1287,11307,41,1,2026-06-14T13:03:27.854000+00:00,30.42,34.978,25.495,247.0,238.0,False,90.893,"[None, 2049, 2049, 2049, 2049, 2049, 2049]","[2049, 2049, 2049, 2049, 2049, 2049, 2049, 2049]","[2049, 2049, 2049, 2049, 2049, 2049, 0]",301.0
1287,11307,77,1,2026-06-14T13:03:27.854000+00:00,32.8,36.276,26.732,211.0,223.0,False,95.808,"[2049, 2049, 2049, 2049, 2049, 2049, 2049]","[2049, 2049, 2049, 2049, 2049, 2049, 2049, 2049]","[2049, 2049, 2049, 2049, 2049, 2049, 2049]",290.0
1287,11307,16,1,2026-06-14T13:03:27.854000+00:00,30.064,34.359,25.298,255.0,256.0,False,89.721,"[None, 2049, 2049, 2049, 2049, 2049, 2049]","[2049, 2049, 2049, 2049, 2049, 2049, 2049, 2049]","[2049, 2049, 2049, 2049, 2049, 2049, 2049]",309.0
1287,11307,18,1,2026-06-14T13:03:27.854000+00:00,33.271,36.479,26.683,210.0,234.0,False,96.433,"[2049, 2049, 2049, 2049, 2049, 2049, 2049]","[2049, 2049, 2049, 2049, 2049, 2049, 2049, 2049]","[2049, 2049, 2049, 2049, 2049, 2049, 2049]",300.0
1287,11307,5,1,2026-06-14T13:03:27.854000+00:00,31.899,36.099,26.436,225.0,235.0,False,94.434,"[None, 2049, 2049, 2049, 2049, 2049, 2049]","[2049, 2049, 2049, 2049, 2049, 2049, 2049, 2049]","[2049, 2049, 2049, 2049, 2049, 2049, 2049]",283.0
1287,11307,43,1,2026-06-14T13:03:27.854000+00:00,30.794,35.379,25.673,222.0,231.0,False,91.846,"[None, 2049, 2049, 2049, 2049, 2049, 2049]","[2049, 2049, 2049, 2049, 2049, 2049, 2049, 2049]","[2049, 2049, 2049, 2049, 2049, 2049, 2049]",301.0
1287,11307,10,1,2026-06-14T13:03:27.854000+00:00,31.338,35.429,25.735,216.0,245.0,False,92.502,"[None, 2049, 2049, 2049, 2049, 2049, 2049]","[2049, 2049, 2049, 2049, 2049, 2049, 2049, 2049]","[2049, 2049, 2049, 2049, 2049, 2049, 2049]",297.0
1287,11307,87,1,2026-06-14T13:03:27.854000+00:00,31.546,35.925,26.558,228.0,246.0,False,94.029,"[None, 2049, 2049, 2049, 2049, 2049, 2049]","[2049, 2049, 2049, 2049, 2049, 2049, 2049, 2049]","[2049, 2049, 2049, 2049, 2049, 2049, 2049]",294.0
1287,11307,55,1,2026-06-14T13:03:27.854000+00:00,31.073,35.981,25.792,235.0,236.0,False,92.846,"[None, 2049, 2049, 2049, 2049, 2049, 2049]","[2049, 2049, 2049, 2049, 2049, 2049, 2049, 2049]","[2049, 2049, 2049, 2049, 2049, 2049, 2049]",296.0
1287,11307,31,1,2026-06-14T13:03:27.854000+00:00,32.409,35.826,26.023,210.0,252.0,False,94.258,"[None, 2049, 2049, 2049, 2049, 2049, 2049]","[2049, 2049, 2049, 2049, 2049, 2049, 2049, 2049]","[2049, 2049, 2049, 2049, 2049, 2049, 2049]",300.0
1287,11307,14,1,2026-06-14T13:03:27.854000+00:00,36.657,34.708,26.209,252.0,242.0,False,97.574,"[None, 2064, 2049, 2049, 2049, 2049, 2049]","[2049, 2049, 2049, 2049, 2049, 2049, 2049, 2049]","[2049, 2049, 2049, 2049, 2049, 2049, 2049]",253.0
1287,11307,63,2,2026-06-14T13:04:52.793000+00:00,23.788,32.969,24.756,255.0,256.0,False,81.513,"[2049, 2049, 2049, 2051, 2049, 2048, 2048]","[2048, 2048, 2048, 2048, 2048, 2048, 2048, 2048]","[2048, 2048, 2048, 2048, 2048, 2051, 2049]",328.0
1287,11307,44,2,2026-06-14T13:04:53.964000+00:00,24.069,33.165,24.476,247.0,262.0,False,81.71,"[2049, 2049, 2049, 2049, 2048, 2048, 2048]","[2049, 2049, 2049, 2048, 2049, 2051, 2048, 2048]","[2048, 2048, 2048, 2049, 2051, 2049, 2049]",325.0
1287,11307,12,2,2026-06-14T13:04:54.777000+00:00,23.835,33.536,24.671,240.0,256.0,False,82.042,"[2049, 2049, 2049, 2049, 2051, 2048, 2048]","[2049, 2048, 2048, 2049, 2049, 2048, 2048, 2048]","[2049, 2048, 2048, 2051, 2049, 2048, 2048]",343.0
1287,11307,1,2,2026-06-14T13:04:55.449000+00:00,23.744,33.611,24.896,241.0,246.0,False,82.251,"[2049, 2049, 2049, 2049, 2049, 2049, 2049]","[2048, 2048, 2048, 2049, 2049, 2049, 2048, 2048]","[2048, 2048, 2048, 2049, 2049, 2048, 2048]",335.0
1287,11307,3,2,2026-06-14T13:04:56.136000+00:00,23.69,33.833,25.105,241.0,250.0,False,82.628,"[2049, 2049, 2049, 2049, 2049, 2049, 2048]","[2048, 2048, 2049, 2049, 2049, 2049, 2048, 2049]","[2049, 2048, 2048, 2049, 2048, 2048, 2048]",342.0
1287,11307,81,2,2026-06-14T13:04:56.793000+00:00,23.918,33.679,25.076,,247.0,False,82.673,"[2049, 2049, 2049, 2049, 2049, 2048, 2048]","[2049, 2049, 2049, 2049, 2049, 2049, 2048, 2049]","[2049, 2049, 2048, 2049, 2049, 2048, 2048]",339.0
1287,11307,16,2,2026-06-14T13:04:57.574000+00:00,24.325,33.586,24.972,244.0,263.0,False,82.883,"[2049, 2049, 2049, 2049, 2049, 2048, 2048]","[2049, 2049, 2049, 2049, 2049, 2049, 2049, 2049]","[2049, 2048, 2049, 2049, 2049, 2048, 2048]",344.0
1287,11307,30,2,2026-06-14T13:04:58.355000+00:00,24.27,34.221,25.294,233.0,244.0,False,83.785,"[2049, 2049, 2049, 2049, 2049, 2048, 2049]","[2049, 2049, 2049, 2049, 2049, 2049, 2048, 2049]","[2049, 2049, 2049, 2049, 2049, 2048, 2048]",338.0
1287,11307,41,2,2026-06-14T13:04:58.746000+00:00,24.182,35.108,25.327,250.0,230.0,False,84.617,"[2049, 2049, 2049, 2049, 2049, 2049, 2049]","[2049, 2048, 2049, 2049, 2049, 2048, 2048, 2048]","[2049, 2048, 2049, 2049, 2049, 2049, 2049]",341.0
1287,11307,27,2,2026-06-14T13:04:59.246000+00:00,24.259,34.123,25.065,241.0,249.0,False,83.447,"[2049, 2049, 2049, 2049, 2049, 2049, 2048]","[2049, 2049, 2049, 2049, 2049, 2049, 2049, 2048]","[2049, 2049, 2049, 2049, 2049, 2049, 2049]",347.0
1287,11307,43,2,2026-06-14T13:04:59.699000+00:00,24.153,34.676,25.431,233.0,228.0,False,84.26,"[2049, 2049, 2049, 2049, 2049, 2049, 2049]","[2049, 2049, 2049, 2049, 2049, 2049, 2048, 2049]","[2049, 2049, 2048, 2049, 2049, 2048, 2049]",345.0
1287,11307,10,2,2026-06-14T13:05:00.355000+00:00,24.204,34.532,25.567,239.0,235.0,False,84.303,"[2049, 2049, 2049, 2049, 2049, 2049, 2049]","[2049, 2049, 2048, 2049, 2049, 2049, 2049, 2049]","[2048, 2049, 2049, 2049, 2049, 2048, 2049]",345.0
1287,11307,55,2,2026-06-14T13:05:00.699000+00:00,24.416,34.682,25.688,236.0,249.0,False,84.786,"[2049, 2049, 2049, 2049, 2049, 2049, 2049]","[2048, 2049, 2049, 2049, 2049, 2049, 2048, 2049]","[2049, 2048, 2048, 2049, 2049, 2048, 2048]",353.0
1287,11307,6,2,2026-06-14T13:05:01.283000+00:00,24.265,34.537,25.734,245.0,254.0,False,84.536,"[2049, 2049, 2049, 2049, 2049, 2049, 2049]","[2049, 2048, 2049, 2049, 2049, 2049, 2049, 2049]","[2049, 2048, 2048, 2049, 2049, 2048, 2048]",334.0
1287,11307,87,2,2026-06-14T13:05:01.882000+00:00,24.92,34.413,25.851,232.0,250.0,False,85.184,"[2049, 2049, 2049, 2049, 2049, 2048, 2048]","[2049, 2049, 2049, 2049, 2049, 2049, 2049, 2049]","[2048, 2049, 2049, 2049, 2049, 2049, 2049]",348.0
1287,11307,31,2,2026-06-14T13:05:02.111000+00:00,24.352,34.278,25.824,222.0,243.0,False,84.454,"[2049, 2049, 2051, 2049, 2049, 2049, 2049]","[2049, 2049, 2049, 2048, 2049, 2049, 2049, 2048]","[2048, 2049, 2049, 2049, 2049, 2048, 2048]",358.0
1287,11307,5,2,2026-06-14T13:05:02.287000+00:00,24.62,34.713,25.689,230.0,248.0,False,85.022,"[2049, 2051, 2049, 2049, 2049, 2049, 2048]","[2049, 2049, 2048, 2049, 2049, 2049, 2049, 2049]","[2049, 2049, 2049, 2049, 2049, 2049, 2049]",357.0
1287,11307,23,2,2026-06-14T13:05:02.824000+00:00,24.529,35.025,25.751,231.0,237.0,False,85.305,"[None, 2049, 2049, 2049, 2049, 2049, 2049]","[2049, 2049, 2049, 2049, 2049, 2049, 2049, 2049]","[2049, 2049, 2049, 2049, 2049, 2048, 2048]",344.0
1287,11307,11,2,2026-06-14T13:05:03.099000+00:00,24.677,34.998,25.874,223.0,233.0,False,85.549,"[None, 2049, 2049, 2049, 2049, 2049, 2048]","[2049, 2048, 2049, 2049, 2049, 2049, 2049, 2049]","[2049, 2049, 2049, 2049, 2049, 2048, 2048]",350.0
1287,11307,77,2,2026-06-14T13:05:03.661000+00:00,24.794,35.238,26.006,222.0,248.0,False,86.038,"[None, 2049, 2049, 2049, 2049, 2049, 2049]","[2049, 2049, 2049, 2049, 2049, 2049, 2049, 2049]","[2049, 2049, 2049, 2048, 2049, 2048, 2048]",346.0
1287,11307,18,2,2026-06-14T13:05:04.286000+00:00,24.744,35.528,26.029,221.0,245.0,False,86.301,"[None, 2049, 2049, 2049, 2049, 2049, 2049]","[2049, 2049, 2049, 2049, 2049, 2049, 2049, 2049]","[2049, 2049, 2049, 2049, 2049, 2048, 2048]",345.0
1287,11307,14,2,2026-06-14T13:05:05.427000+00:00,24.91,34.884,25.957,230.0,230.0,False,85.751,"[2049, 2049, 2049, 2049, 2049, 2048, 2048]","[2048, 2048, 2048, 2048, 2049, 2048, 2049, 2049]","[2048, 2048, 2049, 2049, 2049, 2049, 2049]",319.0
1287,11307,63,3,2026-06-14T13:06:14.230000+00:00,23.801,32.908,24.77,257.0,261.0,False,81.479,"[None, 2049, 2048, 2048, 2051, 2048, 2048]","[2048, 2048, 2048, 2048, 2048, 2048, 2048, 2048]","[2048, 2048, 2048, 2049, 2049, 2048, 2049]",330.0
1287,11307,44,3,2026-06-14T13:06:15.655000+00:00,24.085,33.219,24.766,242.0,263.0,False,82.07,"[None, 2048, 2048, 2049, 2049, 2048, 2048]","[2048, 2049, 2049, 2048, 2048, 2048, 2048, 2048]","[2048, 2048, 2048, 2048, 2048, 2048, 2048]",322.0
1287,11307,12,3,2026-06-14T13:06:16.828000+00:00,24.112,33.182,24.826,252.0,269.0,False,82.12,"[2048, 2048, 2048, 2048, 2049, 2048, 2048]","[2049, 2049, 2049, 2049, 2048, 2048, 2048, 2051]","[2049, 2048, 2048, 2048, 2048, 2048, 2048]",337.0
1287,11307,1,3,2026-06-14T13:06:17.703000+00:00,23.976,33.5,24.946,245.0,263.0,False,82.422,"[2048, 2049, 2049, 2048, 2048, 2048, 2048]","[2048, 2048, 2049, 2049, 2049, 2049, 2048, 2048]","[2049, 2048, 2048, 2048, 2048, 2048, 2048]",340.0
1287,11307,3,3,2026-06-14T13:06:18.766000+00:00,23.85,33.625,25.259,249.0,259.0,False,82.734,"[2048, 2048, 2049, 2049, 2049, 2048, 2048]","[2048, 2048, 2048, 2049, 2049, 2049, 2048, 2048]","[2048, 2048, 2048, 2048, 2048, 2048, 2048]",337.0
1287,11307,81,3,2026-06-14T13:06:19.504000+00:00,23.905,33.635,25.4,258.0,247.0,False,82.94,"[None, 2049, 2048, 2049, 2049, 2048, 2048]","[2048, 2048, 2048, 2048, 2049, 2049, 2048, 2048]","[2049, 2048, 2048, 2048, 2048, 2048, 2048]",345.0
1287,11307,16,3,2026-06-14T13:06:20.477000+00:00,24.033,33.426,25.191,246.0,254.0,False,82.65,"[2048, 2048, 2049, 2049, 2049, 2049, 2048]","[2048, 2049, 2049, 2048, 2049, 2049, 2049, 2048]","[2048, 2049, 2048, 2048, 2049, 2049, 2048]",343.0
1287,11307,30,3,2026-06-14T13:06:22.149000+00:00,24.187,34.166,25.387,240.0,256.0,False,83.74,"[2048, 2048, 2049, 2049, 2049, 2049, 2049]","[2049, 2049, 2049, 2048, 2049, 2049, 2048, 2048]","[2049, 2048, 2048, 2048, 2048, 2048, 2048]",336.0
1287,11307,27,3,2026-06-14T13:06:22.682000+00:00,23.839,34.691,25.47,244.0,255.0,False,84.0,"[2048, 2049, 2049, 2049, 2049, 2049, 2051]","[2048, 2048, 2048, 2048, 2048, 2049, 2048, 2048]","[2048, 2048, 2048, 2048, 2048, 2048, 2048]",351.0
1287,11307,41,3,2026-06-14T13:06:23.479000+00:00,24.121,34.599,25.351,242.0,245.0,False,84.071,"[2048, 2049, 2049, 2049, 2049, 2048, 2048]","[2048, 2048, 2049, 2048, 2049, 2049, 2048, 2048]","[2049, 2048, 2048, 2049, 2049, 2049, 2048]",343.0
1287,11307,43,3,2026-06-14T13:06:23.925000+00:00,24.239,34.539,25.582,234.0,233.0,False,84.36,"[2049, 2049, 2049, 2048, 2049, 2048, 2048]","[2049, 2048, 2049, 2049, 2049, 2049, 2048, 2049]","[2049, 2048, 2048, 2049, 2048, 2048, 2048]",347.0
1287,11307,10,3,2026-06-14T13:06:24.731000+00:00,24.0,34.587,25.632,240.0,236.0,False,84.219,"[None, 2049, 2049, 2049, 2049, 2048, 2049]","[2048, 2048, 2048, 2049, 2049, 2049, 2048, 2048]","[2048, 2048, 2049, 2049, 2049, 2049, 2048]",351.0
1287,11307,55,3,2026-06-14T13:06:25.588000+00:00,24.575,35.08,25.664,226.0,248.0,False,85.319,"[2048, 2048, 2049, 2048, 2048, 2048, 2048]","[2048, 2048, 2048, 2048, 2048, 2049, 2048, 2048]","[2048, 2049, 2048, 2048, 2049, 2048, 2048]",349.0
1287,11307,6,3,2026-06-14T13:06:25.791000+00:00,23.936,34.295,25.612,,245.0,False,83.843,"[2051, 2049, 2049, 2048, 2048, 2049, 2048]","[2049, 2048, 2049, 2049, 2048, 2049, 2049, 2048]","[2049, 2048, 2049, 2049, 2049, 2048, 2048]",354.0
1287,11307,31,3,2026-06-14T13:06:26.541000+00:00,24.356,34.705,25.923,231.0,248.0,False,84.984,"[2048, 2048, 2048, 2049, 2049, 2048, 2049]","[2048, 2048, 2048, 2048, 2048, 2048, 2048, 2048]","[2048, 2048, 2048, 2049, 2049, 2049, 2048]",345.0
1287,11307,87,3,2026-06-14T13:06:27.088000+00:00,24.339,34.701,25.901,230.0,251.0,False,84.941,"[None, 2049, 2049, 2049, 2049, 2049, 2048]","[2049, 2048, 2048, 2049, 2048, 2049, 2048, 2048]","[2049, 2048, 2048, 2049, 2049, 2049, 2049]",351.0
1287,11307,5,3,2026-06-14T13:06:27.478000+00:00,24.227,35.021,25.83,228.0,245.0,False,85.078,"[None, 2048, 2049, 2049, 2049, 2049, 2048]","[2048, 2049, 2049, 2048, 2049, 2048, 2048, 2048]","[2049, 2048, 2048, 2049, 2048, 2048, 2048]",
1287,11307,23,3,2026-06-14T13:06:28.119000+00:00,24.339,35.066,25.919,228.0,238.0,False,85.324,"[2048, 2049, 2049, 2049, 2049, 2048, 2048]","[2049, 2048, 2049, 2049, 2049, 2048, 2048, 2048]","[2048, 2048, 2049, 2048, 2048, 2048, 2048]",347.0
1287,11307,11,3,2026-06-14T13:06:28.791000+00:00,24.482,34.882,26.014,230.0,240.0,False,85.378,"[2048, 2048, 2049, 2049, 2049, 2049, 2048]","[2049, 2048, 2049, 2049, 2048, 2049, 2048, 2049]","[2048, 2048, 2049, 2049, 2048, 2048, 2048]",346.0
1287,11307,77,3,2026-06-14T13:06:29.728000+00:00,24.567,35.06,26.118,231.0,250.0,False,85.745,"[2048, 2048, 2048, 2049, 2049, 2049, 2049]","[2049, 2049, 2049, 2049, 2049, 2049, 2048, 2048]","[2048, 2048, 2048, 2049, 2048, 2048, 2048]",344.0
1287,11307,18,3,2026-06-14T13:06:30.713000+00:00,24.632,35.081,26.191,234.0,247.0,False,85.904,"[2048, 2048, 2049, 2049, 2049, 2049, 2049]","[2049, 2048, 2049, 2049, 2049, 2048, 2049, 2048]","[2048, 2048, 2048, 2048, 2048, 2048, 2048]",333.0
1287,11307,14,3,2026-06-14T13:06:31.228000+00:00,25.051,35.007,26.196,228.0,235.0,False,86.254,"[None, 2049, 2048, 2048, 2049, 2048, 2048]","[2048, 2048, 2048, 2049, 2048, 2048, 2048, 2048]","[2048, 2048, 2048, 2048, 2048, 2048, 2048]",322.0
1287,11307,63,4,2026-06-14T13:07:35.667000+00:00,23.879,33.19,24.975,,257.0,False,82.044,"[None, 2049, 2048, 2048, 2048, 2048, 2048]","[2048, 2048, 2048, 2048, 2048, 2048, 2048, 2048]","[2048, 2048, 2048, 2048, 2048, 2048, 2048]",331.0
1287,11307,44,4,2026-06-14T13:07:37.682000+00:00,24.102,33.501,24.976,241.0,255.0,False,82.579,"[2048, 2048, 2048, 2049, 2048, 2048, 2048]","[2048, 2048, 2048, 2048, 2049, 2048, 2048, 2048]","[2048, 2048, 2048, 2048, 2048, 2048, 2048]",323.0
1287,11307,12,4,2026-06-14T13:07:38.948000+00:00,23.943,33.385,24.943,248.0,271.0,False,82.271,"[None, 2048, 2049, 2049, 2048, 2048, 2048]","[2048, 2048, 2049, 2048, 2048, 2048, 2048, 2048]","[2048, 2048, 2048, 2048, 2048, 2048, 2048]",
1287,11307,1,4,2026-06-14T13:07:40.198000+00:00,23.999,33.552,25.222,242.0,252.0,False,82.773,"[None, 2048, 2048, 2049, 2049, 2048, 2048]","[2048, 2048, 2048, 2048, 2049, 2049, 2048, 2048]","[2048, 2048, 2048, 2048, 2048, 2048, 2048]",334.0
1287,11307,3,4,2026-06-14T13:07:41.588000+00:00,23.988,33.679,25.331,252.0,260.0,False,82.998,"[None, 2048, 2049, 2048, 2048, 2048, 2048]","[2049, 2048, 2048, 2049, 2049, 2049, 2048, 2048]","[2049, 2048, 2048, 2048, 2048, 2048, 2048]",336.0
1287,11307,81,4,2026-06-14T13:07:42.495000+00:00,23.922,33.712,25.42,251.0,251.0,False,83.054,"[2048, 2048, 2048, 2049, 2048, 2048, 2048]","[2048, 2048, 2049, 2048, 2048, 2048, 2048, 2048]","[2048, 2048, 2048, 2048, 2048, 2048, 2048]",
1287,11307,16,4,2026-06-14T13:07:43.120000+00:00,24.045,33.512,25.357,247.0,255.0,False,82.914,"[2049, 2049, 2049, 2048, 2048, 2048, 2048]","[2048, 2049, 2048, 2048, 2048, 2048, 2048, 2048]","[2048, 2048, 2048, 2048, 2048, 2048, 2048]",345.0
1287,11307,30,4,2026-06-14T13:07:45.917000+00:00,24.24,34.073,25.555,254.0,262.0,False,83.868,"[None, 2048, 2049, 2049, 2049, 2048, 2049]","[2049, 2049, 2049, 2048, 2049, 2048, 2048, 2048]","[2048, 2048, 2048, 2048, 2048, 2048, 2048]",334.0
1287,11307,27,4,2026-06-14T13:07:46.651000+00:00,24.067,34.27,25.469,242.0,259.0,False,83.806,"[None, 2048, 2049, 2049, 2048, 2048, 2048]","[2049, 2048, 2048, 2048, 2048, 2048, 2048, 2048]","[2048, 2048, 2048, 2049, 2048, 2048, 2048]",336.0
1287,11307,41,4,2026-06-14T13:07:47.495000+00:00,24.271,34.283,25.751,254.0,249.0,False,84.305,"[None, 2048, 2048, 2048, 2048, 2049, 2049]","[2049, 2048, 2049, 2048, 2049, 2049, 2048, 2048]","[2048, 2048, 2048, 2048, 2048, 2048, 2048]",339.0
1287,11307,43,4,2026-06-14T13:07:48.385000+00:00,24.329,34.442,25.626,239.0,248.0,False,84.397,"[2048, 2048, 2048, 2049, 2048, 2048, 2048]","[2049, 2048, 2049, 2049, 2048, 2049, 2048, 2049]","[2049, 2048, 2048, 2048, 2048, 2048, 2048]",345.0
1287,11307,10,4,2026-06-14T13:07:48.870000+00:00,24.239,34.535,25.753,,242.0,False,84.527,"[2048, 2048, 2048, 2048, 2048, 2048, 2048]","[2048, 2048, 2049, 2049, 2049, 2049, 2048, 2048]","[2048, 2048, 2049, 2048, 2048, 2048, 2048]",
1287,11307,6,4,2026-06-14T13:07:49.604000+00:00,24.005,34.508,25.894,244.0,238.0,False,84.407,"[2048, 2048, 2048, 2049, 2049, 2048, 2049]","[2048, 2048, 2049, 2049, 2048, 2048, 2048, 2048]","[2048, 2048, 2048, 2048, 2048, 2048, 2048]",337.0
1287,11307,55,4,2026-06-14T13:07:50.885000+00:00,24.534,34.572,25.617,248.0,250.0,False,84.723,"[None, 2048, 2048, 2049, 2049, 2048, 2049]","[2049, 2048, 2049, 2049, 2048, 2049, 2048, 2048]","[2049, 2048, 2048, 2048, 2049, 2048, 2048]",337.0
1287,11307,31,4,2026-06-14T13:07:51.656000+00:00,24.528,34.383,25.954,238.0,252.0,False,84.865,"[None, 2048, 2048, 2048, 2048, 2048, 2049]","[2049, 2048, 2048, 2049, 2048, 2048, 2048, 2048]","[2048, 2048, 2048, 2048, 2048, 2048, 2048]",347.0
1287,11307,87,4,2026-06-14T13:07:52.134000+00:00,24.47,34.548,26.068,239.0,254.0,False,85.086,"[None, 2049, 2048, 2048, 2048, 2048, 2048]","[2049, 2048, 2048, 2048, 2048, 2049, 2048, 2049]","[2048, 2048, 2048, 2048, 2048, 2048, 2048]",352.0
1287,11307,5,4,2026-06-14T13:07:52.547000+00:00,24.314,34.841,25.958,231.0,246.0,False,85.113,"[2048, 2048, 2049, 2048, 2048, 2049, 2048]","[2048, 2048, 2048, 2049, 2048, 2048, 2048, 2048]","[2048, 2048, 2048, 2049, 2048, 2048, 2048]",353.0
1287,11307,23,4,2026-06-14T13:07:53.427000+00:00,24.453,34.954,25.913,244.0,244.0,False,85.32,"[None, 2048, 2049, 2048, 2048, 2048, 2049]","[2049, 2048, 2048, 2048, 2049, 2049, 2048, 2048]","[2049, 2048, 2048, 2048, 2048, 2048, 2048]",346.0
1287,11307,11,4,2026-06-14T13:07:54.165000+00:00,24.472,34.898,26.331,233.0,245.0,False,85.701,"[None, 2048, 2049, 2049, 2048, 2048, 2049]","[2048, 2049, 2048, 2049, 2048, 2048, 2048, 2049]","[2048, 2048, 2048, 2048, 2048, 2048, 2048]",
1287,11307,77,4,2026-06-14T13:07:55.491000+00:00,24.921,35.071,26.262,234.0,234.0,False,86.254,"[None, 2048, 2048, 2048, 2048, 2048, 2049]","[2048, 2048, 2048, 2049, 2049, 2048, 2048, 2048]","[2048, 2048, 2048, 2049, 2048, 2048, 2048]",325.0
1287,11307,18,4,2026-06-14T13:07:56.491000+00:00,24.87,35.228,26.332,244.0,252.0,False,86.43,"[None, 2048, 2048, 2048, 2048, 2049, 2049]","[2049, 2048, 2048, 2048, 2049, 2048, 2048, 2048]","[2048, 2048, 2048, 2048, 2048, 2048, 2048]",326.0
1287,11307,14,4,2026-06-14T13:07:57.491000+00:00,24.839,35.14,26.1,234.0,244.0,False,86.079,"[None, 2049, 2049, 2048, 2048, 2048, 2048]","[2048, 2048, 2048, 2048, 2048, 2048, 2048, 2048]","[2048, 2048, 2049, 2049, 2048, 2048, 2048]",337.0
1287,11307,63,5,2026-06-14T13:08:57.788000+00:00,24.023,33.412,24.992,254.0,260.0,False,82.427,"[2048, 2048, 2049, 2048, 2048, 2048, 2048]","[2048, 2048, 2048, 2048, 2048, 2048, 2048, 2048]","[2048, 2048, 2048, 2048, 2048, 2048, 2048]",330.0
1287,11307,44,5,2026-06-14T13:09:00.313000+00:00,24.17,33.322,24.81,246.0,261.0,False,82.302,"[None, 2048, 2048, 2048, 2048, 2048, 2048]","[2049, 2048, 2048, 2048, 2048, 2048, 2048, 2048]","[2048, 2048, 2048, 2048, 2048, 2048, 2048]",322.0
1287,11307,12,5,2026-06-14T13:09:01.207000+00:00,23.969,33.509,24.97,,266.0,False,82.448,"[None, 2049, 2048, 2048, 2048, 2048, 2048]","[2048, 2048, 2048, 2048, 2048, 2048, 2048, 2048]","[2048, 2048, 2048, 2051, 2048, 2048, 2048]",346.0
1287,11307,1,5,2026-06-14T13:09:02.964000+00:00,24.189,33.813,25.285,245.0,254.0,False,83.287,"[None, 2048, 2048, 2048, 2048, 2048, 2048]","[2048, 2048, 2049, 2048, 2048, 2049, 2048, 2048]","[2048, 2048, 2048, 2048, 2049, 2048, 2048]",332.0
1287,11307,3,5,2026-06-14T13:09:04.612000+00:00,24.014,33.666,25.349,257.0,267.0,False,83.029,"[None, 2048, 2048, 2048, 2048, 2048, 2048]","[2048, 2048, 2048, 2049, 2048, 2048, 2048, 2049]","[2048, 2048, 2048, 2048, 2048, 2048, 2048]",335.0
1287,11307,81,5,2026-06-14T13:09:05.574000+00:00,24.078,33.833,25.331,248.0,251.0,False,83.242,"[None, 2048, 2048, 2048, 2048, 2048, 2048]","[2048, 2048, 2048, 2048, 2049, 2048, 2048, 2048]","[2048, 2048, 2048, 2048, 2048, 2048, 2048]",348.0
1287,11307,16,5,2026-06-14T13:09:06.149000+00:00,24.19,33.664,25.209,252.0,260.0,False,83.063,"[None, 2048, 2049, 2048, 2048, 2049, 2048]","[2048, 2048, 2048, 2048, 2048, 2048, 2048, 2049]","[2048, 2048, 2048, 2049, 2049, 2048, 2048]",344.0
1287,11307,30,5,2026-06-14T13:09:09.743000+00:00,24.497,34.272,25.605,250.0,263.0,False,84.374,"[None, 2048, 2048, 2048, 2048, 2048, 2048]","[2048, 2048, 2048, 2049, 2049, 2049, 2048, 2048]","[2049, 2048, 2048, 2048, 2048, 2048, 2048]",333.0
1287,11307,27,5,2026-06-14T13:09:10.430000+00:00,24.197,34.593,25.597,240.0,243.0,False,84.387,"[None, 2048, 2048, 2048, 2048, 2048, 2048]","[2049, 2048, 2048, 2048, 2048, 2048, 2048, 2048]","[2048, 2048, 2048, 2048, 2048, 2048, 2048]",340.0
1287,11307,41,5,2026-06-14T13:09:11.852000+00:00,24.443,34.396,25.737,247.0,267.0,False,84.576,"[None, 2048, 2048, 2048, 2048, 2048, 2048]","[2049, 2048, 2048, 2048, 2049, 2049, 2048, 2049]","[2048, 2048, 2048, 2048, 2048, 2048, 2048]",337.0
1287,11307,43,5,2026-06-14T13:09:12.741000+00:00,24.455,34.675,25.779,237.0,236.0,False,84.909,"[None, 2048, 2049, 2048, 2048, 2048, 2048]","[2048, 2048, 2048, 2048, 2048, 2048, 2048, 2048]","[2048, 2048, 2048, 2048, 2048, 2048, 2048]",350.0
1287,11307,10,5,2026-06-14T13:09:13.474000+00:00,24.441,34.833,25.823,232.0,243.0,False,85.097,"[None, 2048, 2048, 2048, 2048, 2048, 2048]","[2048, 2048, 2048, 2048, 2048, 2048, 2048, 2048]","[2048, 2048, 2048, 2048, 2048, 2048, 2048]",348.0
1287,11307,6,5,2026-06-14T13:09:14.174000+00:00,24.121,34.808,25.869,232.0,247.0,False,84.798,"[None, 2048, 2048, 2048, 2048, 2048, 2048]","[2048, 2048, 2048, 2048, 2048, 2048, 2048, 2048]","[2048, 2048, 2048, 2048, 2048, 2048, 2048]",347.0
1287,11307,55,5,2026-06-14T13:09:15.607000+00:00,24.655,34.639,25.705,247.0,259.0,False,84.999,"[None, 2048, 2048, 2048, 2048, 2048, 2048]","[2049, 2048, 2048, 2048, 2048, 2049, 2048, 2048]","[2048, 2048, 2048, 2048, 2048, 2048, 2048]",
1287,11307,31,5,2026-06-14T13:09:16.426000+00:00,24.622,34.615,25.916,229.0,251.0,False,85.153,"[None, 2048, 2048, 2048, 2048, 2048, 2048]","[2048, 2048, 2048, 2048, 2048, 2048, 2049, 2048]","[2048, 2048, 2048, 2048, 2049, 2048, 2048]",346.0
1287,11307,87,5,2026-06-14T13:09:17.222000+00:00,24.544,34.806,25.865,230.0,259.0,False,85.215,"[2048, 2048, 2048, 2048, 2048, 2048, 2048]","[2048, 2048, 2048, 2048, 2048, 2049, 2048, 2048]","[2049, 2048, 2048, 2048, 2048, 2048, 2048]",350.0
1287,11307,5,5,2026-06-14T13:09:17.683000+00:00,24.496,35.006,25.94,239.0,249.0,False,85.442,"[None, 2048, 2048, 2048, 2048, 2048, 2048]","[2048, 2048, 2048, 2049, 2048, 2048, 2048, 2048]","[2049, 2048, 2048, 2048, 2048, 2048, 2048]",
1287,11307,23,5,2026-06-14T13:09:18.794000+00:00,24.781,34.884,26.042,234.0,247.0,False,85.707,"[None, 2048, 2048, 2048, 2048, 2048, 2048]","[2049, 2048, 2048, 2049, 2048, 2048, 2048, 2048]","[2048, 2048, 2048, 2048, 2048, 2048, 2048]",338.0
1287,11307,11,5,2026-06-14T13:09:19.872000+00:00,24.677,34.805,26.286,230.0,244.0,False,85.768,"[None, 2048, 2048, 2048, 2048, 2048, 2048]","[2049, 2049, 2048, 2048, 2048, 2049, 2048, 2048]","[2049, 2048, 2048, 2048, 2048, 2048, 2048]",
1287,11307,77,5,2026-06-14T13:09:21.716000+00:00,24.967,35.16,26.416,235.0,246.0,False,86.543,"[None, 2048, 2048, 2048, 2048, 2048, 2049]","[2048, 2048, 2048, 2048, 2048, 2048, 2048, 2048]","[2048, 2048, 2048, 2048, 2048, 2048, 2048]",327.0
1287,11307,18,5,2026-06-14T13:09:22.997000+00:00,24.98,35.13,34.235,235.0,253.0,False,94.345,"[None, 2048, 2049, 2048, 2048, 2048, 2048]","[2048, 2048, 2048, 2049, 2049, 2049, 2048, 2049]","[2048, 2048, 2048, 2048, 2064, 2064, 2064]",332.0
1287,11307,14,5,2026-06-14T13:09:23.527000+00:00,24.99,35.262,26.476,227.0,241.0,False,86.728,"[None, 2049, 2048, 2048, 2048, 2048, 2048]","[2048, 2048, 2048, 2048, 2048, 2048, 2048, 2048]","[2048, 2048, 2048, 2048, 2048, 2048, 2048]",344.0
1287,11307,63,6,2026-06-14T13:10:20.175000+00:00,24.084,33.223,25.166,,252.0,False,82.473,"[None, 2048, 2048, 2048, 2048, 2048, 2049]","[2048, 2048, 2048, 2048, 2048, 2048, 2048, 2048]","[2048, 2048, 2048, 2048, 2048, 2048, 2048]",320.0
1287,11307,44,6,2026-06-14T13:10:22.549000+00:00,24.289,33.476,25.125,247.0,258.0,False,82.89,"[None, 2048, 2048, 2048, 2048, 2048, 2048]","[2049, 2048, 2048, 2048, 2048, 2048, 2048, 2048]","[2048, 2048, 2048, 2048, 2048, 2048, 2048]",
1287,11307,12,6,2026-06-14T13:10:23.643000+00:00,24.113,33.613,25.266,,252.0,False,82.992,"[None, 2048, 2048, 2048, 2048, 2048, 2048]","[2048, 2048, 2048, 2048, 2048, 2048, 2048, 2048]","[2048, 2048, 2048, 2048, 2048, 2048, 2048]",338.0
1287,11307,1,6,2026-06-14T13:10:26.206000+00:00,24.222,33.707,25.297,250.0,251.0,False,83.226,"[None, 2048, 2049, 2048, 2048, 2048, 2048]","[2049, 2048, 2048, 2048, 2048, 2049, 2048, 2048]","[2048, 2048, 2048, 2048, 2048, 2048, 2048]",331.0
1287,11307,3,6,2026-06-14T13:10:27.565000+00:00,24.045,33.861,25.507,256.0,263.0,False,83.413,"[None, 2048, 2048, 2048, 2048, 2048, 2048]","[2049, 2048, 2048, 2048, 2048, 2048, 2048, 2048]","[2048, 2048, 2048, 2048, 2048, 2048, 2048]",336.0
1287,11307,81,6,2026-06-14T13:10:28.831000+00:00,24.188,33.685,25.425,252.0,258.0,False,83.298,"[None, 2048, 2048, 2048, 2049, 2048, 2048]","[2049, 2049, 2048, 2048, 2048, 2049, 2048, 2049]","[2048, 2048, 2048, 2048, 2048, 2048, 2048]",337.0
1287,11307,16,6,2026-06-14T13:10:29.159000+00:00,24.939,33.615,25.281,248.0,260.0,False,83.835,"[None, 2048, 2048, 2048, 2048, 2048, 2048]","[2048, 2049, 2048, 2048, 2048, 2048, 2048, 2048]","[2048, 2048, 2048, 2048, 2049, 2048, 2048]",
1287,11307,30,6,2026-06-14T13:10:34.112000+00:00,24.555,34.793,25.855,246.0,249.0,False,85.203,"[None, 2048, 2049, 2048, 2048, 2048, 2048]","[2048, 2048, 2048, 2048, 2048, 2048, 2048, 2048]","[2048, 2048, 2048, 2048, 2048, 2048, 2048]",330.0
1287,11307,27,6,2026-06-14T13:10:34.800000+00:00,24.067,35.207,25.962,232.0,246.0,False,85.236,"[None, 2048, 2049, 2048, 2048, 2048, 2048]","[2048, 2048, 2048, 2048, 2048, 2048, 2048, 2048]","[2048, 2048, 2048, 2048, 2048, 2048]",343.0
1287,11307,41,6,2026-06-14T13:10:36.485000+00:00,24.69,34.736,25.988,253.0,256.0,False,85.414,"[None, 2048, 2049, 2048, 2048, 2048, 2048]","[2049, 2048, 2048, 2048, 2048, 2048, 2048, 2048]","[2048, 2048, 2048, 2048, 2048, 2048, 2048]",
1287,11307,43,6,2026-06-14T13:10:37.588000+00:00,24.618,34.606,25.724,243.0,252.0,False,84.948,"[None, 2048, 2048, 2048, 2048, 2048, 2048]","[2048, 2048, 2048, 2048, 2048, 2048, 2048, 2049]","[2049, 2048, 2048, 2048, 2048, 2048, 2048]",339.0
1287,11307,10,6,2026-06-14T13:10:38.529000+00:00,24.558,35.254,25.996,225.0,255.0,False,85.808,"[None, 2048, 2049, 2048, 2048, 2048, 2048]","[2048, 2048, 2048, 2048, 2048, 2048, 2048, 2049]","[2048, 2048, 2048, 2048, 2048, 2048, 2048]",351.0
1287,11307,6,6,2026-06-14T13:10:38.827000+00:00,23.918,34.758,25.823,246.0,250.0,False,84.499,"[None, 2048, 2048, 2048, 2048, 2048, 2049]","[2048, 2048, 2048, 2048, 2048, 2048, 2048, 2048]","[2048, 2048, 2048, 2048, 2048, 2048, 2048]",350.0
1287,11307,55,6,2026-06-14T13:10:40.575000+00:00,24.727,34.768,25.783,249.0,253.0,False,85.278,"[None, 2048, 2048, 2048, 2048, 2048, 2048]","[2049, 2048, 2049, 2049, 2048, 2048, 2048, 2048]","[2048, 2048, 2048, 2048, 2048, 2048, 2048]",336.0
1287,11307,31,6,2026-06-14T13:10:41.668000+00:00,24.721,34.785,26.129,235.0,246.0,False,85.635,"[None, 2048, 2048, 2048, 2048, 2048, 2048]","[2048, 2048, 2048, 2048, 2048, 2049, 2048, 2048]","[2048, 2048, 2048, 2048, 2049, 2048, 2048]",
1287,11307,87,6,2026-06-14T13:10:42.424000+00:00,24.611,34.883,26.098,234.0,250.0,False,85.592,"[None, 2048, 2048, 2048, 2048, 2048, 2048]","[2048, 2048, 2048, 2048, 2048, 2048, 2048, 2048]","[2048, 2048, 2048, 2048, 2048, 2048, 2048]",
1287,11307,5,6,2026-06-14T13:10:43.103000+00:00,24.556,34.96,26.032,242.0,257.0,False,85.548,"[None, 2048, 2048, 2048, 2048, 2048, 2048]","[2049, 2048, 2048, 2048, 2048, 2048, 2048, 2048]","[2048, 2048, 2048, 2048, 2048, 2048, 2048]",347.0
1287,11307,23,6,2026-06-14T13:10:44.495000+00:00,24.813,34.842,26.025,246.0,248.0,False,85.68,"[None, 2048, 2048, 2048, 2048, 2048, 2048]","[2049, 2048, 2048, 2048, 2049, 2048, 2048, 2048]","[2048, 2048, 2048, 2048, 2049, 2048, 2048]",336.0
1287,11307,11,6,2026-06-14T13:10:45.551000+00:00,24.732,34.942,26.342,237.0,247.0,False,86.016,"[None, 2048, 2049, 2048, 2048, 2048, 2048]","[2048, 2048, 2048, 2048, 2048, 2048, 2048, 2048]","[2048, 2048, 2048, 2048, 2048, 2048, 2048]",345.0
1287,11307,77,6,2026-06-14T13:10:48.322000+00:00,25.062,35.125,26.473,237.0,251.0,False,86.66,"[None, 2048, 2048, 2048, 2048, 2048, 2049]","[2049, 2049, 2048, 2048, 2048, 2048, 2048, 2048]","[2048, 2048, 2048, 2048, 2049, 2048, 2048]",
1287,11307,14,6,2026-06-14T13:10:50.252000+00:00,24.86,35.197,26.222,237.0,251.0,False,86.279,"[2048, 2048, 2048, 2048, 2049, 2048, 2048]","[2048, 2048, 2048, 2048, 2048, 2049, 2048, 2048]","[2048, 2048, 2048, 2048, 2048, 2048, 2048]",330.0
1287,11307,18,6,2026-06-14T13:10:57.395000+00:00,,,,,,False,,,,,
1287,11307,63,7,2026-06-14T13:11:42.650000+00:00,24.012,33.402,25.273,264.0,251.0,False,82.687,"[None, 2048, 2048, 2048, 2048, 2048, 2049]","[2048, 2048, 2048, 2048, 2048, 2048, 2048, 2048]","[2048, 2048, 2048, 2048, 2048, 2048, 2048]",330.0
1287,11307,44,7,2026-06-14T13:11:45.463000+00:00,24.111,33.479,25.347,258.0,256.0,False,82.937,"[None, 2048, 2048, 2048, 2048, 2048, 2048]","[2049, 2048, 2048, 2048, 2048, 2048, 2048, 2048]","[2048, 2048, 2048, 2048, 2048, 2048, 2048]",324.0
1287,11307,12,7,2026-06-14T13:11:46.572000+00:00,24.314,33.639,25.135,244.0,268.0,False,83.088,"[None, 2048, 2048, 2048, 2048, 2048, 2048]","[2048, 2048, 2048, 2048, 2048, 2048, 2048, 2048]","[2048, 2048, 2048, 2048, 2048, 2048, 2048]",337.0
1287,11307,1,7,2026-06-14T13:11:49.463000+00:00,24.175,33.895,25.287,259.0,256.0,False,83.357,"[None, 2048, 2049, 2048, 2048, 2048, 2048]","[2049, 2048, 2048, 2048, 2048, 2048, 2048, 2048]","[2048, 2048, 2048, 2048, 2048, 2048, 2048]",330.0
1287,11307,3,7,2026-06-14T13:11:51.057000+00:00,24.032,33.854,25.457,258.0,265.0,False,83.343,"[None, 2048, 2048, 2048, 2048, 2048, 2048]","[2048, 2048, 2048, 2048, 2048, 2048, 2048, 2049]","[2048, 2048, 2048, 2049, 2048, 2048, 2048]",
1287,11307,81,7,2026-06-14T13:11:51.994000+00:00,24.148,33.908,25.513,249.0,258.0,False,83.569,"[None, 2048, 2048, 2048, 2049, 2048, 2048]","[2048, 2048, 2048, 2048, 2048, 2048, 2048, 2048]","[2048, 2048, 2048, 2048, 2048, 2048, 2048]",338.0
1287,11307,16,7,2026-06-14T13:11:53.025000+00:00,24.086,33.681,25.335,250.0,265.0,False,83.102,"[2048, 2048, 2048, 2048, 2049, 2048, 2048]","[2048, 2048, 2048, 2049, 2048, 2048, 2048, 2048]","[2048, 2048, 2048, 2048, 2048, 2048, 2049]",341.0
1287,11307,30,7,2026-06-14T13:11:59.338000+00:00,24.559,34.36,25.864,250.0,257.0,False,84.783,"[None, 2048, 2048, 2048, 2048, 2048, 2048]","[2048, 2048, 2048, 2048, 2048, 2048, 2048, 2048]","[2048, 2048, 2048, 2048, 2048, 2048, 2048]",326.0
1287,11307,27,7,2026-06-14T13:12:00.010000+00:00,24.133,34.978,26.217,241.0,244.0,False,85.328,"[None, 2048, 2048, 2048, 2048, 2048, 2048]","[2048, 2048, 2048, 2048, 2048, 2048, 2048, 2048]","[2048, 2048, 2048, 2048, 2048, 2048, 2048]",337.0
1287,11307,41,7,2026-06-14T13:12:01.828000+00:00,24.786,34.639,26.101,249.0,252.0,False,85.526,"[None, 2048, 2048, 2048, 2048, 2048, 2048]","[2048, 2048, 2048, 2048, 2048, 2048, 2048, 2048]","[2048, 2048, 2048, 2048, 2048, 2048, 2048]",336.0
1287,11307,43,7,2026-06-14T13:12:02.828000+00:00,24.697,35.548,26.194,234.0,242.0,False,86.439,"[None, 2048, 2048, 2048, 2048, 2048, 2048]","[2048, 2048, 2048, 2048, 2048, 2048, 2048, 2048]","[2048, 2048, 2048, 2048, 2048, 2048, 2048]",347.0
1287,11307,6,7,2026-06-14T13:12:03.404000+00:00,24.05,34.536,25.991,,242.0,False,84.577,"[None, 2048, 2048, 2048, 2048, 2048, 2049]","[2048, 2049, 2048, 2048, 2048, 2048, 2048, 2048]","[2048, 2048, 2048, 2048, 2048, 2048, 2048]",345.0
1287,11307,10,7,2026-06-14T13:12:04.326000+00:00,24.429,34.792,26.165,243.0,247.0,False,85.386,"[None, 2048, 2049, 2048, 2048, 2048, 2048]","[2048, 2048, 2049, 2048, 2048, 2048, 2048, 2048]","[2048, 2048, 2048, 2048, 2048, 2048, 2048]",350.0
1287,11307,55,7,2026-06-14T13:12:05.841000+00:00,24.782,34.74,26.046,242.0,256.0,False,85.568,"[None, 2048, 2048, 2048, 2048, 2048, 2048]","[2048, 2048, 2048, 2049, 2048, 2048, 2048, 2048]","[2048, 2048, 2048, 2048, 2048, 2048, 2048]",
1287,11307,31,7,2026-06-14T13:12:07.310000+00:00,24.823,34.805,26.226,243.0,257.0,False,85.854,"[None, 2048, 2048, 2048, 2048, 2048, 2049]","[2049, 2048, 2048, 2048, 2048, 2049, 2048, 2049]","[2048, 2048, 2048, 2048, 2048, 2048, 2048]",330.0
1287,11307,87,7,2026-06-14T13:12:07.935000+00:00,24.594,35.049,26.458,240.0,250.0,False,86.101,"[None, 2048, 2048, 2048, 2048, 2048, 2048]","[2048, 2048, 2048, 2048, 2048, 2048, 2048, 2048]","[2048, 2048, 2048, 2048, 2048, 2048, 2048]",
1287,11307,5,7,2026-06-14T13:12:08.607000+00:00,24.691,35.084,26.449,241.0,248.0,False,86.224,"[None, 2048, 2049, 2048, 2048, 2048, 2048]","[2048, 2048, 2048, 2048, 2048, 2048, 2048, 2048]","[2048, 2048, 2048, 2048, 2048, 2048, 2048]",348.0
1287,11307,23,7,2026-06-14T13:12:10.138000+00:00,24.855,34.979,26.274,242.0,255.0,False,86.108,"[None, 2048, 2048, 2048, 2048, 2048, 2048]","[2048, 2048, 2048, 2049, 2048, 2048, 2048, 2048]","[2048, 2048, 2048, 2048, 2048, 2048, 2048]",
1287,11307,11,7,2026-06-14T13:12:11.607000+00:00,24.905,34.724,26.461,240.0,246.0,False,86.09,"[None, 2048, 2048, 2048, 2048, 2048, 2049]","[2048, 2049, 2049, 2049, 2048, 2048, 2048, 2049]","[2048, 2048, 2048, 2048, 2048, 2048, 2048]",330.0
1287,11307,77,7,2026-06-14T13:12:14.904000+00:00,25.072,35.016,26.593,,252.0,False,86.681,"[None, 2048, 2048, 2048, 2048, 2048, 2049]","[2049, 2049, 2048, 2048, 2048, 2048, 2048, 2048]","[2048, 2048, 2048, 2048, 2048, 2048, 2048]",325.0
1287,11307,14,7,2026-06-14T13:12:16.576000+00:00,25.112,34.96,26.261,240.0,250.0,False,86.333,"[None, 2048, 2048, 2048, 2048, 2048, 2048]","[2048, 2048, 2048, 2049, 2048, 2049, 2048, 2048]","[2049, 2048, 2048, 2048, 2048, 2048, 2048]",322.0
1287,11307,63,8,2026-06-14T13:13:05.360000+00:00,24.073,33.76,25.42,254.0,251.0,False,83.253,"[None, 2049, 2048, 2048, 2048, 2048, 2048]","[2048, 2048, 2048, 2048, 2048, 2048, 2048, 2048]","[2048, 2048, 2048, 2048, 2048, 2048, 2048]",
1287,11307,44,8,2026-06-14T13:13:08.376000+00:00,24.072,33.88,25.399,,257.0,False,83.351,"[None, 2048, 2048, 2048, 2048, 2048, 2049]","[2048, 2048, 2048, 2048, 2048, 2048, 2048, 2048]","[2048, 2048, 2048, 2048, 2048, 2048, 2048]",325.0
1287,11307,12,8,2026-06-14T13:13:09.814000+00:00,24.364,33.983,25.41,249.0,258.0,False,83.757,"[None, 2048, 2048, 2048, 2048, 2048, 2048]","[2048, 2048, 2048, 2048, 2048, 2048, 2048, 2048]","[2048, 2048, 2048, 2048, 2048, 2048, 2048]",
1287,11307,1,8,2026-06-14T13:13:12.845000+00:00,24.237,33.773,25.382,247.0,256.0,False,83.392,"[None, 2048, 2049, 2048, 2048, 2048, 2048]","[2048, 2048, 2048, 2048, 2048, 2048, 2048, 2048]","[2048, 2048, 2048, 2048, 2048, 2048, 2048]",
1287,11307,3,8,2026-06-14T13:13:14.377000+00:00,24.149,34.009,25.505,256.0,268.0,False,83.663,"[None, 2048, 2048, 2048, 2048, 2048, 2048]","[2048, 2048, 2048, 2048, 2048, 2048, 2048, 2049]","[2048, 2048, 2048, 2048, 2048, 2048, 2048]",334.0
1287,11307,81,8,2026-06-14T13:13:15.660000+00:00,24.565,35.038,25.904,236.0,248.0,False,85.507,"[None, 2048, 2048, 2048, 2048, 2048, 2048]","[2048, 2048, 2048, 2048, 2048, 2048, 2048, 2048]","[2048, 2048, 2048, 2048, 2048, 2048, 2048]",334.0
1287,11307,16,8,2026-06-14T13:13:16.113000+00:00,23.954,34.031,25.417,260.0,259.0,False,83.402,"[2049, 2049, 2048, 2048, 2049, 2049, 2049]","[2048, 2048, 2048, 2048, 2048, 2048, 2048, 2048]","[2048, 2048, 2048, 2048, 2049, 2048, 2048]",347.0
1287,11307,30,8,2026-06-14T13:13:24.051000+00:00,24.699,34.748,25.862,,254.0,False,85.309,"[None, 2048, 2048, 2048, 2048, 2048, 2048]","[2048, 2048, 2048, 2048, 2048, 2048, 2048, 2048]","[2048, 2048, 2048, 2048, 2048, 2048, 2048]",327.0
1287,11307,27,8,2026-06-14T13:13:25.441000+00:00,24.694,34.673,25.739,240.0,258.0,False,85.106,"[None, 2048, 2048, 2048, 2048, 2048, 2048]","[2048, 2048, 2048, 2049, 2048, 2048, 2048, 2048]","[2048, 2048, 2048, 2048, 2048, 2048, 2048]",323.0
1287,11307,41,8,2026-06-14T13:13:27.341000+00:00,24.586,34.733,26.149,248.0,255.0,False,85.468,"[None, 2048, 2048, 2048, 2048, 2048, 2048]","[2048, 2048, 2048, 2048, 2048, 2048, 2048, 2048]","[2048, 2048, 2048, 2048, 2048, 2048, 2048]",334.0
1287,11307,6,8,2026-06-14T13:13:27.959000+00:00,24.437,34.881,26.024,243.0,251.0,False,85.342,"[None, 2048, 2048, 2048, 2048, 2048, 2048]","[2048, 2048, 2048, 2048, 2048, 2048, 2048, 2048]","[2048, 2048, 2048, 2048, 2048, 2048, 2048]",342.0
1287,11307,43,8,2026-06-14T13:13:29.051000+00:00,24.742,34.955,25.864,246.0,253.0,False,85.561,"[None, 2048, 2048, 2048, 2048, 2048, 2048]","[2048, 2048, 2048, 2048, 2048, 2048, 2048, 2048]","[2048, 2048, 2048, 2048, 2048, 2048, 2048]",349.0
1287,11307,10,8,2026-06-14T13:13:29.753000+00:00,24.435,35.203,26.082,230.0,250.0,False,85.72,"[None, 2048, 2048, 2048, 2048, 2048, 2048]","[2048, 2048, 2048, 2048, 2048, 2048, 2048, 2048]","[2048, 2048, 2048, 2048, 2048, 2048, 2048]",
1287,11307,55,8,2026-06-14T13:13:31.435000+00:00,24.821,34.931,26.004,243.0,254.0,False,85.756,"[None, 2048, 2048, 2048, 2048, 2048, 2048]","[2048, 2048, 2048, 2048, 2048, 2048, 2048, 2048]","[2048, 2048, 2048, 2048, 2048, 2048, 2048]",334.0
1287,11307,31,8,2026-06-14T13:13:33.061000+00:00,24.814,34.773,26.188,245.0,258.0,False,85.775,"[None, 2048, 2048, 2048, 2048, 2048, 2049]","[2048, 2048, 2048, 2048, 2048, 2048, 2048, 2049]","[2048, 2048, 2048, 2048, 2048, 2048, 2048]",328.0
1287,11307,87,8,2026-06-14T13:13:34.123000+00:00,24.698,35.061,26.368,236.0,249.0,False,86.127,"[None, 2048, 2048, 2048, 2048, 2048, 2048]","[2048, 2048, 2048, 2048, 2048, 2048, 2048, 2048]","[2048, 2048, 2048, 2048, 2048, 2048, 2048]",348.0
1287,11307,5,8,2026-06-14T13:13:34.873000+00:00,24.766,35.257,26.324,247.0,239.0,False,86.347,"[None, 2048, 2048, 2048, 2048, 2048, 2049]","[2048, 2048, 2048, 2049, 2048, 2048, 2048, 2048]","[2048, 2048, 2048, 2048, 2048, 2048, 2048]",346.0
1287,11307,23,8,2026-06-14T13:13:36.167000+00:00,24.983,35.062,26.393,238.0,244.0,False,86.438,"[None, 2048, 2048, 2048, 2048, 2048, 2048]","[2048, 2048, 2048, 2048, 2048, 2048, 2048, 2048]","[2048, 2048, 2048, 2048, 2048, 2048, 2048]",334.0
1287,11307,11,8,2026-06-14T13:13:37.677000+00:00,25.05,35.1,26.332,241.0,256.0,False,86.482,"[None, 2048, 2048, 2048, 2048, 2048, 2048]","[2048, 2048, 2048, 2048, 2048, 2048, 2048, 2049]","[2049, 2048, 2048, 2048, 2048, 2048, 2048]",329.0
1287,11307,77,8,2026-06-14T13:13:41.570000+00:00,25.239,35.352,26.579,239.0,251.0,False,87.17,"[None, 2048, 2048, 2048, 2048, 2048, 2048]","[2048, 2048, 2048, 2048, 2048, 2048, 2048, 2048]","[2048, 2048, 2048, 2048, 2048, 2048, 2048]",
1287,11307,14,8,2026-06-14T13:13:42.867000+00:00,24.96,35.263,26.421,231.0,238.0,False,86.644,"[None, 2048, 2048, 2048, 2048, 2048, 2048]","[2048, 2048, 2048, 2048, 2048, 2048, 2048, 2049]","[2048, 2048, 2048, 2048, 2048, 2048, 2048]",324.0
1287,11307,63,9,2026-06-14T13:14:28.615000+00:00,24.249,33.59,25.359,255.0,253.0,False,83.198,"[None, 2048, 2048, 2048, 2048, 2048, 2048]","[2048, 2048, 2048, 2048, 2048, 2048, 2048, 2048]","[2048, 2048, 2048, 2048, 2048, 2048, 2048]",
1287,11307,44,9,2026-06-14T13:14:31.771000+00:00,24.25,33.677,25.535,257.0,264.0,False,83.462,"[None, 2048, 2048, 2048, 2048, 2048, 2048]","[2048, 2048, 2048, 2048, 2048, 2048, 2048, 2048]","[2048, 2048, 2048, 2048, 2048, 2048, 2048]",324.0
1287,11307,12,9,2026-06-14T13:14:33.552000+00:00,24.322,33.892,25.346,247.0,263.0,False,83.56,"[None, 2048, 2048, 2048, 2048, 2048, 2048]","[2048, 2048, 2048, 2048, 2048, 2048, 2048, 2048]","[2048, 2048, 2048, 2048, 2048, 2048, 2048]",335.0
1287,11307,1,9,2026-06-14T13:14:36.146000+00:00,24.26,33.774,25.467,252.0,256.0,False,83.501,"[None, 2048, 2048, 2048, 2048, 2048, 2048]","[2048, 2048, 2048, 2049, 2048, 2048, 2048, 2048]","[2048, 2048, 2048, 2048, 2048, 2048, 2048]",
1287,11307,3,9,2026-06-14T13:14:37.921000+00:00,24.243,34.087,25.639,,264.0,False,83.969,"[None, 2048, 2048, 2048, 2048, 2048, 2048]","[2048, 2048, 2048, 2048, 2048, 2048, 2048, 2048]","[2048, 2048, 2048, 2048, 2048, 2048, 2048]",
1287,11307,16,9,2026-06-14T13:14:39.515000+00:00,24.364,33.791,25.406,256.0,262.0,False,83.561,"[2048, 2048, 2048, 2048, 2048, 2048, 2048]","[2048, 2048, 2048, 2048, 2048, 2048, 2048, 2048]","[2048, 2048, 2048, 2048, 2048, 2048, 2048]",331.0
1287,11307,81,9,2026-06-14T13:14:41.155000+00:00,24.385,34.366,25.797,250.0,251.0,False,84.548,"[None, 2048, 2048, 2048, 2048, 2048, 2048]","[2048, 2048, 2048, 2048, 2048, 2048, 2048, 2048]","[2048, 2048, 2048, 2048, 2048, 2048, 2048]",333.0
1287,11307,30,9,2026-06-14T13:14:49.484000+00:00,24.612,34.698,25.875,247.0,260.0,False,85.185,"[None, 2048, 2048, 2048, 2048, 2048, 2048]","[2048, 2048, 2048, 2048, 2048, 2048, 2048, 2048]","[2048, 2048, 2048, 2048, 2048, 2048, 2048]",330.0
1287,11307,27,9,2026-06-14T13:14:50.546000+00:00,24.552,34.659,25.888,248.0,252.0,False,85.099,"[None, 2048, 2048, 2048, 2048, 2048, 2048]","[2049, 2048, 2048, 2048, 2048, 2048, 2048, 2048]","[2048, 2048, 2048, 2048, 2048, 2048, 2048]",329.0
1287,11307,41,9,2026-06-14T13:14:52.906000+00:00,24.92,34.802,26.071,250.0,251.0,False,85.793,"[None, 2048, 2048, 2048, 2048, 2048, 2048]","[2048, 2048, 2048, 2048, 2048, 2048, 2048, 2048]","[2048, 2048, 2048, 2048, 2048, 2048, 2048]",
1287,11307,6,9,2026-06-14T13:14:53.312000+00:00,25.11,34.808,25.996,247.0,249.0,False,85.914,"[None, 2048, 2051, 2048, 2048, 2048, 2048]","[2048, 2048, 2048, 2048, 2048, 2048, 2048, 2048]","[2049, 2048, 2048, 2048, 2048, 2048, 2048]",347.0
1287,11307,43,9,2026-06-14T13:14:54.612000+00:00,24.832,35.15,26.202,,257.0,False,86.184,"[None, 2048, 2048, 2048, 2048, 2048, 2048]","[2048, 2048, 2048, 2048, 2048, 2048, 2048, 2048]","[2048, 2048, 2048, 2048, 2048, 2048, 2048]",337.0
1287,11307,10,9,2026-06-14T13:14:55.515000+00:00,24.409,35.397,26.248,234.0,246.0,False,86.054,"[None, 2048, 2048, 2048, 2048, 2048, 2048]","[2048, 2048, 2048, 2048, 2048, 2048, 2048, 2048]","[2048, 2048, 2048, 2048, 2048, 2048, 2048]",
1287,11307,55,9,2026-06-14T13:14:57.203000+00:00,24.984,35.038,26.094,245.0,257.0,False,86.116,"[None, 2048, 2048, 2048, 2048, 2048, 2048]","[2048, 2048, 2048, 2048, 2048, 2048, 2048, 2048]","[2048, 2048, 2048, 2048, 2048, 2048, 2048]",
1287,11307,31,9,2026-06-14T13:14:58.906000+00:00,25.013,34.946,26.38,242.0,256.0,False,86.339,"[None, 2048, 2048, 2048, 2048, 2048, 2048]","[2048, 2048, 2048, 2048, 2048, 2048, 2048, 2048]","[2048, 2048, 2048, 2048, 2048, 2048, 2048]",327.0
1287,11307,87,9,2026-06-14T13:15:00.218000+00:00,24.899,35.14,26.282,,242.0,False,86.321,"[None, 2048, 2048, 2048, 2048, 2048, 2048]","[2048, 2048, 2048, 2048, 2048, 2048, 2048, 2048]","[2048, 2048, 2048, 2048, 2048, 2048, 2048]",330.0
1287,11307,5,9,2026-06-14T13:15:01.234000+00:00,24.779,35.23,26.292,244.0,252.0,False,86.301,"[None, 2048, 2048, 2048, 2048, 2048, 2048]","[2048, 2048, 2048, 2048, 2048, 2048, 2048, 2048]","[2048, 2048, 2048, 2048, 2048, 2048, 2048]",
1287,11307,23,9,2026-06-14T13:15:02.718000+00:00,24.941,35.279,26.368,247.0,247.0,False,86.588,"[None, 2048, 2048, 2048, 2048, 2048, 2048]","[2048, 2048, 2048, 2048, 2048, 2048, 2048, 2048]","[2048, 2048, 2048, 2048, 2048, 2048, 2048]",
1287,11307,11,9,2026-06-14T13:15:04.078000+00:00,25.091,35.283,26.528,244.0,246.0,False,86.902,"[None, 2048, 2048, 2048, 2048, 2048, 2048]","[2048, 2048, 2048, 2048, 2048, 2048, 2048, 2048]","[2048, 2048, 2048, 2048, 2048, 2048, 2048]",327.0
1287,11307,77,9,2026-06-14T13:15:08.734000+00:00,25.354,35.617,26.775,236.0,240.0,False,87.746,"[None, 2048, 2048, 2048, 2048, 2048, 2048]","[2048, 2048, 2048, 2048, 2048, 2048, 2048, 2048]","[2048, 2048, 2048, 2048, 2049, 2048, 2048]",323.0
1287,11307,14,9,2026-06-14T13:15:09.471000+00:00,25.088,35.762,26.629,223.0,240.0,False,87.479,"[None, 2048, 2048, 2048, 2048, 2048, 2048]","[2048, 2048, 2048, 2048, 2048, 2048, 2048, 2049]","[2048, 2048, 2048, 2048, 2048, 2048, 2048]",334.0
1287,11307,63,10,2026-06-14T13:15:51.824000+00:00,24.11,33.811,25.589,258.0,257.0,False,83.51,"[None, 2048, 2048, 2048, 2048, 2048, 2048]","[2048, 2048, 2048, 2048, 2048, 2048, 2048, 2048]","[2048, 2048, 2048, 2048, 2048, 2048, 2048]",
1287,11307,44,10,2026-06-14T13:15:55.147000+00:00,24.267,33.672,25.637,259.0,252.0,False,83.576,"[None, 2048, 2048, 2048, 2048, 2048, 2048]","[2048, 2048, 2048, 2048, 2048, 2048, 2048, 2048]","[2048, 2048, 2048, 2048, 2048, 2048, 2048]",
1287,11307,12,10,2026-06-14T13:15:57.037000+00:00,24.411,33.875,25.596,,266.0,False,83.882,"[None, 2048, 2048, 2048, 2048, 2048, 2048]","[2048, 2048, 2048, 2048, 2048, 2048, 2048, 2048]","[2048, 2048, 2048, 2048, 2048, 2048, 2048]",
1287,11307,1,10,2026-06-14T13:15:59.741000+00:00,24.292,33.706,25.321,,258.0,False,83.319,"[None, 2048, 2048, 2048, 2048, 2048, 2048]","[2048, 2048, 2048, 2048, 2048, 2048, 2048, 2048]","[2048, 2048, 2048, 2048, 2048, 2048, 2048]",
1287,11307,3,10,2026-06-14T13:16:01.960000+00:00,24.228,34.084,26.001,261.0,269.0,False,84.313,"[None, 2048, 2049, 2048, 2048, 2048, 2048]","[2048, 2048, 2048, 2048, 2048, 2048, 2048, 2048]","[2048, 2048, 2048, 2048, 2048, 2048, 2048]",330.0
1287,11307,16,10,2026-06-14T13:16:02.975000+00:00,24.324,33.799,25.677,250.0,260.0,False,83.8,"[None, 2048, 2048, 2048, 2048, 2048, 2048]","[2048, 2048, 2048, 2048, 2048, 2049, 2048, 2048]","[2048, 2048, 2048, 2048, 2048, 2048, 2048]",
1287,11307,81,10,2026-06-14T13:16:05.663000+00:00,24.444,34.169,25.788,247.0,259.0,False,84.401,"[None, 2048, 2048, 2048, 2048, 2048, 2048]","[2048, 2048, 2048, 2048, 2048, 2048, 2048, 2049]","[2048, 2048, 2048, 2048, 2048, 2048, 2048]",331.0
1287,11307,30,10,2026-06-14T13:16:14.631000+00:00,24.666,34.52,26.103,248.0,259.0,False,85.289,"[None, 2048, 2048, 2048, 2048, 2048, 2048]","[2048, 2048, 2048, 2048, 2048, 2048, 2048, 2048]","[2048, 2048, 2048, 2048, 2048, 2048, 2048]",326.0
1287,11307,27,10,2026-06-14T13:16:15.631000+00:00,24.759,34.675,26.017,240.0,255.0,False,85.451,"[None, 2048, 2048, 2048, 2048, 2048, 2048]","[2049, 2048, 2048, 2048, 2048, 2048, 2048, 2048]","[2048, 2048, 2048, 2048, 2048, 2048, 2048]",330.0
1287,11307,41,10,2026-06-14T13:16:18.663000+00:00,24.704,35.556,26.453,242.0,246.0,False,86.713,"[None, 2048, 2048, 2048, 2048, 2048, 2048]","[2048, 2048, 2048, 2048, 2048, 2048, 2048, 2048]","[2048, 2048, 2048, 2048, 2048, 2048, 2048]",333.0
1287,11307,6,10,2026-06-14T13:16:19.194000+00:00,24.19,34.523,25.796,263.0,260.0,False,84.509,"[None, 2048, 2048, 2048, 2048, 2048, 2051]","[2048, 2048, 2048, 2048, 2049, 2048, 2048, 2048]","[2049, 2048, 2048, 2048, 2048, 2048, 2048]",344.0
1287,11307,43,10,2026-06-14T13:16:20.835000+00:00,24.869,35.109,26.124,238.0,247.0,False,86.102,"[None, 2048, 2048, 2048, 2048, 2048, 2048]","[2048, 2048, 2048, 2048, 2048, 2048, 2048, 2048]","[2048, 2048, 2048, 2048, 2048, 2048, 2048]",336.0
1287,11307,10,10,2026-06-14T13:16:21.506000+00:00,24.495,35.281,26.279,236.0,251.0,False,86.055,"[None, 2048, 2048, 2048, 2048, 2048, 2048]","[2048, 2048, 2048, 2048, 2048, 2048, 2048, 2048]","[2048, 2048, 2048, 2048, 2048, 2048, 2048]",351.0
1287,11307,55,10,2026-06-14T13:16:23.350000+00:00,24.994,35.031,26.116,250.0,255.0,False,86.141,"[None, 2048, 2048, 2048, 2048, 2048, 2048]","[2048, 2048, 2048, 2048, 2048, 2048, 2048, 2048]","[2048, 2048, 2048, 2048, 2048, 2048, 2048]",
1287,11307,31,10,2026-06-14T13:16:25.178000+00:00,25.098,35.104,26.459,239.0,249.0,False,86.661,"[None, 2048, 2048, 2048, 2048, 2048, 2048]","[2048, 2048, 2048, 2048, 2048, 2048, 2048, 2048]","[2048, 2048, 2048, 2048, 2048, 2048, 2048]",326.0
1287,11307,87,10,2026-06-14T13:16:26.600000+00:00,24.987,35.09,26.428,234.0,250.0,False,86.505,"[None, 2048, 2048, 2048, 2048, 2048, 2048]","[2048, 2048, 2048, 2048, 2048, 2048, 2048, 2048]","[2048, 2048, 2048, 2048, 2048, 2048, 2048]",
1287,11307,5,10,2026-06-14T13:16:27.538000+00:00,24.757,35.253,26.416,246.0,250.0,False,86.426,"[None, 2048, 2048, 2048, 2048, 2048, 2048]","[2049, 2048, 2048, 2048, 2048, 2048, 2048, 2048]","[2048, 2048, 2048, 2048, 2048, 2048, 2048]",345.0
1287,11307,23,10,2026-06-14T13:16:29.319000+00:00,25.051,35.039,26.474,246.0,252.0,False,86.564,"[None, 2048, 2048, 2048, 2048, 2048, 2048]","[2048, 2048, 2048, 2048, 2048, 2048, 2048, 2048]","[2048, 2048, 2048, 2048, 2048, 2048, 2048]",
1287,11307,11,10,2026-06-14T13:16:30.988000+00:00,25.157,35.101,26.47,240.0,258.0,False,86.728,"[None, 2048, 2048, 2048, 2048, 2048, 2048]","[2048, 2048, 2048, 2048, 2048, 2048, 2048, 2049]","[2048, 2048, 2048, 2048, 2048, 2048, 2048]",326.0
1287,11307,77,10,2026-06-14T13:16:36.581000+00:00,25.928,35.426,26.614,232.0,256.0,False,87.968,"[None, 2048, 2048, 2048, 2048, 2048, 2048]","[2048, 2048, 2048, 2048, 2048, 2048, 2048, 2048]","[2048, 2048, 2048, 2048, 2049, 2048, 2048]",328.0
1287,11307,14,10,2026-06-14T13:16:36.988000+00:00,26.16,35.597,26.703,226.0,242.0,False,88.46,"[2049, 2049, 2051, 2048, 2048, 2048, 2048]","[2048, 2048, 2048, 2048, 2048, 2048, 2048, 2048]","[2048, 2048, 2048, 2048, 2048, 2048, 2048]",349.0
1287,11307,63,11,2026-06-14T13:17:15.332000+00:00,24.28,33.826,25.595,,257.0,False,83.701,"[None, 2048, 2048, 2048, 2048, 2048, 2048]","[2048, 2048, 2048, 2048, 2048, 2048, 2048, 2048]","[2048, 2048, 2048, 2048, 2048, 2048, 2048]",
1287,11307,44,11,2026-06-14T13:17:18.801000+00:00,24.458,33.568,29.802,256.0,255.0,False,87.828,"[None, 2048, 2048, 2048, 2048, 2048, 2048]","[2048, 2048, 2048, 2048, 2048, 2048, 2048, 2048]","[2048, 2048, 2048, 2048, 2064, 2064, 2064]",
1287,11307,12,11,2026-06-14T13:17:20.910000+00:00,24.36,33.783,25.443,246.0,259.0,False,83.586,"[None, 2048, 2048, 2048, 2048, 2048, 2048]","[2048, 2048, 2048, 2048, 2048, 2048, 2048, 2048]","[2048, 2048, 2048, 2048, 2048, 2048, 2048]",
1287,11307,1,11,2026-06-14T13:17:22.957000+00:00,24.283,33.758,25.36,257.0,261.0,False,83.401,"[None, 2048, 2049, 2048, 2048, 2048, 2048]","[2048, 2048, 2048, 2048, 2048, 2048, 2048, 2048]","[2048, 2048, 2048, 2048, 2048, 2048, 2048]",332.0
1287,11307,3,11,2026-06-14T13:17:26.316000+00:00,24.26,34.106,25.811,259.0,266.0,False,84.177,"[None, 2048, 2048, 2048, 2048, 2048, 2048]","[2048, 2048, 2048, 2048, 2048, 2048, 2048, 2048]","[2048, 2048, 2048, 2048, 2048, 2048, 2048]",
1287,11307,16,11,2026-06-14T13:17:26.801000+00:00,24.404,34.092,25.682,253.0,250.0,False,84.178,"[None, 2048, 2048, 2048, 2048, 2048, 2048]","[2048, 2048, 2048, 2048, 2048, 2048, 2048, 2048]","[2048, 2048, 2048, 2048, 2048, 2048, 2048]",333.0
1287,11307,81,11,2026-06-14T13:17:30.129000+00:00,24.465,33.899,25.733,253.0,253.0,False,84.097,"[None, 2048, 2048, 2048, 2048, 2048, 2048]","[2049, 2048, 2048, 2048, 2048, 2048, 2049, 2048]","[2048, 2048, 2048, 2048, 2048, 2048, 2048]",
1287,11307,30,11,2026-06-14T13:17:39.979000+00:00,24.821,34.539,29.708,244.0,255.0,False,89.068,"[None, 2048, 2048, 2048, 2048, 2048, 2048]","[2048, 2048, 2048, 2049, 2048, 2048, 2048, 2048]","[2048, 2048, 2048, 2048, 2064, 2064, 2064]",330.0
1287,11307,27,11,2026-06-14T13:17:41.057000+00:00,24.678,34.747,25.962,,248.0,False,85.387,"[None, 2048, 2048, 2048, 2048, 2048, 2048]","[2048, 2048, 2048, 2048, 2048, 2048, 2048, 2048]","[2048, 2048, 2048, 2048, 2048, 2048, 2048]",327.0
1287,11307,6,11,2026-06-14T13:17:43.681000+00:00,24.318,34.42,25.793,252.0,258.0,False,84.531,"[None, 2048, 2048, 2048, 2048, 2048, 2048]","[2048, 2048, 2048, 2049, 2048, 2048, 2048, 2048]","[2049, 2048, 2048, 2048, 2048, 2048, 2048]",334.0
1287,11307,41,11,2026-06-14T13:17:45.418000+00:00,24.883,34.689,26.314,250.0,257.0,False,85.886,"[None, 2048, 2048, 2048, 2048, 2048, 2048]","[2049, 2048, 2048, 2049, 2048, 2048, 2048, 2048]","[2048, 2048, 2048, 2048, 2048, 2048, 2048]",336.0
1287,11307,43,11,2026-06-14T13:17:46.851000+00:00,24.714,34.937,26.059,236.0,250.0,False,85.71,"[None, 2048, 2048, 2048, 2048, 2048, 2048]","[2048, 2048, 2048, 2049, 2048, 2048, 2048, 2048]","[2048, 2048, 2048, 2048, 2048, 2048, 2048]",338.0
1287,11307,10,11,2026-06-14T13:17:47.540000+00:00,24.64,35.135,26.179,245.0,254.0,False,85.954,"[None, 2048, 2048, 2048, 2048, 2048, 2048]","[2048, 2048, 2048, 2048, 2048, 2048, 2048, 2048]","[2048, 2048, 2048, 2048, 2048, 2048, 2048]",
1287,11307,55,11,2026-06-14T13:17:49.453000+00:00,24.943,35.15,26.303,241.0,249.0,False,86.396,"[None, 2048, 2048, 2048, 2048, 2048, 2048]","[2048, 2048, 2048, 2048, 2048, 2048, 2048, 2048]","[2048, 2048, 2048, 2048, 2048, 2048, 2048]",
1287,11307,31,11,2026-06-14T13:17:51.880000+00:00,24.956,35.011,26.677,,253.0,False,86.644,"[None, 2048, 2048, 2048, 2048, 2048, 2048]","[2048, 2048, 2048, 2048, 2048, 2048, 2048, 2048]","[2048, 2048, 2048, 2048, 2048, 2048, 2048]",327.0
1287,11307,87,11,2026-06-14T13:17:52.956000+00:00,24.953,35.027,26.674,249.0,262.0,False,86.654,"[None, 2048, 2048, 2048, 2048, 2048, 2048]","[2049, 2048, 2048, 2048, 2048, 2048, 2048, 2048]","[2048, 2048, 2048, 2048, 2048, 2048, 2048]",332.0
1287,11307,5,11,2026-06-14T13:17:54.018000+00:00,24.8,35.304,26.496,248.0,255.0,False,86.6,"[None, 2048, 2048, 2048, 2048, 2048, 2048]","[2049, 2048, 2048, 2048, 2048, 2048, 2048, 2048]","[2048, 2048, 2048, 2048, 2048, 2048, 2048]",349.0
1287,11307,23,11,2026-06-14T13:17:55.841000+00:00,25.03,35.181,26.266,247.0,251.0,False,86.477,"[None, 2048, 2048, 2048, 2048, 2048, 2048]","[2048, 2048, 2048, 2049, 2048, 2048, 2048, 2048]","[2048, 2048, 2048, 2048, 2048, 2048, 2048]",335.0
1287,11307,11,11,2026-06-14T13:17:57.835000+00:00,25.109,35.201,26.68,236.0,253.0,False,86.99,"[None, 2048, 2048, 2048, 2048, 2048, 2048]","[2048, 2048, 2048, 2048, 2048, 2048, 2048, 2049]","[2048, 2048, 2048, 2048, 2048, 2048, 2048]",327.0
1287,11307,77,11,2026-06-14T13:18:04.442000+00:00,25.325,35.714,27.006,233.0,246.0,False,88.045,"[None, 2048, 2048, 2048, 2048, 2048, 2048]","[2048, 2048, 2048, 2048, 2048, 2048, 2048, 2048]","[2048, 2048, 2048, 2048, 2048, 2048, 2048]",324.0
1287,11307,14,11,2026-06-14T13:18:05.506000+00:00,25.068,35.602,26.807,235.0,247.0,False,87.477,"[2048, 2048, 2048, 2048, 2048, 2048, 2048]","[2048, 2048, 2048, 2048, 2048, 2048, 2048, 2049]","[2048, 2048, 2048, 2048, 2048, 2048, 2048]",334.0
1287,11307,63,12,2026-06-14T13:18:38.983000+00:00,24.272,33.953,29.229,253.0,248.0,False,87.454,"[None, 2049, 2048, 2048, 2048, 2048, 2048]","[2048, 2048, 2048, 2048, 2048, 2048, 2048, 2048]","[2048, 2048, 2048, 2048, 2064, 2064, 2064]",331.0
1287,11307,12,12,2026-06-14T13:18:44.420000+00:00,24.151,33.816,25.4,251.0,266.0,False,83.367,"[None, 2048, 2049, 2048, 2048, 2048, 2048]","[2048, 2048, 2048, 2048, 2048, 2048, 2048, 2048]","[2048, 2048, 2048, 2048, 2048, 2048, 2048]",332.0
1287,11307,1,12,2026-06-14T13:18:46.436000+00:00,24.221,33.969,25.428,254.0,247.0,False,83.618,"[None, 2048, 2048, 2048, 2048, 2048, 2048]","[2048, 2048, 2048, 2049, 2048, 2048, 2048, 2048]","[2048, 2048, 2048, 2048, 2048, 2048, 2048]",331.0
1287,11307,44,12,2026-06-14T13:18:46.608000+00:00,43.608,32.602,24.59,259.0,265.0,True,100.8,"[2064, 2064, 2048, 2048, 2049, 2048, 2048]","[2051, 2049, 2051, 2051, 2049, 2048, 2048, 2048]","[2048, 2048, 2048, 2048, 2048, 2048, 2048]",251.0
1287,11307,3,12,2026-06-14T13:18:50.426000+00:00,24.277,34.254,29.963,258.0,257.0,False,88.494,"[None, 2048, 2048, 2048, 2048, 2048, 2048]","[2048, 2048, 2048, 2048, 2048, 2048, 2048, 2049]","[2048, 2048, 2048, 2048, 2064, 2064, 2064]",332.0
1287,11307,16,12,2026-06-14T13:18:51.015000+00:00,24.357,34.176,25.767,250.0,250.0,False,84.3,"[None, 2048, 2048, 2048, 2048, 2048, 2048]","[2048, 2048, 2048, 2048, 2048, 2048, 2048, 2048]","[2048, 2048, 2048, 2048, 2048, 2048, 2048]",332.0
1287,11307,81,12,2026-06-14T13:18:54.258000+00:00,24.416,33.971,25.73,254.0,248.0,False,84.117,"[None, 2048, 2048, 2048, 2048, 2048, 2048]","[2048, 2048, 2048, 2048, 2048, 2048, 2048, 2048]","[2048, 2048, 2048, 2048, 2048, 2048, 2048]",330.0
1287,11307,27,12,2026-06-14T13:19:06.477000+00:00,24.818,34.859,26.068,245.0,251.0,False,85.745,"[None, 2048, 2048, 2048, 2048, 2048, 2048]","[2048, 2048, 2048, 2048, 2048, 2048, 2048, 2048]","[2048, 2048, 2048, 2048, 2048, 2048, 2048]",319.0
1287,11307,6,12,2026-06-14T13:19:08.180000+00:00,24.451,34.588,26.048,247.0,252.0,False,85.087,"[None, 2048, 2048, 2048, 2048, 2048, 2048]","[2048, 2048, 2048, 2048, 2048, 2048, 2048, 2048]","[2048, 2048, 2048, 2048, 2048, 2048, 2048]",
1287,11307,30,12,2026-06-14T13:19:08.961000+00:00,47.577,33.765,25.535,238.0,254.0,True,106.877,"[2064, 2064, 2048, 2048, 2048, 2048, 2048]","[2048, 2049, 2049, 2048, 2048, 2049, 2048, 2049]","[2049, 2048, 2049, 2048, 2048, 2048, 2048]",262.0
1287,11307,41,12,2026-06-14T13:19:11.305000+00:00,24.934,34.599,26.282,243.0,250.0,False,85.815,"[None, 2048, 2048, 2048, 2048, 2048, 2048]","[2048, 2048, 2048, 2049, 2048, 2048, 2048, 2048]","[2048, 2048, 2048, 2048, 2048, 2048]",333.0
1287,11307,43,12,2026-06-14T13:19:12.555000+00:00,24.756,34.913,29.774,240.0,254.0,False,89.443,"[None, 2048, 2048, 2048, 2048, 2048, 2048]","[2049, 2048, 2048, 2048, 2048, 2048, 2048, 2048]","[2048, 2048, 2048, 2048, 2064, 2064, 2064]",337.0
1287,11307,10,12,2026-06-14T13:19:13.570000+00:00,24.436,35.155,26.215,239.0,251.0,False,85.806,"[None, 2048, 2048, 2048, 2048, 2048, 2048]","[2048, 2048, 2048, 2048, 2048, 2048, 2048, 2048]","[2048, 2048, 2048, 2048, 2048, 2048]",350.0
1287,11307,55,12,2026-06-14T13:19:15.911000+00:00,24.951,35.184,26.2,248.0,250.0,False,86.335,"[None, 2048, 2048, 2048, 2048, 2048, 2048]","[2048, 2048, 2048, 2048, 2048, 2048, 2048, 2048]","[2048, 2048, 2048, 2048, 2048, 2048, 2048]",333.0
1287,11307,31,12,2026-06-14T13:19:18.545000+00:00,24.905,35.127,26.741,243.0,249.0,False,86.773,"[None, 2048, 2048, 2048, 2048, 2048, 2048]","[2048, 2048, 2048, 2048, 2048, 2048, 2048, 2048]","[2048, 2048, 2048, 2048, 2048, 2048, 2048]",328.0
1287,11307,87,12,2026-06-14T13:19:19.664000+00:00,24.951,35.114,26.542,243.0,245.0,False,86.607,"[None, 2048, 2048, 2048, 2048, 2048, 2048]","[2048, 2048, 2048, 2048, 2048, 2048, 2048, 2048]","[2048, 2048, 2048, 2048, 2048, 2048, 2048]",331.0
1287,11307,5,12,2026-06-14T13:19:20.612000+00:00,24.831,35.313,26.648,246.0,244.0,False,86.792,"[None, 2048, 2048, 2048, 2048, 2048, 2048]","[2049, 2048, 2048, 2048, 2048, 2048, 2048, 2048]","[2048, 2048, 2048, 2048, 2048, 2048, 2048]",350.0
1287,11307,23,12,2026-06-14T13:19:22.230000+00:00,25.069,35.087,26.413,244.0,249.0,False,86.569,"[None, 2048, 2048, 2048, 2048, 2048, 2048]","[2048, 2048, 2048, 2048, 2048, 2048, 2048, 2049]","[2048, 2048, 2048, 2048, 2048, 2048]",334.0
1287,11307,11,12,2026-06-14T13:19:24.714000+00:00,25.22,35.223,30.905,244.0,240.0,False,91.348,"[None, 2048, 2048, 2048, 2048, 2048, 2048]","[2048, 2048, 2048, 2048, 2048, 2048, 2048, 2048]","[2048, 2048, 2048, 2048, 2064, 2064, 2064]",326.0
1287,11307,77,12,2026-06-14T13:19:32.542000+00:00,26.184,36.237,27.011,210.0,231.0,False,89.432,"[None, 2048, 2048, 2048, 2048, 2048, 2048]","[2048, 2048, 2048, 2048, 2048, 2048, 2048, 2048]","[2048, 2048, 2048, 2048, 2048, 2048, 2048]",328.0
1287,11307,14,12,2026-06-14T13:19:32.933000+00:00,25.308,35.436,26.637,,249.0,False,87.381,"[2049, 2049, 2048, 2048, 2048, 2048, 2048]","[2048, 2048, 2048, 2048, 2048, 2048, 2048, 2048]","[2048, 2048, 2048, 2048, 2048, 2048, 2048]",349.0
1287,11307,63,13,2026-06-14T13:20:06.386000+00:00,43.304,32.941,24.729,257.0,260.0,True,100.974,"[2064, 2064, 2048, 2048, 2048, 2048, 2049]","[2048, 2048, 2048, 2051, 2048, 2048, 2048, 2048]","[2048, 2048, 2048, 2048, 2048, 2048, 2048]",242.0
1287,11307,12,13,2026-06-14T13:20:07.933000+00:00,24.432,33.823,25.305,255.0,264.0,False,83.56,"[None, 2048, 2048, 2048, 2048, 2048, 2048]","[2049, 2048, 2048, 2048, 2048, 2048, 2048, 2048]","[2048, 2048, 2048, 2048, 2048, 2048, 2048]",330.0
1287,11307,1,13,2026-06-14T13:20:09.980000+00:00,24.308,33.977,29.561,258.0,248.0,False,87.846,"[None, 2048, 2048, 2048, 2048, 2048, 2048]","[2048, 2048, 2048, 2048, 2048, 2048, 2048, 2048]","[2048, 2048, 2048, 2048, 2064, 2064, 2064]",330.0
1287,11307,16,13,2026-06-14T13:20:15.308000+00:00,24.335,33.56,25.615,257.0,267.0,False,83.51,"[None, 2048, 2048, 2048, 2048, 2048, 2048]","[2049, 2048, 2049, 2049, 2048, 2048, 2048, 2048]","[2048, 2048, 2048, 2048, 2048, 2048, 2048]",322.0
1287,11307,81,13,2026-06-14T13:20:18.261000+00:00,24.472,33.967,25.56,258.0,254.0,False,83.999,"[None, 2048, 2048, 2048, 2048, 2048, 2048]","[2048, 2048, 2048, 2048, 2048, 2049, 2048, 2049]","[2048, 2048, 2048, 2048, 2048, 2048, 2048]",
1287,11307,3,13,2026-06-14T13:20:18.980000+00:00,43.206,33.051,24.84,244.0,265.0,True,101.097,"[2064, 2064, 2048, 2048, 2048, 2049, 2048]","[2048, 2051, 2049, 2049, 2049, 2049, 2049, 2048]","[2049, 2048, 2048, 2048, 2048, 2051, 2048]",260.0
1287,11307,44,13,2026-06-14T13:20:27.519000+00:00,23.901,32.88,24.652,254.0,271.0,False,81.433,"[2048, 2048, 2048, 2051, 2051, 2048, 2049]","[2048, 2048, 2048, 2048, 2048, 2048, 2049, 2048]","[2048, 2048, 2048, 2048, 2048, 2049, 2049]",311.0
1287,11307,27,13,2026-06-14T13:20:32.263000+00:00,24.776,34.74,30.395,246.0,249.0,False,89.911,"[None, 2048, 2048, 2048, 2048, 2048, 2048]","[2048, 2048, 2048, 2048, 2048, 2048, 2048, 2049]","[2048, 2048, 2048, 2048, 2064, 2064, 2064]",324.0
1287,11307,6,13,2026-06-14T13:20:33.371000+00:00,24.379,34.736,25.956,242.0,252.0,False,85.071,"[None, 2048, 2048, 2048, 2048, 2048, 2048]","[2048, 2048, 2048, 2048, 2048, 2048, 2048, 2048]","[2048, 2048, 2048, 2048, 2049, 2048, 2048]",336.0
1287,11307,41,13,2026-06-14T13:20:36.991000+00:00,24.804,35.134,26.446,245.0,252.0,False,86.384,"[None, 2048, 2048, 2048, 2048, 2048, 2048]","[2048, 2048, 2048, 2048, 2048, 2048, 2048, 2048]","[2048, 2048, 2048, 2048, 2048, 2048, 2048]",
1287,11307,10,13,2026-06-14T13:20:39.223000+00:00,24.767,34.894,26.137,244.0,259.0,False,85.798,"[None, 2048, 2049, 2048, 2048, 2048, 2048]","[2049, 2048, 2048, 2048, 2048, 2048, 2048, 2048]","[2048, 2048, 2048, 2048, 2048, 2048, 2048]",347.0
1287,11307,43,13,2026-06-14T13:20:41.882000+00:00,44.351,34.2,25.548,246.0,251.0,True,104.099,"[2064, 2064, 2048, 2048, 2048, 2049, 2048]","[2049, 2049, 2049, 2049, 2048, 2049, 2048, 2048]","[2049, 2049, 2048, 2048, 2048, 2048, 2048]",262.0
1287,11307,55,13,2026-06-14T13:20:42.174000+00:00,25.017,35.097,26.166,246.0,262.0,False,86.28,"[None, 2048, 2048, 2048, 2048, 2048, 2048]","[2048, 2048, 2048, 2048, 2048, 2048, 2048, 2048]","[2048, 2048, 2048, 2048, 2048, 2048]",
1287,11307,31,13,2026-06-14T13:20:45.297000+00:00,25.004,35.261,30.783,,243.0,False,91.048,"[None, 2048, 2048, 2048, 2048, 2048, 2048]","[2048, 2048, 2048, 2048, 2048, 2048, 2048, 2048]","[2048, 2048, 2048, 2048, 2064, 2064, 2064]",327.0
1287,11307,87,13,2026-06-14T13:20:46.212000+00:00,25.018,35.15,26.585,238.0,249.0,False,86.753,"[None, 2048, 2048, 2048, 2048, 2048, 2048]","[2048, 2048, 2048, 2048, 2048, 2048, 2048, 2048]","[2048, 2048, 2048, 2048, 2048, 2048]",
1287,11307,5,13,2026-06-14T13:20:47.340000+00:00,24.907,35.185,26.707,247.0,253.0,False,86.799,"[None, 2048, 2048, 2048, 2048, 2048, 2048]","[2048, 2048, 2048, 2048, 2048, 2048, 2048, 2048]","[2048, 2048, 2048, 2048, 2048, 2048, 2048]",338.0
1287,11307,23,13,2026-06-14T13:20:48.762000+00:00,25.222,35.223,29.928,246.0,256.0,False,90.373,"[None, 2048, 2048, 2048, 2048, 2048, 2048]","[2048, 2048, 2048, 2048, 2048, 2049, 2048, 2049]","[2048, 2048, 2048, 2048, 2064, 2064, 2064]",
1287,11307,30,13,2026-06-14T13:20:55.852000+00:00,24.475,33.989,25.621,252.0,255.0,False,84.085,"[2048, 2048, 2048, 2048, 2048, 2048, 2049]","[2048, 2048, 2048, 2048, 2048, 2048, 2048, 2049]","[2048, 2048, 2048, 2048, 2048, 2048, 2048]",329.0
1287,11307,11,13,2026-06-14T13:20:56.023000+00:00,46.593,34.216,25.66,237.0,247.0,True,106.469,"[2064, 2064, 2048, 2048, 2048, 2049, 2048]","[2049, 2049, 2049, 2049, 2049, 2049, 2048, 2048]","[2049, 2049, 2048, 2048, 2049, 2049, 2048]",265.0
1287,11307,14,13,2026-06-14T13:21:00.244000+00:00,25.228,35.695,26.697,240.0,241.0,False,87.62,"[2048, 2048, 2048, 2048, 2048, 2048, 2048]","[2048, 2048, 2048, 2048, 2048, 2048, 2048, 2049]","[2048, 2048, 2048, 2048, 2048, 2048, 2048]",317.0
1287,11307,77,13,2026-06-14T13:21:01.964000+00:00,25.677,35.69,27.026,234.0,244.0,False,88.393,"[None, 2048, 2048, 2048, 2048, 2048, 2048]","[2048, 2048, 2048, 2048, 2048, 2048, 2048, 2048]","[2048, 2048, 2048, 2048, 2048, 2048]",326.0
1287,11307,12,14,2026-06-14T13:21:31.491000+00:00,24.267,33.754,29.013,253.0,265.0,False,87.034,"[None, 2048, 2048, 2049, 2048, 2048, 2048]","[2048, 2048, 2048, 2049, 2048, 2049, 2048, 2048]","[2048, 2048, 2048, 2048, 2064, 2064, 2064]",331.0
1287,11307,1,14,2026-06-14T13:21:37.827000+00:00,43.21,32.876,24.565,258.0,266.0,True,100.651,"[2064, 2064, 2048, 2048, 2048, 2048, 2048]","[2049, 2049, 2049, 2049, 2048, 2049, 2048, 2048]","[2049, 2049, 2048, 2049, 2049, 2049, 2048]",262.0
1287,11307,16,14,2026-06-14T13:21:38.833000+00:00,24.573,33.77,25.653,258.0,273.0,False,83.996,"[None, 2048, 2048, 2048, 2048, 2048, 2048]","[2048, 2048, 2048, 2048, 2048, 2048, 2048, 2048]","[2048, 2048, 2048, 2048, 2048, 2048, 2048]",321.0
1287,11307,81,14,2026-06-14T13:21:42.273000+00:00,24.443,34.194,29.905,254.0,258.0,False,88.542,"[None, 2048, 2048, 2048, 2048, 2048, 2048]","[2048, 2048, 2048, 2048, 2048, 2048, 2048, 2048]","[2048, 2048, 2048, 2048, 2064, 2064, 2064]",
1287,11307,63,14,2026-06-14T13:21:47.462000+00:00,23.81,33.103,24.877,262.0,265.0,False,81.79,"[2049, 2049, 2049, 2048, 2048, 2048, 2049]","[2048, 2048, 2048, 2048, 2048, 2048, 2048, 2048]","[2048, 2048, 2048, 2048, 2048, 2049, 2049]",330.0
1287,11307,44,14,2026-06-14T13:21:49.025000+00:00,24.015,33.061,24.999,251.0,267.0,False,82.075,"[2049, 2048, 2048, 2048, 2048, 2048, 2048]","[2048, 2048, 2048, 2048, 2048, 2048, 2048, 2049]","[2048, 2048, 2048, 2048, 2048, 2048, 2048]",319.0
1287,11307,6,14,2026-06-14T13:21:58.364000+00:00,24.316,34.898,26.08,252.0,251.0,False,85.294,"[None, 2048, 2048, 2048, 2048, 2048, 2048]","[2049, 2048, 2048, 2048, 2048, 2048, 2048, 2048]","[2048, 2048, 2048, 2048, 2048, 2048, 2048]",326.0
1287,11307,3,14,2026-06-14T13:22:00.128000+00:00,23.601,33.295,25.008,258.0,262.0,False,81.904,"[2048, 2048, 2048, 2049, 2049, 2049, 2049]","[2049, 2048, 2048, 2049, 2048, 2048, 2048, 2048]","[2048, 2048, 2048, 2049, 2048, 2048]",331.0
1287,11307,27,14,2026-06-14T13:22:02.128000+00:00,44.564,34.378,25.796,239.0,250.0,True,104.738,"[2064, 2064, 2048, 2048, 2048, 2048, 2048]","[2048, 2048, 2049, 2049, 2048, 2048, 2048, 2048]","[2048, 2048, 2048, 2048, 2048, 2048, 2048]",244.0
1287,11307,41,14,2026-06-14T13:22:03.434000+00:00,24.852,34.626,26.208,249.0,260.0,False,85.686,"[None, 2048, 2048, 2048, 2048, 2048, 2048]","[2048, 2048, 2048, 2048, 2048, 2048, 2048, 2048]","[2048, 2048, 2048, 2048, 2048, 2048, 2048]",332.0
1287,11307,10,14,2026-06-14T13:22:05.128000+00:00,24.685,35.057,30.003,,255.0,False,89.745,"[None, 2048, 2048, 2048, 2048, 2048, 2048]","[2048, 2048, 2048, 2048, 2048, 2048, 2048, 2048]","[2048, 2048, 2048, 2048, 2064, 2064, 2064]",336.0
1287,11307,55,14,2026-06-14T13:22:08.318000+00:00,24.947,34.956,29.985,250.0,259.0,False,89.888,"[None, 2048, 2048, 2048, 2048, 2048, 2048]","[2048, 2048, 2048, 2048, 2048, 2048, 2048, 2048]","[2048, 2048, 2048, 2048, 2064, 2064, 2064]",331.0
1287,11307,87,14,2026-06-14T13:22:12.912000+00:00,24.82,34.781,26.332,249.0,251.0,False,85.933,"[None, 2048, 2048, 2049, 2048, 2048, 2048]","[2049, 2048, 2048, 2048, 2048, 2048, 2048, 2048]","[2048, 2048, 2048, 2048, 2048, 2048, 2048]",326.0
1287,11307,5,14,2026-06-14T13:22:14.115000+00:00,24.873,35.05,26.603,246.0,245.0,False,86.526,"[None, 2048, 2048, 2048, 2048, 2048, 2048]","[2048, 2048, 2048, 2049, 2048, 2048, 2048, 2048]","[2048, 2048, 2048, 2048, 2048, 2048, 2048]",345.0
1287,11307,31,14,2026-06-14T13:22:16.313000+00:00,45.13,33.835,25.544,236.0,259.0,True,104.509,"[2064, 2064, 2048, 2048, 2049, 2049, 2048]","[2049, 2049, 2049, 2049, 2049, 2049, 2048, 2048]","[2049, 2049, 2049, 2049, 2048, 2049, 2048]",255.0
1287,11307,23,14,2026-06-14T13:22:19.345000+00:00,46.356,34.145,25.679,235.0,263.0,True,106.18,"[2064, 2064, 2048, 2048, 2048, 2049, 2048]","[2049, 2049, 2049, 2049, 2048, 2048, 2048, 2049]","[2049, 2049, 2048, 2048, 2048, 2048, 2048]",238.0
1287,11307,30,14,2026-06-14T13:22:19.775000+00:00,24.576,34.367,25.927,248.0,248.0,False,84.87,"[None, 2048, 2048, 2048, 2048, 2048, 2048]","[2048, 2048, 2048, 2048, 2048, 2048, 2048, 2048]","[2048, 2048, 2048, 2048, 2048, 2048, 2048]",328.0
1287,11307,43,14,2026-06-14T13:22:26.120000+00:00,24.203,34.027,25.516,255.0,262.0,False,83.746,"[2048, 2048, 2048, 2049, 2048, 2049, 2049]","[2049, 2049, 2048, 2048, 2048, 2048, 2048, 2048]","[2049, 2048, 2048, 2048, 2048, 2048]",323.0
1287,11307,14,14,2026-06-14T13:22:27.915000+00:00,25.203,35.606,26.756,236.0,250.0,False,87.565,"[None, 2048, 2048, 2048, 2048, 2048, 2048]","[2048, 2048, 2048, 2048, 2048, 2048, 2048, 2048]","[2048, 2048, 2048, 2048, 2048, 2048, 2048]",324.0
1287,11307,77,14,2026-06-14T13:22:30.243000+00:00,25.308,35.592,31.308,232.0,242.0,False,92.208,"[None, 2048, 2048, 2048, 2048, 2048, 2048]","[2048, 2049, 2048, 2048, 2048, 2048, 2048, 2048]","[2048, 2048, 2048, 2048, 2064, 2064, 2064]",324.0
1287,11307,11,14,2026-06-14T13:22:42.587000+00:00,24.739,34.327,25.61,242.0,252.0,False,84.676,"[2048, 2048, 2048, 2048, 2048, 2049, 2048]","[2049, 2048, 2048, 2048, 2048, 2048, 2048, 2048]","[2049, 2049, 2049, 2048, 2048, 2048, 2048]",319.0
1287,11307,12,15,2026-06-14T13:22:58.399000+00:00,43.282,32.949,24.639,264.0,261.0,True,100.87,"[2064, 2064, 2048, 2048, 2048, 2048, 2049]","[2049, 2049, 2049, 2049, 2049, 2049, 2048, 2048]","[2049, 2048, 2048, 2049, 2048, 2048, 2048]",250.0
1287,11307,16,15,2026-06-14T13:23:02.774000+00:00,24.641,33.831,25.567,256.0,262.0,False,84.039,"[None, 2048, 2048, 2048, 2048, 2048, 2048]","[2048, 2048, 2048, 2048, 2048, 2048, 2048, 2048]","[2048, 2048, 2048, 2048, 2048, 2048, 2048]",318.0
1287,11307,63,15,2026-06-14T13:23:09.181000+00:00,23.765,33.271,24.936,260.0,259.0,False,81.972,"[None, 2048, 2048, 2048, 2048, 2048, 2049]","[2048, 2048, 2048, 2048, 2048, 2048, 2048, 2048]","[2048, 2048, 2048, 2048, 2048, 2048, 2048]",332.0
1287,11307,81,15,2026-06-14T13:23:10.775000+00:00,43.865,33.637,25.239,246.0,261.0,True,102.741,"[2064, 2064, 2048, 2048, 2048, 2048, 2048]","[2049, 2048, 2048, 2051, 2048, 2048, 2048, 2049]","[2049, 2048, 2048, 2048, 2048, 2048, 2048]",245.0
1287,11307,44,15,2026-06-14T13:23:10.884000+00:00,23.952,33.17,24.789,255.0,255.0,False,81.911,"[2048, 2048, 2048, 2048, 2048, 2048, 2048]","[2048, 2048, 2048, 2048, 2048, 2048, 2048, 2048]","[2048, 2048, 2048, 2051, 2048, 2048, 2048]",311.0
1287,11307,1,15,2026-06-14T13:23:18.462000+00:00,24.024,33.249,24.797,247.0,260.0,False,82.07,"[2048, 2048, 2048, 2049, 2048, 2048, 2048]","[2048, 2048, 2048, 2048, 2048, 2048, 2048, 2048]","[2048, 2048, 2048, 2048, 2048, 2048, 2048]",329.0
1287,11307,3,15,2026-06-14T13:23:21.853000+00:00,23.748,33.132,25.037,254.0,266.0,False,81.917,"[None, 2048, 2048, 2049, 2048, 2048, 2048]","[2048, 2048, 2048, 2048, 2049, 2048, 2049, 2048]","[2048, 2048, 2048, 2049, 2048, 2048, 2048]",326.0
1287,11307,6,15,2026-06-14T13:23:23.712000+00:00,24.325,34.24,29.515,259.0,266.0,False,88.08,"[None, 2048, 2048, 2048, 2048, 2048, 2048]","[2049, 2048, 2048, 2049, 2049, 2048, 2048, 2048]","[2049, 2048, 2048, 2048, 2064, 2064, 2064]",334.0
1287,11307,41,15,2026-06-14T13:23:29.071000+00:00,24.822,35.294,26.352,245.0,255.0,False,86.468,"[None, 2048, 2048, 2048, 2048, 2048, 2048]","[2048, 2048, 2048, 2048, 2048, 2048, 2048, 2048]","[2048, 2048, 2048, 2048, 2048, 2048, 2048]",
1287,11307,10,15,2026-06-14T13:23:34.729000+00:00,44.085,33.504,25.21,247.0,262.0,True,102.799,"[2064, 2064, 2048, 2048, 2049, 2048, 2049]","[2049, 2049, 2049, 2049, 2049, 2049, 2048, 2048]","[2049, 2048, 2049, 2048, 2048, 2048, 2048]",253.0
1287,11307,55,15,2026-06-14T13:23:38.275000+00:00,45.349,34.118,25.41,237.0,251.0,True,104.877,"[2064, 2064, 2048, 2048, 2048, 2049, 2048]","[2049, 2049, 2049, 2049, 2048, 2048, 2048, 2048]","[2049, 2049, 2049, 2048, 2048, 2048, 2048]",237.0
1287,11307,87,15,2026-06-14T13:23:38.868000+00:00,24.786,34.505,26.253,250.0,253.0,False,85.544,"[None, 2048, 2048, 2049, 2048, 2048, 2049]","[2049, 2048, 2048, 2048, 2048, 2049, 2048, 2048]","[2048, 2048, 2048, 2049, 2048, 2048, 2048]",323.0
1287,11307,5,15,2026-06-14T13:23:40.509000+00:00,24.882,34.87,30.054,250.0,257.0,False,89.806,"[None, 2048, 2048, 2048, 2048, 2048, 2049]","[2048, 2048, 2048, 2048, 2048, 2048, 2048, 2049]","[2048, 2048, 2048, 2048, 2064, 2064, 2064]",331.0
1287,11307,30,15,2026-06-14T13:23:44.818000+00:00,24.63,34.213,25.724,255.0,254.0,False,84.567,"[None, 2048, 2048, 2048, 2048, 2048, 2048]","[2048, 2048, 2048, 2048, 2048, 2048, 2048, 2048]","[2048, 2048, 2048, 2048, 2048, 2048, 2048]",331.0
1287,11307,27,15,2026-06-14T13:23:46.814000+00:00,24.546,34.583,25.65,,256.0,False,84.779,"[2048, 2048, 2048, 2048, 2048, 2048, 2048]","[2048, 2048, 2048, 2048, 2048, 2048, 2049, 2048]","[2048, 2048, 2048, 2048, 2048, 2048]",326.0
1287,11307,43,15,2026-06-14T13:23:49.780000+00:00,24.371,34.154,25.241,252.0,257.0,False,83.766,"[None, 2048, 2048, 2048, 2048, 2048, 2048]","[2049, 2048, 2048, 2048, 2049, 2048, 2048, 2048]","[2048, 2049, 2048, 2049, 2049, 2048, 2048]",334.0
1287,11307,14,15,2026-06-14T13:23:55.457000+00:00,25.378,35.38,26.543,237.0,252.0,False,87.301,"[None, 2048, 2048, 2048, 2048, 2048, 2048]","[2048, 2048, 2048, 2048, 2048, 2048, 2048, 2049]","[2048, 2048, 2048, 2048, 2048, 2048, 2048]",315.0
1287,11307,31,15,2026-06-14T13:24:00.847000+00:00,24.51,34.004,25.617,237.0,264.0,False,84.131,"[2048, 2048, 2048, 2049, 2048, 2049, 2048]","[2048, 2048, 2048, 2048, 2049, 2049, 2049, 2048]","[2048, 2048, 2049, 2048, 2048, 2048, 2048]",322.0
1287,11307,77,15,2026-06-14T13:24:02.458000+00:00,45.616,37.714,37.45,234.0,172.0,True,120.78,"[2064, 2064, 2048, 2048, 2048, 2049, 2048]","[2049, 2049, 2049, 2048, 2049, 2048, 2048, 2048]","[2048, 2048, 2048, 2048, 2064, 2064, 2064]",244.0
1287,11307,23,15,2026-06-14T13:24:05.396000+00:00,24.72,34.155,25.607,246.0,261.0,False,84.482,"[2048, 2048, 2048, 2049, 2048, 2048, 2048]","[2049, 2048, 2048, 2048, 2049, 2049, 2048, 2048]","[2048, 2049, 2049, 2048, 2048, 2048, 2048]",330.0
1287,11307,11,15,2026-06-14T13:24:07.329000+00:00,24.532,34.1,25.588,250.0,264.0,False,84.22,"[None, 2048, 2048, 2049, 2048, 2049, 2049]","[2049, 2048, 2048, 2048, 2049, 2048, 2048, 2049]","[2048, 2048, 2049, 2048, 2048, 2048, 2048]",325.0
1287,11307,16,16,2026-06-14T13:24:26.897000+00:00,24.573,33.882,29.46,259.0,269.0,False,87.915,"[None, 2048, 2048, 2048, 2048, 2048, 2048]","[2048, 2048, 2048, 2048, 2048, 2048, 2048, 2048]","[2048, 2048, 2048, 2048, 2064, 2064, 2064]",317.0
1287,11307,63,16,2026-06-14T13:24:31.166000+00:00,23.82,33.257,25.084,259.0,259.0,False,82.161,"[2048, 2049, 2049, 2048, 2048, 2048, 2049]","[2048, 2048, 2048, 2048, 2048, 2048, 2048, 2048]","[2048, 2048, 2048, 2048, 2048, 2048, 2048]",333.0
1287,11307,44,16,2026-06-14T13:24:32.844000+00:00,24.04,33.051,25.06,252.0,259.0,False,82.151,"[None, 2049, 2048, 2048, 2048, 2048, 2048]","[2048, 2048, 2048, 2048, 2048, 2051, 2048, 2048]","[2048, 2048, 2048, 2048, 2048, 2048, 2048]",325.0
1287,11307,12,16,2026-06-14T13:24:39.344000+00:00,23.903,33.23,24.87,249.0,268.0,False,82.003,"[2048, 2048, 2048, 2049, 2048, 2048, 2048]","[2048, 2048, 2048, 2048, 2048, 2048, 2048, 2048]","[2048, 2048, 2048, 2048, 2048, 2048, 2048]",332.0
1287,11307,1,16,2026-06-14T13:24:40.532000+00:00,23.947,33.261,24.985,248.0,262.0,False,82.193,"[None, 2048, 2048, 2048, 2048, 2048, 2048]","[2048, 2048, 2048, 2048, 2048, 2048, 2048, 2049]","[2048, 2048, 2048, 2048, 2048, 2048, 2048]",332.0
1287,11307,3,16,2026-06-14T13:24:43.766000+00:00,23.764,33.367,25.067,259.0,265.0,False,82.198,"[None, 2048, 2048, 2048, 2048, 2048, 2048]","[2048, 2048, 2048, 2048, 2048, 2048, 2048, 2049]","[2048, 2048, 2048, 2049, 2048, 2048, 2048]",331.0
1287,11307,6,16,2026-06-14T13:24:51.688000+00:00,43.5,33.318,25.419,252.0,261.0,True,102.237,"[2064, 2064, 2048, 2048, 2048, 2049, 2048]","[2049, 2049, 2049, 2049, 2049, 2049, 2048, 2048]","[2049, 2049, 2048, 2048, 2048, 2048, 2048]",259.0
1287,11307,81,16,2026-06-14T13:24:53.550000+00:00,24.105,33.337,25.099,260.0,260.0,False,82.541,"[2048, 2048, 2048, 2049, 2048, 2048, 2048]","[2049, 2048, 2048, 2048, 2048, 2049, 2049, 2048]","[2049, 2049, 2048, 2048, 2048, 2048]",328.0
1287,11307,41,16,2026-06-14T13:24:55.536000+00:00,24.805,34.632,26.308,247.0,256.0,False,85.745,"[None, 2048, 2048, 2048, 2048, 2048, 2048]","[2048, 2048, 2048, 2048, 2048, 2048, 2048, 2048]","[2048, 2048, 2048, 2048, 2048, 2048, 2048]",
1287,11307,87,16,2026-06-14T13:25:04.483000+00:00,25.025,34.99,26.47,247.0,259.0,False,86.485,"[None, 2048, 2048, 2048, 2048, 2048, 2048]","[2048, 2048, 2048, 2048, 2048, 2048, 2048, 2048]","[2048, 2048, 2048, 2048, 2048, 2048, 2048]",321.0
1287,11307,30,16,2026-06-14T13:25:09.311000+00:00,24.564,34.035,25.807,259.0,259.0,False,84.406,"[None, 2048, 2049, 2048, 2048, 2048, 2049]","[2049, 2048, 2048, 2049, 2048, 2048, 2048, 2048]","[2048, 2048, 2048, 2048, 2048, 2048, 2048]",
1287,11307,5,16,2026-06-14T13:25:10.344000+00:00,45.359,34.029,25.433,250.0,256.0,True,104.821,"[2064, 2064, 2048, 2048, 2048, 2049, 2048]","[2049, 2049, 2049, 2049, 2048, 2049, 2049, 2048]","[2049, 2048, 2049, 2049, 2049, 2049, 2049]",237.0
1287,11307,27,16,2026-06-14T13:25:11.563000+00:00,24.574,34.058,25.494,254.0,258.0,False,84.126,"[None, 2048, 2048, 2048, 2048, 2048, 2048]","[2049, 2048, 2048, 2049, 2049, 2048, 2048, 2048]","[2048, 2048, 2048, 2049, 2048, 2048, 2048]",327.0
1287,11307,43,16,2026-06-14T13:25:13.735000+00:00,24.435,34.305,25.595,242.0,257.0,False,84.335,"[None, 2048, 2048, 2048, 2048, 2048, 2048]","[2048, 2048, 2048, 2048, 2048, 2049, 2048, 2048]","[2048, 2048, 2048, 2048, 2048, 2048, 2048]",336.0
1287,11307,10,16,2026-06-14T13:25:17.735000+00:00,23.989,33.724,25.31,248.0,256.0,False,83.023,"[2048, 2048, 2048, 2049, 2049, 2049, 2048]","[2049, 2048, 2048, 2048, 2048, 2049, 2048, 2048]","[2048, 2049, 2048, 2048, 2048, 2048, 2048]",334.0
1287,11307,14,16,2026-06-14T13:25:22.813000+00:00,25.675,35.282,26.885,235.0,251.0,False,87.842,"[None, 2048, 2048, 2048, 2048, 2048, 2048]","[2048, 2048, 2048, 2048, 2048, 2048, 2048, 2049]","[2048, 2048, 2048, 2048, 2048, 2048, 2048]",318.0
1287,11307,55,16,2026-06-14T13:25:23.297000+00:00,24.502,34.176,25.42,251.0,260.0,False,84.098,"[2048, 2048, 2048, 2048, 2048, 2048, 2049]","[2049, 2048, 2048, 2049, 2048, 2048, 2048, 2049]","[2048, 2048, 2048, 2048, 2049, 2048]",337.0
1287,11307,31,16,2026-06-14T13:25:24.969000+00:00,24.388,34.438,25.849,235.0,251.0,False,84.675,"[None, 2048, 2048, 2048, 2048, 2049, 2049]","[2048, 2048, 2048, 2048, 2048, 2048, 2048, 2049]","[2048, 2048, 2048, 2049, 2049, 2049, 2048]",328.0
1287,11307,23,16,2026-06-14T13:25:29.884000+00:00,24.899,34.287,25.787,247.0,259.0,False,84.973,"[None, 2048, 2048, 2048, 2048, 2048, 2048]","[2049, 2048, 2048, 2048, 2048, 2049, 2048, 2048]","[2048, 2048, 2048, 2048, 2049, 2048, 2048]",332.0
1287,11307,11,16,2026-06-14T13:25:31.500000+00:00,24.711,34.751,25.96,223.0,251.0,False,85.422,"[None, 2048, 2048, 2048, 2049, 2048, 2048]","[2048, 2048, 2048, 2048, 2049, 2048, 2048, 2048]","[2048, 2048, 2048, 2048, 2048, 2048, 2048]",327.0
1287,11307,63,17,2026-06-14T13:25:53.270000+00:00,23.855,33.052,24.859,255.0,256.0,False,81.766,"[None, 2048, 2048, 2048, 2048, 2048, 2048]","[2048, 2048, 2048, 2048, 2048, 2049, 2048, 2048]","[2048, 2048, 2048, 2049, 2048, 2048, 2048]",331.0
1287,11307,16,17,2026-06-14T13:25:54.779000+00:00,43.883,33.135,24.956,249.0,269.0,True,101.974,"[2064, 2064, 2048, 2048, 2048, 2048, 2048]","[2049, 2048, 2049, 2049, 2048, 2048, 2048, 2048]","[2048, 2049, 2048, 2048, 2048, 2049, 2048]",255.0
1287,11307,44,17,2026-06-14T13:25:54.982000+00:00,23.924,33.086,24.991,251.0,256.0,False,82.001,"[2049, 2049, 2049, 2048, 2048, 2048, 2048]","[2048, 2048, 2048, 2048, 2048, 2048, 2048, 2048]","[2048, 2048, 2048, 2048, 2048, 2048, 2048]",335.0
1287,11307,12,17,2026-06-14T13:26:01.415000+00:00,23.974,33.183,24.748,253.0,267.0,False,81.905,"[None, 2048, 2049, 2048, 2048, 2048, 2048]","[2048, 2048, 2048, 2048, 2048, 2048, 2048, 2048]","[2048, 2048, 2048, 2049, 2048, 2048, 2048]",
1287,11307,1,17,2026-06-14T13:26:02.737000+00:00,23.89,33.232,24.822,252.0,264.0,False,81.944,"[None, 2048, 2048, 2048, 2048, 2048, 2049]","[2048, 2048, 2048, 2048, 2048, 2049, 2048, 2049]","[2048, 2048, 2048, 2048, 2048, 2048, 2048]",
1287,11307,77,16,2026-06-14T13:26:03.266000+00:00,,,,,,False,,,,,
1287,11307,3,17,2026-06-14T13:26:06.078000+00:00,23.869,33.333,25.118,256.0,267.0,False,82.32,"[None, 2048, 2048, 2048, 2048, 2048, 2048]","[2049, 2048, 2048, 2048, 2048, 2048, 2049, 2048]","[2048, 2048, 2048, 2049, 2048, 2048, 2048]",328.0
1287,11307,81,17,2026-06-14T13:26:16.069000+00:00,23.989,33.288,24.952,258.0,261.0,False,82.229,"[None, 2048, 2048, 2049, 2049, 2048, 2048]","[2048, 2049, 2049, 2048, 2048, 2048, 2048, 2048]","[2048, 2049, 2048, 2049, 2048, 2048, 2048]",
1287,11307,41,17,2026-06-14T13:26:21.349000+00:00,24.735,34.569,26.203,253.0,259.0,False,85.507,"[None, 2048, 2048, 2048, 2048, 2048, 2048]","[2048, 2048, 2048, 2048, 2048, 2048, 2048, 2048]","[2048, 2048, 2048, 2048, 2048, 2048, 2048]",331.0
1287,11307,87,17,2026-06-14T13:26:30.936000+00:00,24.916,34.826,26.965,252.0,252.0,False,86.707,"[None, 2048, 2048, 2048, 2048, 2048, 2048]","[2048, 2048, 2048, 2048, 2048, 2048, 2048, 2048]","[2048, 2048, 2048, 2048, 2048, 2048, 2048]",324.0
1287,11307,30,17,2026-06-14T13:26:33.732000+00:00,24.825,34.451,25.917,240.0,247.0,False,85.193,"[None, 2048, 2048, 2048, 2048, 2048, 2048]","[2048, 2048, 2048, 2048, 2048, 2048, 2048, 2048]","[2048, 2048, 2048, 2048, 2048, 2048, 2048]",332.0
1287,11307,6,17,2026-06-14T13:26:34.024000+00:00,23.645,33.644,25.497,260.0,254.0,False,82.786,"[2048, 2048, 2048, 2049, 2049, 2048, 2048]","[2048, 2048, 2048, 2048, 2048, 2049, 2048, 2048]","[2048, 2048, 2048, 2048, 2049, 2049, 2048]",338.0
1287,11307,27,17,2026-06-14T13:26:35.729000+00:00,24.404,34.303,25.76,243.0,259.0,False,84.467,"[None, 2048, 2049, 2048, 2048, 2048, 2048]","[2048, 2048, 2048, 2048, 2048, 2048, 2049, 2048]","[2048, 2048, 2048, 2048, 2048, 2048, 2048]",334.0
1287,11307,43,17,2026-06-14T13:26:38.026000+00:00,24.351,34.23,25.752,251.0,261.0,False,84.333,"[None, 2048, 2048, 2048, 2048, 2048, 2048]","[2048, 2048, 2048, 2048, 2048, 2048, 2048, 2049]","[2048, 2048, 2048, 2048, 2048, 2048, 2048]",
1287,11307,10,17,2026-06-14T13:26:40.698000+00:00,24.022,33.972,25.243,261.0,263.0,False,83.237,"[None, 2048, 2048, 2048, 2048, 2049, 2049]","[2049, 2048, 2048, 2048, 2048, 2048, 2048, 2048]","[2048, 2049, 2048, 2048, 2048, 2048, 2048]",335.0
1287,11307,55,17,2026-06-14T13:26:47.322000+00:00,24.5,34.358,25.579,249.0,258.0,False,84.437,"[None, 2048, 2048, 2049, 2048, 2049, 2048]","[2048, 2048, 2048, 2048, 2049, 2048, 2048, 2048]","[2048, 2048, 2048, 2048, 2048, 2048, 2048]",330.0
1287,11307,31,17,2026-06-14T13:26:49.615000+00:00,24.393,34.201,25.625,241.0,257.0,False,84.219,"[None, 2048, 2048, 2049, 2048, 2048, 2048]","[2048, 2048, 2048, 2048, 2048, 2048, 2048, 2048]","[2048, 2048, 2049, 2048, 2049, 2048, 2048]",325.0
1287,11307,14,17,2026-06-14T13:26:50.610000+00:00,24.947,35.295,26.639,240.0,257.0,False,86.881,"[None, 2048, 2048, 2048, 2048, 2048, 2048]","[2048, 2048, 2048, 2048, 2048, 2048, 2048, 2049]","[2048, 2048, 2048, 2048, 2048, 2048, 2048]",336.0
1287,11307,23,17,2026-06-14T13:26:54.755000+00:00,25.073,34.812,25.653,243.0,255.0,False,85.538,"[None, 2048, 2048, 2048, 2048, 2048, 2048]","[2048, 2048, 2048, 2048, 2048, 2048, 2048, 2048]","[2048, 2048, 2049, 2049, 2049, 2048, 2048]",
1287,11307,5,17,2026-06-14T13:26:55.345000+00:00,23.966,34.013,25.491,254.0,255.0,False,83.47,"[2048, 2048, 2049, 2049, 2049, 2048, 2049]","[2049, 2049, 2048, 2049, 2048, 2048, 2048, 2048]","[2049, 2048, 2049, 2048, 2048, 2048, 2048]",345.0
1287,11307,11,17,2026-06-14T13:26:56.874000+00:00,24.673,34.467,25.979,244.0,263.0,False,85.119,"[None, 2048, 2048, 2048, 2048, 2048, 2048]","[2048, 2048, 2048, 2048, 2048, 2048, 2048, 2048]","[2048, 2048, 2048, 2048, 2048, 2048, 2048]",
1287,11307,63,18,2026-06-14T13:27:15.156000+00:00,23.836,33.302,24.965,,254.0,False,82.103,"[None, 2048, 2048, 2048, 2048, 2048, 2048]","[2048, 2048, 2048, 2048, 2048, 2048, 2048, 2048]","[2048, 2048, 2048, 2048, 2048, 2048, 2048]",332.0
1287,11307,44,18,2026-06-14T13:27:16.889000+00:00,23.884,33.168,25.113,263.0,264.0,False,82.165,"[2048, 2048, 2048, 2048, 2048, 2048, 2049]","[2048, 2048, 2048, 2048, 2048, 2048, 2048, 2048]","[2048, 2048, 2048, 2048, 2048, 2048, 2048]",326.0
1287,11307,12,18,2026-06-14T13:27:23.173000+00:00,23.847,33.093,24.692,258.0,272.0,False,81.632,"[None, 2048, 2049, 2049, 2048, 2048, 2048]","[2049, 2048, 2048, 2048, 2048, 2048, 2048, 2051]","[2048, 2048, 2048, 2048, 2049, 2048, 2048]",
1287,11307,1,18,2026-06-14T13:27:24.683000+00:00,23.788,33.283,24.91,263.0,265.0,False,81.981,"[None, 2048, 2048, 2049, 2048, 2048, 2049]","[2048, 2048, 2048, 2048, 2048, 2048, 2048, 2048]","[2048, 2048, 2048, 2048, 2048, 2048, 2048]",331.0
1287,11307,3,18,2026-06-14T13:27:28.418000+00:00,23.823,33.513,25.151,258.0,266.0,False,82.487,"[None, 2048, 2048, 2048, 2048, 2048, 2048]","[2048, 2048, 2048, 2048, 2048, 2048, 2048, 2049]","[2048, 2048, 2048, 2048, 2048, 2048, 2048]",332.0
1287,11307,16,18,2026-06-14T13:27:36.745000+00:00,24.182,32.918,25.098,260.0,275.0,False,82.198,"[2048, 2048, 2048, 2049, 2048, 2049, 2048]","[2049, 2049, 2048, 2048, 2048, 2048, 2048, 2049]","[2048, 2048, 2048, 2048, 2048, 2048, 2048]",323.0
1287,11307,81,18,2026-06-14T13:27:38.308000+00:00,23.934,33.376,24.959,256.0,266.0,False,82.269,"[None, 2048, 2048, 2049, 2048, 2048, 2048]","[2048, 2048, 2048, 2048, 2048, 2048, 2049, 2048]","[2048, 2048, 2048, 2048, 2049, 2048, 2048]",334.0
1287,11307,41,18,2026-06-14T13:27:46.897000+00:00,24.768,34.548,26.196,250.0,257.0,False,85.512,"[None, 2048, 2048, 2048, 2048, 2048, 2048]","[2048, 2048, 2048, 2048, 2048, 2048, 2048, 2048]","[2048, 2048, 2048, 2048, 2048, 2048, 2048]",330.0
1287,11307,6,18,2026-06-14T13:27:56.725000+00:00,23.621,33.245,24.969,262.0,270.0,False,81.835,"[None, 2048, 2048, 2049, 2049, 2048, 2048]","[2049, 2049, 2048, 2048, 2049, 2049, 2048, 2048]","[2049, 2049, 2049, 2048, 2049, 2048, 2048]",330.0
1287,11307,87,18,2026-06-14T13:27:57.702000+00:00,25.053,35.041,31.106,245.0,251.0,False,91.2,"[None, 2048, 2048, 2048, 2048, 2048, 2048]","[2048, 2048, 2048, 2048, 2048, 2048, 2048, 2048]","[2048, 2048, 2048, 2048, 2064, 2064, 2064]",345.0
1287,11307,30,18,2026-06-14T13:27:58.931000+00:00,24.514,34.6,26.214,248.0,242.0,False,85.328,"[None, 2048, 2048, 2048, 2048, 2048, 2048]","[2048, 2048, 2048, 2048, 2048, 2048, 2048, 2048]","[2048, 2048, 2048, 2048, 2048, 2048, 2048]",335.0
1287,11307,27,18,2026-06-14T13:28:00.256000+00:00,24.508,34.48,25.891,244.0,244.0,False,84.879,"[None, 2048, 2048, 2048, 2048, 2048, 2048]","[2048, 2048, 2048, 2048, 2048, 2048, 2049, 2048]","[2048, 2048, 2048, 2048, 2048, 2048, 2048]",332.0
1287,11307,43,18,2026-06-14T13:28:02.421000+00:00,24.274,34.129,25.662,248.0,255.0,False,84.065,"[None, 2048, 2048, 2048, 2048, 2048, 2048]","[2048, 2048, 2048, 2048, 2048, 2049, 2048, 2049]","[2048, 2048, 2048, 2048, 2048, 2048, 2048]",
1287,11307,10,18,2026-06-14T13:28:03.952000+00:00,24.019,34.008,25.485,258.0,260.0,False,83.512,"[None, 2048, 2049, 2048, 2048, 2048, 2048]","[2048, 2048, 2048, 2048, 2048, 2048, 2048, 2049]","[2048, 2048, 2048, 2048, 2048, 2048, 2048]",337.0
1287,11307,55,18,2026-06-14T13:28:11.811000+00:00,24.59,34.197,25.411,245.0,262.0,False,84.198,"[None, 2048, 2048, 2049, 2048, 2048, 2048]","[2048, 2048, 2048, 2049, 2048, 2049, 2048, 2048]","[2048, 2048, 2048, 2048, 2048, 2048, 2048]",
1287,11307,31,18,2026-06-14T13:28:13.936000+00:00,24.395,34.156,25.753,,262.0,False,84.304,"[None, 2048, 2048, 2048, 2048, 2048, 2048]","[2048, 2048, 2048, 2048, 2048, 2049, 2048, 2048]","[2048, 2048, 2048, 2048, 2048, 2048, 2048]",326.0
1287,11307,14,18,2026-06-14T13:28:17.624000+00:00,25.166,35.685,26.557,246.0,256.0,False,87.408,"[None, 2048, 2048, 2048, 2048, 2048, 2048]","[2048, 2048, 2048, 2048, 2048, 2048, 2048, 2049]","[2048, 2048, 2048, 2048, 2048, 2048, 2048]",318.0
1287,11307,5,18,2026-06-14T13:28:18.764000+00:00,24.377,34.178,25.368,248.0,263.0,False,83.923,"[None, 2048, 2048, 2049, 2048, 2048, 2049]","[2048, 2048, 2048, 2048, 2049, 2049, 2048, 2048]","[2049, 2048, 2048, 2049, 2048, 2048, 2048]",336.0
1287,11307,23,18,2026-06-14T13:28:20.452000+00:00,24.613,34.569,25.787,255.0,262.0,False,84.969,"[None, 2048, 2048, 2048, 2048, 2048, 2049]","[2048, 2048, 2048, 2048, 2048, 2049, 2048, 2048]","[2048, 2048, 2048, 2048, 2048, 2048, 2048]",336.0
1287,11307,11,18,2026-06-14T13:28:22.014000+00:00,24.574,34.517,25.927,247.0,258.0,False,85.018,"[None, 2048, 2048, 2049, 2048, 2048, 2049]","[2048, 2048, 2048, 2048, 2048, 2048, 2048, 2048]","[2048, 2048, 2048, 2048, 2048, 2048, 2048]",
1287,11307,63,19,2026-06-14T13:28:37.140000+00:00,23.915,33.386,25.145,258.0,253.0,False,82.446,"[None, 2048, 2048, 2048, 2048, 2048, 2048]","[2048, 2048, 2048, 2048, 2048, 2048, 2048, 2048]","[2048, 2048, 2048, 2048, 2048, 2048, 2049]",331.0
1287,11307,44,19,2026-06-14T13:28:39.155000+00:00,23.985,33.375,25.104,262.0,257.0,False,82.464,"[None, 2048, 2048, 2048, 2048, 2048, 2049]","[2048, 2048, 2048, 2048, 2048, 2048, 2048, 2048]","[2048, 2048, 2048, 2048, 2048, 2048, 2048]",325.0
1287,11307,12,19,2026-06-14T13:28:45.015000+00:00,23.959,33.125,24.837,255.0,269.0,False,81.921,"[None, 2048, 2048, 2048, 2048, 2048, 2048]","[2048, 2048, 2048, 2048, 2048, 2048, 2048, 2048]","[2048, 2048, 2048, 2048, 2048, 2048, 2048]",333.0
1287,11307,1,19,2026-06-14T13:28:46.765000+00:00,23.972,33.368,25.014,255.0,263.0,False,82.354,"[None, 2048, 2049, 2048, 2048, 2048, 2048]","[2048, 2048, 2048, 2048, 2048, 2048, 2048, 2048]","[2048, 2048, 2048, 2048, 2048, 2048, 2048]",332.0
1287,11307,3,19,2026-06-14T13:28:50.890000+00:00,23.894,33.399,25.23,257.0,268.0,False,82.523,"[None, 2048, 2048, 2048, 2048, 2048, 2048]","[2048, 2048, 2048, 2048, 2048, 2048, 2048, 2048]","[2048, 2048, 2049, 2048, 2048, 2048, 2048]",333.0
1287,11307,16,19,2026-06-14T13:28:59.030000+00:00,24.015,32.995,24.975,,270.0,False,81.985,"[None, 2048, 2048, 2049, 2048, 2048, 2048]","[2048, 2048, 2049, 2048, 2048, 2048, 2049, 2048]","[2048, 2048, 2048, 2048, 2049, 2048, 2048]",
1287,11307,81,19,2026-06-14T13:29:00.702000+00:00,23.925,33.265,25.072,259.0,264.0,False,82.262,"[None, 2048, 2048, 2048, 2048, 2048, 2049]","[2048, 2048, 2048, 2048, 2048, 2049, 2048, 2049]","[2048, 2048, 2048, 2048, 2048, 2048, 2048]",332.0
1287,11307,41,19,2026-06-14T13:29:12.437000+00:00,24.841,34.678,26.294,247.0,259.0,False,85.813,"[None, 2048, 2048, 2048, 2048, 2048, 2048]","[2049, 2048, 2048, 2048, 2048, 2048, 2048, 2048]","[2048, 2048, 2048, 2048, 2048, 2048, 2048]",
1287,11307,6,19,2026-06-14T13:29:18.749000+00:00,23.679,33.485,25.059,256.0,263.0,False,82.223,"[None, 2048, 2048, 2049, 2048, 2048, 2048]","[2048, 2048, 2048, 2048, 2048, 2048, 2048, 2048]","[2049, 2048, 2048, 2049, 2049, 2048, 2048]",331.0
1287,11307,30,19,2026-06-14T13:29:24.249000+00:00,24.342,34.133,25.55,249.0,257.0,False,84.025,"[None, 2048, 2048, 2048, 2048, 2048, 2048]","[2048, 2048, 2048, 2048, 2048, 2048, 2048, 2048]","[2048, 2048, 2048, 2049, 2048, 2048, 2048]",330.0
1287,11307,27,19,2026-06-14T13:29:25.015000+00:00,24.056,34.301,25.597,240.0,253.0,False,83.954,"[None, 2048, 2048, 2048, 2048, 2048, 2048]","[2048, 2048, 2048, 2048, 2048, 2048, 2048, 2049]","[2048, 2048, 2048, 2048, 2048, 2048, 2048]",337.0
1287,11307,43,19,2026-06-14T13:29:26.312000+00:00,23.98,34.953,26.69,250.0,173.0,False,85.623,"[None, 2048, 2049, 2049, 2049, 2048, 2049]","[2048, 2048, 2048, 2048, 2049, 2048, 2048, 2048]","[2048, 2048, 2048, 2048, 2048, 2048, 2048]",338.0
1287,11307,10,19,2026-06-14T13:29:27.374000+00:00,24.062,34.044,25.513,254.0,257.0,False,83.619,"[None, 2048, 2048, 2048, 2048, 2049, 2048]","[2048, 2048, 2048, 2048, 2048, 2048, 2048, 2048]","[2048, 2048, 2048, 2048, 2048, 2048, 2048]",339.0
1287,11307,87,19,2026-06-14T13:29:28.859000+00:00,45.062,33.721,25.7,248.0,255.0,True,104.483,"[2064, 2064, 2048, 2048, 2048, 2049, 2049]","[2049, 2049, 2048, 2049, 2049, 2048, 2049, 2049]","[2049, 2049, 2048, 2048, 2048, 2048, 2048]",263.0
1287,11307,55,19,2026-06-14T13:29:35.988000+00:00,24.408,34.37,25.483,248.0,255.0,False,84.261,"[None, 2048, 2048, 2049, 2048, 2048, 2048]","[2048, 2049, 2048, 2048, 2048, 2048, 2048, 2048]","[2048, 2048, 2048, 2048, 2049, 2048, 2048]",
1287,11307,31,19,2026-06-14T13:29:38.167000+00:00,24.501,34.341,25.666,245.0,255.0,False,84.508,"[None, 2048, 2048, 2048, 2048, 2048, 2048]","[2048, 2048, 2048, 2048, 2048, 2048, 2048, 2048]","[2048, 2048, 2048, 2048, 2049, 2048, 2048]",
1287,11307,5,19,2026-06-14T13:29:42.669000+00:00,24.165,33.984,25.402,258.0,261.0,False,83.551,"[None, 2048, 2048, 2049, 2048, 2049, 2049]","[2049, 2049, 2048, 2049, 2048, 2048, 2048, 2048]","[2048, 2048, 2048, 2049, 2048, 2048, 2048]",327.0
1287,11307,14,19,2026-06-14T13:29:44.872000+00:00,25.669,35.497,26.735,240.0,250.0,False,87.901,"[None, 2048, 2048, 2048, 2048, 2048, 2048]","[2048, 2048, 2048, 2048, 2048, 2048, 2048, 2048]","[2048, 2048, 2048, 2048, 2048, 2048, 2048]",319.0
1287,11307,23,19,2026-06-14T13:29:45.325000+00:00,24.68,34.664,25.678,241.0,258.0,False,85.022,"[None, 2049, 2048, 2048, 2048, 2048, 2048]","[2048, 2048, 2048, 2048, 2048, 2048, 2048, 2048]","[2048, 2048, 2048, 2048, 2048, 2048, 2048]",348.0
1287,11307,11,19,2026-06-14T13:29:46.967000+00:00,24.813,34.814,26.622,246.0,251.0,False,86.249,"[None, 2048, 2048, 2048, 2048, 2048, 2048]","[2048, 2048, 2048, 2048, 2048, 2048, 2048, 2048]","[2048, 2048, 2048, 2048, 2048, 2048, 2048]",
1287,11307,63,20,2026-06-14T13:29:59.623000+00:00,23.887,33.438,25.188,259.0,252.0,False,82.513,"[None, 2048, 2048, 2048, 2048, 2048, 2048]","[2048, 2048, 2048, 2048, 2048, 2048, 2048, 2048]","[2048, 2048, 2048, 2048, 2048, 2048, 2048]",332.0
1287,11307,44,20,2026-06-14T13:30:01.586000+00:00,23.962,33.442,25.214,259.0,253.0,False,82.618,"[None, 2048, 2048, 2048, 2048, 2048, 2048]","[2048, 2048, 2048, 2048, 2048, 2048, 2048, 2048]","[2048, 2048, 2048, 2048, 2048, 2048, 2048]",326.0
1287,11307,12,20,2026-06-14T13:30:06.762000+00:00,23.832,33.246,24.971,257.0,270.0,False,82.049,"[None, 2048, 2048, 2048, 2048, 2048, 2048]","[2048, 2048, 2048, 2048, 2048, 2049, 2048, 2048]","[2048, 2048, 2048, 2048, 2048, 2048, 2048]",
1287,11307,1,20,2026-06-14T13:30:09.043000+00:00,23.843,33.384,25.016,258.0,265.0,False,82.243,"[None, 2048, 2049, 2049, 2048, 2048, 2048]","[2048, 2048, 2048, 2048, 2048, 2048, 2048, 2048]","[2048, 2048, 2048, 2049, 2048, 2048, 2048]",330.0
1287,11307,3,20,2026-06-14T13:30:13.403000+00:00,24.024,33.538,25.308,251.0,270.0,False,82.87,"[None, 2048, 2048, 2048, 2048, 2048, 2048]","[2048, 2048, 2048, 2048, 2048, 2048, 2048, 2049]","[2048, 2048, 2048, 2048, 2048, 2048, 2048]",326.0
1287,11307,16,20,2026-06-14T13:30:20.961000+00:00,23.957,33.002,24.794,259.0,270.0,False,81.753,"[None, 2048, 2048, 2048, 2048, 2049, 2048]","[2049, 2048, 2048, 2048, 2048, 2048, 2048, 2048]","[2048, 2049, 2048, 2049, 2049, 2049, 2048]",324.0
1287,11307,81,20,2026-06-14T13:30:22.924000+00:00,24.072,33.26,25.117,263.0,269.0,False,82.449,"[None, 2048, 2048, 2048, 2048, 2048, 2049]","[2048, 2048, 2048, 2048, 2048, 2048, 2048, 2048]","[2048, 2048, 2048, 2048, 2048, 2048, 2048]",
1287,11307,41,20,2026-06-14T13:30:38.182000+00:00,24.852,34.704,26.56,249.0,255.0,False,86.116,"[None, 2048, 2048, 2048, 2048, 2048, 2048]","[2048, 2048, 2048, 2048, 2048, 2048, 2048, 2048]","[2048, 2048, 2048, 2048, 2048, 2048, 2048]",329.0
1287,11307,6,20,2026-06-14T13:30:40.869000+00:00,23.838,33.796,25.944,252.0,258.0,False,83.578,"[None, 2048, 2048, 2048, 2048, 2048, 2048]","[2048, 2048, 2048, 2048, 2048, 2048, 2048, 2048]","[2048, 2048, 2048, 2048, 2048, 2048, 2048]",332.0
1287,11307,30,20,2026-06-14T13:30:48.337000+00:00,24.432,34.067,25.571,252.0,255.0,False,84.07,"[None, 2048, 2048, 2048, 2048, 2048, 2048]","[2048, 2048, 2048, 2048, 2048, 2048, 2048, 2048]","[2048, 2048, 2048, 2048, 2049, 2048, 2048]",326.0
1287,11307,27,20,2026-06-14T13:30:49.068000+00:00,24.318,34.317,25.603,243.0,255.0,False,84.238,"[None, 2048, 2048, 2048, 2048, 2048, 2048]","[2048, 2048, 2048, 2048, 2049, 2048, 2048, 2048]","[2048, 2048, 2048, 2048, 2048, 2048, 2048]",334.0
1287,11307,10,20,2026-06-14T13:30:50.984000+00:00,24.125,34.208,25.493,255.0,252.0,False,83.826,"[None, 2048, 2049, 2048, 2048, 2048, 2048]","[2048, 2048, 2048, 2048, 2048, 2049, 2048, 2048]","[2048, 2048, 2048, 2048, 2048, 2048, 2048]",335.0
1287,11307,43,20,2026-06-14T13:30:52.016000+00:00,24.255,34.54,25.622,245.0,250.0,False,84.417,"[None, 2048, 2048, 2048, 2048, 2048, 2048]","[2048, 2048, 2048, 2048, 2048, 2048, 2048, 2048]","[2048, 2048, 2048, 2048, 2048, 2048, 2048]",340.0
1287,11307,55,20,2026-06-14T13:31:00.148000+00:00,24.569,34.349,25.492,250.0,261.0,False,84.41,"[None, 2048, 2048, 2048, 2048, 2049, 2048]","[2048, 2048, 2048, 2048, 2048, 2048, 2048, 2048]","[2048, 2048, 2048, 2048, 2048, 2048, 2048]",329.0
1287,11307,31,20,2026-06-14T13:31:02.560000+00:00,24.582,34.277,25.927,247.0,266.0,False,84.786,"[None, 2048, 2048, 2048, 2048, 2048, 2048]","[2048, 2048, 2048, 2048, 2048, 2048, 2048, 2048]","[2048, 2048, 2048, 2048, 2048, 2048, 2048]",325.0
1287,11307,5,20,2026-06-14T13:31:06.137000+00:00,24.336,34.164,25.568,,259.0,False,84.068,"[None, 2048, 2048, 2048, 2048, 2048, 2048]","[2049, 2048, 2048, 2048, 2048, 2048, 2048, 2048]","[2048, 2048, 2048, 2048, 2048, 2048, 2048]",325.0
1287,11307,23,20,2026-06-14T13:31:10.368000+00:00,24.823,34.753,25.867,247.0,250.0,False,85.443,"[None, 2048, 2048, 2048, 2048, 2048, 2048]","[2048, 2048, 2048, 2048, 2048, 2048, 2048, 2048]","[2048, 2048, 2048, 2048, 2048, 2048, 2048]",330.0
1287,11307,14,20,2026-06-14T13:31:12.849000+00:00,25.79,35.774,26.829,218.0,250.0,False,88.393,"[None, 2048, 2048, 2048, 2048, 2048, 2048]","[2048, 2048, 2048, 2048, 2048, 2048, 2048, 2048]","[2048, 2048, 2048, 2048, 2048, 2048, 2048]",326.0
1287,11307,11,20,2026-06-14T13:31:13.241000+00:00,24.716,34.863,26.757,248.0,250.0,False,86.336,"[None, 2048, 2049, 2048, 2048, 2048, 2048]","[2048, 2048, 2048, 2048, 2048, 2048, 2048, 2048]","[2048, 2048, 2048, 2048, 2048, 2048, 2048]",341.0
1287,11307,87,20,2026-06-14T13:31:13.440000+00:00,24.912,34.662,25.63,242.0,267.0,False,85.204,"[2048, 2048, 2048, 2048, 2048, 2049, 2048]","[2048, 2048, 2048, 2048, 2048, 2048, 2048, 2051]","[2048, 2049, 2048, 2048, 2049, 2048, 2048]",342.0
1287,11307,63,21,2026-06-14T13:31:22.140000+00:00,24.003,33.322,25.231,253.0,259.0,False,82.556,"[None, 2048, 2048, 2048, 2048, 2048, 2048]","[2048, 2048, 2048, 2048, 2048, 2048, 2048, 2048]","[2048, 2048, 2048, 2048, 2048, 2048, 2048]",333.0
1287,11307,44,21,2026-06-14T13:31:24.200000+00:00,24.022,33.393,25.313,258.0,254.0,False,82.728,"[None, 2048, 2048, 2048, 2048, 2048, 2048]","[2048, 2048, 2048, 2048, 2048, 2048, 2048, 2048]","[2048, 2048, 2048, 2048, 2048, 2048, 2048]",
1287,11307,12,21,2026-06-14T13:31:28.806000+00:00,23.889,33.36,24.947,261.0,260.0,False,82.196,"[None, 2048, 2048, 2048, 2048, 2048, 2048]","[2049, 2048, 2048, 2048, 2048, 2048, 2048, 2048]","[2048, 2048, 2048, 2048, 2048, 2048, 2048]",
1287,11307,1,21,2026-06-14T13:31:31.286000+00:00,23.963,33.337,25.075,,257.0,False,82.375,"[None, 2048, 2048, 2048, 2048, 2048, 2048]","[2048, 2048, 2048, 2048, 2048, 2048, 2048, 2048]","[2048, 2048, 2048, 2048, 2048, 2048, 2048]",
1287,11307,3,21,2026-06-14T13:31:36.247000+00:00,24.061,33.555,25.261,261.0,266.0,False,82.877,"[None, 2048, 2048, 2048, 2048, 2048, 2048]","[2048, 2048, 2048, 2048, 2048, 2048, 2048, 2048]","[2048, 2048, 2048, 2049, 2048, 2048, 2048]",330.0
1287,11307,16,21,2026-06-14T13:31:42.638000+00:00,23.854,32.923,24.812,261.0,273.0,False,81.589,"[None, 2048, 2048, 2049, 2048, 2049, 2048]","[2049, 2048, 2048, 2048, 2048, 2048, 2049, 2049]","[2049, 2048, 2048, 2049, 2049, 2049, 2049]",
1287,11307,81,21,2026-06-14T13:31:45.338000+00:00,24.116,33.499,25.243,,263.0,False,82.858,"[None, 2048, 2048, 2048, 2048, 2048, 2048]","[2048, 2048, 2048, 2048, 2048, 2048, 2048, 2048]","[2048, 2048, 2048, 2048, 2049, 2048, 2048]",330.0
1287,11307,41,21,2026-06-14T13:32:04.319000+00:00,25.662,35.031,26.524,243.0,257.0,False,87.217,"[None, 2048, 2048, 2048, 2048, 2048, 2048]","[2048, 2048, 2048, 2048, 2048, 2048, 2048, 2049]","[2048, 2048, 2048, 2048, 2048, 2048, 2048]",324.0
1287,11307,6,21,2026-06-14T13:32:04.475000+00:00,23.824,33.851,25.245,245.0,266.0,False,82.92,"[None, 2048, 2048, 2048, 2048, 2048, 2048]","[2048, 2048, 2048, 2048, 2048, 2048, 2048, 2048]","[2048, 2048, 2048, 2048, 2048, 2048, 2048]",330.0
1287,11307,30,21,2026-06-14T13:32:12.339000+00:00,24.531,33.961,25.585,248.0,265.0,False,84.077,"[None, 2048, 2048, 2048, 2048, 2048, 2048]","[2048, 2048, 2048, 2049, 2048, 2048, 2048, 2049]","[2048, 2048, 2048, 2048, 2048, 2048, 2048]",328.0
1287,11307,27,21,2026-06-14T13:32:13.370000+00:00,24.158,34.388,25.525,242.0,256.0,False,84.071,"[None, 2048, 2048, 2048, 2048, 2048, 2048]","[2048, 2048, 2048, 2048, 2048, 2048, 2048, 2048]","[2048, 2048, 2048, 2048, 2048, 2048, 2048]",339.0
1287,11307,10,21,2026-06-14T13:32:14.933000+00:00,24.229,33.83,25.73,260.0,252.0,False,83.789,"[None, 2048, 2048, 2048, 2048, 2048, 2048]","[2048, 2048, 2048, 2049, 2048, 2049, 2048, 2049]","[2048, 2048, 2048, 2048, 2048, 2048, 2048]",336.0
1287,11307,43,21,2026-06-14T13:32:16.386000+00:00,24.313,34.257,25.527,251.0,262.0,False,84.097,"[None, 2048, 2048, 2048, 2048, 2048, 2048]","[2048, 2048, 2048, 2048, 2048, 2048, 2048, 2049]","[2048, 2048, 2048, 2048, 2048, 2048, 2048]",336.0
1287,11307,55,21,2026-06-14T13:32:24.573000+00:00,24.534,34.446,25.619,253.0,262.0,False,84.599,"[None, 2048, 2048, 2048, 2049, 2048, 2048]","[2048, 2048, 2048, 2048, 2048, 2048, 2048, 2048]","[2048, 2048, 2048, 2048, 2048, 2048, 2048]",
1287,11307,31,21,2026-06-14T13:32:27.498000+00:00,24.498,34.246,26.021,246.0,259.0,False,84.765,"[None, 2048, 2048, 2048, 2048, 2048, 2049]","[2048, 2048, 2048, 2049, 2048, 2048, 2048, 2048]","[2048, 2048, 2048, 2048, 2048, 2048, 2048]",324.0
1287,11307,5,21,2026-06-14T13:32:30.339000+00:00,24.331,33.978,25.527,255.0,264.0,False,83.836,"[None, 2048, 2048, 2048, 2048, 2048, 2048]","[2048, 2048, 2048, 2048, 2048, 2048, 2048, 2048]","[2048, 2048, 2048, 2048, 2048, 2048, 2048]",329.0
1287,11307,23,21,2026-06-14T13:32:35.783000+00:00,24.742,34.59,25.885,256.0,253.0,False,85.217,"[None, 2048, 2048, 2048, 2048, 2048, 2048]","[2049, 2048, 2048, 2048, 2048, 2048, 2048, 2048]","[2048, 2048, 2048, 2048, 2048, 2048, 2048]",331.0
1287,11307,87,21,2026-06-14T13:32:38.640000+00:00,24.297,34.036,25.606,250.0,265.0,False,83.939,"[None, 2048, 2048, 2049, 2049, 2048, 2048]","[2048, 2048, 2048, 2048, 2048, 2048, 2048, 2048]","[2048, 2048, 2048, 2048, 2048, 2048, 2048]",325.0
1287,11307,11,21,2026-06-14T13:32:39.655000+00:00,24.609,34.682,26.22,245.0,256.0,False,85.511,"[None, 2048, 2048, 2048, 2048, 2048, 2048]","[2048, 2048, 2048, 2048, 2048, 2048, 2048, 2048]","[2048, 2048, 2048, 2048, 2048, 2048, 2048]",344.0
1287,11307,14,21,2026-06-14T13:32:41.269000+00:00,25.754,36.713,31.362,233.0,245.0,False,93.829,"[None, 2048, 2048, 2048, 2048, 2048, 2048]","[2048, 2048, 2048, 2048, 2048, 2048, 2048, 2048]","[2048, 2048, 2048, 2048, 2064, 2064, 2064]",327.0
1287,11307,63,22,2026-06-14T13:32:44.749000+00:00,23.815,33.707,25.203,254.0,250.0,False,82.725,"[2049, 2049, 2048, 2048, 2048, 2048, 2048]","[2048, 2048, 2048, 2048, 2048, 2048, 2048, 2048]","[2048, 2048, 2048, 2048, 2048, 2048, 2048]",334.0
1287,11307,44,22,2026-06-14T13:32:46.968000+00:00,23.904,33.51,25.477,262.0,251.0,False,82.891,"[None, 2048, 2048, 2048, 2048, 2048, 2049]","[2048, 2048, 2048, 2048, 2048, 2048, 2048, 2048]","[2048, 2048, 2048, 2048, 2048, 2048, 2048]",327.0
1287,11307,12,22,2026-06-14T13:32:51.038000+00:00,23.831,33.356,24.974,263.0,259.0,False,82.161,"[None, 2048, 2048, 2048, 2048, 2048, 2048]","[2049, 2048, 2048, 2048, 2048, 2048, 2048, 2048]","[2048, 2048, 2048, 2048, 2048, 2048, 2048]",
1287,11307,1,22,2026-06-14T13:32:53.707000+00:00,23.827,33.197,24.998,260.0,263.0,False,82.022,"[None, 2048, 2048, 2048, 2048, 2048, 2049]","[2048, 2048, 2048, 2048, 2048, 2048, 2048, 2048]","[2048, 2048, 2048, 2048, 2048, 2048, 2048]",
1287,11307,3,22,2026-06-14T13:32:59.079000+00:00,23.982,33.641,25.198,259.0,270.0,False,82.821,"[None, 2048, 2048, 2048, 2048, 2048, 2048]","[2048, 2048, 2048, 2048, 2048, 2048, 2048, 2048]","[2048, 2048, 2048, 2048, 2048, 2048]",
1287,11307,16,22,2026-06-14T13:33:04.295000+00:00,23.878,33.177,24.956,,268.0,False,82.011,"[None, 2048, 2048, 2048, 2048, 2048, 2048]","[2048, 2048, 2048, 2048, 2048, 2049, 2048, 2048]","[2048, 2048, 2048, 2048, 2048, 2048, 2048]",322.0
1287,11307,81,22,2026-06-14T13:33:08.239000+00:00,24.016,33.588,25.333,259.0,263.0,False,82.937,"[None, 2048, 2048, 2048, 2048, 2048, 2048]","[2048, 2048, 2048, 2048, 2048, 2048, 2048, 2048]","[2048, 2048, 2048, 2048, 2048, 2048, 2048]",332.0
1287,11307,6,22,2026-06-14T13:33:27.293000+00:00,23.84,33.636,25.302,263.0,272.0,False,82.778,"[None, 2048, 2048, 2048, 2048, 2048, 2048]","[2048, 2048, 2048, 2048, 2048, 2048, 2048, 2048]","[2048, 2048, 2048, 2048, 2048, 2048, 2048]",325.0
1287,11307,41,22,2026-06-14T13:33:31.534000+00:00,24.943,34.933,30.232,,259.0,False,90.108,"[None, 2048, 2048, 2048, 2048, 2048, 2048]","[2048, 2048, 2048, 2048, 2048, 2048, 2048, 2048]","[2048, 2048, 2048, 2048, 2064, 2064, 2064]",331.0
1287,11307,30,22,2026-06-14T13:33:36.415000+00:00,24.435,34.168,25.723,251.0,260.0,False,84.326,"[None, 2048, 2048, 2048, 2048, 2048, 2048]","[2048, 2048, 2048, 2048, 2048, 2048, 2048, 2048]","[2048, 2048, 2048, 2048, 2048, 2048]",330.0
1287,11307,27,22,2026-06-14T13:33:37.335000+00:00,24.071,34.445,25.51,244.0,252.0,False,84.026,"[None, 2048, 2048, 2048, 2048, 2048, 2048]","[2049, 2048, 2048, 2048, 2048, 2048, 2048, 2048]","[2048, 2048, 2048, 2048, 2049, 2048, 2048]",340.0
1287,11307,10,22,2026-06-14T13:33:38.699000+00:00,24.163,34.142,25.683,265.0,256.0,False,83.988,"[None, 2048, 2048, 2048, 2048, 2048, 2049]","[2048, 2048, 2048, 2048, 2048, 2048, 2048, 2049]","[2048, 2048, 2048, 2048, 2048, 2048, 2048]",337.0
1287,11307,43,22,2026-06-14T13:33:40.540000+00:00,24.157,34.398,25.621,255.0,259.0,False,84.176,"[None, 2048, 2048, 2048, 2048, 2048, 2049]","[2048, 2048, 2048, 2048, 2048, 2049, 2048, 2048]","[2048, 2048, 2048, 2048, 2048, 2048, 2048]",
1287,11307,55,22,2026-06-14T13:33:49.181000+00:00,24.56,34.42,25.867,251.0,258.0,False,84.847,"[None, 2048, 2048, 2048, 2048, 2048, 2049]","[2049, 2048, 2048, 2048, 2048, 2048, 2048, 2048]","[2048, 2048, 2048, 2048, 2048, 2048, 2048]",330.0
1287,11307,31,22,2026-06-14T13:33:52.198000+00:00,24.514,34.468,25.999,248.0,260.0,False,84.981,"[None, 2048, 2048, 2048, 2048, 2048, 2049]","[2048, 2048, 2048, 2048, 2048, 2048, 2048, 2048]","[2048, 2048, 2048, 2048, 2048, 2048, 2048]",
1287,11307,5,22,2026-06-14T13:33:54.158000+00:00,24.217,34.148,25.549,262.0,263.0,False,83.914,"[None, 2048, 2048, 2048, 2048, 2049, 2049]","[2048, 2048, 2048, 2048, 2048, 2048, 2048, 2048]","[2048, 2048, 2048, 2049, 2048, 2048, 2048]",
1287,11307,23,22,2026-06-14T13:34:01.236000+00:00,24.786,34.64,25.875,248.0,258.0,False,85.301,"[None, 2048, 2048, 2048, 2048, 2048, 2048]","[2048, 2048, 2048, 2048, 2048, 2048, 2048, 2048]","[2048, 2048, 2048, 2048, 2049, 2048, 2048]",332.0
1287,11307,87,22,2026-06-14T13:34:02.597000+00:00,24.342,34.191,25.752,253.0,250.0,False,84.285,"[None, 2048, 2048, 2048, 2048, 2048, 2048]","[2048, 2048, 2048, 2048, 2048, 2048, 2048, 2048]","[2048, 2048, 2048, 2048, 2048, 2049, 2049]",328.0
1287,11307,11,22,2026-06-14T13:34:05.156000+00:00,24.833,35.317,26.853,241.0,206.0,False,87.003,"[None, 2048, 2048, 2048, 2048, 2048, 2048]","[2048, 2048, 2048, 2048, 2048, 2048, 2048, 2048]","[2048, 2048, 2048, 2048, 2048, 2048, 2048]",325.0
1287,11307,63,23,2026-06-14T13:34:07.381000+00:00,23.957,33.851,25.446,256.0,249.0,False,83.254,"[None, 2049, 2048, 2048, 2048, 2048, 2048]","[2048, 2048, 2048, 2048, 2048, 2048, 2048, 2048]","[2048, 2048, 2048, 2048, 2048, 2048, 2048]",
1287,11307,44,23,2026-06-14T13:34:09.943000+00:00,23.947,33.416,25.563,,253.0,False,82.926,"[None, 2048, 2048, 2048, 2048, 2048, 2048]","[2048, 2048, 2048, 2048, 2048, 2048, 2048, 2048]","[2048, 2048, 2048, 2048, 2048, 2048, 2048]",328.0
1287,11307,12,23,2026-06-14T13:34:13.218000+00:00,23.962,33.542,24.946,257.0,260.0,False,82.45,"[None, 2048, 2048, 2048, 2048, 2048, 2048]","[2048, 2048, 2048, 2048, 2048, 2048, 2048, 2048]","[2048, 2048, 2048, 2048, 2048, 2048, 2048]",334.0
1287,11307,14,22,2026-06-14T13:34:14.942000+00:00,44.443,34.657,26.073,235.0,247.0,True,105.173,"[2064, 2064, 2048, 2048, 2048, 2048, 2048]","[2048, 2048, 2048, 2048, 2049, 2049, 2049, 2048]","[2049, 2048, 2049, 2048, 2048, 2048, 2048]",253.0
1287,11307,1,23,2026-06-14T13:34:15.689000+00:00,23.938,33.372,24.969,,261.0,False,82.279,"[None, 2048, 2048, 2048, 2048, 2048, 2048]","[2048, 2048, 2048, 2048, 2048, 2048, 2048, 2048]","[2048, 2048, 2048, 2048, 2048, 2048, 2048]",331.0
1287,11307,3,23,2026-06-14T13:34:21.890000+00:00,24.029,33.531,25.247,261.0,270.0,False,82.807,"[None, 2048, 2048, 2048, 2048, 2048, 2048]","[2048, 2048, 2048, 2048, 2048, 2048, 2048, 2048]","[2048, 2048, 2048, 2048, 2048, 2048, 2048]",329.0
1287,11307,16,23,2026-06-14T13:34:26.279000+00:00,23.82,33.012,25.032,266.0,276.0,False,81.864,"[None, 2048, 2048, 2048, 2049, 2049, 2048]","[2049, 2048, 2048, 2048, 2048, 2048, 2049, 2049]","[2048, 2048, 2048, 2048, 2048, 2048, 2048]",324.0
1287,11307,81,23,2026-06-14T13:34:31.112000+00:00,23.995,33.556,25.347,262.0,259.0,False,82.898,"[None, 2048, 2048, 2048, 2048, 2048, 2048]","[2048, 2048, 2048, 2048, 2048, 2048, 2048, 2048]","[2048, 2048, 2048, 2048, 2048, 2048, 2048]",331.0
1287,11307,6,23,2026-06-14T13:34:50.138000+00:00,23.974,33.694,25.283,257.0,271.0,False,82.951,"[None, 2048, 2048, 2048, 2048, 2048, 2048]","[2048, 2048, 2048, 2048, 2048, 2048, 2048, 2048]","[2049, 2048, 2048, 2048, 2048, 2048, 2048]",330.0
1287,11307,30,23,2026-06-14T13:35:00.665000+00:00,24.444,34.316,25.689,244.0,257.0,False,84.449,"[None, 2048, 2048, 2048, 2048, 2048, 2048]","[2048, 2048, 2048, 2048, 2048, 2048, 2048, 2048]","[2048, 2048, 2048, 2049, 2048, 2048, 2048]",
1287,11307,27,23,2026-06-14T13:35:01.320000+00:00,24.236,34.54,25.562,,250.0,False,84.338,"[None, 2048, 2048, 2048, 2048, 2048, 2048]","[2048, 2048, 2048, 2048, 2048, 2048, 2048, 2048]","[2048, 2048, 2048, 2049, 2048, 2048, 2048]",349.0
1287,11307,41,23,2026-06-14T13:35:01.570000+00:00,44.823,33.895,25.629,241.0,262.0,True,104.347,"[2064, 2064, 2048, 2048, 2048, 2048, 2048]","[2049, 2048, 2049, 2049, 2049, 2048, 2048, 2049]","[2048, 2048, 2048, 2048, 2048, 2048, 2048]",259.0
1287,11307,10,23,2026-06-14T13:35:02.582000+00:00,24.112,34.262,25.722,260.0,255.0,False,84.096,"[None, 2048, 2048, 2048, 2048, 2048, 2048]","[2048, 2048, 2048, 2048, 2048, 2048, 2048, 2048]","[2048, 2048, 2048, 2048, 2048, 2048, 2048]",338.0
1287,11307,43,23,2026-06-14T13:35:04.658000+00:00,24.336,34.526,25.607,251.0,268.0,False,84.469,"[None, 2048, 2048, 2048, 2048, 2048, 2048]","[2048, 2048, 2048, 2048, 2048, 2048, 2048, 2049]","[2048, 2048, 2048, 2048, 2048, 2048]",335.0
1287,11307,55,23,2026-06-14T13:35:14.148000+00:00,24.566,34.47,25.687,257.0,259.0,False,84.723,"[None, 2048, 2048, 2048, 2048, 2048, 2048]","[2048, 2048, 2048, 2048, 2048, 2048, 2048, 2048]","[2048, 2048, 2048, 2048, 2048, 2048, 2048]",331.0
1287,11307,31,23,2026-06-14T13:35:17.193000+00:00,24.503,34.571,26.051,249.0,251.0,False,85.125,"[None, 2048, 2048, 2048, 2048, 2048, 2048]","[2048, 2048, 2048, 2048, 2048, 2048, 2048, 2048]","[2048, 2048, 2048, 2048, 2048, 2048, 2048]",325.0
1287,11307,5,23,2026-06-14T13:35:18.083000+00:00,24.149,34.609,25.967,251.0,262.0,False,84.725,"[None, 2048, 2049, 2048, 2048, 2048, 2048]","[2048, 2048, 2048, 2048, 2048, 2048, 2048, 2048]","[2048, 2048, 2048, 2048, 2048, 2048, 2048]",346.0
1287,11307,23,23,2026-06-14T13:35:26.397000+00:00,25.264,34.842,25.803,244.0,264.0,False,85.909,"[None, 2048, 2048, 2048, 2048, 2048, 2048]","[2048, 2048, 2048, 2048, 2048, 2048, 2048, 2048]","[2048, 2048, 2048, 2048, 2048, 2048, 2048]",331.0
1287,11307,87,23,2026-06-14T13:35:26.861000+00:00,24.012,33.99,25.744,,259.0,False,83.746,"[None, 2048, 2051, 2048, 2048, 2048, 2048]","[2048, 2048, 2048, 2048, 2048, 2049, 2048, 2048]","[2048, 2048, 2048, 2048, 2048, 2048, 2048]",350.0
1287,11307,63,24,2026-06-14T13:35:30.781000+00:00,23.839,33.549,25.415,251.0,256.0,False,82.803,"[2048, 2048, 2048, 2048, 2048, 2048, 2048]","[2048, 2048, 2048, 2048, 2048, 2048, 2048, 2048]","[2048, 2048, 2048, 2048, 2048, 2048, 2048]",
1287,11307,11,23,2026-06-14T13:35:32.141000+00:00,25.656,35.455,26.762,237.0,193.0,False,87.873,"[None, 2048, 2048, 2048, 2048, 2048, 2048]","[2048, 2048, 2048, 2048, 2048, 2048, 2048, 2048]","[2048, 2048, 2048, 2048, 2048, 2048, 2048]",298.0
1287,11307,44,24,2026-06-14T13:35:32.822000+00:00,24.172,33.426,25.291,263.0,261.0,False,82.889,"[None, 2048, 2048, 2048, 2048, 2048, 2048]","[2048, 2048, 2048, 2048, 2048, 2048, 2048, 2048]","[2048, 2048, 2048, 2048, 2048, 2048, 2048]",331.0
1287,11307,12,24,2026-06-14T13:35:35.683000+00:00,23.892,33.802,25.149,260.0,253.0,False,82.843,"[None, 2048, 2048, 2048, 2048, 2048, 2048]","[2048, 2048, 2048, 2048, 2048, 2048, 2048, 2048]","[2048, 2048, 2048, 2048, 2048, 2048, 2048]",336.0
1287,11307,1,24,2026-06-14T13:35:38.041000+00:00,23.965,33.349,25.13,253.0,257.0,False,82.444,"[None, 2048, 2048, 2048, 2048, 2048, 2048]","[2048, 2048, 2048, 2049, 2048, 2048, 2048, 2048]","[2048, 2048, 2048, 2048, 2048, 2048, 2048]",332.0
1287,11307,3,24,2026-06-14T13:35:44.828000+00:00,24.019,33.608,25.184,260.0,272.0,False,82.811,"[None, 2048, 2048, 2048, 2048, 2048, 2048]","[2048, 2048, 2048, 2048, 2048, 2048, 2048, 2048]","[2048, 2048, 2048, 2048, 2048, 2048, 2048]",331.0
1287,11307,16,24,2026-06-14T13:35:48.126000+00:00,23.996,33.338,25.129,260.0,265.0,False,82.463,"[None, 2048, 2048, 2048, 2048, 2048, 2048]","[2048, 2048, 2048, 2048, 2048, 2048, 2048, 2048]","[2048, 2048, 2048, 2049, 2048, 2048, 2048]",325.0
1287,11307,81,24,2026-06-14T13:35:54.064000+00:00,24.025,33.527,25.355,263.0,253.0,False,82.907,"[None, 2048, 2048, 2048, 2048, 2048, 2048]","[2048, 2048, 2048, 2048, 2048, 2048, 2048, 2048]","[2048, 2048, 2048, 2048, 2048, 2048, 2048]",330.0
1287,11307,14,23,2026-06-14T13:36:00.227000+00:00,24.966,34.5,25.971,242.0,250.0,False,85.437,"[2048, 2048, 2048, 2049, 2048, 2048, 2048]","[2048, 2049, 2048, 2049, 2048, 2049, 2049, 2048]","[2048, 2048, 2048, 2048, 2048, 2048, 2048]",307.0
1287,11307,6,24,2026-06-14T13:36:13.100000+00:00,23.972,33.597,25.425,260.0,264.0,False,82.994,"[None, 2048, 2048, 2048, 2048, 2048, 2048]","[2048, 2048, 2048, 2049, 2048, 2048, 2048, 2048]","[2048, 2048, 2048, 2048, 2048, 2048, 2048]",
1287,11307,30,24,2026-06-14T13:36:25.285000+00:00,24.919,34.411,25.7,254.0,260.0,False,85.03,"[None, 2048, 2049, 2048, 2048, 2048, 2048]","[2048, 2048, 2048, 2048, 2048, 2048, 2048, 2048]","[2048, 2048, 2048, 2048, 2048, 2048, 2048]",325.0
1287,11307,27,24,2026-06-14T13:36:25.754000+00:00,24.86,34.699,25.701,234.0,257.0,False,85.26,"[None, 2048, 2049, 2048, 2048, 2048, 2048]","[2048, 2048, 2048, 2048, 2048, 2048, 2048, 2048]","[2048, 2048, 2048, 2048, 2048, 2048, 2048]",
1287,11307,10,24,2026-06-14T13:36:26.722000+00:00,24.287,34.895,25.945,244.0,246.0,False,85.127,"[None, 2048, 2048, 2048, 2048, 2048, 2048]","[2048, 2048, 2048, 2048, 2048, 2048, 2048, 2048]","[2048, 2048, 2048, 2048, 2048, 2048, 2048]",348.0
1287,11307,43,24,2026-06-14T13:36:29.041000+00:00,24.367,34.83,25.83,248.0,258.0,False,85.027,"[None, 2048, 2048, 2048, 2048, 2048, 2048]","[2048, 2048, 2048, 2048, 2048, 2048, 2048, 2048]","[2048, 2048, 2048, 2048, 2048, 2048, 2048]",
1287,11307,55,24,2026-06-14T13:36:38.790000+00:00,24.67,34.508,25.865,255.0,252.0,False,85.043,"[None, 2048, 2048, 2048, 2048, 2048, 2048]","[2048, 2048, 2048, 2048, 2048, 2048, 2048, 2048]","[2048, 2048, 2048, 2048, 2048, 2048, 2048]",
1287,11307,31,24,2026-06-14T13:36:42.408000+00:00,25.289,34.944,26.128,232.0,255.0,False,86.361,"[None, 2048, 2048, 2048, 2048, 2048, 2048]","[2048, 2048, 2048, 2048, 2048, 2048, 2048, 2048]","[2048, 2048, 2048, 2048, 2048, 2048, 2048]",330.0
1287,11307,5,24,2026-06-14T13:36:42.704000+00:00,24.154,34.325,25.59,255.0,260.0,False,84.069,"[None, 2048, 2048, 2048, 2048, 2048, 2048]","[2048, 2048, 2048, 2048, 2048, 2048, 2048, 2048]","[2048, 2048, 2049, 2048, 2048, 2048, 2048]",350.0
1287,11307,41,24,2026-06-14T13:36:45.939000+00:00,24.242,33.766,25.434,255.0,263.0,False,83.442,"[2048, 2048, 2048, 2049, 2048, 2049, 2049]","[2049, 2048, 2048, 2048, 2048, 2048, 2049, 2049]","[2048, 2048, 2048, 2048, 2048, 2048, 2048]",333.0
1287,11307,87,24,2026-06-14T13:36:50.472000+00:00,24.357,34.135,25.56,256.0,259.0,False,84.052,"[None, 2048, 2048, 2048, 2048, 2048, 2048]","[2048, 2048, 2048, 2048, 2048, 2048, 2048, 2048]","[2048, 2048, 2048, 2048, 2048, 2048, 2048]",325.0
1287,11307,23,24,2026-06-14T13:36:52.317000+00:00,25.42,36.064,26.34,181.0,211.0,False,87.824,"[None, 2048, 2048, 2048, 2048, 2048, 2048]","[2048, 2048, 2048, 2048, 2048, 2048, 2048, 2048]","[2048, 2048, 2048, 2048, 2048, 2048, 2048]",334.0
1287,11307,63,25,2026-06-14T13:36:53.488000+00:00,23.962,33.763,25.301,244.0,258.0,False,83.026,"[2049, 2049, 2048, 2048, 2048, 2048, 2048]","[2048, 2048, 2048, 2048, 2048, 2048, 2048, 2049]","[2048, 2048, 2048, 2048, 2048, 2048, 2048]",337.0
1287,11307,44,25,2026-06-14T13:36:55.754000+00:00,24.08,33.787,25.398,259.0,253.0,False,83.265,"[None, 2048, 2048, 2048, 2048, 2048, 2048]","[2048, 2048, 2048, 2048, 2048, 2048, 2048, 2048]","[2048, 2048, 2048, 2048, 2048, 2048, 2048]",328.0
1287,11307,12,25,2026-06-14T13:36:58.565000+00:00,23.896,33.592,25.189,262.0,262.0,False,82.677,"[None, 2048, 2048, 2048, 2048, 2048, 2048]","[2048, 2048, 2048, 2048, 2048, 2048, 2048, 2048]","[2048, 2048, 2048, 2048, 2048, 2048, 2048]",335.0
1287,11307,11,24,2026-06-14T13:37:00.001000+00:00,25.382,34.915,26.335,246.0,246.0,False,86.632,"[None, 2048, 2048, 2048, 2048, 2048, 2049]","[2048, 2048, 2048, 2048, 2048, 2048, 2048, 2048]","[2048, 2048, 2048, 2048, 2048, 2048, 2048]",309.0
1287,11307,1,25,2026-06-14T13:37:00.341000+00:00,23.696,33.686,25.081,252.0,251.0,False,82.463,"[2049, 2049, 2049, 2048, 2048, 2048, 2048]","[2048, 2048, 2048, 2048, 2048, 2048, 2048, 2048]","[2048, 2048, 2048, 2048, 2048, 2048, 2048]",345.0
1287,11307,3,25,2026-06-14T13:37:07.567000+00:00,24.002,33.702,25.35,,269.0,False,83.054,"[None, 2048, 2048, 2048, 2048, 2048, 2048]","[2048, 2048, 2048, 2048, 2048, 2048, 2048, 2048]","[2048, 2048, 2048, 2048, 2048, 2048, 2048]",328.0
1287,11307,16,25,2026-06-14T13:37:10.563000+00:00,23.995,33.497,25.108,,271.0,False,82.6,"[None, 2048, 2048, 2048, 2048, 2048, 2048]","[2048, 2048, 2048, 2048, 2048, 2048, 2048, 2048]","[2048, 2048, 2048, 2048, 2049, 2048, 2048]",326.0
1287,11307,81,25,2026-06-14T13:37:16.972000+00:00,24.236,33.588,25.214,258.0,260.0,False,83.038,"[None, 2048, 2048, 2048, 2048, 2048, 2048]","[2048, 2048, 2048, 2048, 2048, 2048, 2048, 2048]","[2048, 2048, 2048, 2048, 2048, 2048, 2048]",329.0
1287,11307,14,24,2026-06-14T13:37:25.702000+00:00,24.887,34.773,26.101,247.0,244.0,False,85.761,"[None, 2048, 2048, 2048, 2049, 2048, 2048]","[2048, 2048, 2048, 2049, 2048, 2048, 2048, 2048]","[2048, 2048, 2048, 2048, 2048, 2048, 2048]",310.0
1287,11307,6,25,2026-06-14T13:37:36.048000+00:00,23.955,33.872,25.445,263.0,270.0,False,83.272,"[None, 2048, 2048, 2048, 2048, 2048, 2048]","[2048, 2048, 2048, 2048, 2048, 2048, 2048, 2048]","[2048, 2048, 2048, 2048, 2048, 2048, 2048]",
1287,11307,30,25,2026-06-14T13:37:50.272000+00:00,24.466,34.295,25.734,249.0,265.0,False,84.495,"[None, 2048, 2048, 2048, 2048, 2048, 2048]","[2048, 2048, 2048, 2048, 2048, 2048, 2048, 2048]","[2048, 2048, 2048, 2048, 2048, 2048, 2048]",329.0
1287,11307,27,25,2026-06-14T13:37:51.020000+00:00,24.26,34.651,25.696,242.0,250.0,False,84.607,"[None, 2048, 2048, 2048, 2048, 2048, 2048]","[2048, 2048, 2048, 2048, 2048, 2048, 2048, 2048]","[2048, 2048, 2048, 2048, 2048, 2048, 2048]",340.0
1287,11307,10,25,2026-06-14T13:37:51.859000+00:00,24.214,34.5,25.892,246.0,252.0,False,84.606,"[None, 2048, 2048, 2048, 2048, 2048, 2048]","[2048, 2048, 2048, 2048, 2048, 2048, 2048, 2048]","[2048, 2048, 2048, 2048, 2048, 2048, 2048]",349.0
1287,11307,43,25,2026-06-14T13:37:54.187000+00:00,24.413,34.659,25.836,253.0,251.0,False,84.908,"[None, 2048, 2049, 2048, 2048, 2048, 2048]","[2048, 2048, 2048, 2048, 2048, 2048, 2048, 2048]","[2048, 2048, 2048, 2048, 2048, 2048, 2048]",336.0
1287,11307,55,25,2026-06-14T13:38:03.928000+00:00,24.593,34.552,25.875,252.0,261.0,False,85.02,"[None, 2048, 2048, 2048, 2048, 2048, 2049]","[2048, 2048, 2048, 2048, 2048, 2048, 2048, 2048]","[2048, 2048, 2048, 2048, 2048, 2048, 2048]",330.0
1287,11307,5,25,2026-06-14T13:38:06.875000+00:00,24.256,34.24,25.703,258.0,257.0,False,84.199,"[None, 2048, 2048, 2048, 2048, 2048, 2048]","[2048, 2048, 2048, 2048, 2048, 2048, 2048, 2048]","[2048, 2048, 2048, 2049, 2048, 2048, 2048]",330.0
1287,11307,31,25,2026-06-14T13:38:08.672000+00:00,24.569,34.589,26.174,243.0,256.0,False,85.332,"[None, 2048, 2048, 2048, 2048, 2048, 2048]","[2048, 2048, 2048, 2048, 2048, 2048, 2048, 2048]","[2048, 2048, 2048, 2048, 2048, 2048, 2048]",332.0
1287,11307,41,25,2026-06-14T13:38:09.379000+00:00,24.145,34.66,26.07,229.0,244.0,False,84.875,"[None, 2048, 2048, 2049, 2048, 2049, 2048]","[2048, 2048, 2048, 2048, 2048, 2048, 2049, 2049]","[2048, 2048, 2048, 2048, 2048, 2048, 2048]",339.0
1287,11307,87,25,2026-06-14T13:38:14.703000+00:00,24.476,34.837,26.594,248.0,149.0,False,85.907,"[None, 2048, 2048, 2048, 2048, 2048, 2048]","[2048, 2048, 2048, 2048, 2048, 2049, 2048, 2048]","[2048, 2048, 2048, 2048, 2048, 2048, 2048]",
1287,11307,63,26,2026-06-14T13:38:16.578000+00:00,23.859,33.732,25.317,258.0,248.0,False,82.908,"[2048, 2048, 2048, 2048, 2048, 2048, 2048]","[2048, 2048, 2048, 2048, 2048, 2048, 2048, 2048]","[2048, 2048, 2048, 2048, 2048, 2048, 2048]",334.0
1287,11307,44,26,2026-06-14T13:38:18.937000+00:00,24.12,33.716,25.495,260.0,251.0,False,83.331,"[None, 2048, 2048, 2048, 2048, 2048, 2048]","[2048, 2048, 2048, 2048, 2048, 2048, 2048, 2048]","[2048, 2048, 2048, 2048, 2048, 2048, 2048]",327.0
1287,11307,23,25,2026-06-14T13:38:20.046000+00:00,25.901,36.235,25.883,230.0,257.0,False,88.019,"[None, 2048, 2048, 2048, 2048, 2048, 2048]","[2048, 2048, 2048, 2048, 2048, 2048, 2048, 2048]","[2048, 2048, 2048, 2048, 2048, 2048, 2048]",343.0
1287,11307,12,26,2026-06-14T13:38:21.179000+00:00,23.874,33.643,25.097,256.0,258.0,False,82.614,"[None, 2048, 2048, 2048, 2048, 2048, 2048]","[2048, 2048, 2048, 2048, 2048, 2048, 2048, 2048]","[2048, 2048, 2048, 2048, 2048, 2048, 2048]",339.0
1287,11307,1,26,2026-06-14T13:38:22.838000+00:00,23.976,33.641,25.047,248.0,258.0,False,82.664,"[2048, 2048, 2048, 2048, 2048, 2048, 2048]","[2048, 2048, 2048, 2048, 2048, 2048, 2048, 2048]","[2048, 2048, 2048, 2048, 2048, 2048, 2048]",334.0
1287,11307,11,25,2026-06-14T13:38:26.717000+00:00,25.029,34.846,26.364,245.0,256.0,False,86.239,"[None, 2048, 2048, 2048, 2048, 2048, 2048]","[2048, 2048, 2048, 2048, 2048, 2048, 2048, 2048]","[2048, 2048, 2048, 2048, 2048, 2048, 2048]",324.0
1287,11307,3,26,2026-06-14T13:38:30.663000+00:00,24.0,33.633,25.579,,273.0,False,83.212,"[None, 2048, 2049, 2048, 2048, 2048, 2048]","[2048, 2048, 2048, 2048, 2048, 2048, 2048, 2049]","[2048, 2048, 2048, 2048, 2048, 2048, 2048]",333.0
1287,11307,16,26,2026-06-14T13:38:33.206000+00:00,24.051,33.47,25.214,263.0,269.0,False,82.735,"[None, 2048, 2048, 2048, 2048, 2048, 2048]","[2048, 2048, 2048, 2048, 2048, 2048, 2048, 2048]","[2048, 2048, 2048, 2048, 2048, 2048, 2048]",327.0
1287,11307,81,26,2026-06-14T13:38:39.948000+00:00,24.034,33.508,25.229,257.0,258.0,False,82.771,"[None, 2048, 2048, 2048, 2048, 2048, 2048]","[2048, 2048, 2048, 2048, 2048, 2048, 2048, 2048]","[2048, 2048, 2048, 2048, 2048, 2048, 2048]",332.0
1287,11307,14,25,2026-06-14T13:38:51.373000+00:00,25.186,34.754,26.018,239.0,247.0,False,85.958,"[None, 2048, 2048, 2048, 2048, 2048, 2048]","[2048, 2048, 2048, 2049, 2048, 2048, 2048, 2048]","[2048, 2048, 2048, 2048, 2048, 2048, 2048]",308.0
1287,11307,6,26,2026-06-14T13:38:59.303000+00:00,23.845,33.803,25.611,262.0,262.0,False,83.259,"[None, 2048, 2048, 2048, 2048, 2048, 2048]","[2048, 2048, 2048, 2048, 2048, 2048, 2048, 2048]","[2048, 2048, 2048, 2048, 2048, 2048, 2048]",
1287,11307,30,26,2026-06-14T13:39:14.757000+00:00,24.595,34.33,26.016,254.0,251.0,False,84.941,"[None, 2048, 2048, 2048, 2048, 2048, 2048]","[2048, 2048, 2048, 2048, 2048, 2048, 2048, 2048]","[2048, 2048, 2048, 2048, 2048, 2048, 2048]",324.0
1287,11307,27,26,2026-06-14T13:39:15.622000+00:00,24.311,34.524,25.837,250.0,251.0,False,84.672,"[None, 2048, 2048, 2048, 2048, 2048, 2048]","[2048, 2048, 2048, 2048, 2048, 2048, 2048, 2048]","[2048, 2048, 2048, 2048, 2049, 2048, 2048]",339.0
1287,11307,10,26,2026-06-14T13:39:16.503000+00:00,24.195,34.594,25.863,255.0,254.0,False,84.652,"[None, 2048, 2048, 2048, 2048, 2048, 2048]","[2048, 2048, 2048, 2048, 2048, 2048, 2048, 2048]","[2048, 2048, 2048, 2048, 2048, 2048, 2048]",348.0
1287,11307,43,26,2026-06-14T13:39:19.167000+00:00,24.51,34.591,25.86,245.0,261.0,False,84.961,"[None, 2048, 2048, 2048, 2048, 2048, 2048]","[2048, 2048, 2048, 2048, 2048, 2048, 2048, 2048]","[2048, 2048, 2048, 2048, 2048, 2048, 2048]",334.0
1287,11307,55,26,2026-06-14T13:39:28.948000+00:00,24.706,34.793,25.984,,251.0,False,85.483,"[None, 2048, 2048, 2048, 2048, 2048, 2048]","[2048, 2048, 2048, 2048, 2048, 2048, 2048, 2048]","[2048, 2048, 2048, 2048, 2048, 2048, 2048]",329.0
1287,11307,5,26,2026-06-14T13:39:31.082000+00:00,24.509,34.541,25.867,255.0,264.0,False,84.917,"[None, 2048, 2048, 2048, 2048, 2048, 2048]","[2048, 2048, 2048, 2048, 2048, 2048, 2048, 2048]","[2048, 2048, 2048, 2048, 2048, 2048, 2048]",332.0
1287,11307,31,26,2026-06-14T13:39:34.067000+00:00,25.41,34.832,26.181,237.0,252.0,False,86.423,"[None, 2048, 2048, 2048, 2048, 2048, 2048]","[2048, 2048, 2048, 2048, 2048, 2048, 2048, 2048]","[2048, 2048, 2048, 2048, 2048, 2048, 2048]",322.0
1287,11307,41,26,2026-06-14T13:39:34.380000+00:00,24.244,33.882,25.46,253.0,260.0,False,83.586,"[2049, 2048, 2048, 2048, 2048, 2048, 2048]","[2048, 2048, 2048, 2048, 2048, 2049, 2048, 2048]","[2049, 2048, 2048, 2048, 2048, 2048, 2048]",330.0
1287,11307,63,27,2026-06-14T13:39:39.409000+00:00,24.023,33.778,25.343,252.0,250.0,False,83.144,"[None, 2048, 2048, 2048, 2048, 2048, 2048]","[2048, 2048, 2048, 2048, 2048, 2048, 2048, 2048]","[2048, 2048, 2048, 2048, 2048, 2048, 2048]",333.0
1287,11307,87,26,2026-06-14T13:39:40.543000+00:00,24.349,35.116,27.364,,168.0,False,86.829,"[None, 2048, 2048, 2048, 2048, 2048, 2048]","[2048, 2048, 2048, 2048, 2048, 2048, 2048, 2048]","[2048, 2048, 2048, 2048, 2048, 2048, 2048]",343.0
1287,11307,44,27,2026-06-14T13:39:42.338000+00:00,24.153,33.666,29.205,267.0,259.0,False,87.024,"[None, 2048, 2048, 2048, 2048, 2048, 2049]","[2048, 2048, 2048, 2048, 2048, 2048, 2048, 2048]","[2048, 2048, 2048, 2048, 2064, 2064, 2064]",330.0
1287,11307,12,27,2026-06-14T13:39:43.797000+00:00,23.936,33.669,25.155,262.0,257.0,False,82.76,"[None, 2048, 2048, 2048, 2048, 2048, 2048]","[2048, 2048, 2048, 2048, 2048, 2048, 2048, 2048]","[2048, 2048, 2048, 2048, 2048, 2048, 2048]",338.0
1287,11307,1,27,2026-06-14T13:39:45.484000+00:00,23.984,33.774,25.151,252.0,259.0,False,82.909,"[None, 2048, 2048, 2048, 2048, 2048, 2048]","[2048, 2048, 2048, 2048, 2048, 2048, 2048, 2048]","[2048, 2048, 2048, 2049, 2048, 2048, 2048]",332.0
1287,11307,23,26,2026-06-14T13:39:48.043000+00:00,24.706,34.766,25.741,248.0,257.0,False,85.213,"[None, 2048, 2048, 2048, 2048, 2048, 2048]","[2048, 2048, 2048, 2048, 2048, 2048, 2048, 2048]","[2048, 2048, 2049, 2048, 2048, 2048, 2048]",334.0
1287,11307,11,26,2026-06-14T13:39:52.833000+00:00,26.074,36.015,26.519,247.0,251.0,False,88.608,"[None, 2048, 2048, 2048, 2048, 2048, 2048]","[2048, 2048, 2048, 2048, 2048, 2048, 2048, 2048]","[2048, 2048, 2048, 2048, 2048, 2048, 2048]",270.0
1287,11307,3,27,2026-06-14T13:39:53.881000+00:00,23.943,34.083,25.457,263.0,264.0,False,83.483,"[None, 2048, 2048, 2048, 2048, 2048, 2048]","[2048, 2048, 2048, 2048, 2048, 2048, 2048, 2048]","[2048, 2048, 2048, 2048, 2048, 2048, 2048]",335.0
1287,11307,16,27,2026-06-14T13:39:56.002000+00:00,24.151,33.766,25.279,260.0,266.0,False,83.196,"[None, 2048, 2048, 2048, 2048, 2048, 2048]","[2048, 2048, 2048, 2048, 2048, 2048, 2048, 2048]","[2048, 2048, 2048, 2049, 2048, 2048, 2048]",328.0
1287,11307,81,27,2026-06-14T13:40:02.722000+00:00,24.153,33.501,25.197,265.0,258.0,False,82.851,"[None, 2048, 2048, 2048, 2048, 2048, 2048]","[2048, 2048, 2048, 2048, 2048, 2048, 2048, 2048]","[2048, 2048, 2048, 2049, 2048, 2048, 2048]",329.0
1287,11307,14,26,2026-06-14T13:40:17.381000+00:00,24.793,34.942,25.956,241.0,247.0,False,85.691,"[None, 2048, 2048, 2049, 2048, 2048, 2048]","[2048, 2049, 2048, 2048, 2048, 2048, 2049, 2048]","[2048, 2048, 2048, 2048, 2048, 2048, 2048]",314.0
1287,11307,6,27,2026-06-14T13:40:22.576000+00:00,23.946,33.939,25.397,263.0,267.0,False,83.282,"[None, 2048, 2048, 2048, 2048, 2048, 2048]","[2048, 2048, 2048, 2048, 2048, 2048, 2048, 2048]","[2048, 2048, 2048, 2048, 2048, 2048, 2048]",331.0
1287,11307,30,27,2026-06-14T13:40:39.763000+00:00,24.659,34.391,25.632,,257.0,False,84.682,"[None, 2048, 2048, 2048, 2048, 2048, 2048]","[2048, 2048, 2048, 2048, 2048, 2048, 2048, 2048]","[2048, 2048, 2048, 2049, 2049, 2048, 2048]",328.0
1287,11307,27,27,2026-06-14T13:40:40.249000+00:00,24.547,34.61,25.616,237.0,244.0,False,84.773,"[None, 2048, 2048, 2048, 2048, 2048, 2048]","[2048, 2048, 2048, 2048, 2048, 2048, 2048, 2048]","[2048, 2048, 2048, 2048, 2048, 2048, 2048]",348.0
1287,11307,10,27,2026-06-14T13:40:41.181000+00:00,24.485,34.809,25.831,249.0,254.0,False,85.125,"[None, 2048, 2048, 2048, 2048, 2048, 2048]","[2048, 2048, 2048, 2048, 2048, 2048, 2048, 2048]","[2048, 2048, 2048, 2049, 2048, 2048, 2048]",349.0
1287,11307,43,27,2026-06-14T13:40:44.082000+00:00,24.397,34.632,25.463,255.0,265.0,False,84.492,"[None, 2048, 2048, 2048, 2048, 2048, 2048]","[2048, 2048, 2048, 2048, 2048, 2048, 2048, 2048]","[2048, 2048, 2048, 2049, 2048, 2048, 2048]",
1287,11307,55,27,2026-06-14T13:40:54.407000+00:00,24.71,34.6,25.792,248.0,259.0,False,85.102,"[None, 2048, 2048, 2048, 2048, 2048, 2048]","[2048, 2048, 2048, 2048, 2048, 2048, 2048, 2048]","[2048, 2048, 2048, 2048, 2048, 2048, 2048]",330.0
1287,11307,5,27,2026-06-14T13:40:55.923000+00:00,24.39,34.391,25.813,258.0,263.0,False,84.594,"[None, 2048, 2048, 2048, 2048, 2048, 2048]","[2048, 2048, 2048, 2048, 2048, 2048, 2048, 2048]","[2048, 2048, 2048, 2048, 2048, 2048, 2048]",
1287,11307,41,27,2026-06-14T13:40:57.907000+00:00,24.211,33.851,25.645,258.0,265.0,False,83.707,"[2048, 2048, 2048, 2048, 2048, 2048, 2049]","[2048, 2048, 2048, 2049, 2048, 2048, 2048, 2048]","[2048, 2048, 2048, 2048, 2048, 2048, 2048]",334.0
1287,11307,31,27,2026-06-14T13:41:00.521000+00:00,24.752,35.447,26.475,239.0,222.0,False,86.674,"[None, 2048, 2048, 2048, 2048, 2048, 2048]","[2048, 2048, 2048, 2048, 2048, 2048, 2048, 2048]","[2048, 2048, 2048, 2048, 2048, 2048, 2048]",324.0
1287,11307,63,28,2026-06-14T13:41:02.551000+00:00,23.939,33.845,25.392,251.0,252.0,False,83.176,"[2049, 2048, 2048, 2048, 2048, 2048, 2048]","[2048, 2048, 2048, 2048, 2048, 2048, 2048, 2048]","[2048, 2048, 2048, 2048, 2048, 2048, 2048]",335.0
1287,11307,12,28,2026-06-14T13:41:06.527000+00:00,23.648,33.452,24.955,,263.0,False,82.055,"[None, 2048, 2048, 2048, 2048, 2048, 2049]","[2048, 2048, 2048, 2048, 2048, 2048, 2048, 2048]","[2048, 2048, 2048, 2048, 2048, 2048, 2048]",333.0
1287,11307,87,27,2026-06-14T13:41:07.283000+00:00,25.274,34.826,25.707,150.0,259.0,False,85.807,"[None, 2048, 2048, 2048, 2048, 2048, 2048]","[2048, 2048, 2048, 2048, 2048, 2048, 2048, 2048]","[2048, 2048, 2048, 2048, 2048, 2048, 2048]",344.0
1287,11307,1,28,2026-06-14T13:41:08.532000+00:00,,33.678,24.998,259.0,262.0,False,82.66,"[None, 2048, 2048, 2048, 2048, 2048, 2048]","[2048, 2048, 2048, 2048, 2048, 2048, 2048, 2048]","[2048, 2048, 2048, 2049, 2048, 2048, 2048]",335.0
1287,11307,44,28,2026-06-14T13:41:09.248000+00:00,43.068,32.294,24.495,263.0,272.0,True,99.857,"[2064, 2064, 2048, 2048, 2051, 2049, 2048]","[2051, 2048, 2051, 2051, 2049, 2051, 2049, 2048]","[2049, 2049, 2048, 2048, 2048, 2048, 2049]",262.0
1287,11307,23,27,2026-06-14T13:41:13.385000+00:00,24.769,34.856,25.842,250.0,257.0,False,85.467,"[None, 2048, 2048, 2048, 2048, 2048, 2048]","[2048, 2048, 2048, 2048, 2048, 2048, 2048, 2048]","[2048, 2048, 2048, 2048, 2048, 2048, 2048]",332.0
1287,11307,3,28,2026-06-14T13:41:17.324000+00:00,24.091,33.818,25.4,259.0,270.0,False,83.309,"[None, 2048, 2048, 2048, 2048, 2048, 2048]","[2048, 2048, 2048, 2048, 2048, 2048, 2048, 2048]","[2048, 2048, 2048, 2048, 2048, 2048, 2048]",333.0
1287,11307,16,28,2026-06-14T13:41:19.144000+00:00,24.094,33.787,25.187,,275.0,False,83.068,"[None, 2048, 2048, 2048, 2048, 2048, 2048]","[2048, 2048, 2048, 2048, 2048, 2048, 2048, 2048]","[2048, 2048, 2048, 2048, 2048, 2048]",327.0
1287,11307,11,27,2026-06-14T13:41:21.485000+00:00,25.217,35.241,26.526,249.0,252.0,False,86.984,"[None, 2048, 2048, 2048, 2048, 2048, 2048]","[2048, 2048, 2048, 2048, 2048, 2048, 2048, 2048]","[2048, 2048, 2048, 2048, 2048, 2048, 2048]",326.0
1287,11307,81,28,2026-06-14T13:41:25.576000+00:00,24.205,33.707,25.371,261.0,263.0,False,83.283,"[None, 2048, 2048, 2048, 2048, 2048, 2048]","[2048, 2048, 2048, 2048, 2048, 2048, 2048, 2048]","[2048, 2048, 2048, 2048, 2048, 2048, 2048]",332.0
1287,11307,14,27,2026-06-14T13:41:43.074000+00:00,24.744,34.654,25.968,248.0,254.0,False,85.366,"[None, 2048, 2048, 2049, 2048, 2048, 2048]","[2049, 2048, 2048, 2048, 2049, 2048, 2048, 2048]","[2049, 2048, 2048, 2048, 2048, 2048, 2048]",313.0
1287,11307,6,28,2026-06-14T13:41:45.843000+00:00,24.008,34.047,25.648,261.0,263.0,False,83.703,"[None, 2048, 2048, 2048, 2048, 2048, 2048]","[2048, 2048, 2048, 2048, 2048, 2048, 2048, 2048]","[2048, 2048, 2048, 2048, 2048, 2048, 2048]",332.0
1287,11307,30,28,2026-06-14T13:42:04.405000+00:00,24.589,34.449,25.85,251.0,260.0,False,84.888,"[None, 2048, 2048, 2048, 2048, 2048, 2048]","[2048, 2048, 2048, 2048, 2048, 2048, 2048, 2048]","[2048, 2048, 2048, 2048, 2048, 2048, 2048]",329.0
1287,11307,27,28,2026-06-14T13:42:05.032000+00:00,24.364,34.84,25.901,243.0,247.0,False,85.105,"[None, 2048, 2048, 2048, 2048, 2048, 2048]","[2048, 2048, 2048, 2048, 2048, 2048, 2048, 2048]","[2048, 2048, 2048, 2048, 2048, 2048, 2048]",345.0
1287,11307,10,28,2026-06-14T13:42:06.197000+00:00,24.46,34.532,26.151,257.0,252.0,False,85.143,"[None, 2048, 2048, 2048, 2048, 2048, 2048]","[2048, 2048, 2048, 2048, 2048, 2048, 2048, 2048]","[2048, 2048, 2048, 2048, 2048, 2048, 2048]",335.0
1287,11307,43,28,2026-06-14T13:42:08.583000+00:00,24.418,34.534,25.63,252.0,259.0,False,84.582,"[None, 2048, 2048, 2048, 2048, 2048, 2048]","[2048, 2048, 2048, 2048, 2048, 2048, 2048, 2048]","[2048, 2048, 2048, 2048, 2048, 2048, 2048]",335.0
1287,11307,55,28,2026-06-14T13:42:19.382000+00:00,24.744,34.978,26.002,245.0,255.0,False,85.724,"[None, 2048, 2048, 2048, 2048, 2048, 2048]","[2048, 2048, 2048, 2048, 2048, 2048, 2048, 2048]","[2048, 2048, 2048, 2048, 2048, 2048, 2048]",328.0
1287,11307,5,28,2026-06-14T13:42:20.593000+00:00,24.303,34.72,26.157,255.0,253.0,False,85.18,"[None, 2048, 2048, 2048, 2048, 2048, 2048]","[2048, 2048, 2048, 2048, 2048, 2048, 2048, 2048]","[2048, 2048, 2048, 2049, 2048, 2048, 2048]",335.0
1287,11307,41,28,2026-06-14T13:42:21.640000+00:00,24.062,34.289,26.14,247.0,234.0,False,84.491,"[None, 2048, 2048, 2049, 2048, 2048, 2048]","[2048, 2048, 2048, 2049, 2048, 2048, 2048, 2048]","[2048, 2048, 2048, 2048, 2048, 2048, 2049]",337.0
1287,11307,63,29,2026-06-14T13:42:25.783000+00:00,23.873,33.651,25.684,256.0,256.0,False,83.208,"[2048, 2048, 2048, 2048, 2048, 2048, 2048]","[2048, 2048, 2048, 2048, 2048, 2048, 2048, 2048]","[2048, 2048, 2048, 2048, 2048, 2048, 2048]",333.0
1287,11307,31,28,2026-06-14T13:42:27.166000+00:00,24.572,35.836,26.735,241.0,249.0,False,87.143,"[None, 2048, 2048, 2048, 2048, 2048, 2048]","[2048, 2048, 2048, 2048, 2048, 2048, 2048, 2048]","[2048, 2048, 2048, 2048, 2048, 2048, 2048]",343.0
1287,11307,12,29,2026-06-14T13:42:28.697000+00:00,23.872,33.673,25.078,,259.0,False,82.623,"[None, 2048, 2048, 2048, 2048, 2048, 2049]","[2048, 2048, 2048, 2048, 2048, 2048, 2048, 2048]","[2048, 2048, 2048, 2048, 2048, 2048, 2048]",338.0
1287,11307,1,29,2026-06-14T13:42:31.184000+00:00,23.926,33.566,25.762,260.0,255.0,False,83.254,"[None, 2048, 2048, 2048, 2048, 2048, 2048]","[2048, 2048, 2048, 2048, 2048, 2048, 2048, 2048]","[2048, 2048, 2048, 2048, 2048, 2048, 2048]",331.0
1287,11307,87,28,2026-06-14T13:42:33.078000+00:00,24.327,34.011,25.823,255.0,258.0,False,84.161,"[None, 2048, 2048, 2048, 2048, 2048, 2049]","[2049, 2048, 2048, 2049, 2048, 2048, 2048, 2048]","[2048, 2048, 2048, 2048, 2048, 2048, 2048]",328.0
1287,11307,23,28,2026-06-14T13:42:38.777000+00:00,25.287,36.39,26.52,238.0,229.0,False,88.197,"[None, 2048, 2048, 2048, 2048, 2048, 2048]","[2048, 2048, 2048, 2048, 2048, 2048, 2048, 2048]","[2048, 2048, 2048, 2048, 2048, 2048, 2048]",331.0
1287,11307,3,29,2026-06-14T13:42:40.585000+00:00,24.11,33.83,29.302,261.0,271.0,False,87.242,"[None, 2048, 2048, 2048, 2048, 2048, 2048]","[2048, 2048, 2048, 2048, 2048, 2048, 2048, 2048]","[2048, 2048, 2048, 2048, 2064, 2064, 2064]",335.0
1287,11307,16,29,2026-06-14T13:42:42.141000+00:00,24.106,33.8,25.218,258.0,267.0,False,83.124,"[None, 2048, 2049, 2048, 2048, 2048, 2048]","[2048, 2048, 2048, 2048, 2048, 2048, 2048, 2048]","[2048, 2048, 2048, 2048, 2048, 2048, 2048]",329.0
1287,11307,11,28,2026-06-14T13:42:48.532000+00:00,25.759,35.131,26.473,238.0,258.0,False,87.363,"[None, 2048, 2048, 2048, 2048, 2048, 2048]","[2048, 2048, 2048, 2048, 2048, 2048, 2048, 2048]","[2048, 2048, 2048, 2048, 2048, 2048, 2048]",299.0
1287,11307,81,29,2026-06-14T13:42:48.877000+00:00,24.114,34.051,25.509,234.0,258.0,False,83.674,"[None, 2049, 2049, 2048, 2048, 2048, 2048]","[2048, 2048, 2048, 2048, 2048, 2048, 2048, 2048]","[2048, 2048, 2048, 2048, 2048, 2048, 2048]",343.0
1287,11307,44,29,2026-06-14T13:42:49.225000+00:00,23.614,32.588,24.431,255.0,261.0,False,80.633,"[2049, 2048, 2048, 2048, 2048, 2048, 2048]","[2048, 2048, 2048, 2048, 2048, 2048, 2049, 2048]","[2048, 2048, 2048, 2048, 2051, 2051]",330.0
1287,11307,14,28,2026-06-14T13:43:08.490000+00:00,25.367,35.022,26.027,217.0,253.0,False,86.416,"[None, 2048, 2048, 2048, 2048, 2048, 2048]","[2048, 2048, 2048, 2048, 2048, 2048, 2048, 2048]","[2048, 2048, 2048, 2048, 2048, 2048, 2048]",312.0
1287,11307,6,29,2026-06-14T13:43:09.661000+00:00,23.973,34.213,25.572,259.0,266.0,False,83.758,"[None, 2048, 2048, 2048, 2048, 2048, 2048]","[2048, 2048, 2048, 2048, 2048, 2048, 2048, 2048]","[2048, 2048, 2048, 2048, 2048, 2048, 2048]",335.0
1287,11307,30,29,2026-06-14T13:43:29.320000+00:00,24.588,34.386,25.927,250.0,257.0,False,84.901,"[None, 2048, 2048, 2048, 2048, 2048, 2048]","[2048, 2048, 2048, 2048, 2048, 2048, 2048, 2048]","[2048, 2048, 2048, 2048, 2048, 2048, 2048]",
1287,11307,27,29,2026-06-14T13:43:30.101000+00:00,24.187,34.735,36.814,248.0,250.0,False,95.736,"[None, 2048, 2048, 2048, 2048, 2048, 2048]","[2048, 2048, 2048, 2048, 2048, 2048, 2048, 2048]","[2048, 2048, 2048, 2048, 2064, 2064, 2064]",343.0
1287,11307,10,29,2026-06-14T13:43:31.409000+00:00,24.391,34.498,25.886,256.0,271.0,False,84.775,"[None, 2048, 2048, 2048, 2048, 2048, 2048]","[2048, 2048, 2048, 2048, 2048, 2048, 2048, 2049]","[2048, 2048, 2048, 2048, 2048, 2048, 2048]",336.0
1287,11307,43,29,2026-06-14T13:43:33.104000+00:00,24.301,34.4,25.673,253.0,269.0,False,84.374,"[None, 2048, 2048, 2048, 2048, 2048, 2048]","[2048, 2048, 2048, 2048, 2048, 2048, 2048, 2049]","[2048, 2048, 2048, 2048, 2048, 2048, 2048]",337.0
1287,11307,55,29,2026-06-14T13:43:45.120000+00:00,24.937,34.68,25.736,243.0,263.0,False,85.353,"[None, 2048, 2048, 2048, 2048, 2048, 2048]","[2048, 2048, 2048, 2048, 2048, 2048, 2048, 2048]","[2048, 2048, 2048, 2048, 2048, 2048, 2048]",330.0
1287,11307,5,29,2026-06-14T13:43:45.815000+00:00,24.872,34.713,26.168,256.0,258.0,False,85.753,"[None, 2048, 2048, 2048, 2048, 2048, 2048]","[2048, 2048, 2048, 2048, 2048, 2048, 2048, 2048]","[2048, 2048, 2048, 2048, 2048, 2048, 2048]",351.0
1287,11307,41,29,2026-06-14T13:43:46.128000+00:00,24.634,35.098,28.641,249.0,241.0,False,88.373,"[2051, 2049, 2048, 2048, 2048, 2048, 2048]","[2048, 2048, 2048, 2048, 2048, 2048, 2048, 2048]","[2048, 2048, 2048, 2048, 2048, 2048, 2048]",348.0
1287,11307,63,30,2026-06-14T13:43:49.071000+00:00,23.992,33.95,25.705,247.0,245.0,False,83.647,"[None, 2048, 2048, 2048, 2048, 2048, 2048]","[2048, 2048, 2048, 2048, 2048, 2048, 2048, 2048]","[2048, 2048, 2048, 2048, 2048, 2048, 2048]",334.0
1287,11307,12,30,2026-06-14T13:43:51.188000+00:00,23.802,33.614,25.086,261.0,262.0,False,82.502,"[None, 2048, 2048, 2048, 2048, 2048, 2048]","[2048, 2048, 2048, 2048, 2048, 2048, 2048, 2048]","[2048, 2048, 2048, 2048, 2048, 2048, 2048]",335.0
1287,11307,31,29,2026-06-14T13:43:54.309000+00:00,25.287,35.14,26.249,240.0,260.0,False,86.676,"[None, 2048, 2048, 2048, 2048, 2048, 2048]","[2048, 2048, 2048, 2048, 2048, 2048, 2048, 2048]","[2048, 2048, 2048, 2048, 2048, 2048, 2048]",332.0
1287,11307,1,30,2026-06-14T13:43:54.560000+00:00,24.034,33.865,25.257,254.0,257.0,False,83.156,"[None, 2048, 2049, 2048, 2048, 2048, 2048]","[2048, 2048, 2048, 2048, 2048, 2048, 2048, 2048]","[2048, 2048, 2048, 2048, 2048, 2048, 2048]",344.0
1287,11307,87,29,2026-06-14T13:43:57.325000+00:00,24.393,34.196,25.761,,263.0,False,84.35,"[None, 2048, 2048, 2048, 2048, 2048, 2049]","[2048, 2048, 2048, 2048, 2048, 2048, 2048, 2048]","[2048, 2048, 2048, 2049, 2048, 2048, 2048]",327.0
1287,11307,16,30,2026-06-14T13:44:05.349000+00:00,24.041,33.451,25.213,262.0,272.0,False,82.705,"[None, 2048, 2048, 2048, 2048, 2048, 2048]","[2048, 2048, 2048, 2048, 2048, 2048, 2048, 2048]","[2048, 2048, 2048, 2048, 2048, 2048, 2048]",324.0
1287,11307,23,29,2026-06-14T13:44:06.991000+00:00,24.839,36.143,29.562,251.0,258.0,False,90.544,"[None, 2048, 2048, 2048, 2048, 2048, 2048]","[2048, 2048, 2048, 2048, 2048, 2048, 2048, 2048]","[2048, 2048, 2048, 2048, 2064, 2064, 2064]",333.0
1287,11307,3,30,2026-06-14T13:44:07.889000+00:00,45.015,32.859,24.64,256.0,265.0,True,102.514,"[2064, 2064, 2048, 2048, 2049, 2049, 2049]","[2049, 2048, 2049, 2048, 2048, 2048, 2049, 2048]","[2048, 2048, 2049, 2049, 2049, 2051, 2048]",258.0
1287,11307,44,30,2026-06-14T13:44:09.685000+00:00,23.83,32.63,24.45,257.0,260.0,False,80.91,"[2048, 2048, 2048, 2051, 2048, 2048, 2048]","[2051, 2048, 2048, 2048, 2048, 2048, 2049, 2048]","[2048, 2049, 2048, 2048, 2051, 2048, 2048]",314.0
1287,11307,81,30,2026-06-14T13:44:12.552000+00:00,24.253,33.949,25.406,257.0,261.0,False,83.608,"[None, 2048, 2048, 2048, 2048, 2048, 2048]","[2048, 2048, 2048, 2048, 2048, 2048, 2048, 2048]","[2048, 2048, 2048, 2048, 2048, 2048, 2048]",330.0
1287,11307,11,29,2026-06-14T13:44:15.805000+00:00,25.09,34.983,26.383,245.0,256.0,False,86.456,"[None, 2048, 2048, 2048, 2048, 2048, 2048]","[2048, 2048, 2048, 2048, 2048, 2048, 2048, 2048]","[2048, 2048, 2048, 2048, 2048, 2048, 2048]",323.0
1287,11307,6,30,2026-06-14T13:44:33.299000+00:00,24.219,34.203,25.756,260.0,263.0,False,84.178,"[None, 2048, 2048, 2048, 2048, 2048, 2048]","[2048, 2048, 2048, 2048, 2048, 2048, 2048, 2048]","[2048, 2048, 2048, 2048, 2048, 2048, 2048]",330.0
1287,11307,14,29,2026-06-14T13:44:34.947000+00:00,24.813,34.909,26.081,243.0,254.0,False,85.803,"[None, 2048, 2048, 2048, 2048, 2048, 2048]","[2048, 2048, 2048, 2048, 2048, 2048, 2048, 2048]","[2048, 2048, 2048, 2048, 2049, 2048, 2048]",322.0
1287,11307,30,30,2026-06-14T13:44:54.173000+00:00,24.665,34.562,25.806,247.0,266.0,False,85.033,"[None, 2048, 2048, 2048, 2048, 2048, 2048]","[2048, 2048, 2048, 2048, 2048, 2048, 2048, 2048]","[2048, 2048, 2048, 2048, 2048, 2048, 2048]",
1287,11307,10,30,2026-06-14T13:44:56.173000+00:00,24.403,34.391,25.793,252.0,262.0,False,84.587,"[None, 2048, 2048, 2048, 2048, 2048, 2048]","[2048, 2048, 2048, 2048, 2048, 2048, 2048, 2048]","[2048, 2048, 2048, 2048, 2048, 2048, 2048]",334.0
1287,11307,43,30,2026-06-14T13:44:57.454000+00:00,24.363,34.4,25.573,254.0,269.0,False,84.336,"[None, 2048, 2048, 2048, 2048, 2048, 2048]","[2048, 2048, 2048, 2048, 2048, 2048, 2048, 2049]","[2048, 2048, 2048, 2048, 2048, 2048, 2048]",335.0
1287,11307,27,30,2026-06-14T13:45:05.935000+00:00,,,,,,False,,,,,
1287,11307,55,30,2026-06-14T13:45:10.594000+00:00,24.722,34.595,29.428,248.0,265.0,False,88.745,"[None, 2048, 2048, 2048, 2048, 2048, 2048]","[2048, 2048, 2048, 2048, 2048, 2048, 2048, 2048]","[2048, 2048, 2048, 2048, 2064, 2064, 2064]",329.0
1287,11307,5,30,2026-06-14T13:45:11.454000+00:00,24.446,36.587,26.033,249.0,259.0,False,87.066,"[None, 2048, 2048, 2048, 2048, 2048, 2048]","[2048, 2048, 2048, 2048, 2048, 2048, 2048, 2048]","[2048, 2048, 2048, 2048, 2048, 2048, 2048]",347.0
1287,11307,63,31,2026-06-14T13:45:12.563000+00:00,23.943,33.981,25.401,243.0,245.0,False,83.325,"[2049, 2049, 2048, 2048, 2048, 2048, 2048]","[2048, 2048, 2048, 2048, 2048, 2048, 2048, 2048]","[2048, 2048, 2048, 2049, 2048, 2048, 2048]",337.0
1287,11307,12,31,2026-06-14T13:45:13.735000+00:00,23.718,33.853,25.268,259.0,251.0,False,82.839,"[None, 2048, 2049, 2048, 2048, 2048, 2048]","[2048, 2048, 2048, 2048, 2048, 2048, 2048, 2048]","[2048, 2048, 2048, 2048, 2048, 2048, 2048]",342.0
1287,11307,41,30,2026-06-14T13:45:14.438000+00:00,24.196,34.253,26.074,245.0,245.0,False,84.523,"[2048, 2048, 2048, 2048, 2048, 2048, 2048]","[2048, 2048, 2048, 2048, 2048, 2048, 2048, 2048]","[2048, 2048, 2048, 2048, 2048, 2048, 2048]",345.0
1287,11307,1,31,2026-06-14T13:45:17.485000+00:00,24.044,33.558,25.345,256.0,255.0,False,82.947,"[None, 2048, 2048, 2048, 2048, 2048, 2048]","[2048, 2048, 2048, 2048, 2048, 2048, 2048, 2048]","[2048, 2048, 2048, 2048, 2048, 2048, 2048]",330.0
1287,11307,31,30,2026-06-14T13:45:20.969000+00:00,25.612,34.741,26.213,233.0,263.0,False,86.566,"[None, 2048, 2048, 2048, 2048, 2048, 2048]","[2048, 2048, 2048, 2048, 2048, 2048, 2048, 2048]","[2048, 2048, 2048, 2048, 2048, 2048]",285.0
1287,11307,87,30,2026-06-14T13:45:21.735000+00:00,24.244,33.914,25.631,254.0,266.0,False,83.789,"[None, 2048, 2048, 2048, 2048, 2048, 2048]","[2048, 2048, 2048, 2048, 2048, 2049, 2048, 2048]","[2048, 2048, 2048, 2048, 2049, 2048, 2048]",343.0
1287,11307,16,31,2026-06-14T13:45:28.122000+00:00,24.161,33.406,25.286,259.0,274.0,False,82.853,"[None, 2048, 2048, 2048, 2048, 2048, 2048]","[2048, 2048, 2048, 2048, 2048, 2048, 2048, 2048]","[2048, 2048, 2048, 2048, 2048, 2048, 2048]",
1287,11307,44,31,2026-06-14T13:45:30.695000+00:00,23.556,32.668,24.501,263.0,266.0,False,80.725,"[None, 2048, 2048, 2048, 2048, 2048, 2048]","[2051, 2048, 2048, 2048, 2048, 2051, 2048, 2049]","[2048, 2048, 2048, 2048, 2048, 2048, 2048]",325.0
1287,11307,81,31,2026-06-14T13:45:36.117000+00:00,24.279,33.939,25.127,259.0,264.0,False,83.345,"[None, 2048, 2048, 2048, 2048, 2048, 2048]","[2048, 2048, 2048, 2048, 2048, 2048, 2048, 2048]","[2048, 2048, 2048, 2048, 2048, 2048, 2048]",332.0
1287,11307,23,30,2026-06-14T13:45:37.648000+00:00,43.903,35.774,25.594,237.0,254.0,True,105.271,"[2064, 2064, 2048, 2048, 2049, 2049, 2048]","[2049, 2048, 2048, 2048, 2048, 2048, 2048, 2048]","[2048, 2048, 2048, 2048, 2048, 2048, 2048]",246.0
1287,11307,11,30,2026-06-14T13:45:42.304000+00:00,25.009,35.003,26.687,250.0,246.0,False,86.699,"[None, 2048, 2048, 2048, 2048, 2048, 2048]","[2048, 2048, 2048, 2048, 2048, 2048, 2048, 2048]","[2048, 2048, 2048, 2048, 2048, 2048, 2048]",
1287,11307,3,31,2026-06-14T13:45:50.369000+00:00,23.6,32.942,24.68,263.0,272.0,False,81.222,"[2048, 2048, 2048, 2048, 2048, 2048, 2051]","[2049, 2048, 2049, 2048, 2048, 2048, 2048, 2049]","[2048, 2048, 2048, 2049, 2048, 2048, 2048]",329.0
1287,11307,6,31,2026-06-14T13:45:57.526000+00:00,24.445,34.408,25.715,243.0,263.0,False,84.568,"[None, 2048, 2048, 2048, 2048, 2048, 2048]","[2048, 2048, 2048, 2048, 2048, 2048, 2048, 2048]","[2048, 2048, 2048, 2048, 2048, 2048, 2048]",
1287,11307,14,30,2026-06-14T13:46:00.620000+00:00,24.745,34.853,26.229,242.0,250.0,False,85.827,"[None, 2048, 2048, 2048, 2048, 2048, 2048]","[2048, 2048, 2048, 2048, 2048, 2048, 2048, 2048]","[2048, 2048, 2048, 2048, 2048, 2048, 2048]",327.0
1287,11307,30,31,2026-06-14T13:46:19.234000+00:00,24.781,34.355,25.967,251.0,256.0,False,85.103,"[None, 2048, 2048, 2048, 2048, 2048, 2048]","[2048, 2048, 2048, 2048, 2048, 2048, 2048, 2048]","[2048, 2048, 2048, 2048, 2048, 2048, 2048]",
1287,11307,10,31,2026-06-14T13:46:20.748000+00:00,24.52,34.347,25.867,254.0,259.0,False,84.734,"[None, 2048, 2048, 2048, 2048, 2048, 2048]","[2048, 2048, 2048, 2048, 2048, 2048, 2048, 2048]","[2048, 2048, 2048, 2048, 2048, 2048, 2048]",
1287,11307,43,31,2026-06-14T13:46:21.850000+00:00,24.4,34.563,25.678,,260.0,False,84.641,"[None, 2048, 2048, 2048, 2048, 2048, 2048]","[2048, 2048, 2048, 2048, 2048, 2048, 2048, 2048]","[2048, 2048, 2048, 2048, 2048, 2048, 2048]",337.0
1287,11307,63,32,2026-06-14T13:46:35.954000+00:00,23.867,33.656,25.361,247.0,252.0,False,82.884,"[None, 2049, 2048, 2048, 2048, 2048, 2048]","[2048, 2048, 2048, 2048, 2048, 2048, 2048, 2048]","[2048, 2048, 2048, 2048, 2048, 2049, 2049]",339.0
1287,11307,12,32,2026-06-14T13:46:36.626000+00:00,23.793,33.762,25.133,258.0,261.0,False,82.688,"[None, 2049, 2048, 2048, 2048, 2048, 2048]","[2048, 2048, 2048, 2048, 2048, 2048, 2048, 2048]","[2048, 2048, 2048, 2049, 2048, 2048, 2048]",346.0
1287,11307,5,31,2026-06-14T13:46:38.528000+00:00,25.306,35.85,26.297,256.0,257.0,False,87.453,"[None, 2048, 2048, 2048, 2048, 2048, 2048]","[2048, 2048, 2048, 2048, 2048, 2048, 2048, 2048]","[2048, 2048, 2048, 2048, 2048, 2048, 2048]",335.0
1287,11307,41,31,2026-06-14T13:46:38.896000+00:00,24.186,34.374,25.787,253.0,267.0,False,84.347,"[None, 2049, 2049, 2048, 2048, 2048, 2048]","[2048, 2048, 2048, 2048, 2048, 2048, 2048, 2049]","[2048, 2048, 2048, 2048, 2048, 2048, 2048]",348.0
1287,11307,55,31,2026-06-14T13:46:39.262000+00:00,45.104,34.418,25.537,231.0,250.0,True,105.059,"[2064, 2064, 2048, 2048, 2048, 2048, 2048]","[2048, 2049, 2048, 2048, 2048, 2048, 2049, 2048]","[2048, 2048, 2048, 2048, 2048, 2048, 2048]",245.0
1287,11307,1,32,2026-06-14T13:46:40.499000+00:00,24.072,34.168,25.357,255.0,262.0,False,83.597,"[None, 2048, 2048, 2048, 2048, 2048, 2048]","[2048, 2048, 2048, 2048, 2048, 2048, 2048, 2048]","[2048, 2048, 2048, 2048, 2048, 2048, 2048]",332.0
1287,11307,87,31,2026-06-14T13:46:45.489000+00:00,24.378,34.115,25.863,249.0,258.0,False,84.356,"[None, 2048, 2048, 2048, 2048, 2048, 2048]","[2048, 2048, 2048, 2048, 2048, 2048, 2048, 2048]","[2048, 2048, 2048, 2048, 2048, 2048, 2048]",326.0
1287,11307,31,31,2026-06-14T13:46:47.364000+00:00,24.644,35.439,26.728,243.0,174.0,False,86.811,"[None, 2048, 2048, 2048, 2048, 2048, 2048]","[2048, 2048, 2048, 2048, 2048, 2048, 2048, 2048]","[2048, 2048, 2048, 2048, 2048, 2048]",326.0
1287,11307,16,32,2026-06-14T13:46:50.944000+00:00,24.768,33.968,25.451,253.0,263.0,False,84.187,"[None, 2048, 2048, 2048, 2048, 2048, 2048]","[2048, 2048, 2048, 2048, 2048, 2048, 2048, 2048]","[2048, 2048, 2048, 2048, 2048, 2048, 2048]",304.0
1287,11307,44,32,2026-06-14T13:46:51.505000+00:00,23.452,32.668,24.735,257.0,265.0,False,80.855,"[2049, 2049, 2048, 2048, 2048, 2048, 2048]","[2051, 2048, 2048, 2048, 2048, 2048, 2048, 2049]","[2048, 2048, 2048, 2048, 2048, 2048, 2048]",338.0
1287,11307,81,32,2026-06-14T13:46:59.724000+00:00,24.558,33.99,25.285,257.0,256.0,False,83.833,"[None, 2048, 2048, 2048, 2048, 2048, 2048]","[2048, 2048, 2048, 2048, 2048, 2048, 2048, 2048]","[2048, 2048, 2048, 2048, 2048, 2048, 2048]",331.0
1287,11307,11,31,2026-06-14T13:47:08.943000+00:00,25.242,35.97,30.596,241.0,257.0,False,91.808,"[None, 2048, 2048, 2048, 2048, 2048, 2048]","[2048, 2048, 2048, 2048, 2048, 2048, 2048, 2048]","[2048, 2048, 2048, 2048, 2064, 2064, 2064]",322.0
1287,11307,3,32,2026-06-14T13:47:11.552000+00:00,23.671,33.159,24.89,261.0,273.0,False,81.72,"[None, 2048, 2048, 2048, 2048, 2048, 2048]","[2048, 2048, 2048, 2048, 2048, 2048, 2048, 2048]","[2048, 2048, 2048, 2048, 2048, 2048, 2048]",332.0
1287,11307,6,32,2026-06-14T13:47:22.099000+00:00,24.264,34.096,29.365,260.0,271.0,False,87.725,"[None, 2048, 2048, 2048, 2048, 2048, 2048]","[2048, 2048, 2048, 2048, 2048, 2048, 2048, 2048]","[2048, 2048, 2048, 2048, 2064, 2064, 2064]",331.0
1287,11307,23,31,2026-06-14T13:47:22.787000+00:00,24.57,34.259,25.514,240.0,262.0,False,84.343,"[2048, 2048, 2048, 2048, 2048, 2049, 2048]","[2048, 2049, 2048, 2048, 2048, 2048, 2048, 2048]","[2048, 2048, 2048, 2049, 2049, 2048, 2048]",341.0
1287,11307,14,31,2026-06-14T13:47:26.443000+00:00,24.802,34.932,26.054,256.0,258.0,False,85.788,"[None, 2048, 2048, 2048, 2048, 2048, 2048]","[2048, 2048, 2048, 2048, 2048, 2048, 2048, 2048]","[2049, 2048, 2048, 2048, 2049, 2048, 2048]",320.0
1287,11307,30,32,2026-06-14T13:47:44.381000+00:00,24.718,34.525,25.891,255.0,259.0,False,85.134,"[None, 2048, 2048, 2048, 2048, 2048, 2048]","[2048, 2048, 2048, 2048, 2048, 2048, 2048, 2048]","[2048, 2048, 2048, 2048, 2048, 2048, 2048]",
1287,11307,10,32,2026-06-14T13:47:45.537000+00:00,24.408,34.546,25.923,260.0,262.0,False,84.877,"[None, 2048, 2048, 2048, 2048, 2048, 2048]","[2048, 2048, 2048, 2048, 2048, 2048, 2048, 2048]","[2048, 2048, 2048, 2048, 2048, 2048, 2048]",335.0
1287,11307,43,32,2026-06-14T13:47:46.459000+00:00,24.388,34.514,25.841,252.0,260.0,False,84.743,"[None, 2048, 2048, 2048, 2048, 2048, 2048]","[2048, 2048, 2048, 2048, 2048, 2048, 2048, 2048]","[2048, 2048, 2048, 2048, 2048, 2048, 2048]",338.0
1287,11307,63,33,2026-06-14T13:47:58.896000+00:00,24.527,33.699,25.211,250.0,250.0,False,83.437,"[2048, 2048, 2049, 2048, 2048, 2048, 2048]","[2048, 2048, 2048, 2048, 2048, 2048, 2048, 2048]","[2048, 2048, 2048, 2049, 2048, 2048, 2049]",331.0
1287,11307,12,33,2026-06-14T13:47:59.271000+00:00,24.509,34.083,25.165,246.0,264.0,False,83.757,"[2049, 2049, 2048, 2048, 2048, 2048, 2048]","[2048, 2048, 2048, 2048, 2048, 2048, 2048, 2048]","[2048, 2048, 2048, 2048, 2048, 2048, 2048]",350.0
1287,11307,41,32,2026-06-14T13:48:03.256000+00:00,25.671,34.546,25.741,251.0,260.0,False,85.958,"[None, 2048, 2048, 2048, 2048, 2048, 2048]","[2048, 2048, 2048, 2048, 2048, 2048, 2048, 2049]","[2048, 2048, 2048, 2048, 2048, 2048, 2048]",286.0
1287,11307,1,33,2026-06-14T13:48:04.131000+00:00,23.966,33.715,25.168,260.0,259.0,False,82.849,"[None, 2048, 2048, 2048, 2048, 2048, 2048]","[2048, 2048, 2048, 2048, 2048, 2048, 2048, 2048]","[2048, 2048, 2048, 2048, 2048, 2048, 2048]",343.0
1287,11307,5,32,2026-06-14T13:48:05.943000+00:00,24.738,34.883,26.356,250.0,256.0,False,85.977,"[None, 2048, 2048, 2048, 2048, 2048, 2048]","[2048, 2048, 2048, 2048, 2048, 2048, 2048, 2048]","[2048, 2048, 2048, 2048, 2048, 2048, 2048]",334.0
1287,11307,87,32,2026-06-14T13:48:09.709000+00:00,24.429,34.509,26.307,256.0,191.0,False,85.245,"[None, 2048, 2048, 2048, 2048, 2048, 2049]","[2048, 2048, 2048, 2048, 2048, 2048, 2048, 2048]","[2048, 2048, 2048, 2048, 2048, 2048, 2048]",327.0
1287,11307,44,33,2026-06-14T13:48:12.162000+00:00,23.622,32.874,24.581,259.0,271.0,False,81.077,"[2048, 2048, 2048, 2048, 2048, 2048, 2048]","[2048, 2048, 2048, 2048, 2048, 2048, 2048, 2048]","[2048, 2048, 2048, 2048, 2048, 2048, 2048]",325.0
1287,11307,31,32,2026-06-14T13:48:14.272000+00:00,25.828,34.983,26.411,235.0,254.0,False,87.222,"[None, 2048, 2048, 2048, 2048, 2048, 2048]","[2048, 2048, 2048, 2048, 2048, 2048, 2048, 2048]","[2048, 2048, 2048, 2048, 2048, 2048, 2048]",276.0
1287,11307,16,33,2026-06-14T13:48:15.042000+00:00,24.284,33.7,25.344,260.0,266.0,False,83.328,"[None, 2048, 2048, 2048, 2048, 2048, 2048]","[2048, 2048, 2048, 2048, 2048, 2048, 2048, 2048]","[2048, 2048, 2048, 2048, 2048, 2048, 2048]",331.0
1287,11307,81,33,2026-06-14T13:48:23.374000+00:00,24.209,33.676,25.115,262.0,262.0,False,83.0,"[None, 2048, 2048, 2048, 2048, 2048, 2048]","[2048, 2048, 2048, 2048, 2048, 2048, 2048, 2048]","[2048, 2048, 2049, 2049, 2049, 2048, 2048]",328.0
1287,11307,55,32,2026-06-14T13:48:24.437000+00:00,24.192,34.012,25.415,244.0,261.0,False,83.619,"[2048, 2048, 2048, 2048, 2048, 2049, 2049]","[2048, 2049, 2048, 2048, 2048, 2048, 2048, 2049]","[2048, 2048, 2048, 2049, 2049, 2048, 2048]",339.0
1287,11307,3,33,2026-06-14T13:48:33.390000+00:00,23.676,33.148,24.721,,273.0,False,81.545,"[None, 2048, 2048, 2048, 2048, 2048, 2048]","[2048, 2048, 2048, 2048, 2048, 2048, 2048, 2048]","[2049, 2048, 2048, 2049, 2048, 2048, 2048]",327.0
1287,11307,11,32,2026-06-14T13:48:40.865000+00:00,46.166,33.736,25.335,240.0,254.0,True,105.237,"[2064, 2064, 2048, 2048, 2048, 2048, 2048]","[2048, 2049, 2049, 2048, 2049, 2048, 2048, 2048]","[2049, 2049, 2049, 2049, 2048, 2048, 2048]",267.0
1287,11307,23,32,2026-06-14T13:48:47.209000+00:00,24.51,34.002,25.291,249.0,260.0,False,83.803,"[None, 2048, 2048, 2049, 2048, 2048, 2048]","[2048, 2048, 2048, 2048, 2049, 2048, 2048, 2048]","[2049, 2049, 2048, 2049, 2048, 2048, 2048]",327.0
1287,11307,6,33,2026-06-14T13:48:49.865000+00:00,43.285,33.048,24.669,255.0,277.0,True,101.002,"[2064, 2064, 2048, 2048, 2048, 2049, 2048]","[2048, 2049, 2048, 2049, 2049, 2048, 2049, 2049]","[2049, 2048, 2049, 2049, 2048, 2049, 2048]",259.0
1287,11307,14,32,2026-06-14T13:48:52.287000+00:00,24.833,34.838,26.18,242.0,246.0,False,85.851,"[None, 2048, 2048, 2048, 2048, 2048, 2048]","[2048, 2048, 2048, 2048, 2048, 2048, 2048, 2048]","[2048, 2048, 2048, 2048, 2048, 2048, 2048]",324.0
1287,11307,30,33,2026-06-14T13:49:09.443000+00:00,24.964,34.541,25.765,245.0,261.0,False,85.27,"[None, 2048, 2048, 2048, 2048, 2048, 2048]","[2048, 2048, 2048, 2048, 2048, 2048, 2048, 2049]","[2048, 2048, 2048, 2048, 2048, 2048, 2048]",
1287,11307,10,33,2026-06-14T13:49:10.381000+00:00,24.523,34.922,25.914,243.0,256.0,False,85.359,"[None, 2048, 2048, 2048, 2048, 2048, 2048]","[2048, 2048, 2048, 2048, 2048, 2048, 2048, 2048]","[2048, 2048, 2048, 2048, 2048, 2048, 2048]",347.0
1287,11307,43,33,2026-06-14T13:49:11.240000+00:00,24.518,35.181,25.933,238.0,253.0,False,85.632,"[None, 2048, 2049, 2049, 2048, 2048, 2048]","[2048, 2048, 2048, 2048, 2048, 2048, 2048, 2048]","[2048, 2048, 2048, 2048, 2048, 2048, 2048]",348.0
1287,11307,63,34,2026-06-14T13:49:22.308000+00:00,24.025,33.466,25.158,260.0,255.0,False,82.649,"[None, 2048, 2048, 2048, 2048, 2048, 2048]","[2048, 2048, 2048, 2048, 2048, 2048, 2048, 2049]","[2048, 2048, 2048, 2049, 2048, 2048, 2048]",
1287,11307,12,34,2026-06-14T13:49:23.090000+00:00,23.996,33.668,25.053,257.0,267.0,False,82.717,"[2048, 2048, 2048, 2048, 2048, 2048, 2048]","[2048, 2048, 2048, 2048, 2048, 2048, 2048, 2049]","[2048, 2048, 2048, 2048, 2048, 2048, 2048]",349.0
1287,11307,1,34,2026-06-14T13:49:26.966000+00:00,24.053,33.75,25.312,259.0,260.0,False,83.115,"[None, 2048, 2048, 2048, 2048, 2048, 2048]","[2048, 2048, 2048, 2048, 2048, 2048, 2048, 2048]","[2048, 2048, 2048, 2048, 2048, 2048, 2048]",330.0
1287,11307,41,33,2026-06-14T13:49:29.334000+00:00,24.614,34.004,25.646,248.0,264.0,False,84.264,"[None, 2048, 2048, 2048, 2048, 2048, 2048]","[2048, 2048, 2048, 2048, 2048, 2048, 2048, 2049]","[2049, 2048, 2048, 2048, 2048, 2048, 2048]",317.0
1287,11307,5,33,2026-06-14T13:49:31.944000+00:00,25.197,34.88,29.748,206.0,260.0,False,89.825,"[None, 2048, 2048, 2048, 2048, 2048, 2048]","[2048, 2048, 2048, 2048, 2048, 2048, 2048, 2049]","[2048, 2048, 2048, 2048, 2064, 2064, 2064]",
1287,11307,44,34,2026-06-14T13:49:33.334000+00:00,23.611,32.639,24.704,267.0,268.0,False,80.954,"[None, 2048, 2048, 2048, 2048, 2048, 2048]","[2048, 2048, 2048, 2048, 2048, 2048, 2048, 2048]","[2048, 2048, 2048, 2048, 2048, 2048, 2048]",330.0
1287,11307,87,33,2026-06-14T13:49:35.100000+00:00,24.42,34.204,25.806,250.0,255.0,False,84.43,"[None, 2048, 2048, 2048, 2048, 2048, 2048]","[2048, 2048, 2048, 2048, 2048, 2048, 2048, 2048]","[2048, 2048, 2048, 2049, 2049, 2048, 2048]",330.0
1287,11307,16,34,2026-06-14T13:49:38.497000+00:00,24.174,33.485,25.303,262.0,276.0,False,82.962,"[None, 2048, 2048, 2048, 2048, 2048, 2048]","[2048, 2048, 2048, 2048, 2048, 2048, 2048, 2048]","[2048, 2048, 2048, 2048, 2048, 2048, 2048]",326.0
1287,11307,31,33,2026-06-14T13:49:41.544000+00:00,24.806,34.813,26.273,246.0,260.0,False,85.892,"[None, 2048, 2048, 2048, 2048, 2048, 2048]","[2048, 2048, 2048, 2048, 2048, 2048, 2048, 2048]","[2048, 2048, 2048, 2048, 2048, 2048, 2048]",326.0
1287,11307,81,34,2026-06-14T13:49:46.326000+00:00,24.152,33.696,25.189,261.0,261.0,False,83.037,"[None, 2048, 2048, 2048, 2048, 2048, 2048]","[2048, 2048, 2048, 2048, 2048, 2048, 2048, 2048]","[2048, 2048, 2048, 2048, 2048, 2048, 2048]",332.0
1287,11307,55,33,2026-06-14T13:49:47.904000+00:00,24.39,34.099,25.48,255.0,260.0,False,83.969,"[None, 2048, 2048, 2048, 2048, 2048, 2049]","[2049, 2048, 2048, 2048, 2048, 2049, 2048, 2048]","[2048, 2048, 2048, 2048, 2048, 2048, 2048]",335.0
1287,11307,3,34,2026-06-14T13:49:54.922000+00:00,23.888,33.066,24.875,262.0,272.0,False,81.829,"[None, 2048, 2048, 2048, 2048, 2048, 2048]","[2048, 2048, 2048, 2048, 2048, 2049, 2048, 2048]","[2048, 2048, 2048, 2049, 2048, 2048, 2048]",329.0
1287,11307,23,33,2026-06-14T13:50:10.879000+00:00,24.418,34.383,25.578,244.0,249.0,False,84.379,"[None, 2048, 2048, 2049, 2049, 2048, 2048]","[2048, 2048, 2048, 2048, 2048, 2048, 2048, 2048]","[2048, 2048, 2048, 2048, 2048, 2048, 2048]",329.0
1287,11307,14,33,2026-06-14T13:50:17.950000+00:00,24.946,34.923,26.076,239.0,255.0,False,85.945,"[None, 2048, 2048, 2048, 2048, 2048, 2048]","[2048, 2048, 2048, 2048, 2048, 2048, 2048, 2048]","[2048, 2048, 2048, 2048, 2048, 2048, 2048]",317.0
1287,11307,11,33,2026-06-14T13:50:26.119000+00:00,24.487,33.699,25.413,249.0,259.0,False,83.599,"[2048, 2048, 2048, 2049, 2048, 2049, 2048]","[2049, 2049, 2048, 2048, 2048, 2048, 2049, 2048]","[2048, 2049, 2048, 2048, 2048, 2049, 2049]",316.0
1287,11307,6,34,2026-06-14T13:50:30.807000+00:00,23.545,32.79,24.805,270.0,271.0,False,81.14,"[2048, 2048, 2048, 2049, 2048, 2048, 2051]","[2049, 2049, 2048, 2048, 2048, 2049, 2049, 2049]","[2048, 2048, 2048, 2048, 2049, 2048, 2048]",332.0
1287,11307,30,34,2026-06-14T13:50:34.713000+00:00,24.719,34.633,25.954,250.0,260.0,False,85.306,"[None, 2048, 2048, 2048, 2048, 2048, 2048]","[2048, 2048, 2048, 2048, 2048, 2048, 2048, 2048]","[2048, 2048, 2048, 2048, 2048, 2048, 2048]",332.0
1287,11307,10,34,2026-06-14T13:50:35.760000+00:00,24.45,34.685,25.978,256.0,262.0,False,85.113,"[None, 2048, 2048, 2048, 2048, 2048, 2048]","[2048, 2048, 2048, 2048, 2048, 2048, 2048, 2048]","[2048, 2048, 2048, 2048, 2048, 2048, 2048]",348.0
1287,11307,43,34,2026-06-14T13:50:36.807000+00:00,24.532,34.693,29.426,251.0,268.0,False,88.651,"[None, 2048, 2048, 2048, 2048, 2048, 2048]","[2048, 2048, 2048, 2048, 2048, 2048, 2048, 2049]","[2048, 2048, 2048, 2048, 2064, 2064, 2064]",338.0
1287,11307,63,35,2026-06-14T13:50:44.893000+00:00,24.084,33.612,25.225,254.0,252.0,False,82.921,"[None, 2048, 2048, 2048, 2048, 2048, 2048]","[2048, 2048, 2048, 2048, 2048, 2048, 2048, 2048]","[2048, 2048, 2048, 2051, 2048, 2048, 2048]",332.0
1287,11307,12,35,2026-06-14T13:50:45.833000+00:00,23.931,33.662,25.068,253.0,261.0,False,82.661,"[None, 2048, 2048, 2048, 2048, 2048, 2048]","[2048, 2048, 2048, 2048, 2048, 2048, 2048, 2048]","[2048, 2048, 2048, 2048, 2048, 2048, 2048]",
1287,11307,1,35,2026-06-14T13:50:50.025000+00:00,24.361,33.564,29.374,258.0,264.0,False,87.299,"[None, 2048, 2048, 2048, 2048, 2048, 2048]","[2048, 2048, 2048, 2048, 2048, 2048, 2048, 2048]","[2048, 2048, 2048, 2048, 2064, 2064, 2064]",332.0
1287,11307,41,34,2026-06-14T13:50:53.603000+00:00,25.94,34.173,25.722,247.0,265.0,False,85.835,"[None, 2048, 2048, 2048, 2048, 2048, 2048]","[2048, 2048, 2048, 2048, 2048, 2048, 2048, 2048]","[2048, 2048, 2048, 2048, 2048, 2048, 2048]",278.0
1287,11307,44,35,2026-06-14T13:50:54.321000+00:00,23.713,32.692,24.746,258.0,266.0,False,81.151,"[None, 2048, 2049, 2048, 2048, 2048, 2048]","[2048, 2048, 2048, 2048, 2048, 2048, 2048, 2048]","[2048, 2048, 2048, 2048, 2048, 2048]",328.0
1287,11307,87,34,2026-06-14T13:50:59.415000+00:00,24.398,33.921,25.936,256.0,266.0,False,84.255,"[None, 2048, 2048, 2048, 2048, 2048, 2048]","[2048, 2048, 2048, 2048, 2048, 2048, 2048, 2048]","[2048, 2048, 2048, 2048, 2048, 2048, 2048]",325.0
1287,11307,16,35,2026-06-14T13:51:01.353000+00:00,24.338,33.511,25.191,260.0,272.0,False,83.04,"[None, 2048, 2048, 2048, 2048, 2048, 2048]","[2048, 2048, 2048, 2048, 2048, 2048, 2048, 2048]","[2048, 2048, 2048, 2048, 2048, 2048, 2048]",327.0
1287,11307,5,34,2026-06-14T13:51:01.759000+00:00,44.56,33.774,25.492,253.0,256.0,True,103.826,"[2064, 2064, 2048, 2048, 2048, 2048, 2048]","[2049, 2049, 2048, 2048, 2049, 2048, 2048, 2048]","[2049, 2048, 2048, 2048, 2048, 2048, 2048]",234.0
1287,11307,31,34,2026-06-14T13:51:07.493000+00:00,24.898,35.515,30.674,247.0,225.0,False,91.087,"[None, 2048, 2048, 2048, 2048, 2048, 2048]","[2048, 2048, 2048, 2048, 2048, 2048, 2048, 2048]","[2048, 2048, 2048, 2048, 2064, 2064, 2064]",323.0
1287,11307,81,35,2026-06-14T13:51:09.321000+00:00,24.267,33.953,25.224,264.0,260.0,False,83.444,"[None, 2048, 2049, 2048, 2048, 2048, 2049]","[2048, 2048, 2048, 2048, 2048, 2048, 2048, 2048]","[2048, 2048, 2048, 2048, 2048, 2048, 2048]",334.0
1287,11307,55,34,2026-06-14T13:51:11.962000+00:00,24.477,34.413,25.603,251.0,262.0,False,84.493,"[None, 2048, 2048, 2048, 2048, 2048, 2048]","[2048, 2048, 2048, 2048, 2048, 2048, 2048, 2048]","[2048, 2048, 2048, 2048, 2048, 2048]",332.0
1287,11307,3,35,2026-06-14T13:51:16.665000+00:00,23.699,33.191,24.884,265.0,277.0,False,81.774,"[None, 2048, 2049, 2048, 2048, 2048, 2048]","[2048, 2048, 2048, 2048, 2048, 2048, 2048, 2049]","[2048, 2048, 2048, 2048, 2048, 2048, 2048]",332.0
1287,11307,23,34,2026-06-14T13:51:35.293000+00:00,24.629,34.069,29.04,255.0,257.0,False,87.738,"[None, 2048, 2048, 2048, 2048, 2048, 2048]","[2048, 2049, 2048, 2048, 2048, 2048, 2048, 2048]","[2048, 2048, 2048, 2048, 2064, 2064, 2064]",330.0
1287,11307,14,34,2026-06-14T13:51:44.082000+00:00,24.978,35.047,26.19,245.0,254.0,False,86.215,"[None, 2048, 2048, 2048, 2048, 2048, 2048]","[2048, 2048, 2048, 2048, 2048, 2048, 2048, 2048]","[2048, 2048, 2048, 2048, 2048, 2048, 2048]",314.0
1287,11307,11,34,2026-06-14T13:51:49.711000+00:00,24.519,34.541,26.228,254.0,213.0,False,85.288,"[None, 2048, 2048, 2048, 2048, 2048, 2048]","[2049, 2048, 2048, 2048, 2048, 2048, 2048, 2048]","[2048, 2048, 2048, 2048, 2048, 2048, 2048]",317.0
1287,11307,6,35,2026-06-14T13:51:51.951000+00:00,23.562,33.35,25.084,271.0,269.0,False,81.996,"[None, 2048, 2048, 2048, 2048, 2048, 2051]","[2048, 2048, 2048, 2048, 2048, 2048, 2048, 2048]","[2048, 2048, 2048, 2048, 2048, 2048, 2048]",333.0
1287,11307,30,35,2026-06-14T13:51:59.977000+00:00,24.73,34.676,29.827,249.0,265.0,False,89.233,"[None, 2048, 2048, 2048, 2048, 2048, 2048]","[2048, 2048, 2048, 2048, 2048, 2048, 2048, 2048]","[2048, 2048, 2048, 2048, 2064, 2064, 2064]",330.0
1287,11307,10,35,2026-06-14T13:52:00.854000+00:00,24.431,34.758,25.879,249.0,264.0,False,85.068,"[None, 2048, 2048, 2048, 2048, 2048, 2048]","[2048, 2048, 2048, 2048, 2048, 2048, 2048, 2048]","[2048, 2048, 2048, 2048, 2048, 2048, 2048]",
1287,11307,43,35,2026-06-14T13:52:05.532000+00:00,43.881,33.836,24.915,231.0,270.0,True,102.632,"[2064, 2064, 2048, 2048, 2048, 2048, 2048]","[2048, 2048, 2048, 2048, 2049, 2049, 2049, 2048]","[2049, 2049, 2049, 2048, 2049, 2049, 2049]",249.0
1287,11307,63,36,2026-06-14T13:52:07.864000+00:00,24.198,33.834,29.705,,251.0,False,87.737,"[None, 2048, 2049, 2048, 2048, 2048, 2048]","[2048, 2048, 2048, 2048, 2048, 2048, 2048, 2048]","[2048, 2048, 2048, 2048, 2064, 2064, 2064]",
1287,11307,12,36,2026-06-14T13:52:08.474000+00:00,24.13,34.044,25.25,254.0,259.0,False,83.424,"[None, 2048, 2048, 2048, 2048, 2048, 2048]","[2048, 2048, 2048, 2048, 2048, 2048, 2048, 2048]","[2048, 2048, 2048, 2048, 2048, 2048, 2048]",350.0
1287,11307,44,36,2026-06-14T13:52:15.376000+00:00,23.677,32.882,24.668,268.0,268.0,False,81.227,"[None, 2048, 2048, 2048, 2048, 2048, 2049]","[2051, 2048, 2048, 2048, 2048, 2048, 2048, 2048]","[2048, 2048, 2048, 2048, 2048, 2048, 2048]",323.0
1287,11307,1,36,2026-06-14T13:52:17.318000+00:00,43.08,32.56,24.322,259.0,269.0,True,99.962,"[2064, 2064, 2048, 2048, 2048, 2048, 2048]","[2049, 2049, 2048, 2048, 2048, 2051, 2049, 2048]","[2049, 2049, 2048, 2048, 2049, 2051, 2051]",268.0
1287,11307,41,35,2026-06-14T13:52:19.364000+00:00,24.465,34.023,25.767,250.0,262.0,False,84.255,"[None, 2048, 2048, 2048, 2048, 2048, 2048]","[2048, 2048, 2048, 2048, 2048, 2049, 2048, 2048]","[2048, 2048, 2048, 2048, 2048, 2048, 2048]",329.0
1287,11307,87,35,2026-06-14T13:52:23.786000+00:00,25.43,35.213,25.938,238.0,261.0,False,86.581,"[None, 2048, 2048, 2048, 2048, 2048, 2048]","[2048, 2048, 2048, 2048, 2048, 2048, 2048, 2048]","[2048, 2048, 2048, 2048, 2048, 2048, 2048]",294.0
1287,11307,16,36,2026-06-14T13:52:24.474000+00:00,24.088,33.405,25.275,262.0,269.0,False,82.768,"[None, 2048, 2048, 2048, 2048, 2048, 2048]","[2048, 2048, 2048, 2048, 2048, 2048, 2048, 2048]","[2048, 2048, 2048, 2048, 2048, 2048]",336.0
1287,11307,81,36,2026-06-14T13:52:32.889000+00:00,24.227,33.751,28.939,257.0,266.0,False,86.917,"[None, 2048, 2048, 2048, 2048, 2048, 2048]","[2048, 2048, 2048, 2048, 2048, 2048, 2048, 2048]","[2048, 2048, 2048, 2048, 2064, 2064, 2064]",331.0
1287,11307,55,35,2026-06-14T13:52:36.249000+00:00,25.089,35.476,25.67,243.0,258.0,False,86.235,"[None, 2048, 2048, 2048, 2048, 2048, 2048]","[2048, 2048, 2048, 2048, 2048, 2048, 2048, 2049]","[2048, 2048, 2048, 2048, 2048, 2048, 2048]",331.0
1287,11307,3,36,2026-06-14T13:52:38.593000+00:00,23.785,33.369,24.967,259.0,278.0,False,82.121,"[None, 2048, 2048, 2048, 2048, 2048, 2048]","[2048, 2048, 2048, 2049, 2048, 2048, 2048, 2049]","[2048, 2048, 2048, 2048, 2048, 2048, 2048]",334.0
1287,11307,31,35,2026-06-14T13:52:38.593000+00:00,47.778,33.58,25.185,246.0,274.0,True,106.543,"[2064, 2064, 2048, 2048, 2049, 2049, 2048]","[2049, 2049, 2049, 2048, 2048, 2048, 2048, 2049]","[2049, 2049, 2049, 2048, 2048, 2048, 2048]",263.0
1287,11307,5,35,2026-06-14T13:52:45.699000+00:00,24.378,33.844,25.417,252.0,262.0,False,83.639,"[2048, 2048, 2048, 2048, 2048, 2048, 2048]","[2048, 2048, 2048, 2049, 2048, 2048, 2048, 2048]","[2048, 2048, 2048, 2048, 2048, 2048, 2048]",325.0
1287,11307,23,35,2026-06-14T13:53:03.105000+00:00,,34.65,25.581,227.0,238.0,True,861.502,"[2064, 2064, 2048, 2048, 2048, 2048, 2048]","[2048, 2048, 2048, 2048, 2049, 2048, 2048, 2048]","[2048, 2048, 2048, 2048, 2048, 2048, 2048]",229.0
1287,11307,14,35,2026-06-14T13:53:10.382000+00:00,24.969,35.035,26.941,246.0,258.0,False,86.945,"[None, 2048, 2048, 2048, 2048, 2048, 2048]","[2048, 2048, 2048, 2048, 2048, 2048, 2048, 2048]","[2048, 2048, 2048, 2048, 2048, 2048, 2048]",313.0
1287,11307,6,36,2026-06-14T13:53:14.039000+00:00,23.741,33.246,25.242,262.0,262.0,False,82.229,"[None, 2048, 2048, 2048, 2048, 2049, 2048]","[2048, 2048, 2048, 2048, 2048, 2048, 2048, 2048]","[2048, 2048, 2048, 2048, 2048, 2048, 2048]",332.0
1287,11307,11,35,2026-06-14T13:53:14.997000+00:00,24.323,34.442,25.541,252.0,260.0,False,84.306,"[None, 2048, 2048, 2048, 2048, 2048, 2049]","[2048, 2048, 2048, 2048, 2048, 2048, 2048, 2048]","[2048, 2048, 2048, 2048, 2048, 2048, 2049]",341.0
1287,11307,10,36,2026-06-14T13:53:25.856000+00:00,24.24,34.283,25.794,259.0,264.0,False,84.317,"[None, 2048, 2049, 2048, 2048, 2048, 2048]","[2049, 2048, 2048, 2048, 2048, 2048, 2048, 2048]","[2048, 2048, 2048, 2048, 2048, 2048, 2048]",345.0
1287,11307,30,36,2026-06-14T13:53:29.270000+00:00,44.649,33.958,25.297,245.0,254.0,True,103.904,"[2064, 2064, 2048, 2048, 2048, 2049, 2049]","[2048, 2048, 2048, 2048, 2048, 2048, 2048, 2048]","[2048, 2048, 2048, 2048, 2048, 2049, 2048]",263.0
1287,11307,12,37,2026-06-14T13:53:31.739000+00:00,23.705,33.406,28.582,262.0,262.0,False,85.693,"[None, 2048, 2048, 2048, 2048, 2048, 2048]","[2049, 2048, 2048, 2048, 2048, 2048, 2048, 2048]","[2048, 2048, 2048, 2048, 2064, 2064, 2064]",339.0
1287,11307,63,37,2026-06-14T13:53:35.512000+00:00,42.781,32.271,24.58,253.0,271.0,True,99.632,"[2064, 2064, 2048, 2048, 2048, 2048, 2048]","[2048, 2049, 2049, 2048, 2048, 2049, 2051, 2051]","[2048, 2048, 2048, 2048, 2049, 2049, 2049]",251.0
1287,11307,44,37,2026-06-14T13:53:36.693000+00:00,23.572,32.754,24.653,,271.0,False,80.979,"[None, 2048, 2048, 2048, 2048, 2048, 2049]","[2051, 2048, 2048, 2048, 2048, 2048, 2048, 2048]","[2048, 2048, 2048, 2048, 2048, 2048, 2048]",324.0
1287,11307,41,36,2026-06-14T13:53:43.613000+00:00,24.326,33.864,25.649,253.0,264.0,False,83.839,"[None, 2048, 2048, 2048, 2049, 2048, 2048]","[2048, 2048, 2048, 2049, 2048, 2048, 2048, 2048]","[2048, 2048, 2048, 2048, 2048, 2048, 2048]",331.0
1287,11307,16,37,2026-06-14T13:53:47.057000+00:00,24.206,33.607,25.211,258.0,273.0,False,83.024,"[None, 2048, 2048, 2048, 2048, 2048, 2048]","[2048, 2048, 2048, 2048, 2048, 2048, 2048, 2048]","[2048, 2048, 2048, 2048, 2048, 2048, 2048]",323.0
1287,11307,43,36,2026-06-14T13:53:48.126000+00:00,24.011,33.906,25.28,252.0,258.0,False,83.197,"[2048, 2048, 2048, 2048, 2048, 2048, 2049]","[2048, 2049, 2048, 2048, 2048, 2048, 2048, 2048]","[2048, 2048, 2048, 2048, 2048, 2048]",340.0
1287,11307,87,36,2026-06-14T13:53:50.337000+00:00,24.809,34.474,26.619,237.0,261.0,False,85.902,"[None, 2048, 2048, 2048, 2048, 2048, 2048]","[2048, 2048, 2048, 2048, 2048, 2048, 2048, 2048]","[2048, 2048, 2048, 2048, 2048, 2048, 2048]",329.0
1287,11307,1,37,2026-06-14T13:53:57.388000+00:00,23.543,32.468,24.221,264.0,273.0,False,80.232,"[2048, 2048, 2048, 2048, 2049, 2049, 2048]","[2049, 2048, 2049, 2048, 2049, 2051, 2048, 2048]","[2049, 2049, 2048, 2049, 2049, 2048, 2051]",326.0
1287,11307,81,37,2026-06-14T13:53:59.678000+00:00,44.36,33.272,24.735,252.0,256.0,True,102.367,"[2064, 2064, 2048, 2048, 2048, 2048, 2048]","[2048, 2049, 2048, 2048, 2048, 2048, 2049, 2048]","[2048, 2049, 2049, 2048, 2049, 2049, 2048]",257.0
1287,11307,3,37,2026-06-14T13:54:00.709000+00:00,23.657,33.277,24.95,266.0,277.0,False,81.884,"[None, 2048, 2048, 2048, 2048, 2048, 2048]","[2048, 2048, 2048, 2048, 2048, 2049, 2048, 2049]","[2048, 2048, 2049, 2048, 2048, 2048, 2048]",333.0
1287,11307,55,36,2026-06-14T13:54:02.615000+00:00,24.395,34.14,25.414,252.0,266.0,False,83.949,"[None, 2048, 2048, 2048, 2048, 2049, 2048]","[2048, 2048, 2048, 2048, 2048, 2048, 2048, 2048]","[2048, 2048, 2048, 2048, 2048, 2048, 2048]",333.0
1287,11307,5,36,2026-06-14T13:54:09.225000+00:00,24.299,33.979,25.506,,266.0,False,83.784,"[None, 2048, 2048, 2048, 2048, 2048, 2048]","[2048, 2048, 2048, 2048, 2048, 2048, 2048, 2048]","[2048, 2048, 2048, 2048, 2048, 2048, 2048]",
1287,11307,31,36,2026-06-14T13:54:25.121000+00:00,24.111,33.703,25.295,251.0,268.0,False,83.109,"[2048, 2048, 2048, 2049, 2048, 2049, 2049]","[2048, 2048, 2048, 2048, 2048, 2049, 2048, 2048]","[2048, 2048, 2048, 2048, 2048, 2049, 2048]",322.0
1287,11307,6,37,2026-06-14T13:54:36.215000+00:00,23.723,33.436,24.98,253.0,272.0,False,82.139,"[None, 2048, 2048, 2048, 2048, 2049, 2048]","[2048, 2048, 2048, 2048, 2048, 2048, 2048, 2048]","[2048, 2048, 2048, 2048, 2048, 2048, 2048]",330.0
1287,11307,14,36,2026-06-14T13:54:37.200000+00:00,24.779,35.036,26.248,240.0,257.0,False,86.063,"[None, 2048, 2048, 2048, 2048, 2048, 2048]","[2048, 2048, 2048, 2048, 2048, 2048, 2048, 2048]","[2048, 2048, 2048, 2048, 2048, 2048, 2048]",326.0
1287,11307,11,36,2026-06-14T13:54:39.199000+00:00,24.603,34.28,26.0,250.0,268.0,False,84.883,"[None, 2048, 2048, 2048, 2048, 2049, 2049]","[2048, 2048, 2048, 2048, 2048, 2048, 2048, 2049]","[2048, 2048, 2048, 2048, 2048, 2048, 2048]",325.0
1287,11307,10,37,2026-06-14T13:54:50.184000+00:00,24.561,34.412,26.132,253.0,252.0,False,85.105,"[None, 2048, 2048, 2048, 2048, 2048, 2048]","[2048, 2048, 2048, 2048, 2048, 2049, 2048, 2048]","[2048, 2048, 2048, 2048, 2048, 2048, 2048]",332.0
1287,11307,12,38,2026-06-14T13:54:57.528000+00:00,43.369,32.524,24.202,267.0,267.0,True,100.095,"[2064, 2064, 2048, 2048, 2048, 2049, 2051]","[2049, 2049, 2048, 2049, 2048, 2049, 2048, 2048]","[2049, 2051, 2049, 2048, 2048, 2048, 2048]",244.0
1287,11307,44,38,2026-06-14T13:54:57.590000+00:00,23.767,32.79,24.803,263.0,269.0,False,81.36,"[None, 2048, 2048, 2048, 2048, 2048, 2048]","[2048, 2048, 2048, 2048, 2048, 2048, 2048, 2048]","[2048, 2048, 2048, 2048, 2048, 2048]",322.0
1287,11307,41,37,2026-06-14T13:55:07.403000+00:00,24.354,33.801,29.179,254.0,263.0,False,87.334,"[None, 2048, 2048, 2048, 2048, 2048, 2048]","[2048, 2048, 2048, 2048, 2048, 2048, 2048, 2048]","[2049, 2048, 2048, 2048, 2064, 2064, 2064]",330.0
1287,11307,16,38,2026-06-14T13:55:10.106000+00:00,24.29,33.806,25.419,267.0,271.0,False,83.515,"[None, 2048, 2048, 2048, 2048, 2048, 2048]","[2048, 2048, 2048, 2048, 2048, 2048, 2048, 2048]","[2048, 2048, 2048, 2048, 2048, 2048, 2048]",324.0
1287,11307,43,37,2026-06-14T13:55:11.215000+00:00,24.198,33.935,25.407,251.0,253.0,False,83.54,"[None, 2048, 2048, 2048, 2048, 2048, 2048]","[2048, 2049, 2048, 2048, 2048, 2048, 2048, 2048]","[2048, 2048, 2048, 2048, 2048, 2048, 2048]",338.0
1287,11307,30,37,2026-06-14T13:55:13.122000+00:00,24.268,35.216,26.929,259.0,258.0,False,86.413,"[2048, 2048, 2048, 2048, 2048, 2048, 2048]","[2048, 2048, 2048, 2048, 2048, 2048, 2048, 2049]","[2048, 2048, 2048, 2048, 2048, 2048, 2049]",333.0
1287,11307,63,38,2026-06-14T13:55:15.169000+00:00,23.441,32.779,24.489,255.0,263.0,False,80.709,"[2048, 2048, 2049, 2049, 2048, 2048, 2048]","[2048, 2048, 2048, 2048, 2048, 2048, 2048, 2048]","[2048, 2048, 2048, 2048, 2051, 2051, 2049]",332.0
1287,11307,87,37,2026-06-14T13:55:16.200000+00:00,24.822,35.798,25.854,171.0,260.0,False,86.474,"[None, 2048, 2048, 2048, 2048, 2048, 2048]","[2048, 2048, 2048, 2048, 2048, 2048, 2048, 2048]","[2048, 2048, 2048, 2048, 2048, 2048, 2048]",342.0
1287,11307,1,38,2026-06-14T13:55:17.637000+00:00,23.831,32.939,24.342,262.0,263.0,False,81.112,"[None, 2048, 2049, 2048, 2048, 2048, 2048]","[2048, 2048, 2048, 2048, 2048, 2048, 2048, 2048]","[2048, 2048, 2048, 2048, 2048, 2048, 2048]",337.0
1287,11307,3,38,2026-06-14T13:55:22.356000+00:00,23.713,33.292,24.915,268.0,273.0,False,81.92,"[None, 2048, 2048, 2048, 2048, 2048, 2049]","[2049, 2048, 2048, 2048, 2048, 2048, 2048, 2048]","[2048, 2048, 2048, 2049, 2049, 2048, 2048]",332.0
1287,11307,55,37,2026-06-14T13:55:26.653000+00:00,24.518,34.118,25.36,258.0,267.0,False,83.996,"[None, 2048, 2048, 2048, 2048, 2048, 2048]","[2049, 2048, 2048, 2048, 2048, 2048, 2048, 2048]","[2048, 2049, 2048, 2048, 2048, 2048, 2048]",331.0
1287,11307,5,37,2026-06-14T13:55:33.094000+00:00,24.297,33.974,25.295,253.0,264.0,False,83.566,"[None, 2048, 2048, 2048, 2048, 2048, 2048]","[2049, 2048, 2048, 2048, 2048, 2048, 2048, 2048]","[2048, 2048, 2048, 2049, 2049, 2048, 2048]",323.0
1287,11307,81,38,2026-06-14T13:55:42.153000+00:00,23.837,32.986,25.29,260.0,266.0,False,82.113,"[2048, 2048, 2048, 2049, 2048, 2048, 2048]","[2048, 2049, 2048, 2048, 2049, 2049, 2049, 2048]","[2048, 2049, 2049, 2049, 2048, 2048, 2048]",330.0
1287,11307,31,37,2026-06-14T13:55:48.231000+00:00,24.2,33.675,25.377,249.0,261.0,False,83.252,"[None, 2048, 2048, 2048, 2048, 2048, 2048]","[2048, 2048, 2048, 2049, 2048, 2048, 2048, 2048]","[2048, 2048, 2048, 2048, 2049, 2048, 2048]",
1287,11307,6,38,2026-06-14T13:55:58.385000+00:00,23.682,33.316,25.101,263.0,262.0,False,82.099,"[None, 2048, 2048, 2048, 2048, 2048, 2049]","[2048, 2048, 2048, 2048, 2048, 2048, 2048, 2048]","[2048, 2048, 2048, 2048, 2048, 2048, 2048]",
1287,11307,14,37,2026-06-14T13:56:03.276000+00:00,24.999,35.029,26.231,246.0,252.0,False,86.259,"[None, 2048, 2048, 2048, 2048, 2048, 2048]","[2048, 2048, 2048, 2048, 2048, 2048, 2049, 2048]","[2048, 2048, 2048, 2048, 2048, 2048, 2048]",318.0
1287,11307,11,37,2026-06-14T13:56:04.088000+00:00,24.55,35.061,26.217,236.0,247.0,False,85.828,"[None, 2048, 2048, 2048, 2048, 2048, 2048]","[2048, 2048, 2048, 2048, 2048, 2048, 2048, 2048]","[2048, 2048, 2048, 2048, 2048, 2048, 2048]",333.0
1287,11307,10,38,2026-06-14T13:56:15.314000+00:00,24.778,34.876,27.079,260.0,261.0,False,86.733,"[None, 2048, 2048, 2048, 2048, 2048, 2048]","[2048, 2048, 2048, 2048, 2048, 2048, 2048, 2048]","[2048, 2048, 2048, 2048, 2048, 2048, 2048]",
1287,11307,44,39,2026-06-14T13:56:18.917000+00:00,23.812,32.904,25.143,261.0,275.0,False,81.859,"[None, 2048, 2048, 2048, 2048, 2048, 2048]","[2048, 2048, 2048, 2048, 2048, 2048, 2048, 2048]","[2048, 2048, 2048, 2048, 2048, 2048, 2048]",325.0
1287,11307,16,39,2026-06-14T13:56:33.700000+00:00,24.367,33.831,30.116,261.0,269.0,False,88.314,"[None, 2048, 2048, 2048, 2048, 2048, 2048]","[2048, 2048, 2048, 2048, 2048, 2048, 2048, 2048]","[2048, 2048, 2048, 2048, 2064, 2064, 2064]",323.0
1287,11307,41,38,2026-06-14T13:56:34.798000+00:00,45.498,33.346,25.189,240.0,261.0,True,104.033,"[2064, 2064, 2048, 2048, 2049, 2049, 2048]","[2048, 2048, 2049, 2049, 2049, 2049, 2049, 2048]","[2049, 2049, 2048, 2048, 2048, 2048, 2048]",263.0
1287,11307,43,38,2026-06-14T13:56:34.954000+00:00,25.303,35.279,25.329,250.0,221.0,False,85.911,"[None, 2048, 2048, 2048, 2049, 2048, 2048]","[2048, 2048, 2048, 2048, 2048, 2048, 2048, 2048]","[2048, 2048, 2048, 2048, 2048, 2048]",251.0
1287,11307,63,39,2026-06-14T13:56:35.939000+00:00,23.607,32.774,24.798,264.0,251.0,False,81.179,"[None, 2048, 2048, 2048, 2048, 2048, 2048]","[2048, 2048, 2048, 2048, 2048, 2048, 2048, 2048]","[2048, 2048, 2048, 2048, 2048, 2048, 2048]",333.0
1287,11307,12,39,2026-06-14T13:56:37.642000+00:00,23.696,32.892,24.311,260.0,280.0,False,80.899,"[2048, 2048, 2048, 2049, 2048, 2048, 2048]","[2048, 2048, 2048, 2048, 2048, 2048, 2048, 2049]","[2048, 2048, 2049, 2048, 2048, 2048, 2048]",335.0
1287,11307,1,39,2026-06-14T13:56:38.673000+00:00,23.47,33.243,24.452,261.0,259.0,False,81.165,"[None, 2048, 2048, 2049, 2048, 2048, 2049]","[2048, 2048, 2048, 2048, 2048, 2048, 2048, 2048]","[2048, 2048, 2048, 2048, 2048, 2048]",
1287,11307,30,38,2026-06-14T13:56:39.578000+00:00,24.091,33.731,25.401,256.0,264.0,False,83.223,"[None, 2049, 2048, 2048, 2048, 2048, 2048]","[2048, 2049, 2048, 2048, 2048, 2048, 2048, 2048]","[2048, 2048, 2048, 2048, 2049, 2049, 2049]",337.0
1287,11307,87,38,2026-06-14T13:56:42.701000+00:00,25.644,35.032,25.705,139.0,268.0,False,86.381,"[None, 2048, 2048, 2048, 2048, 2048, 2048]","[2048, 2048, 2048, 2048, 2048, 2048, 2048, 2048]","[2048, 2048, 2048, 2048, 2048, 2048]",326.0
1287,11307,3,39,2026-06-14T13:56:44.449000+00:00,23.857,33.394,24.847,266.0,275.0,False,82.098,"[None, 2048, 2048, 2048, 2048, 2048, 2048]","[2048, 2048, 2048, 2048, 2048, 2048, 2048, 2048]","[2048, 2048, 2048, 2048, 2048, 2048, 2048]",336.0
1287,11307,55,38,2026-06-14T13:56:50.603000+00:00,24.48,34.356,25.347,241.0,262.0,False,84.183,"[None, 2048, 2048, 2048, 2048, 2048, 2048]","[2048, 2048, 2048, 2048, 2048, 2049, 2048, 2048]","[2048, 2048, 2049, 2048, 2048, 2048, 2048]",
1287,11307,5,38,2026-06-14T13:56:56.639000+00:00,24.445,34.318,25.413,252.0,262.0,False,84.176,"[None, 2048, 2048, 2048, 2048, 2048, 2048]","[2048, 2048, 2048, 2048, 2048, 2048, 2048, 2048]","[2048, 2048, 2049, 2048, 2048, 2048, 2048]",325.0
1287,11307,81,39,2026-06-14T13:57:04.186000+00:00,24.348,33.052,24.673,261.0,269.0,False,82.073,"[None, 2048, 2048, 2048, 2048, 2048, 2048]","[2048, 2048, 2049, 2048, 2048, 2048, 2048, 2048]","[2048, 2048, 2048, 2048, 2049, 2048, 2048]",328.0
1287,11307,31,38,2026-06-14T13:57:11.436000+00:00,24.292,33.783,25.327,250.0,264.0,False,83.402,"[None, 2048, 2048, 2048, 2048, 2048, 2048]","[2048, 2048, 2048, 2048, 2048, 2048, 2049, 2048]","[2048, 2048, 2048, 2049, 2049, 2049, 2048]",
1287,11307,6,39,2026-06-14T13:57:20.514000+00:00,23.728,33.246,25.082,266.0,268.0,False,82.056,"[None, 2048, 2048, 2048, 2048, 2048, 2048]","[2048, 2048, 2048, 2048, 2048, 2048, 2048, 2048]","[2048, 2048, 2048, 2048, 2048, 2049, 2049]",
1287,11307,14,38,2026-06-14T13:57:29.577000+00:00,25.208,,,231.0,,False,,"[None, 2048, 2048, 2048, 2048, 2048, 2048]",[2048],,325.0
1287,11307,11,38,2026-06-14T13:57:29.936000+00:00,24.486,34.293,25.938,251.0,252.0,False,84.717,"[None, 2048, 2048, 2048, 2048, 2048, 2048]","[2048, 2048, 2048, 2048, 2048, 2048, 2048, 2048]","[2048, 2048, 2048, 2048, 2048, 2048, 2048]",339.0
1287,11307,44,40,2026-06-14T13:57:40.862000+00:00,23.808,33.034,24.837,265.0,274.0,False,81.679,"[None, 2048, 2048, 2048, 2048, 2048, 2048]","[2048, 2048, 2048, 2048, 2048, 2048, 2048, 2048]","[2048, 2048, 2048, 2048, 2048, 2048, 2048]",322.0
1287,11307,10,39,2026-06-14T13:57:42.108000+00:00,24.607,34.862,29.205,247.0,260.0,False,88.674,"[None, 2048, 2048, 2048, 2048, 2048, 2048]","[2048, 2048, 2048, 2048, 2048, 2048, 2048, 2049]","[2048, 2048, 2048, 2048, 2048, 2048, 2048]",348.0
1287,11307,63,40,2026-06-14T13:57:57.108000+00:00,23.399,33.072,31.745,263.0,262.0,False,88.216,"[None, 2048, 2048, 2049, 2049, 2048, 2048]","[2049, 2048, 2048, 2048, 2048, 2048, 2048, 2048]","[2048, 2048, 2048, 2048, 2048, 2048, 2048]",329.0
1287,11307,12,40,2026-06-14T13:57:58.452000+00:00,23.423,33.054,31.671,257.0,275.0,False,88.148,"[None, 2048, 2048, 2049, 2049, 2048, 2048]","[2048, 2048, 2048, 2048, 2048, 2048, 2048, 2048]","[2048, 2048, 2048, 2048, 2048, 2048, 2048]",343.0
1287,11307,1,40,2026-06-14T13:57:59.654000+00:00,23.347,33.246,31.796,259.0,269.0,False,88.389,"[None, 2048, 2048, 2049, 2048, 2048, 2049]","[2048, 2048, 2048, 2048, 2048, 2048, 2048, 2048]","[2048, 2048, 2048, 2048, 2048, 2048, 2048]",336.0
1287,11307,43,39,2026-06-14T13:58:00.668000+00:00,23.814,33.7,32.94,248.0,249.0,False,90.454,"[None, 2048, 2048, 2048, 2048, 2048, 2048]","[2048, 2049, 2048, 2048, 2048, 2049, 2048, 2048]","[2048, 2048, 2048, 2048, 2048, 2048, 2048]",349.0
1287,11307,16,40,2026-06-14T13:58:02.076000+00:00,43.405,39.684,31.105,260.0,223.0,True,114.194,"[2064, 2064, 2048, 2048, 2048, 2048, 2048]","[2048, 2049, 2049, 2049, 2048, 2048, 2048, 2048]","[2048, 2048, 2048, 2048, 2048, 2048, 2048]",262.0
1287,11307,30,39,2026-06-14T13:58:02.713000+00:00,24.069,33.696,32.694,266.0,261.0,False,90.459,"[None, 2048, 2049, 2048, 2048, 2048, 2049]","[2049, 2049, 2048, 2049, 2048, 2048, 2048, 2048]","[2048, 2048, 2048, 2048, 2048, 2048, 2048]",334.0
1287,11307,3,40,2026-06-14T13:58:06.455000+00:00,23.719,33.49,35.462,265.0,277.0,False,92.671,"[None, 2048, 2048, 2048, 2048, 2048, 2048]","[2048, 2048, 2048, 2048, 2048, 2048, 2048, 2049]","[2048, 2048, 2048, 2048, 2064, 2064, 2064]",334.0
1287,11307,87,39,2026-06-14T13:58:08.985000+00:00,24.535,36.787,34.987,253.0,142.0,False,96.309,"[None, 2048, 2048, 2048, 2048, 2048, 2048]","[2048, 2048, 2048, 2049, 2048, 2048, 2048, 2048]","[2048, 2048, 2048, 2048, 2064, 2064, 2064]",328.0
1287,11307,55,39,2026-06-14T13:58:14.836000+00:00,24.351,40.037,30.559,254.0,203.0,False,94.947,"[None, 2048, 2048, 2048, 2049, 2048, 2048]","[2048, 2048, 2048, 2049, 2048, 2048, 2048, 2048]","[2048, 2048, 2048, 2048, 2048, 2048, 2048]",332.0
1287,11307,41,39,2026-06-14T13:58:18.805000+00:00,23.94,39.374,31.133,251.0,190.0,False,94.447,"[2048, 2048, 2048, 2049, 2048, 2048, 2049]","[2048, 2048, 2048, 2048, 2048, 2048, 2048, 2048]","[2048, 2048, 2048, 2048, 2048, 2048, 2048]",333.0
1287,11307,5,39,2026-06-14T13:58:20.793000+00:00,24.85,42.288,30.826,204.0,208.0,False,97.964,"[None, 2048, 2048, 2048, 2048, 2048, 2048]","[2048, 2048, 2048, 2048, 2048, 2048, 2048, 2048]","[2048, 2048, 2048, 2048, 2048, 2048, 2048]",333.0
1287,11307,81,40,2026-06-14T13:58:26.324000+00:00,23.732,41.03,31.885,266.0,204.0,False,96.647,"[None, 2048, 2049, 2049, 2048, 2048, 2048]","[2048, 2048, 2048, 2048, 2048, 2048, 2048, 2048]","[2048, 2048, 2048, 2048, 2048, 2048, 2048]",332.0
1287,11307,31,39,2026-06-14T13:58:34.920000+00:00,24.103,46.569,30.513,251.0,203.0,False,101.185,"[None, 2048, 2048, 2048, 2048, 2048, 2048]","[2048, 2048, 2048, 2048, 2048, 2048, 2048, 2048]","[2048, 2048, 2048, 2048, 2048, 2048, 2048]",323.0
1287,11307,6,40,2026-06-14T13:58:42.483000+00:00,24.583,46.174,32.299,144.0,218.0,False,103.056,"[None, 2048, 2048, 2048, 2048, 2048, 2048]","[2048, 2048, 2048, 2048, 2048, 2048, 2048, 2048]","[2048, 2048, 2048, 2048, 2048, 2048, 2048]",332.0
1287,11307,11,39,2026-06-14T13:58:54.637000+00:00,31.05,45.569,36.004,179.0,189.0,False,112.623,"[None, 2048, 2048, 2048, 2048, 2048, 2048]","[2048, 2048, 2048, 2048, 2048, 2048, 2048, 2048]","[2048, 2048, 2048, 2048, 2064, 2064, 2064]",321.0
1287,11307,44,41,2026-06-14T13:59:02.557000+00:00,31.37,46.493,33.022,180.0,215.0,False,110.885,"[None, 2048, 2048, 2048, 2048, 2048, 2048]","[2048, 2048, 2048, 2048, 2048, 2048, 2048, 2048]","[2048, 2048, 2048, 2048, 2064, 2064, 2064]",167.0
1287,11307,10,40,2026-06-14T13:59:10.792000+00:00,30.471,44.025,34.024,221.0,233.0,False,108.52,"[None, 2048, 2048, 2048, 2048, 2048, 2048]","[2048, 2048, 2048, 2048, 2048, 2048, 2048, 2048]","[2048, 2048, 2048, 2048, 2064, 2064, 2064]",299.0
1287,11307,63,41,2026-06-14T13:59:25.354000+00:00,30.304,45.663,30.145,137.0,204.0,False,106.112,"[None, 2048, 2048, 2048, 2048, 2048, 2048]","[2048, 2048, 2048, 2048, 2048, 2048, 2048, 2048]","[2048, 2048, 2048, 2048, 2048, 2048, 2048]",283.0
1287,11307,12,41,2026-06-14T13:59:26.737000+00:00,30.134,45.064,31.038,163.0,210.0,False,106.236,"[None, 2048, 2048, 2048, 2048, 2048, 2048]","[2048, 2048, 2048, 2048, 2048, 2048, 2048, 2048]","[2048, 2048, 2048, 2048, 2048, 2048, 2048]",287.0
1287,11307,1,41,2026-06-14T13:59:28.217000+00:00,30.39,46.147,30.401,187.0,225.0,False,106.938,"[None, 2048, 2048, 2048, 2048, 2048, 2048]","[2048, 2048, 2048, 2048, 2048, 2048, 2048, 2048]","[2048, 2048, 2048, 2048, 2048, 2048, 2048]",260.0
1287,11307,43,40,2026-06-14T13:59:31.296000+00:00,31.051,44.134,31.186,160.0,229.0,False,106.371,"[None, 2048, 2048, 2048, 2048, 2048, 2048]","[2048, 2048, 2048, 2048, 2048, 2048, 2048, 2048]","[2048, 2048, 2048, 2048, 2048, 2048, 2048]",237.0
1287,11307,30,40,2026-06-14T13:59:33.233000+00:00,31.603,45.155,30.4,144.0,216.0,False,107.158,"[None, 2048, 2048, 2048, 2048, 2048, 2048]","[2048, 2048, 2048, 2048, 2048, 2048, 2048, 2048]","[2048, 2048, 2048, 2048, 2048, 2048, 2048]",245.0
1287,11307,3,41,2026-06-14T13:59:39.187000+00:00,48.009,44.353,28.418,221.0,221.0,True,120.78,"[2064, 2064, 2048, 2048, 2048, 2048, 2048]","[2048, 2048, 2048, 2048, 2048, 2048, 2048, 2048]","[2048, 2048, 2048, 2048, 2049, 2051, 2051]",260.0
1287,11307,87,40,2026-06-14T13:59:45.871000+00:00,49.008,45.447,26.93,184.0,229.0,True,121.385,"[2064, 2064, 2048, 2048, 2048, 2048, 2048]","[2048, 2048, 2048, 2048, 2048, 2048, 2048, 2048]","[2048, 2048, 2048, 2048, 2048, 2048, 2049]",267.0
1287,11307,55,40,2026-06-14T13:59:49.697000+00:00,31.449,45.058,28.841,168.0,219.0,False,105.348,"[None, 2048, 2048, 2048, 2048, 2048, 2048]","[2048, 2048, 2048, 2048, 2048, 2048, 2048, 2048]","[2048, 2048, 2048, 2048, 2048, 2048, 2048]",272.0
1287,11307,41,40,2026-06-14T13:59:53.241000+00:00,31.84,44.46,29.258,192.0,189.0,False,105.558,"[None, 2048, 2048, 2048, 2048, 2048, 2048]","[2048, 2048, 2048, 2048, 2048, 2048, 2048, 2048]","[2048, 2048, 2048, 2048, 2048, 2048, 2048]",223.0
1287,11307,16,41,2026-06-14T13:59:56.213000+00:00,31.816,45.547,27.415,228.0,232.0,False,104.778,"[2048, 2048, 2048, 2048, 2048, 2048, 2048]","[2048, 2048, 2048, 2048, 2048, 2048, 2048, 2048]","[2048, 2048, 2048, 2048, 2048, 2049, 2049]",267.0
1287,11307,5,40,2026-06-14T13:59:58.820000+00:00,32.007,44.275,27.822,225.0,187.0,False,104.104,"[None, 2048, 2048, 2048, 2048, 2048, 2048]","[2048, 2048, 2048, 2048, 2048, 2048, 2048, 2048]","[2048, 2048, 2048, 2048, 2048, 2048, 2048]",276.0
1287,11307,81,41,2026-06-14T14:00:02.954000+00:00,31.765,45.548,25.649,173.0,219.0,False,102.962,"[None, 2048, 2048, 2048, 2048, 2048, 2048]","[2048, 2048, 2048, 2048, 2048, 2048, 2048, 2048]","[2048, 2048, 2048, 2048, 2048, 2048, 2049]",256.0
1287,11307,31,40,2026-06-14T14:00:16.022000+00:00,31.012,42.84,25.887,186.0,206.0,False,99.739,"[None, 2048, 2048, 2048, 2048, 2048, 2048]","[2048, 2048, 2048, 2048, 2048, 2048, 2048, 2048]","[2048, 2048, 2048, 2049, 2048, 2048, 2048]",236.0
1287,11307,6,41,2026-06-14T14:00:25.612000+00:00,31.836,40.141,25.14,207.0,266.0,False,97.117,"[None, 2048, 2048, 2048, 2048, 2048, 2048]","[2048, 2048, 2048, 2048, 2048, 2048, 2048, 2049]","[2048, 2048, 2048, 2048, 2048, 2048, 2048]",240.0
1287,11307,11,40,2026-06-14T14:00:47.284000+00:00,47.888,33.437,24.959,237.0,254.0,True,106.284,"[2064, 2064, 2048, 2048, 2048, 2048, 2048]","[2048, 2048, 2049, 2048, 2049, 2049, 2048, 2048]","[2049, 2049, 2049, 2049, 2049, 2049, 2049]",253.0
1287,11307,44,42,2026-06-14T14:00:53.478000+00:00,45.719,31.391,23.945,266.0,273.0,True,101.055,"[2064, 2064, 2048, 2048, 2048, 2048, 2048]","[2051, 2051, 2051, 2051, 2051, 2051, 2049, 2049]","[2051, 2051, 2049, 2048, 2051, 2049, 2049]",264.0
1287,11307,10,41,2026-06-14T14:00:59.142000+00:00,45.587,32.929,24.884,250.0,264.0,True,103.4,"[2064, 2064, 2048, 2048, 2048, 2048, 2049]","[2048, 2049, 2049, 2049, 2049, 2049, 2049, 2049]","[2049, 2049, 2049, 2048, 2049, 2049, 2049]",248.0
1287,11307,63,42,2026-06-14T14:01:11.475000+00:00,28.974,32.623,24.434,260.0,266.0,False,86.031,"[None, 2048, 2048, 2048, 2048, 2048, 2049]","[2048, 2048, 2048, 2048, 2048, 2048, 2048, 2048]","[2048, 2048, 2048, 2048, 2048, 2049, 2049]",230.0
1287,11307,12,42,2026-06-14T14:01:12.944000+00:00,28.739,32.701,24.346,269.0,274.0,False,85.786,"[None, 2048, 2048, 2048, 2048, 2049, 2051]","[2048, 2048, 2048, 2049, 2048, 2048, 2048, 2049]","[2048, 2048, 2048, 2048, 2048, 2048, 2048]",220.0
1287,11307,1,42,2026-06-14T14:01:15.189000+00:00,28.197,32.459,24.418,266.0,266.0,False,85.074,"[None, 2048, 2048, 2048, 2048, 2048, 2049]","[2048, 2048, 2048, 2049, 2048, 2048, 2049, 2049]","[2048, 2048, 2048, 2049, 2048, 2048, 2048]",252.0
1287,11307,43,41,2026-06-14T14:01:17.651000+00:00,28.239,33.619,24.987,260.0,259.0,False,86.845,"[None, 2048, 2048, 2048, 2048, 2048, 2049]","[2049, 2049, 2048, 2048, 2048, 2049, 2048, 2048]","[2048, 2048, 2048, 2049, 2049, 2048, 2048]",239.0
1287,11307,30,41,2026-06-14T14:01:20.394000+00:00,28.386,33.658,25.104,248.0,272.0,False,87.148,"[None, 2048, 2048, 2048, 2048, 2048, 2048]","[2048, 2049, 2048, 2048, 2048, 2048, 2048, 2049]","[2048, 2048, 2048, 2049, 2049, 2049, 2049]",206.0
1287,11307,55,41,2026-06-14T14:01:35.042000+00:00,24.713,34.036,25.149,251.0,269.0,False,83.898,"[None, 2048, 2048, 2048, 2048, 2048, 2048]","[2048, 2048, 2048, 2048, 2048, 2048, 2048, 2048]","[2049, 2048, 2049, 2048, 2049, 2048, 2048]",327.0
1287,11307,41,41,2026-06-14T14:01:38.853000+00:00,24.829,34.884,25.285,226.0,247.0,False,84.998,"[None, 2048, 2048, 2048, 2048, 2048, 2048]","[2048, 2048, 2048, 2048, 2048, 2048, 2048, 2048]","[2048, 2048, 2048, 2048, 2048, 2049, 2048]",330.0
1287,11307,3,42,2026-06-14T14:01:39.987000+00:00,23.372,32.542,24.316,264.0,268.0,False,80.23,"[2048, 2048, 2048, 2049, 2049, 2049, 2049]","[2049, 2048, 2049, 2049, 2049, 2048, 2048, 2048]","[2049, 2049, 2051, 2048, 2049, 2048, 2048]",336.0
1287,11307,16,42,2026-06-14T14:01:40.995000+00:00,23.449,32.701,24.477,263.0,280.0,False,80.627,"[2049, 2048, 2048, 2048, 2048, 2048, 2048]","[2048, 2048, 2048, 2048, 2048, 2048, 2049, 2049]","[2049, 2049, 2048, 2048, 2048, 2048, 2048]",341.0
1287,11307,5,41,2026-06-14T14:01:42.747000+00:00,24.153,33.559,25.213,261.0,261.0,False,82.925,"[None, 2048, 2048, 2048, 2048, 2048, 2048]","[2049, 2048, 2048, 2048, 2048, 2049, 2049, 2048]","[2048, 2048, 2048, 2048, 2048, 2049, 2048]",336.0
1287,11307,81,42,2026-06-14T14:01:45.986000+00:00,23.732,32.795,24.559,268.0,267.0,False,81.086,"[None, 2048, 2048, 2048, 2049, 2048, 2049]","[2049, 2048, 2048, 2048, 2049, 2048, 2049, 2048]","[2048, 2048, 2048, 2049, 2049, 2049, 2049]",332.0
1287,11307,87,41,2026-06-14T14:01:46.833000+00:00,23.997,33.461,25.026,247.0,263.0,False,82.484,"[2048, 2048, 2048, 2048, 2048, 2048, 2048]","[2049, 2049, 2049, 2048, 2049, 2049, 2048, 2048]","[2049, 2049, 2049, 2048, 2049, 2049, 2049]",343.0
1287,11307,31,41,2026-06-14T14:01:55.874000+00:00,24.087,33.851,25.277,254.0,269.0,False,83.215,"[None, 2048, 2048, 2048, 2049, 2048, 2048]","[2049, 2048, 2048, 2048, 2048, 2048, 2048, 2048]","[2048, 2048, 2048, 2049, 2049, 2049, 2048]",322.0
1287,11307,6,42,2026-06-14T14:02:02.681000+00:00,23.844,33.561,25.18,261.0,267.0,False,82.585,"[None, 2048, 2048, 2048, 2048, 2048, 2048]","[2048, 2048, 2048, 2048, 2048, 2048, 2048, 2048]","[2048, 2048, 2048, 2048, 2048, 2048, 2048]",331.0
1287,11307,11,41,2026-06-14T14:02:33.686000+00:00,25.169,33.474,25.238,235.0,255.0,False,83.881,"[2048, 2048, 2048, 2048, 2049, 2049, 2048]","[2048, 2048, 2048, 2048, 2048, 2048, 2049, 2048]","[2049, 2048, 2048, 2048, 2048, 2048, 2048]",277.0
1287,11307,44,43,2026-06-14T14:02:34.498000+00:00,23.712,32.3,24.302,248.0,278.0,False,80.314,"[2048, 2048, 2048, 2048, 2048, 2048, 2048]","[2048, 2048, 2048, 2048, 2048, 2048, 2048, 2048]","[2048, 2048, 2048, 2048, 2048, 2048, 2048]",324.0
1287,11307,63,43,2026-06-14T14:02:37.529000+00:00,23.421,32.616,24.603,266.0,270.0,False,80.64,"[None, 2048, 2048, 2048, 2049, 2048, 2048]","[2048, 2048, 2048, 2048, 2048, 2048, 2048, 2048]","[2048, 2048, 2048, 2048, 2048, 2048, 2049]",332.0
1287,11307,12,43,2026-06-14T14:02:38.654000+00:00,23.692,32.895,24.311,264.0,270.0,False,80.898,"[None, 2048, 2048, 2048, 2048, 2048, 2048]","[2048, 2048, 2048, 2048, 2048, 2048, 2049, 2048]","[2048, 2048, 2048, 2049, 2048, 2048, 2048]",336.0
1287,11307,1,43,2026-06-14T14:02:40.232000+00:00,23.706,32.674,24.551,261.0,266.0,False,80.931,"[None, 2048, 2048, 2048, 2048, 2048, 2048]","[2048, 2048, 2048, 2048, 2048, 2048, 2048, 2048]","[2048, 2048, 2048, 2048, 2048, 2048, 2048]",336.0
1287,11307,10,42,2026-06-14T14:02:42.592000+00:00,23.728,33.155,24.825,265.0,262.0,False,81.708,"[2048, 2048, 2048, 2049, 2049, 2049, 2049]","[2049, 2048, 2048, 2048, 2048, 2048, 2049, 2048]","[2048, 2048, 2049, 2049, 2049, 2048, 2048]",336.0
1287,11307,43,42,2026-06-14T14:02:44.435000+00:00,23.92,33.8,24.932,248.0,270.0,False,82.652,"[None, 2048, 2048, 2048, 2048, 2048, 2048]","[2048, 2048, 2048, 2048, 2048, 2049, 2048, 2048]","[2049, 2048, 2048, 2048, 2048, 2048, 2048]",336.0
1287,11307,30,42,2026-06-14T14:02:47.545000+00:00,24.121,33.719,25.124,255.0,265.0,False,82.964,"[None, 2048, 2048, 2048, 2048, 2048, 2048]","[2049, 2048, 2048, 2048, 2048, 2048, 2048, 2048]","[2048, 2049, 2048, 2049, 2048, 2048, 2048]",334.0
1287,11307,55,42,2026-06-14T14:02:58.961000+00:00,24.965,35.296,25.417,220.0,265.0,False,85.678,"[None, 2048, 2048, 2048, 2048, 2048, 2048]","[2048, 2048, 2048, 2048, 2048, 2048, 2049, 2049]","[2048, 2048, 2048, 2048, 2048, 2048, 2048]",331.0
1287,11307,3,43,2026-06-14T14:03:00.201000+00:00,23.464,32.645,24.425,262.0,271.0,False,80.534,"[None, 2048, 2048, 2049, 2048, 2048, 2048]","[2048, 2048, 2048, 2048, 2049, 2048, 2048, 2048]","[2049, 2048, 2048, 2048, 2048, 2048, 2048]",
1287,11307,16,43,2026-06-14T14:03:01.704000+00:00,23.654,32.845,24.5,266.0,279.0,False,80.999,"[2048, 2048, 2048, 2048, 2049, 2048, 2048]","[2048, 2048, 2048, 2048, 2048, 2048, 2048, 2048]","[2048, 2048, 2048, 2049, 2049, 2049, 2048]",329.0
1287,11307,41,42,2026-06-14T14:03:03.905000+00:00,24.023,33.506,25.156,244.0,262.0,False,82.685,"[None, 2048, 2048, 2048, 2048, 2048, 2048]","[2049, 2049, 2048, 2048, 2048, 2048, 2048, 2048]","[2048, 2048, 2048, 2048, 2048, 2048, 2048]",335.0
1287,11307,5,42,2026-06-14T14:03:05.799000+00:00,25.166,34.278,25.197,225.0,268.0,False,84.641,"[None, 2048, 2048, 2048, 2048, 2048, 2048]","[2048, 2048, 2048, 2048, 2048, 2048, 2048, 2048]","[2048, 2048, 2049, 2048, 2048, 2048, 2048]",335.0
1287,11307,81,43,2026-06-14T14:03:06.957000+00:00,23.764,32.704,24.506,262.0,267.0,False,80.974,"[None, 2048, 2048, 2048, 2048, 2048, 2048]","[2048, 2048, 2049, 2048, 2049, 2049, 2049, 2048]","[2048, 2048, 2048, 2049, 2048, 2048, 2048]",337.0
1287,11307,87,42,2026-06-14T14:03:09.258000+00:00,24.062,33.338,25.257,251.0,263.0,False,82.657,"[None, 2048, 2048, 2049, 2049, 2048, 2048]","[2048, 2049, 2048, 2048, 2048, 2048, 2049, 2048]","[2048, 2048, 2048, 2048, 2048, 2048, 2048]",328.0
1287,11307,31,42,2026-06-14T14:03:18.961000+00:00,24.201,33.66,25.361,,265.0,False,83.222,"[None, 2048, 2048, 2048, 2048, 2048, 2048]","[2048, 2048, 2048, 2048, 2048, 2049, 2048, 2048]","[2048, 2048, 2048, 2048, 2049, 2048, 2048]",
1287,11307,6,43,2026-06-14T14:03:25.314000+00:00,23.861,33.154,25.167,259.0,270.0,False,82.182,"[None, 2048, 2048, 2048, 2048, 2048, 2048]","[2048, 2048, 2048, 2048, 2048, 2048, 2048, 2048]","[2048, 2048, 2048, 2048, 2048, 2048, 2048]",
1287,11307,44,44,2026-06-14T14:03:54.815000+00:00,23.533,32.255,24.334,258.0,268.0,False,80.122,"[None, 2048, 2048, 2051, 2048, 2048, 2048]","[2051, 2048, 2048, 2048, 2048, 2048, 2048, 2048]","[2048, 2048, 2048, 2048, 2048, 2048, 2048]",321.0
1287,11307,11,42,2026-06-14T14:03:57.416000+00:00,25.616,35.738,25.021,191.0,252.0,False,86.375,"[None, 2048, 2048, 2048, 2048, 2048, 2048]","[2048, 2048, 2048, 2048, 2048, 2048, 2048, 2048]","[2048, 2048, 2049, 2048, 2048, 2048, 2049]",284.0
1287,11307,63,44,2026-06-14T14:03:58.106000+00:00,23.577,32.841,24.403,258.0,262.0,False,80.821,"[None, 2048, 2048, 2048, 2048, 2048, 2048]","[2048, 2048, 2048, 2048, 2048, 2049, 2048, 2048]","[2048, 2048, 2048, 2051, 2049, 2049, 2049]",335.0
1287,11307,12,44,2026-06-14T14:03:59.594000+00:00,23.625,33.074,24.218,249.0,271.0,False,80.917,"[None, 2048, 2048, 2048, 2048, 2048, 2048]","[2048, 2048, 2048, 2048, 2048, 2048, 2049, 2048]","[2049, 2048, 2049, 2048, 2048, 2048, 2048]",335.0
1287,11307,1,44,2026-06-14T14:04:01.088000+00:00,23.673,32.782,24.351,264.0,265.0,False,80.806,"[None, 2048, 2048, 2048, 2048, 2048, 2048]","[2048, 2048, 2048, 2048, 2048, 2048, 2048, 2048]","[2048, 2048, 2049, 2048, 2048, 2048, 2048]",334.0
1287,11307,10,43,2026-06-14T14:04:04.405000+00:00,23.865,33.267,24.828,259.0,259.0,False,81.96,"[None, 2048, 2048, 2048, 2048, 2048, 2048]","[2048, 2048, 2048, 2048, 2048, 2048, 2049, 2048]","[2048, 2049, 2049, 2048, 2049, 2048, 2048]",334.0
1287,11307,43,43,2026-06-14T14:04:07.205000+00:00,23.915,33.622,24.912,256.0,263.0,False,82.449,"[None, 2048, 2048, 2048, 2048, 2048, 2048]","[2048, 2048, 2048, 2048, 2048, 2048, 2048, 2048]","[2048, 2049, 2048, 2048, 2048, 2048, 2048]",334.0
1287,11307,30,43,2026-06-14T14:04:10.457000+00:00,24.088,33.596,25.145,262.0,270.0,False,82.829,"[None, 2048, 2048, 2049, 2048, 2048, 2048]","[2049, 2048, 2048, 2048, 2048, 2048, 2048, 2048]","[2049, 2048, 2048, 2048, 2048, 2048, 2048]",332.0
1287,11307,3,44,2026-06-14T14:04:20.817000+00:00,23.479,32.693,24.519,261.0,269.0,False,80.691,"[None, 2048, 2048, 2049, 2049, 2048, 2048]","[2048, 2048, 2048, 2048, 2048, 2049, 2049, 2048]","[2048, 2048, 2048, 2048, 2048, 2048, 2048]",331.0
1287,11307,16,44,2026-06-14T14:04:22.645000+00:00,23.645,32.657,24.438,263.0,279.0,False,80.74,"[None, 2048, 2048, 2049, 2049, 2048, 2048]","[2048, 2048, 2048, 2048, 2048, 2049, 2049, 2048]","[2048, 2048, 2048, 2049, 2048, 2049, 2048]",327.0
1287,11307,55,43,2026-06-14T14:04:24.676000+00:00,24.304,33.954,25.224,257.0,269.0,False,83.482,"[None, 2048, 2048, 2048, 2049, 2048, 2049]","[2048, 2048, 2048, 2048, 2048, 2049, 2048, 2048]","[2049, 2048, 2049, 2048, 2048, 2048, 2048]",334.0
1287,11307,41,43,2026-06-14T14:04:26.506000+00:00,23.925,35.086,25.119,252.0,247.0,False,84.13,"[None, 2048, 2048, 2048, 2048, 2048, 2049]","[2048, 2048, 2048, 2048, 2048, 2048, 2048, 2048]","[2048, 2048, 2048, 2049, 2049, 2049, 2049]",336.0
1287,11307,81,44,2026-06-14T14:04:28.004000+00:00,23.606,33.075,24.522,266.0,267.0,False,81.203,"[None, 2048, 2048, 2048, 2048, 2048, 2049]","[2049, 2048, 2048, 2048, 2048, 2048, 2048, 2048]","[2048, 2048, 2049, 2049, 2048, 2048, 2048]",336.0
1287,11307,5,43,2026-06-14T14:04:30.520000+00:00,23.927,33.645,24.987,261.0,273.0,False,82.559,"[None, 2048, 2049, 2049, 2048, 2049, 2048]","[2048, 2048, 2048, 2048, 2048, 2048, 2049, 2048]","[2049, 2048, 2049, 2049, 2049, 2048, 2048]",336.0
1287,11307,87,43,2026-06-14T14:04:31.973000+00:00,23.935,33.377,25.107,258.0,264.0,False,82.419,"[None, 2048, 2048, 2048, 2049, 2049, 2049]","[2048, 2049, 2048, 2049, 2048, 2049, 2048, 2048]","[2048, 2048, 2048, 2048, 2048, 2048, 2049]",331.0
1287,11307,31,43,2026-06-14T14:04:42.176000+00:00,24.159,33.619,25.277,253.0,270.0,False,83.055,"[None, 2048, 2048, 2048, 2048, 2048, 2048]","[2048, 2048, 2048, 2048, 2048, 2049, 2048, 2048]","[2048, 2048, 2048, 2048, 2049, 2048, 2048]",
1287,11307,6,44,2026-06-14T14:04:47.411000+00:00,23.766,33.324,25.226,260.0,266.0,False,82.316,"[None, 2048, 2048, 2048, 2048, 2048, 2048]","[2048, 2048, 2048, 2048, 2048, 2048, 2049, 2048]","[2048, 2048, 2048, 2048, 2048, 2048, 2048]",332.0
1287,11307,44,45,2026-06-14T14:05:14.958000+00:00,23.648,32.201,24.28,259.0,271.0,False,80.129,"[None, 2048, 2048, 2048, 2048, 2048, 2048]","[2048, 2048, 2048, 2048, 2048, 2048, 2048, 2048]","[2048, 2048, 2048, 2048, 2048, 2048, 2048]",322.0
1287,11307,63,45,2026-06-14T14:05:19.037000+00:00,23.471,32.784,24.485,263.0,264.0,False,80.74,"[None, 2048, 2048, 2048, 2048, 2048, 2048]","[2049, 2048, 2048, 2048, 2048, 2048, 2048, 2048]","[2048, 2048, 2048, 2048, 2049, 2048, 2048]",332.0
1287,11307,12,45,2026-06-14T14:05:20.505000+00:00,23.585,32.853,24.279,263.0,269.0,False,80.717,"[None, 2048, 2048, 2048, 2048, 2048, 2048]","[2048, 2048, 2048, 2048, 2048, 2048, 2048, 2048]","[2048, 2048, 2048, 2048, 2048, 2048, 2048]",334.0
1287,11307,1,45,2026-06-14T14:05:21.959000+00:00,23.674,32.754,24.5,262.0,271.0,False,80.928,"[None, 2048, 2048, 2048, 2048, 2048, 2048]","[2048, 2048, 2048, 2048, 2048, 2048, 2048, 2048]","[2048, 2048, 2048, 2048, 2048, 2048, 2048]",336.0
1287,11307,11,43,2026-06-14T14:05:23.880000+00:00,24.125,33.531,25.164,252.0,257.0,False,82.82,"[None, 2048, 2048, 2049, 2048, 2048, 2049]","[2049, 2048, 2048, 2049, 2048, 2048, 2048, 2048]","[2048, 2048, 2048, 2048, 2048, 2048, 2048]",325.0
1287,11307,10,44,2026-06-14T14:05:26.302000+00:00,23.74,33.245,25.029,269.0,261.0,False,82.014,"[None, 2048, 2048, 2048, 2049, 2048, 2049]","[2049, 2048, 2048, 2048, 2048, 2048, 2048, 2048]","[2048, 2048, 2048, 2048, 2048, 2048, 2048]",336.0
1287,11307,43,44,2026-06-14T14:05:29.599000+00:00,23.899,33.763,24.847,254.0,269.0,False,82.509,"[None, 2048, 2048, 2048, 2048, 2049, 2048]","[2048, 2048, 2048, 2048, 2048, 2048, 2048, 2048]","[2048, 2048, 2048, 2048, 2048, 2048, 2048]",
1287,11307,30,44,2026-06-14T14:05:33.318000+00:00,24.13,33.63,25.126,261.0,266.0,False,82.886,"[None, 2048, 2048, 2048, 2048, 2048, 2048]","[2048, 2048, 2048, 2049, 2048, 2048, 2048, 2048]","[2048, 2048, 2048, 2049, 2048, 2048, 2048]",
1287,11307,3,45,2026-06-14T14:05:41.427000+00:00,23.392,32.784,24.605,,275.0,False,80.781,"[None, 2048, 2048, 2049, 2048, 2048, 2049]","[2048, 2048, 2048, 2049, 2048, 2049, 2048, 2048]","[2048, 2048, 2048, 2049, 2048, 2048, 2048]",326.0
1287,11307,16,45,2026-06-14T14:05:43.418000+00:00,23.701,32.737,24.443,262.0,285.0,False,80.881,"[None, 2048, 2048, 2048, 2049, 2049, 2048]","[2048, 2048, 2048, 2048, 2048, 2049, 2048, 2048]","[2048, 2048, 2048, 2048, 2048, 2048, 2048]",322.0
1287,11307,55,44,2026-06-14T14:05:48.117000+00:00,24.992,34.413,25.315,234.0,267.0,False,84.72,"[None, 2048, 2048, 2048, 2048, 2048, 2048]","[2048, 2048, 2048, 2048, 2048, 2048, 2048, 2048]","[2048, 2048, 2048, 2049, 2048, 2049, 2048]",332.0
1287,11307,81,45,2026-06-14T14:05:49.209000+00:00,23.636,32.813,24.49,,267.0,False,80.939,"[None, 2048, 2048, 2048, 2049, 2048, 2048]","[2048, 2048, 2049, 2048, 2048, 2048, 2048, 2048]","[2049, 2048, 2048, 2049, 2048, 2048, 2048]",337.0
1287,11307,41,44,2026-06-14T14:05:50.584000+00:00,23.804,33.649,25.212,255.0,252.0,False,82.665,"[None, 2048, 2048, 2048, 2048, 2048, 2049]","[2048, 2048, 2048, 2048, 2048, 2048, 2049, 2048]","[2048, 2048, 2048, 2049, 2048, 2048, 2049]",
1287,11307,5,44,2026-06-14T14:05:52.944000+00:00,23.942,33.75,25.123,263.0,273.0,False,82.815,"[None, 2048, 2048, 2049, 2049, 2048, 2048]","[2048, 2048, 2048, 2048, 2048, 2048, 2048, 2048]","[2049, 2048, 2048, 2048, 2048, 2048, 2048]",
1287,11307,87,44,2026-06-14T14:05:54.353000+00:00,24.0,33.563,25.27,254.0,264.0,False,82.833,"[None, 2048, 2048, 2048, 2048, 2048, 2048]","[2048, 2048, 2049, 2048, 2048, 2048, 2048, 2048]","[2048, 2048, 2048, 2049, 2048, 2048, 2048]",
1287,11307,31,44,2026-06-14T14:06:05.217000+00:00,24.269,33.901,25.487,,267.0,False,83.657,"[None, 2048, 2048, 2048, 2048, 2048, 2048]","[2048, 2048, 2048, 2048, 2048, 2048, 2048, 2048]","[2048, 2048, 2048, 2048, 2048, 2048, 2048]",
1287,11307,6,45,2026-06-14T14:06:09.689000+00:00,23.707,33.458,25.147,255.0,267.0,False,82.312,"[None, 2048, 2048, 2048, 2048, 2048, 2048]","[2048, 2048, 2048, 2048, 2048, 2048, 2048, 2048]","[2048, 2048, 2048, 2048, 2048, 2048, 2049]",
1287,11307,44,46,2026-06-14T14:06:35.065000+00:00,23.683,32.344,24.342,256.0,264.0,False,80.369,"[None, 2048, 2048, 2048, 2048, 2048, 2048]","[2048, 2048, 2048, 2048, 2048, 2048, 2048, 2048]","[2048, 2048, 2048, 2048, 2048, 2048, 2048]",
1287,11307,63,46,2026-06-14T14:06:39.601000+00:00,23.541,32.619,24.579,262.0,266.0,False,80.739,"[None, 2048, 2048, 2048, 2048, 2048, 2048]","[2048, 2048, 2048, 2048, 2048, 2049, 2048, 2048]","[2048, 2048, 2048, 2051, 2048, 2048, 2048]",330.0
1287,11307,12,46,2026-06-14T14:06:41.226000+00:00,23.536,32.859,24.309,,268.0,False,80.704,"[None, 2048, 2048, 2048, 2048, 2048, 2048]","[2049, 2048, 2048, 2048, 2048, 2048, 2048, 2048]","[2048, 2048, 2048, 2049, 2048, 2048, 2048]",336.0
1287,11307,1,46,2026-06-14T14:06:42.838000+00:00,23.5,32.761,24.569,264.0,271.0,False,80.83,"[None, 2048, 2048, 2048, 2048, 2048, 2048]","[2048, 2048, 2048, 2048, 2048, 2048, 2048, 2048]","[2048, 2048, 2048, 2048, 2048, 2048, 2048]",335.0
1287,11307,11,44,2026-06-14T14:06:46.672000+00:00,24.231,33.598,27.517,250.0,252.0,False,85.346,"[None, 2048, 2048, 2048, 2048, 2048, 2048]","[2048, 2048, 2048, 2049, 2048, 2048, 2048, 2048]","[2048, 2048, 2048, 2048, 2048, 2048, 2048]",323.0
1287,11307,10,45,2026-06-14T14:06:48.437000+00:00,23.891,33.277,25.523,268.0,261.0,False,82.691,"[None, 2048, 2048, 2048, 2048, 2048, 2048]","[2048, 2048, 2048, 2048, 2048, 2048, 2048, 2048]","[2048, 2048, 2048, 2048, 2048, 2048, 2048]",337.0
1287,11307,43,45,2026-06-14T14:06:52.125000+00:00,23.848,33.808,25.026,262.0,271.0,False,82.682,"[None, 2048, 2048, 2048, 2048, 2048, 2048]","[2048, 2048, 2048, 2048, 2048, 2048, 2048, 2048]","[2049, 2048, 2048, 2048, 2048, 2048, 2048]",335.0
1287,11307,30,45,2026-06-14T14:06:56.297000+00:00,24.047,33.475,25.169,265.0,265.0,False,82.691,"[None, 2048, 2048, 2048, 2048, 2048, 2049]","[2049, 2048, 2048, 2048, 2048, 2048, 2048, 2048]","[2048, 2048, 2048, 2049, 2048, 2048, 2048]",333.0
1287,11307,3,46,2026-06-14T14:07:02.156000+00:00,23.466,32.568,24.433,262.0,276.0,False,80.467,"[None, 2048, 2049, 2048, 2048, 2048, 2048]","[2048, 2048, 2048, 2049, 2048, 2049, 2048, 2048]","[2048, 2048, 2048, 2048, 2049, 2048, 2048]",333.0
1287,11307,16,46,2026-06-14T14:07:04.328000+00:00,23.435,32.655,24.368,267.0,281.0,False,80.458,"[None, 2048, 2049, 2049, 2049, 2049, 2048]","[2049, 2048, 2048, 2048, 2049, 2049, 2048, 2048]","[2048, 2048, 2048, 2049, 2049, 2049, 2048]",328.0
1287,11307,81,46,2026-06-14T14:07:10.094000+00:00,23.592,32.752,24.491,271.0,266.0,False,80.835,"[None, 2048, 2049, 2048, 2048, 2049, 2049]","[2049, 2048, 2049, 2048, 2048, 2048, 2048, 2048]","[2048, 2048, 2049, 2048, 2048, 2048, 2048]",332.0
1287,11307,55,45,2026-06-14T14:07:12.853000+00:00,25.192,34.304,25.472,241.0,268.0,False,84.968,"[None, 2048, 2048, 2048, 2048, 2048, 2048]","[2048, 2048, 2048, 2048, 2048, 2048, 2048, 2048]","[2048, 2048, 2048, 2048, 2048, 2048, 2048]",333.0
1287,11307,41,45,2026-06-14T14:07:13.318000+00:00,23.618,33.251,25.045,266.0,263.0,False,81.914,"[2051, 2049, 2049, 2048, 2048, 2049, 2049]","[2049, 2048, 2048, 2049, 2048, 2049, 2049, 2048]","[2048, 2048, 2048, 2049, 2049, 2048, 2048]",351.0
1287,11307,5,45,2026-06-14T14:07:15.759000+00:00,24.056,33.895,25.268,262.0,267.0,False,83.219,"[None, 2048, 2048, 2048, 2048, 2048, 2049]","[2048, 2048, 2048, 2048, 2048, 2048, 2049, 2048]","[2048, 2048, 2048, 2048, 2048, 2048, 2048]",
1287,11307,87,45,2026-06-14T14:07:17.222000+00:00,24.034,33.553,25.31,256.0,261.0,False,82.897,"[None, 2048, 2048, 2048, 2049, 2048, 2048]","[2049, 2048, 2049, 2048, 2048, 2048, 2048, 2048]","[2048, 2048, 2048, 2049, 2048, 2048, 2049]",
1287,11307,23,36,2026-06-14T14:07:24.522000+00:00,24.141,33.71,25.3,253.0,270.0,False,83.151,"[2048, 2048, 2048, 2049, 2049, 2049, 2049]","[2049, 2048, 2049, 2048, 2048, 2048, 2048, 2049]","[2049, 2048, 2048, 2048, 2048, 2048, 2048]",332.0
1287,11307,31,45,2026-06-14T14:07:28.897000+00:00,24.169,33.937,25.559,251.0,265.0,False,83.665,"[None, 2048, 2048, 2048, 2048, 2048, 2049]","[2048, 2048, 2048, 2048, 2048, 2048, 2048, 2048]","[2048, 2048, 2048, 2048, 2048, 2049, 2048]",324.0
1287,11307,6,46,2026-06-14T14:07:32.098000+00:00,23.669,33.389,25.368,267.0,272.0,False,82.426,"[None, 2048, 2048, 2048, 2048, 2048, 2049]","[2048, 2048, 2048, 2048, 2048, 2048, 2048, 2048]","[2048, 2048, 2048, 2048, 2048, 2048, 2049]",333.0
1287,11307,44,47,2026-06-14T14:07:55.469000+00:00,23.389,32.305,24.488,261.0,265.0,False,80.182,"[None, 2048, 2048, 2048, 2048, 2049, 2049]","[2048, 2048, 2048, 2048, 2048, 2048, 2048, 2048]","[2048, 2048, 2048, 2048, 2048, 2048, 2048]",323.0
1287,11307,63,47,2026-06-14T14:08:00.437000+00:00,23.624,32.635,24.674,263.0,268.0,False,80.933,"[None, 2048, 2048, 2048, 2048, 2048, 2048]","[2049, 2048, 2048, 2048, 2048, 2049, 2048, 2048]","[2048, 2048, 2048, 2048, 2048, 2048, 2048]",
1287,11307,12,47,2026-06-14T14:08:01.922000+00:00,23.545,32.976,24.346,262.0,270.0,False,80.867,"[None, 2048, 2048, 2048, 2048, 2048, 2048]","[2049, 2048, 2048, 2048, 2048, 2048, 2048, 2048]","[2048, 2048, 2048, 2049, 2049, 2048, 2048]",
1287,11307,1,47,2026-06-14T14:08:03.703000+00:00,23.589,32.809,24.55,258.0,271.0,False,80.948,"[None, 2048, 2048, 2048, 2048, 2048, 2048]","[2048, 2048, 2048, 2048, 2048, 2048, 2048, 2048]","[2048, 2048, 2048, 2048, 2048, 2048, 2048]",
1287,11307,10,46,2026-06-14T14:08:11.047000+00:00,23.926,33.455,25.181,267.0,266.0,False,82.562,"[None, 2048, 2048, 2048, 2048, 2048, 2048]","[2048, 2048, 2048, 2048, 2048, 2048, 2048, 2048]","[2048, 2048, 2048, 2048, 2048, 2048, 2048]",333.0
1287,11307,11,45,2026-06-14T14:08:12.109000+00:00,24.108,33.998,25.336,249.0,255.0,False,83.442,"[None, 2048, 2049, 2048, 2048, 2048, 2049]","[2048, 2048, 2048, 2048, 2048, 2048, 2048, 2048]","[2048, 2048, 2048, 2048, 2048, 2048, 2048]",341.0
1287,11307,43,46,2026-06-14T14:08:14.875000+00:00,23.944,33.977,25.192,263.0,266.0,False,83.113,"[None, 2048, 2048, 2048, 2048, 2048, 2048]","[2048, 2048, 2048, 2048, 2048, 2048, 2048, 2048]","[2048, 2048, 2048, 2048, 2048, 2048, 2048]",
1287,11307,30,46,2026-06-14T14:08:18.859000+00:00,24.009,33.587,25.112,260.0,269.0,False,82.708,"[None, 2048, 2049, 2048, 2048, 2048, 2048]","[2048, 2048, 2048, 2048, 2048, 2048, 2048, 2048]","[2048, 2048, 2048, 2049, 2048, 2048, 2048]",
1287,11307,3,47,2026-06-14T14:08:22.703000+00:00,23.363,32.733,24.754,261.0,278.0,False,80.85,"[None, 2048, 2048, 2048, 2048, 2049, 2049]","[2048, 2048, 2048, 2048, 2048, 2048, 2049, 2049]","[2048, 2048, 2048, 2048, 2048, 2048, 2048]",334.0
1287,11307,16,47,2026-06-14T14:08:24.766000+00:00,23.407,32.526,24.446,268.0,280.0,False,80.379,"[None, 2048, 2048, 2048, 2049, 2049, 2049]","[2048, 2048, 2048, 2048, 2048, 2049, 2048, 2048]","[2048, 2048, 2049, 2049, 2048, 2048, 2048]",
1287,11307,81,47,2026-06-14T14:08:31+00:00,23.616,32.883,24.495,267.0,265.0,False,80.994,"[None, 2048, 2048, 2048, 2048, 2049, 2048]","[2048, 2048, 2048, 2048, 2048, 2048, 2048, 2048]","[2048, 2048, 2049, 2048, 2048, 2048, 2048]",
1287,11307,41,46,2026-06-14T14:08:35.178000+00:00,23.8,33.384,25.115,260.0,256.0,False,82.299,"[2048, 2048, 2048, 2048, 2049, 2049, 2048]","[2048, 2048, 2048, 2048, 2048, 2048, 2048, 2048]","[2048, 2048, 2048, 2048, 2048, 2048, 2048]",333.0
1287,11307,55,46,2026-06-14T14:08:37.826000+00:00,24.368,34.186,25.402,257.0,263.0,False,83.956,"[None, 2048, 2048, 2048, 2048, 2048, 2049]","[2048, 2048, 2048, 2048, 2048, 2048, 2048, 2048]","[2048, 2048, 2048, 2048, 2048, 2048, 2048]",334.0
1287,11307,5,46,2026-06-14T14:08:38.982000+00:00,24.09,33.968,25.559,261.0,263.0,False,83.617,"[None, 2048, 2048, 2048, 2048, 2048, 2048]","[2048, 2048, 2048, 2048, 2048, 2048, 2048, 2048]","[2048, 2048, 2048, 2048, 2048, 2048, 2048]",339.0
1287,11307,87,46,2026-06-14T14:08:40.107000+00:00,24.04,33.795,25.406,257.0,266.0,False,83.241,"[None, 2048, 2048, 2048, 2048, 2048, 2048]","[2048, 2048, 2048, 2048, 2048, 2048, 2048, 2048]","[2048, 2048, 2048, 2048, 2048, 2048, 2048]",333.0
1287,11307,23,37,2026-06-14T14:08:47.795000+00:00,24.25,33.779,25.166,,269.0,False,83.195,"[None, 2048, 2048, 2048, 2048, 2048, 2048]","[2048, 2048, 2048, 2048, 2048, 2048, 2048, 2049]","[2049, 2049, 2049, 2049, 2048, 2048, 2048]",
1287,11307,31,46,2026-06-14T14:08:52.623000+00:00,24.212,35.079,26.059,253.0,189.0,False,85.35,"[None, 2048, 2048, 2048, 2048, 2048, 2048]","[2048, 2048, 2048, 2048, 2048, 2048, 2048, 2048]","[2048, 2048, 2048, 2048, 2048, 2048, 2048]",
1287,11307,6,47,2026-06-14T14:08:54.561000+00:00,23.644,33.569,25.331,264.0,272.0,False,82.544,"[None, 2048, 2048, 2048, 2048, 2048, 2048]","[2048, 2048, 2048, 2048, 2048, 2048, 2048, 2048]","[2048, 2048, 2048, 2048, 2048, 2048, 2048]",335.0
1287,11307,44,48,2026-06-14T14:09:15.687000+00:00,23.385,32.433,24.495,263.0,266.0,False,80.313,"[None, 2048, 2048, 2048, 2048, 2048, 2049]","[2048, 2048, 2048, 2048, 2048, 2048, 2048, 2048]","[2048, 2048, 2048, 2048, 2048, 2048, 2048]",
1287,11307,63,48,2026-06-14T14:09:21.347000+00:00,23.505,33.105,24.657,261.0,255.0,False,81.267,"[None, 2048, 2048, 2048, 2048, 2048, 2048]","[2048, 2048, 2048, 2048, 2048, 2048, 2048, 2048]","[2048, 2048, 2048, 2051, 2051, 2048, 2048]",332.0
1287,11307,12,48,2026-06-14T14:09:22.753000+00:00,23.658,33.217,24.453,264.0,269.0,False,81.328,"[None, 2048, 2048, 2048, 2048, 2048, 2048]","[2048, 2048, 2048, 2048, 2048, 2048, 2048, 2048]","[2048, 2048, 2048, 2048, 2048, 2048, 2048]",335.0
1287,11307,1,48,2026-06-14T14:09:24.691000+00:00,23.621,33.007,24.572,,272.0,False,81.2,"[None, 2048, 2048, 2048, 2048, 2048, 2048]","[2048, 2048, 2048, 2048, 2048, 2048, 2048, 2048]","[2048, 2048, 2048, 2048, 2048, 2048, 2048]",334.0
1287,11307,10,47,2026-06-14T14:09:33.673000+00:00,24.04,33.739,25.337,264.0,262.0,False,83.116,"[None, 2048, 2048, 2048, 2048, 2048, 2048]","[2048, 2048, 2048, 2048, 2048, 2048, 2048, 2048]","[2048, 2048, 2048, 2048, 2048, 2048, 2048]",332.0
1287,11307,11,46,2026-06-14T14:09:35.501000+00:00,24.472,33.973,25.354,246.0,265.0,False,83.799,"[None, 2048, 2048, 2048, 2048, 2048, 2048]","[2048, 2048, 2048, 2048, 2048, 2048, 2048, 2048]","[2048, 2048, 2048, 2048, 2048, 2048, 2048]",324.0
1287,11307,43,47,2026-06-14T14:09:37.970000+00:00,24.013,33.959,25.349,256.0,265.0,False,83.321,"[None, 2048, 2048, 2048, 2048, 2048, 2048]","[2048, 2048, 2048, 2048, 2048, 2048, 2048, 2048]","[2048, 2048, 2048, 2048, 2049, 2048, 2048]",
1287,11307,30,47,2026-06-14T14:09:41.579000+00:00,23.908,34.645,26.864,263.0,195.0,False,85.417,"[None, 2048, 2048, 2048, 2049, 2048, 2048]","[2048, 2048, 2048, 2048, 2048, 2048, 2048, 2048]","[2048, 2048, 2048, 2048, 2048, 2048, 2049]",
1287,11307,3,48,2026-06-14T14:09:43.517000+00:00,23.501,33.085,24.392,,280.0,False,80.978,"[None, 2048, 2049, 2048, 2048, 2048, 2048]","[2048, 2048, 2048, 2048, 2048, 2048, 2049, 2049]","[2048, 2048, 2048, 2049, 2051, 2048, 2048]",336.0
1287,11307,16,48,2026-06-14T14:09:45.126000+00:00,23.452,32.853,24.712,264.0,277.0,False,81.017,"[None, 2048, 2048, 2048, 2048, 2049, 2048]","[2048, 2048, 2048, 2048, 2048, 2048, 2048, 2048]","[2048, 2048, 2048, 2049, 2048, 2048, 2048]",329.0
1287,11307,81,48,2026-06-14T14:09:52.001000+00:00,23.664,32.949,24.686,,270.0,False,81.299,"[None, 2048, 2048, 2048, 2049, 2048, 2048]","[2048, 2048, 2048, 2048, 2048, 2048, 2048, 2048]","[2048, 2048, 2048, 2048, 2048, 2048, 2048]",
1287,11307,41,47,2026-06-14T14:09:57.579000+00:00,23.907,33.487,25.134,,255.0,False,82.528,"[None, 2048, 2048, 2048, 2048, 2048, 2048]","[2048, 2048, 2048, 2048, 2048, 2048, 2048, 2048]","[2048, 2048, 2048, 2048, 2048, 2048, 2048]",332.0
1287,11307,55,47,2026-06-14T14:10:01.735000+00:00,24.353,34.011,25.339,260.0,272.0,False,83.703,"[None, 2048, 2048, 2048, 2048, 2048, 2049]","[2048, 2048, 2048, 2049, 2048, 2048, 2048, 2048]","[2048, 2048, 2048, 2048, 2048, 2048, 2048]",332.0
1287,11307,5,47,2026-06-14T14:10:02.689000+00:00,24.128,34.034,26.028,259.0,264.0,False,84.19,"[None, 2048, 2048, 2048, 2048, 2048, 2048]","[2048, 2048, 2048, 2048, 2048, 2048, 2048, 2048]","[2048, 2048, 2048, 2048, 2048, 2048, 2048]",350.0
1287,11307,87,47,2026-06-14T14:10:03.345000+00:00,24.05,34.228,25.551,245.0,258.0,False,83.829,"[2049, 2048, 2048, 2048, 2048, 2048, 2048]","[2048, 2048, 2048, 2048, 2048, 2048, 2048, 2048]","[2048, 2048, 2048, 2048, 2048, 2048, 2049]",349.0
1287,11307,23,38,2026-06-14T14:10:10.876000+00:00,24.346,33.727,25.121,242.0,264.0,False,83.194,"[None, 2048, 2048, 2048, 2048, 2048, 2048]","[2048, 2048, 2048, 2049, 2049, 2049, 2048, 2048]","[2048, 2048, 2048, 2049, 2048, 2048, 2048]",331.0
1287,11307,6,48,2026-06-14T14:10:17.017000+00:00,23.693,33.18,25.129,268.0,272.0,False,82.002,"[None, 2048, 2048, 2048, 2048, 2048, 2049]","[2048, 2048, 2048, 2049, 2048, 2048, 2048, 2048]","[2048, 2048, 2048, 2048, 2048, 2048, 2048]",332.0
1287,11307,31,47,2026-06-14T14:10:18.003000+00:00,24.184,33.974,25.763,252.0,265.0,False,83.921,"[None, 2048, 2048, 2048, 2048, 2048, 2048]","[2048, 2048, 2048, 2048, 2048, 2048, 2048, 2049]","[2048, 2048, 2048, 2048, 2048, 2048]",343.0
1287,11307,44,49,2026-06-14T14:10:35.944000+00:00,23.548,32.817,24.515,266.0,267.0,False,80.88,"[None, 2048, 2048, 2048, 2048, 2048, 2049]","[2048, 2048, 2048, 2048, 2048, 2048, 2048, 2048]","[2048, 2048, 2048, 2048, 2048, 2048, 2048]",
1287,11307,63,49,2026-06-14T14:10:42.663000+00:00,23.62,32.902,24.8,264.0,259.0,False,81.322,"[None, 2048, 2048, 2048, 2048, 2048, 2048]","[2048, 2048, 2048, 2048, 2048, 2049, 2048, 2048]","[2048, 2048, 2048, 2048, 2048, 2048, 2048]",330.0
1287,11307,12,49,2026-06-14T14:10:44.085000+00:00,23.67,33.1,24.459,265.0,273.0,False,81.229,"[None, 2048, 2048, 2048, 2048, 2048, 2048]","[2048, 2048, 2048, 2048, 2048, 2048, 2048, 2048]","[2048, 2048, 2048, 2048, 2048, 2048, 2048]",336.0
1287,11307,1,49,2026-06-14T14:10:45.820000+00:00,23.694,32.89,24.678,262.0,278.0,False,81.262,"[None, 2048, 2048, 2048, 2048, 2048, 2048]","[2048, 2048, 2048, 2048, 2048, 2048, 2048, 2048]","[2048, 2048, 2048, 2048, 2048, 2048, 2048]",333.0
1287,11307,10,48,2026-06-14T14:10:56.627000+00:00,24.073,33.449,25.268,265.0,264.0,False,82.79,"[None, 2048, 2048, 2048, 2048, 2048, 2048]","[2048, 2048, 2048, 2048, 2048, 2049, 2048, 2048]","[2048, 2048, 2048, 2048, 2048, 2048, 2048]",
1287,11307,11,47,2026-06-14T14:10:59.286000+00:00,24.312,33.936,25.548,256.0,263.0,False,83.796,"[None, 2048, 2048, 2048, 2048, 2048, 2049]","[2048, 2048, 2048, 2048, 2048, 2048, 2048, 2048]","[2048, 2048, 2048, 2048, 2048, 2048, 2048]",
1287,11307,43,48,2026-06-14T14:11:01.148000+00:00,24.2,33.932,25.672,253.0,269.0,False,83.804,"[None, 2048, 2048, 2048, 2048, 2048, 2048]","[2048, 2048, 2048, 2048, 2048, 2048, 2048, 2049]","[2048, 2048, 2048, 2048, 2048, 2048, 2048]",334.0
1287,11307,3,49,2026-06-14T14:11:04.545000+00:00,23.428,32.938,24.738,269.0,281.0,False,81.104,"[None, 2048, 2049, 2048, 2048, 2049, 2049]","[2048, 2048, 2048, 2048, 2048, 2049, 2048, 2048]","[2048, 2048, 2048, 2048, 2048, 2048, 2048]",335.0
1287,11307,16,49,2026-06-14T14:11:06.125000+00:00,23.595,32.695,24.594,262.0,284.0,False,80.884,"[None, 2048, 2048, 2048, 2048, 2048, 2048]","[2048, 2048, 2048, 2048, 2048, 2048, 2048, 2049]","[2048, 2048, 2049, 2048, 2048, 2048, 2048]",
1287,11307,30,48,2026-06-14T14:11:07.004000+00:00,24.002,33.832,25.332,253.0,273.0,False,83.166,"[2049, 2049, 2048, 2048, 2048, 2048, 2048]","[2048, 2048, 2048, 2049, 2048, 2048, 2048, 2048]","[2048, 2048, 2048, 2048, 2048, 2048, 2048]",342.0
1287,11307,81,49,2026-06-14T14:11:13.276000+00:00,23.621,32.879,24.647,266.0,267.0,False,81.147,"[None, 2048, 2049, 2048, 2048, 2048, 2048]","[2048, 2048, 2048, 2048, 2048, 2048, 2048, 2048]","[2048, 2048, 2048, 2048, 2048, 2048, 2048]",333.0
1287,11307,41,48,2026-06-14T14:11:20.010000+00:00,23.872,33.416,25.153,261.0,262.0,False,82.441,"[None, 2048, 2048, 2048, 2048, 2048, 2048]","[2048, 2048, 2048, 2048, 2048, 2048, 2048, 2048]","[2048, 2048, 2048, 2048, 2048, 2048, 2048]",
1287,11307,55,48,2026-06-14T14:11:25.495000+00:00,24.344,34.022,25.364,254.0,266.0,False,83.73,"[None, 2048, 2048, 2048, 2048, 2049, 2048]","[2048, 2048, 2048, 2048, 2048, 2048, 2048, 2048]","[2048, 2048, 2048, 2048, 2048, 2048, 2048]",
1287,11307,5,48,2026-06-14T14:11:26.901000+00:00,25.074,34.531,25.917,254.0,246.0,False,85.522,"[None, 2048, 2048, 2048, 2048, 2048, 2048]","[2048, 2048, 2048, 2048, 2048, 2048, 2048, 2048]","[2048, 2048, 2048, 2048, 2048, 2048, 2048]",336.0
1287,11307,87,48,2026-06-14T14:11:27.057000+00:00,24.293,34.209,25.69,250.0,255.0,False,84.192,"[None, 2048, 2048, 2048, 2048, 2048, 2048]","[2048, 2048, 2048, 2048, 2048, 2048, 2048, 2048]","[2048, 2048, 2048, 2048, 2048, 2048, 2048]",343.0
1287,11307,23,39,2026-06-14T14:11:34.120000+00:00,24.29,33.76,25.237,252.0,271.0,False,83.287,"[None, 2048, 2048, 2048, 2048, 2048, 2048]","[2048, 2048, 2049, 2048, 2048, 2048, 2048, 2048]","[2048, 2048, 2048, 2048, 2048, 2048, 2048]",333.0
1287,11307,6,49,2026-06-14T14:11:38.999000+00:00,23.775,33.448,25.254,261.0,271.0,False,82.477,"[None, 2048, 2048, 2048, 2048, 2048, 2048]","[2048, 2048, 2048, 2048, 2048, 2048, 2048, 2048]","[2048, 2048, 2048, 2048, 2048, 2048, 2048]",333.0
1287,11307,31,48,2026-06-14T14:11:41.814000+00:00,24.192,34.063,25.668,249.0,272.0,False,83.923,"[None, 2048, 2048, 2048, 2049, 2048, 2049]","[2048, 2048, 2048, 2048, 2048, 2048, 2048, 2049]","[2048, 2048, 2048, 2048, 2049, 2048, 2048]",326.0
1287,11307,44,50,2026-06-14T14:11:56.861000+00:00,23.507,32.339,24.447,267.0,266.0,False,80.293,"[None, 2048, 2048, 2048, 2048, 2048, 2049]","[2048, 2048, 2048, 2048, 2048, 2048, 2048, 2048]","[2048, 2048, 2048, 2048, 2048, 2048, 2048]",325.0
1287,11307,63,50,2026-06-14T14:12:03.971000+00:00,23.7,32.987,24.835,263.0,263.0,False,81.522,"[None, 2048, 2048, 2048, 2048, 2048, 2048]","[2048, 2048, 2048, 2048, 2048, 2048, 2048, 2048]","[2048, 2048, 2048, 2048, 2048, 2048, 2048]",
1287,11307,12,50,2026-06-14T14:12:05.408000+00:00,23.719,33.108,24.534,,275.0,False,81.361,"[None, 2048, 2048, 2048, 2048, 2048, 2048]","[2048, 2048, 2048, 2048, 2048, 2048, 2048, 2048]","[2048, 2048, 2048, 2048, 2048, 2048, 2048]",
1287,11307,1,50,2026-06-14T14:12:07.143000+00:00,23.594,32.842,24.526,266.0,277.0,False,80.962,"[None, 2048, 2048, 2048, 2048, 2048, 2048]","[2048, 2048, 2048, 2048, 2048, 2048, 2048, 2048]","[2048, 2048, 2048, 2048, 2048, 2048, 2048]",336.0
1287,11307,10,49,2026-06-14T14:12:19.533000+00:00,23.957,33.738,25.297,266.0,251.0,False,82.992,"[None, 2048, 2048, 2048, 2048, 2048, 2048]","[2048, 2048, 2048, 2048, 2048, 2048, 2048, 2048]","[2048, 2048, 2048, 2048, 2048, 2048, 2048]",
1287,11307,11,48,2026-06-14T14:12:23.047000+00:00,24.531,34.989,26.22,248.0,212.0,False,85.74,"[None, 2048, 2048, 2048, 2048, 2048, 2048]","[2048, 2048, 2048, 2048, 2048, 2048, 2048, 2048]","[2048, 2048, 2048, 2048, 2048, 2048, 2048]",322.0
1287,11307,43,49,2026-06-14T14:12:25.055000+00:00,25.961,34.872,25.294,218.0,256.0,False,86.127,"[None, 2048, 2048, 2048, 2048, 2048, 2048]","[2048, 2048, 2048, 2048, 2048, 2048, 2048, 2048]","[2048, 2048, 2048, 2048, 2048, 2048, 2048]",301.0
1287,11307,3,50,2026-06-14T14:12:25.711000+00:00,23.533,33.397,24.863,268.0,259.0,False,81.793,"[None, 2048, 2048, 2048, 2048, 2048, 2048]","[2048, 2048, 2048, 2048, 2048, 2048, 2048, 2048]","[2048, 2048, 2048, 2048, 2048, 2048, 2048]",333.0
1287,11307,16,50,2026-06-14T14:12:27.055000+00:00,23.915,33.584,24.877,248.0,275.0,False,82.376,"[None, 2048, 2048, 2048, 2048, 2048, 2048]","[2048, 2048, 2048, 2048, 2048, 2048, 2048, 2048]","[2048, 2048, 2048, 2048, 2048, 2048, 2048]",328.0
1287,11307,30,49,2026-06-14T14:12:30.258000+00:00,24.07,34.154,25.204,259.0,263.0,False,83.428,"[2048, 2048, 2048, 2048, 2048, 2048, 2048]","[2048, 2048, 2048, 2048, 2048, 2048, 2048, 2048]","[2048, 2048, 2048, 2048, 2048, 2048, 2048]",333.0
1287,11307,81,50,2026-06-14T14:12:34.336000+00:00,23.735,34.139,24.975,268.0,255.0,False,82.849,"[None, 2048, 2049, 2048, 2048, 2048, 2048]","[2048, 2048, 2048, 2048, 2048, 2048, 2048, 2048]","[2048, 2048, 2048, 2048, 2048, 2048, 2048]",332.0
1287,11307,41,49,2026-06-14T14:12:42.477000+00:00,23.948,33.745,25.31,262.0,263.0,False,83.003,"[None, 2048, 2048, 2048, 2048, 2048, 2048]","[2048, 2048, 2048, 2048, 2048, 2048, 2048, 2048]","[2048, 2048, 2048, 2048, 2048, 2048, 2048]",331.0
1287,11307,55,49,2026-06-14T14:12:49.258000+00:00,24.518,34.247,25.453,257.0,268.0,False,84.218,"[None, 2048, 2048, 2048, 2048, 2048, 2048]","[2048, 2048, 2048, 2048, 2048, 2048, 2048, 2048]","[2048, 2048, 2048, 2048, 2048, 2048, 2048]",331.0
1287,11307,87,49,2026-06-14T14:12:51.258000+00:00,24.512,33.898,25.516,254.0,267.0,False,83.926,"[2048, 2048, 2048, 2048, 2048, 2048, 2048]","[2048, 2048, 2048, 2048, 2048, 2048, 2048, 2048]","[2048, 2048, 2048, 2048, 2048, 2048, 2048]",328.0
1287,11307,5,49,2026-06-14T14:12:52.337000+00:00,24.443,34.482,25.661,,262.0,False,84.586,"[None, 2048, 2048, 2048, 2048, 2048, 2048]","[2048, 2048, 2048, 2048, 2048, 2048, 2048, 2048]","[2048, 2048, 2048, 2048, 2048, 2048, 2048]",338.0
1287,11307,23,40,2026-06-14T14:12:57.463000+00:00,24.42,33.828,25.325,255.0,270.0,False,83.573,"[None, 2048, 2048, 2048, 2048, 2048, 2048]","[2048, 2048, 2048, 2048, 2048, 2048, 2048, 2048]","[2048, 2048, 2048, 2048, 2048, 2048, 2048]",332.0
1287,11307,6,50,2026-06-14T14:13:01.520000+00:00,23.78,33.385,25.189,268.0,276.0,False,82.354,"[None, 2048, 2048, 2048, 2048, 2048, 2048]","[2048, 2048, 2048, 2048, 2048, 2048, 2048, 2048]","[2048, 2048, 2048, 2048, 2048, 2048, 2048]",
1287,11307,31,49,2026-06-14T14:13:05.764000+00:00,24.24,34.02,25.559,255.0,268.0,False,83.819,"[None, 2048, 2048, 2048, 2048, 2048, 2049]","[2048, 2048, 2048, 2048, 2048, 2048, 2048, 2048]","[2048, 2048, 2048, 2048, 2048, 2048, 2048]",324.0
1287,11307,44,51,2026-06-14T14:13:17.185000+00:00,23.619,32.787,24.581,258.0,263.0,False,80.987,"[None, 2048, 2048, 2048, 2048, 2048, 2048]","[2048, 2048, 2048, 2048, 2048, 2048, 2048, 2048]","[2048, 2048, 2048, 2048, 2048, 2048, 2048]",323.0
1287,11307,63,51,2026-06-14T14:13:25.458000+00:00,23.744,33.119,24.765,257.0,258.0,False,81.628,"[None, 2048, 2048, 2048, 2048, 2048, 2048]","[2048, 2048, 2048, 2048, 2048, 2048, 2048, 2048]","[2048, 2048, 2048, 2051, 2048, 2048, 2048]",329.0
1287,11307,12,51,2026-06-14T14:13:26.721000+00:00,23.747,33.062,24.549,267.0,267.0,False,81.358,"[None, 2048, 2048, 2048, 2048, 2048, 2048]","[2048, 2048, 2048, 2048, 2048, 2048, 2048, 2048]","[2048, 2048, 2048, 2048, 2048, 2048, 2048]",
1287,11307,1,51,2026-06-14T14:13:28.093000+00:00,23.659,33.065,24.529,,276.0,False,81.253,"[None, 2048, 2048, 2048, 2048, 2048, 2048]","[2048, 2048, 2048, 2048, 2048, 2048, 2048, 2048]","[2048, 2048, 2048, 2048, 2048, 2048, 2048]",
1287,11307,10,50,2026-06-14T14:13:42.520000+00:00,24.249,33.561,25.302,256.0,261.0,False,83.112,"[None, 2048, 2048, 2048, 2048, 2048, 2048]","[2048, 2048, 2048, 2048, 2048, 2048, 2048, 2048]","[2048, 2048, 2048, 2048, 2048, 2048, 2048]",
1287,11307,3,51,2026-06-14T14:13:47.445000+00:00,23.51,33.075,24.699,272.0,280.0,False,81.284,"[None, 2048, 2048, 2048, 2048, 2048, 2048]","[2048, 2048, 2048, 2048, 2048, 2048, 2048, 2048]","[2048, 2048, 2048, 2048, 2048, 2048, 2048]",332.0
1287,11307,11,49,2026-06-14T14:13:48.770000+00:00,25.476,35.489,26.276,243.0,208.0,False,87.241,"[None, 2048, 2048, 2048, 2048, 2048, 2048]","[2048, 2048, 2048, 2048, 2048, 2048, 2048, 2048]","[2048, 2048, 2048, 2048, 2048, 2048, 2048]",298.0
1287,11307,16,51,2026-06-14T14:13:49.326000+00:00,23.95,33.026,24.705,262.0,278.0,False,81.681,"[None, 2048, 2048, 2048, 2048, 2048, 2048]","[2048, 2048, 2048, 2049, 2048, 2048, 2048, 2048]","[2048, 2048, 2048, 2049, 2048, 2048, 2048]",332.0
1287,11307,43,50,2026-06-14T14:13:51.090000+00:00,24.26,34.217,25.26,245.0,256.0,False,83.737,"[None, 2048, 2048, 2048, 2048, 2048, 2048]","[2048, 2048, 2048, 2048, 2048, 2048, 2048, 2048]","[2048, 2048, 2048, 2049, 2048, 2048, 2048]",337.0
1287,11307,30,50,2026-06-14T14:13:53.590000+00:00,24.087,33.942,25.426,,268.0,False,83.455,"[None, 2048, 2048, 2048, 2048, 2048, 2048]","[2048, 2048, 2048, 2048, 2048, 2048, 2048, 2048]","[2048, 2048, 2048, 2048, 2048, 2048, 2048]",
1287,11307,81,51,2026-06-14T14:13:57.246000+00:00,23.804,33.187,24.913,267.0,269.0,False,81.904,"[None, 2048, 2048, 2048, 2048, 2048, 2048]","[2048, 2048, 2048, 2048, 2048, 2048, 2048, 2048]","[2048, 2048, 2048, 2048, 2048, 2048, 2048]",
1287,11307,41,50,2026-06-14T14:14:05.480000+00:00,24.13,33.653,25.285,,265.0,False,83.068,"[None, 2048, 2048, 2048, 2048, 2048, 2048]","[2048, 2048, 2048, 2048, 2048, 2048, 2048, 2048]","[2048, 2048, 2048, 2048, 2048, 2049, 2048]",330.0
1287,11307,55,50,2026-06-14T14:14:13.492000+00:00,24.531,34.202,25.485,,267.0,False,84.218,"[None, 2048, 2048, 2048, 2048, 2048, 2048]","[2048, 2048, 2048, 2048, 2048, 2048, 2048, 2048]","[2048, 2048, 2048, 2048, 2048, 2048, 2048]",330.0
1287,11307,87,50,2026-06-14T14:14:15.285000+00:00,24.474,33.981,25.739,258.0,253.0,False,84.194,"[None, 2048, 2048, 2048, 2048, 2048, 2048]","[2048, 2048, 2048, 2049, 2048, 2048, 2048, 2048]","[2048, 2048, 2048, 2048, 2048, 2048, 2048]",329.0
1287,11307,5,50,2026-06-14T14:14:16.898000+00:00,24.41,34.096,25.651,267.0,271.0,False,84.157,"[None, 2048, 2048, 2048, 2048, 2048, 2049]","[2048, 2048, 2048, 2048, 2048, 2048, 2048, 2048]","[2048, 2048, 2048, 2048, 2048, 2048, 2048]",336.0
1287,11307,23,41,2026-06-14T14:14:20.982000+00:00,24.293,33.848,25.269,256.0,269.0,False,83.41,"[None, 2048, 2049, 2048, 2048, 2048, 2048]","[2048, 2048, 2048, 2049, 2048, 2048, 2048, 2048]","[2048, 2048, 2048, 2049, 2049, 2048, 2048]",333.0
1287,11307,6,51,2026-06-14T14:14:23.848000+00:00,23.851,33.371,25.43,260.0,269.0,False,82.652,"[None, 2048, 2048, 2048, 2048, 2048, 2048]","[2048, 2048, 2048, 2049, 2048, 2048, 2048, 2048]","[2048, 2048, 2048, 2048, 2048, 2048, 2048]",334.0
1287,11307,31,50,2026-06-14T14:14:29.691000+00:00,24.448,34.306,25.688,253.0,270.0,False,84.442,"[None, 2048, 2048, 2048, 2048, 2048, 2048]","[2048, 2048, 2048, 2048, 2048, 2048, 2048, 2048]","[2048, 2048, 2048, 2048, 2048, 2048, 2048]",323.0
1287,11307,44,52,2026-06-14T14:14:38.156000+00:00,23.616,32.474,24.681,266.0,272.0,False,80.771,"[None, 2048, 2048, 2048, 2048, 2048, 2049]","[2048, 2048, 2048, 2048, 2048, 2048, 2048, 2048]","[2048, 2048, 2048, 2048, 2048, 2048, 2048]",324.0
1287,11307,63,52,2026-06-14T14:14:47.093000+00:00,23.561,33.249,24.842,264.0,255.0,False,81.652,"[None, 2048, 2048, 2048, 2051, 2048, 2048]","[2048, 2048, 2048, 2048, 2048, 2048, 2048, 2048]","[2048, 2048, 2048, 2048, 2048, 2048, 2048]",
1287,11307,12,52,2026-06-14T14:14:48.047000+00:00,23.548,33.294,24.608,261.0,262.0,False,81.45,"[None, 2048, 2049, 2048, 2048, 2048, 2048]","[2048, 2048, 2048, 2048, 2048, 2048, 2048, 2048]","[2048, 2048, 2048, 2048, 2048, 2048, 2049]",348.0
1287,11307,1,52,2026-06-14T14:14:49.297000+00:00,23.631,33.095,24.88,258.0,271.0,False,81.606,"[None, 2048, 2048, 2048, 2048, 2048, 2048]","[2048, 2048, 2048, 2048, 2048, 2048, 2048, 2048]","[2048, 2048, 2048, 2048, 2048, 2048, 2048]",
1287,11307,10,51,2026-06-14T14:15:05.635000+00:00,24.157,33.735,25.3,265.0,254.0,False,83.192,"[None, 2048, 2048, 2048, 2048, 2048, 2048]","[2048, 2048, 2048, 2048, 2048, 2048, 2048, 2048]","[2048, 2048, 2048, 2048, 2048, 2048, 2048]",
1287,11307,3,52,2026-06-14T14:15:08.701000+00:00,23.585,33.132,24.757,268.0,283.0,False,81.474,"[None, 2048, 2048, 2048, 2048, 2048, 2048]","[2048, 2048, 2048, 2048, 2048, 2048, 2048, 2048]","[2048, 2048, 2048, 2048, 2048, 2048, 2048]",333.0
1287,11307,16,52,2026-06-14T14:15:11.092000+00:00,23.892,33.174,25.088,263.0,273.0,False,82.154,"[None, 2048, 2048, 2048, 2048, 2048, 2048]","[2048, 2048, 2048, 2048, 2048, 2048, 2048, 2048]","[2048, 2048, 2048, 2048, 2048, 2048, 2048]",326.0
1287,11307,43,51,2026-06-14T14:15:14.849000+00:00,24.167,34.105,25.263,257.0,261.0,False,83.535,"[None, 2048, 2048, 2048, 2048, 2048, 2048]","[2048, 2048, 2048, 2048, 2048, 2048, 2048, 2048]","[2048, 2048, 2048, 2048, 2048, 2048, 2048]",334.0
1287,11307,11,50,2026-06-14T14:15:15.990000+00:00,24.492,37.302,26.289,246.0,247.0,False,88.083,"[None, 2048, 2048, 2048, 2048, 2048, 2048]","[2048, 2048, 2048, 2048, 2048, 2048, 2048, 2048]","[2048, 2048, 2048, 2048, 2048, 2048, 2048]",341.0
1287,11307,30,51,2026-06-14T14:15:17.084000+00:00,24.192,34.141,26.9,247.0,263.0,False,85.233,"[None, 2048, 2048, 2048, 2048, 2048, 2048]","[2048, 2048, 2048, 2048, 2048, 2048, 2048, 2048]","[2048, 2048, 2048, 2048, 2048, 2048, 2048]",337.0
1287,11307,81,52,2026-06-14T14:15:19.084000+00:00,23.831,33.5,25.035,257.0,262.0,False,82.366,"[None, 2048, 2048, 2048, 2048, 2048, 2048]","[2048, 2048, 2048, 2048, 2048, 2048, 2048, 2049]","[2048, 2048, 2048, 2048, 2048, 2048, 2048]",335.0
1287,11307,41,51,2026-06-14T14:15:28.631000+00:00,24.039,33.705,25.368,260.0,268.0,False,83.112,"[None, 2048, 2048, 2048, 2048, 2048, 2048]","[2048, 2048, 2048, 2048, 2048, 2048, 2048, 2048]","[2048, 2048, 2048, 2048, 2048, 2048, 2048]",331.0
1287,11307,55,51,2026-06-14T14:15:37.692000+00:00,24.505,34.121,25.452,260.0,272.0,False,84.078,"[None, 2048, 2048, 2048, 2048, 2048, 2048]","[2048, 2048, 2048, 2048, 2048, 2048, 2048, 2048]","[2048, 2048, 2048, 2048, 2048, 2048, 2048]",
1287,11307,87,51,2026-06-14T14:15:39.403000+00:00,24.454,33.947,25.55,257.0,269.0,False,83.951,"[None, 2048, 2048, 2048, 2048, 2048, 2048]","[2048, 2048, 2048, 2048, 2048, 2048, 2048, 2048]","[2048, 2048, 2048, 2048, 2048, 2048, 2048]",327.0
1287,11307,5,51,2026-06-14T14:15:41.162000+00:00,24.259,34.15,25.569,266.0,271.0,False,83.978,"[None, 2048, 2048, 2048, 2048, 2048, 2048]","[2048, 2048, 2048, 2048, 2048, 2048, 2048, 2048]","[2048, 2048, 2048, 2048, 2048, 2048, 2048]",335.0
1287,11307,23,42,2026-06-14T14:15:44.492000+00:00,24.567,33.8,25.235,,270.0,False,83.602,"[None, 2048, 2048, 2048, 2048, 2048, 2048]","[2048, 2048, 2048, 2048, 2048, 2049, 2048, 2048]","[2048, 2048, 2048, 2049, 2049, 2048, 2048]",332.0
1287,11307,6,52,2026-06-14T14:15:46.549000+00:00,23.861,33.77,25.433,265.0,267.0,False,83.064,"[None, 2048, 2048, 2048, 2048, 2048, 2048]","[2048, 2048, 2048, 2048, 2048, 2048, 2048, 2048]","[2048, 2048, 2048, 2048, 2048, 2048, 2048]",335.0
1287,11307,31,51,2026-06-14T14:15:54.047000+00:00,24.404,34.254,25.983,255.0,263.0,False,84.641,"[None, 2048, 2048, 2048, 2048, 2048, 2048]","[2048, 2048, 2048, 2048, 2048, 2048, 2048, 2048]","[2048, 2048, 2048, 2048, 2048, 2048, 2048]",
1287,11307,44,53,2026-06-14T14:15:58.891000+00:00,23.761,32.768,24.737,260.0,261.0,False,81.266,"[None, 2048, 2048, 2048, 2048, 2048, 2048]","[2048, 2048, 2048, 2048, 2048, 2048, 2048, 2048]","[2048, 2048, 2048, 2048, 2048, 2048, 2048]",325.0
1287,11307,63,53,2026-06-14T14:16:08.686000+00:00,23.886,33.141,24.837,262.0,261.0,False,81.864,"[None, 2048, 2048, 2048, 2048, 2048, 2048]","[2048, 2048, 2048, 2048, 2048, 2048, 2048, 2048]","[2048, 2048, 2048, 2048, 2048, 2048, 2048]",330.0
1287,11307,12,53,2026-06-14T14:16:09.449000+00:00,23.712,33.492,24.705,258.0,269.0,False,81.909,"[2049, 2048, 2048, 2048, 2048, 2048, 2048]","[2048, 2048, 2048, 2048, 2048, 2048, 2048, 2048]","[2048, 2048, 2048, 2048, 2048, 2048, 2048]",349.0
1287,11307,1,53,2026-06-14T14:16:11.025000+00:00,23.832,33.088,24.891,262.0,269.0,False,81.811,"[None, 2048, 2048, 2048, 2048, 2048, 2048]","[2048, 2048, 2048, 2048, 2048, 2048, 2048, 2048]","[2048, 2048, 2048, 2048, 2048, 2048, 2048]",
1287,11307,10,52,2026-06-14T14:16:28.734000+00:00,,35.063,25.328,253.0,256.0,False,84.548,"[None, 2048, 2048, 2048, 2048, 2048, 2048]","[2048, 2048, 2048, 2048, 2048, 2048, 2048, 2048]","[2048, 2048, 2048, 2048, 2048, 2048, 2048]",
1287,11307,3,53,2026-06-14T14:16:30.125000+00:00,23.606,33.062,24.584,270.0,287.0,False,81.252,"[None, 2048, 2048, 2048, 2048, 2048, 2048]","[2048, 2048, 2048, 2048, 2048, 2048, 2048, 2048]","[2048, 2048, 2048, 2048, 2048, 2048, 2048]",335.0
1287,11307,16,53,2026-06-14T14:16:33.203000+00:00,23.928,33.063,24.884,265.0,285.0,False,81.875,"[None, 2048, 2048, 2048, 2048, 2048, 2048]","[2048, 2048, 2048, 2048, 2048, 2048, 2048, 2048]","[2048, 2048, 2048, 2048, 2048, 2048, 2048]",325.0
1287,11307,43,52,2026-06-14T14:16:38.347000+00:00,24.26,34.237,25.287,255.0,263.0,False,83.784,"[None, 2048, 2048, 2048, 2048, 2048, 2048]","[2048, 2048, 2048, 2048, 2048, 2048, 2048, 2048]","[2048, 2048, 2048, 2048, 2048, 2048, 2048]",
1287,11307,81,53,2026-06-14T14:16:41.554000+00:00,23.903,33.292,24.847,266.0,267.0,False,82.042,"[None, 2048, 2048, 2048, 2048, 2048, 2048]","[2048, 2048, 2048, 2048, 2048, 2048, 2048, 2048]","[2048, 2048, 2048, 2049, 2048, 2048, 2048]",333.0
1287,11307,30,52,2026-06-14T14:16:42.397000+00:00,24.224,34.046,25.398,257.0,261.0,False,83.668,"[None, 2048, 2048, 2048, 2048, 2048, 2048]","[2048, 2048, 2048, 2048, 2048, 2048, 2048, 2048]","[2048, 2048, 2048, 2048, 2048, 2048, 2048]",339.0
1287,11307,11,51,2026-06-14T14:16:44.147000+00:00,24.742,34.376,25.788,251.0,260.0,False,84.906,"[None, 2048, 2048, 2048, 2048, 2048, 2048]","[2048, 2048, 2048, 2048, 2048, 2048, 2048, 2048]","[2048, 2048, 2048, 2048, 2048, 2048, 2048]",328.0
1287,11307,41,52,2026-06-14T14:16:51.726000+00:00,24.059,33.581,25.329,262.0,265.0,False,82.969,"[None, 2048, 2048, 2048, 2048, 2048, 2048]","[2048, 2048, 2048, 2048, 2048, 2048, 2048, 2048]","[2048, 2048, 2048, 2048, 2048, 2048, 2048]",332.0
1287,11307,55,52,2026-06-14T14:17:01.647000+00:00,24.542,34.387,25.597,255.0,269.0,False,84.526,"[None, 2048, 2048, 2048, 2048, 2048, 2048]","[2048, 2048, 2048, 2048, 2048, 2048, 2048, 2048]","[2048, 2048, 2048, 2048, 2048, 2048, 2048]",329.0
1287,11307,87,52,2026-06-14T14:17:03.444000+00:00,24.544,33.975,25.61,252.0,258.0,False,84.129,"[None, 2048, 2048, 2048, 2048, 2048, 2048]","[2048, 2048, 2048, 2048, 2048, 2048, 2048, 2048]","[2048, 2048, 2048, 2048, 2048, 2048, 2048]",328.0
1287,11307,5,52,2026-06-14T14:17:05.132000+00:00,24.281,34.188,25.625,262.0,266.0,False,84.094,"[None, 2048, 2048, 2048, 2048, 2048, 2048]","[2048, 2048, 2048, 2048, 2048, 2048, 2048, 2048]","[2048, 2048, 2048, 2048, 2048, 2048, 2048]",336.0
1287,11307,23,43,2026-06-14T14:17:08.023000+00:00,24.51,35.988,25.54,254.0,256.0,False,86.038,"[None, 2048, 2048, 2048, 2048, 2048, 2048]","[2048, 2048, 2048, 2048, 2048, 2048, 2048, 2048]","[2048, 2048, 2048, 2048, 2048, 2048, 2048]",334.0
1287,11307,6,53,2026-06-14T14:17:09.632000+00:00,23.823,33.583,25.413,252.0,276.0,False,82.819,"[None, 2048, 2048, 2048, 2048, 2048, 2048]","[2048, 2048, 2048, 2048, 2048, 2048, 2048, 2048]","[2048, 2048, 2048, 2048, 2048, 2048, 2048]",
1287,11307,31,52,2026-06-14T14:17:18.623000+00:00,24.569,34.981,26.16,249.0,269.0,False,85.71,"[None, 2048, 2048, 2048, 2048, 2048, 2048]","[2048, 2048, 2048, 2048, 2048, 2048, 2048, 2048]","[2048, 2048, 2048, 2048, 2048, 2048, 2048]",322.0
1287,11307,44,54,2026-06-14T14:17:20.123000+00:00,23.745,32.566,24.669,263.0,265.0,False,80.98,"[None, 2048, 2048, 2048, 2048, 2048, 2048]","[2048, 2048, 2048, 2048, 2048, 2048, 2048, 2048]","[2048, 2048, 2048, 2048, 2048, 2048, 2048]",330.0
1287,11307,63,54,2026-06-14T14:17:30.545000+00:00,23.783,32.916,24.76,266.0,263.0,False,81.459,"[None, 2048, 2048, 2048, 2048, 2048, 2048]","[2048, 2048, 2048, 2048, 2048, 2048, 2048, 2048]","[2048, 2048, 2048, 2048, 2048, 2048, 2048]",329.0
1287,11307,12,54,2026-06-14T14:17:31.499000+00:00,23.826,33.371,24.539,,266.0,False,81.736,"[2048, 2048, 2048, 2048, 2048, 2048, 2048]","[2048, 2048, 2048, 2048, 2048, 2048, 2049, 2048]","[2048, 2048, 2048, 2049, 2048, 2048, 2048]",
1287,11307,1,54,2026-06-14T14:17:32.732000+00:00,23.8,33.133,24.876,267.0,263.0,False,81.809,"[None, 2048, 2048, 2048, 2048, 2048, 2048]","[2048, 2048, 2048, 2048, 2048, 2048, 2048, 2048]","[2048, 2048, 2048, 2049, 2048, 2048, 2048]",
1287,11307,3,54,2026-06-14T14:17:51.396000+00:00,23.605,33.17,24.734,268.0,285.0,False,81.509,"[None, 2048, 2048, 2048, 2048, 2048, 2048]","[2048, 2048, 2048, 2048, 2048, 2048, 2048, 2048]","[2048, 2048, 2048, 2048, 2048, 2048, 2048]",330.0
1287,11307,10,53,2026-06-14T14:17:53.293000+00:00,24.194,35.025,25.778,262.0,220.0,False,84.997,"[None, 2048, 2048, 2048, 2048, 2048, 2048]","[2048, 2048, 2048, 2048, 2048, 2048, 2048, 2048]","[2048, 2048, 2048, 2048, 2048, 2048, 2048]",334.0
1287,11307,16,54,2026-06-14T14:17:55.163000+00:00,23.917,33.211,24.882,266.0,272.0,False,82.01,"[None, 2048, 2048, 2048, 2048, 2048, 2048]","[2048, 2048, 2048, 2048, 2048, 2048, 2048, 2048]","[2048, 2048, 2048, 2048, 2048, 2048, 2048]",326.0
1287,11307,43,53,2026-06-14T14:18:02.244000+00:00,24.307,35.451,25.382,252.0,265.0,False,85.14,"[None, 2048, 2048, 2048, 2048, 2048, 2048]","[2048, 2048, 2048, 2048, 2048, 2048, 2048, 2049]","[2048, 2048, 2048, 2048, 2048, 2048, 2048]",332.0
1287,11307,81,54,2026-06-14T14:18:03.619000+00:00,23.873,33.684,24.735,263.0,260.0,False,82.292,"[None, 2048, 2048, 2048, 2048, 2048, 2048]","[2048, 2048, 2048, 2048, 2048, 2048, 2048, 2048]","[2048, 2048, 2048, 2048, 2048, 2048, 2048]",334.0
1287,11307,30,53,2026-06-14T14:18:05.963000+00:00,24.186,33.933,25.328,251.0,264.0,False,83.447,"[None, 2048, 2049, 2048, 2048, 2048, 2048]","[2048, 2048, 2048, 2048, 2048, 2048, 2048, 2048]","[2048, 2048, 2049, 2048, 2048, 2048, 2048]",333.0
1287,11307,11,52,2026-06-14T14:18:08.969000+00:00,24.634,34.372,25.702,249.0,265.0,False,84.708,"[None, 2048, 2048, 2048, 2048, 2048, 2048]","[2048, 2048, 2048, 2048, 2048, 2048, 2048, 2048]","[2048, 2048, 2048, 2048, 2048, 2048, 2048]",323.0
1287,11307,41,53,2026-06-14T14:18:14.726000+00:00,24.046,33.591,25.304,261.0,266.0,False,82.941,"[None, 2048, 2048, 2048, 2048, 2048, 2048]","[2048, 2048, 2048, 2048, 2048, 2048, 2048, 2048]","[2048, 2048, 2048, 2048, 2048, 2048, 2048]",331.0
1287,11307,55,53,2026-06-14T14:18:26.288000+00:00,24.539,34.419,25.535,256.0,277.0,False,84.493,"[None, 2048, 2048, 2048, 2048, 2048, 2048]","[2048, 2048, 2048, 2048, 2048, 2048, 2048, 2048]","[2048, 2048, 2048, 2048, 2048, 2048, 2048]",330.0
1287,11307,87,53,2026-06-14T14:18:27.601000+00:00,24.606,34.166,25.742,251.0,269.0,False,84.514,"[None, 2048, 2048, 2048, 2048, 2048, 2048]","[2048, 2048, 2048, 2048, 2048, 2048, 2048, 2048]","[2048, 2048, 2048, 2048, 2048, 2048, 2048]",330.0
1287,11307,5,53,2026-06-14T14:18:29.163000+00:00,24.494,34.291,29.533,265.0,270.0,False,88.318,"[None, 2048, 2048, 2048, 2048, 2048, 2048]","[2048, 2048, 2048, 2048, 2048, 2048, 2048, 2048]","[2048, 2048, 2048, 2048, 2064, 2064, 2064]",337.0
1287,11307,6,54,2026-06-14T14:18:32.444000+00:00,23.766,33.695,25.511,268.0,270.0,False,82.972,"[None, 2048, 2048, 2048, 2048, 2048, 2049]","[2048, 2048, 2048, 2048, 2048, 2048, 2048, 2048]","[2048, 2048, 2048, 2048, 2048, 2048, 2048]",333.0
1287,11307,23,44,2026-06-14T14:18:34.085000+00:00,24.476,33.843,25.371,257.0,268.0,False,83.69,"[None, 2048, 2048, 2048, 2048, 2048, 2049]","[2048, 2049, 2048, 2048, 2048, 2048, 2048, 2049]","[2048, 2048, 2049, 2048, 2048, 2048, 2048]",335.0
1287,11307,44,55,2026-06-14T14:18:41.132000+00:00,23.607,32.755,24.702,261.0,267.0,False,81.064,"[None, 2048, 2048, 2048, 2048, 2048, 2048]","[2048, 2048, 2048, 2048, 2048, 2048, 2048, 2048]","[2048, 2048, 2048, 2048, 2048, 2048, 2048]",324.0
1287,11307,31,53,2026-06-14T14:18:44.429000+00:00,24.629,34.327,25.984,250.0,264.0,False,84.94,"[None, 2048, 2048, 2048, 2048, 2048, 2048]","[2048, 2048, 2048, 2048, 2048, 2048, 2048, 2048]","[2048, 2048, 2048, 2048, 2048, 2048, 2048]",326.0
1287,11307,63,55,2026-06-14T14:18:51.995000+00:00,23.704,32.987,24.838,265.0,266.0,False,81.529,"[None, 2048, 2048, 2048, 2048, 2048, 2048]","[2048, 2048, 2048, 2048, 2048, 2048, 2048, 2048]","[2048, 2048, 2048, 2048, 2048, 2048, 2048]",330.0
1287,11307,12,55,2026-06-14T14:18:53.214000+00:00,23.828,33.493,24.532,263.0,266.0,False,81.853,"[None, 2048, 2048, 2048, 2048, 2048, 2048]","[2048, 2048, 2048, 2048, 2048, 2048, 2048, 2048]","[2048, 2048, 2048, 2049, 2048, 2048, 2048]",336.0
1287,11307,1,55,2026-06-14T14:18:54.511000+00:00,23.877,33.254,24.833,,274.0,False,81.964,"[None, 2048, 2048, 2048, 2048, 2048, 2048]","[2048, 2048, 2048, 2048, 2048, 2048, 2048, 2048]","[2048, 2048, 2048, 2048, 2048, 2048, 2048]",
1287,11307,3,55,2026-06-14T14:19:12.964000+00:00,23.65,33.116,24.785,,282.0,False,81.551,"[None, 2048, 2048, 2048, 2048, 2048, 2048]","[2048, 2048, 2048, 2048, 2048, 2048, 2048, 2048]","[2048, 2048, 2048, 2048, 2048, 2048, 2048]",
1287,11307,16,55,2026-06-14T14:19:17.136000+00:00,23.932,33.315,24.768,264.0,281.0,False,82.015,"[None, 2048, 2048, 2048, 2048, 2048, 2048]","[2048, 2048, 2048, 2048, 2048, 2048, 2048, 2048]","[2048, 2048, 2048, 2048, 2048, 2048, 2048]",323.0
1287,11307,10,54,2026-06-14T14:19:18.323000+00:00,24.071,34.043,25.312,256.0,263.0,False,83.426,"[None, 2048, 2048, 2048, 2048, 2048, 2048]","[2048, 2048, 2048, 2048, 2048, 2048, 2048, 2048]","[2048, 2048, 2048, 2048, 2048, 2048, 2048]",348.0
1287,11307,81,55,2026-06-14T14:19:25.808000+00:00,23.954,33.613,24.802,265.0,262.0,False,82.369,"[None, 2048, 2049, 2048, 2048, 2048, 2048]","[2048, 2048, 2048, 2048, 2048, 2048, 2048, 2048]","[2048, 2048, 2048, 2048, 2048, 2048, 2048]",331.0
1287,11307,43,54,2026-06-14T14:19:27.261000+00:00,24.281,34.375,25.214,258.0,269.0,False,83.87,"[None, 2048, 2048, 2048, 2048, 2048, 2048]","[2048, 2048, 2048, 2048, 2048, 2048, 2048, 2048]","[2048, 2048, 2048, 2049, 2048, 2048, 2048]",336.0
1287,11307,30,54,2026-06-14T14:19:29.542000+00:00,24.06,34.133,25.45,258.0,270.0,False,83.643,"[None, 2048, 2048, 2048, 2048, 2048, 2048]","[2048, 2048, 2048, 2048, 2048, 2048, 2048, 2048]","[2048, 2048, 2048, 2048, 2048, 2048, 2048]",335.0
1287,11307,11,53,2026-06-14T14:19:33.727000+00:00,24.721,34.332,25.842,255.0,260.0,False,84.895,"[None, 2048, 2048, 2048, 2048, 2048, 2048]","[2048, 2048, 2048, 2048, 2048, 2048, 2048, 2048]","[2048, 2048, 2048, 2048, 2048, 2048, 2048]",325.0
1287,11307,41,54,2026-06-14T14:19:37.644000+00:00,24.132,33.66,25.381,263.0,266.0,False,83.173,"[None, 2048, 2048, 2048, 2048, 2048, 2048]","[2048, 2048, 2048, 2048, 2048, 2048, 2048, 2048]","[2048, 2048, 2048, 2048, 2048, 2048, 2048]",333.0
1287,11307,55,54,2026-06-14T14:19:50.675000+00:00,24.695,34.331,25.555,257.0,271.0,False,84.581,"[None, 2048, 2048, 2048, 2048, 2048, 2048]","[2048, 2048, 2048, 2048, 2048, 2048, 2048, 2048]","[2048, 2048, 2048, 2048, 2048, 2048, 2048]",329.0
1287,11307,87,54,2026-06-14T14:19:52.113000+00:00,24.561,34.18,25.824,252.0,263.0,False,84.565,"[None, 2048, 2048, 2048, 2048, 2048, 2048]","[2048, 2048, 2048, 2048, 2048, 2048, 2048, 2048]","[2048, 2048, 2048, 2048, 2048, 2048, 2048]",329.0
1287,11307,6,55,2026-06-14T14:19:55.425000+00:00,23.862,33.644,25.496,,277.0,False,83.002,"[None, 2048, 2048, 2048, 2048, 2048, 2048]","[2048, 2048, 2048, 2048, 2048, 2048, 2048, 2048]","[2048, 2048, 2048, 2048, 2048, 2048, 2048]",
1287,11307,5,54,2026-06-14T14:19:57.488000+00:00,47.56,32.993,24.886,254.0,278.0,True,105.439,"[2064, 2064, 2048, 2048, 2048, 2048, 2048]","[2048, 2049, 2049, 2049, 2049, 2049, 2048, 2049]","[2049, 2049, 2048, 2048, 2048, 2049, 2048]",247.0
1287,11307,23,45,2026-06-14T14:19:57.675000+00:00,24.415,33.9,25.323,252.0,273.0,False,83.638,"[None, 2048, 2048, 2048, 2048, 2048, 2048]","[2048, 2048, 2048, 2048, 2048, 2048, 2048, 2049]","[2048, 2048, 2048, 2048, 2048, 2048, 2048]",334.0
1287,11307,44,56,2026-06-14T14:20:02.253000+00:00,23.653,32.68,24.75,264.0,262.0,False,81.083,"[None, 2048, 2048, 2048, 2048, 2048, 2048]","[2048, 2048, 2048, 2048, 2048, 2048, 2048, 2048]","[2048, 2048, 2048, 2048, 2048, 2048, 2048]",326.0
1287,11307,31,54,2026-06-14T14:20:09.315000+00:00,24.485,34.411,25.983,245.0,266.0,False,84.879,"[None, 2048, 2048, 2048, 2048, 2048, 2048]","[2048, 2048, 2048, 2048, 2048, 2048, 2048, 2048]","[2048, 2048, 2048, 2048, 2048, 2048, 2048]",324.0
1287,11307,63,56,2026-06-14T14:20:13.643000+00:00,23.871,33.179,25.02,266.0,261.0,False,82.07,"[None, 2048, 2048, 2048, 2048, 2048, 2048]","[2048, 2048, 2048, 2048, 2048, 2048, 2048, 2048]","[2048, 2048, 2048, 2048, 2048, 2048, 2048]",331.0
1287,11307,12,56,2026-06-14T14:20:15.002000+00:00,23.771,33.28,24.717,261.0,263.0,False,81.768,"[None, 2048, 2048, 2048, 2048, 2048, 2048]","[2048, 2048, 2048, 2048, 2048, 2048, 2048, 2048]","[2048, 2048, 2048, 2048, 2048, 2048, 2048]",337.0
1287,11307,1,56,2026-06-14T14:20:16.549000+00:00,24.03,33.276,24.821,260.0,267.0,False,82.127,"[None, 2048, 2048, 2048, 2048, 2048, 2048]","[2048, 2048, 2048, 2048, 2048, 2048, 2048, 2048]","[2048, 2048, 2048, 2048, 2048, 2048, 2048]",
1287,11307,3,56,2026-06-14T14:20:34.564000+00:00,23.591,33.215,24.806,,280.0,False,81.612,"[None, 2048, 2048, 2048, 2048, 2048, 2048]","[2048, 2048, 2048, 2048, 2048, 2048, 2048, 2048]","[2048, 2048, 2048, 2048, 2048, 2048, 2048]",331.0
1287,11307,16,56,2026-06-14T14:20:39.133000+00:00,24.05,33.341,25.377,263.0,278.0,False,82.768,"[None, 2048, 2048, 2048, 2048, 2048, 2048]","[2048, 2048, 2048, 2048, 2048, 2048, 2048, 2048]","[2048, 2048, 2048, 2048, 2048, 2048, 2048]",
1287,11307,10,55,2026-06-14T14:20:41.758000+00:00,24.205,33.872,25.297,264.0,264.0,False,83.374,"[None, 2048, 2048, 2048, 2048, 2048, 2048]","[2048, 2048, 2048, 2048, 2048, 2048, 2048, 2049]","[2048, 2048, 2048, 2048, 2048, 2048, 2048]",335.0
1287,11307,81,56,2026-06-14T14:20:48.139000+00:00,23.945,33.24,24.954,266.0,263.0,False,82.139,"[None, 2048, 2048, 2048, 2048, 2048, 2048]","[2048, 2048, 2048, 2048, 2048, 2048, 2048, 2048]","[2048, 2048, 2048, 2048, 2048, 2048, 2048]",332.0
1287,11307,43,55,2026-06-14T14:20:51.155000+00:00,24.274,34.201,25.455,256.0,263.0,False,83.93,"[None, 2048, 2048, 2048, 2048, 2048, 2048]","[2048, 2048, 2048, 2048, 2048, 2048, 2048, 2048]","[2048, 2048, 2048, 2048, 2048, 2048, 2048]",334.0
1287,11307,30,55,2026-06-14T14:20:53.088000+00:00,24.356,34.124,25.771,260.0,259.0,False,84.251,"[None, 2048, 2048, 2048, 2048, 2048, 2048]","[2048, 2048, 2048, 2048, 2048, 2048, 2048, 2048]","[2048, 2048, 2048, 2048, 2048, 2048, 2048]",334.0
1287,11307,11,54,2026-06-14T14:20:58.646000+00:00,24.713,34.273,26.097,,256.0,False,85.083,"[None, 2048, 2048, 2048, 2048, 2048, 2048]","[2048, 2048, 2048, 2048, 2048, 2048, 2048, 2048]","[2048, 2048, 2048, 2048, 2048, 2048, 2048]",323.0
1287,11307,41,55,2026-06-14T14:21:00.724000+00:00,24.124,33.916,25.882,,256.0,False,83.922,"[None, 2048, 2048, 2048, 2048, 2048, 2048]","[2048, 2048, 2048, 2048, 2048, 2048, 2048, 2048]","[2048, 2048, 2048, 2048, 2048, 2048, 2048]",334.0
1287,11307,55,55,2026-06-14T14:21:15.287000+00:00,24.692,35.001,29.366,256.0,258.0,False,89.059,"[None, 2048, 2048, 2048, 2048, 2048, 2048]","[2048, 2048, 2048, 2048, 2048, 2048, 2048, 2048]","[2048, 2048, 2048, 2048, 2064, 2064, 2064]",328.0
1287,11307,87,55,2026-06-14T14:21:16.631000+00:00,24.479,34.285,25.878,255.0,249.0,False,84.642,"[None, 2048, 2048, 2048, 2048, 2048, 2048]","[2048, 2048, 2048, 2048, 2048, 2048, 2048, 2048]","[2048, 2048, 2048, 2048, 2048, 2048, 2048]",
1287,11307,6,56,2026-06-14T14:21:18.412000+00:00,24.098,34.074,25.89,264.0,269.0,False,84.062,"[None, 2048, 2048, 2048, 2048, 2048, 2048]","[2048, 2048, 2048, 2048, 2048, 2048, 2048, 2048]","[2048, 2048, 2048, 2048, 2048, 2048, 2048]",335.0
1287,11307,23,46,2026-06-14T14:21:21.371000+00:00,24.515,35.469,25.534,256.0,264.0,False,85.518,"[None, 2048, 2049, 2048, 2048, 2048, 2048]","[2048, 2048, 2048, 2048, 2048, 2048, 2048, 2048]","[2048, 2048, 2048, 2048, 2049, 2048, 2048]",333.0
1287,11307,44,57,2026-06-14T14:21:23.323000+00:00,23.633,32.918,24.862,263.0,266.0,False,81.413,"[None, 2048, 2048, 2048, 2048, 2048, 2049]","[2048, 2048, 2048, 2048, 2048, 2048, 2048, 2048]","[2048, 2048, 2048, 2048, 2048, 2048, 2048]",329.0
1287,11307,31,55,2026-06-14T14:21:34.250000+00:00,25.16,36.736,26.49,171.0,216.0,False,88.386,"[None, 2048, 2048, 2048, 2048, 2048, 2048]","[2048, 2048, 2048, 2048, 2048, 2048, 2048, 2048]","[2048, 2048, 2048, 2048, 2048, 2048, 2048]",
1287,11307,63,57,2026-06-14T14:21:35.578000+00:00,23.804,33.308,24.96,251.0,259.0,False,82.072,"[None, 2048, 2048, 2048, 2048, 2048, 2048]","[2048, 2048, 2048, 2048, 2048, 2048, 2048, 2048]","[2048, 2048, 2048, 2048, 2048, 2048, 2048]",333.0
1287,11307,12,57,2026-06-14T14:21:36.828000+00:00,23.773,33.48,24.674,258.0,261.0,False,81.927,"[None, 2048, 2048, 2048, 2048, 2048, 2048]","[2048, 2048, 2048, 2048, 2048, 2048, 2048, 2048]","[2048, 2048, 2048, 2048, 2048, 2048, 2048]",338.0
1287,11307,1,57,2026-06-14T14:21:38.578000+00:00,23.853,33.339,25.031,264.0,257.0,False,82.223,"[None, 2048, 2048, 2048, 2048, 2048, 2048]","[2048, 2048, 2048, 2048, 2048, 2048, 2048, 2048]","[2048, 2048, 2048, 2048, 2048, 2048, 2048]",335.0
1287,11307,5,55,2026-06-14T14:21:43.022000+00:00,23.8,32.875,24.771,270.0,271.0,False,81.446,"[2048, 2048, 2048, 2048, 2048, 2049, 2049]","[2049, 2049, 2048, 2049, 2048, 2048, 2049, 2048]","[2048, 2049, 2048, 2048, 2049, 2049, 2049]",333.0
1287,11307,3,57,2026-06-14T14:21:56.085000+00:00,23.734,33.089,24.682,,280.0,False,81.505,"[None, 2048, 2048, 2048, 2048, 2048, 2048]","[2048, 2048, 2048, 2048, 2048, 2048, 2048, 2048]","[2048, 2048, 2048, 2048, 2048, 2048, 2048]",
1287,11307,16,57,2026-06-14T14:22:01.908000+00:00,24.108,33.294,25.048,259.0,284.0,False,82.45,"[None, 2048, 2048, 2048, 2048, 2048, 2048]","[2048, 2048, 2048, 2048, 2048, 2048, 2048, 2048]","[2048, 2048, 2048, 2048, 2048, 2048, 2048]",324.0
1287,11307,10,56,2026-06-14T14:22:05.064000+00:00,24.048,33.65,25.329,260.0,271.0,False,83.027,"[None, 2048, 2048, 2048, 2048, 2048, 2048]","[2048, 2048, 2048, 2048, 2048, 2048, 2048, 2049]","[2048, 2048, 2048, 2048, 2048, 2048, 2048]",
1287,11307,81,57,2026-06-14T14:22:10.299000+00:00,24.085,33.236,24.848,263.0,267.0,False,82.169,"[None, 2048, 2048, 2048, 2048, 2048, 2048]","[2048, 2048, 2048, 2048, 2048, 2048, 2048, 2048]","[2048, 2048, 2048, 2048, 2048, 2048, 2048]",
1287,11307,43,56,2026-06-14T14:22:15.080000+00:00,24.203,34.242,25.241,257.0,267.0,False,83.686,"[None, 2048, 2048, 2048, 2048, 2048, 2048]","[2048, 2048, 2048, 2048, 2048, 2048, 2048, 2048]","[2048, 2048, 2048, 2048, 2048, 2048, 2048]",333.0
1287,11307,30,56,2026-06-14T14:22:17.330000+00:00,24.279,34.099,25.526,257.0,260.0,False,83.904,"[None, 2048, 2048, 2048, 2048, 2048, 2048]","[2048, 2048, 2048, 2048, 2048, 2048, 2048, 2048]","[2048, 2048, 2048, 2048, 2048, 2048, 2048]",333.0
1287,11307,11,55,2026-06-14T14:22:23.752000+00:00,26.304,34.69,26.11,245.0,256.0,False,87.104,"[None, 2048, 2048, 2048, 2048, 2048, 2048]","[2048, 2048, 2048, 2048, 2048, 2048, 2048, 2048]","[2048, 2048, 2048, 2048, 2048, 2048, 2048]",260.0
1287,11307,41,56,2026-06-14T14:22:24.611000+00:00,24.518,33.851,25.492,256.0,262.0,False,83.861,"[None, 2048, 2048, 2048, 2048, 2048, 2048]","[2048, 2048, 2048, 2048, 2048, 2048, 2048, 2048]","[2048, 2048, 2048, 2048, 2048, 2048, 2048]",
1287,11307,87,56,2026-06-14T14:22:41.221000+00:00,26.538,35.203,25.997,238.0,250.0,False,87.738,"[None, 2048, 2048, 2048, 2048, 2048, 2048]","[2048, 2048, 2048, 2048, 2048, 2048, 2048, 2048]","[2048, 2048, 2048, 2048, 2048, 2048, 2048]",298.0
1287,11307,6,57,2026-06-14T14:22:42.346000+00:00,24.397,34.044,26.441,258.0,223.0,False,84.882,"[None, 2048, 2048, 2048, 2048, 2048, 2048]","[2048, 2048, 2048, 2048, 2048, 2048, 2048, 2048]","[2048, 2048, 2048, 2048, 2048, 2048, 2048]",334.0
1287,11307,55,56,2026-06-14T14:22:44.346000+00:00,44.488,33.671,25.635,232.0,262.0,True,103.794,"[2064, 2064, 2048, 2048, 2048, 2049, 2048]","[2048, 2048, 2048, 2048, 2049, 2048, 2049, 2048]","[2048, 2048, 2048, 2048, 2048, 2049, 2049]",253.0
1287,11307,44,58,2026-06-14T14:22:44.690000+00:00,23.853,32.763,24.886,262.0,255.0,False,81.502,"[None, 2048, 2048, 2048, 2048, 2048, 2048]","[2048, 2048, 2048, 2048, 2048, 2048, 2048, 2048]","[2048, 2048, 2048, 2048, 2048, 2048, 2048]",328.0
1287,11307,23,47,2026-06-14T14:22:46.877000+00:00,24.455,34.22,25.477,245.0,272.0,False,84.152,"[None, 2048, 2048, 2048, 2048, 2048, 2048]","[2048, 2048, 2048, 2048, 2048, 2049, 2048, 2049]","[2048, 2048, 2048, 2048, 2048, 2048, 2048]",335.0
1287,11307,63,58,2026-06-14T14:22:57.696000+00:00,23.776,33.259,24.911,262.0,265.0,False,81.946,"[None, 2048, 2048, 2048, 2048, 2048, 2048]","[2048, 2048, 2048, 2048, 2048, 2048, 2048, 2048]","[2048, 2048, 2048, 2048, 2048, 2048, 2048]",332.0
1287,11307,12,58,2026-06-14T14:22:58.735000+00:00,23.841,33.415,24.614,256.0,266.0,False,81.87,"[None, 2048, 2048, 2048, 2048, 2048, 2048]","[2048, 2048, 2048, 2048, 2048, 2048, 2048, 2048]","[2048, 2048, 2048, 2048, 2048, 2048, 2048]",348.0
1287,11307,1,58,2026-06-14T14:23:00.834000+00:00,23.823,33.543,24.886,261.0,266.0,False,82.252,"[None, 2048, 2048, 2048, 2048, 2048, 2048]","[2048, 2048, 2048, 2048, 2048, 2048, 2048, 2048]","[2048, 2048, 2048, 2048, 2048, 2048, 2048]",334.0
1287,11307,31,56,2026-06-14T14:23:02.603000+00:00,24.629,34.409,26.461,249.0,270.0,False,85.499,"[None, 2048, 2048, 2048, 2048, 2048, 2048]","[2048, 2048, 2048, 2048, 2048, 2048, 2048, 2049]","[2048, 2048, 2048, 2048, 2048, 2048, 2048]",330.0
1287,11307,5,56,2026-06-14T14:23:04.489000+00:00,24.178,33.431,25.172,266.0,261.0,False,82.781,"[None, 2048, 2049, 2048, 2048, 2049, 2048]","[2048, 2048, 2048, 2048, 2048, 2048, 2049, 2049]","[2048, 2048, 2049, 2048, 2049, 2049, 2048]",337.0
1287,11307,3,58,2026-06-14T14:23:17.616000+00:00,23.667,33.32,24.908,,281.0,False,81.895,"[None, 2048, 2048, 2048, 2048, 2048, 2048]","[2048, 2048, 2048, 2048, 2048, 2048, 2048, 2048]","[2048, 2048, 2048, 2048, 2048, 2048, 2048]",
1287,11307,16,58,2026-06-14T14:23:24.304000+00:00,24.13,33.239,24.896,265.0,274.0,False,82.265,"[None, 2048, 2048, 2048, 2048, 2048, 2048]","[2048, 2048, 2048, 2048, 2048, 2048, 2048, 2048]","[2048, 2048, 2048, 2048, 2048, 2048, 2048]",325.0
1287,11307,10,57,2026-06-14T14:23:28.257000+00:00,24.111,33.559,25.336,262.0,271.0,False,83.006,"[None, 2048, 2048, 2048, 2048, 2048, 2048]","[2048, 2048, 2048, 2048, 2048, 2048, 2048, 2049]","[2048, 2048, 2048, 2048, 2048, 2048, 2048]",334.0
1287,11307,81,58,2026-06-14T14:23:32.569000+00:00,24.027,33.643,25.053,261.0,269.0,False,82.723,"[None, 2048, 2048, 2048, 2048, 2048, 2048]","[2048, 2048, 2048, 2048, 2048, 2048, 2048, 2048]","[2048, 2048, 2048, 2048, 2048, 2048, 2048]",
1287,11307,43,57,2026-06-14T14:23:38.826000+00:00,24.176,33.95,25.363,261.0,263.0,False,83.489,"[None, 2048, 2048, 2048, 2048, 2048, 2048]","[2048, 2048, 2048, 2048, 2048, 2048, 2048, 2048]","[2048, 2048, 2048, 2048, 2048, 2048, 2048]",334.0
1287,11307,30,57,2026-06-14T14:23:41.247000+00:00,24.154,33.947,25.565,259.0,266.0,False,83.666,"[None, 2048, 2048, 2048, 2048, 2048, 2048]","[2048, 2048, 2048, 2048, 2048, 2048, 2048, 2048]","[2048, 2048, 2048, 2048, 2048, 2048, 2048]",
1287,11307,41,57,2026-06-14T14:23:48.591000+00:00,24.198,33.734,25.683,263.0,266.0,False,83.615,"[None, 2048, 2048, 2048, 2048, 2048, 2048]","[2048, 2048, 2048, 2048, 2048, 2048, 2048, 2048]","[2048, 2048, 2048, 2048, 2048, 2048, 2048]",328.0
1287,11307,11,56,2026-06-14T14:23:50.826000+00:00,24.818,34.53,26.049,248.0,260.0,False,85.397,"[None, 2048, 2048, 2048, 2048, 2048, 2048]","[2048, 2048, 2048, 2048, 2048, 2048, 2048, 2048]","[2048, 2048, 2048, 2048, 2048, 2048, 2048]",323.0
1287,11307,44,59,2026-06-14T14:24:06.230000+00:00,23.745,32.697,24.669,264.0,265.0,False,81.111,"[None, 2048, 2048, 2048, 2048, 2048, 2048]","[2048, 2048, 2048, 2048, 2048, 2048, 2048, 2048]","[2048, 2048, 2048, 2048, 2048, 2048, 2048]",322.0
1287,11307,6,58,2026-06-14T14:24:07.308000+00:00,24.097,33.931,29.75,263.0,276.0,False,87.778,"[None, 2048, 2048, 2048, 2048, 2048, 2048]","[2048, 2048, 2048, 2048, 2048, 2048, 2048, 2048]","[2048, 2048, 2048, 2048, 2064, 2064, 2064]",335.0
1287,11307,87,57,2026-06-14T14:24:08.995000+00:00,24.606,34.204,25.927,258.0,260.0,False,84.737,"[None, 2048, 2048, 2048, 2048, 2048, 2048]","[2048, 2048, 2048, 2048, 2048, 2048, 2048, 2048]","[2048, 2048, 2048, 2048, 2048, 2048, 2048]",329.0
1287,11307,23,48,2026-06-14T14:24:11.073000+00:00,24.449,33.851,25.55,263.0,266.0,False,83.85,"[None, 2048, 2048, 2048, 2048, 2048, 2049]","[2048, 2048, 2048, 2048, 2048, 2048, 2049, 2048]","[2048, 2048, 2048, 2048, 2048, 2048, 2048]",
1287,11307,63,59,2026-06-14T14:24:19.620000+00:00,23.878,33.394,24.999,,263.0,False,82.271,"[None, 2048, 2048, 2048, 2048, 2048, 2048]","[2048, 2048, 2048, 2048, 2048, 2048, 2048, 2048]","[2048, 2048, 2048, 2048, 2048, 2048, 2048]",
1287,11307,12,59,2026-06-14T14:24:20.636000+00:00,23.821,33.507,24.763,260.0,266.0,False,82.091,"[2049, 2048, 2049, 2048, 2048, 2048, 2048]","[2048, 2048, 2048, 2048, 2048, 2048, 2048, 2048]","[2048, 2048, 2048, 2048, 2048, 2048, 2048]",
1287,11307,1,59,2026-06-14T14:24:23.105000+00:00,23.994,33.42,25.075,,273.0,False,82.489,"[None, 2048, 2048, 2048, 2048, 2048, 2048]","[2048, 2048, 2048, 2048, 2048, 2048, 2048, 2048]","[2048, 2048, 2048, 2048, 2048, 2048, 2048]",
1287,11307,5,57,2026-06-14T14:24:27.120000+00:00,23.631,33.077,24.822,,281.0,False,81.53,"[None, 2048, 2048, 2049, 2049, 2049, 2048]","[2048, 2048, 2048, 2048, 2048, 2049, 2049, 2048]","[2048, 2048, 2048, 2049, 2048, 2049, 2049]",334.0
1287,11307,31,57,2026-06-14T14:24:28.136000+00:00,25.081,34.724,26.451,241.0,260.0,False,86.256,"[None, 2048, 2048, 2048, 2048, 2048, 2048]","[2048, 2048, 2048, 2048, 2048, 2048, 2048, 2048]","[2048, 2048, 2048, 2048, 2048, 2048, 2048]",342.0
1287,11307,55,57,2026-06-14T14:24:28.261000+00:00,24.019,33.477,24.784,258.0,271.0,False,82.28,"[2048, 2048, 2048, 2048, 2048, 2049, 2049]","[2049, 2048, 2048, 2048, 2048, 2049, 2048, 2048]","[2048, 2049, 2049, 2049, 2049, 2048]",341.0
1287,11307,3,59,2026-06-14T14:24:39.464000+00:00,23.826,33.202,25.041,269.0,281.0,False,82.069,"[None, 2048, 2048, 2048, 2048, 2048, 2048]","[2048, 2048, 2048, 2048, 2048, 2048, 2048, 2048]","[2048, 2048, 2048, 2048, 2048, 2048, 2048]",332.0
1287,11307,16,59,2026-06-14T14:24:46.527000+00:00,24.115,33.181,24.9,262.0,283.0,False,82.196,"[None, 2048, 2048, 2048, 2048, 2048, 2048]","[2048, 2048, 2048, 2048, 2048, 2048, 2048, 2048]","[2048, 2048, 2048, 2048, 2048, 2048, 2048]",319.0
1287,11307,10,58,2026-06-14T14:24:51.105000+00:00,24.031,33.615,25.487,265.0,260.0,False,83.133,"[None, 2048, 2048, 2048, 2048, 2048, 2048]","[2048, 2048, 2048, 2048, 2048, 2048, 2048, 2049]","[2048, 2048, 2048, 2048, 2048, 2048, 2048]",
1287,11307,81,59,2026-06-14T14:24:55.167000+00:00,24.134,33.807,25.287,268.0,263.0,False,83.228,"[None, 2048, 2048, 2048, 2048, 2048, 2048]","[2048, 2048, 2048, 2048, 2048, 2048, 2048, 2048]","[2048, 2048, 2048, 2048, 2048, 2048, 2048]",
1287,11307,43,58,2026-06-14T14:25:02.371000+00:00,24.172,34.158,25.241,257.0,259.0,False,83.571,"[None, 2048, 2048, 2048, 2048, 2048, 2048]","[2048, 2048, 2048, 2048, 2048, 2048, 2048, 2048]","[2048, 2048, 2048, 2049, 2048, 2048, 2048]",333.0
1287,11307,30,58,2026-06-14T14:25:04.839000+00:00,24.096,33.867,25.623,260.0,265.0,False,83.586,"[None, 2048, 2048, 2048, 2048, 2048, 2049]","[2048, 2048, 2048, 2048, 2048, 2048, 2048, 2048]","[2048, 2048, 2048, 2048, 2048, 2048, 2048]",
1287,11307,41,58,2026-06-14T14:25:12.191000+00:00,24.212,33.696,25.647,256.0,259.0,False,83.555,"[None, 2048, 2048, 2048, 2048, 2048, 2048]","[2048, 2048, 2048, 2048, 2048, 2048, 2048, 2048]","[2048, 2048, 2048, 2048, 2048, 2048, 2048]",331.0
1287,11307,11,57,2026-06-14T14:25:16.133000+00:00,24.84,34.482,26.173,251.0,259.0,False,85.495,"[None, 2048, 2048, 2048, 2048, 2048, 2048]","[2048, 2048, 2048, 2048, 2048, 2048, 2048, 2048]","[2048, 2048, 2048, 2048, 2048, 2048, 2048]",
1287,11307,44,60,2026-06-14T14:25:27.258000+00:00,23.726,32.711,24.733,269.0,262.0,False,81.17,"[None, 2048, 2048, 2048, 2048, 2048, 2049]","[2048, 2048, 2048, 2048, 2048, 2048, 2048, 2048]","[2048, 2048, 2048, 2048, 2048, 2048, 2048]",324.0
1287,11307,87,58,2026-06-14T14:25:33.742000+00:00,24.556,34.091,25.732,255.0,259.0,False,84.379,"[None, 2048, 2048, 2048, 2048, 2048, 2048]","[2048, 2048, 2048, 2048, 2048, 2048, 2048, 2048]","[2048, 2048, 2048, 2048, 2048, 2048, 2048]",325.0
1287,11307,23,49,2026-06-14T14:25:34.914000+00:00,24.498,34.215,25.694,249.0,267.0,False,84.407,"[None, 2048, 2048, 2048, 2048, 2048, 2048]","[2048, 2048, 2048, 2048, 2048, 2048, 2049, 2048]","[2048, 2048, 2048, 2048, 2049, 2048]",336.0
1287,11307,6,59,2026-06-14T14:25:35.023000+00:00,42.952,32.617,24.76,265.0,280.0,True,100.329,"[2064, 2064, 2048, 2048, 2048, 2048, 2048]","[2048, 2048, 2049, 2048, 2049, 2049, 2049, 2049]","[2048, 2049, 2048, 2049, 2049, 2049, 2049]",262.0
1287,11307,63,60,2026-06-14T14:25:41.898000+00:00,23.834,33.339,25.013,264.0,264.0,False,82.186,"[None, 2048, 2048, 2048, 2048, 2048, 2048]","[2048, 2048, 2048, 2048, 2048, 2048, 2048, 2048]","[2048, 2048, 2048, 2048, 2048, 2048, 2048]",
1287,11307,12,60,2026-06-14T14:25:42.742000+00:00,23.632,33.482,24.689,259.0,265.0,False,81.803,"[2048, 2048, 2048, 2048, 2048, 2048, 2048]","[2048, 2048, 2048, 2048, 2048, 2048, 2048, 2048]","[2048, 2048, 2048, 2048, 2048, 2048, 2049]",349.0
1287,11307,1,60,2026-06-14T14:25:45.633000+00:00,24.035,33.315,25.05,262.0,267.0,False,82.4,"[None, 2048, 2048, 2048, 2048, 2048, 2048]","[2048, 2048, 2048, 2048, 2048, 2048, 2048, 2048]","[2048, 2048, 2048, 2048, 2048, 2048, 2048]",333.0
1287,11307,5,58,2026-06-14T14:25:48.742000+00:00,23.919,33.429,24.843,,276.0,False,82.191,"[None, 2048, 2048, 2048, 2048, 2048, 2048]","[2048, 2048, 2048, 2048, 2048, 2048, 2048, 2048]","[2048, 2048, 2048, 2049, 2048, 2048, 2048]",332.0
1287,11307,55,58,2026-06-14T14:25:50.352000+00:00,23.733,33.514,24.814,264.0,280.0,False,82.061,"[None, 2048, 2048, 2049, 2049, 2049, 2049]","[2048, 2048, 2048, 2049, 2048, 2049, 2048, 2048]","[2048, 2048, 2048, 2049, 2049, 2049, 2048]",335.0
1287,11307,31,58,2026-06-14T14:25:54.367000+00:00,24.937,34.666,30.812,247.0,256.0,False,90.415,"[None, 2048, 2048, 2048, 2048, 2048, 2048]","[2048, 2048, 2048, 2048, 2048, 2048, 2048, 2048]","[2048, 2048, 2048, 2048, 2064, 2064, 2064]",327.0
1287,11307,3,60,2026-06-14T14:26:01.558000+00:00,23.838,33.455,25.228,262.0,271.0,False,82.521,"[None, 2048, 2048, 2048, 2048, 2048, 2048]","[2048, 2048, 2048, 2048, 2048, 2048, 2048, 2048]","[2048, 2048, 2048, 2048, 2048, 2048, 2048]",
1287,11307,16,60,2026-06-14T14:26:08.835000+00:00,24.288,33.539,25.245,,277.0,False,83.072,"[None, 2048, 2048, 2048, 2048, 2048, 2048]","[2048, 2048, 2048, 2048, 2048, 2048, 2048, 2048]","[2048, 2048, 2048, 2048, 2048, 2048, 2048]",320.0
1287,11307,10,59,2026-06-14T14:26:14.383000+00:00,24.184,33.552,25.446,264.0,264.0,False,83.182,"[None, 2048, 2048, 2048, 2048, 2048, 2048]","[2048, 2048, 2048, 2048, 2048, 2048, 2048, 2049]","[2048, 2048, 2048, 2048, 2048, 2048, 2048]",
1287,11307,81,60,2026-06-14T14:26:18.414000+00:00,24.192,33.433,24.921,264.0,266.0,False,82.546,"[None, 2048, 2048, 2048, 2048, 2048, 2048]","[2048, 2048, 2048, 2048, 2048, 2048, 2048, 2048]","[2048, 2048, 2048, 2048, 2048, 2048, 2048]",
1287,11307,43,59,2026-06-14T14:26:25.961000+00:00,24.093,34.216,25.33,258.0,265.0,False,83.639,"[None, 2048, 2048, 2048, 2048, 2048, 2048]","[2048, 2048, 2048, 2048, 2048, 2048, 2048, 2048]","[2048, 2048, 2048, 2048, 2048, 2048, 2048]",
1287,11307,30,59,2026-06-14T14:26:28.446000+00:00,24.225,33.714,25.588,259.0,271.0,False,83.527,"[None, 2048, 2048, 2048, 2048, 2048, 2048]","[2048, 2048, 2048, 2048, 2048, 2048, 2048, 2048]","[2048, 2048, 2048, 2048, 2048, 2048, 2048]",
1287,11307,41,59,2026-06-14T14:26:35.626000+00:00,24.283,33.738,25.666,258.0,263.0,False,83.687,"[None, 2048, 2048, 2048, 2048, 2048, 2048]","[2048, 2048, 2048, 2048, 2048, 2048, 2048, 2048]","[2048, 2048, 2048, 2048, 2048, 2048, 2048]",332.0
1287,11307,11,58,2026-06-14T14:26:41.716000+00:00,25.033,34.729,26.18,235.0,255.0,False,85.942,"[None, 2048, 2048, 2048, 2048, 2048, 2048]","[2048, 2048, 2048, 2048, 2048, 2048, 2048, 2048]","[2048, 2048, 2048, 2048, 2048, 2048, 2048]",324.0
1287,11307,44,61,2026-06-14T14:26:48.541000+00:00,23.736,32.707,24.963,265.0,267.0,False,81.406,"[None, 2048, 2048, 2048, 2048, 2048, 2048]","[2048, 2048, 2048, 2048, 2048, 2048, 2048, 2048]","[2048, 2048, 2048, 2048, 2048, 2048, 2048]",325.0
1287,11307,87,59,2026-06-14T14:26:58.115000+00:00,24.54,33.913,25.653,253.0,266.0,False,84.106,"[None, 2048, 2048, 2048, 2048, 2048, 2048]","[2048, 2048, 2048, 2048, 2048, 2048, 2048, 2048]","[2048, 2048, 2048, 2048, 2048, 2048, 2048]",
1287,11307,23,50,2026-06-14T14:26:59.253000+00:00,24.651,34.293,29.218,244.0,259.0,False,88.162,"[None, 2048, 2048, 2048, 2048, 2048, 2048]","[2048, 2048, 2048, 2048, 2048, 2048, 2048, 2048]","[2048, 2048, 2048, 2048, 2064, 2064, 2064]",
1287,11307,63,61,2026-06-14T14:27:04.119000+00:00,24.839,34.343,25.38,246.0,259.0,False,84.562,"[None, 2048, 2048, 2048, 2048, 2048, 2048]","[2048, 2048, 2048, 2048, 2048, 2048, 2048, 2048]","[2048, 2048, 2048, 2048, 2048, 2048, 2048]",
1287,11307,12,61,2026-06-14T14:27:04.453000+00:00,24.387,33.583,24.745,248.0,268.0,False,82.715,"[2051, 2048, 2048, 2048, 2048, 2048, 2048]","[2048, 2048, 2048, 2048, 2048, 2048, 2048, 2048]","[2048, 2048, 2048, 2048, 2048, 2048, 2048]",343.0
1287,11307,1,61,2026-06-14T14:27:07.958000+00:00,24.207,33.648,25.287,270.0,267.0,False,83.142,"[None, 2048, 2048, 2048, 2048, 2048, 2048]","[2048, 2048, 2048, 2048, 2048, 2048, 2048, 2048]","[2048, 2048, 2048, 2048, 2048, 2048, 2048]",332.0
1287,11307,5,59,2026-06-14T14:27:10.953000+00:00,24.029,33.451,25.065,268.0,268.0,False,82.545,"[None, 2048, 2048, 2048, 2048, 2048, 2048]","[2048, 2048, 2048, 2048, 2048, 2048, 2048, 2048]","[2048, 2048, 2048, 2048, 2048, 2048, 2048]",331.0
1287,11307,55,59,2026-06-14T14:27:12.548000+00:00,23.87,33.427,24.958,259.0,262.0,False,82.255,"[None, 2048, 2048, 2048, 2049, 2048, 2048]","[2048, 2048, 2048, 2048, 2048, 2049, 2048, 2048]","[2048, 2048, 2048, 2048, 2048, 2048, 2048]",336.0
1287,11307,6,60,2026-06-14T14:27:15.568000+00:00,23.269,32.23,24.651,275.0,278.0,False,80.15,"[2048, 2048, 2048, 2048, 2048, 2049, 2051]","[2049, 2049, 2049, 2048, 2049, 2049, 2049, 2048]","[2048, 2048, 2049, 2048, 2048, 2048, 2049]",334.0
1287,11307,3,61,2026-06-14T14:27:24.178000+00:00,23.927,33.323,25.261,265.0,271.0,False,82.511,"[None, 2048, 2048, 2048, 2048, 2048, 2048]","[2048, 2048, 2048, 2048, 2048, 2048, 2048, 2048]","[2048, 2048, 2048, 2048, 2048, 2048, 2048]",
1287,11307,31,59,2026-06-14T14:27:24.693000+00:00,44.041,33.051,25.303,247.0,269.0,True,102.395,"[2064, 2064, 2048, 2048, 2048, 2049, 2049]","[2049, 2049, 2049, 2049, 2049, 2048, 2049, 2048]","[2048, 2048, 2048, 2048, 2049, 2049, 2049]",269.0
1287,11307,16,61,2026-06-14T14:27:31.943000+00:00,24.231,33.384,25.24,265.0,280.0,False,82.855,"[None, 2048, 2048, 2048, 2048, 2048, 2048]","[2048, 2048, 2048, 2048, 2048, 2048, 2048, 2048]","[2048, 2048, 2048, 2048, 2048, 2048, 2048]",324.0
1287,11307,10,60,2026-06-14T14:27:37.553000+00:00,24.168,33.68,25.444,260.0,259.0,False,83.292,"[None, 2048, 2048, 2048, 2048, 2048, 2048]","[2048, 2048, 2048, 2048, 2048, 2048, 2048, 2048]","[2048, 2048, 2048, 2048, 2048, 2048, 2048]",
1287,11307,81,61,2026-06-14T14:27:40.975000+00:00,24.094,33.449,25.128,267.0,261.0,False,82.671,"[None, 2048, 2048, 2048, 2048, 2048, 2048]","[2048, 2048, 2048, 2048, 2048, 2048, 2048, 2048]","[2048, 2048, 2048, 2048, 2048, 2048, 2048]",
1287,11307,43,60,2026-06-14T14:27:49.526000+00:00,24.289,34.298,25.42,259.0,264.0,False,84.007,"[None, 2048, 2048, 2048, 2048, 2048, 2048]","[2048, 2048, 2048, 2048, 2048, 2048, 2048, 2048]","[2048, 2048, 2048, 2048, 2048, 2048, 2048]",
1287,11307,30,60,2026-06-14T14:27:52.087000+00:00,24.23,33.775,25.62,260.0,266.0,False,83.625,"[None, 2048, 2049, 2048, 2048, 2048, 2048]","[2048, 2048, 2048, 2048, 2048, 2048, 2048, 2048]","[2048, 2048, 2048, 2048, 2048, 2048, 2048]",
1287,11307,41,60,2026-06-14T14:27:59.400000+00:00,24.289,33.97,25.654,259.0,265.0,False,83.913,"[None, 2048, 2048, 2048, 2048, 2048, 2048]","[2048, 2048, 2048, 2048, 2048, 2048, 2048, 2048]","[2048, 2048, 2048, 2048, 2048, 2048, 2048]",
1287,11307,11,59,2026-06-14T14:28:07.716000+00:00,25.162,35.494,26.188,242.0,246.0,False,86.844,"[None, 2048, 2048, 2048, 2048, 2048, 2048]","[2048, 2048, 2048, 2048, 2048, 2048, 2048, 2048]","[2048, 2048, 2048, 2048, 2048, 2048, 2048]",321.0
1287,11307,44,62,2026-06-14T14:28:09.905000+00:00,23.804,32.783,24.787,270.0,267.0,False,81.374,"[None, 2048, 2048, 2048, 2048, 2048, 2049]","[2048, 2048, 2048, 2048, 2048, 2048, 2048, 2048]","[2048, 2048, 2048, 2048, 2048, 2048, 2048]",328.0
1287,11307,87,60,2026-06-14T14:28:22.165000+00:00,24.547,34.049,44.925,258.0,259.0,False,103.521,"[None, 2048, 2048, 2048, 2048, 2048, 2048]","[2048, 2048, 2048, 2048, 2048, 2048, 2048, 2048]","[2048, 2048, 2048, 2048, 2064, 2064, 2064]",
1287,11307,12,62,2026-06-14T14:28:27.119000+00:00,23.88,,,262.0,,False,,"[2048, 2048, 2048, 2048, 2048, 2048, 2048]",[2048],,333.0
1287,11307,23,51,2026-06-14T14:28:27.494000+00:00,44.735,33.43,33.585,255.0,271.0,True,111.75,"[2064, 2064, 2048, 2048, 2048, 2048, 2049]","[2048, 2048, 2048, 2048, 2049, 2048, 2049, 2049]","[2048, 2048, 2048, 2048, 2048, 2048, 2048]",246.0
1287,11307,63,62,2026-06-14T14:28:28.681000+00:00,23.829,33.48,25.171,261.0,260.0,False,82.48,"[None, 2048, 2048, 2048, 2048, 2048, 2048]","[2048, 2048, 2048, 2048, 2048, 2048, 2048, 2048]","[2048, 2048, 2048, 2048, 2048, 2048, 2048]",336.0
1287,11307,1,62,2026-06-14T14:28:31.103000+00:00,24.048,33.546,25.13,269.0,275.0,False,82.724,"[None, 2048, 2048, 2048, 2048, 2048, 2048]","[2048, 2048, 2048, 2048, 2048, 2048, 2048, 2048]","[2048, 2048, 2048, 2048, 2048, 2048, 2048]",334.0
1287,11307,5,60,2026-06-14T14:28:33.431000+00:00,24.006,33.411,25.612,,273.0,False,83.029,"[None, 2048, 2048, 2048, 2048, 2048, 2048]","[2048, 2048, 2048, 2048, 2048, 2048, 2048, 2048]","[2048, 2048, 2048, 2048, 2048, 2048, 2048]",336.0
1287,11307,55,60,2026-06-14T14:28:34.853000+00:00,25.029,33.632,28.909,253.0,272.0,False,87.57,"[None, 2048, 2048, 2048, 2048, 2048, 2048]","[2048, 2048, 2048, 2048, 2048, 2048, 2048, 2048]","[2048, 2048, 2048, 2048, 2048, 2048, 2048]",301.0
1287,11307,6,61,2026-06-14T14:28:35.541000+00:00,23.517,33.02,28.114,266.0,272.0,False,84.651,"[None, 2048, 2048, 2048, 2048, 2048, 2048]","[2048, 2048, 2048, 2048, 2048, 2048, 2048, 2048]","[2048, 2048, 2048, 2048, 2048, 2048, 2048]",339.0
1287,11307,3,62,2026-06-14T14:28:46.603000+00:00,23.894,33.839,30.374,268.0,267.0,False,88.107,"[None, 2048, 2048, 2048, 2048, 2048, 2048]","[2048, 2048, 2048, 2048, 2048, 2048, 2048, 2048]","[2048, 2048, 2048, 2048, 2048, 2048, 2048]",
1287,11307,16,62,2026-06-14T14:28:54.744000+00:00,34.196,51.206,39.856,122.0,154.0,False,125.258,"[None, 2048, 2048, 2048, 2048, 2048, 2048]","[2048, 2048, 2048, 2048, 2048, 2048, 2048, 2048]","[2048, 2048, 2048, 2048, 2064, 2064, 2064]",
1287,11307,10,61,2026-06-14T14:29:00.806000+00:00,24.439,37.753,32.063,256.0,236.0,False,94.255,"[None, 2048, 2048, 2048, 2048, 2048, 2048]","[2048, 2048, 2048, 2048, 2048, 2048, 2048, 2048]","[2048, 2048, 2048, 2048, 2048, 2048, 2048]",
1287,11307,81,62,2026-06-14T14:29:03.665000+00:00,24.178,39.859,32.075,249.0,191.0,False,96.112,"[None, 2048, 2048, 2048, 2048, 2048, 2048]","[2048, 2048, 2048, 2048, 2048, 2048, 2048, 2048]","[2048, 2048, 2048, 2048, 2048, 2048, 2048]",333.0
1287,11307,31,60,2026-06-14T14:29:07.163000+00:00,23.587,41.828,30.816,248.0,203.0,False,96.231,"[2048, 2048, 2048, 2049, 2049, 2049, 2049]","[2048, 2048, 2048, 2048, 2048, 2048, 2048, 2048]","[2048, 2048, 2048, 2048, 2048, 2048, 2048]",326.0
1287,11307,43,61,2026-06-14T14:29:13.526000+00:00,24.249,43.011,32.975,256.0,149.0,False,100.235,"[None, 2048, 2048, 2048, 2048, 2048, 2048]","[2048, 2048, 2048, 2048, 2048, 2048, 2048, 2048]","[2048, 2048, 2048, 2048, 2048, 2048, 2048]",334.0
1287,11307,30,61,2026-06-14T14:29:15.668000+00:00,24.316,42.532,33.711,262.0,186.0,False,100.559,"[None, 2048, 2048, 2048, 2048, 2048, 2048]","[2048, 2048, 2048, 2048, 2048, 2048, 2048, 2048]","[2048, 2048, 2048, 2048, 2048, 2048, 2048]",334.0
1287,11307,41,61,2026-06-14T14:29:23.279000+00:00,24.318,42.986,32.828,254.0,211.0,False,100.132,"[None, 2048, 2048, 2048, 2048, 2048, 2048]","[2048, 2048, 2048, 2048, 2048, 2048, 2048, 2048]","[2048, 2048, 2048, 2048, 2048, 2048, 2048]",
1287,11307,44,63,2026-06-14T14:29:31.279000+00:00,24.561,48.226,30.277,175.0,214.0,False,103.064,"[None, 2048, 2048, 2048, 2048, 2048, 2048]","[2048, 2048, 2048, 2048, 2048, 2048, 2048, 2048]","[2048, 2048, 2048, 2048, 2048, 2048, 2048]",325.0
1287,11307,11,60,2026-06-14T14:29:34.545000+00:00,28.491,50.513,27.955,125.0,196.0,False,106.959,"[None, 2048, 2048, 2048, 2048, 2048, 2048]","[2048, 2048, 2048, 2048, 2048, 2048, 2048, 2048]","[2048, 2048, 2048, 2048, 2048, 2048, 2048]",325.0
1287,11307,63,63,2026-06-14T14:29:51.119000+00:00,31.347,44.195,32.007,168.0,116.0,False,107.549,"[None, 2048, 2048, 2048, 2048, 2048, 2048]","[2048, 2048, 2048, 2048, 2048, 2048, 2048, 2048]","[2048, 2048, 2048, 2048, 2048, 2048, 2048]",125.0
1287,11307,1,63,2026-06-14T14:29:53.854000+00:00,32.145,44.414,32.914,159.0,169.0,False,109.473,"[None, 2048, 2048, 2048, 2048, 2048, 2048]","[2048, 2048, 2048, 2048, 2048, 2048, 2048, 2048]","[2048, 2048, 2048, 2048, 2048, 2048, 2048]",175.0
1287,11307,5,61,2026-06-14T14:29:56.401000+00:00,34.548,42.589,32.888,224.0,173.0,False,110.025,"[None, 2048, 2048, 2048, 2048, 2048, 2048]","[2048, 2048, 2048, 2048, 2048, 2048, 2048, 2048]","[2048, 2048, 2048, 2048, 2048, 2048, 2048]",163.0
1287,11307,6,62,2026-06-14T14:30:00.166000+00:00,36.318,41.172,30.839,209.0,227.0,False,108.329,"[None, 2048, 2048, 2048, 2048, 2048, 2048]","[2048, 2048, 2048, 2048, 2048, 2048, 2048, 2048]","[2048, 2048, 2048, 2048, 2048, 2048, 2048]",171.0
1287,11307,55,61,2026-06-14T14:30:02.323000+00:00,36.374,43.302,27.388,189.0,246.0,False,107.064,"[None, 2048, 2048, 2048, 2048, 2048, 2048]","[2048, 2048, 2048, 2048, 2048, 2048, 2048, 2048]","[2048, 2048, 2048, 2048, 2048, 2048, 2048]",200.0
1287,11307,87,61,2026-06-14T14:30:05.694000+00:00,,,,,,False,,,,,
1287,11307,3,63,2026-06-14T14:30:14.607000+00:00,32.905,42.923,33.754,194.0,161.0,False,109.582,"[None, 2048, 2048, 2048, 2048, 2048, 2048]","[2048, 2048, 2048, 2048, 2048, 2048, 2048, 2048]","[2048, 2048, 2048, 2048, 2048, 2048, 2048]",239.0
1287,11307,23,52,2026-06-14T14:30:19.201000+00:00,31.056,42.772,33.567,160.0,218.0,False,107.395,"[2048, 2048, 2048, 2048, 2048, 2048, 2048]","[2048, 2048, 2048, 2048, 2048, 2048, 2048, 2048]","[2048, 2048, 2048, 2048, 2048, 2048, 2048]",251.0
1287,11307,10,62,2026-06-14T14:30:35.014000+00:00,32.218,45.187,30.045,217.0,225.0,False,107.45,"[None, 2048, 2048, 2048, 2048, 2048, 2048]","[2048, 2048, 2048, 2048, 2048, 2048, 2048, 2048]","[2048, 2048, 2048, 2048, 2048, 2048, 2048]",233.0
1287,11307,81,63,2026-06-14T14:30:39.747000+00:00,30.786,44.237,32.989,196.0,205.0,False,108.012,"[None, 2048, 2048, 2048, 2048, 2048, 2048]","[2048, 2048, 2048, 2048, 2048, 2048, 2048, 2048]","[2048, 2048, 2048, 2048, 2048, 2048, 2048]",253.0
1287,11307,31,61,2026-06-14T14:30:43.388000+00:00,31.486,43.317,32.535,182.0,210.0,False,107.338,"[None, 2048, 2048, 2048, 2048, 2048, 2048]","[2048, 2048, 2048, 2048, 2048, 2048, 2048, 2048]","[2048, 2048, 2048, 2048, 2048, 2048, 2048]",228.0
1287,11307,43,62,2026-06-14T14:30:53.807000+00:00,28.816,44.438,32.504,183.0,197.0,False,105.758,"[None, 2048, 2048, 2048, 2048, 2048, 2048]","[2048, 2048, 2048, 2048, 2048, 2048, 2048, 2048]","[2048, 2048, 2048, 2048, 2048, 2048, 2048]",273.0
1287,11307,30,62,2026-06-14T14:30:56.233000+00:00,29.222,44.92,32.45,174.0,200.0,False,106.592,"[None, 2048, 2048, 2048, 2048, 2048, 2048]","[2048, 2048, 2048, 2048, 2048, 2048, 2048, 2048]","[2048, 2048, 2048, 2048, 2048, 2048, 2048]",258.0
1287,11307,16,63,2026-06-14T14:30:59.905000+00:00,,,,,,False,,,,,
1287,11307,41,62,2026-06-14T14:31:03.389000+00:00,31.523,43.761,32.288,187.0,167.0,False,107.572,"[None, 2048, 2048, 2048, 2048, 2048, 2048]","[2048, 2048, 2048, 2048, 2048, 2048, 2048, 2048]","[2048, 2048, 2048, 2048, 2048, 2048, 2048]",276.0
1287,11307,44,64,2026-06-14T14:31:14.326000+00:00,30.896,44.28,32.15,182.0,231.0,False,107.326,"[None, 2048, 2048, 2048, 2048, 2048, 2048]","[2048, 2048, 2048, 2048, 2048, 2048, 2048, 2048]","[2048, 2048, 2048, 2048, 2048, 2048, 2048]",230.0
1287,11307,11,61,2026-06-14T14:31:21.499000+00:00,29.858,45.596,32.804,198.0,224.0,False,108.258,"[None, 2048, 2048, 2048, 2048, 2048, 2048]","[2048, 2048, 2048, 2048, 2048, 2048, 2048, 2048]","[2048, 2048, 2048, 2048, 2048, 2048, 2048]",242.0
1287,11307,63,64,2026-06-14T14:31:38.795000+00:00,31.354,44.784,31.666,200.0,175.0,False,107.804,"[None, 2048, 2048, 2048, 2048, 2048, 2048]","[2048, 2048, 2048, 2048, 2048, 2048, 2048, 2048]","[2048, 2048, 2048, 2048, 2048, 2048, 2048]",239.0
1287,11307,1,64,2026-06-14T14:31:43.364000+00:00,30.638,44.146,33.557,172.0,213.0,False,108.341,"[None, 2048, 2048, 2048, 2048, 2048, 2048]","[2048, 2048, 2048, 2048, 2048, 2048, 2048, 2048]","[2048, 2048, 2048, 2048, 2048, 2048, 2048]",267.0
1287,11307,5,62,2026-06-14T14:31:46.505000+00:00,32.831,41.771,32.907,238.0,228.0,False,107.509,"[None, 2048, 2048, 2048, 2048, 2048, 2048]","[2048, 2048, 2048, 2048, 2048, 2048, 2048, 2048]","[2048, 2048, 2048, 2048, 2048, 2048, 2048]",195.0
1287,11307,6,63,2026-06-14T14:31:48.505000+00:00,31.99,42.53,33.308,202.0,228.0,False,107.828,"[None, 2048, 2048, 2048, 2048, 2048, 2048]","[2048, 2048, 2048, 2048, 2048, 2048, 2048, 2048]","[2048, 2048, 2048, 2048, 2048, 2048]",192.0
1287,11307,55,62,2026-06-14T14:31:49.356000+00:00,33.083,41.327,33.185,204.0,204.0,False,107.595,"[None, 2048, 2048, 2048, 2048, 2048, 2048]","[2048, 2048, 2048, 2048, 2048, 2048, 2048, 2048]","[2048, 2048, 2048, 2048, 2048, 2048, 2048]",
1287,11307,3,64,2026-06-14T14:32:04.276000+00:00,30.483,44.434,30.696,183.0,173.0,False,105.613,"[None, 2048, 2048, 2048, 2048, 2048, 2048]","[2048, 2048, 2048, 2048, 2048, 2048, 2048, 2048]","[2048, 2048, 2048, 2048, 2048, 2048, 2048]",243.0
1287,11307,23,53,2026-06-14T14:32:06.589000+00:00,31.021,44.529,29.932,150.0,234.0,False,105.482,"[None, 2048, 2048, 2048, 2048, 2048, 2048]","[2048, 2048, 2048, 2048, 2048, 2048, 2048, 2048]","[2048, 2048, 2048, 2048, 2048, 2049, 2049]",264.0
1287,11307,10,63,2026-06-14T14:32:22.339000+00:00,31.805,43.409,27.571,226.0,232.0,False,102.785,"[None, 2048, 2048, 2048, 2048, 2048, 2048]","[2048, 2048, 2048, 2048, 2048, 2048, 2048, 2048]","[2048, 2048, 2048, 2048, 2048, 2048, 2048]",240.0
1287,11307,81,64,2026-06-14T14:32:27.852000+00:00,31.47,42.641,26.647,142.0,216.0,False,100.758,"[None, 2048, 2048, 2048, 2048, 2048, 2048]","[2048, 2048, 2048, 2048, 2048, 2048, 2048, 2048]","[2048, 2048, 2048, 2048, 2048, 2048, 2048]",265.0
1287,11307,31,62,2026-06-14T14:32:30.680000+00:00,31.441,42.798,25.806,181.0,223.0,False,100.045,"[None, 2048, 2048, 2048, 2048, 2048, 2048]","[2048, 2048, 2048, 2048, 2048, 2048, 2048, 2048]","[2048, 2048, 2048, 2048, 2048, 2048, 2048]",217.0
1287,11307,43,63,2026-06-14T14:32:39.508000+00:00,31.744,41.199,25.389,216.0,254.0,False,98.332,"[None, 2048, 2048, 2048, 2048, 2048, 2048]","[2048, 2048, 2048, 2048, 2048, 2048, 2048, 2048]","[2048, 2048, 2048, 2048, 2048, 2048, 2048]",236.0
1287,11307,30,63,2026-06-14T14:32:42.770000+00:00,30.813,41.135,25.319,201.0,264.0,False,97.267,"[None, 2048, 2048, 2048, 2048, 2048, 2048]","[2048, 2048, 2048, 2048, 2048, 2048, 2048, 2048]","[2048, 2048, 2048, 2048, 2048, 2048]",303.0
1287,11307,41,63,2026-06-14T14:32:50.916000+00:00,31.477,39.825,25.716,172.0,244.0,False,97.018,"[None, 2048, 2048, 2048, 2048, 2048, 2048]","[2048, 2048, 2048, 2048, 2048, 2048, 2048, 2048]","[2048, 2048, 2048, 2048, 2048, 2048, 2048]",257.0
1287,11307,44,65,2026-06-14T14:33:01.612000+00:00,31.066,36.779,24.814,193.0,254.0,False,92.659,"[None, 2048, 2048, 2048, 2048, 2048, 2048]","[2048, 2048, 2048, 2048, 2048, 2048, 2048, 2048]","[2048, 2048, 2048, 2048, 2048, 2048, 2048]",242.0
1287,11307,11,62,2026-06-14T14:33:09.722000+00:00,29.103,34.655,25.927,206.0,247.0,False,89.685,"[None, 2048, 2048, 2048, 2048, 2048, 2048]","[2048, 2048, 2048, 2048, 2048, 2048, 2048, 2048]","[2048, 2048, 2048, 2048, 2048, 2048, 2048]",322.0
1287,11307,63,65,2026-06-14T14:33:26.452000+00:00,28.949,33.194,24.984,252.0,255.0,False,87.127,"[None, 2048, 2048, 2048, 2048, 2048, 2048]","[2048, 2048, 2048, 2048, 2048, 2048, 2048, 2048]","[2048, 2048, 2048, 2048, 2048, 2048, 2048]",255.0
1287,11307,1,65,2026-06-14T14:33:31.703000+00:00,27.45,33.429,25.131,256.0,250.0,False,86.01,"[None, 2048, 2048, 2048, 2048, 2048, 2048]","[2048, 2048, 2048, 2048, 2048, 2048, 2048, 2048]","[2048, 2048, 2048, 2048, 2048, 2048, 2048]",259.0
1287,11307,5,63,2026-06-14T14:33:33.999000+00:00,27.158,34.891,25.05,252.0,260.0,False,87.099,"[None, 2048, 2048, 2048, 2048, 2048, 2048]","[2048, 2048, 2048, 2048, 2048, 2048, 2048, 2048]","[2048, 2048, 2048, 2048, 2048, 2048, 2048]",255.0
1287,11307,6,64,2026-06-14T14:33:36.296000+00:00,25.745,32.961,24.812,257.0,275.0,False,83.518,"[None, 2048, 2048, 2048, 2048, 2048, 2048]","[2048, 2048, 2048, 2048, 2048, 2048, 2048, 2048]","[2048, 2048, 2048, 2048, 2048, 2048, 2048]",291.0
1287,11307,55,63,2026-06-14T14:33:36.983000+00:00,26.132,33.747,24.928,250.0,271.0,False,84.807,"[None, 2048, 2048, 2048, 2048, 2048, 2048]","[2048, 2048, 2048, 2048, 2048, 2048, 2048, 2049]","[2048, 2048, 2049, 2049, 2048, 2048, 2048]",305.0
1287,11307,3,65,2026-06-14T14:33:49.859000+00:00,24.346,33.755,25.373,248.0,265.0,False,83.474,"[None, 2048, 2048, 2048, 2048, 2048, 2048]","[2048, 2048, 2048, 2048, 2048, 2048, 2048, 2048]","[2048, 2048, 2048, 2048, 2048, 2048, 2048]",326.0
1287,11307,23,54,2026-06-14T14:33:52.139000+00:00,23.861,33.043,24.84,258.0,279.0,False,81.744,"[None, 2048, 2049, 2048, 2049, 2049, 2049]","[2048, 2049, 2049, 2049, 2049, 2049, 2049, 2048]","[2049, 2048, 2049, 2049, 2049, 2048, 2048]",333.0
1287,11307,10,64,2026-06-14T14:34:05.265000+00:00,24.219,33.696,25.37,259.0,259.0,False,83.285,"[None, 2048, 2048, 2048, 2048, 2048, 2048]","[2048, 2048, 2048, 2048, 2048, 2048, 2048, 2048]","[2048, 2048, 2048, 2048, 2048, 2048, 2048]",331.0
1287,11307,81,65,2026-06-14T14:34:08.646000+00:00,24.38,33.771,25.181,259.0,262.0,False,83.332,"[None, 2048, 2048, 2048, 2048, 2048, 2048]","[2048, 2048, 2048, 2048, 2048, 2048, 2048, 2048]","[2048, 2048, 2048, 2048, 2048, 2048, 2048]",329.0
1287,11307,31,63,2026-06-14T14:34:10.724000+00:00,23.622,33.078,24.943,262.0,268.0,False,81.643,"[None, 2048, 2048, 2049, 2049, 2048, 2048]","[2049, 2048, 2048, 2049, 2048, 2049, 2049, 2048]","[2048, 2049, 2048, 2049, 2048, 2048, 2048]",324.0
1287,11307,43,64,2026-06-14T14:34:17.852000+00:00,24.324,34.22,25.608,249.0,255.0,False,84.152,"[None, 2048, 2048, 2048, 2048, 2048, 2048]","[2048, 2048, 2048, 2048, 2048, 2048, 2048, 2048]","[2048, 2048, 2048, 2048, 2048, 2048, 2048]",332.0
1287,11307,30,64,2026-06-14T14:34:19.979000+00:00,24.371,33.975,25.541,259.0,271.0,False,83.887,"[None, 2048, 2048, 2048, 2048, 2048, 2048]","[2048, 2048, 2048, 2048, 2048, 2048, 2048, 2049]","[2048, 2048, 2048, 2048, 2048, 2048, 2048]",333.0
1287,11307,41,64,2026-06-14T14:34:27.988000+00:00,24.204,33.711,25.458,257.0,261.0,False,83.373,"[None, 2048, 2048, 2048, 2048, 2048, 2048]","[2048, 2048, 2048, 2048, 2048, 2048, 2048, 2048]","[2048, 2048, 2048, 2048, 2048, 2048, 2048]",331.0
1287,11307,44,66,2026-06-14T14:34:34.418000+00:00,24.038,32.88,25.187,263.0,259.0,False,82.105,"[None, 2048, 2048, 2048, 2048, 2048, 2048]","[2048, 2048, 2048, 2048, 2048, 2048, 2048, 2048]","[2048, 2048, 2048, 2048, 2048, 2048]",327.0
1287,11307,11,63,2026-06-14T14:34:39.323000+00:00,24.584,34.395,25.799,255.0,265.0,False,84.778,"[None, 2048, 2048, 2048, 2048, 2048, 2049]","[2048, 2048, 2048, 2048, 2048, 2048, 2048, 2049]","[2048, 2048, 2048, 2048, 2048, 2048, 2048]",329.0
1287,11307,63,66,2026-06-14T14:34:53.683000+00:00,23.86,33.312,25.15,258.0,265.0,False,82.322,"[None, 2048, 2048, 2048, 2048, 2048, 2048]","[2048, 2048, 2048, 2048, 2048, 2048, 2048, 2048]","[2048, 2048, 2048, 2048, 2048, 2048, 2048]",330.0
1287,11307,1,66,2026-06-14T14:34:57.783000+00:00,23.985,33.349,25.067,267.0,260.0,False,82.401,"[None, 2048, 2048, 2048, 2048, 2048, 2048]","[2048, 2048, 2048, 2048, 2048, 2048, 2048, 2048]","[2048, 2048, 2048, 2048, 2048, 2048, 2048]",330.0
1287,11307,6,65,2026-06-14T14:34:59.847000+00:00,23.4,32.814,24.9,267.0,277.0,False,81.114,"[None, 2048, 2048, 2048, 2048, 2049, 2051]","[2048, 2048, 2048, 2048, 2048, 2048, 2048, 2048]","[2048, 2048, 2048, 2048, 2048, 2048, 2048]",333.0
1287,11307,5,64,2026-06-14T14:35:01.003000+00:00,23.835,33.312,24.837,260.0,272.0,False,81.984,"[None, 2048, 2048, 2048, 2048, 2048, 2048]","[2048, 2048, 2048, 2048, 2048, 2048, 2048, 2049]","[2048, 2048, 2048, 2048, 2048, 2048, 2048]",329.0
1287,11307,55,64,2026-06-14T14:35:01.800000+00:00,23.953,33.622,24.875,252.0,271.0,False,82.45,"[None, 2048, 2049, 2048, 2048, 2048, 2048]","[2048, 2048, 2048, 2048, 2048, 2048, 2049, 2048]","[2049, 2048, 2048, 2048, 2048, 2048, 2048]",350.0
1287,11307,3,66,2026-06-14T14:35:13.488000+00:00,24.034,33.855,25.635,256.0,266.0,False,83.524,"[None, 2048, 2048, 2048, 2048, 2048, 2048]","[2048, 2048, 2048, 2048, 2048, 2048, 2048, 2048]","[2048, 2048, 2048, 2048, 2048, 2048, 2048]",332.0
1287,11307,23,55,2026-06-14T14:35:13.894000+00:00,24.005,34.074,25.509,248.0,267.0,False,83.588,"[None, 2048, 2048, 2048, 2048, 2049, 2049]","[2048, 2048, 2048, 2048, 2048, 2048, 2048, 2048]","[2048, 2048, 2048, 2048, 2048, 2048, 2048]",328.0
1287,11307,10,65,2026-06-14T14:35:28.734000+00:00,24.302,33.939,25.381,255.0,253.0,False,83.622,"[None, 2048, 2048, 2048, 2048, 2048, 2048]","[2048, 2048, 2048, 2048, 2048, 2048, 2048, 2048]","[2048, 2048, 2048, 2048, 2048, 2048, 2048]",332.0
1287,11307,81,66,2026-06-14T14:35:31.906000+00:00,24.156,33.643,25.367,263.0,254.0,False,83.166,"[None, 2048, 2048, 2048, 2048, 2048, 2048]","[2048, 2048, 2048, 2048, 2048, 2048, 2048, 2048]","[2048, 2048, 2048, 2048, 2048, 2048, 2048]",331.0
1287,11307,31,64,2026-06-14T14:35:32.375000+00:00,24.073,33.625,25.413,240.0,246.0,False,83.111,"[None, 2048, 2048, 2048, 2048, 2048, 2048]","[2048, 2048, 2048, 2048, 2048, 2048, 2048, 2048]","[2048, 2048, 2048, 2048, 2048, 2048, 2048]",345.0
1287,11307,43,65,2026-06-14T14:35:42.062000+00:00,24.337,34.25,25.677,259.0,255.0,False,84.264,"[None, 2048, 2048, 2048, 2048, 2048, 2048]","[2048, 2048, 2048, 2048, 2048, 2048, 2048, 2048]","[2048, 2048, 2048, 2048, 2048, 2048, 2048]",
1287,11307,30,65,2026-06-14T14:35:43.945000+00:00,24.473,34.166,26.022,261.0,263.0,False,84.661,"[None, 2048, 2048, 2048, 2048, 2048, 2048]","[2048, 2048, 2048, 2048, 2048, 2048, 2048, 2048]","[2048, 2048, 2048, 2048, 2048, 2048, 2048]",331.0
1287,11307,41,65,2026-06-14T14:35:51.436000+00:00,24.145,33.589,25.315,262.0,267.0,False,83.049,"[None, 2048, 2048, 2048, 2048, 2048, 2048]","[2048, 2048, 2048, 2049, 2048, 2048, 2048, 2049]","[2048, 2048, 2048, 2048, 2048, 2048, 2048]",332.0
