meeting_key,session_key,driver_number,lap_number,date_start,duration_sector_1,duration_sector_2,duration_sector_3,i1_speed,i2_speed,is_pit_out_lap,lap_duration,segments_sector_1,segments_sector_2,segments_sector_3,st_speed
1294,11369,1,1,2026-09-13T13:04:04.248000+00:00,33.032,36.257,32.846,201.0,251.0,False,102.135,"[2048, 2049, 2049, 2049, 2049, 2049, 2049, 2049]","[2049, 2049, 2051, 2049, 2049, 2051, 2051, 2051]","[2051, 2051, 2049, 2049, 2051, 2051, 2051, 2051, 2051, 2051]",298.0
1294,11369,3,1,2026-09-13T13:04:04.248000+00:00,33.201,36.843,33.385,180.0,237.0,False,103.429,"[2048, 2049, 2051, 2049, 2049, 2049, 2049, 2049]","[2049, 2049, 2049, 2049, 2051, 2049, 2049, 2049]","[2049, 2049, 2049, 2051, 2049, 2049, 2049, 2049, 2051, 2048]",264.0
1294,11369,12,1,2026-09-13T13:04:04.248000+00:00,33.195,37.541,33.612,192.0,230.0,False,104.348,"[2048, 2049, 2049, 2049, 2049, 2049, 2051, 2049]","[2049, 2049, 2049, 2051, 2049, 2049, 2049, 2049]","[2049, 2049, 2051, 2049, 2049, 2049, 2049, 2049, 2049, 2049]",305.0
1294,11369,44,1,2026-09-13T13:04:04.248000+00:00,33.405,37.709,33.663,189.0,232.0,False,104.777,"[2048, 2051, 2049, 2049, 2049, 2049, 2049, 2051]","[2049, 2049, 2049, 2049, 2049, 2049, 2049, 2049]","[2049, 2049, 2049, 2049, 2049, 2049, 2049, 2049, 2049, 2049]",253.0
1294,11369,16,1,2026-09-13T13:04:04.248000+00:00,33.952,37.764,33.836,187.0,239.0,False,105.552,"[2048, 2049, 2049, 2049, 2049, 2049, 2049, 2049]","[2049, 2049, 2049, 2049, 2049, 2049, 2049, 2049]","[2049, 2049, 2049, 2049, 2049, 2049, 2049, 2049, 2049, 2049]",247.0
1294,11369,63,1,2026-09-13T13:04:04.248000+00:00,34.56,37.47,33.928,180.0,221.0,False,105.958,"[2048, 2049, 2049, 2049, 2049, 2049, 2049, 2049]","[2049, 2049, 2049, 2049, 2049, 2049, 2049, 2049]","[2049, 2049, 2049, 2049, 2049, 2049, 2049, 2049, 2049, 2049]",238.0
1294,11369,43,1,2026-09-13T13:04:04.248000+00:00,35.051,37.611,34.122,189.0,231.0,False,106.784,"[2048, 2049, 2049, 2049, 2049, 2049, 2049, 2049]","[2049, 2049, 2049, 2049, 2049, 2049, 2049, 2049]","[2049, 2049, 2049, 2049, 2049, 2049, 2049, 2049, 2049, 2048]",238.0
1294,11369,30,1,2026-09-13T13:04:04.248000+00:00,35.365,37.796,34.431,191.0,229.0,False,107.592,"[2048, 2049, 2049, 2051, 2051, 2049, 2049, 2049]","[2049, 2049, 2049, 2049, 2049, 2049, 2049, 2049]","[2049, 2049, 2049, 2049, 2049, 2049, 2049, 2049, 2049, 2049]",228.0
1294,11369,41,1,2026-09-13T13:04:04.248000+00:00,35.77,37.854,34.533,196.0,228.0,False,108.157,"[2048, 2049, 2049, 2049, 2049, 2049, 2049, 2049]","[2049, 2051, 2049, 2049, 2049, 2049, 2049, 2049]","[2049, 2049, 2049, 2049, 2049, 2049, 2049, 2049, 2049, 2049]",240.0
1294,11369,81,1,2026-09-13T13:04:04.248000+00:00,36.215,37.908,34.54,190.0,217.0,False,108.663,"[2048, 2049, 2049, 2049, 2049, 2049, 2049, 2049]","[2049, 2049, 2049, 2049, 2049, 2049, 2049, 2049]","[2049, 2049, 2049, 2049, 2049, 2049, 2049, 2049, 2049, 2048]",220.0
1294,11369,31,1,2026-09-13T13:04:04.248000+00:00,36.229,38.487,34.548,187.0,227.0,False,109.264,"[2048, 2049, 2049, 2049, 2049, 2049, 2049, 2049]","[2049, 2049, 2049, 2049, 2049, 2049, 2049, 2049]","[2049, 2049, 2049, 2049, 2049, 2049, 2049, 2049, 2049, 2049]",227.0
1294,11369,27,1,2026-09-13T13:04:04.248000+00:00,36.409,38.486,34.737,186.0,206.0,False,109.632,"[2048, 2049, 2049, 2049, 2049, 2049, 2049, 2049]","[2049, 2049, 2049, 2049, 2049, 2049, 2049, 2049]","[2049, 2049, 2049, 2049, 2049, 2049, 2049, 2049, 2049, 2049]",213.0
1294,11369,10,1,2026-09-13T13:04:04.248000+00:00,36.811,38.59,35.142,184.0,218.0,False,110.543,"[2048, 2049, 2049, 2049, 2049, 2051, 2049, 2049]","[2049, 2049, 2049, 2049, 2049, 2049, 2049, 2049]","[2049, 2049, 2049, 2049, 2049, 2049, 2049, 2049, 2049, 2049]",245.0
1294,11369,23,1,2026-09-13T13:04:04.248000+00:00,37.036,38.989,35.344,182.0,215.0,False,111.369,"[2048, 2049, 2049, 2049, 2049, 2049, 2049, 2049]","[2049, 2049, 2049, 2049, 2049, 2049, 2049, 2049]","[2049, 2049, 2049, 2049, 2049, 2049, 2049, 2049, 2049, 2049]",228.0
1294,11369,5,1,2026-09-13T13:04:04.248000+00:00,37.252,39.171,35.308,185.0,200.0,False,111.731,"[2048, 2049, 2049, 2049, 2049, 2049, 2049, 2049]","[2049, 2049, 2049, 2049, 2049, 2049, 2049, 2049]","[2049, 2049, 2049, 2049, 2049, 2049, 2049, 2049, 2049, 2049]",236.0
1294,11369,11,1,2026-09-13T13:04:04.248000+00:00,37.861,39.169,35.004,180.0,203.0,False,112.034,"[2048, 2049, 2049, 2049, 2049, 2049, 2049, 2049]","[2049, 2049, 2049, 2049, 2049, 2049, 2049, 2049]","[2049, 2049, 2049, 2049, 2049, 2049, 2049, 2049, 2049, 2049]",233.0
1294,11369,22,1,2026-09-13T13:04:04.248000+00:00,38.197,39.288,35.411,184.0,214.0,False,112.896,"[2048, 2049, 2049, 2049, 2049, 2049, 2049, 2049]","[2049, 2049, 2049, 2049, 2049, 2049, 2049, 2049]","[2049, 2049, 2049, 2049, 2049, 2049, 2049, 2049, 2049, 2049]",219.0
1294,11369,55,1,2026-09-13T13:04:04.248000+00:00,38.746,39.512,35.143,176.0,206.0,False,113.401,"[2048, 2049, 2049, 2049, 2049, 2049, 2049, 2049]","[2049, 2049, 2049, 2049, 2049, 2049, 2049, 2049]","[2049, 2049, 2049, 2049, 2049, 2049, 2049, 2049, 2049, 2049]",224.0
1294,11369,18,1,2026-09-13T13:04:04.248000+00:00,39.73,38.881,35.455,182.0,208.0,False,114.066,"[2048, 2049, 2049, 2049, 2049, 2049, 2049, 2049]","[2049, 2049, 2049, 2049, 2049, 2049, 2049, 2049]","[2049, 2049, 2049, 2049, 2049, 2049, 2049, 2049, 2049, 2049]",213.0
1294,11369,14,1,2026-09-13T13:04:04.248000+00:00,40.89,38.431,35.306,171.0,214.0,False,114.627,"[2048, 2049, 2049, 2049, 2049, 2049, 2049, 2049]","[2049, 2049, 2049, 2049, 2049, 2049, 2049, 2049]","[2049, 2049, 2049, 2049, 2049, 2049, 2049, 2049, 2049, 2049]",226.0
1294,11369,77,1,2026-09-13T13:04:04.248000+00:00,41.027,39.314,35.235,168.0,228.0,False,115.576,"[2048, 2049, 2049, 2049, 2049, 2049, 2049, 2049]","[2049, 2049, 2049, 2049, 2049, 2049, 2049, 2049]","[2049, 2049, 2049, 2049, 2049, 2049, 2049, 2049, 2049, 2049]",220.0
1294,11369,87,1,2026-09-13T13:04:04.248000+00:00,45.927,37.389,33.916,204.0,240.0,False,117.232,"[None, 2064, 2064, 2064, 2049, 2049, 2049, 2049]","[2051, 2049, 2049, 2049, 2049, 2049, 2049, 2049]","[2049, 2049, 2049, 2051, 2049, 2049, 2049, 2049, 2049, 2049]",252.0
1294,11369,1,2,2026-09-13T13:05:46.383000+00:00,30.504,35.647,33.253,218.0,247.0,False,99.404,"[2049, 2049, 2049, 2049, 2049, 2048, 2049, 2051]","[2051, 2051, 2051, 2049, 2049, 2048, 2048, 2048]","[2048, 2048, 2048, 2049, 2048, 2048, 2051, 2048, 2048]",295.0
1294,11369,3,2,2026-09-13T13:05:47.677000+00:00,30.477,36.361,33.287,207.0,244.0,False,100.125,"[2049, 2049, 2049, 2049, 2048, 2048, 2049, 2049]","[2049, 2049, 2049, 2048, 2048, 2049, 2048, 2049]","[2051, 2048, 2048, 2051, 2048, 2048, 2048, 2048, 2048, 2048]",269.0
1294,11369,12,2,2026-09-13T13:05:48.596000+00:00,30.295,36.511,33.445,209.0,246.0,False,100.251,"[2049, 2049, 2049, 2049, 2049, 2049, 2048, 2049]","[2049, 2049, 2049, 2048, 2049, 2049, 2048, 2049]","[2049, 2048, 2048, 2049, 2048, 2048, 2049, 2049, 2048, 2048]",278.0
1294,11369,44,2,2026-09-13T13:05:49.025000+00:00,30.928,36.626,33.431,207.0,239.0,False,100.985,"[2049, 2049, 2049, 2049, 2049, 2051, 2049, 2048]","[2049, 2049, 2049, 2048, 2049, 2049, 2049, 2049]","[2049, 2049, 2049, 2049, 2049, 2048, 2049, 2049, 2048, 2048]",284.0
1294,11369,16,2,2026-09-13T13:05:49.800000+00:00,30.582,37.107,33.814,201.0,242.0,False,101.503,"[2049, 2049, 2049, 2049, 2049, 2049, 2049, 2048]","[2049, 2049, 2049, 2048, 2049, 2049, 2049, 2048]","[2049, 2049, 2048, 2049, 2049, 2048, 2048, 2048, 2049, 2049]",268.0
1294,11369,63,2,2026-09-13T13:05:50.206000+00:00,30.353,37.56,33.77,184.0,239.0,False,101.683,"[2049, 2049, 2051, 2049, 2051, 2049, 2049, 2049]","[2049, 2048, 2049, 2048, 2049, 2049, 2048, 2048]","[2049, 2049, 2049, 2049, 2049, 2048, 2048, 2048, 2048]",262.0
1294,11369,43,2,2026-09-13T13:05:51.032000+00:00,31.468,37.126,33.873,196.0,240.0,False,102.467,"[2049, 2049, 2049, 2049, 2049, 2049, 2049, 2048]","[2049, 2049, 2049, 2049, 2049, 2049, 2048, 2049]","[2049, 2048, 2049, 2049, 2048, 2048, 2049, 2048, 2048, 2049]",301.0
1294,11369,30,2,2026-09-13T13:05:51.840000+00:00,30.835,37.643,34.111,199.0,238.0,False,102.589,"[2049, 2049, 2049, 2051, 2048, 2048, 2049, 2049]","[2048, 2048, 2049, 2048, 2049, 2049, 2049, 2049]","[2049, 2049, 2049, 2049, 2048, 2049, 2049, 2048, 2048, 2048]",279.0
1294,11369,41,2,2026-09-13T13:05:52.405000+00:00,30.834,37.844,34.189,197.0,240.0,False,102.867,"[2049, 2049, 2049, 2049, 2049, 2049, 2049, 2049]","[2049, 2048, 2048, 2049, 2048, 2049, 2049, 2049]","[2049, 2049, 2049, 2049, 2049, 2048, 2049, 2049, 2048, 2048]",256.0
1294,11369,81,2,2026-09-13T13:05:52.911000+00:00,30.852,37.886,34.213,207.0,230.0,False,102.951,"[2049, 2049, 2049, 2049, 2049, 2049, 2049, 2049]","[2049, 2049, 2048, 2048, 2048, 2049, 2049, 2049]","[2049, 2049, 2048, 2049, 2049, 2048, 2049, 2049, 2048, 2049]",262.0
1294,11369,31,2,2026-09-13T13:05:53.512000+00:00,31.1,37.715,34.39,194.0,227.0,False,103.205,"[2049, 2049, 2049, 2049, 2048, 2049, 2049, 2049]","[2049, 2049, 2048, 2048, 2048, 2049, 2049, 2049]","[2049, 2049, 2049, 2048, 2049, 2048, 2049, 2049, 2048, 2048]",254.0
1294,11369,27,2,2026-09-13T13:05:53.880000+00:00,31.156,37.592,34.629,200.0,221.0,False,103.377,"[2049, 2049, 2049, 2049, 2049, 2049, 2049, 2049]","[2049, 2049, 2048, 2048, 2049, 2049, 2048, 2049]","[2049, 2049, 2048, 2048, 2049, 2048, 2049, 2049, 2048, 2048]",254.0
1294,11369,10,2,2026-09-13T13:05:54.791000+00:00,31.348,37.202,34.439,193.0,230.0,False,102.989,"[2049, 2049, 2049, 2049, 2048, 2048, 2049, 2049]","[2049, 2049, 2049, 2048, 2049, 2049, 2049, 2049]","[2049, 2049, 2049, 2049, 2049, 2049, 2049, 2048, 2048, 2049]",281.0
1294,11369,23,2,2026-09-13T13:05:55.617000+00:00,32.04,37.629,34.542,205.0,225.0,False,104.211,"[2049, 2049, 2049, 2049, 2048, 2048, 2049, 2049]","[2049, 2049, 2049, 2048, 2049, 2049, 2049, 2049]","[2049, 2049, 2049, 2049, 2049, 2048, 2049, 2049, 2048, 2049]",265.0
1294,11369,5,2,2026-09-13T13:05:55.979000+00:00,30.791,37.425,34.366,206.0,229.0,False,102.582,"[2049, 2049, 2049, 2049, 2048, 2049, 2049, 2049]","[2049, 2049, 2049, 2048, 2049, 2049, 2049, 2049]","[2049, 2049, 2049, 2049, 2049, 2048, 2049, 2049, 2049, 2049]",280.0
1294,11369,11,2,2026-09-13T13:05:56.282000+00:00,31.917,37.698,34.87,193.0,225.0,False,104.485,"[2049, 2049, 2049, 2049, 2049, 2048, 2049, 2049]","[2049, 2049, 2049, 2049, 2049, 2049, 2049, 2049]","[2049, 2049, 2048, 2049, 2048, 2048, 2048, 2048, 2048, 2048]",230.0
1294,11369,22,2,2026-09-13T13:05:57.144000+00:00,31.801,37.606,34.754,207.0,227.0,False,104.161,"[2049, 2049, 2049, 2049, 2048, 2049, 2049, 2049]","[2049, 2049, 2049, 2049, 2049, 2049, 2049, 2049]","[2049, 2049, 2049, 2049, 2049, 2049, 2049, 2048, 2048, 2048]",255.0
1294,11369,55,2,2026-09-13T13:05:57.649000+00:00,32.08,38.264,34.837,194.0,218.0,False,105.181,"[2049, 2049, 2049, 2049, 2049, 2049, 2049, 2049]","[2049, 2049, 2049, 2049, 2049, 2049, 2049, 2049]","[2049, 2049, 2048, 2049, 2049, 2048, 2049, 2048, 2048, 2048]",233.0
1294,11369,18,2,2026-09-13T13:05:58.314000+00:00,32.149,38.326,34.898,199.0,226.0,False,105.373,"[2049, 2049, 2049, 2049, 2049, 2049, 2049, 2049]","[2049, 2049, 2049, 2049, 2049, 2049, 2049, 2049]","[2049, 2049, 2049, 2049, 2049, 2048, 2048, 2049, 2048, 2049]",268.0
1294,11369,14,2,2026-09-13T13:05:58.875000+00:00,32.093,38.42,34.954,187.0,220.0,False,105.467,"[2051, 2049, 2049, 2049, 2048, 2049, 2049, 2049]","[2049, 2049, 2048, 2048, 2048, 2048, 2048, 2048]","[2049, 2048, 2048, 2049, 2049, 2048, 2048, 2048, 2048, 2048]",252.0
1294,11369,77,2,2026-09-13T13:05:59.824000+00:00,31.75,38.826,35.944,199.0,223.0,False,106.52,"[2049, 2049, 2049, 2049, 2049, 2049, 2049, 2049]","[2049, 2049, 2049, 2048, 2048, 2048, 2049, 2048]","[2048, 2049, 2048, 2048, 2049, 2048, 2048, 2048, 2048, 2048]",243.0
1294,11369,87,2,2026-09-13T13:06:01.480000+00:00,30.932,38.339,34.744,201.0,211.0,False,104.015,"[2049, 2049, 2049, 2049, 2049, 2049, 2049, 2049]","[2048, 2048, 2048, 2049, 2049, 2048, 2048, 2048]","[2048, 2048, 2048, 2048, 2048, 2048, 2049, 2048, 2048, 2049]",247.0
1294,11369,1,3,2026-09-13T13:07:25.754000+00:00,30.661,36.019,33.431,,250.0,False,100.111,"[2048, 2048, 2049, 2049, 2049, 2048, 2048, 2048]","[2048, 2048, 2048, 2048, 2048, 2048, 2048, 2048]","[2048, 2048, 2048, 2048, 2048, 2048, 2048, 2048, 2048, 2048]",294.0
1294,11369,3,3,2026-09-13T13:07:28.026000+00:00,30.573,36.215,33.367,210.0,236.0,False,100.155,"[2048, 2049, 2048, 2048, 2048, 2048, 2048, 2049]","[2049, 2051, 2049, 2048, 2051, 2049, 2048, 2048]","[2048, 2049, 2049, 2048, 2048, 2048, 2049, 2048, 2048, 2048]",279.0
1294,11369,12,3,2026-09-13T13:07:28.839000+00:00,30.113,36.548,33.424,,247.0,False,100.085,"[2048, 2048, 2049, 2049, 2048, 2049, 2048, 2049]","[2048, 2048, 2048, 2048, 2049, 2049, 2048, 2048]","[2049, 2049, 2048, 2049, 2048, 2048, 2049, 2048, 2048, 2048]",280.0
1294,11369,44,3,2026-09-13T13:07:30.039000+00:00,30.043,36.404,33.392,211.0,235.0,False,99.839,"[2048, 2048, 2049, 2049, 2048, 2048, 2049, 2049]","[2049, 2049, 2049, 2049, 2049, 2049, 2048, 2048]","[2048, 2048, 2049, 2051, 2048, 2048, 2049, 2048, 2048, 2048]",293.0
1294,11369,16,3,2026-09-13T13:07:31.300000+00:00,30.358,36.488,33.366,212.0,247.0,False,100.212,"[None, 2051, 2049, 2048, 2048, 2048, 2049, 2049]","[2049, 2049, 2049, 2048, 2049, 2049, 2048, 2049]","[2049, 2048, 2048, 2049, 2048, 2048, 2049, 2049, 2048, 2048]",285.0
1294,11369,63,3,2026-09-13T13:07:31.838000+00:00,30.492,36.803,33.345,210.0,247.0,False,100.64,"[None, 2049, 2048, 2048, 2048, 2048, 2049, 2049]","[2049, 2049, 2049, 2048, 2049, 2049, 2049, 2049]","[2049, 2049, 2048, 2048, 2049, 2048, 2049, 2049, 2048, 2048]",282.0
1294,11369,43,3,2026-09-13T13:07:33.579000+00:00,30.998,37.082,34.057,209.0,240.0,False,102.137,"[None, 2049, 2048, 2048, 2048, 2048, 2048, 2049]","[2049, 2048, 2049, 2048, 2049, 2048, 2048, 2048]","[2048, 2048, 2048, 2049, 2048, 2048, 2048, 2048, 2048, 2048]",281.0
1294,11369,30,3,2026-09-13T13:07:34.476000+00:00,30.805,37.132,34.226,200.0,237.0,False,102.163,"[None, 2048, 2049, 2048, 2048, 2048, 2048, 2049]","[2049, 2049, 2049, 2048, 2049, 2048, 2048, 2048]","[2049, 2048, 2048, 2048, 2048, 2049, 2048, 2048, 2048, 2048]",273.0
1294,11369,41,3,2026-09-13T13:07:35.293000+00:00,30.751,37.223,34.257,206.0,238.0,False,102.231,"[2048, 2049, 2048, 2048, 2048, 2049, 2049, 2049]","[2049, 2048, 2049, 2049, 2048, 2049, 2048, 2048]","[2049, 2048, 2048, 2049, 2048, 2048, 2049, 2048, 2048, 2048]",275.0
1294,11369,81,3,2026-09-13T13:07:35.912000+00:00,30.807,37.673,34.017,215.0,244.0,False,102.497,"[None, 2049, 2048, 2048, 2048, 2049, 2048, 2048]","[2049, 2048, 2048, 2048, 2049, 2049, 2048, 2049]","[2049, 2049, 2048, 2049, 2048, 2048, 2048, 2048, 2048]",278.0
1294,11369,31,3,2026-09-13T13:07:36.604000+00:00,30.675,37.739,34.194,202.0,232.0,False,102.608,"[2048, 2049, 2048, 2048, 2049, 2049, 2049, 2049]","[2048, 2048, 2049, 2048, 2048, 2048, 2048, 2048]","[2049, 2049, 2048, 2049, 2048, 2048, 2048, 2049, 2048, 2048]",261.0
1294,11369,27,3,2026-09-13T13:07:37.276000+00:00,30.609,37.512,34.686,204.0,230.0,False,102.807,"[2048, 2049, 2049, 2048, 2048, 2049, 2049, 2049]","[2048, 2049, 2049, 2048, 2048, 2048, 2048, 2049]","[2049, 2048, 2049, 2048, 2048, 2048, 2048, 2048, 2048, 2048]",281.0
1294,11369,10,3,2026-09-13T13:07:37.822000+00:00,30.875,37.406,34.514,204.0,225.0,False,102.795,"[None, 2049, 2049, 2049, 2049, 2049, 2048, 2049]","[2049, 2048, 2048, 2048, 2048, 2048, 2048, 2048]","[2048, 2049, 2048, 2049, 2048, 2048, 2049, 2048, 2048, 2049]",265.0
1294,11369,5,3,2026-09-13T13:07:38.400000+00:00,30.979,37.341,34.52,214.0,233.0,False,102.84,"[2048, 2048, 2049, 2048, 2048, 2048, 2048, 2049]","[2049, 2048, 2049, 2048, 2049, 2048, 2048, 2049]","[2048, 2048, 2048, 2049, 2048, 2048, 2049, 2049, 2048, 2048]",264.0
1294,11369,23,3,2026-09-13T13:07:39.764000+00:00,31.148,37.858,34.597,211.0,222.0,False,103.603,"[None, 2049, 2048, 2048, 2048, 2049, 2049, 2049]","[2049, 2048, 2048, 2048, 2048, 2049, 2048, 2048]","[2049, 2048, 2048, 2048, 2049, 2048, 2049, 2048, 2048]",276.0
1294,11369,11,3,2026-09-13T13:07:40.832000+00:00,31.532,37.631,34.632,204.0,222.0,False,103.795,"[2048, 2049, 2048, 2048, 2048, 2048, 2049, 2049]","[2049, 2049, 2049, 2048, 2049, 2048, 2048, 2049]","[2049, 2049, 2048, 2049, 2049, 2048, 2049, 2048, 2048, 2048]",240.0
1294,11369,22,3,2026-09-13T13:07:41.395000+00:00,31.627,37.679,34.888,204.0,233.0,False,104.194,"[None, 2049, 2049, 2049, 2049, 2048, 2048, 2048]","[2048, 2048, 2049, 2048, 2049, 2049, 2048, 2048]","[2049, 2048, 2049, 2048, 2049, 2048, 2048, 2048, 2048, 2048]",226.0
1294,11369,55,3,2026-09-13T13:07:42.777000+00:00,31.372,38.218,34.921,198.0,226.0,False,104.511,"[2048, 2049, 2049, 2048, 2048, 2049, 2049, 2049]","[2048, 2049, 2049, 2048, 2049, 2048, 2048, 2049]","[2049, 2048, 2048, 2048, 2048, 2048, 2049, 2048, 2048, 2048]",249.0
1294,11369,18,3,2026-09-13T13:07:43.775000+00:00,31.499,38.775,34.668,203.0,225.0,False,104.942,"[None, 2049, 2049, 2048, 2049, 2049, 2049, 2049]","[2049, 2049, 2048, 2048, 2048, 2048, 2048, 2048]","[2049, 2048, 2048, 2049, 2049, 2048, 2048, 2048, 2049, 2049]",269.0
1294,11369,14,3,2026-09-13T13:07:44.323000+00:00,31.232,37.722,34.819,202.0,239.0,False,103.773,"[2048, 2048, 2049, 2049, 2049, 2049, 2049, 2049]","[2048, 2049, 2048, 2048, 2049, 2049, 2049, 2049]","[2048, 2049, 2048, 2049, 2049, 2048, 2048, 2048, 2048, 2048]",268.0
1294,11369,87,3,2026-09-13T13:07:45.370000+00:00,30.775,38.21,34.794,200.0,218.0,False,103.779,"[2048, 2048, 2049, 2049, 2049, 2049, 2049, 2048]","[2048, 2049, 2048, 2048, 2048, 2048, 2048, 2048]","[2048, 2048, 2048, 2048, 2048, 2048, 2048, 2048, 2049, 2049]",266.0
1294,11369,77,3,2026-09-13T13:07:46.417000+00:00,31.42,38.2,35.381,207.0,217.0,False,105.001,"[2048, 2049, 2048, 2049, 2049, 2049, 2049, 2048]","[2049, 2049, 2048, 2049, 2049, 2048, 2049, 2048]","[2048, 2048, 2048, 2049, 2049, 2048, 2048, 2049, 2048, 2048]",256.0
1294,11369,1,4,2026-09-13T13:09:05.999000+00:00,30.37,36.213,33.536,220.0,249.0,False,100.119,"[None, 2049, 2049, 2048, 2048, 2048, 2048, 2051]","[2048, 2048, 2048, 2048, 2048, 2048, 2048, 2048]","[2048, 2048, 2048, 2048, 2048, 2048, 2048, 2048, 2048]",287.0
1294,11369,3,4,2026-09-13T13:09:08.139000+00:00,30.83,40.083,34.411,211.0,234.0,False,105.324,"[2049, 2048, 2049, 2048, 2048, 2048, 2048, 2048]","[2048, 2048, 2049, 2048, 2048, 2048, 2048, 2048]","[2048, 2048, 2049, 2048, 2048, 2048, 2048, 2048, 2048, 2048]",242.0
1294,11369,12,4,2026-09-13T13:09:08.877000+00:00,30.489,36.402,33.02,214.0,249.0,False,99.911,"[None, 2049, 2048, 2048, 2048, 2048, 2048, 2048]","[2049, 2048, 2049, 2048, 2049, 2048, 2048, 2049]","[2049, 2049, 2048, 2049, 2049, 2048, 2049, 2049, 2048, 2049]",266.0
1294,11369,44,4,2026-09-13T13:09:09.861000+00:00,31.052,37.362,34.641,165.0,206.0,False,103.055,"[None, 2051, 2048, 2048, 2048, 2048, 2048, 2048]","[2048, 2048, 2048, 2048, 2048, 2048, 2048, 2048]","[2048, 2048, 2049, 2048, 2048, 2048, 2048, 2048, 2049, 2049]",239.0
1294,11369,16,4,2026-09-13T13:09:11.530000+00:00,30.825,37.082,34.391,206.0,230.0,False,102.298,"[2048, 2049, 2048, 2048, 2048, 2048, 2048, 2048]","[2048, 2048, 2048, 2048, 2048, 2048, 2048, 2048]","[2048, 2048, 2048, 2048, 2048, 2048, 2048, 2048, 2048, 2048]",276.0
1294,11369,63,4,2026-09-13T13:09:12.593000+00:00,30.605,37.449,34.065,207.0,225.0,False,102.119,"[2051, 2049, 2048, 2048, 2048, 2048, 2049, 2048]","[2048, 2048, 2048, 2048, 2048, 2048, 2048, 2048]","[2048, 2048, 2048, 2048, 2048, 2048, 2048, 2048, 2048, 2048]",289.0
1294,11369,43,4,2026-09-13T13:09:15.887000+00:00,30.902,37.129,33.888,212.0,243.0,False,101.919,"[2048, 2048, 2048, 2048, 2048, 2048, 2049, 2049]","[2049, 2048, 2048, 2048, 2049, 2048, 2048, 2048]","[2049, 2048, 2048, 2048, 2049, 2048, 2049, 2049, 2049, 2049]",290.0
1294,11369,30,4,2026-09-13T13:09:16.621000+00:00,30.699,36.921,34.19,204.0,239.0,False,101.81,"[None, 2049, 2048, 2048, 2048, 2049, 2048, 2048]","[2048, 2049, 2049, 2049, 2049, 2048, 2048, 2048]","[2048, 2048, 2048, 2048, 2049, 2049, 2048, 2048, 2048, 2048]",
1294,11369,41,4,2026-09-13T13:09:17.684000+00:00,31.245,37.172,34.009,209.0,240.0,False,102.426,"[None, 2049, 2048, 2048, 2048, 2049, 2049, 2048]","[2049, 2048, 2049, 2048, 2048, 2048, 2048, 2048]","[2049, 2048, 2049, 2049, 2048, 2048, 2049, 2049, 2048, 2048]",
1294,11369,81,4,2026-09-13T13:09:18.496000+00:00,30.68,37.901,33.841,205.0,240.0,False,102.422,"[2048, 2048, 2048, 2048, 2049, 2048, 2048, 2048]","[2048, 2048, 2048, 2048, 2049, 2048, 2049, 2048]","[2048, 2049, 2049, 2049, 2048, 2048, 2048, 2048, 2048, 2049]",259.0
1294,11369,31,4,2026-09-13T13:09:19.184000+00:00,30.591,37.867,34.138,206.0,239.0,False,102.596,"[2049, 2049, 2048, 2048, 2048, 2048, 2048, 2049]","[2048, 2048, 2048, 2048, 2048, 2048, 2048, 2048]","[2049, 2049, 2049, 2049, 2048, 2048, 2048, 2048, 2048, 2049]",270.0
1294,11369,27,4,2026-09-13T13:09:19.996000+00:00,30.558,37.421,34.542,209.0,225.0,False,102.521,"[None, 2048, 2049, 2048, 2048, 2049, 2049, 2048]","[2049, 2049, 2049, 2048, 2048, 2048, 2048, 2048]","[2048, 2048, 2048, 2049, 2049, 2048, 2049, 2048, 2048, 2048]",285.0
1294,11369,10,4,2026-09-13T13:09:20.607000+00:00,31.184,37.212,34.308,193.0,232.0,False,102.704,"[None, 2049, 2048, 2048, 2048, 2048, 2048, 2048]","[2048, 2049, 2049, 2048, 2049, 2048, 2048, 2049]","[2049, 2049, 2048, 2049, 2048, 2048, 2049, 2048, 2048, 2048]",260.0
1294,11369,5,4,2026-09-13T13:09:21.340000+00:00,30.897,37.605,34.193,202.0,236.0,False,102.695,"[None, 2048, 2049, 2049, 2049, 2048, 2048, 2048]","[2048, 2048, 2048, 2048, 2049, 2048, 2048, 2049]","[2049, 2049, 2048, 2049, 2048, 2048, 2049, 2049, 2048, 2048]",275.0
1294,11369,23,4,2026-09-13T13:09:23.371000+00:00,31.411,37.439,34.514,209.0,242.0,False,103.364,"[2048, 2048, 2048, 2049, 2048, 2048, 2048, 2048]","[2049, 2048, 2049, 2048, 2049, 2048, 2048, 2049]","[2049, 2048, 2048, 2049, 2049, 2048, 2048, 2048, 2048, 2048]",278.0
1294,11369,11,4,2026-09-13T13:09:24.668000+00:00,31.59,37.452,34.464,201.0,227.0,False,103.506,"[None, 2049, 2049, 2048, 2048, 2048, 2048, 2048]","[2048, 2048, 2049, 2049, 2048, 2048, 2048, 2049]","[2049, 2049, 2049, 2048, 2048, 2048, 2048, 2048, 2048, 2048]",255.0
1294,11369,22,4,2026-09-13T13:09:25.517000+00:00,31.682,37.474,34.438,210.0,232.0,False,103.594,"[2048, 2048, 2048, 2048, 2048, 2049, 2049, 2048]","[2049, 2048, 2049, 2048, 2048, 2049, 2048, 2049]","[2049, 2048, 2049, 2049, 2049, 2048, 2049, 2048, 2048, 2048]",261.0
1294,11369,55,4,2026-09-13T13:09:27.298000+00:00,32.19,37.546,34.565,,226.0,False,104.301,"[None, 2048, 2048, 2048, 2048, 2048, 2048, 2048]","[2049, 2049, 2049, 2049, 2049, 2048, 2049, 2049]","[2048, 2049, 2048, 2049, 2049, 2048, 2049, 2049, 2048]",259.0
1294,11369,14,4,2026-09-13T13:09:28.079000+00:00,31.735,38.004,34.529,191.0,237.0,False,104.268,"[None, 2048, 2048, 2048, 2049, 2049, 2048, 2048]","[2048, 2048, 2048, 2048, 2048, 2048, 2049, 2049]","[2049, 2048, 2049, 2049, 2049, 2049, 2048, 2048, 2048]",249.0
1294,11369,18,4,2026-09-13T13:09:28.686000+00:00,31.656,38.61,34.318,201.0,223.0,False,104.584,"[None, 2048, 2048, 2048, 2049, 2048, 2048, 2049]","[2048, 2048, 2048, 2049, 2049, 2048, 2048, 2048]","[2049, 2049, 2049, 2049, 2049, 2048, 2048, 2049, 2048]",253.0
1294,11369,87,4,2026-09-13T13:09:29.218000+00:00,31.395,38.568,34.533,190.0,226.0,False,104.496,"[None, 2048, 2049, 2049, 2049, 2049, 2048, 2048]","[2048, 2048, 2048, 2048, 2048, 2048, 2048, 2048]","[2048, 2049, 2048, 2048, 2048, 2048, 2048, 2048, 2048, 2049]",251.0
1294,11369,77,4,2026-09-13T13:09:31.379000+00:00,31.414,38.131,35.216,205.0,221.0,False,104.761,"[None, 2049, 2048, 2048, 2048, 2048, 2048, 2049]","[2048, 2048, 2049, 2048, 2049, 2049, 2048, 2048]","[2048, 2048, 2049, 2048, 2049, 2048, 2048, 2049, 2048, 2048]",253.0
1294,11369,1,5,2026-09-13T13:10:46.093000+00:00,30.385,36.044,33.335,218.0,250.0,False,99.764,"[2049, 2048, 2049, 2048, 2048, 2048, 2048, 2051]","[2048, 2048, 2048, 2048, 2049, 2051, 2048, 2048]","[2048, 2048, 2048, 2048, 2048, 2048, 2048, 2048, 2048, 2048]",291.0
1294,11369,12,5,2026-09-13T13:10:48.799000+00:00,30.272,36.354,32.906,218.0,249.0,False,99.532,"[None, 2049, 2048, 2048, 2048, 2048, 2051, 2048]","[2049, 2048, 2049, 2048, 2048, 2049, 2048, 2048]","[2051, 2049, 2048, 2048, 2048, 2048, 2049, 2048, 2048, 2048]",290.0
1294,11369,44,5,2026-09-13T13:10:52.957000+00:00,31.933,38.069,41.93,178.0,202.0,False,111.932,"[None, 2048, 2048, 2048, 2048, 2048, 2048, 2048]","[2048, 2048, 2049, 2049, 2048, 2048, 2048, 2048]","[2048, 2048, 2048, 2048, 2048, 2048, 2048, 2048, 2048, 2048]",258.0
1294,11369,3,5,2026-09-13T13:10:53.456000+00:00,30.59,36.062,33.451,214.0,237.0,False,100.103,"[2048, 2048, 2048, 2048, 2048, 2048, 2049, 2048]","[2049, 2051, 2049, 2048, 2048, 2048, 2049, 2048]","[2048, 2048, 2048, 2048, 2048, 2048, 2048, 2048, 2048]",278.0
1294,11369,16,5,2026-09-13T13:10:53.739000+00:00,31.466,37.114,33.466,194.0,239.0,False,102.046,"[None, 2048, 2048, 2049, 2048, 2048, 2048, 2048]","[2048, 2048, 2048, 2049, 2048, 2048, 2049, 2048]","[2048, 2049, 2048, 2048, 2048, 2048, 2048, 2049, 2048, 2048]",237.0
1294,11369,63,5,2026-09-13T13:10:54.692000+00:00,30.915,37.584,34.508,195.0,202.0,False,103.007,"[2048, 2048, 2048, 2048, 2048, 2048, 2048, 2048]","[2048, 2048, 2048, 2048, 2048, 2048, 2048, 2048]","[2048, 2048, 2048, 2048, 2048, 2048, 2048, 2048, 2048, 2048]",242.0
1294,11369,43,5,2026-09-13T13:10:57.583000+00:00,31.273,37.636,34.358,208.0,241.0,False,103.267,"[None, 2048, 2048, 2048, 2048, 2048, 2048, 2048]","[2048, 2048, 2048, 2048, 2048, 2048, 2048, 2048]","[2048, 2048, 2048, 2048, 2048, 2048, 2048, 2048, 2048, 2048]",298.0
1294,11369,30,5,2026-09-13T13:10:58.458000+00:00,30.997,37.851,34.607,191.0,235.0,False,103.455,"[2048, 2048, 2048, 2048, 2049, 2051, 2048, 2048]","[2048, 2048, 2048, 2048, 2048, 2048, 2048, 2048]","[2048, 2048, 2048, 2048, 2048, 2048, 2048, 2048, 2048, 2048]",271.0
1294,11369,41,5,2026-09-13T13:10:59.988000+00:00,30.894,37.69,34.497,207.0,238.0,False,103.081,"[None, 2048, 2048, 2048, 2048, 2048, 2049, 2048]","[2048, 2048, 2048, 2048, 2048, 2048, 2048, 2048]","[2048, 2049, 2048, 2048, 2048, 2048, 2049, 2049, 2048, 2048]",285.0
1294,11369,81,5,2026-09-13T13:11:00.753000+00:00,30.731,37.607,34.526,210.0,236.0,False,102.864,"[2049, 2048, 2048, 2048, 2048, 2048, 2049, 2048]","[2048, 2048, 2048, 2048, 2049, 2049, 2048, 2048]","[2048, 2048, 2048, 2048, 2048, 2048, 2048, 2048, 2048, 2048]",274.0
1294,11369,31,5,2026-09-13T13:11:01.784000+00:00,30.831,37.489,35.113,,236.0,False,103.433,"[2048, 2048, 2048, 2048, 2048, 2048, 2049, 2048]","[2049, 2049, 2048, 2048, 2048, 2049, 2048, 2048]","[2048, 2049, 2049, 2048, 2048, 2048, 2048, 2048, 2048, 2049]",266.0
1294,11369,27,5,2026-09-13T13:11:02.639000+00:00,30.721,37.499,34.934,208.0,228.0,False,103.154,"[None, 2049, 2048, 2048, 2048, 2048, 2048, 2048]","[2048, 2048, 2048, 2048, 2049, 2049, 2048, 2049]","[2049, 2048, 2049, 2048, 2048, 2048, 2048, 2048, 2048, 2048]",275.0
1294,11369,10,5,2026-09-13T13:11:03.393000+00:00,31.037,37.269,34.946,205.0,234.0,False,103.252,"[2048, 2048, 2048, 2048, 2048, 2048, 2049, 2048]","[2048, 2048, 2049, 2048, 2048, 2048, 2048, 2048]","[2048, 2048, 2048, 2048, 2048, 2048, 2048, 2048, 2048, 2048]",266.0
1294,11369,5,5,2026-09-13T13:11:04.034000+00:00,30.918,37.38,34.899,206.0,233.0,False,103.197,"[None, 2048, 2048, 2048, 2048, 2048, 2048, 2048]","[2048, 2048, 2048, 2048, 2049, 2048, 2048, 2049]","[2048, 2048, 2048, 2048, 2048, 2048, 2048, 2048, 2048, 2048]",267.0
1294,11369,23,5,2026-09-13T13:11:06.777000+00:00,32.246,37.463,34.768,217.0,240.0,False,104.477,"[None, 2048, 2048, 2048, 2048, 2048, 2048, 2049]","[2048, 2048, 2049, 2048, 2048, 2048, 2048, 2048]","[2048, 2048, 2048, 2049, 2048, 2048, 2048, 2048, 2048, 2049]",257.0
1294,11369,11,5,2026-09-13T13:11:08.141000+00:00,31.656,37.671,34.764,204.0,229.0,False,104.091,"[None, 2049, 2048, 2048, 2048, 2048, 2048, 2048]","[2048, 2048, 2048, 2048, 2049, 2048, 2048, 2049]","[2048, 2048, 2048, 2049, 2048, 2048, 2049, 2048, 2048, 2048]",243.0
1294,11369,22,5,2026-09-13T13:11:09.168000+00:00,31.597,37.556,35.101,202.0,235.0,False,104.254,"[None, 2049, 2048, 2048, 2048, 2049, 2048, 2048]","[2048, 2048, 2049, 2048, 2049, 2048, 2048, 2049]","[2048, 2048, 2048, 2048, 2049, 2048, 2048, 2048, 2048, 2048]",246.0
1294,11369,55,5,2026-09-13T13:11:11.871000+00:00,31.681,37.732,34.745,209.0,221.0,False,104.158,"[None, 2048, 2048, 2048, 2048, 2049, 2049, 2049]","[2049, 2048, 2048, 2048, 2048, 2048, 2049, 2048]","[2048, 2048, 2048, 2048, 2048, 2048, 2049, 2048, 2048, 2048]",274.0
1294,11369,14,5,2026-09-13T13:11:12.458000+00:00,31.484,37.748,34.841,204.0,235.0,False,104.073,"[None, 2048, 2048, 2048, 2048, 2049, 2048, 2048]","[2049, 2049, 2048, 2048, 2048, 2048, 2048, 2048]","[2048, 2049, 2048, 2048, 2049, 2048, 2048, 2048, 2048, 2048]",280.0
1294,11369,18,5,2026-09-13T13:11:13.163000+00:00,31.377,37.946,34.946,,230.0,False,104.269,"[2048, 2049, 2048, 2048, 2048, 2049, 2048, 2048]","[2048, 2048, 2049, 2048, 2049, 2048, 2049, 2049]","[2048, 2048, 2048, 2048, 2048, 2048, 2048, 2048, 2048, 2048]",273.0
1294,11369,87,5,2026-09-13T13:11:13.721000+00:00,31.04,38.288,34.946,198.0,212.0,False,104.274,"[2051, 2048, 2048, 2048, 2048, 2049, 2048, 2048]","[2048, 2048, 2048, 2049, 2048, 2048, 2048, 2048]","[2048, 2048, 2048, 2048, 2048, 2048, 2048, 2048, 2048, 2048]",248.0
1294,11369,77,5,2026-09-13T13:11:16.198000+00:00,31.48,37.787,34.956,208.0,229.0,False,104.223,"[None, 2049, 2048, 2048, 2048, 2048, 2049, 2048]","[2048, 2048, 2049, 2049, 2049, 2049, 2048, 2049]","[2048, 2049, 2049, 2049, 2049, 2048, 2049, 2048, 2048, 2048]",268.0
1294,11369,1,6,2026-09-13T13:12:25.945000+00:00,30.389,35.842,33.114,223.0,252.0,False,99.345,"[2048, 2048, 2048, 2048, 2048, 2048, 2049, 2051]","[2048, 2048, 2048, 2048, 2048, 2048, 2048, 2048]","[2048, 2048, 2048, 2049, 2048, 2048, 2051, 2048, 2048, 2048]",295.0
1294,11369,12,6,2026-09-13T13:12:28.376000+00:00,30.511,36.337,34.318,217.0,251.0,False,101.166,"[None, 2049, 2048, 2048, 2048, 2048, 2048, 2048]","[2049, 2048, 2049, 2048, 2048, 2049, 2048, 2048]","[2048, 2048, 2048, 2048, 2048, 2048, 2048, 2048, 2048, 2048]",284.0
1294,11369,3,6,2026-09-13T13:12:33.389000+00:00,30.426,36.558,33.481,209.0,233.0,False,100.465,"[None, 2049, 2048, 2048, 2048, 2048, 2049, 2049]","[2048, 2048, 2049, 2048, 2048, 2048, 2048, 2048]","[2048, 2048, 2048, 2048, 2048, 2048, 2049, 2048, 2048, 2048]",282.0
1294,11369,16,6,2026-09-13T13:12:35.849000+00:00,30.916,36.191,33.555,213.0,247.0,False,100.662,"[None, 2048, 2048, 2048, 2048, 2048, 2048, 2049]","[2049, 2049, 2049, 2048, 2048, 2049, 2049, 2049]","[2048, 2048, 2048, 2048, 2048, 2048, 2048, 2048, 2048, 2048]",269.0
1294,11369,63,6,2026-09-13T13:12:37.727000+00:00,30.824,36.315,33.411,212.0,248.0,False,100.55,"[None, 2048, 2048, 2048, 2048, 2048, 2049, 2049]","[2049, 2049, 2049, 2048, 2049, 2049, 2049, 2049]","[2049, 2048, 2048, 2049, 2048, 2048, 2048, 2051, 2048, 2048]",288.0
1294,11369,43,6,2026-09-13T13:12:40.821000+00:00,31.179,37.125,34.014,213.0,243.0,False,102.318,"[2049, 2048, 2048, 2048, 2048, 2048, 2048, 2049]","[2049, 2048, 2048, 2048, 2048, 2048, 2048, 2048]","[2048, 2048, 2051, 2048, 2049, 2048, 2048, 2048, 2048, 2048]",287.0
1294,11369,30,6,2026-09-13T13:12:41.883000+00:00,30.921,37.242,34.028,203.0,241.0,False,102.191,"[None, 2048, 2048, 2048, 2048, 2048, 2048, 2049]","[2049, 2048, 2048, 2048, 2048, 2048, 2048, 2048]","[2049, 2048, 2048, 2048, 2049, 2048, 2049, 2049, 2048, 2048]",269.0
1294,11369,41,6,2026-09-13T13:12:43.018000+00:00,30.901,37.183,34.051,212.0,244.0,False,102.135,"[None, 2048, 2048, 2048, 2048, 2048, 2048, 2049]","[2048, 2048, 2049, 2049, 2048, 2048, 2048, 2049]","[2048, 2048, 2048, 2048, 2049, 2048, 2048, 2048, 2048, 2048]",259.0
1294,11369,81,6,2026-09-13T13:12:43.579000+00:00,30.861,37.619,34.274,209.0,241.0,False,102.754,"[None, 2048, 2048, 2048, 2048, 2048, 2048, 2048]","[2048, 2048, 2048, 2048, 2048, 2048, 2048, 2049]","[2048, 2048, 2048, 2048, 2048, 2048, 2048, 2048, 2048, 2048]",265.0
1294,11369,44,6,2026-09-13T13:12:45.014000+00:00,35.327,46.356,53.254,158.0,146.0,False,134.937,"[None, 2048, 2048, 2048, 2048, 2048, 2048, 2048]","[2048, 2048, 2048, 2048, 2048, 2048, 2048, 2048]","[2048, 2048, 2048, 2048, 2048, 2048, 2064, 2064, 2064, 2064]",184.0
1294,11369,31,6,2026-09-13T13:12:45.212000+00:00,31.151,37.351,33.976,214.0,240.0,False,102.478,"[None, 2048, 2048, 2048, 2048, 2048, 2049, 2048]","[2049, 2049, 2048, 2048, 2048, 2049, 2048, 2048]","[2049, 2049, 2048, 2048, 2049, 2048, 2048, 2048, 2048, 2048]",273.0
1294,11369,27,6,2026-09-13T13:12:45.733000+00:00,31.641,37.239,34.205,210.0,243.0,False,103.085,"[None, 2048, 2048, 2048, 2048, 2048, 2048, 2048]","[2048, 2048, 2049, 2048, 2049, 2049, 2049, 2048]","[2049, 2048, 2049, 2049, 2048, 2048, 2048, 2049, 2048, 2048]",272.0
1294,11369,10,6,2026-09-13T13:12:46.527000+00:00,31.499,37.549,34.328,197.0,232.0,False,103.376,"[None, 2048, 2048, 2048, 2048, 2049, 2048, 2048]","[2048, 2048, 2048, 2048, 2048, 2048, 2048, 2048]","[2049, 2048, 2048, 2048, 2048, 2049, 2048, 2048, 2048, 2048]",267.0
1294,11369,5,6,2026-09-13T13:12:47.212000+00:00,31.334,37.55,34.557,208.0,231.0,False,103.441,"[None, 2048, 2048, 2048, 2049, 2048, 2048, 2048]","[2048, 2048, 2048, 2048, 2049, 2048, 2048, 2048]","[2048, 2048, 2048, 2048, 2048, 2048, 2048, 2049, 2048, 2048]",261.0
1294,11369,23,6,2026-09-13T13:12:51.306000+00:00,32.136,37.497,34.151,206.0,239.0,False,103.784,"[2049, 2048, 2048, 2048, 2048, 2048, 2048, 2048]","[2048, 2049, 2048, 2049, 2051, 2048, 2048, 2049]","[2048, 2048, 2049, 2049, 2048, 2048, 2048, 2048, 2048]",267.0
1294,11369,11,6,2026-09-13T13:12:52.234000+00:00,31.714,38.131,34.603,196.0,225.0,False,104.448,"[None, 2048, 2048, 2048, 2048, 2049, 2048, 2048]","[2048, 2048, 2048, 2048, 2048, 2048, 2048, 2049]","[2048, 2048, 2048, 2049, 2048, 2048, 2048, 2048, 2048, 2048]",249.0
1294,11369,22,6,2026-09-13T13:12:53.403000+00:00,31.429,38.132,34.274,204.0,229.0,False,103.835,"[None, 2048, 2048, 2048, 2048, 2048, 2048, 2049]","[2048, 2048, 2048, 2048, 2049, 2048, 2048, 2048]","[2048, 2049, 2049, 2049, 2048, 2048, 2048, 2048, 2049, 2049]",241.0
1294,11369,55,6,2026-09-13T13:12:55.758000+00:00,31.571,37.876,34.534,203.0,228.0,False,103.981,"[None, 2048, 2048, 2049, 2048, 2048, 2049, 2048]","[2048, 2048, 2048, 2049, 2048, 2048, 2048, 2048]","[2049, 2048, 2048, 2048, 2048, 2048, 2049, 2048, 2048, 2048]",254.0
1294,11369,14,6,2026-09-13T13:12:56.457000+00:00,31.511,37.851,34.463,205.0,230.0,False,103.825,"[None, 2048, 2048, 2048, 2048, 2049, 2048, 2049]","[2049, 2049, 2048, 2048, 2048, 2049, 2048, 2048]","[2049, 2048, 2048, 2048, 2048, 2048, 2049, 2048, 2048, 2048]",243.0
1294,11369,18,6,2026-09-13T13:12:57.494000+00:00,31.787,37.891,34.49,200.0,216.0,False,104.168,"[None, 2048, 2049, 2048, 2048, 2048, 2048, 2048]","[2049, 2049, 2048, 2048, 2049, 2049, 2049, 2048]","[2048, 2048, 2048, 2048, 2049, 2048, 2048, 2049, 2048, 2048]",259.0
1294,11369,87,6,2026-09-13T13:12:57.978000+00:00,31.771,37.947,34.94,200.0,219.0,False,104.658,"[2048, 2048, 2048, 2048, 2048, 2048, 2048, 2048]","[2048, 2048, 2048, 2048, 2048, 2048, 2048, 2048]","[2048, 2048, 2048, 2048, 2048, 2048, 2048, 2048, 2048, 2048]",250.0
1294,11369,77,6,2026-09-13T13:13:00.431000+00:00,31.397,37.805,35.855,195.0,222.0,False,105.057,"[None, 2048, 2048, 2048, 2048, 2048, 2049, 2048]","[2048, 2049, 2048, 2049, 2049, 2048, 2049, 2048]","[2048, 2048, 2048, 2049, 2048, 2048, 2048, 2048, 2048, 2048]",269.0
1294,11369,1,7,2026-09-13T13:14:05.178000+00:00,30.334,35.872,33.292,222.0,252.0,False,99.498,"[2049, 2048, 2048, 2048, 2049, 2048, 2049, 2048]","[2048, 2048, 2048, 2048, 2048, 2048, 2048, 2051]","[2048, 2048, 2048, 2048, 2048, 2048, 2048, 2048, 2048, 2048]",294.0
1294,11369,12,7,2026-09-13T13:14:09.550000+00:00,30.261,36.342,33.155,219.0,250.0,False,99.758,"[None, 2048, 2048, 2048, 2048, 2048, 2048, 2048]","[2048, 2048, 2049, 2048, 2048, 2048, 2049, 2049]","[2048, 2048, 2048, 2048, 2048, 2048, 2048, 2048, 2048, 2048]",287.0
1294,11369,3,7,2026-09-13T13:14:13.979000+00:00,30.561,36.317,33.548,210.0,235.0,False,100.426,"[None, 2048, 2048, 2048, 2048, 2048, 2049, 2048]","[2048, 2048, 2048, 2048, 2048, 2048, 2048, 2048]","[2048, 2048, 2048, 2048, 2048, 2048, 2048, 2048, 2048, 2048]",283.0
1294,11369,16,7,2026-09-13T13:14:16.457000+00:00,30.427,36.456,33.194,216.0,245.0,False,100.077,"[None, 2048, 2048, 2048, 2048, 2048, 2049, 2048]","[2048, 2048, 2048, 2048, 2049, 2049, 2049, 2049]","[2049, 2049, 2049, 2048, 2049, 2048, 2049, 2048, 2048, 2048]",282.0
1294,11369,63,7,2026-09-13T13:14:18.243000+00:00,30.229,36.525,33.277,213.0,248.0,False,100.031,"[None, 2048, 2048, 2048, 2048, 2048, 2049, 2049]","[2049, 2048, 2048, 2048, 2049, 2048, 2048, 2048]","[2048, 2048, 2049, 2051, 2049, 2048, 2049, 2051, 2048, 2048]",291.0
1294,11369,43,7,2026-09-13T13:14:23.228000+00:00,30.995,37.098,34.075,210.0,242.0,False,102.168,"[None, 2049, 2048, 2048, 2048, 2048, 2048, 2048]","[2049, 2048, 2048, 2048, 2049, 2048, 2048, 2048]","[2048, 2049, 2048, 2048, 2048, 2048, 2048, 2048, 2048, 2048]",
1294,11369,30,7,2026-09-13T13:14:24.087000+00:00,30.737,36.92,34.408,202.0,235.0,False,102.065,"[2049, 2048, 2048, 2048, 2048, 2048, 2048, 2049]","[2048, 2048, 2049, 2049, 2048, 2048, 2048, 2048]","[2048, 2048, 2048, 2048, 2048, 2048, 2049, 2048, 2048, 2048]",258.0
1294,11369,41,7,2026-09-13T13:14:25.134000+00:00,30.822,37.271,33.939,208.0,238.0,False,102.032,"[None, 2048, 2048, 2048, 2048, 2048, 2048, 2048]","[2048, 2048, 2048, 2048, 2049, 2049, 2048, 2048]","[2048, 2049, 2048, 2049, 2048, 2048, 2048, 2048, 2048, 2048]",263.0
1294,11369,81,7,2026-09-13T13:14:26.415000+00:00,31.152,37.162,33.68,217.0,243.0,False,101.994,"[2048, 2048, 2048, 2048, 2048, 2048, 2048, 2048]","[2049, 2048, 2048, 2048, 2049, 2049, 2048, 2048]","[2048, 2048, 2048, 2049, 2049, 2049, 2049, 2048, 2048, 2048]",248.0
1294,11369,31,7,2026-09-13T13:14:27.728000+00:00,30.915,37.374,33.829,216.0,239.0,False,102.118,"[None, 2049, 2048, 2048, 2048, 2048, 2048, 2049]","[2049, 2048, 2049, 2048, 2048, 2048, 2048, 2048]","[2048, 2048, 2049, 2049, 2048, 2048, 2049, 2049, 2048, 2048]",248.0
1294,11369,27,7,2026-09-13T13:14:28.775000+00:00,30.711,37.189,34.209,214.0,226.0,False,102.109,"[None, 2048, 2048, 2048, 2048, 2048, 2048, 2049]","[2048, 2048, 2048, 2048, 2049, 2048, 2048, 2048]","[2048, 2048, 2049, 2049, 2049, 2048, 2048, 2048, 2048, 2048]",277.0
1294,11369,10,7,2026-09-13T13:14:29.837000+00:00,30.988,36.964,34.458,208.0,233.0,False,102.41,"[None, 2048, 2048, 2048, 2048, 2048, 2049, 2048]","[2049, 2048, 2049, 2048, 2048, 2049, 2049, 2049]","[2048, 2048, 2048, 2048, 2048, 2049, 2048, 2048, 2049, 2048]",282.0
1294,11369,5,7,2026-09-13T13:14:30.603000+00:00,30.865,37.233,34.413,206.0,239.0,False,102.511,"[None, 2049, 2048, 2048, 2048, 2048, 2049, 2048]","[2048, 2048, 2049, 2048, 2048, 2049, 2048, 2049]","[2049, 2048, 2048, 2048, 2048, 2048, 2049, 2048, 2048, 2048]",268.0
1294,11369,23,7,2026-09-13T13:14:34.931000+00:00,31.773,37.219,34.451,214.0,238.0,False,103.443,"[None, 2048, 2048, 2048, 2048, 2048, 2048, 2048]","[2048, 2049, 2049, 2048, 2048, 2048, 2048, 2048]","[2048, 2048, 2048, 2048, 2048, 2048, 2048, 2048, 2048, 2048]",270.0
1294,11369,11,7,2026-09-13T13:14:36.634000+00:00,31.515,37.488,34.524,203.0,223.0,False,103.527,"[None, 2049, 2048, 2048, 2048, 2049, 2048, 2048]","[2048, 2048, 2049, 2048, 2048, 2048, 2049, 2048]","[2048, 2048, 2048, 2048, 2048, 2048, 2049, 2048, 2048, 2048]",248.0
1294,11369,22,7,2026-09-13T13:14:37.220000+00:00,31.52,37.728,34.269,201.0,230.0,False,103.517,"[2051, 2048, 2048, 2049, 2049, 2049, 2048, 2048]","[2048, 2048, 2048, 2048, 2048, 2048, 2048, 2048]","[2049, 2049, 2048, 2048, 2048, 2048, 2049, 2048, 2048, 2048]",231.0
1294,11369,55,7,2026-09-13T13:14:39.676000+00:00,31.444,37.917,34.577,198.0,219.0,False,103.938,"[None, 2049, 2048, 2048, 2048, 2049, 2049, 2048]","[2048, 2048, 2048, 2048, 2048, 2048, 2048, 2048]","[2049, 2048, 2048, 2048, 2048, 2048, 2048, 2048, 2048, 2048]",271.0
1294,11369,14,7,2026-09-13T13:14:40.259000+00:00,31.595,37.64,34.81,,226.0,False,104.045,"[None, 2048, 2048, 2048, 2048, 2048, 2048, 2048]","[2048, 2048, 2048, 2048, 2048, 2048, 2048, 2048]","[2048, 2048, 2048, 2048, 2048, 2048, 2048, 2048, 2048, 2048]",253.0
1294,11369,18,7,2026-09-13T13:14:41.682000+00:00,31.78,37.741,34.655,203.0,233.0,False,104.176,"[None, 2048, 2049, 2048, 2048, 2048, 2049, 2048]","[2048, 2049, 2048, 2048, 2049, 2049, 2048, 2048]","[2048, 2049, 2048, 2048, 2048, 2048, 2048, 2048, 2048, 2048]",260.0
1294,11369,87,7,2026-09-13T13:14:42.634000+00:00,31.085,38.13,34.553,202.0,240.0,False,103.768,"[None, 2048, 2048, 2048, 2048, 2049, 2048, 2048]","[2048, 2048, 2048, 2048, 2049, 2048, 2048, 2048]","[2048, 2048, 2048, 2048, 2048, 2048, 2048, 2048, 2049, 2049]",255.0
1294,11369,77,7,2026-09-13T13:14:45.441000+00:00,31.133,37.611,35.015,209.0,226.0,False,103.759,"[None, 2048, 2048, 2048, 2048, 2048, 2049, 2048]","[2048, 2048, 2049, 2048, 2048, 2049, 2049, 2049]","[2048, 2048, 2049, 2048, 2049, 2048, 2048, 2048, 2048, 2049]",274.0
1294,11369,44,7,2026-09-13T13:14:59.879000+00:00,,,,,,False,,,,,
1294,11369,1,8,2026-09-13T13:15:44.694000+00:00,30.307,35.78,33.256,,252.0,False,99.343,"[None, 2049, 2048, 2048, 2048, 2048, 2048, 2048]","[2048, 2048, 2048, 2048, 2048, 2051, 2048, 2048]","[2048, 2048, 2048, 2048, 2048, 2048, 2048, 2048, 2048, 2048]",299.0
1294,11369,12,8,2026-09-13T13:15:49.213000+00:00,30.125,36.179,33.129,,248.0,False,99.433,"[None, 2048, 2048, 2048, 2048, 2048, 2051, 2048]","[2049, 2049, 2049, 2048, 2048, 2048, 2049, 2048]","[2048, 2049, 2048, 2048, 2048, 2048, 2048, 2048, 2048, 2048]",291.0
1294,11369,3,8,2026-09-13T13:15:54.482000+00:00,30.165,36.245,33.484,209.0,241.0,False,99.894,"[None, 2048, 2048, 2049, 2048, 2049, 2049, 2049]","[2048, 2048, 2048, 2048, 2051, 2048, 2048, 2048]","[2048, 2048, 2048, 2051, 2048, 2048, 2048, 2048, 2048, 2048]",287.0
1294,11369,16,8,2026-09-13T13:15:56.623000+00:00,30.39,36.4,33.232,212.0,247.0,False,100.022,"[None, 2048, 2048, 2048, 2048, 2048, 2048, 2048]","[2049, 2049, 2048, 2048, 2048, 2049, 2048, 2049]","[2049, 2049, 2048, 2048, 2049, 2048, 2048, 2048, 2048, 2048]",283.0
1294,11369,63,8,2026-09-13T13:15:58.301000+00:00,30.196,36.496,33.426,218.0,245.0,False,100.118,"[None, 2048, 2048, 2048, 2048, 2048, 2049, 2048]","[2049, 2048, 2048, 2048, 2048, 2048, 2048, 2048]","[2048, 2048, 2048, 2048, 2048, 2048, 2048, 2048, 2048, 2048]",300.0
1294,11369,43,8,2026-09-13T13:16:05.334000+00:00,30.948,37.075,33.77,206.0,245.0,False,101.793,"[None, 2048, 2048, 2048, 2048, 2048, 2048, 2048]","[2048, 2048, 2048, 2048, 2048, 2048, 2048, 2048]","[2049, 2048, 2048, 2049, 2048, 2048, 2049, 2048, 2048, 2048]",286.0
1294,11369,30,8,2026-09-13T13:16:06.193000+00:00,30.779,37.17,34.01,203.0,241.0,False,101.959,"[2048, 2048, 2049, 2048, 2048, 2048, 2048, 2049]","[2048, 2048, 2048, 2048, 2048, 2048, 2048, 2048]","[2048, 2048, 2048, 2049, 2048, 2048, 2048, 2048, 2048, 2048]",279.0
1294,11369,41,8,2026-09-13T13:16:07.199000+00:00,30.928,37.061,33.992,211.0,240.0,False,101.981,"[None, 2048, 2048, 2048, 2048, 2048, 2048, 2048]","[2048, 2048, 2049, 2049, 2048, 2049, 2048, 2048]","[2048, 2048, 2048, 2048, 2049, 2048, 2048, 2048, 2048, 2048]",262.0
1294,11369,81,8,2026-09-13T13:16:08.405000+00:00,30.818,37.488,33.652,212.0,244.0,False,101.958,"[None, 2048, 2048, 2048, 2048, 2048, 2048, 2048]","[2048, 2048, 2048, 2048, 2048, 2049, 2048, 2049]","[2048, 2049, 2048, 2049, 2048, 2048, 2049, 2049, 2048, 2048]",261.0
1294,11369,31,8,2026-09-13T13:16:09.919000+00:00,30.747,37.335,34.014,210.0,240.0,False,102.096,"[None, 2049, 2048, 2048, 2048, 2048, 2049, 2048]","[2048, 2049, 2048, 2048, 2049, 2048, 2048, 2048]","[2048, 2049, 2048, 2048, 2048, 2048, 2048, 2048, 2048, 2048]",275.0
1294,11369,27,8,2026-09-13T13:16:11.004000+00:00,30.623,37.146,34.278,,230.0,False,102.047,"[None, 2048, 2048, 2048, 2048, 2048, 2049, 2048]","[2049, 2048, 2048, 2048, 2049, 2048, 2048, 2048]","[2048, 2049, 2048, 2048, 2048, 2048, 2048, 2048, 2048, 2048]",283.0
1294,11369,10,8,2026-09-13T13:16:12.337000+00:00,31.169,36.901,34.042,211.0,241.0,False,102.112,"[None, 2048, 2048, 2048, 2048, 2048, 2049, 2048]","[2049, 2048, 2048, 2048, 2048, 2048, 2048, 2049]","[2049, 2049, 2049, 2049, 2049, 2048, 2048, 2048, 2049, 2049]",275.0
1294,11369,5,8,2026-09-13T13:16:13.219000+00:00,30.92,37.444,33.958,198.0,242.0,False,102.322,"[None, 2048, 2048, 2048, 2048, 2048, 2049, 2048]","[2048, 2048, 2048, 2048, 2049, 2048, 2048, 2048]","[2049, 2049, 2049, 2048, 2049, 2048, 2048, 2049, 2048, 2048]",262.0
1294,11369,23,8,2026-09-13T13:16:18.542000+00:00,31.678,37.216,34.307,207.0,238.0,False,103.201,"[2048, 2048, 2049, 2048, 2048, 2048, 2048, 2048]","[2048, 2049, 2049, 2048, 2048, 2049, 2048, 2049]","[2048, 2048, 2048, 2049, 2048, 2048, 2048, 2048, 2048, 2048]",268.0
1294,11369,11,8,2026-09-13T13:16:20.292000+00:00,31.478,37.693,34.679,206.0,229.0,False,103.85,"[None, 2048, 2049, 2048, 2048, 2048, 2049, 2048]","[2048, 2049, 2049, 2048, 2048, 2048, 2048, 2048]","[2049, 2048, 2048, 2048, 2048, 2048, 2048, 2048, 2048, 2048]",255.0
1294,11369,22,8,2026-09-13T13:16:20.742000+00:00,31.701,37.329,34.729,204.0,228.0,False,103.759,"[2048, 2048, 2048, 2049, 2048, 2048, 2048, 2048]","[2048, 2048, 2048, 2049, 2048, 2048, 2048, 2048]","[2048, 2048, 2048, 2048, 2048, 2048, 2048, 2048, 2048, 2048]",228.0
1294,11369,55,8,2026-09-13T13:16:23.665000+00:00,31.482,37.581,34.575,208.0,226.0,False,103.638,"[None, 2048, 2048, 2048, 2048, 2048, 2049, 2048]","[2049, 2048, 2048, 2048, 2048, 2048, 2048, 2048]","[2048, 2048, 2049, 2049, 2048, 2048, 2048, 2048, 2048, 2048]",272.0
1294,11369,14,8,2026-09-13T13:16:24.340000+00:00,31.509,37.553,34.564,,236.0,False,103.626,"[None, 2048, 2048, 2048, 2048, 2048, 2049, 2048]","[2048, 2049, 2048, 2048, 2048, 2048, 2049, 2049]","[2048, 2049, 2048, 2049, 2048, 2048, 2048, 2048, 2048, 2048]",286.0
1294,11369,18,8,2026-09-13T13:16:25.860000+00:00,31.381,38.694,34.835,206.0,218.0,False,104.91,"[None, 2049, 2048, 2048, 2048, 2048, 2049, 2048]","[2048, 2049, 2048, 2048, 2048, 2048, 2048, 2048]","[2048, 2048, 2048, 2049, 2048, 2048, 2048, 2048, 2048, 2048]",272.0
1294,11369,87,8,2026-09-13T13:16:26.519000+00:00,31.175,37.649,34.151,201.0,239.0,False,102.975,"[2049, 2048, 2048, 2048, 2048, 2049, 2048, 2048]","[2048, 2048, 2048, 2049, 2049, 2048, 2048, 2048]","[2048, 2048, 2049, 2048, 2048, 2048, 2048, 2048, 2048, 2048]",264.0
1294,11369,77,8,2026-09-13T13:16:29.277000+00:00,31.386,37.578,34.879,205.0,227.0,False,103.843,"[None, 2048, 2048, 2049, 2048, 2048, 2048, 2048]","[2049, 2049, 2048, 2048, 2048, 2048, 2048, 2049]","[2048, 2049, 2049, 2048, 2049, 2048, 2048, 2049, 2048, 2048]",270.0
1294,11369,1,9,2026-09-13T13:17:24.045000+00:00,30.233,35.709,33.18,,252.0,False,99.122,"[2048, 2048, 2049, 2049, 2049, 2048, 2049, 2048]","[2048, 2048, 2048, 2048, 2048, 2048, 2048, 2048]","[2048, 2048, 2048, 2048, 2048, 2048, 2051, 2048, 2048, 2048]",296.0
1294,11369,12,9,2026-09-13T13:17:28.779000+00:00,30.042,36.282,33.277,218.0,247.0,False,99.601,"[None, 2049, 2048, 2048, 2048, 2048, 2048, 2049]","[2048, 2048, 2049, 2048, 2048, 2048, 2048, 2048]","[2048, 2048, 2048, 2048, 2048, 2048, 2048, 2048, 2048, 2048]",285.0
1294,11369,3,9,2026-09-13T13:17:34.264000+00:00,30.214,36.28,33.332,215.0,241.0,False,99.826,"[None, 2048, 2048, 2048, 2048, 2048, 2049, 2049]","[2048, 2048, 2048, 2048, 2051, 2048, 2048, 2048]","[2048, 2049, 2048, 2048, 2048, 2048, 2049, 2048, 2048, 2048]",282.0
1294,11369,16,9,2026-09-13T13:17:36.592000+00:00,30.317,35.943,33.214,216.0,249.0,False,99.474,"[None, 2048, 2049, 2048, 2048, 2048, 2048, 2049]","[2048, 2048, 2049, 2048, 2049, 2049, 2048, 2049]","[2048, 2048, 2048, 2048, 2049, 2048, 2049, 2049, 2048, 2048]",289.0
1294,11369,63,9,2026-09-13T13:17:38.436000+00:00,30.311,36.362,33.13,216.0,251.0,False,99.803,"[None, 2049, 2048, 2048, 2048, 2048, 2048, 2048]","[2048, 2048, 2049, 2048, 2048, 2048, 2049, 2049]","[2049, 2049, 2049, 2048, 2048, 2048, 2048, 2048, 2048, 2048]",293.0
1294,11369,43,9,2026-09-13T13:17:47.179000+00:00,31.12,37.22,34.224,208.0,243.0,False,102.564,"[2048, 2048, 2048, 2048, 2048, 2048, 2048, 2048]","[2048, 2048, 2048, 2048, 2048, 2048, 2048, 2048]","[2048, 2048, 2048, 2048, 2048, 2048, 2048, 2048, 2048, 2048]",280.0
1294,11369,30,9,2026-09-13T13:17:48.120000+00:00,30.794,37.249,34.225,,238.0,False,102.268,"[None, 2048, 2048, 2048, 2048, 2048, 2048, 2048]","[2048, 2048, 2048, 2048, 2049, 2048, 2048, 2048]","[2048, 2048, 2049, 2048, 2048, 2048, 2048, 2048, 2048, 2048]",276.0
1294,11369,41,9,2026-09-13T13:17:49.176000+00:00,30.813,37.356,34.15,,230.0,False,102.319,"[None, 2048, 2048, 2048, 2048, 2048, 2048, 2048]","[2048, 2048, 2048, 2048, 2049, 2048, 2048, 2048]","[2048, 2048, 2048, 2048, 2048, 2048, 2048, 2048, 2048, 2048]",260.0
1294,11369,81,9,2026-09-13T13:17:50.384000+00:00,30.596,37.282,33.932,,237.0,False,101.81,"[None, 2048, 2048, 2048, 2048, 2048, 2049, 2048]","[2048, 2048, 2048, 2048, 2048, 2049, 2048, 2048]","[2048, 2048, 2048, 2048, 2048, 2048, 2049, 2048, 2048, 2048]",272.0
1294,11369,31,9,2026-09-13T13:17:51.963000+00:00,30.64,37.47,34.033,216.0,240.0,False,102.143,"[None, 2048, 2048, 2048, 2048, 2048, 2048, 2049]","[2048, 2048, 2048, 2048, 2049, 2048, 2048, 2048]","[2049, 2048, 2048, 2048, 2048, 2048, 2048, 2048, 2048, 2048]",285.0
1294,11369,27,9,2026-09-13T13:17:52.978000+00:00,31.107,37.284,34.056,210.0,232.0,False,102.447,"[None, 2048, 2048, 2048, 2048, 2048, 2048, 2048]","[2048, 2048, 2048, 2048, 2048, 2049, 2048, 2048]","[2048, 2048, 2049, 2049, 2048, 2048, 2048, 2048, 2048, 2048]",281.0
1294,11369,10,9,2026-09-13T13:17:54.509000+00:00,31.178,36.829,34.174,210.0,228.0,False,102.181,"[None, 2048, 2048, 2048, 2048, 2048, 2048, 2048]","[2048, 2048, 2049, 2048, 2049, 2048, 2049, 2048]","[2048, 2048, 2049, 2048, 2049, 2049, 2048, 2048, 2048, 2048]",277.0
1294,11369,5,9,2026-09-13T13:17:55.509000+00:00,30.685,37.223,34.148,204.0,238.0,False,102.056,"[None, 2048, 2049, 2049, 2048, 2049, 2048, 2048]","[2048, 2048, 2049, 2048, 2048, 2048, 2048, 2048]","[2048, 2049, 2048, 2048, 2048, 2048, 2049, 2048, 2048, 2048]",279.0
1294,11369,23,9,2026-09-13T13:18:01.673000+00:00,31.735,37.245,34.383,209.0,240.0,False,103.363,"[None, 2048, 2048, 2048, 2048, 2048, 2048, 2049]","[2048, 2048, 2048, 2048, 2048, 2049, 2049, 2049]","[2048, 2048, 2048, 2049, 2048, 2048, 2049, 2048, 2048, 2048]",259.0
1294,11369,11,9,2026-09-13T13:18:04.032000+00:00,31.546,37.493,34.648,198.0,231.0,False,103.687,"[None, 2048, 2048, 2048, 2048, 2049, 2049, 2048]","[2049, 2048, 2048, 2048, 2049, 2048, 2049, 2049]","[2048, 2048, 2048, 2048, 2048, 2048, 2048, 2048, 2048, 2048]",262.0
1294,11369,22,9,2026-09-13T13:18:04.610000+00:00,31.768,37.594,34.475,202.0,231.0,False,103.837,"[None, 2048, 2049, 2048, 2049, 2048, 2048, 2048]","[2048, 2048, 2048, 2048, 2048, 2048, 2048, 2049]","[2048, 2048, 2048, 2048, 2048, 2048, 2048, 2048, 2048, 2048]",227.0
1294,11369,55,9,2026-09-13T13:18:07.298000+00:00,31.503,37.798,34.617,203.0,227.0,False,103.918,"[None, 2048, 2048, 2048, 2048, 2048, 2048, 2048]","[2048, 2048, 2048, 2049, 2048, 2048, 2048, 2048]","[2049, 2048, 2048, 2048, 2048, 2048, 2048, 2048, 2048, 2048]",256.0
1294,11369,14,9,2026-09-13T13:18:07.876000+00:00,31.395,38.049,34.671,206.0,234.0,False,104.115,"[None, 2048, 2048, 2048, 2048, 2048, 2048, 2049]","[2048, 2048, 2048, 2049, 2048, 2048, 2048, 2048]","[2048, 2049, 2049, 2048, 2048, 2048, 2048, 2048, 2048, 2048]",252.0
1294,11369,87,9,2026-09-13T13:18:09.408000+00:00,31.079,37.68,34.737,208.0,240.0,False,103.496,"[2048, 2048, 2048, 2048, 2048, 2048, 2048, 2048]","[2048, 2048, 2048, 2048, 2048, 2048, 2048, 2048]","[2048, 2048, 2048, 2048, 2048, 2048, 2049, 2048, 2048, 2048]",255.0
1294,11369,18,9,2026-09-13T13:18:10.783000+00:00,31.811,37.694,34.709,207.0,233.0,False,104.214,"[None, 2048, 2048, 2048, 2048, 2048, 2048, 2049]","[2048, 2049, 2048, 2049, 2049, 2048, 2048, 2048]","[2048, 2048, 2048, 2048, 2048, 2048, 2049, 2048, 2048, 2048]",264.0
1294,11369,77,9,2026-09-13T13:18:13.130000+00:00,31.214,37.708,35.217,206.0,227.0,False,104.139,"[None, 2048, 2048, 2049, 2048, 2048, 2048, 2049]","[2048, 2048, 2048, 2049, 2048, 2048, 2048, 2048]","[2048, 2048, 2049, 2048, 2048, 2048, 2048, 2048, 2048, 2048]",277.0
1294,11369,1,10,2026-09-13T13:19:03.154000+00:00,30.297,35.713,33.081,220.0,253.0,False,99.091,"[None, 2048, 2048, 2048, 2048, 2048, 2048, 2048]","[2048, 2048, 2048, 2051, 2048, 2048, 2048, 2051]","[2048, 2048, 2048, 2048, 2048, 2048, 2048, 2048, 2048, 2048]",292.0
1294,11369,12,10,2026-09-13T13:19:08.311000+00:00,30.094,36.312,33.239,,247.0,False,99.645,"[None, 2048, 2048, 2048, 2048, 2048, 2048, 2048]","[2048, 2048, 2048, 2048, 2048, 2049, 2048, 2048]","[2048, 2048, 2048, 2048, 2048, 2048, 2048, 2048, 2048, 2048]",287.0
1294,11369,3,10,2026-09-13T13:19:14.080000+00:00,30.049,36.168,33.38,211.0,241.0,False,99.597,"[None, 2048, 2048, 2048, 2048, 2048, 2049, 2049]","[2048, 2048, 2048, 2048, 2048, 2049, 2048, 2048]","[2048, 2048, 2048, 2048, 2048, 2048, 2048, 2048, 2048, 2048]",290.0
1294,11369,16,10,2026-09-13T13:19:16.097000+00:00,30.32,35.943,33.334,214.0,248.0,False,99.597,"[None, 2048, 2048, 2048, 2048, 2048, 2048, 2049]","[2049, 2048, 2048, 2048, 2048, 2048, 2051, 2048]","[2048, 2048, 2048, 2048, 2048, 2048, 2048, 2048, 2048, 2048]",282.0
1294,11369,63,10,2026-09-13T13:19:18.258000+00:00,30.182,36.134,33.233,215.0,250.0,False,99.549,"[None, 2048, 2048, 2048, 2048, 2048, 2048, 2048]","[2048, 2049, 2049, 2048, 2048, 2048, 2049, 2049]","[2048, 2049, 2048, 2048, 2048, 2048, 2048, 2048, 2048, 2048]",306.0
1294,11369,43,10,2026-09-13T13:19:29.801000+00:00,32.087,38.06,34.195,194.0,239.0,False,104.342,"[None, 2048, 2048, 2048, 2048, 2048, 2048, 2048]","[2048, 2048, 2048, 2048, 2048, 2048, 2048, 2048]","[2048, 2048, 2048, 2048, 2048, 2048, 2048, 2048, 2048, 2049]",279.0
1294,11369,30,10,2026-09-13T13:19:30.419000+00:00,31.199,36.823,33.57,,240.0,False,101.592,"[None, 2048, 2049, 2048, 2049, 2051, 2048, 2048]","[2048, 2051, 2049, 2048, 2048, 2049, 2049, 2048]","[2049, 2049, 2049, 2049, 2049, 2048, 2049, 2048, 2048, 2048]",300.0
1294,11369,41,10,2026-09-13T13:19:31.514000+00:00,31.119,37.873,34.261,205.0,236.0,False,103.253,"[None, 2048, 2048, 2048, 2048, 2048, 2048, 2048]","[2048, 2048, 2048, 2049, 2048, 2048, 2048, 2048]","[2048, 2048, 2048, 2048, 2048, 2048, 2048, 2048, 2048, 2048]",267.0
1294,11369,81,10,2026-09-13T13:19:32.178000+00:00,31.082,37.71,34.253,206.0,232.0,False,103.045,"[None, 2048, 2048, 2048, 2048, 2048, 2048, 2048]","[2048, 2048, 2048, 2048, 2048, 2048, 2048, 2048]","[2048, 2048, 2048, 2048, 2048, 2048, 2048, 2048, 2048, 2049]",273.0
1294,11369,31,10,2026-09-13T13:19:34.057000+00:00,30.84,37.558,34.059,213.0,239.0,False,102.457,"[None, 2048, 2048, 2048, 2048, 2048, 2048, 2048]","[2048, 2048, 2048, 2048, 2048, 2049, 2048, 2048]","[2048, 2048, 2048, 2048, 2048, 2048, 2048, 2048, 2048, 2048]",290.0
1294,11369,27,10,2026-09-13T13:19:35.542000+00:00,30.644,37.037,34.345,213.0,229.0,False,102.026,"[None, 2048, 2048, 2048, 2048, 2048, 2048, 2048]","[2048, 2048, 2048, 2049, 2048, 2048, 2048, 2048]","[2048, 2048, 2048, 2048, 2048, 2048, 2048, 2048, 2048, 2048]",282.0
1294,11369,10,10,2026-09-13T13:19:36.729000+00:00,31.25,36.696,34.354,207.0,233.0,False,102.3,"[None, 2048, 2048, 2048, 2048, 2048, 2048, 2048]","[2048, 2048, 2048, 2049, 2048, 2049, 2048, 2048]","[2048, 2048, 2048, 2048, 2048, 2048, 2048, 2048, 2048, 2048]",272.0
1294,11369,5,10,2026-09-13T13:19:37.589000+00:00,30.827,37.6,34.1,201.0,241.0,False,102.527,"[None, 2048, 2048, 2048, 2048, 2048, 2048, 2048]","[2048, 2048, 2048, 2048, 2048, 2048, 2048, 2048]","[2049, 2048, 2048, 2048, 2048, 2048, 2048, 2048, 2048, 2048]",280.0
1294,11369,23,10,2026-09-13T13:19:45.048000+00:00,31.698,37.262,34.226,,241.0,False,103.186,"[None, 2048, 2049, 2048, 2048, 2048, 2048, 2048]","[2048, 2048, 2048, 2048, 2048, 2048, 2048, 2048]","[2049, 2048, 2048, 2048, 2048, 2048, 2048, 2048, 2048, 2049]",265.0
1294,11369,11,10,2026-09-13T13:19:47.766000+00:00,31.499,37.548,34.638,206.0,227.0,False,103.685,"[None, 2048, 2048, 2048, 2048, 2049, 2049, 2048]","[2048, 2048, 2048, 2048, 2048, 2049, 2048, 2048]","[2048, 2048, 2048, 2048, 2048, 2048, 2048, 2048, 2048, 2048]",274.0
1294,11369,22,10,2026-09-13T13:19:48.329000+00:00,31.575,37.677,34.48,199.0,230.0,False,103.732,"[None, 2048, 2048, 2048, 2048, 2048, 2048, 2048]","[2048, 2048, 2048, 2048, 2048, 2048, 2048, 2048]","[2048, 2049, 2048, 2048, 2048, 2048, 2048, 2048, 2049, 2048]",254.0
1294,11369,55,10,2026-09-13T13:19:51.313000+00:00,31.551,37.82,34.573,196.0,234.0,False,103.944,"[None, 2048, 2049, 2049, 2048, 2048, 2048, 2048]","[2048, 2049, 2049, 2048, 2048, 2048, 2048, 2048]","[2049, 2048, 2048, 2048, 2048, 2048, 2048, 2048, 2048, 2048]",267.0
1294,11369,14,10,2026-09-13T13:19:52.113000+00:00,31.396,37.647,34.653,,232.0,False,103.696,"[None, 2048, 2048, 2048, 2048, 2049, 2048, 2048]","[2048, 2048, 2048, 2048, 2048, 2048, 2048, 2048]","[2048, 2048, 2048, 2049, 2048, 2048, 2048, 2048, 2048, 2048]",267.0
1294,11369,87,10,2026-09-13T13:19:52.966000+00:00,31.101,37.645,34.563,203.0,237.0,False,103.309,"[None, 2048, 2048, 2048, 2048, 2049, 2048, 2048]","[2048, 2048, 2048, 2048, 2048, 2048, 2049, 2048]","[2048, 2048, 2048, 2048, 2048, 2048, 2048, 2048, 2048, 2049]",261.0
1294,11369,18,10,2026-09-13T13:19:55.044000+00:00,31.856,37.568,34.565,201.0,239.0,False,103.989,"[None, 2048, 2048, 2048, 2048, 2048, 2048, 2048]","[2048, 2048, 2048, 2048, 2049, 2049, 2049, 2049]","[2048, 2049, 2048, 2048, 2048, 2048, 2048, 2048, 2048, 2048]",268.0
1294,11369,77,10,2026-09-13T13:19:57.154000+00:00,31.444,37.798,34.947,208.0,226.0,False,104.189,"[None, 2048, 2048, 2048, 2048, 2048, 2048, 2048]","[2048, 2048, 2048, 2048, 2048, 2048, 2048, 2048]","[2048, 2049, 2049, 2048, 2048, 2048, 2048, 2048, 2048, 2048]",270.0
1294,11369,1,11,2026-09-13T13:20:42.511000+00:00,30.362,35.794,33.073,222.0,254.0,False,99.229,"[2049, 2048, 2048, 2048, 2048, 2048, 2048, 2048]","[2048, 2048, 2048, 2048, 2048, 2051, 2048, 2048]","[2048, 2048, 2048, 2049, 2048, 2048, 2048, 2048, 2048, 2048]",
1294,11369,12,11,2026-09-13T13:20:48.006000+00:00,30.117,36.123,33.175,219.0,246.0,False,99.415,"[None, 2048, 2048, 2048, 2048, 2048, 2048, 2048]","[2048, 2048, 2049, 2048, 2048, 2048, 2048, 2048]","[2048, 2049, 2048, 2048, 2048, 2048, 2048, 2048, 2048, 2048]",283.0
1294,11369,3,11,2026-09-13T13:20:53.719000+00:00,30.125,36.094,33.331,213.0,243.0,False,99.55,"[None, 2048, 2048, 2048, 2048, 2048, 2048, 2048]","[2048, 2048, 2048, 2048, 2048, 2049, 2048, 2048]","[2048, 2048, 2048, 2048, 2048, 2048, 2048, 2048, 2048, 2048]",287.0
1294,11369,16,11,2026-09-13T13:20:55.719000+00:00,30.327,35.793,33.381,215.0,250.0,False,99.501,"[None, 2048, 2048, 2048, 2048, 2048, 2049, 2048]","[2049, 2048, 2049, 2049, 2048, 2048, 2048, 2049]","[2048, 2048, 2048, 2048, 2048, 2048, 2048, 2048, 2048, 2048]",283.0
1294,11369,63,11,2026-09-13T13:20:57.751000+00:00,30.084,36.061,33.237,218.0,251.0,False,99.382,"[None, 2048, 2048, 2048, 2048, 2048, 2049, 2048]","[2048, 2049, 2049, 2048, 2049, 2048, 2048, 2048]","[2048, 2048, 2048, 2048, 2048, 2048, 2048, 2048, 2048, 2048]",
1294,11369,30,11,2026-09-13T13:21:11.967000+00:00,30.66,36.205,33.53,210.0,243.0,False,100.395,"[None, 2048, 2048, 2048, 2048, 2048, 2049, 2049]","[2049, 2048, 2049, 2048, 2049, 2049, 2051, 2049]","[2049, 2049, 2048, 2048, 2049, 2048, 2049, 2048, 2048, 2049]",278.0
1294,11369,43,11,2026-09-13T13:21:14.102000+00:00,30.888,37.403,33.968,209.0,244.0,False,102.259,"[None, 2048, 2049, 2048, 2048, 2048, 2048, 2048]","[2048, 2048, 2048, 2048, 2048, 2048, 2048, 2049]","[2048, 2048, 2048, 2048, 2048, 2048, 2048, 2048, 2048, 2048]",288.0
1294,11369,41,11,2026-09-13T13:21:14.662000+00:00,30.974,37.562,34.011,,226.0,False,102.547,"[2049, 2048, 2048, 2048, 2048, 2048, 2048, 2048]","[2048, 2048, 2048, 2048, 2048, 2048, 2048, 2048]","[2048, 2048, 2049, 2048, 2049, 2048, 2049, 2048, 2048, 2048]",258.0
1294,11369,81,11,2026-09-13T13:21:15.303000+00:00,30.926,37.479,34.119,213.0,237.0,False,102.524,"[None, 2048, 2048, 2048, 2048, 2048, 2048, 2048]","[2048, 2048, 2048, 2049, 2048, 2048, 2048, 2048]","[2048, 2048, 2048, 2048, 2048, 2048, 2048, 2048, 2048, 2048]",281.0
1294,11369,31,11,2026-09-13T13:21:16.482000+00:00,30.722,37.617,34.235,206.0,240.0,False,102.574,"[None, 2048, 2048, 2048, 2048, 2048, 2048, 2048]","[2048, 2048, 2048, 2048, 2048, 2048, 2048, 2048]","[2048, 2048, 2048, 2048, 2048, 2048, 2048, 2048, 2048, 2048]",262.0
1294,11369,27,11,2026-09-13T13:21:17.432000+00:00,30.594,37.43,34.521,212.0,233.0,False,102.545,"[None, 2049, 2048, 2048, 2048, 2049, 2048, 2048]","[2048, 2048, 2048, 2048, 2048, 2048, 2048, 2048]","[2048, 2048, 2048, 2048, 2048, 2048, 2048, 2048, 2048, 2048]",276.0
1294,11369,10,11,2026-09-13T13:21:18.941000+00:00,31.252,36.823,34.385,213.0,234.0,False,102.46,"[None, 2048, 2048, 2048, 2048, 2048, 2048, 2048]","[2048, 2048, 2048, 2048, 2048, 2048, 2048, 2048]","[2049, 2048, 2048, 2048, 2048, 2048, 2048, 2048, 2048, 2048]",270.0
1294,11369,5,11,2026-09-13T13:21:20.042000+00:00,30.876,37.593,34.134,208.0,239.0,False,102.603,"[None, 2048, 2049, 2048, 2048, 2048, 2048, 2048]","[2048, 2048, 2048, 2048, 2049, 2048, 2048, 2048]","[2048, 2048, 2048, 2048, 2048, 2048, 2048, 2048, 2048, 2048]",
1294,11369,23,11,2026-09-13T13:21:28.180000+00:00,31.614,37.196,34.421,,244.0,False,103.231,"[None, 2048, 2048, 2048, 2048, 2048, 2048, 2048]","[2048, 2048, 2048, 2049, 2048, 2049, 2048, 2048]","[2048, 2048, 2048, 2048, 2048, 2048, 2049, 2048, 2048, 2049]",277.0
1294,11369,11,11,2026-09-13T13:21:31.402000+00:00,31.497,37.403,34.724,204.0,227.0,False,103.624,"[None, 2049, 2048, 2048, 2048, 2048, 2048, 2048]","[2048, 2048, 2048, 2048, 2048, 2049, 2048, 2048]","[2048, 2049, 2048, 2048, 2048, 2048, 2048, 2048, 2048, 2048]",256.0
1294,11369,22,11,2026-09-13T13:21:32.134000+00:00,31.383,37.541,34.505,201.0,230.0,False,103.429,"[None, 2048, 2049, 2048, 2048, 2048, 2048, 2048]","[2048, 2048, 2048, 2048, 2048, 2048, 2048, 2048]","[2048, 2048, 2048, 2048, 2048, 2048, 2048, 2048, 2048, 2048]",242.0
1294,11369,55,11,2026-09-13T13:21:35.235000+00:00,31.301,37.401,34.664,207.0,231.0,False,103.366,"[None, 2049, 2048, 2048, 2048, 2048, 2048, 2048]","[2048, 2048, 2048, 2049, 2048, 2049, 2048, 2049]","[2048, 2048, 2048, 2048, 2048, 2048, 2048, 2048, 2048, 2048]",265.0
1294,11369,14,11,2026-09-13T13:21:35.716000+00:00,31.129,37.667,34.566,203.0,232.0,False,103.362,"[None, 2048, 2048, 2048, 2049, 2049, 2048, 2048]","[2048, 2048, 2048, 2048, 2048, 2048, 2048, 2048]","[2048, 2048, 2048, 2048, 2048, 2048, 2048, 2048, 2048, 2048]",264.0
1294,11369,87,11,2026-09-13T13:21:36.229000+00:00,31.198,37.702,35.002,205.0,225.0,False,103.902,"[None, 2048, 2048, 2048, 2048, 2048, 2048, 2048]","[2048, 2048, 2048, 2048, 2048, 2048, 2048, 2048]","[2048, 2048, 2048, 2048, 2048, 2048, 2048, 2048, 2048, 2048]",260.0
1294,11369,18,11,2026-09-13T13:21:38.988000+00:00,31.613,37.318,34.531,205.0,241.0,False,103.462,"[None, 2048, 2049, 2048, 2048, 2048, 2048, 2048]","[2048, 2049, 2049, 2048, 2049, 2049, 2049, 2048]","[2048, 2048, 2048, 2049, 2048, 2048, 2049, 2048, 2048, 2048]",262.0
1294,11369,77,11,2026-09-13T13:21:41.352000+00:00,31.454,37.386,34.887,210.0,226.0,False,103.727,"[None, 2048, 2048, 2048, 2048, 2048, 2048, 2048]","[2048, 2049, 2048, 2048, 2049, 2049, 2049, 2048]","[2048, 2049, 2049, 2048, 2049, 2048, 2048, 2048, 2048, 2048]",273.0
1294,11369,1,12,2026-09-13T13:22:21.529000+00:00,30.309,35.766,33.22,220.0,252.0,False,99.295,"[2048, 2048, 2048, 2048, 2048, 2048, 2048, 2048]","[2048, 2048, 2048, 2048, 2048, 2048, 2048, 2048]","[2048, 2049, 2048, 2048, 2048, 2048, 2048, 2048, 2048]",
1294,11369,12,12,2026-09-13T13:22:27.334000+00:00,30.346,36.238,33.175,216.0,246.0,False,99.759,"[None, 2048, 2048, 2048, 2048, 2048, 2048, 2049]","[2048, 2048, 2048, 2048, 2048, 2049, 2048, 2048]","[2048, 2051, 2049, 2048, 2048, 2048, 2048, 2048, 2048, 2049]",
1294,11369,3,12,2026-09-13T13:22:33.271000+00:00,30.174,36.231,33.285,215.0,237.0,False,99.69,"[None, 2048, 2048, 2049, 2048, 2049, 2048, 2048]","[2048, 2048, 2048, 2048, 2048, 2049, 2048, 2048]","[2048, 2048, 2048, 2048, 2048, 2048, 2048, 2048, 2048, 2048]",
1294,11369,16,12,2026-09-13T13:22:35.240000+00:00,30.391,35.932,33.236,213.0,244.0,False,99.559,"[None, 2048, 2048, 2048, 2048, 2048, 2048, 2048]","[2048, 2049, 2048, 2048, 2048, 2048, 2048, 2048]","[2048, 2049, 2048, 2048, 2048, 2048, 2048, 2048, 2048, 2048]",284.0
1294,11369,63,12,2026-09-13T13:22:37.146000+00:00,30.028,36.197,33.405,215.0,248.0,False,99.63,"[None, 2048, 2048, 2048, 2048, 2048, 2048, 2048]","[2048, 2048, 2048, 2048, 2048, 2048, 2048, 2048]","[2048, 2048, 2048, 2048, 2048, 2048, 2049, 2048, 2048, 2048]",303.0
1294,11369,30,12,2026-09-13T13:22:52.320000+00:00,30.584,36.268,33.706,206.0,243.0,False,100.558,"[None, 2049, 2048, 2048, 2048, 2048, 2049, 2048]","[2048, 2051, 2049, 2048, 2049, 2048, 2048, 2048]","[2048, 2049, 2048, 2048, 2048, 2048, 2049, 2048, 2048, 2048]",279.0
1294,11369,43,12,2026-09-13T13:22:56.507000+00:00,31.117,37.485,34.058,,241.0,False,102.66,"[None, 2048, 2048, 2048, 2048, 2048, 2048, 2048]","[2048, 2048, 2048, 2048, 2048, 2048, 2048, 2048]","[2048, 2048, 2048, 2048, 2048, 2048, 2048, 2048, 2048, 2048]",282.0
1294,11369,41,12,2026-09-13T13:22:57.257000+00:00,31.042,37.429,34.146,210.0,233.0,False,102.617,"[None, 2048, 2048, 2048, 2048, 2048, 2048, 2048]","[2048, 2048, 2048, 2048, 2048, 2048, 2048, 2048]","[2048, 2049, 2048, 2048, 2049, 2048, 2048, 2048, 2048, 2048]",265.0
1294,11369,81,12,2026-09-13T13:22:57.710000+00:00,30.776,37.576,34.35,208.0,234.0,False,102.702,"[None, 2048, 2048, 2048, 2049, 2048, 2048, 2048]","[2048, 2048, 2048, 2048, 2048, 2048, 2048, 2048]","[2048, 2048, 2048, 2048, 2048, 2048, 2048, 2048, 2048, 2048]",254.0
1294,11369,31,12,2026-09-13T13:22:59.054000+00:00,30.828,37.352,34.432,217.0,236.0,False,102.612,"[None, 2048, 2048, 2048, 2048, 2048, 2048, 2048]","[2048, 2048, 2049, 2048, 2048, 2048, 2048, 2048]","[2048, 2048, 2048, 2048, 2048, 2048, 2048, 2048, 2048, 2048]",264.0
1294,11369,27,12,2026-09-13T13:22:59.961000+00:00,30.848,37.362,34.584,210.0,227.0,False,102.794,"[None, 2048, 2048, 2048, 2048, 2048, 2048, 2048]","[2048, 2048, 2048, 2048, 2048, 2048, 2048, 2048]","[2048, 2049, 2048, 2048, 2048, 2048, 2048, 2048, 2048, 2048]",265.0
1294,11369,10,12,2026-09-13T13:23:01.476000+00:00,31.038,37.13,34.409,203.0,234.0,False,102.577,"[None, 2049, 2048, 2048, 2048, 2048, 2048, 2048]","[2048, 2048, 2048, 2048, 2048, 2049, 2048, 2048]","[2048, 2048, 2048, 2048, 2048, 2048, 2048, 2048, 2048, 2048]",265.0
1294,11369,5,12,2026-09-13T13:23:02.710000+00:00,30.748,37.314,34.296,212.0,239.0,False,102.358,"[None, 2048, 2048, 2048, 2048, 2048, 2048, 2049]","[2048, 2048, 2049, 2048, 2048, 2049, 2049, 2048]","[2048, 2048, 2048, 2048, 2048, 2048, 2049, 2048, 2048, 2048]",285.0
1294,11369,23,12,2026-09-13T13:23:11.529000+00:00,31.412,37.333,34.69,213.0,243.0,False,103.435,"[2049, 2049, 2048, 2048, 2048, 2048, 2048, 2048]","[2048, 2048, 2048, 2048, 2048, 2048, 2048, 2048]","[2048, 2048, 2048, 2048, 2048, 2048, 2048, 2048, 2048, 2048]",273.0
1294,11369,11,12,2026-09-13T13:23:15.106000+00:00,31.579,37.602,34.751,205.0,224.0,False,103.932,"[None, 2048, 2048, 2048, 2048, 2048, 2048, 2048]","[2048, 2048, 2048, 2048, 2048, 2048, 2048, 2049]","[2048, 2049, 2048, 2048, 2048, 2048, 2048, 2048, 2048, 2048]",262.0
1294,11369,22,12,2026-09-13T13:23:15.496000+00:00,32.498,37.56,34.301,192.0,234.0,False,104.359,"[None, 2048, 2048, 2048, 2048, 2049, 2048, 2048]","[2048, 2048, 2048, 2048, 2048, 2049, 2049, 2048]","[2048, 2048, 2048, 2049, 2048, 2048, 2048, 2048, 2048, 2048]",263.0
1294,11369,55,12,2026-09-13T13:23:18.609000+00:00,31.319,38.282,34.516,177.0,237.0,False,104.117,"[None, 2048, 2049, 2048, 2048, 2048, 2049, 2048]","[2048, 2048, 2048, 2048, 2048, 2048, 2048, 2049]","[2049, 2048, 2048, 2048, 2048, 2048, 2048, 2048, 2048, 2048]",280.0
1294,11369,14,12,2026-09-13T13:23:19.020000+00:00,31.478,38.092,34.614,200.0,232.0,False,104.184,"[None, 2048, 2048, 2048, 2049, 2049, 2048, 2048]","[2048, 2048, 2048, 2048, 2048, 2048, 2049, 2048]","[2048, 2048, 2048, 2048, 2048, 2048, 2048, 2048, 2048, 2048]",278.0
1294,11369,87,12,2026-09-13T13:23:20.183000+00:00,31.306,38.25,34.659,194.0,235.0,False,104.215,"[None, 2048, 2048, 2048, 2048, 2049, 2048, 2048]","[2048, 2048, 2048, 2048, 2048, 2048, 2048, 2048]","[2048, 2049, 2048, 2048, 2048, 2048, 2048, 2048, 2048, 2048]",273.0
1294,11369,18,12,2026-09-13T13:23:22.383000+00:00,31.767,37.316,34.59,209.0,237.0,False,103.673,"[None, 2048, 2048, 2048, 2048, 2048, 2048, 2048]","[2048, 2048, 2049, 2049, 2048, 2048, 2048, 2048]","[2049, 2048, 2048, 2048, 2048, 2048, 2048, 2048, 2048, 2048]",
1294,11369,77,12,2026-09-13T13:23:25.133000+00:00,31.497,37.591,35.254,207.0,223.0,False,104.342,"[None, 2048, 2048, 2048, 2048, 2048, 2048, 2048]","[2048, 2048, 2049, 2048, 2048, 2048, 2048, 2048]","[2048, 2048, 2048, 2048, 2048, 2048, 2048, 2048, 2048, 2048]",270.0
1294,11369,1,13,2026-09-13T13:24:00.742000+00:00,30.484,35.759,33.179,,255.0,False,99.422,"[None, 2048, 2048, 2048, 2048, 2048, 2048, 2048]","[2048, 2048, 2048, 2048, 2048, 2051, 2048, 2051]","[2048, 2051, 2048, 2048, 2048, 2048, 2048, 2048, 2048, 2048]",
1294,11369,12,13,2026-09-13T13:24:07.137000+00:00,30.059,36.122,33.141,218.0,248.0,False,99.322,"[None, 2048, 2048, 2048, 2048, 2048, 2048, 2048]","[2048, 2048, 2049, 2048, 2048, 2049, 2048, 2048]","[2048, 2048, 2048, 2048, 2048, 2048, 2048, 2048, 2048, 2049]",285.0
1294,11369,3,13,2026-09-13T13:24:12.941000+00:00,30.086,36.234,33.398,212.0,240.0,False,99.718,"[None, 2048, 2048, 2049, 2048, 2048, 2048, 2048]","[2048, 2048, 2048, 2048, 2048, 2048, 2048, 2048]","[2048, 2049, 2048, 2048, 2048, 2048, 2048, 2048, 2048, 2048]",286.0
1294,11369,16,13,2026-09-13T13:24:14.741000+00:00,30.262,35.876,33.311,215.0,247.0,False,99.449,"[None, 2048, 2048, 2048, 2048, 2048, 2049, 2048]","[2048, 2049, 2048, 2051, 2048, 2048, 2048, 2048]","[2048, 2048, 2048, 2048, 2048, 2048, 2048, 2048, 2048, 2048]",294.0
1294,11369,63,13,2026-09-13T13:24:16.846000+00:00,30.034,36.061,33.212,219.0,252.0,False,99.307,"[None, 2048, 2048, 2048, 2048, 2048, 2049, 2048]","[2048, 2048, 2049, 2048, 2048, 2049, 2049, 2049]","[2049, 2048, 2048, 2048, 2048, 2048, 2048, 2048, 2048, 2048]",
1294,11369,30,13,2026-09-13T13:24:32.960000+00:00,30.531,36.101,33.473,208.0,242.0,False,100.105,"[None, 2048, 2049, 2048, 2048, 2048, 2049, 2048]","[2048, 2051, 2049, 2048, 2049, 2049, 2048, 2049]","[2049, 2048, 2048, 2048, 2049, 2048, 2049, 2049, 2048, 2048]",286.0
1294,11369,43,13,2026-09-13T13:24:38.970000+00:00,31.095,37.482,33.748,213.0,244.0,False,102.325,"[None, 2048, 2048, 2048, 2048, 2048, 2048, 2049]","[2048, 2048, 2048, 2048, 2048, 2048, 2048, 2048]","[2049, 2048, 2048, 2048, 2048, 2048, 2049, 2048, 2048, 2048]",279.0
1294,11369,41,13,2026-09-13T13:24:39.939000+00:00,31.138,37.412,34.055,,231.0,False,102.605,"[2048, 2048, 2048, 2048, 2048, 2048, 2048, 2048]","[2048, 2048, 2049, 2048, 2048, 2048, 2048, 2048]","[2048, 2048, 2048, 2048, 2048, 2048, 2049, 2048, 2048, 2048]",259.0
1294,11369,81,13,2026-09-13T13:24:40.454000+00:00,30.866,37.488,34.136,210.0,238.0,False,102.49,"[None, 2048, 2048, 2048, 2048, 2048, 2048, 2048]","[2048, 2048, 2048, 2048, 2048, 2048, 2048, 2048]","[2048, 2048, 2048, 2048, 2048, 2048, 2048, 2048, 2048, 2048]",271.0
1294,11369,31,13,2026-09-13T13:24:41.782000+00:00,30.885,37.447,34.291,214.0,239.0,False,102.623,"[None, 2048, 2048, 2048, 2048, 2048, 2048, 2049]","[2048, 2048, 2048, 2048, 2048, 2048, 2048, 2048]","[2048, 2048, 2048, 2048, 2048, 2048, 2048, 2048, 2048, 2048]",260.0
1294,11369,27,13,2026-09-13T13:24:42.735000+00:00,30.896,37.219,34.415,215.0,232.0,False,102.53,"[None, 2048, 2048, 2048, 2048, 2048, 2048, 2049]","[2048, 2048, 2049, 2048, 2048, 2048, 2048, 2048]","[2048, 2049, 2048, 2048, 2048, 2048, 2048, 2048, 2048, 2048]",272.0
1294,11369,10,13,2026-09-13T13:24:43.989000+00:00,31.041,36.925,34.47,206.0,238.0,False,102.436,"[None, 2048, 2048, 2048, 2048, 2048, 2048, 2048]","[2048, 2048, 2048, 2048, 2048, 2048, 2049, 2048]","[2048, 2048, 2048, 2048, 2048, 2048, 2048, 2048, 2048, 2048]",271.0
1294,11369,5,13,2026-09-13T13:24:45.045000+00:00,30.59,37.417,34.246,213.0,239.0,False,102.253,"[None, 2048, 2048, 2048, 2048, 2048, 2049, 2049]","[2048, 2048, 2048, 2048, 2048, 2048, 2048, 2048]","[2048, 2048, 2048, 2048, 2048, 2048, 2049, 2048, 2048, 2048]",288.0
1294,11369,23,13,2026-09-13T13:24:54.923000+00:00,31.496,37.495,34.504,207.0,241.0,False,103.495,"[2048, 2048, 2048, 2048, 2048, 2048, 2048, 2048]","[2048, 2048, 2048, 2048, 2048, 2048, 2048, 2048]","[2048, 2048, 2048, 2048, 2048, 2048, 2048, 2048, 2049, 2049]",262.0
1294,11369,11,13,2026-09-13T13:24:59.060000+00:00,31.956,38.158,34.756,204.0,224.0,False,104.87,"[None, 2048, 2049, 2048, 2048, 2048, 2048, 2048]","[2048, 2048, 2048, 2048, 2048, 2048, 2048, 2048]","[2048, 2048, 2048, 2048, 2048, 2048, 2048, 2048, 2048, 2048]",238.0
1294,11369,22,13,2026-09-13T13:24:59.922000+00:00,31.7,38.089,34.705,206.0,230.0,False,104.494,"[None, 2048, 2048, 2048, 2048, 2048, 2048, 2048]","[2048, 2048, 2048, 2048, 2048, 2048, 2048, 2048]","[2048, 2048, 2048, 2048, 2048, 2048, 2048, 2048, 2049, 2049]",250.0
1294,11369,55,13,2026-09-13T13:25:02.735000+00:00,31.288,37.488,34.48,206.0,234.0,False,103.256,"[None, 2048, 2048, 2048, 2048, 2048, 2048, 2048]","[2048, 2048, 2049, 2048, 2048, 2048, 2048, 2048]","[2048, 2048, 2048, 2048, 2048, 2048, 2048, 2048, 2048, 2048]",263.0
1294,11369,14,13,2026-09-13T13:25:03.230000+00:00,31.261,37.435,34.592,212.0,235.0,False,103.288,"[None, 2048, 2048, 2048, 2048, 2048, 2048, 2048]","[2048, 2048, 2048, 2048, 2048, 2048, 2048, 2048]","[2048, 2048, 2048, 2048, 2048, 2048, 2048, 2048, 2048, 2048]",265.0
1294,11369,87,13,2026-09-13T13:25:04.321000+00:00,31.075,37.548,34.5,206.0,239.0,False,103.123,"[None, 2048, 2048, 2048, 2048, 2048, 2048, 2048]","[2048, 2048, 2048, 2048, 2048, 2048, 2049, 2048]","[2048, 2049, 2048, 2048, 2048, 2048, 2048, 2048, 2048, 2048]",245.0
1294,11369,18,13,2026-09-13T13:25:06.135000+00:00,31.584,37.247,,207.0,236.0,False,,"[None, 2048, 2048, 2048, 2048, 2048, 2048, 2048]","[2048, 2048, 2048, 2049, 2048, 2049, 2048, 2048]",[2049],259.0
1294,11369,77,13,2026-09-13T13:25:09.415000+00:00,31.324,37.46,35.791,210.0,227.0,False,104.575,"[None, 2048, 2048, 2048, 2048, 2048, 2048, 2049]","[2048, 2048, 2048, 2048, 2048, 2048, 2048, 2049]","[2048, 2048, 2049, 2048, 2048, 2048, 2048, 2048, 2048, 2048]",266.0
1294,11369,1,14,2026-09-13T13:25:40.312000+00:00,30.384,35.89,34.056,222.0,253.0,False,100.33,"[None, 2049, 2048, 2048, 2048, 2048, 2048, 2048]","[2048, 2048, 2048, 2048, 2048, 2051, 2048, 2048]","[2048, 2048, 2048, 2048, 2048, 2048, 2048, 2048, 2048, 2048]",291.0
1294,11369,12,14,2026-09-13T13:25:46.429000+00:00,29.907,36.175,38.222,220.0,247.0,False,104.304,"[None, 2048, 2048, 2048, 2048, 2048, 2048, 2049]","[2048, 2049, 2048, 2048, 2048, 2048, 2048, 2048]","[2048, 2048, 2048, 2048, 2048, 2048, 2064, 2064, 2064, 2064]",288.0
1294,11369,3,14,2026-09-13T13:25:52.702000+00:00,30.144,35.939,39.986,217.0,243.0,False,106.069,"[2049, 2048, 2048, 2048, 2048, 2048, 2048, 2049]","[2049, 2049, 2048, 2048, 2051, 2048, 2048, 2049]","[2048, 2049, 2048, 2048, 2048, 2048, 2064, 2064, 2064, 2064]",282.0
1294,11369,16,14,2026-09-13T13:25:54.108000+00:00,30.274,35.71,41.833,212.0,246.0,False,107.817,"[None, 2048, 2048, 2048, 2048, 2048, 2048, 2048]","[2049, 2048, 2048, 2048, 2048, 2048, 2048, 2048]","[2048, 2048, 2048, 2048, 2048, 2048, 2048, 2048, 2048, 2048]",
1294,11369,63,14,2026-09-13T13:25:56.125000+00:00,30.075,36.175,43.717,218.0,238.0,False,109.967,"[None, 2049, 2048, 2048, 2048, 2048, 2048, 2049]","[2048, 2049, 2048, 2048, 2048, 2048, 2048, 2048]","[2048, 2048, 2048, 2048, 2048, 2048, 2064, 2064, 2064, 2064]",298.0
1294,11369,30,14,2026-09-13T13:26:13.006000+00:00,30.513,36.404,52.284,211.0,216.0,False,119.201,"[None, 2049, 2048, 2048, 2048, 2048, 2048, 2048]","[2048, 2048, 2048, 2048, 2049, 2049, 2048, 2048]","[2048, 2048, 2048, 2048, 2048, 2048, 2048, 2048, 2048, 2048]",
1294,11369,43,14,2026-09-13T13:26:21.308000+00:00,31.219,42.11,49.852,209.0,199.0,False,123.181,"[None, 2048, 2048, 2048, 2048, 2048, 2048, 2048]","[2048, 2048, 2048, 2049, 2048, 2048, 2048, 2048]","[2048, 2048, 2048, 2048, 2048, 2048, 2064, 2064, 2064, 2064]",281.0
1294,11369,41,14,2026-09-13T13:26:22.464000+00:00,31.059,43.608,49.538,209.0,216.0,False,124.205,"[None, 2048, 2048, 2048, 2048, 2048, 2048, 2048]","[2048, 2048, 2048, 2048, 2048, 2048, 2048, 2048]","[2048, 2048, 2048, 2048, 2048, 2048, 2064, 2064, 2064, 2064]",263.0
1294,11369,81,14,2026-09-13T13:26:22.933000+00:00,30.76,45.154,48.319,,207.0,False,124.233,"[2049, 2048, 2048, 2048, 2048, 2048, 2048, 2048]","[2048, 2048, 2048, 2049, 2048, 2048, 2048, 2048]","[2048, 2048, 2048, 2048, 2048, 2048, 2048, 2048, 2048, 2048]",250.0
1294,11369,31,14,2026-09-13T13:26:24.323000+00:00,30.837,45.336,48.611,208.0,177.0,False,124.784,"[None, 2048, 2048, 2048, 2048, 2048, 2048, 2048]","[2048, 2048, 2048, 2049, 2048, 2048, 2048, 2048]","[2048, 2048, 2048, 2048, 2048, 2048, 2064, 2064, 2064, 2064]",268.0
1294,11369,27,14,2026-09-13T13:26:25.386000+00:00,30.515,45.717,48.124,210.0,182.0,False,124.356,"[None, 2048, 2048, 2048, 2048, 2049, 2048, 2049]","[2048, 2048, 2048, 2048, 2048, 2048, 2048, 2048]","[2048, 2048, 2048, 2048, 2048, 2048, 2064, 2064, 2064, 2064]",276.0
1294,11369,10,14,2026-09-13T13:26:26.511000+00:00,30.892,46.832,47.95,209.0,210.0,False,125.674,"[None, 2048, 2048, 2048, 2048, 2048, 2048, 2048]","[2048, 2048, 2048, 2048, 2048, 2048, 2048, 2048]","[2048, 2048, 2048, 2048, 2048, 2048, 2048, 2048, 2048, 2048]",270.0
1294,11369,5,14,2026-09-13T13:26:27.277000+00:00,30.569,47.988,47.456,208.0,204.0,False,126.013,"[None, 2049, 2048, 2048, 2048, 2049, 2048, 2048]","[2048, 2049, 2048, 2048, 2048, 2048, 2048, 2048]","[2048, 2048, 2048, 2048, 2048, 2048, 2048, 2048, 2048, 2048]",276.0
1294,11369,23,14,2026-09-13T13:26:38.367000+00:00,31.437,49.057,49.76,208.0,171.0,False,130.254,"[None, 2048, 2048, 2048, 2048, 2048, 2048, 2048]","[2048, 2048, 2048, 2048, 2048, 2048, 2048, 2048]","[2048, 2048, 2048, 2048, 2048, 2048, 2064, 2064, 2064, 2064]",266.0
1294,11369,11,14,2026-09-13T13:26:43.895000+00:00,31.471,51.927,49.143,,160.0,False,132.541,"[None, 2048, 2048, 2048, 2048, 2048, 2048, 2048]","[2048, 2048, 2048, 2048, 2048, 2048, 2048, 2048]","[2048, 2048, 2048, 2048, 2048, 2048, 2064, 2064, 2064, 2064]",260.0
1294,11369,22,14,2026-09-13T13:26:44.459000+00:00,31.408,51.826,48.123,203.0,149.0,False,131.357,"[None, 2048, 2048, 2048, 2048, 2048, 2048, 2048]","[2048, 2048, 2048, 2048, 2048, 2048, 2048, 2048]","[2048, 2048, 2048, 2048, 2048, 2048, 2048, 2048, 2048, 2048]",240.0
1294,11369,55,14,2026-09-13T13:26:45.981000+00:00,31.145,52.415,48.105,205.0,177.0,False,131.665,"[None, 2048, 2048, 2048, 2048, 2048, 2048, 2049]","[2048, 2048, 2048, 2048, 2048, 2048, 2048, 2048]","[2048, 2048, 2048, 2048, 2048, 2048, 2048, 2048, 2048, 2048]",260.0
1294,11369,14,14,2026-09-13T13:26:46.542000+00:00,31.329,52.271,49.644,207.0,192.0,False,133.244,"[None, 2048, 2048, 2048, 2048, 2048, 2048, 2048]","[2048, 2048, 2048, 2048, 2048, 2048, 2048, 2048]","[2048, 2048, 2048, 2048, 2048, 2048, 2064, 2064, 2064, 2064]",263.0
1294,11369,87,14,2026-09-13T13:26:47.502000+00:00,31.055,52.455,49.639,198.0,183.0,False,133.149,"[None, 2048, 2048, 2048, 2048, 2048, 2048, 2048]","[2048, 2048, 2048, 2048, 2048, 2048, 2048, 2048]","[2048, 2048, 2048, 2048, 2048, 2048, 2048, 2048, 2048, 2048]",246.0
1294,11369,77,14,2026-09-13T13:26:54.066000+00:00,35.238,51.445,49.327,132.0,152.0,False,136.01,"[None, 2048, 2048, 2048, 2048, 2048, 2048, 2048]","[2048, 2048, 2048, 2048, 2048, 2048, 2048, 2048]","[2048, 2048, 2048, 2048, 2048, 2048, 2048, 2048, 2048, 2048]",260.0
1294,11369,1,15,2026-09-13T13:27:20.539000+00:00,50.861,48.134,47.129,196.0,210.0,False,146.124,"[None, 2048, 2048, 2048, 2048, 2048, 2048, 2048]","[2048, 2048, 2048, 2048, 2048, 2048, 2048, 2048]","[2048, 2048, 2048, 2048, 2048, 2048, 2064, 2064, 2064, 2064]",107.0
1294,11369,12,15,2026-09-13T13:27:30.792000+00:00,64.127,49.559,35.551,178.0,192.0,True,149.237,"[2064, 2064, 2064, 2064, 2048, 2048, 2048, 2048]","[2048, 2048, 2048, 2048, 2048, 2048, 2048, 2048]","[2048, 2048, 2049, 2049, 2051, 2051, 2049, 2049, 2049, 2051]",130.0
1294,11369,3,15,2026-09-13T13:27:38.830000+00:00,60.933,50.787,34.289,194.0,208.0,True,146.009,"[2064, 2064, 2064, 2064, 2048, 2048, 2048, 2048]","[2048, 2048, 2048, 2048, 2048, 2048, 2048, 2048]","[2048, 2048, 2048, 2048, 2048, 2049, 2048, 2048, 2051, 2051]",173.0
1294,11369,16,15,2026-09-13T13:27:41.936000+00:00,47.168,50.473,37.577,162.0,195.0,False,135.218,"[None, 2048, 2048, 2048, 2048, 2048, 2048, 2048]","[2048, 2048, 2048, 2048, 2048, 2048, 2048, 2048]","[2048, 2048, 2048, 2048, 2048, 2049, 2048, 2049, 2049, 2049]",138.0
1294,11369,63,15,2026-09-13T13:27:46.083000+00:00,60.132,50.025,32.283,176.0,238.0,True,142.44,"[2064, 2064, 2064, 2064, 2048, 2048, 2048, 2048]","[2048, 2048, 2048, 2048, 2048, 2048, 2048, 2048]","[2048, 2049, 2051, 2051, 2049, 2051, 2049, 2051, 2049, 2051]",169.0
1294,11369,30,15,2026-09-13T13:28:12.159000+00:00,46.587,45.321,33.112,172.0,240.0,False,125.02,"[None, 2048, 2048, 2048, 2048, 2048, 2048, 2048]","[2048, 2048, 2048, 2048, 2048, 2048, 2051, 2048]","[2048, 2049, 2049, 2048, 2049, 2049, 2049, 2048, 2048]",114.0
1294,11369,43,15,2026-09-13T13:28:24.643000+00:00,61.807,39.866,33.21,180.0,242.0,True,134.883,"[2064, 2064, 2064, 2064, 2048, 2048, 2048, 2048]","[2048, 2048, 2048, 2048, 2048, 2048, 2048, 2049]","[2049, 2049, 2048, 2048, 2049, 2049, 2049, 2049, 2049, 2049]",185.0
1294,11369,41,15,2026-09-13T13:28:26.687000+00:00,61.86,38.197,33.319,193.0,241.0,True,133.376,"[2064, 2064, 2064, 2064, 2048, 2048, 2048, 2048]","[2048, 2049, 2049, 2048, 2048, 2048, 2049, 2049]","[2049, 2049, 2049, 2048, 2049, 2049, 2049, 2049, 2049, 2049]",167.0
1294,11369,81,15,2026-09-13T13:28:27.230000+00:00,48.746,39.701,33.471,192.0,232.0,False,121.918,"[2048, 2048, 2048, 2048, 2048, 2048, 2048, 2048]","[2048, 2048, 2048, 2048, 2048, 2048, 2048, 2048]","[2048, 2049, 2049, 2049, 2049, 2048, 2048, 2048, 2049, 2049]",128.0
1294,11369,31,15,2026-09-13T13:28:29.249000+00:00,61.703,38.321,33.703,144.0,239.0,True,133.727,"[2064, 2064, 2064, 2064, 2048, 2048, 2048, 2048]","[2048, 2048, 2048, 2048, 2048, 2048, 2049, 2049]","[2048, 2048, 2048, 2049, 2049, 2049, 2048, 2049, 2049, 2049]",143.0
1294,11369,27,15,2026-09-13T13:28:29.655000+00:00,60.256,38.346,33.459,161.0,237.0,True,132.061,"[2064, 2064, 2064, 2064, 2048, 2048, 2048, 2048]","[2048, 2048, 2048, 2048, 2048, 2049, 2049, 2049]","[2049, 2049, 2048, 2049, 2049, 2049, 2048, 2049, 2049, 2049]",153.0
1294,11369,10,15,2026-09-13T13:28:32.234000+00:00,47.086,40.181,33.767,179.0,240.0,False,121.034,"[None, 2048, 2048, 2048, 2048, 2048, 2048, 2048]","[2048, 2048, 2048, 2048, 2048, 2049, 2049, 2049]","[2048, 2049, 2048, 2049, 2049, 2049, 2048, 2049, 2049, 2049]",114.0
1294,11369,5,15,2026-09-13T13:28:33.250000+00:00,47.831,39.434,33.942,180.0,238.0,False,121.207,"[None, 2048, 2048, 2048, 2048, 2048, 2048, 2048]","[2048, 2048, 2048, 2048, 2049, 2048, 2049, 2048]","[2048, 2048, 2048, 2049, 2048, 2048, 2048, 2049, 2049]",122.0
1294,11369,23,15,2026-09-13T13:28:48.743000+00:00,57.133,37.571,33.725,207.0,234.0,True,128.429,"[2064, 2064, 2064, 2064, 2048, 2048, 2048, 2048]","[2048, 2048, 2048, 2048, 2048, 2048, 2049, 2048]","[2049, 2049, 2049, 2049, 2049, 2049, 2048, 2049, 2049, 2049]",232.0
1294,11369,22,15,2026-09-13T13:28:55.754000+00:00,43.903,37.009,33.943,202.0,234.0,False,114.855,"[None, 2048, 2048, 2048, 2048, 2048, 2048, 2049]","[2048, 2051, 2049, 2048, 2049, 2049, 2049, 2048]","[2048, 2049, 2049, 2048, 2049, 2049, 2049, 2049, 2048, 2048]",199.0
1294,11369,11,15,2026-09-13T13:28:56.524000+00:00,56.324,36.732,33.849,204.0,229.0,True,126.905,"[2064, 2064, 2064, 2064, 2048, 2048, 2048, 2048]","[2049, 2049, 2048, 2048, 2049, 2049, 2049, 2049]","[2049, 2048, 2049, 2049, 2049, 2049, 2048, 2048, 2048, 2048]",203.0
1294,11369,55,15,2026-09-13T13:28:57.669000+00:00,43.121,37.812,34.235,191.0,232.0,False,115.168,"[None, 2048, 2048, 2048, 2048, 2048, 2048, 2048]","[2048, 2048, 2048, 2048, 2048, 2048, 2048, 2049]","[2049, 2049, 2048, 2048, 2048, 2048, 2048, 2049, 2048, 2048]",194.0
1294,11369,14,15,2026-09-13T13:28:59.859000+00:00,67.591,36.316,33.547,210.0,238.0,True,137.454,"[2064, 2064, 2064, 2064, 2048, 2048, 2048, 2048]","[2049, 2049, 2049, 2049, 2048, 2049, 2049, 2049]","[2049, 2049, 2049, 2049, 2049, 2048, 2048, 2049, 2049, 2049]",264.0
1294,11369,87,15,2026-09-13T13:29:00.630000+00:00,41.999,37.284,33.953,197.0,240.0,False,113.236,"[None, 2048, 2048, 2048, 2048, 2048, 2048, 2048]","[2048, 2048, 2048, 2048, 2048, 2049, 2049, 2048]","[2048, 2049, 2048, 2048, 2048, 2049, 2049, 2048, 2048, 2048]",196.0
1294,11369,77,15,2026-09-13T13:29:10.030000+00:00,40.727,37.218,34.908,211.0,233.0,False,112.853,"[None, 2048, 2048, 2048, 2048, 2048, 2048, 2048]","[2048, 2049, 2048, 2049, 2049, 2048, 2049, 2049]","[2049, 2048, 2048, 2048, 2048, 2048, 2048, 2048, 2048, 2048]",244.0
1294,11369,1,16,2026-09-13T13:29:46.674000+00:00,57.867,36.076,32.567,211.0,251.0,True,126.51,"[2064, 2064, 2064, 2064, 2048, 2048, 2048, 2048]","[2048, 2049, 2048, 2048, 2049, 2048, 2048, 2051]","[2048, 2051, 2048, 2048, 2051, 2049, 2048, 2049, 2048, 2049]",243.0
1294,11369,16,16,2026-09-13T13:29:57.086000+00:00,30.289,35.618,32.866,213.0,247.0,False,98.773,"[None, 2048, 2049, 2049, 2048, 2048, 2048, 2049]","[2049, 2049, 2048, 2048, 2048, 2048, 2049, 2049]","[2048, 2049, 2049, 2049, 2049, 2048, 2048, 2049, 2048, 2048]",284.0
1294,11369,12,16,2026-09-13T13:30:00+00:00,29.42,35.644,32.413,219.0,253.0,False,97.477,"[2049, 2049, 2049, 2049, 2048, 2048, 2048, 2051]","[2051, 2049, 2049, 2048, 2048, 2049, 2049, 2049]","[2051, 2049, 2048, 2048, 2048, 2048, 2048, 2049, 2048, 2048]",286.0
1294,11369,3,16,2026-09-13T13:30:04.837000+00:00,30.021,36.186,32.847,213.0,238.0,False,99.054,"[2049, 2048, 2049, 2049, 2049, 2048, 2048, 2048]","[2048, 2049, 2048, 2048, 2048, 2048, 2048, 2048]","[2048, 2049, 2048, 2049, 2049, 2048, 2048, 2049, 2048, 2048]",280.0
1294,11369,63,16,2026-09-13T13:30:08.543000+00:00,29.601,35.999,32.778,215.0,249.0,False,98.378,"[2049, 2048, 2051, 2049, 2048, 2048, 2048, 2048]","[2048, 2049, 2049, 2049, 2048, 2048, 2048, 2048]","[2049, 2048, 2048, 2048, 2048, 2048, 2048, 2048, 2048, 2048]",301.0
1294,11369,30,16,2026-09-13T13:30:17.381000+00:00,30.38,36.193,33.64,205.0,244.0,False,100.213,"[2049, 2049, 2048, 2048, 2048, 2048, 2048, 2048]","[2049, 2049, 2048, 2048, 2048, 2048, 2048, 2049]","[2049, 2048, 2048, 2048, 2048, 2048, 2048, 2048, 2048, 2048]",281.0
1294,11369,81,16,2026-09-13T13:30:29.110000+00:00,30.621,36.115,33.331,219.0,248.0,False,100.067,"[None, 2048, 2049, 2048, 2048, 2048, 2048, 2049]","[2049, 2049, 2049, 2049, 2049, 2048, 2049, 2049]","[2049, 2049, 2048, 2048, 2048, 2048, 2048, 2048, 2048, 2048]",270.0
1294,11369,10,16,2026-09-13T13:30:33.110000+00:00,30.569,36.349,33.708,210.0,245.0,False,100.626,"[2049, 2049, 2048, 2048, 2048, 2048, 2049, 2048]","[2048, 2049, 2049, 2048, 2048, 2049, 2049, 2049]","[2049, 2048, 2049, 2049, 2048, 2049, 2049, 2049, 2048, 2048]",282.0
1294,11369,5,16,2026-09-13T13:30:34.392000+00:00,30.419,36.869,33.707,214.0,244.0,False,100.995,"[None, 2048, 2049, 2049, 2048, 2048, 2049, 2049]","[2049, 2048, 2049, 2048, 2049, 2048, 2048, 2049]","[2049, 2049, 2048, 2049, 2048, 2048, 2048, 2048, 2048, 2049]",283.0
1294,11369,43,16,2026-09-13T13:30:39.483000+00:00,30.113,36.641,33.064,215.0,247.0,False,99.818,"[2049, 2048, 2049, 2049, 2048, 2048, 2048, 2049]","[2049, 2049, 2049, 2048, 2048, 2049, 2048, 2048]","[2049, 2049, 2048, 2048, 2049, 2049, 2049, 2048, 2048, 2048]",286.0
1294,11369,41,16,2026-09-13T13:30:40.030000+00:00,30.137,36.337,33.409,211.0,236.0,False,99.883,"[2051, 2048, 2049, 2051, 2048, 2049, 2048, 2049]","[2049, 2048, 2049, 2049, 2048, 2048, 2049, 2048]","[2048, 2048, 2048, 2049, 2049, 2049, 2048, 2048, 2048, 2048]",278.0
1294,11369,27,16,2026-09-13T13:30:41.764000+00:00,30.177,36.91,33.341,217.0,234.0,False,100.428,"[2048, 2048, 2049, 2049, 2048, 2048, 2049, 2049]","[2049, 2048, 2049, 2048, 2049, 2049, 2048, 2048]","[2049, 2049, 2049, 2049, 2048, 2048, 2048, 2048, 2048, 2048]",291.0
1294,11369,31,16,2026-09-13T13:30:42.943000+00:00,30.195,37.007,33.646,211.0,237.0,False,100.848,"[2049, 2048, 2049, 2049, 2048, 2048, 2049, 2049]","[2049, 2049, 2049, 2048, 2048, 2049, 2048, 2048]","[2048, 2048, 2048, 2049, 2048, 2048, 2048, 2048, 2048, 2048]",278.0
1294,11369,22,16,2026-09-13T13:30:50.599000+00:00,31.005,36.957,33.801,212.0,235.0,False,101.763,"[None, 2048, 2048, 2048, 2048, 2048, 2049, 2049]","[2048, 2048, 2049, 2048, 2049, 2049, 2048, 2048]","[2049, 2048, 2048, 2048, 2049, 2048, 2048, 2048, 2048, 2048]",271.0
1294,11369,55,16,2026-09-13T13:30:52.810000+00:00,30.893,37.001,34.268,210.0,234.0,False,102.162,"[None, 2049, 2048, 2049, 2048, 2048, 2048, 2048]","[2048, 2049, 2049, 2049, 2049, 2049, 2048, 2049]","[2048, 2048, 2048, 2048, 2049, 2048, 2048, 2048, 2048, 2048]",266.0
1294,11369,87,16,2026-09-13T13:30:53.869000+00:00,30.527,37.063,34.191,212.0,235.0,False,101.781,"[None, 2049, 2048, 2048, 2048, 2048, 2049, 2049]","[2048, 2049, 2049, 2049, 2048, 2048, 2049, 2048]","[2048, 2049, 2048, 2048, 2048, 2048, 2048, 2048, 2049, 2049]",263.0
1294,11369,23,16,2026-09-13T13:30:57.084000+00:00,31.058,37.236,33.838,208.0,232.0,False,102.132,"[2049, 2049, 2048, 2048, 2048, 2048, 2049, 2048]","[2048, 2048, 2048, 2048, 2048, 2049, 2049, 2048]","[2049, 2049, 2048, 2048, 2049, 2048, 2048, 2049, 2049, 2049]",272.0
1294,11369,77,16,2026-09-13T13:31:02.805000+00:00,32.0,37.297,34.948,204.0,222.0,False,104.245,"[None, 2048, 2048, 2049, 2048, 2048, 2048, 2049]","[2048, 2048, 2048, 2048, 2048, 2049, 2048, 2048]","[2048, 2048, 2048, 2048, 2048, 2048, 2048, 2048, 2048, 2048]",268.0
1294,11369,11,16,2026-09-13T13:31:03.354000+00:00,30.655,36.676,33.785,202.0,230.0,False,101.116,"[2048, 2048, 2049, 2049, 2048, 2049, 2049, 2048]","[2049, 2049, 2049, 2048, 2048, 2048, 2048, 2048]","[2049, 2049, 2048, 2048, 2048, 2048, 2048, 2049, 2049, 2049]",260.0
1294,11369,14,16,2026-09-13T13:31:17.243000+00:00,30.739,36.228,33.373,217.0,238.0,False,100.34,"[2048, 2048, 2049, 2049, 2048, 2048, 2049, 2049]","[2049, 2049, 2049, 2048, 2048, 2049, 2048, 2048]","[2048, 2048, 2049, 2049, 2049, 2049, 2049, 2048, 2048, 2048]",285.0
1294,11369,16,17,2026-09-13T13:31:36.022000+00:00,30.002,35.447,32.849,210.0,248.0,False,98.298,"[None, 2048, 2049, 2049, 2048, 2048, 2049, 2048]","[2049, 2048, 2049, 2049, 2048, 2048, 2048, 2048]","[2049, 2049, 2048, 2048, 2048, 2048, 2049, 2048, 2048, 2048]",293.0
1294,11369,12,17,2026-09-13T13:31:37.504000+00:00,29.67,36.043,32.448,216.0,244.0,False,98.161,"[2048, 2048, 2049, 2049, 2048, 2048, 2048, 2048]","[2048, 2048, 2048, 2048, 2048, 2048, 2048, 2048]","[2048, 2051, 2049, 2048, 2048, 2048, 2048, 2048, 2048, 2048]",275.0
1294,11369,3,17,2026-09-13T13:31:43.833000+00:00,29.941,35.957,32.921,212.0,238.0,False,98.819,"[2048, 2048, 2048, 2049, 2049, 2049, 2048, 2048]","[2049, 2049, 2048, 2048, 2048, 2049, 2048, 2048]","[2048, 2048, 2049, 2048, 2048, 2048, 2048, 2048, 2048, 2048]",289.0
1294,11369,63,17,2026-09-13T13:31:46.762000+00:00,30.014,35.802,32.853,216.0,248.0,False,98.669,"[2048, 2048, 2048, 2048, 2048, 2048, 2049, 2048]","[2049, 2048, 2049, 2048, 2048, 2049, 2049, 2049]","[2048, 2049, 2048, 2048, 2048, 2048, 2049, 2048, 2048, 2048]",305.0
1294,11369,1,17,2026-09-13T13:31:53.116000+00:00,29.899,35.7,32.687,220.0,251.0,False,98.286,"[2049, 2049, 2048, 2049, 2048, 2048, 2049, 2051]","[2048, 2049, 2048, 2048, 2048, 2048, 2048, 2048]","[2049, 2048, 2048, 2049, 2048, 2048, 2048, 2048, 2048, 2049]",291.0
1294,11369,30,17,2026-09-13T13:31:57.483000+00:00,30.406,36.156,33.445,206.0,244.0,False,100.007,"[2048, 2048, 2048, 2048, 2048, 2048, 2049, 2048]","[2048, 2048, 2048, 2048, 2048, 2048, 2048, 2048]","[2048, 2048, 2048, 2048, 2048, 2048, 2048, 2048, 2048, 2048]",284.0
1294,11369,81,17,2026-09-13T13:32:09.143000+00:00,30.728,36.367,32.864,215.0,249.0,False,99.959,"[None, 2048, 2048, 2048, 2048, 2048, 2049, 2049]","[2048, 2049, 2049, 2048, 2048, 2049, 2048, 2048]","[2049, 2049, 2048, 2049, 2049, 2048, 2049, 2049, 2048, 2048]",285.0
1294,11369,10,17,2026-09-13T13:32:13.859000+00:00,30.452,36.112,33.529,214.0,238.0,False,100.093,"[2048, 2048, 2048, 2049, 2048, 2048, 2049, 2049]","[2048, 2049, 2049, 2049, 2048, 2049, 2049, 2049]","[2048, 2049, 2049, 2048, 2049, 2049, 2049, 2049, 2048, 2048]",289.0
1294,11369,5,17,2026-09-13T13:32:15.564000+00:00,30.36,36.419,33.444,218.0,244.0,False,100.223,"[None, 2049, 2048, 2048, 2048, 2048, 2049, 2049]","[2049, 2049, 2049, 2049, 2048, 2049, 2048, 2048]","[2048, 2049, 2049, 2049, 2048, 2048, 2048, 2048, 2049, 2049]",292.0
1294,11369,43,17,2026-09-13T13:32:19.208000+00:00,30.274,36.451,33.199,211.0,246.0,False,99.924,"[2048, 2049, 2048, 2048, 2048, 2048, 2049, 2048]","[2048, 2048, 2048, 2048, 2049, 2049, 2048, 2048]","[2048, 2048, 2048, 2049, 2048, 2048, 2048, 2048, 2048, 2048]",293.0
1294,11369,41,17,2026-09-13T13:32:19.990000+00:00,30.271,36.154,33.476,,242.0,False,99.901,"[2048, 2048, 2048, 2048, 2048, 2048, 2049, 2048]","[2049, 2048, 2048, 2051, 2048, 2048, 2048, 2048]","[2048, 2048, 2048, 2049, 2048, 2049, 2048, 2048, 2048, 2048]",280.0
1294,11369,27,17,2026-09-13T13:32:22.138000+00:00,30.205,36.835,33.344,212.0,241.0,False,100.384,"[None, 2048, 2049, 2048, 2048, 2048, 2049, 2049]","[2048, 2048, 2048, 2048, 2049, 2049, 2048, 2048]","[2049, 2049, 2048, 2048, 2048, 2048, 2048, 2048, 2048, 2049]",287.0
1294,11369,31,17,2026-09-13T13:32:23.726000+00:00,30.314,36.679,33.551,217.0,239.0,False,100.544,"[2048, 2048, 2048, 2048, 2048, 2048, 2048, 2048]","[2049, 2048, 2049, 2048, 2049, 2049, 2048, 2048]","[2049, 2048, 2049, 2048, 2048, 2048, 2048, 2048, 2048, 2048]",275.0
1294,11369,22,17,2026-09-13T13:32:32.315000+00:00,30.756,36.633,33.865,216.0,236.0,False,101.254,"[None, 2048, 2049, 2048, 2048, 2048, 2049, 2049]","[2049, 2048, 2049, 2048, 2048, 2049, 2048, 2049]","[2048, 2048, 2048, 2049, 2048, 2048, 2048, 2049, 2048, 2048]",284.0
1294,11369,55,17,2026-09-13T13:32:34.898000+00:00,30.961,37.104,34.11,209.0,233.0,False,102.175,"[None, 2048, 2049, 2048, 2048, 2048, 2048, 2049]","[2048, 2048, 2049, 2049, 2048, 2048, 2048, 2048]","[2048, 2049, 2048, 2048, 2048, 2048, 2049, 2049, 2048, 2048]",275.0
1294,11369,87,17,2026-09-13T13:32:35.617000+00:00,30.687,37.233,34.276,,236.0,False,102.196,"[None, 2048, 2048, 2048, 2048, 2048, 2048, 2049]","[2048, 2048, 2048, 2049, 2048, 2048, 2049, 2048]","[2048, 2048, 2048, 2048, 2048, 2048, 2048, 2048, 2048, 2048]",
1294,11369,23,17,2026-09-13T13:32:39.243000+00:00,30.964,36.815,33.775,,244.0,False,101.554,"[2048, 2048, 2049, 2049, 2048, 2048, 2048, 2048]","[2049, 2049, 2049, 2048, 2048, 2048, 2049, 2049]","[2049, 2048, 2048, 2048, 2048, 2048, 2048, 2048, 2048, 2048]",260.0
1294,11369,11,17,2026-09-13T13:32:44.435000+00:00,30.815,36.654,33.955,208.0,236.0,False,101.424,"[None, 2048, 2048, 2048, 2048, 2048, 2049, 2049]","[2048, 2049, 2049, 2048, 2048, 2048, 2048, 2049]","[2049, 2049, 2048, 2048, 2048, 2048, 2049, 2048, 2048, 2048]",264.0
1294,11369,77,17,2026-09-13T13:32:47.152000+00:00,31.108,37.254,34.83,,233.0,False,103.192,"[None, 2048, 2048, 2048, 2048, 2048, 2048, 2048]","[2048, 2048, 2049, 2048, 2048, 2049, 2048, 2048]","[2049, 2049, 2048, 2048, 2049, 2048, 2048, 2048, 2048, 2048]",278.0
1294,11369,14,17,2026-09-13T13:32:57.560000+00:00,30.991,36.386,33.443,214.0,242.0,False,100.82,"[None, 2048, 2048, 2048, 2048, 2048, 2048, 2048]","[2048, 2048, 2048, 2048, 2048, 2048, 2048, 2048]","[2049, 2048, 2048, 2048, 2048, 2048, 2049, 2048, 2048, 2048]",284.0
1294,11369,16,18,2026-09-13T13:33:14.323000+00:00,30.199,35.77,32.887,211.0,244.0,False,98.856,"[None, 2048, 2048, 2048, 2048, 2048, 2048, 2048]","[2048, 2049, 2049, 2048, 2048, 2048, 2048, 2048]","[2049, 2049, 2048, 2048, 2049, 2048, 2048, 2048, 2048, 2048]",298.0
1294,11369,12,18,2026-09-13T13:33:15.988000+00:00,29.714,36.067,32.738,,240.0,False,98.519,"[None, 2048, 2048, 2048, 2048, 2048, 2048, 2048]","[2048, 2048, 2048, 2048, 2048, 2048, 2048, 2048]","[2048, 2048, 2048, 2048, 2048, 2048, 2048, 2048, 2048, 2048]",282.0
1294,11369,3,18,2026-09-13T13:33:22.645000+00:00,29.78,35.968,32.932,215.0,236.0,False,98.68,"[None, 2048, 2048, 2048, 2048, 2048, 2048, 2049]","[2049, 2048, 2048, 2048, 2048, 2049, 2048, 2048]","[2048, 2048, 2048, 2048, 2048, 2048, 2048, 2048, 2048, 2048]",286.0
1294,11369,63,18,2026-09-13T13:33:25.503000+00:00,29.692,35.831,32.778,,254.0,False,98.301,"[None, 2048, 2048, 2048, 2048, 2048, 2049, 2049]","[2048, 2048, 2049, 2048, 2048, 2048, 2048, 2049]","[2048, 2048, 2048, 2048, 2048, 2048, 2049, 2048, 2048, 2048]",
1294,11369,1,18,2026-09-13T13:33:31.481000+00:00,29.923,35.485,32.552,221.0,256.0,False,97.96,"[2048, 2048, 2049, 2049, 2049, 2048, 2049, 2048]","[2051, 2049, 2051, 2048, 2048, 2048, 2048, 2048]","[2048, 2048, 2049, 2049, 2048, 2048, 2048, 2048, 2048, 2048]",295.0
1294,11369,30,18,2026-09-13T13:33:37.559000+00:00,30.333,35.948,33.548,213.0,247.0,False,99.829,"[None, 2049, 2048, 2048, 2048, 2048, 2048, 2048]","[2048, 2049, 2049, 2048, 2048, 2048, 2048, 2048]","[2049, 2048, 2048, 2048, 2048, 2048, 2048, 2048, 2048, 2048]",286.0
1294,11369,81,18,2026-09-13T13:33:49.043000+00:00,30.343,36.006,32.83,219.0,253.0,False,99.179,"[None, 2048, 2048, 2048, 2048, 2048, 2049, 2049]","[2049, 2049, 2048, 2048, 2048, 2049, 2048, 2049]","[2049, 2049, 2049, 2048, 2049, 2049, 2049, 2048, 2048, 2048]",290.0
1294,11369,10,18,2026-09-13T13:33:53.940000+00:00,30.263,36.267,33.547,217.0,245.0,False,100.077,"[None, 2048, 2049, 2049, 2048, 2048, 2048, 2049]","[2049, 2048, 2048, 2048, 2048, 2048, 2048, 2048]","[2048, 2048, 2049, 2049, 2048, 2048, 2048, 2048, 2048, 2048]",283.0
1294,11369,5,18,2026-09-13T13:33:55.820000+00:00,30.249,36.416,33.562,217.0,246.0,False,100.227,"[None, 2048, 2049, 2049, 2048, 2048, 2049, 2049]","[2049, 2049, 2048, 2049, 2048, 2048, 2048, 2048]","[2049, 2048, 2048, 2048, 2048, 2049, 2048, 2048, 2049, 2049]",
1294,11369,43,18,2026-09-13T13:33:59.181000+00:00,30.392,36.725,33.292,208.0,247.0,False,100.409,"[2049, 2048, 2048, 2048, 2048, 2048, 2048, 2048]","[2049, 2049, 2048, 2048, 2048, 2049, 2048, 2048]","[2048, 2048, 2048, 2048, 2048, 2048, 2048, 2048, 2048, 2048]",
1294,11369,41,18,2026-09-13T13:33:59.804000+00:00,30.368,36.482,33.473,214.0,236.0,False,100.323,"[None, 2048, 2048, 2048, 2048, 2048, 2049, 2049]","[2048, 2049, 2048, 2048, 2048, 2049, 2048, 2049]","[2048, 2048, 2049, 2048, 2048, 2048, 2048, 2048, 2048, 2048]",276.0
1294,11369,27,18,2026-09-13T13:34:02.484000+00:00,30.149,36.617,33.467,216.0,238.0,False,100.233,"[None, 2048, 2049, 2048, 2048, 2048, 2048, 2049]","[2048, 2049, 2049, 2048, 2048, 2048, 2048, 2048]","[2049, 2048, 2048, 2048, 2048, 2048, 2049, 2048, 2048, 2048]",279.0
1294,11369,31,18,2026-09-13T13:34:04.205000+00:00,30.411,36.859,33.602,215.0,244.0,False,100.872,"[None, 2048, 2048, 2048, 2048, 2048, 2048, 2048]","[2048, 2048, 2048, 2048, 2048, 2048, 2048, 2048]","[2049, 2048, 2048, 2048, 2048, 2048, 2048, 2048, 2048, 2048]",282.0
1294,11369,22,18,2026-09-13T13:34:13.582000+00:00,30.986,36.351,33.855,213.0,238.0,False,101.192,"[None, 2048, 2049, 2048, 2048, 2048, 2048, 2048]","[2049, 2051, 2049, 2049, 2049, 2048, 2049, 2049]","[2048, 2048, 2048, 2048, 2048, 2048, 2048, 2048, 2048, 2048]",274.0
1294,11369,55,18,2026-09-13T13:34:17.180000+00:00,30.875,36.984,34.202,208.0,235.0,False,102.061,"[None, 2048, 2049, 2048, 2048, 2048, 2048, 2048]","[2049, 2048, 2048, 2048, 2048, 2049, 2048, 2049]","[2048, 2048, 2048, 2048, 2048, 2048, 2048, 2048, 2048, 2048]",283.0
1294,11369,87,18,2026-09-13T13:34:17.937000+00:00,30.774,37.272,34.093,202.0,235.0,False,102.139,"[None, 2048, 2048, 2048, 2048, 2049, 2048, 2048]","[2048, 2048, 2048, 2048, 2048, 2048, 2048, 2048]","[2048, 2048, 2048, 2048, 2048, 2048, 2049, 2048, 2048, 2048]",284.0
1294,11369,23,18,2026-09-13T13:34:20.797000+00:00,30.734,37.042,33.95,212.0,241.0,False,101.726,"[2049, 2048, 2049, 2049, 2048, 2048, 2049, 2049]","[2048, 2048, 2048, 2048, 2048, 2048, 2048, 2048]","[2048, 2048, 2048, 2048, 2048, 2048, 2048, 2048, 2048, 2049]",276.0
1294,11369,11,18,2026-09-13T13:34:25.884000+00:00,30.887,36.747,33.791,206.0,232.0,False,101.425,"[None, 2048, 2048, 2048, 2048, 2048, 2048, 2049]","[2048, 2048, 2048, 2049, 2048, 2048, 2048, 2048]","[2048, 2049, 2048, 2048, 2048, 2048, 2048, 2048, 2049, 2049]",261.0
1294,11369,77,18,2026-09-13T13:34:30.332000+00:00,31.066,37.259,34.608,208.0,230.0,False,102.933,"[None, 2048, 2049, 2048, 2048, 2048, 2048, 2049]","[2048, 2048, 2048, 2048, 2048, 2048, 2048, 2048]","[2048, 2049, 2048, 2048, 2049, 2048, 2048, 2049, 2048, 2049]",271.0
1294,11369,14,18,2026-09-13T13:34:38.388000+00:00,30.872,36.554,34.029,215.0,225.0,False,101.455,"[None, 2048, 2048, 2048, 2048, 2048, 2049, 2048]","[2048, 2049, 2048, 2048, 2048, 2048, 2048, 2048]","[2048, 2048, 2048, 2048, 2048, 2048, 2048, 2048, 2048, 2048]",285.0
1294,11369,16,19,2026-09-13T13:34:53.114000+00:00,29.979,35.341,33.015,214.0,249.0,False,98.335,"[None, 2048, 2048, 2048, 2048, 2048, 2048, 2049]","[2048, 2048, 2048, 2049, 2048, 2048, 2048, 2049]","[2048, 2048, 2048, 2048, 2048, 2048, 2048, 2048, 2048, 2049]",293.0
1294,11369,12,19,2026-09-13T13:34:54.151000+00:00,29.742,35.905,32.718,217.0,251.0,False,98.365,"[None, 2048, 2048, 2048, 2049, 2048, 2048, 2048]","[2048, 2048, 2048, 2048, 2048, 2048, 2048, 2048]","[2048, 2048, 2048, 2048, 2048, 2048, 2048, 2048, 2048, 2048]",287.0
1294,11369,3,19,2026-09-13T13:35:01.353000+00:00,29.818,35.761,32.862,214.0,240.0,False,98.441,"[None, 2048, 2049, 2051, 2049, 2049, 2048, 2048]","[2048, 2048, 2049, 2048, 2048, 2049, 2048, 2048]","[2049, 2048, 2048, 2048, 2048, 2048, 2049, 2048, 2048, 2048]",288.0
1294,11369,63,19,2026-09-13T13:35:03.782000+00:00,29.771,36.228,32.948,220.0,249.0,False,98.947,"[None, 2049, 2048, 2048, 2048, 2048, 2048, 2048]","[2048, 2048, 2048, 2048, 2049, 2048, 2048, 2048]","[2048, 2048, 2048, 2048, 2048, 2048, 2048, 2048, 2048, 2048]",307.0
1294,11369,1,19,2026-09-13T13:35:09.461000+00:00,29.86,35.638,32.727,222.0,255.0,False,98.225,"[None, 2048, 2049, 2049, 2049, 2048, 2048, 2048]","[2048, 2048, 2048, 2048, 2048, 2048, 2048, 2048]","[2048, 2048, 2048, 2048, 2048, 2048, 2048, 2048, 2048, 2048]",294.0
1294,11369,30,19,2026-09-13T13:35:17.364000+00:00,30.147,35.677,33.328,215.0,250.0,False,99.152,"[None, 2048, 2049, 2048, 2048, 2048, 2049, 2049]","[2049, 2048, 2049, 2049, 2048, 2048, 2048, 2049]","[2048, 2048, 2048, 2049, 2049, 2048, 2048, 2049, 2048, 2049]",289.0
1294,11369,81,19,2026-09-13T13:35:28.332000+00:00,30.318,35.883,33.127,216.0,249.0,False,99.328,"[None, 2048, 2048, 2048, 2048, 2048, 2048, 2048]","[2048, 2049, 2049, 2049, 2048, 2048, 2048, 2048]","[2048, 2048, 2048, 2048, 2048, 2048, 2048, 2048, 2048, 2048]",293.0
1294,11369,10,19,2026-09-13T13:35:33.939000+00:00,30.361,35.993,33.399,216.0,251.0,False,99.753,"[None, 2048, 2049, 2049, 2048, 2048, 2048, 2048]","[2049, 2049, 2049, 2048, 2048, 2048, 2048, 2049]","[2049, 2049, 2049, 2049, 2048, 2049, 2048, 2049, 2048, 2048]",277.0
1294,11369,5,19,2026-09-13T13:35:36.082000+00:00,30.222,36.272,33.595,216.0,245.0,False,100.089,"[None, 2048, 2048, 2049, 2048, 2048, 2049, 2049]","[2049, 2048, 2049, 2049, 2048, 2048, 2048, 2048]","[2048, 2048, 2048, 2048, 2049, 2049, 2048, 2048, 2048, 2048]",290.0
1294,11369,43,19,2026-09-13T13:35:39.582000+00:00,30.164,36.409,33.427,214.0,243.0,False,100.0,"[2048, 2049, 2048, 2048, 2048, 2048, 2049, 2048]","[2049, 2048, 2048, 2048, 2048, 2048, 2048, 2048]","[2048, 2049, 2048, 2048, 2048, 2048, 2048, 2048, 2048, 2048]",294.0
1294,11369,41,19,2026-09-13T13:35:40.237000+00:00,30.153,36.442,33.362,216.0,244.0,False,99.957,"[None, 2048, 2048, 2048, 2048, 2048, 2049, 2048]","[2048, 2048, 2048, 2048, 2048, 2048, 2048, 2048]","[2048, 2048, 2048, 2048, 2048, 2049, 2048, 2048, 2048, 2048]",277.0
1294,11369,27,19,2026-09-13T13:35:42.763000+00:00,30.16,36.727,33.553,213.0,236.0,False,100.44,"[None, 2048, 2048, 2048, 2048, 2048, 2048, 2048]","[2048, 2048, 2048, 2048, 2048, 2048, 2048, 2048]","[2048, 2048, 2048, 2048, 2048, 2048, 2049, 2048, 2048, 2048]",291.0
1294,11369,31,19,2026-09-13T13:35:45.164000+00:00,30.238,36.693,33.653,221.0,243.0,False,100.584,"[None, 2049, 2048, 2048, 2048, 2048, 2048, 2048]","[2049, 2049, 2048, 2048, 2049, 2049, 2048, 2048]","[2048, 2048, 2048, 2048, 2048, 2048, 2048, 2048, 2048, 2048]",276.0
1294,11369,22,19,2026-09-13T13:35:54.782000+00:00,30.777,36.432,33.84,217.0,230.0,False,101.049,"[None, 2048, 2049, 2048, 2048, 2048, 2048, 2048]","[2048, 2048, 2048, 2049, 2048, 2048, 2048, 2048]","[2048, 2048, 2048, 2048, 2048, 2048, 2048, 2048, 2048, 2048]",277.0
1294,11369,55,19,2026-09-13T13:35:59.135000+00:00,30.725,36.771,34.208,210.0,240.0,False,101.704,"[None, 2048, 2049, 2049, 2048, 2048, 2048, 2049]","[2049, 2048, 2049, 2049, 2048, 2048, 2048, 2049]","[2048, 2048, 2048, 2048, 2048, 2048, 2048, 2049, 2048, 2048]",275.0
1294,11369,87,19,2026-09-13T13:35:59.916000+00:00,30.554,37.095,34.147,207.0,238.0,False,101.796,"[None, 2048, 2048, 2048, 2048, 2048, 2049, 2048]","[2048, 2049, 2048, 2048, 2049, 2048, 2048, 2048]","[2048, 2048, 2048, 2048, 2048, 2048, 2048, 2048, 2048, 2048]",270.0
1294,11369,23,19,2026-09-13T13:36:02.522000+00:00,30.766,37.038,34.003,206.0,237.0,False,101.807,"[None, 2049, 2048, 2048, 2048, 2048, 2048, 2048]","[2048, 2048, 2048, 2048, 2048, 2049, 2048, 2048]","[2048, 2048, 2048, 2048, 2048, 2048, 2048, 2048, 2049, 2049]",271.0
1294,11369,11,19,2026-09-13T13:36:07.323000+00:00,30.846,36.653,33.942,208.0,230.0,False,101.441,"[None, 2048, 2048, 2048, 2048, 2048, 2048, 2048]","[2048, 2049, 2049, 2048, 2049, 2048, 2048, 2048]","[2048, 2048, 2048, 2048, 2048, 2048, 2048, 2048, 2048, 2048]",260.0
1294,11369,77,19,2026-09-13T13:36:13.340000+00:00,30.874,37.035,34.674,211.0,227.0,False,102.583,"[None, 2048, 2048, 2048, 2048, 2048, 2049, 2049]","[2049, 2048, 2048, 2048, 2048, 2048, 2048, 2048]","[2048, 2048, 2048, 2048, 2049, 2048, 2048, 2049, 2048, 2048]",279.0
1294,11369,14,19,2026-09-13T13:36:19.933000+00:00,30.76,36.449,33.534,220.0,246.0,False,100.743,"[None, 2048, 2048, 2048, 2048, 2048, 2049, 2048]","[2048, 2048, 2048, 2048, 2048, 2048, 2048, 2049]","[2048, 2048, 2048, 2049, 2048, 2048, 2049, 2048, 2048, 2048]",288.0
1294,11369,16,20,2026-09-13T13:36:31.495000+00:00,29.966,35.519,33.11,216.0,249.0,False,98.595,"[None, 2048, 2048, 2048, 2048, 2048, 2048, 2048]","[2048, 2048, 2049, 2048, 2048, 2048, 2048, 2048]","[2048, 2048, 2048, 2048, 2048, 2048, 2048, 2048, 2048, 2048]",299.0
1294,11369,12,20,2026-09-13T13:36:32.514000+00:00,29.735,36.074,32.598,218.0,251.0,False,98.407,"[None, 2048, 2048, 2048, 2048, 2048, 2048, 2048]","[2048, 2048, 2048, 2048, 2049, 2048, 2048, 2048]","[2048, 2048, 2048, 2048, 2048, 2048, 2048, 2048, 2048, 2048]",284.0
1294,11369,3,20,2026-09-13T13:36:39.744000+00:00,29.792,35.875,32.887,213.0,239.0,False,98.554,"[None, 2048, 2048, 2048, 2049, 2049, 2048, 2049]","[2048, 2048, 2048, 2048, 2051, 2048, 2049, 2048]","[2048, 2048, 2049, 2048, 2048, 2048, 2049, 2048, 2048, 2048]",286.0
1294,11369,63,20,2026-09-13T13:36:42.736000+00:00,29.7,36.133,33.248,,243.0,False,99.081,"[None, 2048, 2048, 2048, 2048, 2048, 2048, 2049]","[2049, 2048, 2048, 2048, 2048, 2048, 2048, 2048]","[2048, 2048, 2048, 2048, 2048, 2048, 2048, 2048, 2048, 2048]",
1294,11369,1,20,2026-09-13T13:36:47.680000+00:00,29.822,35.479,32.684,224.0,252.0,False,97.985,"[None, 2048, 2048, 2048, 2048, 2048, 2048, 2051]","[2048, 2048, 2048, 2048, 2048, 2051, 2048, 2048]","[2048, 2048, 2048, 2048, 2048, 2048, 2048, 2048, 2049, 2049]",296.0
1294,11369,30,20,2026-09-13T13:36:56.473000+00:00,30.313,35.658,33.383,211.0,244.0,False,99.354,"[None, 2049, 2048, 2048, 2048, 2048, 2048, 2048]","[2049, 2049, 2049, 2048, 2048, 2049, 2048, 2048]","[2048, 2048, 2048, 2048, 2049, 2048, 2048, 2048, 2048, 2048]",286.0
1294,11369,81,20,2026-09-13T13:37:07.673000+00:00,30.434,35.876,33.073,219.0,248.0,False,99.383,"[None, 2048, 2048, 2048, 2048, 2048, 2048, 2048]","[2048, 2048, 2049, 2049, 2048, 2048, 2049, 2048]","[2048, 2048, 2048, 2048, 2048, 2048, 2048, 2048, 2049, 2049]",291.0
1294,11369,10,20,2026-09-13T13:37:13.764000+00:00,30.426,35.951,33.584,217.0,242.0,False,99.961,"[None, 2048, 2048, 2048, 2048, 2048, 2048, 2048]","[2049, 2049, 2049, 2049, 2048, 2048, 2048, 2048]","[2048, 2049, 2048, 2048, 2048, 2048, 2048, 2048, 2049, 2049]",280.0
1294,11369,5,20,2026-09-13T13:37:16.029000+00:00,30.12,36.298,33.62,221.0,246.0,False,100.038,"[None, 2048, 2048, 2048, 2048, 2048, 2049, 2049]","[2049, 2048, 2048, 2048, 2048, 2048, 2048, 2048]","[2048, 2048, 2048, 2048, 2049, 2048, 2048, 2048, 2048, 2048]",296.0
1294,11369,43,20,2026-09-13T13:37:19.605000+00:00,30.101,36.596,33.413,217.0,241.0,False,100.11,"[None, 2048, 2048, 2048, 2048, 2048, 2048, 2049]","[2048, 2048, 2048, 2048, 2048, 2048, 2049, 2048]","[2048, 2048, 2048, 2048, 2048, 2048, 2048, 2048, 2048, 2048]",292.0
1294,11369,41,20,2026-09-13T13:37:20.223000+00:00,30.251,36.377,33.674,213.0,240.0,False,100.302,"[None, 2048, 2048, 2048, 2048, 2048, 2048, 2048]","[2048, 2048, 2049, 2048, 2048, 2048, 2048, 2048]","[2048, 2048, 2048, 2048, 2048, 2048, 2048, 2048, 2048, 2048]",270.0
1294,11369,27,20,2026-09-13T13:37:23.323000+00:00,30.401,36.361,33.497,217.0,242.0,False,100.259,"[None, 2048, 2048, 2048, 2048, 2048, 2048, 2048]","[2049, 2048, 2049, 2048, 2049, 2049, 2048, 2048]","[2048, 2048, 2048, 2048, 2048, 2048, 2049, 2049, 2048, 2048]",280.0
1294,11369,31,20,2026-09-13T13:37:25.744000+00:00,30.24,36.706,33.698,218.0,243.0,False,100.644,"[None, 2048, 2048, 2048, 2048, 2048, 2049, 2048]","[2048, 2048, 2048, 2048, 2048, 2049, 2049, 2048]","[2048, 2048, 2048, 2048, 2048, 2048, 2048, 2048, 2048, 2048]",292.0
1294,11369,22,20,2026-09-13T13:37:35.973000+00:00,30.917,36.171,33.783,214.0,240.0,False,100.871,"[None, 2048, 2048, 2048, 2048, 2048, 2048, 2048]","[2048, 2048, 2049, 2049, 2048, 2048, 2049, 2049]","[2048, 2048, 2048, 2048, 2048, 2048, 2048, 2048, 2049, 2049]",275.0
1294,11369,55,20,2026-09-13T13:37:40.911000+00:00,30.878,36.77,34.178,213.0,242.0,False,101.826,"[None, 2048, 2048, 2048, 2048, 2048, 2048, 2048]","[2048, 2048, 2049, 2048, 2048, 2049, 2049, 2049]","[2048, 2048, 2048, 2048, 2049, 2048, 2048, 2048, 2048, 2048]",282.0
1294,11369,87,20,2026-09-13T13:37:41.768000+00:00,,37.158,33.948,209.0,240.0,False,101.66,"[None, 2048, 2048, 2048, 2048, 2048, 2049, 2048]","[2048, 2048, 2048, 2048, 2048, 2048, 2049, 2048]","[2048, 2048, 2048, 2048, 2048, 2048, 2049, 2048, 2048, 2048]",269.0
1294,11369,23,20,2026-09-13T13:37:44.317000+00:00,30.904,36.912,34.101,212.0,235.0,False,101.917,"[None, 2048, 2048, 2048, 2048, 2048, 2048, 2048]","[2048, 2048, 2048, 2048, 2048, 2048, 2049, 2049]","[2048, 2048, 2048, 2048, 2048, 2048, 2048, 2048, 2048, 2048]",272.0
1294,11369,11,20,2026-09-13T13:37:48.782000+00:00,30.689,36.547,34.025,207.0,235.0,False,101.261,"[None, 2048, 2048, 2048, 2048, 2048, 2048, 2048]","[2048, 2048, 2049, 2048, 2048, 2048, 2048, 2049]","[2049, 2048, 2048, 2048, 2048, 2048, 2048, 2049, 2048, 2048]",259.0
1294,11369,77,20,2026-09-13T13:37:55.944000+00:00,31.203,36.914,34.703,,232.0,False,102.82,"[None, 2048, 2049, 2048, 2048, 2048, 2048, 2048]","[2048, 2048, 2049, 2049, 2048, 2049, 2048, 2049]","[2048, 2049, 2049, 2048, 2048, 2048, 2048, 2049, 2049, 2049]",271.0
1294,11369,14,20,2026-09-13T13:38:00.723000+00:00,30.421,36.483,33.735,,245.0,False,100.639,"[None, 2048, 2048, 2048, 2048, 2048, 2049, 2049]","[2048, 2048, 2048, 2048, 2048, 2048, 2048, 2048]","[2048, 2048, 2048, 2048, 2048, 2048, 2049, 2048, 2048, 2048]",299.0
1294,11369,16,21,2026-09-13T13:38:10.065000+00:00,29.896,35.569,32.919,,248.0,False,98.384,"[None, 2048, 2048, 2048, 2048, 2048, 2048, 2049]","[2048, 2048, 2048, 2048, 2048, 2048, 2048, 2048]","[2048, 2048, 2048, 2048, 2048, 2048, 2051, 2049, 2048, 2048]",298.0
1294,11369,12,21,2026-09-13T13:38:10.984000+00:00,29.704,36.154,33.921,215.0,248.0,False,99.779,"[None, 2048, 2048, 2048, 2048, 2049, 2048, 2048]","[2048, 2048, 2048, 2048, 2048, 2048, 2048, 2048]","[2048, 2048, 2048, 2048, 2048, 2048, 2048, 2048, 2048, 2048]",287.0
1294,11369,3,21,2026-09-13T13:38:18.290000+00:00,29.81,35.89,33.007,216.0,243.0,False,98.707,"[None, 2048, 2048, 2048, 2048, 2048, 2048, 2049]","[2048, 2048, 2048, 2048, 2048, 2048, 2048, 2048]","[2048, 2049, 2048, 2048, 2048, 2048, 2048, 2048, 2048, 2048]",283.0
1294,11369,63,21,2026-09-13T13:38:21.964000+00:00,29.756,35.77,32.777,218.0,252.0,False,98.303,"[None, 2048, 2048, 2048, 2048, 2048, 2048, 2048]","[2048, 2048, 2049, 2048, 2048, 2048, 2048, 2048]","[2048, 2049, 2048, 2048, 2048, 2048, 2048, 2048, 2048, 2048]",304.0
1294,11369,1,21,2026-09-13T13:38:25.713000+00:00,29.799,35.645,32.795,221.0,252.0,False,98.239,"[None, 2048, 2048, 2048, 2048, 2048, 2048, 2051]","[2048, 2048, 2051, 2048, 2048, 2048, 2048, 2048]","[2048, 2048, 2048, 2048, 2048, 2048, 2048, 2048, 2048, 2048]",295.0
1294,11369,30,21,2026-09-13T13:38:35.791000+00:00,30.308,35.79,33.422,213.0,244.0,False,99.52,"[None, 2048, 2048, 2048, 2048, 2048, 2048, 2048]","[2048, 2049, 2049, 2048, 2048, 2048, 2048, 2048]","[2048, 2048, 2048, 2048, 2048, 2048, 2048, 2048, 2048, 2048]",284.0
1294,11369,81,21,2026-09-13T13:38:46.962000+00:00,30.412,35.883,32.852,218.0,249.0,False,99.147,"[None, 2048, 2049, 2048, 2048, 2048, 2048, 2049]","[2048, 2048, 2048, 2049, 2048, 2048, 2049, 2048]","[2048, 2048, 2048, 2049, 2049, 2048, 2049, 2049, 2048, 2048]",285.0
1294,11369,10,21,2026-09-13T13:38:53.744000+00:00,30.214,35.967,33.273,218.0,246.0,False,99.454,"[None, 2048, 2048, 2049, 2048, 2048, 2049, 2049]","[2048, 2049, 2048, 2049, 2048, 2048, 2048, 2048]","[2048, 2049, 2049, 2048, 2048, 2048, 2048, 2049, 2048, 2048]",286.0
1294,11369,5,21,2026-09-13T13:38:56.144000+00:00,30.087,36.355,33.532,220.0,245.0,False,99.974,"[None, 2048, 2049, 2048, 2048, 2048, 2049, 2049]","[2048, 2048, 2048, 2048, 2049, 2048, 2048, 2048]","[2048, 2048, 2048, 2048, 2049, 2048, 2049, 2048, 2048, 2048]",294.0
1294,11369,43,21,2026-09-13T13:38:59.665000+00:00,30.424,36.512,33.352,213.0,245.0,False,100.288,"[None, 2048, 2048, 2048, 2048, 2048, 2048, 2048]","[2048, 2049, 2049, 2048, 2048, 2048, 2048, 2048]","[2048, 2048, 2048, 2048, 2048, 2048, 2048, 2048, 2048, 2048]",287.0
1294,11369,41,21,2026-09-13T13:39:00.432000+00:00,30.327,36.393,33.591,215.0,232.0,False,100.311,"[None, 2048, 2048, 2048, 2048, 2048, 2049, 2048]","[2048, 2048, 2048, 2051, 2048, 2048, 2048, 2048]","[2048, 2048, 2048, 2049, 2048, 2048, 2048, 2048, 2048, 2048]",287.0
1294,11369,27,21,2026-09-13T13:39:03.484000+00:00,29.996,36.152,33.443,218.0,244.0,False,99.591,"[None, 2048, 2048, 2048, 2048, 2048, 2049, 2049]","[2049, 2048, 2049, 2049, 2048, 2048, 2048, 2048]","[2049, 2048, 2048, 2048, 2048, 2048, 2048, 2048, 2048, 2048]",293.0
1294,11369,31,21,2026-09-13T13:39:06.280000+00:00,30.373,36.81,33.721,222.0,241.0,False,100.904,"[None, 2048, 2048, 2048, 2048, 2048, 2048, 2048]","[2048, 2048, 2049, 2048, 2048, 2048, 2048, 2048]","[2048, 2048, 2048, 2048, 2048, 2048, 2048, 2048, 2048, 2048]",282.0
1294,11369,22,21,2026-09-13T13:39:16.783000+00:00,30.724,36.122,33.936,217.0,239.0,False,100.782,"[None, 2049, 2048, 2048, 2048, 2048, 2048, 2049]","[2048, 2048, 2049, 2048, 2048, 2048, 2049, 2048]","[2048, 2048, 2048, 2048, 2049, 2048, 2048, 2048, 2048, 2048]",272.0
1294,11369,55,21,2026-09-13T13:39:22.644000+00:00,30.86,36.756,34.109,210.0,240.0,False,101.725,"[None, 2048, 2049, 2048, 2048, 2048, 2048, 2048]","[2048, 2049, 2048, 2049, 2049, 2048, 2048, 2048]","[2048, 2049, 2049, 2048, 2048, 2048, 2048, 2048, 2048, 2048]",275.0
1294,11369,87,21,2026-09-13T13:39:23.409000+00:00,30.589,37.037,34.068,204.0,234.0,False,101.694,"[None, 2048, 2048, 2048, 2048, 2048, 2048, 2048]","[2048, 2048, 2048, 2048, 2049, 2049, 2049, 2048]","[2048, 2048, 2048, 2048, 2048, 2048, 2048, 2048, 2048, 2048]",262.0
1294,11369,23,21,2026-09-13T13:39:26.171000+00:00,30.776,36.905,34.18,219.0,242.0,False,101.861,"[2048, 2048, 2048, 2048, 2048, 2048, 2049, 2048]","[2048, 2048, 2048, 2049, 2048, 2048, 2048, 2048]","[2048, 2048, 2048, 2048, 2048, 2048, 2048, 2048, 2048, 2048]",275.0
1294,11369,11,21,2026-09-13T13:39:30.044000+00:00,30.932,36.691,34.059,208.0,233.0,False,101.682,"[None, 2048, 2048, 2048, 2048, 2048, 2048, 2048]","[2048, 2048, 2048, 2048, 2049, 2048, 2048, 2049]","[2048, 2048, 2048, 2048, 2048, 2048, 2049, 2048, 2048, 2048]",257.0
1294,11369,77,21,2026-09-13T13:39:38.717000+00:00,31.079,37.113,34.693,208.0,229.0,False,102.885,"[None, 2048, 2048, 2048, 2048, 2048, 2048, 2048]","[2048, 2048, 2048, 2048, 2048, 2049, 2048, 2048]","[2048, 2048, 2048, 2048, 2048, 2048, 2048, 2048, 2049, 2049]",269.0
1294,11369,14,21,2026-09-13T13:39:41.276000+00:00,30.826,36.679,34.014,218.0,241.0,False,101.519,"[None, 2048, 2048, 2048, 2048, 2048, 2048, 2048]","[2048, 2048, 2048, 2048, 2048, 2048, 2048, 2048]","[2048, 2048, 2048, 2048, 2048, 2048, 2048, 2048, 2048, 2048]",288.0
1294,11369,16,22,2026-09-13T13:39:48.410000+00:00,30.062,35.306,33.109,,249.0,False,98.477,"[None, 2048, 2048, 2048, 2048, 2048, 2048, 2048]","[2048, 2049, 2049, 2049, 2048, 2048, 2048, 2048]","[2048, 2048, 2048, 2048, 2048, 2048, 2048, 2048, 2048, 2048]",294.0
1294,11369,12,22,2026-09-13T13:39:50.707000+00:00,30.012,36.316,32.859,212.0,245.0,False,99.187,"[None, 2048, 2048, 2048, 2048, 2048, 2048, 2048]","[2048, 2048, 2048, 2048, 2048, 2048, 2048, 2048]","[2048, 2048, 2048, 2048, 2048, 2048, 2048, 2048, 2048]",
1294,11369,3,22,2026-09-13T13:39:57.021000+00:00,29.943,35.737,33.156,218.0,242.0,False,98.836,"[None, 2048, 2048, 2048, 2048, 2048, 2048, 2049]","[2048, 2048, 2048, 2048, 2048, 2048, 2049, 2048]","[2048, 2048, 2048, 2048, 2048, 2048, 2049, 2048, 2048, 2048]",278.0
1294,11369,63,22,2026-09-13T13:40:00.164000+00:00,29.854,35.896,33.166,,250.0,False,98.916,"[None, 2048, 2048, 2048, 2048, 2048, 2048, 2048]","[2048, 2048, 2048, 2048, 2048, 2048, 2048, 2048]","[2048, 2048, 2048, 2048, 2048, 2048, 2048, 2048, 2048, 2048]",
1294,11369,1,22,2026-09-13T13:40:03.945000+00:00,29.921,35.516,32.73,,252.0,False,98.167,"[None, 2048, 2048, 2048, 2049, 2048, 2049, 2048]","[2048, 2048, 2048, 2048, 2048, 2048, 2048, 2048]","[2048, 2048, 2048, 2048, 2048, 2048, 2051, 2048, 2048, 2048]",294.0
1294,11369,30,22,2026-09-13T13:40:15.311000+00:00,30.205,35.733,33.4,216.0,246.0,False,99.338,"[None, 2049, 2048, 2048, 2048, 2048, 2048, 2049]","[2048, 2048, 2049, 2048, 2048, 2048, 2051, 2048]","[2048, 2048, 2048, 2048, 2048, 2048, 2048, 2048, 2048, 2048]",283.0
1294,11369,81,22,2026-09-13T13:40:26.118000+00:00,30.263,35.911,32.94,221.0,249.0,False,99.114,"[None, 2048, 2049, 2048, 2048, 2048, 2048, 2048]","[2048, 2048, 2049, 2048, 2048, 2048, 2049, 2049]","[2048, 2048, 2048, 2048, 2049, 2048, 2048, 2048, 2048, 2048]",283.0
1294,11369,10,22,2026-09-13T13:40:33.125000+00:00,30.127,35.631,33.228,215.0,249.0,False,98.986,"[None, 2049, 2048, 2048, 2048, 2048, 2049, 2048]","[2048, 2049, 2049, 2049, 2048, 2049, 2048, 2049]","[2048, 2048, 2049, 2049, 2048, 2048, 2049, 2049, 2048, 2048]",290.0
1294,11369,5,22,2026-09-13T13:40:36.040000+00:00,30.057,35.984,33.409,223.0,246.0,False,99.45,"[None, 2048, 2048, 2048, 2048, 2048, 2049, 2048]","[2049, 2048, 2049, 2049, 2048, 2049, 2049, 2048]","[2048, 2048, 2048, 2049, 2048, 2048, 2049, 2048, 2048, 2048]",295.0
1294,11369,43,22,2026-09-13T13:40:39.932000+00:00,30.402,36.259,33.142,214.0,248.0,False,99.803,"[None, 2048, 2048, 2049, 2048, 2048, 2048, 2048]","[2048, 2048, 2048, 2049, 2048, 2048, 2048, 2048]","[2048, 2049, 2049, 2049, 2048, 2048, 2048, 2048, 2048, 2048]",288.0
1294,11369,41,22,2026-09-13T13:40:40.886000+00:00,30.405,36.22,33.539,214.0,235.0,False,100.164,"[None, 2048, 2048, 2048, 2048, 2048, 2048, 2048]","[2048, 2049, 2049, 2051, 2048, 2048, 2048, 2048]","[2048, 2048, 2048, 2048, 2048, 2048, 2048, 2048, 2048, 2048]",286.0
1294,11369,27,22,2026-09-13T13:40:43.073000+00:00,30.089,36.356,33.715,217.0,242.0,False,100.16,"[None, 2048, 2048, 2048, 2048, 2048, 2048, 2048]","[2048, 2048, 2048, 2048, 2048, 2048, 2048, 2048]","[2048, 2048, 2048, 2048, 2048, 2048, 2048, 2048, 2048]",
1294,11369,31,22,2026-09-13T13:40:47.249000+00:00,30.181,36.876,33.675,219.0,242.0,False,100.732,"[None, 2048, 2048, 2048, 2048, 2048, 2048, 2049]","[2048, 2048, 2048, 2048, 2048, 2048, 2048, 2048]","[2048, 2048, 2048, 2048, 2048, 2048, 2048, 2048, 2048]",274.0
1294,11369,22,22,2026-09-13T13:40:57.512000+00:00,30.716,36.183,33.658,218.0,238.0,False,100.557,"[None, 2048, 2049, 2048, 2048, 2048, 2049, 2049]","[2049, 2048, 2049, 2048, 2048, 2048, 2048, 2048]","[2048, 2048, 2048, 2049, 2048, 2048, 2048, 2048, 2048, 2048]",282.0
1294,11369,55,22,2026-09-13T13:41:04.490000+00:00,30.928,36.923,34.17,203.0,234.0,False,102.021,"[None, 2048, 2049, 2048, 2048, 2048, 2048, 2048]","[2048, 2048, 2048, 2048, 2048, 2048, 2048, 2048]","[2048, 2048, 2048, 2049, 2048, 2048, 2048, 2048, 2048, 2048]",277.0
1294,11369,87,22,2026-09-13T13:41:05.089000+00:00,30.546,37.231,34.264,202.0,235.0,False,102.041,"[None, 2048, 2048, 2048, 2048, 2048, 2048, 2048]","[2048, 2048, 2048, 2048, 2048, 2048, 2048, 2048]","[2048, 2048, 2048, 2048, 2048, 2048, 2048, 2048, 2048, 2048]",270.0
1294,11369,23,22,2026-09-13T13:41:08.102000+00:00,31.068,36.854,33.979,214.0,234.0,False,101.901,"[None, 2048, 2048, 2048, 2048, 2048, 2048, 2049]","[2048, 2048, 2048, 2049, 2048, 2048, 2049, 2048]","[2048, 2048, 2048, 2048, 2048, 2048, 2048, 2048, 2048, 2048]",268.0
1294,11369,11,22,2026-09-13T13:41:11.701000+00:00,30.722,36.647,33.966,210.0,237.0,False,101.335,"[None, 2048, 2048, 2048, 2048, 2048, 2049, 2048]","[2048, 2049, 2048, 2048, 2048, 2048, 2048, 2048]","[2048, 2048, 2048, 2048, 2048, 2048, 2048, 2048, 2048, 2048]",281.0
1294,11369,77,22,2026-09-13T13:41:21.480000+00:00,31.03,36.847,34.742,210.0,234.0,False,102.619,"[None, 2048, 2048, 2049, 2048, 2048, 2048, 2048]","[2048, 2048, 2048, 2048, 2048, 2048, 2048, 2049]","[2048, 2048, 2048, 2048, 2048, 2048, 2048, 2048, 2048, 2048]",275.0
1294,11369,14,22,2026-09-13T13:41:22.767000+00:00,30.937,36.727,34.179,215.0,245.0,False,101.843,"[None, 2048, 2048, 2048, 2048, 2048, 2048, 2048]","[2048, 2048, 2048, 2048, 2048, 2048, 2048, 2048]","[2048, 2048, 2048, 2048, 2048, 2048, 2048, 2048, 2048, 2048]",282.0
1294,11369,16,23,2026-09-13T13:41:26.924000+00:00,29.9,35.499,33.202,218.0,248.0,False,98.601,"[None, 2048, 2048, 2048, 2048, 2048, 2049, 2048]","[2048, 2048, 2048, 2048, 2048, 2048, 2048, 2048]","[2048, 2048, 2049, 2048, 2048, 2048, 2048, 2048, 2048, 2048]",299.0
1294,11369,12,23,2026-09-13T13:41:29.833000+00:00,30.068,36.244,32.833,206.0,246.0,False,99.145,"[None, 2048, 2048, 2048, 2048, 2048, 2048, 2048]","[2048, 2048, 2048, 2048, 2048, 2048, 2048, 2048]","[2048, 2048, 2048, 2048, 2048, 2048, 2048, 2048, 2048]",
1294,11369,3,23,2026-09-13T13:41:35.936000+00:00,30.018,35.708,33.009,214.0,242.0,False,98.735,"[None, 2048, 2048, 2048, 2048, 2048, 2048, 2049]","[2048, 2049, 2049, 2048, 2048, 2048, 2049, 2048]","[2048, 2048, 2048, 2048, 2048, 2048, 2048, 2048, 2048, 2048]",285.0
1294,11369,63,23,2026-09-13T13:41:39.135000+00:00,29.866,35.647,32.988,221.0,252.0,False,98.501,"[None, 2048, 2048, 2048, 2048, 2048, 2048, 2048]","[2048, 2049, 2048, 2049, 2048, 2049, 2048, 2048]","[2048, 2048, 2048, 2048, 2048, 2048, 2048, 2048, 2048, 2048]",303.0
1294,11369,1,23,2026-09-13T13:41:42.050000+00:00,29.841,35.414,32.921,222.0,256.0,False,98.176,"[None, 2048, 2048, 2048, 2049, 2048, 2048, 2048]","[2048, 2048, 2048, 2049, 2048, 2048, 2049, 2048]","[2048, 2048, 2048, 2048, 2048, 2048, 2048, 2048, 2048]",292.0
1294,11369,30,23,2026-09-13T13:41:54.724000+00:00,30.253,35.542,33.149,213.0,247.0,False,98.944,"[None, 2048, 2048, 2048, 2048, 2048, 2048, 2048]","[2048, 2049, 2049, 2048, 2048, 2049, 2051, 2049]","[2048, 2048, 2048, 2048, 2048, 2048, 2048, 2049, 2048, 2049]",288.0
1294,11369,81,23,2026-09-13T13:42:05.261000+00:00,30.054,35.607,32.865,,252.0,False,98.526,"[None, 2048, 2048, 2048, 2048, 2048, 2049, 2049]","[2048, 2049, 2049, 2048, 2048, 2048, 2049, 2049]","[2048, 2048, 2048, 2048, 2048, 2048, 2048, 2049, 2049, 2049]",294.0
1294,11369,10,23,2026-09-13T13:42:12.161000+00:00,30.135,35.593,33.41,216.0,251.0,False,99.138,"[None, 2048, 2049, 2049, 2048, 2048, 2049, 2048]","[2049, 2048, 2048, 2049, 2048, 2048, 2048, 2049]","[2048, 2048, 2048, 2048, 2048, 2048, 2048, 2049, 2048, 2048]",
1294,11369,5,23,2026-09-13T13:42:15.608000+00:00,30.136,36.084,33.454,222.0,247.0,False,99.674,"[None, 2048, 2048, 2048, 2048, 2048, 2048, 2048]","[2048, 2049, 2048, 2049, 2048, 2048, 2048, 2048]","[2049, 2048, 2048, 2048, 2048, 2048, 2048, 2049, 2049, 2049]",296.0
1294,11369,43,23,2026-09-13T13:42:19.755000+00:00,30.491,36.317,33.371,211.0,248.0,False,100.179,"[None, 2048, 2048, 2048, 2048, 2048, 2048, 2048]","[2048, 2049, 2049, 2048, 2048, 2048, 2048, 2048]","[2048, 2048, 2048, 2048, 2048, 2048, 2048, 2048, 2048, 2048]",291.0
1294,11369,41,23,2026-09-13T13:42:20.919000+00:00,30.289,36.553,33.277,213.0,238.0,False,100.119,"[None, 2048, 2048, 2048, 2048, 2048, 2048, 2048]","[2048, 2048, 2048, 2048, 2049, 2048, 2048, 2048]","[2049, 2048, 2048, 2048, 2048, 2048, 2048, 2048, 2048, 2048]",
1294,11369,27,23,2026-09-13T13:42:23.245000+00:00,29.84,36.089,33.588,220.0,244.0,False,99.517,"[None, 2049, 2048, 2048, 2048, 2048, 2048, 2048]","[2049, 2049, 2048, 2048, 2048, 2048, 2048, 2048]","[2048, 2048, 2048, 2048, 2048, 2048, 2048, 2049, 2048, 2048]",
1294,11369,31,23,2026-09-13T13:42:27.978000+00:00,30.433,36.613,33.424,,242.0,False,100.47,"[None, 2048, 2048, 2048, 2048, 2048, 2048, 2048]","[2048, 2049, 2048, 2048, 2048, 2048, 2048, 2048]","[2048, 2048, 2049, 2049, 2049, 2048, 2048, 2048, 2048, 2048]",280.0
1294,11369,22,23,2026-09-13T13:42:38.106000+00:00,30.869,36.033,33.702,215.0,240.0,False,100.604,"[None, 2048, 2048, 2048, 2048, 2048, 2048, 2048]","[2049, 2048, 2048, 2048, 2048, 2048, 2049, 2049]","[2048, 2048, 2048, 2048, 2048, 2048, 2048, 2048, 2048, 2048]",274.0
1294,11369,55,23,2026-09-13T13:42:46.461000+00:00,31.073,36.859,37.055,207.0,239.0,False,104.987,"[None, 2048, 2049, 2048, 2048, 2048, 2048, 2048]","[2048, 2048, 2048, 2048, 2048, 2048, 2048, 2048]","[2048, 2048, 2048, 2048, 2048, 2048, 2064, 2064, 2064, 2064]",274.0
1294,11369,87,23,2026-09-13T13:42:47.206000+00:00,30.72,37.185,34.031,204.0,235.0,False,101.936,"[None, 2048, 2048, 2048, 2048, 2048, 2048, 2048]","[2048, 2048, 2048, 2049, 2048, 2048, 2048, 2048]","[2048, 2048, 2049, 2048, 2048, 2048, 2048, 2049, 2049]",264.0
1294,11369,23,23,2026-09-13T13:42:49.992000+00:00,31.245,36.612,33.804,215.0,244.0,False,101.661,"[2049, 2048, 2048, 2048, 2048, 2048, 2048, 2049]","[2049, 2049, 2049, 2049, 2048, 2048, 2048, 2048]","[2048, 2049, 2049, 2048, 2048, 2048, 2048, 2048, 2049, 2049]",272.0
1294,11369,11,23,2026-09-13T13:42:53.008000+00:00,30.747,36.525,33.949,211.0,228.0,False,101.221,"[None, 2048, 2048, 2048, 2048, 2048, 2048, 2049]","[2049, 2048, 2048, 2049, 2048, 2048, 2048, 2048]","[2048, 2048, 2048, 2048, 2048, 2048, 2048, 2048, 2048, 2048]",265.0
1294,11369,77,23,2026-09-13T13:43:04.218000+00:00,32.027,37.338,35.759,182.0,227.0,False,105.124,"[None, 2048, 2048, 2048, 2048, 2048, 2048, 2048]","[2048, 2048, 2048, 2049, 2048, 2048, 2048, 2048]","[2048, 2048, 2048, 2048, 2048, 2048, 2048, 2048, 2048, 2048]",266.0
1294,11369,14,23,2026-09-13T13:43:04.645000+00:00,31.939,37.416,35.622,199.0,246.0,False,104.977,"[None, 2048, 2048, 2048, 2048, 2048, 2048, 2048]","[2048, 2048, 2048, 2048, 2048, 2048, 2048, 2049]","[2048, 2048, 2048, 2048, 2048, 2048, 2048, 2048, 2048, 2048]",237.0
1294,11369,16,24,2026-09-13T13:43:05.506000+00:00,30.387,35.414,32.854,215.0,250.0,False,98.655,"[2049, 2048, 2048, 2048, 2049, 2049, 2048, 2048]","[2049, 2049, 2051, 2048, 2049, 2048, 2048, 2048]","[2048, 2049, 2048, 2048, 2048, 2048, 2048, 2048, 2048, 2049]",261.0
1294,11369,12,24,2026-09-13T13:43:09.061000+00:00,29.776,35.825,33.184,217.0,241.0,False,98.785,"[None, 2048, 2048, 2048, 2048, 2048, 2051, 2048]","[2048, 2048, 2048, 2048, 2048, 2048, 2048, 2048]","[2048, 2048, 2048, 2048, 2048, 2048, 2048, 2048, 2048, 2048]",291.0
1294,11369,3,24,2026-09-13T13:43:14.646000+00:00,29.774,35.703,33.074,210.0,241.0,False,98.551,"[None, 2048, 2048, 2048, 2049, 2049, 2048, 2048]","[2048, 2048, 2048, 2048, 2048, 2048, 2048, 2048]","[2048, 2048, 2048, 2048, 2048, 2048, 2048, 2048, 2048, 2048]",290.0
1294,11369,63,24,2026-09-13T13:43:17.663000+00:00,29.917,35.619,33.016,219.0,251.0,False,98.552,"[None, 2049, 2048, 2048, 2048, 2048, 2048, 2048]","[2048, 2049, 2049, 2049, 2048, 2048, 2048, 2048]","[2048, 2048, 2048, 2048, 2048, 2048, 2048, 2048, 2048, 2048]",306.0
1294,11369,1,24,2026-09-13T13:43:20.129000+00:00,29.859,35.478,32.714,225.0,256.0,False,98.051,"[None, 2048, 2048, 2048, 2049, 2048, 2048, 2048]","[2048, 2048, 2048, 2049, 2048, 2048, 2048, 2051]","[2048, 2048, 2048, 2048, 2048, 2048, 2048, 2048, 2048, 2048]",296.0
1294,11369,30,24,2026-09-13T13:43:33.662000+00:00,30.275,35.652,33.139,215.0,246.0,False,99.066,"[None, 2048, 2048, 2048, 2048, 2048, 2048, 2048]","[2048, 2048, 2048, 2048, 2048, 2048, 2048, 2048]","[2048, 2048, 2048, 2048, 2048, 2048, 2048, 2048, 2048, 2048]",286.0
1294,11369,81,24,2026-09-13T13:43:43.824000+00:00,30.155,35.606,32.926,222.0,253.0,False,98.687,"[None, 2048, 2048, 2048, 2048, 2048, 2048, 2048]","[2049, 2049, 2049, 2049, 2048, 2048, 2048, 2049]","[2048, 2048, 2048, 2048, 2048, 2048, 2049, 2048, 2048, 2048]",297.0
1294,11369,10,24,2026-09-13T13:43:51.281000+00:00,30.126,35.653,33.413,220.0,249.0,False,99.192,"[None, 2048, 2049, 2049, 2048, 2048, 2048, 2048]","[2049, 2048, 2048, 2048, 2048, 2048, 2048, 2049]","[2048, 2048, 2048, 2048, 2048, 2048, 2048, 2048, 2048, 2048]",293.0
1294,11369,5,24,2026-09-13T13:43:55.219000+00:00,30.062,36.134,33.414,,247.0,False,99.61,"[None, 2048, 2049, 2049, 2048, 2048, 2048, 2048]","[2049, 2049, 2048, 2048, 2048, 2048, 2048, 2048]","[2049, 2048, 2048, 2048, 2048, 2048, 2048, 2048, 2048, 2048]",
1294,11369,43,24,2026-09-13T13:43:59.962000+00:00,30.453,36.376,33.222,215.0,248.0,False,100.051,"[None, 2048, 2048, 2048, 2048, 2048, 2048, 2048]","[2048, 2048, 2048, 2048, 2048, 2048, 2048, 2048]","[2048, 2049, 2049, 2048, 2048, 2048, 2048, 2048, 2048, 2048]",292.0
1294,11369,41,24,2026-09-13T13:44:01.102000+00:00,30.33,36.387,33.263,214.0,245.0,False,99.98,"[None, 2048, 2048, 2048, 2048, 2048, 2048, 2048]","[2048, 2048, 2048, 2048, 2049, 2048, 2048, 2048]","[2049, 2048, 2048, 2049, 2048, 2048, 2048, 2048, 2048, 2048]",278.0
1294,11369,27,24,2026-09-13T13:44:02.805000+00:00,29.933,36.433,33.53,219.0,240.0,False,99.896,"[None, 2048, 2048, 2049, 2048, 2048, 2049, 2048]","[2048, 2048, 2048, 2048, 2048, 2048, 2048, 2048]","[2048, 2048, 2048, 2048, 2048, 2048, 2048, 2048, 2048, 2048]",294.0
1294,11369,31,24,2026-09-13T13:44:08.445000+00:00,30.385,36.74,33.523,222.0,243.0,False,100.648,"[None, 2048, 2048, 2048, 2048, 2048, 2048, 2048]","[2048, 2048, 2048, 2048, 2049, 2048, 2048, 2048]","[2048, 2048, 2048, 2049, 2048, 2048, 2048, 2048, 2048, 2048]",
1294,11369,22,24,2026-09-13T13:44:18.633000+00:00,30.77,35.897,33.541,218.0,244.0,False,100.208,"[None, 2048, 2048, 2048, 2048, 2048, 2048, 2048]","[2048, 2048, 2049, 2049, 2049, 2048, 2049, 2049]","[2049, 2048, 2048, 2048, 2049, 2048, 2048, 2049, 2048, 2048]",280.0
1294,11369,87,24,2026-09-13T13:44:28.990000+00:00,30.306,36.491,33.318,216.0,242.0,False,100.115,"[None, 2048, 2049, 2048, 2048, 2048, 2049, 2048]","[2049, 2049, 2049, 2049, 2049, 2049, 2049, 2048]","[2049, 2049, 2049, 2049, 2049, 2048, 2048, 2048, 2048, 2048]",282.0
1294,11369,55,24,2026-09-13T13:44:31.475000+00:00,69.966,39.004,34.197,194.0,214.0,True,143.167,"[2064, 2064, 2064, 2064, 2048, 2048, 2048, 2048]","[2048, 2048, 2049, 2048, 2048, 2048, 2048, 2048]","[2048, 2048, 2048, 2048, 2049, 2048, 2048, 2049, 2048, 2049]",251.0
1294,11369,23,24,2026-09-13T13:44:31.631000+00:00,31.082,36.392,33.818,217.0,238.0,False,101.292,"[2048, 2048, 2048, 2048, 2048, 2048, 2049, 2048]","[2048, 2048, 2048, 2049, 2048, 2048, 2049, 2048]","[2048, 2048, 2048, 2048, 2048, 2048, 2048, 2048, 2048, 2048]",276.0
1294,11369,11,24,2026-09-13T13:44:34.219000+00:00,30.744,36.526,33.85,,233.0,False,101.12,"[None, 2048, 2048, 2049, 2048, 2048, 2048, 2048]","[2048, 2048, 2048, 2048, 2048, 2048, 2048, 2048]","[2049, 2048, 2048, 2048, 2048, 2048, 2048, 2048, 2048]",268.0
1294,11369,16,25,2026-09-13T13:44:44.145000+00:00,30.113,35.323,32.892,210.0,249.0,False,98.328,"[2048, 2048, 2048, 2049, 2048, 2048, 2048, 2048]","[2048, 2048, 2048, 2048, 2048, 2048, 2049, 2049]","[2048, 2048, 2049, 2048, 2048, 2048, 2048, 2048, 2048]",299.0
1294,11369,12,25,2026-09-13T13:44:47.771000+00:00,29.577,35.47,32.445,219.0,249.0,False,97.492,"[None, 2048, 2049, 2048, 2048, 2048, 2048, 2048]","[2048, 2049, 2049, 2049, 2048, 2048, 2049, 2048]","[2048, 2048, 2049, 2049, 2048, 2048, 2048, 2048, 2048, 2048]",295.0
1294,11369,77,24,2026-09-13T13:44:49.333000+00:00,31.648,38.948,38.121,203.0,222.0,False,108.717,"[2049, 2048, 2048, 2048, 2048, 2048, 2048, 2048]","[2048, 2048, 2048, 2048, 2048, 2048, 2048, 2048]","[2048, 2048, 2048, 2048, 2048, 2048, 2048, 2048, 2048, 2048]",263.0
1294,11369,14,24,2026-09-13T13:44:49.599000+00:00,30.539,36.97,33.762,216.0,240.0,False,101.271,"[None, 2048, 2048, 2049, 2049, 2049, 2048, 2048]","[2048, 2048, 2048, 2048, 2048, 2048, 2048, 2048]","[2048, 2048, 2048, 2048, 2048, 2048, 2048, 2048, 2048, 2048]",297.0
1294,11369,3,25,2026-09-13T13:44:53.240000+00:00,30.151,35.726,33.023,212.0,246.0,False,98.9,"[None, 2048, 2048, 2048, 2049, 2049, 2048, 2048]","[2048, 2048, 2048, 2049, 2048, 2048, 2048, 2048]","[2048, 2049, 2049, 2048, 2048, 2048, 2048, 2048, 2048, 2048]",291.0
1294,11369,63,25,2026-09-13T13:44:56.353000+00:00,29.988,35.999,33.412,216.0,252.0,False,99.399,"[None, 2048, 2048, 2048, 2048, 2048, 2048, 2048]","[2048, 2048, 2048, 2048, 2048, 2048, 2048, 2048]","[2048, 2048, 2048, 2048, 2048, 2048, 2048, 2048, 2048, 2048]",310.0
1294,11369,1,25,2026-09-13T13:44:58.228000+00:00,29.876,35.648,32.997,223.0,254.0,False,98.521,"[None, 2048, 2048, 2049, 2049, 2048, 2048, 2048]","[2048, 2048, 2048, 2048, 2048, 2048, 2048, 2048]","[2048, 2048, 2048, 2048, 2048, 2048, 2048, 2048, 2048, 2048]",298.0
1294,11369,30,25,2026-09-13T13:45:12.662000+00:00,30.472,36.053,33.403,211.0,249.0,False,99.928,"[None, 2048, 2048, 2048, 2048, 2048, 2048, 2048]","[2048, 2048, 2048, 2048, 2048, 2048, 2048, 2049]","[2048, 2048, 2048, 2048, 2048, 2048, 2048, 2048, 2048, 2049]",290.0
1294,11369,81,25,2026-09-13T13:45:22.422000+00:00,30.049,35.715,32.915,,253.0,False,98.679,"[None, 2048, 2049, 2048, 2048, 2048, 2049, 2048]","[2048, 2048, 2048, 2048, 2048, 2049, 2048, 2048]","[2048, 2048, 2049, 2048, 2049, 2048, 2048, 2048, 2048, 2048]",
1294,11369,10,25,2026-09-13T13:45:30.439000+00:00,30.152,35.567,34.176,221.0,247.0,False,99.895,"[None, 2048, 2048, 2048, 2048, 2048, 2048, 2048]","[2048, 2048, 2049, 2049, 2048, 2048, 2048, 2048]","[2048, 2048, 2048, 2048, 2048, 2048, 2048, 2048, 2048, 2048]",280.0
1294,11369,5,25,2026-09-13T13:45:34.885000+00:00,30.14,36.05,33.406,,246.0,False,99.596,"[None, 2048, 2049, 2049, 2048, 2048, 2048, 2048]","[2048, 2048, 2048, 2048, 2049, 2048, 2048, 2048]","[2048, 2048, 2048, 2049, 2048, 2048, 2048, 2048, 2048, 2048]",294.0
1294,11369,43,25,2026-09-13T13:45:39.993000+00:00,30.359,36.368,33.309,216.0,247.0,False,100.036,"[None, 2048, 2048, 2048, 2048, 2048, 2048, 2048]","[2048, 2048, 2049, 2048, 2048, 2048, 2048, 2048]","[2048, 2049, 2048, 2048, 2048, 2048, 2048, 2048, 2048, 2048]",291.0
1294,11369,41,25,2026-09-13T13:45:41.086000+00:00,30.284,36.445,33.501,216.0,246.0,False,100.23,"[None, 2048, 2048, 2048, 2048, 2048, 2048, 2048]","[2048, 2048, 2048, 2048, 2048, 2048, 2048, 2049]","[2048, 2048, 2048, 2048, 2048, 2048, 2048, 2048, 2048, 2048]",283.0
1294,11369,27,25,2026-09-13T13:45:42.649000+00:00,30.02,36.35,33.836,214.0,243.0,False,100.206,"[None, 2048, 2048, 2048, 2048, 2048, 2049, 2048]","[2048, 2048, 2048, 2048, 2048, 2048, 2048, 2048]","[2048, 2048, 2048, 2048, 2048, 2048, 2048, 2048, 2048, 2048]",297.0
1294,11369,31,25,2026-09-13T13:45:49.196000+00:00,30.341,36.806,33.529,217.0,242.0,False,100.676,"[None, 2048, 2048, 2048, 2048, 2048, 2048, 2048]","[2048, 2048, 2048, 2048, 2048, 2048, 2048, 2048]","[2048, 2048, 2048, 2048, 2048, 2048, 2048, 2048, 2048, 2048]",281.0
1294,11369,22,25,2026-09-13T13:45:58.821000+00:00,30.58,35.993,33.605,221.0,239.0,False,100.178,"[None, 2048, 2049, 2049, 2048, 2048, 2048, 2049]","[2048, 2048, 2049, 2048, 2049, 2048, 2049, 2048]","[2048, 2048, 2049, 2048, 2048, 2048, 2048, 2048, 2048, 2048]",289.0
1294,11369,87,25,2026-09-13T13:46:09.257000+00:00,30.21,36.572,33.375,,242.0,False,100.157,"[None, 2048, 2048, 2048, 2048, 2048, 2049, 2049]","[2049, 2048, 2049, 2048, 2048, 2049, 2049, 2048]","[2048, 2049, 2049, 2048, 2048, 2048, 2048, 2049, 2048, 2048]",299.0
1294,11369,23,25,2026-09-13T13:46:13.006000+00:00,30.963,36.208,33.875,213.0,244.0,False,101.046,"[None, 2048, 2048, 2048, 2048, 2048, 2048, 2049]","[2048, 2048, 2049, 2049, 2048, 2049, 2049, 2049]","[2048, 2048, 2048, 2048, 2048, 2048, 2048, 2048, 2048, 2048]",270.0
1294,11369,11,25,2026-09-13T13:46:15.328000+00:00,31.036,37.218,33.952,206.0,230.0,False,102.206,"[None, 2048, 2048, 2049, 2048, 2048, 2048, 2048]","[2048, 2048, 2048, 2048, 2048, 2048, 2048, 2048]","[2048, 2048, 2048, 2048, 2048, 2048, 2048, 2048, 2048, 2048]",267.0
1294,11369,16,26,2026-09-13T13:46:22.448000+00:00,29.996,35.478,33.14,216.0,248.0,False,98.614,"[None, 2048, 2048, 2048, 2048, 2048, 2048, 2048]","[2048, 2048, 2048, 2048, 2048, 2048, 2048, 2048]","[2048, 2048, 2048, 2048, 2048, 2048, 2048, 2048, 2048, 2048]",295.0
1294,11369,12,26,2026-09-13T13:46:25.317000+00:00,29.625,35.609,32.823,218.0,251.0,False,98.057,"[None, 2048, 2048, 2048, 2048, 2048, 2048, 2048]","[2048, 2049, 2048, 2048, 2048, 2048, 2048, 2049]","[2048, 2048, 2048, 2048, 2048, 2048, 2048, 2048, 2048, 2048]",286.0
1294,11369,14,25,2026-09-13T13:46:30.803000+00:00,31.83,36.631,33.578,214.0,245.0,False,102.039,"[None, 2048, 2048, 2048, 2048, 2048, 2048, 2048]","[2048, 2048, 2048, 2049, 2048, 2048, 2048, 2048]","[2048, 2048, 2048, 2048, 2048, 2048, 2048, 2048, 2048, 2048]",235.0
1294,11369,3,26,2026-09-13T13:46:32.100000+00:00,29.879,35.352,32.843,217.0,248.0,False,98.074,"[None, 2048, 2048, 2048, 2049, 2049, 2048, 2048]","[2048, 2049, 2049, 2049, 2048, 2048, 2049, 2049]","[2048, 2049, 2048, 2048, 2048, 2048, 2048, 2048, 2048, 2048]",275.0
1294,11369,63,26,2026-09-13T13:46:35.631000+00:00,29.968,36.07,33.274,217.0,249.0,False,99.312,"[None, 2048, 2048, 2048, 2048, 2048, 2048, 2048]","[2048, 2048, 2048, 2048, 2048, 2048, 2048, 2048]","[2048, 2048, 2048, 2048, 2048, 2048, 2048, 2048, 2048, 2048]",305.0
1294,11369,1,26,2026-09-13T13:46:36.833000+00:00,29.824,35.892,33.182,219.0,249.0,False,98.898,"[None, 2048, 2048, 2048, 2049, 2049, 2048, 2048]","[2048, 2048, 2048, 2048, 2048, 2048, 2048, 2048]","[2048, 2048, 2048, 2048, 2048, 2048, 2048, 2048, 2048, 2048]",295.0
1294,11369,77,25,2026-09-13T13:46:37.962000+00:00,31.551,37.571,34.603,206.0,232.0,False,103.725,"[2048, 2048, 2048, 2048, 2048, 2049, 2048, 2048]","[2048, 2048, 2048, 2048, 2048, 2048, 2048, 2048]","[2048, 2048, 2048, 2049, 2048, 2048, 2048, 2048, 2048, 2048]",275.0
1294,11369,30,26,2026-09-13T13:46:52.587000+00:00,30.18,35.786,33.305,,248.0,False,99.271,"[None, 2048, 2048, 2048, 2048, 2048, 2048, 2048]","[2048, 2048, 2048, 2048, 2048, 2048, 2048, 2048]","[2048, 2048, 2048, 2048, 2048, 2048, 2048, 2048, 2048, 2049]",291.0
1294,11369,55,25,2026-09-13T13:46:54.718000+00:00,30.637,36.372,33.576,208.0,244.0,False,100.585,"[2048, 2048, 2048, 2048, 2048, 2048, 2048, 2048]","[2049, 2049, 2049, 2048, 2048, 2049, 2049, 2048]","[2049, 2049, 2049, 2049, 2048, 2048, 2049, 2049, 2048, 2048]",282.0
1294,11369,81,26,2026-09-13T13:47:01.163000+00:00,30.31,35.965,33.12,221.0,250.0,False,99.395,"[None, 2048, 2048, 2048, 2048, 2048, 2048, 2048]","[2048, 2048, 2048, 2048, 2048, 2048, 2048, 2048]","[2048, 2048, 2048, 2048, 2048, 2048, 2048, 2048, 2048, 2048]",290.0
1294,11369,10,26,2026-09-13T13:47:10.321000+00:00,30.209,35.589,33.517,217.0,251.0,False,99.315,"[None, 2048, 2048, 2048, 2048, 2048, 2048, 2048]","[2048, 2049, 2048, 2048, 2048, 2048, 2049, 2049]","[2048, 2048, 2048, 2048, 2048, 2048, 2048, 2048, 2048, 2048]",291.0
1294,11369,5,26,2026-09-13T13:47:14.516000+00:00,30.017,36.234,33.502,202.0,246.0,False,99.753,"[None, 2048, 2048, 2048, 2048, 2048, 2049, 2048]","[2048, 2048, 2048, 2048, 2048, 2048, 2049, 2048]","[2048, 2049, 2048, 2048, 2048, 2048, 2048, 2048, 2048, 2048]",298.0
1294,11369,43,26,2026-09-13T13:47:20.041000+00:00,30.332,36.39,33.177,214.0,247.0,False,99.899,"[None, 2048, 2048, 2048, 2048, 2048, 2049, 2048]","[2048, 2048, 2048, 2048, 2048, 2048, 2049, 2048]","[2048, 2048, 2048, 2049, 2048, 2048, 2049, 2048, 2048, 2048]",296.0
1294,11369,41,26,2026-09-13T13:47:21.197000+00:00,30.311,36.107,33.23,,242.0,False,99.648,"[None, 2048, 2048, 2048, 2048, 2048, 2049, 2048]","[2049, 2048, 2048, 2048, 2048, 2049, 2048, 2048]","[2048, 2049, 2048, 2049, 2048, 2048, 2048, 2048, 2048, 2048]",282.0
1294,11369,27,26,2026-09-13T13:47:22.853000+00:00,30.21,36.218,33.564,218.0,247.0,False,99.992,"[None, 2048, 2048, 2048, 2048, 2048, 2048, 2048]","[2048, 2048, 2048, 2048, 2048, 2048, 2048, 2048]","[2048, 2048, 2048, 2048, 2048, 2048, 2048, 2048, 2048, 2048]",282.0
1294,11369,31,26,2026-09-13T13:47:29.829000+00:00,30.368,36.395,33.526,218.0,243.0,False,100.289,"[None, 2048, 2049, 2048, 2048, 2048, 2048, 2048]","[2048, 2048, 2049, 2049, 2049, 2048, 2048, 2048]","[2049, 2049, 2048, 2048, 2048, 2048, 2048, 2048, 2048, 2048]",279.0
1294,11369,22,26,2026-09-13T13:47:39.116000+00:00,30.575,36.007,33.644,219.0,238.0,False,100.226,"[None, 2048, 2048, 2049, 2048, 2048, 2048, 2048]","[2048, 2048, 2048, 2048, 2049, 2048, 2049, 2048]","[2048, 2049, 2048, 2048, 2048, 2048, 2049, 2048, 2048, 2048]",279.0
1294,11369,87,26,2026-09-13T13:47:49.337000+00:00,30.243,36.274,33.232,220.0,242.0,False,99.749,"[None, 2048, 2049, 2049, 2048, 2048, 2048, 2049]","[2049, 2048, 2049, 2049, 2048, 2049, 2049, 2048]","[2048, 2049, 2048, 2049, 2048, 2048, 2049, 2049, 2048, 2048]",282.0
1294,11369,23,26,2026-09-13T13:47:53.968000+00:00,30.51,36.228,33.887,218.0,249.0,False,100.625,"[None, 2048, 2049, 2048, 2048, 2048, 2049, 2049]","[2049, 2049, 2049, 2049, 2048, 2048, 2048, 2048]","[2048, 2048, 2048, 2048, 2048, 2048, 2048, 2048, 2048, 2048]",273.0
1294,11369,11,26,2026-09-13T13:47:57.563000+00:00,30.762,36.823,35.938,210.0,226.0,False,103.523,"[None, 2048, 2048, 2049, 2048, 2048, 2048, 2048]","[2048, 2048, 2048, 2048, 2048, 2048, 2048, 2048]","[2048, 2048, 2048, 2048, 2048, 2048, 2048, 2048, 2048, 2048]",270.0
1294,11369,16,27,2026-09-13T13:48:01.109000+00:00,30.018,35.565,33.322,,246.0,False,98.905,"[None, 2048, 2048, 2049, 2048, 2048, 2048, 2048]","[2048, 2048, 2048, 2048, 2048, 2048, 2048, 2048]","[2048, 2048, 2048, 2048, 2048, 2048, 2048, 2048, 2048, 2048]",290.0
1294,11369,12,27,2026-09-13T13:48:03.425000+00:00,29.619,35.991,33.051,,245.0,False,98.661,"[None, 2048, 2048, 2048, 2048, 2048, 2048, 2048]","[2048, 2048, 2048, 2048, 2048, 2048, 2048, 2048]","[2048, 2048, 2048, 2048, 2048, 2048, 2048, 2048, 2048, 2048]",287.0
1294,11369,3,27,2026-09-13T13:48:10.140000+00:00,29.8,35.355,32.926,219.0,246.0,False,98.081,"[None, 2048, 2048, 2048, 2048, 2048, 2048, 2048]","[2048, 2049, 2048, 2048, 2048, 2048, 2048, 2048]","[2048, 2048, 2049, 2049, 2048, 2048, 2048, 2048, 2048, 2048]",294.0
1294,11369,14,26,2026-09-13T13:48:12.939000+00:00,30.784,38.913,34.064,217.0,238.0,False,103.761,"[None, 2048, 2048, 2048, 2048, 2048, 2048, 2048]","[2048, 2048, 2048, 2048, 2048, 2048, 2048, 2048]","[2048, 2048, 2048, 2048, 2048, 2048, 2048, 2048, 2048, 2048]",292.0
1294,11369,63,27,2026-09-13T13:48:14.864000+00:00,30.027,35.911,32.976,216.0,251.0,False,98.914,"[None, 2048, 2048, 2048, 2048, 2048, 2048, 2048]","[2048, 2048, 2048, 2048, 2048, 2048, 2048, 2048]","[2048, 2048, 2048, 2048, 2048, 2048, 2048, 2048, 2048, 2048]",300.0
1294,11369,1,27,2026-09-13T13:48:15.739000+00:00,29.957,35.969,33.109,218.0,251.0,False,99.035,"[None, 2048, 2048, 2048, 2049, 2049, 2048, 2048]","[2048, 2048, 2048, 2048, 2048, 2048, 2048, 2048]","[2048, 2048, 2048, 2048, 2048, 2048, 2048, 2048, 2048, 2048]",286.0
1294,11369,77,26,2026-09-13T13:48:21.830000+00:00,30.97,36.927,34.77,212.0,231.0,False,102.667,"[None, 2048, 2048, 2049, 2048, 2048, 2048, 2048]","[2048, 2048, 2048, 2049, 2048, 2048, 2048, 2048]","[2048, 2048, 2049, 2048, 2048, 2048, 2048, 2048, 2048, 2048]",280.0
1294,11369,30,27,2026-09-13T13:48:31.922000+00:00,30.246,35.665,33.489,213.0,247.0,False,99.4,"[None, 2048, 2049, 2051, 2048, 2048, 2048, 2048]","[2048, 2048, 2048, 2049, 2048, 2048, 2051, 2048]","[2048, 2048, 2048, 2048, 2048, 2048, 2048, 2048, 2048, 2048]",292.0
1294,11369,55,26,2026-09-13T13:48:35.274000+00:00,30.575,36.688,34.082,213.0,237.0,False,101.345,"[None, 2048, 2049, 2049, 2048, 2048, 2048, 2049]","[2048, 2048, 2049, 2048, 2048, 2048, 2048, 2048]","[2048, 2048, 2048, 2048, 2048, 2048, 2048, 2048, 2048, 2048]",288.0
1294,11369,81,27,2026-09-13T13:48:40.531000+00:00,30.315,35.579,32.954,222.0,255.0,False,98.848,"[None, 2048, 2049, 2049, 2048, 2048, 2048, 2048]","[2048, 2048, 2048, 2049, 2048, 2048, 2048, 2049]","[2048, 2048, 2048, 2048, 2048, 2048, 2048, 2048, 2048, 2048]",292.0
1294,11369,10,27,2026-09-13T13:48:49.624000+00:00,30.144,35.607,33.508,218.0,252.0,False,99.259,"[None, 2048, 2048, 2048, 2048, 2048, 2048, 2049]","[2048, 2048, 2048, 2048, 2048, 2048, 2048, 2048]","[2048, 2048, 2048, 2048, 2048, 2048, 2048, 2048, 2048, 2048]",283.0
1294,11369,5,27,2026-09-13T13:48:54.209000+00:00,30.17,36.043,33.565,224.0,246.0,False,99.778,"[None, 2048, 2048, 2049, 2048, 2048, 2048, 2049]","[2048, 2048, 2049, 2048, 2048, 2048, 2048, 2048]","[2048, 2048, 2048, 2048, 2048, 2048, 2048, 2048, 2048, 2048]",293.0
1294,11369,43,27,2026-09-13T13:48:59.933000+00:00,30.318,36.332,33.036,218.0,251.0,False,99.686,"[None, 2048, 2048, 2048, 2048, 2048, 2048, 2048]","[2048, 2048, 2048, 2048, 2048, 2048, 2048, 2048]","[2049, 2049, 2048, 2048, 2048, 2048, 2049, 2048, 2048, 2048]",294.0
1294,11369,41,27,2026-09-13T13:49:00.891000+00:00,30.342,36.19,33.365,215.0,243.0,False,99.897,"[None, 2048, 2048, 2048, 2048, 2048, 2048, 2048]","[2048, 2048, 2049, 2048, 2049, 2048, 2048, 2049]","[2049, 2048, 2048, 2048, 2048, 2048, 2048, 2048, 2048, 2048]",284.0
1294,11369,27,27,2026-09-13T13:49:02.850000+00:00,30.295,36.441,33.459,215.0,244.0,False,100.195,"[None, 2048, 2048, 2048, 2048, 2048, 2048, 2048]","[2048, 2048, 2048, 2049, 2048, 2048, 2048, 2048]","[2048, 2049, 2048, 2048, 2048, 2048, 2049, 2048, 2048, 2048]",285.0
1294,11369,31,27,2026-09-13T13:49:10.015000+00:00,30.237,36.444,33.335,221.0,243.0,False,100.016,"[None, 2048, 2048, 2048, 2048, 2048, 2049, 2048]","[2048, 2048, 2048, 2049, 2048, 2048, 2048, 2048]","[2049, 2048, 2049, 2048, 2048, 2048, 2048, 2048, 2048, 2048]",286.0
1294,11369,22,27,2026-09-13T13:49:19.249000+00:00,30.619,35.969,33.767,220.0,240.0,False,100.355,"[None, 2048, 2048, 2048, 2048, 2048, 2048, 2049]","[2048, 2048, 2048, 2048, 2048, 2048, 2049, 2048]","[2048, 2048, 2048, 2048, 2048, 2048, 2048, 2048, 2048, 2048]",275.0
1294,11369,87,27,2026-09-13T13:49:29.093000+00:00,30.281,36.199,33.271,217.0,242.0,False,99.751,"[None, 2048, 2048, 2049, 2048, 2048, 2048, 2049]","[2048, 2048, 2049, 2049, 2049, 2049, 2048, 2048]","[2048, 2049, 2049, 2048, 2048, 2048, 2048, 2048, 2048, 2048]",289.0
1294,11369,23,27,2026-09-13T13:49:34.528000+00:00,30.597,36.07,33.685,220.0,249.0,False,100.352,"[None, 2048, 2048, 2049, 2048, 2048, 2049, 2048]","[2049, 2048, 2049, 2049, 2048, 2049, 2049, 2049]","[2048, 2049, 2048, 2049, 2048, 2048, 2048, 2048, 2048, 2048]",283.0
1294,11369,16,28,2026-09-13T13:49:40.002000+00:00,29.94,35.338,33.123,218.0,250.0,False,98.401,"[None, 2048, 2048, 2049, 2048, 2048, 2048, 2048]","[2048, 2048, 2048, 2049, 2048, 2048, 2048, 2048]","[2048, 2048, 2048, 2048, 2048, 2048, 2048, 2048, 2048, 2048]",300.0
1294,11369,11,27,2026-09-13T13:49:41.119000+00:00,31.98,36.469,35.318,203.0,232.0,False,103.767,"[None, 2048, 2048, 2048, 2048, 2048, 2048, 2048]","[2048, 2048, 2048, 2049, 2049, 2048, 2048, 2048]","[2048, 2048, 2048, 2048, 2048, 2048, 2048, 2048, 2048, 2048]",237.0
1294,11369,12,28,2026-09-13T13:49:42.085000+00:00,29.95,36.097,32.98,217.0,248.0,False,99.027,"[None, 2048, 2048, 2048, 2048, 2048, 2048, 2048]","[2048, 2048, 2048, 2048, 2048, 2048, 2048, 2048]","[2048, 2048, 2048, 2048, 2048, 2048, 2048, 2048, 2048]",281.0
1294,11369,3,28,2026-09-13T13:49:48.213000+00:00,29.926,35.578,33.174,216.0,240.0,False,98.678,"[None, 2048, 2048, 2048, 2048, 2048, 2048, 2048]","[2048, 2049, 2048, 2048, 2051, 2048, 2049, 2048]","[2048, 2048, 2048, 2048, 2048, 2048, 2048, 2048, 2048, 2048]",293.0
1294,11369,63,28,2026-09-13T13:49:53.807000+00:00,29.912,35.983,35.542,220.0,248.0,False,101.437,"[None, 2048, 2048, 2048, 2048, 2048, 2048, 2048]","[2048, 2048, 2048, 2048, 2048, 2048, 2049, 2049]","[2048, 2049, 2048, 2048, 2048, 2048, 2064, 2064, 2064, 2064]",305.0
1294,11369,1,28,2026-09-13T13:49:54.746000+00:00,29.77,35.886,33.213,219.0,255.0,False,98.869,"[None, 2048, 2048, 2049, 2048, 2048, 2048, 2048]","[2048, 2048, 2048, 2048, 2048, 2048, 2048, 2048]","[2048, 2048, 2048, 2048, 2048, 2048, 2048, 2048, 2048]",295.0
1294,11369,14,27,2026-09-13T13:49:56.707000+00:00,30.574,36.371,33.835,220.0,245.0,False,100.78,"[None, 2048, 2048, 2048, 2048, 2048, 2048, 2048]","[2048, 2048, 2048, 2048, 2048, 2048, 2048, 2048]","[2048, 2048, 2048, 2048, 2048, 2048, 2048, 2048, 2048, 2048]",299.0
1294,11369,77,27,2026-09-13T13:50:04.484000+00:00,31.045,37.109,34.616,210.0,235.0,False,102.77,"[None, 2048, 2048, 2049, 2048, 2048, 2048, 2048]","[2048, 2048, 2048, 2048, 2048, 2048, 2048, 2049]","[2048, 2048, 2048, 2048, 2048, 2048, 2048, 2049, 2049, 2049]",277.0
1294,11369,30,28,2026-09-13T13:50:11.377000+00:00,30.271,35.553,33.528,214.0,247.0,False,99.352,"[None, 2048, 2049, 2051, 2048, 2048, 2048, 2048]","[2048, 2051, 2049, 2048, 2048, 2048, 2048, 2048]","[2048, 2048, 2048, 2048, 2048, 2048, 2048, 2048, 2048, 2048]",289.0
1294,11369,55,27,2026-09-13T13:50:16.528000+00:00,30.569,36.84,35.955,211.0,243.0,False,103.364,"[None, 2048, 2048, 2048, 2048, 2048, 2048, 2048]","[2048, 2048, 2048, 2048, 2048, 2048, 2048, 2048]","[2048, 2048, 2048, 2048, 2048, 2048, 2048, 2048, 2048, 2048]",291.0
1294,11369,81,28,2026-09-13T13:50:19.337000+00:00,30.062,35.724,33.394,224.0,251.0,False,99.18,"[None, 2048, 2049, 2049, 2048, 2048, 2048, 2048]","[2048, 2048, 2048, 2048, 2048, 2048, 2048, 2048]","[2048, 2048, 2048, 2048, 2048, 2048, 2048, 2048, 2048, 2048]",298.0
1294,11369,10,28,2026-09-13T13:50:28.938000+00:00,29.952,35.36,33.418,219.0,256.0,False,98.73,"[None, 2049, 2048, 2049, 2048, 2048, 2048, 2049]","[2048, 2048, 2048, 2049, 2048, 2049, 2048, 2051]","[2049, 2048, 2049, 2048, 2048, 2048, 2048, 2048, 2048, 2048]",292.0
1294,11369,5,28,2026-09-13T13:50:33.962000+00:00,29.919,35.947,33.416,225.0,246.0,False,99.282,"[None, 2048, 2048, 2048, 2048, 2048, 2048, 2049]","[2048, 2048, 2049, 2049, 2048, 2048, 2049, 2049]","[2048, 2048, 2049, 2048, 2048, 2048, 2049, 2048, 2048, 2048]",295.0
1294,11369,43,28,2026-09-13T13:50:39.593000+00:00,30.304,36.14,33.264,,252.0,False,99.708,"[None, 2048, 2048, 2048, 2048, 2048, 2048, 2049]","[2048, 2048, 2049, 2048, 2048, 2048, 2048, 2049]","[2048, 2048, 2049, 2048, 2048, 2048, 2048, 2048, 2048, 2048]",291.0
1294,11369,41,28,2026-09-13T13:50:40.825000+00:00,30.288,36.14,33.392,217.0,247.0,False,99.82,"[None, 2048, 2048, 2048, 2048, 2048, 2048, 2048]","[2048, 2048, 2048, 2048, 2048, 2048, 2048, 2049]","[2048, 2048, 2048, 2048, 2048, 2048, 2048, 2048, 2048, 2048]",
1294,11369,27,28,2026-09-13T13:50:43.074000+00:00,29.994,36.496,33.658,218.0,237.0,False,100.148,"[None, 2048, 2048, 2048, 2048, 2048, 2048, 2048]","[2048, 2048, 2048, 2048, 2048, 2048, 2048, 2048]","[2048, 2048, 2048, 2048, 2048, 2048, 2048, 2048, 2048, 2048]",295.0
1294,11369,31,28,2026-09-13T13:50:50.075000+00:00,30.259,36.425,33.322,222.0,243.0,False,100.006,"[None, 2048, 2048, 2048, 2048, 2048, 2048, 2048]","[2048, 2048, 2048, 2049, 2048, 2048, 2048, 2048]","[2048, 2049, 2048, 2049, 2048, 2048, 2049, 2048, 2048, 2048]",288.0
1294,11369,22,28,2026-09-13T13:50:59.642000+00:00,30.534,35.893,33.66,218.0,243.0,False,100.087,"[None, 2049, 2048, 2048, 2048, 2048, 2048, 2048]","[2048, 2048, 2048, 2048, 2049, 2048, 2049, 2049]","[2048, 2048, 2048, 2048, 2048, 2048, 2049, 2048, 2048, 2048]",282.0
1294,11369,87,28,2026-09-13T13:51:08.793000+00:00,30.198,36.232,33.487,,243.0,False,99.917,"[None, 2048, 2048, 2048, 2048, 2048, 2048, 2048]","[2048, 2049, 2048, 2049, 2048, 2049, 2048, 2048]","[2048, 2048, 2048, 2048, 2048, 2048, 2048, 2048, 2048, 2048]",290.0
1294,11369,23,28,2026-09-13T13:51:14.996000+00:00,30.455,36.2,33.857,214.0,249.0,False,100.512,"[None, 2048, 2049, 2048, 2048, 2048, 2049, 2048]","[2049, 2048, 2048, 2048, 2048, 2048, 2048, 2049]","[2048, 2048, 2048, 2048, 2048, 2048, 2048, 2048, 2048, 2048]",285.0
1294,11369,16,29,2026-09-13T13:51:18.496000+00:00,29.738,35.331,33.07,215.0,253.0,False,98.139,"[2049, 2048, 2048, 2049, 2048, 2048, 2048, 2049]","[2048, 2048, 2048, 2048, 2048, 2048, 2049, 2048]","[2048, 2049, 2048, 2048, 2048, 2048, 2048, 2048, 2048, 2048]",292.0
1294,11369,12,29,2026-09-13T13:51:21.168000+00:00,29.585,36.048,32.851,212.0,245.0,False,98.484,"[None, 2048, 2048, 2048, 2048, 2048, 2048, 2048]","[2048, 2049, 2048, 2048, 2048, 2048, 2048, 2048]","[2048, 2048, 2048, 2048, 2048, 2048, 2048, 2048, 2048, 2048]",286.0
1294,11369,11,28,2026-09-13T13:51:24.840000+00:00,31.076,39.122,35.218,201.0,229.0,False,105.416,"[None, 2048, 2048, 2049, 2048, 2048, 2048, 2048]","[2048, 2048, 2048, 2048, 2048, 2048, 2048, 2048]","[2048, 2048, 2048, 2048, 2048, 2048, 2048, 2048, 2048, 2048]",265.0
1294,11369,3,29,2026-09-13T13:51:26.844000+00:00,29.748,35.523,32.969,218.0,239.0,False,98.24,"[None, 2048, 2048, 2049, 2048, 2048, 2048, 2049]","[2048, 2049, 2049, 2048, 2048, 2048, 2048, 2048]","[2048, 2048, 2048, 2048, 2048, 2048, 2048, 2048, 2048, 2048]",285.0
1294,11369,1,29,2026-09-13T13:51:33.561000+00:00,29.409,35.379,32.921,222.0,253.0,False,97.709,"[None, 2048, 2049, 2048, 2048, 2048, 2049, 2051]","[2048, 2048, 2051, 2048, 2048, 2048, 2049, 2048]","[2048, 2048, 2048, 2048, 2048, 2048, 2048, 2048, 2048, 2048]",304.0
1294,11369,63,29,2026-09-13T13:51:35.342000+00:00,52.635,35.807,32.436,215.0,248.0,True,120.878,"[2064, 2064, 2064, 2064, 2048, 2048, 2048, 2048]","[2048, 2048, 2048, 2048, 2048, 2049, 2048, 2048]","[2049, 2048, 2048, 2048, 2048, 2048, 2048, 2048, 2048, 2048]",282.0
1294,11369,14,28,2026-09-13T13:51:37.475000+00:00,30.782,36.361,33.502,219.0,245.0,False,100.645,"[None, 2048, 2049, 2049, 2048, 2048, 2048, 2048]","[2048, 2048, 2048, 2048, 2048, 2048, 2048, 2048]","[2048, 2048, 2049, 2048, 2048, 2048, 2048, 2048, 2048, 2048]",292.0
1294,11369,77,28,2026-09-13T13:51:47.204000+00:00,30.945,36.94,36.175,206.0,231.0,False,104.06,"[None, 2048, 2049, 2049, 2048, 2048, 2048, 2048]","[2048, 2048, 2048, 2048, 2048, 2048, 2048, 2048]","[2048, 2048, 2048, 2048, 2048, 2048, 2048, 2048, 2048, 2048]",278.0
1294,11369,30,29,2026-09-13T13:51:50.707000+00:00,30.182,35.718,33.842,211.0,245.0,False,99.742,"[None, 2048, 2048, 2048, 2048, 2048, 2048, 2048]","[2048, 2048, 2048, 2049, 2048, 2048, 2048, 2048]","[2048, 2048, 2048, 2048, 2048, 2048, 2048, 2048, 2048, 2048]",288.0
1294,11369,81,29,2026-09-13T13:51:58.553000+00:00,29.994,35.851,33.209,213.0,253.0,False,99.054,"[None, 2048, 2048, 2049, 2048, 2048, 2048, 2048]","[2048, 2048, 2048, 2048, 2048, 2048, 2049, 2049]","[2048, 2048, 2048, 2048, 2048, 2048, 2048, 2048, 2048, 2048]",297.0
1294,11369,55,28,2026-09-13T13:51:59.834000+00:00,31.048,37.207,34.481,210.0,230.0,False,102.736,"[None, 2048, 2049, 2049, 2048, 2048, 2048, 2048]","[2048, 2048, 2048, 2048, 2048, 2048, 2048, 2048]","[2048, 2048, 2048, 2048, 2048, 2048, 2048, 2048, 2048, 2048]",279.0
1294,11369,10,29,2026-09-13T13:52:07.687000+00:00,30.15,35.498,33.64,218.0,256.0,False,99.288,"[None, 2048, 2048, 2049, 2048, 2048, 2048, 2048]","[2048, 2048, 2048, 2048, 2048, 2048, 2049, 2048]","[2049, 2048, 2048, 2048, 2048, 2048, 2048, 2048, 2048, 2048]",279.0
1294,11369,5,29,2026-09-13T13:52:13.244000+00:00,30.032,35.929,33.35,224.0,247.0,False,99.311,"[None, 2048, 2048, 2048, 2048, 2048, 2048, 2049]","[2048, 2048, 2048, 2048, 2048, 2048, 2049, 2049]","[2049, 2048, 2049, 2048, 2048, 2048, 2048, 2048, 2048, 2048]",292.0
1294,11369,43,29,2026-09-13T13:52:19.291000+00:00,30.124,36.107,33.125,,250.0,False,99.356,"[None, 2048, 2048, 2049, 2048, 2048, 2049, 2049]","[2048, 2049, 2048, 2048, 2048, 2048, 2048, 2048]","[2048, 2049, 2048, 2048, 2048, 2048, 2048, 2048, 2048, 2048]",293.0
1294,11369,41,29,2026-09-13T13:52:20.585000+00:00,30.225,35.912,33.343,,243.0,False,99.48,"[None, 2048, 2048, 2048, 2048, 2048, 2049, 2048]","[2049, 2048, 2049, 2048, 2048, 2049, 2048, 2048]","[2049, 2049, 2048, 2048, 2048, 2048, 2048, 2048, 2048, 2048]",285.0
1294,11369,27,29,2026-09-13T13:52:23.125000+00:00,29.89,36.037,33.637,221.0,245.0,False,99.564,"[None, 2048, 2048, 2048, 2048, 2048, 2048, 2049]","[2048, 2048, 2049, 2049, 2048, 2048, 2048, 2048]","[2048, 2048, 2048, 2048, 2048, 2048, 2048, 2048, 2048, 2048]",297.0
1294,11369,31,29,2026-09-13T13:52:30.080000+00:00,30.287,36.227,33.163,,244.0,False,99.677,"[None, 2048, 2048, 2048, 2048, 2048, 2048, 2048]","[2048, 2049, 2049, 2049, 2048, 2048, 2048, 2048]","[2049, 2049, 2049, 2048, 2048, 2048, 2048, 2048, 2048, 2048]",296.0
1294,11369,22,29,2026-09-13T13:52:39.765000+00:00,30.582,35.831,33.656,219.0,243.0,False,100.069,"[None, 2048, 2048, 2048, 2048, 2048, 2048, 2048]","[2048, 2048, 2048, 2049, 2048, 2048, 2048, 2049]","[2048, 2048, 2048, 2048, 2048, 2048, 2048, 2048, 2048, 2048]",280.0
1294,11369,87,29,2026-09-13T13:52:48.826000+00:00,29.977,36.006,33.215,220.0,243.0,False,99.198,"[None, 2048, 2049, 2049, 2048, 2048, 2049, 2049]","[2049, 2049, 2048, 2049, 2049, 2049, 2049, 2048]","[2048, 2048, 2049, 2048, 2048, 2048, 2048, 2049, 2049, 2049]",296.0
1294,11369,23,29,2026-09-13T13:52:55.565000+00:00,32.065,37.658,35.19,,133.0,False,104.913,"[None, 2048, 2048, 2048, 2048, 2048, 2048, 2048]","[2048, 2048, 2048, 2048, 2048, 2048, 2048, 2048]","[2048, 2048, 2048, 2048, 2048, 2048, 2048, 2048, 2048, 2048]",250.0
1294,11369,16,30,2026-09-13T13:52:56.646000+00:00,29.964,35.18,32.782,217.0,246.0,False,97.926,"[2048, 2048, 2048, 2049, 2048, 2048, 2048, 2048]","[2048, 2049, 2051, 2051, 2048, 2049, 2048, 2048]","[2049, 2049, 2048, 2048, 2048, 2048, 2048, 2048, 2048, 2048]",299.0
1294,11369,12,30,2026-09-13T13:52:59.494000+00:00,29.789,36.102,32.773,211.0,247.0,False,98.664,"[None, 2048, 2048, 2048, 2048, 2048, 2048, 2048]","[2048, 2048, 2048, 2048, 2048, 2048, 2048, 2048]","[2048, 2048, 2048, 2048, 2048, 2048, 2048, 2048, 2048, 2048]",282.0
1294,11369,3,30,2026-09-13T13:53:05.151000+00:00,29.832,35.481,32.937,213.0,245.0,False,98.25,"[None, 2048, 2048, 2048, 2048, 2048, 2048, 2048]","[2048, 2048, 2048, 2048, 2051, 2048, 2048, 2049]","[2048, 2048, 2048, 2048, 2048, 2048, 2048, 2048, 2048, 2048]",289.0
1294,11369,11,29,2026-09-13T13:53:10.308000+00:00,34.8,38.083,35.248,199.0,221.0,False,108.131,"[None, 2048, 2048, 2048, 2048, 2048, 2048, 2048]","[2048, 2048, 2048, 2048, 2048, 2048, 2048, 2048]","[2048, 2048, 2048, 2048, 2048, 2048, 2048, 2048, 2048, 2048]",245.0
1294,11369,1,30,2026-09-13T13:53:11.451000+00:00,29.845,35.457,32.935,223.0,251.0,False,98.237,"[None, 2048, 2048, 2048, 2048, 2048, 2048, 2048]","[2048, 2048, 2048, 2048, 2048, 2048, 2048, 2048]","[2048, 2048, 2048, 2048, 2048, 2048, 2048, 2048, 2049, 2049]",301.0
1294,11369,14,29,2026-09-13T13:53:18.183000+00:00,30.813,36.208,33.879,218.0,247.0,False,100.9,"[None, 2048, 2048, 2048, 2048, 2048, 2048, 2048]","[2048, 2048, 2048, 2049, 2048, 2048, 2048, 2048]","[2048, 2048, 2048, 2048, 2048, 2048, 2048, 2048, 2048, 2048]",291.0
1294,11369,30,30,2026-09-13T13:53:30.340000+00:00,30.279,35.39,33.214,216.0,247.0,False,98.883,"[None, 2048, 2048, 2048, 2048, 2048, 2048, 2048]","[2048, 2051, 2049, 2049, 2048, 2048, 2048, 2048]","[2048, 2048, 2048, 2048, 2048, 2048, 2048, 2048, 2048, 2049]",289.0
1294,11369,77,29,2026-09-13T13:53:31.188000+00:00,31.712,37.161,39.176,209.0,235.0,False,108.049,"[None, 2048, 2048, 2048, 2048, 2048, 2048, 2048]","[2048, 2048, 2048, 2048, 2048, 2048, 2048, 2049]","[2048, 2048, 2048, 2048, 2048, 2048, 2064, 2064, 2064, 2064]",240.0
1294,11369,63,30,2026-09-13T13:53:36.126000+00:00,29.557,35.605,32.742,217.0,249.0,False,97.904,"[2048, 2048, 2048, 2051, 2048, 2048, 2048, 2049]","[2049, 2049, 2049, 2048, 2048, 2049, 2048, 2048]","[2048, 2048, 2048, 2048, 2048, 2048, 2048, 2051, 2048, 2048]",305.0
1294,11369,81,30,2026-09-13T13:53:37.525000+00:00,30.03,35.76,33.243,220.0,248.0,False,99.033,"[None, 2048, 2048, 2049, 2048, 2048, 2048, 2048]","[2048, 2048, 2049, 2048, 2048, 2048, 2048, 2048]","[2048, 2048, 2049, 2048, 2048, 2048, 2048, 2048, 2048, 2048]",289.0
1294,11369,55,29,2026-09-13T13:53:42.647000+00:00,31.108,37.172,34.379,203.0,233.0,False,102.659,"[None, 2048, 2048, 2049, 2048, 2048, 2048, 2048]","[2048, 2048, 2048, 2048, 2048, 2048, 2048, 2048]","[2048, 2048, 2048, 2048, 2048, 2048, 2048, 2048, 2048, 2048]",272.0
1294,11369,10,30,2026-09-13T13:53:46.846000+00:00,30.231,35.589,33.812,214.0,247.0,False,99.632,"[None, 2048, 2048, 2048, 2048, 2048, 2048, 2048]","[2048, 2048, 2048, 2048, 2048, 2048, 2048, 2048]","[2048, 2048, 2048, 2048, 2048, 2048, 2048, 2048, 2048, 2048]",289.0
1294,11369,5,30,2026-09-13T13:53:52.530000+00:00,30.32,35.927,33.373,219.0,245.0,False,99.62,"[None, 2049, 2048, 2048, 2048, 2048, 2048, 2048]","[2048, 2049, 2049, 2048, 2048, 2048, 2048, 2048]","[2048, 2049, 2048, 2048, 2048, 2048, 2048, 2048, 2048, 2048]",293.0
1294,11369,43,30,2026-09-13T13:53:58.728000+00:00,30.139,35.928,33.081,221.0,250.0,False,99.148,"[None, 2048, 2048, 2048, 2048, 2048, 2049, 2049]","[2049, 2048, 2048, 2048, 2048, 2048, 2049, 2049]","[2048, 2048, 2051, 2048, 2048, 2048, 2048, 2048, 2048, 2048]",297.0
1294,11369,41,30,2026-09-13T13:54:00.051000+00:00,30.349,36.095,33.193,214.0,245.0,False,99.637,"[None, 2048, 2048, 2048, 2048, 2048, 2048, 2048]","[2048, 2048, 2048, 2048, 2048, 2049, 2048, 2048]","[2049, 2048, 2049, 2048, 2048, 2048, 2048, 2048, 2048, 2048]",278.0
1294,11369,27,30,2026-09-13T13:54:02.793000+00:00,29.985,36.028,33.217,,247.0,False,99.23,"[None, 2048, 2048, 2048, 2048, 2048, 2049, 2048]","[2048, 2049, 2048, 2049, 2048, 2048, 2048, 2048]","[2048, 2048, 2048, 2048, 2048, 2048, 2048, 2049, 2049, 2049]",296.0
1294,11369,31,30,2026-09-13T13:54:09.751000+00:00,30.202,35.961,33.206,223.0,244.0,False,99.369,"[None, 2048, 2048, 2048, 2048, 2048, 2048, 2048]","[2048, 2048, 2048, 2049, 2048, 2049, 2048, 2048]","[2048, 2048, 2048, 2049, 2048, 2048, 2048, 2048, 2048, 2048]",294.0
1294,11369,22,30,2026-09-13T13:54:19.820000+00:00,30.698,35.776,33.573,218.0,243.0,False,100.047,"[None, 2048, 2048, 2048, 2048, 2048, 2049, 2048]","[2048, 2048, 2048, 2049, 2048, 2048, 2048, 2049]","[2048, 2048, 2048, 2048, 2048, 2048, 2048, 2049, 2048, 2048]",284.0
1294,11369,87,30,2026-09-13T13:54:28.065000+00:00,30.171,35.903,33.131,219.0,243.0,False,99.205,"[None, 2048, 2048, 2049, 2048, 2048, 2048, 2048]","[2048, 2049, 2049, 2049, 2049, 2049, 2049, 2048]","[2049, 2049, 2049, 2048, 2048, 2048, 2049, 2048, 2048, 2048]",297.0
1294,11369,16,31,2026-09-13T13:54:34.560000+00:00,29.9,35.271,32.766,215.0,249.0,False,97.937,"[None, 2048, 2048, 2049, 2048, 2048, 2049, 2048]","[2048, 2049, 2048, 2048, 2048, 2048, 2049, 2048]","[2048, 2048, 2048, 2049, 2048, 2048, 2048, 2048, 2048, 2048]",
1294,11369,12,31,2026-09-13T13:54:38.299000+00:00,29.645,35.493,32.615,217.0,251.0,False,97.753,"[None, 2048, 2048, 2048, 2048, 2048, 2048, 2048]","[2048, 2049, 2049, 2048, 2048, 2048, 2048, 2049]","[2048, 2048, 2048, 2049, 2048, 2048, 2048, 2048, 2048, 2048]",288.0
1294,11369,23,30,2026-09-13T13:54:40.321000+00:00,30.786,36.161,35.582,216.0,238.0,False,102.529,"[None, 2048, 2048, 2048, 2048, 2048, 2048, 2048]","[2048, 2049, 2048, 2049, 2048, 2048, 2048, 2048]","[2048, 2048, 2048, 2048, 2048, 2048, 2048, 2048, 2048, 2048]",276.0
1294,11369,3,31,2026-09-13T13:54:43.285000+00:00,29.762,35.516,32.99,214.0,247.0,False,98.268,"[None, 2048, 2048, 2048, 2048, 2048, 2048, 2048]","[2048, 2049, 2048, 2048, 2048, 2048, 2048, 2049]","[2048, 2048, 2048, 2048, 2048, 2048, 2048, 2048, 2048, 2048]",
1294,11369,1,31,2026-09-13T13:54:49.529000+00:00,29.493,35.325,32.793,,253.0,False,97.611,"[None, 2048, 2048, 2049, 2048, 2048, 2048, 2051]","[2048, 2049, 2049, 2048, 2048, 2048, 2048, 2048]","[2048, 2048, 2048, 2048, 2048, 2048, 2048, 2048, 2048, 2048]",
1294,11369,11,30,2026-09-13T13:54:58.354000+00:00,34.747,38.641,35.355,195.0,224.0,False,108.743,"[None, 2048, 2048, 2048, 2048, 2048, 2048, 2048]","[2048, 2048, 2048, 2048, 2048, 2048, 2048, 2048]","[2048, 2048, 2048, 2048, 2048, 2048, 2048, 2048, 2048, 2048]",240.0
1294,11369,14,30,2026-09-13T13:54:59.042000+00:00,30.677,36.248,33.542,219.0,246.0,False,100.467,"[None, 2048, 2048, 2048, 2048, 2048, 2048, 2048]","[2048, 2048, 2049, 2048, 2048, 2048, 2048, 2049]","[2048, 2048, 2048, 2048, 2048, 2048, 2049, 2048, 2048, 2048]",303.0
1294,11369,30,31,2026-09-13T13:55:09.263000+00:00,30.3,35.401,33.481,218.0,249.0,False,99.182,"[None, 2049, 2048, 2048, 2048, 2048, 2048, 2048]","[2048, 2051, 2048, 2048, 2048, 2048, 2048, 2048]","[2048, 2048, 2048, 2048, 2048, 2048, 2048, 2048, 2048, 2048]",287.0
1294,11369,63,31,2026-09-13T13:55:14.060000+00:00,29.621,35.73,32.467,219.0,249.0,False,97.818,"[None, 2048, 2048, 2048, 2048, 2048, 2048, 2048]","[2049, 2048, 2048, 2048, 2049, 2048, 2048, 2048]","[2049, 2048, 2048, 2048, 2048, 2048, 2048, 2048, 2048, 2048]",304.0
1294,11369,81,31,2026-09-13T13:55:16.696000+00:00,29.757,35.488,32.943,,255.0,False,98.188,"[2049, 2049, 2048, 2049, 2048, 2048, 2049, 2048]","[2048, 2048, 2048, 2048, 2048, 2048, 2049, 2049]","[2048, 2048, 2049, 2048, 2048, 2048, 2051, 2048, 2048, 2048]",301.0
1294,11369,77,30,2026-09-13T13:55:19.329000+00:00,55.35,38.083,34.103,206.0,230.0,True,127.536,"[2064, 2064, 2064, 2064, 2048, 2048, 2048, 2048]","[2048, 2048, 2048, 2048, 2048, 2048, 2048, 2048]","[2048, 2049, 2049, 2049, 2049, 2048, 2049, 2048, 2049, 2049]",245.0
1294,11369,55,30,2026-09-13T13:55:25.329000+00:00,32.536,38.203,34.512,204.0,232.0,False,105.251,"[None, 2048, 2048, 2048, 2048, 2048, 2048, 2048]","[2048, 2048, 2048, 2048, 2048, 2048, 2048, 2048]","[2048, 2048, 2048, 2048, 2048, 2048, 2048, 2048, 2048, 2048]",183.0
1294,11369,10,31,2026-09-13T13:55:26.547000+00:00,30.023,35.754,33.496,219.0,250.0,False,99.273,"[2049, 2048, 2048, 2048, 2049, 2048, 2048, 2049]","[2048, 2049, 2048, 2048, 2048, 2048, 2048, 2048]","[2048, 2049, 2048, 2048, 2048, 2048, 2048, 2048, 2048, 2048]",283.0
1294,11369,5,31,2026-09-13T13:55:32.154000+00:00,29.946,36.002,33.605,223.0,247.0,False,99.553,"[None, 2048, 2048, 2049, 2048, 2048, 2048, 2048]","[2048, 2048, 2048, 2048, 2048, 2048, 2048, 2049]","[2048, 2048, 2048, 2048, 2048, 2048, 2048, 2048, 2048, 2048]",294.0
1294,11369,43,31,2026-09-13T13:55:37.798000+00:00,29.957,35.712,33.106,,254.0,False,98.775,"[None, 2049, 2048, 2048, 2048, 2048, 2049, 2049]","[2049, 2049, 2049, 2048, 2048, 2049, 2048, 2048]","[2049, 2048, 2048, 2048, 2048, 2048, 2049, 2048, 2048, 2048]",295.0
1294,11369,41,31,2026-09-13T13:55:39.720000+00:00,30.019,35.886,33.145,216.0,241.0,False,99.05,"[None, 2048, 2048, 2048, 2048, 2048, 2049, 2049]","[2049, 2048, 2048, 2048, 2048, 2048, 2048, 2048]","[2048, 2048, 2048, 2048, 2048, 2048, 2048, 2048, 2048, 2048]",296.0
1294,11369,27,31,2026-09-13T13:55:41.965000+00:00,29.894,35.848,33.467,,246.0,False,99.209,"[None, 2049, 2048, 2048, 2048, 2048, 2048, 2048]","[2048, 2048, 2049, 2049, 2048, 2048, 2048, 2048]","[2048, 2049, 2048, 2048, 2048, 2048, 2048, 2048, 2048, 2048]",281.0
1294,11369,31,31,2026-09-13T13:55:49.169000+00:00,30.225,35.925,33.397,222.0,244.0,False,99.547,"[None, 2048, 2048, 2049, 2048, 2048, 2049, 2048]","[2048, 2049, 2049, 2049, 2049, 2048, 2048, 2048]","[2048, 2048, 2048, 2048, 2048, 2048, 2048, 2048, 2048, 2048]",
1294,11369,22,31,2026-09-13T13:55:59.809000+00:00,30.56,35.677,33.597,,244.0,False,99.834,"[None, 2048, 2048, 2049, 2048, 2048, 2048, 2048]","[2048, 2049, 2048, 2049, 2048, 2048, 2049, 2049]","[2048, 2048, 2048, 2048, 2048, 2048, 2048, 2048, 2048, 2048]",290.0
1294,11369,87,31,2026-09-13T13:56:07.134000+00:00,30.09,35.965,33.266,222.0,243.0,False,99.321,"[None, 2048, 2048, 2048, 2048, 2048, 2048, 2048]","[2048, 2048, 2048, 2049, 2049, 2048, 2048, 2048]","[2048, 2048, 2048, 2048, 2048, 2048, 2048, 2048, 2048, 2048]",296.0
1294,11369,16,32,2026-09-13T13:56:12.464000+00:00,29.914,35.117,33.149,218.0,251.0,False,98.18,"[None, 2048, 2048, 2048, 2048, 2048, 2048, 2048]","[2048, 2049, 2048, 2048, 2048, 2048, 2048, 2048]","[2048, 2048, 2048, 2048, 2048, 2048, 2048, 2048, 2048, 2048]",298.0
1294,11369,12,32,2026-09-13T13:56:15.966000+00:00,29.536,35.719,32.612,216.0,245.0,False,97.867,"[None, 2048, 2048, 2049, 2048, 2048, 2048, 2048]","[2048, 2048, 2048, 2048, 2048, 2048, 2048, 2048]","[2048, 2048, 2048, 2049, 2048, 2048, 2048, 2048, 2048, 2048]",
1294,11369,3,32,2026-09-13T13:56:21.664000+00:00,29.811,35.236,32.863,216.0,250.0,False,97.91,"[None, 2048, 2048, 2048, 2048, 2048, 2048, 2048]","[2049, 2048, 2048, 2048, 2048, 2048, 2049, 2049]","[2048, 2049, 2048, 2048, 2048, 2048, 2048, 2048, 2048]",285.0
1294,11369,23,31,2026-09-13T13:56:22.940000+00:00,31.284,36.305,33.861,218.0,241.0,False,101.45,"[None, 2048, 2048, 2048, 2048, 2048, 2048, 2048]","[2049, 2049, 2048, 2048, 2048, 2048, 2048, 2048]","[2048, 2048, 2049, 2048, 2048, 2048, 2049, 2048, 2048, 2048]",269.0
1294,11369,1,32,2026-09-13T13:56:27.126000+00:00,29.646,35.309,33.169,,252.0,False,98.124,"[None, 2048, 2048, 2048, 2048, 2048, 2048, 2048]","[2048, 2049, 2049, 2049, 2048, 2048, 2048, 2048]","[2048, 2048, 2048, 2048, 2048, 2048, 2048, 2048, 2048, 2048]",
1294,11369,14,31,2026-09-13T13:56:39.326000+00:00,30.783,36.215,33.5,,244.0,False,100.498,"[None, 2048, 2048, 2048, 2048, 2048, 2048, 2049]","[2048, 2049, 2049, 2048, 2048, 2048, 2048, 2048]","[2048, 2049, 2048, 2048, 2048, 2048, 2049, 2048, 2048, 2048]",288.0
1294,11369,11,31,2026-09-13T13:56:47.071000+00:00,37.355,41.289,38.872,123.0,217.0,False,117.516,"[None, 2048, 2048, 2048, 2048, 2048, 2048, 2048]","[2048, 2048, 2048, 2048, 2048, 2048, 2048, 2048]","[2048, 2048, 2048, 2048, 2048, 2048, 2064, 2064, 2064, 2064]",229.0
1294,11369,30,32,2026-09-13T13:56:48.415000+00:00,30.642,35.308,33.323,217.0,246.0,False,99.273,"[None, 2048, 2048, 2048, 2048, 2048, 2049, 2048]","[2049, 2048, 2049, 2048, 2048, 2048, 2048, 2048]","[2048, 2048, 2049, 2048, 2048, 2048, 2048, 2048, 2048]",292.0
1294,11369,63,32,2026-09-13T13:56:51.818000+00:00,29.9,35.589,32.458,222.0,252.0,False,97.947,"[None, 2048, 2048, 2048, 2048, 2048, 2048, 2048]","[2048, 2048, 2049, 2048, 2048, 2048, 2048, 2048]","[2048, 2048, 2048, 2048, 2048, 2048, 2048, 2048, 2048, 2048]",293.0
1294,11369,81,32,2026-09-13T13:56:54.979000+00:00,29.998,35.56,33.705,219.0,252.0,False,99.263,"[2048, 2048, 2048, 2048, 2048, 2048, 2048, 2049]","[2048, 2048, 2048, 2048, 2048, 2048, 2049, 2048]","[2048, 2049, 2049, 2048, 2048, 2048, 2048, 2048, 2048, 2048]",297.0
1294,11369,10,32,2026-09-13T13:57:05.913000+00:00,30.065,35.582,33.357,216.0,252.0,False,99.004,"[2048, 2048, 2048, 2048, 2048, 2048, 2048, 2048]","[2048, 2048, 2048, 2048, 2048, 2048, 2048, 2048]","[2048, 2049, 2049, 2048, 2048, 2048, 2048, 2048, 2048, 2049]",295.0
1294,11369,55,31,2026-09-13T13:57:10.541000+00:00,32.632,37.695,37.178,199.0,230.0,False,107.505,"[None, 2048, 2048, 2048, 2048, 2048, 2048, 2048]","[2048, 2048, 2048, 2048, 2048, 2048, 2048, 2048]","[2048, 2048, 2048, 2048, 2048, 2048, 2064, 2064, 2064, 2064]",237.0
1294,11369,5,32,2026-09-13T13:57:11.747000+00:00,30.107,36.029,33.259,225.0,248.0,False,99.395,"[None, 2048, 2048, 2048, 2048, 2048, 2048, 2048]","[2048, 2048, 2048, 2048, 2048, 2048, 2048, 2049]","[2048, 2048, 2048, 2048, 2048, 2049, 2049, 2048, 2048, 2048]",297.0
1294,11369,43,32,2026-09-13T13:57:16.669000+00:00,29.984,35.768,33.737,223.0,252.0,False,99.489,"[None, 2048, 2048, 2049, 2048, 2048, 2048, 2048]","[2048, 2048, 2048, 2049, 2048, 2048, 2048, 2049]","[2049, 2048, 2048, 2048, 2048, 2048, 2048, 2048, 2048, 2048]",299.0
1294,11369,41,32,2026-09-13T13:57:18.779000+00:00,30.108,35.824,33.234,219.0,245.0,False,99.166,"[None, 2048, 2048, 2048, 2048, 2048, 2048, 2048]","[2048, 2048, 2049, 2048, 2048, 2048, 2048, 2048]","[2049, 2048, 2048, 2048, 2048, 2049, 2048, 2048, 2048, 2048]",
1294,11369,27,32,2026-09-13T13:57:21.220000+00:00,29.825,36.021,33.346,222.0,248.0,False,99.192,"[None, 2048, 2048, 2048, 2048, 2048, 2049, 2048]","[2048, 2048, 2048, 2048, 2048, 2048, 2048, 2048]","[2049, 2048, 2049, 2048, 2048, 2048, 2048, 2048, 2048, 2048]",300.0
1294,11369,77,31,2026-09-13T13:57:26.849000+00:00,30.81,38.464,34.514,213.0,232.0,False,103.788,"[2049, 2048, 2049, 2049, 2048, 2048, 2048, 2049]","[2049, 2049, 2048, 2049, 2048, 2048, 2048, 2048]","[2048, 2048, 2048, 2048, 2048, 2048, 2048, 2048, 2049, 2049]",278.0
1294,11369,31,32,2026-09-13T13:57:28.718000+00:00,30.423,36.047,33.226,219.0,244.0,False,99.696,"[None, 2048, 2048, 2048, 2048, 2048, 2049, 2048]","[2048, 2049, 2048, 2049, 2049, 2048, 2048, 2049]","[2048, 2049, 2048, 2048, 2048, 2048, 2048, 2048, 2048, 2048]",293.0
1294,11369,22,32,2026-09-13T13:57:39.691000+00:00,30.604,35.697,33.536,220.0,244.0,False,99.837,"[None, 2048, 2048, 2048, 2048, 2048, 2049, 2048]","[2048, 2049, 2048, 2049, 2048, 2048, 2048, 2048]","[2049, 2048, 2048, 2048, 2048, 2048, 2048, 2048, 2048, 2048]",292.0
1294,11369,87,32,2026-09-13T13:57:46.565000+00:00,30.139,35.939,33.157,221.0,244.0,False,99.235,"[None, 2048, 2048, 2048, 2048, 2048, 2048, 2048]","[2048, 2048, 2048, 2049, 2049, 2048, 2048, 2048]","[2048, 2048, 2048, 2048, 2049, 2048, 2048, 2048, 2048, 2048]",295.0
1294,11369,16,33,2026-09-13T13:57:50.631000+00:00,29.985,35.198,32.889,220.0,250.0,False,98.072,"[None, 2048, 2048, 2048, 2048, 2048, 2048, 2049]","[2049, 2048, 2048, 2048, 2048, 2048, 2048, 2048]","[2048, 2048, 2048, 2048, 2048, 2048, 2048, 2048, 2048, 2048]",301.0
1294,11369,12,33,2026-09-13T13:57:53.819000+00:00,29.807,35.602,32.635,,248.0,False,98.044,"[None, 2048, 2048, 2048, 2048, 2048, 2048, 2048]","[2048, 2048, 2049, 2048, 2048, 2048, 2048, 2048]","[2048, 2048, 2048, 2048, 2048, 2048, 2048, 2048, 2048, 2048]",281.0
1294,11369,3,33,2026-09-13T13:57:59.492000+00:00,29.862,35.309,32.859,215.0,248.0,False,98.03,"[None, 2048, 2048, 2048, 2048, 2048, 2048, 2048]","[2048, 2048, 2049, 2048, 2048, 2048, 2048, 2048]","[2048, 2049, 2048, 2048, 2048, 2048, 2048, 2048, 2048, 2048]",291.0
1294,11369,23,32,2026-09-13T13:58:04.360000+00:00,32.351,36.199,33.536,214.0,247.0,False,102.086,"[None, 2048, 2048, 2048, 2048, 2048, 2048, 2048]","[2048, 2048, 2049, 2048, 2048, 2048, 2048, 2048]","[2048, 2049, 2049, 2048, 2049, 2048, 2049, 2048, 2048, 2048]",281.0
1294,11369,1,33,2026-09-13T13:58:05.251000+00:00,29.659,35.328,32.486,,254.0,False,97.473,"[None, 2048, 2048, 2048, 2048, 2048, 2048, 2048]","[2048, 2048, 2048, 2048, 2048, 2048, 2049, 2048]","[2048, 2049, 2049, 2048, 2048, 2048, 2048, 2048, 2048]",304.0
1294,11369,14,32,2026-09-13T13:58:19.989000+00:00,30.922,36.057,33.509,,246.0,False,100.488,"[None, 2048, 2048, 2048, 2048, 2048, 2048, 2048]","[2048, 2048, 2048, 2049, 2048, 2048, 2048, 2048]","[2048, 2049, 2048, 2048, 2048, 2048, 2049, 2048, 2048, 2048]",290.0
1294,11369,30,33,2026-09-13T13:58:27.810000+00:00,30.191,35.302,33.082,218.0,249.0,False,98.575,"[None, 2048, 2048, 2048, 2048, 2048, 2048, 2048]","[2048, 2048, 2049, 2049, 2048, 2048, 2048, 2048]","[2048, 2049, 2048, 2049, 2048, 2048, 2048, 2048, 2048, 2048]",
1294,11369,63,33,2026-09-13T13:58:29.970000+00:00,29.663,35.378,32.677,221.0,253.0,False,97.718,"[None, 2048, 2048, 2048, 2048, 2048, 2048, 2048]","[2048, 2048, 2048, 2048, 2049, 2048, 2048, 2048]","[2048, 2048, 2048, 2048, 2048, 2048, 2048, 2048, 2048, 2048]",308.0
1294,11369,81,33,2026-09-13T13:58:34.148000+00:00,29.923,35.264,32.827,222.0,255.0,False,98.014,"[None, 2048, 2048, 2048, 2048, 2048, 2048, 2048]","[2048, 2048, 2049, 2049, 2049, 2048, 2048, 2048]","[2048, 2048, 2048, 2048, 2048, 2048, 2048, 2048, 2048, 2048]",296.0
1294,11369,11,32,2026-09-13T13:58:44.620000+00:00,,,,,,False,,,,,
1294,11369,10,33,2026-09-13T13:58:44.823000+00:00,30.142,35.22,33.187,219.0,254.0,False,98.549,"[None, 2048, 2048, 2048, 2048, 2048, 2049, 2048]","[2049, 2049, 2049, 2048, 2048, 2048, 2049, 2048]","[2048, 2049, 2049, 2048, 2048, 2048, 2048, 2048, 2048, 2048]",291.0
1294,11369,5,33,2026-09-13T13:58:51.164000+00:00,30.006,35.763,33.244,,248.0,False,99.013,"[None, 2048, 2048, 2048, 2048, 2048, 2048, 2048]","[2048, 2048, 2049, 2049, 2049, 2048, 2048, 2049]","[2048, 2048, 2048, 2049, 2048, 2048, 2048, 2048, 2048, 2048]",290.0
1294,11369,43,33,2026-09-13T13:58:56.127000+00:00,30.21,35.589,33.004,220.0,255.0,False,98.803,"[None, 2048, 2048, 2049, 2048, 2048, 2048, 2048]","[2049, 2049, 2049, 2048, 2048, 2048, 2048, 2048]","[2048, 2049, 2048, 2048, 2048, 2048, 2048, 2048, 2048, 2048]",
1294,11369,41,33,2026-09-13T13:58:57.942000+00:00,30.061,35.594,33.116,,248.0,False,98.771,"[None, 2048, 2048, 2048, 2048, 2048, 2049, 2049]","[2049, 2049, 2049, 2048, 2048, 2049, 2049, 2048]","[2049, 2048, 2048, 2048, 2048, 2048, 2048, 2048, 2048, 2048]",295.0
1294,11369,55,32,2026-09-13T13:58:58.098000+00:00,54.844,36.884,33.343,198.0,237.0,True,125.071,"[2064, 2064, 2064, 2064, 2048, 2048, 2048, 2048]","[2048, 2048, 2048, 2048, 2048, 2048, 2048, 2049]","[2049, 2048, 2049, 2048, 2049, 2049, 2049, 2049, 2049, 0]",235.0
1294,11369,27,33,2026-09-13T13:59:00.459000+00:00,30.101,35.706,33.13,223.0,247.0,False,98.937,"[None, 2048, 2048, 2048, 2048, 2048, 2048, 2048]","[2049, 2049, 2049, 2048, 2049, 2049, 2048, 2048]","[2049, 2049, 2049, 2048, 2048, 2048, 2049, 2048, 2048, 2048]",292.0
1294,11369,31,33,2026-09-13T13:59:08.407000+00:00,30.219,35.786,33.287,223.0,244.0,False,99.292,"[None, 2048, 2048, 2048, 2048, 2048, 2049, 2048]","[2048, 2049, 2049, 2049, 2048, 2048, 2048, 2049]","[2048, 2048, 2048, 2048, 2048, 2048, 2048, 2048, 2048, 2048]",298.0
1294,11369,77,32,2026-09-13T13:59:10.623000+00:00,30.846,36.691,34.01,211.0,235.0,False,101.547,"[None, 2048, 2048, 2049, 2048, 2048, 2048, 2048]","[2048, 2048, 2048, 2048, 2048, 2048, 2048, 2048]","[2049, 2049, 2048, 2048, 2049, 2048, 2048, 2049, 2048, 2048]",283.0
1294,11369,22,33,2026-09-13T13:59:19.495000+00:00,30.743,35.54,33.553,219.0,243.0,False,99.836,"[None, 2048, 2048, 2048, 2048, 2048, 2048, 2048]","[2048, 2048, 2048, 2048, 2048, 2048, 2048, 2048]","[2048, 2049, 2048, 2048, 2048, 2048, 2048, 2048, 2048, 2048]",283.0
1294,11369,87,33,2026-09-13T13:59:25.792000+00:00,30.061,35.893,35.757,,242.0,False,101.711,"[None, 2048, 2048, 2048, 2048, 2048, 2048, 2048]","[2048, 2048, 2049, 2049, 2048, 2048, 2048, 2048]","[2048, 2048, 2048, 2048, 2048, 2048, 2064, 2064, 2064, 2064]",
1294,11369,16,34,2026-09-13T13:59:28.636000+00:00,29.875,35.218,32.925,216.0,245.0,False,98.018,"[2049, 2048, 2048, 2048, 2048, 2048, 2049, 2048]","[2048, 2048, 2048, 2048, 2048, 2048, 2048, 2048]","[2048, 2048, 2048, 2048, 2048, 2048, 2048, 2048, 2048, 2048]",303.0
1294,11369,12,34,2026-09-13T13:59:31.948000+00:00,29.659,35.577,32.55,217.0,251.0,False,97.786,"[None, 2048, 2048, 2048, 2048, 2048, 2048, 2048]","[2048, 2049, 2049, 2048, 2048, 2048, 2048, 2048]","[2048, 2048, 2048, 2048, 2048, 2048, 2048, 2048, 2048, 2048]",288.0
1294,11369,3,34,2026-09-13T13:59:37.526000+00:00,29.756,35.076,32.736,218.0,243.0,False,97.568,"[None, 2048, 2048, 2048, 2048, 2048, 2049, 2048]","[2048, 2049, 2049, 2049, 2048, 2048, 2049, 2048]","[2048, 2049, 2048, 2048, 2048, 2048, 2048, 2048, 2048, 2048]",293.0
1294,11369,1,34,2026-09-13T13:59:42.632000+00:00,29.481,35.232,32.42,224.0,253.0,False,97.133,"[None, 2048, 2048, 2048, 2048, 2048, 2048, 2049]","[2048, 2048, 2051, 2049, 2048, 2048, 2048, 2048]","[2049, 2048, 2049, 2049, 2048, 2048, 2049, 2048, 2048, 2048]",299.0
1294,11369,23,33,2026-09-13T13:59:46.535000+00:00,30.471,35.972,33.621,220.0,249.0,False,100.064,"[None, 2048, 2048, 2048, 2048, 2048, 2049, 2049]","[2049, 2049, 2049, 2049, 2048, 2048, 2048, 2048]","[2048, 2049, 2049, 2048, 2048, 2048, 2048, 2048, 2048, 2048]",283.0
1294,11369,14,33,2026-09-13T14:00:00.373000+00:00,30.749,35.941,33.452,,246.0,False,100.142,"[None, 2048, 2048, 2048, 2048, 2048, 2048, 2048]","[2048, 2049, 2048, 2049, 2048, 2048, 2049, 2048]","[2048, 2048, 2049, 2048, 2048, 2048, 2048, 2048, 2048, 2048]",289.0
1294,11369,30,34,2026-09-13T14:00:06.342000+00:00,30.11,35.174,33.181,215.0,250.0,False,98.465,"[None, 2048, 2048, 2048, 2048, 2048, 2048, 2048]","[2048, 2051, 2049, 2048, 2048, 2048, 2048, 2049]","[2049, 2048, 2048, 2048, 2048, 2048, 2048, 2048, 2048, 2048]",290.0
1294,11369,63,34,2026-09-13T14:00:07.451000+00:00,29.777,35.227,32.926,219.0,251.0,False,97.93,"[None, 2048, 2048, 2048, 2048, 2048, 2048, 2048]","[2048, 2049, 2049, 2049, 2048, 2048, 2048, 2048]","[2048, 2048, 2048, 2048, 2048, 2048, 2048, 2048, 2048, 2048]",296.0
1294,11369,81,34,2026-09-13T14:00:12.092000+00:00,29.896,35.232,32.837,225.0,252.0,False,97.965,"[None, 2048, 2048, 2049, 2048, 2048, 2048, 2051]","[2048, 2049, 2049, 2048, 2048, 2048, 2048, 2048]","[2048, 2048, 2049, 2048, 2048, 2048, 2051, 2048, 2048, 2048]",
1294,11369,10,34,2026-09-13T14:00:23.373000+00:00,30.063,35.286,33.089,218.0,252.0,False,98.438,"[None, 2048, 2048, 2048, 2048, 2048, 2049, 2048]","[2048, 2048, 2048, 2049, 2048, 2048, 2048, 2048]","[2048, 2048, 2049, 2048, 2048, 2048, 2049, 2049, 2048, 2048]",299.0
1294,11369,5,34,2026-09-13T14:00:30.109000+00:00,30.48,35.91,33.26,220.0,249.0,False,99.65,"[None, 2049, 2048, 2048, 2048, 2048, 2048, 2048]","[2048, 2048, 2048, 2048, 2048, 2048, 2048, 2049]","[2048, 2048, 2049, 2048, 2048, 2048, 2048, 2048, 2048, 2049]",
1294,11369,43,34,2026-09-13T14:00:34.846000+00:00,29.882,35.649,33.202,221.0,252.0,False,98.733,"[None, 2048, 2048, 2048, 2048, 2048, 2048, 2049]","[2048, 2048, 2049, 2049, 2048, 2048, 2049, 2048]","[2048, 2048, 2048, 2048, 2048, 2048, 2048, 2048, 2048, 2048]",297.0
1294,11369,41,34,2026-09-13T14:00:36.721000+00:00,30.029,35.473,33.07,217.0,245.0,False,98.572,"[None, 2048, 2048, 2048, 2048, 2048, 2049, 2048]","[2049, 2048, 2049, 2048, 2049, 2048, 2048, 2048]","[2048, 2049, 2049, 2048, 2048, 2048, 2048, 2048, 2048, 2048]",303.0
1294,11369,27,34,2026-09-13T14:00:39.301000+00:00,29.917,35.828,33.059,222.0,246.0,False,98.804,"[None, 2048, 2048, 2048, 2048, 2048, 2048, 2048]","[2048, 2049, 2049, 2048, 2048, 2048, 2048, 2048]","[2049, 2049, 2049, 2048, 2048, 2048, 2048, 2048, 2048, 2048]",295.0
1294,11369,31,34,2026-09-13T14:00:47.707000+00:00,30.208,35.849,33.012,,243.0,False,99.069,"[None, 2049, 2048, 2048, 2048, 2048, 2048, 2048]","[2048, 2048, 2048, 2049, 2048, 2048, 2048, 2048]","[2048, 2049, 2048, 2049, 2048, 2048, 2048, 2048, 2048, 2048]",292.0
1294,11369,77,33,2026-09-13T14:00:52.099000+00:00,30.935,36.665,34.051,,231.0,False,101.651,"[2048, 2048, 2048, 2049, 2048, 2048, 2048, 2048]","[2048, 2048, 2049, 2049, 2048, 2048, 2048, 2048]","[2048, 2048, 2049, 2048, 2049, 2048, 2048, 2049, 2048, 2048]",271.0
1294,11369,22,34,2026-09-13T14:00:59.342000+00:00,30.617,35.744,33.499,221.0,242.0,False,99.86,"[None, 2048, 2048, 2048, 2048, 2048, 2048, 2048]","[2048, 2049, 2048, 2048, 2048, 2048, 2048, 2048]","[2048, 2049, 2048, 2048, 2048, 2048, 2048, 2048, 2048, 2048]",288.0
1294,11369,55,33,2026-09-13T14:01:03.050000+00:00,30.561,36.409,33.662,211.0,241.0,False,100.632,"[2049, 2049, 2048, 2048, 2048, 2048, 2048, 2048]","[2049, 2048, 2049, 2048, 2048, 2049, 2048, 2048]","[2048, 2049, 2048, 2048, 2048, 2048, 2048, 2048, 2048, 2048]",283.0
1294,11369,16,35,2026-09-13T14:01:06.715000+00:00,29.902,35.194,32.927,218.0,248.0,False,98.023,"[None, 2049, 2048, 2049, 2048, 2048, 2048, 2048]","[2048, 2048, 2048, 2048, 2048, 2048, 2048, 2048]","[2048, 2048, 2048, 2048, 2048, 2048, 2048, 2048, 2048, 2048]",300.0
1294,11369,87,34,2026-09-13T14:01:07.518000+00:00,55.75,36.359,32.871,215.0,238.0,True,124.98,"[2064, 2064, 2064, 2064, 2048, 2048, 2048, 2048]","[2048, 2048, 2048, 2048, 2048, 2048, 2048, 2048]","[2048, 2049, 2048, 2049, 2049, 2049, 2051, 2049, 2048, 2048]",257.0
1294,11369,12,35,2026-09-13T14:01:09.611000+00:00,29.582,35.652,32.625,,249.0,False,97.859,"[None, 2048, 2048, 2049, 2048, 2048, 2048, 2048]","[2048, 2048, 2048, 2048, 2049, 2048, 2048, 2048]","[2048, 2048, 2048, 2048, 2048, 2048, 2048, 2048, 2048, 2048]",
1294,11369,3,35,2026-09-13T14:01:15.251000+00:00,29.763,35.247,32.681,,250.0,False,97.691,"[None, 2048, 2048, 2048, 2048, 2048, 2048, 2048]","[2048, 2048, 2048, 2048, 2048, 2048, 2048, 2049]","[2049, 2048, 2048, 2048, 2048, 2048, 2048, 2048, 2048, 2048]",286.0
1294,11369,1,35,2026-09-13T14:01:19.951000+00:00,29.4,35.265,32.495,,255.0,False,97.16,"[None, 2048, 2048, 2049, 2048, 2048, 2049, 2048]","[2048, 2048, 2048, 2049, 2048, 2048, 2048, 2048]","[2049, 2049, 2049, 2048, 2048, 2048, 2049, 2048, 2048, 2048]",304.0
1294,11369,23,34,2026-09-13T14:01:26.514000+00:00,30.248,36.111,33.538,217.0,243.0,False,99.897,"[None, 2048, 2048, 2048, 2048, 2048, 2048, 2048]","[2048, 2048, 2048, 2048, 2048, 2048, 2049, 2048]","[2049, 2049, 2048, 2048, 2048, 2048, 2048, 2048, 2048, 2048]",290.0
1294,11369,14,34,2026-09-13T14:01:40.561000+00:00,30.771,36.209,33.445,218.0,244.0,False,100.425,"[None, 2048, 2048, 2049, 2048, 2048, 2048, 2048]","[2048, 2048, 2048, 2048, 2048, 2048, 2048, 2048]","[2048, 2049, 2049, 2048, 2048, 2048, 2048, 2048, 2048, 2048]",290.0
1294,11369,30,35,2026-09-13T14:01:44.702000+00:00,31.725,37.205,33.599,187.0,238.0,False,102.529,"[None, 2048, 2048, 2048, 2048, 2048, 2048, 2048]","[2048, 2048, 2048, 2048, 2048, 2048, 2048, 2048]","[2048, 2048, 2048, 2048, 2048, 2048, 2048, 2048, 2048, 2048]",286.0
1294,11369,63,35,2026-09-13T14:01:45.331000+00:00,30.979,36.729,32.843,201.0,251.0,False,100.551,"[None, 2048, 2048, 2048, 2051, 2049, 2048, 2048]","[2048, 2048, 2048, 2048, 2048, 2048, 2048, 2048]","[2048, 2048, 2048, 2048, 2048, 2048, 2048, 2048, 2048, 2048]",265.0
1294,11369,81,35,2026-09-13T14:01:50.002000+00:00,29.924,35.361,33.039,223.0,259.0,False,98.324,"[None, 2048, 2048, 2049, 2048, 2048, 2049, 2048]","[2048, 2048, 2048, 2048, 2048, 2048, 2048, 2051]","[2048, 2048, 2048, 2048, 2048, 2048, 2048, 2048, 2048, 2048]",297.0
1294,11369,10,35,2026-09-13T14:02:01.839000+00:00,30.163,35.253,33.179,215.0,251.0,False,98.595,"[None, 2048, 2048, 2049, 2048, 2048, 2048, 2048]","[2048, 2049, 2049, 2048, 2048, 2048, 2048, 2048]","[2048, 2049, 2049, 2048, 2048, 2048, 2048, 2048, 2048, 2048]",292.0
1294,11369,5,35,2026-09-13T14:02:09.792000+00:00,30.04,35.859,33.239,223.0,245.0,False,99.138,"[None, 2048, 2048, 2048, 2048, 2048, 2048, 2048]","[2048, 2048, 2048, 2049, 2048, 2048, 2048, 2048]","[2048, 2048, 2048, 2048, 2049, 2049, 2048, 2048, 2048, 2048]",295.0
1294,11369,43,35,2026-09-13T14:02:13.699000+00:00,29.823,35.724,33.391,,253.0,False,98.938,"[None, 2048, 2048, 2049, 2048, 2048, 2048, 2048]","[2048, 2048, 2048, 2048, 2048, 2048, 2048, 2048]","[2048, 2048, 2048, 2048, 2048, 2048, 2048, 2048, 2048, 2048]",
1294,11369,41,35,2026-09-13T14:02:15.308000+00:00,29.929,35.564,33.027,218.0,245.0,False,98.52,"[None, 2048, 2048, 2048, 2048, 2048, 2049, 2048]","[2049, 2049, 2048, 2048, 2048, 2049, 2048, 2048]","[2048, 2048, 2049, 2049, 2048, 2048, 2048, 2048, 2048, 2048]",
1294,11369,27,35,2026-09-13T14:02:18.192000+00:00,29.688,35.612,33.068,224.0,247.0,False,98.368,"[2049, 2048, 2048, 2048, 2048, 2048, 2048, 2048]","[2049, 2048, 2049, 2049, 2048, 2048, 2048, 2048]","[2049, 2048, 2048, 2048, 2048, 2048, 2048, 2048, 2048, 2048]",302.0
1294,11369,31,35,2026-09-13T14:02:26.794000+00:00,30.076,35.68,33.049,221.0,244.0,False,98.805,"[None, 2048, 2048, 2049, 2048, 2048, 2049, 2048]","[2048, 2049, 2048, 2049, 2049, 2048, 2049, 2049]","[2048, 2049, 2048, 2049, 2048, 2048, 2048, 2048, 2048, 2048]",298.0
1294,11369,77,34,2026-09-13T14:02:33.786000+00:00,30.797,36.458,34.021,213.0,236.0,False,101.276,"[None, 2049, 2048, 2048, 2048, 2048, 2048, 2048]","[2048, 2048, 2049, 2048, 2048, 2048, 2048, 2048]","[2049, 2048, 2048, 2048, 2049, 2048, 2048, 2048, 2048, 2048]",275.0
1294,11369,22,35,2026-09-13T14:02:39.299000+00:00,30.6,35.675,33.699,,238.0,False,99.974,"[None, 2048, 2048, 2048, 2048, 2048, 2048, 2048]","[2048, 2048, 2048, 2048, 2048, 2048, 2049, 2048]","[2048, 2048, 2048, 2048, 2048, 2048, 2048, 2048, 2048, 2048]",286.0
1294,11369,55,34,2026-09-13T14:02:43.832000+00:00,32.484,38.221,34.214,205.0,225.0,False,104.919,"[2048, 2048, 2048, 2048, 2048, 2048, 2048, 2048]","[2048, 2048, 2048, 2048, 2048, 2048, 2048, 2048]","[2048, 2048, 2048, 2048, 2048, 2048, 2048, 2048, 2048, 2048]",268.0
1294,11369,16,36,2026-09-13T14:02:45.085000+00:00,29.884,35.333,32.945,208.0,247.0,False,98.162,"[2048, 2048, 2048, 2048, 2048, 2049, 2049, 2048]","[2048, 2048, 2048, 2048, 2048, 2048, 2049, 2048]","[2048, 2048, 2048, 2048, 2048, 2048, 2048, 2048, 2048, 2048]",312.0
1294,11369,12,36,2026-09-13T14:02:47.484000+00:00,29.676,35.89,32.433,215.0,253.0,False,97.999,"[None, 2048, 2048, 2048, 2048, 2048, 2048, 2048]","[2048, 2048, 2048, 2048, 2048, 2048, 2048, 2049]","[2048, 2048, 2048, 2049, 2048, 2048, 2048, 2048, 2048, 2048]",290.0
1294,11369,3,36,2026-09-13T14:02:52.865000+00:00,29.725,35.166,32.8,217.0,248.0,False,97.691,"[None, 2048, 2048, 2049, 2048, 2048, 2048, 2048]","[2048, 2048, 2048, 2048, 2048, 2048, 2048, 2048]","[2048, 2049, 2049, 2048, 2048, 2048, 2048, 2048, 2048, 2048]",292.0
1294,11369,1,36,2026-09-13T14:02:57.014000+00:00,29.513,35.038,32.478,223.0,254.0,False,97.029,"[2049, 2048, 2048, 2048, 2048, 2048, 2048, 2048]","[2048, 2048, 2051, 2049, 2048, 2048, 2049, 2048]","[2048, 2048, 2048, 2048, 2048, 2048, 2048, 2048, 2048, 2048]",305.0
1294,11369,23,35,2026-09-13T14:03:06.333000+00:00,30.289,36.102,33.492,215.0,252.0,False,99.883,"[None, 2048, 2049, 2049, 2048, 2048, 2048, 2048]","[2048, 2048, 2049, 2048, 2048, 2048, 2048, 2049]","[2048, 2048, 2049, 2048, 2048, 2048, 2048, 2048, 2048, 2048]",284.0
1294,11369,87,35,2026-09-13T14:03:12.443000+00:00,30.012,35.981,32.954,221.0,243.0,False,98.947,"[2048, 2048, 2049, 2049, 2048, 2048, 2048, 2048]","[2049, 2048, 2049, 2048, 2049, 2049, 2048, 2048]","[2049, 2048, 2048, 2048, 2049, 2048, 2048, 2048, 2048, 2048]",294.0
1294,11369,14,35,2026-09-13T14:03:20.990000+00:00,30.786,36.436,33.652,217.0,246.0,False,100.874,"[None, 2048, 2048, 2049, 2048, 2048, 2048, 2048]","[2048, 2048, 2048, 2048, 2048, 2048, 2048, 2049]","[2048, 2048, 2048, 2048, 2048, 2048, 2048, 2048, 2048, 2048]",
1294,11369,63,36,2026-09-13T14:03:25.849000+00:00,29.794,35.53,32.671,219.0,256.0,False,97.995,"[None, 2048, 2048, 2048, 2048, 2048, 2048, 2048]","[2048, 2048, 2048, 2048, 2048, 2048, 2048, 2048]","[2048, 2048, 2048, 2048, 2048, 2048, 2048, 2048, 2048, 2048]",311.0
1294,11369,30,36,2026-09-13T14:03:27.220000+00:00,30.385,35.239,33.317,208.0,247.0,False,98.941,"[None, 2048, 2048, 2048, 2048, 2048, 2048, 2048]","[2048, 2048, 2048, 2049, 2048, 2048, 2048, 2048]","[2048, 2048, 2048, 2048, 2048, 2048, 2048, 2048, 2048, 2048]",285.0
1294,11369,81,36,2026-09-13T14:03:28.403000+00:00,30.042,35.68,33.137,217.0,252.0,False,98.859,"[None, 2048, 2048, 2048, 2048, 2048, 2048, 2048]","[2048, 2048, 2048, 2048, 2048, 2048, 2048, 2048]","[2048, 2048, 2048, 2048, 2048, 2048, 2048, 2048, 2048, 2048]",295.0
1294,11369,10,36,2026-09-13T14:03:40.418000+00:00,29.796,35.139,33.206,220.0,258.0,False,98.141,"[2049, 2048, 2048, 2049, 2048, 2048, 2049, 2048]","[2048, 2048, 2048, 2051, 2049, 2049, 2048, 2051]","[2049, 2048, 2049, 2048, 2048, 2048, 2048, 2048, 2048, 2048]",299.0
1294,11369,5,36,2026-09-13T14:03:48.881000+00:00,29.902,35.871,33.27,,247.0,False,99.043,"[None, 2048, 2048, 2048, 2048, 2048, 2048, 2048]","[2048, 2048, 2048, 2048, 2048, 2048, 2048, 2048]","[2048, 2048, 2049, 2048, 2048, 2048, 2048, 2049, 2048, 2048]",293.0
1294,11369,43,36,2026-09-13T14:03:52.624000+00:00,29.69,35.29,32.986,223.0,255.0,False,97.966,"[None, 2048, 2048, 2049, 2048, 2048, 2049, 2049]","[2049, 2048, 2049, 2049, 2048, 2049, 2049, 2049]","[2048, 2048, 2048, 2048, 2048, 2048, 2048, 2048, 2048, 2048]",303.0
1294,11369,41,36,2026-09-13T14:03:53.812000+00:00,30.04,35.594,33.053,217.0,249.0,False,98.687,"[None, 2048, 2048, 2048, 2048, 2048, 2048, 2048]","[2048, 2048, 2048, 2048, 2048, 2049, 2049, 2049]","[2048, 2048, 2048, 2049, 2048, 2048, 2048, 2048, 2048, 2048]",293.0
1294,11369,27,36,2026-09-13T14:03:56.584000+00:00,29.718,35.743,33.129,225.0,248.0,False,98.59,"[2048, 2048, 2048, 2048, 2048, 2048, 2048, 2049]","[2048, 2048, 2048, 2048, 2048, 2049, 2048, 2048]","[2048, 2048, 2049, 2048, 2048, 2048, 2048, 2048, 2048, 2048]",300.0
1294,11369,31,36,2026-09-13T14:04:05.561000+00:00,30.06,35.643,32.903,223.0,244.0,False,98.606,"[None, 2048, 2048, 2048, 2048, 2048, 2048, 2048]","[2048, 2048, 2048, 2049, 2049, 2049, 2048, 2048]","[2049, 2048, 2048, 2048, 2048, 2048, 2048, 2048, 2048, 2048]",299.0
1294,11369,77,35,2026-09-13T14:04:15.139000+00:00,30.763,36.311,34.209,212.0,238.0,False,101.283,"[None, 2049, 2048, 2049, 2048, 2048, 2048, 2048]","[2048, 2048, 2049, 2048, 2048, 2048, 2049, 2049]","[2048, 2048, 2048, 2048, 2048, 2048, 2048, 2048, 2048, 2048]",278.0
1294,11369,22,36,2026-09-13T14:04:19.171000+00:00,30.637,35.591,36.508,217.0,246.0,False,102.736,"[None, 2049, 2048, 2048, 2048, 2048, 2048, 2048]","[2048, 2048, 2048, 2048, 2048, 2049, 2048, 2048]","[2048, 2048, 2048, 2048, 2048, 2048, 2064, 2064, 2064, 2064]",280.0
1294,11369,16,37,2026-09-13T14:04:22.843000+00:00,29.91,35.157,32.853,218.0,249.0,False,97.92,"[None, 2048, 2048, 2049, 2048, 2048, 2048, 2048]","[2048, 2048, 2048, 2048, 2048, 2048, 2048, 2048]","[2048, 2048, 2049, 2048, 2048, 2049, 2048, 2048, 2048, 2048]",301.0
1294,11369,12,37,2026-09-13T14:04:25.649000+00:00,29.489,35.606,32.547,214.0,253.0,False,97.642,"[None, 2048, 2048, 2049, 2048, 2048, 2048, 2048]","[2048, 2048, 2048, 2048, 2048, 2048, 2048, 2048]","[2051, 2048, 2048, 2048, 2048, 2048, 2048, 2048, 2048, 2048]",292.0
1294,11369,55,35,2026-09-13T14:04:28.611000+00:00,30.989,38.03,35.498,202.0,230.0,False,104.517,"[None, 2048, 2048, 2048, 2048, 2048, 2048, 2048]","[2048, 2048, 2048, 2048, 2048, 2048, 2048, 2048]","[2048, 2048, 2048, 2048, 2048, 2048, 2048, 2048, 2048, 2048]",282.0
1294,11369,3,37,2026-09-13T14:04:30.556000+00:00,29.769,35.297,32.752,221.0,249.0,False,97.818,"[None, 2048, 2048, 2048, 2049, 2049, 2048, 2048]","[2048, 2048, 2048, 2049, 2048, 2049, 2049, 2048]","[2048, 2048, 2049, 2048, 2048, 2048, 2048, 2048, 2048, 2048]",289.0
1294,11369,1,37,2026-09-13T14:04:34.040000+00:00,29.519,35.293,32.893,222.0,249.0,False,97.705,"[2048, 2048, 2048, 2048, 2048, 2048, 2048, 2048]","[2048, 2048, 2048, 2048, 2048, 2048, 2048, 2048]","[2048, 2048, 2048, 2048, 2048, 2048, 2049, 2048, 2048, 2048]",
1294,11369,23,36,2026-09-13T14:04:46.281000+00:00,30.283,36.073,33.638,220.0,250.0,False,99.994,"[None, 2048, 2048, 2048, 2048, 2048, 2049, 2048]","[2048, 2048, 2048, 2048, 2048, 2048, 2048, 2048]","[2048, 2048, 2048, 2048, 2048, 2048, 2049, 2048, 2048, 2048]",290.0
1294,11369,87,36,2026-09-13T14:04:51.431000+00:00,30.049,35.944,32.958,,242.0,False,98.951,"[None, 2049, 2048, 2048, 2048, 2048, 2049, 2048]","[2048, 2049, 2049, 2048, 2048, 2049, 2048, 2048]","[2048, 2049, 2048, 2049, 2048, 2048, 2048, 2048, 2048, 2048]",300.0
1294,11369,14,36,2026-09-13T14:05:01.966000+00:00,30.942,37.891,36.367,211.0,239.0,False,105.2,"[None, 2048, 2048, 2048, 2048, 2048, 2048, 2048]","[2048, 2048, 2048, 2048, 2048, 2048, 2048, 2048]","[2048, 2048, 2048, 2048, 2048, 2048, 2048, 2048, 2048, 2048]",
1294,11369,63,37,2026-09-13T14:05:03.993000+00:00,29.838,35.596,32.464,221.0,254.0,False,97.898,"[None, 2048, 2048, 2048, 2048, 2048, 2048, 2048]","[2048, 2048, 2048, 2048, 2048, 2051, 2049, 2048]","[2048, 2051, 2048, 2048, 2048, 2048, 2048, 2048, 2048, 2048]",308.0
1294,11369,30,37,2026-09-13T14:05:06.174000+00:00,30.216,35.341,33.528,217.0,249.0,False,99.085,"[None, 2048, 2048, 2048, 2048, 2048, 2048, 2048]","[2048, 2048, 2048, 2048, 2048, 2048, 2048, 2048]","[2048, 2048, 2048, 2048, 2048, 2048, 2048, 2048, 2048, 2048]",295.0
1294,11369,81,37,2026-09-13T14:05:07.310000+00:00,30.001,35.635,33.196,214.0,255.0,False,98.832,"[None, 2048, 2048, 2048, 2048, 2048, 2048, 2048]","[2048, 2048, 2048, 2048, 2048, 2048, 2048, 2048]","[2048, 2048, 2048, 2048, 2048, 2048, 2048, 2048, 2048, 2048]",296.0
1294,11369,10,37,2026-09-13T14:05:18.640000+00:00,30.09,35.345,33.67,219.0,251.0,False,99.105,"[2048, 2048, 2048, 2048, 2048, 2048, 2048, 2048]","[2048, 2049, 2048, 2048, 2048, 2048, 2048, 2048]","[2048, 2048, 2048, 2048, 2048, 2048, 2048, 2048, 2048, 2048]",292.0
1294,11369,5,37,2026-09-13T14:05:27.959000+00:00,30.193,35.793,33.285,,246.0,False,99.271,"[None, 2048, 2048, 2048, 2048, 2048, 2048, 2048]","[2048, 2049, 2048, 2049, 2048, 2048, 2048, 2048]","[2048, 2048, 2048, 2049, 2048, 2049, 2048, 2048, 2048, 2049]",295.0
1294,11369,43,37,2026-09-13T14:05:30.519000+00:00,30.076,35.366,33.162,221.0,256.0,False,98.604,"[None, 2048, 2048, 2049, 2048, 2048, 2048, 2048]","[2048, 2048, 2048, 2048, 2049, 2048, 2048, 2048]","[2048, 2048, 2048, 2048, 2048, 2048, 2048, 2048, 2048, 2048]",304.0
1294,11369,41,37,2026-09-13T14:05:32.440000+00:00,30.919,35.76,33.037,202.0,249.0,False,99.716,"[None, 2048, 2048, 2048, 2048, 2048, 2048, 2048]","[2048, 2048, 2048, 2048, 2048, 2048, 2049, 2049]","[2048, 2048, 2048, 2048, 2048, 2048, 2048, 2048, 2048, 2048]",300.0
1294,11369,27,37,2026-09-13T14:05:35.128000+00:00,29.848,35.797,33.168,222.0,249.0,False,98.813,"[None, 2048, 2048, 2048, 2048, 2048, 2048, 2048]","[2048, 2048, 2048, 2048, 2048, 2048, 2048, 2048]","[2048, 2048, 2049, 2048, 2048, 2048, 2048, 2048, 2048, 2048]",302.0
1294,11369,31,37,2026-09-13T14:05:44.171000+00:00,30.117,35.604,32.959,226.0,245.0,False,98.68,"[None, 2048, 2048, 2048, 2048, 2048, 2048, 2048]","[2048, 2048, 2049, 2048, 2048, 2048, 2048, 2048]","[2048, 2048, 2049, 2049, 2049, 2048, 2048, 2048, 2048, 2048]",294.0
1294,11369,77,36,2026-09-13T14:05:56.437000+00:00,31.047,36.811,36.054,208.0,235.0,False,103.912,"[None, 2048, 2048, 2048, 2048, 2048, 2048, 2048]","[2048, 2048, 2048, 2048, 2048, 2048, 2048, 2048]","[2048, 2048, 2048, 2048, 2048, 2048, 2048, 2048, 2048, 2048]",
1294,11369,16,38,2026-09-13T14:06:00.850000+00:00,29.942,35.103,32.894,219.0,254.0,False,97.939,"[None, 2048, 2048, 2048, 2048, 2048, 2048, 2048]","[2048, 2049, 2048, 2048, 2048, 2048, 2048, 2048]","[2048, 2048, 2048, 2048, 2048, 2048, 2048, 2048, 2048, 2048]",299.0
1294,11369,22,37,2026-09-13T14:06:02.010000+00:00,54.018,36.105,32.698,200.0,234.0,True,122.821,"[2064, 2064, 2064, 2064, 2048, 2048, 2048, 2048]","[2048, 2048, 2048, 2048, 2048, 2049, 2048, 2048]","[2048, 2049, 2049, 2049, 2049, 2049, 2048, 2049, 2049, 2049]",253.0
1294,11369,12,38,2026-09-13T14:06:03.148000+00:00,29.714,35.929,32.849,218.0,253.0,False,98.492,"[None, 2048, 2048, 2048, 2048, 2048, 2048, 2048]","[2048, 2048, 2048, 2048, 2048, 2048, 2048, 2048]","[2048, 2048, 2048, 2048, 2048, 2048, 2048, 2048, 2048, 2048]",279.0
1294,11369,3,38,2026-09-13T14:06:08.318000+00:00,29.7,35.052,32.76,219.0,250.0,False,97.512,"[None, 2048, 2048, 2049, 2048, 2048, 2048, 2048]","[2048, 2049, 2049, 2048, 2048, 2048, 2048, 2049]","[2048, 2048, 2048, 2048, 2048, 2048, 2048, 2048, 2048, 2048]",295.0
1294,11369,1,38,2026-09-13T14:06:11.835000+00:00,29.541,34.937,32.419,221.0,256.0,False,96.897,"[None, 2048, 2048, 2048, 2048, 2048, 2048, 2048]","[2048, 2048, 2051, 2049, 2048, 2049, 2048, 2048]","[2049, 2048, 2048, 2048, 2048, 2048, 2048, 2048, 2048, 2048]",306.0
1294,11369,55,36,2026-09-13T14:06:13.171000+00:00,30.441,36.297,33.457,212.0,246.0,False,100.195,"[None, 2048, 2049, 2049, 2048, 2048, 2048, 2048]","[2049, 2049, 2049, 2049, 2048, 2048, 2048, 2048]","[2048, 2048, 2048, 2048, 2049, 2048, 2048, 2048, 2048, 2048]",287.0
1294,11369,23,37,2026-09-13T14:06:26.274000+00:00,30.359,36.386,33.874,214.0,239.0,False,100.619,"[None, 2048, 2048, 2048, 2048, 2048, 2048, 2048]","[2048, 2048, 2048, 2048, 2048, 2048, 2048, 2048]","[2048, 2048, 2048, 2048, 2048, 2048, 2048, 2048, 2048, 2049]",277.0
1294,11369,87,37,2026-09-13T14:06:30.319000+00:00,29.976,36.013,33.069,,244.0,False,99.058,"[None, 2048, 2048, 2048, 2048, 2048, 2048, 2048]","[2048, 2048, 2048, 2048, 2048, 2048, 2048, 2048]","[2048, 2048, 2048, 2048, 2048, 2048, 2048, 2048, 2048, 2048]",298.0
1294,11369,63,38,2026-09-13T14:06:41.816000+00:00,29.704,35.053,32.356,225.0,255.0,False,97.113,"[None, 2048, 2048, 2048, 2048, 2048, 2048, 2049]","[2049, 2049, 2048, 2049, 2048, 2048, 2049, 2048]","[2048, 2048, 2048, 2048, 2048, 2048, 2049, 2048, 2048, 2048]",305.0
1294,11369,30,38,2026-09-13T14:06:45.310000+00:00,30.14,35.414,33.191,215.0,247.0,False,98.745,"[2049, 2048, 2048, 2048, 2048, 2048, 2048, 2048]","[2048, 2048, 2048, 2048, 2048, 2048, 2048, 2048]","[2048, 2048, 2049, 2048, 2048, 2048, 2048, 2048, 2048, 2048]",287.0
1294,11369,81,38,2026-09-13T14:06:46.011000+00:00,30.147,35.487,33.002,215.0,254.0,False,98.636,"[2049, 2048, 2048, 2048, 2049, 2048, 2048, 2048]","[2048, 2048, 2048, 2048, 2048, 2048, 2048, 2048]","[2048, 2048, 2048, 2048, 2048, 2048, 2048, 2048, 2048, 2048]",288.0
1294,11369,14,37,2026-09-13T14:06:47.074000+00:00,30.956,36.551,36.746,212.0,248.0,False,104.253,"[None, 2048, 2048, 2048, 2048, 2048, 2048, 2048]","[2048, 2048, 2048, 2048, 2048, 2048, 2048, 2049]","[2048, 2048, 2048, 2048, 2048, 2048, 2064, 2064, 2064, 2064]",282.0
1294,11369,10,38,2026-09-13T14:06:57.651000+00:00,30.163,35.507,33.496,222.0,250.0,False,99.166,"[None, 2048, 2048, 2048, 2048, 2048, 2048, 2048]","[2048, 2048, 2048, 2048, 2048, 2048, 2048, 2048]","[2048, 2048, 2048, 2048, 2048, 2048, 2048, 2048, 2048, 2048]",296.0
1294,11369,5,38,2026-09-13T14:07:07.200000+00:00,30.008,35.949,33.176,,249.0,False,99.133,"[None, 2048, 2048, 2048, 2048, 2048, 2048, 2048]","[2048, 2048, 2048, 2048, 2048, 2048, 2048, 2048]","[2049, 2048, 2049, 2048, 2048, 2048, 2048, 2048, 2048, 2049]",296.0
1294,11369,43,38,2026-09-13T14:07:09.097000+00:00,29.728,35.345,33.15,,256.0,False,98.223,"[None, 2048, 2048, 2049, 2048, 2048, 2048, 2048]","[2048, 2049, 2049, 2049, 2048, 2048, 2048, 2051]","[2048, 2048, 2048, 2048, 2048, 2048, 2048, 2048, 2048, 2048]",303.0
1294,11369,41,38,2026-09-13T14:07:12.222000+00:00,30.026,35.438,32.921,217.0,248.0,False,98.385,"[None, 2048, 2048, 2049, 2048, 2048, 2048, 2048]","[2048, 2049, 2048, 2049, 2048, 2049, 2049, 2049]","[2049, 2049, 2048, 2048, 2048, 2048, 2048, 2048, 2048, 2048]",301.0
1294,11369,27,38,2026-09-13T14:07:13.895000+00:00,29.872,35.846,33.133,,249.0,False,98.851,"[2049, 2048, 2048, 2048, 2048, 2048, 2048, 2048]","[2048, 2048, 2048, 2048, 2048, 2048, 2048, 2048]","[2048, 2048, 2049, 2048, 2048, 2048, 2048, 2048, 2048, 2048]",300.0
1294,11369,31,38,2026-09-13T14:07:22.831000+00:00,30.091,35.528,32.984,223.0,245.0,False,98.603,"[None, 2048, 2048, 2048, 2048, 2048, 2048, 2048]","[2049, 2048, 2048, 2048, 2049, 2049, 2048, 2048]","[2048, 2049, 2049, 2048, 2048, 2048, 2048, 2048, 2048, 2048]",289.0
1294,11369,16,39,2026-09-13T14:07:38.722000+00:00,29.867,35.11,32.738,217.0,251.0,False,97.715,"[None, 2048, 2048, 2048, 2048, 2048, 2048, 2048]","[2048, 2048, 2048, 2048, 2048, 2048, 2049, 2049]","[2048, 2048, 2049, 2048, 2048, 2048, 2048, 2048, 2048, 2048]",298.0
1294,11369,77,37,2026-09-13T14:07:40.253000+00:00,32.745,42.131,34.917,,213.0,False,109.793,"[None, 2048, 2048, 2048, 2048, 2048, 2048, 2048]","[2048, 2048, 2048, 2048, 2048, 2048, 2048, 2048]","[2048, 2048, 2048, 2048, 2048, 2048, 2048, 2048, 2048, 2048]",235.0
1294,11369,12,39,2026-09-13T14:07:41.675000+00:00,29.616,35.46,32.551,219.0,252.0,False,97.627,"[None, 2048, 2048, 2048, 2048, 2048, 2048, 2048]","[2048, 2048, 2048, 2048, 2048, 2048, 2048, 2049]","[2048, 2048, 2049, 2048, 2048, 2048, 2048, 2048, 2048, 2048]",287.0
1294,11369,3,39,2026-09-13T14:07:45.816000+00:00,29.719,35.106,32.851,220.0,247.0,False,97.676,"[2049, 2048, 2048, 2049, 2048, 2048, 2048, 2049]","[2048, 2048, 2048, 2048, 2048, 2048, 2048, 2048]","[2048, 2048, 2048, 2048, 2048, 2048, 2048, 2048, 2048, 2048]",291.0
1294,11369,1,39,2026-09-13T14:07:48.698000+00:00,29.349,35.098,32.504,225.0,256.0,False,96.951,"[2049, 2048, 2048, 2048, 2048, 2048, 2048, 2048]","[2048, 2049, 2048, 2048, 2048, 2048, 2048, 2048]","[2048, 2048, 2049, 2048, 2048, 2048, 2048, 2048, 2048, 2048]",
1294,11369,55,37,2026-09-13T14:07:53.378000+00:00,30.451,36.364,34.624,209.0,245.0,False,101.439,"[None, 2048, 2048, 2048, 2048, 2048, 2048, 2048]","[2048, 2048, 2048, 2048, 2049, 2048, 2048, 2048]","[2048, 2048, 2048, 2048, 2048, 2048, 2048, 2048, 2048, 2048]",284.0
1294,11369,22,38,2026-09-13T14:08:04.713000+00:00,30.201,35.684,32.985,219.0,239.0,False,98.87,"[2048, 2049, 2049, 2049, 2048, 2048, 2049, 2048]","[2049, 2051, 2049, 2048, 2048, 2049, 2048, 2048]","[2049, 2048, 2048, 2048, 2049, 2048, 2049, 2048, 2048, 2048]",280.0
1294,11369,23,38,2026-09-13T14:08:06.850000+00:00,30.268,36.153,33.745,218.0,251.0,False,100.166,"[None, 2048, 2049, 2049, 2048, 2048, 2048, 2048]","[2048, 2048, 2048, 2048, 2048, 2048, 2048, 2048]","[2048, 2049, 2049, 2048, 2048, 2048, 2048, 2048, 2048, 2048]",287.0
1294,11369,87,38,2026-09-13T14:08:09.427000+00:00,29.948,36.048,33.403,,244.0,False,99.399,"[None, 2048, 2048, 2048, 2048, 2048, 2048, 2048]","[2048, 2048, 2048, 2048, 2048, 2048, 2048, 2048]","[2048, 2048, 2048, 2048, 2048, 2048, 2048, 2048, 2048, 2048]",293.0
1294,11369,63,39,2026-09-13T14:08:18.990000+00:00,29.441,34.872,32.544,223.0,256.0,False,96.857,"[None, 2048, 2048, 2048, 2048, 2048, 2048, 2048]","[2048, 2049, 2051, 2051, 2048, 2048, 2048, 2049]","[2048, 2048, 2048, 2048, 2048, 2048, 2048, 2048, 2048, 2048]",304.0
1294,11369,30,39,2026-09-13T14:08:24.011000+00:00,30.148,35.199,33.414,223.0,246.0,False,98.761,"[2048, 2048, 2048, 2048, 2048, 2048, 2048, 2048]","[2048, 2048, 2048, 2049, 2048, 2048, 2048, 2048]","[2048, 2048, 2048, 2048, 2048, 2048, 2048, 2048, 2048, 2048]",289.0
1294,11369,81,39,2026-09-13T14:08:24.722000+00:00,29.984,35.622,33.244,211.0,252.0,False,98.85,"[None, 2048, 2048, 2049, 2049, 2048, 2048, 2048]","[2048, 2048, 2048, 2048, 2048, 2048, 2048, 2048]","[2048, 2048, 2048, 2048, 2048, 2048, 2048, 2048, 2048, 2048]",298.0
1294,11369,14,38,2026-09-13T14:08:31.425000+00:00,55.909,36.286,33.196,212.0,249.0,True,125.391,"[2064, 2064, 2064, 2064, 2048, 2048, 2048, 2048]","[2048, 2048, 2048, 2048, 2048, 2048, 2049, 2048]","[2049, 2049, 2048, 2048, 2048, 2048, 2048, 2048, 2048, 2048]",251.0
1294,11369,10,39,2026-09-13T14:08:36.785000+00:00,,35.493,33.572,220.0,253.0,False,99.228,"[None, 2048, 2048, 2048, 2048, 2048, 2048, 2049]","[2048, 2048, 2048, 2048, 2048, 2048, 2048, 2048]","[2048, 2048, 2048, 2048, 2048, 2048, 2048, 2048, 2048, 2048]",286.0
1294,11369,5,39,2026-09-13T14:08:46.305000+00:00,29.999,36.029,33.383,220.0,246.0,False,99.411,"[None, 2048, 2048, 2048, 2048, 2048, 2048, 2048]","[2048, 2048, 2048, 2048, 2048, 2048, 2049, 2048]","[2048, 2049, 2048, 2048, 2048, 2048, 2048, 2048, 2048, 2048]",300.0
1294,11369,43,39,2026-09-13T14:08:47.338000+00:00,29.875,35.709,33.626,218.0,249.0,False,99.21,"[None, 2048, 2048, 2049, 2049, 2048, 2048, 2048]","[2048, 2048, 2048, 2048, 2048, 2048, 2048, 2048]","[2048, 2048, 2048, 2048, 2048, 2048, 2048, 2048, 2048, 2048]",297.0
1294,11369,41,39,2026-09-13T14:08:50.619000+00:00,29.96,35.369,33.027,,249.0,False,98.356,"[None, 2048, 2049, 2049, 2048, 2048, 2049, 2048]","[2048, 2048, 2049, 2048, 2048, 2049, 2048, 2049]","[2048, 2048, 2048, 2049, 2048, 2048, 2048, 2048, 2048, 2048]",303.0
1294,11369,27,39,2026-09-13T14:08:52.807000+00:00,30.482,35.754,33.221,221.0,246.0,False,99.457,"[2048, 2049, 2048, 2048, 2048, 2048, 2048, 2048]","[2048, 2048, 2048, 2048, 2048, 2048, 2048, 2048]","[2048, 2048, 2049, 2048, 2048, 2048, 2048, 2048, 2048, 2048]",285.0
1294,11369,31,39,2026-09-13T14:09:01.372000+00:00,,35.671,33.173,227.0,246.0,False,98.935,"[None, 2048, 2048, 2048, 2048, 2048, 2048, 2049]","[2048, 2048, 2048, 2048, 2048, 2048, 2049, 2049]","[2048, 2049, 2048, 2048, 2048, 2048, 2048, 2048, 2048, 2048]",293.0
1294,11369,16,40,2026-09-13T14:09:16.407000+00:00,29.872,35.004,32.911,220.0,254.0,False,97.787,"[None, 2048, 2048, 2048, 2048, 2048, 2048, 2048]","[2048, 2048, 2048, 2049, 2048, 2048, 2048, 2048]","[2048, 2048, 2049, 2048, 2048, 2048, 2048, 2048, 2048, 2048]",
1294,11369,12,40,2026-09-13T14:09:19.317000+00:00,29.464,35.604,32.675,218.0,255.0,False,97.743,"[None, 2048, 2048, 2048, 2048, 2048, 2051, 2048]","[2048, 2048, 2048, 2048, 2048, 2048, 2048, 2049]","[2048, 2048, 2048, 2048, 2048, 2048, 2048, 2048, 2048, 2048]",289.0
1294,11369,3,40,2026-09-13T14:09:23.513000+00:00,29.608,35.001,32.81,222.0,250.0,False,97.419,"[2048, 2048, 2048, 2051, 2048, 2048, 2048, 2049]","[2048, 2049, 2049, 2048, 2048, 2048, 2049, 2048]","[2048, 2048, 2048, 2048, 2048, 2048, 2048, 2048, 2048, 2048]",292.0
1294,11369,1,40,2026-09-13T14:09:25.572000+00:00,29.31,34.943,32.543,223.0,257.0,False,96.796,"[None, 2048, 2048, 2048, 2048, 2048, 2048, 2048]","[2048, 2048, 2048, 2048, 2048, 2048, 2049, 2049]","[2048, 2048, 2049, 2048, 2048, 2048, 2048, 2048, 2048, 2048]",304.0
1294,11369,77,38,2026-09-13T14:09:30.041000+00:00,30.939,36.743,34.442,215.0,238.0,False,102.124,"[None, 2048, 2048, 2048, 2048, 2048, 2048, 2048]","[2048, 2048, 2048, 2048, 2048, 2048, 2048, 2048]","[2048, 2048, 2048, 2048, 2048, 2048, 2048, 2048, 2048, 2048]",276.0
1294,11369,55,38,2026-09-13T14:09:34.744000+00:00,30.781,36.578,33.895,206.0,245.0,False,101.254,"[None, 2048, 2048, 2049, 2048, 2048, 2048, 2048]","[2048, 2049, 2048, 2048, 2048, 2048, 2048, 2048]","[2048, 2048, 2048, 2048, 2048, 2048, 2048, 2048, 2048, 2048]",295.0
1294,11369,22,39,2026-09-13T14:09:43.655000+00:00,30.372,35.716,32.988,218.0,242.0,False,99.076,"[None, 2048, 2048, 2048, 2048, 2048, 2049, 2048]","[2048, 2048, 2049, 2048, 2049, 2048, 2048, 2048]","[2048, 2048, 2048, 2048, 2048, 2048, 2048, 2048, 2048, 2048]",286.0
1294,11369,23,39,2026-09-13T14:09:47.137000+00:00,30.245,36.257,33.76,214.0,247.0,False,100.262,"[None, 2048, 2048, 2049, 2048, 2048, 2048, 2049]","[2048, 2048, 2048, 2048, 2048, 2048, 2048, 2048]","[2048, 2048, 2048, 2048, 2048, 2048, 2048, 2048, 2048, 2048]",283.0
1294,11369,87,39,2026-09-13T14:09:48.766000+00:00,29.983,36.032,33.482,217.0,245.0,False,99.497,"[None, 2048, 2048, 2049, 2048, 2048, 2049, 2048]","[2048, 2049, 2048, 2048, 2048, 2048, 2048, 2048]","[2048, 2048, 2048, 2048, 2048, 2048, 2048, 2048, 2048, 2048]",302.0
1294,11369,63,40,2026-09-13T14:09:55.857000+00:00,29.514,35.044,32.475,225.0,257.0,False,97.033,"[None, 2049, 2048, 2048, 2048, 2048, 2049, 2049]","[2048, 2048, 2048, 2048, 2049, 2048, 2048, 2048]","[2049, 2048, 2048, 2048, 2048, 2048, 2049, 2048, 2048, 2048]",
1294,11369,30,40,2026-09-13T14:10:02.888000+00:00,30.141,35.354,33.203,219.0,249.0,False,98.698,"[None, 2048, 2048, 2048, 2048, 2048, 2048, 2048]","[2048, 2048, 2048, 2048, 2048, 2048, 2048, 2048]","[2048, 2048, 2048, 2048, 2048, 2048, 2048, 2048, 2048, 2048]",288.0
1294,11369,81,40,2026-09-13T14:10:03.622000+00:00,29.952,35.436,33.177,217.0,256.0,False,98.565,"[2048, 2048, 2048, 2049, 2048, 2048, 2048, 2048]","[2048, 2048, 2048, 2048, 2048, 2048, 2048, 2048]","[2048, 2048, 2048, 2048, 2048, 2048, 2048, 2048, 2048, 2048]",290.0
1294,11369,10,40,2026-09-13T14:10:16.045000+00:00,30.232,35.501,33.45,218.0,252.0,False,99.183,"[None, 2048, 2048, 2049, 2048, 2048, 2048, 2048]","[2048, 2048, 2048, 2048, 2048, 2048, 2048, 2048]","[2048, 2048, 2048, 2048, 2048, 2048, 2048, 2048, 2049, 2049]",283.0
1294,11369,5,40,2026-09-13T14:10:25.747000+00:00,30.159,35.981,33.239,224.0,248.0,False,99.379,"[None, 2048, 2048, 2048, 2048, 2048, 2048, 2048]","[2048, 2048, 2048, 2048, 2048, 2048, 2048, 2048]","[2048, 2048, 2048, 2048, 2048, 2048, 2048, 2048, 2048, 2048]",
1294,11369,43,40,2026-09-13T14:10:26.576000+00:00,29.962,35.97,33.361,215.0,250.0,False,99.293,"[2049, 2048, 2048, 2048, 2049, 2049, 2048, 2048]","[2048, 2048, 2048, 2048, 2048, 2048, 2048, 2048]","[2048, 2049, 2048, 2048, 2048, 2048, 2048, 2048, 2048, 2048]",287.0
1294,11369,41,40,2026-09-13T14:10:29.045000+00:00,29.85,35.294,33.067,218.0,250.0,False,98.211,"[None, 2048, 2048, 2049, 2048, 2048, 2049, 2048]","[2048, 2049, 2048, 2049, 2048, 2048, 2051, 2049]","[2048, 2048, 2048, 2048, 2048, 2048, 2048, 2048, 2048, 2048]",302.0
1294,11369,27,40,2026-09-13T14:10:32.204000+00:00,29.883,35.704,33.177,223.0,247.0,False,98.764,"[None, 2048, 2048, 2049, 2048, 2048, 2048, 2048]","[2048, 2049, 2049, 2048, 2048, 2048, 2049, 2048]","[2048, 2048, 2048, 2048, 2048, 2048, 2048, 2048, 2048, 2049]",299.0
1294,11369,14,39,2026-09-13T14:10:36.769000+00:00,30.588,35.751,32.795,220.0,248.0,False,99.134,"[2048, 2048, 2049, 2049, 2048, 2048, 2048, 2049]","[2048, 2048, 2049, 2048, 2048, 2049, 2049, 2048]","[2048, 2048, 2049, 2049, 2049, 2049, 2049, 2049, 2048, 2049]",288.0
1294,11369,31,40,2026-09-13T14:10:40.271000+00:00,29.904,35.59,33.091,224.0,246.0,False,98.585,"[None, 2048, 2049, 2049, 2048, 2048, 2049, 2048]","[2048, 2048, 2048, 2048, 2048, 2049, 2049, 2049]","[2048, 2048, 2048, 2048, 2048, 2048, 2048, 2048, 2048, 2048]",295.0
1294,11369,16,41,2026-09-13T14:10:54.352000+00:00,29.81,35.08,32.771,219.0,250.0,False,97.661,"[None, 2048, 2048, 2049, 2048, 2048, 2048, 2049]","[2048, 2048, 2049, 2051, 2048, 2048, 2049, 2048]","[2048, 2048, 2048, 2048, 2048, 2048, 2048, 2048, 2048, 2049]",299.0
1294,11369,12,41,2026-09-13T14:10:57.001000+00:00,29.486,35.495,32.566,,250.0,False,97.547,"[None, 2048, 2048, 2048, 2048, 2048, 2048, 2048]","[2048, 2049, 2049, 2048, 2048, 2048, 2048, 2048]","[2048, 2048, 2048, 2048, 2048, 2048, 2048, 2048, 2048, 2048]",283.0
1294,11369,3,41,2026-09-13T14:11:00.939000+00:00,29.788,34.923,32.852,220.0,250.0,False,97.563,"[None, 2048, 2048, 2048, 2048, 2048, 2048, 2048]","[2049, 2048, 2049, 2048, 2048, 2048, 2049, 2049]","[2048, 2048, 2048, 2048, 2048, 2048, 2048, 2048, 2048, 2048]",286.0
1294,11369,1,41,2026-09-13T14:11:02.455000+00:00,29.452,35.025,32.731,222.0,256.0,False,97.208,"[None, 2048, 2048, 2048, 2048, 2048, 2048, 2048]","[2048, 2048, 2048, 2048, 2048, 2048, 2048, 2048]","[2048, 2048, 2048, 2048, 2048, 2048, 2048, 2048, 2048, 2048]",307.0
1294,11369,77,39,2026-09-13T14:11:12.205000+00:00,31.01,36.545,34.487,213.0,232.0,False,102.042,"[None, 2048, 2048, 2048, 2048, 2048, 2048, 2048]","[2048, 2049, 2048, 2048, 2048, 2049, 2048, 2048]","[2048, 2048, 2048, 2048, 2048, 2048, 2048, 2048, 2048, 2048]",
1294,11369,55,39,2026-09-13T14:11:16.089000+00:00,30.462,36.446,34.136,212.0,245.0,False,101.044,"[None, 2048, 2048, 2048, 2048, 2048, 2048, 2048]","[2048, 2048, 2048, 2048, 2048, 2048, 2048, 2048]","[2048, 2048, 2048, 2048, 2048, 2048, 2048, 2048, 2048, 2048]",289.0
1294,11369,22,40,2026-09-13T14:11:22.604000+00:00,30.205,35.783,33.261,,241.0,False,99.249,"[None, 2048, 2049, 2048, 2048, 2048, 2049, 2048]","[2048, 2048, 2048, 2048, 2049, 2048, 2048, 2048]","[2048, 2048, 2048, 2048, 2048, 2048, 2048, 2048, 2048, 2048]",288.0
1294,11369,23,40,2026-09-13T14:11:27.317000+00:00,29.997,36.247,33.828,220.0,252.0,False,100.072,"[None, 2048, 2048, 2048, 2049, 2048, 2048, 2048]","[2048, 2048, 2048, 2048, 2048, 2048, 2048, 2048]","[2048, 2048, 2048, 2048, 2048, 2048, 2048, 2048, 2048, 2048]",292.0
1294,11369,87,40,2026-09-13T14:11:28.311000+00:00,30.188,36.115,33.65,219.0,244.0,False,99.953,"[None, 2048, 2048, 2048, 2048, 2048, 2048, 2048]","[2048, 2048, 2048, 2048, 2048, 2048, 2048, 2048]","[2048, 2048, 2048, 2048, 2048, 2048, 2048, 2048, 2048, 2048]",309.0
1294,11369,63,41,2026-09-13T14:11:32.951000+00:00,29.436,35.115,32.615,224.0,257.0,False,97.166,"[None, 2048, 2048, 2048, 2048, 2048, 2049, 2048]","[2048, 2048, 2048, 2048, 2048, 2048, 2048, 2049]","[2048, 2051, 2048, 2048, 2048, 2048, 2048, 2048, 2048, 2048]",308.0
1294,11369,30,41,2026-09-13T14:11:41.607000+00:00,30.175,35.335,33.157,218.0,250.0,False,98.667,"[None, 2048, 2048, 2048, 2048, 2048, 2048, 2048]","[2048, 2048, 2048, 2048, 2048, 2048, 2051, 2048]","[2048, 2048, 2048, 2048, 2048, 2048, 2048, 2048, 2048, 2048]",294.0
1294,11369,81,41,2026-09-13T14:11:42.060000+00:00,30.192,35.455,33.12,215.0,257.0,False,98.767,"[None, 2048, 2048, 2048, 2048, 2048, 2048, 2048]","[2048, 2048, 2048, 2048, 2048, 2048, 2048, 2048]","[2048, 2048, 2048, 2048, 2048, 2048, 2048, 2048, 2048, 2048]",297.0
1294,11369,10,41,2026-09-13T14:11:55.281000+00:00,30.247,35.377,33.506,219.0,251.0,False,99.13,"[None, 2048, 2048, 2048, 2048, 2048, 2048, 2048]","[2048, 2049, 2048, 2048, 2048, 2048, 2048, 2048]","[2048, 2049, 2048, 2048, 2048, 2048, 2048, 2048, 2048, 2048]",288.0
1294,11369,5,41,2026-09-13T14:12:05.145000+00:00,30.133,35.741,33.475,225.0,244.0,False,99.349,"[None, 2048, 2048, 2048, 2048, 2048, 2048, 2048]","[2048, 2048, 2048, 2049, 2048, 2049, 2049, 2048]","[2048, 2048, 2048, 2048, 2048, 2048, 2048, 2048, 2048, 2048]",
1294,11369,43,41,2026-09-13T14:12:05.864000+00:00,30.111,35.948,33.343,217.0,251.0,False,99.402,"[2048, 2048, 2048, 2048, 2051, 2049, 2048, 2048]","[2048, 2048, 2048, 2048, 2048, 2048, 2048, 2048]","[2048, 2048, 2048, 2048, 2048, 2048, 2048, 2048, 2048, 2048]",302.0
1294,11369,41,41,2026-09-13T14:12:07.207000+00:00,30.218,35.508,33.212,210.0,249.0,False,98.938,"[None, 2048, 2048, 2048, 2048, 2048, 2048, 2048]","[2048, 2048, 2048, 2048, 2048, 2048, 2048, 2048]","[2048, 2048, 2048, 2048, 2048, 2048, 2048, 2048, 2048, 2048]",293.0
1294,11369,27,41,2026-09-13T14:12:11.004000+00:00,29.872,35.621,33.073,219.0,250.0,False,98.566,"[None, 2048, 2048, 2049, 2048, 2048, 2048, 2048]","[2048, 2048, 2048, 2048, 2049, 2048, 2048, 2049]","[2049, 2049, 2048, 2048, 2048, 2048, 2048, 2048, 2048, 2048]",301.0
1294,11369,14,40,2026-09-13T14:12:15.957000+00:00,30.257,35.535,33.211,221.0,249.0,False,99.003,"[None, 2048, 2049, 2049, 2048, 2048, 2048, 2049]","[2049, 2049, 2049, 2049, 2049, 2048, 2048, 2048]","[2048, 2049, 2048, 2048, 2048, 2048, 2049, 2048, 2048, 2048]",290.0
1294,11369,31,41,2026-09-13T14:12:18.911000+00:00,29.983,35.543,33.124,226.0,247.0,False,98.65,"[2049, 2048, 2048, 2048, 2048, 2048, 2048, 2048]","[2048, 2048, 2048, 2048, 2048, 2048, 2048, 2049]","[2048, 2048, 2048, 2048, 2048, 2048, 2048, 2048, 2048, 2048]",298.0
1294,11369,16,42,2026-09-13T14:12:31.924000+00:00,29.725,35.048,32.998,220.0,252.0,False,97.771,"[None, 2048, 2048, 2049, 2048, 2048, 2048, 2049]","[2048, 2049, 2048, 2051, 2048, 2048, 2048, 2048]","[2048, 2048, 2048, 2048, 2048, 2048, 2048, 2048, 2048, 2048]",298.0
1294,11369,12,42,2026-09-13T14:12:34.617000+00:00,29.426,35.352,32.518,220.0,253.0,False,97.296,"[None, 2048, 2048, 2049, 2048, 2048, 2051, 2048]","[2048, 2048, 2048, 2048, 2048, 2048, 2048, 2049]","[2048, 2048, 2049, 2048, 2048, 2048, 2048, 2048, 2048, 2048]",288.0
1294,11369,3,42,2026-09-13T14:12:38.454000+00:00,29.596,34.906,32.875,,250.0,False,97.377,"[None, 2048, 2048, 2048, 2048, 2048, 2048, 2049]","[2048, 2048, 2048, 2048, 2048, 2049, 2048, 2049]","[2048, 2048, 2048, 2048, 2048, 2048, 2048, 2048, 2048, 2048]",292.0
1294,11369,1,42,2026-09-13T14:12:39.711000+00:00,29.38,34.974,32.713,225.0,259.0,False,97.067,"[None, 2048, 2048, 2049, 2048, 2048, 2048, 2048]","[2048, 2048, 2048, 2048, 2048, 2048, 2048, 2049]","[2048, 2049, 2048, 2048, 2048, 2048, 2048, 2048, 2048, 2048]",305.0
1294,11369,77,40,2026-09-13T14:12:54.191000+00:00,31.06,36.954,34.295,211.0,235.0,False,102.309,"[None, 2048, 2049, 2048, 2048, 2048, 2048, 2048]","[2048, 2048, 2048, 2048, 2048, 2048, 2048, 2048]","[2048, 2048, 2048, 2048, 2048, 2048, 2048, 2048, 2048, 2048]",268.0
1294,11369,55,40,2026-09-13T14:12:57.125000+00:00,30.309,36.378,34.161,210.0,242.0,False,100.848,"[None, 2048, 2048, 2048, 2048, 2048, 2048, 2049]","[2048, 2048, 2048, 2048, 2048, 2049, 2048, 2048]","[2048, 2048, 2048, 2048, 2048, 2048, 2048, 2048, 2048, 2048]",283.0
1294,11369,22,41,2026-09-13T14:13:01.984000+00:00,30.495,35.869,33.397,,236.0,False,99.761,"[None, 2048, 2048, 2048, 2048, 2048, 2048, 2048]","[2048, 2048, 2048, 2048, 2048, 2048, 2048, 2048]","[2048, 2048, 2048, 2048, 2048, 2048, 2048, 2048, 2048, 2048]",283.0
1294,11369,23,41,2026-09-13T14:13:07.354000+00:00,30.118,36.221,33.792,215.0,248.0,False,100.131,"[None, 2048, 2049, 2049, 2048, 2048, 2048, 2048]","[2048, 2048, 2048, 2048, 2048, 2048, 2048, 2048]","[2048, 2048, 2048, 2048, 2048, 2048, 2049, 2048, 2048, 2048]",286.0
1294,11369,87,41,2026-09-13T14:13:08.169000+00:00,30.008,38.11,33.711,212.0,243.0,False,101.829,"[None, 2048, 2048, 2049, 2048, 2048, 2048, 2048]","[2048, 2048, 2048, 2048, 2048, 2048, 2048, 2048]","[2048, 2048, 2048, 2048, 2048, 2048, 2048, 2048, 2048, 2048]",294.0
1294,11369,63,42,2026-09-13T14:13:10.014000+00:00,29.732,35.429,33.202,220.0,255.0,False,98.363,"[None, 2048, 2048, 2048, 2048, 2048, 2048, 2048]","[2048, 2048, 2048, 2048, 2048, 2048, 2048, 2048]","[2048, 2048, 2048, 2048, 2048, 2048, 2048, 2048, 2048, 2048]",309.0
1294,11369,30,42,2026-09-13T14:13:20.197000+00:00,30.192,35.225,33.468,217.0,249.0,False,98.885,"[None, 2048, 2048, 2048, 2048, 2048, 2048, 2048]","[2048, 2048, 2048, 2048, 2048, 2048, 2048, 2048]","[2048, 2048, 2048, 2048, 2048, 2048, 2048, 2048, 2048, 2048]",293.0
1294,11369,81,42,2026-09-13T14:13:20.958000+00:00,29.856,35.598,36.74,214.0,258.0,False,102.194,"[None, 2049, 2048, 2048, 2048, 2048, 2048, 2048]","[2048, 2048, 2048, 2048, 2048, 2048, 2048, 2048]","[2048, 2048, 2048, 2048, 2048, 2048, 2064, 2064, 2064, 2064]",302.0
1294,11369,10,42,2026-09-13T14:13:34.333000+00:00,29.97,35.37,33.642,,255.0,False,98.982,"[None, 2048, 2048, 2048, 2048, 2048, 2048, 2049]","[2048, 2048, 2048, 2048, 2048, 2048, 2048, 2048]","[2048, 2048, 2048, 2048, 2048, 2048, 2048, 2048, 2048, 2048]",293.0
1294,11369,5,42,2026-09-13T14:13:44.417000+00:00,30.076,35.797,33.569,221.0,247.0,False,99.442,"[None, 2048, 2048, 2048, 2048, 2048, 2048, 2048]","[2048, 2048, 2049, 2049, 2048, 2048, 2048, 2048]","[2048, 2048, 2048, 2048, 2048, 2048, 2048, 2048, 2048, 2048]",296.0
1294,11369,43,42,2026-09-13T14:13:45.308000+00:00,30.036,35.511,33.662,,252.0,False,99.209,"[None, 2048, 2048, 2048, 2048, 2048, 2048, 2048]","[2048, 2048, 2048, 2051, 2048, 2048, 2048, 2048]","[2048, 2048, 2048, 2048, 2048, 2048, 2048, 2048, 2048, 2048]",291.0
1294,11369,41,42,2026-09-13T14:13:46.152000+00:00,30.067,35.487,33.474,211.0,247.0,False,99.028,"[None, 2048, 2048, 2049, 2049, 2049, 2048, 2048]","[2048, 2048, 2048, 2048, 2048, 2048, 2048, 2048]","[2048, 2048, 2048, 2048, 2048, 2048, 2048, 2048, 2048, 2048]",284.0
1294,11369,27,42,2026-09-13T14:13:49.593000+00:00,29.862,35.651,33.248,224.0,249.0,False,98.761,"[None, 2048, 2048, 2048, 2048, 2048, 2048, 2049]","[2048, 2049, 2048, 2048, 2048, 2048, 2049, 2048]","[2048, 2048, 2048, 2048, 2048, 2048, 2048, 2048, 2048, 2048]",300.0
1294,11369,14,41,2026-09-13T14:13:54.793000+00:00,30.139,35.64,33.885,219.0,249.0,False,99.664,"[None, 2048, 2048, 2048, 2048, 2048, 2049, 2048]","[2048, 2048, 2048, 2049, 2048, 2048, 2048, 2048]","[2048, 2048, 2049, 2048, 2048, 2048, 2048, 2048, 2048, 2048]",
1294,11369,31,42,2026-09-13T14:13:57.548000+00:00,29.969,35.563,33.353,223.0,247.0,False,98.885,"[None, 2048, 2048, 2049, 2048, 2048, 2048, 2048]","[2048, 2048, 2048, 2049, 2048, 2048, 2049, 2049]","[2048, 2048, 2048, 2048, 2048, 2048, 2048, 2048, 2048, 2048]",297.0
1294,11369,16,43,2026-09-13T14:14:09.629000+00:00,29.682,34.993,32.835,221.0,253.0,False,97.51,"[None, 2048, 2048, 2049, 2048, 2048, 2048, 2049]","[2048, 2048, 2048, 2048, 2048, 2048, 2048, 2048]","[2048, 2048, 2048, 2048, 2048, 2048, 2048, 2048, 2048, 2048]",
1294,11369,12,43,2026-09-13T14:14:11.910000+00:00,29.358,35.469,32.508,216.0,254.0,False,97.335,"[None, 2048, 2048, 2048, 2048, 2048, 2051, 2048]","[2048, 2049, 2048, 2048, 2048, 2048, 2048, 2048]","[2048, 2048, 2051, 2048, 2048, 2048, 2048, 2048, 2048, 2048]",290.0
1294,11369,3,43,2026-09-13T14:14:16.017000+00:00,29.466,34.956,32.734,221.0,251.0,False,97.156,"[2049, 2048, 2048, 2051, 2048, 2048, 2049, 2049]","[2048, 2048, 2049, 2048, 2048, 2048, 2048, 2048]","[2048, 2048, 2048, 2048, 2048, 2048, 2048, 2048, 2048, 2048]",291.0
1294,11369,1,43,2026-09-13T14:14:16.657000+00:00,29.287,35.163,32.699,223.0,260.0,False,97.149,"[None, 2048, 2048, 2048, 2049, 2049, 2048, 2048]","[2048, 2048, 2048, 2049, 2048, 2048, 2048, 2048]","[2048, 2048, 2048, 2048, 2048, 2048, 2048, 2048, 2048, 2049]",
1294,11369,77,41,2026-09-13T14:14:36.539000+00:00,31.098,36.912,34.468,213.0,231.0,False,102.478,"[None, 2048, 2048, 2048, 2048, 2048, 2048, 2048]","[2048, 2048, 2048, 2048, 2048, 2048, 2048, 2048]","[2048, 2048, 2048, 2048, 2048, 2048, 2048, 2048, 2048, 2048]",278.0
1294,11369,55,41,2026-09-13T14:14:37.976000+00:00,30.922,36.661,34.392,,244.0,False,101.975,"[None, 2048, 2048, 2048, 2048, 2048, 2048, 2048]","[2048, 2048, 2048, 2048, 2048, 2048, 2048, 2048]","[2048, 2048, 2048, 2048, 2048, 2048, 2048, 2048, 2048, 2048]",270.0
1294,11369,22,42,2026-09-13T14:14:41.664000+00:00,30.358,35.798,33.608,215.0,239.0,False,99.764,"[None, 2048, 2048, 2048, 2048, 2048, 2048, 2048]","[2048, 2048, 2048, 2048, 2048, 2048, 2048, 2048]","[2048, 2048, 2048, 2048, 2048, 2048, 2048, 2048, 2048, 2048]",288.0
1294,11369,23,42,2026-09-13T14:14:47.470000+00:00,31.699,36.241,33.842,218.0,254.0,False,101.782,"[None, 2048, 2048, 2048, 2048, 2049, 2048, 2048]","[2048, 2048, 2048, 2048, 2048, 2048, 2048, 2048]","[2048, 2049, 2048, 2048, 2048, 2048, 2048, 2048, 2048, 2048]",283.0
1294,11369,63,43,2026-09-13T14:14:48.376000+00:00,29.561,34.955,32.699,224.0,257.0,False,97.215,"[None, 2048, 2048, 2048, 2048, 2048, 2048, 2048]","[2048, 2049, 2048, 2049, 2048, 2048, 2048, 2048]","[2048, 2048, 2048, 2048, 2048, 2048, 2048, 2048, 2048, 2048]",314.0
1294,11369,87,42,2026-09-13T14:14:50.024000+00:00,30.207,36.262,33.725,216.0,244.0,False,100.194,"[None, 2048, 2048, 2048, 2048, 2048, 2048, 2048]","[2048, 2048, 2048, 2049, 2048, 2048, 2048, 2048]","[2048, 2048, 2048, 2048, 2048, 2048, 2048, 2048, 2048, 2048]",287.0
1294,11369,30,43,2026-09-13T14:14:59.039000+00:00,29.988,35.268,33.25,218.0,249.0,False,98.506,"[None, 2048, 2048, 2048, 2048, 2048, 2049, 2049]","[2048, 2048, 2048, 2048, 2048, 2048, 2048, 2048]","[2048, 2048, 2048, 2048, 2048, 2048, 2048, 2048, 2048, 2048]",296.0
1294,11369,81,43,2026-09-13T14:15:03.194000+00:00,54.498,35.053,32.238,206.0,257.0,True,121.789,"[2064, 2064, 2064, 2064, 2048, 2048, 2048, 2048]","[2048, 2048, 2049, 2049, 2049, 2049, 2048, 2048]","[2049, 2049, 2049, 2049, 2048, 2049, 2048, 2048, 2048, 2049]",255.0
1294,11369,10,43,2026-09-13T14:15:13.386000+00:00,30.127,35.091,33.497,217.0,256.0,False,98.715,"[None, 2048, 2048, 2048, 2048, 2048, 2048, 2048]","[2048, 2049, 2048, 2049, 2048, 2048, 2048, 2049]","[2048, 2048, 2048, 2048, 2048, 2048, 2048, 2048, 2048, 2048]",291.0
1294,11369,5,43,2026-09-13T14:15:23.995000+00:00,30.084,35.934,33.384,219.0,249.0,False,99.402,"[None, 2048, 2048, 2048, 2048, 2048, 2048, 2048]","[2048, 2048, 2048, 2048, 2048, 2048, 2049, 2048]","[2048, 2048, 2048, 2048, 2048, 2048, 2048, 2048, 2048, 2048]",292.0
1294,11369,43,43,2026-09-13T14:15:24.495000+00:00,30.3,35.862,33.502,215.0,246.0,False,99.664,"[2049, 2048, 2048, 2048, 2048, 2048, 2048, 2048]","[2048, 2048, 2048, 2048, 2048, 2048, 2048, 2048]","[2048, 2048, 2048, 2048, 2048, 2048, 2048, 2048, 2048, 2048]",276.0
1294,11369,41,43,2026-09-13T14:15:25.183000+00:00,30.193,35.756,33.562,213.0,238.0,False,99.511,"[2049, 2048, 2048, 2048, 2048, 2048, 2048, 2048]","[2048, 2048, 2048, 2048, 2048, 2048, 2048, 2048]","[2048, 2048, 2048, 2048, 2048, 2048, 2048, 2048, 2048, 2048]",276.0
1294,11369,27,43,2026-09-13T14:15:28.230000+00:00,29.874,35.834,33.077,219.0,249.0,False,98.785,"[None, 2048, 2048, 2049, 2048, 2048, 2048, 2048]","[2048, 2048, 2048, 2049, 2048, 2048, 2048, 2049]","[2048, 2049, 2049, 2048, 2048, 2048, 2048, 2048, 2048, 2048]",286.0
1294,11369,14,42,2026-09-13T14:15:34.495000+00:00,30.308,35.549,33.153,220.0,247.0,False,99.01,"[None, 2048, 2048, 2048, 2048, 2048, 2048, 2049]","[2048, 2049, 2049, 2049, 2048, 2048, 2048, 2048]","[2048, 2048, 2049, 2048, 2048, 2048, 2048, 2048, 2048, 2048]",289.0
1294,11369,31,43,2026-09-13T14:15:36.605000+00:00,30.073,35.762,33.206,222.0,246.0,False,99.041,"[2048, 2048, 2048, 2048, 2048, 2048, 2048, 2048]","[2048, 2048, 2048, 2048, 2048, 2048, 2048, 2048]","[2048, 2048, 2048, 2048, 2048, 2048, 2048, 2048, 2048, 2048]",296.0
1294,11369,16,44,2026-09-13T14:15:47.174000+00:00,29.681,35.079,33.06,219.0,251.0,False,97.82,"[2049, 2048, 2048, 2048, 2048, 2048, 2049, 2048]","[2048, 2048, 2049, 2049, 2048, 2048, 2048, 2048]","[2048, 2048, 2048, 2048, 2048, 2048, 2048, 2048, 2048, 2048]",300.0
1294,11369,12,44,2026-09-13T14:15:49.131000+00:00,29.253,35.436,32.478,217.0,251.0,False,97.167,"[None, 2048, 2048, 2049, 2048, 2048, 2048, 2049]","[2048, 2048, 2048, 2048, 2049, 2048, 2048, 2048]","[2048, 2048, 2051, 2048, 2048, 2048, 2048, 2048, 2048, 2049]",287.0
1294,11369,3,44,2026-09-13T14:15:53.045000+00:00,29.505,34.913,32.659,220.0,253.0,False,97.077,"[2048, 2048, 2048, 2048, 2048, 2048, 2048, 2048]","[2048, 2048, 2049, 2049, 2048, 2048, 2048, 2049]","[2048, 2048, 2048, 2048, 2048, 2048, 2048, 2048, 2048, 2048]",296.0
1294,11369,1,44,2026-09-13T14:15:53.858000+00:00,29.311,35.112,32.667,222.0,256.0,False,97.09,"[2049, 2048, 2048, 2048, 2049, 2049, 2048, 2048]","[2048, 2048, 2048, 2049, 2048, 2048, 2048, 2048]","[2048, 2048, 2048, 2048, 2048, 2048, 2048, 2048, 2048, 2048]",289.0
1294,11369,77,42,2026-09-13T14:16:19.030000+00:00,31.337,38.831,35.864,211.0,227.0,False,106.032,"[None, 2048, 2048, 2048, 2048, 2048, 2048, 2048]","[2048, 2048, 2048, 2048, 2048, 2048, 2048, 2048]","[2048, 2048, 2048, 2048, 2048, 2048, 2048, 2048, 2048, 2049]",269.0
1294,11369,55,42,2026-09-13T14:16:19.953000+00:00,32.903,37.077,35.885,202.0,228.0,False,105.865,"[None, 2048, 2048, 2048, 2048, 2048, 2048, 2048]","[2048, 2048, 2048, 2048, 2048, 2048, 2048, 2048]","[2048, 2048, 2048, 2048, 2048, 2048, 2048, 2048, 2048, 2048]",248.0
1294,11369,22,43,2026-09-13T14:16:21.512000+00:00,30.455,36.072,33.15,219.0,239.0,False,99.677,"[None, 2048, 2048, 2048, 2048, 2048, 2048, 2048]","[2048, 2048, 2048, 2048, 2048, 2048, 2048, 2048]","[2048, 2048, 2048, 2048, 2048, 2048, 2048, 2048, 2048, 2048]",275.0
1294,11369,63,44,2026-09-13T14:16:25.693000+00:00,29.447,35.525,33.293,,239.0,False,98.265,"[None, 2048, 2048, 2048, 2048, 2048, 2048, 2048]","[2048, 2049, 2048, 2048, 2048, 2048, 2048, 2048]","[2048, 2048, 2048, 2048, 2048, 2048, 2048, 2048, 2048, 2048]",305.0
1294,11369,23,43,2026-09-13T14:16:29.280000+00:00,30.105,36.143,33.812,215.0,244.0,False,100.06,"[None, 2048, 2049, 2049, 2048, 2048, 2048, 2049]","[2048, 2048, 2048, 2048, 2048, 2048, 2048, 2048]","[2048, 2049, 2048, 2048, 2048, 2048, 2048, 2048, 2049, 2049]",282.0
1294,11369,87,43,2026-09-13T14:16:30.296000+00:00,29.895,36.282,36.174,217.0,243.0,False,102.351,"[None, 2048, 2048, 2048, 2048, 2049, 2048, 2048]","[2048, 2048, 2048, 2048, 2048, 2048, 2048, 2048]","[2048, 2048, 2048, 2048, 2048, 2048, 2064, 2064, 2064, 2064]",294.0
1294,11369,30,44,2026-09-13T14:16:37.570000+00:00,30.121,35.097,36.367,220.0,253.0,False,101.585,"[None, 2048, 2048, 2048, 2048, 2048, 2048, 2048]","[2048, 2048, 2048, 2048, 2048, 2048, 2048, 2049]","[2048, 2048, 2048, 2048, 2048, 2048, 2064, 2064, 2064, 2064]",292.0
1294,11369,10,44,2026-09-13T14:16:51.959000+00:00,29.904,35.649,33.772,220.0,248.0,False,99.325,"[None, 2049, 2048, 2048, 2048, 2048, 2048, 2048]","[2048, 2048, 2048, 2048, 2048, 2048, 2048, 2048]","[2048, 2048, 2048, 2048, 2048, 2048, 2048, 2048, 2049, 2049]",294.0
1294,11369,5,44,2026-09-13T14:17:03.335000+00:00,29.899,35.932,33.676,224.0,248.0,False,99.507,"[None, 2048, 2048, 2048, 2048, 2048, 2048, 2048]","[2048, 2048, 2048, 2048, 2048, 2048, 2048, 2048]","[2048, 2048, 2048, 2048, 2048, 2048, 2048, 2048, 2048, 2048]",299.0
1294,11369,43,44,2026-09-13T14:17:04.174000+00:00,30.003,35.639,33.45,217.0,250.0,False,99.092,"[2048, 2048, 2048, 2048, 2048, 2048, 2048, 2048]","[2048, 2048, 2048, 2048, 2048, 2048, 2048, 2048]","[2048, 2048, 2048, 2048, 2048, 2048, 2048, 2048, 2048, 2048]",293.0
1294,11369,41,44,2026-09-13T14:17:04.746000+00:00,30.811,35.723,33.381,215.0,247.0,False,99.915,"[2048, 2048, 2048, 2048, 2049, 2049, 2048, 2048]","[2048, 2048, 2048, 2048, 2048, 2048, 2048, 2048]","[2048, 2048, 2048, 2048, 2048, 2048, 2048, 2048, 2048, 2048]",287.0
1294,11369,81,44,2026-09-13T14:17:04.976000+00:00,29.984,35.319,33.338,211.0,243.0,False,98.641,"[2051, 2049, 2048, 2048, 2049, 2048, 2048, 2048]","[2048, 2048, 2049, 2048, 2048, 2049, 2048, 2048]","[2048, 2048, 2048, 2048, 2048, 2048, 2048, 2048, 2048, 2048]",273.0
1294,11369,27,44,2026-09-13T14:17:07.151000+00:00,29.962,35.703,33.115,220.0,249.0,False,98.78,"[2049, 2048, 2048, 2048, 2048, 2048, 2048, 2048]","[2048, 2048, 2048, 2048, 2048, 2048, 2048, 2048]","[2048, 2048, 2049, 2048, 2048, 2048, 2048, 2048, 2048, 2048]",303.0
1294,11369,14,43,2026-09-13T14:17:13.634000+00:00,31.015,37.805,33.88,,224.0,False,102.7,"[None, 2048, 2048, 2048, 2048, 2048, 2048, 2048]","[2048, 2048, 2048, 2048, 2048, 2048, 2048, 2048]","[2048, 2048, 2048, 2048, 2048, 2048, 2048, 2048, 2048, 2048]",247.0
1294,11369,31,44,2026-09-13T14:17:15.524000+00:00,30.074,36.085,33.016,223.0,246.0,False,99.175,"[2049, 2048, 2048, 2048, 2048, 2048, 2048, 2048]","[2048, 2048, 2048, 2048, 2048, 2048, 2048, 2048]","[2048, 2048, 2049, 2049, 2048, 2048, 2048, 2048, 2048, 2048]",284.0
1294,11369,16,45,2026-09-13T14:17:25.058000+00:00,29.959,35.212,32.924,217.0,252.0,False,98.095,"[2048, 2048, 2048, 2048, 2048, 2048, 2048, 2048]","[2048, 2048, 2048, 2048, 2048, 2048, 2048, 2049]","[2048, 2048, 2048, 2048, 2048, 2048, 2048, 2048, 2048, 2048]",
1294,11369,12,45,2026-09-13T14:17:26.318000+00:00,29.647,35.97,32.698,210.0,250.0,False,98.315,"[None, 2048, 2048, 2049, 2049, 2048, 2048, 2048]","[2048, 2048, 2048, 2048, 2048, 2048, 2048, 2048]","[2048, 2048, 2048, 2048, 2048, 2048, 2048, 2048, 2048, 2049]",280.0
1294,11369,3,45,2026-09-13T14:17:30.142000+00:00,29.507,34.889,32.708,218.0,253.0,False,97.104,"[2049, 2048, 2048, 2051, 2049, 2048, 2048, 2048]","[2048, 2048, 2048, 2048, 2048, 2049, 2048, 2049]","[2048, 2048, 2048, 2048, 2048, 2048, 2048, 2048, 2048, 2048]",293.0
1294,11369,1,45,2026-09-13T14:17:30.924000+00:00,29.537,34.905,32.684,,258.0,False,97.126,"[2048, 2048, 2048, 2049, 2048, 2048, 2048, 2048]","[2048, 2048, 2048, 2049, 2048, 2048, 2048, 2048]","[2048, 2049, 2048, 2048, 2048, 2048, 2048, 2048, 2048, 2048]",300.0
1294,11369,22,44,2026-09-13T14:18:01.203000+00:00,29.963,35.78,34.889,217.0,241.0,False,100.632,"[None, 2049, 2048, 2049, 2048, 2048, 2049, 2048]","[2048, 2048, 2049, 2048, 2048, 2048, 2048, 2048]","[2048, 2048, 2048, 2048, 2048, 2048, 2048, 2048, 2048, 2048]",289.0
1294,11369,63,45,2026-09-13T14:18:03.888000+00:00,29.555,34.857,32.697,223.0,257.0,False,97.109,"[None, 2048, 2048, 2048, 2048, 2048, 2048, 2048]","[2048, 2049, 2048, 2048, 2048, 2048, 2049, 2049]","[2048, 2048, 2048, 2048, 2048, 2048, 2049, 2048, 2048, 2048]",302.0
1294,11369,77,43,2026-09-13T14:18:05.124000+00:00,31.939,37.112,37.08,207.0,241.0,False,106.131,"[2049, 2048, 2048, 2049, 2049, 2049, 2048, 2048]","[2048, 2048, 2048, 2048, 2048, 2048, 2048, 2048]","[2048, 2048, 2048, 2048, 2048, 2048, 2064, 2064, 2064, 2064]",293.0
1294,11369,55,43,2026-09-13T14:18:05.768000+00:00,31.699,37.559,38.353,194.0,228.0,False,107.611,"[2049, 2048, 2048, 2048, 2048, 2048, 2048, 2048]","[2048, 2048, 2048, 2048, 2048, 2048, 2048, 2048]","[2048, 2048, 2048, 2048, 2048, 2048, 2064, 2064, 2064, 2064]",266.0
1294,11369,23,44,2026-09-13T14:18:09.393000+00:00,30.394,36.714,34.023,208.0,246.0,False,101.131,"[None, 2048, 2049, 2048, 2048, 2048, 2048, 2048]","[2048, 2048, 2048, 2048, 2048, 2048, 2048, 2048]","[2048, 2048, 2048, 2048, 2048, 2048, 2048, 2048, 2048, 2048]",281.0
1294,11369,87,44,2026-09-13T14:18:12.612000+00:00,53.457,35.507,32.526,217.0,246.0,True,121.49,"[2064, 2064, 2064, 2064, 2048, 2048, 2048, 2048]","[2049, 2049, 2049, 2048, 2049, 2049, 2049, 2048]","[2048, 2048, 2049, 2049, 2049, 2048, 2048, 2049, 2049, 2049]",272.0
1294,11369,30,45,2026-09-13T14:18:19.194000+00:00,53.022,35.863,32.818,211.0,249.0,True,121.703,"[2064, 2064, 2064, 2064, 2048, 2048, 2048, 2048]","[2048, 2048, 2048, 2048, 2048, 2048, 2048, 2048]","[2048, 2049, 2048, 2049, 2049, 2049, 2048, 2049, 2048, 2049]",260.0
1294,11369,10,45,2026-09-13T14:18:31.380000+00:00,30.019,35.135,33.369,217.0,251.0,False,98.523,"[None, 2048, 2048, 2049, 2048, 2048, 2048, 2048]","[2048, 2049, 2048, 2048, 2048, 2048, 2048, 2048]","[2048, 2048, 2048, 2048, 2048, 2048, 2048, 2048, 2048]",293.0
1294,11369,5,45,2026-09-13T14:18:42.951000+00:00,30.701,36.037,33.555,215.0,249.0,False,100.293,"[2049, 2048, 2048, 2048, 2048, 2048, 2048, 2048]","[2048, 2048, 2048, 2048, 2048, 2048, 2048, 2049]","[2048, 2048, 2048, 2048, 2048, 2048, 2048, 2048, 2048]",292.0
1294,11369,43,45,2026-09-13T14:18:43.216000+00:00,30.692,36.285,33.493,201.0,251.0,False,100.47,"[None, 2048, 2048, 2048, 2048, 2051, 2048, 2048]","[2048, 2048, 2048, 2048, 2048, 2048, 2048, 2048]","[2048, 2048, 2048, 2048, 2048, 2048, 2048, 2048, 2048, 2048]",297.0
1294,11369,81,45,2026-09-13T14:18:43.466000+00:00,30.856,36.252,33.446,210.0,242.0,False,100.554,"[2048, 2048, 2048, 2049, 2051, 2049, 2048, 2048]","[2048, 2048, 2048, 2049, 2048, 2048, 2048, 2048]","[2048, 2048, 2048, 2048, 2048, 2048, 2048, 2048, 2048, 2048]",274.0
1294,11369,41,45,2026-09-13T14:18:44.544000+00:00,30.361,36.336,33.653,209.0,242.0,False,100.35,"[None, 2048, 2048, 2048, 2048, 2048, 2048, 2048]","[2048, 2048, 2048, 2048, 2048, 2048, 2048, 2048]","[2048, 2049, 2048, 2048, 2048, 2048, 2048, 2048, 2048, 2048]",281.0
1294,11369,27,45,2026-09-13T14:18:45.857000+00:00,29.928,36.2,33.622,216.0,244.0,False,99.75,"[None, 2048, 2048, 2048, 2048, 2048, 2048, 2048]","[2048, 2048, 2048, 2048, 2048, 2048, 2048, 2049]","[2048, 2048, 2048, 2048, 2048, 2048, 2048, 2048, 2048, 2048]",295.0
1294,11369,31,45,2026-09-13T14:18:54.663000+00:00,30.073,35.419,32.937,227.0,247.0,False,98.429,"[2048, 2048, 2048, 2048, 2048, 2048, 2048, 2048]","[2049, 2049, 2048, 2048, 2048, 2048, 2049, 2049]","[2048, 2048, 2048, 2048, 2048, 2048, 2048, 2048, 2048, 2048]",296.0
1294,11369,14,44,2026-09-13T14:18:56.305000+00:00,30.661,35.999,33.499,214.0,246.0,False,100.159,"[None, 2048, 2048, 2048, 2048, 2048, 2048, 2048]","[2048, 2048, 2048, 2048, 2048, 2048, 2048, 2048]","[2048, 2048, 2048, 2048, 2048, 2048, 2048, 2048, 2048, 2049]",281.0
1294,11369,16,46,2026-09-13T14:19:03.134000+00:00,29.932,35.155,33.074,218.0,253.0,False,98.161,"[None, 2048, 2048, 2049, 2048, 2048, 2048, 2048]","[2048, 2048, 2048, 2048, 2048, 2048, 2048, 2048]","[2048, 2048, 2048, 2048, 2048, 2048, 2048, 2048, 2048, 2048]",
1294,11369,12,46,2026-09-13T14:19:04.712000+00:00,29.549,35.955,32.806,205.0,250.0,False,98.31,"[None, 2048, 2048, 2049, 2049, 2048, 2048, 2048]","[2048, 2048, 2048, 2048, 2048, 2048, 2048, 2048]","[2048, 2048, 2048, 2048, 2048, 2048, 2048, 2048, 2048, 2048]",
1294,11369,3,46,2026-09-13T14:19:07.196000+00:00,29.477,35.05,32.79,221.0,251.0,False,97.317,"[2048, 2048, 2048, 2049, 2049, 2048, 2048, 2049]","[2048, 2048, 2048, 2048, 2051, 2048, 2048, 2048]","[2048, 2049, 2049, 2048, 2048, 2048, 2048, 2048, 2048, 2048]",295.0
1294,11369,1,46,2026-09-13T14:19:08.091000+00:00,29.408,35.145,32.78,223.0,256.0,False,97.333,"[None, 2049, 2048, 2048, 2048, 2048, 2048, 2048]","[2048, 2048, 2048, 2049, 2048, 2048, 2048, 2048]","[2048, 2048, 2048, 2048, 2048, 2048, 2048, 2048, 2048, 2048]",303.0
1294,11369,63,46,2026-09-13T14:19:40.914000+00:00,29.44,34.553,32.089,,259.0,False,96.082,"[None, 2048, 2048, 2051, 2048, 2048, 2048, 2048]","[2049, 2049, 2051, 2049, 2048, 2048, 2048, 2049]","[2049, 2051, 2048, 2048, 2048, 2048, 2051, 2048, 2048, 2048]",303.0
1294,11369,22,45,2026-09-13T14:19:41.771000+00:00,30.498,35.825,33.115,218.0,242.0,False,99.438,"[None, 2048, 2048, 2048, 2048, 2048, 2048, 2048]","[2048, 2048, 2048, 2048, 2048, 2048, 2048, 2048]","[2048, 2048, 2048, 2048, 2048, 2048, 2048, 2048, 2048, 2048]",268.0
1294,11369,23,45,2026-09-13T14:19:50.492000+00:00,30.078,36.047,33.647,218.0,250.0,False,99.772,"[None, 2048, 2048, 2049, 2048, 2048, 2049, 2048]","[2048, 2048, 2048, 2049, 2048, 2048, 2048, 2048]","[2048, 2048, 2048, 2048, 2048, 2048, 2048, 2048, 2049, 2049]",288.0
1294,11369,77,44,2026-09-13T14:19:51.084000+00:00,54.39,36.554,33.486,212.0,237.0,True,124.43,"[2064, 2064, 2064, 2064, 2048, 2048, 2048, 2048]","[2048, 2048, 2048, 2048, 2048, 2049, 2049, 2048]","[2048, 2049, 2049, 2049, 2049, 2049, 2048, 2048, 2048, 2048]",260.0
1294,11369,55,44,2026-09-13T14:19:53.521000+00:00,,,,,,False,,,,,
1294,11369,10,46,2026-09-13T14:20:09.785000+00:00,30.002,35.112,33.631,221.0,252.0,False,98.745,"[2049, 2048, 2048, 2048, 2048, 2048, 2048, 2048]","[2049, 2048, 2048, 2049, 2048, 2048, 2048, 2048]","[2048, 2048, 2048, 2048, 2048, 2048, 2048, 2048, 2048, 2048]",292.0
1294,11369,87,45,2026-09-13T14:20:14.082000+00:00,29.608,35.176,32.524,222.0,247.0,False,97.308,"[2049, 2048, 2049, 2049, 2048, 2048, 2049, 2049]","[2051, 2049, 2049, 2051, 2048, 2048, 2048, 2048]","[2049, 2049, 2049, 2048, 2048, 2048, 2048, 2049, 2048, 2048]",300.0
1294,11369,30,46,2026-09-13T14:20:20.879000+00:00,29.915,35.563,32.461,217.0,249.0,False,97.939,"[2049, 2048, 2049, 2049, 2048, 2048, 2048, 2048]","[2049, 2048, 2048, 2048, 2048, 2048, 2048, 2048]","[2048, 2049, 2049, 2049, 2049, 2048, 2048, 2049, 2049, 2051]",288.0
1294,11369,5,46,2026-09-13T14:20:23.083000+00:00,30.14,36.006,33.601,221.0,248.0,False,99.747,"[2048, 2048, 2048, 2049, 2048, 2048, 2048, 2048]","[2048, 2048, 2048, 2048, 2048, 2048, 2048, 2048]","[2048, 2048, 2048, 2048, 2048, 2048, 2048, 2048, 2048, 2048]",289.0
1294,11369,43,46,2026-09-13T14:20:23.780000+00:00,30.202,35.86,33.543,215.0,246.0,False,99.605,"[2049, 2048, 2048, 2049, 2049, 2048, 2048, 2048]","[2048, 2048, 2048, 2048, 2048, 2048, 2048, 2048]","[2048, 2048, 2048, 2048, 2048, 2048, 2048, 2048, 2048, 2048]",281.0
1294,11369,81,46,2026-09-13T14:20:24.088000+00:00,30.463,35.6,33.415,207.0,251.0,False,99.478,"[None, 2048, 2048, 2048, 2048, 2048, 2048, 2048]","[2048, 2048, 2048, 2048, 2048, 2048, 2048, 2049]","[2048, 2048, 2048, 2048, 2048, 2048, 2048, 2048, 2048, 2048]",302.0
1294,11369,41,46,2026-09-13T14:20:24.959000+00:00,30.057,35.977,33.43,,246.0,False,99.464,"[None, 2048, 2048, 2049, 2049, 2049, 2048, 2048]","[2048, 2048, 2048, 2048, 2048, 2048, 2048, 2048]","[2048, 2048, 2048, 2048, 2048, 2048, 2048, 2048, 2048, 2048]",293.0
1294,11369,27,46,2026-09-13T14:20:25.610000+00:00,30.316,36.177,33.427,212.0,244.0,False,99.92,"[None, 2048, 2048, 2048, 2049, 2049, 2048, 2048]","[2048, 2048, 2048, 2048, 2048, 2048, 2048, 2048]","[2048, 2048, 2048, 2048, 2048, 2048, 2048, 2048, 2048, 2048]",293.0
1294,11369,31,46,2026-09-13T14:20:33.194000+00:00,29.965,35.402,33.118,225.0,247.0,False,98.485,"[None, 2048, 2049, 2049, 2048, 2048, 2048, 2048]","[2048, 2049, 2049, 2049, 2048, 2048, 2048, 2048]","[2048, 2048, 2048, 2049, 2048, 2048, 2048, 2048, 2048, 2048]",298.0
1294,11369,14,45,2026-09-13T14:20:36.312000+00:00,30.929,35.839,33.34,215.0,247.0,False,100.108,"[None, 2048, 2048, 2048, 2048, 2048, 2048, 2048]","[2048, 2048, 2048, 2048, 2048, 2048, 2048, 2048]","[2048, 2048, 2048, 2048, 2048, 2048, 2048, 2048, 2048, 2048]",279.0
1294,11369,16,47,2026-09-13T14:20:41.343000+00:00,29.902,35.041,33.226,214.0,254.0,False,98.169,"[2049, 2048, 2048, 2049, 2048, 2048, 2048, 2048]","[2048, 2048, 2048, 2049, 2049, 2048, 2048, 2049]","[2048, 2048, 2048, 2048, 2048, 2048, 2048, 2048, 2048, 2048]",302.0
1294,11369,12,47,2026-09-13T14:20:43.078000+00:00,29.475,35.689,32.504,210.0,253.0,False,97.668,"[None, 2048, 2049, 2049, 2049, 2048, 2048, 2048]","[2048, 2048, 2048, 2048, 2048, 2048, 2048, 2049]","[2048, 2048, 2048, 2048, 2048, 2048, 2048, 2048, 2048, 2048]",282.0
1294,11369,3,47,2026-09-13T14:20:44.554000+00:00,29.444,34.951,32.916,,246.0,False,97.311,"[None, 2048, 2048, 2048, 2049, 2049, 2048, 2048]","[2048, 2049, 2048, 2048, 2048, 2048, 2048, 2048]","[2048, 2048, 2049, 2048, 2048, 2048, 2048, 2048, 2048, 2048]",291.0
1294,11369,1,47,2026-09-13T14:20:45.472000+00:00,29.548,35.002,32.777,222.0,255.0,False,97.327,"[None, 2048, 2048, 2049, 2049, 2049, 2048, 2048]","[2048, 2048, 2048, 2049, 2048, 2048, 2048, 2048]","[2048, 2048, 2048, 2048, 2048, 2048, 2048, 2048, 2048, 2048]",310.0
1294,11369,63,47,2026-09-13T14:21:17.028000+00:00,29.276,34.565,32.032,227.0,258.0,False,95.873,"[None, 2048, 2048, 2049, 2048, 2048, 2049, 2048]","[2048, 2048, 2051, 2048, 2048, 2048, 2049, 2049]","[2049, 2051, 2048, 2048, 2049, 2048, 2048, 2048, 2048, 2048]",304.0
1294,11369,22,46,2026-09-13T14:21:21.262000+00:00,29.996,36.152,33.368,220.0,239.0,False,99.516,"[None, 2048, 2048, 2049, 2048, 2048, 2048, 2048]","[2049, 2048, 2048, 2048, 2048, 2048, 2048, 2048]","[2048, 2048, 2048, 2048, 2048, 2048, 2048, 2048, 2048, 2048]",291.0
1294,11369,23,46,2026-09-13T14:21:30.318000+00:00,29.918,36.073,33.505,225.0,248.0,False,99.496,"[None, 2048, 2049, 2049, 2048, 2048, 2049, 2048]","[2048, 2048, 2048, 2048, 2048, 2048, 2048, 2048]","[2048, 2049, 2048, 2048, 2049, 2048, 2048, 2048, 2049, 2049]",
1294,11369,10,47,2026-09-13T14:21:48.631000+00:00,29.884,35.105,33.584,224.0,254.0,False,98.573,"[2048, 2049, 2048, 2048, 2048, 2048, 2048, 2049]","[2049, 2048, 2048, 2048, 2048, 2048, 2048, 2048]","[2048, 2048, 2048, 2048, 2048, 2048, 2048, 2048, 2048, 2048]",284.0
1294,11369,87,46,2026-09-13T14:21:51.491000+00:00,29.669,35.257,32.741,,246.0,False,97.667,"[2048, 2048, 2048, 2048, 2048, 2048, 2048, 2048]","[2048, 2049, 2049, 2048, 2048, 2048, 2048, 2048]","[2048, 2048, 2048, 2048, 2049, 2048, 2048, 2048, 2048, 2049]",301.0
1294,11369,77,45,2026-09-13T14:21:55.705000+00:00,30.16,35.777,33.193,217.0,244.0,False,99.13,"[2048, 2048, 2049, 2049, 2048, 2048, 2049, 2049]","[2049, 2049, 2049, 2049, 2048, 2049, 2049, 2049]","[2049, 2049, 2048, 2048, 2049, 2048, 2048, 2049, 2049, 2049]",280.0
1294,11369,30,47,2026-09-13T14:21:58.846000+00:00,29.896,34.846,32.459,219.0,252.0,False,97.201,"[2048, 2048, 2049, 2049, 2048, 2048, 2048, 2048]","[2049, 2051, 2049, 2048, 2048, 2049, 2051, 2048]","[2049, 2049, 2048, 2049, 2048, 2048, 2048, 2048, 2048, 2048]",
1294,11369,5,47,2026-09-13T14:22:02.924000+00:00,30.837,36.664,36.202,191.0,249.0,False,103.703,"[2049, 2048, 2048, 2049, 2048, 2048, 2048, 2048]","[2048, 2048, 2048, 2048, 2048, 2048, 2048, 2048]","[2048, 2048, 2048, 2048, 2048, 2048, 2064, 2064, 2064, 2064]",259.0
1294,11369,43,47,2026-09-13T14:22:03.346000+00:00,30.209,35.765,32.918,219.0,247.0,False,98.892,"[None, 2048, 2048, 2049, 2051, 2048, 2048, 2048]","[2048, 2048, 2048, 2048, 2048, 2048, 2048, 2048]","[2048, 2049, 2048, 2048, 2048, 2048, 2048, 2048, 2048]",300.0
1294,11369,81,47,2026-09-13T14:22:03.658000+00:00,30.396,36.684,33.508,199.0,237.0,False,100.588,"[None, 2048, 2048, 2048, 2048, 2048, 2048, 2048]","[2048, 2048, 2048, 2048, 2048, 2048, 2048, 2048]","[2048, 2048, 2048, 2048, 2048, 2048, 2048, 2048, 2048, 2048]",276.0
1294,11369,41,47,2026-09-13T14:22:04.377000+00:00,30.975,35.959,33.714,,246.0,False,100.648,"[None, 2049, 2048, 2048, 2048, 2048, 2048, 2048]","[2048, 2048, 2048, 2048, 2048, 2048, 2048, 2048]","[2048, 2048, 2048, 2048, 2048, 2048, 2048, 2048, 2048, 2048]",269.0
1294,11369,27,47,2026-09-13T14:22:05.565000+00:00,30.274,36.272,33.463,209.0,244.0,False,100.009,"[2048, 2048, 2048, 2048, 2048, 2048, 2048, 2048]","[2048, 2048, 2048, 2048, 2048, 2048, 2048, 2048]","[2048, 2048, 2048, 2048, 2048, 2048, 2048, 2048, 2048, 2048]",267.0
1294,11369,31,47,2026-09-13T14:22:11.550000+00:00,29.912,35.537,33.212,226.0,247.0,False,98.661,"[None, 2048, 2048, 2049, 2048, 2048, 2048, 2048]","[2048, 2048, 2048, 2048, 2048, 2048, 2048, 2048]","[2048, 2048, 2048, 2048, 2048, 2048, 2048, 2048, 2048, 2048]",292.0
1294,11369,14,46,2026-09-13T14:22:16.553000+00:00,30.525,35.831,33.268,213.0,247.0,False,99.624,"[None, 2048, 2048, 2048, 2048, 2048, 2048, 2048]","[2048, 2048, 2048, 2048, 2048, 2048, 2048, 2048]","[2048, 2048, 2048, 2048, 2048, 2048, 2048, 2048, 2048, 2048]",291.0
1294,11369,16,48,2026-09-13T14:22:19.410000+00:00,29.847,35.272,36.457,213.0,252.0,False,101.576,"[2048, 2048, 2048, 2049, 2048, 2048, 2048, 2048]","[2048, 2048, 2048, 2049, 2048, 2048, 2048, 2048]","[2048, 2048, 2048, 2048, 2048, 2048, 2064, 2064, 2064, 2064]",304.0
1294,11369,12,48,2026-09-13T14:22:20.590000+00:00,29.394,35.651,32.788,211.0,250.0,False,97.833,"[None, 2048, 2048, 2049, 2049, 2049, 2048, 2048]","[2048, 2048, 2048, 2049, 2048, 2048, 2048, 2049]","[2048, 2048, 2048, 2048, 2048, 2048, 2048, 2048, 2049, 2049]",286.0
1294,11369,3,48,2026-09-13T14:22:21.792000+00:00,29.45,35.166,33.044,222.0,248.0,False,97.66,"[2049, 2048, 2048, 2051, 2049, 2049, 2048, 2049]","[2048, 2048, 2048, 2048, 2048, 2048, 2048, 2048]","[2048, 2049, 2048, 2048, 2048, 2048, 2048, 2048, 2048, 2048]",292.0
1294,11369,1,48,2026-09-13T14:22:22.653000+00:00,29.288,35.115,32.944,221.0,257.0,False,97.347,"[None, 2048, 2048, 2048, 2049, 2049, 2048, 2048]","[2048, 2048, 2048, 2049, 2048, 2048, 2048, 2048]","[2048, 2048, 2048, 2048, 2048, 2048, 2048, 2048, 2048, 2048]",303.0
1294,11369,63,48,2026-09-13T14:22:52.973000+00:00,29.267,34.618,31.873,226.0,255.0,False,95.758,"[None, 2048, 2048, 2048, 2048, 2048, 2048, 2049]","[2048, 2048, 2051, 2049, 2048, 2048, 2048, 2048]","[2051, 2051, 2049, 2048, 2048, 2048, 2048, 2051, 2048, 2048]",
1294,11369,22,47,2026-09-13T14:23:00.653000+00:00,30.203,35.767,33.177,219.0,240.0,False,99.147,"[None, 2048, 2048, 2048, 2048, 2048, 2048, 2048]","[2048, 2048, 2048, 2048, 2048, 2048, 2048, 2048]","[2048, 2048, 2048, 2048, 2048, 2048, 2048, 2048, 2048, 2048]",299.0
1294,11369,23,47,2026-09-13T14:23:09.763000+00:00,29.93,36.001,33.466,223.0,246.0,False,99.397,"[2049, 2048, 2048, 2048, 2048, 2048, 2048, 2048]","[2048, 2048, 2048, 2048, 2048, 2048, 2048, 2048]","[2048, 2048, 2048, 2048, 2048, 2048, 2048, 2048, 2048, 2048]",292.0
1294,11369,10,48,2026-09-13T14:23:27.283000+00:00,29.871,35.28,33.438,221.0,252.0,False,98.589,"[2049, 2048, 2048, 2049, 2048, 2048, 2048, 2048]","[2048, 2048, 2048, 2048, 2049, 2048, 2048, 2048]","[2048, 2048, 2048, 2048, 2048, 2049, 2048, 2048, 2048, 2048]",294.0
1294,11369,87,47,2026-09-13T14:23:29.120000+00:00,29.602,35.291,33.034,,246.0,False,97.927,"[None, 2048, 2049, 2049, 2048, 2048, 2048, 2048]","[2048, 2048, 2048, 2049, 2048, 2048, 2048, 2048]","[2048, 2048, 2049, 2048, 2048, 2048, 2048, 2048, 2048, 2048]",302.0
1294,11369,77,46,2026-09-13T14:23:34.753000+00:00,32.435,36.172,33.612,218.0,242.0,False,102.219,"[2049, 2049, 2048, 2048, 2048, 2048, 2048, 2048]","[2048, 2048, 2048, 2048, 2048, 2048, 2048, 2048]","[2048, 2048, 2048, 2048, 2048, 2048, 2048, 2048, 2048, 2048]",270.0
1294,11369,30,48,2026-09-13T14:23:36.066000+00:00,30.074,34.86,32.297,214.0,250.0,False,97.231,"[None, 2048, 2048, 2048, 2048, 2048, 2048, 2048]","[2048, 2051, 2048, 2048, 2048, 2048, 2048, 2048]","[2049, 2049, 2048, 2048, 2049, 2049, 2049, 2048, 2048, 2048]",286.0
1294,11369,43,48,2026-09-13T14:23:42.035000+00:00,29.745,34.849,32.878,221.0,258.0,False,97.472,"[2048, 2048, 2048, 2049, 2048, 2048, 2048, 2048]","[2049, 2049, 2049, 2051, 2048, 2049, 2049, 2048]","[2048, 2048, 2051, 2048, 2048, 2048, 2048, 2048, 2048, 2048]",299.0
1294,11369,81,48,2026-09-13T14:23:44.066000+00:00,29.811,34.724,32.691,218.0,254.0,False,97.226,"[None, 2048, 2048, 2048, 2048, 2048, 2048, 2048]","[2049, 2049, 2049, 2049, 2048, 2049, 2048, 2048]","[2048, 2048, 2048, 2048, 2048, 2048, 2048, 2048, 2048, 2048]",292.0
1294,11369,41,48,2026-09-13T14:23:44.988000+00:00,29.841,35.296,33.133,217.0,251.0,False,98.27,"[None, 2048, 2048, 2048, 2048, 2048, 2048, 2048]","[2048, 2049, 2048, 2049, 2048, 2048, 2048, 2048]","[2048, 2048, 2048, 2048, 2048, 2048, 2048, 2048, 2048, 2048]",302.0
1294,11369,27,48,2026-09-13T14:23:45.456000+00:00,29.988,35.831,33.06,221.0,250.0,False,98.879,"[None, 2048, 2048, 2048, 2049, 2048, 2048, 2048]","[2048, 2048, 2048, 2048, 2048, 2048, 2048, 2048]","[2048, 2048, 2048, 2048, 2048, 2048, 2048, 2048, 2048, 2048]",287.0
1294,11369,5,48,2026-09-13T14:23:46.656000+00:00,52.713,35.397,32.54,225.0,249.0,True,120.65,"[2064, 2064, 2064, 2064, 2048, 2048, 2048, 2048]","[2048, 2049, 2049, 2049, 2048, 2049, 2049, 2048]","[2049, 2049, 2048, 2049, 2049, 2049, 2051, 2049, 2049, 2049]",280.0
1294,11369,31,48,2026-09-13T14:23:50.233000+00:00,29.835,35.456,32.974,222.0,247.0,False,98.265,"[2049, 2048, 2048, 2048, 2048, 2048, 2048, 2048]","[2048, 2048, 2049, 2048, 2048, 2048, 2048, 2048]","[2048, 2049, 2048, 2048, 2048, 2048, 2048, 2048, 2048, 2048]",301.0
1294,11369,14,47,2026-09-13T14:23:56.142000+00:00,30.736,40.328,33.346,217.0,249.0,False,104.41,"[None, 2048, 2048, 2048, 2048, 2048, 2048, 2048]","[2048, 2048, 2048, 2048, 2048, 2048, 2048, 2049]","[2048, 2048, 2048, 2048, 2048, 2048, 2048, 2048, 2048, 2048]",284.0
1294,11369,12,49,2026-09-13T14:23:58.399000+00:00,29.172,35.231,32.158,217.0,251.0,False,96.561,"[None, 2048, 2049, 2049, 2048, 2048, 2048, 2048]","[2048, 2048, 2048, 2049, 2048, 2048, 2049, 2049]","[2048, 2048, 2049, 2049, 2048, 2048, 2048, 2048, 2048]",293.0
1294,11369,3,49,2026-09-13T14:23:59.407000+00:00,29.254,34.819,32.849,224.0,254.0,False,96.922,"[2048, 2048, 2048, 2049, 2049, 2049, 2048, 2051]","[2048, 2048, 2048, 2049, 2048, 2048, 2048, 2049]","[2048, 2049, 2048, 2048, 2048, 2048, 2049, 2048, 2048, 2048]",296.0
1294,11369,1,49,2026-09-13T14:24:00.041000+00:00,29.425,34.934,32.64,222.0,256.0,False,96.999,"[None, 2048, 2048, 2049, 2049, 2048, 2048, 2048]","[2048, 2048, 2048, 2049, 2048, 2048, 2048, 2048]","[2048, 2048, 2048, 2048, 2048, 2048, 2048, 2048, 2048, 2049]",280.0
1294,11369,16,49,2026-09-13T14:24:01.151000+00:00,53.91,34.842,31.815,201.0,253.0,True,120.567,"[2064, 2064, 2064, 2064, 2048, 2048, 2048, 2048]","[2048, 2049, 2049, 2048, 2048, 2049, 2049, 2049]","[2051, 2049, 2049, 2049, 2049, 2049, 2049, 2049, 2051, 2051]",247.0
1294,11369,63,49,2026-09-13T14:24:28.815000+00:00,29.099,34.497,31.991,227.0,258.0,False,95.587,"[None, 2048, 2048, 2049, 2048, 2048, 2048, 2049]","[2048, 2048, 2051, 2049, 2048, 2048, 2048, 2048]","[2048, 2048, 2048, 2048, 2049, 2048, 2048, 2048, 2048, 2048]",308.0
1294,11369,22,48,2026-09-13T14:24:39.913000+00:00,30.083,35.769,33.218,220.0,239.0,False,99.07,"[None, 2049, 2048, 2048, 2048, 2048, 2048, 2048]","[2048, 2048, 2048, 2048, 2048, 2048, 2048, 2048]","[2048, 2048, 2048, 2048, 2048, 2048, 2048, 2048, 2048, 2048]",293.0
1294,11369,23,48,2026-09-13T14:24:49.165000+00:00,29.863,36.047,33.525,221.0,246.0,False,99.435,"[2048, 2049, 2048, 2048, 2049, 2049, 2049, 2048]","[2048, 2048, 2048, 2048, 2049, 2048, 2048, 2048]","[2048, 2049, 2048, 2048, 2048, 2048, 2049, 2048, 2048, 2048]",295.0
1294,11369,10,49,2026-09-13T14:25:05.850000+00:00,29.893,35.272,33.349,220.0,250.0,False,98.514,"[None, 2048, 2048, 2049, 2049, 2048, 2048, 2048]","[2048, 2048, 2048, 2048, 2048, 2048, 2048, 2048]","[2048, 2048, 2048, 2048, 2048, 2048, 2049, 2048, 2048, 2048]",297.0
1294,11369,87,48,2026-09-13T14:25:07.007000+00:00,29.81,35.484,32.845,217.0,244.0,False,98.139,"[None, 2048, 2048, 2048, 2048, 2048, 2048, 2048]","[2048, 2048, 2048, 2048, 2048, 2048, 2048, 2048]","[2048, 2049, 2048, 2048, 2048, 2048, 2048, 2048, 2048, 2049]",297.0
1294,11369,30,49,2026-09-13T14:25:13.288000+00:00,29.666,34.686,32.494,215.0,250.0,False,96.846,"[None, 2049, 2048, 2049, 2048, 2048, 2049, 2049]","[2049, 2048, 2049, 2049, 2048, 2048, 2048, 2048]","[2048, 2048, 2048, 2048, 2048, 2048, 2049, 2048, 2048, 2048]",290.0
1294,11369,77,47,2026-09-13T14:25:16.960000+00:00,30.575,38.321,38.86,213.0,234.0,False,107.756,"[2048, 2048, 2048, 2048, 2048, 2048, 2048, 2048]","[2048, 2048, 2048, 2048, 2048, 2048, 2048, 2048]","[2048, 2048, 2048, 2048, 2048, 2048, 2048, 2048, 2048, 2048]",282.0
1294,11369,43,49,2026-09-13T14:25:19.641000+00:00,29.602,35.194,32.728,222.0,253.0,False,97.524,"[None, 2048, 2049, 2049, 2048, 2048, 2048, 2048]","[2048, 2048, 2048, 2048, 2049, 2048, 2048, 2048]","[2048, 2048, 2048, 2048, 2048, 2048, 2049, 2048, 2048, 2048]",303.0
1294,11369,81,49,2026-09-13T14:25:21.398000+00:00,29.964,34.867,33.228,217.0,253.0,False,98.059,"[None, 2048, 2048, 2048, 2048, 2048, 2048, 2048]","[2048, 2049, 2048, 2048, 2048, 2048, 2049, 2048]","[2048, 2048, 2048, 2048, 2048, 2048, 2048, 2048, 2048, 2048]",294.0
1294,11369,41,49,2026-09-13T14:25:23.294000+00:00,29.84,35.133,33.341,216.0,248.0,False,98.314,"[None, 2048, 2048, 2049, 2048, 2048, 2048, 2048]","[2049, 2049, 2049, 2048, 2048, 2048, 2048, 2048]","[2048, 2048, 2048, 2048, 2048, 2048, 2048, 2048, 2048, 2048]",303.0
1294,11369,27,49,2026-09-13T14:25:24.363000+00:00,29.862,35.49,33.337,225.0,250.0,False,98.689,"[None, 2048, 2048, 2049, 2048, 2048, 2048, 2048]","[2049, 2048, 2049, 2049, 2048, 2048, 2048, 2048]","[2048, 2048, 2048, 2048, 2048, 2048, 2048, 2048, 2048, 2049]",294.0
1294,11369,31,49,2026-09-13T14:25:28.477000+00:00,29.781,35.213,33.125,224.0,246.0,False,98.119,"[2048, 2048, 2048, 2048, 2048, 2048, 2049, 2049]","[2048, 2049, 2049, 2049, 2049, 2048, 2048, 2048]","[2048, 2048, 2048, 2048, 2048, 2048, 2048, 2048, 2048, 2048]",299.0
1294,11369,12,50,2026-09-13T14:25:35.026000+00:00,29.373,34.932,32.256,220.0,251.0,False,96.561,"[None, 2048, 2048, 2048, 2048, 2048, 2048, 2048]","[2049, 2048, 2049, 2048, 2048, 2048, 2049, 2049]","[2048, 2048, 2049, 2048, 2048, 2048, 2048, 2048, 2048, 2048]",292.0
1294,11369,3,50,2026-09-13T14:25:36.448000+00:00,29.547,34.707,32.68,221.0,253.0,False,96.934,"[None, 2048, 2048, 2048, 2048, 2048, 2048, 2048]","[2048, 2048, 2049, 2048, 2048, 2048, 2049, 2049]","[2048, 2048, 2049, 2048, 2048, 2048, 2048, 2048, 2048, 2048]",293.0
1294,11369,1,50,2026-09-13T14:25:37.057000+00:00,29.463,35.005,32.667,217.0,256.0,False,97.135,"[None, 2048, 2048, 2051, 2049, 2049, 2048, 2048]","[2048, 2048, 2048, 2049, 2048, 2048, 2048, 2049]","[2048, 2048, 2048, 2048, 2048, 2048, 2048, 2048, 2048, 2048]",282.0
1294,11369,14,48,2026-09-13T14:25:40.604000+00:00,30.52,35.547,33.139,,249.0,False,99.206,"[None, 2048, 2048, 2049, 2048, 2048, 2048, 2048]","[2049, 2048, 2048, 2049, 2049, 2048, 2048, 2049]","[2048, 2048, 2048, 2048, 2048, 2049, 2048, 2048, 2048, 2048]",292.0
1294,11369,5,49,2026-09-13T14:25:47.167000+00:00,30.365,35.427,32.638,221.0,247.0,False,98.43,"[2048, 2051, 2048, 2048, 2048, 2048, 2048, 2048]","[2048, 2048, 2049, 2049, 2048, 2048, 2048, 2048]","[2049, 2048, 2049, 2048, 2048, 2048, 2048, 2048, 2049, 2049]",292.0
1294,11369,16,50,2026-09-13T14:26:01.592000+00:00,29.465,34.428,32.17,223.0,253.0,False,96.063,"[2049, 2049, 2048, 2049, 2048, 2048, 2048, 2049]","[2051, 2048, 2049, 2048, 2048, 2051, 2049, 2048]","[2048, 2049, 2048, 2048, 2049, 2048, 2048, 2048, 2048, 2048]",298.0
1294,11369,63,50,2026-09-13T14:26:04.301000+00:00,29.222,34.517,32.722,,258.0,False,96.461,"[None, 2048, 2048, 2048, 2048, 2048, 2048, 2048]","[2048, 2049, 2048, 2051, 2048, 2048, 2048, 2048]","[2048, 2048, 2048, 2048, 2048, 2048, 2048, 2048, 2048, 2048]",312.0
1294,11369,22,49,2026-09-13T14:26:18.892000+00:00,30.156,35.809,33.261,221.0,241.0,False,99.226,"[None, 2048, 2048, 2048, 2048, 2048, 2048, 2048]","[2048, 2048, 2048, 2048, 2048, 2048, 2048, 2048]","[2048, 2048, 2048, 2048, 2048, 2048, 2048, 2048, 2048, 2048]",297.0
1294,11369,23,49,2026-09-13T14:26:28.655000+00:00,30.128,35.941,33.537,222.0,250.0,False,99.606,"[None, 2048, 2048, 2048, 2049, 2048, 2048, 2048]","[2048, 2048, 2048, 2048, 2048, 2048, 2048, 2048]","[2048, 2048, 2048, 2048, 2049, 2048, 2048, 2049, 2048, 2048]",293.0
1294,11369,10,50,2026-09-13T14:26:44.272000+00:00,30.041,35.392,33.508,222.0,251.0,False,98.941,"[2048, 2048, 2048, 2048, 2048, 2048, 2048, 2048]","[2048, 2048, 2048, 2048, 2049, 2048, 2048, 2048]","[2048, 2048, 2048, 2048, 2048, 2048, 2048, 2048, 2048, 2048]",286.0
1294,11369,87,49,2026-09-13T14:26:45.154000+00:00,29.77,35.771,33.094,,245.0,False,98.635,"[None, 2048, 2048, 2049, 2049, 2048, 2048, 2048]","[2048, 2048, 2048, 2048, 2048, 2048, 2048, 2048]","[2048, 2048, 2049, 2048, 2048, 2048, 2048, 2048, 2048, 2049]",298.0
1294,11369,30,50,2026-09-13T14:26:50.054000+00:00,29.836,35.064,32.498,214.0,246.0,False,97.398,"[None, 2049, 2048, 2048, 2048, 2048, 2048, 2048]","[2048, 2048, 2048, 2048, 2049, 2048, 2048, 2048]","[2048, 2048, 2048, 2048, 2048, 2048, 2048, 2049, 2048, 2048]",287.0
1294,11369,43,50,2026-09-13T14:26:57.239000+00:00,29.841,35.032,32.887,226.0,258.0,False,97.76,"[None, 2048, 2048, 2048, 2048, 2048, 2048, 2048]","[2048, 2048, 2048, 2048, 2048, 2048, 2048, 2051]","[2048, 2048, 2048, 2048, 2048, 2048, 2048, 2048, 2048, 2049]",301.0
1294,11369,81,50,2026-09-13T14:26:59.455000+00:00,30.283,35.17,32.734,,250.0,False,98.187,"[None, 2048, 2048, 2048, 2048, 2048, 2048, 2048]","[2048, 2048, 2048, 2048, 2048, 2048, 2048, 2048]","[2048, 2048, 2048, 2048, 2048, 2048, 2048, 2048, 2048, 2048]",
1294,11369,41,50,2026-09-13T14:27:01.569000+00:00,29.905,35.364,33.01,221.0,247.0,False,98.279,"[None, 2048, 2048, 2048, 2048, 2048, 2048, 2048]","[2048, 2048, 2048, 2048, 2048, 2048, 2048, 2048]","[2048, 2049, 2049, 2049, 2048, 2048, 2048, 2048, 2048, 2048]",307.0
1294,11369,27,50,2026-09-13T14:27:03.102000+00:00,29.754,35.559,32.801,224.0,246.0,False,98.114,"[None, 2048, 2048, 2048, 2048, 2048, 2048, 2048]","[2048, 2048, 2048, 2048, 2048, 2048, 2048, 2048]","[2048, 2049, 2049, 2049, 2049, 2048, 2049, 2048, 2048, 2048]",300.0
1294,11369,77,48,2026-09-13T14:27:04.734000+00:00,30.981,44.309,35.075,,194.0,False,110.365,"[None, 2048, 2048, 2048, 2048, 2048, 2048, 2048]","[2048, 2048, 2048, 2048, 2048, 2048, 2048, 2048]","[2048, 2048, 2048, 2048, 2048, 2048, 2048, 2048, 2048, 2048]",278.0
1294,11369,31,50,2026-09-13T14:27:06.690000+00:00,30.174,35.521,33.074,220.0,245.0,False,98.769,"[2049, 2048, 2048, 2048, 2048, 2048, 2049, 2048]","[2048, 2048, 2048, 2048, 2048, 2048, 2048, 2048]","[2048, 2048, 2048, 2048, 2048, 2048, 2048, 2048, 2048, 2048]",302.0
1294,11369,12,51,2026-09-13T14:27:11.576000+00:00,29.446,34.878,32.273,219.0,252.0,False,96.597,"[None, 2049, 2048, 2048, 2048, 2048, 2051, 2048]","[2048, 2049, 2049, 2049, 2048, 2048, 2048, 2049]","[2048, 2049, 2048, 2048, 2048, 2048, 2048, 2048, 2048, 2048]",294.0
1294,11369,3,51,2026-09-13T14:27:13.320000+00:00,29.515,34.82,32.61,222.0,253.0,False,96.945,"[None, 2048, 2048, 2048, 2048, 2048, 2048, 2048]","[2048, 2048, 2048, 2049, 2048, 2048, 2048, 2048]","[2048, 2049, 2048, 2048, 2048, 2048, 2049, 2048, 2048, 2048]",294.0
1294,11369,1,51,2026-09-13T14:27:14.242000+00:00,29.354,34.875,32.671,226.0,259.0,False,96.9,"[None, 2048, 2048, 2048, 2048, 2048, 2048, 2048]","[2048, 2048, 2048, 2048, 2048, 2048, 2048, 2049]","[2048, 2049, 2048, 2048, 2048, 2048, 2048, 2048, 2048, 2048]",307.0
1294,11369,14,49,2026-09-13T14:27:19.791000+00:00,30.952,35.736,33.158,219.0,245.0,False,99.846,"[None, 2048, 2048, 2048, 2048, 2048, 2048, 2048]","[2048, 2048, 2048, 2048, 2048, 2048, 2048, 2048]","[2048, 2048, 2048, 2048, 2048, 2048, 2049, 2048, 2048, 2048]",278.0
1294,11369,5,50,2026-09-13T14:27:25.634000+00:00,29.867,35.402,32.568,224.0,248.0,False,97.837,"[None, 2048, 2048, 2049, 2048, 2048, 2048, 2048]","[2049, 2048, 2048, 2048, 2048, 2048, 2048, 2048]","[2049, 2049, 2049, 2048, 2048, 2048, 2048, 2048, 2048, 2048]",295.0
1294,11369,16,51,2026-09-13T14:27:37.601000+00:00,29.562,34.594,32.183,221.0,251.0,False,96.339,"[None, 2048, 2049, 2049, 2048, 2048, 2048, 2048]","[2048, 2048, 2048, 2049, 2048, 2048, 2048, 2048]","[2048, 2048, 2048, 2048, 2048, 2048, 2048, 2048, 2048, 2048]",
1294,11369,63,51,2026-09-13T14:27:40.758000+00:00,29.243,34.724,32.137,226.0,258.0,False,96.104,"[None, 2048, 2048, 2048, 2048, 2048, 2048, 2048]","[2048, 2048, 2048, 2048, 2048, 2048, 2048, 2048]","[2048, 2048, 2048, 2048, 2048, 2048, 2048, 2048, 2048, 2048]",
1294,11369,22,50,2026-09-13T14:27:58.176000+00:00,30.043,35.661,33.022,220.0,243.0,False,98.726,"[None, 2048, 2048, 2048, 2048, 2048, 2048, 2048]","[2048, 2048, 2048, 2049, 2048, 2048, 2048, 2048]","[2048, 2048, 2048, 2048, 2048, 2048, 2048, 2048, 2048, 2048]",296.0
1294,11369,23,50,2026-09-13T14:28:08.248000+00:00,30.32,36.182,33.625,218.0,251.0,False,100.127,"[None, 2048, 2048, 2048, 2048, 2048, 2048, 2048]","[2048, 2048, 2048, 2048, 2048, 2048, 2048, 2048]","[2048, 2048, 2048, 2048, 2048, 2048, 2048, 2048, 2048, 2048]",285.0
1294,11369,10,51,2026-09-13T14:28:23.224000+00:00,30.338,35.563,33.609,219.0,254.0,False,99.51,"[None, 2048, 2048, 2048, 2048, 2048, 2048, 2048]","[2048, 2048, 2048, 2048, 2048, 2048, 2048, 2048]","[2048, 2048, 2048, 2048, 2048, 2048, 2048, 2048, 2048, 2048]",278.0
1294,11369,87,50,2026-09-13T14:28:23.802000+00:00,30.219,36.148,33.074,214.0,246.0,False,99.441,"[2049, 2048, 2048, 2048, 2049, 2048, 2048, 2048]","[2048, 2048, 2048, 2048, 2048, 2048, 2048, 2048]","[2048, 2048, 2049, 2048, 2048, 2048, 2048, 2048, 2048, 2048]",271.0
1294,11369,30,51,2026-09-13T14:28:27.459000+00:00,29.8,35.013,32.812,218.0,251.0,False,97.625,"[None, 2048, 2048, 2048, 2048, 2048, 2048, 2049]","[2048, 2048, 2048, 2048, 2049, 2048, 2048, 2048]","[2048, 2048, 2048, 2048, 2048, 2048, 2048, 2048, 2048, 2048]",296.0
1294,11369,43,51,2026-09-13T14:28:35.002000+00:00,29.764,34.901,32.66,224.0,262.0,False,97.325,"[None, 2048, 2048, 2048, 2048, 2048, 2048, 2048]","[2048, 2048, 2048, 2051, 2048, 2048, 2049, 2051]","[2048, 2048, 2048, 2048, 2048, 2048, 2048, 2048, 2048, 2048]",303.0
1294,11369,81,51,2026-09-13T14:28:37.564000+00:00,29.807,34.868,32.613,220.0,251.0,False,97.288,"[None, 2048, 2048, 2049, 2048, 2048, 2048, 2048]","[2048, 2048, 2048, 2049, 2048, 2048, 2049, 2048]","[2048, 2048, 2048, 2048, 2048, 2048, 2048, 2048, 2048, 2048]",296.0
1294,11369,41,51,2026-09-13T14:28:39.905000+00:00,30.166,35.302,32.989,218.0,249.0,False,98.457,"[None, 2048, 2048, 2048, 2048, 2048, 2048, 2048]","[2048, 2048, 2048, 2048, 2048, 2048, 2048, 2048]","[2048, 2048, 2048, 2049, 2048, 2048, 2048, 2048, 2048, 2048]",
1294,11369,27,51,2026-09-13T14:28:41.201000+00:00,29.734,35.558,32.894,223.0,247.0,False,98.186,"[None, 2048, 2048, 2049, 2048, 2048, 2048, 2048]","[2048, 2048, 2048, 2048, 2048, 2048, 2049, 2048]","[2048, 2049, 2048, 2048, 2049, 2048, 2048, 2048, 2048, 2049]",302.0
1294,11369,31,51,2026-09-13T14:28:45.389000+00:00,29.966,35.529,34.747,224.0,246.0,False,100.242,"[2048, 2048, 2048, 2049, 2048, 2048, 2048, 2048]","[2048, 2048, 2048, 2049, 2048, 2048, 2048, 2048]","[2048, 2048, 2048, 2048, 2048, 2048, 2048, 2048, 2048, 2048]",298.0
1294,11369,12,52,2026-09-13T14:28:48.157000+00:00,29.164,34.77,32.263,217.0,255.0,False,96.197,"[None, 2048, 2048, 2049, 2048, 2048, 2048, 2049]","[2048, 2048, 2049, 2049, 2048, 2048, 2048, 2049]","[2048, 2048, 2048, 2048, 2048, 2048, 2048, 2048, 2048, 2048]",296.0
1294,11369,3,52,2026-09-13T14:28:50.374000+00:00,29.453,34.694,32.613,,254.0,False,96.76,"[None, 2048, 2048, 2051, 2048, 2048, 2048, 2051]","[2048, 2048, 2048, 2049, 2051, 2048, 2048, 2048]","[2048, 2048, 2048, 2048, 2048, 2048, 2049, 2048, 2048, 2048]",300.0
1294,11369,1,52,2026-09-13T14:28:51.102000+00:00,29.331,34.755,32.594,222.0,256.0,False,96.68,"[None, 2048, 2048, 2048, 2048, 2048, 2048, 2048]","[2048, 2048, 2049, 2049, 2049, 2048, 2048, 2048]","[2048, 2048, 2049, 2048, 2048, 2048, 2048, 2048, 2048, 2048]",308.0
1294,11369,77,49,2026-09-13T14:28:55.114000+00:00,31.084,36.728,34.206,210.0,238.0,False,102.018,"[None, 2048, 2048, 2048, 2048, 2048, 2048, 2048]","[2048, 2048, 2048, 2048, 2048, 2048, 2048, 2048]","[2048, 2048, 2048, 2048, 2048, 2048, 2048, 2048, 2048, 2048]",283.0
1294,11369,14,50,2026-09-13T14:28:59.598000+00:00,30.437,35.669,33.164,218.0,245.0,False,99.27,"[None, 2048, 2048, 2048, 2048, 2048, 2048, 2048]","[2048, 2048, 2048, 2048, 2049, 2048, 2048, 2048]","[2048, 2048, 2048, 2048, 2048, 2048, 2048, 2048, 2048, 2048]",292.0
1294,11369,5,51,2026-09-13T14:29:03.508000+00:00,29.819,35.535,32.834,,248.0,False,98.188,"[None, 2048, 2048, 2048, 2048, 2048, 2048, 2048]","[2048, 2048, 2048, 2048, 2048, 2048, 2048, 2048]","[2048, 2048, 2048, 2048, 2048, 2048, 2048, 2048, 2048, 2048]",297.0
1294,11369,16,52,2026-09-13T14:29:13.960000+00:00,29.903,35.138,32.596,212.0,253.0,False,97.637,"[2048, 2048, 2048, 2048, 2048, 2048, 2048, 2048]","[2048, 2048, 2048, 2048, 2048, 2048, 2048, 2048]","[2048, 2048, 2048, 2048, 2048, 2048, 2048, 2048, 2048, 2048]",286.0
1294,11369,63,52,2026-09-13T14:29:16.820000+00:00,29.518,34.678,32.291,225.0,257.0,False,96.487,"[None, 2049, 2048, 2048, 2048, 2048, 2048, 2048]","[2048, 2048, 2048, 2048, 2048, 2048, 2048, 2048]","[2048, 2048, 2048, 2048, 2048, 2048, 2048, 2048, 2048, 2048]",311.0
1294,11369,22,51,2026-09-13T14:29:36.848000+00:00,30.138,35.682,32.939,,243.0,False,98.759,"[None, 2048, 2048, 2049, 2048, 2048, 2048, 2048]","[2048, 2048, 2048, 2048, 2048, 2048, 2048, 2048]","[2048, 2049, 2048, 2048, 2048, 2048, 2048, 2048, 2048, 2048]",289.0
1294,11369,23,51,2026-09-13T14:29:48.342000+00:00,29.954,35.991,33.671,221.0,251.0,False,99.616,"[None, 2048, 2048, 2049, 2048, 2048, 2048, 2048]","[2048, 2048, 2048, 2048, 2048, 2048, 2048, 2048]","[2048, 2049, 2048, 2048, 2048, 2048, 2048, 2048, 2048, 2048]",290.0
1294,11369,10,52,2026-09-13T14:30:02.884000+00:00,30.04,35.762,33.737,222.0,248.0,False,99.539,"[None, 2048, 2048, 2048, 2048, 2049, 2048, 2048]","[2048, 2048, 2048, 2048, 2048, 2048, 2048, 2048]","[2048, 2048, 2048, 2048, 2048, 2048, 2048, 2048, 2048, 2048]",293.0
1294,11369,87,51,2026-09-13T14:30:03.181000+00:00,30.055,36.065,34.959,,242.0,False,101.079,"[2048, 2048, 2048, 2049, 2049, 2049, 2048, 2048]","[2048, 2048, 2048, 2048, 2048, 2048, 2048, 2048]","[2048, 2048, 2048, 2048, 2048, 2048, 2048, 2048, 2048, 2048]",279.0
1294,11369,30,52,2026-09-13T14:30:05.025000+00:00,29.949,35.18,33.298,,245.0,False,98.427,"[None, 2048, 2048, 2048, 2048, 2048, 2048, 2048]","[2048, 2048, 2048, 2048, 2048, 2048, 2048, 2048]","[2048, 2048, 2048, 2048, 2048, 2048, 2048, 2048, 2048, 2048]",295.0
1294,11369,43,52,2026-09-13T14:30:12.322000+00:00,29.615,34.962,32.744,223.0,256.0,False,97.321,"[None, 2048, 2048, 2048, 2048, 2048, 2048, 2048]","[2048, 2048, 2049, 2048, 2048, 2048, 2048, 2048]","[2048, 2049, 2049, 2048, 2048, 2048, 2048, 2048, 2048, 2048]",305.0
1294,11369,81,52,2026-09-13T14:30:14.915000+00:00,29.878,34.847,32.797,,251.0,False,97.522,"[None, 2048, 2048, 2049, 2048, 2048, 2048, 2048]","[2048, 2048, 2048, 2048, 2048, 2048, 2048, 2049]","[2048, 2048, 2048, 2048, 2048, 2048, 2048, 2048, 2048, 2048]",294.0
1294,11369,41,52,2026-09-13T14:30:18.322000+00:00,29.919,35.268,33.448,219.0,254.0,False,98.635,"[None, 2048, 2048, 2048, 2048, 2048, 2048, 2048]","[2048, 2048, 2048, 2048, 2048, 2048, 2048, 2049]","[2049, 2049, 2048, 2048, 2048, 2048, 2048, 2048, 2048, 2048]",306.0
1294,11369,27,52,2026-09-13T14:30:19.418000+00:00,29.753,35.479,32.952,225.0,250.0,False,98.184,"[None, 2048, 2048, 2049, 2048, 2048, 2048, 2048]","[2048, 2048, 2048, 2048, 2048, 2048, 2049, 2048]","[2049, 2048, 2048, 2048, 2048, 2048, 2048, 2048, 2048, 2048]",307.0
1294,11369,12,53,2026-09-13T14:30:24.470000+00:00,29.137,34.699,32.244,222.0,257.0,False,96.08,"[None, 2048, 2048, 2048, 2048, 2048, 2048, 2048]","[2048, 2048, 2048, 2049, 2048, 2048, 2049, 2048]","[2049, 2048, 2051, 2048, 2048, 2048, 2048, 2048, 2048]",301.0
1294,11369,31,52,2026-09-13T14:30:25.704000+00:00,30.136,38.262,33.229,220.0,246.0,False,101.627,"[2049, 2048, 2048, 2048, 2048, 2048, 2048, 2048]","[2048, 2048, 2048, 2048, 2048, 2048, 2048, 2048]","[2048, 2048, 2048, 2048, 2048, 2048, 2048, 2048, 2048, 2048]",301.0
1294,11369,3,53,2026-09-13T14:30:27.079000+00:00,29.542,34.67,32.605,224.0,255.0,False,96.817,"[None, 2049, 2048, 2048, 2048, 2048, 2048, 2048]","[2048, 2048, 2048, 2048, 2048, 2048, 2049, 2049]","[2048, 2048, 2048, 2048, 2048, 2048, 2048, 2048, 2048, 2048]",299.0
1294,11369,1,53,2026-09-13T14:30:27.737000+00:00,29.375,35.034,32.574,219.0,258.0,False,96.983,"[None, 2048, 2048, 2051, 2051, 2049, 2048, 2048]","[2048, 2048, 2048, 2048, 2048, 2048, 2048, 2048]","[2048, 2048, 2048, 2049, 2048, 2048, 2048, 2048, 2048, 2048]",291.0
1294,11369,77,50,2026-09-13T14:30:37.121000+00:00,30.947,40.495,34.374,214.0,237.0,False,105.816,"[None, 2048, 2048, 2048, 2048, 2048, 2048, 2048]","[2048, 2048, 2048, 2048, 2048, 2048, 2048, 2048]","[2048, 2048, 2048, 2048, 2048, 2048, 2048, 2048, 2048, 2048]",286.0
1294,11369,14,51,2026-09-13T14:30:38.892000+00:00,30.919,35.62,33.08,215.0,250.0,False,99.619,"[None, 2048, 2048, 2048, 2048, 2048, 2048, 2048]","[2049, 2048, 2048, 2048, 2048, 2048, 2048, 2049]","[2048, 2048, 2049, 2048, 2048, 2048, 2048, 2048, 2048, 2048]",294.0
1294,11369,5,52,2026-09-13T14:30:41.721000+00:00,29.776,35.532,32.808,,247.0,False,98.116,"[None, 2048, 2048, 2048, 2048, 2048, 2048, 2048]","[2048, 2048, 2048, 2049, 2048, 2048, 2048, 2048]","[2048, 2048, 2049, 2048, 2048, 2048, 2048, 2048, 2048, 2048]",300.0
1294,11369,16,53,2026-09-13T14:30:51.631000+00:00,29.723,34.778,32.515,218.0,251.0,False,97.016,"[None, 2048, 2048, 2048, 2048, 2048, 2048, 2048]","[2048, 2048, 2048, 2048, 2048, 2048, 2048, 2048]","[2048, 2048, 2048, 2048, 2048, 2048, 2048, 2048, 2048, 2048]",301.0
1294,11369,63,53,2026-09-13T14:30:53.283000+00:00,29.483,34.541,32.391,224.0,257.0,False,96.415,"[None, 2048, 2048, 2048, 2048, 2048, 2048, 2048]","[2048, 2049, 2048, 2048, 2048, 2048, 2048, 2048]","[2048, 2048, 2048, 2048, 2048, 2048, 2048, 2048, 2048, 2048]",312.0
1294,11369,22,52,2026-09-13T14:31:15.674000+00:00,29.94,35.522,32.945,222.0,243.0,False,98.407,"[None, 2048, 2048, 2048, 2048, 2048, 2048, 2049]","[2048, 2048, 2048, 2048, 2048, 2048, 2048, 2048]","[2048, 2048, 2048, 2048, 2048, 2048, 2048, 2048, 2048, 2048]",301.0
1294,11369,23,52,2026-09-13T14:31:27.949000+00:00,30.198,36.179,33.917,223.0,254.0,False,100.294,"[None, 2048, 2048, 2048, 2048, 2048, 2048, 2048]","[2048, 2048, 2048, 2048, 2048, 2048, 2048, 2048]","[2048, 2048, 2048, 2048, 2048, 2048, 2048, 2048, 2048, 2048]",281.0
1294,11369,10,53,2026-09-13T14:31:42.348000+00:00,30.465,35.792,33.788,214.0,248.0,False,100.045,"[None, 2048, 2048, 2048, 2048, 2048, 2048, 2048]","[2048, 2048, 2048, 2048, 2048, 2048, 2048, 2048]","[2048, 2048, 2048, 2048, 2048, 2048, 2048, 2048, 2048, 2048]",296.0
1294,11369,30,53,2026-09-13T14:31:43.580000+00:00,30.15,35.431,33.74,216.0,251.0,False,99.321,"[None, 2048, 2048, 2048, 2048, 2048, 2048, 2048]","[2048, 2048, 2048, 2048, 2048, 2048, 2048, 2048]","[2048, 2048, 2048, 2048, 2048, 2048, 2048, 2048, 2048, 2048]",288.0
1294,11369,87,52,2026-09-13T14:31:44.268000+00:00,30.006,35.892,33.326,217.0,245.0,False,99.224,"[None, 2048, 2048, 2048, 2048, 2048, 2048, 2048]","[2048, 2048, 2048, 2048, 2048, 2048, 2048, 2048]","[2048, 2048, 2048, 2048, 2048, 2048, 2048, 2048, 2048, 2048]",280.0
1294,11369,43,53,2026-09-13T14:31:49.631000+00:00,29.73,34.825,32.895,,258.0,False,97.45,"[None, 2048, 2048, 2048, 2048, 2048, 2048, 2048]","[2048, 2048, 2049, 2048, 2048, 2048, 2048, 2048]","[2049, 2048, 2048, 2048, 2048, 2048, 2048, 2048, 2048, 2048]",303.0
1294,11369,81,53,2026-09-13T14:31:52.412000+00:00,30.084,34.89,32.683,216.0,259.0,False,97.657,"[None, 2048, 2048, 2048, 2048, 2048, 2048, 2048]","[2048, 2048, 2048, 2048, 2048, 2048, 2048, 2051]","[2048, 2048, 2048, 2048, 2048, 2048, 2048, 2048, 2048, 2048]",296.0
1294,11369,41,53,2026-09-13T14:31:57.053000+00:00,30.271,35.215,33.193,217.0,248.0,False,98.679,"[None, 2048, 2048, 2048, 2048, 2048, 2048, 2048]","[2048, 2048, 2049, 2048, 2048, 2048, 2048, 2048]","[2048, 2048, 2049, 2048, 2048, 2048, 2048, 2048, 2048, 2048]",293.0
1294,11369,27,53,2026-09-13T14:31:57.553000+00:00,30.059,35.763,33.001,211.0,249.0,False,98.823,"[2049, 2048, 2048, 2048, 2049, 2049, 2048, 2048]","[2048, 2048, 2048, 2049, 2048, 2048, 2049, 2048]","[2048, 2049, 2048, 2048, 2048, 2048, 2049, 2048, 2048, 2048]",295.0
1294,11369,12,54,2026-09-13T14:32:00.492000+00:00,29.528,34.94,32.722,220.0,255.0,False,97.19,"[None, 2048, 2048, 2048, 2048, 2048, 2048, 2048]","[2048, 2048, 2048, 2049, 2048, 2048, 2048, 2048]","[2048, 2048, 2048, 2048, 2048, 2048, 2048, 2048, 2048, 2048]",287.0
1294,11369,3,54,2026-09-13T14:32:03.827000+00:00,29.669,34.495,32.66,223.0,254.0,False,96.824,"[None, 2048, 2048, 2048, 2048, 2048, 2048, 2048]","[2048, 2049, 2048, 2049, 2048, 2048, 2048, 2048]","[2048, 2049, 2048, 2048, 2048, 2048, 2048, 2048, 2048, 2048]",300.0
1294,11369,1,54,2026-09-13T14:32:04.765000+00:00,29.595,34.837,32.502,214.0,259.0,False,96.934,"[None, 2048, 2048, 2048, 2048, 2048, 2048, 2048]","[2048, 2048, 2048, 2048, 2048, 2048, 2049, 2049]","[2048, 2048, 2048, 2049, 2048, 2048, 2048, 2048, 2048, 2048]",308.0
1294,11369,31,53,2026-09-13T14:32:07.280000+00:00,30.202,35.856,33.187,217.0,246.0,False,99.245,"[2048, 2048, 2048, 2048, 2048, 2048, 2048, 2048]","[2048, 2048, 2048, 2048, 2048, 2048, 2048, 2048]","[2048, 2048, 2049, 2048, 2048, 2048, 2048, 2048, 2048, 2048]",296.0
1294,11369,14,52,2026-09-13T14:32:18.501000+00:00,30.789,37.405,33.422,214.0,250.0,False,101.616,"[None, 2048, 2048, 2048, 2048, 2048, 2048, 2048]","[2048, 2048, 2048, 2049, 2048, 2048, 2048, 2049]","[2048, 2048, 2048, 2048, 2048, 2048, 2048, 2048, 2048, 2048]",289.0
1294,11369,5,53,2026-09-13T14:32:19.758000+00:00,30.148,35.485,32.876,218.0,246.0,False,98.509,"[None, 2048, 2048, 2048, 2048, 2048, 2048, 2048]","[2048, 2048, 2048, 2049, 2048, 2048, 2048, 2048]","[2048, 2048, 2048, 2048, 2048, 2048, 2048, 2048, 2048, 2048]",293.0
1294,11369,77,51,2026-09-13T14:32:22.946000+00:00,31.116,37.782,36.759,215.0,232.0,False,105.657,"[None, 2048, 2048, 2048, 2048, 2048, 2048, 2048]","[2048, 2048, 2048, 2048, 2048, 2048, 2048, 2048]","[2048, 2048, 2048, 2048, 2048, 2048, 2048, 2048, 2048, 2048]",276.0
1294,11369,16,54,2026-09-13T14:32:28.696000+00:00,29.533,34.796,32.675,221.0,250.0,False,97.004,"[None, 2048, 2048, 2048, 2048, 2048, 2049, 2048]","[2048, 2048, 2048, 2048, 2048, 2048, 2048, 2048]","[2048, 2048, 2048, 2048, 2048, 2048, 2048, 2048, 2048, 2048]",302.0
1294,11369,63,54,2026-09-13T14:32:29.805000+00:00,29.427,34.842,32.633,223.0,255.0,False,96.902,"[None, 2048, 2048, 2048, 2049, 2049, 2048, 2048]","[2048, 2048, 2048, 2048, 2048, 2048, 2048, 2048]","[2048, 2048, 2048, 2048, 2048, 2048, 2048, 2048, 2048, 2048]",
1294,11369,22,53,2026-09-13T14:32:54.116000+00:00,30.044,35.56,32.939,221.0,241.0,False,98.543,"[None, 2048, 2048, 2048, 2048, 2048, 2048, 2048]","[2048, 2048, 2048, 2049, 2048, 2048, 2048, 2048]","[2048, 2049, 2048, 2048, 2048, 2048, 2048, 2048, 2048, 2048]",300.0
1294,11369,23,53,2026-09-13T14:33:08.272000+00:00,30.247,36.233,33.549,224.0,246.0,False,100.029,"[None, 2048, 2048, 2048, 2048, 2048, 2048, 2048]","[2048, 2048, 2048, 2048, 2048, 2048, 2048, 2048]","[2048, 2048, 2048, 2048, 2048, 2048, 2048, 2048, 2048, 2048]",280.0
1294,11369,10,54,2026-09-13T14:33:22.318000+00:00,30.441,35.704,35.28,,247.0,False,101.425,"[None, 2048, 2048, 2048, 2048, 2048, 2048, 2048]","[2048, 2048, 2048, 2048, 2048, 2048, 2048, 2048]","[2048, 2048, 2048, 2048, 2048, 2048, 2048, 2048, 2048, 2048]",280.0
1294,11369,30,54,2026-09-13T14:33:22.822000+00:00,30.569,35.592,33.582,208.0,242.0,False,99.743,"[2049, 2048, 2048, 2048, 2049, 2048, 2048, 2048]","[2048, 2048, 2048, 2048, 2048, 2048, 2048, 2048]","[2048, 2048, 2048, 2048, 2048, 2048, 2048, 2048, 2048, 2048]",279.0
1294,11369,87,53,2026-09-13T14:33:23.528000+00:00,30.435,36.235,33.809,207.0,244.0,False,100.479,"[2049, 2048, 2048, 2048, 2048, 2049, 2048, 2048]","[2048, 2048, 2048, 2048, 2048, 2048, 2048, 2048]","[2048, 2048, 2048, 2048, 2048, 2048, 2048, 2048, 2048, 2048]",295.0
1294,11369,43,54,2026-09-13T14:33:27.032000+00:00,29.852,35.197,33.25,220.0,252.0,False,98.299,"[None, 2048, 2048, 2048, 2048, 2048, 2048, 2048]","[2048, 2048, 2048, 2048, 2048, 2048, 2048, 2048]","[2048, 2048, 2048, 2048, 2048, 2048, 2048, 2048, 2048, 2048]",302.0
1294,11369,81,54,2026-09-13T14:33:30.144000+00:00,29.94,34.84,32.799,222.0,253.0,False,97.579,"[None, 2048, 2048, 2048, 2048, 2048, 2048, 2048]","[2048, 2048, 2048, 2048, 2048, 2048, 2048, 2048]","[2048, 2049, 2048, 2048, 2048, 2048, 2049, 2048, 2048, 2048]",295.0
1294,11369,41,54,2026-09-13T14:33:35.722000+00:00,30.181,35.517,35.857,215.0,242.0,False,101.555,"[None, 2048, 2048, 2048, 2048, 2048, 2048, 2048]","[2048, 2048, 2048, 2048, 2049, 2048, 2048, 2048]","[2048, 2048, 2048, 2048, 2048, 2048, 2048, 2048, 2048, 2048]",303.0
1294,11369,27,54,2026-09-13T14:33:36.457000+00:00,31.538,35.402,34.064,220.0,251.0,False,101.004,"[2048, 2048, 2048, 2048, 2048, 2048, 2048, 2048]","[2048, 2049, 2048, 2048, 2048, 2048, 2049, 2049]","[2048, 2048, 2048, 2048, 2048, 2048, 2048, 2048, 2048, 2048]",259.0
1294,11369,12,55,2026-09-13T14:33:37.752000+00:00,29.515,35.106,33.419,215.0,250.0,False,98.04,"[None, 2048, 2048, 2048, 2048, 2048, 2048, 2048]","[2048, 2048, 2048, 2048, 2048, 2048, 2048, 2048]","[2048, 2048, 2048, 2048, 2048, 2048, 2048, 2048, 2048, 2048]",290.0
1294,11369,3,55,2026-09-13T14:33:40.729000+00:00,29.583,34.596,33.056,225.0,254.0,False,97.235,"[None, 2048, 2048, 2048, 2048, 2048, 2048, 2048]","[2048, 2048, 2049, 2048, 2051, 2048, 2048, 2048]","[2048, 2048, 2048, 2048, 2048, 2048, 2048, 2048, 2048, 2048]",
1294,11369,1,55,2026-09-13T14:33:41.764000+00:00,29.268,34.658,32.861,224.0,260.0,False,96.787,"[None, 2048, 2048, 2048, 2048, 2048, 2048, 2048]","[2048, 2048, 2048, 2048, 2048, 2048, 2048, 2049]","[2048, 2048, 2049, 2048, 2048, 2048, 2048, 2048, 2048, 2048]",305.0
1294,11369,31,54,2026-09-13T14:33:46.573000+00:00,30.201,35.417,33.109,223.0,246.0,False,98.727,"[None, 2048, 2048, 2048, 2048, 2048, 2048, 2048]","[2048, 2048, 2048, 2048, 2048, 2048, 2048, 2048]","[2048, 2048, 2048, 2048, 2048, 2048, 2049, 2048, 2048, 2048]",291.0
1294,11369,5,54,2026-09-13T14:33:58.302000+00:00,29.972,35.608,32.853,224.0,247.0,False,98.433,"[None, 2048, 2048, 2048, 2048, 2048, 2048, 2048]","[2048, 2048, 2048, 2048, 2049, 2048, 2048, 2048]","[2048, 2048, 2048, 2048, 2048, 2048, 2048, 2048, 2048, 2048]",
1294,11369,14,53,2026-09-13T14:34:00.109000+00:00,30.651,35.919,33.064,218.0,245.0,False,99.634,"[None, 2048, 2048, 2048, 2048, 2048, 2048, 2048]","[2048, 2048, 2048, 2048, 2048, 2048, 2048, 2048]","[2048, 2048, 2048, 2048, 2048, 2048, 2048, 2048, 2048, 2048]",299.0
1294,11369,16,55,2026-09-13T14:34:05.687000+00:00,29.768,34.545,32.364,218.0,253.0,False,96.677,"[None, 2048, 2048, 2048, 2048, 2048, 2048, 2048]","[2048, 2048, 2051, 2049, 2048, 2048, 2048, 2048]","[2048, 2048, 2048, 2048, 2048, 2048, 2048, 2048, 2048, 2048]",
1294,11369,63,55,2026-09-13T14:34:06.640000+00:00,29.426,34.859,32.532,222.0,259.0,False,96.817,"[None, 2048, 2048, 2048, 2049, 2048, 2048, 2048]","[2048, 2048, 2048, 2048, 2048, 2048, 2048, 2049]","[2048, 2048, 2048, 2048, 2048, 2048, 2048, 2048, 2048, 2048]",311.0
1294,11369,77,52,2026-09-13T14:34:08.566000+00:00,31.111,36.88,34.426,216.0,231.0,False,102.417,"[None, 2048, 2048, 2048, 2048, 2048, 2048, 2048]","[2048, 2048, 2048, 2048, 2048, 2048, 2048, 2048]","[2048, 2048, 2048, 2048, 2048, 2048, 2048, 2048, 2048, 2048]",284.0
1294,11369,22,54,2026-09-13T14:34:32.591000+00:00,29.958,35.47,32.968,223.0,240.0,False,98.396,"[None, 2048, 2048, 2049, 2048, 2048, 2049, 2048]","[2048, 2048, 2048, 2049, 2048, 2048, 2049, 2048]","[2048, 2049, 2048, 2048, 2048, 2048, 2048, 2048, 2048, 2048]",304.0
1294,11369,23,54,2026-09-13T14:34:48.324000+00:00,30.377,36.243,33.9,217.0,244.0,False,100.52,"[None, 2048, 2048, 2048, 2048, 2048, 2048, 2048]","[2048, 2048, 2048, 2048, 2049, 2048, 2048, 2048]","[2048, 2048, 2048, 2048, 2048, 2048, 2048, 2048, 2048, 2048]",
1294,11369,30,55,2026-09-13T14:35:02.557000+00:00,30.057,34.744,32.655,218.0,251.0,False,97.456,"[2048, 2048, 2048, 2048, 2048, 2048, 2048, 2048]","[2049, 2048, 2048, 2049, 2048, 2048, 2051, 2048]","[2048, 2048, 2048, 2048, 2048, 2048, 2048, 2048, 2048, 2048]",292.0
1294,11369,10,55,2026-09-13T14:35:03.756000+00:00,31.39,36.232,37.091,208.0,241.0,False,104.713,"[None, 2048, 2048, 2048, 2048, 2048, 2048, 2048]","[2048, 2048, 2048, 2048, 2048, 2048, 2048, 2048]","[2048, 2048, 2048, 2048, 2048, 2048, 2064, 2064, 2064, 2064]",274.0
1294,11369,87,54,2026-09-13T14:35:03.987000+00:00,29.941,35.462,32.76,224.0,246.0,False,98.163,"[None, 2048, 2048, 2048, 2048, 2048, 2048, 2049]","[2048, 2048, 2048, 2049, 2048, 2048, 2048, 2048]","[2048, 2048, 2049, 2048, 2048, 2048, 2048, 2048, 2048, 2048]",
1294,11369,43,55,2026-09-13T14:35:05.405000+00:00,30.195,36.248,34.408,212.0,246.0,False,100.851,"[None, 2048, 2048, 2048, 2048, 2048, 2048, 2048]","[2048, 2048, 2048, 2048, 2048, 2048, 2048, 2048]","[2048, 2048, 2048, 2048, 2048, 2048, 2048, 2048, 2048, 2048]",286.0
1294,11369,81,55,2026-09-13T14:35:07.692000+00:00,30.252,35.273,33.459,212.0,253.0,False,98.984,"[None, 2048, 2048, 2048, 2048, 2048, 2048, 2048]","[2048, 2048, 2048, 2048, 2048, 2048, 2048, 2048]","[2048, 2048, 2048, 2048, 2048, 2048, 2048, 2048, 2048, 2048]",
1294,11369,12,56,2026-09-13T14:35:15.734000+00:00,29.326,34.957,32.406,219.0,255.0,False,96.689,"[None, 2048, 2048, 2048, 2048, 2048, 2048, 2048]","[2048, 2049, 2048, 2049, 2048, 2048, 2048, 2048]","[2048, 2048, 2048, 2048, 2048, 2048, 2048, 2048, 2048, 2048]",301.0
1294,11369,41,55,2026-09-13T14:35:17.279000+00:00,32.3,36.634,33.449,197.0,243.0,False,102.383,"[None, 2048, 2048, 2048, 2048, 2048, 2048, 2048]","[2048, 2048, 2048, 2048, 2048, 2048, 2048, 2048]","[2048, 2048, 2048, 2048, 2048, 2048, 2048, 2048, 2048, 2048]",254.0
1294,11369,27,55,2026-09-13T14:35:17.426000+00:00,32.191,36.998,33.448,193.0,245.0,False,102.637,"[2049, 2048, 2048, 2048, 2048, 2048, 2048, 2048]","[2048, 2048, 2048, 2048, 2048, 2048, 2049, 2049]","[2048, 2048, 2048, 2048, 2048, 2048, 2048, 2048, 2048, 2048]",252.0
1294,11369,3,56,2026-09-13T14:35:18.060000+00:00,30.489,34.874,32.474,220.0,255.0,False,97.837,"[None, 2048, 2048, 2048, 2048, 2049, 2048, 2048]","[2048, 2048, 2048, 2051, 2048, 2048, 2048, 2048]","[2048, 2049, 2049, 2049, 2048, 2048, 2048, 2048, 2048, 2048]",298.0
1294,11369,1,56,2026-09-13T14:35:18.435000+00:00,30.061,35.457,32.485,208.0,263.0,False,98.003,"[None, 2048, 2048, 2051, 2051, 2048, 2048, 2048]","[2048, 2048, 2048, 2048, 2048, 2048, 2048, 2049]","[2048, 2051, 2048, 2048, 2048, 2048, 2048, 2048, 2048, 2048]",276.0
1294,11369,31,55,2026-09-13T14:35:25.234000+00:00,30.111,35.649,33.355,,246.0,False,99.115,"[None, 2048, 2048, 2048, 2048, 2048, 2048, 2048]","[2048, 2048, 2048, 2048, 2048, 2048, 2048, 2048]","[2048, 2048, 2048, 2048, 2048, 2048, 2048, 2048, 2048, 2048]",296.0
1294,11369,5,55,2026-09-13T14:35:36.788000+00:00,29.862,36.406,33.19,228.0,236.0,False,99.458,"[None, 2048, 2048, 2049, 2048, 2048, 2048, 2048]","[2048, 2048, 2048, 2048, 2048, 2048, 2048, 2048]","[2048, 2048, 2048, 2048, 2048, 2048, 2048, 2048, 2048, 2048]",299.0
1294,11369,14,54,2026-09-13T14:35:39.725000+00:00,30.4,35.858,35.715,220.0,249.0,False,101.973,"[None, 2048, 2048, 2049, 2048, 2048, 2048, 2048]","[2048, 2048, 2048, 2048, 2048, 2048, 2048, 2048]","[2048, 2048, 2048, 2048, 2048, 2048, 2048, 2048, 2048, 2048]",292.0
1294,11369,16,56,2026-09-13T14:35:42.303000+00:00,29.654,34.924,32.689,223.0,250.0,False,97.267,"[2049, 2048, 2048, 2049, 2048, 2048, 2048, 2048]","[2048, 2048, 2048, 2048, 2048, 2048, 2048, 2048]","[2048, 2048, 2048, 2048, 2048, 2048, 2048, 2048, 2048, 2048]",298.0
1294,11369,63,56,2026-09-13T14:35:43.506000+00:00,29.429,35.196,32.681,225.0,255.0,False,97.306,"[2049, 2048, 2048, 2048, 2048, 2048, 2048, 2048]","[2048, 2048, 2048, 2048, 2048, 2048, 2048, 2048]","[2048, 2048, 2048, 2048, 2048, 2048, 2048, 2048, 2048, 2048]",301.0
1294,11369,77,53,2026-09-13T14:35:50.959000+00:00,31.123,37.38,34.25,212.0,241.0,False,102.753,"[None, 2048, 2048, 2048, 2048, 2048, 2048, 2048]","[2048, 2048, 2048, 2048, 2048, 2048, 2048, 2048]","[2048, 2048, 2048, 2048, 2048, 2048, 2048, 2048, 2048, 2048]",269.0
1294,11369,22,55,2026-09-13T14:36:11.011000+00:00,30.149,35.583,33.052,219.0,241.0,False,98.784,"[None, 2048, 2048, 2048, 2048, 2048, 2048, 2048]","[2048, 2048, 2048, 2048, 2048, 2048, 2048, 2048]","[2048, 2048, 2048, 2048, 2048, 2048, 2048, 2048, 2048, 2048]",303.0
1294,11369,23,55,2026-09-13T14:36:28.893000+00:00,30.362,38.986,33.998,225.0,234.0,False,103.346,"[None, 2048, 2048, 2048, 2048, 2048, 2048, 2048]","[2048, 2048, 2048, 2048, 2048, 2048, 2048, 2048]","[2048, 2048, 2048, 2048, 2048, 2048, 2048, 2048, 2048, 2048]",286.0
1294,11369,30,56,2026-09-13T14:36:40.034000+00:00,29.985,34.863,32.44,220.0,251.0,False,97.288,"[None, 2048, 2049, 2048, 2048, 2048, 2048, 2048]","[2048, 2048, 2048, 2048, 2048, 2048, 2048, 2048]","[2048, 2049, 2049, 2048, 2048, 2048, 2048, 2048, 2048, 2048]",289.0
1294,11369,87,55,2026-09-13T14:36:42.135000+00:00,29.837,35.689,33.359,220.0,245.0,False,98.885,"[2048, 2048, 2048, 2048, 2048, 2048, 2048, 2048]","[2048, 2048, 2048, 2048, 2048, 2048, 2048, 2048]","[2048, 2049, 2048, 2048, 2048, 2048, 2048, 2048, 2048, 2048]",304.0
1294,11369,43,56,2026-09-13T14:36:46.155000+00:00,29.941,35.14,32.934,225.0,256.0,False,98.015,"[None, 2048, 2048, 2048, 2048, 2048, 2048, 2048]","[2048, 2048, 2048, 2048, 2048, 2048, 2048, 2048]","[2048, 2048, 2048, 2048, 2048, 2048, 2048, 2048, 2048, 2048]",304.0
1294,11369,81,56,2026-09-13T14:36:46.729000+00:00,30.228,35.457,33.029,211.0,252.0,False,98.714,"[None, 2048, 2048, 2048, 2048, 2049, 2048, 2048]","[2048, 2048, 2048, 2048, 2048, 2048, 2048, 2048]","[2048, 2048, 2048, 2048, 2048, 2048, 2048, 2048, 2048, 2048]",276.0
1294,11369,10,56,2026-09-13T14:36:48.588000+00:00,54.098,34.791,32.16,213.0,258.0,True,121.049,"[2064, 2064, 2064, 2064, 2048, 2048, 2048, 2048]","[2048, 2049, 2048, 2049, 2049, 2048, 2048, 2049]","[2049, 2049, 2049, 2049, 2049, 2049, 2051, 2048, 2049, 2048]",268.0
1294,11369,12,57,2026-09-13T14:36:52.369000+00:00,29.167,34.661,32.202,220.0,257.0,False,96.03,"[None, 2048, 2048, 2048, 2048, 2048, 2048, 2048]","[2048, 2048, 2048, 2049, 2048, 2048, 2048, 2049]","[2048, 2048, 2048, 2048, 2048, 2048, 2048, 2048, 2048]",294.0
1294,11369,3,57,2026-09-13T14:36:55.835000+00:00,29.741,34.596,32.664,221.0,256.0,False,97.001,"[None, 2048, 2048, 2048, 2048, 2048, 2048, 2048]","[2048, 2048, 2049, 2048, 2048, 2048, 2048, 2048]","[2048, 2048, 2048, 2048, 2048, 2048, 2048, 2048, 2048, 2048]",296.0
1294,11369,1,57,2026-09-13T14:36:56.427000+00:00,29.428,35.079,32.511,221.0,257.0,False,97.018,"[None, 2048, 2048, 2048, 2048, 2048, 2048, 2048]","[2048, 2048, 2048, 2048, 2048, 2048, 2048, 2048]","[2048, 2048, 2048, 2048, 2048, 2048, 2048, 2048, 2048, 2048]",285.0
1294,11369,41,56,2026-09-13T14:36:59.628000+00:00,30.152,35.701,33.381,213.0,242.0,False,99.234,"[None, 2048, 2048, 2048, 2048, 2048, 2048, 2048]","[2048, 2048, 2048, 2048, 2048, 2048, 2048, 2048]","[2048, 2048, 2048, 2048, 2048, 2048, 2048, 2048, 2048, 2048]",295.0
1294,11369,27,56,2026-09-13T14:37:00.093000+00:00,30.175,35.978,33.493,215.0,241.0,False,99.646,"[2048, 2048, 2048, 2048, 2049, 2048, 2048, 2048]","[2048, 2048, 2048, 2048, 2048, 2048, 2048, 2048]","[2048, 2048, 2048, 2048, 2048, 2048, 2048, 2048, 2048, 2048]",280.0
1294,11369,31,56,2026-09-13T14:37:04.472000+00:00,30.092,35.764,33.318,227.0,247.0,False,99.174,"[None, 2048, 2048, 2048, 2048, 2048, 2048, 2048]","[2048, 2048, 2048, 2048, 2048, 2048, 2048, 2048]","[2048, 2048, 2048, 2048, 2048, 2048, 2048, 2048, 2048, 2048]",299.0
1294,11369,5,56,2026-09-13T14:37:16.296000+00:00,30.097,36.465,34.023,224.0,234.0,False,100.585,"[None, 2048, 2048, 2048, 2048, 2048, 2048, 2048]","[2048, 2048, 2048, 2048, 2048, 2048, 2048, 2048]","[2048, 2048, 2048, 2048, 2048, 2048, 2048, 2048, 2048, 2048]",290.0
1294,11369,16,57,2026-09-13T14:37:19.593000+00:00,30.024,34.928,32.997,219.0,254.0,False,97.949,"[2048, 2048, 2048, 2048, 2048, 2048, 2048, 2048]","[2048, 2048, 2048, 2048, 2048, 2048, 2048, 2048]","[2048, 2048, 2048, 2048, 2048, 2048, 2048, 2048, 2048, 2048]",288.0
1294,11369,63,57,2026-09-13T14:37:20.750000+00:00,29.466,35.235,32.81,226.0,257.0,False,97.511,"[None, 2048, 2048, 2048, 2048, 2048, 2048, 2048]","[2048, 2048, 2048, 2048, 2048, 2048, 2048, 2048]","[2048, 2048, 2048, 2048, 2048, 2048, 2048, 2048, 2048, 2048]",304.0
1294,11369,14,55,2026-09-13T14:37:21.687000+00:00,30.306,36.278,33.907,218.0,238.0,False,100.491,"[None, 2048, 2048, 2048, 2048, 2048, 2048, 2048]","[2048, 2048, 2048, 2048, 2048, 2048, 2048, 2048]","[2048, 2048, 2048, 2048, 2048, 2048, 2048, 2048, 2048, 2048]",277.0
1294,11369,77,54,2026-09-13T14:37:33.761000+00:00,31.063,37.6,35.255,218.0,226.0,False,103.918,"[None, 2049, 2048, 2048, 2048, 2048, 2048, 2048]","[2048, 2048, 2048, 2048, 2048, 2048, 2048, 2048]","[2048, 2048, 2048, 2048, 2048, 2048, 2048, 2048, 2048, 2048]",278.0
1294,11369,22,56,2026-09-13T14:37:49.831000+00:00,30.052,35.688,33.078,220.0,243.0,False,98.818,"[None, 2048, 2048, 2049, 2048, 2048, 2048, 2048]","[2048, 2048, 2048, 2048, 2048, 2048, 2048, 2048]","[2048, 2048, 2048, 2048, 2048, 2048, 2048, 2048, 2048]",299.0
1294,11369,23,56,2026-09-13T14:38:12.210000+00:00,31.151,37.147,34.17,215.0,244.0,False,102.468,"[None, 2048, 2048, 2048, 2048, 2048, 2048, 2048]","[2048, 2048, 2048, 2048, 2048, 2048, 2048, 2048]","[2048, 2048, 2048, 2048, 2048, 2048, 2048, 2048, 2048, 2048]",268.0
1294,11369,30,57,2026-09-13T14:38:17.392000+00:00,29.899,34.675,33.278,223.0,252.0,False,97.852,"[None, 2048, 2048, 2048, 2048, 2048, 2048, 2048]","[2048, 2048, 2049, 2049, 2048, 2048, 2048, 2048]","[2048, 2048, 2048, 2048, 2048, 2048, 2048, 2048, 2048, 2048]",292.0
1294,11369,87,56,2026-09-13T14:38:21.096000+00:00,29.594,35.045,32.672,226.0,246.0,False,97.311,"[None, 2048, 2048, 2048, 2048, 2048, 2048, 2051]","[2048, 2049, 2048, 2048, 2049, 2048, 2049, 2049]","[2048, 2049, 2049, 2048, 2048, 2048, 2048, 2048, 2048, 2048]",307.0
1294,11369,43,57,2026-09-13T14:38:24.221000+00:00,29.566,35.625,33.297,221.0,250.0,False,98.488,"[None, 2048, 2048, 2048, 2048, 2048, 2048, 2048]","[2048, 2048, 2048, 2048, 2048, 2048, 2048, 2048]","[2048, 2048, 2048, 2048, 2048, 2048, 2048, 2048, 2048, 2048]",309.0
1294,11369,81,57,2026-09-13T14:38:25.408000+00:00,30.215,35.277,33.379,217.0,248.0,False,98.871,"[None, 2048, 2048, 2048, 2048, 2048, 2048, 2048]","[2048, 2048, 2048, 2048, 2048, 2048, 2048, 2048]","[2048, 2048, 2048, 2048, 2048, 2048, 2048, 2048, 2048, 2048]",292.0
