meeting_key,session_key,driver_number,lap_number,date_start,duration_sector_1,duration_sector_2,duration_sector_3,i1_speed,i2_speed,is_pit_out_lap,lap_duration,segments_sector_1,segments_sector_2,segments_sector_3,st_speed
1289,11326,16,1,2026-07-05T14:03:54.054000+00:00,32.841,38.001,25.919,294.0,256.0,False,96.761,"[2048, 2051, 2051, 2051, 2051, 2049, 2049]","[2049, 2051, 2051, 2049, 2049, 2051, 2049, 2049, 2051, 2049]","[2049, 2049, 2049, 2049, 2049, 2049, 2051, 2051, 2051, 2051]",298.0
1289,11326,44,1,2026-07-05T14:03:54.054000+00:00,33.127,38.368,25.814,307.0,258.0,False,97.309,"[None, 2049, 2049, 2049, 2049, 2049, 2049]","[2049, 2049, 2049, 2049, 2049, 2049, 2049, 2049, 2049, 2049]","[2049, 2049, 2049, 2051, 2049, 2049, 2049, 2049, 2049, 2049]",311.0
1289,11326,12,1,2026-07-05T14:03:54.054000+00:00,33.637,38.438,25.774,301.0,262.0,False,97.849,"[None, 2049, 2049, 2049, 2049, 2049, 2049]","[2049, 2049, 2049, 2049, 2049, 2049, 2049, 2049, 2049, 2051]","[2049, 2049, 2049, 2049, 2049, 2049, 2049, 2049, 2049, 2051]",316.0
1289,11326,63,1,2026-07-05T14:03:54.054000+00:00,33.625,38.912,25.976,320.0,264.0,False,98.513,"[None, 2049, 2049, 2049, 2049, 2051, 2051]","[2049, 2049, 2049, 2049, 2049, 2049, 2049, 2049, 2049, 2049]","[2051, 2049, 2049, 2049, 2049, 2049, 2049, 2049, 2049, 2049]",332.0
1289,11326,6,1,2026-07-05T14:03:54.054000+00:00,34.096,39.212,25.966,314.0,256.0,False,99.274,"[2048, 2049, 2049, 2049, 2049, 2049, 2049]","[2049, 2049, 2049, 2049, 2049, 2049, 2051, 2051, 2049, 2049]","[2049, 2049, 2049, 2049, 2049, 2051, 2049, 2049, 2049, 2049]",311.0
1289,11326,3,1,2026-07-05T14:03:54.054000+00:00,34.904,38.936,25.905,302.0,256.0,False,99.745,"[2048, 2049, 2049, 2049, 2049, 2049, 2049]","[2049, 2049, 2049, 2049, 2049, 2049, 2049, 2049, 2049, 2049]","[2049, 2049, 2049, 2049, 2051, 2049, 2049, 2049, 2049, 2049]",313.0
1289,11326,1,1,2026-07-05T14:03:54.054000+00:00,34.96,39.496,26.468,325.0,254.0,False,100.924,"[None, 2049, 2049, 2049, 2049, 2049, 2049]","[2051, 2049, 2049, 2051, 2049, 2049, 2049, 2049, 2049, 2049]","[2049, 2049, 2049, 2049, 2049, 2049, 2049, 2049, 2049, 2049]",307.0
1289,11326,30,1,2026-07-05T14:03:54.054000+00:00,35.46,39.931,26.268,309.0,256.0,False,101.659,"[None, 2049, 2049, 2049, 2049, 2049, 2049]","[2049, 2049, 2049, 2049, 2049, 2049, 2049, 2049, 2049, 2049]","[2049, 2049, 2049, 2049, 2049, 2049, 2049, 2049, 2049, 0]",317.0
1289,11326,41,1,2026-07-05T14:03:54.054000+00:00,35.59,41.421,26.48,315.0,252.0,False,103.491,"[None, 2049, 2049, 2049, 2049, 2049, 2049]","[2049, 2049, 2049, 2049, 2049, 2049, 2049, 2049, 2049, 2049]","[2049, 2049, 2049, 2049, 2049, 2049, 2049, 2049, 2049, 2049]",311.0
1289,11326,55,1,2026-07-05T14:03:54.054000+00:00,36.484,40.704,27.146,316.0,251.0,False,104.334,"[2048, 2049, 2049, 2049, 2049, 2049, 2049]","[2049, 2049, 2049, 2049, 2051, 2049, 2049, 2049, 2049, 2049]","[2049, 2049, 2049, 2049, 2049, 2049, 2049, 2049, 2049, 2049]",302.0
1289,11326,31,1,2026-07-05T14:03:54.054000+00:00,36.605,40.985,27.327,312.0,259.0,False,104.917,"[2048, 2049, 2049, 2049, 2049, 2049, 2049]","[2049, 2049, 2049, 2049, 2049, 2049, 2049, 2049, 2049, 2049]","[2049, 2049, 2049, 2049, 2049, 2049, 2049, 2049, 2049, 0]",318.0
1289,11326,10,1,2026-07-05T14:03:54.054000+00:00,36.885,41.201,27.363,308.0,260.0,False,105.449,"[None, 2049, 2049, 2049, 2049, 2049, 2049]","[2049, 2049, 2049, 2049, 2049, 2049, 2049, 2049, 2049, 2049]","[2049, 2051, 2051, 2049, 2049, 2049, 2049, 2049, 2049, 2049]",336.0
1289,11326,5,1,2026-07-05T14:03:54.054000+00:00,36.237,41.287,28.007,315.0,250.0,False,105.531,"[2048, 2049, 2049, 2049, 2049, 2049, 2049]","[2049, 2049, 2049, 2049, 2049, 2049, 2049, 2049, 2049, 2049]","[2049, 2049, 2049, 2049, 2049, 2049, 2049, 2049, 2049, 0]",308.0
1289,11326,81,1,2026-07-05T14:03:54.054000+00:00,35.516,41.312,29.039,306.0,247.0,False,105.867,"[None, 2049, 2049, 2049, 2049, 2049, 2049]","[2049, 2049, 2049, 2049, 2049, 2049, 2049, 2049, 2049, 2049]","[2049, 2049, 2049, 2049, 2049, 2049, 2049, 2049, 2049, 2049]",292.0
1289,11326,27,1,2026-07-05T14:03:54.054000+00:00,36.88,41.393,27.77,314.0,256.0,False,106.043,"[2048, 2049, 2049, 2049, 2049, 2049, 2049]","[2049, 2049, 2049, 2049, 2049, 2049, 2049, 2049, 2049, 2049]","[2049, 2049, 2049, 2049, 2049, 2049, 2049, 2049, 2049, 0]",316.0
1289,11326,43,1,2026-07-05T14:03:54.054000+00:00,36.975,42.015,27.603,318.0,262.0,False,106.593,"[2049, 2049, 2049, 2049, 2049, 2049, 2049]","[2049, 2049, 2049, 2049, 2049, 2049, 2049, 2049, 2049, 2049]","[2049, 2049, 2049, 2049, 2049, 2049, 2049, 2049, 2049, 2049]",334.0
1289,11326,11,1,2026-07-05T14:03:54.054000+00:00,37.297,42.152,27.509,317.0,253.0,False,106.958,"[2049, 2049, 2049, 2049, 2049, 2049, 2049]","[2049, 2049, 2049, 2049, 2049, 2049, 2049, 2049, 2049, 2049]","[2049, 2049, 2049, 2049, 2049, 2049, 2049, 2049, 2049, 2049]",311.0
1289,11326,77,1,2026-07-05T14:03:54.054000+00:00,38.332,41.95,27.355,282.0,253.0,False,107.637,"[2049, 2049, 2049, 2049, 2049, 2049, 2049]","[2049, 2049, 2049, 2049, 2049, 2049, 2049, 2049, 2049, 2049]","[2049, 2049, 2049, 2049, 2049, 2049, 2049, 2049, 2049, 2049]",312.0
1289,11326,18,1,2026-07-05T14:03:54.054000+00:00,38.074,42.968,27.328,300.0,251.0,False,108.37,"[2049, 2049, 2049, 2049, 2049, 2049, 2049]","[2049, 2049, 2049, 2049, 2049, 2049, 2049, 2049, 2049, 2049]","[2049, 2049, 2049, 2049, 2049, 2049, 2049, 2049, 2049, 2049]",309.0
1289,11326,87,1,2026-07-05T14:03:54.054000+00:00,37.637,45.662,26.726,300.0,257.0,False,110.025,"[None, 2049, 2049, 2049, 2049, 2049, 2049]","[2049, 2049, 2049, 2049, 2049, 2049, 2049, 2049, 2049, 2049]","[2049, 2049, 2049, 2049, 2049, 2049, 2049, 2049, 2049, 2049]",308.0
1289,11326,14,1,2026-07-05T14:03:54.054000+00:00,43.385,40.971,27.126,286.0,251.0,False,111.482,"[2064, 2064, 2049, 2049, 2049, 2049, 2049]","[2049, 2049, 2049, 2049, 2049, 2049, 2049, 2049, 2049, 2049]","[2049, 2049, 2049, 2049, 2049, 2049, 2049, 2049, 2049, 2049]",302.0
1289,11326,23,1,2026-07-05T14:03:54.054000+00:00,37.614,65.963,39.205,308.0,147.0,False,142.782,"[2048, 2049, 2049, 2049, 2049, 2049, 2049]","[2049, 2049, 2049, 2049, 2049, 2049, 2049, 2049, 2049, 2049]","[2049, 2049, 2049, 2049, 2049, 2064, 2064, 2064, 2064, 2064]",166.0
1289,11326,16,2,2026-07-05T14:05:30.815000+00:00,29.982,38.284,25.65,304.0,255.0,False,93.916,"[2049, 2049, 2048, 2048, 2048, 2049, 2049]","[2049, 2048, 2048, 2048, 2048, 2051, 2048, 2048, 2051, 2048]","[2048, 2049, 2049, 2051, 2049, 2049, 2051, 2051, 2051]",300.0
1289,11326,44,2,2026-07-05T14:05:31.363000+00:00,29.917,38.564,25.745,314.0,259.0,False,94.226,"[2049, 2049, 2048, 2048, 2048, 2049, 2049]","[2049, 2049, 2048, 2048, 2049, 2048, 2048, 2049, 2049, 2048]","[2049, 2049, 2049, 2048, 2048, 2048, 2049, 2048, 2049, 2049]",316.0
1289,11326,12,2,2026-07-05T14:05:31.903000+00:00,29.781,38.76,25.873,311.0,255.0,False,94.414,"[2051, 2051, 2048, 2048, 2049, 2049, 2049]","[2048, 2049, 2049, 2049, 2049, 2048, 2048, 2049, 2048, 2048]","[2048, 2048, 2048, 2049, 2049, 2049, 2048, 2048, 2049, 2051]",310.0
1289,11326,63,2,2026-07-05T14:05:32.567000+00:00,30.687,38.459,25.663,309.0,260.0,False,94.809,"[2049, 2049, 2048, 2049, 2048, 2048, 2048]","[2048, 2049, 2049, 2048, 2048, 2049, 2048, 2049, 2049, 2051]","[2048, 2048, 2048, 2049, 2049, 2049, 2049, 2049, 2049, 2049]",312.0
1289,11326,6,2,2026-07-05T14:05:33.328000+00:00,30.149,39.107,25.689,313.0,258.0,False,94.945,"[2049, 2049, 2048, 2048, 2049, 2051, 2049]","[2049, 2048, 2048, 2048, 2049, 2048, 2048, 2048, 2049, 2049]","[2049, 2049, 2049, 2049, 2048, 2048, 2049, 2049, 2049, 2048]",328.0
1289,11326,3,2,2026-07-05T14:05:33.799000+00:00,30.134,38.98,25.805,310.0,261.0,False,94.919,"[2049, 2049, 2048, 2049, 2049, 2049, 2049]","[2049, 2049, 2049, 2051, 2048, 2048, 2048, 2048, 2048, 2048]","[2049, 2049, 2049, 2048, 2048, 2048, 2048, 2049, 2049, 2049]",330.0
1289,11326,1,2,2026-07-05T14:05:34.978000+00:00,30.17,38.718,25.948,301.0,255.0,False,94.836,"[2049, 2049, 2049, 2048, 2049, 2048, 2048]","[2048, 2049, 2049, 2048, 2049, 2049, 2049, 2049, 2049, 2049]","[2049, 2049, 2048, 2049, 2049, 2049, 2049, 2049, 2049, 2049]",304.0
1289,11326,30,2,2026-07-05T14:05:35.713000+00:00,30.707,39.2,26.176,296.0,255.0,False,96.083,"[2049, 2049, 2049, 2049, 2049, 2048, 2048]","[2049, 2049, 2048, 2049, 2048, 2049, 2049, 2049, 2049, 2048]","[2048, 2048, 2048, 2048, 2049, 2049, 2049, 2049, 2049, 2049]",303.0
1289,11326,41,2,2026-07-05T14:05:37.545000+00:00,30.578,39.289,26.336,297.0,255.0,False,96.203,"[2049, 2049, 2048, 2049, 2049, 2049, 2048]","[2049, 2049, 2049, 2048, 2048, 2049, 2049, 2049, 2049, 2049]","[2049, 2049, 2048, 2048, 2049, 2049, 2049, 2048, 2049, 2049]",302.0
1289,11326,55,2,2026-07-05T14:05:38.388000+00:00,31.004,39.164,26.359,287.0,256.0,False,96.527,"[2049, 2049, 2049, 2049, 2049, 2049, 2048]","[2049, 2049, 2049, 2049, 2048, 2049, 2049, 2049, 2049, 2049]","[2049, 2048, 2048, 2049, 2049, 2049, 2049, 2049, 2049, 2049]",308.0
1289,11326,31,2,2026-07-05T14:05:38.971000+00:00,30.759,39.56,26.884,297.0,259.0,False,97.203,"[2049, 2049, 2049, 2049, 2049, 2049, 2048]","[2049, 2049, 2049, 2049, 2049, 2049, 2048, 2049, 2049, 2049]","[2048, 2048, 2048, 2048, 2049, 2048, 2049, 2049, 2048, 2049]",308.0
1289,11326,10,2,2026-07-05T14:05:39.503000+00:00,31.118,39.719,26.545,,259.0,False,97.382,"[2049, 2049, 2049, 2049, 2049, 2049, 2049]","[2049, 2049, 2049, 2049, 2049, 2049, 2049, 2049, 2049, 2049]","[2048, 2048, 2048, 2049, 2049, 2048, 2049, 2049, 2048, 2049]",336.0
1289,11326,5,2,2026-07-05T14:05:39.585000+00:00,30.728,39.366,26.04,295.0,256.0,False,96.134,"[2049, 2049, 2049, 2049, 2049, 2049, 2048]","[2049, 2049, 2049, 2049, 2049, 2049, 2049, 2049, 2049, 2049]","[2049, 2049, 2049, 2049, 2049, 2049, 2049, 2048, 2048, 2049]",332.0
1289,11326,81,2,2026-07-05T14:05:39.921000+00:00,36.201,52.643,32.12,228.0,181.0,False,120.964,"[2049, 2048, 2048, 2048, 2048, 2048, 2048]","[2048, 2048, 2048, 2048, 2048, 2048, 2048, 2048, 2048, 2048]","[2048, 2048, 2048, 2048, 2048, 2064, 2064, 2064, 2064, 2064]",222.0
1289,11326,27,2,2026-07-05T14:05:40.097000+00:00,31.313,46.849,26.477,295.0,254.0,False,104.639,"[2049, 2049, 2049, 2049, 2049, 2049, 2048]","[2049, 2049, 2048, 2048, 2048, 2048, 2049, 2048, 2049, 2048]","[2048, 2049, 2049, 2048, 2049, 2049, 2049, 2049, 2049, 2049]",320.0
1289,11326,43,2,2026-07-05T14:05:40.647000+00:00,31.003,40.014,26.188,320.0,258.0,False,97.205,"[None, 2049, 2049, 2049, 2049, 2049, 2049]","[2049, 2049, 2049, 2049, 2049, 2049, 2049, 2049, 2049, 2049]","[2048, 2048, 2048, 2049, 2049, 2049, 2049, 2049, 2049, 2049]",328.0
1289,11326,11,2,2026-07-05T14:05:41.012000+00:00,31.392,40.0,26.389,302.0,258.0,False,97.781,"[None, 2049, 2048, 2049, 2049, 2049, 2048]","[2049, 2049, 2049, 2049, 2049, 2049, 2049, 2049, 2049, 2049]","[2049, 2049, 2049, 2049, 2049, 2049, 2049, 2049, 2049, 2049]",315.0
1289,11326,77,2,2026-07-05T14:05:41.691000+00:00,31.116,40.98,26.612,288.0,256.0,False,98.708,"[None, 2049, 2049, 2049, 2049, 2049, 2048]","[2048, 2049, 2048, 2048, 2048, 2049, 2048, 2049, 2049, 2049]","[2049, 2049, 2049, 2049, 2049, 2049, 2049, 2049, 2049, 2049]",313.0
1289,11326,18,2,2026-07-05T14:05:42.424000+00:00,31.497,40.854,27.538,290.0,253.0,False,99.889,"[None, 2049, 2049, 2049, 2049, 2048, 2048]","[2049, 2049, 2049, 2049, 2049, 2049, 2048, 2049, 2049, 2049]","[2049, 2049, 2049, 2048, 2049, 2048, 2048, 2048, 2048]",307.0
1289,11326,87,2,2026-07-05T14:05:44.079000+00:00,31.131,40.153,26.549,293.0,256.0,False,97.833,"[2049, 2049, 2049, 2049, 2049, 2049, 2048]","[2048, 2049, 2049, 2049, 2049, 2049, 2048, 2048, 2048, 2048]","[2049, 2049, 2049, 2048, 2049, 2049, 2048, 2049, 2049]",319.0
1289,11326,14,2,2026-07-05T14:05:45.536000+00:00,31.526,40.994,27.511,281.0,250.0,False,100.031,"[2049, 2049, 2049, 2049, 2048, 2048, 2048]","[2048, 2049, 2048, 2048, 2048, 2049, 2049, 2049, 2049, 2048]","[2048, 2048, 2048, 2048, 2049, 2048, 2048, 2048, 2048, 2048]",297.0
1289,11326,23,2,2026-07-05T14:06:16.836000+00:00,66.877,39.698,26.807,289.0,250.0,True,133.382,"[2064, 2064, 2049, 2049, 2049, 2048, 2048]","[2048, 2049, 2049, 2049, 2049, 2049, 2049, 2049, 2049, 2049]","[2049, 2049, 2049, 2049, 2049, 2049, 2049, 2049, 2049, 2049]",294.0
1289,11326,16,3,2026-07-05T14:07:04.558000+00:00,29.923,38.167,25.905,305.0,253.0,False,93.995,"[None, 2049, 2048, 2048, 2048, 2048, 2049]","[2049, 2051, 2048, 2048, 2049, 2051, 2049, 2049, 2048, 2048]","[2048, 2048, 2048, 2048, 2049, 2048, 2051, 2048, 2048, 2048]",297.0
1289,11326,44,3,2026-07-05T14:07:05.611000+00:00,29.71,38.461,25.879,315.0,256.0,False,94.05,"[None, 2049, 2048, 2049, 2051, 2048, 2048]","[2049, 2049, 2048, 2048, 2048, 2048, 2049, 2048, 2049, 2048]","[2048, 2048, 2048, 2048, 2048, 2048, 2048, 2048, 2048, 2048]",312.0
1289,11326,12,3,2026-07-05T14:07:06.319000+00:00,29.661,38.357,26.032,312.0,254.0,False,94.05,"[None, 2049, 2049, 2048, 2049, 2048, 2048]","[2049, 2049, 2048, 2048, 2049, 2049, 2051, 2051, 2048, 2048]","[2048, 2048, 2048, 2049, 2048, 2048, 2048, 2048, 2048, 2048]",312.0
1289,11326,63,3,2026-07-05T14:07:07.548000+00:00,30.147,38.492,26.086,305.0,256.0,False,94.725,"[None, 2049, 2049, 2049, 2049, 2048, 2048]","[2048, 2049, 2048, 2048, 2048, 2048, 2049, 2049, 2049, 2048]","[2048, 2048, 2048, 2048, 2048, 2048, 2048, 2048, 2048, 2048]",307.0
1289,11326,6,3,2026-07-05T14:07:08.248000+00:00,30.737,39.556,26.079,308.0,256.0,False,96.372,"[2048, 2049, 2048, 2048, 2048, 2048, 2048]","[2048, 2049, 2048, 2049, 2048, 2048, 2048, 2048, 2048, 2048]","[2048, 2049, 2049, 2048, 2048, 2048, 2048, 2048, 2048, 2048]",331.0
1289,11326,3,3,2026-07-05T14:07:08.719000+00:00,30.125,38.998,26.004,296.0,256.0,False,95.127,"[None, 2051, 2049, 2049, 2048, 2048, 2048]","[2048, 2049, 2049, 2048, 2048, 2048, 2048, 2048, 2049, 2048]","[2048, 2048, 2048, 2049, 2048, 2048, 2049, 2048, 2048, 2048]",305.0
1289,11326,1,3,2026-07-05T14:07:09.714000+00:00,30.061,38.936,26.244,299.0,255.0,False,95.241,"[None, 2049, 2048, 2049, 2048, 2048, 2048]","[2048, 2049, 2048, 2048, 2049, 2048, 2049, 2048, 2048, 2048]","[2049, 2049, 2049, 2048, 2048, 2048, 2048, 2049, 2048, 2048]",308.0
1289,11326,30,3,2026-07-05T14:07:11.846000+00:00,30.311,39.518,26.426,292.0,254.0,False,96.255,"[None, 2049, 2049, 2049, 2049, 2048, 2048]","[2049, 2049, 2048, 2048, 2048, 2048, 2048, 2048, 2048, 2048]","[2048, 2048, 2048, 2048, 2048, 2048, 2048, 2049, 2048, 2048]",299.0
1289,11326,41,3,2026-07-05T14:07:13.692000+00:00,30.256,39.387,26.316,296.0,254.0,False,95.959,"[None, 2049, 2048, 2049, 2049, 2048, 2048]","[2048, 2049, 2049, 2048, 2048, 2048, 2049, 2048, 2048, 2048]","[2048, 2049, 2048, 2048, 2049, 2049, 2048, 2049, 2048, 2048]",301.0
1289,11326,55,3,2026-07-05T14:07:14.997000+00:00,30.254,39.468,26.748,293.0,253.0,False,96.47,"[None, 2049, 2049, 2048, 2049, 2049, 2048]","[2049, 2049, 2048, 2048, 2048, 2048, 2048, 2049, 2048, 2048]","[2048, 2048, 2048, 2048, 2048, 2048, 2048, 2048, 2048, 2048]",304.0
1289,11326,5,3,2026-07-05T14:07:15.771000+00:00,30.357,39.114,26.698,292.0,253.0,False,96.169,"[None, 2049, 2049, 2049, 2049, 2048, 2048]","[2049, 2049, 2049, 2048, 2048, 2049, 2048, 2048, 2049, 2048]","[2048, 2048, 2048, 2048, 2048, 2049, 2048, 2048, 2048, 2049]",308.0
1289,11326,31,3,2026-07-05T14:07:16.404000+00:00,30.471,39.449,27.202,298.0,254.0,False,97.122,"[None, 2049, 2049, 2048, 2049, 2049, 2048]","[2049, 2049, 2048, 2049, 2049, 2049, 2049, 2049, 2049, 2048]","[2048, 2048, 2048, 2048, 2048, 2048, 2049, 2048, 2048, 2048]",306.0
1289,11326,10,3,2026-07-05T14:07:16.948000+00:00,30.552,39.314,26.156,294.0,258.0,False,96.022,"[None, 2049, 2049, 2049, 2049, 2048, 2048]","[2049, 2049, 2048, 2049, 2049, 2049, 2049, 2049, 2049, 2048]","[2048, 2048, 2051, 2048, 2049, 2049, 2049, 2048, 2049, 2049]",344.0
1289,11326,43,3,2026-07-05T14:07:17.837000+00:00,30.948,39.167,26.562,293.0,253.0,False,96.677,"[None, 2049, 2049, 2049, 2048, 2048, 2048]","[2048, 2049, 2049, 2049, 2049, 2049, 2049, 2049, 2049, 2048]","[2048, 2048, 2048, 2048, 2049, 2048, 2048, 2048, 2049, 2049]",307.0
1289,11326,11,3,2026-07-05T14:07:18.845000+00:00,30.41,39.585,26.939,298.0,253.0,False,96.934,"[None, 2049, 2049, 2049, 2049, 2048, 2048]","[2048, 2048, 2049, 2049, 2048, 2049, 2049, 2049, 2049, 2048]","[2048, 2048, 2048, 2048, 2048, 2048, 2048, 2048, 2048, 2048]",307.0
1289,11326,77,3,2026-07-05T14:07:20.432000+00:00,30.84,39.779,26.908,290.0,253.0,False,97.527,"[None, 2049, 2049, 2049, 2049, 2048, 2048]","[2049, 2049, 2049, 2049, 2049, 2049, 2048, 2048, 2049, 2048]","[2048, 2048, 2048, 2048, 2048, 2048, 2048, 2048, 2049, 2049]",302.0
1289,11326,87,3,2026-07-05T14:07:21.938000+00:00,30.648,39.82,26.905,294.0,248.0,False,97.373,"[None, 2049, 2049, 2049, 2049, 2049, 2049]","[2049, 2049, 2049, 2049, 2049, 2049, 2048, 2048, 2049, 2048]","[2048, 2048, 2048, 2048, 2048, 2048, 2049, 2048, 2048, 2048]",298.0
1289,11326,18,3,2026-07-05T14:07:22.241000+00:00,30.949,40.805,27.01,295.0,250.0,False,98.764,"[None, 2049, 2049, 2049, 2049, 2048, 2048]","[2049, 2049, 2049, 2049, 2048, 2049, 2049, 2048, 2049, 2048]","[2048, 2048, 2048, 2048, 2049, 2049, 2049, 2048, 2048, 2048]",302.0
1289,11326,27,3,2026-07-05T14:07:24.844000+00:00,30.737,39.602,26.464,288.0,252.0,False,96.803,"[None, 2049, 2049, 2049, 2049, 2048, 2048]","[2048, 2049, 2049, 2049, 2048, 2049, 2049, 2049, 2049, 2048]","[2048, 2048, 2048, 2048, 2049, 2049, 2049, 2048, 2048, 2049]",300.0
1289,11326,14,3,2026-07-05T14:07:25.556000+00:00,31.286,40.494,26.852,286.0,248.0,False,98.632,"[None, 2048, 2048, 2049, 2049, 2048, 2048]","[2048, 2049, 2049, 2048, 2048, 2049, 2049, 2049, 2049, 2048]","[2048, 2049, 2049, 2048, 2049, 2049, 2049, 2048, 2048, 2049]",302.0
1289,11326,81,3,2026-07-05T14:07:40.903000+00:00,62.771,38.61,25.834,298.0,260.0,True,127.215,"[2064, 2064, 2048, 2049, 2049, 2049, 2048]","[2049, 2049, 2049, 2049, 2049, 2049, 2049, 2049, 2049, 2049]","[2049, 2049, 2049, 2049, 2049, 2049, 2049, 2049, 2049, 2051]",297.0
1289,11326,23,3,2026-07-05T14:08:30.191000+00:00,30.272,39.016,26.528,292.0,251.0,False,95.816,"[2049, 2049, 2049, 2049, 2049, 2049, 2048]","[2049, 2049, 2049, 2048, 2049, 2049, 2049, 2049, 2049, 2049]","[2049, 2048, 2048, 2049, 2049, 2049, 2049, 2048, 2049, 2049]",293.0
1289,11326,16,4,2026-07-05T14:08:38.659000+00:00,29.976,38.148,25.613,,257.0,False,93.737,"[2048, 2049, 2048, 2048, 2048, 2048, 2049]","[2049, 2048, 2048, 2048, 2048, 2048, 2049, 2049, 2048, 2048]","[2049, 2049, 2049, 2048, 2049, 2049, 2048, 2048, 2048, 2048]",303.0
1289,11326,44,4,2026-07-05T14:08:39.746000+00:00,29.722,38.638,25.583,316.0,257.0,False,93.943,"[None, 2049, 2049, 2048, 2048, 2048, 2049]","[2048, 2048, 2048, 2048, 2048, 2048, 2049, 2048, 2048, 2048]","[2048, 2048, 2048, 2048, 2051, 2051, 2049, 2048, 2048, 2048]",309.0
1289,11326,12,4,2026-07-05T14:08:40.418000+00:00,29.815,38.584,25.974,310.0,256.0,False,94.373,"[2048, 2048, 2048, 2048, 2048, 2048, 2048]","[2048, 2048, 2048, 2048, 2048, 2048, 2048, 2048, 2048, 2048]","[2048, 2048, 2048, 2049, 2048, 2049, 2048, 2048, 2048, 2048]",311.0
1289,11326,63,4,2026-07-05T14:08:42.157000+00:00,30.285,38.353,25.96,304.0,256.0,False,94.598,"[2048, 2048, 2049, 2048, 2049, 2048, 2048]","[2048, 2048, 2048, 2049, 2048, 2049, 2051, 2049, 2048, 2048]","[2048, 2048, 2048, 2048, 2048, 2049, 2048, 2048, 2049, 2049]",301.0
1289,11326,3,4,2026-07-05T14:08:43.741000+00:00,30.031,38.74,25.955,305.0,257.0,False,94.726,"[2048, 2048, 2051, 2048, 2048, 2048, 2048]","[2048, 2048, 2049, 2048, 2048, 2049, 2048, 2048, 2049, 2048]","[2048, 2048, 2048, 2048, 2048, 2048, 2048, 2049, 2049, 2048]",304.0
1289,11326,6,4,2026-07-05T14:08:44.519000+00:00,29.919,38.927,26.0,311.0,258.0,False,94.846,"[None, 2049, 2048, 2048, 2049, 2048, 2048]","[2048, 2049, 2048, 2048, 2048, 2049, 2049, 2048, 2048, 2048]","[2048, 2048, 2048, 2048, 2048, 2048, 2048, 2049, 2049, 2048]",313.0
1289,11326,1,4,2026-07-05T14:08:45.030000+00:00,29.899,39.002,26.215,311.0,256.0,False,95.116,"[2048, 2049, 2048, 2048, 2049, 2048, 2048]","[2048, 2048, 2048, 2051, 2049, 2048, 2048, 2049, 2048, 2048]","[2049, 2048, 2049, 2048, 2048, 2048, 2048, 2048, 2048, 2048]",310.0
1289,11326,30,4,2026-07-05T14:08:48.149000+00:00,30.252,39.206,26.249,294.0,255.0,False,95.707,"[2048, 2049, 2049, 2049, 2048, 2048, 2048]","[2049, 2048, 2048, 2048, 2048, 2049, 2049, 2049, 2048, 2048]","[2048, 2048, 2048, 2048, 2049, 2048, 2048, 2048, 2049, 2049]",297.0
1289,11326,41,4,2026-07-05T14:08:49.699000+00:00,30.122,39.283,26.237,295.0,256.0,False,95.642,"[None, 2049, 2048, 2048, 2049, 2048, 2048]","[2048, 2048, 2048, 2048, 2048, 2048, 2049, 2049, 2049, 2048]","[2049, 2049, 2048, 2048, 2048, 2048, 2049, 2048, 2048, 2048]",302.0
1289,11326,55,4,2026-07-05T14:08:51.395000+00:00,30.356,39.349,26.587,296.0,255.0,False,96.292,"[2048, 2049, 2048, 2049, 2049, 2048, 2048]","[2049, 2048, 2049, 2048, 2048, 2048, 2048, 2048, 2048, 2049]","[2048, 2048, 2048, 2048, 2049, 2049, 2048, 2049, 2048, 2048]",308.0
1289,11326,5,4,2026-07-05T14:08:52.004000+00:00,30.499,39.156,26.607,294.0,255.0,False,96.262,"[None, 2049, 2048, 2048, 2048, 2048, 2048]","[2049, 2048, 2048, 2048, 2048, 2049, 2049, 2048, 2048, 2049]","[2048, 2048, 2048, 2048, 2048, 2049, 2048, 2048, 2048, 2049]",310.0
1289,11326,10,4,2026-07-05T14:08:52.927000+00:00,30.874,39.105,26.315,297.0,258.0,False,96.294,"[2048, 2048, 2048, 2048, 2049, 2048, 2048]","[2049, 2049, 2048, 2049, 2048, 2049, 2049, 2048, 2049, 2048]","[2048, 2048, 2048, 2048, 2049, 2049, 2049, 2048, 2048, 2049]",326.0
1289,11326,31,4,2026-07-05T14:08:53.460000+00:00,30.767,39.557,26.473,304.0,257.0,False,96.797,"[2048, 2048, 2048, 2048, 2048, 2049, 2048]","[2049, 2048, 2048, 2048, 2048, 2048, 2048, 2048, 2048, 2048]","[2048, 2048, 2048, 2049, 2049, 2049, 2049, 2048, 2049, 2048]",308.0
1289,11326,43,4,2026-07-05T14:08:54.611000+00:00,30.338,39.441,26.532,305.0,251.0,False,96.311,"[2049, 2049, 2048, 2048, 2048, 2048, 2048]","[2049, 2048, 2048, 2048, 2048, 2048, 2049, 2051, 2049, 2048]","[2048, 2048, 2048, 2048, 2048, 2048, 2048, 2048, 2048, 2048]",337.0
1289,11326,11,4,2026-07-05T14:08:55.825000+00:00,30.533,39.855,26.844,292.0,250.0,False,97.232,"[2048, 2049, 2049, 2048, 2048, 2048, 2048]","[2048, 2048, 2048, 2048, 2048, 2049, 2049, 2048, 2048, 2048]","[2048, 2048, 2048, 2048, 2049, 2049, 2048, 2048, 2048, 2048]",299.0
1289,11326,77,4,2026-07-05T14:08:57.964000+00:00,30.729,39.662,26.892,288.0,252.0,False,97.283,"[None, 2049, 2049, 2048, 2048, 2048, 2048]","[2049, 2049, 2048, 2048, 2048, 2049, 2049, 2049, 2049, 2048]","[2048, 2048, 2048, 2048, 2048, 2048, 2049, 2049, 2049, 2049]",298.0
1289,11326,87,4,2026-07-05T14:08:59.282000+00:00,30.764,39.786,26.58,293.0,255.0,False,97.13,"[2048, 2048, 2048, 2048, 2048, 2048, 2048]","[2048, 2048, 2048, 2049, 2048, 2049, 2049, 2048, 2048, 2048]","[2048, 2048, 2048, 2048, 2048, 2048, 2049, 2048, 2048, 2048]",309.0
1289,11326,18,4,2026-07-05T14:09:01.195000+00:00,31.212,41.226,26.979,270.0,249.0,False,99.417,"[2048, 2048, 2048, 2049, 2048, 2048, 2048]","[2048, 2048, 2048, 2048, 2048, 2049, 2049, 2049, 2049, 2048]","[2048, 2048, 2048, 2048, 2049, 2049, 2049, 2049, 2049, 2049]",297.0
1289,11326,27,4,2026-07-05T14:09:01.696000+00:00,30.623,39.466,26.565,294.0,254.0,False,96.654,"[None, 2048, 2048, 2048, 2048, 2049, 2048]","[2048, 2048, 2048, 2049, 2048, 2048, 2049, 2049, 2049, 2049]","[2048, 2048, 2048, 2049, 2049, 2048, 2048, 2049, 2048, 2049]",299.0
1289,11326,14,4,2026-07-05T14:09:04.269000+00:00,31.361,40.589,26.825,277.0,249.0,False,98.775,"[2048, 2049, 2049, 2049, 2049, 2048, 2048]","[2048, 2049, 2049, 2048, 2048, 2048, 2048, 2048, 2048, 2048]","[2048, 2048, 2048, 2048, 2049, 2049, 2049, 2048, 2049, 2049]",294.0
1289,11326,81,4,2026-07-05T14:09:48.098000+00:00,29.699,38.551,26.113,295.0,256.0,False,94.363,"[2049, 2049, 2049, 2049, 2051, 2049, 2048]","[2049, 2049, 2049, 2048, 2048, 2049, 2049, 2049, 2048, 2048]","[2048, 2048, 2048, 2048, 2048, 2048, 2048, 2048, 2048, 2048]",297.0
1289,11326,23,4,2026-07-05T14:10:06.011000+00:00,30.481,39.356,26.623,288.0,252.0,False,96.46,"[2048, 2049, 2049, 2048, 2048, 2048, 2048]","[2048, 2048, 2048, 2048, 2048, 2048, 2048, 2048, 2048, 2048]","[2049, 2048, 2048, 2048, 2048, 2048, 2048, 2048, 2048, 2049]",294.0
1289,11326,16,5,2026-07-05T14:10:12.495000+00:00,30.039,38.356,25.925,307.0,254.0,False,94.32,"[2049, 2049, 2049, 2048, 2048, 2048, 2049]","[2049, 2048, 2048, 2048, 2048, 2048, 2048, 2049, 2051, 2048]","[2048, 2048, 2048, 2048, 2048, 2048, 2048, 2048, 2048, 2048]",299.0
1289,11326,44,5,2026-07-05T14:10:13.728000+00:00,29.928,38.708,26.119,313.0,254.0,False,94.755,"[2048, 2048, 2051, 2048, 2048, 2048, 2048]","[2048, 2048, 2048, 2048, 2048, 2049, 2049, 2049, 2049, 2048]","[2048, 2048, 2048, 2048, 2048, 2048, 2048, 2048, 2048, 2048]",302.0
1289,11326,12,5,2026-07-05T14:10:14.811000+00:00,29.993,38.591,26.167,300.0,254.0,False,94.751,"[None, 2049, 2048, 2048, 2048, 2048, 2048]","[2048, 2048, 2048, 2048, 2048, 2048, 2048, 2048, 2048, 2048]","[2048, 2048, 2048, 2048, 2048, 2048, 2048, 2048, 2048, 2048]",303.0
1289,11326,63,5,2026-07-05T14:10:16.709000+00:00,30.342,38.463,25.964,294.0,257.0,False,94.769,"[2049, 2049, 2049, 2048, 2048, 2048, 2048]","[2048, 2048, 2048, 2048, 2048, 2048, 2048, 2049, 2048, 2048]","[2048, 2048, 2048, 2048, 2049, 2049, 2048, 2048, 2048, 2049]",302.0
1289,11326,3,5,2026-07-05T14:10:18.582000+00:00,30.236,38.494,26.071,,256.0,False,94.801,"[None, 2048, 2049, 2048, 2048, 2048, 2048]","[2048, 2049, 2048, 2048, 2048, 2049, 2049, 2049, 2049, 2049]","[2048, 2048, 2048, 2048, 2048, 2048, 2049, 2048, 2048, 2048]",304.0
1289,11326,6,5,2026-07-05T14:10:19.488000+00:00,30.016,38.833,26.153,310.0,258.0,False,95.002,"[None, 2049, 2048, 2048, 2048, 2048, 2048]","[2048, 2049, 2048, 2048, 2048, 2049, 2048, 2049, 2048, 2048]","[2048, 2048, 2048, 2048, 2048, 2048, 2048, 2048, 2048, 2048]",310.0
1289,11326,1,5,2026-07-05T14:10:20.076000+00:00,29.884,38.996,26.274,305.0,257.0,False,95.154,"[2051, 2051, 2048, 2048, 2048, 2048, 2048]","[2048, 2048, 2048, 2048, 2048, 2048, 2049, 2049, 2048, 2048]","[2048, 2048, 2048, 2048, 2048, 2048, 2048, 2048, 2048, 2048]",304.0
1289,11326,30,5,2026-07-05T14:10:23.862000+00:00,30.103,39.218,26.318,293.0,255.0,False,95.639,"[2049, 2049, 2049, 2048, 2049, 2048, 2048]","[2049, 2049, 2048, 2048, 2048, 2048, 2049, 2049, 2048, 2048]","[2048, 2048, 2048, 2048, 2048, 2048, 2048, 2049, 2048, 2048]",297.0
1289,11326,41,5,2026-07-05T14:10:25.382000+00:00,30.149,39.285,26.296,296.0,256.0,False,95.73,"[2048, 2049, 2048, 2048, 2048, 2048, 2048]","[2049, 2048, 2048, 2048, 2048, 2049, 2049, 2049, 2048, 2048]","[2048, 2049, 2048, 2049, 2048, 2048, 2048, 2048, 2048, 2048]",302.0
1289,11326,55,5,2026-07-05T14:10:27.688000+00:00,30.71,39.812,27.553,305.0,243.0,False,98.075,"[None, 2048, 2048, 2048, 2048, 2048, 2048]","[2048, 2048, 2048, 2049, 2051, 2048, 2048, 2048, 2048, 2048]","[2048, 2048, 2048, 2048, 2048, 2048, 2048, 2048, 2048, 2048]",295.0
1289,11326,5,5,2026-07-05T14:10:28.217000+00:00,30.235,40.014,26.32,326.0,253.0,False,96.569,"[None, 2048, 2048, 2048, 2048, 2049, 2049]","[2049, 2048, 2048, 2048, 2048, 2048, 2048, 2048, 2048, 2048]","[2048, 2048, 2048, 2048, 2049, 2048, 2049, 2049, 2049, 2049]",296.0
1289,11326,10,5,2026-07-05T14:10:29.170000+00:00,30.573,39.654,26.942,,259.0,False,97.169,"[2049, 2049, 2049, 2048, 2048, 2048, 2048]","[2048, 2048, 2048, 2048, 2048, 2048, 2048, 2048, 2048, 2048]","[2048, 2048, 2048, 2048, 2048, 2048, 2048, 2048, 2048, 2049]",325.0
1289,11326,31,5,2026-07-05T14:10:30.339000+00:00,30.528,39.923,27.222,294.0,256.0,False,97.673,"[None, 2049, 2049, 2048, 2048, 2048, 2048]","[2048, 2048, 2048, 2048, 2048, 2048, 2048, 2048, 2048, 2048]","[2048, 2048, 2048, 2048, 2048, 2048, 2048, 2048, 2048, 2048]",304.0
1289,11326,43,5,2026-07-05T14:10:30.847000+00:00,30.458,39.883,26.353,,254.0,False,96.694,"[2048, 2048, 2049, 2049, 2048, 2048, 2048]","[2048, 2048, 2048, 2048, 2048, 2048, 2048, 2048, 2048, 2048]","[2048, 2048, 2049, 2048, 2048, 2049, 2049, 2048, 2048]",343.0
1289,11326,11,5,2026-07-05T14:10:32.995000+00:00,30.527,39.981,26.721,291.0,251.0,False,97.229,"[None, 2048, 2049, 2048, 2048, 2048, 2048]","[2049, 2048, 2048, 2048, 2048, 2048, 2048, 2048, 2048, 2048]","[2048, 2048, 2048, 2048, 2049, 2048, 2048, 2048, 2048, 2048]",298.0
1289,11326,77,5,2026-07-05T14:10:35.322000+00:00,30.567,39.846,26.744,289.0,252.0,False,97.157,"[None, 2049, 2049, 2048, 2049, 2048, 2048]","[2048, 2048, 2048, 2048, 2048, 2048, 2048, 2049, 2048, 2048]","[2048, 2048, 2048, 2048, 2049, 2049, 2049, 2048, 2048, 2048]",302.0
1289,11326,87,5,2026-07-05T14:10:36.389000+00:00,30.224,39.922,26.721,306.0,253.0,False,96.867,"[None, 2049, 2049, 2049, 2049, 2049, 2049]","[2049, 2048, 2048, 2048, 2048, 2048, 2048, 2048, 2048, 2048]","[2048, 2048, 2048, 2048, 2048, 2048, 2048, 2048, 2048, 2048]",304.0
1289,11326,27,5,2026-07-05T14:10:38.364000+00:00,30.575,39.602,26.499,291.0,253.0,False,96.676,"[None, 2049, 2049, 2048, 2048, 2048, 2048]","[2048, 2048, 2048, 2048, 2048, 2049, 2048, 2048, 2048, 2048]","[2048, 2048, 2048, 2049, 2048, 2049, 2049, 2048, 2048, 2049]",300.0
1289,11326,18,5,2026-07-05T14:10:40.621000+00:00,31.288,40.653,26.968,282.0,250.0,False,98.909,"[None, 2048, 2049, 2049, 2049, 2048, 2048]","[2049, 2049, 2048, 2048, 2048, 2049, 2048, 2048, 2049, 2049]","[2048, 2048, 2048, 2048, 2048, 2048, 2049, 2048, 2049, 2048]",293.0
1289,11326,14,5,2026-07-05T14:10:43.049000+00:00,31.436,40.543,26.954,276.0,250.0,False,98.933,"[None, 2048, 2049, 2048, 2049, 2048, 2048]","[2048, 2048, 2048, 2048, 2048, 2048, 2049, 2049, 2048, 2048]","[2048, 2048, 2048, 2048, 2048, 2048, 2048, 2048, 2048, 2048]",295.0
1289,11326,81,5,2026-07-05T14:11:22.590000+00:00,30.083,38.612,26.026,290.0,259.0,False,94.721,"[2048, 2048, 2049, 2048, 2048, 2048, 2048]","[2048, 2048, 2048, 2048, 2048, 2048, 2048, 2048, 2048, 2048]","[2048, 2048, 2048, 2049, 2048, 2048, 2048, 2049, 2048, 2048]",298.0
1289,11326,23,5,2026-07-05T14:11:42.479000+00:00,30.311,39.303,26.685,290.0,253.0,False,96.299,"[2049, 2049, 2049, 2048, 2048, 2048, 2048]","[2049, 2048, 2048, 2048, 2048, 2048, 2048, 2048, 2049, 2049]","[2049, 2048, 2048, 2049, 2048, 2048, 2048, 2048, 2048, 2048]",294.0
1289,11326,16,6,2026-07-05T14:11:46.825000+00:00,30.025,38.263,25.781,309.0,259.0,False,94.069,"[2048, 2049, 2048, 2048, 2048, 2048, 2049]","[2048, 2048, 2048, 2048, 2049, 2051, 2051, 2049, 2048, 2048]","[2049, 2049, 2049, 2048, 2048, 2048, 2048, 2048, 2048, 2048]",306.0
1289,11326,44,6,2026-07-05T14:11:48.357000+00:00,29.986,38.613,26.073,,255.0,False,94.672,"[None, 2048, 2048, 2048, 2048, 2048, 2048]","[2048, 2048, 2048, 2048, 2048, 2049, 2049, 2048, 2049, 2048]","[2048, 2048, 2048, 2048, 2048, 2048, 2048, 2048, 2048, 2048]",301.0
1289,11326,12,6,2026-07-05T14:11:49.443000+00:00,29.966,38.486,26.012,304.0,255.0,False,94.464,"[None, 2048, 2048, 2048, 2048, 2048, 2048]","[2048, 2048, 2048, 2048, 2048, 2049, 2048, 2048, 2048, 2048]","[2048, 2048, 2048, 2048, 2048, 2048, 2048, 2048, 2048, 2048]",304.0
1289,11326,63,6,2026-07-05T14:11:51.606000+00:00,30.412,38.435,26.025,293.0,257.0,False,94.872,"[None, 2049, 2048, 2048, 2048, 2048, 2048]","[2048, 2048, 2048, 2048, 2048, 2049, 2048, 2049, 2049, 2048]","[2048, 2048, 2048, 2048, 2048, 2048, 2048, 2048, 2048, 2049]",301.0
1289,11326,3,6,2026-07-05T14:11:53.366000+00:00,30.106,38.55,25.932,306.0,258.0,False,94.588,"[None, 2048, 2049, 2048, 2048, 2048, 2048]","[2048, 2048, 2048, 2048, 2048, 2048, 2048, 2048, 2049, 2049]","[2048, 2048, 2048, 2048, 2048, 2048, 2049, 2048, 2048, 2048]",305.0
1289,11326,6,6,2026-07-05T14:11:54.463000+00:00,29.878,38.67,25.983,313.0,259.0,False,94.531,"[None, 2048, 2049, 2048, 2049, 2048, 2048]","[2049, 2048, 2048, 2048, 2049, 2049, 2049, 2049, 2048, 2048]","[2048, 2048, 2048, 2048, 2048, 2048, 2049, 2048, 2048, 2048]",313.0
1289,11326,1,6,2026-07-05T14:11:55.354000+00:00,29.883,38.807,26.185,306.0,256.0,False,94.875,"[2048, 2051, 2049, 2048, 2048, 2048, 2048]","[2048, 2048, 2048, 2048, 2048, 2049, 2049, 2049, 2049, 2049]","[2048, 2048, 2048, 2048, 2048, 2048, 2048, 2048, 2048, 2048]",303.0
1289,11326,30,6,2026-07-05T14:11:59.378000+00:00,30.205,39.252,26.28,295.0,257.0,False,95.737,"[2048, 2048, 2049, 2048, 2048, 2048, 2048]","[2048, 2049, 2048, 2048, 2048, 2048, 2048, 2048, 2048, 2048]","[2048, 2048, 2048, 2048, 2048, 2048, 2048, 2048, 2048, 2048]",298.0
1289,11326,41,6,2026-07-05T14:12:01.057000+00:00,30.218,39.256,26.35,295.0,256.0,False,95.824,"[None, 2049, 2048, 2048, 2048, 2048, 2048]","[2048, 2048, 2048, 2048, 2048, 2049, 2048, 2048, 2048, 2048]","[2049, 2048, 2048, 2048, 2048, 2049, 2048, 2048, 2048, 2048]",301.0
1289,11326,5,6,2026-07-05T14:12:04.791000+00:00,30.695,39.376,26.432,287.0,254.0,False,96.503,"[2048, 2048, 2048, 2048, 2048, 2048, 2048]","[2048, 2048, 2048, 2048, 2048, 2049, 2048, 2048, 2049, 2049]","[2048, 2048, 2048, 2048, 2048, 2049, 2049, 2048, 2048, 2049]",294.0
1289,11326,55,6,2026-07-05T14:12:05.787000+00:00,30.479,39.556,27.389,300.0,255.0,False,97.424,"[None, 2048, 2049, 2048, 2048, 2048, 2048]","[2048, 2048, 2048, 2048, 2048, 2048, 2049, 2048, 2048, 2048]","[2048, 2048, 2048, 2048, 2048, 2048, 2048, 2048, 2048, 2048]",309.0
1289,11326,10,6,2026-07-05T14:12:06.442000+00:00,30.456,39.57,26.31,307.0,259.0,False,96.336,"[None, 2048, 2048, 2048, 2048, 2048, 2048]","[2048, 2048, 2048, 2048, 2048, 2048, 2049, 2049, 2048, 2048]","[2048, 2048, 2048, 2048, 2048, 2048, 2048, 2049, 2049, 2049]",342.0
1289,11326,43,6,2026-07-05T14:12:07.471000+00:00,30.891,39.401,26.827,300.0,251.0,False,97.119,"[None, 2048, 2049, 2048, 2048, 2048, 2048]","[2048, 2049, 2048, 2048, 2048, 2048, 2048, 2051, 2049, 2048]","[2048, 2048, 2048, 2048, 2048, 2048, 2049, 2048, 2048, 2048]",302.0
1289,11326,31,6,2026-07-05T14:12:07.937000+00:00,31.119,39.705,26.473,300.0,258.0,False,97.297,"[None, 2048, 2048, 2048, 2048, 2048, 2048]","[2048, 2048, 2048, 2048, 2048, 2048, 2048, 2048, 2048, 2048]","[2048, 2048, 2049, 2048, 2049, 2048, 2048, 2048, 2048, 2048]",316.0
1289,11326,11,6,2026-07-05T14:12:10.183000+00:00,30.598,39.641,26.701,293.0,251.0,False,96.94,"[None, 2049, 2048, 2048, 2048, 2048, 2048]","[2048, 2049, 2048, 2049, 2048, 2049, 2048, 2049, 2048, 2048]","[2048, 2048, 2048, 2049, 2048, 2048, 2048, 2048, 2048, 2048]",300.0
1289,11326,77,6,2026-07-05T14:12:12.497000+00:00,30.643,39.707,27.678,293.0,256.0,False,98.028,"[2048, 2049, 2048, 2048, 2048, 2048, 2048]","[2049, 2049, 2048, 2048, 2048, 2048, 2048, 2049, 2048, 2049]","[2048, 2048, 2048, 2048, 2048, 2048, 2048, 2048, 2048, 2048]",304.0
1289,11326,87,6,2026-07-05T14:12:13.249000+00:00,30.422,39.678,26.379,311.0,257.0,False,96.479,"[None, 2048, 2048, 2048, 2048, 2048, 2049]","[2048, 2048, 2048, 2049, 2049, 2048, 2048, 2049, 2048, 2048]","[2049, 2049, 2049, 2049, 2048, 2048, 2048, 2049, 2048, 2048]",339.0
1289,11326,27,6,2026-07-05T14:12:14.959000+00:00,30.696,39.531,26.539,297.0,255.0,False,96.766,"[None, 2049, 2048, 2048, 2048, 2048, 2048]","[2048, 2049, 2048, 2049, 2048, 2048, 2048, 2048, 2048, 2048]","[2048, 2048, 2048, 2049, 2048, 2049, 2048, 2049, 2048, 2048]",302.0
1289,11326,18,6,2026-07-05T14:12:19.460000+00:00,31.362,40.654,27.113,283.0,249.0,False,99.129,"[None, 2048, 2048, 2048, 2049, 2048, 2048]","[2048, 2049, 2048, 2048, 2048, 2048, 2048, 2048, 2048, 2048]","[2048, 2048, 2048, 2048, 2048, 2048, 2048, 2049, 2049, 2049]",291.0
1289,11326,14,6,2026-07-05T14:12:21.943000+00:00,31.597,40.295,26.898,277.0,251.0,False,98.79,"[None, 2048, 2048, 2048, 2048, 2048, 2048]","[2048, 2048, 2049, 2048, 2048, 2049, 2049, 2049, 2048, 2048]","[2048, 2048, 2048, 2048, 2048, 2048, 2048, 2048, 2049, 2049]",295.0
1289,11326,81,6,2026-07-05T14:12:57.264000+00:00,30.059,38.529,26.043,,257.0,False,94.631,"[None, 2048, 2051, 2048, 2048, 2048, 2048]","[2048, 2048, 2048, 2048, 2048, 2048, 2048, 2048, 2049, 2048]","[2048, 2049, 2049, 2048, 2048, 2048, 2048, 2048, 2048, 2048]",299.0
1289,11326,23,6,2026-07-05T14:13:18.779000+00:00,30.375,39.389,28.306,293.0,250.0,False,98.07,"[2048, 2048, 2049, 2048, 2048, 2048, 2048]","[2048, 2048, 2048, 2048, 2048, 2048, 2048, 2048, 2049, 2048]","[2048, 2048, 2048, 2048, 2048, 2048, 2048, 2048, 2048, 2048]",232.0
1289,11326,16,7,2026-07-05T14:13:20.797000+00:00,30.072,38.547,26.041,310.0,254.0,False,94.66,"[None, 2049, 2048, 2048, 2048, 2048, 2049]","[2048, 2048, 2048, 2048, 2049, 2048, 2048, 2048, 2048, 2048]","[2048, 2048, 2048, 2048, 2048, 2048, 2048, 2048, 2048, 2048]",297.0
1289,11326,44,7,2026-07-05T14:13:23.048000+00:00,30.09,38.667,25.978,310.0,256.0,False,94.735,"[None, 2048, 2048, 2048, 2048, 2048, 2048]","[2048, 2048, 2048, 2048, 2048, 2048, 2048, 2048, 2048, 2048]","[2048, 2048, 2048, 2048, 2048, 2048, 2048, 2048, 2048, 2048]",303.0
1289,11326,12,7,2026-07-05T14:13:24.031000+00:00,29.818,38.543,26.116,317.0,257.0,False,94.477,"[None, 2048, 2049, 2048, 2048, 2048, 2049]","[2049, 2048, 2048, 2048, 2048, 2048, 2048, 2048, 2048, 2048]","[2048, 2048, 2048, 2048, 2048, 2048, 2048, 2048, 2048, 2048]",316.0
1289,11326,63,7,2026-07-05T14:13:26.488000+00:00,30.133,38.329,26.007,303.0,255.0,False,94.469,"[2048, 2048, 2048, 2048, 2048, 2048, 2048]","[2048, 2048, 2048, 2048, 2048, 2048, 2048, 2049, 2049, 2048]","[2048, 2048, 2048, 2048, 2048, 2048, 2048, 2048, 2048, 2049]",300.0
1289,11326,3,7,2026-07-05T14:13:28.002000+00:00,30.198,38.327,25.989,305.0,256.0,False,94.514,"[None, 2048, 2048, 2048, 2048, 2048, 2048]","[2048, 2049, 2048, 2048, 2048, 2049, 2048, 2048, 2049, 2049]","[2048, 2048, 2048, 2049, 2048, 2048, 2048, 2048, 2048, 2048]",304.0
1289,11326,6,7,2026-07-05T14:13:28.982000+00:00,29.959,38.81,26.113,311.0,257.0,False,94.882,"[2049, 2049, 2048, 2048, 2048, 2048, 2048]","[2048, 2049, 2048, 2048, 2048, 2048, 2048, 2048, 2048, 2049]","[2048, 2048, 2048, 2048, 2048, 2048, 2048, 2048, 2048, 2048]",306.0
1289,11326,1,7,2026-07-05T14:13:30.103000+00:00,30.129,38.659,26.298,300.0,255.0,False,95.086,"[None, 2048, 2048, 2048, 2048, 2048, 2048]","[2048, 2049, 2048, 2048, 2048, 2048, 2048, 2049, 2048, 2049]","[2048, 2048, 2048, 2048, 2048, 2048, 2048, 2048, 2048, 2048]",299.0
1289,11326,30,7,2026-07-05T14:13:35.235000+00:00,30.426,39.311,26.36,291.0,254.0,False,96.097,"[None, 2048, 2048, 2048, 2048, 2048, 2048]","[2048, 2048, 2048, 2048, 2048, 2048, 2048, 2048, 2048, 2048]","[2048, 2048, 2048, 2048, 2049, 2048, 2048, 2048, 2048, 2048]",294.0
1289,11326,41,7,2026-07-05T14:13:36.834000+00:00,30.306,39.199,26.467,294.0,255.0,False,95.972,"[None, 2049, 2048, 2048, 2048, 2048, 2048]","[2048, 2048, 2048, 2048, 2048, 2048, 2049, 2049, 2048, 2048]","[2048, 2048, 2048, 2048, 2048, 2048, 2048, 2048, 2048, 2048]",300.0
1289,11326,5,7,2026-07-05T14:13:41.405000+00:00,30.486,39.048,26.258,288.0,254.0,False,95.792,"[None, 2049, 2049, 2048, 2048, 2048, 2048]","[2048, 2049, 2049, 2048, 2048, 2048, 2048, 2048, 2049, 2049]","[2048, 2048, 2048, 2048, 2049, 2049, 2049, 2048, 2048, 2049]",295.0
1289,11326,10,7,2026-07-05T14:13:42.680000+00:00,31.197,39.707,26.152,288.0,257.0,False,97.056,"[2048, 2048, 2048, 2048, 2048, 2048, 2048]","[2048, 2048, 2048, 2049, 2048, 2048, 2048, 2048, 2048, 2048]","[2048, 2048, 2048, 2048, 2049, 2048, 2048, 2049, 2049, 2048]",334.0
1289,11326,55,7,2026-07-05T14:13:43.258000+00:00,30.451,39.366,27.338,312.0,253.0,False,97.155,"[None, 2048, 2048, 2048, 2048, 2049, 2048]","[2048, 2048, 2048, 2048, 2048, 2048, 2048, 2049, 2048, 2049]","[2048, 2048, 2048, 2048, 2048, 2048, 2048, 2048, 2048, 2048]",295.0
1289,11326,43,7,2026-07-05T14:13:44.735000+00:00,30.477,39.405,26.577,301.0,257.0,False,96.459,"[None, 2048, 2049, 2048, 2048, 2048, 2048]","[2048, 2048, 2048, 2048, 2048, 2048, 2048, 2051, 2048, 2048]","[2048, 2048, 2048, 2048, 2048, 2048, 2048, 2048, 2048, 2048]",323.0
1289,11326,31,7,2026-07-05T14:13:45.254000+00:00,30.669,39.655,26.373,297.0,257.0,False,96.697,"[None, 2048, 2048, 2048, 2048, 2048, 2048]","[2048, 2048, 2048, 2048, 2048, 2048, 2048, 2049, 2049, 2048]","[2048, 2048, 2048, 2048, 2049, 2049, 2048, 2049, 2049, 2049]",309.0
1289,11326,11,7,2026-07-05T14:13:47.166000+00:00,30.723,39.97,26.618,292.0,254.0,False,97.311,"[None, 2048, 2048, 2048, 2048, 2048, 2048]","[2048, 2048, 2048, 2048, 2048, 2048, 2048, 2049, 2048, 2048]","[2048, 2048, 2048, 2048, 2049, 2049, 2048, 2048, 2048, 2048]",299.0
1289,11326,87,7,2026-07-05T14:13:49.640000+00:00,30.795,39.64,26.896,288.0,252.0,False,97.331,"[None, 2048, 2048, 2048, 2048, 2048, 2048]","[2048, 2048, 2048, 2048, 2048, 2048, 2048, 2048, 2049, 2048]","[2048, 2048, 2048, 2048, 2048, 2048, 2048, 2048, 2048, 2048]",292.0
1289,11326,77,7,2026-07-05T14:13:50.498000+00:00,30.995,39.947,27.472,295.0,253.0,False,98.414,"[None, 2048, 2048, 2048, 2048, 2048, 2048]","[2048, 2048, 2048, 2048, 2049, 2048, 2048, 2048, 2048, 2048]","[2048, 2048, 2048, 2048, 2048, 2048, 2048, 2048, 2048, 2048]",306.0
1289,11326,27,7,2026-07-05T14:13:51.889000+00:00,30.593,39.49,26.211,298.0,258.0,False,96.294,"[2048, 2048, 2048, 2048, 2048, 2048, 2048]","[2048, 2048, 2048, 2048, 2049, 2048, 2048, 2049, 2048, 2049]","[2049, 2049, 2049, 2049, 2048, 2048, 2048, 2048, 2048, 2048]",334.0
1289,11326,18,7,2026-07-05T14:13:58.595000+00:00,31.252,40.618,27.037,279.0,249.0,False,98.907,"[None, 2048, 2048, 2048, 2049, 2048, 2048]","[2048, 2049, 2048, 2048, 2048, 2048, 2048, 2048, 2049, 2048]","[2048, 2048, 2048, 2048, 2049, 2048, 2048, 2048, 2048, 2048]",289.0
1289,11326,14,7,2026-07-05T14:14:00.740000+00:00,31.403,40.13,26.851,279.0,250.0,False,98.384,"[None, 2049, 2049, 2048, 2048, 2048, 2048]","[2048, 2049, 2048, 2048, 2048, 2048, 2049, 2049, 2049, 2048]","[2048, 2048, 2048, 2048, 2049, 2048, 2048, 2048, 2048, 2049]",293.0
1289,11326,81,7,2026-07-05T14:14:31.900000+00:00,30.238,38.645,25.995,287.0,257.0,False,94.878,"[None, 2049, 2048, 2048, 2048, 2048, 2048]","[2048, 2048, 2048, 2048, 2049, 2048, 2048, 2048, 2048, 2048]","[2048, 2048, 2048, 2048, 2048, 2049, 2048, 2048, 2048, 2048]",297.0
1289,11326,16,8,2026-07-05T14:14:55.520000+00:00,30.205,38.42,25.717,303.0,256.0,False,94.342,"[None, 2048, 2048, 2048, 2048, 2048, 2048]","[2048, 2048, 2048, 2048, 2048, 2048, 2048, 2048, 2048, 2048]","[2048, 2048, 2048, 2048, 2048, 2049, 2048, 2048, 2048, 2048]",303.0
1289,11326,23,7,2026-07-05T14:14:56.858000+00:00,32.977,42.426,29.725,,243.0,False,105.128,"[None, 2048, 2048, 2048, 2048, 2048, 2048]","[2048, 2048, 2048, 2048, 2048, 2048, 2048, 2048, 2048, 2048]","[2048, 2048, 2048, 2048, 2048, 2048, 2048, 2048, 2048, 2048]",210.0
1289,11326,44,8,2026-07-05T14:14:57.821000+00:00,30.132,38.561,25.958,307.0,253.0,False,94.651,"[None, 2048, 2048, 2048, 2048, 2048, 2048]","[2048, 2049, 2048, 2048, 2048, 2048, 2048, 2048, 2048, 2048]","[2048, 2048, 2048, 2048, 2048, 2048, 2049, 2048, 2048, 2048]",298.0
1289,11326,12,8,2026-07-05T14:14:58.483000+00:00,30.071,38.59,26.079,312.0,254.0,False,94.74,"[None, 2048, 2048, 2048, 2048, 2048, 2048]","[2049, 2048, 2048, 2048, 2048, 2048, 2048, 2049, 2048, 2048]","[2048, 2048, 2048, 2048, 2048, 2048, 2049, 2048, 2048, 2048]",307.0
1289,11326,63,8,2026-07-05T14:15:00.869000+00:00,30.302,38.518,25.977,304.0,255.0,False,94.797,"[None, 2048, 2048, 2048, 2048, 2048, 2048]","[2048, 2048, 2048, 2048, 2048, 2048, 2049, 2049, 2049, 2048]","[2048, 2048, 2048, 2048, 2049, 2049, 2048, 2049, 2048, 2048]",298.0
1289,11326,3,8,2026-07-05T14:15:02.549000+00:00,30.308,38.518,25.849,302.0,257.0,False,94.675,"[None, 2048, 2048, 2048, 2048, 2048, 2048]","[2048, 2048, 2048, 2048, 2048, 2048, 2048, 2048, 2048, 2048]","[2048, 2048, 2048, 2048, 2048, 2048, 2049, 2049, 2049, 2048]",303.0
1289,11326,6,8,2026-07-05T14:15:03.864000+00:00,30.257,38.892,26.021,301.0,256.0,False,95.17,"[2048, 2048, 2048, 2048, 2048, 2048, 2048]","[2048, 2049, 2048, 2048, 2048, 2048, 2048, 2048, 2048, 2048]","[2048, 2048, 2048, 2048, 2048, 2048, 2048, 2048, 2048, 2048]",304.0
1289,11326,1,8,2026-07-05T14:15:05.223000+00:00,30.385,38.638,26.258,296.0,254.0,False,95.281,"[None, 2048, 2048, 2048, 2048, 2048, 2048]","[2048, 2048, 2048, 2048, 2048, 2048, 2048, 2048, 2048, 2048]","[2048, 2048, 2048, 2048, 2048, 2048, 2048, 2048, 2048, 2048]",298.0
1289,11326,30,8,2026-07-05T14:15:11.323000+00:00,30.422,39.272,26.277,288.0,255.0,False,95.971,"[None, 2048, 2048, 2048, 2048, 2048, 2048]","[2048, 2049, 2048, 2048, 2048, 2048, 2048, 2048, 2048, 2048]","[2048, 2048, 2048, 2048, 2048, 2048, 2048, 2048, 2049, 2048]",297.0
1289,11326,41,8,2026-07-05T14:15:12.845000+00:00,30.408,39.338,26.398,,255.0,False,96.144,"[None, 2048, 2048, 2048, 2048, 2048, 2048]","[2048, 2048, 2048, 2048, 2049, 2048, 2048, 2048, 2048, 2048]","[2048, 2048, 2048, 2048, 2048, 2049, 2048, 2048, 2048, 2048]",300.0
1289,11326,5,8,2026-07-05T14:15:17.102000+00:00,30.533,39.181,26.258,,253.0,False,95.972,"[None, 2048, 2048, 2048, 2048, 2048, 2048]","[2048, 2048, 2049, 2048, 2048, 2049, 2048, 2048, 2048, 2048]","[2048, 2048, 2048, 2048, 2048, 2049, 2049, 2048, 2049, 2049]",295.0
1289,11326,10,8,2026-07-05T14:15:19.854000+00:00,31.005,40.012,26.239,291.0,258.0,False,97.256,"[None, 2048, 2048, 2048, 2048, 2048, 2048]","[2048, 2048, 2048, 2048, 2048, 2048, 2048, 2048, 2048, 2048]","[2048, 2048, 2048, 2048, 2048, 2048, 2048, 2048, 2048, 2049]",322.0
1289,11326,55,8,2026-07-05T14:15:20.384000+00:00,30.258,39.657,27.262,330.0,250.0,False,97.177,"[2049, 2048, 2048, 2048, 2048, 2048, 2049]","[2049, 2048, 2048, 2048, 2048, 2048, 2048, 2048, 2048, 2048]","[2048, 2048, 2048, 2048, 2048, 2048, 2048, 2048, 2048, 2048]",294.0
1289,11326,43,8,2026-07-05T14:15:21.136000+00:00,30.754,39.67,26.784,304.0,256.0,False,97.208,"[None, 2048, 2048, 2048, 2048, 2048, 2048]","[2048, 2048, 2048, 2048, 2048, 2048, 2048, 2048, 2048, 2048]","[2048, 2048, 2048, 2048, 2048, 2048, 2048, 2048, 2048, 2048]",327.0
1289,11326,31,8,2026-07-05T14:15:21.895000+00:00,30.885,39.657,26.463,291.0,256.0,False,97.005,"[None, 2048, 2048, 2048, 2048, 2048, 2048]","[2048, 2048, 2048, 2048, 2048, 2049, 2049, 2048, 2048, 2048]","[2048, 2048, 2048, 2048, 2048, 2049, 2048, 2048, 2048, 2048]",307.0
1289,11326,11,8,2026-07-05T14:15:24.481000+00:00,30.948,39.764,26.828,286.0,249.0,False,97.54,"[None, 2048, 2048, 2048, 2048, 2048, 2048]","[2048, 2048, 2048, 2048, 2048, 2048, 2049, 2049, 2048, 2048]","[2048, 2048, 2048, 2048, 2048, 2049, 2048, 2048, 2048, 2048]",293.0
1289,11326,87,8,2026-07-05T14:15:27.106000+00:00,30.83,39.579,26.796,284.0,252.0,False,97.205,"[None, 2048, 2048, 2048, 2048, 2048, 2048]","[2048, 2048, 2048, 2048, 2048, 2048, 2048, 2048, 2048, 2048]","[2048, 2048, 2048, 2048, 2048, 2048, 2048, 2048, 2048, 2049]",294.0
1289,11326,27,8,2026-07-05T14:15:28.034000+00:00,30.718,39.757,26.742,290.0,251.0,False,97.217,"[None, 2048, 2048, 2048, 2048, 2048, 2048]","[2048, 2048, 2048, 2048, 2048, 2048, 2048, 2048, 2048, 2048]","[2048, 2048, 2048, 2048, 2048, 2049, 2048, 2048, 2048, 2048]",300.0
1289,11326,77,8,2026-07-05T14:15:28.885000+00:00,31.001,40.041,26.717,292.0,253.0,False,97.759,"[None, 2048, 2048, 2048, 2048, 2048, 2048]","[2048, 2048, 2048, 2048, 2049, 2048, 2048, 2048, 2048, 2048]","[2048, 2048, 2048, 2048, 2048, 2048, 2048, 2048, 2048, 2048]",309.0
1289,11326,18,8,2026-07-05T14:15:37.492000+00:00,31.601,40.648,27.244,275.0,248.0,False,99.493,"[None, 2048, 2049, 2048, 2048, 2048, 2048]","[2048, 2048, 2048, 2048, 2048, 2048, 2048, 2048, 2049, 2048]","[2048, 2048, 2048, 2048, 2048, 2048, 2048, 2048, 2048, 2048]",291.0
1289,11326,14,8,2026-07-05T14:15:39.088000+00:00,31.502,40.359,26.931,276.0,249.0,False,98.792,"[None, 2048, 2048, 2048, 2048, 2048, 2048]","[2048, 2048, 2048, 2048, 2048, 2048, 2048, 2048, 2048, 2048]","[2048, 2048, 2048, 2048, 2048, 2048, 2048, 2048, 2048, 2049]",297.0
1289,11326,81,8,2026-07-05T14:16:06.717000+00:00,30.259,38.491,26.048,289.0,256.0,False,94.798,"[None, 2048, 2048, 2048, 2048, 2048, 2048]","[2048, 2048, 2048, 2048, 2049, 2049, 2049, 2049, 2048, 2048]","[2048, 2048, 2048, 2048, 2048, 2048, 2048, 2048, 2048, 2048]",299.0
1289,11326,16,9,2026-07-05T14:16:29.843000+00:00,30.06,38.435,25.957,,254.0,False,94.452,"[2049, 2048, 2049, 2048, 2048, 2048, 2048]","[2048, 2048, 2048, 2048, 2048, 2048, 2048, 2048, 2048, 2048]","[2048, 2048, 2048, 2048, 2048, 2048, 2048, 2048, 2048, 2048]",299.0
1289,11326,44,9,2026-07-05T14:16:32.402000+00:00,30.285,38.762,25.962,305.0,255.0,False,95.009,"[None, 2048, 2048, 2048, 2048, 2048, 2048]","[2048, 2048, 2048, 2048, 2048, 2048, 2048, 2048, 2048, 2048]","[2048, 2048, 2048, 2048, 2048, 2048, 2048, 2048, 2048, 2048]",303.0
1289,11326,12,9,2026-07-05T14:16:33.173000+00:00,30.023,38.809,26.133,309.0,257.0,False,94.965,"[None, 2048, 2048, 2048, 2048, 2048, 2048]","[2048, 2048, 2048, 2048, 2048, 2048, 2048, 2048, 2048, 2048]","[2048, 2049, 2049, 2048, 2048, 2048, 2048, 2048, 2048, 2048]",322.0
1289,11326,63,9,2026-07-05T14:16:35.673000+00:00,30.523,38.432,26.088,297.0,254.0,False,95.043,"[None, 2048, 2048, 2048, 2048, 2048, 2048]","[2048, 2048, 2048, 2048, 2048, 2048, 2048, 2048, 2048, 2048]","[2048, 2048, 2048, 2048, 2048, 2049, 2048, 2048, 2048, 2048]",299.0
1289,11326,3,9,2026-07-05T14:16:37.196000+00:00,30.369,38.613,25.966,303.0,256.0,False,94.948,"[None, 2048, 2048, 2048, 2048, 2048, 2048]","[2048, 2048, 2048, 2048, 2048, 2049, 2048, 2048, 2048, 2048]","[2048, 2048, 2048, 2049, 2048, 2048, 2048, 2048, 2048, 2048]",306.0
1289,11326,6,9,2026-07-05T14:16:39.067000+00:00,30.295,39.008,26.037,304.0,256.0,False,95.34,"[None, 2048, 2048, 2048, 2048, 2048, 2048]","[2048, 2048, 2048, 2048, 2048, 2048, 2048, 2048, 2048, 2048]","[2048, 2048, 2048, 2048, 2048, 2048, 2048, 2048, 2048, 2048]",305.0
1289,11326,1,9,2026-07-05T14:16:40.598000+00:00,30.516,38.839,26.265,,254.0,False,95.62,"[None, 2048, 2048, 2048, 2048, 2048, 2048]","[2048, 2048, 2048, 2048, 2048, 2048, 2048, 2048, 2048, 2048]","[2048, 2048, 2048, 2048, 2048, 2048, 2048, 2048, 2048, 2048]",300.0
1289,11326,23,8,2026-07-05T14:16:42.024000+00:00,31.137,39.853,26.892,285.0,250.0,False,97.882,"[None, 2048, 2048, 2048, 2048, 2048, 2048]","[2048, 2048, 2048, 2048, 2048, 2048, 2048, 2049, 2048, 2048]","[2048, 2048, 2049, 2049, 2048, 2048, 2048, 2048, 2048, 2048]",297.0
1289,11326,30,9,2026-07-05T14:16:47.220000+00:00,30.537,39.414,26.375,293.0,255.0,False,96.326,"[None, 2048, 2048, 2048, 2048, 2048, 2048]","[2049, 2048, 2048, 2049, 2048, 2048, 2048, 2048, 2048, 2048]","[2048, 2048, 2048, 2048, 2048, 2048, 2048, 2048, 2048, 2048]",298.0
1289,11326,41,9,2026-07-05T14:16:49.034000+00:00,30.426,39.516,26.458,289.0,253.0,False,96.4,"[None, 2049, 2049, 2048, 2048, 2048, 2048]","[2048, 2048, 2048, 2048, 2049, 2048, 2048, 2048, 2049, 2048]","[2048, 2048, 2048, 2048, 2048, 2048, 2048, 2048, 2048, 2048]",301.0
1289,11326,5,9,2026-07-05T14:16:53.099000+00:00,30.466,39.32,26.355,289.0,252.0,False,96.141,"[None, 2049, 2049, 2048, 2048, 2048, 2048]","[2048, 2049, 2048, 2048, 2048, 2048, 2048, 2048, 2048, 2048]","[2048, 2048, 2048, 2048, 2048, 2048, 2048, 2048, 2048, 2048]",299.0
1289,11326,10,9,2026-07-05T14:16:57.050000+00:00,30.905,39.277,26.705,293.0,250.0,False,96.887,"[None, 2048, 2048, 2048, 2048, 2048, 2048]","[2048, 2049, 2048, 2048, 2048, 2049, 2048, 2048, 2049, 2048]","[2048, 2048, 2048, 2048, 2049, 2048, 2048, 2048, 2048, 2049]",297.0
1289,11326,55,9,2026-07-05T14:16:57.638000+00:00,30.977,39.7,27.072,298.0,253.0,False,97.749,"[2048, 2048, 2048, 2048, 2048, 2048, 2048]","[2048, 2048, 2048, 2048, 2048, 2048, 2048, 2048, 2048, 2048]","[2048, 2048, 2049, 2049, 2048, 2048, 2048, 2048, 2048, 2048]",316.0
1289,11326,43,9,2026-07-05T14:16:58.385000+00:00,30.853,39.535,26.16,310.0,256.0,False,96.548,"[None, 2048, 2048, 2048, 2048, 2048, 2048]","[2048, 2048, 2048, 2048, 2049, 2048, 2048, 2048, 2048, 2048]","[2048, 2049, 2049, 2049, 2048, 2049, 2048, 2048, 2048, 2048]",340.0
1289,11326,31,9,2026-07-05T14:16:58.981000+00:00,31.047,39.863,26.465,295.0,255.0,False,97.375,"[None, 2048, 2048, 2048, 2048, 2048, 2048]","[2048, 2048, 2048, 2048, 2048, 2048, 2048, 2048, 2049, 2048]","[2048, 2048, 2048, 2048, 2049, 2048, 2048, 2048, 2048, 2048]",309.0
1289,11326,11,9,2026-07-05T14:17:02.056000+00:00,30.901,40.02,26.741,287.0,250.0,False,97.662,"[None, 2048, 2048, 2048, 2048, 2048, 2048]","[2048, 2048, 2048, 2048, 2048, 2048, 2048, 2048, 2048, 2048]","[2048, 2048, 2048, 2048, 2048, 2048, 2048, 2048, 2048, 2048]",297.0
1289,11326,87,9,2026-07-05T14:17:04.205000+00:00,30.719,39.748,26.822,289.0,251.0,False,97.289,"[None, 2048, 2048, 2048, 2048, 2048, 2048]","[2048, 2049, 2048, 2048, 2048, 2048, 2048, 2048, 2048, 2048]","[2048, 2048, 2048, 2048, 2049, 2048, 2048, 2048, 2048, 2048]",299.0
1289,11326,27,9,2026-07-05T14:17:05.358000+00:00,30.641,39.637,26.606,291.0,253.0,False,96.884,"[None, 2049, 2048, 2048, 2048, 2048, 2048]","[2048, 2048, 2048, 2048, 2048, 2048, 2048, 2048, 2048, 2048]","[2048, 2048, 2048, 2048, 2048, 2048, 2048, 2048, 2048, 2048]",308.0
1289,11326,77,9,2026-07-05T14:17:06.566000+00:00,30.826,40.158,27.18,289.0,248.0,False,98.164,"[2049, 2048, 2049, 2048, 2048, 2048, 2048]","[2048, 2048, 2048, 2048, 2048, 2048, 2048, 2048, 2048, 2048]","[2048, 2048, 2048, 2048, 2048, 2048, 2048, 2048, 2048, 2048]",301.0
1289,11326,18,9,2026-07-05T14:17:16.975000+00:00,31.448,40.739,27.144,,247.0,False,99.331,"[None, 2048, 2049, 2048, 2048, 2048, 2048]","[2048, 2048, 2048, 2048, 2048, 2049, 2048, 2048, 2049, 2048]","[2048, 2048, 2048, 2048, 2048, 2048, 2048, 2048, 2048, 2048]",291.0
1289,11326,14,9,2026-07-05T14:17:17.852000+00:00,31.521,40.849,27.102,278.0,237.0,False,99.472,"[None, 2048, 2048, 2048, 2048, 2048, 2048]","[2048, 2048, 2048, 2048, 2048, 2048, 2048, 2048, 2048, 2048]","[2048, 2048, 2048, 2048, 2048, 2048, 2048, 2048, 2048, 2048]",301.0
1289,11326,81,9,2026-07-05T14:17:41.511000+00:00,30.393,38.902,26.101,288.0,255.0,False,95.396,"[None, 2048, 2048, 2048, 2048, 2048, 2048]","[2048, 2048, 2048, 2048, 2048, 2048, 2048, 2048, 2048, 2048]","[2048, 2048, 2048, 2048, 2048, 2049, 2048, 2048, 2048, 2048]",299.0
1289,11326,16,10,2026-07-05T14:18:04.200000+00:00,30.177,38.43,25.695,305.0,255.0,False,94.302,"[2048, 2048, 2048, 2048, 2048, 2048, 2048]","[2048, 2048, 2048, 2048, 2048, 2048, 2048, 2048, 2048, 2048]","[2048, 2048, 2048, 2048, 2048, 2048, 2051, 2048, 2048, 2048]",303.0
1289,11326,44,10,2026-07-05T14:18:07.466000+00:00,,38.789,25.912,,253.0,False,94.986,"[None, 2048, 2048, 2048, 2048, 2048, 2048]","[2048, 2048, 2048, 2048, 2048, 2048, 2048, 2048, 2048, 2048]","[2048, 2048, 2048, 2048, 2048, 2048, 2048, 2048, 2048, 2048]",304.0
1289,11326,12,10,2026-07-05T14:18:08.215000+00:00,30.101,38.786,26.13,304.0,255.0,False,95.017,"[None, 2048, 2048, 2048, 2048, 2048, 2048]","[2048, 2048, 2048, 2048, 2048, 2048, 2048, 2048, 2048, 2048]","[2048, 2048, 2048, 2048, 2049, 2048, 2048, 2048, 2048, 2048]",308.0
1289,11326,63,10,2026-07-05T14:18:10.766000+00:00,30.569,38.497,25.981,294.0,254.0,False,95.047,"[None, 2048, 2048, 2048, 2048, 2048, 2048]","[2048, 2048, 2048, 2048, 2048, 2048, 2048, 2048, 2048, 2048]","[2048, 2048, 2048, 2048, 2049, 2048, 2048, 2048, 2048, 2048]",300.0
1289,11326,3,10,2026-07-05T14:18:12.123000+00:00,30.352,38.816,25.935,300.0,254.0,False,95.103,"[None, 2048, 2048, 2048, 2048, 2048, 2048]","[2048, 2048, 2048, 2048, 2048, 2048, 2048, 2048, 2049, 2048]","[2048, 2048, 2048, 2048, 2048, 2048, 2049, 2048, 2048, 2048]",306.0
1289,11326,6,10,2026-07-05T14:18:14.351000+00:00,30.313,39.133,26.091,301.0,256.0,False,95.537,"[None, 2048, 2048, 2048, 2048, 2048, 2048]","[2048, 2048, 2048, 2048, 2048, 2048, 2048, 2048, 2048, 2048]","[2048, 2048, 2048, 2048, 2048, 2048, 2049, 2048, 2048, 2048]",304.0
1289,11326,1,10,2026-07-05T14:18:16.152000+00:00,30.408,38.711,26.167,295.0,253.0,False,95.286,"[None, 2048, 2048, 2048, 2048, 2048, 2048]","[2048, 2048, 2048, 2048, 2048, 2048, 2048, 2048, 2048, 2048]","[2048, 2048, 2048, 2048, 2048, 2048, 2048, 2048, 2048, 2048]",299.0
1289,11326,23,9,2026-07-05T14:18:19.925000+00:00,30.711,39.686,26.788,286.0,250.0,False,97.185,"[2049, 2049, 2048, 2048, 2048, 2048, 2048]","[2049, 2048, 2048, 2048, 2048, 2048, 2048, 2049, 2048, 2048]","[2048, 2049, 2048, 2048, 2049, 2048, 2048, 2048, 2048, 2048]",296.0
1289,11326,30,10,2026-07-05T14:18:23.638000+00:00,30.479,39.461,26.315,291.0,255.0,False,96.255,"[None, 2048, 2048, 2048, 2048, 2048, 2048]","[2048, 2048, 2048, 2048, 2048, 2048, 2048, 2048, 2048, 2048]","[2048, 2048, 2048, 2048, 2049, 2049, 2048, 2048, 2048, 2048]",298.0
1289,11326,41,10,2026-07-05T14:18:25.440000+00:00,30.418,39.527,26.304,294.0,254.0,False,96.249,"[None, 2048, 2048, 2048, 2048, 2048, 2048]","[2048, 2048, 2048, 2048, 2048, 2048, 2048, 2048, 2048, 2048]","[2048, 2048, 2048, 2048, 2049, 2049, 2048, 2048, 2048, 2048]",301.0
1289,11326,5,10,2026-07-05T14:18:29.237000+00:00,30.555,39.279,26.282,290.0,253.0,False,96.116,"[None, 2048, 2048, 2048, 2048, 2048, 2048]","[2048, 2048, 2048, 2048, 2048, 2048, 2048, 2048, 2048, 2048]","[2048, 2048, 2048, 2048, 2048, 2048, 2048, 2048, 2048, 2048]",298.0
1289,11326,10,10,2026-07-05T14:18:34.010000+00:00,30.447,39.175,26.54,294.0,251.0,False,96.162,"[2049, 2049, 2048, 2048, 2048, 2048, 2048]","[2048, 2049, 2049, 2048, 2048, 2049, 2048, 2048, 2049, 2048]","[2048, 2048, 2048, 2048, 2049, 2049, 2048, 2048, 2048, 2048]",298.0
1289,11326,43,10,2026-07-05T14:18:34.798000+00:00,31.278,39.471,26.719,315.0,254.0,False,97.468,"[None, 2048, 2048, 2048, 2048, 2048, 2048]","[2049, 2048, 2048, 2048, 2048, 2049, 2048, 2048, 2049, 2048]","[2048, 2048, 2048, 2048, 2048, 2048, 2048, 2048, 2048, 2048]",308.0
1289,11326,55,10,2026-07-05T14:18:35.301000+00:00,30.959,40.115,26.807,315.0,252.0,False,97.881,"[None, 2048, 2048, 2048, 2048, 2048, 2048]","[2048, 2048, 2048, 2048, 2048, 2048, 2048, 2048, 2048, 2048]","[2048, 2048, 2048, 2048, 2048, 2048, 2048, 2048, 2048, 2048]",305.0
1289,11326,31,10,2026-07-05T14:18:36.323000+00:00,30.895,40.037,26.752,294.0,256.0,False,97.684,"[None, 2048, 2048, 2048, 2048, 2048, 2048]","[2048, 2048, 2048, 2048, 2048, 2048, 2048, 2048, 2048, 2048]","[2048, 2048, 2048, 2048, 2048, 2048, 2048, 2048, 2048, 2048]",313.0
1289,11326,11,10,2026-07-05T14:18:39.720000+00:00,30.951,40.092,26.73,,251.0,False,97.773,"[None, 2048, 2048, 2048, 2048, 2048, 2048]","[2048, 2048, 2048, 2048, 2048, 2048, 2048, 2048, 2048, 2048]","[2048, 2048, 2048, 2048, 2048, 2048, 2049, 2048, 2048, 2048]",294.0
1289,11326,87,10,2026-07-05T14:18:41.610000+00:00,30.849,40.706,26.814,,255.0,False,98.369,"[None, 2048, 2048, 2048, 2048, 2048, 2048]","[2048, 2048, 2048, 2048, 2048, 2048, 2048, 2048, 2048, 2048]","[2048, 2048, 2048, 2048, 2048, 2048, 2048, 2048, 2048, 2048]",311.0
1289,11326,27,10,2026-07-05T14:18:42.143000+00:00,30.082,39.942,26.583,316.0,253.0,False,96.607,"[2049, 2049, 2048, 2048, 2048, 2049, 2051]","[2049, 2048, 2048, 2048, 2048, 2048, 2048, 2048, 2048, 2048]","[2048, 2048, 2048, 2048, 2048, 2049, 2048, 2048, 2049, 2049]",299.0
1289,11326,77,10,2026-07-05T14:18:44.785000+00:00,31.05,40.161,26.833,288.0,252.0,False,98.044,"[2048, 2048, 2048, 2048, 2048, 2048, 2048]","[2048, 2048, 2048, 2048, 2048, 2048, 2048, 2048, 2048, 2048]","[2048, 2048, 2048, 2048, 2049, 2048, 2048, 2048, 2048, 2048]",301.0
1289,11326,18,10,2026-07-05T14:18:56.421000+00:00,31.385,40.727,27.144,278.0,249.0,False,99.256,"[None, 2048, 2048, 2048, 2048, 2048, 2048]","[2049, 2048, 2048, 2048, 2048, 2048, 2048, 2048, 2048, 2048]","[2048, 2048, 2048, 2048, 2048, 2048, 2048, 2048, 2048, 2048]",292.0
1289,11326,14,10,2026-07-05T14:18:57.378000+00:00,31.415,40.618,27.06,281.0,249.0,False,99.093,"[None, 2048, 2048, 2048, 2048, 2048, 2048]","[2048, 2048, 2048, 2049, 2048, 2048, 2048, 2048, 2048, 2048]","[2048, 2048, 2048, 2048, 2048, 2048, 2048, 2048, 2048, 2048]",301.0
1289,11326,81,10,2026-07-05T14:19:16.957000+00:00,30.284,38.71,26.23,290.0,256.0,False,95.224,"[None, 2048, 2048, 2048, 2048, 2048, 2048]","[2048, 2048, 2048, 2048, 2048, 2048, 2049, 2049, 2048, 2048]","[2048, 2048, 2048, 2048, 2048, 2048, 2048, 2048, 2048, 2048]",299.0
1289,11326,16,11,2026-07-05T14:19:38.507000+00:00,30.13,38.578,25.906,,254.0,False,94.614,"[None, 2048, 2048, 2048, 2048, 2048, 2048]","[2048, 2048, 2048, 2048, 2048, 2048, 2048, 2048, 2048, 2048]","[2048, 2048, 2048, 2048, 2048, 2048, 2048, 2048, 2048, 2048]",302.0
1289,11326,44,11,2026-07-05T14:19:42.477000+00:00,30.22,39.436,26.085,,256.0,False,95.741,"[None, 2048, 2048, 2048, 2048, 2048, 2048]","[2048, 2048, 2048, 2048, 2048, 2048, 2048, 2048, 2048, 2048]","[2048, 2048, 2048, 2048, 2048, 2048, 2048, 2048, 2048, 2048]",315.0
1289,11326,12,11,2026-07-05T14:19:43.146000+00:00,29.798,38.5,25.978,308.0,254.0,False,94.276,"[None, 2051, 2048, 2048, 2048, 2048, 2048]","[2048, 2048, 2048, 2049, 2048, 2048, 2048, 2048, 2049, 2048]","[2048, 2048, 2048, 2048, 2049, 2048, 2048, 2048, 2048, 2048]",305.0
1289,11326,63,11,2026-07-05T14:19:45.859000+00:00,30.377,38.603,26.127,297.0,253.0,False,95.107,"[None, 2048, 2048, 2048, 2048, 2048, 2048]","[2048, 2048, 2048, 2048, 2048, 2048, 2048, 2048, 2048, 2048]","[2048, 2048, 2048, 2048, 2048, 2048, 2048, 2048, 2048, 2048]",298.0
1289,11326,3,11,2026-07-05T14:19:47.181000+00:00,30.034,38.659,26.142,305.0,257.0,False,94.835,"[None, 2048, 2048, 2048, 2048, 2048, 2048]","[2048, 2048, 2048, 2048, 2048, 2048, 2048, 2048, 2048, 2048]","[2048, 2048, 2048, 2048, 2048, 2048, 2048, 2048, 2048, 2048]",309.0
1289,11326,6,11,2026-07-05T14:19:49.953000+00:00,30.168,39.198,26.287,,254.0,False,95.653,"[None, 2048, 2048, 2048, 2048, 2048, 2048]","[2049, 2048, 2048, 2048, 2048, 2048, 2048, 2048, 2048, 2048]","[2048, 2048, 2048, 2048, 2048, 2048, 2048, 2048, 2048, 2048]",300.0
1289,11326,1,11,2026-07-05T14:19:51.506000+00:00,30.259,38.809,26.25,297.0,254.0,False,95.318,"[None, 2048, 2048, 2048, 2048, 2048, 2048]","[2048, 2048, 2048, 2048, 2048, 2048, 2048, 2048, 2048, 2048]","[2048, 2048, 2048, 2048, 2048, 2048, 2048, 2048, 2048, 2048]",302.0
1289,11326,23,10,2026-07-05T14:19:57.083000+00:00,30.512,39.659,26.953,291.0,248.0,False,97.124,"[2048, 2048, 2049, 2048, 2048, 2048, 2048]","[2048, 2048, 2048, 2048, 2048, 2048, 2048, 2048, 2048, 2048]","[2048, 2048, 2048, 2048, 2048, 2048, 2048, 2048, 2048, 2048]",294.0
1289,11326,30,11,2026-07-05T14:19:59.928000+00:00,30.332,39.498,26.328,290.0,255.0,False,96.158,"[None, 2048, 2048, 2048, 2048, 2048, 2048]","[2048, 2048, 2048, 2048, 2048, 2048, 2048, 2048, 2048, 2048]","[2048, 2048, 2048, 2048, 2048, 2048, 2048, 2048, 2048, 2048]",299.0
1289,11326,41,11,2026-07-05T14:20:01.533000+00:00,30.293,39.41,26.39,293.0,254.0,False,96.093,"[None, 2049, 2048, 2048, 2048, 2048, 2048]","[2048, 2048, 2048, 2048, 2048, 2048, 2048, 2048, 2048, 2048]","[2048, 2048, 2048, 2048, 2048, 2048, 2048, 2048, 2048, 2048]",299.0
1289,11326,5,11,2026-07-05T14:20:05.351000+00:00,30.398,39.007,26.266,289.0,254.0,False,95.671,"[None, 2048, 2048, 2048, 2048, 2049, 2048]","[2048, 2049, 2048, 2048, 2048, 2048, 2048, 2048, 2049, 2048]","[2048, 2048, 2048, 2048, 2048, 2048, 2048, 2048, 2048, 2048]",298.0
1289,11326,10,11,2026-07-05T14:20:10.041000+00:00,30.573,39.203,26.449,293.0,251.0,False,96.225,"[2048, 2049, 2048, 2048, 2048, 2048, 2048]","[2048, 2048, 2048, 2048, 2048, 2049, 2049, 2048, 2048, 2048]","[2048, 2048, 2048, 2048, 2049, 2049, 2049, 2048, 2048, 2048]",297.0
1289,11326,43,11,2026-07-05T14:20:12.278000+00:00,30.956,39.259,26.262,286.0,255.0,False,96.477,"[None, 2048, 2048, 2048, 2048, 2048, 2048]","[2048, 2048, 2048, 2048, 2048, 2049, 2048, 2048, 2049, 2048]","[2048, 2048, 2048, 2048, 2049, 2048, 2048, 2048, 2048, 2048]",319.0
1289,11326,55,11,2026-07-05T14:20:13.233000+00:00,30.584,39.638,26.732,298.0,253.0,False,96.954,"[None, 2048, 2048, 2048, 2048, 2048, 2048]","[2048, 2048, 2048, 2048, 2048, 2048, 2049, 2048, 2048, 2048]","[2048, 2048, 2048, 2049, 2048, 2048, 2048, 2048, 2048, 2048]",304.0
1289,11326,31,11,2026-07-05T14:20:13.984000+00:00,30.715,39.945,26.428,,256.0,False,97.088,"[None, 2049, 2049, 2048, 2048, 2048, 2048]","[2048, 2048, 2048, 2048, 2048, 2048, 2048, 2048, 2048, 2048]","[2048, 2048, 2048, 2049, 2048, 2049, 2048, 2048, 2048, 2048]",310.0
1289,11326,11,11,2026-07-05T14:20:17.386000+00:00,30.966,39.785,26.794,285.0,250.0,False,97.545,"[None, 2048, 2048, 2048, 2048, 2048, 2048]","[2048, 2048, 2048, 2048, 2048, 2048, 2049, 2048, 2048, 2048]","[2048, 2048, 2048, 2048, 2049, 2049, 2048, 2048, 2048, 2048]",293.0
1289,11326,27,11,2026-07-05T14:20:18.650000+00:00,30.637,39.533,26.604,290.0,254.0,False,96.774,"[2048, 2049, 2048, 2048, 2048, 2048, 2048]","[2048, 2048, 2048, 2048, 2048, 2049, 2048, 2048, 2049, 2048]","[2048, 2048, 2048, 2048, 2048, 2048, 2048, 2048, 2048, 2048]",303.0
1289,11326,87,11,2026-07-05T14:20:19.891000+00:00,30.688,39.695,26.658,295.0,254.0,False,97.041,"[None, 2048, 2048, 2048, 2048, 2048, 2048]","[2048, 2048, 2048, 2048, 2048, 2048, 2048, 2048, 2048, 2048]","[2048, 2048, 2048, 2048, 2049, 2048, 2048, 2048, 2048, 2048]",308.0
1289,11326,77,11,2026-07-05T14:20:22.811000+00:00,30.966,40.126,26.99,287.0,251.0,False,98.082,"[None, 2048, 2048, 2048, 2048, 2048, 2048]","[2049, 2048, 2048, 2048, 2048, 2048, 2048, 2048, 2048, 2048]","[2048, 2048, 2048, 2048, 2048, 2048, 2048, 2048, 2048, 2048]",299.0
1289,11326,18,11,2026-07-05T14:20:35.662000+00:00,31.415,40.641,27.139,275.0,247.0,False,99.195,"[None, 2048, 2048, 2049, 2048, 2048, 2048]","[2048, 2048, 2048, 2048, 2048, 2049, 2048, 2048, 2048, 2048]","[2048, 2048, 2048, 2048, 2048, 2049, 2048, 2048, 2048, 2048]",293.0
1289,11326,14,11,2026-07-05T14:20:36.532000+00:00,31.209,40.742,27.052,285.0,245.0,False,99.003,"[None, 2049, 2048, 2048, 2048, 2048, 2048]","[2048, 2048, 2048, 2048, 2048, 2048, 2048, 2048, 2048, 2048]","[2048, 2049, 2049, 2048, 2048, 2048, 2048, 2048, 2048, 2048]",306.0
1289,11326,81,11,2026-07-05T14:20:52.198000+00:00,30.249,38.832,26.221,288.0,255.0,False,95.302,"[None, 2048, 2048, 2048, 2048, 2048, 2048]","[2048, 2048, 2048, 2048, 2048, 2048, 2048, 2048, 2048, 2048]","[2048, 2049, 2049, 2048, 2048, 2048, 2048, 2048, 2048, 2048]",300.0
1289,11326,16,12,2026-07-05T14:21:13.206000+00:00,30.044,38.495,25.807,,253.0,False,94.346,"[None, 2048, 2049, 2048, 2048, 2048, 2048]","[2048, 2048, 2048, 2048, 2048, 2048, 2048, 2048, 2048, 2048]","[2048, 2048, 2048, 2048, 2048, 2048, 2048, 2048, 2048, 2048]",304.0
1289,11326,12,12,2026-07-05T14:21:17.319000+00:00,29.964,38.383,26.141,291.0,251.0,False,94.488,"[None, 2051, 2049, 2048, 2048, 2048, 2048]","[2048, 2049, 2048, 2048, 2048, 2049, 2049, 2049, 2049, 2048]","[2048, 2048, 2048, 2048, 2049, 2048, 2048, 2048, 2048, 2048]",296.0
1289,11326,44,12,2026-07-05T14:21:18.241000+00:00,29.981,38.926,25.734,312.0,256.0,False,94.641,"[None, 2048, 2048, 2048, 2048, 2048, 2048]","[2048, 2048, 2048, 2048, 2048, 2048, 2048, 2048, 2048, 2048]","[2048, 2048, 2049, 2051, 2048, 2048, 2048, 2048, 2048, 2048]",319.0
1289,11326,63,12,2026-07-05T14:21:20.947000+00:00,30.358,38.444,26.159,294.0,254.0,False,94.961,"[2049, 2049, 2048, 2048, 2048, 2048, 2048]","[2048, 2048, 2048, 2048, 2048, 2048, 2048, 2048, 2048, 2048]","[2048, 2048, 2048, 2048, 2048, 2048, 2048, 2048, 2048, 2048]",301.0
1289,11326,3,12,2026-07-05T14:21:22.088000+00:00,30.148,38.687,26.074,302.0,256.0,False,94.909,"[None, 2048, 2048, 2048, 2048, 2048, 2048]","[2048, 2048, 2048, 2048, 2048, 2049, 2048, 2048, 2048, 2048]","[2048, 2048, 2048, 2048, 2048, 2048, 2048, 2048, 2048, 2048]",308.0
1289,11326,6,12,2026-07-05T14:21:25.554000+00:00,30.294,39.059,26.212,300.0,253.0,False,95.565,"[None, 2048, 2048, 2048, 2048, 2048, 2048]","[2048, 2049, 2048, 2048, 2048, 2048, 2048, 2048, 2048, 2048]","[2048, 2048, 2048, 2048, 2048, 2048, 2048, 2048, 2048, 2048]",302.0
1289,11326,1,12,2026-07-05T14:21:26.707000+00:00,30.276,38.887,26.279,296.0,250.0,False,95.442,"[None, 2048, 2048, 2048, 2048, 2048, 2048]","[2048, 2048, 2048, 2048, 2048, 2048, 2048, 2048, 2048, 2048]","[2048, 2048, 2048, 2048, 2048, 2048, 2048, 2048, 2048, 2048]",302.0
1289,11326,23,11,2026-07-05T14:21:34.137000+00:00,30.595,39.691,26.862,294.0,250.0,False,97.148,"[None, 2048, 2048, 2048, 2048, 2048, 2048]","[2048, 2048, 2048, 2048, 2048, 2048, 2048, 2048, 2048, 2048]","[2048, 2048, 2048, 2048, 2048, 2048, 2048, 2048, 2048, 2048]",294.0
1289,11326,30,12,2026-07-05T14:21:36.039000+00:00,30.359,39.615,26.427,292.0,255.0,False,96.401,"[None, 2048, 2048, 2048, 2048, 2048, 2048]","[2048, 2048, 2048, 2048, 2048, 2048, 2048, 2048, 2048, 2048]","[2048, 2048, 2048, 2048, 2048, 2048, 2048, 2048, 2048, 2048]",303.0
1289,11326,41,12,2026-07-05T14:21:37.634000+00:00,30.329,39.378,26.198,294.0,256.0,False,95.905,"[None, 2048, 2048, 2048, 2048, 2048, 2048]","[2048, 2048, 2048, 2048, 2048, 2049, 2048, 2048, 2048, 2048]","[2049, 2049, 2048, 2049, 2049, 2049, 2048, 2048, 2048, 2048]",305.0
1289,11326,5,12,2026-07-05T14:21:41.007000+00:00,30.431,39.034,26.415,292.0,255.0,False,95.88,"[None, 2048, 2049, 2048, 2048, 2048, 2048]","[2048, 2048, 2048, 2048, 2048, 2049, 2048, 2048, 2048, 2048]","[2048, 2048, 2048, 2048, 2048, 2048, 2048, 2048, 2048, 2048]",298.0
1289,11326,10,12,2026-07-05T14:21:46.407000+00:00,30.44,39.183,26.542,292.0,251.0,False,96.165,"[None, 2049, 2049, 2048, 2048, 2048, 2048]","[2048, 2049, 2048, 2048, 2048, 2048, 2048, 2048, 2048, 2048]","[2048, 2048, 2048, 2048, 2048, 2048, 2048, 2048, 2048, 2048]",297.0
1289,11326,43,12,2026-07-05T14:21:48.883000+00:00,30.985,39.144,26.714,295.0,251.0,False,96.843,"[None, 2048, 2049, 2048, 2048, 2048, 2048]","[2048, 2049, 2048, 2048, 2048, 2049, 2048, 2048, 2048, 2048]","[2048, 2048, 2048, 2048, 2048, 2048, 2048, 2048, 2048, 2048]",298.0
1289,11326,55,12,2026-07-05T14:21:50.130000+00:00,30.56,39.697,26.719,296.0,253.0,False,96.976,"[None, 2048, 2048, 2048, 2048, 2048, 2048]","[2048, 2048, 2048, 2048, 2048, 2048, 2048, 2048, 2048, 2048]","[2048, 2048, 2048, 2048, 2048, 2049, 2048, 2048, 2048, 2048]",302.0
1289,11326,31,12,2026-07-05T14:21:51.144000+00:00,30.875,39.651,26.495,290.0,255.0,False,97.021,"[None, 2048, 2049, 2048, 2048, 2048, 2048]","[2048, 2048, 2048, 2048, 2048, 2049, 2048, 2048, 2048, 2048]","[2048, 2048, 2048, 2048, 2049, 2049, 2048, 2048, 2048, 2048]",307.0
1289,11326,11,12,2026-07-05T14:21:55.068000+00:00,30.844,40.206,26.775,,250.0,False,97.825,"[None, 2049, 2048, 2048, 2048, 2048, 2048]","[2048, 2048, 2048, 2048, 2049, 2048, 2048, 2048, 2048, 2048]","[2048, 2048, 2048, 2048, 2048, 2048, 2048, 2048, 2048, 2048]",302.0
1289,11326,27,12,2026-07-05T14:21:55.535000+00:00,30.221,39.285,26.549,302.0,252.0,False,96.055,"[None, 2049, 2048, 2048, 2048, 2048, 2048]","[2048, 2048, 2048, 2049, 2049, 2049, 2048, 2048, 2049, 2048]","[2048, 2048, 2048, 2048, 2048, 2049, 2048, 2048, 2048, 2049]",295.0
1289,11326,87,12,2026-07-05T14:21:56.904000+00:00,30.782,39.642,26.756,290.0,252.0,False,97.18,"[None, 2048, 2048, 2048, 2048, 2048, 2048]","[2049, 2048, 2048, 2048, 2048, 2049, 2048, 2048, 2048, 2048]","[2048, 2048, 2048, 2048, 2048, 2048, 2048, 2048, 2048, 2048]",305.0
1289,11326,77,12,2026-07-05T14:22:00.884000+00:00,30.821,39.99,27.043,,253.0,False,97.854,"[None, 2049, 2049, 2048, 2048, 2048, 2048]","[2048, 2049, 2048, 2048, 2048, 2048, 2048, 2048, 2048, 2048]","[2048, 2048, 2048, 2048, 2048, 2049, 2048, 2048, 2048, 2048]",300.0
1289,11326,18,12,2026-07-05T14:22:14.724000+00:00,31.248,40.697,27.038,285.0,248.0,False,98.983,"[None, 2048, 2049, 2048, 2048, 2048, 2048]","[2049, 2048, 2048, 2048, 2048, 2048, 2048, 2048, 2048, 2048]","[2048, 2048, 2048, 2048, 2048, 2048, 2048, 2048, 2049, 2048]",303.0
1289,11326,14,12,2026-07-05T14:22:15.429000+00:00,31.424,40.66,27.052,,249.0,False,99.136,"[None, 2048, 2048, 2048, 2048, 2048, 2048]","[2048, 2048, 2048, 2048, 2048, 2048, 2048, 2048, 2048, 2048]","[2049, 2049, 2048, 2048, 2048, 2048, 2048, 2048, 2048, 2048]",305.0
1289,11326,81,12,2026-07-05T14:22:27.454000+00:00,30.387,38.842,26.411,,257.0,False,95.64,"[None, 2048, 2048, 2048, 2048, 2048, 2048]","[2048, 2048, 2048, 2048, 2048, 2048, 2048, 2048, 2048, 2048]","[2048, 2048, 2048, 2048, 2048, 2048, 2048, 2048, 2048, 2048]",298.0
1289,11326,16,13,2026-07-05T14:22:47.542000+00:00,30.108,38.423,25.929,306.0,255.0,False,94.46,"[None, 2048, 2048, 2048, 2048, 2048, 2048]","[2048, 2048, 2048, 2048, 2048, 2048, 2048, 2048, 2048, 2048]","[2048, 2048, 2048, 2048, 2048, 2048, 2048, 2048, 2048, 2048]",303.0
1289,11326,12,13,2026-07-05T14:22:51.987000+00:00,30.299,38.296,25.997,295.0,254.0,False,94.592,"[None, 2048, 2048, 2048, 2048, 2048, 2048]","[2048, 2049, 2048, 2048, 2048, 2049, 2048, 2048, 2048, 2048]","[2048, 2048, 2048, 2048, 2051, 2048, 2048, 2049, 2048, 2048]",298.0
1289,11326,44,13,2026-07-05T14:22:52.860000+00:00,30.167,38.887,25.724,313.0,256.0,False,94.778,"[None, 2048, 2048, 2048, 2048, 2048, 2048]","[2048, 2048, 2048, 2048, 2048, 2048, 2048, 2048, 2048, 2048]","[2048, 2048, 2048, 2048, 2048, 2051, 2048, 2048, 2048, 2048]",316.0
1289,11326,63,13,2026-07-05T14:22:55.883000+00:00,30.443,38.633,26.001,300.0,254.0,False,95.077,"[2048, 2048, 2048, 2048, 2048, 2048, 2048]","[2048, 2048, 2048, 2048, 2048, 2048, 2048, 2048, 2048, 2048]","[2048, 2048, 2048, 2048, 2049, 2049, 2048, 2048, 2048, 2048]",297.0
1289,11326,3,13,2026-07-05T14:22:56.932000+00:00,30.235,38.877,25.867,305.0,256.0,False,94.979,"[None, 2048, 2048, 2048, 2048, 2048, 2048]","[2049, 2048, 2048, 2048, 2048, 2049, 2048, 2048, 2048, 2048]","[2048, 2048, 2048, 2049, 2048, 2048, 2048, 2048, 2048, 2048]",307.0
1289,11326,6,13,2026-07-05T14:23:01.154000+00:00,30.227,39.052,26.057,,257.0,False,95.336,"[None, 2048, 2048, 2048, 2048, 2048, 2048]","[2048, 2048, 2048, 2048, 2048, 2048, 2048, 2048, 2048, 2048]","[2048, 2048, 2048, 2048, 2048, 2048, 2048, 2048, 2048, 2048]",302.0
1289,11326,1,13,2026-07-05T14:23:02.238000+00:00,30.217,38.838,26.092,298.0,254.0,False,95.147,"[None, 2048, 2048, 2048, 2048, 2048, 2048]","[2048, 2048, 2048, 2048, 2048, 2048, 2048, 2048, 2048, 2048]","[2049, 2049, 2049, 2048, 2048, 2048, 2048, 2048, 2048, 2048]",309.0
1289,11326,23,12,2026-07-05T14:23:11.283000+00:00,32.756,40.798,26.985,222.0,250.0,False,100.539,"[None, 2048, 2048, 2048, 2048, 2048, 2048]","[2048, 2048, 2048, 2048, 2049, 2048, 2048, 2048, 2048, 2048]","[2048, 2048, 2048, 2048, 2048, 2048, 2048, 2048, 2048, 2048]",297.0
1289,11326,30,13,2026-07-05T14:23:12.469000+00:00,30.344,39.29,26.197,290.0,256.0,False,95.831,"[2049, 2048, 2048, 2048, 2048, 2048, 2048]","[2048, 2049, 2048, 2048, 2048, 2048, 2048, 2048, 2048, 2048]","[2048, 2048, 2048, 2048, 2048, 2049, 2048, 2049, 2048, 2048]",297.0
1289,11326,41,13,2026-07-05T14:23:13.700000+00:00,30.431,39.429,26.307,296.0,255.0,False,96.167,"[2049, 2049, 2048, 2048, 2048, 2049, 2048]","[2048, 2048, 2048, 2048, 2048, 2048, 2048, 2048, 2048, 2048]","[2048, 2048, 2048, 2048, 2048, 2048, 2048, 2048, 2048, 2048]",301.0
1289,11326,5,13,2026-07-05T14:23:16.915000+00:00,30.461,39.335,26.497,,254.0,False,96.293,"[None, 2048, 2048, 2048, 2048, 2048, 2048]","[2048, 2048, 2048, 2048, 2048, 2048, 2048, 2048, 2048, 2048]","[2048, 2048, 2048, 2048, 2048, 2048, 2048, 2048, 2048, 2048]",300.0
1289,11326,10,13,2026-07-05T14:23:22.480000+00:00,30.571,39.329,26.55,291.0,251.0,False,96.45,"[2049, 2048, 2048, 2048, 2048, 2048, 2048]","[2048, 2048, 2048, 2048, 2048, 2048, 2048, 2048, 2048, 2048]","[2048, 2048, 2048, 2048, 2048, 2048, 2049, 2048, 2048, 2048]",295.0
1289,11326,43,13,2026-07-05T14:23:25.721000+00:00,30.349,39.108,26.616,296.0,251.0,False,96.073,"[None, 2049, 2048, 2048, 2048, 2048, 2048]","[2048, 2048, 2048, 2048, 2048, 2048, 2048, 2048, 2049, 2048]","[2048, 2048, 2048, 2048, 2048, 2048, 2048, 2048, 2048, 2049]",300.0
1289,11326,55,13,2026-07-05T14:23:27.199000+00:00,30.455,39.517,26.663,295.0,253.0,False,96.635,"[None, 2049, 2048, 2048, 2048, 2048, 2048]","[2048, 2048, 2048, 2048, 2048, 2048, 2048, 2048, 2048, 2048]","[2048, 2048, 2048, 2048, 2048, 2048, 2048, 2048, 2048, 2048]",300.0
1289,11326,31,13,2026-07-05T14:23:28.252000+00:00,30.609,39.721,26.359,293.0,256.0,False,96.689,"[None, 2049, 2049, 2048, 2048, 2048, 2048]","[2049, 2048, 2048, 2048, 2048, 2048, 2048, 2048, 2049, 2048]","[2048, 2048, 2048, 2048, 2048, 2048, 2049, 2048, 2048, 2048]",307.0
1289,11326,27,13,2026-07-05T14:23:31.507000+00:00,30.71,39.698,26.35,287.0,253.0,False,96.758,"[None, 2048, 2048, 2048, 2048, 2048, 2048]","[2048, 2048, 2048, 2048, 2048, 2048, 2048, 2048, 2048, 2048]","[2048, 2048, 2048, 2048, 2049, 2049, 2049, 2049, 2048, 2048]",297.0
1289,11326,11,13,2026-07-05T14:23:32.871000+00:00,30.693,39.892,26.709,291.0,251.0,False,97.294,"[None, 2048, 2048, 2048, 2048, 2048, 2048]","[2048, 2048, 2048, 2048, 2048, 2048, 2048, 2048, 2048, 2048]","[2048, 2048, 2048, 2048, 2048, 2048, 2048, 2048, 2048, 2048]",301.0
1289,11326,87,13,2026-07-05T14:23:34.118000+00:00,30.628,39.897,26.594,293.0,254.0,False,97.119,"[None, 2048, 2048, 2048, 2048, 2048, 2048]","[2048, 2048, 2048, 2048, 2048, 2048, 2048, 2048, 2048, 2048]","[2048, 2048, 2048, 2048, 2048, 2048, 2048, 2048, 2048, 2048]",312.0
1289,11326,77,13,2026-07-05T14:23:38.847000+00:00,30.877,39.961,26.806,288.0,253.0,False,97.644,"[None, 2048, 2048, 2048, 2048, 2048, 2048]","[2048, 2048, 2048, 2048, 2048, 2048, 2048, 2048, 2048, 2048]","[2048, 2048, 2048, 2048, 2049, 2048, 2048, 2048, 2048, 2048]",299.0
1289,11326,18,13,2026-07-05T14:23:53.780000+00:00,31.35,40.844,26.811,277.0,250.0,False,99.005,"[None, 2048, 2048, 2048, 2048, 2048, 2048]","[2048, 2048, 2048, 2048, 2048, 2048, 2048, 2048, 2048, 2048]","[2048, 2048, 2048, 2049, 2048, 2048, 2048, 2049, 2048, 2048]",302.0
1289,11326,14,13,2026-07-05T14:23:54.581000+00:00,31.147,40.834,26.896,289.0,250.0,False,98.877,"[2049, 2048, 2048, 2048, 2048, 2048, 2048]","[2048, 2048, 2048, 2048, 2048, 2048, 2048, 2048, 2048, 2048]","[2049, 2049, 2049, 2048, 2048, 2048, 2048, 2049, 2049, 2049]",307.0
1289,11326,81,13,2026-07-05T14:24:03.109000+00:00,30.132,38.891,26.159,294.0,257.0,False,95.182,"[None, 2049, 2048, 2048, 2048, 2048, 2048]","[2049, 2048, 2048, 2049, 2049, 2048, 2048, 2048, 2048, 2048]","[2048, 2048, 2049, 2048, 2048, 2048, 2048, 2048, 2048, 2048]",300.0
1289,11326,16,14,2026-07-05T14:24:22.005000+00:00,29.947,38.584,25.618,308.0,257.0,False,94.149,"[None, 2048, 2048, 2048, 2048, 2049, 2048]","[2048, 2048, 2048, 2048, 2048, 2048, 2048, 2048, 2048, 2048]","[2048, 2048, 2048, 2048, 2049, 2048, 2048, 2048, 2048, 2048]",303.0
1289,11326,12,14,2026-07-05T14:24:26.535000+00:00,29.946,38.266,25.905,299.0,256.0,False,94.117,"[None, 2048, 2048, 2048, 2048, 2048, 2048]","[2048, 2048, 2048, 2048, 2048, 2049, 2048, 2048, 2048, 2048]","[2048, 2048, 2048, 2048, 2048, 2048, 2048, 2049, 2048, 2048]",299.0
1289,11326,44,14,2026-07-05T14:24:27.542000+00:00,29.924,38.761,25.746,316.0,256.0,False,94.431,"[None, 2048, 2048, 2048, 2048, 2048, 2048]","[2048, 2048, 2048, 2048, 2049, 2048, 2048, 2048, 2048, 2048]","[2048, 2048, 2048, 2048, 2048, 2048, 2048, 2048, 2048, 2048]",311.0
1289,11326,63,14,2026-07-05T14:24:30.871000+00:00,30.153,38.679,25.876,303.0,257.0,False,94.708,"[2049, 2048, 2048, 2048, 2048, 2048, 2048]","[2048, 2048, 2048, 2048, 2048, 2048, 2048, 2048, 2048, 2048]","[2048, 2048, 2048, 2048, 2048, 2048, 2048, 2049, 2048, 2048]",306.0
1289,11326,3,14,2026-07-05T14:24:32.001000+00:00,29.915,38.689,25.946,313.0,258.0,False,94.55,"[None, 2049, 2048, 2048, 2048, 2048, 2049]","[2049, 2048, 2048, 2048, 2048, 2048, 2048, 2048, 2048, 2048]","[2048, 2048, 2048, 2048, 2048, 2048, 2048, 2048, 2048, 2048]",312.0
1289,11326,6,14,2026-07-05T14:24:36.487000+00:00,30.044,39.071,25.914,302.0,260.0,False,95.029,"[None, 2048, 2049, 2048, 2048, 2048, 2048]","[2048, 2048, 2048, 2048, 2048, 2048, 2048, 2048, 2048, 2048]","[2048, 2048, 2048, 2048, 2048, 2048, 2048, 2048, 2048, 2048]",313.0
1289,11326,1,14,2026-07-05T14:24:37.351000+00:00,29.919,38.986,26.185,303.0,254.0,False,95.09,"[None, 2048, 2048, 2048, 2048, 2048, 2048]","[2048, 2048, 2048, 2048, 2048, 2048, 2048, 2048, 2048, 2048]","[2048, 2048, 2048, 2048, 2048, 2048, 2048, 2048, 2048, 2049]",303.0
1289,11326,30,14,2026-07-05T14:24:48.235000+00:00,30.15,39.416,26.337,291.0,254.0,False,95.903,"[2048, 2048, 2048, 2049, 2048, 2049, 2048]","[2048, 2048, 2048, 2048, 2048, 2048, 2048, 2048, 2048, 2048]","[2048, 2048, 2048, 2048, 2048, 2048, 2048, 2048, 2048, 2048]",296.0
1289,11326,41,14,2026-07-05T14:24:49.761000+00:00,30.036,39.409,26.275,,255.0,False,95.72,"[2048, 2048, 2048, 2048, 2048, 2049, 2048]","[2049, 2048, 2048, 2048, 2048, 2049, 2048, 2048, 2049, 2048]","[2048, 2048, 2048, 2048, 2048, 2048, 2048, 2048, 2048, 2048]",302.0
1289,11326,23,13,2026-07-05T14:24:51.785000+00:00,31.528,40.765,27.035,192.0,249.0,False,99.328,"[None, 2048, 2048, 2048, 2048, 2048, 2048]","[2048, 2048, 2048, 2048, 2049, 2048, 2048, 2048, 2048, 2048]","[2048, 2048, 2049, 2048, 2048, 2048, 2048, 2048, 2048, 2048]",301.0
1289,11326,5,14,2026-07-05T14:24:53.182000+00:00,30.279,39.33,26.253,295.0,253.0,False,95.862,"[None, 2049, 2048, 2048, 2048, 2048, 2048]","[2048, 2048, 2048, 2048, 2048, 2048, 2048, 2048, 2048, 2048]","[2048, 2048, 2048, 2048, 2048, 2049, 2048, 2048, 2048, 2048]",298.0
1289,11326,10,14,2026-07-05T14:24:58.915000+00:00,30.236,39.287,26.623,295.0,249.0,False,96.146,"[None, 2049, 2048, 2048, 2048, 2048, 2048]","[2048, 2048, 2048, 2048, 2048, 2049, 2048, 2048, 2049, 2048]","[2048, 2048, 2048, 2048, 2048, 2048, 2048, 2048, 2048, 2048]",296.0
1289,11326,43,14,2026-07-05T14:25:01.786000+00:00,30.205,39.127,26.585,298.0,252.0,False,95.917,"[None, 2049, 2048, 2049, 2048, 2048, 2048]","[2048, 2048, 2048, 2048, 2048, 2048, 2048, 2048, 2048, 2048]","[2048, 2048, 2048, 2048, 2048, 2048, 2049, 2048, 2048, 2048]",302.0
1289,11326,55,14,2026-07-05T14:25:03.774000+00:00,30.146,39.37,26.535,296.0,254.0,False,96.051,"[None, 2049, 2048, 2048, 2048, 2048, 2048]","[2048, 2048, 2048, 2048, 2048, 2049, 2048, 2049, 2049, 2048]","[2048, 2048, 2048, 2049, 2048, 2048, 2049, 2048, 2048]",303.0
1289,11326,31,14,2026-07-05T14:25:04.752000+00:00,30.491,39.683,26.692,292.0,255.0,False,96.866,"[None, 2049, 2048, 2048, 2048, 2048, 2048]","[2048, 2048, 2048, 2048, 2048, 2048, 2048, 2048, 2048, 2048]","[2048, 2048, 2048, 2048, 2048, 2048, 2049, 2048, 2048, 2048]",302.0
1289,11326,27,14,2026-07-05T14:25:08.349000+00:00,30.361,39.242,26.492,290.0,253.0,False,96.095,"[None, 2049, 2049, 2049, 2048, 2048, 2048]","[2048, 2049, 2048, 2048, 2048, 2049, 2048, 2048, 2049, 2048]","[2048, 2048, 2048, 2048, 2049, 2049, 2048, 2048, 2048, 2048]",298.0
1289,11326,11,14,2026-07-05T14:25:10.100000+00:00,30.579,39.77,26.807,290.0,255.0,False,97.156,"[None, 2048, 2048, 2048, 2048, 2048, 2048]","[2048, 2048, 2048, 2048, 2048, 2049, 2048, 2048, 2048, 2048]","[2048, 2048, 2048, 2049, 2048, 2048, 2048, 2048, 2048, 2048]",304.0
1289,11326,87,14,2026-07-05T14:25:11.271000+00:00,30.442,39.76,26.692,295.0,256.0,False,96.894,"[None, 2048, 2048, 2049, 2048, 2048, 2048]","[2048, 2048, 2048, 2048, 2048, 2048, 2049, 2048, 2048, 2048]","[2048, 2048, 2048, 2048, 2048, 2048, 2048, 2048, 2048, 2048]",311.0
1289,11326,77,14,2026-07-05T14:25:16.374000+00:00,30.689,40.01,27.001,287.0,252.0,False,97.7,"[None, 2049, 2048, 2048, 2048, 2048, 2048]","[2048, 2048, 2048, 2048, 2048, 2048, 2048, 2048, 2048, 2048]","[2048, 2048, 2048, 2048, 2048, 2048, 2048, 2048, 2048, 2048]",296.0
1289,11326,18,14,2026-07-05T14:25:32.721000+00:00,31.54,40.706,26.788,273.0,250.0,False,99.034,"[None, 2048, 2048, 2048, 2048, 2048, 2048]","[2048, 2048, 2048, 2048, 2048, 2048, 2048, 2048, 2048, 2048]","[2048, 2048, 2048, 2048, 2048, 2048, 2048, 2049, 2048, 2048]",301.0
1289,11326,14,14,2026-07-05T14:25:33.554000+00:00,31.155,40.96,26.971,291.0,246.0,False,99.086,"[None, 2048, 2048, 2048, 2048, 2048, 2049]","[2048, 2048, 2048, 2048, 2048, 2048, 2048, 2048, 2048, 2048]","[2048, 2049, 2049, 2048, 2048, 2048, 2048, 2049, 2048, 2049]",309.0
1289,11326,81,14,2026-07-05T14:25:38.276000+00:00,30.155,38.884,26.278,293.0,256.0,False,95.317,"[None, 2048, 2048, 2048, 2048, 2048, 2048]","[2048, 2048, 2048, 2048, 2049, 2048, 2048, 2048, 2048, 2048]","[2049, 2049, 2049, 2048, 2048, 2048, 2048, 2048, 2048, 2048]",306.0
1289,11326,16,15,2026-07-05T14:25:56.225000+00:00,29.844,38.312,25.808,306.0,258.0,False,93.964,"[2049, 2048, 2048, 2048, 2048, 2048, 2048]","[2048, 2048, 2048, 2048, 2048, 2048, 2048, 2048, 2048, 2048]","[2048, 2048, 2048, 2048, 2048, 2048, 2048, 2048, 2048, 2048]",303.0
1289,11326,12,15,2026-07-05T14:26:00.682000+00:00,29.856,38.187,25.867,296.0,256.0,False,93.91,"[None, 2048, 2048, 2048, 2049, 2048, 2048]","[2048, 2048, 2048, 2048, 2048, 2048, 2049, 2048, 2048, 2048]","[2048, 2048, 2048, 2049, 2048, 2049, 2048, 2048, 2048, 2048]",300.0
1289,11326,44,15,2026-07-05T14:26:02.326000+00:00,29.826,38.697,26.238,311.0,251.0,False,94.761,"[None, 2048, 2048, 2048, 2048, 2048, 2048]","[2048, 2048, 2048, 2048, 2048, 2048, 2049, 2049, 2048, 2048]","[2048, 2048, 2048, 2048, 2048, 2048, 2048, 2048, 2049, 2048]",294.0
1289,11326,63,15,2026-07-05T14:26:05.570000+00:00,30.197,38.664,25.703,306.0,260.0,False,94.564,"[2048, 2048, 2048, 2048, 2048, 2048, 2048]","[2048, 2048, 2048, 2048, 2048, 2048, 2048, 2048, 2048, 2048]","[2048, 2048, 2048, 2048, 2049, 2049, 2048, 2048, 2048, 2048]",306.0
1289,11326,3,15,2026-07-05T14:26:06.527000+00:00,29.765,38.956,25.849,316.0,258.0,False,94.57,"[None, 2049, 2048, 2048, 2049, 2048, 2049]","[2048, 2048, 2048, 2048, 2048, 2048, 2049, 2049, 2048, 2048]","[2048, 2048, 2048, 2048, 2048, 2048, 2048, 2048, 2048, 2048]",313.0
1289,11326,6,15,2026-07-05T14:26:11.440000+00:00,30.041,39.163,26.101,301.0,256.0,False,95.305,"[None, 2048, 2048, 2048, 2048, 2048, 2048]","[2048, 2048, 2048, 2048, 2048, 2048, 2048, 2048, 2048, 2048]","[2048, 2048, 2048, 2048, 2048, 2048, 2049, 2048, 2048, 2048]",298.0
1289,11326,1,15,2026-07-05T14:26:12.481000+00:00,29.88,39.092,26.168,300.0,253.0,False,95.14,"[None, 2049, 2048, 2049, 2048, 2048, 2048]","[2048, 2048, 2048, 2048, 2048, 2048, 2048, 2048, 2048, 2048]","[2048, 2048, 2048, 2048, 2048, 2048, 2048, 2049, 2048, 2048]",305.0
1289,11326,30,15,2026-07-05T14:26:24.111000+00:00,30.184,39.276,26.2,,255.0,False,95.66,"[None, 2048, 2048, 2048, 2048, 2048, 2048]","[2048, 2048, 2048, 2048, 2048, 2048, 2048, 2048, 2048, 2048]","[2048, 2048, 2048, 2048, 2048, 2048, 2048, 2048, 2048, 2048]",297.0
1289,11326,41,15,2026-07-05T14:26:25.589000+00:00,30.129,39.203,26.116,295.0,256.0,False,95.448,"[None, 2048, 2048, 2048, 2048, 2048, 2048]","[2048, 2048, 2048, 2048, 2048, 2048, 2048, 2048, 2049, 2048]","[2048, 2048, 2048, 2048, 2049, 2048, 2048, 2049, 2048, 2048]",304.0
1289,11326,5,15,2026-07-05T14:26:29.035000+00:00,30.283,39.237,26.246,291.0,254.0,False,95.766,"[None, 2049, 2048, 2048, 2048, 2048, 2048]","[2048, 2048, 2048, 2048, 2048, 2048, 2048, 2048, 2048, 2048]","[2048, 2048, 2048, 2048, 2048, 2048, 2048, 2048, 2048, 2048]",298.0
1289,11326,23,14,2026-07-05T14:26:31.243000+00:00,30.712,39.667,25.922,289.0,252.0,False,96.301,"[None, 2048, 2048, 2048, 2048, 2048, 2048]","[2048, 2048, 2048, 2048, 2049, 2048, 2048, 2048, 2048, 2048]","[2049, 2049, 2049, 2049, 2048, 2064, 2064, 2064, 2064, 2064]",300.0
1289,11326,10,15,2026-07-05T14:26:35.052000+00:00,30.292,39.258,26.439,300.0,250.0,False,95.989,"[None, 2048, 2048, 2048, 2048, 2048, 2048]","[2048, 2048, 2048, 2048, 2048, 2048, 2048, 2048, 2049, 2048]","[2048, 2048, 2048, 2048, 2048, 2049, 2048, 2048, 2048, 2049]",298.0
1289,11326,43,15,2026-07-05T14:26:37.666000+00:00,30.326,39.06,26.471,297.0,252.0,False,95.857,"[None, 2048, 2048, 2048, 2048, 2048, 2048]","[2048, 2049, 2048, 2048, 2048, 2048, 2049, 2048, 2048, 2048]","[2048, 2048, 2048, 2048, 2049, 2048, 2048, 2048, 2048, 2048]",300.0
1289,11326,55,15,2026-07-05T14:26:39.784000+00:00,30.243,39.584,26.556,297.0,255.0,False,96.383,"[2049, 2048, 2048, 2048, 2048, 2048, 2048]","[2048, 2048, 2048, 2048, 2048, 2048, 2048, 2048, 2048, 2048]","[2048, 2048, 2048, 2048, 2048, 2048, 2048, 2048, 2048, 2048]",302.0
1289,11326,31,15,2026-07-05T14:26:41.756000+00:00,30.621,39.595,26.454,290.0,255.0,False,96.67,"[None, 2048, 2048, 2048, 2048, 2048, 2048]","[2048, 2049, 2048, 2048, 2048, 2048, 2048, 2048, 2048, 2048]","[2048, 2048, 2048, 2048, 2048, 2048, 2049, 2048, 2048, 2048]",302.0
1289,11326,27,15,2026-07-05T14:26:44.521000+00:00,30.263,39.29,26.3,294.0,254.0,False,95.853,"[2049, 2049, 2048, 2048, 2048, 2048, 2048]","[2048, 2048, 2048, 2048, 2048, 2048, 2048, 2048, 2048, 2048]","[2048, 2048, 2048, 2048, 2049, 2048, 2048, 2048, 2048, 2048]",300.0
1289,11326,11,15,2026-07-05T14:26:47.269000+00:00,30.727,39.731,26.517,288.0,255.0,False,96.975,"[None, 2048, 2048, 2048, 2048, 2048, 2048]","[2048, 2048, 2048, 2048, 2048, 2048, 2048, 2048, 2048, 2048]","[2048, 2048, 2048, 2048, 2048, 2048, 2049, 2048, 2048, 2048]",303.0
1289,11326,87,15,2026-07-05T14:26:48.213000+00:00,30.415,39.887,26.833,306.0,252.0,False,97.135,"[None, 2048, 2048, 2048, 2048, 2049, 2048]","[2048, 2048, 2049, 2048, 2048, 2048, 2048, 2048, 2048, 2048]","[2048, 2048, 2048, 2048, 2048, 2048, 2048, 2048, 2048, 2048]",299.0
1289,11326,77,15,2026-07-05T14:26:54.095000+00:00,30.861,39.892,26.824,286.0,251.0,False,97.577,"[None, 2048, 2048, 2048, 2048, 2048, 2048]","[2048, 2048, 2048, 2048, 2048, 2048, 2049, 2048, 2048, 2048]","[2048, 2048, 2048, 2048, 2049, 2049, 2048, 2048, 2048, 2048]",294.0
1289,11326,18,15,2026-07-05T14:27:11.859000+00:00,31.442,41.269,26.906,276.0,250.0,False,99.617,"[None, 2048, 2048, 2049, 2048, 2048, 2048]","[2048, 2048, 2048, 2048, 2048, 2048, 2048, 2048, 2048, 2048]","[2048, 2049, 2049, 2048, 2048, 2048, 2048, 2048, 2048, 2048]",307.0
1289,11326,14,15,2026-07-05T14:27:12.576000+00:00,31.282,41.178,26.991,288.0,249.0,False,99.451,"[None, 2048, 2048, 2048, 2048, 2048, 2048]","[2048, 2048, 2048, 2049, 2049, 2048, 2048, 2048, 2048, 2048]","[2049, 2049, 2049, 2048, 2048, 2048, 2048, 2048, 2048, 2048]",334.0
1289,11326,81,15,2026-07-05T14:27:13.603000+00:00,30.305,39.735,26.284,306.0,255.0,False,96.324,"[2049, 2049, 2048, 2048, 2048, 2049, 2049]","[2048, 2048, 2048, 2048, 2048, 2048, 2048, 2048, 2048, 2048]","[2048, 2048, 2048, 2048, 2048, 2048, 2048, 2048, 2048, 2048]",296.0
1289,11326,16,16,2026-07-05T14:27:30.177000+00:00,30.002,38.428,25.973,,254.0,False,94.403,"[2048, 2048, 2048, 2048, 2048, 2048, 2048]","[2048, 2048, 2048, 2048, 2048, 2048, 2048, 2048, 2048, 2048]","[2048, 2048, 2048, 2048, 2049, 2048, 2048, 2048, 2048, 2048]",300.0
1289,11326,12,16,2026-07-05T14:27:34.526000+00:00,30.088,38.252,25.95,,254.0,False,94.29,"[None, 2048, 2048, 2048, 2048, 2048, 2048]","[2048, 2048, 2048, 2048, 2048, 2049, 2051, 2049, 2048, 2048]","[2048, 2048, 2048, 2048, 2048, 2049, 2049, 2048, 2048, 2048]",297.0
1289,11326,44,16,2026-07-05T14:27:36.773000+00:00,30.081,38.762,26.529,307.0,251.0,False,95.372,"[None, 2048, 2048, 2048, 2048, 2048, 2048]","[2048, 2048, 2048, 2048, 2048, 2048, 2048, 2048, 2048, 2048]","[2048, 2048, 2048, 2048, 2048, 2048, 2048, 2048, 2048, 2048]",296.0
1289,11326,63,16,2026-07-05T14:27:40.252000+00:00,30.339,38.684,25.844,304.0,256.0,False,94.867,"[None, 2048, 2048, 2048, 2048, 2048, 2048]","[2048, 2048, 2048, 2048, 2048, 2048, 2049, 2049, 2048, 2048]","[2048, 2048, 2048, 2048, 2048, 2048, 2048, 2048, 2048, 2048]",303.0
1289,11326,3,16,2026-07-05T14:27:41.054000+00:00,29.885,38.922,25.951,315.0,257.0,False,94.758,"[None, 2049, 2048, 2048, 2048, 2048, 2048]","[2048, 2048, 2048, 2048, 2048, 2048, 2049, 2049, 2048, 2048]","[2048, 2048, 2048, 2048, 2048, 2048, 2048, 2048, 2048]",314.0
1289,11326,6,16,2026-07-05T14:27:46.734000+00:00,30.213,38.964,26.007,300.0,257.0,False,95.184,"[None, 2048, 2048, 2048, 2048, 2048, 2048]","[2048, 2048, 2048, 2048, 2048, 2048, 2048, 2048, 2048, 2048]","[2048, 2048, 2048, 2048, 2048, 2048, 2049, 2048, 2048, 2048]",300.0
1289,11326,1,16,2026-07-05T14:27:47.590000+00:00,30.093,38.939,26.246,305.0,254.0,False,95.278,"[None, 2048, 2048, 2048, 2048, 2048, 2048]","[2048, 2048, 2048, 2048, 2048, 2048, 2048, 2048, 2048, 2048]","[2048, 2048, 2048, 2048, 2048, 2048, 2048, 2048, 2048, 2048]",302.0
1289,11326,30,16,2026-07-05T14:27:59.748000+00:00,30.187,39.271,26.263,,255.0,False,95.721,"[None, 2049, 2049, 2048, 2048, 2048, 2048]","[2049, 2048, 2048, 2048, 2048, 2048, 2049, 2049, 2048, 2048]","[2048, 2048, 2048, 2048, 2049, 2048, 2048, 2048, 2048, 2048]",295.0
1289,11326,41,16,2026-07-05T14:28:00.995000+00:00,30.323,39.437,26.23,294.0,254.0,False,95.99,"[None, 2048, 2049, 2048, 2048, 2048, 2048]","[2048, 2048, 2048, 2048, 2048, 2048, 2049, 2048, 2048, 2048]","[2048, 2048, 2048, 2048, 2048, 2048, 2048, 2048, 2048, 2048]",299.0
1289,11326,5,16,2026-07-05T14:28:04.801000+00:00,30.476,39.345,26.241,292.0,253.0,False,96.062,"[None, 2048, 2048, 2048, 2048, 2048, 2048]","[2048, 2048, 2048, 2048, 2048, 2048, 2048, 2048, 2048, 2048]","[2048, 2048, 2048, 2048, 2049, 2049, 2048, 2048, 2048, 2048]",295.0
1289,11326,23,15,2026-07-05T14:28:07.445000+00:00,64.134,39.637,26.707,289.0,251.0,True,130.478,"[2064, 2064, 2048, 2048, 2048, 2048, 2048]","[2048, 2048, 2048, 2048, 2048, 2048, 2048, 2048, 2048, 2048]","[2048, 2048, 2048, 2048, 2048, 2048, 2048, 2048, 2048, 2048]",294.0
1289,11326,10,16,2026-07-05T14:28:11.155000+00:00,30.327,39.316,26.653,298.0,250.0,False,96.296,"[2048, 2049, 2048, 2048, 2048, 2048, 2048]","[2048, 2048, 2048, 2048, 2048, 2049, 2049, 2049, 2048, 2048]","[2048, 2048, 2048, 2048, 2048, 2048, 2048, 2048, 2048, 2048]",295.0
1289,11326,43,16,2026-07-05T14:28:13.605000+00:00,30.454,39.387,26.738,302.0,249.0,False,96.579,"[None, 2048, 2049, 2048, 2048, 2049, 2048]","[2048, 2048, 2048, 2048, 2048, 2048, 2049, 2048, 2048, 2048]","[2048, 2048, 2048, 2048, 2048, 2048, 2048, 2048, 2048, 2048]",294.0
1289,11326,55,16,2026-07-05T14:28:16.210000+00:00,30.453,39.615,26.486,295.0,253.0,False,96.554,"[2048, 2048, 2048, 2048, 2048, 2048, 2048]","[2048, 2048, 2048, 2048, 2048, 2048, 2049, 2049, 2048, 2048]","[2048, 2048, 2048, 2048, 2049, 2048, 2049, 2048, 2048, 2048]",296.0
1289,11326,31,16,2026-07-05T14:28:18.338000+00:00,30.738,39.677,26.658,291.0,255.0,False,97.073,"[None, 2048, 2048, 2048, 2048, 2048, 2048]","[2049, 2048, 2048, 2048, 2048, 2048, 2048, 2048, 2048, 2048]","[2048, 2048, 2048, 2048, 2048, 2048, 2048, 2048, 2048, 2048]",296.0
1289,11326,27,16,2026-07-05T14:28:20.294000+00:00,30.185,39.503,26.274,296.0,255.0,False,95.962,"[None, 2049, 2049, 2048, 2048, 2048, 2048]","[2048, 2048, 2048, 2048, 2048, 2048, 2048, 2048, 2048, 2048]","[2048, 2048, 2048, 2049, 2049, 2049, 2048, 2048, 2048, 2048]",302.0
1289,11326,11,16,2026-07-05T14:28:24.268000+00:00,30.784,39.769,26.712,287.0,253.0,False,97.265,"[None, 2048, 2048, 2048, 2048, 2048, 2048]","[2048, 2048, 2048, 2048, 2048, 2048, 2049, 2049, 2048, 2048]","[2048, 2048, 2048, 2048, 2048, 2048, 2048, 2048, 2048, 2048]",297.0
1289,11326,87,16,2026-07-05T14:28:25.356000+00:00,30.596,39.756,26.644,296.0,256.0,False,96.996,"[None, 2048, 2049, 2048, 2048, 2048, 2048]","[2048, 2048, 2048, 2048, 2049, 2048, 2049, 2049, 2048, 2048]","[2048, 2048, 2048, 2048, 2048, 2048, 2048, 2048, 2048, 2048]",317.0
1289,11326,77,16,2026-07-05T14:28:31.729000+00:00,30.922,39.859,26.886,287.0,252.0,False,97.667,"[None, 2048, 2048, 2048, 2048, 2048, 2048]","[2048, 2048, 2048, 2048, 2048, 2048, 2049, 2049, 2048, 2048]","[2048, 2048, 2048, 2048, 2048, 2049, 2048, 2048, 2048, 2048]",293.0
1289,11326,81,16,2026-07-05T14:28:49.803000+00:00,30.136,38.876,26.145,289.0,255.0,False,95.157,"[2048, 2049, 2048, 2048, 2048, 2048, 2048]","[2048, 2048, 2048, 2048, 2048, 2048, 2048, 2048, 2048, 2048]","[2048, 2048, 2048, 2048, 2048, 2049, 2048, 2048, 2048, 2048]",297.0
1289,11326,18,16,2026-07-05T14:28:51.486000+00:00,31.412,40.827,26.89,279.0,248.0,False,99.129,"[None, 2048, 2048, 2048, 2048, 2048, 2048]","[2048, 2048, 2048, 2048, 2048, 2048, 2048, 2048, 2048, 2048]","[2048, 2048, 2048, 2048, 2049, 2048, 2048, 2049, 2048, 2048]",296.0
1289,11326,14,16,2026-07-05T14:28:51.992000+00:00,31.11,41.152,26.948,295.0,248.0,False,99.21,"[None, 2048, 2048, 2048, 2048, 2048, 2049]","[2048, 2048, 2048, 2048, 2048, 2048, 2048, 2048, 2048, 2048]","[2048, 2048, 2048, 2048, 2048, 2048, 2048, 2048, 2048, 2048]",307.0
1289,11326,16,17,2026-07-05T14:29:04.494000+00:00,29.9,38.45,25.888,307.0,254.0,False,94.238,"[None, 2048, 2048, 2048, 2048, 2048, 2048]","[2048, 2048, 2048, 2048, 2048, 2048, 2048, 2049, 2048, 2048]","[2048, 2048, 2048, 2048, 2048, 2048, 2048, 2048, 2048, 2048]",302.0
1289,11326,12,17,2026-07-05T14:29:08.801000+00:00,30.074,38.421,26.049,,254.0,False,94.544,"[None, 2048, 2048, 2048, 2048, 2048, 2048]","[2048, 2048, 2048, 2048, 2048, 2048, 2048, 2048, 2048, 2048]","[2048, 2048, 2048, 2048, 2051, 2049, 2048, 2048, 2048, 2048]",296.0
1289,11326,44,17,2026-07-05T14:29:12.150000+00:00,30.268,38.763,26.076,305.0,254.0,False,95.107,"[None, 2048, 2048, 2048, 2048, 2048, 2048]","[2048, 2048, 2048, 2048, 2048, 2048, 2048, 2048, 2048, 2048]","[2048, 2048, 2048, 2048, 2048, 2048, 2048, 2048, 2048, 2048]",300.0
1289,11326,63,17,2026-07-05T14:29:15.136000+00:00,30.232,39.506,26.045,,259.0,False,95.783,"[None, 2048, 2048, 2048, 2048, 2048, 2048]","[2048, 2048, 2048, 2048, 2048, 2048, 2048, 2048, 2048, 2048]","[2048, 2048, 2048, 2048, 2048, 2048, 2048, 2048, 2048, 2048]",321.0
1289,11326,3,17,2026-07-05T14:29:15.751000+00:00,29.751,38.766,25.553,319.0,255.0,False,94.07,"[None, 2048, 2048, 2048, 2048, 2049, 2049]","[2048, 2048, 2048, 2048, 2051, 2048, 2048, 2048, 2048, 2048]","[2048, 2048, 2048, 2048, 2048, 2064, 2064, 2064, 2064, 2064]",300.0
1289,11326,6,17,2026-07-05T14:29:21.929000+00:00,30.104,38.943,26.335,299.0,256.0,False,95.382,"[None, 2048, 2048, 2048, 2048, 2048, 2048]","[2048, 2048, 2048, 2048, 2048, 2048, 2048, 2048, 2048, 2048]","[2048, 2048, 2048, 2048, 2048, 2048, 2048, 2048, 2048, 2048]",298.0
1289,11326,1,17,2026-07-05T14:29:22.844000+00:00,29.987,39.504,26.225,,256.0,False,95.716,"[None, 2048, 2048, 2048, 2048, 2048, 2048]","[2048, 2048, 2048, 2048, 2048, 2048, 2048, 2048, 2048, 2048]","[2048, 2048, 2048, 2048, 2049, 2048, 2048, 2048, 2048, 2048]",298.0
1289,11326,30,17,2026-07-05T14:29:35.519000+00:00,30.11,39.318,26.175,,255.0,False,95.603,"[None, 2048, 2048, 2048, 2048, 2048, 2048]","[2049, 2048, 2048, 2048, 2048, 2049, 2048, 2048, 2048, 2048]","[2048, 2048, 2048, 2048, 2048, 2048, 2049, 2048, 2048, 2048]",293.0
1289,11326,41,17,2026-07-05T14:29:37.013000+00:00,30.188,39.332,26.231,296.0,255.0,False,95.751,"[None, 2048, 2048, 2048, 2048, 2048, 2048]","[2048, 2048, 2048, 2048, 2048, 2048, 2048, 2048, 2048, 2048]","[2048, 2048, 2048, 2048, 2048, 2049, 2048, 2048, 2048, 2048]",299.0
1289,11326,5,17,2026-07-05T14:29:40.866000+00:00,30.21,39.201,26.251,,254.0,False,95.662,"[None, 2048, 2048, 2048, 2048, 2048, 2048]","[2048, 2048, 2048, 2048, 2048, 2048, 2048, 2048, 2048, 2048]","[2048, 2048, 2048, 2048, 2048, 2048, 2048, 2048, 2048, 2048]",295.0
1289,11326,10,17,2026-07-05T14:29:47.408000+00:00,30.381,39.229,26.565,294.0,251.0,False,96.175,"[None, 2048, 2048, 2048, 2048, 2048, 2048]","[2048, 2048, 2048, 2048, 2048, 2048, 2048, 2048, 2049, 2048]","[2048, 2048, 2048, 2048, 2048, 2048, 2048, 2048, 2048, 2048]",295.0
1289,11326,43,17,2026-07-05T14:29:50.195000+00:00,30.153,39.376,26.71,,251.0,False,96.239,"[None, 2048, 2048, 2048, 2048, 2049, 2048]","[2048, 2048, 2048, 2048, 2048, 2048, 2048, 2048, 2048, 2048]","[2048, 2048, 2048, 2048, 2048, 2048, 2048, 2048, 2048, 2048]",295.0
1289,11326,55,17,2026-07-05T14:29:52.769000+00:00,30.119,39.569,26.898,297.0,254.0,False,96.586,"[None, 2048, 2049, 2049, 2048, 2048, 2048]","[2048, 2048, 2048, 2048, 2048, 2048, 2048, 2048, 2048, 2048]","[2048, 2048, 2048, 2048, 2048, 2048, 2048, 2048, 2048, 2048]",298.0
1289,11326,31,17,2026-07-05T14:29:55.406000+00:00,30.672,39.674,26.917,,255.0,False,97.263,"[None, 2048, 2048, 2048, 2048, 2048, 2048]","[2049, 2048, 2048, 2048, 2048, 2048, 2048, 2048, 2048, 2048]","[2048, 2048, 2048, 2048, 2048, 2048, 2048, 2048, 2048, 2048]",298.0
1289,11326,27,17,2026-07-05T14:29:56.392000+00:00,30.073,39.841,25.406,299.0,258.0,False,95.32,"[None, 2048, 2048, 2048, 2048, 2048, 2048]","[2048, 2048, 2048, 2049, 2049, 2048, 2048, 2048, 2048, 2048]","[2049, 2048, 2048, 2048, 2048, 2064, 2064, 2064, 2064, 2064]",325.0
1289,11326,11,17,2026-07-05T14:30:01.571000+00:00,30.646,39.721,26.58,,252.0,False,96.947,"[None, 2048, 2048, 2048, 2048, 2048, 2048]","[2048, 2048, 2048, 2048, 2048, 2048, 2048, 2048, 2049, 2048]","[2048, 2048, 2048, 2048, 2048, 2049, 2048, 2048, 2048, 2048]",296.0
1289,11326,87,17,2026-07-05T14:30:02.317000+00:00,30.655,39.733,26.62,295.0,255.0,False,97.008,"[None, 2048, 2048, 2048, 2048, 2048, 2048]","[2048, 2048, 2048, 2048, 2048, 2048, 2048, 2048, 2048, 2048]","[2048, 2048, 2048, 2048, 2049, 2048, 2048, 2048, 2048, 2048]",317.0
1289,11326,77,17,2026-07-05T14:30:09.365000+00:00,30.668,39.885,27.122,288.0,250.0,False,97.675,"[None, 2049, 2048, 2048, 2048, 2048, 2048]","[2048, 2048, 2048, 2048, 2048, 2048, 2049, 2048, 2048, 2048]","[2048, 2048, 2048, 2048, 2048, 2048, 2048, 2048, 2048, 2048]",290.0
1289,11326,23,16,2026-07-05T14:30:17.948000+00:00,30.324,39.451,26.678,290.0,252.0,False,96.453,"[2048, 2048, 2048, 2048, 2048, 2048, 2048]","[2048, 2048, 2049, 2048, 2048, 2048, 2048, 2048, 2048, 2048]","[2049, 2048, 2048, 2048, 2048, 2048, 2048, 2048, 2048, 2048]",294.0
1289,11326,81,17,2026-07-05T14:30:25.092000+00:00,30.129,38.955,26.157,293.0,254.0,False,95.241,"[None, 2049, 2048, 2048, 2048, 2048, 2048]","[2048, 2048, 2048, 2048, 2048, 2048, 2048, 2048, 2048, 2048]","[2048, 2048, 2048, 2048, 2048, 2048, 2048, 2048, 2048, 2048]",298.0
1289,11326,18,17,2026-07-05T14:30:30.511000+00:00,31.495,40.932,26.908,276.0,247.0,False,99.335,"[None, 2048, 2048, 2048, 2048, 2048, 2048]","[2048, 2048, 2048, 2048, 2048, 2048, 2048, 2048, 2048, 2048]","[2048, 2048, 2048, 2048, 2048, 2048, 2048, 2048, 2048, 2048]",301.0
1289,11326,14,17,2026-07-05T14:30:31.267000+00:00,31.49,40.699,27.153,292.0,249.0,False,99.342,"[None, 2049, 2049, 2048, 2048, 2048, 2048]","[2048, 2048, 2048, 2048, 2048, 2048, 2049, 2049, 2048, 2048]","[2048, 2048, 2048, 2048, 2048, 2048, 2048, 2048, 2048, 2048]",310.0
1289,11326,16,18,2026-07-05T14:30:38.736000+00:00,30.09,38.531,25.946,306.0,254.0,False,94.567,"[None, 2049, 2049, 2048, 2048, 2048, 2048]","[2048, 2048, 2048, 2048, 2048, 2048, 2048, 2048, 2048, 2048]","[2048, 2048, 2048, 2048, 2048, 2049, 2048, 2048, 2048, 2048]",303.0
1289,11326,12,18,2026-07-05T14:30:43.355000+00:00,29.921,38.277,26.061,303.0,254.0,False,94.259,"[None, 2048, 2049, 2048, 2048, 2048, 2048]","[2048, 2049, 2048, 2048, 2048, 2048, 2048, 2048, 2048, 2048]","[2048, 2048, 2048, 2048, 2048, 2049, 2048, 2048, 2048, 2048]",298.0
1289,11326,44,18,2026-07-05T14:30:47.232000+00:00,30.034,38.79,26.063,306.0,255.0,False,94.887,"[None, 2048, 2048, 2048, 2048, 2048, 2048]","[2048, 2048, 2048, 2048, 2048, 2048, 2048, 2048, 2048, 2048]","[2048, 2048, 2048, 2048, 2048, 2048, 2048, 2048, 2048, 2048]",304.0
1289,11326,3,18,2026-07-05T14:30:49.754000+00:00,50.24,38.071,25.494,301.0,259.0,True,113.805,"[2064, 2064, 2048, 2048, 2048, 2048, 2048]","[2048, 2049, 2049, 2048, 2048, 2048, 2048, 2048, 2048, 2049]","[2048, 2048, 2048, 2048, 2048, 2048, 2051, 2051, 2051, 2051]",300.0
1289,11326,63,18,2026-07-05T14:30:50.918000+00:00,30.832,38.395,25.969,295.0,255.0,False,95.196,"[None, 2048, 2048, 2048, 2048, 2048, 2048]","[2048, 2048, 2048, 2049, 2049, 2048, 2048, 2048, 2048, 2048]","[2048, 2048, 2048, 2048, 2049, 2048, 2048, 2048, 2048, 2048]",300.0
1289,11326,6,18,2026-07-05T14:30:57.381000+00:00,30.015,38.847,26.162,,256.0,False,95.024,"[None, 2049, 2051, 2048, 2048, 2048, 2048]","[2048, 2049, 2048, 2048, 2048, 2048, 2048, 2048, 2048, 2048]","[2048, 2048, 2048, 2048, 2048, 2048, 2048, 2048, 2048, 2048]",299.0
1289,11326,1,18,2026-07-05T14:30:58.482000+00:00,29.963,38.567,26.211,299.0,253.0,False,94.741,"[None, 2048, 2048, 2048, 2048, 2048, 2048]","[2048, 2049, 2048, 2048, 2048, 2048, 2049, 2049, 2048, 2048]","[2048, 2048, 2048, 2048, 2048, 2048, 2048, 2048, 2048, 2048]",299.0
1289,11326,30,18,2026-07-05T14:31:11.104000+00:00,30.228,39.273,26.309,294.0,255.0,False,95.81,"[None, 2049, 2048, 2048, 2048, 2048, 2048]","[2048, 2048, 2048, 2048, 2048, 2048, 2048, 2048, 2048, 2048]","[2048, 2048, 2048, 2049, 2048, 2048, 2048, 2048, 2048, 2048]",297.0
1289,11326,41,18,2026-07-05T14:31:12.759000+00:00,30.261,39.286,26.31,295.0,255.0,False,95.857,"[2051, 2048, 2048, 2048, 2048, 2048, 2048]","[2048, 2048, 2048, 2048, 2048, 2048, 2048, 2048, 2049, 2048]","[2048, 2048, 2048, 2048, 2048, 2048, 2048, 2048, 2048, 2048]",299.0
1289,11326,5,18,2026-07-05T14:31:16.525000+00:00,30.232,39.227,26.426,290.0,255.0,False,95.885,"[None, 2048, 2048, 2048, 2048, 2048, 2048]","[2048, 2048, 2048, 2048, 2048, 2048, 2048, 2048, 2048, 2048]","[2048, 2048, 2048, 2048, 2048, 2048, 2048, 2048, 2048, 2048]",295.0
1289,11326,10,18,2026-07-05T14:31:23.483000+00:00,30.459,39.154,26.71,293.0,250.0,False,96.323,"[2049, 2049, 2048, 2048, 2048, 2048, 2048]","[2048, 2048, 2048, 2048, 2048, 2048, 2048, 2049, 2048, 2048]","[2048, 2048, 2048, 2048, 2048, 2048, 2048, 2048, 2048, 2048]",294.0
1289,11326,43,18,2026-07-05T14:31:26.350000+00:00,30.324,39.11,26.814,299.0,252.0,False,96.248,"[None, 2048, 2049, 2048, 2048, 2048, 2048]","[2048, 2048, 2048, 2048, 2048, 2048, 2048, 2048, 2049, 2048]","[2048, 2048, 2048, 2048, 2048, 2048, 2048, 2048, 2048, 2048]",296.0
1289,11326,55,18,2026-07-05T14:31:29.335000+00:00,30.422,39.39,26.845,,254.0,False,96.657,"[None, 2048, 2049, 2048, 2048, 2048, 2048]","[2048, 2048, 2048, 2048, 2048, 2048, 2048, 2048, 2048, 2048]","[2048, 2048, 2048, 2048, 2048, 2048, 2048, 2048, 2048, 2048]",297.0
1289,11326,27,18,2026-07-05T14:31:31.508000+00:00,51.017,39.42,26.615,282.0,252.0,True,117.052,"[2064, 2064, 2048, 2048, 2049, 2048, 2048]","[2048, 2048, 2049, 2048, 2048, 2048, 2048, 2048, 2048, 2049]","[2048, 2048, 2048, 2048, 2048, 2048, 2049, 2049, 2049, 2048]",289.0
1289,11326,31,18,2026-07-05T14:31:32.606000+00:00,30.793,39.557,26.603,288.0,256.0,False,96.953,"[None, 2048, 2048, 2048, 2048, 2048, 2048]","[2048, 2049, 2048, 2048, 2048, 2048, 2048, 2048, 2048, 2048]","[2048, 2048, 2048, 2048, 2048, 2048, 2048, 2048, 2048, 2048]",301.0
1289,11326,11,18,2026-07-05T14:31:38.438000+00:00,30.828,39.977,26.772,284.0,254.0,False,97.577,"[None, 2048, 2048, 2048, 2048, 2048, 2048]","[2048, 2048, 2048, 2048, 2048, 2048, 2048, 2048, 2048, 2048]","[2048, 2048, 2048, 2048, 2048, 2048, 2048, 2048, 2048, 2048]",297.0
1289,11326,87,18,2026-07-05T14:31:39.350000+00:00,30.741,39.895,26.817,293.0,254.0,False,97.453,"[None, 2048, 2048, 2048, 2048, 2048, 2048]","[2048, 2048, 2048, 2048, 2048, 2048, 2048, 2048, 2048, 2048]","[2048, 2048, 2048, 2048, 2048, 2049, 2048, 2048, 2048, 2048]",320.0
1289,11326,77,18,2026-07-05T14:31:47.128000+00:00,30.914,40.043,27.11,284.0,252.0,False,98.067,"[None, 2048, 2048, 2048, 2048, 2048, 2048]","[2048, 2048, 2048, 2048, 2048, 2048, 2048, 2048, 2048, 2048]","[2048, 2048, 2048, 2048, 2048, 2048, 2048, 2048, 2048]",292.0
1289,11326,23,17,2026-07-05T14:31:54.444000+00:00,30.373,39.544,26.742,292.0,250.0,False,96.659,"[None, 2048, 2048, 2048, 2048, 2048, 2048]","[2048, 2048, 2048, 2048, 2048, 2048, 2048, 2048, 2048, 2048]","[2048, 2048, 2048, 2048, 2048, 2048, 2048, 2048, 2048, 2048]",294.0
1289,11326,81,18,2026-07-05T14:32:00.308000+00:00,30.043,38.697,26.188,291.0,257.0,False,94.928,"[2049, 2049, 2048, 2048, 2048, 2048, 2048]","[2048, 2048, 2048, 2048, 2048, 2048, 2048, 2048, 2048, 2048]","[2048, 2048, 2048, 2048, 2048, 2048, 2048, 2048, 2048, 2048]",298.0
1289,11326,18,18,2026-07-05T14:32:09.845000+00:00,31.403,40.671,26.481,,249.0,False,98.555,"[None, 2048, 2048, 2048, 2048, 2048, 2048]","[2048, 2048, 2049, 2048, 2048, 2048, 2048, 2048, 2048, 2048]","[2048, 2048, 2048, 2048, 2048, 2064, 2064, 2064, 2064, 2064]",292.0
1289,11326,14,18,2026-07-05T14:32:10.542000+00:00,31.238,41.056,27.016,287.0,250.0,False,99.31,"[2048, 2048, 2048, 2048, 2048, 2048, 2048]","[2048, 2048, 2048, 2049, 2048, 2048, 2048, 2048, 2048, 2048]","[2049, 2048, 2048, 2048, 2048, 2048, 2048, 2048, 2048, 2048]",309.0
1289,11326,16,19,2026-07-05T14:32:13.223000+00:00,30.024,38.884,25.752,310.0,256.0,False,94.66,"[2049, 2049, 2048, 2048, 2048, 2048, 2049]","[2048, 2048, 2048, 2048, 2049, 2048, 2048, 2048, 2048, 2048]","[2049, 2049, 2049, 2048, 2048, 2048, 2048, 2048, 2048, 2049]",311.0
1289,11326,12,19,2026-07-05T14:32:17.680000+00:00,29.978,38.255,26.035,300.0,255.0,False,94.268,"[None, 2048, 2048, 2048, 2048, 2048, 2048]","[2048, 2048, 2048, 2048, 2048, 2048, 2048, 2048, 2048, 2048]","[2048, 2048, 2048, 2049, 2048, 2048, 2048, 2048, 2048, 2048]",299.0
1289,11326,44,19,2026-07-05T14:32:22.178000+00:00,30.08,38.473,26.053,305.0,257.0,False,94.606,"[2049, 2049, 2048, 2048, 2048, 2048, 2048]","[2048, 2049, 2048, 2048, 2048, 2048, 2048, 2048, 2048, 2048]","[2048, 2048, 2048, 2048, 2048, 2048, 2048, 2048, 2048, 2048]",303.0
1289,11326,63,19,2026-07-05T14:32:25.980000+00:00,30.325,38.301,25.955,291.0,255.0,False,94.581,"[2049, 2049, 2048, 2048, 2048, 2048, 2048]","[2048, 2048, 2048, 2048, 2048, 2049, 2048, 2048, 2048, 2048]","[2048, 2048, 2048, 2048, 2048, 2048, 2048, 2048, 2048, 2048]",299.0
1289,11326,6,19,2026-07-05T14:32:32.338000+00:00,30.143,38.785,25.224,295.0,260.0,False,94.152,"[None, 2049, 2048, 2048, 2048, 2048, 2048]","[2048, 2048, 2048, 2048, 2048, 2048, 2048, 2048, 2048, 2048]","[2048, 2048, 2048, 2049, 2048, 2064, 2064, 2064, 2064, 2064]",310.0
1289,11326,1,19,2026-07-05T14:32:33.290000+00:00,30.031,38.653,25.897,304.0,256.0,False,94.581,"[None, 2048, 2048, 2048, 2048, 2048, 2048]","[2048, 2049, 2048, 2048, 2048, 2048, 2048, 2048, 2048, 2048]","[2048, 2048, 2048, 2048, 2048, 2048, 2049, 2049, 2048, 2049]",301.0
1289,11326,3,19,2026-07-05T14:32:43.758000+00:00,29.887,38.042,25.633,295.0,259.0,False,93.562,"[2048, 2048, 2048, 2049, 2048, 2048, 2048]","[2048, 2049, 2048, 2048, 2048, 2049, 2048, 2048, 2049, 2051]","[2048, 2048, 2048, 2048, 2048, 2048, 2051, 2048, 2048, 2048]",297.0
1289,11326,30,19,2026-07-05T14:32:46.864000+00:00,30.174,39.239,26.275,291.0,256.0,False,95.688,"[None, 2048, 2048, 2048, 2048, 2048, 2048]","[2048, 2049, 2048, 2048, 2048, 2048, 2048, 2048, 2048, 2048]","[2048, 2048, 2048, 2048, 2048, 2048, 2048, 2048, 2048, 2048]",296.0
1289,11326,41,19,2026-07-05T14:32:48.526000+00:00,30.322,39.331,26.27,293.0,256.0,False,95.923,"[2048, 2048, 2048, 2048, 2048, 2048, 2048]","[2048, 2048, 2048, 2048, 2049, 2048, 2048, 2048, 2048, 2048]","[2048, 2048, 2048, 2048, 2048, 2048, 2048, 2048, 2048, 2048]",300.0
1289,11326,5,19,2026-07-05T14:32:52.441000+00:00,30.321,39.336,26.219,291.0,256.0,False,95.876,"[None, 2048, 2048, 2048, 2048, 2048, 2048]","[2048, 2048, 2048, 2048, 2048, 2048, 2048, 2048, 2048, 2048]","[2048, 2048, 2048, 2048, 2048, 2048, 2049, 2048, 2048, 2048]",297.0
1289,11326,10,19,2026-07-05T14:32:59.907000+00:00,30.322,39.114,26.517,292.0,251.0,False,95.953,"[2048, 2048, 2048, 2048, 2048, 2048, 2048]","[2048, 2048, 2048, 2048, 2048, 2048, 2048, 2048, 2048, 2048]","[2048, 2048, 2048, 2048, 2048, 2048, 2048, 2048, 2048, 2049]",294.0
1289,11326,43,19,2026-07-05T14:33:02.556000+00:00,30.352,39.187,26.533,298.0,252.0,False,96.072,"[None, 2048, 2048, 2048, 2048, 2048, 2048]","[2048, 2048, 2048, 2048, 2048, 2048, 2048, 2048, 2048, 2048]","[2048, 2048, 2048, 2048, 2048, 2048, 2049, 2048, 2048, 2048]",297.0
1289,11326,55,19,2026-07-05T14:33:06.048000+00:00,30.239,39.468,26.581,294.0,257.0,False,96.288,"[None, 2048, 2049, 2048, 2048, 2048, 2048]","[2048, 2048, 2048, 2048, 2048, 2048, 2048, 2048, 2048, 2048]","[2048, 2048, 2048, 2048, 2048, 2048, 2048, 2048, 2048, 2048]",300.0
1289,11326,31,19,2026-07-05T14:33:09.590000+00:00,30.749,39.379,26.637,286.0,257.0,False,96.765,"[None, 2049, 2048, 2048, 2048, 2048, 2048]","[2048, 2049, 2048, 2048, 2048, 2048, 2048, 2048, 2049, 2048]","[2048, 2048, 2048, 2048, 2048, 2048, 2048, 2048, 2048, 2048]",298.0
1289,11326,11,19,2026-07-05T14:33:16.044000+00:00,30.779,39.607,26.708,,254.0,False,97.094,"[None, 2048, 2048, 2048, 2048, 2048, 2048]","[2048, 2049, 2048, 2048, 2048, 2048, 2048, 2048, 2048, 2048]","[2048, 2048, 2048, 2048, 2048, 2048, 2048, 2048, 2048, 2048]",298.0
1289,11326,87,19,2026-07-05T14:33:16.696000+00:00,30.873,39.683,26.601,284.0,252.0,False,97.157,"[None, 2048, 2048, 2048, 2048, 2048, 2048]","[2048, 2048, 2049, 2048, 2048, 2048, 2048, 2048, 2048, 2048]","[2048, 2048, 2048, 2048, 2048, 2048, 2048, 2048, 2048, 2048]",314.0
1289,11326,77,19,2026-07-05T14:33:24.956000+00:00,30.919,40.057,26.853,285.0,253.0,False,97.829,"[None, 2048, 2048, 2048, 2048, 2048, 2048]","[2048, 2048, 2048, 2048, 2048, 2048, 2048, 2048, 2048, 2048]","[2048, 2048, 2048, 2048, 2048, 2048, 2048, 2048, 2048, 2048]",294.0
1289,11326,27,19,2026-07-05T14:33:28.648000+00:00,30.427,39.27,26.282,288.0,257.0,False,95.979,"[2048, 2048, 2048, 2048, 2048, 2048, 2048]","[2048, 2048, 2048, 2048, 2048, 2048, 2048, 2048, 2048, 2049]","[2048, 2048, 2048, 2048, 2048, 2048, 2049, 2048, 2048, 2049]",297.0
1289,11326,23,18,2026-07-05T14:33:31.091000+00:00,30.304,39.403,26.666,295.0,253.0,False,96.373,"[None, 2049, 2048, 2048, 2048, 2048, 2048]","[2048, 2048, 2048, 2048, 2048, 2048, 2048, 2048, 2048, 2048]","[2049, 2048, 2048, 2048, 2048, 2048, 2048, 2048, 2048, 2048]",297.0
1289,11326,81,19,2026-07-05T14:33:35.258000+00:00,30.088,38.677,26.098,296.0,258.0,False,94.863,"[2048, 2048, 2048, 2048, 2048, 2048, 2048]","[2048, 2048, 2048, 2048, 2049, 2048, 2048, 2048, 2049, 2048]","[2048, 2048, 2048, 2048, 2048, 2048, 2048, 2048, 2048, 2048]",301.0
1289,11326,16,20,2026-07-05T14:33:48.040000+00:00,29.844,38.443,26.043,305.0,254.0,False,94.33,"[None, 2049, 2048, 2048, 2048, 2048, 2048]","[2048, 2048, 2048, 2048, 2048, 2048, 2048, 2048, 2048, 2048]","[2048, 2048, 2048, 2048, 2048, 2048, 2048, 2048, 2048, 2048]",294.0
1289,11326,18,19,2026-07-05T14:33:48.394000+00:00,50.974,40.206,26.734,281.0,253.0,True,117.914,"[2064, 2064, 2048, 2048, 2049, 2048, 2048]","[2048, 2048, 2048, 2049, 2048, 2048, 2048, 2048, 2049, 2049]","[2048, 2048, 2048, 2048, 2049, 2049, 2048, 2049, 2049, 2048]",292.0
1289,11326,14,19,2026-07-05T14:33:49.958000+00:00,31.799,40.757,26.859,255.0,251.0,False,99.415,"[None, 2048, 2048, 2048, 2048, 2048, 2048]","[2048, 2048, 2048, 2048, 2048, 2048, 2048, 2048, 2048, 2048]","[2048, 2048, 2048, 2049, 2048, 2048, 2048, 2048, 2048]",296.0
1289,11326,12,20,2026-07-05T14:33:51.895000+00:00,29.913,38.291,25.862,303.0,256.0,False,94.066,"[None, 2048, 2048, 2048, 2048, 2048, 2048]","[2048, 2048, 2048, 2048, 2048, 2049, 2048, 2048, 2048, 2048]","[2048, 2048, 2048, 2048, 2051, 2048, 2049, 2049, 2048, 2048]",298.0
1289,11326,44,20,2026-07-05T14:33:56.796000+00:00,30.099,38.447,25.849,304.0,259.0,False,94.395,"[2048, 2048, 2048, 2048, 2048, 2048, 2048]","[2048, 2048, 2048, 2048, 2048, 2049, 2049, 2049, 2049, 2048]","[2048, 2048, 2048, 2048, 2048, 2048, 2048, 2048, 2048, 2048]",307.0
1289,11326,63,20,2026-07-05T14:34:00.658000+00:00,30.336,38.335,25.882,,256.0,False,94.553,"[2048, 2048, 2048, 2048, 2048, 2048, 2048]","[2048, 2048, 2048, 2049, 2048, 2049, 2049, 2049, 2048, 2048]","[2048, 2048, 2048, 2048, 2049, 2048, 2048, 2048, 2048, 2048]",299.0
1289,11326,6,20,2026-07-05T14:34:06.463000+00:00,52.342,39.009,25.771,312.0,257.0,True,117.122,"[2064, 2064, 2048, 2048, 2048, 2048, 2048]","[2048, 2048, 2048, 2048, 2048, 2048, 2048, 2048, 2049, 2049]","[2048, 2048, 2048, 2048, 2048, 2048, 2049, 2049, 2049, 2049]",301.0
1289,11326,1,20,2026-07-05T14:34:07.868000+00:00,30.138,38.431,26.153,290.0,255.0,False,94.722,"[None, 2048, 2049, 2049, 2048, 2048, 2048]","[2048, 2049, 2048, 2048, 2048, 2048, 2049, 2049, 2048, 2049]","[2048, 2048, 2048, 2048, 2048, 2048, 2048, 2048, 2048, 2048]",293.0
1289,11326,3,20,2026-07-05T14:34:17.396000+00:00,29.967,38.074,25.578,299.0,259.0,False,93.619,"[None, 2048, 2048, 2048, 2049, 2048, 2048]","[2048, 2048, 2048, 2048, 2048, 2048, 2048, 2048, 2049, 2048]","[2048, 2048, 2048, 2048, 2049, 2048, 2048, 2048, 2048, 2048]",302.0
1289,11326,30,20,2026-07-05T14:34:22.570000+00:00,30.085,39.257,26.293,293.0,256.0,False,95.635,"[None, 2048, 2048, 2048, 2048, 2048, 2048]","[2048, 2049, 2048, 2048, 2048, 2048, 2048, 2048, 2048, 2048]","[2048, 2048, 2048, 2048, 2048, 2048, 2048, 2048, 2048, 2048]",298.0
1289,11326,41,20,2026-07-05T14:34:24.523000+00:00,30.356,39.209,26.276,,255.0,False,95.841,"[None, 2048, 2048, 2048, 2048, 2048, 2048]","[2048, 2048, 2048, 2048, 2048, 2048, 2048, 2048, 2048, 2048]","[2048, 2048, 2048, 2048, 2049, 2048, 2048, 2048, 2048, 2048]",299.0
1289,11326,5,20,2026-07-05T14:34:28.329000+00:00,30.375,39.92,26.421,,254.0,False,96.716,"[None, 2048, 2049, 2048, 2048, 2049, 2048]","[2048, 2048, 2048, 2048, 2048, 2048, 2048, 2048, 2048, 2048]","[2048, 2048, 2048, 2048, 2048, 2048, 2048, 2048, 2048, 2048]",306.0
1289,11326,10,20,2026-07-05T14:34:35.900000+00:00,30.412,38.921,26.342,293.0,252.0,False,95.675,"[None, 2048, 2048, 2048, 2048, 2048, 2048]","[2048, 2048, 2048, 2048, 2048, 2049, 2049, 2048, 2048, 2048]","[2048, 2048, 2048, 2048, 2048, 2048, 2049, 2048, 2048, 2048]",298.0
1289,11326,43,20,2026-07-05T14:34:38.675000+00:00,30.292,39.044,26.444,300.0,251.0,False,95.78,"[None, 2048, 2048, 2048, 2048, 2048, 2048]","[2048, 2048, 2048, 2048, 2048, 2048, 2048, 2048, 2049, 2048]","[2048, 2048, 2048, 2048, 2048, 2048, 2049, 2048, 2048, 2048]",297.0
1289,11326,55,20,2026-07-05T14:34:42.240000+00:00,30.268,39.323,25.925,300.0,253.0,False,95.516,"[None, 2048, 2049, 2048, 2048, 2048, 2048]","[2048, 2048, 2048, 2048, 2048, 2049, 2049, 2048, 2048, 2048]","[2048, 2048, 2048, 2048, 2048, 2064, 2064, 2064, 2064, 2064]",297.0
1289,11326,31,20,2026-07-05T14:34:46.432000+00:00,30.732,39.328,26.454,287.0,255.0,False,96.514,"[None, 2048, 2048, 2048, 2048, 2048, 2048]","[2048, 2048, 2048, 2048, 2048, 2048, 2049, 2049, 2049, 2048]","[2048, 2048, 2048, 2048, 2048, 2048, 2048, 2048, 2049, 2049]",296.0
1289,11326,11,20,2026-07-05T14:34:53.172000+00:00,30.636,39.561,26.524,285.0,253.0,False,96.721,"[None, 2049, 2048, 2048, 2048, 2048, 2048]","[2048, 2048, 2048, 2049, 2048, 2049, 2048, 2048, 2048, 2048]","[2048, 2048, 2048, 2048, 2049, 2049, 2048, 2048, 2048, 2048]",297.0
1289,11326,87,20,2026-07-05T14:34:53.914000+00:00,30.705,39.576,26.448,289.0,256.0,False,96.729,"[2049, 2049, 2049, 2048, 2048, 2048, 2048]","[2048, 2048, 2049, 2048, 2048, 2048, 2048, 2048, 2048, 2048]","[2048, 2048, 2048, 2048, 2048, 2048, 2048, 2048, 2048, 2048]",317.0
1289,11326,77,20,2026-07-05T14:35:02.929000+00:00,30.845,40.066,27.877,286.0,250.0,False,98.788,"[None, 2048, 2048, 2048, 2048, 2048, 2048]","[2048, 2048, 2048, 2049, 2048, 2048, 2048, 2048, 2048, 2048]","[2048, 2048, 2048, 2048, 2048, 2048, 2048, 2048, 2048, 2048]",307.0
1289,11326,27,20,2026-07-05T14:35:04.653000+00:00,30.234,39.195,25.957,292.0,258.0,False,95.386,"[None, 2048, 2048, 2048, 2048, 2048, 2048]","[2048, 2048, 2048, 2048, 2048, 2048, 2048, 2048, 2048, 2048]","[2048, 2048, 2048, 2049, 2048, 2048, 2048, 2048, 2048, 2048]",310.0
1289,11326,23,19,2026-07-05T14:35:07.390000+00:00,30.341,39.316,26.73,293.0,254.0,False,96.387,"[2049, 2048, 2048, 2048, 2048, 2048, 2048]","[2048, 2048, 2048, 2048, 2048, 2048, 2049, 2049, 2048, 2048]","[2048, 2048, 2048, 2048, 2048, 2048, 2048, 2048, 2048, 2048]",297.0
1289,11326,81,20,2026-07-05T14:35:10.083000+00:00,30.127,38.632,26.237,295.0,258.0,False,94.996,"[None, 2048, 2048, 2048, 2048, 2048, 2048]","[2048, 2048, 2048, 2048, 2049, 2048, 2048, 2048, 2048, 2048]","[2049, 2048, 2048, 2049, 2048, 2048, 2048, 2048, 2048, 2048]",305.0
1289,11326,16,21,2026-07-05T14:35:22.248000+00:00,30.073,38.34,25.878,,255.0,False,94.291,"[2048, 2048, 2048, 2048, 2048, 2048, 2048]","[2048, 2048, 2048, 2049, 2048, 2048, 2048, 2048, 2048, 2048]","[2048, 2048, 2048, 2048, 2048, 2048, 2048, 2048, 2048, 2048]",300.0
1289,11326,12,21,2026-07-05T14:35:26.070000+00:00,30.005,38.157,25.916,302.0,255.0,False,94.078,"[None, 2048, 2048, 2048, 2048, 2048, 2048]","[2049, 2048, 2048, 2048, 2048, 2048, 2048, 2048, 2049, 2048]","[2048, 2048, 2048, 2048, 2048, 2048, 2048, 2048, 2048, 2048]",298.0
1289,11326,14,20,2026-07-05T14:35:29.349000+00:00,31.376,40.885,26.288,277.0,249.0,False,98.549,"[None, 2048, 2048, 2048, 2048, 2048, 2048]","[2048, 2048, 2048, 2048, 2049, 2048, 2048, 2048, 2048, 2048]","[2048, 2048, 2048, 2048, 2048, 2064, 2064, 2064, 2064, 2064]",297.0
1289,11326,44,21,2026-07-05T14:35:31.119000+00:00,29.975,38.727,26.099,314.0,256.0,False,94.801,"[None, 2049, 2048, 2048, 2048, 2048, 2048]","[2048, 2048, 2048, 2048, 2048, 2048, 2048, 2048, 2048, 2048]","[2048, 2048, 2048, 2048, 2048, 2048, 2048, 2048, 2048, 2048]",304.0
1289,11326,63,21,2026-07-05T14:35:35.191000+00:00,30.21,38.257,25.938,299.0,256.0,False,94.405,"[None, 2048, 2048, 2048, 2048, 2048, 2048]","[2048, 2048, 2048, 2048, 2048, 2048, 2048, 2048, 2048, 2048]","[2048, 2048, 2048, 2048, 2048, 2049, 2048, 2048, 2048, 2049]",302.0
1289,11326,1,21,2026-07-05T14:35:42.627000+00:00,30.127,38.358,26.095,294.0,255.0,False,94.58,"[None, 2048, 2048, 2048, 2048, 2048, 2048]","[2048, 2049, 2048, 2048, 2048, 2049, 2049, 2048, 2049, 2048]","[2048, 2048, 2048, 2048, 2049, 2048, 2048, 2048, 2048, 2048]",295.0
1289,11326,18,20,2026-07-05T14:35:46.334000+00:00,31.314,40.179,26.773,278.0,252.0,False,98.266,"[2048, 2048, 2048, 2048, 2048, 2049, 2048]","[2048, 2049, 2049, 2049, 2048, 2049, 2049, 2048, 2048, 2048]","[2048, 2048, 2048, 2048, 2048, 2049, 2048, 2048, 2048, 2049]",292.0
1289,11326,3,21,2026-07-05T14:35:50.803000+00:00,30.027,38.198,25.91,301.0,257.0,False,94.135,"[None, 2048, 2048, 2048, 2048, 2048, 2048]","[2048, 2048, 2048, 2048, 2048, 2048, 2048, 2048, 2048, 2048]","[2048, 2048, 2048, 2049, 2048, 2048, 2048, 2048, 2048, 2048]",306.0
1289,11326,30,21,2026-07-05T14:35:58.153000+00:00,30.167,39.223,26.217,292.0,256.0,False,95.607,"[None, 2048, 2049, 2048, 2048, 2048, 2048]","[2048, 2049, 2048, 2048, 2048, 2048, 2048, 2048, 2048, 2048]","[2048, 2048, 2048, 2048, 2048, 2048, 2048, 2048, 2048, 2048]",298.0
1289,11326,41,21,2026-07-05T14:36:00.282000+00:00,30.339,39.187,26.253,,257.0,False,95.779,"[None, 2048, 2048, 2048, 2048, 2048, 2048]","[2048, 2049, 2048, 2048, 2048, 2048, 2048, 2048, 2048, 2048]","[2049, 2048, 2048, 2048, 2049, 2048, 2048, 2048, 2048, 2048]",300.0
1289,11326,6,21,2026-07-05T14:36:03.714000+00:00,29.941,38.198,25.904,298.0,258.0,False,94.043,"[2048, 2048, 2048, 2049, 2048, 2048, 2048]","[2048, 2049, 2049, 2049, 2048, 2048, 2048, 2048, 2048, 2048]","[2048, 2048, 2048, 2048, 2048, 2048, 2048, 2048, 2048, 2048]",303.0
1289,11326,5,21,2026-07-05T14:36:05.020000+00:00,30.351,38.96,27.249,294.0,256.0,False,96.56,"[None, 2048, 2048, 2048, 2048, 2048, 2048]","[2048, 2048, 2048, 2048, 2048, 2048, 2048, 2048, 2048, 2048]","[2048, 2048, 2048, 2048, 2048, 2048, 2048, 2048, 2048, 2048]",297.0
1289,11326,10,21,2026-07-05T14:36:11.430000+00:00,30.442,38.9,30.636,,252.0,False,99.978,"[None, 2048, 2048, 2048, 2048, 2048, 2048]","[2048, 2048, 2049, 2048, 2048, 2048, 2048, 2048, 2048, 2048]","[2048, 2048, 2048, 2048, 2048, 2048, 2048, 2048, 2048, 2048]",297.0
1289,11326,43,21,2026-07-05T14:36:14.409000+00:00,30.094,38.959,31.415,305.0,253.0,False,100.468,"[None, 2048, 2048, 2048, 2048, 2049, 2048]","[2049, 2049, 2048, 2048, 2048, 2048, 2048, 2048, 2048, 2048]","[2048, 2048, 2048, 2048, 2048, 2048, 2048, 2048, 2048, 2048]",298.0
1289,11326,55,21,2026-07-05T14:36:17.771000+00:00,51.054,45.031,29.564,303.0,166.0,True,125.649,"[2064, 2064, 2048, 2048, 2048, 2049, 2048]","[2048, 2048, 2049, 2048, 2048, 2049, 2048, 2048, 2048, 2048]","[2048, 2048, 2048, 2048, 2049, 2049, 2049, 2049, 2049, 2048]",263.0
1289,11326,31,21,2026-07-05T14:36:22.859000+00:00,30.652,39.243,30.413,286.0,254.0,False,100.308,"[None, 2048, 2048, 2048, 2048, 2048, 2048]","[2048, 2049, 2048, 2048, 2048, 2048, 2048, 2049, 2048, 2048]","[2048, 2048, 2048, 2048, 2048, 2064, 2064, 2064, 2064, 2064]",127.0
1289,11326,11,21,2026-07-05T14:36:29.927000+00:00,30.753,42.344,33.266,286.0,122.0,False,106.363,"[None, 2048, 2048, 2048, 2048, 2048, 2048]","[2048, 2048, 2048, 2049, 2048, 2048, 2048, 2048, 2048, 2048]","[2048, 2048, 2048, 2048, 2048, 2064, 2064, 2064, 2064, 2064]",249.0
1289,11326,87,21,2026-07-05T14:36:30.652000+00:00,30.102,43.217,33.537,327.0,150.0,False,106.856,"[None, 2049, 2048, 2048, 2048, 2049, 2049]","[2049, 2048, 2048, 2048, 2048, 2048, 2048, 2048, 2048, 2048]","[2048, 2048, 2048, 2048, 2048, 2048, 2048, 2048, 2048, 2048]",244.0
1289,11326,27,21,2026-07-05T14:36:39.953000+00:00,30.239,45.646,29.259,293.0,216.0,False,105.144,"[None, 2048, 2048, 2048, 2048, 2048, 2048]","[2048, 2048, 2048, 2048, 2048, 2048, 2048, 2048, 2048, 2048]","[2048, 2048, 2048, 2048, 2048, 2048, 2048, 2048, 2049, 2049]",270.0
1289,11326,77,21,2026-07-05T14:36:41.705000+00:00,31.028,46.491,29.521,287.0,209.0,False,107.04,"[None, 2048, 2048, 2048, 2048, 2048, 2048]","[2048, 2048, 2048, 2048, 2048, 2048, 2048, 2048, 2048, 2048]","[2048, 2048, 2048, 2048, 2048, 2048, 2048, 2048, 2048, 2048]",263.0
1289,11326,23,20,2026-07-05T14:36:43.896000+00:00,31.037,51.257,26.87,190.0,254.0,False,109.164,"[None, 2048, 2048, 2048, 2048, 2048, 2048]","[2048, 2048, 2048, 2048, 2049, 2048, 2048, 2048, 2048, 2048]","[2048, 2048, 2048, 2048, 2048, 2048, 2048, 2048, 2048, 2048]",293.0
1289,11326,81,21,2026-07-05T14:36:45.054000+00:00,30.093,48.547,26.738,301.0,255.0,False,105.378,"[2049, 2049, 2048, 2048, 2048, 2048, 2048]","[2049, 2048, 2048, 2048, 2048, 2048, 2048, 2048, 2048, 2048]","[2048, 2048, 2048, 2048, 2048, 2048, 2048, 2048, 2048, 2048]",300.0
1289,11326,16,22,2026-07-05T14:36:56.569000+00:00,30.035,48.616,25.327,,258.0,False,103.978,"[None, 2048, 2048, 2048, 2048, 2048, 2048]","[2049, 2048, 2048, 2048, 2048, 2048, 2048, 2048, 2048, 2048]","[2048, 2048, 2049, 2048, 2051, 2049, 2048, 2048, 2048, 2049]",315.0
1289,11326,12,22,2026-07-05T14:37:00.045000+00:00,29.903,48.585,25.88,301.0,252.0,False,104.368,"[None, 2048, 2048, 2048, 2048, 2048, 2048]","[2048, 2048, 2048, 2048, 2048, 2048, 2048, 2048, 2048, 2048]","[2048, 2048, 2048, 2048, 2048, 2049, 2049, 2048, 2048, 2049]",295.0
1289,11326,44,22,2026-07-05T14:37:06.030000+00:00,30.085,48.792,25.77,302.0,259.0,False,104.647,"[None, 2048, 2048, 2048, 2048, 2048, 2048]","[2048, 2048, 2048, 2048, 2048, 2048, 2048, 2048, 2048, 2048]","[2048, 2048, 2048, 2048, 2048, 2048, 2048, 2048, 2048, 2048]",307.0
1289,11326,14,21,2026-07-05T14:37:07.817000+00:00,58.662,40.665,26.382,279.0,257.0,True,125.709,"[2064, 2064, 2048, 2048, 2048, 2048, 2048]","[2048, 2048, 2048, 2048, 2048, 2049, 2049, 2049, 2048, 2049]","[2049, 2048, 2048, 2049, 2049, 2049, 2048, 2049, 2049, 2049]",305.0
1289,11326,63,22,2026-07-05T14:37:09.622000+00:00,32.048,48.073,25.813,116.0,257.0,False,105.934,"[2049, 2048, 2048, 2048, 2048, 2048, 2048]","[2048, 2048, 2048, 2048, 2048, 2048, 2048, 2048, 2048, 2048]","[2048, 2048, 2048, 2048, 2049, 2048, 2048, 2048, 2048, 2049]",300.0
1289,11326,1,22,2026-07-05T14:37:17.187000+00:00,36.756,43.012,25.898,255.0,259.0,False,105.666,"[None, 2048, 2048, 2048, 2048, 2048, 2048]","[2048, 2048, 2048, 2048, 2048, 2048, 2048, 2048, 2048, 2049]","[2049, 2048, 2048, 2048, 2048, 2048, 2048, 2048, 2048, 2049]",301.0
1289,11326,18,21,2026-07-05T14:37:24.625000+00:00,38.43,43.447,26.516,225.0,253.0,False,108.393,"[None, 2048, 2048, 2048, 2048, 2048, 2048]","[2048, 2048, 2048, 2048, 2048, 2048, 2048, 2048, 2048, 2048]","[2048, 2048, 2048, 2049, 2049, 2049, 2048, 2048, 2048]",304.0
1289,11326,3,22,2026-07-05T14:37:25.064000+00:00,37.344,41.587,25.934,218.0,252.0,False,104.865,"[None, 2048, 2048, 2048, 2048, 2048, 2048]","[2048, 2048, 2048, 2048, 2048, 2048, 2048, 2048, 2048, 2048]","[2048, 2048, 2048, 2048, 2051, 2051, 2048, 2048, 2048, 2048]",290.0
1289,11326,30,22,2026-07-05T14:37:33.836000+00:00,39.755,39.753,26.15,205.0,258.0,False,105.658,"[None, 2048, 2048, 2048, 2048, 2048, 2048]","[2048, 2048, 2048, 2049, 2048, 2048, 2048, 2048, 2048, 2048]","[2048, 2048, 2048, 2048, 2049, 2049, 2048, 2048, 2048, 2048]",299.0
1289,11326,41,22,2026-07-05T14:37:36.195000+00:00,40.762,39.517,26.512,239.0,257.0,False,106.791,"[None, 2048, 2048, 2048, 2048, 2048, 2048]","[2048, 2048, 2048, 2048, 2048, 2048, 2048, 2048, 2048, 2048]","[2049, 2048, 2048, 2048, 2048, 2048, 2048, 2048, 2048, 2048]",299.0
1289,11326,6,22,2026-07-05T14:37:37.740000+00:00,40.572,38.771,26.324,266.0,261.0,False,105.667,"[None, 2048, 2048, 2048, 2048, 2048, 2048]","[2048, 2048, 2049, 2048, 2049, 2048, 2048, 2048, 2048, 2048]","[2049, 2048, 2048, 2049, 2048, 2048, 2048, 2048, 2048, 2048]",327.0
1289,11326,5,22,2026-07-05T14:37:41.603000+00:00,39.414,39.179,26.291,292.0,257.0,False,104.884,"[None, 2048, 2048, 2048, 2048, 2048, 2048]","[2048, 2048, 2049, 2048, 2048, 2048, 2048, 2048, 2048, 2048]","[2048, 2048, 2048, 2048, 2048, 2048, 2048, 2048, 2048, 2048]",297.0
1289,11326,10,22,2026-07-05T14:37:51.446000+00:00,35.663,39.334,26.624,285.0,249.0,False,101.621,"[None, 2048, 2048, 2048, 2048, 2048, 2048]","[2048, 2048, 2048, 2048, 2048, 2048, 2048, 2048, 2048, 2048]","[2048, 2048, 2048, 2048, 2048, 2048, 2048, 2048, 2048, 2048]",292.0
1289,11326,43,22,2026-07-05T14:37:54.924000+00:00,34.376,39.202,25.725,302.0,252.0,False,99.303,"[None, 2048, 2048, 2048, 2048, 2048, 2048]","[2048, 2048, 2048, 2048, 2048, 2048, 2048, 2048, 2048, 2048]","[2048, 2048, 2048, 2048, 2048, 2064, 2064, 2064, 2064, 2064]",309.0
1289,11326,31,22,2026-07-05T14:38:03.125000+00:00,65.995,40.619,27.08,288.0,238.0,True,133.694,"[2064, 2064, 2048, 2048, 2048, 2049, 2048]","[2048, 2048, 2049, 2048, 2048, 2048, 2048, 2048, 2048, 2048]","[2048, 2048, 2048, 2048, 2048, 2048, 2048, 2049, 2049, 2049]",284.0
1289,11326,11,22,2026-07-05T14:38:16.145000+00:00,51.777,39.128,26.55,285.0,254.0,True,117.455,"[2064, 2064, 2048, 2048, 2048, 2048, 2048]","[2048, 2048, 2049, 2049, 2048, 2048, 2048, 2048, 2048, 2049]","[2048, 2048, 2048, 2048, 2048, 2048, 2048, 2049, 2049, 2049]",293.0
1289,11326,87,22,2026-07-05T14:38:17.497000+00:00,30.689,39.352,26.378,283.0,255.0,False,96.419,"[2048, 2048, 2049, 2049, 2048, 2048, 2048]","[2048, 2049, 2049, 2048, 2048, 2049, 2048, 2048, 2049, 2048]","[2048, 2048, 2048, 2048, 2049, 2048, 2049, 2048, 2048, 2048]",300.0
1289,11326,55,22,2026-07-05T14:38:23.520000+00:00,30.598,38.711,26.14,288.0,256.0,False,95.449,"[2048, 2048, 2048, 2049, 2048, 2048, 2048]","[2048, 2049, 2049, 2048, 2048, 2049, 2048, 2048, 2049, 2049]","[2048, 2048, 2048, 2048, 2049, 2048, 2049, 2049, 2049, 2049]",296.0
1289,11326,27,22,2026-07-05T14:38:25.263000+00:00,30.256,38.782,26.077,291.0,257.0,False,95.115,"[None, 2048, 2049, 2048, 2048, 2048, 2048]","[2048, 2049, 2049, 2048, 2048, 2048, 2048, 2048, 2048, 2049]","[2048, 2048, 2048, 2048, 2049, 2048, 2048, 2048, 2048, 2048]",300.0
1289,11326,77,22,2026-07-05T14:38:28.823000+00:00,31.891,40.531,26.85,217.0,252.0,False,99.272,"[None, 2048, 2048, 2048, 2048, 2048, 2048]","[2048, 2048, 2048, 2048, 2048, 2048, 2048, 2048, 2048, 2048]","[2048, 2048, 2048, 2048, 2048, 2048, 2048, 2048, 2048, 2048]",307.0
1289,11326,81,22,2026-07-05T14:38:30.444000+00:00,30.171,38.833,26.291,,253.0,False,95.295,"[None, 2048, 2048, 2048, 2048, 2048, 2048]","[2048, 2048, 2048, 2048, 2048, 2048, 2048, 2048, 2048, 2048]","[2048, 2048, 2048, 2048, 2048, 2048, 2048, 2048, 2048, 2048]",296.0
1289,11326,23,21,2026-07-05T14:38:33.096000+00:00,30.898,39.248,26.756,288.0,251.0,False,96.902,"[2048, 2048, 2048, 2048, 2048, 2048, 2048]","[2048, 2048, 2048, 2048, 2048, 2048, 2048, 2048, 2048, 2048]","[2048, 2048, 2048, 2048, 2048, 2048, 2048, 2048, 2048, 2048]",296.0
1289,11326,16,23,2026-07-05T14:38:40.664000+00:00,29.879,38.471,26.107,310.0,257.0,False,94.457,"[2049, 2049, 2048, 2048, 2048, 2048, 2048]","[2048, 2048, 2048, 2049, 2049, 2048, 2048, 2048, 2048, 2048]","[2048, 2048, 2048, 2048, 2048, 2048, 2048, 2048, 2048, 2048]",304.0
1289,11326,12,23,2026-07-05T14:38:44.468000+00:00,29.847,38.095,25.972,304.0,254.0,False,93.914,"[None, 2048, 2048, 2048, 2048, 2048, 2048]","[2048, 2049, 2048, 2048, 2048, 2048, 2048, 2048, 2049, 2048]","[2048, 2048, 2048, 2048, 2048, 2048, 2048, 2048, 2048, 2048]",298.0
1289,11326,44,23,2026-07-05T14:38:50.560000+00:00,30.077,38.305,25.863,303.0,255.0,False,94.245,"[None, 2048, 2048, 2048, 2048, 2048, 2048]","[2048, 2049, 2048, 2049, 2048, 2049, 2049, 2048, 2048, 2048]","[2048, 2048, 2048, 2048, 2048, 2064, 2064, 2064, 2064, 2064]",300.0
1289,11326,63,23,2026-07-05T14:38:55.562000+00:00,30.078,38.316,25.556,299.0,256.0,False,93.95,"[2048, 2048, 2048, 2048, 2048, 2048, 2048]","[2048, 2048, 2048, 2048, 2048, 2049, 2048, 2048, 2048, 2048]","[2048, 2048, 2048, 2048, 2048, 2064, 2064, 2064, 2064, 2064]",296.0
1289,11326,1,23,2026-07-05T14:39:02.799000+00:00,29.988,38.627,26.115,295.0,255.0,False,94.73,"[None, 2048, 2048, 2048, 2048, 2048, 2048]","[2048, 2048, 2048, 2048, 2048, 2048, 2048, 2048, 2048, 2048]","[2048, 2048, 2048, 2048, 2048, 2048, 2049, 2048, 2048, 2048]",294.0
1289,11326,3,23,2026-07-05T14:39:09.867000+00:00,30.15,38.229,25.879,296.0,257.0,False,94.258,"[None, 2048, 2048, 2048, 2048, 2048, 2048]","[2048, 2048, 2048, 2048, 2048, 2048, 2048, 2048, 2049, 2048]","[2048, 2048, 2048, 2048, 2048, 2048, 2048, 2048, 2048, 2048]",298.0
1289,11326,18,22,2026-07-05T14:39:12.934000+00:00,32.238,40.256,26.713,281.0,253.0,False,99.207,"[None, 2048, 2049, 2048, 2048, 2048, 2048]","[2048, 2048, 2048, 2048, 2048, 2048, 2048, 2048, 2048, 2048]","[2048, 2048, 2048, 2048, 2048, 2048, 2048, 2049, 2048, 2049]",296.0
1289,11326,14,22,2026-07-05T14:39:13.622000+00:00,31.303,39.379,26.732,283.0,253.0,False,97.414,"[2049, 2048, 2048, 2049, 2048, 2048, 2048]","[2048, 2049, 2049, 2049, 2048, 2049, 2048, 2048, 2049, 2048]","[2048, 2048, 2048, 2048, 2049, 2049, 2048, 2048, 2049, 2049]",287.0
1289,11326,30,23,2026-07-05T14:39:19.531000+00:00,30.289,39.322,26.44,292.0,257.0,False,96.051,"[None, 2048, 2048, 2048, 2048, 2048, 2048]","[2048, 2048, 2048, 2048, 2048, 2048, 2048, 2048, 2048, 2048]","[2048, 2048, 2048, 2048, 2048, 2048, 2048, 2048, 2048, 2048]",296.0
1289,11326,41,23,2026-07-05T14:39:22.941000+00:00,30.374,39.904,26.33,294.0,257.0,False,96.608,"[None, 2048, 2049, 2048, 2048, 2048, 2048]","[2048, 2048, 2048, 2048, 2048, 2048, 2048, 2048, 2048, 2048]","[2049, 2049, 2048, 2048, 2048, 2048, 2048, 2048, 2048, 2048]",305.0
1289,11326,6,23,2026-07-05T14:39:23.286000+00:00,30.119,38.696,25.915,308.0,260.0,False,94.73,"[None, 2048, 2048, 2048, 2048, 2048, 2048]","[2048, 2048, 2048, 2048, 2051, 2048, 2048, 2048, 2048, 2049]","[2048, 2048, 2048, 2048, 2048, 2048, 2048, 2048, 2048, 2048]",302.0
1289,11326,5,23,2026-07-05T14:39:26.395000+00:00,30.3,39.145,26.273,295.0,256.0,False,95.718,"[None, 2048, 2048, 2048, 2048, 2049, 2048]","[2048, 2048, 2048, 2048, 2048, 2048, 2048, 2048, 2048, 2048]","[2048, 2048, 2048, 2048, 2048, 2048, 2048, 2048, 2048, 2048]",300.0
1289,11326,10,23,2026-07-05T14:39:33.044000+00:00,30.518,39.001,25.869,298.0,252.0,False,95.388,"[None, 2048, 2048, 2048, 2048, 2048, 2048]","[2048, 2048, 2048, 2048, 2048, 2048, 2048, 2048, 2048, 2048]","[2048, 2048, 2048, 2048, 2048, 2064, 2064, 2064, 2064, 2064]",294.0
1289,11326,43,23,2026-07-05T14:39:34.174000+00:00,51.716,38.626,26.402,302.0,250.0,True,116.744,"[2064, 2064, 2048, 2048, 2048, 2049, 2048]","[2048, 2049, 2049, 2049, 2048, 2048, 2048, 2048, 2048, 2048]","[2048, 2048, 2048, 2048, 2048, 2048, 2048, 2048, 2049, 2048]",325.0
1289,11326,87,23,2026-07-05T14:39:53.874000+00:00,30.718,39.418,26.521,284.0,255.0,False,96.657,"[None, 2048, 2049, 2048, 2048, 2048, 2048]","[2048, 2049, 2048, 2048, 2048, 2048, 2048, 2048, 2049, 2048]","[2048, 2048, 2048, 2048, 2048, 2048, 2048, 2049, 2048, 2048]",299.0
1289,11326,55,23,2026-07-05T14:39:58.883000+00:00,30.087,38.562,26.274,297.0,257.0,False,94.923,"[None, 2048, 2048, 2048, 2048, 2048, 2048]","[2048, 2049, 2048, 2048, 2048, 2049, 2048, 2048, 2049, 2048]","[2048, 2048, 2048, 2049, 2048, 2048, 2048, 2048, 2048, 2048]",299.0
1289,11326,27,23,2026-07-05T14:40:00.287000+00:00,30.176,38.672,26.229,293.0,255.0,False,95.077,"[None, 2048, 2048, 2048, 2048, 2048, 2048]","[2048, 2049, 2048, 2048, 2048, 2049, 2048, 2048, 2048, 2048]","[2048, 2048, 2048, 2048, 2049, 2048, 2048, 2048, 2048, 2048]",299.0
1289,11326,81,23,2026-07-05T14:40:05.696000+00:00,30.07,38.75,26.144,296.0,255.0,False,94.964,"[2048, 2048, 2048, 2048, 2048, 2048, 2048]","[2048, 2048, 2048, 2048, 2048, 2048, 2048, 2048, 2048, 2048]","[2048, 2048, 2048, 2048, 2048, 2048, 2048, 2048, 2048, 2048]",297.0
1289,11326,77,23,2026-07-05T14:40:08.071000+00:00,31.057,39.977,26.958,289.0,252.0,False,97.992,"[None, 2048, 2048, 2048, 2048, 2048, 2048]","[2048, 2048, 2048, 2048, 2048, 2048, 2048, 2048, 2048, 2048]","[2048, 2048, 2048, 2048, 2048, 2048, 2048, 2048, 2048, 2048]",297.0
1289,11326,23,22,2026-07-05T14:40:09.851000+00:00,30.613,39.526,26.711,292.0,251.0,False,96.85,"[None, 2048, 2048, 2048, 2048, 2048, 2048]","[2048, 2048, 2048, 2049, 2049, 2048, 2048, 2048, 2048, 2048]","[2048, 2049, 2049, 2048, 2048, 2048, 2048, 2048, 2048, 2048]",303.0
1289,11326,11,23,2026-07-05T14:40:13.679000+00:00,32.015,39.167,26.314,295.0,255.0,False,97.496,"[2048, 2048, 2048, 2048, 2048, 2048, 2048]","[2048, 2049, 2048, 2049, 2048, 2048, 2048, 2048, 2049, 2048]","[2048, 2048, 2048, 2049, 2048, 2048, 2048, 2048, 2048, 2048]",305.0
1289,11326,16,24,2026-07-05T14:40:14.951000+00:00,30.082,38.463,25.771,307.0,257.0,False,94.316,"[2048, 2048, 2048, 2048, 2048, 2048, 2048]","[2048, 2048, 2048, 2048, 2048, 2048, 2048, 2048, 2048, 2048]","[2048, 2048, 2048, 2048, 2048, 2048, 2048, 2048, 2048, 2048]",306.0
1289,11326,31,23,2026-07-05T14:40:16.902000+00:00,30.285,40.055,26.167,292.0,259.0,False,96.507,"[2049, 2049, 2048, 2049, 2048, 2048, 2048]","[2048, 2048, 2048, 2048, 2048, 2048, 2048, 2048, 2048, 2048]","[2048, 2048, 2048, 2048, 2048, 2048, 2049, 2048, 2048, 2048]",311.0
1289,11326,12,24,2026-07-05T14:40:18.351000+00:00,29.888,38.179,25.888,310.0,255.0,False,93.955,"[None, 2048, 2048, 2048, 2048, 2048, 2048]","[2048, 2048, 2048, 2048, 2048, 2048, 2048, 2048, 2049, 2048]","[2048, 2048, 2048, 2048, 2048, 2048, 2048, 2048, 2048, 2048]",300.0
1289,11326,44,24,2026-07-05T14:40:24.731000+00:00,56.458,37.899,25.339,296.0,259.0,True,119.696,"[2064, 2064, 2048, 2048, 2048, 2048, 2048]","[2048, 2048, 2049, 2049, 2049, 2048, 2048, 2048, 2048, 2049]","[2048, 2048, 2048, 2048, 2049, 2048, 2049, 2049, 2049, 2049]",307.0
1289,11326,63,24,2026-07-05T14:40:29.483000+00:00,50.47,37.7,25.533,293.0,259.0,True,113.703,"[2064, 2064, 2048, 2049, 2048, 2048, 2048]","[2048, 2049, 2049, 2049, 2048, 2049, 2048, 2048, 2049, 2051]","[2048, 2048, 2048, 2048, 2049, 2048, 2049, 2049, 2049, 2051]",296.0
1289,11326,1,24,2026-07-05T14:40:37.619000+00:00,30.112,38.62,26.15,293.0,255.0,False,94.882,"[None, 2048, 2048, 2048, 2048, 2048, 2048]","[2048, 2048, 2048, 2048, 2048, 2048, 2048, 2048, 2048, 2048]","[2048, 2048, 2048, 2048, 2049, 2048, 2048, 2048, 2048, 2048]",293.0
1289,11326,3,24,2026-07-05T14:40:44.052000+00:00,30.08,38.354,25.701,297.0,257.0,False,94.135,"[None, 2048, 2048, 2048, 2048, 2048, 2048]","[2048, 2048, 2048, 2048, 2048, 2048, 2048, 2048, 2048, 2048]","[2048, 2048, 2048, 2048, 2048, 2048, 2048, 2048, 2048, 2048]",299.0
1289,11326,14,23,2026-07-05T14:40:50.960000+00:00,31.108,39.66,26.636,289.0,251.0,False,97.404,"[2048, 2048, 2048, 2048, 2048, 2049, 2048]","[2048, 2048, 2048, 2049, 2048, 2048, 2048, 2048, 2048, 2048]","[2048, 2048, 2048, 2049, 2049, 2048, 2048, 2048, 2048, 2048]",297.0
1289,11326,18,23,2026-07-05T14:40:52.161000+00:00,31.137,40.21,26.795,280.0,252.0,False,98.142,"[None, 2048, 2048, 2048, 2048, 2049, 2048]","[2048, 2048, 2048, 2048, 2048, 2049, 2048, 2048, 2048, 2048]","[2048, 2048, 2048, 2048, 2048, 2048, 2048, 2048, 2048, 2048]",296.0
1289,11326,30,24,2026-07-05T14:40:55.656000+00:00,30.278,39.283,26.227,294.0,257.0,False,95.788,"[None, 2048, 2048, 2048, 2048, 2048, 2048]","[2048, 2048, 2048, 2049, 2048, 2048, 2048, 2048, 2048, 2048]","[2048, 2048, 2048, 2049, 2048, 2048, 2048, 2048, 2048, 2048]",300.0
1289,11326,6,24,2026-07-05T14:40:58.079000+00:00,29.906,38.546,26.05,301.0,257.0,False,94.502,"[None, 2048, 2048, 2048, 2048, 2048, 2048]","[2048, 2048, 2048, 2048, 2048, 2048, 2048, 2048, 2048, 2048]","[2048, 2048, 2048, 2048, 2048, 2048, 2048, 2048, 2048, 2048]",304.0
1289,11326,41,24,2026-07-05T14:40:59.443000+00:00,30.24,39.132,26.151,297.0,256.0,False,95.523,"[None, 2048, 2048, 2048, 2048, 2049, 2048]","[2048, 2048, 2048, 2048, 2049, 2048, 2048, 2048, 2048, 2048]","[2048, 2048, 2048, 2049, 2048, 2048, 2048, 2048, 2048, 2048]",301.0
1289,11326,5,24,2026-07-05T14:41:02.292000+00:00,30.251,39.126,26.286,294.0,256.0,False,95.663,"[2049, 2048, 2048, 2048, 2048, 2049, 2048]","[2048, 2048, 2048, 2048, 2048, 2048, 2048, 2048, 2048, 2048]","[2048, 2048, 2048, 2048, 2048, 2048, 2048, 2048, 2048, 2048]",299.0
1289,11326,10,24,2026-07-05T14:41:08.476000+00:00,55.598,40.176,26.633,318.0,252.0,True,122.407,"[2064, 2064, 2048, 2048, 2048, 2048, 2049]","[2049, 2048, 2049, 2048, 2048, 2048, 2048, 2048, 2048, 2048]","[2048, 2048, 2048, 2048, 2048, 2048, 2048, 2048, 2049, 2049]",309.0
1289,11326,87,24,2026-07-05T14:41:30.557000+00:00,30.665,39.775,26.516,285.0,256.0,False,96.956,"[None, 2048, 2048, 2048, 2048, 2048, 2048]","[2048, 2048, 2048, 2048, 2048, 2048, 2048, 2048, 2048, 2048]","[2048, 2048, 2048, 2048, 2048, 2048, 2048, 2048, 2048, 2048]",306.0
1289,11326,43,24,2026-07-05T14:41:30.896000+00:00,30.133,38.456,26.123,306.0,255.0,False,94.712,"[2048, 2048, 2048, 2049, 2049, 2049, 2048]","[2048, 2049, 2048, 2048, 2048, 2049, 2049, 2048, 2048, 2049]","[2048, 2048, 2048, 2048, 2049, 2048, 2049, 2049, 2049, 2049]",295.0
1289,11326,55,24,2026-07-05T14:41:33.850000+00:00,30.238,39.828,26.471,303.0,253.0,False,96.537,"[2049, 2049, 2049, 2048, 2048, 2048, 2048]","[2048, 2048, 2048, 2048, 2048, 2048, 2048, 2048, 2048, 2048]","[2048, 2048, 2048, 2048, 2048, 2048, 2048, 2048, 2048, 2048]",298.0
1289,11326,27,24,2026-07-05T14:41:35.370000+00:00,30.171,39.14,26.709,296.0,254.0,False,96.02,"[2049, 2049, 2048, 2048, 2048, 2048, 2048]","[2048, 2048, 2048, 2048, 2048, 2048, 2048, 2048, 2048, 2048]","[2048, 2048, 2048, 2048, 2048, 2048, 2048, 2048, 2048, 2048]",318.0
1289,11326,81,24,2026-07-05T14:41:40.704000+00:00,29.969,38.682,26.112,300.0,256.0,False,94.763,"[None, 2048, 2048, 2048, 2048, 2049, 2048]","[2048, 2048, 2048, 2048, 2048, 2048, 2048, 2048, 2048, 2048]","[2048, 2048, 2048, 2048, 2048, 2048, 2048, 2048, 2048, 2048]",297.0
1289,11326,77,24,2026-07-05T14:41:45.975000+00:00,31.323,40.311,27.542,282.0,251.0,False,99.176,"[None, 2048, 2048, 2048, 2048, 2048, 2048]","[2048, 2048, 2048, 2049, 2048, 2048, 2048, 2048, 2048, 2048]","[2048, 2048, 2048, 2048, 2048, 2048, 2048, 2048, 2048, 2048]",278.0
1289,11326,23,23,2026-07-05T14:41:46.719000+00:00,30.478,39.397,25.821,305.0,252.0,False,95.696,"[2049, 2048, 2048, 2048, 2048, 2048, 2048]","[2049, 2048, 2048, 2048, 2048, 2048, 2048, 2048, 2048, 2048]","[2048, 2048, 2048, 2048, 2048, 2064, 2064, 2064, 2064, 2064]",294.0
1289,11326,16,25,2026-07-05T14:41:49.369000+00:00,29.977,38.641,25.425,311.0,257.0,False,94.043,"[None, 2048, 2048, 2048, 2048, 2049, 2049]","[2049, 2048, 2048, 2049, 2048, 2048, 2048, 2048, 2048, 2048]","[2048, 2048, 2048, 2048, 2048, 2064, 2064, 2064, 2064, 2064]",310.0
1289,11326,11,24,2026-07-05T14:41:51.133000+00:00,31.45,39.041,26.695,302.0,254.0,False,97.186,"[None, 2048, 2048, 2048, 2048, 2048, 2048]","[2048, 2048, 2048, 2048, 2048, 2049, 2048, 2048, 2049, 2048]","[2048, 2048, 2048, 2048, 2048, 2048, 2048, 2048, 2048, 2048]",303.0
1289,11326,12,25,2026-07-05T14:41:52.353000+00:00,29.822,38.16,26.019,307.0,254.0,False,94.001,"[None, 2048, 2048, 2048, 2048, 2049, 2048]","[2049, 2049, 2048, 2048, 2048, 2048, 2048, 2048, 2048, 2048]","[2048, 2048, 2048, 2048, 2048, 2048, 2048, 2048, 2048, 2048]",299.0
1289,11326,31,24,2026-07-05T14:41:53.478000+00:00,30.131,38.928,26.474,295.0,255.0,False,95.533,"[None, 2049, 2048, 2049, 2049, 2049, 2048]","[2048, 2048, 2048, 2049, 2049, 2049, 2049, 2049, 2049, 2048]","[2048, 2048, 2048, 2048, 2048, 2048, 2048, 2048, 2048, 2048]",304.0
1289,11326,1,25,2026-07-05T14:42:12.425000+00:00,29.96,38.427,26.132,,255.0,False,94.519,"[None, 2048, 2048, 2049, 2048, 2048, 2048]","[2048, 2049, 2048, 2048, 2048, 2048, 2048, 2048, 2048, 2048]","[2048, 2048, 2048, 2048, 2048, 2048, 2048, 2048, 2048, 2048]",294.0
1289,11326,3,25,2026-07-05T14:42:18.211000+00:00,29.945,38.202,25.817,300.0,258.0,False,93.964,"[None, 2048, 2048, 2048, 2048, 2048, 2048]","[2048, 2048, 2048, 2048, 2048, 2049, 2048, 2048, 2048, 2048]","[2048, 2048, 2048, 2048, 2048, 2048, 2048, 2048, 2048, 2048]",302.0
1289,11326,63,25,2026-07-05T14:42:23.193000+00:00,29.67,37.571,25.517,294.0,261.0,False,92.758,"[2048, 2048, 2049, 2049, 2048, 2048, 2048]","[2048, 2051, 2048, 2048, 2048, 2051, 2049, 2048, 2048, 2048]","[2048, 2048, 2048, 2048, 2048, 2048, 2048, 2048, 2049]",304.0
1289,11326,44,25,2026-07-05T14:42:24.549000+00:00,28.967,37.735,25.607,316.0,253.0,False,92.309,"[2051, 2051, 2049, 2049, 2051, 2049, 2049]","[2048, 2048, 2049, 2048, 2049, 2049, 2049, 2048, 2048, 2048]","[2048, 2048, 2048, 2048, 2048, 2048, 2048, 2048, 2048]",307.0
1289,11326,14,24,2026-07-05T14:42:28.409000+00:00,31.384,39.963,28.575,272.0,252.0,False,99.922,"[None, 2048, 2048, 2049, 2048, 2048, 2048]","[2048, 2048, 2048, 2048, 2048, 2048, 2048, 2048, 2048, 2048]","[2048, 2048, 2048, 2048, 2048, 2048, 2048, 2048, 2048, 2048]",291.0
1289,11326,18,24,2026-07-05T14:42:30.358000+00:00,32.934,40.401,27.994,287.0,252.0,False,101.329,"[None, 2048, 2048, 2048, 2048, 2048, 2048]","[2048, 2048, 2048, 2048, 2048, 2048, 2048, 2048, 2048, 2048]","[2048, 2048, 2048, 2048, 2048, 2048, 2048, 2048, 2048, 2048]",263.0
1289,11326,30,25,2026-07-05T14:42:31.327000+00:00,30.311,39.217,26.91,297.0,258.0,False,96.438,"[None, 2048, 2048, 2048, 2048, 2048, 2048]","[2048, 2048, 2048, 2048, 2048, 2049, 2048, 2048, 2048, 2048]","[2048, 2048, 2048, 2048, 2048, 2048, 2048, 2048, 2048, 2048]",306.0
1289,11326,6,25,2026-07-05T14:42:32.561000+00:00,29.934,38.79,25.606,308.0,260.0,False,94.33,"[None, 2048, 2048, 2048, 2048, 2048, 2048]","[2049, 2048, 2048, 2048, 2048, 2048, 2048, 2048, 2048, 2048]","[2048, 2049, 2048, 2048, 2048, 2048, 2048, 2048, 2048, 2048]",326.0
1289,11326,41,25,2026-07-05T14:42:35.023000+00:00,30.156,39.293,26.371,296.0,258.0,False,95.82,"[2049, 2049, 2048, 2048, 2048, 2048, 2048]","[2048, 2048, 2048, 2048, 2048, 2049, 2048, 2048, 2048, 2048]","[2049, 2049, 2049, 2048, 2048, 2048, 2048, 2048, 2048, 2048]",310.0
1289,11326,5,25,2026-07-05T14:42:37.856000+00:00,30.074,39.022,26.429,293.0,256.0,False,95.525,"[2048, 2049, 2048, 2048, 2049, 2048, 2048]","[2048, 2048, 2048, 2048, 2048, 2049, 2048, 2048, 2048, 2048]","[2048, 2048, 2048, 2048, 2048, 2048, 2048, 2048, 2048, 2048]",300.0
1289,11326,43,25,2026-07-05T14:43:05.633000+00:00,29.79,38.442,26.049,295.0,254.0,False,94.281,"[None, 2048, 2049, 2049, 2049, 2048, 2048]","[2048, 2049, 2048, 2048, 2048, 2048, 2048, 2048, 2048, 2049]","[2048, 2048, 2048, 2048, 2049, 2048, 2049, 2048, 2048, 2048]",298.0
1289,11326,87,25,2026-07-05T14:43:07.431000+00:00,30.546,39.465,26.484,288.0,254.0,False,96.495,"[None, 2048, 2048, 2048, 2048, 2048, 2048]","[2048, 2048, 2048, 2048, 2048, 2049, 2048, 2048, 2048, 2048]","[2048, 2048, 2048, 2048, 2048, 2048, 2048, 2048, 2048, 2048]",302.0
1289,11326,55,25,2026-07-05T14:43:10.342000+00:00,30.437,39.231,27.074,292.0,257.0,False,96.742,"[2048, 2048, 2048, 2048, 2048, 2048, 2048]","[2048, 2048, 2048, 2048, 2048, 2048, 2048, 2048, 2048, 2048]","[2049, 2048, 2048, 2048, 2048, 2048, 2048, 2048, 2048, 2048]",309.0
1289,11326,10,25,2026-07-05T14:43:10.880000+00:00,29.865,38.529,26.182,311.0,253.0,False,94.576,"[2049, 2048, 2048, 2049, 2048, 2049, 2048]","[2048, 2048, 2048, 2049, 2048, 2049, 2048, 2048, 2049, 2049]","[2048, 2048, 2048, 2048, 2048, 2048, 2049, 2048, 2048, 2049]",301.0
1289,11326,27,25,2026-07-05T14:43:11.330000+00:00,30.251,38.92,25.869,,261.0,False,95.04,"[2048, 2049, 2048, 2048, 2048, 2048, 2048]","[2048, 2048, 2048, 2048, 2048, 2048, 2049, 2049, 2048, 2048]","[2049, 2049, 2049, 2051, 2048, 2048, 2048, 2048, 2048, 2048]",339.0
1289,11326,81,25,2026-07-05T14:43:15.491000+00:00,29.986,38.66,26.039,295.0,258.0,False,94.685,"[None, 2049, 2048, 2048, 2048, 2048, 2048]","[2048, 2048, 2048, 2048, 2048, 2049, 2048, 2048, 2048, 2048]","[2048, 2048, 2048, 2048, 2048, 2049, 2048, 2048, 2048, 2048]",303.0
1289,11326,23,24,2026-07-05T14:43:22.394000+00:00,65.834,39.225,26.215,297.0,257.0,True,131.274,"[2064, 2064, 2048, 2048, 2048, 2048, 2048]","[2048, 2048, 2048, 2048, 2048, 2048, 2048, 2048, 2048, 2049]","[2049, 2048, 2048, 2048, 2049, 2049, 2049, 2048, 2049, 2049]",300.0
1289,11326,16,26,2026-07-05T14:43:23.355000+00:00,50.075,37.395,25.617,292.0,260.0,True,113.087,"[2064, 2064, 2048, 2048, 2049, 2048, 2048]","[2048, 2048, 2048, 2049, 2049, 2049, 2051, 2051, 2051, 2049]","[2048, 2048, 2048, 2048, 2048, 2048, 2048, 2048, 2051, 2051]",300.0
1289,11326,77,25,2026-07-05T14:43:25.221000+00:00,32.198,40.206,27.797,290.0,253.0,False,100.201,"[None, 2048, 2048, 2048, 2048, 2048, 2048]","[2048, 2048, 2048, 2048, 2048, 2048, 2048, 2048, 2048, 2048]","[2048, 2048, 2048, 2048, 2048, 2048, 2048, 2048, 2048, 2048]",275.0
1289,11326,12,26,2026-07-05T14:43:26.244000+00:00,29.89,38.241,25.82,301.0,255.0,False,93.951,"[None, 2048, 2049, 2048, 2048, 2048, 2048]","[2048, 2048, 2048, 2048, 2048, 2048, 2048, 2048, 2048, 2048]","[2048, 2048, 2048, 2048, 2049, 2048, 2048, 2048, 2048, 2048]",296.0
1289,11326,11,25,2026-07-05T14:43:28.412000+00:00,30.367,39.232,26.227,291.0,256.0,False,95.826,"[None, 2048, 2048, 2048, 2048, 2049, 2048]","[2048, 2049, 2048, 2048, 2048, 2049, 2049, 2048, 2048, 2048]","[2048, 2048, 2048, 2049, 2048, 2048, 2048, 2048, 2048, 2048]",306.0
1289,11326,31,25,2026-07-05T14:43:28.965000+00:00,30.277,39.189,26.272,297.0,260.0,False,95.738,"[2048, 2048, 2048, 2048, 2048, 2048, 2048]","[2048, 2048, 2048, 2048, 2049, 2048, 2048, 2048, 2049, 2048]","[2049, 2049, 2049, 2048, 2049, 2048, 2048, 2048, 2048, 2048]",332.0
1289,11326,1,26,2026-07-05T14:43:46.989000+00:00,29.94,38.729,26.055,296.0,257.0,False,94.724,"[None, 2048, 2048, 2048, 2048, 2048, 2048]","[2048, 2048, 2048, 2048, 2048, 2048, 2048, 2048, 2048, 2048]","[2048, 2048, 2048, 2048, 2048, 2049, 2048, 2048, 2048, 2048]",298.0
1289,11326,3,26,2026-07-05T14:43:52.297000+00:00,29.964,38.304,25.76,302.0,259.0,False,94.028,"[None, 2048, 2048, 2048, 2048, 2048, 2048]","[2048, 2048, 2048, 2048, 2048, 2048, 2048, 2048, 2048, 2048]","[2048, 2048, 2048, 2048, 2048, 2048, 2048, 2048, 2048, 2048]",303.0
1289,11326,63,26,2026-07-05T14:43:55.902000+00:00,29.621,37.778,25.408,307.0,263.0,False,92.807,"[None, 2048, 2048, 2048, 2049, 2049, 2048]","[2048, 2048, 2048, 2048, 2048, 2051, 2049, 2048, 2048, 2051]","[2048, 2048, 2048, 2049, 2048, 2049, 2048, 2048, 2048, 2048]",311.0
1289,11326,44,26,2026-07-05T14:43:56.727000+00:00,29.465,37.806,25.396,318.0,264.0,False,92.667,"[2048, 2048, 2048, 2048, 2048, 2049, 2049]","[2051, 2048, 2048, 2048, 2048, 2048, 2048, 2048, 2048, 2049]","[2049, 2049, 2049, 2051, 2048, 2048, 2048, 2048, 2048, 2048]",322.0
1289,11326,6,26,2026-07-05T14:44:06.851000+00:00,30.01,38.432,26.262,300.0,259.0,False,94.704,"[None, 2048, 2048, 2048, 2048, 2048, 2048]","[2048, 2048, 2048, 2048, 2048, 2049, 2048, 2048, 2048, 2049]","[2048, 2048, 2048, 2048, 2048, 2048, 2048, 2048, 2048, 2048]",301.0
1289,11326,30,26,2026-07-05T14:44:07.794000+00:00,30.036,39.291,26.12,305.0,260.0,False,95.447,"[2049, 2048, 2048, 2048, 2048, 2049, 2048]","[2049, 2048, 2048, 2049, 2048, 2048, 2048, 2048, 2048, 2049]","[2049, 2048, 2048, 2049, 2048, 2048, 2048, 2048, 2048, 2048]",307.0
1289,11326,14,25,2026-07-05T14:44:08.301000+00:00,30.81,40.071,27.814,289.0,253.0,False,98.695,"[2049, 2049, 2048, 2048, 2048, 2048, 2048]","[2048, 2048, 2048, 2048, 2048, 2048, 2048, 2048, 2048, 2048]","[2048, 2048, 2048, 2048, 2048, 2048, 2048, 2048, 2048, 2048]",305.0
1289,11326,41,26,2026-07-05T14:44:10.896000+00:00,30.103,39.241,26.179,298.0,260.0,False,95.523,"[2048, 2048, 2048, 2048, 2048, 2049, 2048]","[2048, 2048, 2048, 2048, 2048, 2048, 2048, 2048, 2048, 2049]","[2049, 2049, 2049, 2049, 2048, 2049, 2048, 2048, 2048, 2048]",312.0
1289,11326,18,25,2026-07-05T14:44:11.729000+00:00,31.009,41.607,26.629,231.0,256.0,False,99.245,"[None, 2049, 2048, 2048, 2048, 2049, 2048]","[2048, 2048, 2048, 2049, 2048, 2048, 2048, 2048, 2048, 2048]","[2049, 2049, 2049, 2048, 2048, 2048, 2048, 2048, 2048, 2048]",309.0
1289,11326,5,26,2026-07-05T14:44:13.380000+00:00,30.065,39.531,25.554,299.0,257.0,False,95.15,"[2049, 2048, 2048, 2048, 2048, 2049, 2048]","[2048, 2048, 2048, 2048, 2048, 2048, 2048, 2048, 2048, 2048]","[2048, 2048, 2048, 2048, 2048, 2064, 2064, 2064, 2064, 2064]",301.0
1289,11326,43,26,2026-07-05T14:44:40.037000+00:00,29.828,38.509,26.375,302.0,254.0,False,94.712,"[None, 2048, 2048, 2049, 2048, 2049, 2048]","[2048, 2048, 2048, 2048, 2048, 2049, 2049, 2048, 2048, 2049]","[2048, 2048, 2048, 2048, 2048, 2048, 2048, 2048, 2048, 2048]",296.0
1289,11326,87,26,2026-07-05T14:44:44.024000+00:00,30.623,39.54,26.454,287.0,258.0,False,96.617,"[None, 2048, 2048, 2049, 2048, 2048, 2048]","[2048, 2048, 2048, 2048, 2048, 2048, 2048, 2048, 2048, 2048]","[2048, 2048, 2048, 2048, 2048, 2048, 2048, 2048, 2048, 2048]",303.0
1289,11326,10,26,2026-07-05T14:44:45.458000+00:00,29.824,39.451,26.339,302.0,253.0,False,95.614,"[None, 2049, 2049, 2048, 2048, 2048, 2048]","[2048, 2048, 2048, 2048, 2048, 2048, 2048, 2048, 2048, 2048]","[2048, 2048, 2048, 2048, 2048, 2048, 2048, 2048, 2048, 2048]",308.0
1289,11326,27,26,2026-07-05T14:44:46.395000+00:00,30.138,38.749,26.186,289.0,259.0,False,95.073,"[None, 2048, 2048, 2048, 2048, 2048, 2048]","[2048, 2048, 2048, 2048, 2048, 2048, 2048, 2048, 2048, 2049]","[2048, 2048, 2048, 2048, 2048, 2048, 2048, 2048, 2048, 2048]",311.0
1289,11326,55,26,2026-07-05T14:44:47.093000+00:00,30.032,39.111,26.406,313.0,259.0,False,95.549,"[None, 2048, 2048, 2048, 2048, 2048, 2048]","[2048, 2048, 2048, 2048, 2048, 2048, 2048, 2048, 2048, 2048]","[2049, 2048, 2048, 2049, 2048, 2048, 2048, 2048, 2048, 2048]",314.0
1289,11326,81,26,2026-07-05T14:44:50.193000+00:00,29.931,38.694,25.991,300.0,259.0,False,94.616,"[None, 2048, 2048, 2048, 2048, 2048, 2048]","[2048, 2048, 2048, 2048, 2048, 2048, 2048, 2048, 2048, 2048]","[2049, 2048, 2048, 2048, 2048, 2049, 2048, 2048, 2048, 2048]",305.0
1289,11326,12,27,2026-07-05T14:45:00.221000+00:00,29.728,38.14,25.818,308.0,257.0,False,93.686,"[None, 2048, 2048, 2048, 2048, 2048, 2048]","[2049, 2048, 2048, 2048, 2048, 2048, 2048, 2048, 2049, 2048]","[2048, 2048, 2048, 2048, 2048, 2048, 2049, 2048, 2048, 2048]",297.0
1289,11326,11,26,2026-07-05T14:45:04.127000+00:00,30.229,39.135,26.297,288.0,258.0,False,95.661,"[None, 2049, 2049, 2048, 2049, 2048, 2048]","[2048, 2049, 2048, 2048, 2048, 2048, 2048, 2048, 2048, 2049]","[2048, 2048, 2048, 2048, 2048, 2049, 2048, 2048, 2048, 2048]",298.0
1289,11326,31,26,2026-07-05T14:45:04.687000+00:00,30.27,39.078,26.363,,259.0,False,95.711,"[None, 2048, 2048, 2048, 2048, 2048, 2048]","[2048, 2048, 2048, 2048, 2048, 2048, 2048, 2048, 2048, 2048]","[2048, 2048, 2048, 2048, 2048, 2048, 2048, 2048, 2048, 2048]",313.0
1289,11326,77,26,2026-07-05T14:45:05.406000+00:00,30.781,40.014,26.705,295.0,257.0,False,97.5,"[2049, 2048, 2048, 2048, 2048, 2048, 2048]","[2048, 2048, 2048, 2048, 2048, 2048, 2048, 2048, 2048, 2048]","[2049, 2049, 2048, 2048, 2048, 2049, 2048, 2048, 2048, 2048]",309.0
1289,11326,16,27,2026-07-05T14:45:16.490000+00:00,28.981,37.864,26.106,306.0,251.0,False,92.951,"[2051, 2049, 2051, 2051, 2048, 2048, 2048]","[2048, 2048, 2048, 2048, 2048, 2048, 2048, 2048, 2051, 2048]","[2048, 2048, 2048, 2048, 2048, 2048, 2048, 2048, 2048, 2048]",289.0
1289,11326,1,27,2026-07-05T14:45:21.662000+00:00,29.967,38.518,26.04,295.0,258.0,False,94.525,"[None, 2048, 2048, 2048, 2048, 2048, 2048]","[2048, 2048, 2048, 2048, 2048, 2048, 2048, 2048, 2048, 2049]","[2048, 2048, 2048, 2048, 2048, 2048, 2048, 2048, 2048, 2048]",298.0
1289,11326,3,27,2026-07-05T14:45:26.246000+00:00,29.961,38.384,25.798,301.0,260.0,False,94.143,"[None, 2048, 2048, 2048, 2048, 2048, 2048]","[2048, 2048, 2048, 2048, 2048, 2048, 2048, 2048, 2048, 2048]","[2048, 2048, 2048, 2048, 2048, 2048, 2048, 2048, 2048, 2048]",303.0
1289,11326,63,27,2026-07-05T14:45:28.796000+00:00,29.85,37.769,25.334,305.0,265.0,False,92.953,"[None, 2048, 2048, 2048, 2048, 2048, 2048]","[2048, 2048, 2048, 2048, 2048, 2048, 2048, 2048, 2049, 2051]","[2048, 2048, 2048, 2048, 2048, 2049, 2048, 2048, 2048, 2048]",314.0
1289,11326,44,27,2026-07-05T14:45:29.560000+00:00,29.511,38.123,25.282,322.0,263.0,False,92.916,"[None, 2048, 2048, 2048, 2048, 2049, 2049]","[2048, 2048, 2048, 2048, 2048, 2048, 2048, 2048, 2048, 2048]","[2049, 2049, 2049, 2048, 2048, 2048, 2048, 2048, 2048, 2048]",326.0
1289,11326,23,25,2026-07-05T14:45:33.714000+00:00,29.82,38.803,26.274,296.0,255.0,False,94.897,"[2048, 2048, 2049, 2049, 2049, 2049, 2048]","[2049, 2049, 2049, 2049, 2048, 2049, 2049, 2048, 2048, 2048]","[2048, 2048, 2048, 2048, 2049, 2048, 2049, 2048, 2048, 2048]",296.0
1289,11326,6,27,2026-07-05T14:45:41.655000+00:00,29.955,38.735,25.946,302.0,259.0,False,94.636,"[None, 2048, 2048, 2049, 2048, 2048, 2048]","[2048, 2048, 2048, 2048, 2048, 2048, 2048, 2048, 2048, 2048]","[2048, 2048, 2048, 2048, 2048, 2048, 2048, 2048, 2048, 2048]",300.0
1289,11326,30,27,2026-07-05T14:45:43.207000+00:00,29.923,39.14,26.12,297.0,259.0,False,95.183,"[None, 2048, 2048, 2048, 2048, 2048, 2048]","[2048, 2048, 2048, 2048, 2048, 2048, 2048, 2048, 2048, 2048]","[2048, 2048, 2048, 2048, 2048, 2049, 2048, 2048, 2048, 2048]",303.0
1289,11326,41,27,2026-07-05T14:45:46.320000+00:00,30.168,39.137,25.277,295.0,259.0,False,94.582,"[None, 2048, 2048, 2048, 2048, 2048, 2048]","[2048, 2049, 2048, 2048, 2048, 2048, 2048, 2048, 2048, 2048]","[2048, 2048, 2048, 2048, 2048, 2064, 2064, 2064, 2064, 2064]",303.0
1289,11326,14,26,2026-07-05T14:45:47.060000+00:00,30.936,39.868,26.571,286.0,254.0,False,97.375,"[2048, 2048, 2048, 2048, 2048, 2048, 2048]","[2048, 2048, 2048, 2048, 2048, 2048, 2048, 2048, 2048, 2048]","[2048, 2048, 2048, 2049, 2048, 2048, 2048, 2048, 2048, 2048]",302.0
1289,11326,5,27,2026-07-05T14:45:48.474000+00:00,50.38,38.306,25.947,288.0,258.0,True,114.633,"[2064, 2064, 2048, 2048, 2049, 2049, 2048]","[2048, 2049, 2049, 2048, 2048, 2049, 2049, 2049, 2049, 2049]","[2048, 2048, 2048, 2048, 2048, 2049, 2049, 2048, 2049, 2049]",295.0
1289,11326,18,26,2026-07-05T14:45:51.034000+00:00,30.892,40.028,26.777,281.0,254.0,False,97.697,"[None, 2048, 2049, 2049, 2048, 2048, 2048]","[2048, 2048, 2048, 2048, 2048, 2049, 2048, 2048, 2049, 2048]","[2048, 2048, 2048, 2048, 2048, 2049, 2048, 2048, 2048, 2048]",295.0
1289,11326,43,27,2026-07-05T14:46:14.647000+00:00,29.909,38.519,26.182,303.0,256.0,False,94.61,"[None, 2048, 2048, 2049, 2048, 2048, 2048]","[2048, 2048, 2048, 2048, 2048, 2048, 2048, 2048, 2048, 2049]","[2048, 2048, 2048, 2048, 2049, 2048, 2048, 2048, 2048, 2048]",299.0
1289,11326,87,27,2026-07-05T14:46:20.652000+00:00,30.514,40.151,26.655,,259.0,False,97.32,"[None, 2048, 2048, 2049, 2049, 2048, 2048]","[2048, 2048, 2048, 2048, 2048, 2048, 2048, 2048, 2048, 2048]","[2048, 2048, 2048, 2048, 2048, 2048, 2048, 2048, 2048, 2048]",315.0
1289,11326,10,27,2026-07-05T14:46:21.081000+00:00,30.025,38.438,26.268,309.0,257.0,False,94.731,"[2048, 2048, 2048, 2048, 2048, 2048, 2048]","[2048, 2048, 2048, 2049, 2048, 2049, 2048, 2048, 2049, 2049]","[2048, 2048, 2048, 2048, 2049, 2049, 2048, 2048, 2048]",300.0
1289,11326,27,27,2026-07-05T14:46:21.555000+00:00,30.229,38.684,26.106,296.0,259.0,False,95.019,"[2049, 2048, 2048, 2048, 2048, 2048, 2048]","[2048, 2048, 2048, 2049, 2051, 2048, 2048, 2048, 2048, 2049]","[2048, 2048, 2048, 2048, 2048, 2049, 2048, 2048, 2048, 2048]",306.0
1289,11326,55,27,2026-07-05T14:46:22.746000+00:00,29.917,39.167,26.623,304.0,258.0,False,95.707,"[2049, 2048, 2048, 2048, 2048, 2048, 2048]","[2048, 2048, 2048, 2048, 2048, 2048, 2048, 2048, 2048, 2048]","[2049, 2049, 2049, 2049, 2048, 2048, 2048, 2048, 2048, 2048]",338.0
1289,11326,81,27,2026-07-05T14:46:24.746000+00:00,29.847,38.678,26.465,307.0,257.0,False,94.99,"[None, 2048, 2048, 2048, 2048, 2049, 2048]","[2049, 2048, 2048, 2048, 2048, 2049, 2048, 2048, 2048, 2048]","[2048, 2049, 2049, 2049, 2048, 2048, 2048, 2048, 2048, 2048]",310.0
1289,11326,12,28,2026-07-05T14:46:33.943000+00:00,29.63,37.902,25.988,306.0,259.0,False,93.52,"[None, 2048, 2048, 2048, 2048, 2049, 2048]","[2048, 2048, 2048, 2048, 2048, 2049, 2048, 2048, 2049, 2049]","[2048, 2048, 2048, 2048, 2048, 2048, 2048, 2048, 2048, 2048]",297.0
1289,11326,11,27,2026-07-05T14:46:39.921000+00:00,30.369,38.921,27.534,287.0,254.0,False,96.824,"[None, 2048, 2048, 2048, 2049, 2048, 2048]","[2048, 2048, 2048, 2048, 2048, 2049, 2049, 2048, 2048, 2048]","[2048, 2048, 2048, 2048, 2048, 2048, 2048, 2048, 2048, 2048]",290.0
1289,11326,31,27,2026-07-05T14:46:40.470000+00:00,30.25,39.085,26.509,293.0,258.0,False,95.844,"[None, 2048, 2048, 2048, 2048, 2048, 2048]","[2048, 2048, 2048, 2048, 2049, 2048, 2049, 2048, 2048, 2049]","[2048, 2048, 2048, 2049, 2048, 2048, 2048, 2048, 2048, 2048]",324.0
1289,11326,77,27,2026-07-05T14:46:42.907000+00:00,30.926,39.974,27.026,293.0,256.0,False,97.926,"[2048, 2048, 2048, 2048, 2048, 2048, 2048]","[2048, 2048, 2048, 2048, 2048, 2048, 2048, 2048, 2048, 2048]","[2048, 2048, 2048, 2048, 2048, 2048, 2048, 2048, 2048, 2048]",304.0
1289,11326,16,28,2026-07-05T14:46:49.480000+00:00,29.534,37.783,26.11,304.0,257.0,False,93.427,"[2048, 2048, 2048, 2048, 2048, 2049, 2048]","[2048, 2048, 2048, 2048, 2048, 2049, 2048, 2048, 2048, 2049]","[2048, 2048, 2048, 2048, 2048, 2048, 2048, 2048, 2048, 2048]",296.0
1289,11326,1,28,2026-07-05T14:46:56.397000+00:00,29.935,38.81,25.546,,258.0,False,94.291,"[None, 2048, 2048, 2048, 2048, 2048, 2048]","[2048, 2048, 2048, 2048, 2048, 2048, 2048, 2048, 2048, 2048]","[2048, 2048, 2048, 2048, 2048, 2064, 2064, 2064, 2064, 2064]",306.0
1289,11326,3,28,2026-07-05T14:47:00.379000+00:00,29.88,38.188,25.755,303.0,260.0,False,93.823,"[None, 2048, 2048, 2048, 2049, 2048, 2048]","[2048, 2048, 2048, 2048, 2048, 2048, 2048, 2048, 2048, 2048]","[2048, 2048, 2048, 2048, 2048, 2048, 2048, 2048, 2048, 2048]",304.0
1289,11326,63,28,2026-07-05T14:47:01.648000+00:00,29.677,37.886,25.545,313.0,263.0,False,93.108,"[None, 2048, 2048, 2048, 2048, 2048, 2048]","[2048, 2048, 2048, 2048, 2048, 2048, 2048, 2048, 2048, 2048]","[2048, 2048, 2048, 2048, 2048, 2048, 2048, 2048, 2048, 2048]",317.0
1289,11326,44,28,2026-07-05T14:47:02.500000+00:00,29.538,37.801,25.583,323.0,263.0,False,92.922,"[None, 2048, 2048, 2048, 2048, 2048, 2049]","[2051, 2049, 2048, 2048, 2049, 2048, 2048, 2048, 2048, 2048]","[2048, 2048, 2048, 2048, 2048, 2048, 2048, 2048, 2048, 2048]",327.0
1289,11326,23,26,2026-07-05T14:47:08.670000+00:00,29.881,38.901,26.308,294.0,257.0,False,95.09,"[None, 2048, 2049, 2048, 2048, 2048, 2048]","[2048, 2049, 2048, 2048, 2048, 2048, 2048, 2048, 2048, 2048]","[2049, 2048, 2048, 2048, 2048, 2048, 2048, 2048, 2048, 2048]",300.0
1289,11326,6,28,2026-07-05T14:47:16.192000+00:00,29.869,38.43,25.944,304.0,261.0,False,94.243,"[None, 2048, 2048, 2048, 2048, 2048, 2048]","[2049, 2048, 2048, 2048, 2048, 2048, 2048, 2048, 2049, 2049]","[2048, 2048, 2048, 2048, 2048, 2048, 2048, 2048, 2048, 2048]",302.0
1289,11326,30,28,2026-07-05T14:47:18.378000+00:00,29.834,38.954,25.637,302.0,259.0,False,94.425,"[2048, 2048, 2048, 2048, 2049, 2049, 2048]","[2049, 2048, 2048, 2048, 2048, 2048, 2048, 2048, 2049, 2049]","[2048, 2048, 2048, 2048, 2048, 2064, 2064, 2064, 2064, 2064]",303.0
1289,11326,41,28,2026-07-05T14:47:20.875000+00:00,51.402,38.415,25.497,291.0,264.0,True,115.314,"[2064, 2064, 2048, 2048, 2049, 2048, 2048]","[2048, 2049, 2049, 2049, 2048, 2049, 2048, 2048, 2049, 2049]","[2049, 2048, 2048, 2048, 2049, 2049, 2049, 2049, 2049, 2049]",302.0
1289,11326,14,27,2026-07-05T14:47:24.383000+00:00,31.168,39.989,26.579,276.0,254.0,False,97.736,"[None, 2048, 2048, 2049, 2049, 2048, 2048]","[2048, 2048, 2048, 2048, 2048, 2048, 2048, 2048, 2048, 2048]","[2048, 2048, 2048, 2048, 2048, 2048, 2048, 2048, 2048, 2048]",295.0
1289,11326,18,27,2026-07-05T14:47:28.653000+00:00,30.991,40.168,26.875,282.0,253.0,False,98.034,"[None, 2048, 2048, 2048, 2048, 2048, 2048]","[2049, 2048, 2048, 2048, 2048, 2048, 2048, 2048, 2048, 2048]","[2048, 2048, 2048, 2048, 2048, 2049, 2048, 2048, 2048, 2048]",296.0
1289,11326,5,28,2026-07-05T14:47:43.115000+00:00,29.733,38.502,25.835,302.0,260.0,False,94.07,"[2048, 2048, 2048, 2049, 2048, 2049, 2048]","[2048, 2048, 2049, 2049, 2049, 2048, 2048, 2048, 2048, 2048]","[2048, 2048, 2048, 2048, 2048, 2048, 2048, 2049, 2048, 2049]",310.0
1289,11326,43,28,2026-07-05T14:47:49.307000+00:00,29.848,38.628,26.176,,257.0,False,94.652,"[None, 2048, 2048, 2048, 2048, 2048, 2048]","[2048, 2048, 2048, 2048, 2048, 2048, 2048, 2048, 2049, 2048]","[2048, 2048, 2048, 2048, 2048, 2048, 2048, 2049, 2048, 2048]",299.0
1289,11326,10,28,2026-07-05T14:47:55.829000+00:00,29.952,38.441,26.225,296.0,255.0,False,94.618,"[None, 2048, 2048, 2048, 2048, 2048, 2048]","[2048, 2048, 2048, 2048, 2048, 2048, 2048, 2048, 2049, 2048]","[2048, 2048, 2048, 2048, 2049, 2048, 2048, 2048, 2048, 2048]",297.0
1289,11326,27,28,2026-07-05T14:47:56.521000+00:00,29.991,38.496,26.097,293.0,260.0,False,94.584,"[2048, 2048, 2048, 2048, 2048, 2048, 2048]","[2048, 2048, 2048, 2048, 2048, 2049, 2048, 2048, 2049, 2048]","[2048, 2048, 2048, 2048, 2048, 2048, 2048, 2048, 2048, 2049]",306.0
1289,11326,87,28,2026-07-05T14:47:57.999000+00:00,30.457,40.003,26.725,294.0,258.0,False,97.185,"[None, 2048, 2048, 2048, 2049, 2048, 2048]","[2048, 2048, 2048, 2048, 2048, 2048, 2048, 2048, 2048, 2048]","[2048, 2048, 2048, 2048, 2048, 2048, 2048, 2048, 2048, 2048]",309.0
1289,11326,55,28,2026-07-05T14:47:58.333000+00:00,30.16,38.974,26.635,332.0,255.0,False,95.769,"[2048, 2048, 2048, 2048, 2048, 2049, 2048]","[2048, 2048, 2048, 2048, 2048, 2048, 2048, 2048, 2049, 2048]","[2048, 2048, 2048, 2048, 2048, 2048, 2048, 2048, 2048, 2048]",296.0
1289,11326,81,28,2026-07-05T14:47:59.741000+00:00,29.965,39.163,26.766,308.0,252.0,False,95.894,"[2049, 2048, 2048, 2048, 2048, 2048, 2048]","[2049, 2048, 2048, 2048, 2049, 2048, 2048, 2048, 2048, 2048]","[2048, 2048, 2048, 2048, 2048, 2048, 2048, 2048, 2048, 2048]",313.0
1289,11326,12,29,2026-07-05T14:48:07.526000+00:00,29.568,37.98,25.919,305.0,258.0,False,93.467,"[None, 2048, 2048, 2048, 2048, 2049, 2048]","[2048, 2049, 2048, 2048, 2048, 2048, 2048, 2048, 2048, 2048]","[2048, 2048, 2048, 2048, 2048, 2048, 2048, 2048, 2048, 2048]",299.0
1289,11326,31,28,2026-07-05T14:48:16.242000+00:00,30.669,38.925,26.352,286.0,260.0,False,95.946,"[None, 2048, 2048, 2048, 2048, 2048, 2048]","[2048, 2048, 2048, 2048, 2048, 2049, 2048, 2048, 2049, 2049]","[2048, 2048, 2048, 2048, 2048, 2048, 2048, 2048, 2048, 2048]",295.0
1289,11326,11,28,2026-07-05T14:48:16.721000+00:00,30.666,39.387,26.481,295.0,261.0,False,96.534,"[None, 2048, 2048, 2048, 2048, 2048, 2048]","[2048, 2048, 2048, 2048, 2048, 2048, 2048, 2048, 2048, 2048]","[2049, 2049, 2049, 2048, 2048, 2048, 2048, 2048, 2048, 2048]",324.0
1289,11326,77,28,2026-07-05T14:48:20.813000+00:00,30.839,40.851,26.908,290.0,255.0,False,98.598,"[None, 2048, 2048, 2048, 2048, 2048, 2048]","[2048, 2048, 2048, 2048, 2048, 2048, 2048, 2048, 2048, 2048]","[2048, 2048, 2048, 2049, 2048, 2048, 2048, 2048, 2048, 2048]",308.0
1289,11326,16,29,2026-07-05T14:48:22.847000+00:00,29.642,37.753,25.612,307.0,262.0,False,93.007,"[None, 2048, 2048, 2048, 2048, 2048, 2049]","[2048, 2048, 2048, 2048, 2048, 2051, 2048, 2048, 2051, 2048]","[2048, 2048, 2048, 2048, 2048, 2048, 2048, 2048, 2048, 2048]",305.0
1289,11326,1,29,2026-07-05T14:48:30.580000+00:00,50.486,38.297,25.727,305.0,258.0,True,114.51,"[2064, 2064, 2048, 2048, 2048, 2049, 2048]","[2048, 2048, 2049, 2051, 2048, 2048, 2048, 2048, 2048, 2049]","[2048, 2048, 2048, 2049, 2048, 2048, 2048, 2049, 2049, 2049]",304.0
1289,11326,3,29,2026-07-05T14:48:34.156000+00:00,30.028,38.288,25.734,300.0,259.0,False,94.05,"[None, 2048, 2048, 2048, 2048, 2048, 2048]","[2048, 2048, 2048, 2048, 2048, 2048, 2048, 2048, 2049, 2048]","[2048, 2048, 2048, 2048, 2048, 2048, 2048, 2048, 2048, 2048]",301.0
1289,11326,63,29,2026-07-05T14:48:34.846000+00:00,29.68,39.267,25.55,315.0,262.0,False,94.497,"[None, 2048, 2048, 2048, 2048, 2051, 2048]","[2048, 2048, 2048, 2048, 2049, 2048, 2048, 2048, 2048, 2048]","[2048, 2048, 2048, 2048, 2048, 2049, 2048, 2048, 2048, 2048]",310.0
1289,11326,44,29,2026-07-05T14:48:35.306000+00:00,29.684,38.638,26.425,322.0,242.0,False,94.747,"[None, 2048, 2048, 2048, 2048, 2049, 2049]","[2048, 2048, 2048, 2049, 2051, 2048, 2048, 2048, 2048, 2048]","[2048, 2048, 2048, 2048, 2048, 2048, 2048, 2048, 2048, 2048]",300.0
1289,11326,23,27,2026-07-05T14:48:43.667000+00:00,30.121,38.92,26.533,295.0,255.0,False,95.574,"[None, 2049, 2048, 2048, 2048, 2048, 2048]","[2048, 2048, 2048, 2048, 2048, 2048, 2048, 2048, 2048, 2048]","[2048, 2048, 2048, 2048, 2048, 2048, 2048, 2048, 2048, 2048]",295.0
1289,11326,6,29,2026-07-05T14:48:50.572000+00:00,29.957,38.322,25.662,,262.0,False,93.941,"[None, 2048, 2048, 2048, 2048, 2048, 2048]","[2048, 2048, 2048, 2048, 2048, 2048, 2048, 2048, 2049, 2048]","[2048, 2048, 2048, 2048, 2048, 2048, 2048, 2048, 2048, 2048]",315.0
1289,11326,30,29,2026-07-05T14:48:52.856000+00:00,50.626,38.859,25.771,312.0,260.0,True,115.256,"[2064, 2064, 2048, 2048, 2048, 2048, 2048]","[2048, 2049, 2049, 2049, 2048, 2048, 2048, 2048, 2048, 2049]","[2048, 2048, 2048, 2048, 2049, 2048, 2048, 2049, 2049, 2049]",300.0
1289,11326,14,28,2026-07-05T14:49:02.122000+00:00,31.402,39.949,26.692,274.0,253.0,False,98.043,"[None, 2048, 2048, 2048, 2048, 2048, 2048]","[2048, 2048, 2048, 2048, 2048, 2048, 2048, 2048, 2048, 2048]","[2048, 2048, 2048, 2048, 2048, 2048, 2048, 2048, 2048, 2048]",294.0
1289,11326,18,28,2026-07-05T14:49:06.755000+00:00,31.139,40.085,26.676,279.0,253.0,False,97.9,"[None, 2048, 2048, 2048, 2048, 2048, 2048]","[2048, 2048, 2048, 2048, 2048, 2048, 2048, 2048, 2048, 2048]","[2048, 2048, 2048, 2048, 2048, 2048, 2049, 2048, 2048, 2049]",293.0
1289,11326,41,29,2026-07-05T14:49:16.347000+00:00,29.688,38.382,25.562,294.0,262.0,False,93.632,"[2048, 2049, 2048, 2049, 2049, 2049, 2048]","[2048, 2049, 2049, 2049, 2048, 2049, 2048, 2048, 2048, 2048]","[2048, 2048, 2048, 2049, 2048, 2048, 2049, 2048, 2049, 2048]",304.0
1289,11326,5,29,2026-07-05T14:49:17.306000+00:00,29.731,38.138,25.907,295.0,260.0,False,93.776,"[2049, 2049, 2049, 2048, 2048, 2048, 2048]","[2048, 2049, 2048, 2049, 2049, 2049, 2048, 2049, 2048, 2048]","[2048, 2048, 2048, 2049, 2048, 2048, 2048, 2048, 2048, 2048]",310.0
1289,11326,43,29,2026-07-05T14:49:23.914000+00:00,29.94,38.619,26.309,305.0,253.0,False,94.868,"[None, 2048, 2048, 2048, 2048, 2048, 2048]","[2048, 2048, 2048, 2048, 2048, 2048, 2048, 2048, 2048, 2048]","[2048, 2048, 2048, 2048, 2048, 2048, 2048, 2048, 2048, 2048]",296.0
1289,11326,10,29,2026-07-05T14:49:30.413000+00:00,29.927,38.271,26.239,297.0,255.0,False,94.437,"[None, 2049, 2048, 2048, 2048, 2048, 2048]","[2048, 2049, 2048, 2049, 2048, 2048, 2048, 2048, 2049, 2048]","[2048, 2048, 2048, 2048, 2048, 2048, 2048, 2048, 2049, 2049]",297.0
1289,11326,27,29,2026-07-05T14:49:31.169000+00:00,29.953,38.227,26.374,295.0,261.0,False,94.554,"[None, 2049, 2048, 2048, 2048, 2048, 2048]","[2048, 2049, 2048, 2048, 2048, 2048, 2048, 2048, 2048, 2048]","[2048, 2048, 2048, 2048, 2048, 2048, 2048, 2048, 2048, 2048]",330.0
1289,11326,55,29,2026-07-05T14:49:34.069000+00:00,30.263,38.827,26.363,292.0,256.0,False,95.453,"[None, 2048, 2048, 2048, 2048, 2048, 2048]","[2048, 2048, 2048, 2048, 2048, 2048, 2048, 2048, 2049, 2048]","[2048, 2048, 2048, 2048, 2048, 2048, 2048, 2048, 2048, 2048]",301.0
1289,11326,87,29,2026-07-05T14:49:35.118000+00:00,30.372,40.339,25.649,301.0,258.0,False,96.36,"[None, 2048, 2048, 2048, 2048, 2048, 2048]","[2048, 2048, 2048, 2048, 2048, 2048, 2048, 2048, 2048, 2048]","[2048, 2048, 2048, 2048, 2048, 2064, 2064, 2064, 2064, 2064]",317.0
1289,11326,81,29,2026-07-05T14:49:35.824000+00:00,29.997,38.995,26.41,331.0,256.0,False,95.402,"[None, 2048, 2048, 2048, 2048, 2049, 2049]","[2051, 2048, 2048, 2048, 2048, 2048, 2048, 2048, 2048, 2048]","[2048, 2048, 2048, 2048, 2048, 2048, 2048, 2048, 2048, 2048]",300.0
1289,11326,12,30,2026-07-05T14:49:40.939000+00:00,29.828,38.064,25.828,,257.0,False,93.72,"[None, 2048, 2048, 2048, 2048, 2048, 2048]","[2048, 2048, 2048, 2048, 2048, 2048, 2048, 2048, 2048, 2048]","[2048, 2048, 2048, 2049, 2048, 2048, 2048, 2048, 2049, 2049]",300.0
1289,11326,31,29,2026-07-05T14:49:52.210000+00:00,30.458,39.056,26.379,285.0,256.0,False,95.893,"[None, 2048, 2049, 2048, 2048, 2048, 2048]","[2048, 2049, 2048, 2048, 2048, 2048, 2048, 2048, 2048, 2048]","[2048, 2048, 2048, 2048, 2049, 2048, 2048, 2048, 2049, 2048]",292.0
1289,11326,11,29,2026-07-05T14:49:53.292000+00:00,30.431,39.341,27.231,291.0,259.0,False,97.003,"[None, 2048, 2048, 2048, 2048, 2048, 2048]","[2048, 2048, 2048, 2048, 2048, 2048, 2048, 2048, 2048, 2048]","[2048, 2048, 2048, 2048, 2048, 2048, 2048, 2048, 2048, 2048]",274.0
1289,11326,16,30,2026-07-05T14:49:55.858000+00:00,29.649,37.811,25.8,300.0,263.0,False,93.26,"[None, 2048, 2048, 2048, 2048, 2048, 2048]","[2048, 2048, 2048, 2048, 2048, 2048, 2048, 2048, 2048, 2048]","[2049, 2048, 2048, 2048, 2048, 2048, 2048, 2048, 2048, 2048]",309.0
1289,11326,77,29,2026-07-05T14:49:59.461000+00:00,30.937,40.026,26.07,288.0,255.0,False,97.033,"[None, 2048, 2048, 2048, 2048, 2048, 2048]","[2048, 2048, 2048, 2048, 2048, 2048, 2048, 2048, 2048, 2048]","[2048, 2048, 2048, 2048, 2048, 2064, 2064, 2064, 2064, 2064]",303.0
1289,11326,3,30,2026-07-05T14:50:08.246000+00:00,29.947,38.243,25.783,,258.0,False,93.973,"[None, 2048, 2048, 2048, 2048, 2048, 2048]","[2048, 2048, 2048, 2048, 2048, 2048, 2048, 2048, 2048, 2048]","[2048, 2048, 2048, 2048, 2048, 2048, 2048, 2048, 2048, 2048]",302.0
1289,11326,63,30,2026-07-05T14:50:09.284000+00:00,29.925,37.887,25.922,311.0,262.0,False,93.734,"[None, 2048, 2048, 2048, 2048, 2048, 2048]","[2048, 2048, 2048, 2048, 2048, 2048, 2048, 2048, 2048, 2048]","[2048, 2048, 2048, 2048, 2048, 2048, 2048, 2048, 2048, 2048]",316.0
1289,11326,44,30,2026-07-05T14:50:10.125000+00:00,29.647,37.983,25.577,,262.0,False,93.207,"[None, 2048, 2048, 2048, 2048, 2048, 2048]","[2048, 2048, 2048, 2048, 2048, 2048, 2048, 2048, 2048, 2048]","[2048, 2049, 2049, 2051, 2048, 2048, 2048, 2048, 2048, 2048]",339.0
1289,11326,23,28,2026-07-05T14:50:19.264000+00:00,30.166,38.857,26.47,,255.0,False,95.493,"[None, 2048, 2048, 2048, 2048, 2048, 2048]","[2048, 2049, 2049, 2048, 2048, 2048, 2048, 2048, 2049, 2048]","[2048, 2048, 2048, 2048, 2048, 2048, 2048, 2048, 2048, 2048]",295.0
1289,11326,6,30,2026-07-05T14:50:24.412000+00:00,30.189,38.926,25.762,298.0,262.0,False,94.877,"[None, 2048, 2048, 2048, 2048, 2048, 2048]","[2048, 2048, 2048, 2048, 2048, 2048, 2048, 2048, 2048, 2048]","[2048, 2048, 2048, 2048, 2048, 2048, 2048, 2048, 2048, 2048]",316.0
1289,11326,1,30,2026-07-05T14:50:25.010000+00:00,29.542,37.804,25.555,308.0,264.0,False,92.901,"[2048, 2048, 2048, 2049, 2048, 2048, 2048]","[2048, 2048, 2049, 2048, 2048, 2049, 2048, 2048, 2049, 2049]","[2049, 2049, 2048, 2048, 2049, 2048, 2048, 2049, 2048]",307.0
1289,11326,14,29,2026-07-05T14:50:40.132000+00:00,31.244,39.701,26.589,276.0,254.0,False,97.534,"[None, 2048, 2048, 2048, 2048, 2048, 2048]","[2048, 2048, 2048, 2048, 2048, 2048, 2048, 2048, 2048, 2048]","[2048, 2048, 2048, 2048, 2049, 2049, 2048, 2048, 2049, 2048]",295.0
1289,11326,18,29,2026-07-05T14:50:44.642000+00:00,31.148,39.859,27.902,278.0,254.0,False,98.909,"[None, 2048, 2048, 2048, 2048, 2048, 2048]","[2048, 2049, 2048, 2048, 2048, 2049, 2048, 2048, 2049, 2048]","[2048, 2048, 2048, 2048, 2048, 2048, 2048, 2048, 2048, 2048]",293.0
1289,11326,30,30,2026-07-05T14:50:48.140000+00:00,29.921,38.611,25.913,292.0,261.0,False,94.445,"[2048, 2048, 2048, 2049, 2049, 2049, 2048]","[2048, 2049, 2048, 2048, 2048, 2049, 2048, 2048, 2049, 2049]","[2048, 2048, 2048, 2048, 2048, 2048, 2048, 2051, 2049, 2049]",306.0
1289,11326,41,30,2026-07-05T14:50:49.889000+00:00,29.809,38.237,25.882,295.0,262.0,False,93.928,"[None, 2048, 2049, 2048, 2049, 2048, 2048]","[2048, 2049, 2048, 2049, 2048, 2049, 2049, 2048, 2049, 2048]","[2048, 2048, 2048, 2049, 2048, 2048, 2048, 2048, 2048, 2048]",307.0
1289,11326,5,30,2026-07-05T14:50:51.049000+00:00,29.78,38.063,25.807,292.0,260.0,False,93.65,"[None, 2049, 2048, 2048, 2048, 2048, 2048]","[2048, 2049, 2048, 2048, 2048, 2048, 2049, 2049, 2048, 2048]","[2048, 2048, 2048, 2049, 2048, 2049, 2048, 2048, 2048, 2049]",309.0
1289,11326,43,30,2026-07-05T14:50:58.820000+00:00,30.023,38.543,26.178,303.0,253.0,False,94.744,"[None, 2048, 2048, 2048, 2048, 2048, 2048]","[2048, 2048, 2048, 2048, 2048, 2048, 2048, 2048, 2049, 2048]","[2048, 2048, 2048, 2048, 2048, 2048, 2048, 2048, 2048, 2048]",297.0
1289,11326,10,30,2026-07-05T14:51:04.933000+00:00,30.057,38.444,26.118,296.0,254.0,False,94.619,"[None, 2048, 2048, 2048, 2048, 2048, 2048]","[2048, 2049, 2048, 2048, 2048, 2049, 2049, 2048, 2048, 2048]","[2048, 2048, 2048, 2048, 2048, 2049, 2048, 2048, 2048, 2048]",298.0
1289,11326,27,30,2026-07-05T14:51:05.634000+00:00,30.259,38.439,26.06,286.0,258.0,False,94.758,"[None, 2048, 2048, 2048, 2048, 2048, 2048]","[2048, 2048, 2048, 2048, 2048, 2048, 2048, 2048, 2049, 2048]","[2048, 2048, 2048, 2048, 2049, 2048, 2048, 2048, 2048, 2048]",304.0
1289,11326,55,30,2026-07-05T14:51:09.655000+00:00,30.236,38.931,26.355,,256.0,False,95.522,"[None, 2048, 2048, 2048, 2048, 2048, 2048]","[2048, 2048, 2048, 2048, 2048, 2048, 2048, 2048, 2048, 2048]","[2048, 2048, 2048, 2048, 2048, 2048, 2048, 2048, 2048, 2048]",299.0
1289,11326,81,30,2026-07-05T14:51:11.110000+00:00,30.177,38.837,26.271,293.0,255.0,False,95.285,"[2048, 2048, 2048, 2048, 2048, 2048, 2048]","[2048, 2048, 2048, 2048, 2048, 2048, 2048, 2048, 2048, 2048]","[2048, 2048, 2048, 2048, 2048, 2048, 2048, 2048, 2048, 2048]",303.0
1289,11326,87,30,2026-07-05T14:51:11.570000+00:00,51.833,38.877,26.047,292.0,258.0,True,116.757,"[2064, 2064, 2048, 2048, 2048, 2049, 2048]","[2048, 2049, 2049, 2049, 2048, 2048, 2048, 2048, 2049, 2049]","[2048, 2048, 2048, 2048, 2049, 2048, 2049, 2048, 2049, 2049]",302.0
1289,11326,12,31,2026-07-05T14:51:14.656000+00:00,29.832,38.043,25.897,303.0,254.0,False,93.772,"[None, 2048, 2048, 2048, 2048, 2048, 2048]","[2048, 2048, 2048, 2048, 2048, 2048, 2048, 2048, 2049, 2048]","[2048, 2048, 2048, 2048, 2048, 2049, 2048, 2048, 2048, 2048]",300.0
1289,11326,31,30,2026-07-05T14:51:28.071000+00:00,31.805,39.078,26.295,290.0,255.0,False,97.178,"[None, 2048, 2048, 2048, 2048, 2048, 2048]","[2048, 2048, 2048, 2048, 2048, 2048, 2048, 2048, 2049, 2048]","[2048, 2048, 2048, 2048, 2048, 2048, 2048, 2048, 2048]",299.0
1289,11326,16,31,2026-07-05T14:51:29.092000+00:00,29.842,37.89,25.615,294.0,258.0,False,93.347,"[None, 2048, 2048, 2048, 2048, 2048, 2048]","[2048, 2051, 2048, 2048, 2048, 2048, 2048, 2048, 2048, 2048]","[2048, 2048, 2048, 2048, 2049, 2048, 2048, 2048, 2048, 2048]",303.0
1289,11326,11,30,2026-07-05T14:51:30.263000+00:00,30.485,39.59,26.314,292.0,259.0,False,96.389,"[None, 2048, 2048, 2048, 2048, 2048, 2048]","[2048, 2048, 2048, 2048, 2048, 2048, 2048, 2048, 2048, 2048]","[2048, 2048, 2049, 2048, 2048, 2048, 2048, 2048, 2048, 2048]",325.0
1289,11326,77,30,2026-07-05T14:51:36.546000+00:00,54.284,39.718,26.477,294.0,255.0,True,120.479,"[2064, 2064, 2048, 2048, 2048, 2048, 2048]","[2048, 2048, 2048, 2049, 2048, 2048, 2048, 2048, 2048, 2048]","[2048, 2048, 2048, 2048, 2049, 2048, 2048, 2049, 2049, 2049]",301.0
1289,11326,3,31,2026-07-05T14:51:42.329000+00:00,30.012,38.234,25.712,302.0,256.0,False,93.958,"[None, 2048, 2048, 2048, 2048, 2048, 2048]","[2048, 2048, 2048, 2048, 2048, 2048, 2049, 2048, 2048, 2048]","[2048, 2048, 2048, 2048, 2048, 2048, 2048, 2048, 2048, 2048]",304.0
1289,11326,63,31,2026-07-05T14:51:42.974000+00:00,30.015,38.129,25.751,315.0,258.0,False,93.895,"[None, 2048, 2048, 2048, 2048, 2048, 2048]","[2048, 2048, 2048, 2048, 2049, 2048, 2048, 2048, 2048, 2048]","[2048, 2048, 2048, 2048, 2048, 2048, 2048, 2048, 2048, 2048]",308.0
1289,11326,44,31,2026-07-05T14:51:43.397000+00:00,29.786,38.735,26.217,331.0,248.0,False,94.738,"[None, 2048, 2048, 2048, 2048, 2048, 2051]","[2051, 2048, 2048, 2048, 2048, 2048, 2048, 2048, 2048, 2048]","[2048, 2048, 2048, 2048, 2048, 2048, 2048, 2048, 2048, 2048]",301.0
1289,11326,23,29,2026-07-05T14:51:54.830000+00:00,30.09,38.845,26.318,293.0,253.0,False,95.253,"[None, 2049, 2048, 2048, 2048, 2048, 2048]","[2048, 2049, 2048, 2049, 2048, 2049, 2049, 2048, 2048, 2048]","[2048, 2048, 2048, 2048, 2049, 2049, 2049, 2048, 2048, 2048]",295.0
1289,11326,1,31,2026-07-05T14:51:57.812000+00:00,29.679,38.043,25.732,294.0,257.0,False,93.454,"[None, 2048, 2048, 2049, 2049, 2048, 2048]","[2048, 2049, 2048, 2048, 2048, 2048, 2048, 2048, 2048, 2048]","[2048, 2048, 2048, 2048, 2048, 2049, 2048, 2049, 2048, 2048]",299.0
1289,11326,6,31,2026-07-05T14:51:59.259000+00:00,30.048,38.681,25.996,300.0,255.0,False,94.725,"[None, 2048, 2048, 2048, 2048, 2048, 2048]","[2048, 2048, 2048, 2048, 2048, 2048, 2048, 2048, 2049, 2048]","[2048, 2048, 2048, 2048, 2048, 2048, 2048, 2048, 2048, 2048]",303.0
1289,11326,14,30,2026-07-05T14:52:17.699000+00:00,31.135,39.708,26.701,,250.0,False,97.544,"[None, 2048, 2048, 2048, 2048, 2048, 2048]","[2048, 2049, 2048, 2048, 2048, 2049, 2048, 2048, 2048, 2048]","[2048, 2048, 2048, 2048, 2048, 2049, 2048, 2048, 2048, 2048]",295.0
1289,11326,30,31,2026-07-05T14:52:22.593000+00:00,29.815,38.523,25.761,291.0,259.0,False,94.099,"[None, 2048, 2048, 2049, 2048, 2049, 2048]","[2048, 2049, 2048, 2048, 2048, 2049, 2048, 2048, 2049, 2048]","[2048, 2048, 2048, 2048, 2048, 2048, 2049, 2048, 2048, 2049]",303.0
1289,11326,18,30,2026-07-05T14:52:23.562000+00:00,31.758,40.247,26.791,291.0,253.0,False,98.796,"[None, 2048, 2048, 2048, 2048, 2048, 2048]","[2048, 2048, 2048, 2048, 2048, 2048, 2048, 2048, 2048, 2048]","[2048, 2048, 2048, 2048, 2048, 2048, 2048, 2048, 2048, 2048]",302.0
1289,11326,41,31,2026-07-05T14:52:23.779000+00:00,29.775,38.453,25.52,298.0,261.0,False,93.748,"[2049, 2048, 2048, 2048, 2048, 2049, 2048]","[2048, 2048, 2048, 2049, 2049, 2048, 2049, 2049, 2048, 2048]","[2049, 2049, 2048, 2049, 2048, 2049, 2048, 2051, 2048, 2048]",311.0
1289,11326,5,31,2026-07-05T14:52:24.671000+00:00,29.958,38.371,25.829,,258.0,False,94.158,"[None, 2049, 2048, 2048, 2048, 2048, 2048]","[2048, 2048, 2048, 2048, 2049, 2048, 2048, 2048, 2048, 2048]","[2048, 2048, 2048, 2048, 2048, 2049, 2048, 2048, 2048, 2048]",308.0
1289,11326,43,31,2026-07-05T14:52:33.523000+00:00,30.046,38.636,26.335,,252.0,False,95.017,"[None, 2048, 2048, 2048, 2048, 2048, 2048]","[2048, 2048, 2048, 2048, 2048, 2048, 2048, 2048, 2048, 2048]","[2048, 2048, 2048, 2048, 2048, 2048, 2048, 2048, 2048, 2048]",298.0
1289,11326,10,31,2026-07-05T14:52:39.569000+00:00,30.01,38.492,26.219,294.0,254.0,False,94.721,"[None, 2049, 2048, 2048, 2048, 2048, 2048]","[2048, 2048, 2048, 2048, 2048, 2048, 2048, 2048, 2048, 2048]","[2048, 2048, 2048, 2048, 2048, 2048, 2048, 2048, 2048, 2048]",298.0
1289,11326,27,31,2026-07-05T14:52:40.472000+00:00,30.142,38.52,26.121,287.0,257.0,False,94.783,"[None, 2048, 2048, 2048, 2048, 2048, 2048]","[2048, 2048, 2048, 2048, 2048, 2048, 2049, 2048, 2048, 2048]","[2048, 2048, 2048, 2048, 2048, 2048, 2048, 2048, 2048, 2049]",303.0
1289,11326,55,31,2026-07-05T14:52:45.099000+00:00,30.123,39.146,26.351,293.0,255.0,False,95.62,"[None, 2048, 2048, 2048, 2048, 2048, 2048]","[2048, 2049, 2048, 2048, 2048, 2048, 2048, 2048, 2048, 2048]","[2048, 2048, 2048, 2048, 2048, 2048, 2049, 2048, 2048, 2048]",298.0
1289,11326,81,31,2026-07-05T14:52:46.410000+00:00,30.001,38.922,27.762,297.0,257.0,False,96.685,"[None, 2048, 2048, 2048, 2048, 2048, 2048]","[2048, 2048, 2048, 2048, 2049, 2048, 2048, 2048, 2048, 2048]","[2048, 2048, 2048, 2048, 2048, 2048, 2048, 2048, 2048, 2048]",222.0
1289,11326,12,32,2026-07-05T14:52:48.447000+00:00,29.808,38.007,25.636,,257.0,False,93.451,"[None, 2048, 2048, 2048, 2048, 2048, 2048]","[2048, 2049, 2048, 2048, 2048, 2048, 2048, 2048, 2048, 2048]","[2048, 2048, 2048, 2049, 2048, 2048, 2048, 2049, 2048, 2048]",306.0
1289,11326,16,32,2026-07-05T14:53:02.447000+00:00,29.694,37.749,25.629,293.0,259.0,False,93.072,"[None, 2048, 2048, 2048, 2048, 2048, 2048]","[2048, 2051, 2048, 2048, 2048, 2048, 2048, 2048, 2048, 2048]","[2048, 2048, 2048, 2048, 2048, 2048, 2049, 2049, 2048, 2048]",301.0
1289,11326,31,31,2026-07-05T14:53:05.104000+00:00,30.334,38.807,26.219,284.0,255.0,False,95.36,"[None, 2048, 2048, 2048, 2048, 2048, 2048]","[2048, 2049, 2048, 2048, 2048, 2048, 2048, 2048, 2048, 2048]","[2048, 2048, 2048, 2048, 2048, 2048, 2049, 2049, 2048, 2048]",295.0
1289,11326,11,31,2026-07-05T14:53:06.530000+00:00,30.334,39.176,27.156,290.0,255.0,False,96.666,"[2049, 2049, 2048, 2048, 2048, 2049, 2048]","[2049, 2048, 2048, 2048, 2048, 2048, 2048, 2048, 2048, 2048]","[2048, 2048, 2048, 2048, 2048, 2048, 2048, 2048, 2048, 2048]",304.0
1289,11326,87,31,2026-07-05T14:53:08.266000+00:00,30.039,38.448,25.968,290.0,261.0,False,94.455,"[2049, 2049, 2048, 2049, 2049, 2048, 2048]","[2048, 2049, 2049, 2049, 2048, 2049, 2049, 2048, 2048, 2049]","[2049, 2048, 2048, 2048, 2048, 2048, 2048, 2049, 2049, 2049]",319.0
1289,11326,3,32,2026-07-05T14:53:16.273000+00:00,30.069,38.292,25.848,297.0,257.0,False,94.209,"[None, 2048, 2048, 2048, 2048, 2048, 2048]","[2048, 2048, 2048, 2048, 2048, 2048, 2048, 2048, 2048, 2048]","[2048, 2048, 2048, 2048, 2048, 2048, 2048, 2048, 2048, 2048]",301.0
1289,11326,63,32,2026-07-05T14:53:16.874000+00:00,30.07,38.057,25.888,308.0,262.0,False,94.015,"[None, 2048, 2048, 2048, 2048, 2048, 2048]","[2048, 2048, 2048, 2048, 2048, 2048, 2048, 2048, 2048, 2048]","[2048, 2048, 2048, 2048, 2048, 2048, 2048, 2048, 2048]",320.0
1289,11326,44,32,2026-07-05T14:53:18.006000+00:00,29.808,38.157,25.781,314.0,258.0,False,93.746,"[None, 2048, 2048, 2048, 2048, 2048, 2048]","[2048, 2048, 2048, 2048, 2048, 2048, 2048, 2048, 2048, 2048]","[2048, 2048, 2048, 2048, 2048, 2048, 2048, 2048, 2048, 2048]",313.0
1289,11326,23,30,2026-07-05T14:53:30.081000+00:00,30.543,40.392,26.439,195.0,252.0,False,97.374,"[None, 2048, 2048, 2048, 2048, 2048, 2048]","[2048, 2048, 2048, 2049, 2048, 2048, 2048, 2048, 2048, 2048]","[2048, 2048, 2048, 2048, 2048, 2048, 2048, 2048, 2048, 2048]",297.0
1289,11326,1,32,2026-07-05T14:53:31.403000+00:00,29.74,37.777,25.679,298.0,258.0,False,93.196,"[None, 2048, 2048, 2048, 2048, 2048, 2048]","[2048, 2049, 2048, 2048, 2048, 2049, 2049, 2048, 2049, 2048]","[2048, 2048, 2048, 2048, 2048, 2048, 2049, 2049, 2049, 2048]",296.0
1289,11326,6,32,2026-07-05T14:53:34.114000+00:00,30.105,38.665,26.073,,258.0,False,94.843,"[None, 2048, 2048, 2048, 2048, 2048, 2048]","[2048, 2048, 2048, 2048, 2048, 2048, 2048, 2048, 2048, 2048]","[2048, 2048, 2048, 2048, 2048, 2048, 2048, 2048, 2048, 2048]",303.0
1289,11326,77,31,2026-07-05T14:53:37.031000+00:00,30.324,39.246,26.323,288.0,258.0,False,95.893,"[2049, 2049, 2048, 2049, 2048, 2049, 2048]","[2048, 2049, 2049, 2048, 2048, 2048, 2048, 2048, 2048, 2048]","[2048, 2048, 2048, 2048, 2049, 2048, 2049, 2049, 2049, 2048]",301.0
1289,11326,14,31,2026-07-05T14:53:55.203000+00:00,31.672,41.824,26.65,263.0,250.0,False,100.146,"[None, 2048, 2048, 2048, 2048, 2048, 2048]","[2048, 2048, 2048, 2048, 2048, 2048, 2048, 2048, 2048, 2048]","[2048, 2048, 2048, 2048, 2048, 2049, 2048, 2048, 2048, 2048]",298.0
1289,11326,30,32,2026-07-05T14:53:56.719000+00:00,29.856,38.43,25.652,292.0,260.0,False,93.938,"[None, 2049, 2048, 2048, 2048, 2048, 2048]","[2048, 2048, 2048, 2048, 2048, 2049, 2048, 2048, 2049, 2048]","[2048, 2048, 2048, 2048, 2049, 2048, 2048, 2048, 2048, 2049]",305.0
1289,11326,41,32,2026-07-05T14:53:57.529000+00:00,29.611,38.599,25.709,304.0,260.0,False,93.919,"[2051, 2049, 2048, 2048, 2048, 2048, 2049]","[2048, 2048, 2048, 2048, 2048, 2048, 2048, 2049, 2048, 2048]","[2048, 2048, 2048, 2048, 2048, 2048, 2048, 2048, 2048, 2048]",307.0
1289,11326,5,32,2026-07-05T14:53:58.854000+00:00,29.895,38.555,25.972,294.0,256.0,False,94.422,"[2048, 2049, 2049, 2048, 2048, 2048, 2048]","[2048, 2048, 2048, 2048, 2048, 2048, 2048, 2048, 2048, 2048]","[2048, 2048, 2048, 2048, 2049, 2048, 2048, 2048, 2048, 2048]",300.0
1289,11326,18,31,2026-07-05T14:54:02.273000+00:00,31.146,40.148,26.814,276.0,250.0,False,98.108,"[None, 2048, 2048, 2048, 2048, 2048, 2048]","[2048, 2048, 2048, 2048, 2048, 2048, 2049, 2049, 2048, 2048]","[2048, 2048, 2048, 2048, 2048, 2048, 2048, 2048, 2048, 2048]",293.0
1289,11326,43,32,2026-07-05T14:54:08.575000+00:00,30.715,39.063,26.489,300.0,251.0,False,96.267,"[None, 2048, 2048, 2048, 2048, 2048, 2048]","[2048, 2048, 2048, 2048, 2048, 2048, 2048, 2048, 2048, 2048]","[2048, 2048, 2048, 2048, 2048, 2048, 2048, 2048, 2048, 2048]",297.0
1289,11326,10,32,2026-07-05T14:54:14.169000+00:00,30.287,38.568,26.208,293.0,252.0,False,95.063,"[None, 2048, 2048, 2048, 2048, 2048, 2048]","[2048, 2048, 2048, 2048, 2048, 2048, 2048, 2048, 2048, 2048]","[2048, 2048, 2048, 2048, 2048, 2048, 2048, 2048, 2048, 2048]",297.0
1289,11326,27,32,2026-07-05T14:54:15.261000+00:00,30.181,38.801,26.098,291.0,256.0,False,95.08,"[None, 2048, 2048, 2048, 2048, 2048, 2048]","[2048, 2048, 2048, 2048, 2048, 2048, 2048, 2048, 2048, 2048]","[2048, 2048, 2048, 2048, 2048, 2048, 2048, 2048, 2048, 2048]",304.0
1289,11326,55,32,2026-07-05T14:54:20.805000+00:00,30.568,40.01,26.606,229.0,255.0,False,97.184,"[None, 2048, 2048, 2048, 2048, 2048, 2048]","[2048, 2048, 2048, 2048, 2048, 2048, 2048, 2048, 2048, 2048]","[2048, 2048, 2048, 2048, 2048, 2048, 2048, 2048, 2048, 2048]",303.0
1289,11326,12,33,2026-07-05T14:54:21.938000+00:00,29.75,38.052,25.799,302.0,255.0,False,93.601,"[None, 2048, 2048, 2048, 2048, 2048, 2048]","[2048, 2048, 2048, 2048, 2048, 2048, 2048, 2048, 2048, 2048]","[2048, 2048, 2048, 2048, 2048, 2048, 2048, 2048, 2048, 2048]",297.0
1289,11326,81,32,2026-07-05T14:54:22.972000+00:00,30.248,39.064,26.398,292.0,252.0,False,95.71,"[None, 2048, 2048, 2048, 2048, 2048, 2048]","[2048, 2048, 2048, 2048, 2048, 2048, 2048, 2048, 2048, 2048]","[2048, 2048, 2048, 2048, 2048, 2048, 2048, 2048, 2048, 2048]",303.0
1289,11326,16,33,2026-07-05T14:54:35.590000+00:00,29.816,37.856,25.72,,258.0,False,93.392,"[None, 2048, 2048, 2048, 2048, 2048, 2048]","[2048, 2048, 2048, 2048, 2048, 2048, 2048, 2048, 2048, 2048]","[2048, 2048, 2048, 2048, 2048, 2048, 2048, 2048, 2048, 2048]",299.0
1289,11326,31,32,2026-07-05T14:54:40.588000+00:00,30.447,38.924,26.243,,254.0,False,95.614,"[None, 2048, 2048, 2048, 2048, 2048, 2048]","[2048, 2048, 2048, 2048, 2048, 2049, 2048, 2048, 2048, 2048]","[2048, 2048, 2048, 2048, 2048, 2048, 2049, 2048, 2049, 2048]",292.0
1289,11326,87,32,2026-07-05T14:54:42.639000+00:00,30.107,38.593,26.154,288.0,254.0,False,94.854,"[2048, 2048, 2049, 2049, 2048, 2048, 2048]","[2048, 2048, 2048, 2048, 2048, 2049, 2048, 2048, 2049, 2048]","[2048, 2048, 2048, 2048, 2049, 2048, 2049, 2048, 2048, 2048]",298.0
1289,11326,11,32,2026-07-05T14:54:43.272000+00:00,30.489,39.482,26.321,294.0,254.0,False,96.292,"[2048, 2048, 2048, 2048, 2048, 2049, 2048]","[2048, 2048, 2048, 2048, 2048, 2048, 2048, 2048, 2048, 2048]","[2048, 2048, 2048, 2048, 2048, 2048, 2048, 2048, 2048, 2048]",311.0
1289,11326,3,33,2026-07-05T14:54:50.570000+00:00,30.129,38.235,25.949,300.0,257.0,False,94.313,"[None, 2048, 2048, 2048, 2048, 2048, 2048]","[2048, 2048, 2048, 2048, 2048, 2049, 2048, 2048, 2048, 2048]","[2048, 2048, 2048, 2049, 2048, 2048, 2048, 2048, 2048, 2048]",318.0
1289,11326,63,33,2026-07-05T14:54:50.963000+00:00,29.934,38.29,25.956,313.0,263.0,False,94.18,"[None, 2049, 2048, 2048, 2048, 2048, 2048]","[2048, 2048, 2048, 2048, 2048, 2048, 2048, 2048, 2048, 2048]","[2051, 2049, 2049, 2049, 2048, 2048, 2048, 2048, 2048, 2048]",330.0
1289,11326,44,33,2026-07-05T14:54:51.780000+00:00,29.969,38.265,25.648,317.0,258.0,False,93.882,"[None, 2048, 2048, 2048, 2048, 2048, 2048]","[2048, 2048, 2048, 2048, 2048, 2048, 2048, 2048, 2048, 2048]","[2048, 2048, 2048, 2048, 2048, 2048, 2048, 2048, 2048, 2048]",317.0
1289,11326,1,33,2026-07-05T14:55:04.521000+00:00,29.834,37.713,25.783,295.0,257.0,False,93.33,"[None, 2048, 2048, 2048, 2048, 2048, 2048]","[2048, 2048, 2049, 2048, 2048, 2049, 2049, 2048, 2048, 2048]","[2048, 2048, 2048, 2048, 2049, 2048, 2048, 2048, 2048, 2048]",296.0
1289,11326,23,31,2026-07-05T14:55:07.369000+00:00,30.09,41.02,26.74,297.0,249.0,False,97.85,"[None, 2049, 2049, 2048, 2048, 2048, 2048]","[2049, 2048, 2048, 2048, 2048, 2048, 2048, 2048, 2048, 2048]","[2048, 2048, 2048, 2048, 2048, 2048, 2048, 2048, 2048, 2048]",296.0
1289,11326,6,33,2026-07-05T14:55:08.937000+00:00,29.892,38.705,26.163,307.0,257.0,False,94.76,"[None, 2048, 2048, 2048, 2048, 2048, 2048]","[2048, 2048, 2048, 2048, 2048, 2048, 2048, 2048, 2048, 2048]","[2048, 2048, 2048, 2048, 2048, 2048, 2048, 2048, 2048, 2048]",301.0
1289,11326,77,32,2026-07-05T14:55:12.906000+00:00,30.402,39.139,26.651,289.0,256.0,False,96.192,"[None, 2048, 2049, 2048, 2048, 2048, 2048]","[2048, 2049, 2048, 2048, 2048, 2049, 2048, 2048, 2048, 2049]","[2048, 2048, 2048, 2048, 2048, 2048, 2048, 2048, 2048, 2048]",297.0
1289,11326,30,33,2026-07-05T14:55:30.676000+00:00,29.851,38.295,25.711,291.0,259.0,False,93.857,"[None, 2048, 2048, 2048, 2048, 2048, 2048]","[2048, 2048, 2048, 2048, 2048, 2049, 2049, 2048, 2049, 2048]","[2048, 2048, 2048, 2048, 2049, 2049, 2049, 2048, 2048, 2048]",300.0
1289,11326,41,33,2026-07-05T14:55:31.422000+00:00,29.71,38.46,25.683,303.0,260.0,False,93.853,"[2048, 2049, 2048, 2048, 2048, 2048, 2048]","[2048, 2048, 2048, 2048, 2049, 2048, 2048, 2048, 2049, 2048]","[2048, 2049, 2049, 2049, 2048, 2048, 2048, 2048, 2048, 2048]",331.0
1289,11326,5,33,2026-07-05T14:55:33.322000+00:00,30.037,38.539,26.076,292.0,256.0,False,94.652,"[None, 2048, 2048, 2048, 2048, 2048, 2048]","[2048, 2048, 2048, 2048, 2048, 2048, 2048, 2048, 2048, 2048]","[2048, 2048, 2048, 2048, 2049, 2049, 2048, 2048, 2048, 2048]",299.0
1289,11326,14,32,2026-07-05T14:55:35.422000+00:00,31.277,39.928,26.64,281.0,251.0,False,97.845,"[None, 2048, 2048, 2048, 2048, 2048, 2048]","[2048, 2048, 2048, 2048, 2048, 2048, 2048, 2048, 2048, 2048]","[2048, 2048, 2048, 2048, 2048, 2048, 2048, 2048, 2048, 2048]",296.0
1289,11326,18,32,2026-07-05T14:55:40.361000+00:00,31.041,39.984,26.71,281.0,251.0,False,97.735,"[None, 2048, 2049, 2048, 2048, 2048, 2048]","[2048, 2049, 2048, 2048, 2048, 2049, 2049, 2048, 2048, 2048]","[2048, 2048, 2048, 2048, 2048, 2049, 2048, 2048, 2048, 2049]",292.0
1289,11326,43,33,2026-07-05T14:55:44.844000+00:00,30.138,38.855,26.326,299.0,252.0,False,95.319,"[None, 2048, 2048, 2048, 2048, 2048, 2048]","[2048, 2048, 2048, 2048, 2048, 2048, 2048, 2048, 2048, 2048]","[2048, 2048, 2048, 2048, 2048, 2048, 2048, 2048, 2048, 2048]",300.0
1289,11326,10,33,2026-07-05T14:55:49.315000+00:00,30.137,38.632,26.194,296.0,252.0,False,94.963,"[None, 2048, 2048, 2048, 2048, 2048, 2048]","[2048, 2048, 2048, 2048, 2048, 2048, 2048, 2048, 2048, 2048]","[2048, 2048, 2048, 2048, 2048, 2049, 2048, 2048, 2048, 2048]",299.0
1289,11326,27,33,2026-07-05T14:55:50.247000+00:00,30.059,38.735,26.153,297.0,255.0,False,94.947,"[None, 2048, 2048, 2048, 2048, 2048, 2048]","[2048, 2048, 2048, 2048, 2048, 2048, 2048, 2048, 2048, 2048]","[2048, 2048, 2048, 2048, 2049, 2048, 2048, 2048, 2048, 2048]",302.0
1289,11326,12,34,2026-07-05T14:55:55.507000+00:00,29.752,38.081,25.892,,250.0,False,93.725,"[None, 2048, 2049, 2048, 2048, 2048, 2048]","[2048, 2049, 2048, 2048, 2048, 2048, 2048, 2048, 2049, 2048]","[2048, 2048, 2048, 2048, 2048, 2048, 2048, 2048, 2048, 2048]",298.0
1289,11326,55,33,2026-07-05T14:55:57.961000+00:00,30.181,39.159,27.226,301.0,256.0,False,96.566,"[None, 2048, 2048, 2048, 2048, 2048, 2048]","[2048, 2048, 2048, 2048, 2048, 2048, 2048, 2048, 2048, 2048]","[2048, 2048, 2048, 2048, 2048, 2048, 2048, 2048, 2048, 2048]",308.0
1289,11326,81,33,2026-07-05T14:55:58.759000+00:00,29.698,39.365,26.24,312.0,258.0,False,95.303,"[2049, 2048, 2048, 2048, 2048, 2048, 2048]","[2048, 2048, 2048, 2049, 2049, 2048, 2048, 2048, 2048, 2048]","[2049, 2049, 2049, 2049, 2048, 2048, 2048, 2048, 2048, 2048]",338.0
1289,11326,16,34,2026-07-05T14:56:08.955000+00:00,29.674,37.767,25.806,297.0,259.0,False,93.247,"[None, 2048, 2048, 2048, 2048, 2049, 2048]","[2048, 2048, 2048, 2048, 2048, 2051, 2048, 2048, 2051, 2048]","[2048, 2048, 2048, 2048, 2048, 2048, 2048, 2048, 2048, 2048]",303.0
1289,11326,31,33,2026-07-05T14:56:16.251000+00:00,30.307,38.811,26.292,286.0,255.0,False,95.41,"[None, 2048, 2048, 2049, 2048, 2048, 2048]","[2048, 2048, 2048, 2048, 2048, 2048, 2048, 2048, 2048, 2048]","[2048, 2048, 2048, 2048, 2048, 2048, 2048, 2048, 2048, 2048]",293.0
1289,11326,87,33,2026-07-05T14:56:17.535000+00:00,30.146,38.598,26.262,291.0,255.0,False,95.006,"[None, 2048, 2048, 2048, 2048, 2048, 2048]","[2048, 2048, 2048, 2048, 2048, 2049, 2049, 2048, 2048, 2048]","[2048, 2048, 2048, 2048, 2048, 2048, 2048, 2048, 2048, 2048]",303.0
1289,11326,11,33,2026-07-05T14:56:19.522000+00:00,30.357,39.408,26.638,293.0,255.0,False,96.403,"[None, 2048, 2048, 2048, 2048, 2049, 2048]","[2048, 2048, 2048, 2048, 2048, 2048, 2048, 2048, 2049, 2048]","[2048, 2048, 2048, 2048, 2048, 2048, 2048, 2048, 2048, 2048]",301.0
1289,11326,3,34,2026-07-05T14:56:24.702000+00:00,29.949,38.361,26.134,,258.0,False,94.444,"[None, 2048, 2049, 2048, 2048, 2048, 2048]","[2048, 2048, 2048, 2048, 2048, 2048, 2048, 2048, 2048, 2048]","[2048, 2048, 2048, 2048, 2048, 2048, 2048, 2048, 2048, 2048]",302.0
1289,11326,63,34,2026-07-05T14:56:25.111000+00:00,30.001,38.335,25.094,319.0,262.0,False,93.43,"[None, 2048, 2048, 2048, 2048, 2048, 2048]","[2048, 2048, 2048, 2049, 2048, 2048, 2048, 2048, 2048, 2048]","[2048, 2048, 2048, 2048, 2048, 2064, 2064, 2064, 2064, 2064]",325.0
1289,11326,44,34,2026-07-05T14:56:25.727000+00:00,29.79,38.469,25.637,326.0,261.0,False,93.896,"[None, 2048, 2048, 2048, 2048, 2049, 2048]","[2048, 2048, 2048, 2048, 2048, 2048, 2048, 2048, 2048, 2048]","[2049, 2051, 2051, 2048, 2048, 2048, 2048, 2048, 2048, 2048]",351.0
1289,11326,1,34,2026-07-05T14:56:37.844000+00:00,29.718,37.892,25.858,294.0,258.0,False,93.468,"[None, 2048, 2049, 2048, 2048, 2048, 2048]","[2048, 2048, 2048, 2048, 2048, 2049, 2049, 2048, 2049, 2048]","[2048, 2048, 2048, 2048, 2048, 2048, 2048, 2048, 2048, 2048]",297.0
1289,11326,6,34,2026-07-05T14:56:43.627000+00:00,29.946,38.438,25.94,300.0,258.0,False,94.324,"[None, 2048, 2048, 2048, 2048, 2048, 2048]","[2048, 2048, 2048, 2048, 2048, 2048, 2048, 2048, 2048, 2048]","[2048, 2048, 2048, 2048, 2049, 2048, 2048, 2048, 2048, 2048]",301.0
1289,11326,23,32,2026-07-05T14:56:45.319000+00:00,30.299,39.009,26.52,293.0,254.0,False,95.828,"[None, 2048, 2048, 2048, 2048, 2048, 2048]","[2048, 2048, 2048, 2048, 2048, 2048, 2048, 2049, 2048, 2048]","[2048, 2048, 2048, 2049, 2048, 2048, 2048, 2048, 2048, 2048]",298.0
1289,11326,77,33,2026-07-05T14:56:49.014000+00:00,30.408,39.152,26.644,,254.0,False,96.204,"[2048, 2048, 2049, 2048, 2048, 2048, 2048]","[2048, 2049, 2048, 2048, 2048, 2048, 2048, 2048, 2049, 2048]","[2048, 2048, 2048, 2048, 2049, 2049, 2048, 2048, 2048, 2048]",298.0
1289,11326,30,34,2026-07-05T14:57:04.535000+00:00,29.793,38.346,25.728,,262.0,False,93.867,"[None, 2048, 2049, 2048, 2048, 2048, 2048]","[2048, 2049, 2048, 2048, 2048, 2048, 2049, 2048, 2048, 2048]","[2048, 2048, 2048, 2049, 2048, 2048, 2048, 2048, 2048, 2048]",301.0
1289,11326,41,34,2026-07-05T14:57:05.291000+00:00,29.932,38.412,25.73,299.0,261.0,False,94.074,"[None, 2048, 2049, 2048, 2048, 2048, 2048]","[2048, 2048, 2048, 2048, 2048, 2049, 2049, 2049, 2048, 2048]","[2048, 2048, 2048, 2048, 2048, 2048, 2048, 2048, 2048, 2048]",308.0
1289,11326,5,34,2026-07-05T14:57:07.951000+00:00,30.004,38.53,25.951,,258.0,False,94.485,"[None, 2048, 2048, 2048, 2048, 2048, 2048]","[2048, 2048, 2048, 2048, 2048, 2048, 2048, 2048, 2048, 2048]","[2048, 2048, 2048, 2048, 2048, 2049, 2048, 2048, 2048, 2048]",302.0
1289,11326,14,33,2026-07-05T14:57:13.233000+00:00,31.14,39.804,26.576,279.0,250.0,False,97.52,"[None, 2048, 2048, 2048, 2048, 2048, 2048]","[2048, 2048, 2048, 2048, 2048, 2048, 2048, 2048, 2049, 2048]","[2048, 2048, 2048, 2048, 2049, 2048, 2048, 2048, 2048, 2048]",296.0
1289,11326,18,33,2026-07-05T14:57:18.143000+00:00,30.962,40.085,27.51,279.0,251.0,False,98.557,"[None, 2048, 2048, 2049, 2048, 2048, 2048]","[2048, 2048, 2048, 2048, 2048, 2048, 2048, 2048, 2048, 2048]","[2048, 2048, 2048, 2048, 2048, 2048, 2048, 2048, 2048, 2048]",274.0
1289,11326,43,34,2026-07-05T14:57:20.138000+00:00,30.13,39.29,26.287,301.0,251.0,False,95.707,"[None, 2048, 2048, 2048, 2048, 2048, 2048]","[2048, 2048, 2048, 2048, 2048, 2048, 2048, 2048, 2048, 2048]","[2048, 2048, 2048, 2048, 2048, 2048, 2048, 2048, 2048, 2048]",310.0
1289,11326,10,34,2026-07-05T14:57:24.257000+00:00,30.067,38.548,26.381,,254.0,False,94.996,"[None, 2048, 2048, 2048, 2048, 2048, 2048]","[2048, 2048, 2048, 2048, 2048, 2049, 2049, 2048, 2048, 2048]","[2048, 2048, 2048, 2048, 2048, 2048, 2048, 2048, 2048, 2048]",300.0
1289,11326,27,34,2026-07-05T14:57:25.248000+00:00,29.975,38.606,27.119,296.0,257.0,False,95.7,"[None, 2049, 2048, 2048, 2048, 2048, 2048]","[2048, 2048, 2048, 2048, 2048, 2048, 2049, 2049, 2048, 2048]","[2048, 2048, 2048, 2048, 2049, 2064, 2064, 2064, 2064, 2064]",305.0
1289,11326,12,35,2026-07-05T14:57:29.271000+00:00,29.773,38.062,25.141,301.0,256.0,False,92.976,"[None, 2048, 2048, 2048, 2048, 2049, 2048]","[2048, 2049, 2048, 2048, 2048, 2048, 2048, 2048, 2048, 2048]","[2048, 2048, 2048, 2048, 2048, 2064, 2064, 2064, 2064, 2064]",300.0
1289,11326,81,34,2026-07-05T14:57:33.978000+00:00,30.523,39.538,26.755,289.0,248.0,False,96.816,"[2048, 2048, 2048, 2048, 2048, 2048, 2048]","[2048, 2048, 2048, 2048, 2048, 2048, 2048, 2049, 2048, 2048]","[2048, 2048, 2048, 2048, 2048, 2048, 2048, 2048, 2048, 2048]",290.0
1289,11326,55,34,2026-07-05T14:57:34.491000+00:00,30.134,40.251,26.973,332.0,249.0,False,97.358,"[None, 2048, 2048, 2048, 2048, 2049, 2049]","[2048, 2048, 2048, 2048, 2048, 2048, 2048, 2048, 2048, 2048]","[2048, 2048, 2048, 2048, 2048, 2048, 2048, 2048, 2048, 2048]",301.0
1289,11326,16,35,2026-07-05T14:57:42.187000+00:00,29.78,37.873,25.682,305.0,259.0,False,93.335,"[None, 2048, 2048, 2048, 2048, 2048, 2048]","[2048, 2048, 2048, 2048, 2048, 2048, 2048, 2048, 2048, 2048]","[2048, 2048, 2048, 2048, 2048, 2048, 2048, 2048, 2048, 2048]",306.0
1289,11326,31,34,2026-07-05T14:57:51.724000+00:00,30.445,38.844,26.963,285.0,256.0,False,96.252,"[None, 2048, 2048, 2048, 2048, 2048, 2048]","[2048, 2048, 2048, 2048, 2048, 2048, 2049, 2048, 2049, 2048]","[2048, 2048, 2048, 2048, 2048, 2048, 2048, 2048, 2048, 2048]",295.0
1289,11326,87,34,2026-07-05T14:57:52.541000+00:00,29.872,39.047,25.646,308.0,259.0,False,94.565,"[None, 2049, 2049, 2048, 2048, 2049, 2048]","[2048, 2048, 2048, 2048, 2049, 2048, 2048, 2048, 2048, 2048]","[2049, 2048, 2048, 2049, 2048, 2048, 2048, 2048, 2048, 2048]",322.0
1289,11326,11,34,2026-07-05T14:57:56.090000+00:00,30.481,39.392,28.703,287.0,255.0,False,98.576,"[None, 2048, 2048, 2048, 2048, 2048, 2048]","[2048, 2049, 2048, 2048, 2048, 2048, 2048, 2048, 2048, 2048]","[2048, 2048, 2048, 2048, 2048, 2048, 2048, 2048, 2048, 2048]",299.0
1289,11326,63,35,2026-07-05T14:57:58.474000+00:00,50.42,37.858,25.763,294.0,260.0,True,114.041,"[2064, 2064, 2048, 2048, 2048, 2048, 2048]","[2048, 2048, 2048, 2048, 2048, 2048, 2048, 2048, 2048, 2048]","[2048, 2048, 2048, 2048, 2048, 2048, 2048, 2048, 2048, 2048]",310.0
1289,11326,3,35,2026-07-05T14:57:59.196000+00:00,29.95,38.133,25.656,302.0,260.0,False,93.739,"[None, 2048, 2048, 2048, 2048, 2048, 2048]","[2048, 2048, 2048, 2048, 2048, 2048, 2049, 2048, 2048, 2048]","[2048, 2048, 2048, 2048, 2048, 2048, 2048, 2048, 2048, 2048]",308.0
1289,11326,44,35,2026-07-05T14:57:59.669000+00:00,29.803,38.349,25.882,315.0,260.0,False,94.034,"[None, 2048, 2048, 2048, 2048, 2048, 2048]","[2048, 2048, 2048, 2048, 2048, 2048, 2048, 2048, 2048, 2048]","[2048, 2048, 2048, 2048, 2048, 2048, 2048, 2048, 2048, 2048]",328.0
1289,11326,1,35,2026-07-05T14:58:11.391000+00:00,29.893,37.847,25.792,293.0,258.0,False,93.532,"[None, 2048, 2048, 2048, 2048, 2048, 2048]","[2048, 2048, 2048, 2048, 2048, 2048, 2048, 2049, 2048, 2048]","[2048, 2048, 2048, 2048, 2048, 2049, 2048, 2048, 2048, 2048]",298.0
1289,11326,6,35,2026-07-05T14:58:18.013000+00:00,30.006,38.35,25.904,302.0,259.0,False,94.26,"[None, 2048, 2049, 2048, 2048, 2048, 2048]","[2048, 2048, 2048, 2048, 2048, 2048, 2048, 2048, 2049, 2048]","[2048, 2048, 2048, 2048, 2048, 2048, 2048, 2048, 2048]",301.0
1289,11326,23,33,2026-07-05T14:58:21.089000+00:00,30.334,39.025,26.378,,256.0,False,95.737,"[None, 2048, 2048, 2048, 2048, 2048, 2048]","[2048, 2048, 2048, 2048, 2048, 2048, 2048, 2048, 2048, 2048]","[2049, 2049, 2049, 2049, 2048, 2048, 2048, 2048, 2048, 2048]",305.0
1289,11326,77,34,2026-07-05T14:58:25.310000+00:00,30.59,39.35,26.6,288.0,254.0,False,96.54,"[None, 2048, 2048, 2048, 2048, 2048, 2048]","[2048, 2048, 2048, 2048, 2048, 2048, 2049, 2048, 2048, 2048]","[2048, 2048, 2048, 2048, 2048, 2048, 2048, 2048, 2048, 2048]",298.0
1289,11326,30,35,2026-07-05T14:58:38.304000+00:00,29.81,38.486,25.882,292.0,259.0,False,94.178,"[None, 2048, 2048, 2048, 2048, 2048, 2048]","[2048, 2048, 2048, 2048, 2048, 2048, 2048, 2048, 2048, 2048]","[2048, 2048, 2048, 2048, 2048, 2048, 2048, 2048, 2048, 2048]",300.0
1289,11326,41,35,2026-07-05T14:58:39.433000+00:00,29.88,38.494,25.784,298.0,260.0,False,94.158,"[None, 2048, 2049, 2048, 2048, 2048, 2048]","[2048, 2048, 2048, 2048, 2048, 2048, 2048, 2048, 2048, 2048]","[2048, 2048, 2048, 2048, 2048, 2048, 2048, 2048, 2048, 2048]",308.0
1289,11326,5,35,2026-07-05T14:58:42.378000+00:00,30.099,38.408,26.009,290.0,258.0,False,94.516,"[None, 2048, 2048, 2048, 2048, 2048, 2048]","[2048, 2049, 2048, 2048, 2048, 2048, 2048, 2048, 2048, 2048]","[2048, 2048, 2048, 2048, 2049, 2049, 2048, 2048, 2048, 2048]",301.0
1289,11326,14,34,2026-07-05T14:58:50.780000+00:00,31.433,39.862,26.596,277.0,251.0,False,97.891,"[None, 2048, 2048, 2048, 2048, 2048, 2048]","[2048, 2048, 2048, 2048, 2048, 2048, 2048, 2048, 2048, 2048]","[2048, 2048, 2048, 2048, 2048, 2048, 2048, 2048, 2048, 2048]",297.0
1289,11326,43,35,2026-07-05T14:58:55.911000+00:00,30.347,38.595,26.516,295.0,252.0,False,95.458,"[None, 2048, 2048, 2048, 2048, 2048, 2048]","[2048, 2048, 2048, 2048, 2048, 2049, 2049, 2048, 2049, 2048]","[2048, 2048, 2048, 2048, 2048, 2048, 2048, 2048, 2048, 2048]",299.0
1289,11326,18,34,2026-07-05T14:58:56.729000+00:00,30.968,40.136,27.78,288.0,254.0,False,98.884,"[None, 2048, 2048, 2048, 2048, 2048, 2048]","[2048, 2048, 2048, 2048, 2048, 2048, 2048, 2048, 2048, 2048]","[2048, 2048, 2048, 2048, 2048, 2048, 2048, 2048, 2048, 2049]",247.0
1289,11326,10,35,2026-07-05T14:58:59.293000+00:00,30.377,38.863,26.318,,250.0,False,95.558,"[None, 2048, 2048, 2048, 2048, 2048, 2048]","[2048, 2048, 2048, 2048, 2048, 2048, 2048, 2048, 2048, 2048]","[2048, 2048, 2048, 2048, 2048, 2048, 2048, 2048, 2048, 2048]",308.0
1289,11326,27,35,2026-07-05T14:59:00.940000+00:00,55.529,38.26,25.763,286.0,257.0,True,119.552,"[2064, 2064, 2048, 2049, 2051, 2048, 2048]","[2048, 2048, 2049, 2048, 2048, 2048, 2049, 2049, 2048, 2048]","[2048, 2048, 2048, 2048, 2048, 2049, 2049, 2051, 2049, 2049]",296.0
1289,11326,12,36,2026-07-05T14:59:02.251000+00:00,50.934,37.576,25.3,297.0,259.0,True,113.81,"[2064, 2064, 2048, 2048, 2048, 2048, 2048]","[2048, 2048, 2049, 2049, 2048, 2048, 2048, 2048, 2048, 2049]","[2048, 2048, 2048, 2048, 2051, 2048, 2049, 2051, 2051, 2049]",298.0
1289,11326,81,35,2026-07-05T14:59:10.819000+00:00,30.297,39.011,26.621,285.0,254.0,False,95.929,"[None, 2048, 2048, 2048, 2048, 2048, 2048]","[2048, 2048, 2048, 2048, 2048, 2048, 2048, 2048, 2049, 2048]","[2048, 2048, 2048, 2048, 2048, 2048, 2048, 2048, 2048, 2048]",295.0
1289,11326,55,35,2026-07-05T14:59:11.866000+00:00,30.185,39.248,26.342,298.0,258.0,False,95.775,"[None, 2048, 2048, 2048, 2048, 2048, 2048]","[2048, 2048, 2048, 2048, 2048, 2048, 2048, 2048, 2048, 2048]","[2048, 2048, 2048, 2048, 2048, 2049, 2048, 2048, 2048, 2048]",310.0
1289,11326,16,36,2026-07-05T14:59:15.565000+00:00,29.919,37.905,25.624,309.0,259.0,False,93.448,"[None, 2048, 2048, 2048, 2048, 2048, 2048]","[2048, 2048, 2048, 2048, 2048, 2048, 2048, 2048, 2048, 2048]","[2048, 2048, 2048, 2049, 2048, 2048, 2048, 2048, 2048, 2048]",307.0
1289,11326,87,35,2026-07-05T14:59:27.125000+00:00,30.459,38.784,26.109,288.0,257.0,False,95.352,"[None, 2048, 2048, 2048, 2048, 2048, 2048]","[2048, 2048, 2048, 2048, 2048, 2048, 2048, 2048, 2048, 2048]","[2048, 2048, 2048, 2048, 2048, 2048, 2048, 2048, 2048, 2048]",303.0
1289,11326,31,35,2026-07-05T14:59:27.893000+00:00,30.46,38.991,26.004,295.0,258.0,False,95.455,"[None, 2048, 2049, 2048, 2048, 2048, 2048]","[2048, 2048, 2048, 2048, 2048, 2048, 2049, 2049, 2048, 2048]","[2048, 2048, 2048, 2048, 2049, 2049, 2048, 2048, 2048, 2048]",312.0
1289,11326,3,36,2026-07-05T14:59:32.869000+00:00,30.024,38.193,25.734,300.0,257.0,False,93.951,"[None, 2048, 2048, 2048, 2048, 2048, 2048]","[2048, 2048, 2048, 2048, 2048, 2048, 2048, 2048, 2048, 2048]","[2048, 2048, 2048, 2048, 2048, 2048, 2048, 2048, 2048, 2048]",304.0
1289,11326,44,36,2026-07-05T14:59:33.557000+00:00,29.841,38.473,25.679,317.0,257.0,False,93.993,"[None, 2048, 2048, 2048, 2048, 2048, 2048]","[2048, 2048, 2048, 2048, 2048, 2048, 2048, 2048, 2048, 2048]","[2048, 2048, 2048, 2048, 2048, 2048, 2048, 2048, 2048, 2048]",321.0
1289,11326,11,35,2026-07-05T14:59:34.703000+00:00,30.5,39.441,26.556,292.0,253.0,False,96.497,"[None, 2048, 2048, 2048, 2048, 2048, 2048]","[2049, 2049, 2048, 2048, 2048, 2048, 2048, 2048, 2048, 2048]","[2048, 2048, 2048, 2048, 2048, 2048, 2048, 2048, 2048, 2048]",307.0
1289,11326,1,36,2026-07-05T14:59:44.750000+00:00,29.912,37.887,25.715,,259.0,False,93.514,"[None, 2048, 2048, 2048, 2048, 2048, 2048]","[2048, 2048, 2048, 2048, 2048, 2048, 2048, 2048, 2048, 2048]","[2048, 2048, 2048, 2048, 2048, 2048, 2048, 2048, 2048, 2048]",298.0
1289,11326,6,36,2026-07-05T14:59:52.139000+00:00,30.062,38.924,25.975,311.0,259.0,False,94.961,"[None, 2048, 2048, 2048, 2048, 2051, 2048]","[2048, 2048, 2048, 2048, 2048, 2048, 2048, 2048, 2048, 2048]","[2048, 2048, 2048, 2048, 2048, 2048, 2048, 2048, 2048, 2048]",306.0
1289,11326,63,36,2026-07-05T14:59:52.548000+00:00,29.639,37.384,25.466,302.0,262.0,False,92.489,"[2048, 2048, 2048, 2048, 2048, 2048, 2048]","[2048, 2048, 2048, 2049, 2048, 2049, 2049, 2049, 2048, 2048]","[2048, 2048, 2048, 2048, 2049, 2048, 2048, 2048, 2049]",305.0
1289,11326,23,34,2026-07-05T14:59:56.825000+00:00,30.183,38.947,26.407,294.0,254.0,False,95.537,"[None, 2048, 2048, 2048, 2048, 2048, 2048]","[2048, 2048, 2048, 2048, 2048, 2048, 2049, 2048, 2048, 2048]","[2048, 2048, 2048, 2048, 2048, 2048, 2048, 2048, 2048, 2048]",299.0
1289,11326,77,35,2026-07-05T15:00:01.810000+00:00,30.527,39.157,26.447,,255.0,False,96.131,"[None, 2048, 2048, 2048, 2048, 2048, 2048]","[2048, 2048, 2048, 2048, 2048, 2049, 2049, 2048, 2049, 2048]","[2048, 2048, 2048, 2049, 2049, 2048, 2048, 2048, 2048, 2048]",302.0
1289,11326,30,36,2026-07-05T15:00:12.443000+00:00,29.914,38.557,25.767,,260.0,False,94.238,"[None, 2048, 2048, 2048, 2048, 2048, 2048]","[2048, 2048, 2048, 2048, 2048, 2048, 2048, 2048, 2048, 2048]","[2048, 2048, 2048, 2048, 2048, 2048, 2049, 2048, 2048, 2048]",301.0
1289,11326,41,36,2026-07-05T15:00:14.013000+00:00,29.914,38.813,25.653,297.0,260.0,False,94.38,"[None, 2048, 2048, 2048, 2048, 2049, 2048]","[2048, 2048, 2048, 2048, 2048, 2048, 2048, 2048, 2048, 2048]","[2048, 2048, 2048, 2048, 2048, 2048, 2048, 2048, 2048, 2048]",306.0
1289,11326,5,36,2026-07-05T15:00:16.855000+00:00,30.041,38.59,25.957,292.0,258.0,False,94.588,"[None, 2048, 2048, 2048, 2048, 2048, 2048]","[2048, 2048, 2048, 2048, 2048, 2048, 2048, 2048, 2048, 2048]","[2048, 2048, 2048, 2048, 2048, 2048, 2048, 2048, 2048, 2049]",300.0
1289,11326,14,35,2026-07-05T15:00:28.591000+00:00,31.353,40.844,26.563,275.0,252.0,False,98.76,"[None, 2048, 2048, 2048, 2048, 2048, 2048]","[2048, 2048, 2048, 2048, 2048, 2048, 2048, 2048, 2048, 2048]","[2048, 2048, 2048, 2048, 2048, 2048, 2048, 2048, 2048, 2048]",303.0
1289,11326,43,36,2026-07-05T15:00:31.403000+00:00,29.984,38.842,26.311,307.0,251.0,False,95.137,"[None, 2048, 2049, 2048, 2048, 2048, 2048]","[2048, 2048, 2048, 2048, 2048, 2048, 2049, 2049, 2048, 2048]","[2048, 2048, 2048, 2048, 2048, 2048, 2048, 2048, 2048, 2048]",296.0
1289,11326,10,36,2026-07-05T15:00:34.852000+00:00,30.191,38.489,26.257,294.0,254.0,False,94.937,"[None, 2048, 2048, 2048, 2048, 2048, 2048]","[2048, 2048, 2048, 2048, 2048, 2048, 2049, 2049, 2048, 2048]","[2048, 2048, 2048, 2048, 2048, 2048, 2048, 2048, 2048, 2048]",300.0
1289,11326,18,35,2026-07-05T15:00:35.673000+00:00,30.909,39.84,26.523,,253.0,False,97.272,"[None, 2048, 2048, 2048, 2048, 2049, 2048]","[2048, 2048, 2048, 2048, 2048, 2049, 2049, 2049, 2048, 2048]","[2048, 2048, 2048, 2048, 2049, 2048, 2048, 2048, 2049, 2049]",302.0
1289,11326,81,36,2026-07-05T15:00:46.808000+00:00,30.259,38.522,25.765,290.0,255.0,False,94.546,"[None, 2048, 2048, 2048, 2048, 2048, 2048]","[2048, 2048, 2048, 2048, 2048, 2048, 2049, 2048, 2048, 2048]","[2048, 2048, 2048, 2048, 2048, 2064, 2064, 2064, 2064, 2064]",297.0
1289,11326,55,36,2026-07-05T15:00:47.581000+00:00,30.158,40.293,26.246,301.0,257.0,False,96.697,"[None, 2048, 2048, 2048, 2048, 2048, 2048]","[2048, 2048, 2048, 2048, 2048, 2048, 2048, 2048, 2048, 2048]","[2048, 2048, 2048, 2049, 2048, 2048, 2048, 2048, 2048, 2048]",313.0
1289,11326,16,37,2026-07-05T15:00:48.932000+00:00,29.784,38.02,25.645,315.0,257.0,False,93.449,"[None, 2048, 2048, 2048, 2048, 2048, 2049]","[2049, 2048, 2048, 2048, 2049, 2048, 2048, 2048, 2048, 2048]","[2048, 2048, 2048, 2048, 2048, 2048, 2048, 2048, 2048, 2048]",305.0
1289,11326,12,37,2026-07-05T15:00:56.038000+00:00,29.501,37.119,25.157,298.0,261.0,False,91.777,"[2048, 2048, 2049, 2049, 2048, 2049, 2048]","[2048, 2051, 2051, 2049, 2048, 2049, 2049, 2048, 2048, 2048]","[2048, 2048, 2048, 2048, 2051, 2048, 2051, 2048, 2048, 2049]",301.0
1289,11326,27,36,2026-07-05T15:01:00.465000+00:00,29.75,38.09,25.593,290.0,261.0,False,93.433,"[2048, 2048, 2049, 2049, 2048, 2049, 2048]","[2048, 2049, 2049, 2048, 2048, 2048, 2048, 2048, 2048, 2049]","[2048, 2048, 2048, 2048, 2049, 2049, 2048, 2048, 2048, 2049]",300.0
1289,11326,87,36,2026-07-05T15:01:02.488000+00:00,30.282,38.567,26.155,287.0,256.0,False,95.004,"[None, 2048, 2048, 2048, 2048, 2048, 2048]","[2048, 2048, 2048, 2048, 2048, 2049, 2049, 2049, 2048, 2048]","[2048, 2048, 2048, 2048, 2048, 2048, 2049, 2048, 2048, 2048]",295.0
1289,11326,31,36,2026-07-05T15:01:03.332000+00:00,30.237,38.837,26.068,296.0,258.0,False,95.142,"[None, 2049, 2049, 2048, 2048, 2048, 2048]","[2048, 2048, 2048, 2048, 2048, 2048, 2049, 2049, 2048, 2048]","[2048, 2048, 2048, 2048, 2048, 2048, 2048, 2048, 2048, 2048]",314.0
1289,11326,3,37,2026-07-05T15:01:06.812000+00:00,29.89,37.978,26.404,304.0,257.0,False,94.272,"[None, 2048, 2048, 2048, 2048, 2049, 2048]","[2048, 2048, 2048, 2048, 2048, 2048, 2049, 2049, 2048, 2048]","[2048, 2048, 2048, 2048, 2048, 2048, 2048, 2048, 2048, 2048]",305.0
1289,11326,44,37,2026-07-05T15:01:07.659000+00:00,29.59,38.11,26.038,321.0,258.0,False,93.738,"[None, 2048, 2048, 2048, 2048, 2048, 2048]","[2048, 2048, 2048, 2048, 2048, 2048, 2049, 2049, 2048, 2048]","[2048, 2048, 2048, 2048, 2048, 2048, 2048, 2048, 2048, 2048]",333.0
1289,11326,11,36,2026-07-05T15:01:11.070000+00:00,30.52,39.389,26.548,288.0,257.0,False,96.457,"[None, 2048, 2048, 2048, 2048, 2048, 2048]","[2048, 2048, 2048, 2048, 2048, 2048, 2049, 2048, 2048, 2048]","[2048, 2048, 2048, 2048, 2048, 2048, 2048, 2048, 2048, 2048]",303.0
1289,11326,1,37,2026-07-05T15:01:18.343000+00:00,29.821,38.265,25.827,295.0,259.0,False,93.913,"[None, 2048, 2049, 2049, 2048, 2048, 2048]","[2048, 2048, 2048, 2048, 2048, 2048, 2049, 2049, 2048, 2048]","[2048, 2048, 2048, 2048, 2048, 2049, 2048, 2048, 2048, 2048]",298.0
1289,11326,63,37,2026-07-05T15:01:24.998000+00:00,29.695,37.379,25.424,295.0,261.0,False,92.498,"[2049, 2048, 2048, 2048, 2049, 2048, 2048]","[2048, 2049, 2048, 2048, 2048, 2048, 2048, 2048, 2049, 2048]","[2048, 2048, 2048, 2048, 2048, 2048, 2048, 2048, 2048, 2048]",302.0
1289,11326,6,37,2026-07-05T15:01:27.234000+00:00,30.012,38.39,25.922,302.0,260.0,False,94.324,"[None, 2048, 2048, 2048, 2048, 2048, 2048]","[2048, 2048, 2048, 2048, 2048, 2048, 2049, 2048, 2048, 2048]","[2048, 2048, 2048, 2048, 2049, 2048, 2048, 2048, 2048, 2048]",303.0
1289,11326,23,35,2026-07-05T15:01:32.298000+00:00,30.176,38.945,25.852,293.0,254.0,False,94.973,"[None, 2048, 2049, 2048, 2048, 2048, 2048]","[2048, 2048, 2048, 2048, 2048, 2048, 2048, 2049, 2048, 2048]","[2048, 2048, 2048, 2048, 2048, 2064, 2064, 2064, 2064, 2064]",299.0
1289,11326,77,36,2026-07-05T15:01:37.871000+00:00,30.53,39.048,26.603,,256.0,False,96.181,"[None, 2048, 2048, 2048, 2048, 2048, 2048]","[2048, 2048, 2048, 2049, 2048, 2048, 2048, 2049, 2048, 2048]","[2048, 2048, 2048, 2049, 2048, 2048, 2048, 2048, 2048, 2048]",301.0
1289,11326,30,37,2026-07-05T15:01:46.824000+00:00,29.769,38.479,25.695,293.0,260.0,False,93.943,"[None, 2048, 2048, 2048, 2048, 2048, 2048]","[2048, 2048, 2048, 2048, 2048, 2048, 2048, 2048, 2048, 2048]","[2048, 2048, 2048, 2048, 2049, 2049, 2048, 2048, 2048, 2048]",300.0
1289,11326,41,37,2026-07-05T15:01:48.009000+00:00,29.805,38.626,25.816,,261.0,False,94.247,"[None, 2049, 2049, 2048, 2048, 2048, 2048]","[2048, 2048, 2048, 2049, 2048, 2048, 2048, 2048, 2048, 2048]","[2048, 2048, 2048, 2048, 2048, 2048, 2048, 2048, 2048, 2048]",306.0
1289,11326,5,37,2026-07-05T15:01:51.413000+00:00,29.938,38.596,25.973,293.0,259.0,False,94.507,"[None, 2048, 2048, 2048, 2048, 2048, 2048]","[2048, 2048, 2048, 2048, 2048, 2048, 2048, 2048, 2048, 2048]","[2048, 2048, 2048, 2048, 2049, 2049, 2048, 2048, 2048, 2048]",299.0
1289,11326,43,37,2026-07-05T15:02:06.448000+00:00,30.013,38.559,26.187,302.0,254.0,False,94.759,"[None, 2048, 2048, 2048, 2048, 2048, 2048]","[2048, 2048, 2048, 2048, 2048, 2048, 2049, 2048, 2048, 2048]","[2048, 2048, 2048, 2048, 2049, 2048, 2048, 2048, 2048, 2048]",298.0
1289,11326,14,36,2026-07-05T15:02:07.401000+00:00,31.118,41.419,26.627,287.0,252.0,False,99.164,"[None, 2048, 2048, 2048, 2048, 2048, 2048]","[2048, 2048, 2048, 2048, 2048, 2048, 2048, 2048, 2048, 2048]","[2048, 2048, 2048, 2048, 2048, 2048, 2048, 2048, 2048, 2048]",304.0
1289,11326,10,37,2026-07-05T15:02:09.779000+00:00,30.021,38.569,26.271,301.0,254.0,False,94.861,"[None, 2049, 2048, 2048, 2048, 2048, 2048]","[2048, 2048, 2048, 2048, 2048, 2048, 2048, 2048, 2049, 2048]","[2048, 2048, 2048, 2048, 2049, 2048, 2048, 2048, 2048, 2048]",298.0
1289,11326,18,36,2026-07-05T15:02:12.830000+00:00,31.002,40.019,26.775,281.0,253.0,False,97.796,"[None, 2048, 2049, 2048, 2048, 2048, 2048]","[2048, 2048, 2048, 2048, 2048, 2048, 2048, 2048, 2048, 2048]","[2048, 2048, 2048, 2048, 2049, 2049, 2048, 2048, 2048, 2048]",293.0
1289,11326,81,37,2026-07-05T15:02:21.325000+00:00,51.19,38.591,31.624,305.0,257.0,True,121.405,"[2064, 2064, 2048, 2048, 2048, 2048, 2048]","[2048, 2048, 2048, 2049, 2048, 2048, 2048, 2048, 2048, 2048]","[2048, 2048, 2048, 2048, 2048, 2048, 2048, 2048, 2048, 2048]",304.0
1289,11326,16,38,2026-07-05T15:02:22.509000+00:00,29.805,37.812,25.692,308.0,257.0,False,93.309,"[None, 2048, 2048, 2048, 2048, 2048, 2048]","[2048, 2048, 2048, 2048, 2048, 2048, 2048, 2048, 2048, 2048]","[2048, 2048, 2048, 2048, 2048, 2048, 2048, 2048, 2048, 2048]",301.0
1289,11326,55,37,2026-07-05T15:02:24.490000+00:00,30.222,39.128,27.551,294.0,258.0,False,96.901,"[None, 2048, 2048, 2048, 2048, 2048, 2048]","[2048, 2048, 2048, 2048, 2048, 2048, 2048, 2048, 2048, 2048]","[2048, 2048, 2048, 2048, 2048, 2048, 2048, 2048, 2048, 2048]",272.0
1289,11326,12,38,2026-07-05T15:02:27.952000+00:00,29.408,37.221,25.52,302.0,260.0,False,92.149,"[2049, 2048, 2049, 2048, 2048, 2048, 2048]","[2048, 2048, 2048, 2049, 2049, 2049, 2049, 2049, 2048, 2048]","[2048, 2048, 2048, 2048, 2048, 2048, 2048, 2048, 2048, 2048]",308.0
1289,11326,27,37,2026-07-05T15:02:33.999000+00:00,29.773,,,,,False,,"[None, 2048, 2049, 2048, 2048, 2048, 2048]",[2048],,
1289,11326,87,37,2026-07-05T15:02:37.427000+00:00,30.398,38.725,30.763,,257.0,False,99.886,"[None, 2048, 2048, 2048, 2048, 2048, 2048]","[2048, 2049, 2048, 2048, 2048, 2048, 2048, 2048, 2048, 2048]","[2048, 2048, 2048, 2048, 2049, 2048, 2048, 2048, 2048, 2048]",297.0
1289,11326,31,37,2026-07-05T15:02:38.529000+00:00,30.36,38.963,31.387,293.0,251.0,False,100.71,"[None, 2049, 2048, 2048, 2048, 2048, 2048]","[2048, 2048, 2048, 2048, 2048, 2048, 2048, 2049, 2048, 2048]","[2048, 2048, 2048, 2048, 2048, 2048, 2048, 2048, 2048, 2048]",295.0
1289,11326,3,38,2026-07-05T15:02:41.214000+00:00,30.204,38.973,25.539,301.0,259.0,False,94.716,"[None, 2049, 2049, 2048, 2048, 2048, 2048]","[2049, 2048, 2048, 2048, 2048, 2048, 2048, 2048, 2048, 2048]","[2048, 2048, 2048, 2048, 2048, 2064, 2064, 2064, 2064, 2064]",311.0
1289,11326,44,38,2026-07-05T15:02:41.329000+00:00,29.884,38.13,31.28,319.0,261.0,False,99.294,"[None, 2048, 2048, 2048, 2048, 2048, 2048]","[2048, 2048, 2048, 2048, 2048, 2048, 2048, 2048, 2048, 2048]","[2048, 2048, 2048, 2048, 2048, 2048, 2048, 2048, 2048, 2048]",316.0
1289,11326,11,37,2026-07-05T15:02:47.561000+00:00,30.553,39.488,33.449,,258.0,False,103.49,"[None, 2048, 2048, 2048, 2048, 2048, 2048]","[2048, 2049, 2048, 2048, 2048, 2048, 2048, 2048, 2048, 2048]","[2048, 2048, 2048, 2048, 2048, 2048, 2048, 2048, 2048, 2048]",292.0
1289,11326,1,38,2026-07-05T15:02:52.394000+00:00,29.864,38.986,30.5,,259.0,False,99.35,"[None, 2048, 2048, 2048, 2048, 2048, 2048]","[2048, 2048, 2048, 2051, 2048, 2048, 2048, 2048, 2048, 2048]","[2048, 2048, 2048, 2048, 2048, 2064, 2064, 2064, 2064, 2064]",133.0
1289,11326,63,38,2026-07-05T15:02:57.566000+00:00,29.621,39.256,35.287,297.0,127.0,False,104.164,"[None, 2049, 2049, 2048, 2048, 2048, 2048]","[2048, 2048, 2048, 2048, 2048, 2048, 2048, 2049, 2048, 2048]","[2048, 2048, 2048, 2048, 2048, 2048, 2048, 2048, 2048, 2048]",268.0
1289,11326,6,38,2026-07-05T15:03:01.567000+00:00,29.847,42.369,30.238,304.0,185.0,False,102.454,"[None, 2048, 2048, 2048, 2048, 2048, 2048]","[2048, 2049, 2048, 2048, 2048, 2048, 2048, 2048, 2048, 2048]","[2048, 2048, 2048, 2048, 2048, 2064, 2064, 2064, 2064, 2064]",252.0
1289,11326,23,36,2026-07-05T15:03:07.360000+00:00,54.512,56.136,30.589,302.0,209.0,True,141.237,"[2064, 2064, 2048, 2048, 2048, 2049, 2048]","[2048, 2048, 2048, 2048, 2048, 2048, 2048, 2048, 2048, 2048]","[2048, 2048, 2048, 2048, 2048, 2048, 2048, 2048, 2048, 2048]",235.0
1289,11326,77,37,2026-07-05T15:03:14.161000+00:00,30.651,47.643,33.225,286.0,233.0,False,111.519,"[None, 2048, 2048, 2048, 2048, 2048, 2048]","[2048, 2048, 2048, 2048, 2048, 2048, 2048, 2048, 2048, 2048]","[2048, 2048, 2048, 2048, 2048, 2048, 2048, 2048, 2048, 2048]",212.0
1289,11326,30,38,2026-07-05T15:03:20.714000+00:00,29.834,52.422,29.634,,221.0,False,111.89,"[None, 2049, 2048, 2048, 2048, 2048, 2048]","[2048, 2048, 2048, 2048, 2048, 2048, 2048, 2048, 2048, 2048]","[2048, 2048, 2048, 2048, 2048, 2048, 2048, 2048, 2048, 2048]",253.0
1289,11326,41,38,2026-07-05T15:03:22.183000+00:00,29.859,52.78,30.888,299.0,233.0,False,113.527,"[None, 2049, 2049, 2048, 2048, 2048, 2048]","[2048, 2048, 2048, 2048, 2048, 2048, 2048, 2048, 2048, 2048]","[2048, 2048, 2048, 2048, 2048, 2048, 2048, 2048, 2048, 2048]",253.0
1289,11326,5,38,2026-07-05T15:03:26.059000+00:00,30.062,52.073,31.875,291.0,239.0,False,114.01,"[None, 2048, 2049, 2048, 2048, 2048, 2048]","[2048, 2048, 2048, 2048, 2048, 2048, 2048, 2048, 2048, 2048]","[2048, 2048, 2048, 2048, 2048, 2048, 2048, 2048, 2048, 2048]",274.0
1289,11326,43,38,2026-07-05T15:03:41.221000+00:00,36.498,49.303,31.548,231.0,202.0,False,117.349,"[None, 2048, 2048, 2048, 2048, 2048, 2048]","[2048, 2048, 2048, 2048, 2048, 2048, 2048, 2048, 2048, 2048]","[2048, 2048, 2048, 2048, 2048, 2048, 2048, 2048, 2048, 2048]",196.0
1289,11326,10,38,2026-07-05T15:03:44.650000+00:00,35.476,50.755,31.656,196.0,173.0,False,117.887,"[None, 2048, 2049, 2048, 2048, 2048, 2048]","[2048, 2048, 2048, 2048, 2048, 2048, 2048, 2048, 2048, 2048]","[2048, 2048, 2048, 2048, 2048, 2048, 2048, 2048, 2048, 2048]",233.0
1289,11326,14,37,2026-07-05T15:03:46.534000+00:00,38.117,52.291,28.597,232.0,231.0,False,119.005,"[None, 2048, 2048, 2048, 2048, 2048, 2048]","[2048, 2048, 2048, 2048, 2048, 2048, 2048, 2048, 2048, 2048]","[2048, 2048, 2048, 2048, 2048, 2048, 2048, 2048, 2048, 2048]",273.0
1289,11326,18,37,2026-07-05T15:03:50.657000+00:00,38.929,53.86,26.777,187.0,247.0,False,119.566,"[None, 2048, 2048, 2048, 2048, 2048, 2048]","[2048, 2048, 2048, 2048, 2048, 2048, 2048, 2048, 2048, 2048]","[2048, 2048, 2048, 2048, 2049, 2049, 2048, 2048, 2048, 2049]",290.0
1289,11326,16,39,2026-07-05T15:03:55.861000+00:00,38.158,53.025,25.55,206.0,247.0,False,116.733,"[None, 2048, 2048, 2048, 2048, 2048, 2048]","[2048, 2048, 2048, 2048, 2048, 2048, 2048, 2048, 2048, 2048]","[2048, 2048, 2048, 2048, 2049, 2051, 2048, 2048, 2048, 2048]",309.0
1289,11326,12,39,2026-07-05T15:03:59.877000+00:00,39.557,51.067,26.747,220.0,181.0,False,117.371,"[2048, 2048, 2048, 2048, 2048, 2048, 2048]","[2048, 2048, 2048, 2048, 2048, 2048, 2048, 2048, 2048, 2048]","[2048, 2048, 2048, 2048, 2048, 2049, 2048, 2048, 2048, 2048]",280.0
1289,11326,55,38,2026-07-05T15:04:01.185000+00:00,41.473,51.487,26.433,228.0,260.0,False,119.393,"[None, 2048, 2048, 2048, 2048, 2048, 2048]","[2048, 2048, 2048, 2048, 2048, 2048, 2048, 2048, 2048, 2048]","[2049, 2048, 2048, 2048, 2048, 2048, 2048, 2048, 2048, 2048]",314.0
1289,11326,3,39,2026-07-05T15:04:15.875000+00:00,60.24,41.794,24.964,191.0,266.0,True,126.998,"[2064, 2064, 2048, 2048, 2048, 2048, 2048]","[2048, 2048, 2048, 2048, 2048, 2048, 2048, 2048, 2048, 2049]","[2049, 2048, 2048, 2048, 2049, 2048, 2048, 2049, 2051, 2051]",311.0
1289,11326,87,38,2026-07-05T15:04:17.329000+00:00,42.055,45.093,25.861,218.0,260.0,False,113.009,"[None, 2048, 2048, 2048, 2048, 2048, 2048]","[2048, 2048, 2048, 2048, 2048, 2048, 2048, 2048, 2048, 2048]","[2048, 2048, 2048, 2048, 2049, 2048, 2048, 2048, 2048, 2048]",319.0
1289,11326,31,38,2026-07-05T15:04:19.223000+00:00,41.113,45.576,27.071,207.0,259.0,False,113.76,"[None, 2048, 2048, 2048, 2048, 2048, 2048]","[2048, 2048, 2048, 2048, 2048, 2048, 2048, 2048, 2048, 2048]","[2049, 2048, 2048, 2048, 2048, 2048, 2048, 2048, 2048, 2048]",322.0
1289,11326,44,39,2026-07-05T15:04:20.589000+00:00,40.239,46.045,25.31,215.0,260.0,False,111.594,"[None, 2048, 2048, 2048, 2048, 2048, 2048]","[2048, 2048, 2048, 2048, 2048, 2048, 2048, 2051, 2048, 2048]","[2048, 2048, 2048, 2048, 2048, 2048, 2048, 2048, 2048, 2048]",331.0
1289,11326,81,38,2026-07-05T15:04:22.757000+00:00,39.459,46.345,25.358,192.0,264.0,False,111.162,"[2048, 2048, 2048, 2048, 2048, 2048, 2048]","[2048, 2048, 2048, 2048, 2048, 2048, 2048, 2049, 2049, 2048]","[2049, 2048, 2048, 2048, 2049, 2048, 2049, 2048, 2048, 2049]",316.0
1289,11326,11,38,2026-07-05T15:04:31.011000+00:00,42.38,42.047,26.187,175.0,257.0,False,110.614,"[None, 2048, 2048, 2048, 2048, 2048, 2048]","[2048, 2048, 2048, 2048, 2049, 2048, 2049, 2049, 2048, 2048]","[2048, 2048, 2048, 2048, 2049, 2048, 2048, 2048, 2048, 2048]",310.0
1289,11326,1,39,2026-07-05T15:04:31.643000+00:00,58.54,38.687,25.675,226.0,258.0,True,122.902,"[2064, 2064, 2048, 2048, 2048, 2048, 2048]","[2048, 2048, 2048, 2048, 2048, 2048, 2048, 2048, 2048, 2048]","[2048, 2048, 2048, 2048, 2049, 2048, 2048, 2049, 2049, 2049]",293.0
1289,11326,63,39,2026-07-05T15:04:41.758000+00:00,41.009,38.856,25.631,168.0,263.0,False,105.496,"[2048, 2048, 2048, 2048, 2048, 2048, 2048]","[2048, 2048, 2048, 2049, 2048, 2048, 2048, 2048, 2048, 2048]","[2048, 2048, 2048, 2048, 2049, 2048, 2048, 2048, 2048, 2049]",293.0
1289,11326,6,39,2026-07-05T15:04:43.849000+00:00,60.708,37.435,25.052,305.0,263.0,True,123.195,"[2064, 2064, 2048, 2048, 2048, 2048, 2048]","[2048, 2049, 2049, 2051, 2048, 2049, 2049, 2049, 2049, 2049]","[2048, 2048, 2048, 2048, 2049, 2048, 2049, 2051, 2051, 2049]",303.0
1289,11326,77,38,2026-07-05T15:05:05.579000+00:00,36.736,41.882,27.653,,254.0,False,106.271,"[None, 2048, 2048, 2048, 2048, 2048, 2048]","[2048, 2048, 2048, 2048, 2048, 2048, 2048, 2048, 2048, 2048]","[2048, 2048, 2048, 2048, 2048, 2048, 2048, 2048, 2048, 2048]",306.0
1289,11326,30,39,2026-07-05T15:05:12.557000+00:00,34.328,38.389,25.597,304.0,263.0,False,98.314,"[None, 2048, 2048, 2048, 2048, 2048, 2048]","[2048, 2048, 2048, 2049, 2048, 2048, 2049, 2049, 2048, 2048]","[2049, 2048, 2048, 2048, 2048, 2048, 2048, 2048, 2048, 2048]",308.0
1289,11326,41,39,2026-07-05T15:05:15.707000+00:00,33.307,38.294,25.614,298.0,264.0,False,97.215,"[None, 2048, 2048, 2048, 2048, 2048, 2048]","[2048, 2048, 2048, 2049, 2048, 2048, 2049, 2049, 2048, 2048]","[2049, 2048, 2048, 2048, 2048, 2049, 2048, 2048, 2048, 2048]",309.0
1289,11326,5,39,2026-07-05T15:05:19.967000+00:00,33.467,38.436,25.927,293.0,259.0,False,97.83,"[None, 2048, 2048, 2048, 2048, 2048, 2048]","[2048, 2048, 2048, 2049, 2048, 2048, 2048, 2048, 2048, 2048]","[2048, 2048, 2048, 2048, 2048, 2048, 2048, 2048, 2048, 2048]",300.0
1289,11326,23,37,2026-07-05T15:05:28.585000+00:00,30.316,39.418,28.395,288.0,241.0,False,98.129,"[2048, 2048, 2048, 2049, 2049, 2048, 2048]","[2048, 2049, 2049, 2049, 2048, 2048, 2048, 2048, 2048, 2048]","[2048, 2048, 2048, 2048, 2048, 2048, 2048, 2049, 2049, 2049]",283.0
1289,11326,43,39,2026-07-05T15:05:38.558000+00:00,29.991,38.449,26.169,302.0,254.0,False,94.609,"[None, 2048, 2048, 2048, 2048, 2048, 2048]","[2048, 2048, 2048, 2048, 2048, 2048, 2048, 2048, 2048, 2048]","[2048, 2048, 2048, 2048, 2048, 2048, 2048, 2049, 2048, 2048]",295.0
1289,11326,10,39,2026-07-05T15:05:42.498000+00:00,30.15,38.255,26.117,295.0,255.0,False,94.522,"[None, 2048, 2048, 2049, 2048, 2048, 2048]","[2048, 2048, 2048, 2049, 2048, 2048, 2048, 2048, 2048, 2048]","[2048, 2048, 2048, 2048, 2048, 2048, 2048, 2049, 2048, 2049]",297.0
1289,11326,14,38,2026-07-05T15:05:45.560000+00:00,31.05,39.709,26.571,289.0,252.0,False,97.33,"[None, 2048, 2048, 2048, 2048, 2048, 2048]","[2048, 2048, 2048, 2048, 2048, 2048, 2048, 2048, 2048, 2048]","[2048, 2048, 2048, 2048, 2048, 2048, 2048, 2048, 2048, 2048]",294.0
1289,11326,18,38,2026-07-05T15:05:50.207000+00:00,30.433,40.247,26.606,290.0,248.0,False,97.286,"[2049, 2049, 2048, 2048, 2048, 2048, 2048]","[2048, 2049, 2048, 2049, 2048, 2048, 2048, 2048, 2048, 2048]","[2048, 2048, 2048, 2048, 2048, 2048, 2048, 2048, 2048, 2048]",301.0
1289,11326,16,40,2026-07-05T15:05:52.469000+00:00,29.466,37.972,25.663,310.0,258.0,False,93.101,"[None, 2048, 2048, 2048, 2048, 2048, 2048]","[2048, 2048, 2048, 2048, 2048, 2048, 2048, 2048, 2048, 2048]","[2048, 2048, 2048, 2048, 2048, 2048, 2048, 2048, 2048, 2048]",301.0
1289,11326,12,40,2026-07-05T15:05:57.241000+00:00,29.538,37.17,25.196,298.0,260.0,False,91.904,"[None, 2048, 2048, 2048, 2049, 2048, 2048]","[2048, 2048, 2048, 2048, 2048, 2048, 2048, 2048, 2049, 2049]","[2048, 2048, 2048, 2048, 2048, 2048, 2048, 2048, 2048, 2049]",301.0
1289,11326,55,39,2026-07-05T15:06:00.572000+00:00,30.04,38.878,26.342,296.0,258.0,False,95.26,"[None, 2048, 2048, 2048, 2048, 2048, 2048]","[2048, 2049, 2048, 2048, 2048, 2048, 2048, 2048, 2048, 2048]","[2048, 2048, 2048, 2048, 2048, 2048, 2048, 2048, 2048, 2048]",301.0
1289,11326,87,39,2026-07-05T15:06:10.388000+00:00,30.137,40.253,26.041,288.0,259.0,False,96.431,"[None, 2048, 2048, 2048, 2048, 2048, 2048]","[2048, 2049, 2048, 2048, 2048, 2048, 2048, 2048, 2048, 2048]","[2048, 2048, 2048, 2048, 2048, 2048, 2048, 2048, 2048, 2048]",323.0
1289,11326,44,40,2026-07-05T15:06:12.199000+00:00,29.533,38.363,25.846,313.0,259.0,False,93.742,"[None, 2048, 2048, 2048, 2048, 2048, 2048]","[2048, 2049, 2048, 2048, 2048, 2048, 2048, 2048, 2048, 2048]","[2048, 2048, 2048, 2048, 2048, 2048, 2048, 2048, 2048, 2048]",299.0
1289,11326,31,39,2026-07-05T15:06:13.049000+00:00,30.07,39.438,25.885,303.0,260.0,False,95.393,"[2049, 2049, 2048, 2048, 2048, 2049, 2048]","[2049, 2048, 2048, 2048, 2048, 2048, 2048, 2048, 2048, 2048]","[2049, 2049, 2048, 2048, 2048, 2048, 2048, 2048, 2048, 2048]",322.0
1289,11326,81,39,2026-07-05T15:06:14.007000+00:00,29.221,38.075,25.873,324.0,259.0,False,93.169,"[None, 2049, 2048, 2048, 2048, 2051, 2048]","[2048, 2048, 2049, 2048, 2048, 2048, 2048, 2048, 2048, 2048]","[2048, 2048, 2048, 2048, 2048, 2048, 2048, 2048, 2048, 2048]",314.0
1289,11326,11,39,2026-07-05T15:06:21.570000+00:00,30.987,39.421,26.39,296.0,256.0,False,96.798,"[None, 2048, 2049, 2048, 2048, 2049, 2048]","[2048, 2048, 2048, 2048, 2048, 2048, 2048, 2048, 2048, 2048]","[2048, 2048, 2048, 2048, 2048, 2048, 2048, 2048, 2048, 2048]",301.0
1289,11326,3,40,2026-07-05T15:06:22.851000+00:00,29.326,37.412,25.363,293.0,262.0,False,92.101,"[2049, 2049, 2048, 2049, 2051, 2048, 2048]","[2048, 2049, 2051, 2049, 2048, 2049, 2048, 2048, 2049, 2049]","[2048, 2048, 2048, 2048, 2048, 2048, 2048, 2048, 2048, 2048]",300.0
1289,11326,63,40,2026-07-05T15:06:27.146000+00:00,29.607,37.46,25.516,300.0,261.0,False,92.583,"[2049, 2049, 2048, 2048, 2048, 2048, 2048]","[2048, 2048, 2048, 2048, 2048, 2048, 2048, 2048, 2048, 2048]","[2048, 2048, 2048, 2048, 2048, 2049, 2048, 2048, 2048, 2048]",299.0
1289,11326,1,40,2026-07-05T15:06:34.606000+00:00,29.644,37.519,25.596,292.0,261.0,False,92.759,"[2048, 2048, 2049, 2048, 2049, 2048, 2048]","[2048, 2048, 2048, 2048, 2048, 2049, 2048, 2048, 2049, 2049]","[2048, 2048, 2048, 2048, 2049, 2048, 2048, 2048, 2048, 2048]",295.0
1289,11326,6,40,2026-07-05T15:06:47.189000+00:00,29.517,37.38,25.371,294.0,261.0,False,92.268,"[2048, 2048, 2048, 2049, 2049, 2048, 2048]","[2048, 2049, 2048, 2048, 2048, 2049, 2048, 2048, 2049, 2049]","[2048, 2048, 2048, 2048, 2049, 2048, 2048, 2048, 2048, 2048]",299.0
1289,11326,30,40,2026-07-05T15:06:50.863000+00:00,29.748,38.381,25.783,292.0,261.0,False,93.912,"[None, 2049, 2049, 2048, 2048, 2048, 2048]","[2048, 2048, 2048, 2048, 2048, 2048, 2048, 2048, 2048, 2049]","[2048, 2048, 2048, 2048, 2048, 2048, 2048, 2048, 2048, 2048]",298.0
1289,11326,77,39,2026-07-05T15:06:51.966000+00:00,31.684,39.546,26.421,302.0,259.0,False,97.651,"[None, 2048, 2048, 2048, 2048, 2048, 2048]","[2048, 2048, 2048, 2048, 2048, 2048, 2048, 2048, 2048, 2048]","[2049, 2049, 2048, 2048, 2048, 2049, 2048, 2048, 2048, 2048]",309.0
1289,11326,41,40,2026-07-05T15:06:53.002000+00:00,29.795,38.487,25.854,293.0,261.0,False,94.136,"[2051, 2048, 2048, 2048, 2048, 2048, 2048]","[2048, 2048, 2048, 2048, 2048, 2048, 2048, 2048, 2048, 2048]","[2048, 2048, 2048, 2048, 2048, 2048, 2048, 2048, 2048, 2048]",301.0
1289,11326,5,40,2026-07-05T15:06:57.804000+00:00,29.93,38.369,26.113,295.0,260.0,False,94.412,"[None, 2048, 2048, 2048, 2048, 2048, 2048]","[2048, 2048, 2048, 2048, 2048, 2048, 2048, 2048, 2048, 2048]","[2048, 2048, 2048, 2048, 2048, 2048, 2048, 2048, 2048, 2048]",297.0
1289,11326,23,38,2026-07-05T15:07:06.680000+00:00,29.924,38.317,25.928,287.0,258.0,False,94.169,"[None, 2048, 2049, 2048, 2048, 2048, 2048]","[2048, 2049, 2048, 2049, 2048, 2048, 2048, 2049, 2048, 2048]","[2048, 2048, 2048, 2048, 2049, 2049, 2049, 2048, 2048, 2049]",297.0
1289,11326,43,40,2026-07-05T15:07:13.160000+00:00,30.041,38.584,26.14,303.0,254.0,False,94.765,"[None, 2048, 2049, 2048, 2048, 2048, 2048]","[2048, 2048, 2048, 2048, 2048, 2049, 2048, 2049, 2048, 2048]","[2048, 2048, 2048, 2048, 2048, 2049, 2048, 2048, 2048, 2048]",296.0
1289,11326,10,40,2026-07-05T15:07:16.962000+00:00,29.906,38.476,26.073,300.0,255.0,False,94.455,"[None, 2049, 2049, 2048, 2048, 2048, 2048]","[2048, 2048, 2048, 2049, 2048, 2048, 2048, 2048, 2048, 2048]","[2048, 2048, 2048, 2048, 2049, 2049, 2048, 2048, 2049, 2049]",297.0
1289,11326,14,39,2026-07-05T15:07:22.900000+00:00,31.15,41.068,26.481,277.0,250.0,False,98.699,"[None, 2048, 2049, 2048, 2048, 2048, 2048]","[2048, 2048, 2048, 2048, 2048, 2048, 2048, 2048, 2048, 2048]","[2048, 2048, 2048, 2049, 2048, 2048, 2048, 2048, 2048, 2048]",314.0
1289,11326,16,41,2026-07-05T15:07:25.487000+00:00,29.746,37.879,25.268,311.0,261.0,False,92.893,"[None, 2048, 2048, 2048, 2048, 2048, 2048]","[2048, 2048, 2048, 2048, 2048, 2048, 2048, 2048, 2048, 2048]","[2048, 2048, 2048, 2048, 2048, 2048, 2048, 2048, 2048, 2048]",307.0
1289,11326,18,39,2026-07-05T15:07:27.456000+00:00,31.183,40.327,26.754,229.0,253.0,False,98.264,"[2048, 2048, 2048, 2048, 2048, 2048, 2048]","[2048, 2048, 2048, 2048, 2048, 2048, 2048, 2048, 2048, 2048]","[2048, 2048, 2048, 2048, 2049, 2049, 2048, 2048, 2048, 2048]",295.0
1289,11326,12,41,2026-07-05T15:07:29.252000+00:00,29.496,39.535,28.085,304.0,210.0,False,97.116,"[2049, 2048, 2048, 2048, 2048, 2048, 2048]","[2048, 2048, 2048, 2048, 2048, 2048, 2048, 2048, 2048, 2048]","[2048, 2048, 2048, 2048, 2048, 2064, 2064, 2064, 2064, 2064]",248.0
1289,11326,55,40,2026-07-05T15:07:35.996000+00:00,30.162,39.043,26.337,293.0,257.0,False,95.542,"[None, 2049, 2048, 2048, 2048, 2048, 2048]","[2048, 2048, 2048, 2048, 2048, 2048, 2048, 2048, 2048, 2048]","[2048, 2048, 2048, 2048, 2048, 2048, 2048, 2048, 2048, 2048]",299.0
1289,11326,44,41,2026-07-05T15:07:46.032000+00:00,30.021,38.018,25.382,306.0,259.0,False,93.421,"[None, 2048, 2049, 2048, 2048, 2048, 2048]","[2048, 2049, 2048, 2048, 2048, 2048, 2048, 2048, 2048, 2048]","[2048, 2048, 2048, 2048, 2049, 2048, 2048, 2048, 2048, 2048]",308.0
1289,11326,87,40,2026-07-05T15:07:46.799000+00:00,30.143,39.141,26.18,306.0,260.0,False,95.464,"[None, 2048, 2048, 2048, 2048, 2048, 2048]","[2048, 2048, 2048, 2048, 2048, 2048, 2048, 2048, 2048, 2048]","[2048, 2048, 2048, 2048, 2048, 2048, 2048, 2048, 2048, 2048]",307.0
1289,11326,81,40,2026-07-05T15:07:47.087000+00:00,29.857,38.004,25.674,322.0,257.0,False,93.535,"[None, 2048, 2048, 2048, 2048, 2048, 2049]","[2049, 2048, 2048, 2048, 2048, 2049, 2048, 2048, 2049, 2048]","[2048, 2048, 2048, 2048, 2048, 2049, 2049, 2048, 2048, 2048]",303.0
1289,11326,31,40,2026-07-05T15:07:48.446000+00:00,30.304,39.037,26.145,293.0,258.0,False,95.486,"[None, 2048, 2048, 2048, 2048, 2048, 2048]","[2048, 2048, 2048, 2048, 2048, 2048, 2048, 2048, 2049, 2048]","[2048, 2048, 2048, 2048, 2048, 2048, 2048, 2048, 2048, 2048]",307.0
1289,11326,3,41,2026-07-05T15:07:55.047000+00:00,29.884,37.761,25.29,299.0,263.0,False,92.935,"[2048, 2048, 2048, 2048, 2048, 2048, 2048]","[2048, 2048, 2048, 2048, 2048, 2049, 2048, 2048, 2048, 2049]","[2048, 2048, 2048, 2048, 2048, 2048, 2048, 2048, 2048]",303.0
1289,11326,11,40,2026-07-05T15:07:58.448000+00:00,30.979,39.934,26.383,222.0,259.0,False,97.296,"[None, 2048, 2048, 2048, 2048, 2048, 2048]","[2048, 2048, 2048, 2048, 2049, 2048, 2048, 2048, 2048, 2048]","[2048, 2048, 2048, 2048, 2048, 2048, 2048, 2048, 2048, 2048]",304.0
1289,11326,63,41,2026-07-05T15:07:59.889000+00:00,29.786,37.556,25.39,308.0,262.0,False,92.732,"[2048, 2048, 2048, 2048, 2048, 2048, 2048]","[2048, 2048, 2048, 2048, 2048, 2049, 2048, 2048, 2049, 2051]","[2048, 2048, 2048, 2048, 2048, 2049, 2048, 2048, 2048, 2048]",299.0
1289,11326,1,41,2026-07-05T15:08:07.348000+00:00,29.693,37.646,25.683,296.0,259.0,False,93.022,"[None, 2048, 2048, 2049, 2048, 2048, 2048]","[2048, 2048, 2048, 2048, 2048, 2049, 2049, 2048, 2048, 2048]","[2048, 2048, 2048, 2048, 2048, 2049, 2048, 2049, 2049, 2048]",296.0
1289,11326,6,41,2026-07-05T15:08:19.506000+00:00,29.653,37.631,25.413,298.0,261.0,False,92.697,"[None, 2048, 2048, 2048, 2048, 2048, 2048]","[2048, 2048, 2048, 2048, 2048, 2048, 2048, 2048, 2048, 2048]","[2048, 2048, 2048, 2048, 2049, 2048, 2048, 2048, 2048, 2048]",300.0
1289,11326,30,41,2026-07-05T15:08:24.866000+00:00,29.984,38.512,25.75,294.0,261.0,False,94.246,"[None, 2048, 2048, 2048, 2048, 2049, 2048]","[2048, 2048, 2048, 2048, 2048, 2048, 2048, 2048, 2048, 2048]","[2048, 2048, 2048, 2049, 2048, 2048, 2048, 2048, 2048, 2048]",300.0
1289,11326,41,41,2026-07-05T15:08:27.048000+00:00,30.105,38.45,25.814,295.0,263.0,False,94.369,"[2048, 2048, 2048, 2048, 2048, 2048, 2048]","[2048, 2048, 2048, 2048, 2048, 2048, 2048, 2048, 2048, 2048]","[2048, 2048, 2048, 2048, 2048, 2048, 2048, 2048, 2048, 2048]",303.0
1289,11326,77,40,2026-07-05T15:08:29.594000+00:00,31.078,39.651,27.721,285.0,254.0,False,98.45,"[None, 2048, 2048, 2048, 2048, 2048, 2048]","[2048, 2048, 2048, 2048, 2048, 2048, 2048, 2048, 2049, 2048]","[2048, 2048, 2048, 2048, 2048, 2049, 2048, 2048, 2048, 2048]",243.0
1289,11326,5,41,2026-07-05T15:08:32.249000+00:00,29.953,38.777,25.918,296.0,258.0,False,94.648,"[None, 2048, 2048, 2048, 2048, 2048, 2048]","[2048, 2048, 2048, 2048, 2048, 2048, 2048, 2048, 2048, 2048]","[2048, 2048, 2048, 2048, 2048, 2048, 2048, 2048, 2048, 2048]",304.0
1289,11326,23,39,2026-07-05T15:08:40.922000+00:00,29.798,38.585,26.179,291.0,255.0,False,94.562,"[2049, 2048, 2048, 2048, 2048, 2048, 2048]","[2049, 2048, 2048, 2048, 2048, 2048, 2048, 2048, 2048, 2048]","[2048, 2048, 2048, 2048, 2048, 2048, 2048, 2048, 2048, 2048]",296.0
1289,11326,43,41,2026-07-05T15:08:48.023000+00:00,29.866,38.544,26.308,304.0,254.0,False,94.718,"[None, 2048, 2048, 2048, 2048, 2048, 2048]","[2049, 2048, 2048, 2048, 2048, 2048, 2049, 2049, 2048, 2048]","[2048, 2048, 2048, 2048, 2048, 2048, 2048, 2048, 2048, 2048]",297.0
1289,11326,10,41,2026-07-05T15:08:51.487000+00:00,29.838,38.395,26.079,299.0,255.0,False,94.312,"[None, 2049, 2048, 2048, 2048, 2048, 2048]","[2048, 2048, 2048, 2049, 2048, 2049, 2048, 2048, 2048, 2048]","[2048, 2048, 2048, 2048, 2048, 2048, 2048, 2048, 2048, 2048]",300.0
1289,11326,16,42,2026-07-05T15:08:58.398000+00:00,29.64,38.109,25.673,309.0,259.0,False,93.422,"[None, 2048, 2048, 2048, 2048, 2048, 2048]","[2048, 2048, 2048, 2048, 2048, 2048, 2048, 2048, 2048, 2048]","[2048, 2048, 2048, 2048, 2048, 2048, 2048, 2048, 2048, 2048]",302.0
1289,11326,14,40,2026-07-05T15:09:01.555000+00:00,31.184,39.886,26.473,280.0,254.0,False,97.543,"[None, 2048, 2048, 2048, 2048, 2048, 2048]","[2048, 2048, 2048, 2048, 2048, 2048, 2048, 2048, 2048, 2048]","[2048, 2048, 2048, 2048, 2048, 2048, 2048, 2048, 2048, 2049]",297.0
1289,11326,18,40,2026-07-05T15:09:05.771000+00:00,30.866,39.904,26.59,283.0,253.0,False,97.36,"[None, 2048, 2048, 2048, 2048, 2048, 2048]","[2048, 2048, 2048, 2049, 2048, 2049, 2048, 2048, 2049, 2048]","[2048, 2048, 2048, 2049, 2048, 2048, 2048, 2048, 2048, 2048]",296.0
1289,11326,12,42,2026-07-05T15:09:06.354000+00:00,63.729,45.55,28.503,293.0,240.0,True,137.782,"[2064, 2064, 2048, 2048, 2048, 2048, 2048]","[2048, 2048, 2048, 2048, 2048, 2048, 2048, 2048, 2048, 2048]","[2048, 2048, 2048, 2048, 2048, 2048, 2048, 2048, 2048, 2048]",283.0
1289,11326,55,41,2026-07-05T15:09:11.356000+00:00,30.017,39.18,26.356,299.0,258.0,False,95.553,"[None, 2048, 2048, 2048, 2048, 2048, 2048]","[2048, 2048, 2048, 2048, 2048, 2048, 2048, 2048, 2048, 2048]","[2048, 2048, 2048, 2048, 2048, 2048, 2048, 2048, 2048, 2048]",301.0
1289,11326,44,42,2026-07-05T15:09:19.486000+00:00,29.462,37.99,25.885,310.0,255.0,False,93.337,"[None, 2048, 2048, 2048, 2048, 2048, 2048]","[2048, 2048, 2048, 2048, 2048, 2048, 2048, 2048, 2048, 2048]","[2048, 2048, 2048, 2048, 2048, 2048, 2048, 2048, 2048, 2048]",298.0
1289,11326,81,41,2026-07-05T15:09:20.636000+00:00,29.591,37.832,25.722,301.0,259.0,False,93.145,"[None, 2048, 2048, 2048, 2048, 2048, 2048]","[2048, 2048, 2048, 2048, 2048, 2049, 2048, 2048, 2048, 2049]","[2048, 2048, 2048, 2048, 2048, 2048, 2048, 2048, 2048, 2048]",308.0
1289,11326,87,41,2026-07-05T15:09:22.222000+00:00,30.255,38.803,26.105,292.0,259.0,False,95.163,"[None, 2048, 2048, 2048, 2048, 2048, 2048]","[2048, 2048, 2048, 2048, 2048, 2048, 2048, 2048, 2048, 2048]","[2048, 2048, 2048, 2048, 2048, 2048, 2048, 2048, 2048, 2048]",305.0
1289,11326,31,41,2026-07-05T15:09:23.891000+00:00,30.237,38.738,26.152,295.0,257.0,False,95.127,"[2048, 2048, 2048, 2048, 2048, 2048, 2048]","[2048, 2048, 2048, 2048, 2048, 2049, 2048, 2048, 2049, 2048]","[2048, 2048, 2048, 2048, 2048, 2048, 2048, 2048, 2048, 2048]",305.0
1289,11326,3,42,2026-07-05T15:09:28.162000+00:00,29.555,37.651,25.338,306.0,263.0,False,92.544,"[None, 2048, 2048, 2048, 2048, 2049, 2048]","[2048, 2048, 2048, 2049, 2048, 2049, 2048, 2048, 2048, 2048]","[2048, 2048, 2048, 2048, 2048, 2048, 2048, 2048, 2048]",311.0
1289,11326,63,42,2026-07-05T15:09:32.535000+00:00,29.755,37.46,25.471,304.0,261.0,False,92.686,"[None, 2048, 2048, 2048, 2048, 2048, 2048]","[2048, 2048, 2048, 2048, 2048, 2051, 2048, 2048, 2049, 2048]","[2048, 2048, 2048, 2048, 2048, 2048, 2048, 2048, 2049, 2048]",305.0
1289,11326,11,41,2026-07-05T15:09:35.815000+00:00,30.378,38.942,26.393,291.0,257.0,False,95.713,"[None, 2048, 2048, 2048, 2048, 2049, 2048]","[2048, 2048, 2048, 2048, 2048, 2048, 2048, 2048, 2049, 2048]","[2048, 2048, 2048, 2048, 2048, 2048, 2048, 2048, 2048, 2048]",302.0
1289,11326,1,42,2026-07-05T15:09:40.646000+00:00,29.649,38.01,25.643,305.0,261.0,False,93.302,"[None, 2048, 2048, 2048, 2048, 2049, 2048]","[2048, 2048, 2048, 2048, 2048, 2048, 2048, 2048, 2048, 2048]","[2048, 2048, 2048, 2048, 2048, 2049, 2048, 2048, 2048, 2048]",299.0
1289,11326,6,42,2026-07-05T15:09:52.105000+00:00,29.649,37.781,25.489,302.0,262.0,False,92.919,"[None, 2048, 2048, 2048, 2048, 2049, 2048]","[2048, 2048, 2048, 2048, 2048, 2048, 2048, 2048, 2048, 2048]","[2048, 2048, 2048, 2048, 2048, 2048, 2048, 2048, 2048, 2048]",304.0
1289,11326,30,42,2026-07-05T15:09:59.059000+00:00,29.646,38.438,25.72,298.0,261.0,False,93.804,"[None, 2048, 2048, 2048, 2048, 2049, 2048]","[2048, 2048, 2048, 2048, 2048, 2048, 2048, 2048, 2048, 2048]","[2048, 2048, 2048, 2049, 2048, 2049, 2048, 2048, 2048, 2048]",302.0
1289,11326,41,42,2026-07-05T15:10:01.419000+00:00,29.775,38.617,25.718,298.0,262.0,False,94.11,"[None, 2048, 2048, 2048, 2048, 2048, 2048]","[2048, 2048, 2048, 2048, 2048, 2048, 2048, 2048, 2048, 2048]","[2048, 2048, 2048, 2048, 2048, 2049, 2048, 2048, 2048, 2048]",304.0
1289,11326,5,42,2026-07-05T15:10:06.908000+00:00,29.801,38.677,25.974,294.0,258.0,False,94.452,"[None, 2048, 2048, 2048, 2048, 2048, 2048]","[2048, 2048, 2048, 2048, 2048, 2048, 2048, 2048, 2048, 2048]","[2048, 2048, 2048, 2048, 2048, 2048, 2048, 2048, 2048, 2048]",301.0
1289,11326,77,41,2026-07-05T15:10:07.987000+00:00,30.278,39.361,26.502,295.0,257.0,False,96.141,"[None, 2048, 2048, 2048, 2048, 2049, 2048]","[2048, 2048, 2048, 2048, 2048, 2048, 2048, 2048, 2048, 2048]","[2048, 2048, 2048, 2049, 2048, 2048, 2048, 2048, 2048, 2048]",307.0
1289,11326,23,40,2026-07-05T15:10:15.376000+00:00,29.757,38.499,26.236,295.0,257.0,False,94.492,"[2048, 2048, 2048, 2048, 2048, 2049, 2048]","[2048, 2048, 2048, 2048, 2048, 2049, 2048, 2048, 2049, 2048]","[2048, 2048, 2048, 2048, 2048, 2064, 2064, 2064, 2064, 2064]",297.0
1289,11326,43,42,2026-07-05T15:10:22.629000+00:00,29.891,38.505,26.228,303.0,255.0,False,94.624,"[None, 2048, 2048, 2048, 2048, 2048, 2048]","[2049, 2048, 2048, 2048, 2048, 2048, 2048, 2048, 2048, 2048]","[2048, 2048, 2048, 2048, 2048, 2048, 2048, 2048, 2048, 2048]",297.0
1289,11326,10,42,2026-07-05T15:10:25.816000+00:00,29.93,38.316,26.057,,256.0,False,94.303,"[None, 2048, 2048, 2048, 2048, 2048, 2048]","[2048, 2049, 2048, 2049, 2048, 2048, 2048, 2048, 2048, 2048]","[2048, 2048, 2048, 2048, 2048, 2049, 2048, 2048, 2048, 2048]",302.0
1289,11326,16,43,2026-07-05T15:10:31.794000+00:00,29.579,37.836,25.456,312.0,262.0,False,92.871,"[None, 2048, 2048, 2048, 2048, 2049, 2048]","[2048, 2048, 2048, 2048, 2048, 2048, 2048, 2048, 2048, 2048]","[2048, 2048, 2048, 2048, 2048, 2048, 2048, 2048, 2048, 2048]",307.0
1289,11326,14,41,2026-07-05T15:10:39.121000+00:00,30.714,39.511,26.47,293.0,253.0,False,96.695,"[None, 2048, 2048, 2048, 2048, 2049, 2049]","[2048, 2048, 2048, 2048, 2048, 2048, 2048, 2048, 2049, 2048]","[2048, 2048, 2048, 2048, 2049, 2048, 2048, 2048, 2048, 2049]",296.0
1289,11326,18,41,2026-07-05T15:10:43.116000+00:00,30.663,39.895,26.674,285.0,254.0,False,97.232,"[None, 2048, 2048, 2048, 2048, 2048, 2048]","[2049, 2048, 2048, 2048, 2048, 2048, 2048, 2048, 2048, 2048]","[2048, 2048, 2048, 2048, 2049, 2049, 2048, 2048, 2048, 2048]",294.0
1289,11326,55,42,2026-07-05T15:10:46.990000+00:00,29.768,38.921,26.396,300.0,259.0,False,95.085,"[None, 2048, 2048, 2048, 2048, 2049, 2048]","[2048, 2048, 2048, 2048, 2048, 2048, 2048, 2048, 2048, 2048]","[2048, 2048, 2048, 2048, 2048, 2048, 2048, 2048, 2048, 2048]",304.0
1289,11326,44,43,2026-07-05T15:10:52.700000+00:00,29.611,37.907,25.511,312.0,260.0,False,93.029,"[None, 2048, 2048, 2048, 2048, 2048, 2048]","[2048, 2048, 2048, 2048, 2048, 2048, 2048, 2048, 2049, 2048]","[2048, 2048, 2048, 2048, 2048, 2048, 2048, 2048, 2048, 2048]",309.0
1289,11326,81,42,2026-07-05T15:10:53.758000+00:00,29.338,37.837,25.742,308.0,261.0,False,92.917,"[None, 2049, 2048, 2048, 2048, 2048, 2048]","[2048, 2049, 2048, 2048, 2049, 2048, 2048, 2048, 2048, 2049]","[2048, 2048, 2048, 2048, 2048, 2048, 2048, 2048, 2048, 2048]",309.0
1289,11326,87,42,2026-07-05T15:10:57.552000+00:00,30.134,38.71,26.145,291.0,260.0,False,94.989,"[None, 2048, 2048, 2048, 2048, 2048, 2048]","[2049, 2048, 2048, 2048, 2048, 2049, 2048, 2048, 2048, 2048]","[2048, 2048, 2048, 2048, 2048, 2048, 2048, 2048, 2048, 2048]",305.0
1289,11326,31,42,2026-07-05T15:10:58.910000+00:00,30.077,39.694,26.122,,258.0,False,95.893,"[None, 2048, 2049, 2048, 2048, 2048, 2048]","[2048, 2048, 2048, 2048, 2048, 2048, 2048, 2048, 2048, 2048]","[2048, 2048, 2048, 2048, 2048, 2048, 2048, 2048, 2048, 2048]",308.0
1289,11326,3,43,2026-07-05T15:11:00.262000+00:00,29.426,37.844,25.351,313.0,263.0,False,92.621,"[None, 2048, 2048, 2048, 2048, 2048, 2048]","[2049, 2048, 2048, 2049, 2048, 2048, 2048, 2048, 2048, 2048]","[2048, 2048, 2048, 2048, 2048, 2048, 2048, 2048, 2048, 2048]",312.0
1289,11326,63,43,2026-07-05T15:11:05.241000+00:00,29.657,37.409,25.689,303.0,260.0,False,92.755,"[None, 2048, 2048, 2048, 2048, 2048, 2048]","[2048, 2048, 2048, 2048, 2048, 2048, 2049, 2048, 2049, 2048]","[2048, 2048, 2048, 2048, 2048, 2048, 2048, 2048, 2048, 2048]",303.0
1289,11326,11,42,2026-07-05T15:11:11.376000+00:00,30.431,41.159,26.691,289.0,257.0,False,98.281,"[None, 2048, 2048, 2048, 2048, 2048, 2048]","[2048, 2049, 2048, 2048, 2048, 2048, 2048, 2048, 2048, 2048]","[2048, 2048, 2048, 2048, 2048, 2048, 2048, 2048, 2048, 2048]",305.0
1289,11326,1,43,2026-07-05T15:11:13.668000+00:00,29.61,37.964,25.593,303.0,261.0,False,93.167,"[None, 2048, 2048, 2048, 2048, 2048, 2048]","[2048, 2048, 2048, 2048, 2048, 2048, 2048, 2048, 2048, 2048]","[2048, 2048, 2048, 2048, 2049, 2049, 2048, 2048, 2048, 2048]",297.0
1289,11326,12,43,2026-07-05T15:11:24.036000+00:00,31.421,41.314,27.137,309.0,240.0,False,99.872,"[2048, 2048, 2048, 2048, 2048, 2048, 2048]","[2048, 2048, 2048, 2048, 2048, 2048, 2048, 2048, 2048, 2048]","[2048, 2048, 2048, 2048, 2048, 2064, 2064, 2064, 2064, 2064]",290.0
1289,11326,6,43,2026-07-05T15:11:24.962000+00:00,29.67,37.749,25.476,304.0,261.0,False,92.895,"[None, 2048, 2048, 2048, 2048, 2049, 2048]","[2048, 2048, 2048, 2048, 2048, 2048, 2048, 2048, 2048, 2048]","[2048, 2048, 2048, 2048, 2048, 2048, 2048, 2048, 2048, 2048]",303.0
1289,11326,30,43,2026-07-05T15:11:32.824000+00:00,29.726,38.563,25.737,295.0,262.0,False,94.026,"[None, 2048, 2048, 2048, 2048, 2048, 2048]","[2048, 2048, 2048, 2048, 2048, 2048, 2048, 2048, 2048, 2048]","[2048, 2048, 2048, 2049, 2048, 2048, 2048, 2048, 2048, 2048]",303.0
1289,11326,41,43,2026-07-05T15:11:35.557000+00:00,29.834,38.772,25.97,296.0,261.0,False,94.576,"[None, 2048, 2048, 2048, 2048, 2048, 2048]","[2048, 2048, 2048, 2048, 2048, 2048, 2048, 2048, 2048, 2048]","[2048, 2048, 2048, 2048, 2048, 2048, 2048, 2048, 2048, 2048]",304.0
1289,11326,5,43,2026-07-05T15:11:41.296000+00:00,29.965,38.697,25.996,291.0,258.0,False,94.658,"[None, 2048, 2048, 2048, 2048, 2049, 2048]","[2048, 2048, 2048, 2048, 2048, 2048, 2048, 2048, 2048, 2048]","[2048, 2048, 2048, 2048, 2048, 2048, 2048, 2048, 2048, 2049]",299.0
1289,11326,77,42,2026-07-05T15:11:44.142000+00:00,30.47,39.249,26.568,292.0,255.0,False,96.287,"[None, 2048, 2048, 2048, 2048, 2048, 2048]","[2048, 2048, 2048, 2048, 2048, 2049, 2048, 2048, 2048, 2048]","[2048, 2048, 2048, 2048, 2049, 2048, 2048, 2048, 2048, 2048]",297.0
1289,11326,23,41,2026-07-05T15:11:49.861000+00:00,54.713,38.905,26.201,300.0,256.0,True,119.819,"[2064, 2064, 2048, 2048, 2048, 2049, 2048]","[2048, 2048, 2048, 2048, 2048, 2048, 2048, 2048, 2048, 2048]","[2048, 2048, 2048, 2048, 2048, 2048, 2048, 2048, 2049, 2049]",295.0
1289,11326,43,43,2026-07-05T15:11:57.248000+00:00,29.957,38.566,26.262,305.0,254.0,False,94.785,"[None, 2048, 2048, 2048, 2048, 2048, 2048]","[2048, 2048, 2048, 2048, 2048, 2048, 2049, 2048, 2048, 2048]","[2048, 2048, 2048, 2048, 2048, 2048, 2048, 2048, 2048, 2048]",297.0
1289,11326,10,43,2026-07-05T15:12:00.086000+00:00,29.799,38.522,26.066,298.0,256.0,False,94.387,"[None, 2049, 2048, 2048, 2048, 2048, 2048]","[2048, 2048, 2048, 2048, 2048, 2049, 2049, 2048, 2048, 2048]","[2048, 2048, 2048, 2048, 2048, 2048, 2048, 2048, 2048, 2048]",302.0
1289,11326,16,44,2026-07-05T15:12:04.824000+00:00,29.493,37.877,25.72,311.0,258.0,False,93.09,"[None, 2048, 2048, 2048, 2048, 2048, 2048]","[2048, 2048, 2048, 2048, 2048, 2048, 2048, 2048, 2048, 2048]","[2048, 2048, 2048, 2048, 2048, 2048, 2048, 2048, 2048, 2048]",303.0
1289,11326,14,42,2026-07-05T15:12:15.970000+00:00,30.961,39.578,26.563,284.0,256.0,False,97.102,"[None, 2048, 2048, 2048, 2048, 2049, 2048]","[2048, 2048, 2048, 2049, 2048, 2048, 2048, 2048, 2048, 2048]","[2048, 2048, 2048, 2048, 2048, 2048, 2048, 2048, 2048, 2048]",299.0
1289,11326,18,42,2026-07-05T15:12:20.368000+00:00,30.78,40.861,28.571,283.0,252.0,False,100.212,"[None, 2048, 2048, 2048, 2048, 2048, 2048]","[2048, 2048, 2048, 2048, 2048, 2048, 2048, 2048, 2048, 2048]","[2048, 2048, 2048, 2049, 2048, 2048, 2048, 2048, 2048, 2048]",309.0
1289,11326,55,43,2026-07-05T15:12:21.994000+00:00,29.842,39.415,26.409,305.0,258.0,False,95.666,"[None, 2048, 2048, 2048, 2048, 2049, 2048]","[2048, 2048, 2048, 2048, 2048, 2048, 2048, 2048, 2048, 2048]","[2048, 2048, 2048, 2048, 2048, 2048, 2048, 2048, 2048, 2048]",300.0
1289,11326,44,44,2026-07-05T15:12:25.777000+00:00,29.57,37.819,25.653,313.0,260.0,False,93.042,"[None, 2048, 2048, 2048, 2048, 2048, 2048]","[2048, 2049, 2048, 2048, 2048, 2049, 2048, 2048, 2048, 2048]","[2048, 2048, 2048, 2048, 2048, 2048, 2048, 2048, 2048, 2048]",318.0
1289,11326,81,43,2026-07-05T15:12:26.696000+00:00,29.411,37.805,25.853,311.0,259.0,False,93.069,"[None, 2051, 2048, 2048, 2048, 2048, 2048]","[2048, 2048, 2048, 2049, 2049, 2048, 2049, 2048, 2048, 2048]","[2048, 2048, 2048, 2049, 2048, 2048, 2048, 2048, 2048, 2048]",313.0
1289,11326,87,43,2026-07-05T15:12:32.497000+00:00,30.909,38.897,26.07,297.0,260.0,False,95.876,"[None, 2048, 2048, 2048, 2048, 2048, 2048]","[2048, 2048, 2048, 2048, 2048, 2048, 2048, 2048, 2048, 2049]","[2048, 2048, 2048, 2048, 2048, 2048, 2048, 2048, 2048, 2048]",311.0
1289,11326,3,44,2026-07-05T15:12:33.101000+00:00,29.651,37.447,25.292,306.0,264.0,False,92.39,"[None, 2048, 2048, 2048, 2048, 2048, 2048]","[2048, 2048, 2048, 2049, 2048, 2048, 2048, 2048, 2049, 2049]","[2048, 2048, 2048, 2048, 2048, 2048, 2048, 2048, 2048, 2048]",306.0
1289,11326,31,43,2026-07-05T15:12:34.919000+00:00,30.217,38.568,26.007,,260.0,False,94.792,"[None, 2049, 2048, 2048, 2048, 2048, 2048]","[2048, 2048, 2048, 2048, 2048, 2048, 2048, 2048, 2048, 2048]","[2048, 2048, 2048, 2048, 2048, 2048, 2048, 2048, 2048, 2048]",310.0
1289,11326,63,44,2026-07-05T15:12:38.032000+00:00,29.681,37.277,25.533,306.0,261.0,False,92.491,"[None, 2049, 2048, 2048, 2048, 2048, 2048]","[2048, 2049, 2048, 2048, 2048, 2051, 2049, 2048, 2048, 2048]","[2048, 2048, 2048, 2048, 2048, 2049, 2048, 2048, 2048, 2048]",311.0
1289,11326,1,44,2026-07-05T15:12:46.868000+00:00,29.707,37.526,25.542,296.0,260.0,False,92.775,"[None, 2048, 2048, 2048, 2048, 2048, 2048]","[2048, 2049, 2048, 2048, 2048, 2049, 2048, 2048, 2049, 2048]","[2048, 2048, 2048, 2048, 2048, 2048, 2048, 2048, 2048, 2049]",297.0
1289,11326,11,43,2026-07-05T15:12:49.700000+00:00,30.352,38.896,26.309,290.0,257.0,False,95.557,"[None, 2048, 2048, 2048, 2048, 2049, 2048]","[2049, 2049, 2048, 2048, 2048, 2048, 2048, 2048, 2048, 2048]","[2048, 2048, 2048, 2048, 2048, 2048, 2048, 2048, 2048, 2048]",301.0
1289,11326,6,44,2026-07-05T15:12:57.991000+00:00,29.633,37.689,25.371,303.0,262.0,False,92.693,"[None, 2048, 2048, 2048, 2048, 2049, 2048]","[2048, 2048, 2048, 2048, 2048, 2049, 2048, 2048, 2048, 2048]","[2048, 2048, 2048, 2048, 2048, 2048, 2048, 2048, 2048, 2048]",303.0
1289,11326,12,44,2026-07-05T15:13:04.019000+00:00,55.712,39.71,25.894,295.0,255.0,True,121.316,"[2064, 2064, 2048, 2048, 2049, 2048, 2048]","[2048, 2048, 2048, 2048, 2048, 2048, 2048, 2048, 2048, 2048]","[2048, 2048, 2048, 2048, 2048, 2048, 2048, 2048, 2048, 2048]",296.0
1289,11326,30,44,2026-07-05T15:13:06.938000+00:00,29.629,38.387,25.689,296.0,261.0,False,93.705,"[None, 2048, 2048, 2048, 2048, 2048, 2048]","[2048, 2048, 2048, 2048, 2048, 2048, 2048, 2048, 2048, 2048]","[2048, 2048, 2048, 2048, 2048, 2048, 2048, 2048, 2048, 2049]",301.0
1289,11326,41,44,2026-07-05T15:13:10.108000+00:00,29.943,38.617,25.767,295.0,262.0,False,94.327,"[None, 2048, 2048, 2048, 2048, 2048, 2048]","[2048, 2049, 2048, 2048, 2048, 2048, 2048, 2048, 2048, 2048]","[2048, 2048, 2048, 2048, 2048, 2048, 2048, 2048, 2048, 2048]",302.0
1289,11326,5,44,2026-07-05T15:13:16.065000+00:00,29.968,38.495,25.939,293.0,259.0,False,94.402,"[None, 2048, 2049, 2048, 2048, 2048, 2048]","[2048, 2048, 2048, 2048, 2048, 2048, 2048, 2048, 2048, 2048]","[2048, 2048, 2048, 2048, 2048, 2049, 2048, 2048, 2048, 2048]",297.0
1289,11326,77,43,2026-07-05T15:13:20.521000+00:00,30.457,39.159,26.545,289.0,258.0,False,96.161,"[2049, 2048, 2049, 2048, 2048, 2049, 2048]","[2048, 2048, 2048, 2048, 2048, 2048, 2048, 2048, 2048, 2049]","[2048, 2048, 2048, 2048, 2048, 2048, 2048, 2048, 2048, 2048]",301.0
1289,11326,43,44,2026-07-05T15:13:32.049000+00:00,29.901,38.509,26.022,310.0,255.0,False,94.432,"[None, 2048, 2049, 2048, 2048, 2048, 2048]","[2048, 2048, 2048, 2048, 2048, 2048, 2048, 2048, 2048, 2048]","[2048, 2048, 2048, 2048, 2048, 2049, 2048, 2048, 2048, 2048]",314.0
1289,11326,10,44,2026-07-05T15:13:34.443000+00:00,29.956,38.2,26.023,,256.0,False,94.179,"[None, 2048, 2048, 2048, 2048, 2048, 2048]","[2048, 2048, 2048, 2048, 2048, 2048, 2048, 2049, 2048, 2048]","[2048, 2048, 2048, 2048, 2048, 2049, 2048, 2048, 2048, 2048]",303.0
1289,11326,16,45,2026-07-05T15:13:37.814000+00:00,29.728,37.637,25.525,312.0,262.0,False,92.89,"[None, 2048, 2048, 2048, 2048, 2048, 2048]","[2048, 2048, 2048, 2048, 2048, 2048, 2048, 2048, 2048, 2048]","[2048, 2048, 2048, 2048, 2048, 2048, 2048, 2048, 2048, 2048]",309.0
1289,11326,23,42,2026-07-05T15:13:49.713000+00:00,29.658,38.296,25.913,297.0,257.0,False,93.867,"[2048, 2048, 2048, 2048, 2049, 2049, 2048]","[2048, 2048, 2048, 2048, 2048, 2048, 2048, 2048, 2048, 2049]","[2048, 2048, 2048, 2048, 2048, 2049, 2049, 2048, 2049, 2049]",295.0
1289,11326,14,43,2026-07-05T15:13:52.975000+00:00,30.955,39.827,26.478,279.0,251.0,False,97.26,"[None, 2048, 2048, 2048, 2048, 2048, 2048]","[2048, 2048, 2048, 2048, 2048, 2048, 2048, 2048, 2048, 2048]","[2048, 2048, 2048, 2048, 2048, 2048, 2048, 2048, 2048, 2048]",297.0
1289,11326,55,44,2026-07-05T15:13:57.745000+00:00,30.461,39.718,26.809,231.0,260.0,False,96.988,"[None, 2048, 2048, 2048, 2048, 2048, 2048]","[2048, 2048, 2048, 2048, 2048, 2048, 2048, 2048, 2048, 2048]","[2048, 2048, 2048, 2048, 2048, 2048, 2048, 2048, 2048, 2048]",326.0
1289,11326,44,45,2026-07-05T15:13:58.836000+00:00,29.587,37.899,25.297,311.0,261.0,False,92.783,"[None, 2048, 2048, 2048, 2048, 2049, 2048]","[2048, 2048, 2048, 2048, 2048, 2048, 2048, 2048, 2049, 2048]","[2048, 2048, 2048, 2048, 2048, 2048, 2048, 2048, 2048, 2048]",312.0
1289,11326,81,44,2026-07-05T15:13:59.772000+00:00,29.704,38.782,25.801,299.0,259.0,False,94.287,"[None, 2048, 2049, 2048, 2048, 2048, 2048]","[2048, 2048, 2048, 2048, 2048, 2048, 2048, 2048, 2048, 2048]","[2048, 2048, 2048, 2048, 2048, 2048, 2048, 2048, 2048, 2048]",325.0
1289,11326,18,43,2026-07-05T15:14:00.567000+00:00,30.835,40.09,26.585,288.0,254.0,False,97.51,"[None, 2048, 2048, 2048, 2048, 2048, 2048]","[2048, 2048, 2048, 2048, 2048, 2048, 2048, 2048, 2048, 2048]","[2048, 2048, 2048, 2048, 2048, 2048, 2048, 2048, 2048, 2049]",302.0
1289,11326,3,45,2026-07-05T15:14:05.512000+00:00,29.641,37.651,25.581,303.0,264.0,False,92.873,"[None, 2048, 2048, 2048, 2048, 2048, 2048]","[2048, 2048, 2048, 2048, 2048, 2048, 2048, 2048, 2048, 2048]","[2048, 2048, 2048, 2048, 2048, 2048, 2048, 2048, 2048, 2048]",313.0
1289,11326,87,44,2026-07-05T15:14:08.241000+00:00,30.273,38.571,27.15,290.0,261.0,False,95.994,"[None, 2048, 2048, 2048, 2048, 2048, 2048]","[2048, 2048, 2048, 2048, 2048, 2048, 2048, 2048, 2048, 2048]","[2048, 2048, 2048, 2048, 2048, 2048, 2048, 2048, 2048, 2048]",306.0
1289,11326,31,44,2026-07-05T15:14:09.750000+00:00,31.043,38.848,26.034,302.0,259.0,False,95.925,"[None, 2048, 2048, 2048, 2048, 2048, 2048]","[2048, 2048, 2048, 2048, 2049, 2048, 2048, 2048, 2048, 2048]","[2048, 2048, 2048, 2048, 2048, 2048, 2048, 2048, 2048, 2048]",309.0
1289,11326,63,45,2026-07-05T15:14:10.556000+00:00,29.67,37.724,25.748,314.0,261.0,False,93.142,"[2049, 2049, 2048, 2048, 2048, 2048, 2048]","[2048, 2048, 2048, 2048, 2048, 2048, 2048, 2048, 2048, 2048]","[2048, 2048, 2048, 2048, 2048, 2048, 2048, 2048, 2048, 2048]",310.0
1289,11326,1,45,2026-07-05T15:14:19.615000+00:00,29.603,37.49,25.532,295.0,262.0,False,92.625,"[None, 2048, 2048, 2048, 2048, 2048, 2048]","[2048, 2049, 2048, 2049, 2048, 2048, 2048, 2048, 2048, 2049]","[2048, 2048, 2048, 2049, 2048, 2049, 2049, 2048, 2048, 2048]",299.0
1289,11326,11,44,2026-07-05T15:14:25.278000+00:00,30.315,38.873,26.332,287.0,258.0,False,95.52,"[None, 2048, 2048, 2048, 2049, 2048, 2048]","[2048, 2048, 2048, 2048, 2048, 2048, 2048, 2048, 2048, 2048]","[2048, 2048, 2048, 2048, 2048, 2048, 2049, 2048, 2048, 2048]",298.0
1289,11326,6,45,2026-07-05T15:14:30.683000+00:00,29.644,37.454,25.383,,263.0,False,92.481,"[None, 2048, 2048, 2048, 2048, 2048, 2048]","[2048, 2048, 2048, 2048, 2048, 2049, 2048, 2048, 2048, 2048]","[2048, 2048, 2048, 2048, 2048, 2048, 2048, 2048, 2048]",303.0
1289,11326,30,45,2026-07-05T15:14:40.566000+00:00,29.728,38.239,25.681,,261.0,False,93.648,"[None, 2048, 2048, 2048, 2048, 2048, 2048]","[2048, 2048, 2048, 2048, 2048, 2048, 2048, 2048, 2049, 2048]","[2048, 2048, 2048, 2048, 2048, 2048, 2048, 2048, 2048, 2048]",300.0
1289,11326,41,45,2026-07-05T15:14:44.405000+00:00,29.801,38.441,25.797,,262.0,False,94.039,"[None, 2048, 2048, 2048, 2048, 2049, 2048]","[2048, 2048, 2048, 2048, 2048, 2048, 2048, 2048, 2048, 2048]","[2048, 2048, 2048, 2048, 2048, 2048, 2048, 2048, 2048, 2048]",302.0
1289,11326,5,45,2026-07-05T15:14:50.302000+00:00,29.843,38.525,25.871,292.0,260.0,False,94.239,"[None, 2048, 2048, 2048, 2048, 2049, 2048]","[2048, 2048, 2048, 2048, 2048, 2048, 2048, 2048, 2048, 2048]","[2048, 2048, 2048, 2048, 2049, 2049, 2048, 2048, 2048, 2048]",299.0
1289,11326,77,44,2026-07-05T15:14:56.555000+00:00,30.498,39.661,26.853,292.0,256.0,False,97.012,"[2048, 2048, 2048, 2048, 2048, 2048, 2048]","[2048, 2048, 2048, 2048, 2048, 2048, 2048, 2048, 2048, 2048]","[2048, 2048, 2048, 2048, 2048, 2048, 2048, 2048, 2048, 2048]",295.0
1289,11326,12,45,2026-07-05T15:15:05.228000+00:00,29.709,38.21,25.893,297.0,256.0,False,93.812,"[2048, 2048, 2048, 2048, 2048, 2048, 2048]","[2048, 2048, 2048, 2048, 2048, 2048, 2048, 2048, 2048, 2048]","[2048, 2048, 2048, 2048, 2048, 2048, 2048, 2048, 2048, 2048]",296.0
1289,11326,43,45,2026-07-05T15:15:06.537000+00:00,29.924,38.478,26.163,308.0,256.0,False,94.565,"[None, 2048, 2048, 2048, 2048, 2048, 2048]","[2048, 2048, 2048, 2048, 2048, 2048, 2048, 2048, 2048, 2048]","[2048, 2048, 2048, 2048, 2048, 2048, 2048, 2048, 2048, 2048]",312.0
1289,11326,10,45,2026-07-05T15:15:08.695000+00:00,29.984,38.309,26.217,300.0,258.0,False,94.51,"[None, 2048, 2048, 2048, 2048, 2048, 2048]","[2048, 2048, 2048, 2048, 2048, 2048, 2048, 2048, 2048, 2049]","[2048, 2048, 2048, 2048, 2048, 2048, 2048, 2048, 2048, 2048]",302.0
1289,11326,16,46,2026-07-05T15:15:10.651000+00:00,29.525,37.89,25.97,313.0,259.0,False,93.385,"[None, 2048, 2048, 2048, 2048, 2049, 2048]","[2048, 2048, 2048, 2048, 2049, 2048, 2048, 2048, 2048, 2048]","[2048, 2048, 2048, 2048, 2048, 2048, 2048, 2048, 2048, 2048]",306.0
1289,11326,23,43,2026-07-05T15:15:23.548000+00:00,29.677,38.545,30.467,294.0,255.0,False,98.689,"[None, 2048, 2048, 2048, 2048, 2048, 2048]","[2049, 2048, 2048, 2048, 2048, 2048, 2048, 2048, 2048, 2048]","[2048, 2048, 2048, 2048, 2048, 2064, 2064, 2064, 2064, 2064]",260.0
1289,11326,14,44,2026-07-05T15:15:30.251000+00:00,31.359,41.234,26.798,275.0,255.0,False,99.391,"[None, 2048, 2048, 2048, 2048, 2048, 2048]","[2048, 2048, 2048, 2048, 2048, 2048, 2048, 2048, 2048, 2048]","[2048, 2048, 2048, 2048, 2048, 2048, 2048, 2048, 2048, 2048]",303.0
1289,11326,44,46,2026-07-05T15:15:31.654000+00:00,29.566,37.842,25.565,313.0,260.0,False,92.973,"[None, 2048, 2048, 2048, 2048, 2048, 2048]","[2048, 2049, 2048, 2048, 2048, 2048, 2048, 2048, 2048, 2048]","[2048, 2048, 2048, 2048, 2048, 2048, 2048, 2048, 2048, 2048]",301.0
1289,11326,81,45,2026-07-05T15:15:34.004000+00:00,29.671,37.961,25.773,294.0,258.0,False,93.405,"[None, 2048, 2049, 2048, 2048, 2048, 2048]","[2048, 2048, 2048, 2048, 2048, 2048, 2048, 2048, 2049, 2049]","[2048, 2048, 2048, 2048, 2048, 2048, 2049, 2048, 2048, 2048]",297.0
1289,11326,55,45,2026-07-05T15:15:34.636000+00:00,30.122,39.103,26.375,303.0,261.0,False,95.6,"[None, 2048, 2048, 2048, 2048, 2048, 2048]","[2048, 2048, 2048, 2048, 2048, 2048, 2048, 2048, 2048, 2048]","[2048, 2048, 2048, 2048, 2048, 2048, 2048, 2048, 2048, 2048]",311.0
1289,11326,18,44,2026-07-05T15:15:38.047000+00:00,31.03,39.965,26.708,289.0,251.0,False,97.703,"[None, 2048, 2048, 2048, 2048, 2049, 2048]","[2048, 2048, 2048, 2048, 2049, 2048, 2048, 2048, 2048, 2048]","[2048, 2048, 2048, 2048, 2048, 2048, 2048, 2048, 2048, 2048]",297.0
1289,11326,3,46,2026-07-05T15:15:38.372000+00:00,29.624,37.896,25.387,296.0,262.0,False,92.907,"[None, 2049, 2048, 2048, 2048, 2048, 2048]","[2048, 2048, 2048, 2048, 2048, 2048, 2048, 2048, 2048, 2048]","[2048, 2048, 2048, 2048, 2049, 2048, 2048, 2048, 2048, 2048]",307.0
1289,11326,63,46,2026-07-05T15:15:43.645000+00:00,29.703,37.579,25.704,300.0,261.0,False,92.986,"[2048, 2048, 2048, 2048, 2048, 2048, 2048]","[2048, 2048, 2048, 2048, 2048, 2048, 2048, 2048, 2048, 2048]","[2048, 2048, 2048, 2048, 2048, 2048, 2048, 2048, 2048, 2048]",303.0
1289,11326,87,45,2026-07-05T15:15:44.268000+00:00,30.11,38.607,26.199,307.0,259.0,False,94.916,"[None, 2048, 2048, 2048, 2048, 2048, 2048]","[2049, 2048, 2048, 2048, 2048, 2048, 2048, 2048, 2049, 2049]","[2048, 2048, 2048, 2048, 2048, 2048, 2048, 2048, 2048, 2048]",301.0
1289,11326,31,45,2026-07-05T15:15:45.641000+00:00,30.125,38.702,26.069,295.0,261.0,False,94.896,"[None, 2048, 2049, 2048, 2048, 2048, 2048]","[2048, 2048, 2048, 2048, 2048, 2048, 2048, 2048, 2048, 2048]","[2048, 2048, 2048, 2048, 2048, 2048, 2048, 2048, 2048, 2048]",309.0
1289,11326,1,46,2026-07-05T15:15:52.280000+00:00,29.66,37.619,25.749,296.0,262.0,False,93.028,"[None, 2048, 2049, 2048, 2048, 2048, 2048]","[2048, 2048, 2048, 2048, 2048, 2048, 2048, 2048, 2048, 2049]","[2048, 2048, 2048, 2048, 2048, 2048, 2048, 2048, 2048, 2048]",299.0
1289,11326,11,45,2026-07-05T15:16:00.724000+00:00,30.277,38.847,27.748,288.0,257.0,False,96.872,"[None, 2048, 2048, 2048, 2048, 2048, 2048]","[2048, 2048, 2048, 2048, 2048, 2048, 2048, 2048, 2048, 2048]","[2048, 2048, 2048, 2048, 2048, 2048, 2048, 2048, 2048, 2048]",258.0
1289,11326,6,46,2026-07-05T15:16:03.291000+00:00,29.634,37.925,25.513,308.0,262.0,False,93.072,"[None, 2048, 2048, 2048, 2048, 2048, 2048]","[2048, 2048, 2048, 2048, 2048, 2048, 2048, 2048, 2048, 2048]","[2048, 2048, 2048, 2048, 2048, 2048, 2048, 2048, 2048, 2048]",307.0
1289,11326,30,46,2026-07-05T15:16:14.179000+00:00,29.738,38.454,25.726,,261.0,False,93.918,"[None, 2048, 2048, 2048, 2048, 2048, 2048]","[2048, 2048, 2048, 2048, 2048, 2048, 2048, 2048, 2048, 2048]","[2048, 2048, 2048, 2048, 2049, 2049, 2048, 2048, 2048, 2048]",300.0
1289,11326,41,46,2026-07-05T15:16:18.469000+00:00,29.864,38.52,25.873,294.0,261.0,False,94.257,"[None, 2048, 2048, 2048, 2048, 2048, 2048]","[2048, 2048, 2048, 2048, 2048, 2048, 2048, 2048, 2048, 2048]","[2048, 2048, 2048, 2048, 2048, 2048, 2048, 2048, 2048, 2048]",300.0
1289,11326,5,46,2026-07-05T15:16:24.645000+00:00,29.915,38.558,26.065,293.0,258.0,False,94.538,"[None, 2048, 2048, 2048, 2048, 2048, 2048]","[2048, 2048, 2048, 2048, 2048, 2048, 2048, 2048, 2048, 2048]","[2048, 2048, 2048, 2048, 2048, 2048, 2048, 2048, 2048, 2049]",296.0
1289,11326,77,45,2026-07-05T15:16:33.571000+00:00,30.544,39.381,26.636,290.0,256.0,False,96.561,"[None, 2048, 2048, 2048, 2048, 2048, 2048]","[2048, 2048, 2048, 2048, 2048, 2048, 2048, 2048, 2048, 2048]","[2048, 2048, 2048, 2048, 2048, 2048, 2048, 2048, 2048, 2048]",300.0
1289,11326,12,46,2026-07-05T15:16:39.167000+00:00,29.585,38.161,25.757,302.0,257.0,False,93.503,"[None, 2048, 2048, 2048, 2048, 2048, 2048]","[2048, 2048, 2048, 2048, 2048, 2048, 2048, 2048, 2048, 2048]","[2048, 2048, 2048, 2048, 2048, 2048, 2048, 2048, 2048, 2048]",299.0
1289,11326,43,46,2026-07-05T15:16:41.030000+00:00,30.119,38.559,26.192,299.0,256.0,False,94.87,"[None, 2048, 2048, 2048, 2048, 2048, 2048]","[2048, 2048, 2048, 2048, 2048, 2048, 2048, 2048, 2048, 2048]","[2048, 2048, 2048, 2048, 2048, 2048, 2048, 2048, 2048, 2048]",299.0
1289,11326,10,46,2026-07-05T15:16:43.108000+00:00,31.417,38.712,25.849,304.0,263.0,False,95.978,"[None, 2048, 2048, 2048, 2048, 2048, 2048]","[2048, 2048, 2048, 2048, 2048, 2048, 2048, 2048, 2048, 2049]","[2049, 2048, 2048, 2049, 2048, 2048, 2048, 2048, 2048, 2048]",323.0
1289,11326,16,47,2026-07-05T15:16:44.069000+00:00,29.686,37.931,25.658,312.0,262.0,False,93.275,"[None, 2048, 2048, 2048, 2048, 2048, 2048]","[2048, 2048, 2048, 2048, 2048, 2048, 2048, 2048, 2048, 2048]","[2048, 2048, 2048, 2048, 2048, 2048, 2048, 2048, 2048, 2048]",309.0
1289,11326,23,44,2026-07-05T15:17:02.337000+00:00,,,,,,False,,,,,
1289,11326,44,47,2026-07-05T15:17:04.593000+00:00,29.764,37.896,25.4,309.0,261.0,False,93.06,"[None, 2048, 2048, 2048, 2048, 2048, 2048]","[2048, 2048, 2048, 2048, 2048, 2048, 2048, 2048, 2048, 2048]","[2048, 2048, 2048, 2048, 2048, 2048, 2048, 2048, 2048, 2048]",307.0
1289,11326,81,46,2026-07-05T15:17:07.411000+00:00,29.662,37.617,25.753,298.0,261.0,False,93.032,"[None, 2048, 2048, 2048, 2048, 2048, 2048]","[2048, 2049, 2048, 2048, 2048, 2049, 2049, 2048, 2049, 2049]","[2048, 2048, 2048, 2048, 2048, 2048, 2048, 2048, 2048, 2048]",301.0
1289,11326,14,45,2026-07-05T15:17:09.575000+00:00,32.587,39.811,26.979,285.0,256.0,False,99.377,"[None, 2048, 2048, 2048, 2048, 2048, 2048]","[2048, 2048, 2048, 2048, 2049, 2048, 2048, 2048, 2048, 2048]","[2048, 2048, 2048, 2048, 2048, 2048, 2048, 2048, 2048, 2048]",305.0
1289,11326,55,46,2026-07-05T15:17:10.345000+00:00,30.325,39.557,26.822,244.0,260.0,False,96.704,"[None, 2048, 2048, 2048, 2048, 2048, 2048]","[2048, 2048, 2048, 2048, 2048, 2048, 2048, 2048, 2048, 2048]","[2048, 2048, 2048, 2048, 2048, 2048, 2048, 2048, 2048, 2048]",307.0
1289,11326,3,47,2026-07-05T15:17:11.401000+00:00,29.59,37.675,,304.0,262.0,False,,"[None, 2048, 2048, 2048, 2048, 2048, 2048]","[2048, 2048, 2048, 2048, 2048, 2048, 2048, 2048, 2049, 2048]","[2048, 2048, 2048]",303.0
1289,11326,18,45,2026-07-05T15:17:15.739000+00:00,31.249,39.976,30.707,290.0,257.0,False,101.932,"[None, 2048, 2048, 2048, 2048, 2048, 2048]","[2048, 2048, 2048, 2048, 2048, 2048, 2048, 2048, 2048, 2049]","[2048, 2048, 2048, 2048, 2048, 2048, 2048, 2048, 2048, 2048]",284.0
1289,11326,63,47,2026-07-05T15:17:16.576000+00:00,29.544,37.502,26.212,308.0,262.0,False,93.258,"[2049, 2049, 2048, 2048, 2048, 2048, 2048]","[2048, 2048, 2048, 2048, 2048, 2048, 2048, 2048, 2049, 2048]","[2048, 2048, 2048, 2048, 2048, 2048, 2048, 2048, 2048, 2048]",310.0
1289,11326,87,46,2026-07-05T15:17:19.161000+00:00,29.922,38.767,32.061,,259.0,False,100.75,"[None, 2048, 2048, 2048, 2048, 2048, 2048]","[2049, 2048, 2048, 2048, 2048, 2048, 2048, 2048, 2048, 2048]","[2048, 2048, 2048, 2048, 2048, 2048, 2048, 2048, 2048, 2048]",312.0
1289,11326,31,46,2026-07-05T15:17:20.407000+00:00,30.274,38.698,32.849,296.0,261.0,False,101.821,"[None, 2049, 2048, 2048, 2048, 2048, 2048]","[2048, 2048, 2048, 2048, 2048, 2048, 2049, 2048, 2048, 2048]","[2048, 2048, 2048, 2048, 2048, 2048, 2048, 2048, 2048, 2048]",300.0
1289,11326,1,47,2026-07-05T15:17:25.357000+00:00,29.827,37.7,31.307,299.0,262.0,False,98.834,"[None, 2048, 2049, 2048, 2048, 2048, 2048]","[2048, 2048, 2048, 2048, 2048, 2048, 2048, 2048, 2048, 2049]","[2048, 2048, 2048, 2048, 2048, 2048, 2048, 2048, 2048, 2048]",292.0
1289,11326,6,47,2026-07-05T15:17:36.180000+00:00,29.73,37.633,29.709,303.0,263.0,False,97.072,"[None, 2048, 2048, 2048, 2048, 2048, 2048]","[2048, 2048, 2048, 2048, 2048, 2048, 2048, 2048, 2048, 2048]","[2048, 2048, 2048, 2048, 2048, 2064, 2064, 2064, 2064, 2064]",303.0
1289,11326,11,46,2026-07-05T15:17:37.678000+00:00,30.306,39.011,31.829,293.0,258.0,False,101.146,"[None, 2048, 2048, 2048, 2048, 2048, 2048]","[2049, 2048, 2048, 2048, 2048, 2048, 2048, 2048, 2048, 2048]","[2048, 2048, 2048, 2048, 2048, 2064, 2064, 2064, 2064, 2064]",207.0
1289,11326,30,47,2026-07-05T15:17:48.195000+00:00,29.708,42.869,33.861,,128.0,False,106.438,"[None, 2048, 2048, 2048, 2048, 2048, 2048]","[2048, 2048, 2048, 2048, 2048, 2048, 2048, 2048, 2048, 2048]","[2048, 2048, 2048, 2048, 2048, 2064, 2064, 2064, 2064, 2064]",173.0
1289,11326,41,47,2026-07-05T15:17:52.772000+00:00,29.848,42.858,32.059,295.0,230.0,False,104.765,"[None, 2048, 2048, 2048, 2048, 2048, 2048]","[2048, 2048, 2048, 2048, 2048, 2048, 2048, 2048, 2048, 2048]","[2048, 2048, 2048, 2048, 2048, 2064, 2064, 2064, 2064, 2064]",184.0
1289,11326,5,47,2026-07-05T15:17:59.114000+00:00,29.929,45.853,30.264,294.0,232.0,False,106.046,"[None, 2048, 2048, 2048, 2048, 2049, 2048]","[2048, 2048, 2048, 2048, 2048, 2048, 2048, 2048, 2048, 2048]","[2048, 2048, 2048, 2048, 2048, 2064, 2064, 2064, 2064, 2064]",229.0
1289,11326,77,46,2026-07-05T15:18:10.155000+00:00,30.985,51.633,30.46,284.0,238.0,False,113.078,"[None, 2048, 2048, 2048, 2048, 2048, 2048]","[2048, 2048, 2048, 2048, 2048, 2048, 2048, 2048, 2048, 2048]","[2048, 2048, 2048, 2048, 2048, 2064, 2064, 2064, 2064, 2064]",219.0
1289,11326,12,47,2026-07-05T15:18:12.529000+00:00,29.654,51.394,31.774,304.0,238.0,False,112.822,"[None, 2048, 2048, 2048, 2048, 2048, 2048]","[2048, 2048, 2048, 2048, 2048, 2048, 2048, 2048, 2048, 2048]","[2048, 2048, 2048, 2048, 2048, 2048, 2048, 2048, 2048, 2048]",231.0
1289,11326,43,47,2026-07-05T15:18:15.996000+00:00,29.78,51.34,30.99,318.0,226.0,False,112.11,"[None, 2048, 2048, 2048, 2048, 2048, 2048]","[2049, 2048, 2048, 2048, 2048, 2048, 2048, 2048, 2048, 2048]","[2048, 2048, 2048, 2048, 2048, 2064, 2064, 2064, 2064, 2064]",206.0
1289,11326,16,48,2026-07-05T15:18:17.378000+00:00,29.721,52.26,32.629,319.0,229.0,False,114.61,"[None, 2048, 2048, 2048, 2048, 2048, 2049]","[2048, 2048, 2048, 2048, 2048, 2048, 2048, 2048, 2048, 2048]","[2048, 2048, 2048, 2048, 2048, 2064, 2064, 2064, 2064, 2064]",173.0
1289,11326,10,47,2026-07-05T15:18:19.071000+00:00,30.515,51.809,34.581,295.0,208.0,False,116.905,"[None, 2048, 2048, 2048, 2048, 2048, 2048]","[2048, 2048, 2048, 2048, 2048, 2048, 2048, 2048, 2048, 2048]","[2048, 2048, 2048, 2048, 2048, 2048, 2048, 2048, 2048]",196.0
1289,11326,44,48,2026-07-05T15:18:37.605000+00:00,39.405,48.611,33.739,231.0,179.0,False,121.755,"[None, 2048, 2049, 2048, 2048, 2048, 2048]","[2048, 2048, 2048, 2048, 2048, 2048, 2048, 2048, 2048, 2048]","[2048, 2048, 2048, 2048, 2048, 2064, 2064, 2064, 2064, 2064]",221.0
1289,11326,81,47,2026-07-05T15:18:40.453000+00:00,38.814,50.087,31.448,202.0,215.0,False,120.349,"[None, 2048, 2048, 2048, 2048, 2048, 2048]","[2048, 2048, 2048, 2048, 2048, 2048, 2048, 2048, 2048, 2048]","[2048, 2048, 2048, 2048, 2048, 2064, 2064, 2064, 2064, 2064]",207.0
1289,11326,55,47,2026-07-05T15:18:47.057000+00:00,39.517,54.426,34.261,207.0,210.0,False,128.204,"[None, 2048, 2048, 2048, 2048, 2048, 2048]","[2048, 2048, 2048, 2048, 2048, 2048, 2048, 2048, 2048, 2048]","[2048, 2048, 2048, 2048, 2048, 2048, 2048, 2048, 2048, 2048]",263.0
1289,11326,14,46,2026-07-05T15:18:48.967000+00:00,41.194,51.414,32.168,196.0,226.0,False,124.776,"[None, 2048, 2048, 2048, 2048, 2048, 2048]","[2048, 2048, 2048, 2048, 2048, 2048, 2048, 2048, 2048, 2048]","[2048, 2048, 2048, 2048, 2048, 2064, 2064, 2064, 2064, 2064]",234.0
1289,11326,63,48,2026-07-05T15:18:49.844000+00:00,41.8,50.732,34.307,277.0,249.0,False,126.839,"[2048, 2048, 2048, 2048, 2048, 2048, 2048]","[2048, 2048, 2048, 2048, 2048, 2048, 2048, 2048, 2048, 2048]","[2048, 2048, 2048, 2048, 2048, 2048, 2048, 2048, 2048, 2048]",210.0
1289,11326,18,46,2026-07-05T15:18:57.665000+00:00,41.084,49.635,32.295,244.0,231.0,False,123.014,"[None, 2048, 2048, 2048, 2048, 2048, 2048]","[2048, 2048, 2048, 2048, 2048, 2048, 2048, 2048, 2048, 2048]","[2048, 2048, 2048, 2048, 2048, 2064, 2064, 2064, 2064, 2064]",207.0
1289,11326,87,47,2026-07-05T15:18:59.954000+00:00,41.072,48.081,33.111,270.0,192.0,False,122.264,"[None, 2048, 2048, 2048, 2048, 2048, 2048]","[2048, 2048, 2048, 2048, 2048, 2048, 2048, 2048, 2048, 2048]","[2048, 2048, 2048, 2048, 2048, 2064, 2064, 2064, 2064, 2064]",215.0
1289,11326,31,47,2026-07-05T15:19:02.338000+00:00,39.859,49.457,36.687,248.0,216.0,False,126.003,"[None, 2048, 2048, 2048, 2048, 2048, 2048]","[2048, 2048, 2048, 2048, 2048, 2048, 2048, 2048, 2048, 2048]","[2048, 2048, 2048, 2048, 2048, 2064, 2064, 2064, 2064, 2064]",200.0
1289,11326,1,48,2026-07-05T15:19:04.055000+00:00,38.636,51.976,33.993,231.0,201.0,False,124.605,"[None, 2048, 2048, 2048, 2048, 2048, 2048]","[2048, 2048, 2048, 2048, 2048, 2048, 2048, 2048, 2048, 2048]","[2048, 2048, 2048, 2048, 2048, 2064, 2064, 2064, 2064, 2064]",232.0
1289,11326,6,48,2026-07-05T15:19:13.179000+00:00,59.335,50.946,34.494,162.0,176.0,True,144.775,"[2064, 2064, 2048, 2048, 2048, 2048, 2048]","[2048, 2048, 2048, 2048, 2048, 2048, 2048, 2048, 2048, 2048]","[2048, 2048, 2048, 2048, 2048, 2048, 2048, 2048, 2048, 2048]",269.0
1289,11326,11,47,2026-07-05T15:19:18.874000+00:00,58.546,52.962,33.386,183.0,186.0,True,144.894,"[2064, 2064, 2048, 2048, 2048, 2048, 2048]","[2048, 2048, 2048, 2048, 2048, 2048, 2048, 2048, 2048, 2048]","[2048, 2048, 2048, 2048, 2048, 2048, 2048, 2048, 2048, 2048]",273.0
1289,11326,30,48,2026-07-05T15:19:34.431000+00:00,52.859,51.847,34.613,250.0,240.0,True,139.319,"[2064, 2064, 2048, 2048, 2048, 2048, 2048]","[2048, 2048, 2048, 2048, 2048, 2048, 2048, 2048, 2048, 2048]","[2048, 2048, 2048, 2048, 2048, 2048, 2048, 2048, 2048, 2048]",203.0
1289,11326,41,48,2026-07-05T15:19:37.357000+00:00,59.817,51.559,34.275,185.0,172.0,True,145.651,"[2064, 2064, 2048, 2048, 2048, 2048, 2048]","[2048, 2048, 2048, 2048, 2048, 2048, 2048, 2048, 2048, 2048]","[2048, 2048, 2048, 2048, 2048, 2048, 2048, 2048, 2048, 2048]",192.0
1289,11326,5,48,2026-07-05T15:19:45.188000+00:00,57.885,51.694,33.385,184.0,144.0,True,142.964,"[2064, 2064, 2048, 2048, 2048, 2048, 2048]","[2048, 2048, 2048, 2048, 2048, 2048, 2048, 2048, 2048, 2048]","[2048, 2048, 2048, 2048, 2048, 2048, 2048, 2048, 2048, 2048]",264.0
1289,11326,77,47,2026-07-05T15:20:03.156000+00:00,58.164,52.734,33.78,239.0,207.0,True,144.678,"[2064, 2064, 2048, 2048, 2048, 2048, 2048]","[2048, 2048, 2048, 2048, 2048, 2048, 2048, 2048, 2048, 2048]","[2048, 2048, 2048, 2048, 2048, 2048, 2048, 2048, 2048, 2048]",213.0
1289,11326,12,48,2026-07-05T15:20:05.341000+00:00,40.652,51.683,32.739,215.0,207.0,False,125.074,"[None, 2048, 2048, 2048, 2048, 2048, 2048]","[2048, 2048, 2048, 2048, 2048, 2048, 2048, 2048, 2048, 2048]","[2048, 2048, 2048, 2048, 2048, 2048, 2048, 2048, 2048, 2048]",223.0
1289,11326,43,48,2026-07-05T15:20:07.944000+00:00,58.083,51.961,32.447,260.0,190.0,True,142.491,"[2064, 2064, 2048, 2048, 2048, 2048, 2048]","[2048, 2048, 2048, 2048, 2048, 2048, 2048, 2048, 2048, 2048]","[2048, 2048, 2048, 2048, 2048, 2048, 2048, 2048, 2048, 2048]",182.0
1289,11326,16,49,2026-07-05T15:20:11.925000+00:00,57.603,61.873,48.979,281.0,92.0,True,168.455,"[2064, 2064, 2048, 2048, 2048, 2048, 2048]","[2048, 2048, 2048, 2048, 2048, 2048, 2048, 2048, 2048, 2048]","[2048, 2048, 2048, 2048, 2048, 2048, 2048, 2048, 2048, 2048]",134.0
1289,11326,10,48,2026-07-05T15:20:15.924000+00:00,40.418,52.377,29.557,255.0,200.0,False,122.352,"[None, 2048, 2048, 2048, 2048, 2048, 2048]","[2048, 2048, 2048, 2048, 2048, 2048, 2048, 2048, 2048, 2048]","[2048, 2048, 2048, 2048, 2048, 2064, 2064, 2064, 2064, 2064]",221.0
1289,11326,44,49,2026-07-05T15:20:39.382000+00:00,59.472,50.406,39.288,216.0,179.0,True,149.166,"[2064, 2064, 2048, 2048, 2048, 2048, 2048]","[2048, 2048, 2048, 2048, 2048, 2048, 2048, 2048, 2048, 2048]","[2048, 2048, 2048, 2048, 2048, 2048, 2048, 2048, 2049, 2048]",252.0
1289,11326,81,48,2026-07-05T15:20:40.748000+00:00,59.509,50.367,39.017,253.0,244.0,True,148.893,"[2064, 2064, 2048, 2048, 2048, 2048, 2048]","[2048, 2048, 2048, 2048, 2048, 2048, 2048, 2048, 2048, 2048]","[2048, 2048, 2048, 2048, 2048, 2048, 2048, 2048, 2048, 2048]",252.0
1289,11326,14,47,2026-07-05T15:20:53.762000+00:00,58.759,50.079,34.194,187.0,206.0,True,143.032,"[2064, 2064, 2048, 2048, 2048, 2048, 2048]","[2048, 2048, 2048, 2048, 2048, 2048, 2048, 2048, 2048, 2048]","[2048, 2048, 2048, 2048, 2048, 2048, 2048, 2048, 2048, 2048]",178.0
1289,11326,55,48,2026-07-05T15:20:55.207000+00:00,38.253,50.975,31.346,253.0,190.0,False,120.574,"[None, 2048, 2048, 2048, 2048, 2048, 2048]","[2048, 2048, 2048, 2048, 2048, 2048, 2048, 2048, 2048, 2048]","[2048, 2048, 2048, 2048, 2048, 2064, 2064, 2064, 2064, 2064]",220.0
1289,11326,63,49,2026-07-05T15:20:56.675000+00:00,41.49,49.764,39.732,236.0,195.0,False,130.986,"[None, 2048, 2048, 2048, 2048, 2048, 2048]","[2048, 2048, 2048, 2048, 2048, 2048, 2048, 2048, 2048, 2048]","[2048, 2048, 2048, 2048, 2048, 2048, 2048, 2048, 2048, 2048]",241.0
1289,11326,18,47,2026-07-05T15:21:00.662000+00:00,73.862,52.343,34.23,197.0,234.0,True,160.435,"[2064, 2064, 2048, 2048, 2048, 2048, 2048]","[2048, 2048, 2048, 2048, 2048, 2048, 2048, 2048, 2048, 2048]","[2048, 2048, 2048, 2048, 2048, 2048, 2048, 2048, 2048, 2048]",160.0
1289,11326,87,48,2026-07-05T15:21:02.174000+00:00,58.881,51.057,33.334,184.0,154.0,True,143.272,"[2064, 2064, 2048, 2048, 2048, 2048, 2048]","[2048, 2048, 2048, 2048, 2048, 2048, 2048, 2048, 2048, 2048]","[2048, 2048, 2048, 2048, 2048, 2048, 2048, 2049, 2049, 2049]",179.0
1289,11326,31,48,2026-07-05T15:21:08.260000+00:00,58.443,50.356,36.797,262.0,233.0,True,145.596,"[2064, 2064, 2048, 2048, 2048, 2048, 2048]","[2048, 2048, 2048, 2048, 2048, 2048, 2048, 2048, 2048, 2048]","[2048, 2048, 2048, 2048, 2048, 2048, 2048, 2048, 2049, 2049]",226.0
1289,11326,1,49,2026-07-05T15:21:08.651000+00:00,57.181,50.427,35.114,257.0,202.0,True,142.722,"[2064, 2064, 2048, 2048, 2048, 2048, 2048]","[2048, 2048, 2048, 2048, 2048, 2048, 2048, 2048, 2048, 2048]","[2048, 2048, 2048, 2048, 2048, 2048, 2048, 2048, 2048, 2048]",255.0
1289,11326,6,49,2026-07-05T15:21:37.988000+00:00,37.898,52.574,34.37,229.0,208.0,False,124.842,"[2048, 2048, 2048, 2048, 2048, 2048, 2048]","[2048, 2048, 2048, 2048, 2048, 2048, 2048, 2048, 2048, 2048]","[2048, 2048, 2048, 2048, 2048, 2048, 2048, 2048, 2048, 2048]",166.0
1289,11326,11,48,2026-07-05T15:21:43.627000+00:00,34.68,51.131,34.436,271.0,227.0,False,120.247,"[2048, 2048, 2048, 2048, 2048, 2048, 2048]","[2048, 2048, 2048, 2048, 2048, 2048, 2048, 2048, 2048, 2048]","[2048, 2048, 2048, 2048, 2048, 2048, 2048, 2048, 2048, 2048]",155.0
1289,11326,30,49,2026-07-05T15:21:53.887000+00:00,31.843,46.514,34.184,257.0,197.0,False,112.541,"[2048, 2048, 2048, 2048, 2048, 2048, 2048]","[2048, 2048, 2049, 2048, 2048, 2048, 2048, 2048, 2048, 2048]","[2048, 2048, 2048, 2048, 2048, 2048, 2048, 2048, 2048, 2048]",155.0
1289,11326,41,49,2026-07-05T15:22:03.257000+00:00,33.015,41.596,31.658,251.0,246.0,False,106.269,"[2048, 2048, 2048, 2048, 2048, 2048, 2048]","[2048, 2048, 2048, 2048, 2048, 2048, 2048, 2048, 2048, 2048]","[2048, 2048, 2048, 2048, 2048, 2048, 2048, 2048, 2048, 2048]",266.0
1289,11326,5,49,2026-07-05T15:22:08.173000+00:00,32.507,40.523,30.654,268.0,264.0,False,103.684,"[2048, 2048, 2048, 2048, 2048, 2048, 2048]","[2048, 2048, 2048, 2048, 2048, 2048, 2048, 2048, 2048, 2048]","[2048, 2048, 2048, 2048, 2048, 2048, 2048, 2048, 2048, 2048]",295.0
1289,11326,12,49,2026-07-05T15:22:10.459000+00:00,30.581,41.107,30.751,252.0,247.0,False,102.439,"[None, 2048, 2048, 2048, 2048, 2048, 2048]","[2048, 2048, 2048, 2048, 2048, 2048, 2048, 2048, 2048, 2048]","[2048, 2048, 2048, 2048, 2048, 2048, 2048, 2048, 2048, 2048]",234.0
1289,11326,10,49,2026-07-05T15:22:18.261000+00:00,53.294,41.82,31.866,267.0,236.0,True,126.98,"[2064, 2064, 2048, 2048, 2048, 2048, 2048]","[2048, 2048, 2048, 2048, 2048, 2048, 2048, 2048, 2048, 2048]","[2048, 2048, 2048, 2048, 2048, 2048, 2048, 2048, 2048, 2048]",246.0
1289,11326,77,48,2026-07-05T15:22:27.869000+00:00,31.263,40.088,30.538,297.0,252.0,False,101.889,"[2048, 2048, 2048, 2048, 2048, 2048, 2048]","[2048, 2048, 2048, 2048, 2048, 2048, 2048, 2048, 2048, 2048]","[2048, 2048, 2048, 2048, 2048, 2048, 2048, 2048, 2048, 2048]",170.0
1289,11326,43,49,2026-07-05T15:22:30.544000+00:00,33.85,43.147,29.201,276.0,242.0,False,106.198,"[2048, 2048, 2048, 2048, 2048, 2048, 2048]","[2048, 2048, 2048, 2048, 2048, 2048, 2048, 2048, 2048, 2048]","[2048, 2048, 2048, 2048, 2048, 2048, 2048, 2048, 2048, 2048]",237.0
1289,11326,55,49,2026-07-05T15:22:55.761000+00:00,59.148,70.561,48.184,141.0,110.0,True,177.893,"[2064, 2064, 2048, 2048, 2048, 2048, 2048]","[2048, 2048, 2048, 2048, 2048, 2048, 2048, 2048, 2048, 2048]","[2048, 2048, 2048, 2048, 2048, 2048, 2048, 2048, 2048, 2048]",115.0
1289,11326,16,50,2026-07-05T15:23:00.371000+00:00,51.263,70.103,47.22,119.0,90.0,False,168.586,"[2048, 2048, 2048, 2048, 2048, 2048, 2048]","[2048, 2048, 2048, 2048, 2048, 2048, 2048, 2048, 2048, 2048]","[2048, 2048, 2048, 2048, 2048, 2048, 2048, 2048, 2048, 2048]",142.0
1289,11326,63,50,2026-07-05T15:23:07.638000+00:00,45.025,70.299,47.791,119.0,83.0,False,163.115,"[None, 2048, 2048, 2048, 2048, 2048, 2048]","[2048, 2048, 2048, 2048, 2048, 2048, 2048, 2048, 2048, 2048]","[2048, 2048, 2048, 2048, 2048, 2048, 2048, 2048, 2048, 2048]",97.0
1289,11326,44,50,2026-07-05T15:23:08.610000+00:00,45.015,70.398,48.231,141.0,87.0,False,163.644,"[2048, 2048, 2048, 2048, 2048, 2048, 2048]","[2048, 2048, 2048, 2048, 2048, 2048, 2048, 2048, 2048, 2048]","[2048, 2048, 2048, 2048, 2048, 2048, 2048, 2048, 2048, 2048]",80.0
1289,11326,81,49,2026-07-05T15:23:09.827000+00:00,44.661,69.974,48.599,138.0,99.0,False,163.234,"[2048, 2048, 2048, 2048, 2048, 2048, 2048]","[2048, 2048, 2048, 2048, 2048, 2048, 2048, 2048, 2048, 2048]","[2048, 2048, 2048, 2048, 2048, 2048, 2048, 2048, 2048, 2048]",89.0
1289,11326,14,48,2026-07-05T15:23:16.735000+00:00,39.031,70.404,48.418,150.0,111.0,False,157.853,"[2048, 2048, 2048, 2048, 2048, 2048, 2048]","[2048, 2048, 2048, 2048, 2048, 2048, 2048, 2048, 2048, 2048]","[2048, 2048, 2048, 2048, 2048, 2048, 2048, 2048, 2048, 2048]",134.0
1289,11326,87,49,2026-07-05T15:23:25.575000+00:00,33.07,68.25,48.412,196.0,108.0,False,149.732,"[2049, 2048, 2048, 2048, 2049, 2048, 2048]","[2048, 2048, 2048, 2048, 2048, 2048, 2048, 2048, 2048, 2048]","[2048, 2048, 2048, 2048, 2048, 2048, 2048, 2048, 2048, 2048]",108.0
1289,11326,1,50,2026-07-05T15:23:31.434000+00:00,31.067,65.347,48.233,255.0,118.0,False,144.647,"[2049, 2048, 2048, 2049, 2048, 2048, 2048]","[2048, 2048, 2048, 2048, 2048, 2048, 2048, 2048, 2048, 2048]","[2048, 2048, 2048, 2048, 2048, 2048, 2048, 2048, 2048, 2048]",140.0
1289,11326,31,49,2026-07-05T15:23:33.925000+00:00,29.444,65.17,48.233,281.0,120.0,False,142.847,"[2049, 2048, 2048, 2049, 2051, 2049, 2048]","[2048, 2048, 2048, 2048, 2048, 2048, 2048, 2048, 2048, 2048]","[2048, 2048, 2048, 2048, 2048, 2048, 2048, 2048, 2048, 2048]",126.0
1289,11326,18,48,2026-07-05T15:23:41.098000+00:00,32.283,56.39,48.267,262.0,117.0,False,136.94,"[2048, 2048, 2048, 2049, 2048, 2048, 2048]","[2048, 2048, 2049, 2048, 2048, 2048, 2048, 2048, 2048, 2048]","[2048, 2048, 2048, 2048, 2048, 2048, 2048, 2048, 2048, 2048]",153.0
1289,11326,6,50,2026-07-05T15:23:42.842000+00:00,32.264,55.663,48.561,284.0,111.0,False,136.488,"[None, 2048, 2048, 2048, 2048, 2048, 2048]","[2048, 2048, 2048, 2048, 2048, 2048, 2048, 2048, 2048, 2048]","[2048, 2048, 2048, 2048, 2048, 2048, 2048, 2048, 2048, 2048]",182.0
1289,11326,11,49,2026-07-05T15:23:44.011000+00:00,32.148,56.421,47.933,252.0,107.0,False,136.502,"[None, 2048, 2048, 2049, 2049, 2048, 2048]","[2048, 2048, 2048, 2048, 2048, 2048, 2048, 2048, 2048, 2048]","[2048, 2048, 2048, 2048, 2048, 2048, 2048, 2048, 2048, 2048]",201.0
1289,11326,30,50,2026-07-05T15:23:46.428000+00:00,32.495,54.552,48.937,262.0,102.0,False,135.984,"[None, 2048, 2048, 2048, 2048, 2048, 2048]","[2048, 2048, 2048, 2048, 2048, 2048, 2048, 2048, 2048, 2048]","[2048, 2048, 2048, 2048, 2048, 2048, 2048, 2048, 2048, 2048]",221.0
1289,11326,41,50,2026-07-05T15:23:49.382000+00:00,31.788,52.922,49.197,253.0,96.0,False,133.907,"[None, 2048, 2048, 2048, 2048, 2048, 2048]","[2048, 2048, 2048, 2048, 2048, 2048, 2048, 2048, 2048, 2048]","[2048, 2048, 2048, 2048, 2048, 2048, 2048, 2048, 2048, 2048]",225.0
1289,11326,5,50,2026-07-05T15:23:51.966000+00:00,32.051,51.834,48.653,277.0,108.0,False,132.538,"[None, 2048, 2048, 2048, 2048, 2048, 2048]","[2048, 2048, 2048, 2048, 2048, 2048, 2048, 2048, 2048, 2048]","[2048, 2048, 2048, 2048, 2048, 2048, 2048, 2048, 2048, 2048]",196.0
1289,11326,12,50,2026-07-05T15:23:52.990000+00:00,31.569,51.705,48.989,260.0,109.0,False,132.263,"[None, 2048, 2048, 2048, 2048, 2048, 2048]","[2048, 2048, 2048, 2048, 2048, 2048, 2048, 2048, 2048, 2048]","[2048, 2048, 2048, 2048, 2048, 2048, 2048, 2048, 2048, 2048]",203.0
1289,11326,77,49,2026-07-05T15:24:09.783000+00:00,30.362,42.713,40.863,299.0,161.0,False,113.938,"[None, 2048, 2048, 2049, 2048, 2048, 2048]","[2048, 2048, 2048, 2048, 2048, 2048, 2048, 2048, 2048, 2048]","[2048, 2048, 2048, 2048, 2048, 2048, 2048, 2048, 2048, 2048]",207.0
1289,11326,43,50,2026-07-05T15:24:16.621000+00:00,31.164,41.839,36.753,275.0,243.0,False,109.756,"[None, 2048, 2048, 2048, 2048, 2048, 2048]","[2048, 2048, 2048, 2048, 2048, 2048, 2048, 2048, 2048, 2048]","[2048, 2048, 2048, 2048, 2048, 2048, 2048, 2048, 2048, 2048]",239.0
1289,11326,10,50,2026-07-05T15:24:25.382000+00:00,32.755,40.122,30.462,268.0,242.0,False,103.339,"[2048, 2048, 2048, 2048, 2048, 2048, 2048]","[2048, 2048, 2049, 2048, 2048, 2048, 2048, 2048, 2048, 2048]","[2048, 2048, 2048, 2048, 2048, 2048, 2048, 2048, 2048, 2048]",286.0
1289,11326,16,51,2026-07-05T15:25:48.996000+00:00,60.981,67.803,44.254,137.0,95.0,False,173.038,"[None, 2048, 2048, 2048, 2048, 2048, 2048]","[2048, 2048, 2048, 2048, 2048, 2048, 2048, 2048, 2048, 2048]","[2048, 2048, 2048, 2048, 2048, 2048, 2048, 2048, 2048, 2048]",150.0
1289,11326,63,51,2026-07-05T15:25:50.773000+00:00,60.36,67.249,44.541,123.0,95.0,False,172.15,"[None, 2048, 2048, 2048, 2048, 2048, 2048]","[2048, 2048, 2048, 2048, 2048, 2048, 2048, 2048, 2048, 2048]","[2048, 2048, 2048, 2048, 2048, 2048, 2048, 2048, 2048, 2048]",143.0
1289,11326,44,51,2026-07-05T15:25:52.198000+00:00,60.5,66.61,44.175,80.0,98.0,False,171.285,"[None, 2048, 2048, 2048, 2048, 2048, 2048]","[2048, 2048, 2048, 2048, 2048, 2048, 2048, 2048, 2048, 2048]","[2048, 2048, 2048, 2048, 2048, 2048, 2048, 2048, 2048, 2048]",141.0
1289,11326,81,50,2026-07-05T15:25:52.903000+00:00,32.075,37.254,25.377,302.0,261.0,False,94.706,"[None, 2048, 2048, 2049, 2051, 2051, 2048]","[2048, 2049, 2049, 2049, 2048, 2049, 2048, 2048, 2048, 2049]","[2048, 2048, 2048, 2048, 2049, 2048, 2049, 2049, 2051, 2051]",294.0
1289,11326,55,50,2026-07-05T15:25:53.697000+00:00,34.767,37.981,25.604,310.0,265.0,False,98.352,"[2048, 2048, 2048, 2049, 2048, 2048, 2048]","[2048, 2049, 2049, 2049, 2048, 2048, 2048, 2048, 2049, 2049]","[2049, 2048, 2048, 2048, 2049, 2048, 2049, 2049, 2049, 2049]",305.0
1289,11326,14,49,2026-07-05T15:25:54.652000+00:00,37.177,39.349,26.142,274.0,259.0,False,102.668,"[None, 2048, 2048, 2048, 2048, 2048, 2048]","[2048, 2048, 2049, 2048, 2048, 2048, 2048, 2048, 2048, 2049]","[2049, 2048, 2048, 2048, 2049, 2048, 2049, 2049, 2049, 2049]",296.0
1289,11326,87,50,2026-07-05T15:25:55.242000+00:00,37.14,39.158,26.414,227.0,263.0,False,102.712,"[2048, 2048, 2048, 2048, 2048, 2048, 2048]","[2048, 2048, 2048, 2048, 2048, 2048, 2048, 2048, 2048, 2048]","[2051, 2048, 2048, 2048, 2048, 2048, 2048, 2048, 2048, 2048]",280.0
1289,11326,1,51,2026-07-05T15:25:56.183000+00:00,57.647,66.615,43.876,75.0,140.0,False,168.138,"[2048, 2048, 2048, 2048, 2048, 2048, 2048]","[2048, 2048, 2048, 2048, 2048, 2048, 2048, 2048, 2048, 2048]","[2048, 2048, 2048, 2048, 2048, 2048, 2048, 2048, 2048, 2048]",142.0
1289,11326,31,50,2026-07-05T15:25:56.713000+00:00,36.199,39.366,26.524,223.0,252.0,False,102.089,"[2048, 2048, 2048, 2048, 2048, 2048, 2048]","[2048, 2048, 2048, 2048, 2048, 2048, 2048, 2048, 2048, 2048]","[2048, 2048, 2048, 2048, 2049, 2048, 2048, 2048, 2048, 2048]",296.0
1289,11326,18,49,2026-07-05T15:25:58.037000+00:00,44.345,39.935,26.133,261.0,257.0,False,110.413,"[None, 2048, 2048, 2048, 2048, 2048, 2048]","[2048, 2048, 2048, 2048, 2048, 2048, 2048, 2048, 2048, 2049]","[2048, 2048, 2048, 2048, 2049, 2049, 2049, 2048, 2048, 2049]",297.0
1289,11326,6,51,2026-07-05T15:25:59.452000+00:00,55.082,67.074,43.682,97.0,128.0,False,165.838,"[None, 2048, 2048, 2048, 2048, 2048, 2048]","[2048, 2048, 2048, 2048, 2048, 2048, 2048, 2048, 2048, 2048]","[2048, 2048, 2048, 2048, 2048, 2048, 2048, 2048, 2048, 2048]",177.0
1289,11326,11,50,2026-07-05T15:26:00.354000+00:00,42.391,40.172,26.244,233.0,264.0,False,108.807,"[None, 2048, 2048, 2048, 2048, 2048, 2048]","[2048, 2048, 2048, 2049, 2048, 2048, 2048, 2048, 2048, 2049]","[2049, 2049, 2048, 2048, 2048, 2048, 2049, 2049, 2049, 2049]",312.0
1289,11326,30,51,2026-07-05T15:26:02.410000+00:00,52.593,67.51,43.462,96.0,117.0,False,163.565,"[None, 2048, 2048, 2048, 2048, 2048, 2048]","[2048, 2048, 2048, 2048, 2048, 2048, 2048, 2048, 2048, 2048]","[2048, 2048, 2048, 2048, 2048, 2048, 2048, 2048, 2048, 2048]",156.0
1289,11326,41,51,2026-07-05T15:26:03.341000+00:00,52.44,67.38,43.407,99.0,112.0,False,163.227,"[None, 2048, 2048, 2048, 2048, 2048, 2048]","[2048, 2048, 2048, 2048, 2048, 2048, 2048, 2048, 2048, 2048]","[2048, 2048, 2048, 2048, 2048, 2048, 2048, 2048, 2048, 2048]",152.0
1289,11326,77,50,2026-07-05T15:26:03.767000+00:00,39.834,40.253,26.395,256.0,259.0,False,106.482,"[None, 2048, 2048, 2048, 2048, 2048, 2048]","[2048, 2048, 2048, 2048, 2049, 2048, 2048, 2048, 2048, 2048]","[2049, 2049, 2049, 2048, 2048, 2048, 2048, 2048, 2048, 2048]",316.0
1289,11326,5,51,2026-07-05T15:26:04.415000+00:00,51.856,68.162,43.09,162.0,117.0,False,163.108,"[None, 2048, 2048, 2048, 2048, 2048, 2048]","[2048, 2048, 2048, 2048, 2048, 2048, 2048, 2048, 2048, 2048]","[2048, 2048, 2048, 2048, 2048, 2048, 2048, 2048, 2048, 2048]",155.0
1289,11326,12,51,2026-07-05T15:26:05.307000+00:00,51.755,68.167,43.447,164.0,106.0,False,163.369,"[None, 2048, 2048, 2048, 2048, 2048, 2048]","[2048, 2048, 2048, 2048, 2048, 2048, 2048, 2048, 2048, 2048]","[2048, 2048, 2048, 2048, 2048, 2048, 2048, 2048, 2048, 2048]",157.0
1289,11326,43,51,2026-07-05T15:26:06.430000+00:00,51.668,67.489,43.47,165.0,100.0,False,162.627,"[None, 2048, 2048, 2048, 2048, 2048, 2048]","[2048, 2048, 2048, 2048, 2048, 2048, 2048, 2048, 2048, 2048]","[2048, 2048, 2048, 2048, 2048, 2048, 2048, 2048, 2048, 2048]",153.0
1289,11326,10,51,2026-07-05T15:26:08.717000+00:00,50.661,67.046,43.288,189.0,102.0,False,160.995,"[None, 2048, 2048, 2048, 2048, 2048, 2048]","[2048, 2048, 2048, 2048, 2048, 2048, 2048, 2048, 2048, 2048]","[2048, 2048, 2048, 2048, 2048, 2048, 2048, 2048, 2048, 2048]",169.0
1289,11326,81,51,2026-07-05T15:27:27.685000+00:00,29.187,37.384,27.015,295.0,263.0,False,93.586,"[None, 2048, 2048, 2048, 2048, 2048, 2048]","[2048, 2049, 2048, 2049, 2048, 2048, 2048, 2048, 2048, 2049]","[2048, 2048, 2048, 2048, 2048, 2048, 2048, 2048, 2048, 2048]",296.0
1289,11326,55,51,2026-07-05T15:27:32.096000+00:00,29.169,37.71,25.855,300.0,265.0,False,92.734,"[None, 2048, 2049, 2049, 2049, 2049, 2048]","[2048, 2049, 2049, 2048, 2048, 2049, 2049, 2049, 2048, 2049]","[2048, 2048, 2048, 2048, 2048, 2048, 2049, 2048, 2048, 2048]",300.0
1289,11326,14,50,2026-07-05T15:27:37.200000+00:00,30.331,39.352,26.144,280.0,256.0,False,95.827,"[None, 2049, 2049, 2049, 2049, 2049, 2048]","[2048, 2048, 2049, 2049, 2048, 2049, 2048, 2048, 2048, 2048]","[2048, 2048, 2048, 2048, 2049, 2048, 2049, 2049, 2049, 2048]",295.0
1289,11326,87,51,2026-07-05T15:27:37.905000+00:00,29.887,39.571,26.716,275.0,263.0,False,96.174,"[None, 2048, 2048, 2049, 2049, 2049, 2048]","[2048, 2048, 2048, 2048, 2048, 2048, 2048, 2048, 2048, 2048]","[2048, 2048, 2048, 2048, 2048, 2048, 2048, 2048, 2048, 2048]",273.0
1289,11326,31,51,2026-07-05T15:27:38.877000+00:00,30.223,38.958,26.678,286.0,250.0,False,95.859,"[2049, 2048, 2048, 2048, 2048, 2048, 2048]","[2048, 2048, 2048, 2048, 2048, 2048, 2048, 2048, 2048, 2048]","[2048, 2048, 2048, 2048, 2048, 2048, 2048, 2048, 2048, 2048]",293.0
1289,11326,18,50,2026-07-05T15:27:48.548000+00:00,32.393,39.749,26.103,247.0,258.0,False,98.245,"[None, 2048, 2048, 2048, 2048, 2048, 2048]","[2048, 2048, 2049, 2048, 2048, 2048, 2048, 2048, 2048, 2049]","[2048, 2048, 2048, 2048, 2049, 2049, 2049, 2049, 2049, 2049]",293.0
1289,11326,11,51,2026-07-05T15:27:49.295000+00:00,32.152,39.765,26.839,264.0,261.0,False,98.756,"[2049, 2048, 2048, 2048, 2048, 2048, 2048]","[2048, 2048, 2049, 2048, 2048, 2048, 2048, 2048, 2048, 2048]","[2048, 2048, 2048, 2048, 2048, 2048, 2048, 2048, 2048, 2048]",292.0
1289,11326,77,51,2026-07-05T15:27:50.218000+00:00,31.723,40.17,26.733,277.0,260.0,False,98.626,"[2049, 2048, 2048, 2048, 2048, 2048, 2048]","[2048, 2048, 2048, 2048, 2048, 2048, 2048, 2048, 2048, 2048]","[2049, 2048, 2048, 2048, 2048, 2048, 2048, 2048, 2048, 2048]",311.0
1289,11326,16,52,2026-07-05T15:28:42.066000+00:00,46.273,60.351,37.147,154.0,141.0,False,143.771,"[None, 2048, 2048, 2048, 2048, 2048, 2048]","[2048, 2048, 2048, 2048, 2048, 2048, 2048, 2048, 2048, 2048]","[2048, 2048, 2048, 2048, 2048, 2048, 2048, 2048, 2048, 2048]",210.0
1289,11326,63,52,2026-07-05T15:28:42.949000+00:00,46.335,59.951,36.999,166.0,143.0,False,143.285,"[None, 2048, 2048, 2048, 2048, 2048, 2048]","[2048, 2048, 2048, 2048, 2048, 2048, 2048, 2048, 2048, 2048]","[2048, 2048, 2048, 2048, 2048, 2048, 2048, 2048, 2048, 2048]",186.0
1289,11326,44,52,2026-07-05T15:28:43.438000+00:00,46.926,59.382,36.832,162.0,132.0,False,143.14,"[None, 2048, 2048, 2048, 2048, 2048, 2048]","[2048, 2048, 2048, 2048, 2048, 2048, 2048, 2048, 2048, 2048]","[2048, 2048, 2048, 2048, 2048, 2048, 2048, 2048, 2048, 2048]",186.0
1289,11326,1,52,2026-07-05T15:28:44.187000+00:00,46.901,59.162,36.686,154.0,129.0,False,142.749,"[None, 2048, 2048, 2048, 2048, 2048, 2048]","[2048, 2048, 2048, 2048, 2048, 2048, 2048, 2048, 2048, 2048]","[2048, 2048, 2048, 2048, 2048, 2048, 2048, 2048, 2048, 2048]",208.0
1289,11326,6,52,2026-07-05T15:28:45.123000+00:00,46.585,60.147,35.509,177.0,133.0,False,142.241,"[None, 2048, 2048, 2048, 2048, 2048, 2048]","[2048, 2048, 2048, 2048, 2048, 2048, 2048, 2048, 2048, 2048]","[2048, 2048, 2048, 2048, 2048, 2048, 2048, 2048, 2048, 2048]",231.0
1289,11326,30,52,2026-07-05T15:28:45.932000+00:00,46.488,60.233,35.149,189.0,124.0,False,141.87,"[None, 2048, 2048, 2048, 2048, 2048, 2048]","[2048, 2048, 2048, 2048, 2048, 2048, 2048, 2048, 2048, 2048]","[2048, 2048, 2048, 2048, 2048, 2048, 2048, 2048, 2048, 2048]",241.0
1289,11326,41,52,2026-07-05T15:28:46.588000+00:00,46.462,59.957,35.052,197.0,124.0,False,141.471,"[None, 2048, 2048, 2048, 2048, 2048, 2048]","[2048, 2048, 2048, 2048, 2048, 2048, 2048, 2048, 2048, 2048]","[2048, 2048, 2048, 2048, 2048, 2048, 2048, 2048, 2048, 2048]",234.0
1289,11326,5,52,2026-07-05T15:28:47.530000+00:00,46.097,60.106,34.52,212.0,125.0,False,140.723,"[None, 2048, 2048, 2048, 2048, 2048, 2048]","[2048, 2048, 2048, 2048, 2048, 2048, 2048, 2048, 2048, 2048]","[2048, 2048, 2048, 2048, 2048, 2048, 2048, 2048, 2048, 2048]",222.0
1289,11326,12,52,2026-07-05T15:28:48.570000+00:00,46.651,59.382,34.235,206.0,140.0,False,140.268,"[None, 2048, 2048, 2048, 2048, 2048, 2048]","[2048, 2048, 2048, 2048, 2048, 2048, 2048, 2048, 2048, 2048]","[2048, 2048, 2048, 2048, 2048, 2048, 2048, 2048, 2048, 2048]",255.0
1289,11326,43,52,2026-07-05T15:28:49.106000+00:00,47.032,58.794,34.133,195.0,139.0,False,139.959,"[None, 2048, 2048, 2048, 2048, 2048, 2048]","[2048, 2048, 2048, 2048, 2048, 2048, 2048, 2048, 2048, 2048]","[2048, 2048, 2048, 2048, 2048, 2048, 2048, 2048, 2048, 2048]",243.0
1289,11326,10,52,2026-07-05T15:28:49.703000+00:00,47.674,57.877,34.029,171.0,144.0,False,139.58,"[None, 2048, 2048, 2048, 2048, 2048, 2048]","[2048, 2048, 2048, 2048, 2048, 2048, 2048, 2048, 2048, 2048]","[2048, 2048, 2048, 2048, 2048, 2048, 2048, 2049, 2049, 2048]",251.0
1289,11326,81,52,2026-07-05T15:29:01.216000+00:00,36.926,57.888,33.764,168.0,146.0,False,128.578,"[None, 2048, 2048, 2048, 2048, 2048, 2048]","[2048, 2048, 2048, 2048, 2048, 2048, 2048, 2048, 2048, 2048]","[2048, 2048, 2048, 2048, 2048, 2048, 2048, 2048, 2048, 2048]",238.0
1289,11326,55,52,2026-07-05T15:29:04.750000+00:00,35.887,55.811,33.74,173.0,150.0,False,125.438,"[None, 2048, 2048, 2048, 2048, 2048, 2048]","[2048, 2048, 2048, 2048, 2048, 2048, 2048, 2048, 2048, 2048]","[2048, 2048, 2048, 2048, 2048, 2048, 2048, 2048, 2048, 2048]",265.0
1289,11326,14,51,2026-07-05T15:29:13.211000+00:00,30.975,53.227,33.477,255.0,182.0,False,117.679,"[None, 2048, 2048, 2048, 2048, 2048, 2048]","[2048, 2048, 2048, 2048, 2048, 2048, 2048, 2048, 2048, 2048]","[2048, 2048, 2048, 2048, 2048, 2048, 2048, 2048, 2048, 2048]",257.0
1289,11326,87,52,2026-07-05T15:29:14.169000+00:00,30.246,54.01,32.689,234.0,174.0,False,116.945,"[None, 2048, 2048, 2048, 2048, 2048, 2048]","[2048, 2048, 2048, 2048, 2048, 2048, 2048, 2048, 2048, 2048]","[2048, 2048, 2048, 2048, 2048, 2048, 2048, 2048, 2048, 2048]",245.0
1289,11326,31,52,2026-07-05T15:29:14.692000+00:00,30.551,54.064,32.014,274.0,168.0,False,116.629,"[2048, 2048, 2048, 2048, 2048, 2048, 2048]","[2048, 2048, 2048, 2048, 2048, 2048, 2048, 2048, 2048, 2048]","[2048, 2048, 2048, 2048, 2048, 2048, 2048, 2048, 2048, 2048]",243.0
1289,11326,18,51,2026-07-05T15:29:26.691000+00:00,30.425,43.367,32.039,281.0,204.0,False,105.831,"[None, 2048, 2048, 2049, 2048, 2049, 2048]","[2048, 2049, 2048, 2048, 2048, 2048, 2048, 2048, 2048, 2048]","[2048, 2048, 2048, 2048, 2048, 2048, 2048, 2048, 2048, 2048]",232.0
1289,11326,11,52,2026-07-05T15:29:28.059000+00:00,29.954,43.883,31.392,292.0,207.0,False,105.229,"[2048, 2048, 2048, 2049, 2048, 2049, 2048]","[2048, 2048, 2048, 2048, 2048, 2048, 2048, 2048, 2048, 2048]","[2048, 2048, 2048, 2048, 2048, 2048, 2048, 2048, 2048, 2048]",264.0
1289,11326,77,52,2026-07-05T15:29:28.859000+00:00,30.176,43.612,31.344,296.0,209.0,False,105.132,"[2048, 2048, 2048, 2048, 2049, 2049, 2048]","[2048, 2048, 2048, 2049, 2048, 2048, 2048, 2048, 2048, 2048]","[2048, 2048, 2048, 2048, 2048, 2048, 2048, 2049, 2048, 2048]",254.0
