meeting_key,session_key,driver_number,lap_number,date_start,duration_sector_1,duration_sector_2,duration_sector_3,i1_speed,i2_speed,is_pit_out_lap,lap_duration,segments_sector_1,segments_sector_2,segments_sector_3,st_speed
1288,11315,63,1,2026-06-28T13:03:19.728000+00:00,20.887,32.703,21.861,290.0,205.0,False,75.451,"[None, 2049, 2051, 2049, 2049, 2049]","[2049, 2051, 2049, 2049, 2049, 2049, 2051]","[2051, 2051, 2049, 2051, 2051, 2051, 2049, 2051]",278.0
1288,11315,44,1,2026-06-28T13:03:19.728000+00:00,21.301,32.733,22.144,317.0,203.0,False,76.178,"[None, 2049, 2049, 2049, 2049, 2049]","[2049, 2049, 2049, 2049, 2051, 2049, 2049]","[2049, 2049, 2049, 2049, 2049, 2049, 2051, 2051]",299.0
1288,11315,16,1,2026-06-28T13:03:19.728000+00:00,21.157,33.298,22.615,309.0,200.0,False,77.07,"[None, 2051, 2049, 2049, 2049, 2049]","[2051, 2049, 2049, 2049, 2049, 2049, 2049]","[2049, 2049, 2049, 2049, 2049, 2049, 2049, 2049]",279.0
1288,11315,12,1,2026-06-28T13:03:19.728000+00:00,21.48,33.513,22.318,304.0,203.0,False,77.311,"[None, 2049, 2049, 2049, 2049, 2049]","[2049, 2049, 2049, 2049, 2049, 2049, 2049]","[2049, 2049, 2051, 2049, 2049, 2049, 2051, 2051]",310.0
1288,11315,3,1,2026-06-28T13:03:19.728000+00:00,21.944,33.443,22.779,302.0,217.0,False,78.166,"[None, 2049, 2049, 2049, 2049, 2049]","[2049, 2049, 2049, 2049, 2049, 2049, 2049]","[2049, 2049, 2049, 2049, 2049, 2049, 2049, 2049]",298.0
1288,11315,81,1,2026-06-28T13:03:19.728000+00:00,22.157,33.419,22.84,315.0,203.0,False,78.416,"[2048, 2049, 2049, 2049, 2049, 2049]","[2049, 2049, 2049, 2049, 2049, 2049, 2049]","[2049, 2049, 2049, 2049, 2049, 2049, 2049, 2049]",316.0
1288,11315,1,1,2026-06-28T13:03:19.728000+00:00,21.923,34.025,23.01,313.0,204.0,False,78.958,"[None, 2049, 2049, 2051, 2051, 2049]","[2049, 2049, 2049, 2049, 2049, 2049, 2049]","[2049, 2049, 2049, 2049, 2049, 2049, 2049, 2049]",305.0
1288,11315,30,1,2026-06-28T13:03:19.728000+00:00,22.428,33.884,23.049,321.0,212.0,False,79.361,"[None, 2049, 2049, 2049, 2049, 2049]","[2049, 2049, 2051, 2049, 2049, 2051, 2049]","[2049, 2049, 2049, 2049, 2049, 2049, 2051, 2049]",296.0
1288,11315,6,1,2026-06-28T13:03:19.728000+00:00,22.405,34.261,23.335,318.0,209.0,False,80.001,"[None, 2049, 2049, 2049, 2049, 2051]","[2049, 2049, 2049, 2049, 2049, 2049, 2049]","[2049, 2049, 2049, 2049, 2049, 2049, 2049, 2049]",297.0
1288,11315,41,1,2026-06-28T13:03:19.728000+00:00,22.935,34.016,23.411,318.0,212.0,False,80.362,"[None, 2049, 2049, 2049, 2049, 2049]","[2049, 2049, 2049, 2049, 2049, 2049, 2049]","[2049, 2049, 2049, 2049, 2049, 2049, 2049, 2049]",303.0
1288,11315,5,1,2026-06-28T13:03:19.728000+00:00,23.303,33.933,23.529,314.0,208.0,False,80.765,"[2048, 2049, 2049, 2049, 2049, 2049]","[2049, 2049, 2049, 2051, 2049, 2049, 2049]","[2049, 2049, 2049, 2049, 2049, 2049, 2049, 2049]",308.0
1288,11315,31,1,2026-06-28T13:03:19.728000+00:00,23.486,34.024,23.4,306.0,202.0,False,80.91,"[2048, 2049, 2049, 2049, 2049, 2049]","[2049, 2049, 2049, 2049, 2049, 2049, 2049]","[2049, 2049, 2049, 2049, 2049, 2049, 2049, 2049]",304.0
1288,11315,10,1,2026-06-28T13:03:19.728000+00:00,23.569,34.497,23.172,294.0,197.0,False,81.238,"[None, 2049, 2049, 2049, 2049, 2049]","[2049, 2049, 2049, 2049, 2049, 2049, 2049]","[2049, 2049, 2049, 2049, 2049, 2049, 2049, 2049]",280.0
1288,11315,27,1,2026-06-28T13:03:19.728000+00:00,23.727,34.506,23.464,298.0,203.0,False,81.697,"[None, 2049, 2049, 2049, 2049, 2049]","[2049, 2049, 2049, 2049, 2049, 2049, 2049]","[2049, 2049, 2049, 2049, 2049, 2049, 2049, 2049]",290.0
1288,11315,87,1,2026-06-28T13:03:19.728000+00:00,23.816,34.659,23.559,300.0,205.0,False,82.034,"[2048, 2049, 2049, 2049, 2049, 2049]","[2049, 2049, 2049, 2049, 2049, 2049, 2049]","[2049, 2049, 2049, 2049, 2049, 2049, 2049, 2049]",286.0
1288,11315,55,1,2026-06-28T13:03:19.728000+00:00,24.354,34.518,23.647,309.0,198.0,False,82.519,"[2049, 2049, 2049, 2049, 2049, 2049]","[2049, 2049, 2049, 2049, 2049, 2049, 2049]","[2049, 2049, 2049, 2049, 2049, 2049, 2049, 2049]",304.0
1288,11315,23,1,2026-06-28T13:03:19.728000+00:00,24.411,34.885,23.653,303.0,196.0,False,82.949,"[2049, 2049, 2049, 2049, 2049, 2049]","[2049, 2049, 2049, 2049, 2049, 2049, 2049]","[2049, 2049, 2049, 2049, 2049, 2049, 2049, 2049]",302.0
1288,11315,11,1,2026-06-28T13:03:19.728000+00:00,24.442,35.102,23.618,296.0,199.0,False,83.162,"[2049, 2049, 2049, 2049, 2049, 2049]","[2049, 2049, 2049, 2049, 2049, 2049, 2049]","[2049, 2049, 2049, 2049, 2049, 2049, 2049, 2049]",283.0
1288,11315,14,1,2026-06-28T13:03:19.728000+00:00,24.894,35.167,23.8,296.0,198.0,False,83.861,"[2049, 2049, 2049, 2049, 2049, 2049]","[2049, 2049, 2049, 2049, 2049, 2049, 2049]","[2049, 2049, 2049, 2049, 2049, 2049, 2049, 2049]",299.0
1288,11315,43,1,2026-06-28T13:03:19.728000+00:00,25.175,35.048,23.775,278.0,198.0,False,83.998,"[2049, 2049, 2049, 2049, 2049, 2049]","[2049, 2049, 2049, 2049, 2049, 2049, 2049]","[2049, 2049, 2049, 2049, 2049, 2049, 2049, 2048]",284.0
1288,11315,77,1,2026-06-28T13:03:19.728000+00:00,24.666,35.182,24.614,291.0,202.0,False,84.462,"[2049, 2049, 2049, 2049, 2049, 2049]","[2049, 2049, 2049, 2049, 2049, 2049, 2049]","[2049, 2049, 2049, 2049, 2049, 2049, 2049, 2049]",293.0
1288,11315,18,1,2026-06-28T13:03:19.728000+00:00,24.953,36.219,24.039,309.0,199.0,False,85.211,"[2049, 2049, 2049, 2049, 2049, 2049]","[2049, 2049, 2049, 2049, 2049, 2049, 2049]","[2049, 2049, 2049, 2049, 2049, 2049, 2049, 2049]",284.0
1288,11315,63,2,2026-06-28T13:04:35.179000+00:00,17.679,32.556,21.802,289.0,204.0,False,72.037,"[2049, 2049, 2049, 2049, 2048, 2048]","[2049, 2048, 2048, 2049, 2048, 2049, 2051]","[2048, 2048, 2049, 2051, 2051, 2048, 2049]",288.0
1288,11315,44,2,2026-06-28T13:04:35.906000+00:00,17.47,32.538,22.02,307.0,208.0,False,72.028,"[2049, 2049, 2049, 2049, 2048, 2048]","[2048, 2049, 2048, 2048, 2048, 2049, 2049]","[2049, 2048, 2049, 2049, 2048, 2048, 2048, 2048]",293.0
1288,11315,16,2,2026-06-28T13:04:36.798000+00:00,18.292,33.256,22.594,304.0,200.0,False,74.142,"[2049, 2049, 2048, 2048, 2048, 2048]","[2048, 2049, 2048, 2049, 2049, 2048, 2049]","[2049, 2048, 2048, 2049, 2049, 2048, 2048, 2049]",302.0
1288,11315,12,2,2026-06-28T13:04:37.039000+00:00,17.866,33.687,22.663,283.0,204.0,False,74.216,"[2051, 2051, 2049, 2048, 2048, 2048]","[2048, 2049, 2048, 2048, 2048, 2049, 2048]","[2048, 2048, 2048, 2049, 2048, 2048, 2048, 2048]",278.0
1288,11315,3,2,2026-06-28T13:04:37.894000+00:00,17.386,32.542,22.174,312.0,209.0,False,72.102,"[2049, 2049, 2051, 2049, 2049, 2049]","[2049, 2049, 2049, 2049, 2049, 2051, 2049]","[2049, 2049, 2048, 2049, 2049, 2049, 2049, 2049]",322.0
1288,11315,81,2,2026-06-28T13:04:38.144000+00:00,17.495,33.132,22.873,309.0,198.0,False,73.5,"[2049, 2049, 2049, 2049, 2049, 2048]","[2048, 2049, 2048, 2051, 2049, 2049, 2049]","[2048, 2049, 2049, 2048, 2048, 2048, 2049, 2049]",334.0
1288,11315,1,2,2026-06-28T13:04:38.686000+00:00,17.506,32.889,23.011,311.0,189.0,False,73.406,"[2049, 2049, 2049, 2049, 2048, 2049]","[2049, 2049, 2049, 2049, 2049, 2049, 2048]","[2048, 2049, 2049, 2049, 2049, 2048, 2048, 2049]",317.0
1288,11315,30,2,2026-06-28T13:04:39.089000+00:00,17.503,33.281,22.762,302.0,214.0,False,73.546,"[2049, 2049, 2049, 2049, 2049, 2048]","[2048, 2049, 2048, 2048, 2049, 2049, 2049]","[2049, 2049, 2049, 2049, 2049, 2048, 2048, 2049]",293.0
1288,11315,6,2,2026-06-28T13:04:39.729000+00:00,17.674,32.934,22.805,309.0,214.0,False,73.413,"[2049, 2049, 2049, 2051, 2049, 2048]","[2049, 2049, 2049, 2049, 2049, 2049, 2049]","[2049, 2049, 2049, 2049, 2049, 2048, 2049, 2049]",300.0
1288,11315,41,2,2026-06-28T13:04:40.090000+00:00,17.716,33.304,22.677,306.0,209.0,False,73.697,"[2049, 2049, 2049, 2049, 2049, 2048]","[2048, 2049, 2049, 2049, 2049, 2049, 2049]","[2049, 2049, 2049, 2049, 2049, 2049, 2049, 2049]",307.0
1288,11315,5,2,2026-06-28T13:04:40.493000+00:00,17.98,33.507,23.029,304.0,212.0,False,74.516,"[2049, 2049, 2049, 2049, 2049, 2048]","[2048, 2049, 2048, 2048, 2049, 2048, 2049]","[2049, 2049, 2049, 2049, 2049, 2049, 2048, 2048]",303.0
1288,11315,31,2,2026-06-28T13:04:40.638000+00:00,17.722,33.194,22.933,323.0,205.0,False,73.849,"[2049, 2049, 2049, 2049, 2049, 2049]","[2049, 2049, 2049, 2049, 2049, 2049, 2049]","[2049, 2048, 2049, 2049, 2049, 2049, 2049, 2049]",296.0
1288,11315,10,2,2026-06-28T13:04:40.966000+00:00,17.978,33.506,22.971,308.0,197.0,False,74.455,"[2049, 2049, 2049, 2049, 2049, 2049]","[2049, 2049, 2049, 2049, 2049, 2049, 2049]","[2048, 2049, 2049, 2049, 2049, 2049, 2048, 2049]",303.0
1288,11315,27,2,2026-06-28T13:04:41.425000+00:00,17.712,33.563,23.027,312.0,209.0,False,74.302,"[2049, 2049, 2049, 2049, 2049, 2049]","[2049, 2049, 2048, 2048, 2049, 2049, 2049]","[2049, 2049, 2049, 2049, 2049, 2048, 2048, 2049]",298.0
1288,11315,87,2,2026-06-28T13:04:41.762000+00:00,17.691,33.674,23.033,320.0,206.0,False,74.398,"[2049, 2049, 2049, 2049, 2049, 2049]","[2049, 2049, 2048, 2048, 2049, 2049, 2049]","[2049, 2049, 2049, 2049, 2049, 2049, 2048, 2048]",300.0
1288,11315,55,2,2026-06-28T13:04:42.247000+00:00,17.771,33.776,23.143,308.0,199.0,False,74.69,"[None, 2049, 2049, 2049, 2049, 2049]","[2049, 2049, 2048, 2049, 2049, 2049, 2049]","[2049, 2049, 2049, 2049, 2049, 2049, 2049, 2049]",304.0
1288,11315,23,2,2026-06-28T13:04:42.677000+00:00,17.941,33.71,23.305,319.0,198.0,False,74.956,"[None, 2049, 2049, 2049, 2049, 2049]","[2049, 2049, 2049, 2048, 2049, 2049, 2049]","[2048, 2049, 2049, 2049, 2049, 2048, 2049, 2049]",299.0
1288,11315,11,2,2026-06-28T13:04:42.890000+00:00,17.711,34.119,23.445,320.0,199.0,False,75.275,"[None, 2049, 2049, 2049, 2049, 2049]","[2049, 2049, 2049, 2049, 2049, 2049, 2048]","[2049, 2048, 2049, 2049, 2049, 2048, 2048, 2048]",299.0
1288,11315,14,2,2026-06-28T13:04:43.589000+00:00,18.442,34.013,23.493,304.0,200.0,False,75.948,"[None, 2049, 2049, 2049, 2049, 2049]","[2049, 2049, 2049, 2048, 2049, 2049, 2049]","[2049, 2049, 2048, 2049, 2049, 2049, 2048, 2048]",279.0
1288,11315,43,2,2026-06-28T13:04:43.726000+00:00,17.959,33.514,23.281,303.0,201.0,False,74.754,"[None, 2049, 2049, 2049, 2049, 2049]","[2049, 2049, 2048, 2049, 2049, 2048, 2049]","[2049, 2049, 2048, 2049, 2049, 2048, 2048, 2049]",303.0
1288,11315,77,2,2026-06-28T13:04:44.190000+00:00,17.904,36.123,33.721,323.0,173.0,False,87.748,"[None, 2049, 2049, 2049, 2051, 2051]","[2049, 2049, 2048, 2048, 2048, 2048, 2048]","[2048, 2048, 2048, 2048, 2064, 2064, 2064, 2064]",267.0
1288,11315,18,2,2026-06-28T13:04:44.939000+00:00,18.197,34.26,23.585,299.0,200.0,False,76.042,"[None, 2049, 2049, 2049, 2048, 2048]","[2049, 2049, 2049, 2048, 2049, 2049, 2049]","[2049, 2049, 2049, 2049, 2049, 2049, 2048, 2048]",278.0
1288,11315,63,3,2026-06-28T13:05:47.125000+00:00,17.546,32.419,21.853,,205.0,False,71.818,"[None, 2049, 2051, 2049, 2048, 2048]","[2048, 2051, 2048, 2049, 2049, 2049, 2049]","[2048, 2048, 2048, 2048, 2048, 2048, 2048, 2049]",293.0
1288,11315,44,3,2026-06-28T13:05:48.023000+00:00,17.344,32.443,22.187,311.0,206.0,False,71.974,"[2048, 2048, 2049, 2049, 2049, 2048]","[2048, 2048, 2048, 2048, 2048, 2049, 2051]","[2048, 2048, 2048, 2048, 2048, 2048, 2048, 2049]",295.0
1288,11315,3,3,2026-06-28T13:05:49.934000+00:00,17.562,32.522,22.0,295.0,211.0,False,72.084,"[None, 2049, 2049, 2048, 2048, 2048]","[2049, 2049, 2048, 2048, 2051, 2048, 2049]","[2049, 2048, 2049, 2049, 2049, 2049, 2048, 2048]",289.0
1288,11315,16,3,2026-06-28T13:05:50.842000+00:00,17.423,32.611,22.412,311.0,206.0,False,72.446,"[None, 2048, 2049, 2049, 2049, 2049]","[2048, 2049, 2048, 2048, 2048, 2048, 2049]","[2049, 2049, 2048, 2048, 2048, 2048, 2048, 2049]",298.0
1288,11315,12,3,2026-06-28T13:05:51.274000+00:00,17.354,32.791,22.423,299.0,203.0,False,72.568,"[2048, 2048, 2049, 2049, 2049, 2048]","[2048, 2049, 2049, 2048, 2049, 2049, 2049]","[2049, 2048, 2048, 2049, 2049, 2048, 2048]",302.0
1288,11315,81,3,2026-06-28T13:05:51.810000+00:00,17.357,32.819,22.525,311.0,201.0,False,72.701,"[None, 2048, 2049, 2049, 2049, 2048]","[2048, 2049, 2048, 2048, 2048, 2048, 2049]","[2049, 2049, 2049, 2049, 2049, 2048, 2048]",309.0
1288,11315,1,3,2026-06-28T13:05:52.147000+00:00,17.426,33.028,22.561,313.0,204.0,False,73.015,"[None, 2048, 2049, 2049, 2048, 2048]","[2048, 2048, 2048, 2048, 2048, 2048, 2049]","[2049, 2048, 2049, 2049, 2049, 2049, 2048, 2048]",309.0
1288,11315,30,3,2026-06-28T13:05:52.758000+00:00,17.397,33.401,22.812,311.0,212.0,False,73.61,"[None, 2048, 2048, 2048, 2048, 2048]","[2048, 2049, 2048, 2048, 2048, 2048, 2048]","[2049, 2049, 2048, 2048, 2048, 2048, 2048, 2048]",298.0
1288,11315,6,3,2026-06-28T13:05:53.219000+00:00,17.381,33.208,22.91,312.0,213.0,False,73.499,"[None, 2049, 2048, 2048, 2049, 2048]","[2048, 2049, 2048, 2049, 2048, 2048, 2048]","[2048, 2051, 2048, 2048, 2048, 2048, 2049]",302.0
1288,11315,41,3,2026-06-28T13:05:53.764000+00:00,17.319,33.265,22.899,309.0,210.0,False,73.483,"[None, 2049, 2049, 2048, 2049, 2049]","[2048, 2049, 2048, 2048, 2048, 2049, 2048]","[2049, 2048, 2049, 2048, 2048, 2048, 2048, 2048]",303.0
1288,11315,31,3,2026-06-28T13:05:54.534000+00:00,17.534,33.05,23.061,318.0,206.0,False,73.645,"[None, 2049, 2049, 2048, 2048, 2048]","[2048, 2049, 2048, 2048, 2049, 2049, 2049]","[2048, 2048, 2049, 2048, 2049, 2048, 2048, 2048]",296.0
1288,11315,5,3,2026-06-28T13:05:55.019000+00:00,17.681,32.996,22.861,310.0,214.0,False,73.538,"[2048, 2049, 2049, 2049, 2049, 2048]","[2049, 2049, 2048, 2048, 2049, 2048, 2048]","[2049, 2048, 2049, 2049, 2048, 2049, 2049, 2049]",296.0
1288,11315,10,3,2026-06-28T13:05:55.440000+00:00,17.556,33.245,22.912,310.0,200.0,False,73.713,"[None, 2049, 2049, 2049, 2049, 2049]","[2048, 2049, 2048, 2049, 2048, 2049, 2049]","[2049, 2048, 2049, 2049, 2049, 2048, 2048, 2049]",303.0
1288,11315,27,3,2026-06-28T13:05:55.695000+00:00,17.588,33.321,23.079,314.0,209.0,False,73.988,"[None, 2048, 2049, 2049, 2048, 2049]","[2049, 2049, 2048, 2048, 2049, 2049, 2048]","[2049, 2048, 2048, 2049, 2049, 2048, 2048]",297.0
1288,11315,87,3,2026-06-28T13:05:56.065000+00:00,17.609,33.515,22.983,321.0,206.0,False,74.107,"[2048, 2048, 2049, 2048, 2048, 2048]","[2049, 2049, 2048, 2048, 2049, 2048, 2049]","[2049, 2048, 2049, 2049, 2049, 2048, 2048]",304.0
1288,11315,55,3,2026-06-28T13:05:56.903000+00:00,17.579,33.389,23.198,315.0,200.0,False,74.166,"[None, 2049, 2049, 2049, 2048, 2049]","[2049, 2049, 2048, 2048, 2049, 2049, 2049]","[2049, 2048, 2049, 2049, 2049, 2048, 2048, 2048]",311.0
1288,11315,23,3,2026-06-28T13:05:57.744000+00:00,17.615,33.334,23.369,314.0,200.0,False,74.318,"[None, 2048, 2049, 2048, 2048, 2048]","[2049, 2049, 2048, 2049, 2048, 2049, 2049]","[2049, 2048, 2048, 2049, 2048, 2048, 2048]",306.0
1288,11315,11,3,2026-06-28T13:05:58.230000+00:00,17.579,33.468,23.401,307.0,201.0,False,74.448,"[2048, 2048, 2049, 2049, 2049, 2049]","[2048, 2049, 2048, 2048, 2049, 2049, 2049]","[2049, 2048, 2049, 2048, 2049, 2048, 2048, 2048]",298.0
1288,11315,43,3,2026-06-28T13:05:58.482000+00:00,17.694,33.526,23.203,306.0,200.0,False,74.423,"[None, 2048, 2049, 2049, 2049, 2049]","[2048, 2049, 2048, 2049, 2048, 2049, 2049]","[2049, 2048, 2048, 2048, 2049, 2048, 2048, 2049]",305.0
1288,11315,14,3,2026-06-28T13:05:59.625000+00:00,18.063,33.504,23.338,296.0,201.0,False,74.905,"[2048, 2049, 2049, 2049, 2048, 2048]","[2048, 2049, 2048, 2048, 2049, 2048, 2049]","[2049, 2048, 2048, 2049, 2049, 2048, 2048, 2048]",275.0
1288,11315,18,3,2026-06-28T13:06:00.934000+00:00,18.181,33.401,23.433,288.0,201.0,False,75.015,"[None, 2049, 2049, 2049, 2048, 2048]","[2049, 2049, 2049, 2048, 2049, 2049, 2049]","[2049, 2049, 2049, 2049, 2049, 2048, 2048]",283.0
1288,11315,77,3,2026-06-28T13:06:11.845000+00:00,,,,,,False,,"[None, None, None, None, None, 2049]",,,
1288,11315,63,4,2026-06-28T13:06:59.024000+00:00,17.512,32.282,21.985,295.0,205.0,False,71.779,"[None, 2049, 2048, 2048, 2048, 2048]","[2048, 2049, 2049, 2049, 2049, 2048, 2049]","[2051, 2048, 2049, 2048, 2048, 2048, 2048, 2048]",294.0
1288,11315,44,4,2026-06-28T13:07:00.001000+00:00,17.356,32.473,22.108,,205.0,False,71.937,"[2049, 2048, 2048, 2048, 2048, 2048]","[2048, 2049, 2048, 2048, 2048, 2048, 2048]","[2048, 2048, 2048, 2049, 2049, 2048, 2048, 2048]",295.0
1288,11315,3,4,2026-06-28T13:07:01.975000+00:00,17.386,32.177,22.17,304.0,212.0,False,71.733,"[2048, 2049, 2049, 2048, 2048, 2048]","[2049, 2051, 2048, 2048, 2048, 2048, 2049]","[2048, 2048, 2049, 2048, 2048, 2048, 2048, 2048]",297.0
1288,11315,16,4,2026-06-28T13:07:03.625000+00:00,17.5,32.207,22.264,308.0,206.0,False,71.971,"[None, 2048, 2048, 2048, 2048, 2048]","[2048, 2049, 2048, 2048, 2051, 2048, 2051]","[2049, 2048, 2048, 2049, 2049, 2048, 2048, 2048]",297.0
1288,11315,12,4,2026-06-28T13:07:03.966000+00:00,17.393,32.509,22.212,307.0,204.0,False,72.114,"[None, 2048, 2049, 2048, 2048, 2048]","[2048, 2049, 2048, 2048, 2049, 2049, 2049]","[2049, 2048, 2048, 2049, 2049, 2048, 2048, 2048]",302.0
1288,11315,81,4,2026-06-28T13:07:04.679000+00:00,17.389,32.627,22.344,315.0,202.0,False,72.36,"[None, 2048, 2048, 2048, 2048, 2048]","[2048, 2049, 2048, 2048, 2049, 2048, 2049]","[2049, 2048, 2049, 2049, 2049, 2048, 2048, 2048]",311.0
1288,11315,1,4,2026-06-28T13:07:05.225000+00:00,17.419,32.841,22.37,316.0,201.0,False,72.63,"[None, 2048, 2049, 2048, 2048, 2048]","[2048, 2049, 2048, 2048, 2049, 2048, 2049]","[2049, 2048, 2049, 2049, 2049, 2049, 2048, 2048]",309.0
1288,11315,30,4,2026-06-28T13:07:06.412000+00:00,17.383,34.049,22.936,313.0,205.0,False,74.368,"[2048, 2049, 2049, 2048, 2048, 2048]","[2048, 2048, 2048, 2048, 2048, 2048, 2048]","[2048, 2048, 2048, 2049, 2048, 2048, 2048, 2048]",300.0
1288,11315,6,4,2026-06-28T13:07:06.615000+00:00,17.364,33.295,22.37,314.0,208.0,False,73.029,"[None, 2048, 2048, 2048, 2049, 2048]","[2049, 2048, 2048, 2048, 2048, 2048, 2049]","[2049, 2048, 2049, 2049, 2049, 2049, 2049]",304.0
1288,11315,41,4,2026-06-28T13:07:07.250000+00:00,17.508,33.477,22.928,308.0,207.0,False,73.913,"[2048, 2048, 2048, 2048, 2048, 2048]","[2049, 2048, 2049, 2048, 2048, 2048, 2048]","[2048, 2048, 2048, 2048, 2048, 2048, 2048, 2048]",306.0
1288,11315,31,4,2026-06-28T13:07:08.329000+00:00,17.556,33.389,23.158,314.0,203.0,False,74.103,"[None, 2049, 2048, 2048, 2048, 2048]","[2048, 2048, 2048, 2048, 2048, 2048, 2048]","[2048, 2048, 2048, 2048, 2048, 2048, 2048, 2048]",296.0
1288,11315,5,4,2026-06-28T13:07:08.523000+00:00,17.748,33.369,23.013,305.0,209.0,False,74.13,"[2049, 2048, 2048, 2048, 2048, 2048]","[2048, 2049, 2048, 2048, 2048, 2048, 2048]","[2048, 2048, 2049, 2048, 2048, 2049, 2048, 2048]",292.0
1288,11315,10,4,2026-06-28T13:07:09.032000+00:00,17.499,33.374,23.142,317.0,201.0,False,74.015,"[None, 2049, 2048, 2048, 2048, 2049]","[2049, 2048, 2048, 2049, 2048, 2048, 2049]","[2048, 2048, 2048, 2048, 2048, 2048, 2048, 2048]",305.0
1288,11315,27,4,2026-06-28T13:07:09.724000+00:00,17.548,33.332,23.025,306.0,210.0,False,73.905,"[2048, 2049, 2049, 2048, 2048, 2048]","[2049, 2048, 2048, 2048, 2048, 2048, 2049]","[2049, 2048, 2048, 2048, 2048, 2048, 2048, 2048]",295.0
1288,11315,87,4,2026-06-28T13:07:10.357000+00:00,17.487,33.537,23.079,318.0,204.0,False,74.103,"[2049, 2049, 2049, 2048, 2048, 2048]","[2049, 2049, 2048, 2048, 2048, 2048, 2048]","[2049, 2048, 2048, 2048, 2048, 2048, 2048, 2048]",305.0
1288,11315,55,4,2026-06-28T13:07:11.224000+00:00,17.638,33.324,23.287,316.0,200.0,False,74.249,"[2048, 2048, 2048, 2048, 2048, 2048]","[2049, 2049, 2048, 2048, 2049, 2048, 2049]","[2049, 2048, 2048, 2048, 2048, 2048, 2048, 2048]",310.0
1288,11315,23,4,2026-06-28T13:07:11.984000+00:00,17.656,33.367,23.247,311.0,199.0,False,74.27,"[2048, 2048, 2049, 2048, 2048, 2048]","[2049, 2048, 2048, 2048, 2049, 2048, 2049]","[2049, 2048, 2049, 2048, 2049, 2048, 2048, 2048]",303.0
1288,11315,11,4,2026-06-28T13:07:12.804000+00:00,17.553,34.591,32.713,299.0,198.0,False,84.857,"[None, 2048, 2048, 2048, 2048, 2048]","[2048, 2049, 2048, 2048, 2048, 2048, 2048]","[2048, 2048, 2048, 2048, 2064, 2064, 2064, 2064]",249.0
1288,11315,43,4,2026-06-28T13:07:13.080000+00:00,17.485,33.258,23.109,315.0,200.0,False,73.852,"[None, 2048, 2048, 2049, 2049, 2049]","[2048, 2049, 2049, 2049, 2049, 2048, 2048]","[2048, 2048, 2049, 2049, 2049, 2048, 2048, 2048]",307.0
1288,11315,14,4,2026-06-28T13:07:14.526000+00:00,18.142,33.702,23.585,285.0,200.0,False,75.429,"[2049, 2049, 2049, 2048, 2048, 2048]","[2048, 2048, 2048, 2048, 2048, 2049, 2048]","[2048, 2048, 2048, 2048, 2048, 2049, 2048, 2048]",277.0
1288,11315,18,4,2026-06-28T13:07:16.021000+00:00,18.063,33.599,23.555,289.0,200.0,False,75.217,"[2048, 2049, 2049, 2049, 2048, 2048]","[2049, 2048, 2048, 2048, 2048, 2048, 2048]","[2048, 2048, 2048, 2049, 2049, 2048, 2048, 2048]",280.0
1288,11315,63,5,2026-06-28T13:08:10.804000+00:00,17.524,32.303,21.859,300.0,206.0,False,71.686,"[2048, 2049, 2048, 2048, 2048, 2048]","[2049, 2048, 2049, 2049, 2048, 2049, 2048]","[2048, 2048, 2049, 2048, 2048, 2048, 2048]",298.0
1288,11315,44,5,2026-06-28T13:08:11.946000+00:00,17.362,32.308,22.211,309.0,206.0,False,71.881,"[2048, 2048, 2048, 2048, 2048, 2048]","[2049, 2049, 2048, 2048, 2048, 2048, 2049]","[2048, 2048, 2048, 2048, 2048, 2048, 2048, 2048]",297.0
1288,11315,3,5,2026-06-28T13:08:13.650000+00:00,17.439,32.187,22.22,302.0,211.0,False,71.846,"[None, 2049, 2048, 2048, 2048, 2048]","[2048, 2048, 2048, 2048, 2048, 2048, 2048]","[2048, 2048, 2049, 2048, 2048, 2048, 2048, 2048]",300.0
1288,11315,16,5,2026-06-28T13:08:15.297000+00:00,17.54,32.443,22.269,307.0,205.0,False,72.252,"[2048, 2048, 2048, 2048, 2048, 2048]","[2051, 2048, 2048, 2048, 2048, 2048, 2048]","[2048, 2048, 2048, 2049, 2048, 2048, 2048, 2048]",295.0
1288,11315,12,5,2026-06-28T13:08:15.990000+00:00,17.236,32.605,22.327,309.0,203.0,False,72.168,"[None, 2048, 2049, 2048, 2048, 2048]","[2049, 2049, 2049, 2048, 2048, 2049, 2048]","[2048, 2048, 2048, 2048, 2048, 2048, 2048, 2048]",300.0
1288,11315,81,5,2026-06-28T13:08:16.853000+00:00,17.293,32.656,22.285,313.0,201.0,False,72.234,"[2048, 2049, 2049, 2048, 2048, 2048]","[2048, 2049, 2048, 2048, 2048, 2049, 2049]","[2048, 2048, 2048, 2049, 2048, 2049, 2049, 2048]",309.0
1288,11315,1,5,2026-06-28T13:08:17.715000+00:00,17.338,32.593,22.508,314.0,203.0,False,72.439,"[None, 2049, 2049, 2048, 2048, 2048]","[2049, 2049, 2048, 2048, 2048, 2048, 2049]","[2049, 2048, 2048, 2049, 2048, 2048, 2048, 2048]",309.0
1288,11315,6,5,2026-06-28T13:08:19.554000+00:00,17.32,32.867,22.406,311.0,211.0,False,72.593,"[2048, 2049, 2049, 2048, 2048, 2048]","[2049, 2048, 2048, 2048, 2049, 2048, 2049]","[2049, 2048, 2048, 2048, 2048, 2049, 2049, 2048]",300.0
1288,11315,30,5,2026-06-28T13:08:20.668000+00:00,17.524,32.992,22.708,302.0,211.0,False,73.224,"[None, 2048, 2049, 2049, 2048, 2048]","[2049, 2049, 2048, 2048, 2048, 2048, 2049]","[2049, 2048, 2048, 2048, 2049, 2048, 2048, 2048]",298.0
1288,11315,41,5,2026-06-28T13:08:21.261000+00:00,17.495,33.159,22.866,307.0,206.0,False,73.52,"[None, 2048, 2048, 2048, 2048, 2048]","[2048, 2049, 2048, 2048, 2048, 2048, 2049]","[2049, 2048, 2048, 2048, 2048, 2048, 2048, 2048]",292.0
1288,11315,31,5,2026-06-28T13:08:22.399000+00:00,17.624,33.151,23.018,311.0,206.0,False,73.793,"[2048, 2049, 2048, 2048, 2048, 2048]","[2048, 2048, 2048, 2048, 2048, 2048, 2049]","[2048, 2048, 2048, 2049, 2049, 2049, 2048, 2048]",297.0
1288,11315,5,5,2026-06-28T13:08:22.643000+00:00,17.82,33.199,23.03,307.0,211.0,False,74.049,"[2048, 2048, 2048, 2048, 2048, 2048]","[2048, 2048, 2048, 2048, 2048, 2048, 2048]","[2048, 2048, 2048, 2049, 2049, 2048, 2048, 2048]",297.0
1288,11315,10,5,2026-06-28T13:08:23.079000+00:00,17.65,33.322,23.051,321.0,202.0,False,74.023,"[2048, 2048, 2048, 2048, 2048, 2049]","[2049, 2048, 2048, 2048, 2048, 2048, 2049]","[2049, 2048, 2048, 2049, 2049, 2048, 2048, 2048]",314.0
1288,11315,27,5,2026-06-28T13:08:23.656000+00:00,17.673,33.335,23.018,311.0,210.0,False,74.026,"[None, 2048, 2048, 2048, 2048, 2048]","[2048, 2048, 2048, 2048, 2048, 2049, 2048]","[2048, 2048, 2048, 2048, 2049, 2048, 2048, 2048]",299.0
1288,11315,87,5,2026-06-28T13:08:24.407000+00:00,17.594,33.595,22.981,311.0,205.0,False,74.17,"[2048, 2049, 2049, 2048, 2048, 2048]","[2048, 2048, 2048, 2048, 2048, 2048, 2048]","[2048, 2048, 2048, 2049, 2049, 2048, 2048, 2048]",300.0
1288,11315,55,5,2026-06-28T13:08:25.349000+00:00,17.842,33.02,23.282,313.0,199.0,False,74.144,"[None, 2048, 2048, 2048, 2048, 2048]","[2049, 2049, 2048, 2048, 2049, 2049, 2048]","[2048, 2048, 2048, 2048, 2049, 2048, 2048, 2048]",311.0
1288,11315,23,5,2026-06-28T13:08:26.241000+00:00,17.736,33.235,23.317,307.0,199.0,False,74.288,"[None, 2048, 2048, 2048, 2048, 2048]","[2048, 2049, 2048, 2049, 2049, 2049, 2049]","[2048, 2048, 2048, 2048, 2048, 2049, 2048, 2048]",310.0
1288,11315,43,5,2026-06-28T13:08:26.829000+00:00,17.808,33.939,23.353,313.0,201.0,False,75.1,"[2048, 2048, 2048, 2048, 2048, 2048]","[2048, 2048, 2048, 2048, 2048, 2048, 2049]","[2049, 2048, 2048, 2049, 2049, 2048, 2048, 2048]",298.0
1288,11315,14,5,2026-06-28T13:08:29.916000+00:00,18.174,33.482,23.267,288.0,199.0,False,74.923,"[2048, 2048, 2049, 2048, 2048, 2048]","[2049, 2048, 2048, 2048, 2049, 2048, 2048]","[2049, 2048, 2048, 2049, 2048, 2049, 2048, 2048]",282.0
1288,11315,18,5,2026-06-28T13:08:31.320000+00:00,18.108,33.453,23.426,294.0,201.0,False,74.987,"[2049, 2049, 2048, 2048, 2048, 2048]","[2048, 2048, 2048, 2048, 2048, 2049, 2049]","[2048, 2048, 2049, 2048, 2048, 2048, 2048, 2048]",287.0
1288,11315,11,5,2026-06-28T13:08:37.480000+00:00,,,,,,False,,,,,
1288,11315,63,6,2026-06-28T13:09:22.524000+00:00,17.528,32.387,22.032,296.0,206.0,False,71.947,"[2049, 2049, 2048, 2048, 2048, 2048]","[2048, 2048, 2048, 2048, 2049, 2048, 2048]","[2048, 2048, 2048, 2048, 2048, 2048, 2048, 2048]",297.0
1288,11315,44,6,2026-06-28T13:09:23.799000+00:00,17.517,32.585,22.344,308.0,205.0,False,72.446,"[None, 2048, 2048, 2048, 2048, 2048]","[2048, 2049, 2048, 2048, 2048, 2048, 2048]","[2048, 2048, 2048, 2048, 2049, 2048, 2048, 2048]",296.0
1288,11315,3,6,2026-06-28T13:09:25.669000+00:00,17.44,32.226,22.179,304.0,210.0,False,71.845,"[None, 2048, 2048, 2048, 2048, 2048]","[2049, 2048, 2048, 2048, 2048, 2048, 2048]","[2048, 2048, 2049, 2048, 2048, 2048, 2048, 2049]",297.0
1288,11315,16,6,2026-06-28T13:09:27.611000+00:00,17.513,32.383,22.32,,205.0,False,72.216,"[None, 2048, 2048, 2049, 2048, 2048]","[2051, 2048, 2048, 2048, 2048, 2048, 2048]","[2049, 2048, 2048, 2048, 2048, 2048, 2048, 2048]",295.0
1288,11315,12,6,2026-06-28T13:09:28.208000+00:00,17.212,32.76,22.313,313.0,205.0,False,72.285,"[None, 2048, 2048, 2048, 2049, 2049]","[2048, 2048, 2048, 2049, 2048, 2048, 2049]","[2049, 2048, 2048, 2049, 2049, 2048, 2048, 2048]",316.0
1288,11315,81,6,2026-06-28T13:09:29.098000+00:00,17.405,32.515,22.47,315.0,201.0,False,72.39,"[None, 2048, 2048, 2048, 2048, 2048]","[2048, 2049, 2048, 2048, 2048, 2048, 2049]","[2048, 2048, 2048, 2048, 2048, 2048, 2048, 2048]",311.0
1288,11315,1,6,2026-06-28T13:09:30.224000+00:00,17.515,32.435,22.543,310.0,203.0,False,72.493,"[2048, 2048, 2048, 2048, 2048, 2048]","[2049, 2048, 2048, 2048, 2049, 2048, 2049]","[2049, 2048, 2048, 2049, 2048, 2048, 2048, 2048]",304.0
1288,11315,6,6,2026-06-28T13:09:32.384000+00:00,17.368,32.551,22.438,312.0,212.0,False,72.357,"[None, 2049, 2048, 2048, 2048, 2048]","[2048, 2049, 2048, 2048, 2049, 2048, 2049]","[2049, 2048, 2048, 2048, 2048, 2048, 2048, 2048]",301.0
1288,11315,30,6,2026-06-28T13:09:33.948000+00:00,17.547,32.892,22.669,295.0,209.0,False,73.108,"[None, 2048, 2048, 2048, 2048, 2048]","[2048, 2049, 2048, 2048, 2049, 2048, 2048]","[2048, 2048, 2048, 2049, 2049, 2048, 2048, 2048]",290.0
1288,11315,41,6,2026-06-28T13:09:34.844000+00:00,17.445,32.967,22.765,304.0,209.0,False,73.177,"[None, 2048, 2048, 2048, 2048, 2048]","[2048, 2049, 2048, 2048, 2049, 2049, 2049]","[2049, 2048, 2048, 2049, 2049, 2048, 2048, 2048]",296.0
1288,11315,31,6,2026-06-28T13:09:36.091000+00:00,17.719,33.1,23.306,309.0,206.0,False,74.125,"[None, 2049, 2048, 2048, 2048, 2048]","[2049, 2049, 2048, 2048, 2048, 2048, 2048]","[2048, 2048, 2048, 2048, 2048, 2048, 2048, 2048]",296.0
1288,11315,5,6,2026-06-28T13:09:36.632000+00:00,17.762,32.982,22.981,308.0,210.0,False,73.725,"[None, 2049, 2048, 2048, 2048, 2048]","[2049, 2048, 2048, 2048, 2049, 2048, 2048]","[2048, 2048, 2048, 2048, 2048, 2049, 2049, 2049]",299.0
1288,11315,10,6,2026-06-28T13:09:37.133000+00:00,17.615,33.232,23.218,,198.0,False,74.065,"[None, 2048, 2048, 2048, 2048, 2048]","[2049, 2048, 2048, 2048, 2049, 2048, 2048]","[2048, 2048, 2048, 2048, 2048, 2048, 2048, 2048]",316.0
1288,11315,27,6,2026-06-28T13:09:37.644000+00:00,17.714,33.376,23.301,310.0,209.0,False,74.391,"[None, 2048, 2048, 2048, 2048, 2048]","[2048, 2048, 2048, 2048, 2048, 2048, 2048]","[2048, 2048, 2048, 2048, 2048, 2048, 2048, 2048]",296.0
1288,11315,87,6,2026-06-28T13:09:38.569000+00:00,17.665,33.477,23.187,310.0,204.0,False,74.329,"[None, 2048, 2048, 2048, 2048, 2048]","[2049, 2048, 2048, 2048, 2049, 2048, 2048]","[2048, 2048, 2048, 2048, 2048, 2048, 2048, 2048]",297.0
1288,11315,55,6,2026-06-28T13:09:39.473000+00:00,17.789,33.062,23.406,314.0,198.0,False,74.257,"[None, 2048, 2048, 2048, 2048, 2048]","[2048, 2049, 2048, 2049, 2048, 2048, 2048]","[2048, 2048, 2048, 2048, 2049, 2048, 2048, 2048]",311.0
1288,11315,23,6,2026-06-28T13:09:40.594000+00:00,17.751,33.48,23.453,309.0,198.0,False,74.684,"[None, 2048, 2048, 2048, 2048, 2048]","[2049, 2048, 2048, 2048, 2049, 2048, 2048]","[2048, 2048, 2048, 2048, 2048, 2048, 2048, 2048]",304.0
1288,11315,43,6,2026-06-28T13:09:42.009000+00:00,18.167,33.14,22.876,307.0,202.0,False,74.183,"[None, 2048, 2049, 2048, 2048, 2048]","[2048, 2048, 2048, 2048, 2048, 2049, 2049]","[2049, 2048, 2048, 2049, 2049, 2048, 2048, 2048]",300.0
1288,11315,14,6,2026-06-28T13:09:44.870000+00:00,18.238,33.488,23.292,,199.0,False,75.018,"[None, 2048, 2048, 2048, 2048, 2048]","[2048, 2048, 2048, 2048, 2048, 2048, 2048]","[2048, 2048, 2048, 2049, 2049, 2048, 2048, 2048]",282.0
1288,11315,18,6,2026-06-28T13:09:46.259000+00:00,18.045,33.49,23.46,293.0,199.0,False,74.995,"[None, 2049, 2048, 2048, 2048, 2048]","[2049, 2048, 2048, 2048, 2048, 2049, 2048]","[2048, 2048, 2048, 2049, 2048, 2048, 2048, 2048]",286.0
1288,11315,63,7,2026-06-28T13:10:34.511000+00:00,17.441,32.377,22.157,299.0,204.0,False,71.975,"[2048, 2048, 2048, 2048, 2048, 2048]","[2048, 2048, 2048, 2048, 2049, 2049, 2048]","[2048, 2048, 2048, 2048, 2048, 2048, 2048, 2048]",296.0
1288,11315,44,7,2026-06-28T13:10:36.279000+00:00,17.463,32.568,22.399,307.0,205.0,False,72.43,"[None, 2048, 2048, 2048, 2048, 2048]","[2048, 2048, 2048, 2048, 2048, 2048, 2048]","[2048, 2048, 2048, 2048, 2048, 2048, 2048, 2048]",292.0
1288,11315,3,7,2026-06-28T13:10:37.496000+00:00,17.26,32.456,22.356,309.0,209.0,False,72.072,"[2049, 2049, 2048, 2048, 2048, 2048]","[2049, 2048, 2048, 2048, 2048, 2048, 2048]","[2048, 2048, 2048, 2048, 2048, 2048, 2048, 2048]",299.0
1288,11315,16,7,2026-06-28T13:10:39.719000+00:00,17.517,32.993,23.441,,207.0,False,73.951,"[None, 2048, 2048, 2049, 2048, 2048]","[2051, 2048, 2048, 2049, 2048, 2048, 2048]","[2048, 2048, 2048, 2048, 2048, 2048, 2048, 2048]",314.0
1288,11315,12,7,2026-06-28T13:10:40.582000+00:00,17.404,32.702,22.501,309.0,201.0,False,72.607,"[None, 2048, 2049, 2048, 2048, 2048]","[2049, 2048, 2048, 2049, 2048, 2048, 2048]","[2048, 2048, 2048, 2048, 2048, 2049, 2048, 2048]",314.0
1288,11315,81,7,2026-06-28T13:10:41.526000+00:00,17.385,32.611,22.777,316.0,202.0,False,72.773,"[None, 2048, 2048, 2048, 2048, 2048]","[2048, 2049, 2048, 2048, 2048, 2048, 2048]","[2048, 2048, 2048, 2048, 2048, 2048, 2048, 2048]",308.0
1288,11315,1,7,2026-06-28T13:10:42.680000+00:00,17.552,32.673,23.234,313.0,203.0,False,73.459,"[None, 2049, 2048, 2048, 2048, 2048]","[2049, 2048, 2048, 2048, 2048, 2048, 2048]","[2048, 2048, 2048, None, None, 2048, 2048, 2048]",304.0
1288,11315,6,7,2026-06-28T13:10:44.695000+00:00,17.37,32.869,22.467,314.0,210.0,False,72.706,"[None, 2048, 2048, 2048, 2048, 2048]","[2048, 2048, 2048, 2048, 2049, 2048, 2048]","[2048, 2048, 2048, 2048, 2048, 2048, 2048, 2048]",295.0
1288,11315,30,7,2026-06-28T13:10:47.092000+00:00,17.571,32.948,22.746,298.0,209.0,False,73.265,"[None, 2048, 2048, 2048, 2048, 2048]","[2048, 2048, 2048, 2048, 2048, 2048, 2049]","[2048, 2048, 2048, 2048, 2048, 2048, 2048, 2048]",296.0
1288,11315,41,7,2026-06-28T13:10:47.880000+00:00,17.596,33.131,22.887,301.0,206.0,False,73.614,"[None, 2048, 2048, 2048, 2048, 2048]","[2048, 2049, 2048, 2048, 2048, 2048, 2048]","[2048, 2048, 2048, 2048, 2048, 2048, 2048, 2048]",292.0
1288,11315,31,7,2026-06-28T13:10:50.296000+00:00,17.847,33.885,23.343,,204.0,False,75.075,"[None, 2048, 2048, 2048, 2048, 2048]","[2048, 2048, 2048, 2048, 2048, 2048, 2048]","[2048, 2048, 2048, 2048, 2048, 2048, 2048, 2048]",291.0
1288,11315,5,7,2026-06-28T13:10:50.349000+00:00,17.839,33.224,22.77,316.0,211.0,False,73.833,"[2049, 2048, 2048, 2048, 2049, 2048]","[2049, 2048, 2048, 2048, 2048, 2048, 2049]","[2049, 2048, 2048, 2049, 2049, 2048, 2048]",305.0
1288,11315,10,7,2026-06-28T13:10:51.144000+00:00,17.855,33.382,23.468,318.0,200.0,False,74.705,"[None, 2048, 2048, 2048, 2048, 2048]","[2049, 2048, 2048, 2048, 2048, 2048, 2048]","[2048, 2048, 2048, 2048, 2048, 2048, 2048, 2048]",311.0
1288,11315,27,7,2026-06-28T13:10:52.067000+00:00,17.75,33.288,23.38,,210.0,False,74.418,"[None, 2048, 2048, 2048, 2048, 2048]","[2048, 2049, 2048, 2048, 2048, 2048, 2048]","[2048, 2048, 2048, 2048, 2048, 2048, 2048, 2048]",297.0
1288,11315,87,7,2026-06-28T13:10:52.874000+00:00,17.616,33.645,23.231,316.0,204.0,False,74.492,"[None, 2048, 2048, 2048, 2048, 2048]","[2049, 2048, 2048, 2048, 2048, 2048, 2048]","[2048, 2048, 2048, 2048, 2048, 2048, 2048, 2048]",302.0
1288,11315,55,7,2026-06-28T13:10:53.736000+00:00,17.767,33.239,23.614,316.0,198.0,False,74.62,"[None, 2048, 2048, 2048, 2048, 2048]","[2048, 2048, 2048, 2048, 2048, 2048, 2048]","[2048, 2048, 2048, 2048, 2048, 2048, 2048, 2048]",311.0
1288,11315,23,7,2026-06-28T13:10:55.234000+00:00,17.758,33.249,23.456,307.0,197.0,False,74.463,"[None, 2048, 2048, 2048, 2048, 2048]","[2049, 2048, 2048, 2048, 2048, 2048, 2048]","[2048, 2048, 2048, 2048, 2048, 2048, 2048, 2048]",303.0
1288,11315,43,7,2026-06-28T13:10:56.168000+00:00,17.758,33.316,23.037,305.0,201.0,False,74.111,"[None, 2049, 2048, 2048, 2048, 2048]","[2048, 2048, 2048, 2048, 2049, 2049, 2048]","[2048, 2048, 2049, 2048, 2048, 2048, 2048, 2048]",301.0
1288,11315,14,7,2026-06-28T13:10:59.925000+00:00,18.304,33.583,23.34,286.0,199.0,False,75.227,"[None, 2048, 2048, 2048, 2048, 2048]","[2048, 2048, 2048, 2048, 2048, 2049, 2048]","[2048, 2048, 2048, 2049, 2048, 2048, 2048, 2048]",281.0
1288,11315,18,7,2026-06-28T13:11:01.301000+00:00,18.262,33.787,23.541,294.0,200.0,False,75.59,"[None, 2049, 2048, 2048, 2048, 2048]","[2048, 2048, 2048, 2048, 2048, 2049, 2048]","[2048, 2048, 2048, 2048, 2049, 2048, 2048, 2048]",285.0
1288,11315,63,8,2026-06-28T13:11:46.481000+00:00,,32.434,22.194,302.0,204.0,False,72.069,"[None, 2048, 2048, 2048, 2048, 2048]","[2048, 2048, 2048, 2048, 2048, 2048, 2048]","[2048, 2048, 2048, 2048, 2048, 2048, 2048, 2048]",295.0
1288,11315,44,8,2026-06-28T13:11:48.702000+00:00,17.535,32.597,22.409,308.0,205.0,False,72.541,"[None, 2048, 2048, 2048, 2048, 2048]","[2049, 2048, 2048, 2048, 2048, 2048, 2048]","[2048, 2048, 2048, 2048, 2048, 2048, 2048, 2048]",291.0
1288,11315,3,8,2026-06-28T13:11:49.544000+00:00,17.28,32.686,22.43,310.0,209.0,False,72.396,"[2048, 2048, 2048, 2048, 2048, 2048]","[2048, 2048, 2048, 2048, 2048, 2048, 2048]","[2048, 2048, 2049, 2048, 2048, 2048, 2048, 2049]",301.0
1288,11315,12,8,2026-06-28T13:11:53.029000+00:00,17.248,32.688,22.227,316.0,205.0,False,72.163,"[None, 2048, 2051, 2048, 2048, 2048]","[2049, 2048, 2048, 2048, 2049, 2048, 2049]","[2049, 2048, 2048, 2049, 2048, 2048, 2048, 2048]",312.0
1288,11315,16,8,2026-06-28T13:11:53.708000+00:00,17.561,32.776,22.38,315.0,203.0,False,72.717,"[None, 2048, 2048, 2048, 2049, 2049]","[2048, 2048, 2048, 2048, 2048, 2048, 2048]","[2048, 2048, 2049, 2048, 2048, 2048, 2048, 2049]",298.0
1288,11315,81,8,2026-06-28T13:11:54.355000+00:00,17.548,32.847,22.826,315.0,201.0,False,73.221,"[None, 2048, 2048, 2048, 2048, 2048]","[2048, 2048, 2048, 2048, 2048, 2048, 2049]","[2048, 2048, 2048, 2048, 2048, 2048, 2048, 2048]",308.0
1288,11315,1,8,2026-06-28T13:11:56.196000+00:00,17.671,32.712,22.642,309.0,203.0,False,73.025,"[None, 2049, 2048, 2048, 2048, 2048]","[2048, 2048, 2048, 2048, 2048, 2048, 2048]","[2048, 2048, 2048, 2048, 2048, 2048, 2048, 2048]",304.0
1288,11315,6,8,2026-06-28T13:11:57.363000+00:00,17.483,32.769,22.665,315.0,209.0,False,72.917,"[None, 2049, 2048, 2048, 2048, 2048]","[2048, 2048, 2048, 2048, 2048, 2048, 2048]","[2048, 2048, 2049, 2048, 2048, 2048, 2048, 2048]",305.0
1288,11315,30,8,2026-06-28T13:12:00.334000+00:00,17.615,32.942,22.687,301.0,209.0,False,73.244,"[None, 2049, 2048, 2048, 2048, 2048]","[2049, 2048, 2048, 2048, 2049, 2048, 2049]","[2049, 2048, 2049, 2049, 2048, 2048, 2048, 2048]",296.0
1288,11315,41,8,2026-06-28T13:12:01.627000+00:00,17.821,33.336,22.894,298.0,205.0,False,74.051,"[None, 2049, 2048, 2048, 2048, 2048]","[2048, 2048, 2048, 2048, 2048, 2048, 2048]","[2049, 2048, 2048, 2049, 2048, 2048, 2048, 2048]",284.0
1288,11315,5,8,2026-06-28T13:12:04.168000+00:00,17.91,32.931,23.119,301.0,210.0,False,73.96,"[2048, 2048, 2048, 2048, 2048, 2048]","[2048, 2048, 2048, 2048, 2049, 2048, 2049]","[2048, 2048, 2048, 2048, 2049, 2048, 2048, 2048]",295.0
1288,11315,31,8,2026-06-28T13:12:05.285000+00:00,17.91,33.307,23.329,311.0,205.0,False,74.546,"[None, 2048, 2048, 2048, 2048, 2048]","[2049, 2048, 2048, 2048, 2048, 2048, 2048]","[2048, 2048, 2048, 2048, 2048, 2048, 2048, 2048]",295.0
1288,11315,10,8,2026-06-28T13:12:05.903000+00:00,17.804,33.364,23.345,315.0,198.0,False,74.513,"[None, 2048, 2048, 2048, 2048, 2048]","[2048, 2048, 2048, 2048, 2048, 2048, 2048]","[2048, 2048, 2049, 2048, 2048, 2048, 2048, 2048]",313.0
1288,11315,27,8,2026-06-28T13:12:06.495000+00:00,17.853,33.479,23.343,311.0,210.0,False,74.675,"[None, 2048, 2048, 2048, 2048, 2048]","[2048, 2048, 2048, 2048, 2048, 2048, 2048]","[2048, 2048, 2049, 2048, 2048, 2048, 2048, 2048]",298.0
1288,11315,87,8,2026-06-28T13:12:07.310000+00:00,17.75,33.692,23.348,308.0,203.0,False,74.79,"[None, 2048, 2048, 2048, 2048, 2048]","[2048, 2048, 2048, 2048, 2048, 2048, 2048]","[2048, 2048, 2048, 2048, 2048, 2048, 2048, 2048]",303.0
1288,11315,55,8,2026-06-28T13:12:08.465000+00:00,17.801,33.399,23.421,314.0,198.0,False,74.621,"[None, 2049, 2048, 2048, 2048, 2048]","[2048, 2048, 2048, 2048, 2048, 2048, 2048]","[2048, 2048, 2049, 2048, 2048, 2048, 2048, 2048]",309.0
1288,11315,23,8,2026-06-28T13:12:09.811000+00:00,17.742,33.556,23.418,310.0,199.0,False,74.716,"[None, 2049, 2048, 2048, 2048, 2048]","[2048, 2048, 2048, 2048, 2048, 2048, 2048]","[2048, 2048, 2048, 2048, 2048, 2048, 2048, 2048]",304.0
1288,11315,43,8,2026-06-28T13:12:10.318000+00:00,17.682,33.518,23.451,313.0,199.0,False,74.651,"[2049, 2048, 2048, 2048, 2048, 2048]","[2048, 2048, 2048, 2048, 2048, 2048, 2048]","[2048, 2048, 2048, 2048, 2048, 2048, 2048, 2048]",302.0
1288,11315,14,8,2026-06-28T13:12:15.204000+00:00,18.241,33.638,23.378,287.0,200.0,False,75.257,"[None, 2049, 2048, 2048, 2048, 2048]","[2048, 2048, 2048, 2048, 2048, 2049, 2048]","[2049, 2048, 2048, 2048, 2048, 2048, 2048, 2048]",281.0
1288,11315,18,8,2026-06-28T13:12:16.874000+00:00,18.111,33.75,23.624,293.0,201.0,False,75.485,"[2048, 2048, 2048, 2048, 2048, 2048]","[2048, 2048, 2048, 2048, 2048, 2048, 2048]","[2048, 2048, 2048, 2048, 2048, 2048, 2048, 2048]",284.0
1288,11315,63,9,2026-06-28T13:12:58.592000+00:00,17.558,32.504,22.341,301.0,203.0,False,72.403,"[None, 2048, 2048, 2048, 2048, 2049]","[2048, 2048, 2048, 2048, 2048, 2049, 2048]","[2048, 2048, 2048, 2048, 2048, 2048, 2048, 2048]",296.0
1288,11315,44,9,2026-06-28T13:13:01.193000+00:00,17.601,32.564,22.48,307.0,205.0,False,72.645,"[None, 2048, 2048, 2048, 2048, 2048]","[2049, 2048, 2048, 2048, 2048, 2048, 2048]","[2048, 2048, 2048, 2048, 2048, 2048, 2048, 2048]",291.0
1288,11315,3,9,2026-06-28T13:13:01.984000+00:00,17.328,32.734,22.496,311.0,209.0,False,72.558,"[2049, 2048, 2048, 2048, 2048, 2048]","[2048, 2048, 2048, 2048, 2048, 2048, 2048]","[2048, 2048, 2048, 2048, 2048, 2048, 2048, 2048]",299.0
1288,11315,12,9,2026-06-28T13:13:05.339000+00:00,17.476,32.478,22.314,303.0,203.0,False,72.268,"[None, 2048, 2048, 2048, 2048, 2048]","[2048, 2048, 2048, 2048, 2048, 2049, 2048]","[2048, 2048, 2048, 2048, 2048, 2048, 2048, 2048]",298.0
1288,11315,16,9,2026-06-28T13:13:06.486000+00:00,17.537,32.632,22.726,308.0,204.0,False,72.895,"[2049, 2048, 2048, 2048, 2048, 2048]","[2048, 2048, 2048, 2048, 2048, 2048, 2048]","[2048, 2048, 2048, 2048, 2048, 2048, 2048, 2048]",295.0
1288,11315,81,9,2026-06-28T13:13:07.564000+00:00,17.432,32.822,22.864,,200.0,False,73.118,"[None, 2048, 2048, 2048, 2048, 2048]","[2049, 2048, 2048, 2048, 2048, 2048, 2048]","[2048, 2048, 2048, 2048, 2048, 2048, 2048, 2048]",308.0
1288,11315,1,9,2026-06-28T13:13:09.161000+00:00,17.558,32.642,22.813,312.0,202.0,False,73.013,"[None, 2049, 2048, 2048, 2048, 2048]","[2048, 2048, 2048, 2048, 2048, 2048, 2048]","[2048, 2048, 2048, 2048, 2048, 2048, 2048, 2048]",305.0
1288,11315,6,9,2026-06-28T13:13:10.276000+00:00,17.409,32.788,22.66,317.0,212.0,False,72.857,"[None, 2049, 2048, 2048, 2048, 2048]","[2048, 2048, 2048, 2048, 2048, 2048, 2048]","[2048, 2048, 2049, 2048, 2048, 2048, 2048, 2048]",307.0
1288,11315,30,9,2026-06-28T13:13:13.559000+00:00,17.584,33.102,22.742,303.0,209.0,False,73.428,"[None, 2049, 2048, 2048, 2048, 2048]","[2049, 2048, 2048, 2048, 2048, 2049, 2048]","[2049, 2048, 2048, 2048, 2049, 2048, 2048, 2048]",300.0
1288,11315,41,9,2026-06-28T13:13:15.577000+00:00,17.701,33.086,22.777,299.0,206.0,False,73.564,"[None, 2048, 2048, 2048, 2048, 2048]","[2048, 2049, 2048, 2048, 2048, 2048, 2048]","[2049, 2048, 2048, 2049, 2048, 2048, 2048, 2048]",288.0
1288,11315,5,9,2026-06-28T13:13:18.163000+00:00,17.906,32.963,22.939,302.0,211.0,False,73.808,"[None, 2048, 2048, 2048, 2048, 2048]","[2048, 2048, 2048, 2048, 2048, 2048, 2049]","[2048, 2048, 2048, 2048, 2049, 2048, 2048, 2048]",296.0
1288,11315,31,9,2026-06-28T13:13:19.946000+00:00,17.893,33.61,23.394,305.0,204.0,False,74.897,"[None, 2048, 2048, 2048, 2048, 2048]","[2048, 2048, 2048, 2048, 2048, 2048, 2048]","[2048, 2048, 2048, 2048, 2048, 2048, 2048, 2048]",294.0
1288,11315,10,9,2026-06-28T13:13:20.413000+00:00,17.659,33.712,23.493,319.0,200.0,False,74.864,"[None, 2049, 2048, 2048, 2048, 2048]","[2048, 2048, 2048, 2048, 2048, 2048, 2048]","[2048, 2048, 2048, 2049, 2048, 2048, 2048, 2048]",306.0
1288,11315,27,9,2026-06-28T13:13:21.193000+00:00,17.795,33.44,23.271,310.0,207.0,False,74.506,"[None, 2048, 2048, 2048, 2048, 2048]","[2048, 2048, 2048, 2048, 2048, 2048, 2048]","[2048, 2048, 2048, 2048, 2048, 2048, 2048, 2048]",297.0
1288,11315,87,9,2026-06-28T13:13:22.211000+00:00,17.876,33.761,23.334,312.0,202.0,False,74.971,"[None, 2049, 2048, 2048, 2048, 2048]","[2048, 2048, 2048, 2048, 2048, 2048, 2048]","[2048, 2048, 2048, 2048, 2048, 2048, 2048, 2048]",300.0
1288,11315,55,9,2026-06-28T13:13:22.977000+00:00,17.825,33.553,23.521,315.0,198.0,False,74.899,"[None, 2049, 2048, 2048, 2048, 2048]","[2048, 2048, 2048, 2048, 2048, 2048, 2048]","[2048, 2048, 2048, 2048, 2048, 2048, 2048, 2048]",306.0
1288,11315,23,9,2026-06-28T13:13:24.490000+00:00,17.625,33.784,23.889,316.0,198.0,False,75.298,"[None, 2048, 2048, 2048, 2048, 2048]","[2049, 2048, 2048, 2049, 2048, 2048, 2048]","[2048, 2048, 2048, 2048, 2048, 2048, 2048, 2048]",317.0
1288,11315,43,9,2026-06-28T13:13:25.039000+00:00,17.852,33.68,23.73,310.0,200.0,False,75.262,"[2048, 2048, 2048, 2048, 2048, 2048]","[2048, 2048, 2048, 2048, 2048, 2048, 2048]","[2048, 2048, 2048, 2048, 2048, 2048, 2048, 2048]",311.0
1288,11315,14,9,2026-06-28T13:13:30.381000+00:00,18.261,33.807,23.486,,200.0,False,75.554,"[None, 2048, 2048, 2048, 2048, 2048]","[2048, 2048, 2048, 2048, 2048, 2048, 2048]","[2048, 2048, 2048, 2048, 2048, 2048, 2048, 2048]",279.0
1288,11315,18,9,2026-06-28T13:13:32.349000+00:00,18.209,33.544,23.702,290.0,202.0,False,75.455,"[None, 2048, 2048, 2048, 2048, 2048]","[2049, 2048, 2048, 2048, 2048, 2048, 2048]","[2048, 2048, 2048, 2048, 2048, 2048, 2048, 2048]",282.0
1288,11315,63,10,2026-06-28T13:14:11.006000+00:00,17.596,32.516,22.404,300.0,203.0,False,72.516,"[None, 2048, 2048, 2048, 2048, 2048]","[2048, 2048, 2048, 2048, 2048, 2048, 2048]","[2048, 2048, 2048, 2048, 2048, 2048, 2048, 2048]",296.0
1288,11315,44,10,2026-06-28T13:14:13.926000+00:00,17.668,32.675,22.493,304.0,205.0,False,72.836,"[None, 2048, 2048, 2048, 2048, 2048]","[2048, 2048, 2048, 2048, 2048, 2048, 2048]","[2048, 2048, 2048, 2048, 2048, 2048, 2048, 2048]",291.0
1288,11315,3,10,2026-06-28T13:14:14.565000+00:00,17.425,32.824,22.626,314.0,212.0,False,72.875,"[2048, 2048, 2048, 2048, 2048, 2048]","[2048, 2048, 2048, 2048, 2048, 2048, 2048]","[2048, 2048, 2049, 2048, 2048, 2048, 2048, 2048]",306.0
1288,11315,12,10,2026-06-28T13:14:17.588000+00:00,17.501,32.532,22.553,302.0,204.0,False,72.586,"[None, 2048, 2048, 2048, 2048, 2048]","[2048, 2048, 2048, 2048, 2048, 2048, 2049]","[2048, 2048, 2048, 2048, 2048, 2048, 2048, 2048]",298.0
1288,11315,16,10,2026-06-28T13:14:19.430000+00:00,17.789,32.663,22.609,310.0,204.0,False,73.061,"[2048, 2048, 2048, 2048, 2048, 2048]","[2048, 2048, 2048, 2048, 2048, 2048, 2048]","[2048, 2048, 2048, 2048, 2048, 2048, 2048, 2048]",296.0
1288,11315,81,10,2026-06-28T13:14:20.647000+00:00,17.611,32.685,22.924,311.0,200.0,False,73.22,"[None, 2048, 2048, 2048, 2048, 2048]","[2048, 2048, 2048, 2048, 2048, 2048, 2048]","[2048, 2048, 2048, 2048, 2048, 2048, 2048, 2048]",306.0
1288,11315,1,10,2026-06-28T13:14:22.171000+00:00,17.709,32.656,22.832,310.0,203.0,False,73.197,"[None, 2048, 2048, 2048, 2048, 2048]","[2048, 2048, 2048, 2048, 2048, 2048, 2048]","[2048, 2048, 2048, 2048, 2048, 2048, 2048, 2048]",304.0
1288,11315,6,10,2026-06-28T13:14:23.158000+00:00,17.408,33.07,22.784,318.0,209.0,False,73.262,"[None, 2048, 2048, 2048, 2048, 2048]","[2048, 2048, 2048, 2049, 2048, 2048, 2048]","[2048, 2048, 2048, 2048, 2048, 2048, 2048, 2048]",307.0
1288,11315,30,10,2026-06-28T13:14:27.033000+00:00,17.619,33.122,22.835,301.0,208.0,False,73.576,"[None, 2048, 2048, 2048, 2048, 2048]","[2048, 2048, 2048, 2048, 2048, 2048, 2048]","[2048, 2048, 2048, 2048, 2048, 2048, 2048, 2048]",297.0
1288,11315,41,10,2026-06-28T13:14:29.141000+00:00,17.685,33.142,22.859,302.0,206.0,False,73.686,"[None, 2048, 2048, 2048, 2048, 2048]","[2048, 2048, 2048, 2048, 2048, 2048, 2048]","[2048, 2048, 2048, 2048, 2049, 2048, 2048, 2048]",289.0
1288,11315,5,10,2026-06-28T13:14:32.066000+00:00,17.926,32.933,23.097,300.0,212.0,False,73.956,"[None, 2048, 2048, 2048, 2048, 2048]","[2048, 2048, 2048, 2048, 2048, 2048, 2049]","[2048, 2048, 2048, 2048, 2048, 2049, 2048, 2048]",296.0
1288,11315,31,10,2026-06-28T13:14:34.865000+00:00,18.008,33.573,23.574,304.0,204.0,False,75.155,"[None, 2048, 2048, 2048, 2048, 2048]","[2048, 2048, 2048, 2048, 2048, 2048, 2048]","[2048, 2048, 2048, 2048, 2048, 2048, 2048, 2048]",295.0
1288,11315,10,10,2026-06-28T13:14:35.362000+00:00,17.818,33.839,23.497,312.0,199.0,False,75.154,"[None, 2048, 2048, 2048, 2048, 2048]","[2048, 2048, 2048, 2048, 2048, 2048, 2048]","[2048, 2048, 2048, 2048, 2048, 2048, 2048, 2048]",318.0
1288,11315,27,10,2026-06-28T13:14:35.626000+00:00,17.709,34.088,23.474,308.0,208.0,False,75.271,"[None, 2048, 2048, 2048, 2048, 2048]","[2048, 2048, 2048, 2049, 2048, 2048, 2048]","[2048, 2048, 2048, 2048, 2048, 2048, 2048, 2048]",333.0
1288,11315,87,10,2026-06-28T13:14:37.236000+00:00,17.671,34.44,23.66,313.0,201.0,False,75.771,"[None, 2049, 2048, 2048, 2048, 2048]","[2048, 2048, 2048, 2048, 2048, 2048, 2048]","[2048, 2048, 2048, 2048, 2048, 2048, 2048, 2048]",299.0
1288,11315,55,10,2026-06-28T13:14:38.025000+00:00,17.819,33.767,24.03,,193.0,False,75.616,"[None, 2048, 2048, 2048, 2048, 2048]","[2048, 2048, 2048, 2048, 2048, 2049, 2048]","[2048, 2048, 2048, 2048, 2048, 2048, 2048, 2048]",310.0
1288,11315,23,10,2026-06-28T13:14:39.759000+00:00,17.748,33.517,23.876,319.0,197.0,False,75.141,"[None, 2048, 2048, 2048, 2048, 2048]","[2048, 2048, 2048, 2049, 2048, 2048, 2048]","[2048, 2048, 2048, 2048, 2048, 2048, 2048, 2048]",315.0
1288,11315,43,10,2026-06-28T13:14:40.256000+00:00,17.881,33.711,23.722,309.0,198.0,False,75.314,"[None, 2048, 2048, 2048, 2048, 2048]","[2048, 2048, 2048, 2048, 2048, 2048, 2048]","[2048, 2048, 2048, 2048, 2048, 2048, 2048, 2048]",316.0
1288,11315,14,10,2026-06-28T13:14:46.046000+00:00,18.246,33.912,23.598,286.0,199.0,False,75.756,"[None, 2048, 2048, 2048, 2048, 2048]","[2048, 2048, 2048, 2048, 2048, 2048, 2048]","[2048, 2048, 2048, 2048, 2048, 2048, 2048, 2048]",281.0
1288,11315,18,10,2026-06-28T13:14:47.910000+00:00,18.178,33.787,23.675,292.0,201.0,False,75.64,"[None, 2048, 2048, 2048, 2048, 2048]","[2049, 2048, 2048, 2048, 2048, 2048, 2048]","[2048, 2048, 2048, 2048, 2048, 2048, 2048, 2048]",283.0
1288,11315,63,11,2026-06-28T13:15:23.519000+00:00,17.578,32.649,22.425,303.0,202.0,False,72.652,"[None, 2048, 2048, 2048, 2048, 2049]","[2048, 2048, 2048, 2048, 2048, 2048, 2048]","[2048, 2048, 2048, 2048, 2048, 2048, 2048, 2048]",298.0
1288,11315,44,11,2026-06-28T13:15:26.766000+00:00,17.655,33.931,22.934,307.0,203.0,False,74.52,"[None, 2048, 2048, 2048, 2048, 2048]","[2049, 2048, 2048, 2049, 2048, 2048, 2048]","[2048, 2048, 2048, 2048, 2048, 2048, 2048, 2048]",301.0
1288,11315,3,11,2026-06-28T13:15:27.499000+00:00,17.23,33.75,23.433,340.0,203.0,False,74.413,"[None, 2048, 2048, 2048, 2048, 2051]","[2051, 2048, 2048, 2048, 2048, 2048, 2048]","[2048, 2048, 2049, 2048, 2048, 2048, 2048, 2048]",274.0
1288,11315,12,11,2026-06-28T13:15:30.165000+00:00,17.636,32.893,22.618,303.0,203.0,False,73.147,"[None, 2048, 2048, 2048, 2048, 2048]","[2048, 2048, 2048, 2048, 2048, 2048, 2048]","[2048, 2048, 2048, 2048, 2048, 2048, 2048, 2048]",301.0
1288,11315,16,11,2026-06-28T13:15:32.491000+00:00,17.662,33.057,22.774,295.0,204.0,False,73.493,"[None, 2048, 2048, 2048, 2048, 2048]","[2048, 2048, 2048, 2048, 2048, 2048, 2048]","[2048, 2048, 2048, 2048, 2048, 2048, 2048, 2048]",284.0
1288,11315,81,11,2026-06-28T13:15:33.970000+00:00,17.541,32.798,23.045,310.0,201.0,False,73.384,"[None, 2048, 2048, 2048, 2048, 2048]","[2048, 2048, 2048, 2048, 2048, 2048, 2048]","[2048, 2048, 2048, 2048, 2048, 2048, 2048, 2048]",307.0
1288,11315,1,11,2026-06-28T13:15:35.376000+00:00,17.759,32.595,22.981,309.0,200.0,False,73.335,"[None, 2048, 2048, 2048, 2048, 2048]","[2048, 2048, 2048, 2048, 2048, 2048, 2048]","[2048, 2048, 2048, 2048, 2048, 2048, 2048, 2048]",306.0
1288,11315,6,11,2026-06-28T13:15:36.405000+00:00,17.514,33.046,22.889,316.0,211.0,False,73.449,"[None, 2048, 2048, 2048, 2048, 2048]","[2048, 2048, 2048, 2048, 2048, 2048, 2048]","[2048, 2048, 2048, 2048, 2048, 2048, 2048, 2048]",308.0
1288,11315,30,11,2026-06-28T13:15:40.545000+00:00,17.653,33.138,22.923,299.0,208.0,False,73.714,"[None, 2048, 2048, 2048, 2048, 2048]","[2048, 2048, 2048, 2048, 2048, 2048, 2048]","[2048, 2048, 2048, 2048, 2048, 2048, 2048, 2048]",295.0
1288,11315,41,11,2026-06-28T13:15:42.930000+00:00,17.757,33.141,23.101,299.0,206.0,False,73.999,"[None, 2048, 2048, 2048, 2048, 2048]","[2048, 2048, 2048, 2048, 2049, 2048, 2048]","[2048, 2048, 2048, 2048, 2049, 2048, 2048, 2048]",289.0
1288,11315,5,11,2026-06-28T13:15:46.040000+00:00,17.979,32.885,23.114,,209.0,False,73.978,"[None, 2048, 2048, 2048, 2048, 2048]","[2048, 2048, 2048, 2048, 2048, 2048, 2048]","[2048, 2048, 2048, 2048, 2048, 2048, 2048, 2048]",297.0
1288,11315,31,11,2026-06-28T13:15:49.974000+00:00,17.975,33.993,23.575,,204.0,False,75.543,"[None, 2049, 2048, 2048, 2048, 2048]","[2048, 2048, 2048, 2049, 2048, 2048, 2048]","[2048, 2048, 2048, 2048, 2048, 2048, 2048, 2048]",308.0
1288,11315,10,11,2026-06-28T13:15:50.509000+00:00,17.67,34.249,23.669,327.0,199.0,False,75.588,"[None, 2048, 2048, 2048, 2048, 2049]","[2049, 2048, 2048, 2048, 2048, 2048, 2048]","[2048, 2048, 2048, 2048, 2048, 2048, 2048, 2048]",294.0
1288,11315,27,11,2026-06-28T13:15:50.958000+00:00,17.9,33.934,23.792,305.0,206.0,False,75.626,"[None, 2048, 2048, 2048, 2048, 2048]","[2048, 2048, 2048, 2048, 2048, 2048, 2048]","[2048, 2048, 2048, 2048, 2048, 2048, 2048, 2048]",293.0
1288,11315,87,11,2026-06-28T13:15:52.971000+00:00,17.89,33.787,23.521,303.0,202.0,False,75.198,"[None, 2048, 2048, 2048, 2048, 2048]","[2048, 2048, 2048, 2048, 2048, 2048, 2048]","[2048, 2048, 2048, 2048, 2048, 2048, 2048, 2048]",297.0
1288,11315,55,11,2026-06-28T13:15:53.536000+00:00,17.911,33.597,23.947,313.0,195.0,False,75.455,"[None, 2048, 2048, 2048, 2048, 2048]","[2048, 2048, 2048, 2049, 2048, 2048, 2048]","[2048, 2048, 2048, 2048, 2048, 2048, 2048, 2048]",325.0
1288,11315,23,11,2026-06-28T13:15:54.875000+00:00,17.724,34.134,24.124,,198.0,False,75.982,"[None, 2048, 2048, 2048, 2048, 2048]","[2048, 2048, 2048, 2049, 2048, 2048, 2048]","[2048, 2048, 2048, 2048, 2048, 2048, 2048, 2048]",320.0
1288,11315,43,11,2026-06-28T13:15:55.505000+00:00,17.892,33.869,23.968,315.0,199.0,False,75.729,"[None, 2048, 2048, 2048, 2048, 2048]","[2048, 2048, 2048, 2048, 2048, 2048, 2048]","[2048, 2048, 2048, 2048, 2048, 2048, 2048, 2048]",313.0
1288,11315,14,11,2026-06-28T13:16:01.733000+00:00,18.389,33.835,23.657,,201.0,False,75.881,"[None, 2048, 2048, 2048, 2048, 2048]","[2048, 2048, 2048, 2048, 2048, 2048, 2048]","[2048, 2048, 2048, 2048, 2048, 2048, 2048, 2048]",282.0
1288,11315,18,11,2026-06-28T13:16:03.556000+00:00,18.231,33.753,23.972,291.0,195.0,False,75.956,"[None, 2048, 2048, 2048, 2048, 2048]","[2048, 2048, 2048, 2048, 2048, 2048, 2048]","[2048, 2048, 2048, 2048, 2048, 2048, 2048, 2048]",285.0
1288,11315,63,12,2026-06-28T13:16:36.130000+00:00,17.73,32.661,22.521,296.0,202.0,False,72.912,"[None, 2048, 2048, 2048, 2048, 2048]","[2048, 2048, 2048, 2048, 2048, 2048, 2048]","[2048, 2048, 2048, 2048, 2048, 2048, 2048, 2048]",296.0
1288,11315,44,12,2026-06-28T13:16:41.283000+00:00,17.755,32.748,27.036,305.0,205.0,False,77.539,"[None, 2048, 2048, 2048, 2048, 2048]","[2048, 2048, 2048, 2048, 2048, 2048, 2048]","[2048, 2048, 2048, 2048, 2064, 2064, 2064, 2064]",294.0
1288,11315,3,12,2026-06-28T13:16:41.845000+00:00,17.599,32.866,22.875,306.0,210.0,False,73.34,"[2049, 2048, 2048, 2048, 2048, 2048]","[2048, 2048, 2048, 2048, 2048, 2048, 2048]","[2048, 2048, 2048, 2048, 2048, 2048, 2048, 2048]",298.0
1288,11315,12,12,2026-06-28T13:16:43.395000+00:00,17.527,32.923,22.771,,203.0,False,73.221,"[None, 2048, 2048, 2048, 2048, 2048]","[2048, 2048, 2048, 2048, 2048, 2048, 2048]","[2048, 2048, 2048, 2048, 2048, 2048, 2048, 2048]",304.0
1288,11315,16,12,2026-06-28T13:16:45.858000+00:00,17.684,32.934,22.815,301.0,203.0,False,73.433,"[None, 2048, 2048, 2048, 2048, 2048]","[2048, 2048, 2048, 2048, 2048, 2048, 2048]","[2048, 2048, 2048, 2048, 2048, 2048, 2048, 2048]",283.0
1288,11315,81,12,2026-06-28T13:16:47.318000+00:00,17.537,32.911,22.978,,200.0,False,73.426,"[None, 2048, 2048, 2048, 2048, 2048]","[2048, 2048, 2048, 2048, 2048, 2048, 2048]","[2048, 2048, 2048, 2048, 2048, 2048, 2048, 2048]",307.0
1288,11315,1,12,2026-06-28T13:16:48.773000+00:00,17.664,32.673,22.913,,201.0,False,73.25,"[None, 2048, 2048, 2048, 2048, 2048]","[2048, 2048, 2048, 2048, 2048, 2048, 2048]","[2048, 2048, 2048, 2048, 2048, 2048, 2048, 2048]",306.0
1288,11315,6,12,2026-06-28T13:16:49.936000+00:00,17.565,33.049,22.853,310.0,208.0,False,73.467,"[None, 2048, 2048, 2048, 2048, 2048]","[2048, 2048, 2048, 2048, 2048, 2048, 2048]","[2048, 2048, 2049, 2048, 2048, 2048, 2048, 2048]",305.0
1288,11315,30,12,2026-06-28T13:16:54.304000+00:00,17.708,33.044,22.872,302.0,208.0,False,73.624,"[None, 2048, 2048, 2048, 2048, 2048]","[2048, 2048, 2048, 2048, 2049, 2048, 2048]","[2048, 2048, 2049, 2048, 2048, 2048, 2048, 2048]",303.0
1288,11315,41,12,2026-06-28T13:16:56.815000+00:00,17.703,33.096,22.899,,208.0,False,73.698,"[None, 2048, 2048, 2048, 2048, 2048]","[2048, 2048, 2048, 2048, 2049, 2048, 2048]","[2048, 2048, 2048, 2049, 2048, 2048, 2048, 2048]",290.0
1288,11315,5,12,2026-06-28T13:17:00.029000+00:00,17.856,32.894,23.014,301.0,211.0,False,73.764,"[None, 2048, 2048, 2048, 2048, 2048]","[2048, 2049, 2048, 2048, 2048, 2048, 2048]","[2048, 2048, 2048, 2048, 2049, 2048, 2048, 2048]",299.0
1288,11315,31,12,2026-06-28T13:17:05.503000+00:00,18.08,33.47,23.377,305.0,203.0,False,74.927,"[None, 2048, 2048, 2048, 2048, 2048]","[2048, 2048, 2048, 2048, 2048, 2048, 2048]","[2048, 2048, 2048, 2048, 2048, 2048, 2048, 2048]",295.0
1288,11315,10,12,2026-06-28T13:17:06.147000+00:00,17.793,33.77,23.38,322.0,199.0,False,74.943,"[None, 2048, 2048, 2048, 2048, 2048]","[2048, 2048, 2048, 2048, 2048, 2048, 2048]","[2048, 2048, 2048, 2048, 2048, 2048, 2048, 2048]",304.0
1288,11315,27,12,2026-06-28T13:17:06.575000+00:00,17.894,33.677,23.566,306.0,205.0,False,75.137,"[None, 2048, 2048, 2048, 2048, 2048]","[2048, 2048, 2048, 2048, 2048, 2048, 2048]","[2048, 2048, 2048, 2048, 2048, 2048, 2048, 2048]",294.0
1288,11315,87,12,2026-06-28T13:17:08.185000+00:00,17.875,33.962,23.513,307.0,202.0,False,75.35,"[None, 2048, 2048, 2048, 2048, 2048]","[2048, 2048, 2048, 2048, 2048, 2048, 2048]","[2048, 2048, 2048, 2048, 2048, 2048, 2048, 2048]",296.0
1288,11315,55,12,2026-06-28T13:17:09.018000+00:00,17.987,33.627,23.724,314.0,196.0,False,75.338,"[None, 2048, 2048, 2048, 2048, 2048]","[2048, 2048, 2048, 2048, 2048, 2048, 2048]","[2048, 2048, 2048, 2048, 2048, 2048, 2048, 2048]",310.0
1288,11315,23,12,2026-06-28T13:17:10.942000+00:00,17.814,33.492,23.975,317.0,198.0,False,75.281,"[None, 2048, 2048, 2048, 2048, 2048]","[2048, 2048, 2048, 2049, 2048, 2048, 2048]","[2048, 2048, 2048, 2048, 2048, 2048, 2048, 2048]",314.0
1288,11315,43,12,2026-06-28T13:17:11.318000+00:00,17.906,33.741,23.841,313.0,200.0,False,75.488,"[None, 2048, 2048, 2048, 2048, 2048]","[2048, 2048, 2048, 2048, 2048, 2048, 2048]","[2048, 2048, 2048, 2048, 2048, 2048, 2048, 2048]",314.0
1288,11315,14,12,2026-06-28T13:17:17.613000+00:00,18.319,33.878,23.526,284.0,201.0,False,75.723,"[None, 2048, 2048, 2048, 2048, 2048]","[2048, 2048, 2048, 2048, 2048, 2048, 2048]","[2048, 2048, 2048, 2048, 2048, 2048, 2048, 2048]",283.0
1288,11315,18,12,2026-06-28T13:17:19.455000+00:00,18.295,33.751,23.789,290.0,200.0,False,75.835,"[None, 2048, 2048, 2048, 2048, 2048]","[2048, 2048, 2048, 2048, 2048, 2048, 2048]","[2048, 2048, 2048, 2048, 2048, 2048, 2048, 2048]",286.0
1288,11315,63,13,2026-06-28T13:17:49.028000+00:00,17.805,32.9,22.459,300.0,203.0,False,73.164,"[None, 2048, 2048, 2048, 2048, 2048]","[2048, 2048, 2048, 2048, 2048, 2048, 2048]","[2048, 2048, 2048, 2048, 2048, 2048, 2048, 2048]",299.0
1288,11315,3,13,2026-06-28T13:17:55.163000+00:00,17.731,32.634,22.424,298.0,209.0,False,72.789,"[2048, 2048, 2048, 2048, 2048, 2048]","[2048, 2048, 2048, 2048, 2048, 2048, 2048]","[2048, 2048, 2048, 2048, 2048, 2048, 2048, 2048]",301.0
1288,11315,12,13,2026-06-28T13:17:56.440000+00:00,17.705,32.575,22.502,304.0,203.0,False,72.782,"[None, 2048, 2048, 2048, 2048, 2048]","[2048, 2048, 2048, 2048, 2048, 2048, 2048]","[2048, 2048, 2048, 2048, 2048, 2048, 2048, 2048]",305.0
1288,11315,44,13,2026-06-28T13:17:58.812000+00:00,34.428,32.426,22.347,308.0,208.0,True,89.201,"[2064, 2064, 2064, 2048, 2048, 2048]","[2048, 2048, 2048, 2048, 2048, 2049, 2051]","[2048, 2048, 2049, 2048, 2048, 2048, 2049, 2049]",303.0
1288,11315,16,13,2026-06-28T13:17:59.388000+00:00,17.762,32.799,27.161,299.0,203.0,False,77.722,"[None, 2048, 2048, 2048, 2048, 2048]","[2048, 2048, 2048, 2048, 2048, 2048, 2048]","[2048, 2048, 2048, 2048, 2064, 2064, 2064, 2064]",286.0
1288,11315,81,13,2026-06-28T13:18:00.668000+00:00,17.632,32.954,23.089,309.0,201.0,False,73.675,"[None, 2048, 2048, 2048, 2048, 2048]","[2048, 2048, 2048, 2048, 2048, 2048, 2048]","[2048, 2048, 2048, 2048, 2048, 2048, 2048, 2048]",307.0
1288,11315,1,13,2026-06-28T13:18:02.110000+00:00,17.75,32.838,23.003,308.0,201.0,False,73.591,"[None, 2048, 2048, 2048, 2048, 2048]","[2048, 2048, 2048, 2048, 2048, 2048, 2048]","[2048, 2048, 2048, 2048, 2048, 2048, 2048, 2048]",307.0
1288,11315,6,13,2026-06-28T13:18:03.434000+00:00,17.699,33.023,22.834,306.0,212.0,False,73.556,"[None, 2048, 2048, 2048, 2048, 2048]","[2048, 2048, 2048, 2048, 2048, 2048, 2048]","[2048, 2048, 2048, 2048, 2048, 2048, 2048, 2048]",307.0
1288,11315,30,13,2026-06-28T13:18:08.029000+00:00,17.757,33.047,23.019,298.0,208.0,False,73.823,"[None, 2048, 2048, 2048, 2048, 2048]","[2048, 2048, 2048, 2048, 2048, 2048, 2048]","[2048, 2048, 2048, 2048, 2048, 2048, 2048, 2048]",300.0
1288,11315,41,13,2026-06-28T13:18:10.907000+00:00,17.7,33.131,23.008,300.0,207.0,False,73.839,"[None, 2048, 2048, 2048, 2048, 2048]","[2048, 2048, 2048, 2048, 2048, 2048, 2048]","[2048, 2048, 2048, 2048, 2048, 2048, 2048, 2048]",295.0
1288,11315,5,13,2026-06-28T13:18:13.767000+00:00,17.999,32.895,23.152,299.0,208.0,False,74.046,"[None, 2048, 2048, 2048, 2048, 2048]","[2048, 2048, 2048, 2048, 2048, 2048, 2048]","[2048, 2048, 2048, 2048, 2048, 2048, 2048, 2048]",299.0
1288,11315,31,13,2026-06-28T13:18:20.416000+00:00,18.03,33.617,23.497,306.0,202.0,False,75.144,"[None, 2048, 2048, 2048, 2048, 2048]","[2048, 2048, 2048, 2048, 2048, 2048, 2048]","[2048, 2048, 2048, 2048, 2048, 2048, 2048, 2048]",296.0
1288,11315,10,13,2026-06-28T13:18:21.026000+00:00,17.879,33.723,27.704,313.0,196.0,False,79.306,"[None, 2048, 2048, 2048, 2048, 2048]","[2048, 2048, 2048, 2048, 2048, 2048, 2048]","[2048, 2048, 2048, 2048, 2064, 2064, 2064, 2064]",307.0
1288,11315,27,13,2026-06-28T13:18:21.720000+00:00,17.797,33.7,23.672,310.0,207.0,False,75.169,"[None, 2048, 2048, 2048, 2048, 2048]","[2048, 2048, 2048, 2048, 2048, 2048, 2048]","[2048, 2048, 2048, 2048, 2048, 2048, 2048, 2048]",299.0
1288,11315,87,13,2026-06-28T13:18:23.521000+00:00,17.84,33.682,23.481,304.0,200.0,False,75.003,"[None, 2048, 2048, 2048, 2048, 2048]","[2048, 2049, 2048, 2048, 2048, 2048, 2048]","[2048, 2048, 2048, 2048, 2048, 2048, 2048, 2048]",298.0
1288,11315,55,13,2026-06-28T13:18:24.420000+00:00,17.978,33.366,23.725,308.0,197.0,False,75.069,"[None, 2048, 2048, 2048, 2048, 2048]","[2048, 2048, 2048, 2048, 2048, 2048, 2048]","[2048, 2048, 2048, 2048, 2048, 2048, 2048]",311.0
1288,11315,23,13,2026-06-28T13:18:26.137000+00:00,17.816,33.435,23.861,318.0,196.0,False,75.112,"[None, 2048, 2048, 2048, 2048, 2048]","[2048, 2048, 2048, 2049, 2048, 2048, 2048]","[2048, 2048, 2048, 2048, 2048, 2048, 2048, 2048]",321.0
1288,11315,43,13,2026-06-28T13:18:26.828000+00:00,17.951,33.941,23.495,306.0,198.0,False,75.387,"[None, 2048, 2048, 2048, 2048, 2048]","[2048, 2048, 2048, 2048, 2048, 2048, 2048]","[2048, 2048, 2048, 2048, 2048, 2048, 2048, 2048]",309.0
1288,11315,14,13,2026-06-28T13:18:33.325000+00:00,18.325,33.897,23.719,,199.0,False,75.941,"[None, 2048, 2048, 2048, 2048, 2048]","[2048, 2048, 2048, 2048, 2048, 2048, 2048]","[2048, 2048, 2048, 2048, 2048, 2048, 2048, 2048]",284.0
1288,11315,18,13,2026-06-28T13:18:35.351000+00:00,18.222,33.698,23.797,289.0,200.0,False,75.717,"[None, 2048, 2048, 2048, 2048, 2048]","[2048, 2048, 2048, 2048, 2048, 2048, 2048]","[2048, 2048, 2049, 2048, 2048, 2048, 2048, 2049]",287.0
1288,11315,63,14,2026-06-28T13:19:02.202000+00:00,17.691,32.731,22.543,301.0,200.0,False,72.965,"[None, 2048, 2048, 2048, 2048, 2048]","[2048, 2048, 2048, 2048, 2048, 2048, 2048]","[2048, 2048, 2048, 2048, 2048, 2048, 2048, 2048]",300.0
1288,11315,3,14,2026-06-28T13:19:08.089000+00:00,17.617,32.568,22.422,302.0,208.0,False,72.607,"[None, 2048, 2048, 2048, 2048, 2048]","[2048, 2048, 2048, 2048, 2048, 2048, 2048]","[2048, 2048, 2048, 2048, 2048, 2048, 2048, 2048]",302.0
1288,11315,12,14,2026-06-28T13:19:09.268000+00:00,17.59,32.56,22.546,303.0,199.0,False,72.696,"[None, 2048, 2048, 2048, 2048, 2048]","[2048, 2048, 2048, 2048, 2048, 2048, 2048]","[2048, 2048, 2048, 2048, 2048, 2048, 2048, 2048]",305.0
1288,11315,81,14,2026-06-28T13:19:14.370000+00:00,17.719,32.828,22.871,303.0,200.0,False,73.418,"[None, 2048, 2048, 2048, 2048, 2048]","[2048, 2048, 2048, 2048, 2048, 2048, 2048]","[2048, 2048, 2048, 2048, 2048, 2048, 2048, 2048]",303.0
1288,11315,1,14,2026-06-28T13:19:15.601000+00:00,17.732,32.727,22.964,,198.0,False,73.423,"[None, 2048, 2048, 2048, 2048, 2048]","[2048, 2048, 2048, 2048, 2048, 2048, 2048]","[2048, 2048, 2048, 2048, 2048, 2048, 2048, 2048]",307.0
1288,11315,6,14,2026-06-28T13:19:16.893000+00:00,17.831,33.056,22.998,299.0,209.0,False,73.885,"[None, 2048, 2048, 2048, 2048, 2048]","[2048, 2048, 2048, 2048, 2048, 2048, 2048]","[2048, 2048, 2048, 2048, 2048, 2048, 2048, 2048]",301.0
1288,11315,16,14,2026-06-28T13:19:16.970000+00:00,34.661,32.511,22.634,305.0,205.0,True,89.806,"[2064, 2064, 2064, 2048, 2048, 2048]","[2048, 2048, 2048, 2048, 2051, 2048, 2048]","[2048, 2048, 2048, 2048, 2048, 2048, 2048, 2048]",299.0
1288,11315,30,14,2026-06-28T13:19:21.714000+00:00,17.708,33.1,23.016,,208.0,False,73.824,"[None, 2049, 2048, 2048, 2048, 2048]","[2048, 2048, 2048, 2048, 2048, 2048, 2048]","[2048, 2048, 2048, 2048, 2048, 2048, 2048, 2048]",302.0
1288,11315,41,14,2026-06-28T13:19:24.351000+00:00,17.765,33.161,23.049,301.0,205.0,False,73.975,"[None, 2048, 2048, 2048, 2048, 2048]","[2048, 2048, 2048, 2048, 2048, 2048, 2048]","[2048, 2048, 2048, 2048, 2048, 2048, 2048, 2048]",303.0
1288,11315,5,14,2026-06-28T13:19:27.846000+00:00,18.135,33.462,23.117,,206.0,False,74.714,"[None, 2048, 2048, 2048, 2048, 2048]","[2048, 2048, 2048, 2048, 2048, 2048, 2048]","[2048, 2048, 2048, 2048, 2048, 2049, 2048, 2048]",303.0
1288,11315,44,14,2026-06-28T13:19:28.013000+00:00,17.512,32.326,22.479,302.0,205.0,False,72.317,"[2049, 2048, 2048, 2048, 2048, 2048]","[2048, 2048, 2048, 2048, 2049, 2048, 2048]","[2048, 2048, 2048, 2048, 2048, 2048, 2048, 2048]",292.0
1288,11315,31,14,2026-06-28T13:19:35.646000+00:00,18.014,33.838,23.642,305.0,199.0,False,75.494,"[None, 2048, 2048, 2048, 2048, 2048]","[2048, 2048, 2048, 2048, 2048, 2048, 2048]","[2048, 2048, 2048, 2048, 2048, 2048, 2048, 2048]",298.0
1288,11315,27,14,2026-06-28T13:19:36.800000+00:00,17.91,33.388,23.475,304.0,204.0,False,74.773,"[None, 2048, 2048, 2048, 2048, 2048]","[2048, 2048, 2048, 2048, 2049, 2048, 2048]","[2048, 2048, 2048, 2048, 2048, 2048, 2048, 2048]",304.0
1288,11315,87,14,2026-06-28T13:19:38.450000+00:00,17.904,33.814,23.648,303.0,200.0,False,75.366,"[None, 2048, 2048, 2048, 2048, 2048]","[2048, 2048, 2048, 2048, 2048, 2048, 2048]","[2048, 2048, 2048, 2048, 2048, 2048, 2048, 2048]",298.0
1288,11315,55,14,2026-06-28T13:19:39.322000+00:00,17.803,33.603,27.412,313.0,193.0,False,78.818,"[2049, 2048, 2048, 2048, 2048, 2048]","[2048, 2048, 2048, 2048, 2048, 2048, 2048]","[2048, 2048, 2048, 2048, 2064, 2064, 2064, 2064]",310.0
1288,11315,10,14,2026-06-28T13:19:40.268000+00:00,34.852,32.869,22.748,309.0,202.0,True,90.469,"[2064, 2064, 2064, 2048, 2048, 2048]","[2048, 2048, 2048, 2048, 2049, 2049, 2049]","[2049, 2049, 2048, 2048, 2048, 2048, 2048, 2048]",297.0
1288,11315,23,14,2026-06-28T13:19:41.243000+00:00,17.734,33.572,23.615,316.0,194.0,False,74.921,"[None, 2049, 2048, 2048, 2048, 2048]","[2048, 2048, 2048, 2048, 2048, 2048, 2048]","[2048, 2048, 2048, 2048, 2048, 2048, 2048, 2048]",306.0
1288,11315,43,14,2026-06-28T13:19:42.250000+00:00,17.789,33.731,24.815,316.0,197.0,False,76.335,"[None, 2048, 2048, 2048, 2048, 2048]","[2048, 2048, 2048, 2048, 2048, 2048, 2048]","[2048, 2048, 2048, 2048, 2048, 2048, 2048, 2048]",317.0
1288,11315,14,14,2026-06-28T13:19:49.394000+00:00,18.328,33.926,23.692,283.0,198.0,False,75.946,"[None, 2048, 2048, 2048, 2048, 2048]","[2048, 2048, 2048, 2048, 2048, 2048, 2048]","[2048, 2048, 2048, 2048, 2048, 2048, 2048, 2048]",284.0
1288,11315,18,14,2026-06-28T13:19:51.072000+00:00,18.198,33.927,23.839,290.0,199.0,False,75.964,"[None, 2048, 2048, 2048, 2048, 2048]","[2048, 2048, 2048, 2048, 2048, 2048, 2048]","[2048, 2048, 2049, 2048, 2048, 2048, 2048, 2048]",287.0
1288,11315,63,15,2026-06-28T13:20:15.185000+00:00,17.661,32.64,22.485,302.0,202.0,False,72.786,"[None, 2048, 2048, 2048, 2049, 2049]","[2048, 2048, 2048, 2048, 2048, 2048, 2048]","[2048, 2048, 2048, 2048, 2048, 2048, 2048]",302.0
1288,11315,3,15,2026-06-28T13:20:20.530000+00:00,17.579,32.626,22.56,303.0,209.0,False,72.765,"[None, 2048, 2048, 2048, 2048, 2048]","[2048, 2048, 2048, 2048, 2048, 2048, 2048]","[2048, 2048, 2048, 2048, 2048, 2048, 2048, 2048]",301.0
1288,11315,12,15,2026-06-28T13:20:22.018000+00:00,17.536,32.839,22.618,304.0,201.0,False,72.993,"[None, 2048, 2048, 2048, 2048, 2048]","[2048, 2048, 2048, 2048, 2048, 2048, 2048]","[2048, 2048, 2048, 2048, 2048, 2048, 2048, 2048]",305.0
1288,11315,81,15,2026-06-28T13:20:27.877000+00:00,17.656,32.791,22.788,,199.0,False,73.235,"[None, 2048, 2048, 2048, 2048, 2048]","[2048, 2048, 2048, 2048, 2048, 2048, 2048]","[2048, 2048, 2048, 2048, 2048, 2048, 2048, 2048]",302.0
1288,11315,1,15,2026-06-28T13:20:29.073000+00:00,17.68,32.838,22.901,307.0,198.0,False,73.419,"[None, 2048, 2048, 2048, 2048, 2048]","[2048, 2048, 2048, 2048, 2048, 2048, 2048]","[2048, 2048, 2048, 2048, 2048, 2048, 2048, 2048]",306.0
1288,11315,6,15,2026-06-28T13:20:30.783000+00:00,17.74,32.899,22.879,304.0,212.0,False,73.518,"[None, 2048, 2048, 2048, 2048, 2048]","[2048, 2048, 2048, 2048, 2048, 2048, 2048]","[2048, 2048, 2048, 2048, 2048, 2048, 2048, 2048]",302.0
1288,11315,30,15,2026-06-28T13:20:35.549000+00:00,17.858,33.179,22.951,297.0,209.0,False,73.988,"[None, 2048, 2048, 2048, 2048, 2048]","[2048, 2048, 2048, 2048, 2048, 2048, 2048]","[2048, 2048, 2048, 2048, 2048, 2048, 2048, 2048]",298.0
1288,11315,41,15,2026-06-28T13:20:38.332000+00:00,17.777,33.574,23.043,303.0,207.0,False,74.394,"[None, 2048, 2048, 2048, 2048, 2048]","[2048, 2048, 2048, 2048, 2048, 2048, 2048]","[2048, 2048, 2048, 2048, 2048, 2048, 2048, 2048]",302.0
1288,11315,44,15,2026-06-28T13:20:40.341000+00:00,17.448,32.486,22.85,307.0,204.0,False,72.784,"[2048, 2048, 2048, 2048, 2048, 2048]","[2048, 2048, 2048, 2048, 2048, 2048, 2048]","[2048, 2048, 2048, 2048, 2048, 2048, 2048, 2048]",298.0
1288,11315,5,15,2026-06-28T13:20:42.490000+00:00,17.937,33.067,23.087,302.0,208.0,False,74.091,"[None, 2048, 2048, 2048, 2048, 2048]","[2048, 2048, 2048, 2048, 2048, 2048, 2048]","[2048, 2048, 2048, 2048, 2048, 2048, 2048, 2048]",300.0
1288,11315,16,15,2026-06-28T13:20:46.871000+00:00,17.615,32.512,22.661,300.0,203.0,False,72.788,"[2048, 2049, 2048, 2048, 2048, 2048]","[2048, 2048, 2048, 2048, 2048, 2048, 2048]","[2048, 2048, 2048, 2048, 2048, 2048, 2048, 2048]",294.0
1288,11315,31,15,2026-06-28T13:20:51.196000+00:00,18.006,33.637,23.511,303.0,202.0,False,75.154,"[None, 2048, 2048, 2048, 2048, 2048]","[2048, 2048, 2048, 2048, 2048, 2048, 2048]","[2048, 2048, 2048, 2048, 2048, 2048, 2048, 2048]",296.0
1288,11315,27,15,2026-06-28T13:20:51.629000+00:00,17.969,33.507,23.469,307.0,207.0,False,74.945,"[None, 2049, 2048, 2048, 2048, 2048]","[2048, 2048, 2048, 2048, 2048, 2048, 2048]","[2048, 2048, 2048, 2048, 2048, 2048, 2048, 2048]",312.0
1288,11315,87,15,2026-06-28T13:20:53.861000+00:00,17.866,33.674,23.501,304.0,203.0,False,75.041,"[None, 2048, 2048, 2048, 2048, 2048]","[2048, 2048, 2048, 2048, 2048, 2048, 2048]","[2048, 2048, 2048, 2048, 2048, 2048, 2048, 2048]",296.0
1288,11315,23,15,2026-06-28T13:20:56.188000+00:00,17.969,33.477,23.412,304.0,197.0,False,74.858,"[None, 2048, 2048, 2048, 2048, 2048]","[2048, 2048, 2048, 2048, 2048, 2048, 2048]","[2048, 2048, 2048, 2049, 2048, 2048, 2048, 2048]",302.0
1288,11315,55,15,2026-06-28T13:20:58.276000+00:00,34.342,34.212,23.112,319.0,199.0,True,91.666,"[2064, 2064, 2064, 2048, 2048, 2048]","[2048, 2048, 2048, 2048, 2048, 2048, 2049]","[2049, 2048, 2048, 2049, 2049, 2049, 2048, 2048]",298.0
1288,11315,43,15,2026-06-28T13:20:58.478000+00:00,18.229,33.616,23.395,308.0,201.0,False,75.24,"[None, 2048, 2048, 2048, 2048, 2048]","[2048, 2048, 2048, 2048, 2048, 2048, 2048]","[2048, 2048, 2048, 2048, 2048, 2048, 2048, 2048]",309.0
1288,11315,14,15,2026-06-28T13:21:05.236000+00:00,18.397,33.839,23.568,287.0,198.0,False,75.804,"[None, 2048, 2048, 2048, 2048, 2048]","[2048, 2048, 2048, 2048, 2048, 2049, 2048]","[2048, 2048, 2048, 2048, 2048, 2048, 2048]",286.0
1288,11315,18,15,2026-06-28T13:21:06.928000+00:00,18.287,33.722,23.817,,199.0,False,75.826,"[None, 2048, 2048, 2048, 2048, 2048]","[2048, 2048, 2048, 2048, 2048, 2049, 2048]","[2048, 2048, 2048, 2048, 2048, 2048, 2048, 2048]",287.0
1288,11315,10,15,2026-06-28T13:21:10.885000+00:00,17.674,32.528,22.781,306.0,203.0,False,72.983,"[2048, 2048, 2049, 2048, 2048, 2048]","[2048, 2049, 2048, 2048, 2049, 2049, 2048]","[2048, 2048, 2048, 2049, 2049, 2048, 2048, 2048]",306.0
1288,11315,63,16,2026-06-28T13:21:27.950000+00:00,17.604,32.671,22.505,,201.0,False,72.78,"[None, 2048, 2048, 2048, 2048, 2049]","[2048, 2048, 2048, 2048, 2048, 2048, 2048]","[2048, 2048, 2048, 2048, 2048, 2048, 2048, 2048]",299.0
1288,11315,3,16,2026-06-28T13:21:33.311000+00:00,17.61,32.579,22.437,305.0,208.0,False,72.626,"[None, 2048, 2048, 2048, 2048, 2048]","[2048, 2048, 2048, 2048, 2048, 2048, 2048]","[2048, 2048, 2048, 2048, 2048, 2048, 2048, 2048]",301.0
1288,11315,12,16,2026-06-28T13:21:35.050000+00:00,17.618,32.685,22.58,,201.0,False,72.883,"[None, 2048, 2048, 2048, 2048, 2048]","[2048, 2048, 2048, 2048, 2048, 2048, 2048]","[2048, 2048, 2048, 2048, 2048, 2048, 2048, 2048]",305.0
1288,11315,81,16,2026-06-28T13:21:41.058000+00:00,17.698,32.601,22.88,304.0,200.0,False,73.179,"[None, 2048, 2048, 2048, 2048, 2048]","[2048, 2048, 2048, 2048, 2048, 2049, 2048]","[2048, 2048, 2048, 2048, 2048, 2048, 2048, 2048]",302.0
1288,11315,1,16,2026-06-28T13:21:42.437000+00:00,17.711,32.724,22.888,308.0,200.0,False,73.323,"[None, 2048, 2048, 2048, 2048, 2048]","[2048, 2048, 2048, 2048, 2048, 2048, 2048]","[2048, 2048, 2048, 2048, 2048, 2048, 2048, 2048]",306.0
1288,11315,6,16,2026-06-28T13:21:44.375000+00:00,17.823,33.079,22.843,302.0,211.0,False,73.745,"[None, 2048, 2048, 2048, 2048, 2048]","[2048, 2048, 2048, 2048, 2048, 2048, 2048]","[2048, 2048, 2048, 2048, 2048, 2048, 2048, 2048]",298.0
1288,11315,30,16,2026-06-28T13:21:49.593000+00:00,17.728,33.14,22.989,302.0,208.0,False,73.857,"[None, 2048, 2048, 2048, 2048, 2048]","[2048, 2048, 2048, 2048, 2048, 2048, 2048]","[2048, 2048, 2048, 2048, 2048, 2048, 2048, 2048]",296.0
1288,11315,41,16,2026-06-28T13:21:52.765000+00:00,17.771,34.117,23.032,299.0,206.0,False,74.92,"[None, 2048, 2048, 2048, 2048, 2048]","[2048, 2048, 2048, 2048, 2048, 2048, 2048]","[2048, 2048, 2048, 2048, 2048, 2048, 2048, 2048]",294.0
1288,11315,44,16,2026-06-28T13:21:53.143000+00:00,17.582,32.495,22.241,319.0,205.0,False,72.318,"[None, 2048, 2048, 2048, 2049, 2049]","[2048, 2048, 2048, 2048, 2048, 2048, 2048]","[2048, 2048, 2048, 2048, 2048, 2048, 2048, 2048]",298.0
1288,11315,5,16,2026-06-28T13:21:56.641000+00:00,17.973,33.068,23.031,301.0,210.0,False,74.072,"[None, 2048, 2048, 2048, 2048, 2048]","[2048, 2048, 2048, 2048, 2048, 2048, 2048]","[2048, 2048, 2048, 2048, 2049, 2048, 2048, 2048]",300.0
1288,11315,16,16,2026-06-28T13:21:59.757000+00:00,17.651,32.396,22.52,307.0,201.0,False,72.567,"[None, 2048, 2048, 2048, 2048, 2048]","[2048, 2048, 2048, 2048, 2048, 2048, 2048]","[2048, 2048, 2048, 2048, 2048, 2048, 2048, 2048]",295.0
1288,11315,31,16,2026-06-28T13:22:06.266000+00:00,18.036,33.775,23.88,305.0,203.0,False,75.691,"[None, 2048, 2048, 2048, 2048, 2048]","[2048, 2048, 2048, 2048, 2048, 2049, 2048]","[2048, 2048, 2048, 2048, 2048, 2048, 2048, 2048]",295.0
1288,11315,27,16,2026-06-28T13:22:06.704000+00:00,18.027,33.199,23.248,305.0,206.0,False,74.474,"[None, 2048, 2048, 2048, 2048, 2048]","[2048, 2048, 2048, 2048, 2048, 2049, 2048]","[2049, 2048, 2048, 2049, 2049, 2048, 2048]",316.0
1288,11315,87,16,2026-06-28T13:22:08.861000+00:00,17.815,33.656,23.28,307.0,201.0,False,74.751,"[None, 2049, 2048, 2048, 2048, 2048]","[2048, 2048, 2048, 2048, 2049, 2048, 2048]","[2048, 2048, 2048, 2048, 2048, 2048, 2048, 2048]",298.0
1288,11315,23,16,2026-06-28T13:22:11.129000+00:00,18.014,33.472,23.493,305.0,194.0,False,74.979,"[None, 2048, 2048, 2048, 2048, 2048]","[2048, 2048, 2048, 2048, 2048, 2048, 2048]","[2048, 2048, 2048, 2048, 2048, 2048, 2048, 2048]",303.0
1288,11315,43,16,2026-06-28T13:22:13.637000+00:00,18.069,33.419,23.122,306.0,199.0,False,74.61,"[None, 2048, 2048, 2048, 2048, 2048]","[2049, 2048, 2048, 2048, 2048, 2048, 2048]","[2048, 2048, 2048, 2048, 2048, 2048, 2048, 2048]",304.0
1288,11315,14,16,2026-06-28T13:22:20.989000+00:00,18.354,33.84,23.595,286.0,199.0,False,75.789,"[None, 2048, 2048, 2048, 2048, 2048]","[2048, 2048, 2048, 2048, 2048, 2049, 2048]","[2048, 2048, 2048, 2048, 2048, 2048, 2048, 2048]",283.0
1288,11315,18,16,2026-06-28T13:22:22.727000+00:00,18.258,34.528,23.854,289.0,198.0,False,76.64,"[None, 2048, 2048, 2048, 2048, 2048]","[2048, 2048, 2048, 2049, 2048, 2048, 2048]","[2048, 2048, 2048, 2048, 2048, 2048, 2048, 2048]",291.0
1288,11315,10,16,2026-06-28T13:22:23.750000+00:00,17.478,32.757,23.114,318.0,200.0,False,73.349,"[None, 2049, 2048, 2048, 2048, 2048]","[2048, 2048, 2048, 2048, 2048, 2048, 2048]","[2048, 2048, 2048, 2048, 2048, 2048, 2048, 2048]",306.0
1288,11315,55,16,2026-06-28T13:22:29.896000+00:00,18.003,33.129,23.171,303.0,198.0,False,74.303,"[2048, 2048, 2048, 2048, 2048, 2048]","[2049, 2048, 2048, 2048, 2048, 2048, 2048]","[2048, 2048, 2048, 2048, 2048, 2048, 2048, 2048]",300.0
1288,11315,63,17,2026-06-28T13:22:40.781000+00:00,17.686,32.771,22.454,303.0,200.0,False,72.911,"[None, 2048, 2048, 2048, 2049, 2049]","[2048, 2048, 2048, 2048, 2048, 2048, 2048]","[2048, 2048, 2048, 2048, 2048, 2048, 2048, 2048]",299.0
1288,11315,3,17,2026-06-28T13:22:45.969000+00:00,17.601,32.657,22.475,,207.0,False,72.733,"[None, 2048, 2048, 2048, 2048, 2048]","[2048, 2048, 2048, 2048, 2048, 2048, 2048]","[2048, 2048, 2048, 2048, 2048, 2048, 2048, 2048]",299.0
1288,11315,12,17,2026-06-28T13:22:48.034000+00:00,17.491,32.552,22.431,305.0,201.0,False,72.474,"[None, 2048, 2048, 2048, 2048, 2048]","[2048, 2048, 2048, 2048, 2048, 2048, 2048]","[2048, 2048, 2048, 2048, 2048, 2048, 2048, 2048]",304.0
1288,11315,81,17,2026-06-28T13:22:54.229000+00:00,17.618,32.693,22.79,305.0,198.0,False,73.101,"[None, 2048, 2048, 2048, 2048, 2048]","[2048, 2048, 2048, 2048, 2048, 2048, 2048]","[2048, 2048, 2048, 2048, 2048, 2048, 2048, 2048]",300.0
1288,11315,1,17,2026-06-28T13:22:55.903000+00:00,17.722,32.594,22.841,307.0,199.0,False,73.157,"[None, 2049, 2048, 2048, 2048, 2048]","[2048, 2048, 2048, 2048, 2048, 2048, 2048]","[2048, 2048, 2048, 2048, 2048, 2048, 2048, 2048]",305.0
1288,11315,6,17,2026-06-28T13:22:58.156000+00:00,17.72,33.023,22.735,,213.0,False,73.478,"[None, 2048, 2048, 2048, 2048, 2048]","[2048, 2048, 2048, 2048, 2048, 2048, 2048]","[2048, 2048, 2048, 2048, 2048, 2048, 2048, 2048]",299.0
1288,11315,30,17,2026-06-28T13:23:03.490000+00:00,17.755,33.271,23.066,301.0,208.0,False,74.092,"[None, 2049, 2048, 2048, 2048, 2048]","[2048, 2048, 2048, 2048, 2048, 2048, 2048]","[2048, 2048, 2049, 2048, 2048, 2048, 2048, 2048]",302.0
1288,11315,44,17,2026-06-28T13:23:05.379000+00:00,17.387,32.391,22.713,306.0,205.0,False,72.491,"[None, 2048, 2048, 2048, 2048, 2048]","[2048, 2049, 2048, 2048, 2048, 2048, 2048]","[2048, 2048, 2048, 2048, 2048, 2048, 2048, 2048]",296.0
1288,11315,41,17,2026-06-28T13:23:07.737000+00:00,17.765,33.283,22.968,303.0,204.0,False,74.016,"[None, 2048, 2048, 2048, 2048, 2048]","[2048, 2048, 2048, 2048, 2048, 2048, 2048]","[2048, 2048, 2048, 2048, 2048, 2048, 2048, 2048]",300.0
1288,11315,5,17,2026-06-28T13:23:10.775000+00:00,17.881,33.061,27.202,306.0,208.0,False,78.144,"[None, 2048, 2048, 2048, 2048, 2048]","[2049, 2048, 2048, 2048, 2048, 2049, 2048]","[2048, 2048, 2048, 2048, 2064, 2064, 2064, 2064]",300.0
1288,11315,16,17,2026-06-28T13:23:12.268000+00:00,17.476,32.455,23.044,309.0,201.0,False,72.975,"[None, 2048, 2048, 2048, 2048, 2048]","[2048, 2049, 2048, 2048, 2048, 2048, 2048]","[2048, 2048, 2048, 2048, 2048, 2048, 2048, 2048]",297.0
1288,11315,27,17,2026-06-28T13:23:21.006000+00:00,18.315,33.601,23.328,293.0,207.0,False,75.244,"[None, 2048, 2048, 2048, 2048, 2048]","[2048, 2048, 2048, 2048, 2048, 2048, 2048]","[2049, 2048, 2048, 2048, 2048, 2048, 2048, 2048]",291.0
1288,11315,31,17,2026-06-28T13:23:22.080000+00:00,17.929,33.975,23.573,314.0,201.0,False,75.477,"[None, 2048, 2048, 2048, 2048, 2048]","[2048, 2048, 2048, 2048, 2048, 2048, 2048]","[2048, 2048, 2048, 2048, 2048, 2048, 2048, 2048]",299.0
1288,11315,87,17,2026-06-28T13:23:23.658000+00:00,17.739,33.513,23.457,311.0,202.0,False,74.709,"[None, 2049, 2048, 2048, 2048, 2048]","[2049, 2048, 2048, 2048, 2048, 2048, 2048]","[2048, 2048, 2048, 2048, 2048, 2048, 2048, 2048]",300.0
1288,11315,23,17,2026-06-28T13:23:26.136000+00:00,17.988,33.635,23.449,,195.0,False,75.072,"[None, 2049, 2048, 2048, 2048, 2048]","[2048, 2048, 2048, 2048, 2048, 2048, 2048]","[2048, 2048, 2048, 2048, 2048, 2048, 2048, 2048]",302.0
1288,11315,43,17,2026-06-28T13:23:28.406000+00:00,18.068,33.289,23.06,308.0,197.0,False,74.417,"[None, 2048, 2048, 2048, 2048, 2048]","[2048, 2048, 2048, 2048, 2049, 2048, 2048]","[2048, 2048, 2048, 2048, 2048, 2048, 2048, 2048]",301.0
1288,11315,14,17,2026-06-28T13:23:36.929000+00:00,18.603,34.091,23.644,298.0,197.0,False,76.338,"[None, 2048, 2048, 2048, 2048, 2048]","[2048, 2048, 2048, 2048, 2048, 2049, 2048]","[2048, 2048, 2048, 2048, 2048, 2048, 2048, 2048]",289.0
1288,11315,10,17,2026-06-28T13:23:37.133000+00:00,17.934,32.543,22.767,304.0,200.0,False,73.244,"[None, 2048, 2048, 2048, 2048, 2048]","[2048, 2049, 2048, 2048, 2048, 2048, 2048]","[2048, 2048, 2048, 2049, 2048, 2048, 2048, 2048]",302.0
1288,11315,18,17,2026-06-28T13:23:39.479000+00:00,18.192,33.785,23.706,295.0,197.0,False,75.683,"[None, 2048, 2048, 2048, 2048, 2048]","[2048, 2048, 2048, 2048, 2048, 2048, 2048]","[2048, 2048, 2049, 2048, 2048, 2048, 2048, 2048]",288.0
1288,11315,55,17,2026-06-28T13:23:44.242000+00:00,17.909,32.971,23.263,306.0,197.0,False,74.143,"[None, 2048, 2048, 2048, 2048, 2048]","[2048, 2049, 2048, 2048, 2049, 2048, 2048]","[2048, 2048, 2048, 2048, 2048, 2048, 2048, 2048]",302.0
1288,11315,63,18,2026-06-28T13:23:53.847000+00:00,17.779,32.646,22.479,304.0,202.0,False,72.904,"[None, 2048, 2048, 2048, 2048, 2049]","[2048, 2048, 2048, 2048, 2048, 2048, 2048]","[2048, 2048, 2049, 2048, 2048, 2048, 2048, 2048]",299.0
1288,11315,3,18,2026-06-28T13:23:58.716000+00:00,17.614,32.708,26.311,307.0,207.0,False,76.633,"[None, 2048, 2048, 2048, 2048, 2048]","[2048, 2048, 2048, 2048, 2048, 2048, 2048]","[2048, 2048, 2049, 2048, 2064, 2064, 2064, 2064]",299.0
1288,11315,12,18,2026-06-28T13:24:00.433000+00:00,17.761,32.5,22.555,,201.0,False,72.816,"[None, 2048, 2048, 2048, 2048, 2048]","[2048, 2048, 2048, 2048, 2048, 2048, 2048]","[2048, 2048, 2048, 2048, 2048, 2048, 2048, 2048]",305.0
1288,11315,81,18,2026-06-28T13:24:07.391000+00:00,17.747,32.915,22.789,,199.0,False,73.451,"[None, 2048, 2048, 2048, 2048, 2048]","[2048, 2048, 2048, 2048, 2048, 2048, 2048]","[2048, 2048, 2048, 2048, 2048, 2048, 2048, 2048]",299.0
1288,11315,1,18,2026-06-28T13:24:08.956000+00:00,17.792,32.786,22.803,,201.0,False,73.381,"[None, 2048, 2048, 2048, 2048, 2048]","[2048, 2048, 2048, 2048, 2048, 2048, 2048]","[2048, 2048, 2048, 2048, 2048, 2048, 2048, 2048]",303.0
1288,11315,6,18,2026-06-28T13:24:11.581000+00:00,17.728,32.903,26.308,,213.0,False,76.939,"[None, 2048, 2048, 2048, 2048, 2048]","[2048, 2049, 2048, 2048, 2048, 2048, 2048]","[2048, 2048, 2051, 2048, 2064, 2064, 2064, 2064]",299.0
1288,11315,30,18,2026-06-28T13:24:17.605000+00:00,17.865,34.113,23.12,293.0,206.0,False,75.098,"[None, 2048, 2048, 2048, 2048, 2048]","[2048, 2048, 2048, 2048, 2048, 2048, 2048]","[2048, 2048, 2048, 2048, 2048, 2048, 2048, 2048]",299.0
1288,11315,44,18,2026-06-28T13:24:17.981000+00:00,17.516,32.491,22.296,321.0,206.0,False,72.303,"[None, 2048, 2048, 2048, 2049, 2049]","[2048, 2048, 2048, 2048, 2049, 2048, 2048]","[2048, 2048, 2048, 2048, 2048, 2048, 2048, 2048]",295.0
1288,11315,41,18,2026-06-28T13:24:21.751000+00:00,17.721,33.299,26.771,302.0,204.0,False,77.791,"[None, 2048, 2048, 2048, 2048, 2048]","[2048, 2048, 2048, 2048, 2048, 2048, 2048]","[2048, 2048, 2048, 2048, 2064, 2064, 2064, 2064]",293.0
1288,11315,16,18,2026-06-28T13:24:25.174000+00:00,17.611,32.357,22.623,306.0,206.0,False,72.591,"[None, 2048, 2048, 2048, 2048, 2048]","[2048, 2048, 2048, 2048, 2048, 2048, 2048]","[2048, 2048, 2048, 2048, 2048, 2048, 2048, 2048]",293.0
1288,11315,5,18,2026-06-28T13:24:28.872000+00:00,35.656,32.712,22.33,293.0,215.0,True,90.698,"[2064, 2064, 2064, 2048, 2048, 2048]","[2048, 2048, 2048, 2048, 2049, 2048, 2049]","[2049, 2049, 2049, 2048, 2049, 2049, 2048, 2048]",293.0
1288,11315,27,18,2026-06-28T13:24:36.358000+00:00,18.118,33.453,23.194,299.0,210.0,False,74.765,"[None, 2048, 2048, 2048, 2048, 2048]","[2049, 2048, 2048, 2048, 2048, 2048, 2049]","[2049, 2048, 2048, 2048, 2049, 2048, 2048, 2048]",294.0
1288,11315,31,18,2026-06-28T13:24:37.501000+00:00,17.928,33.84,27.956,302.0,202.0,False,79.724,"[None, 2048, 2048, 2048, 2048, 2048]","[2048, 2048, 2048, 2048, 2048, 2048, 2048]","[2048, 2048, 2048, 2048, 2064, 2064, 2064, 2064]",293.0
1288,11315,87,18,2026-06-28T13:24:38.374000+00:00,17.668,34.158,23.518,318.0,202.0,False,75.344,"[None, 2048, 2048, 2048, 2048, 2048]","[2048, 2048, 2048, 2048, 2048, 2048, 2048]","[2048, 2048, 2048, 2048, 2048, 2048, 2048, 2048]",301.0
1288,11315,23,18,2026-06-28T13:24:41.190000+00:00,17.933,33.618,27.307,,198.0,False,78.858,"[None, 2048, 2048, 2048, 2048, 2048]","[2048, 2048, 2048, 2048, 2048, 2048, 2048]","[2048, 2048, 2048, 2048, 2064, 2064, 2064, 2064]",301.0
1288,11315,43,18,2026-06-28T13:24:42.787000+00:00,17.862,33.413,23.195,309.0,201.0,False,74.47,"[None, 2048, 2048, 2048, 2048, 2048]","[2049, 2048, 2048, 2048, 2048, 2048, 2048]","[2048, 2048, 2048, 2048, 2048, 2048, 2048, 2048]",304.0
1288,11315,10,18,2026-06-28T13:24:50.383000+00:00,17.741,32.577,22.722,309.0,202.0,False,73.04,"[None, 2048, 2048, 2048, 2048, 2048]","[2048, 2048, 2048, 2048, 2048, 2048, 2048]","[2048, 2048, 2048, 2049, 2048, 2048, 2048, 2048]",303.0
1288,11315,14,18,2026-06-28T13:24:53.278000+00:00,18.283,33.922,23.51,290.0,199.0,False,75.715,"[None, 2048, 2048, 2048, 2048, 2048]","[2048, 2048, 2048, 2048, 2048, 2048, 2048]","[2048, 2048, 2048, 2048, 2048, 2048, 2048, 2048]",285.0
1288,11315,18,18,2026-06-28T13:24:55.218000+00:00,18.168,33.925,23.786,297.0,199.0,False,75.879,"[None, 2048, 2048, 2048, 2048, 2048]","[2048, 2048, 2048, 2048, 2048, 2048, 2048]","[2048, 2048, 2048, 2048, 2048, 2048, 2048, 2048]",287.0
1288,11315,55,18,2026-06-28T13:24:58.385000+00:00,17.832,32.984,23.049,,198.0,False,73.865,"[None, 2049, 2048, 2048, 2048, 2048]","[2048, 2049, 2048, 2048, 2048, 2048, 2049]","[2048, 2048, 2048, 2049, 2049, 2048, 2048, 2048]",302.0
1288,11315,63,19,2026-06-28T13:25:06.674000+00:00,17.703,32.695,26.687,305.0,201.0,False,77.085,"[None, 2048, 2048, 2048, 2048, 2048]","[2048, 2048, 2048, 2048, 2048, 2048, 2048]","[2048, 2048, 2048, 2048, 2064, 2064, 2064, 2064]",301.0
1288,11315,12,19,2026-06-28T13:25:13.173000+00:00,17.547,32.511,22.418,302.0,202.0,False,72.476,"[None, 2048, 2048, 2048, 2048, 2048]","[2048, 2048, 2048, 2048, 2048, 2049, 2048]","[2048, 2048, 2048, 2048, 2048, 2048, 2048]",300.0
1288,11315,3,19,2026-06-28T13:25:15.428000+00:00,34.065,32.456,22.016,301.0,211.0,True,88.537,"[2064, 2064, 2064, 2048, 2048, 2048]","[2048, 2048, 2048, 2048, 2049, 2048, 2049]","[2048, 2048, 2048, 2048, 2048, 2048, 2049, 2048]",297.0
1288,11315,81,19,2026-06-28T13:25:20.824000+00:00,17.845,32.918,27.491,,202.0,False,78.254,"[None, 2048, 2048, 2048, 2048, 2048]","[2048, 2048, 2048, 2048, 2048, 2048, 2048]","[2048, 2048, 2048, 2048, 2064, 2064, 2064, 2064]",299.0
1288,11315,1,19,2026-06-28T13:25:22.378000+00:00,17.879,33.596,22.855,306.0,199.0,False,74.33,"[None, 2049, 2048, 2048, 2048, 2048]","[2048, 2048, 2048, 2048, 2048, 2048, 2048]","[2048, 2048, 2048, 2048, 2048, 2048, 2048, 2048]",303.0
1288,11315,6,19,2026-06-28T13:25:28.466000+00:00,34.672,32.433,22.072,293.0,217.0,True,89.177,"[2064, 2064, 2064, 2048, 2048, 2048]","[2048, 2048, 2048, 2048, 2049, 2048, 2049]","[2049, 2048, 2048, 2049, 2049, 2049, 2049, 2048]",289.0
1288,11315,44,19,2026-06-28T13:25:30.286000+00:00,17.454,32.456,22.342,303.0,204.0,False,72.252,"[None, 2048, 2048, 2048, 2048, 2048]","[2048, 2048, 2048, 2048, 2048, 2048, 2048]","[2048, 2048, 2048, 2048, 2048, 2048, 2048, 2048]",289.0
1288,11315,30,19,2026-06-28T13:25:32.713000+00:00,17.838,33.437,27.192,303.0,205.0,False,78.467,"[None, 2048, 2048, 2048, 2048, 2048]","[2048, 2048, 2048, 2048, 2048, 2048, 2048]","[2048, 2048, 2048, 2048, 2064, 2064, 2064, 2064]",305.0
1288,11315,16,19,2026-06-28T13:25:37.842000+00:00,17.56,32.3,22.385,,205.0,False,72.245,"[None, 2048, 2048, 2048, 2048, 2048]","[2048, 2048, 2048, 2048, 2048, 2048, 2048]","[2048, 2048, 2048, 2048, 2048, 2048, 2048]",292.0
1288,11315,41,19,2026-06-28T13:25:39.512000+00:00,34.47,32.944,22.246,296.0,211.0,True,89.66,"[2064, 2064, 2064, 2048, 2048, 2048]","[2048, 2048, 2048, 2048, 2049, 2049, 2049]","[2049, 2049, 2049, 2049, 2049, 2049, 2049, 2049]",299.0
1288,11315,27,19,2026-06-28T13:25:51.120000+00:00,18.011,33.273,23.15,301.0,209.0,False,74.434,"[None, 2048, 2048, 2048, 2048, 2048]","[2048, 2048, 2048, 2048, 2048, 2048, 2049]","[2048, 2048, 2048, 2048, 2048, 2048, 2048, 2048]",298.0
1288,11315,87,19,2026-06-28T13:25:53.697000+00:00,17.922,33.614,23.291,307.0,203.0,False,74.827,"[None, 2048, 2048, 2048, 2048, 2048]","[2048, 2048, 2048, 2048, 2048, 2048, 2048]","[2048, 2048, 2048, 2048, 2048, 2048, 2048, 2048]",297.0
1288,11315,31,19,2026-06-28T13:25:57.063000+00:00,35.186,33.309,23.306,304.0,206.0,True,91.801,"[2064, 2064, 2064, 2048, 2048, 2048]","[2048, 2048, 2048, 2048, 2048, 2048, 2049]","[2048, 2048, 2048, 2048, 2048, 2048, 2048, 2048]",295.0
1288,11315,43,19,2026-06-28T13:25:57.225000+00:00,17.964,33.627,23.184,310.0,199.0,False,74.775,"[None, 2048, 2048, 2048, 2048, 2048]","[2048, 2048, 2048, 2048, 2048, 2048, 2048]","[2048, 2048, 2048, 2048, 2048, 2048, 2048, 2048]",305.0
1288,11315,5,19,2026-06-28T13:25:59.537000+00:00,17.772,32.53,22.762,303.0,214.0,False,73.064,"[2048, 2049, 2049, 2048, 2048, 2048]","[2049, 2049, 2048, 2048, 2048, 2048, 2048]","[2048, 2048, 2048, 2048, 2048, 2048, 2048]",299.0
1288,11315,23,19,2026-06-28T13:26:00.065000+00:00,34.958,33.957,22.989,301.0,200.0,True,91.904,"[2064, 2064, 2064, 2048, 2048, 2048]","[2048, 2048, 2048, 2048, 2048, 2048, 2049]","[2049, 2049, 2048, 2049, 2049, 2049, 2049, 2048]",299.0
1288,11315,10,19,2026-06-28T13:26:03.471000+00:00,17.639,32.697,22.596,307.0,202.0,False,72.932,"[None, 2048, 2048, 2048, 2048, 2048]","[2048, 2048, 2048, 2048, 2048, 2048, 2048]","[2048, 2048, 2048, 2049, 2049, 2048, 2048, 2048]",303.0
1288,11315,14,19,2026-06-28T13:26:09.052000+00:00,18.304,34.02,23.551,288.0,199.0,False,75.875,"[None, 2048, 2048, 2048, 2048, 2048]","[2048, 2048, 2048, 2048, 2048, 2049, 2048]","[2048, 2048, 2048, 2048, 2048, 2048, 2048, 2048]",284.0
1288,11315,18,19,2026-06-28T13:26:11.050000+00:00,18.192,34.311,24.012,296.0,198.0,False,76.515,"[None, 2048, 2048, 2048, 2048, 2048]","[2048, 2048, 2048, 2048, 2048, 2048, 2048]","[2048, 2048, 2049, 2048, 2048, 2048, 2048, 2048]",286.0
1288,11315,55,19,2026-06-28T13:26:12.338000+00:00,17.79,32.924,23.164,312.0,198.0,False,73.878,"[None, 2048, 2048, 2048, 2048, 2048]","[2048, 2048, 2049, 2049, 2048, 2048, 2048]","[2048, 2048, 2048, 2048, 2048, 2049, 2049, 2048]",326.0
1288,11315,63,20,2026-06-28T13:26:24.034000+00:00,34.5,32.413,22.16,316.0,208.0,True,89.073,"[2064, 2064, 2064, 2048, 2048, 2049]","[2048, 2048, 2049, 2048, 2048, 2048, 2048]","[2048, 2048, 2048, 2048, 2048, 2048, 2049, 2049]",290.0
1288,11315,12,20,2026-06-28T13:26:25.735000+00:00,17.629,33.429,22.361,,203.0,False,73.419,"[None, 2048, 2048, 2048, 2048, 2048]","[2048, 2048, 2048, 2048, 2048, 2048, 2048]","[2048, 2048, 2048, 2048, 2048, 2049, 2048]",299.0
1288,11315,1,20,2026-06-28T13:26:36.643000+00:00,17.835,33.001,22.819,301.0,201.0,False,73.655,"[None, 2048, 2048, 2048, 2048, 2048]","[2048, 2048, 2048, 2048, 2048, 2048, 2048]","[2048, 2048, 2048, 2048, 2048, 2048, 2048, 2048]",298.0
1288,11315,81,20,2026-06-28T13:26:39.014000+00:00,34.874,32.462,22.199,299.0,205.0,True,89.535,"[2064, 2064, 2064, 2048, 2048, 2048]","[2048, 2048, 2048, 2048, 2049, 2049, 2049]","[2048, 2048, 2048, 2049, 2048, 2049, 2049, 2048]",302.0
1288,11315,44,20,2026-06-28T13:26:42.520000+00:00,17.508,32.198,22.181,308.0,205.0,False,71.887,"[None, 2048, 2048, 2048, 2048, 2048]","[2048, 2048, 2048, 2048, 2049, 2048, 2048]","[2048, 2048, 2048, 2048, 2049, 2048, 2049]",297.0
1288,11315,3,20,2026-06-28T13:26:43.896000+00:00,17.221,32.195,22.064,312.0,213.0,False,71.48,"[2048, 2048, 2051, 2049, 2048, 2048]","[2048, 2048, 2048, 2048, 2048, 2048, 2048]","[2048, 2048, 2048, 2048, 2048, 2049, 2051, 2049]",308.0
1288,11315,16,20,2026-06-28T13:26:50.007000+00:00,17.557,32.277,22.232,302.0,206.0,False,72.066,"[None, 2048, 2048, 2048, 2048, 2048]","[2048, 2048, 2048, 2048, 2048, 2049, 2048]","[2048, 2048, 2048, 2049, 2048, 2049, 2049, 2048]",293.0
1288,11315,30,20,2026-06-28T13:26:50.950000+00:00,35.093,33.411,22.539,300.0,212.0,True,91.043,"[2064, 2064, 2064, 2048, 2048, 2048]","[2048, 2048, 2048, 2049, 2049, 2049, 2049]","[2048, 2049, 2049, 2048, 2049, 2048, 2048, 2048]",310.0
1288,11315,6,20,2026-06-28T13:26:57.789000+00:00,17.369,32.266,22.204,304.0,213.0,False,71.839,"[2048, 2048, 2049, 2048, 2048, 2048]","[2048, 2049, 2049, 2048, 2048, 2048, 2048]","[2048, 2048, 2048, 2048, 2048, 2048, 2049]",302.0
1288,11315,27,20,2026-06-28T13:27:05.570000+00:00,17.977,33.324,23.107,,207.0,False,74.408,"[None, 2048, 2048, 2048, 2048, 2048]","[2048, 2048, 2048, 2048, 2048, 2048, 2048]","[2048, 2048, 2048, 2049, 2048, 2048, 2048, 2048]",299.0
1288,11315,87,20,2026-06-28T13:27:08.558000+00:00,17.791,34.705,23.412,311.0,200.0,False,75.908,"[None, 2048, 2048, 2048, 2048, 2048]","[2048, 2048, 2048, 2048, 2048, 2048, 2048]","[2048, 2048, 2048, 2048, 2048, 2048, 2048, 2048]",291.0
1288,11315,41,20,2026-06-28T13:27:09.230000+00:00,17.146,33.838,22.528,342.0,210.0,False,73.512,"[2049, 2048, 2048, 2048, 2051, 2051]","[2049, 2048, 2048, 2048, 2048, 2049, 2048]","[2048, 2049, 2049, 2048, 2048, 2048, 2049]",288.0
1288,11315,43,20,2026-06-28T13:27:12.022000+00:00,17.755,33.994,27.428,325.0,198.0,False,79.177,"[None, 2048, 2048, 2048, 2048, 2048]","[2049, 2048, 2048, 2048, 2048, 2048, 2048]","[2048, 2048, 2048, 2048, 2064, 2064, 2064, 2064]",305.0
1288,11315,5,20,2026-06-28T13:27:12.511000+00:00,17.521,32.658,22.359,311.0,212.0,False,72.538,"[None, 2048, 2048, 2049, 2049, 2048]","[2048, 2048, 2049, 2048, 2048, 2048, 2048]","[2048, 2048, 2048, 2049, 2049, 2049, 2049, 2048]",317.0
1288,11315,10,20,2026-06-28T13:27:16.348000+00:00,17.651,32.554,22.711,308.0,202.0,False,72.916,"[None, 2049, 2048, 2048, 2048, 2048]","[2048, 2048, 2048, 2048, 2048, 2048, 2048]","[2048, 2048, 2048, 2048, 2048, 2048, 2048, 2048]",306.0
1288,11315,14,20,2026-06-28T13:27:24.808000+00:00,18.367,34.388,23.43,286.0,200.0,False,76.185,"[None, 2049, 2048, 2048, 2048, 2048]","[2048, 2048, 2048, 2048, 2048, 2048, 2048]","[2048, 2048, 2049, 2048, 2048, 2048, 2048, 2049]",297.0
1288,11315,55,20,2026-06-28T13:27:26.157000+00:00,17.757,32.957,23.045,309.0,198.0,False,73.759,"[None, 2048, 2049, 2048, 2048, 2048]","[2048, 2048, 2048, 2048, 2048, 2048, 2049]","[2048, 2048, 2048, 2049, 2049, 2049, 2048]",324.0
1288,11315,18,20,2026-06-28T13:27:27.576000+00:00,18.244,34.026,24.181,292.0,197.0,False,76.451,"[None, 2048, 2048, 2048, 2048, 2048]","[2048, 2048, 2048, 2048, 2048, 2048, 2048]","[2048, 2048, 2048, 2048, 2048, 2048, 2048, 2049]",285.0
1288,11315,31,20,2026-06-28T13:27:29.006000+00:00,17.673,33.417,23.33,312.0,202.0,False,74.42,"[2048, 2048, 2048, 2048, 2048, 2048]","[2048, 2049, 2048, 2048, 2049, 2048, 2048]","[2048, 2049, 2049, 2048, 2048, 2048, 2048, 2048]",296.0
1288,11315,23,20,2026-06-28T13:27:31.975000+00:00,17.625,33.019,22.998,306.0,198.0,False,73.642,"[2048, 2049, 2049, 2048, 2048, 2048]","[2048, 2048, 2048, 2048, 2049, 2049, 2048]","[2049, 2048, 2048, 2048, 2049, 2049, 2048, 2048]",303.0
1288,11315,12,21,2026-06-28T13:27:38.994000+00:00,17.627,32.728,22.449,305.0,201.0,False,72.804,"[None, 2048, 2048, 2048, 2048, 2048]","[2048, 2048, 2048, 2048, 2048, 2048, 2048]","[2048, 2048, 2048, 2048, 2049, 2048, 2048, 2048]",302.0
1288,11315,1,21,2026-06-28T13:27:50.350000+00:00,17.954,32.931,27.469,298.0,200.0,False,78.354,"[None, 2048, 2048, 2048, 2048, 2048]","[2048, 2048, 2048, 2048, 2048, 2048, 2048]","[2048, 2048, 2048, 2048, 2064, 2064, 2064, 2064]",294.0
1288,11315,63,21,2026-06-28T13:27:52.854000+00:00,17.36,32.119,22.451,304.0,205.0,False,71.93,"[2048, 2048, 2048, 2049, 2049, 2049]","[2048, 2051, 2048, 2048, 2049, 2048, 2048]","[2048, 2048, 2048, 2048, 2048, 2048, 2049]",298.0
1288,11315,44,21,2026-06-28T13:27:54.334000+00:00,17.345,32.212,22.37,310.0,204.0,False,71.927,"[None, 2049, 2049, 2048, 2048, 2048]","[2048, 2049, 2048, 2048, 2048, 2048, 2048]","[2048, 2048, 2048, 2048, 2048, 2048, 2048, 2048]",296.0
1288,11315,3,21,2026-06-28T13:27:55.359000+00:00,17.139,32.147,22.198,315.0,213.0,False,71.484,"[None, 2048, 2051, 2048, 2048, 2048]","[2048, 2048, 2048, 2048, 2048, 2048, 2048]","[2048, 2048, 2048, 2048, 2048, 2048, 2048]",306.0
1288,11315,16,21,2026-06-28T13:28:02.149000+00:00,17.468,32.069,22.124,304.0,207.0,False,71.661,"[None, 2048, 2049, 2048, 2048, 2048]","[2048, 2049, 2048, 2048, 2051, 2049, 2048]","[2049, 2048, 2048, 2049, 2049, 2049, 2048, 2048]",290.0
1288,11315,81,21,2026-06-28T13:28:08.676000+00:00,17.423,32.024,22.017,306.0,204.0,False,71.464,"[2048, 2048, 2049, 2049, 2048, 2048]","[2048, 2049, 2048, 2048, 2049, 2049, 2048]","[2049, 2049, 2048, 2049, 2049, 2049, 2048, 2048]",300.0
1288,11315,6,21,2026-06-28T13:28:09.415000+00:00,17.189,32.007,22.072,311.0,212.0,False,71.268,"[None, 2048, 2049, 2048, 2048, 2048]","[2048, 2049, 2049, 2049, 2048, 2048, 2049]","[2048, 2048, 2048, 2048, 2049, 2048, 2048, 2048]",302.0
1288,11315,27,21,2026-06-28T13:28:19.910000+00:00,17.953,33.288,27.148,302.0,207.0,False,78.389,"[None, 2049, 2048, 2048, 2048, 2048]","[2048, 2049, 2048, 2048, 2048, 2048, 2048]","[2048, 2048, 2048, 2048, 2064, 2064, 2064, 2064]",298.0
1288,11315,30,21,2026-06-28T13:28:22.244000+00:00,17.452,33.591,22.636,304.0,209.0,False,73.679,"[2048, 2048, 2048, 2048, 2048, 2048]","[2048, 2048, 2048, 2048, 2048, 2048, 2048]","[2048, 2048, 2049, 2048, 2048, 2049, 2049]",292.0
1288,11315,41,21,2026-06-28T13:28:22.622000+00:00,17.429,32.605,22.421,300.0,209.0,False,72.455,"[2048, 2048, 2049, 2051, 2048, 2048]","[2048, 2049, 2049, 2049, 2049, 2048, 2048]","[2048, 2048, 2048, 2048, 2049, 2049, 2048, 2048]",324.0
1288,11315,87,21,2026-06-28T13:28:24.567000+00:00,17.802,33.564,23.57,310.0,203.0,False,74.936,"[None, 2048, 2048, 2048, 2048, 2048]","[2048, 2049, 2048, 2048, 2048, 2048, 2048]","[2048, 2048, 2048, 2048, 2048, 2048, 2048, 2048]",298.0
1288,11315,5,21,2026-06-28T13:28:25.187000+00:00,17.567,32.896,22.554,309.0,210.0,False,73.017,"[None, 2048, 2048, 2049, 2048, 2048]","[2048, 2048, 2048, 2048, 2048, 2049, 2048]","[2048, 2048, 2048, 2048, 2049, 2049, 2048, 2048]",295.0
1288,11315,10,21,2026-06-28T13:28:29.326000+00:00,17.627,32.539,22.606,311.0,203.0,False,72.772,"[None, 2048, 2048, 2048, 2048, 2048]","[2048, 2048, 2048, 2048, 2048, 2048, 2048]","[2048, 2048, 2048, 2049, 2049, 2048, 2048, 2048]",304.0
1288,11315,43,21,2026-06-28T13:28:31.270000+00:00,35.49,33.588,23.045,286.0,203.0,True,92.123,"[2064, 2064, 2064, 2048, 2048, 2048]","[2048, 2048, 2048, 2048, 2048, 2048, 2049]","[2048, 2048, 2048, 2048, 2048, 2049, 2048, 2048]",294.0
1288,11315,55,21,2026-06-28T13:28:39.795000+00:00,17.863,32.909,23.027,304.0,199.0,False,73.799,"[None, 2048, 2049, 2048, 2048, 2048]","[2049, 2048, 2048, 2048, 2049, 2048, 2049]","[2048, 2048, 2048, 2048, 2048, 2048, 2048, 2048]",297.0
1288,11315,14,21,2026-06-28T13:28:41.048000+00:00,18.07,34.105,23.643,302.0,198.0,False,75.818,"[2049, 2048, 2048, 2048, 2048, 2048]","[2049, 2048, 2048, 2048, 2048, 2048, 2048]","[2048, 2048, 2048, 2048, 2048, 2048, 2048]",281.0
1288,11315,31,21,2026-06-28T13:28:43.357000+00:00,17.873,33.206,23.116,309.0,205.0,False,74.195,"[None, 2048, 2048, 2048, 2048, 2048]","[2048, 2048, 2048, 2048, 2048, 2048, 2048]","[2048, 2048, 2048, 2048, 2049, 2048, 2048, 2048]",295.0
1288,11315,18,21,2026-06-28T13:28:44.053000+00:00,18.055,35.021,23.971,311.0,199.0,False,77.047,"[2049, 2048, 2048, 2048, 2049, 2049]","[2049, 2048, 2048, 2049, 2048, 2048, 2048]","[2048, 2048, 2048, 2048, 2048, 2048, 2048, 2048]",291.0
1288,11315,23,21,2026-06-28T13:28:45.659000+00:00,17.683,33.018,23.122,308.0,199.0,False,73.823,"[None, 2048, 2048, 2048, 2048, 2048]","[2048, 2049, 2048, 2048, 2048, 2048, 2048]","[2048, 2048, 2048, 2048, 2048, 2049, 2049]",311.0
1288,11315,12,22,2026-06-28T13:28:51.994000+00:00,17.674,33.883,22.395,307.0,201.0,False,73.952,"[None, 2048, 2048, 2048, 2048, 2048]","[2048, 2048, 2048, 2048, 2048, 2048, 2048]","[2048, 2048, 2048, 2048, 2048, 2048, 2048, 2048]",300.0
1288,11315,63,22,2026-06-28T13:29:04.693000+00:00,17.361,32.083,22.014,298.0,207.0,False,71.458,"[None, 2048, 2049, 2048, 2048, 2048]","[2048, 2048, 2048, 2048, 2049, 2049, 2049]","[2048, 2048, 2048, 2048, 2048, 2048, 2048, 2049]",291.0
1288,11315,44,22,2026-06-28T13:29:06.309000+00:00,17.46,33.936,22.62,309.0,199.0,False,74.016,"[None, 2048, 2048, 2048, 2048, 2048]","[2048, 2048, 2049, 2049, 2048, 2048, 2048]","[2048, 2048, 2048, 2048, 2048, 2048, 2048, 2048]",303.0
1288,11315,3,22,2026-06-28T13:29:06.886000+00:00,17.152,33.249,22.008,320.0,209.0,False,72.409,"[None, 2048, 2048, 2048, 2049, 2048]","[2048, 2048, 2048, 2048, 2048, 2051, 2048]","[2048, 2049, 2048, 2049, 2048, 2048, 2048, 2048]",286.0
1288,11315,1,22,2026-06-28T13:29:08.763000+00:00,34.292,33.236,22.477,299.0,204.0,True,90.005,"[2064, 2064, 2064, 2048, 2048, 2048]","[2048, 2048, 2048, 2048, 2048, 2048, 2048]","[2048, 2049, 2048, 2048, 2048, 2048, 2048, 2048]",298.0
1288,11315,16,22,2026-06-28T13:29:13.893000+00:00,17.554,32.211,22.167,,205.0,False,71.932,"[None, 2048, 2048, 2049, 2048, 2048]","[2048, 2048, 2048, 2048, 2048, 2048, 2048]","[2049, 2048, 2048, 2048, 2048, 2048, 2048, 2048]",290.0
1288,11315,81,22,2026-06-28T13:29:20.174000+00:00,17.409,32.15,22.019,307.0,202.0,False,71.578,"[None, 2049, 2048, 2048, 2048, 2048]","[2048, 2048, 2048, 2048, 2049, 2048, 2049]","[2049, 2048, 2048, 2049, 2048, 2048, 2048, 2048]",300.0
1288,11315,6,22,2026-06-28T13:29:20.731000+00:00,17.31,32.345,22.143,,210.0,False,71.798,"[None, 2048, 2048, 2048, 2048, 2048]","[2048, 2048, 2048, 2048, 2048, 2048, 2048]","[2048, 2048, 2048, 2048, 2048, 2048, 2049, 2049]",300.0
1288,11315,41,22,2026-06-28T13:29:35.156000+00:00,17.687,32.614,22.419,293.0,208.0,False,72.72,"[None, 2048, 2049, 2048, 2048, 2048]","[2048, 2048, 2048, 2048, 2049, 2048, 2048]","[2048, 2048, 2048, 2049, 2049, 2048, 2048, 2048]",311.0
1288,11315,30,22,2026-06-28T13:29:35.790000+00:00,17.497,32.891,22.7,303.0,212.0,False,73.088,"[None, 2048, 2048, 2048, 2048, 2048]","[2048, 2048, 2048, 2048, 2048, 2048, 2048]","[2048, 2048, 2049, 2048, 2048, 2049, 2048, 2049]",305.0
1288,11315,5,22,2026-06-28T13:29:38.107000+00:00,17.807,32.484,22.69,300.0,213.0,False,72.981,"[None, 2048, 2048, 2048, 2048, 2048]","[2048, 2049, 2048, 2048, 2048, 2048, 2048]","[2048, 2048, 2048, 2048, 2048, 2048, 2048, 2048]",296.0
1288,11315,27,22,2026-06-28T13:29:38.451000+00:00,34.284,33.144,22.687,297.0,214.0,True,90.115,"[2064, 2064, 2064, 2048, 2048, 2048]","[2048, 2048, 2048, 2048, 2049, 2049, 2049]","[2048, 2049, 2048, 2049, 2049, 2049, 2048, 2048]",294.0
1288,11315,87,22,2026-06-28T13:29:39.495000+00:00,17.786,33.771,23.088,313.0,200.0,False,74.645,"[None, 2048, 2048, 2048, 2048, 2048]","[2048, 2048, 2048, 2048, 2048, 2048, 2048]","[2048, 2048, 2048, 2049, 2049, 2048, 2048, 2048]",298.0
1288,11315,10,22,2026-06-28T13:29:42.107000+00:00,17.615,32.635,22.735,313.0,202.0,False,72.985,"[None, 2048, 2048, 2048, 2048, 2048]","[2048, 2048, 2048, 2048, 2048, 2048, 2048]","[2048, 2048, 2048, 2048, 2048, 2048, 2048, 2048]",308.0
1288,11315,55,22,2026-06-28T13:29:53.709000+00:00,17.809,32.907,22.978,303.0,200.0,False,73.694,"[None, 2049, 2048, 2048, 2048, 2048]","[2048, 2048, 2048, 2048, 2049, 2048, 2048]","[2049, 2048, 2048, 2048, 2048, 2048, 2048, 2048]",299.0
1288,11315,14,22,2026-06-28T13:29:56.741000+00:00,18.39,34.507,23.797,290.0,197.0,False,76.694,"[2048, 2048, 2048, 2048, 2048, 2048]","[2048, 2048, 2048, 2048, 2048, 2048, 2048]","[2048, 2048, 2048, 2048, 2048, 2048, 2048, 2048]",286.0
1288,11315,31,22,2026-06-28T13:29:57.589000+00:00,17.734,33.141,22.992,319.0,206.0,False,73.867,"[None, 2048, 2048, 2048, 2048, 2048]","[2048, 2048, 2048, 2048, 2049, 2048, 2048]","[2048, 2048, 2048, 2048, 2048, 2048, 2049, 2048]",291.0
1288,11315,23,22,2026-06-28T13:29:59.334000+00:00,17.71,33.312,23.18,306.0,195.0,False,74.202,"[None, 2048, 2048, 2048, 2048, 2048]","[2048, 2048, 2048, 2048, 2048, 2048, 2048]","[2048, 2048, 2048, 2048, 2048, 2048, 2049, 2049]",303.0
1288,11315,18,22,2026-06-28T13:30:01.030000+00:00,18.25,33.92,24.166,296.0,199.0,False,76.336,"[2048, 2048, 2048, 2048, 2048, 2048]","[2048, 2048, 2048, 2048, 2048, 2048, 2048]","[2048, 2048, 2048, 2048, 2048, 2048, 2048, 2048]",288.0
1288,11315,43,22,2026-06-28T13:30:03.502000+00:00,17.748,32.59,22.963,309.0,200.0,False,73.301,"[2048, 2048, 2049, 2049, 2048, 2048]","[2048, 2049, 2048, 2048, 2049, 2049, 2048]","[2048, 2048, 2048, 2048, 2049, 2049, 2048, 2048]",307.0
1288,11315,12,23,2026-06-28T13:30:05.932000+00:00,17.615,33.02,22.501,306.0,202.0,False,73.136,"[None, 2048, 2048, 2048, 2048, 2048]","[2048, 2048, 2048, 2048, 2048, 2048, 2048]","[2048, 2048, 2048, 2048, 2048, 2048, 2048, 2048]",302.0
1288,11315,63,23,2026-06-28T13:30:16.301000+00:00,17.319,32.023,21.884,294.0,206.0,False,71.226,"[None, 2048, 2049, 2048, 2048, 2048]","[2048, 2048, 2048, 2048, 2048, 2048, 2048]","[2048, 2048, 2048, 2048, 2048, 2048, 2048, 2049]",291.0
1288,11315,3,23,2026-06-28T13:30:19.262000+00:00,17.516,32.271,22.0,300.0,210.0,False,71.787,"[None, 2048, 2048, 2048, 2048, 2048]","[2048, 2048, 2048, 2048, 2049, 2048, 2048]","[2048, 2048, 2048, 2048, 2051, 2048, 2048, 2048]",295.0
1288,11315,44,23,2026-06-28T13:30:20.405000+00:00,17.712,32.432,22.179,308.0,205.0,False,72.323,"[None, 2048, 2048, 2048, 2048, 2048]","[2048, 2048, 2048, 2048, 2048, 2049, 2048]","[2048, 2048, 2048, 2048, 2048, 2048, 2048, 2048]",300.0
1288,11315,16,23,2026-06-28T13:30:25.754000+00:00,17.526,32.141,22.163,305.0,205.0,False,71.83,"[None, 2048, 2048, 2049, 2048, 2048]","[2048, 2048, 2048, 2048, 2048, 2048, 2048]","[2048, 2048, 2048, 2049, 2049, 2048, 2048, 2048]",290.0
1288,11315,81,23,2026-06-28T13:30:31.701000+00:00,17.375,32.048,22.004,306.0,203.0,False,71.427,"[None, 2049, 2048, 2048, 2048, 2048]","[2048, 2048, 2048, 2048, 2048, 2048, 2049]","[2049, 2048, 2048, 2049, 2049, 2048, 2048, 2048]",302.0
1288,11315,6,23,2026-06-28T13:30:32.514000+00:00,17.215,32.234,22.078,306.0,214.0,False,71.527,"[None, 2048, 2049, 2048, 2048, 2048]","[2048, 2048, 2048, 2049, 2048, 2048, 2048]","[2048, 2048, 2048, 2049, 2048, 2048, 2049, 2048]",302.0
1288,11315,1,23,2026-06-28T13:30:38.865000+00:00,17.602,32.287,22.259,301.0,204.0,False,72.148,"[2048, 2048, 2048, 2048, 2048, 2048]","[2048, 2049, 2048, 2048, 2049, 2048, 2048]","[2049, 2048, 2048, 2049, 2049, 2049, 2048, 2048]",298.0
1288,11315,41,23,2026-06-28T13:30:48.008000+00:00,17.681,32.583,22.338,292.0,209.0,False,72.602,"[None, 2048, 2048, 2048, 2048, 2048]","[2048, 2049, 2048, 2048, 2048, 2048, 2048]","[2048, 2048, 2048, 2049, 2048, 2048, 2048, 2048]",283.0
1288,11315,30,23,2026-06-28T13:30:48.980000+00:00,17.415,32.645,22.577,306.0,211.0,False,72.637,"[None, 2048, 2048, 2048, 2048, 2048]","[2048, 2048, 2048, 2048, 2049, 2048, 2048]","[2048, 2048, 2048, 2048, 2048, 2048, 2048, 2048]",302.0
1288,11315,5,23,2026-06-28T13:30:51.257000+00:00,17.752,32.302,22.377,302.0,215.0,False,72.431,"[None, 2049, 2048, 2048, 2048, 2048]","[2048, 2049, 2048, 2048, 2049, 2048, 2048]","[2048, 2048, 2048, 2049, 2048, 2049, 2048, 2048]",300.0
1288,11315,87,23,2026-06-28T13:30:54.044000+00:00,17.835,33.714,23.923,310.0,203.0,False,75.472,"[None, 2048, 2048, 2048, 2048, 2048]","[2048, 2048, 2048, 2048, 2048, 2048, 2048]","[2048, 2048, 2048, 2048, 2048, 2048, 2048, 2048]",294.0
1288,11315,10,23,2026-06-28T13:30:55.079000+00:00,17.536,33.273,23.081,318.0,201.0,False,73.89,"[None, 2048, 2048, 2048, 2048, 2048]","[2048, 2048, 2048, 2048, 2048, 2048, 2048]","[2048, 2048, 2049, 2048, 2048, 2048, 2048, 2048]",311.0
1288,11315,55,23,2026-06-28T13:31:07.360000+00:00,17.829,33.002,25.609,,199.0,False,76.44,"[None, 2049, 2048, 2048, 2048, 2048]","[2048, 2048, 2048, 2048, 2048, 2048, 2048]","[2048, 2048, 2048, 2048, 2048, 2048, 2048, 2048]",301.0
1288,11315,27,23,2026-06-28T13:31:08.574000+00:00,17.513,32.619,23.078,307.0,213.0,False,73.21,"[2048, 2048, 2049, 2049, 2048, 2048]","[2048, 2049, 2048, 2048, 2049, 2048, 2048]","[2048, 2048, 2048, 2048, 2048, 2048, 2048, 2048]",303.0
1288,11315,31,23,2026-06-28T13:31:11.504000+00:00,17.744,32.906,23.049,306.0,206.0,False,73.699,"[None, 2049, 2048, 2048, 2048, 2048]","[2048, 2048, 2048, 2048, 2049, 2048, 2048]","[2048, 2048, 2048, 2048, 2049, 2048, 2048, 2048]",295.0
1288,11315,14,23,2026-06-28T13:31:13.659000+00:00,18.585,34.302,24.551,300.0,198.0,False,77.438,"[None, 2048, 2048, 2048, 2048, 2048]","[2048, 2048, 2048, 2048, 2048, 2048, 2048]","[2048, 2048, 2048, 2048, 2048, 2048, 2048, 2048]",292.0
1288,11315,23,23,2026-06-28T13:31:13.743000+00:00,17.752,33.018,23.024,308.0,200.0,False,73.794,"[None, 2048, 2048, 2048, 2048, 2048]","[2048, 2048, 2048, 2048, 2048, 2048, 2048]","[2048, 2048, 2048, 2048, 2048, 2048, 2048]",307.0
1288,11315,43,23,2026-06-28T13:31:16.646000+00:00,17.689,32.798,22.957,307.0,199.0,False,73.444,"[None, 2049, 2048, 2048, 2048, 2048]","[2048, 2048, 2048, 2048, 2049, 2048, 2048]","[2048, 2049, 2048, 2048, 2048, 2049, 2048]",306.0
1288,11315,18,23,2026-06-28T13:31:17.443000+00:00,18.025,35.27,23.974,306.0,200.0,False,77.269,"[None, 2048, 2048, 2048, 2048, 2048]","[2048, 2048, 2048, 2048, 2048, 2048, 2048]","[2048, 2048, 2048, 2048, 2048, 2048, 2048]",214.0
1288,11315,12,24,2026-06-28T13:31:19.107000+00:00,17.581,33.054,27.599,310.0,202.0,False,78.234,"[None, 2048, 2048, 2048, 2048, 2048]","[2048, 2048, 2048, 2048, 2048, 2048, 2048]","[2048, 2048, 2048, 2048, 2064, 2064, 2064, 2064]",308.0
1288,11315,63,24,2026-06-28T13:31:27.427000+00:00,17.427,32.134,22.319,,205.0,False,71.88,"[None, 2048, 2048, 2048, 2048, 2048]","[2048, 2048, 2048, 2048, 2048, 2048, 2048]","[2048, 2048, 2048, 2048, 2048, 2048, 2048, 2048]",293.0
1288,11315,3,24,2026-06-28T13:31:31.104000+00:00,17.335,32.068,22.613,308.0,214.0,False,72.016,"[None, 2048, 2048, 2048, 2048, 2048]","[2048, 2048, 2048, 2048, 2049, 2048, 2051]","[2048, 2048, 2048, 2048, 2048, 2048, 2048, 2048]",299.0
1288,11315,44,24,2026-06-28T13:31:32.712000+00:00,17.362,32.482,22.673,,206.0,False,72.517,"[None, 2048, 2048, 2048, 2048, 2048]","[2048, 2048, 2048, 2048, 2048, 2048, 2048]","[2048, 2048, 2048, 2048, 2048, 2048, 2048, 2048]",297.0
1288,11315,16,24,2026-06-28T13:31:37.798000+00:00,17.473,32.229,22.997,,206.0,False,72.699,"[None, 2048, 2048, 2048, 2048, 2048]","[2048, 2048, 2048, 2048, 2048, 2048, 2048]","[2048, 2048, 2048, 2048, 2048, 2048, 2048, 2048]",289.0
1288,11315,81,24,2026-06-28T13:31:43.188000+00:00,17.414,32.127,22.669,,204.0,False,72.21,"[None, 2048, 2048, 2048, 2048, 2048]","[2048, 2048, 2048, 2048, 2048, 2048, 2048]","[2048, 2048, 2048, 2048, 2048, 2048, 2048, 2048]",303.0
1288,11315,6,24,2026-06-28T13:31:44.165000+00:00,17.291,32.253,22.595,309.0,218.0,False,72.139,"[None, 2048, 2048, 2048, 2048, 2048]","[2048, 2048, 2048, 2048, 2048, 2049, 2048]","[2048, 2048, 2048, 2048, 2048, 2048, 2048, 2048]",303.0
1288,11315,1,24,2026-06-28T13:31:50.987000+00:00,17.524,32.23,28.709,297.0,205.0,False,78.463,"[None, 2048, 2048, 2048, 2048, 2048]","[2048, 2049, 2048, 2048, 2049, 2048, 2049]","[2048, 2048, 2048, 2048, 2048, 2048, 2048, 2048]",295.0
1288,11315,41,24,2026-06-28T13:32:00.640000+00:00,17.629,32.593,30.834,300.0,209.0,False,81.056,"[None, 2048, 2048, 2048, 2048, 2048]","[2048, 2048, 2048, 2048, 2048, 2048, 2048]","[2049, 2048, 2048, 2048, 2048, 2048, 2048, 2048]",290.0
1288,11315,30,24,2026-06-28T13:32:01.727000+00:00,17.457,32.652,31.528,308.0,211.0,False,81.637,"[None, 2048, 2048, 2048, 2048, 2048]","[2048, 2048, 2048, 2048, 2049, 2048, 2048]","[2048, 2048, 2048, 2048, 2048, 2048, 2048, 2048]",303.0
1288,11315,5,24,2026-06-28T13:32:03.660000+00:00,17.771,32.441,31.263,,213.0,False,81.475,"[None, 2048, 2048, 2048, 2048, 2048]","[2048, 2048, 2048, 2048, 2048, 2048, 2048]","[2048, 2048, 2048, 2048, 2048, 2048, 2048, 2048]",300.0
1288,11315,10,24,2026-06-28T13:32:09.035000+00:00,17.883,35.274,30.357,306.0,118.0,False,83.514,"[None, 2048, 2048, 2048, 2048, 2048]","[2048, 2048, 2048, 2048, 2048, 2048, 2048]","[2048, 2048, 2048, 2048, 2048, 2048, 2048, 2048]",302.0
1288,11315,87,24,2026-06-28T13:32:09.628000+00:00,17.91,35.982,32.874,311.0,111.0,False,86.766,"[None, 2048, 2048, 2048, 2048, 2048]","[2048, 2048, 2048, 2048, 2048, 2048, 2048]","[2048, 2048, 2048, 2048, 2064, 2064, 2064, 2064]",304.0
1288,11315,27,24,2026-06-28T13:32:21.706000+00:00,17.675,39.268,31.594,301.0,156.0,False,88.537,"[None, 2048, 2048, 2048, 2048, 2048]","[2048, 2048, 2048, 2048, 2048, 2048, 2048]","[2048, 2048, 2048, 2048, 2048, 2048, 2048, 2048]",289.0
1288,11315,55,24,2026-06-28T13:32:23.894000+00:00,,,,,,False,,"[2052, 0, 0, 0, 0, 0]","[0, 0, 0, 0, 0, 0, 0]","[0, 0, 0, 0, 0, 0, 0, 0]",
1288,11315,31,24,2026-06-28T13:32:25.231000+00:00,17.885,39.911,31.555,307.0,171.0,False,89.351,"[None, 2048, 2048, 2048, 2048, 2048]","[2048, 2049, 2048, 2048, 2048, 2048, 2048]","[2048, 2048, 2048, 2048, 2048, 2048, 2048]",162.0
1288,11315,23,24,2026-06-28T13:32:27.381000+00:00,17.78,41.22,33.19,305.0,163.0,False,92.19,"[None, 2048, 2048, 2048, 2048, 2048]","[2048, 2048, 2048, 2048, 2048, 2048, 2048]","[2048, 2048, 2048, 2048, 2048, 2048, 2048, 2048]",101.0
1288,11315,43,24,2026-06-28T13:32:30.174000+00:00,17.829,43.37,31.792,308.0,185.0,False,92.991,"[None, 2048, 2048, 2048, 2048, 2048]","[2048, 2048, 2048, 2048, 2048, 2048, 2048]","[2048, 2048, 2048, 2048, 2048, 2048, 2048]",127.0
1288,11315,14,24,2026-06-28T13:32:31.300000+00:00,18.486,44.217,29.833,308.0,178.0,False,92.536,"[None, 2048, 2048, 2048, 2048, 2048]","[2048, 2048, 2048, 2048, 2048, 2048, 2048]","[2048, 2048, 2048, 2048, 2064, 2064, 2064, 2064]",156.0
1288,11315,18,24,2026-06-28T13:32:34.714000+00:00,18.255,43.617,35.206,295.0,174.0,False,97.078,"[None, 2048, 2048, 2048, 2048, 2048]","[2048, 2048, 2048, 2048, 2048, 2048, 2048]","[2048, 2048, 2048, 2048, 2064, 2064, 2064, 2064]",196.0
1288,11315,12,25,2026-06-28T13:32:37.399000+00:00,40.351,41.693,31.337,228.0,161.0,True,113.381,"[2064, 2064, 2064, 2048, 2048, 2048]","[2048, 2048, 2048, 2048, 2048, 2048, 2048]","[2048, 2048, 2048, 2048, 2048, 2048, 2048, 2048]",207.0
1288,11315,63,25,2026-06-28T13:32:39.361000+00:00,17.649,44.969,34.278,268.0,198.0,False,96.896,"[None, 2048, 2048, 2048, 2048, 2048]","[2048, 2048, 2048, 2048, 2048, 2048, 2048]","[2048, 2048, 2048, 2048, 2048, 2048, 2048, 2048]",234.0
1288,11315,3,25,2026-06-28T13:32:43.201000+00:00,21.429,42.112,33.375,173.0,191.0,False,96.916,"[None, 2048, 2048, 2048, 2048, 2048]","[2048, 2048, 2048, 2048, 2048, 2048, 2048]","[2048, 2048, 2048, 2048, 2048, 2048, 2048, 2048]",202.0
1288,11315,44,25,2026-06-28T13:32:45.297000+00:00,26.12,40.814,31.915,227.0,173.0,False,98.849,"[None, 2048, 2048, 2048, 2048, 2048]","[2048, 2048, 2048, 2048, 2048, 2048, 2048]","[2048, 2048, 2048, 2048, 2064, 2064, 2064, 2064]",202.0
1288,11315,16,25,2026-06-28T13:32:50.343000+00:00,24.467,42.804,30.797,194.0,178.0,False,98.068,"[None, 2048, 2048, 2048, 2048, 2048]","[2048, 2048, 2048, 2048, 2048, 2048, 2048]","[2048, 2048, 2048, 2048, 2048, 2048, 2048, 2048]",183.0
1288,11315,81,25,2026-06-28T13:32:55.377000+00:00,24.409,43.923,29.982,229.0,183.0,False,98.314,"[None, 2048, 2048, 2048, 2048, 2048]","[2048, 2048, 2048, 2048, 2048, 2048, 2048]","[2048, 2048, 2048, 2048, 2048, 2048, 2048, 2048]",201.0
1288,11315,6,25,2026-06-28T13:32:56.332000+00:00,26.568,42.41,31.482,216.0,168.0,False,100.46,"[None, 2048, 2048, 2048, 2048, 2048]","[2048, 2048, 2048, 2048, 2048, 2048, 2048]","[2048, 2048, 2048, 2048, 2048, 2048, 2048, 2048]",220.0
1288,11315,1,25,2026-06-28T13:33:09.415000+00:00,23.668,41.017,32.31,277.0,198.0,False,96.995,"[None, 2048, 2048, 2048, 2048, 2048]","[2048, 2048, 2048, 2048, 2048, 2048, 2048]","[2048, 2048, 2048, 2048, 2048, 2048, 2048, 2048]",181.0
1288,11315,41,25,2026-06-28T13:33:21.683000+00:00,23.568,41.723,32.128,244.0,165.0,False,97.419,"[None, 2048, 2048, 2048, 2048, 2048]","[2048, 2048, 2048, 2048, 2048, 2048, 2048]","[2048, 2048, 2048, 2048, 2048, 2048, 2048, 2048]",214.0
1288,11315,30,25,2026-06-28T13:33:23.332000+00:00,23.932,41.13,33.01,233.0,176.0,False,98.072,"[None, 2048, 2048, 2048, 2048, 2048]","[2048, 2048, 2048, 2048, 2048, 2048, 2048]","[2048, 2048, 2048, 2048, 2048, 2048, 2048, 2048]",237.0
1288,11315,5,25,2026-06-28T13:33:25.056000+00:00,23.339,42.543,32.374,211.0,188.0,False,98.256,"[None, 2048, 2048, 2048, 2048, 2048]","[2048, 2048, 2048, 2048, 2048, 2048, 2048]","[2048, 2048, 2048, 2048, 2048, 2048, 2048, 2048]",196.0
1288,11315,10,25,2026-06-28T13:33:32.538000+00:00,21.814,43.764,30.913,245.0,180.0,False,96.491,"[None, 2048, 2048, 2048, 2048, 2048]","[2048, 2048, 2048, 2048, 2048, 2048, 2048]","[2048, 2048, 2048, 2048, 2048, 2048, 2048, 2048]",243.0
1288,11315,87,25,2026-06-28T13:33:36.398000+00:00,37.354,42.55,29.962,221.0,163.0,True,109.866,"[2064, 2064, 2064, 2048, 2048, 2048]","[2048, 2048, 2048, 2048, 2048, 2048, 2048]","[2048, 2048, 2048, 2048, 2048, 2048, 2048, 2048]",192.0
1288,11315,27,25,2026-06-28T13:33:50.275000+00:00,21.787,42.336,29.998,244.0,170.0,False,94.121,"[None, 2048, 2048, 2048, 2048, 2048]","[2048, 2048, 2048, 2048, 2048, 2048, 2048]","[2048, 2048, 2048, 2048, 2048, 2048, 2048, 2048]",192.0
1288,11315,31,25,2026-06-28T13:33:54.440000+00:00,22.48,42.804,31.025,225.0,172.0,False,96.309,"[None, 2048, 2048, 2048, 2048, 2048]","[2048, 2048, 2048, 2048, 2048, 2048, 2048]","[2048, 2048, 2048, 2048, 2048, 2048, 2048, 2048]",220.0
1288,11315,23,25,2026-06-28T13:33:59.624000+00:00,22.086,42.125,30.248,251.0,164.0,False,94.459,"[None, 2048, 2048, 2048, 2048, 2048]","[2048, 2048, 2048, 2048, 2048, 2048, 2048]","[2048, 2048, 2048, 2048, 2048, 2048, 2048, 2048]",206.0
1288,11315,43,25,2026-06-28T13:34:02.975000+00:00,22.742,40.731,30.057,259.0,147.0,False,93.53,"[None, 2048, 2048, 2048, 2048, 2048]","[2048, 2048, 2048, 2048, 2048, 2048, 2048]","[2048, 2048, 2048, 2048, 2048, 2048, 2048, 2048]",254.0
1288,11315,14,25,2026-06-28T13:34:03.551000+00:00,38.129,43.928,27.315,212.0,154.0,True,109.372,"[2064, 2064, 2064, 2048, 2048, 2048]","[2048, 2048, 2048, 2048, 2048, 2048, 2048]","[2048, 2048, 2048, 2048, 2048, 2048, 2048, 2048]",192.0
1288,11315,18,25,2026-06-28T13:34:11.741000+00:00,39.788,44.317,24.522,141.0,175.0,True,108.627,"[2064, 2064, 2064, 2048, 2048, 2048]","[2048, 2048, 2048, 2048, 2048, 2048, 2048]","[2048, 2048, 2048, 2048, 2048, 2048, 2048, 2049]",195.0
1288,11315,63,26,2026-06-28T13:34:16.154000+00:00,20.29,41.738,29.238,277.0,147.0,False,91.266,"[None, 2048, 2048, 2048, 2048, 2048]","[2048, 2048, 2048, 2048, 2048, 2048, 2048]","[2048, 2048, 2048, 2048, 2048, 2048, 2048, 2048]",156.0
1288,11315,3,26,2026-06-28T13:34:20.010000+00:00,21.814,44.073,27.143,209.0,175.0,False,93.03,"[None, 2048, 2048, 2048, 2048, 2048]","[2048, 2048, 2048, 2048, 2048, 2048, 2048]","[2048, 2048, 2048, 2048, 2048, 2048, 2048, 2048]",203.0
1288,11315,44,26,2026-06-28T13:34:24.040000+00:00,36.633,42.897,22.419,234.0,155.0,True,101.949,"[2064, 2064, 2064, 2048, 2048, 2048]","[2048, 2048, 2048, 2048, 2048, 2048, 2048]","[2048, 2049, 2048, 2048, 2049, 2048, 2049, 2048]",223.0
1288,11315,16,26,2026-06-28T13:34:28.341000+00:00,22.587,43.996,24.351,161.0,174.0,False,90.934,"[None, 2048, 2048, 2048, 2048, 2048]","[2048, 2048, 2048, 2048, 2048, 2048, 2048]","[2048, 2048, 2048, 2048, 2048, 2048, 2048, 2048]",214.0
1288,11315,12,26,2026-06-28T13:34:30.730000+00:00,22.55,43.266,24.265,169.0,182.0,False,90.081,"[2048, 2048, 2048, 2048, 2048, 2048]","[2048, 2048, 2048, 2048, 2048, 2048, 2048]","[2048, 2048, 2048, 2048, 2048, 2049, 2049]",207.0
1288,11315,81,26,2026-06-28T13:34:33.607000+00:00,23.13,42.816,24.182,239.0,166.0,False,90.128,"[None, 2048, 2048, 2048, 2048, 2048]","[2048, 2048, 2048, 2048, 2048, 2048, 2048]","[2048, 2048, 2048, 2048, 2048, 2048, 2048]",248.0
1288,11315,6,26,2026-06-28T13:34:36.777000+00:00,22.406,42.014,23.172,247.0,177.0,False,87.592,"[None, 2048, 2048, 2048, 2048, 2048]","[2048, 2048, 2048, 2048, 2048, 2048, 2048]","[2048, 2048, 2051, 2048, 2048, 2048, 2049, 2049]",189.0
1288,11315,1,26,2026-06-28T13:34:46.399000+00:00,20.212,42.528,22.232,274.0,206.0,False,84.972,"[None, 2048, 2048, 2048, 2048, 2048]","[2048, 2048, 2048, 2048, 2048, 2048, 2048]","[2049, 2048, 2048, 2048, 2048, 2048, 2049, 2048]",262.0
1288,11315,41,26,2026-06-28T13:34:59.136000+00:00,22.797,37.362,22.248,253.0,210.0,False,82.407,"[None, 2048, 2048, 2048, 2048, 2048]","[2048, 2048, 2048, 2048, 2048, 2048, 2048]","[2048, 2048, 2049, 2048, 2048, 2048, 2048, 2048]",202.0
1288,11315,30,26,2026-06-28T13:35:01.322000+00:00,21.589,37.584,22.306,253.0,216.0,False,81.479,"[None, 2048, 2048, 2048, 2048, 2048]","[2048, 2048, 2048, 2048, 2048, 2048, 2049]","[2048, 2049, 2051, 2048, 2048, 2049, 2048, 2049]",206.0
1288,11315,5,26,2026-06-28T13:35:03.453000+00:00,21.649,37.77,22.656,216.0,213.0,False,82.075,"[None, 2048, 2048, 2048, 2048, 2048]","[2048, 2048, 2048, 2048, 2048, 2048, 2048]","[2048, 2048, 2048, 2048, 2048, 2048, 2048, 2048]",205.0
1288,11315,10,26,2026-06-28T13:35:09.070000+00:00,22.507,37.224,22.82,209.0,201.0,False,82.551,"[None, 2048, 2048, 2048, 2048, 2048]","[2048, 2048, 2048, 2048, 2048, 2048, 2048]","[2048, 2048, 2048, 2048, 2048, 2049, 2048, 2048]",273.0
1288,11315,27,26,2026-06-28T13:35:24.377000+00:00,23.4,32.86,22.633,255.0,214.0,False,78.893,"[None, 2048, 2048, 2048, 2048, 2048]","[2048, 2048, 2048, 2048, 2048, 2049, 2048]","[2049, 2048, 2048, 2049, 2049, 2049, 2049, 2048]",298.0
1288,11315,87,26,2026-06-28T13:35:26.204000+00:00,22.571,32.943,22.543,296.0,208.0,False,78.057,"[2048, 2048, 2048, 2048, 2048, 2048]","[2048, 2048, 2048, 2048, 2049, 2049, 2049]","[2049, 2049, 2049, 2049, 2048, 2048, 2048, 2048]",315.0
1288,11315,31,26,2026-06-28T13:35:30.905000+00:00,20.187,32.854,22.798,305.0,206.0,False,75.839,"[None, 2048, 2048, 2048, 2048, 2048]","[2048, 2048, 2048, 2048, 2048, 2048, 2048]","[2049, 2048, 2048, 2049, 2048, 2049, 2049, 2048]",304.0
1288,11315,23,26,2026-06-28T13:35:34.122000+00:00,19.065,33.354,22.929,307.0,199.0,False,75.348,"[None, 2048, 2048, 2048, 2048, 2048]","[2048, 2048, 2048, 2048, 2048, 2048, 2048]","[2048, 2048, 2048, 2049, 2049, 2048, 2048, 2048]",302.0
1288,11315,43,26,2026-06-28T13:35:36.694000+00:00,19.069,33.043,22.815,311.0,203.0,False,74.927,"[None, 2048, 2048, 2048, 2048, 2048]","[2048, 2048, 2048, 2048, 2048, 2048, 2048]","[2049, 2048, 2048, 2048, 2048, 2048, 2048, 2048]",301.0
1288,11315,63,27,2026-06-28T13:35:47.465000+00:00,17.647,32.265,22.014,297.0,208.0,False,71.926,"[None, 2049, 2048, 2048, 2048, 2048]","[2048, 2048, 2048, 2048, 2048, 2049, 2048]","[2048, 2048, 2049, 2048, 2048, 2048, 2048, 2048]",295.0
1288,11315,14,26,2026-06-28T13:35:52.972000+00:00,18.259,33.331,23.354,293.0,204.0,False,74.944,"[2048, 2048, 2049, 2049, 2048, 2048]","[2048, 2048, 2048, 2048, 2048, 2049, 2049]","[2048, 2048, 2048, 2048, 2048, 2048, 2048, 2048]",283.0
1288,11315,3,27,2026-06-28T13:35:53.156000+00:00,17.245,32.01,22.052,302.0,213.0,False,71.307,"[2049, 2049, 2048, 2048, 2048, 2048]","[2048, 2048, 2048, 2048, 2049, 2048, 2048]","[2048, 2048, 2048, 2048, 2048, 2048, 2048, 2048]",296.0
1288,11315,16,27,2026-06-28T13:35:59.316000+00:00,17.478,32.277,22.15,304.0,208.0,False,71.905,"[None, 2048, 2048, 2048, 2048, 2048]","[2048, 2048, 2048, 2048, 2048, 2048, 2048]","[2049, 2048, 2048, 2048, 2049, 2048, 2048, 2048]",287.0
1288,11315,18,26,2026-06-28T13:36:00.507000+00:00,18.317,33.116,23.238,315.0,202.0,False,74.671,"[2048, 2048, 2048, 2048, 2048, 2048]","[2048, 2048, 2049, 2048, 2049, 2049, 2049]","[2048, 2049, 2048, 2049, 2048, 2048, 2049, 2048]",293.0
1288,11315,12,27,2026-06-28T13:36:00.703000+00:00,17.095,32.248,21.999,320.0,207.0,False,71.342,"[None, 2048, 2049, 2049, 2049, 2049]","[2048, 2048, 2048, 2048, 2049, 2049, 2049]","[2048, 2048, 2048, 2049, 2048, 2049, 2048, 2048]",322.0
1288,11315,81,27,2026-06-28T13:36:03.714000+00:00,17.247,32.148,22.263,313.0,202.0,False,71.658,"[None, 2048, 2048, 2049, 2048, 2048]","[2048, 2048, 2048, 2048, 2048, 2049, 2048]","[2048, 2048, 2048, 2048, 2048, 2048, 2048, 2048]",305.0
1288,11315,6,27,2026-06-28T13:36:04.371000+00:00,17.251,32.113,22.257,302.0,213.0,False,71.621,"[2051, 2048, 2048, 2048, 2048, 2048]","[2048, 2048, 2049, 2049, 2048, 2048, 2048]","[2048, 2048, 2048, 2048, 2048, 2048, 2048, 2048]",319.0
1288,11315,44,27,2026-06-28T13:36:06.056000+00:00,17.282,31.963,22.039,307.0,209.0,False,71.284,"[2048, 2048, 2048, 2048, 2048, 2048]","[2048, 2048, 2048, 2048, 2049, 2048, 2051]","[2048, 2048, 2048, 2048, 2049, 2049, 2049, 2048]",295.0
1288,11315,1,27,2026-06-28T13:36:11.435000+00:00,17.518,32.193,22.062,301.0,205.0,False,71.773,"[None, 2048, 2048, 2048, 2048, 2048]","[2048, 2048, 2048, 2048, 2049, 2048, 2049]","[2049, 2048, 2048, 2049, 2049, 2049, 2049, 2048]",297.0
1288,11315,41,27,2026-06-28T13:36:21.477000+00:00,17.511,32.704,22.492,293.0,208.0,False,72.707,"[2049, 2048, 2048, 2048, 2048, 2048]","[2048, 2048, 2048, 2048, 2048, 2048, 2049]","[2048, 2048, 2048, 2048, 2048, 2048, 2048, 2048]",283.0
1288,11315,30,27,2026-06-28T13:36:22.857000+00:00,17.343,32.836,22.547,306.0,210.0,False,72.726,"[2049, 2049, 2048, 2048, 2048, 2048]","[2048, 2048, 2048, 2048, 2048, 2048, 2048]","[2048, 2048, 2048, 2048, 2048, 2048, 2048, 2048]",293.0
1288,11315,5,27,2026-06-28T13:36:25.552000+00:00,17.645,32.413,22.498,302.0,215.0,False,72.556,"[None, 2049, 2048, 2049, 2048, 2048]","[2048, 2048, 2048, 2048, 2048, 2048, 2048]","[2048, 2048, 2048, 2048, 2048, 2048, 2048, 2048]",299.0
1288,11315,10,27,2026-06-28T13:36:31.546000+00:00,17.648,32.772,22.641,308.0,202.0,False,73.061,"[None, 2048, 2048, 2048, 2048, 2048]","[2048, 2048, 2048, 2048, 2048, 2048, 2048]","[2048, 2048, 2048, 2048, 2048, 2048, 2048, 2048]",303.0
1288,11315,27,27,2026-06-28T13:36:43.292000+00:00,17.633,32.35,22.647,302.0,214.0,False,72.63,"[None, 2048, 2048, 2049, 2048, 2048]","[2049, 2048, 2048, 2048, 2049, 2048, 2049]","[2049, 2048, 2048, 2048, 2048, 2049, 2048, 2048]",298.0
1288,11315,87,27,2026-06-28T13:36:44.320000+00:00,17.478,32.972,22.651,305.0,207.0,False,73.101,"[None, 2048, 2049, 2048, 2048, 2048]","[2048, 2048, 2048, 2048, 2049, 2048, 2049]","[2049, 2048, 2048, 2049, 2048, 2048, 2048, 2048]",302.0
1288,11315,31,27,2026-06-28T13:36:46.798000+00:00,17.618,32.83,22.86,307.0,207.0,False,73.308,"[2049, 2048, 2048, 2048, 2048, 2048]","[2048, 2049, 2048, 2048, 2048, 2048, 2049]","[2049, 2048, 2048, 2049, 2048, 2048, 2049, 2048]",295.0
1288,11315,23,27,2026-06-28T13:36:49.425000+00:00,17.574,32.96,22.81,308.0,200.0,False,73.344,"[None, 2048, 2048, 2048, 2048, 2048]","[2048, 2048, 2048, 2048, 2048, 2048, 2048]","[2049, 2049, 2048, 2049, 2048, 2048, 2048, 2048]",301.0
1288,11315,43,27,2026-06-28T13:36:51.689000+00:00,17.661,32.727,22.575,310.0,203.0,False,72.963,"[None, 2048, 2048, 2048, 2048, 2048]","[2048, 2048, 2048, 2048, 2049, 2049, 2049]","[2049, 2049, 2048, 2049, 2048, 2048, 2048, 2048]",304.0
1288,11315,63,28,2026-06-28T13:36:59.338000+00:00,17.371,31.959,21.933,304.0,208.0,False,71.263,"[None, 2048, 2048, 2048, 2048, 2049]","[2048, 2048, 2048, 2049, 2048, 2049, 2049]","[2048, 2048, 2049, 2048, 2048, 2048, 2048, 2049]",302.0
1288,11315,3,28,2026-06-28T13:37:04.509000+00:00,17.292,31.896,21.884,306.0,213.0,False,71.072,"[2048, 2048, 2048, 2049, 2048, 2048]","[2048, 2048, 2048, 2048, 2049, 2048, 2051]","[2048, 2048, 2048, 2048, 2051, 2048, 2048]",300.0
1288,11315,14,27,2026-06-28T13:37:07.960000+00:00,18.044,33.501,23.231,304.0,201.0,False,74.776,"[None, 2048, 2048, 2048, 2048, 2048]","[2049, 2048, 2048, 2048, 2049, 2048, 2048]","[2048, 2048, 2048, 2048, 2048, 2049, 2049, 2048]",280.0
1288,11315,16,28,2026-06-28T13:37:11.345000+00:00,17.509,32.026,22.202,303.0,209.0,False,71.737,"[None, 2048, 2048, 2048, 2048, 2048]","[2048, 2048, 2048, 2048, 2051, 2049, 2048]","[2048, 2048, 2048, 2048, 2048, 2048, 2049, 2049]",294.0
1288,11315,12,28,2026-06-28T13:37:12.173000+00:00,17.22,32.12,22.055,310.0,206.0,False,71.395,"[None, 2048, 2048, 2048, 2048, 2048]","[2048, 2048, 2048, 2048, 2048, 2049, 2048]","[2048, 2048, 2048, 2048, 2048, 2048, 2048, 2051]",306.0
1288,11315,18,27,2026-06-28T13:37:15.176000+00:00,19.209,33.933,23.051,264.0,205.0,False,76.193,"[None, 2048, 2048, 2048, 2048, 2048]","[2048, 2048, 2048, 2048, 2048, 2048, 2048]","[2049, 2048, 2049, 2049, 2048, 2049, 2049, 2049]",292.0
1288,11315,81,28,2026-06-28T13:37:15.489000+00:00,17.372,31.968,21.887,308.0,205.0,False,71.227,"[None, 2049, 2048, 2048, 2048, 2048]","[2048, 2048, 2048, 2048, 2049, 2048, 2049]","[2049, 2049, 2048, 2049, 2048, 2048, 2049, 2048]",303.0
1288,11315,6,28,2026-06-28T13:37:16.040000+00:00,17.507,32.338,21.956,307.0,213.0,False,71.801,"[2048, 2048, 2048, 2048, 2048, 2048]","[2048, 2048, 2048, 2048, 2048, 2048, 2049]","[2048, 2048, 2048, 2049, 2048, 2048, 2049, 2048]",302.0
1288,11315,44,28,2026-06-28T13:37:17.452000+00:00,17.201,31.96,21.918,317.0,208.0,False,71.079,"[None, 2048, 2049, 2049, 2049, 2048]","[2048, 2048, 2048, 2048, 2049, 2049, 2048]","[2048, 2048, 2048, 2049, 2048, 2048, 2049, 2048]",302.0
1288,11315,1,28,2026-06-28T13:37:23.172000+00:00,17.479,32.001,22.088,302.0,205.0,False,71.568,"[None, 2048, 2048, 2048, 2048, 2048]","[2048, 2048, 2048, 2048, 2049, 2048, 2048]","[2048, 2049, 2048, 2048, 2048, 2049, 2049, 2048]",299.0
1288,11315,41,28,2026-06-28T13:37:34.170000+00:00,17.663,32.483,22.221,301.0,210.0,False,72.367,"[2048, 2048, 2048, 2048, 2048, 2048]","[2048, 2048, 2048, 2048, 2048, 2048, 2049]","[2048, 2048, 2048, 2049, 2048, 2048, 2048, 2048]",290.0
1288,11315,30,28,2026-06-28T13:37:35.549000+00:00,17.529,32.491,22.396,305.0,211.0,False,72.416,"[2048, 2048, 2048, 2048, 2048, 2048]","[2048, 2049, 2048, 2048, 2049, 2049, 2048]","[2048, 2048, 2048, 2048, 2049, 2048, 2048, 2048]",301.0
1288,11315,5,28,2026-06-28T13:37:37.990000+00:00,17.596,32.456,22.406,305.0,215.0,False,72.458,"[None, 2049, 2049, 2048, 2048, 2048]","[2048, 2048, 2048, 2048, 2048, 2048, 2048]","[2048, 2048, 2048, 2048, 2048, 2048, 2048, 2048]",299.0
1288,11315,10,28,2026-06-28T13:37:44.685000+00:00,17.686,32.568,22.669,,202.0,False,72.923,"[None, 2048, 2048, 2048, 2048, 2048]","[2048, 2048, 2048, 2048, 2048, 2048, 2048]","[2049, 2048, 2048, 2048, 2048, 2048, 2048, 2048]",303.0
1288,11315,27,28,2026-06-28T13:37:56.025000+00:00,17.728,32.442,22.795,,213.0,False,72.965,"[None, 2048, 2049, 2048, 2048, 2048]","[2048, 2048, 2048, 2048, 2048, 2048, 2048]","[2048, 2048, 2048, 2049, 2048, 2048, 2048, 2048]",297.0
1288,11315,87,28,2026-06-28T13:37:57.437000+00:00,17.588,32.963,22.551,306.0,206.0,False,73.102,"[None, 2048, 2049, 2048, 2048, 2048]","[2048, 2049, 2048, 2048, 2048, 2048, 2049]","[2049, 2048, 2048, 2049, 2049, 2048, 2048, 2048]",296.0
1288,11315,31,28,2026-06-28T13:38:00.064000+00:00,17.643,32.741,22.823,310.0,205.0,False,73.207,"[2048, 2048, 2049, 2048, 2048, 2048]","[2048, 2049, 2049, 2048, 2049, 2048, 2048]","[2049, 2048, 2048, 2048, 2049, 2048, 2048, 2048]",296.0
1288,11315,23,28,2026-06-28T13:38:02.871000+00:00,17.619,33.078,22.834,309.0,199.0,False,73.531,"[None, 2048, 2048, 2048, 2048, 2048]","[2049, 2048, 2048, 2048, 2048, 2048, 2048]","[2048, 2048, 2048, 2048, 2049, 2049, 2048, 2048]",302.0
1288,11315,43,28,2026-06-28T13:38:04.668000+00:00,17.628,32.513,22.532,312.0,203.0,False,72.673,"[None, 2049, 2048, 2048, 2048, 2048]","[2048, 2048, 2048, 2048, 2048, 2048, 2048]","[2049, 2048, 2048, 2048, 2049, 2049, 2049, 2048]",306.0
1288,11315,63,29,2026-06-28T13:38:10.756000+00:00,17.384,31.903,21.966,307.0,206.0,False,71.253,"[2049, 2048, 2048, 2048, 2048, 2049]","[2048, 2048, 2048, 2048, 2048, 2048, 2048]","[2048, 2048, 2048, 2048, 2048, 2048, 2048, 2048]",299.0
1288,11315,3,29,2026-06-28T13:38:15.426000+00:00,17.238,32.016,21.955,308.0,212.0,False,71.209,"[None, 2048, 2048, 2048, 2048, 2048]","[2048, 2048, 2048, 2048, 2051, 2048, 2048]","[2048, 2048, 2048, 2048, 2051, 2048, 2048, 2048]",300.0
1288,11315,14,28,2026-06-28T13:38:22.773000+00:00,18.949,33.275,23.367,294.0,203.0,False,75.591,"[None, 2048, 2048, 2048, 2048, 2048]","[2048, 2048, 2048, 2048, 2049, 2048, 2048]","[2048, 2048, 2048, 2048, 2048, 2048, 2048, 2049]",288.0
1288,11315,16,29,2026-06-28T13:38:23.009000+00:00,17.488,32.376,22.131,,205.0,False,71.995,"[None, 2048, 2048, 2048, 2048, 2048]","[2048, 2048, 2048, 2048, 2048, 2048, 2048]","[2048, 2049, 2048, 2048, 2048, 2048, 2048, 2048]",294.0
1288,11315,12,29,2026-06-28T13:38:23.547000+00:00,17.207,32.605,22.28,319.0,203.0,False,72.092,"[None, 2048, 2048, 2048, 2049, 2049]","[2048, 2048, 2049, 2051, 2048, 2048, 2048]","[2048, 2048, 2048, 2048, 2048, 2048, 2048, 2048]",324.0
1288,11315,81,29,2026-06-28T13:38:26.735000+00:00,17.405,32.299,22.214,310.0,203.0,False,71.918,"[None, 2048, 2048, 2048, 2048, 2048]","[2048, 2048, 2048, 2048, 2048, 2048, 2048]","[2048, 2048, 2049, 2048, 2048, 2048, 2048, 2049]",305.0
1288,11315,6,29,2026-06-28T13:38:27.830000+00:00,17.344,32.297,22.023,310.0,210.0,False,71.664,"[None, 2048, 2048, 2048, 2048, 2048]","[2048, 2048, 2048, 2048, 2048, 2048, 2048]","[2048, 2048, 2048, 2048, 2048, 2048, 2048, 2048]",304.0
1288,11315,44,29,2026-06-28T13:38:28.540000+00:00,17.159,32.229,22.009,322.0,208.0,False,71.397,"[None, 2048, 2048, 2049, 2049, 2048]","[2048, 2048, 2048, 2048, 2048, 2049, 2048]","[2048, 2048, 2048, 2048, 2048, 2051, 2051, 2051]",299.0
1288,11315,18,28,2026-06-28T13:38:31.417000+00:00,17.861,33.254,23.046,293.0,201.0,False,74.161,"[None, 2048, 2049, 2049, 2048, 2048]","[2048, 2048, 2049, 2048, 2048, 2048, 2048]","[2049, 2049, 2048, 2049, 2048, 2049, 2048, 2048]",286.0
1288,11315,1,29,2026-06-28T13:38:34.745000+00:00,17.379,32.231,22.233,304.0,204.0,False,71.843,"[None, 2048, 2049, 2048, 2048, 2048]","[2048, 2048, 2048, 2048, 2048, 2048, 2048]","[2048, 2048, 2048, 2048, 2048, 2048, 2048, 2048]",297.0
1288,11315,41,29,2026-06-28T13:38:46.608000+00:00,17.527,32.536,22.164,303.0,209.0,False,72.227,"[None, 2048, 2048, 2048, 2048, 2048]","[2048, 2048, 2048, 2048, 2048, 2048, 2048]","[2048, 2048, 2048, 2049, 2048, 2048, 2048, 2048]",296.0
1288,11315,30,29,2026-06-28T13:38:48.087000+00:00,17.412,32.414,22.388,306.0,213.0,False,72.214,"[None, 2048, 2048, 2048, 2048, 2048]","[2048, 2049, 2048, 2048, 2049, 2048, 2049]","[2048, 2048, 2048, 2049, 2048, 2048, 2048, 2048]",305.0
1288,11315,5,29,2026-06-28T13:38:50.464000+00:00,17.598,32.412,22.486,303.0,215.0,False,72.496,"[None, 2048, 2049, 2048, 2048, 2048]","[2048, 2048, 2048, 2048, 2048, 2048, 2048]","[2048, 2048, 2048, 2048, 2049, 2048, 2048, 2048]",298.0
1288,11315,10,29,2026-06-28T13:38:57.621000+00:00,17.703,32.541,22.85,,202.0,False,73.094,"[None, 2048, 2048, 2048, 2048, 2048]","[2048, 2048, 2048, 2048, 2048, 2049, 2048]","[2048, 2048, 2048, 2048, 2048, 2048, 2048, 2048]",304.0
1288,11315,27,29,2026-06-28T13:39:08.994000+00:00,17.636,32.376,22.743,301.0,211.0,False,72.755,"[None, 2048, 2049, 2049, 2048, 2048]","[2048, 2048, 2048, 2048, 2048, 2048, 2048]","[2048, 2048, 2048, 2048, 2049, 2048, 2048, 2048]",295.0
1288,11315,87,29,2026-06-28T13:39:10.518000+00:00,17.573,32.854,22.598,310.0,206.0,False,73.025,"[None, 2048, 2049, 2048, 2048, 2048]","[2049, 2048, 2048, 2048, 2048, 2048, 2048]","[2048, 2048, 2048, 2048, 2048, 2049, 2048]",297.0
1288,11315,31,29,2026-06-28T13:39:13.267000+00:00,17.674,32.703,22.74,307.0,206.0,False,73.117,"[None, 2048, 2048, 2048, 2048, 2048]","[2048, 2049, 2048, 2048, 2048, 2048, 2049]","[2049, 2048, 2048, 2049, 2048, 2048, 2048, 2048]",296.0
1288,11315,23,29,2026-06-28T13:39:16.436000+00:00,17.608,32.985,22.811,307.0,198.0,False,73.404,"[None, 2048, 2049, 2048, 2048, 2048]","[2048, 2048, 2048, 2048, 2048, 2048, 2048]","[2049, 2048, 2048, 2048, 2048, 2049, 2048]",301.0
1288,11315,43,29,2026-06-28T13:39:17.349000+00:00,17.673,32.821,22.61,308.0,202.0,False,73.104,"[None, 2048, 2048, 2048, 2048, 2048]","[2048, 2048, 2048, 2048, 2048, 2048, 2048]","[2048, 2049, 2048, 2048, 2048, 2048, 2048, 2049]",305.0
1288,11315,63,30,2026-06-28T13:39:21.952000+00:00,17.389,31.904,21.981,304.0,206.0,False,71.274,"[2048, 2048, 2048, 2048, 2048, 2048]","[2048, 2048, 2048, 2049, 2048, 2048, 2048]","[2048, 2048, 2048, 2048, 2048, 2048, 2048, 2048]",303.0
1288,11315,3,30,2026-06-28T13:39:26.728000+00:00,17.288,31.92,21.833,307.0,211.0,False,71.041,"[None, 2048, 2048, 2048, 2048, 2048]","[2048, 2048, 2048, 2048, 2051, 2048, 2048]","[2049, 2048, 2048, 2048, 2048, 2048, 2048, 2048]",301.0
1288,11315,16,30,2026-06-28T13:39:35.046000+00:00,17.48,32.865,22.337,304.0,202.0,False,72.682,"[None, 2048, 2048, 2048, 2048, 2048]","[2048, 2048, 2048, 2048, 2048, 2048, 2048]","[2048, 2048, 2049, 2048, 2048, 2048, 2048, 2048]",288.0
1288,11315,12,30,2026-06-28T13:39:35.667000+00:00,17.182,32.008,22.107,320.0,207.0,False,71.297,"[None, 2048, 2048, 2049, 2049, 2048]","[2048, 2048, 2049, 2048, 2049, 2048, 2048]","[2048, 2048, 2048, 2049, 2049, 2048, 2048, 2048]",320.0
1288,11315,14,29,2026-06-28T13:39:38.244000+00:00,18.517,33.897,23.196,255.0,202.0,False,75.61,"[None, 2048, 2048, 2048, 2048, 2048]","[2048, 2048, 2049, 2048, 2048, 2049, 2048]","[2048, 2048, 2048, 2048, 2048, 2049, 2049, 2049]",297.0
1288,11315,81,30,2026-06-28T13:39:38.616000+00:00,17.252,31.988,21.909,,201.0,False,71.149,"[None, 2048, 2048, 2048, 2048, 2048]","[2048, 2048, 2048, 2048, 2048, 2049, 2048]","[2048, 2048, 2049, 2048, 2048, 2048, 2048, 2049]",303.0
1288,11315,6,30,2026-06-28T13:39:39.526000+00:00,17.331,32.793,22.7,323.0,209.0,False,72.824,"[None, 2048, 2048, 2048, 2048, 2048]","[2049, 2048, 2048, 2048, 2048, 2048, 2048]","[2048, 2048, 2048, 2048, 2048, 2048, 2048, 2048]",308.0
1288,11315,44,30,2026-06-28T13:39:39.849000+00:00,17.144,32.304,22.402,326.0,208.0,False,71.85,"[None, 2048, 2048, 2049, 2049, 2049]","[2048, 2048, 2051, 2049, 2048, 2049, 2048]","[2048, 2048, 2048, 2048, 2048, 2048, 2048, 2048]",319.0
1288,11315,18,29,2026-06-28T13:39:45.521000+00:00,18.159,34.03,23.057,241.0,201.0,False,75.246,"[None, 2048, 2049, 2048, 2048, 2048]","[2048, 2048, 2048, 2049, 2048, 2048, 2048]","[2049, 2048, 2049, 2048, 2048, 2048, 2049, 2049]",287.0
1288,11315,1,30,2026-06-28T13:39:46.550000+00:00,17.473,32.285,22.039,306.0,205.0,False,71.797,"[None, 2048, 2048, 2048, 2048, 2048]","[2048, 2048, 2048, 2048, 2049, 2048, 2048]","[2049, 2048, 2048, 2048, 2048, 2049, 2049, 2048]",297.0
1288,11315,41,30,2026-06-28T13:39:58.761000+00:00,17.467,33.036,22.243,306.0,207.0,False,72.746,"[None, 2048, 2049, 2048, 2048, 2048]","[2048, 2048, 2048, 2048, 2048, 2048, 2048]","[2048, 2048, 2048, 2048, 2048, 2048, 2048, 2048]",298.0
1288,11315,30,30,2026-06-28T13:40:00.223000+00:00,17.434,32.786,22.324,307.0,211.0,False,72.544,"[None, 2048, 2048, 2048, 2048, 2048]","[2049, 2048, 2048, 2048, 2048, 2048, 2048]","[2049, 2048, 2048, 2048, 2048, 2048, 2048, 2048]",307.0
1288,11315,5,30,2026-06-28T13:40:03.064000+00:00,17.745,32.478,22.548,,214.0,False,72.771,"[None, 2048, 2048, 2048, 2048, 2048]","[2048, 2048, 2048, 2048, 2048, 2048, 2048]","[2048, 2048, 2048, 2048, 2048, 2048, 2048, 2048]",298.0
1288,11315,10,30,2026-06-28T13:40:10.665000+00:00,17.61,32.824,22.712,310.0,202.0,False,73.146,"[None, 2048, 2048, 2048, 2048, 2048]","[2048, 2048, 2048, 2048, 2048, 2048, 2048]","[2048, 2048, 2048, 2048, 2048, 2048, 2048, 2048]",304.0
1288,11315,27,30,2026-06-28T13:40:21.697000+00:00,17.703,32.301,22.669,,213.0,False,72.673,"[None, 2048, 2048, 2048, 2048, 2048]","[2048, 2049, 2048, 2048, 2049, 2048, 2048]","[2048, 2048, 2048, 2049, 2049, 2048, 2048, 2048]",295.0
1288,11315,87,30,2026-06-28T13:40:23.621000+00:00,17.583,32.947,22.533,304.0,206.0,False,73.063,"[None, 2048, 2048, 2048, 2048, 2048]","[2048, 2048, 2048, 2048, 2049, 2048, 2048]","[2048, 2048, 2048, 2049, 2049, 2048, 2048, 2048]",297.0
1288,11315,31,30,2026-06-28T13:40:26.469000+00:00,17.688,32.788,22.952,309.0,206.0,False,73.428,"[None, 2049, 2048, 2048, 2048, 2048]","[2048, 2048, 2048, 2048, 2048, 2048, 2048]","[2048, 2048, 2048, 2048, 2048, 2048, 2048, 2048]",294.0
1288,11315,23,30,2026-06-28T13:40:29.708000+00:00,17.649,33.586,23.05,308.0,199.0,False,74.285,"[None, 2048, 2048, 2048, 2048, 2048]","[2048, 2048, 2048, 2048, 2048, 2048, 2048]","[2048, 2048, 2048, 2048, 2048, 2048, 2048, 2048]",300.0
1288,11315,43,30,2026-06-28T13:40:30.469000+00:00,17.422,32.622,22.534,313.0,204.0,False,72.578,"[None, 2048, 2048, 2049, 2048, 2048]","[2048, 2048, 2049, 2051, 2048, 2048, 2049]","[2049, 2048, 2048, 2049, 2049, 2048, 2048, 2048]",322.0
1288,11315,63,31,2026-06-28T13:40:33.261000+00:00,17.37,32.1,22.084,309.0,206.0,False,71.554,"[None, 2048, 2048, 2048, 2049, 2049]","[2048, 2048, 2048, 2049, 2048, 2049, 2048]","[2048, 2048, 2049, 2048, 2048, 2048, 2048, 2049]",303.0
1288,11315,3,31,2026-06-28T13:40:37.812000+00:00,17.387,31.926,21.936,308.0,213.0,False,71.249,"[None, 2048, 2048, 2048, 2048, 2048]","[2048, 2048, 2048, 2048, 2048, 2048, 2048]","[2048, 2048, 2048, 2049, 2048, 2048, 2048, 2048]",301.0
1288,11315,12,31,2026-06-28T13:40:46.980000+00:00,17.502,32.065,21.863,302.0,206.0,False,71.43,"[None, 2048, 2048, 2048, 2048, 2048]","[2048, 2048, 2048, 2048, 2048, 2048, 2051]","[2048, 2048, 2048, 2049, 2048, 2049, 2048, 2048]",298.0
1288,11315,16,31,2026-06-28T13:40:47.897000+00:00,17.397,32.321,22.141,314.0,206.0,False,71.859,"[None, 2048, 2048, 2048, 2049, 2049]","[2048, 2048, 2048, 2048, 2048, 2049, 2048]","[2048, 2048, 2048, 2048, 2048, 2048, 2048, 2048]",294.0
1288,11315,81,31,2026-06-28T13:40:49.783000+00:00,17.321,32.391,22.056,313.0,202.0,False,71.768,"[None, 2048, 2048, 2048, 2048, 2048]","[2049, 2048, 2048, 2048, 2048, 2048, 2048]","[2048, 2048, 2048, 2048, 2048, 2048, 2048, 2048]",304.0
1288,11315,44,31,2026-06-28T13:40:51.665000+00:00,17.401,32.172,22.131,310.0,209.0,False,71.704,"[None, 2048, 2051, 2048, 2048, 2048]","[2048, 2048, 2048, 2048, 2048, 2048, 2048]","[2049, 2048, 2048, 2048, 2048, 2048, 2048, 2048]",296.0
1288,11315,6,31,2026-06-28T13:40:52.450000+00:00,17.303,32.533,22.408,317.0,210.0,False,72.244,"[None, 2048, 2048, 2048, 2049, 2048]","[2048, 2048, 2048, 2048, 2048, 2048, 2048]","[2048, 2048, 2048, 2048, 2048, 2048, 2048, 2048]",307.0
1288,11315,14,30,2026-06-28T13:40:53.862000+00:00,17.734,33.408,22.855,313.0,202.0,False,73.997,"[2049, 2049, 2048, 2048, 2048, 2048]","[2049, 2048, 2048, 2048, 2048, 2048, 2048]","[2049, 2049, 2048, 2049, 2048, 2049, 2048, 2048]",290.0
1288,11315,1,31,2026-06-28T13:40:58.434000+00:00,17.507,31.988,22.171,304.0,205.0,False,71.666,"[None, 2048, 2048, 2048, 2048, 2048]","[2048, 2049, 2048, 2048, 2049, 2048, 2048]","[2048, 2048, 2048, 2048, 2048, 2048, 2048, 2048]",298.0
1288,11315,18,30,2026-06-28T13:41:00.861000+00:00,17.905,33.012,22.879,293.0,204.0,False,73.796,"[2049, 2048, 2048, 2048, 2048, 2048]","[2048, 2048, 2048, 2048, 2049, 2048, 2049]","[2049, 2049, 2049, 2049, 2048, 2048, 2048, 2048]",288.0
1288,11315,41,31,2026-06-28T13:41:11.556000+00:00,17.566,32.804,22.223,303.0,210.0,False,72.593,"[None, 2048, 2048, 2048, 2048, 2048]","[2048, 2048, 2048, 2048, 2048, 2048, 2048]","[2049, 2048, 2048, 2048, 2048, 2048, 2048, 2048]",293.0
1288,11315,30,31,2026-06-28T13:41:12.800000+00:00,17.4,32.798,22.379,305.0,210.0,False,72.577,"[None, 2048, 2048, 2048, 2048, 2048]","[2048, 2048, 2048, 2048, 2048, 2048, 2048]","[2048, 2048, 2048, 2048, 2048, 2048, 2048, 2048]",300.0
1288,11315,5,31,2026-06-28T13:41:15.825000+00:00,17.758,32.604,22.518,302.0,215.0,False,72.88,"[None, 2048, 2048, 2048, 2048, 2048]","[2048, 2048, 2048, 2048, 2048, 2048, 2048]","[2048, 2048, 2048, 2048, 2048, 2048, 2048, 2048]",297.0
1288,11315,10,31,2026-06-28T13:41:23.941000+00:00,17.732,32.738,22.686,309.0,204.0,False,73.156,"[None, 2048, 2048, 2048, 2048, 2048]","[2048, 2048, 2048, 2048, 2048, 2048, 2049]","[2048, 2048, 2048, 2048, 2048, 2048, 2048, 2048]",303.0
1288,11315,27,31,2026-06-28T13:41:34.418000+00:00,17.634,32.404,22.591,,214.0,False,72.629,"[None, 2049, 2048, 2048, 2048, 2048]","[2048, 2048, 2048, 2048, 2048, 2048, 2049]","[2048, 2048, 2048, 2049, 2049, 2048, 2048, 2048]",295.0
1288,11315,87,31,2026-06-28T13:41:36.679000+00:00,17.614,32.977,22.556,305.0,208.0,False,73.147,"[None, 2048, 2048, 2048, 2048, 2048]","[2048, 2048, 2048, 2048, 2048, 2048, 2048]","[2049, 2048, 2048, 2048, 2048, 2048, 2048, 2048]",297.0
1288,11315,31,31,2026-06-28T13:41:39.900000+00:00,17.648,32.754,22.799,,208.0,False,73.201,"[None, 2048, 2048, 2048, 2048, 2048]","[2049, 2048, 2048, 2048, 2048, 2048, 2049]","[2048, 2048, 2048, 2049, 2049, 2048, 2048, 2048]",295.0
1288,11315,43,31,2026-06-28T13:41:42.960000+00:00,17.79,32.879,23.803,307.0,202.0,False,74.472,"[None, 2048, 2048, 2048, 2048, 2048]","[2048, 2048, 2048, 2048, 2049, 2048, 2048]","[2048, 2048, 2048, 2048, 2048, 2048, 2048, 2048]",299.0
1288,11315,23,31,2026-06-28T13:41:44.008000+00:00,18.383,33.28,23.038,310.0,200.0,False,74.701,"[None, 2048, 2048, 2048, 2048, 2048]","[2048, 2048, 2048, 2048, 2048, 2048, 2048]","[2048, 2048, 2048, 2048, 2048, 2048, 2048, 2048]",303.0
1288,11315,63,32,2026-06-28T13:41:44.860000+00:00,17.364,32.275,22.067,307.0,207.0,False,71.706,"[2049, 2048, 2048, 2048, 2049, 2049]","[2048, 2048, 2048, 2049, 2048, 2048, 2048]","[2048, 2048, 2048, 2048, 2048, 2048, 2048, 2048]",296.0
1288,11315,3,32,2026-06-28T13:41:49.043000+00:00,17.343,32.146,22.003,309.0,212.0,False,71.492,"[None, 2048, 2048, 2048, 2048, 2048]","[2048, 2048, 2048, 2048, 2048, 2048, 2048]","[2048, 2048, 2048, 2048, 2048, 2048, 2048, 2048]",303.0
1288,11315,12,32,2026-06-28T13:41:58.383000+00:00,17.388,32.03,21.812,299.0,206.0,False,71.23,"[None, 2048, 2048, 2048, 2048, 2048]","[2048, 2048, 2048, 2048, 2048, 2048, 2048]","[2048, 2048, 2048, 2049, 2049, 2051, 2048, 2048]",297.0
1288,11315,16,32,2026-06-28T13:41:59.550000+00:00,17.473,32.42,22.151,311.0,207.0,False,72.044,"[None, 2048, 2048, 2048, 2048, 2048]","[2048, 2048, 2048, 2048, 2048, 2048, 2048]","[2048, 2048, 2048, 2048, 2048, 2048, 2048, 2048]",296.0
1288,11315,81,32,2026-06-28T13:42:01.655000+00:00,17.472,32.258,22.124,312.0,201.0,False,71.854,"[None, 2048, 2048, 2048, 2048, 2048]","[2048, 2048, 2048, 2048, 2048, 2048, 2048]","[2048, 2048, 2048, 2048, 2048, 2048, 2048, 2049]",306.0
1288,11315,44,32,2026-06-28T13:42:03.443000+00:00,17.466,32.18,21.944,298.0,208.0,False,71.59,"[None, 2048, 2048, 2048, 2048, 2048]","[2048, 2048, 2048, 2048, 2048, 2048, 2048]","[2048, 2048, 2048, 2049, 2049, 2048, 2048, 2048]",278.0
1288,11315,6,32,2026-06-28T13:42:04.648000+00:00,17.481,32.561,22.145,312.0,219.0,False,72.187,"[None, 2048, 2048, 2048, 2048, 2048]","[2048, 2048, 2048, 2048, 2048, 2049, 2048]","[2048, 2048, 2048, 2048, 2048, 2048, 2048, 2048]",300.0
1288,11315,14,31,2026-06-28T13:42:07.889000+00:00,18.043,34.029,23.056,293.0,204.0,False,75.128,"[2048, 2048, 2048, 2048, 2048, 2048]","[2048, 2048, 2048, 2048, 2048, 2048, 2048]","[2048, 2049, 2048, 2048, 2048, 2048, 2048, 2048]",284.0
1288,11315,1,32,2026-06-28T13:42:10.074000+00:00,17.428,32.128,22.037,302.0,204.0,False,71.593,"[None, 2048, 2048, 2048, 2048, 2048]","[2048, 2049, 2048, 2048, 2048, 2048, 2048]","[2048, 2048, 2048, 2048, 2049, 2049, 2048, 2048]",305.0
1288,11315,18,31,2026-06-28T13:42:14.639000+00:00,17.919,33.103,22.984,295.0,203.0,False,74.006,"[2048, 2048, 2048, 2049, 2048, 2048]","[2048, 2048, 2049, 2048, 2049, 2048, 2048]","[2049, 2048, 2048, 2048, 2048, 2048, 2048, 2048]",287.0
1288,11315,41,32,2026-06-28T13:42:24.284000+00:00,17.509,32.727,22.289,,210.0,False,72.525,"[None, 2048, 2048, 2048, 2048, 2048]","[2048, 2048, 2048, 2048, 2048, 2048, 2048]","[2048, 2048, 2048, 2048, 2048, 2048, 2048, 2048]",301.0
1288,11315,30,32,2026-06-28T13:42:25.411000+00:00,17.487,32.642,22.339,,213.0,False,72.468,"[None, 2048, 2048, 2048, 2048, 2048]","[2048, 2048, 2048, 2048, 2048, 2048, 2049]","[2049, 2048, 2048, 2049, 2048, 2048, 2048, 2048]",305.0
1288,11315,5,32,2026-06-28T13:42:28.684000+00:00,17.716,32.557,22.625,,210.0,False,72.898,"[None, 2049, 2048, 2048, 2048, 2048]","[2049, 2048, 2048, 2048, 2048, 2048, 2048]","[2048, 2048, 2048, 2048, 2048, 2048, 2048, 2048]",299.0
1288,11315,10,32,2026-06-28T13:42:37.063000+00:00,17.679,32.779,22.726,308.0,202.0,False,73.184,"[None, 2048, 2048, 2048, 2048, 2048]","[2048, 2048, 2048, 2048, 2048, 2048, 2048]","[2048, 2048, 2048, 2048, 2048, 2048, 2048, 2048]",304.0
1288,11315,27,32,2026-06-28T13:42:47.053000+00:00,17.698,32.306,22.466,,214.0,False,72.47,"[None, 2048, 2048, 2048, 2048, 2048]","[2049, 2048, 2048, 2048, 2048, 2049, 2048]","[2049, 2048, 2048, 2048, 2048, 2048, 2048, 2048]",295.0
1288,11315,87,32,2026-06-28T13:42:49.854000+00:00,17.568,32.894,22.613,307.0,205.0,False,73.075,"[None, 2049, 2048, 2048, 2048, 2048]","[2048, 2048, 2048, 2048, 2049, 2048, 2048]","[2048, 2048, 2048, 2048, 2048, 2048, 2048, 2048]",296.0
1288,11315,31,32,2026-06-28T13:42:53.091000+00:00,17.699,32.86,22.847,307.0,207.0,False,73.406,"[None, 2048, 2048, 2048, 2048, 2048]","[2049, 2048, 2048, 2048, 2048, 2048, 2048]","[2048, 2048, 2048, 2048, 2048, 2048, 2048, 2048]",292.0
1288,11315,63,33,2026-06-28T13:42:56.542000+00:00,17.362,32.125,22.059,302.0,205.0,False,71.546,"[2048, 2048, 2048, 2048, 2048, 2048]","[2048, 2048, 2048, 2048, 2048, 2048, 2048]","[2048, 2048, 2048, 2048, 2048, 2048, 2048, 2048]",296.0
1288,11315,43,32,2026-06-28T13:42:57.525000+00:00,17.636,32.91,22.62,316.0,203.0,False,73.166,"[None, 2048, 2048, 2048, 2048, 2048]","[2048, 2048, 2048, 2048, 2048, 2048, 2048]","[2048, 2048, 2048, 2048, 2048, 2048, 2048, 2048]",307.0
1288,11315,23,32,2026-06-28T13:42:58.804000+00:00,17.623,34.184,22.957,311.0,199.0,False,74.764,"[None, 2048, 2048, 2048, 2048, 2048]","[2048, 2048, 2048, 2048, 2048, 2048, 2048]","[2048, 2048, 2049, 2048, 2048, 2048, 2048, 2048]",300.0
1288,11315,3,33,2026-06-28T13:43:00.601000+00:00,17.233,32.152,22.057,318.0,212.0,False,71.442,"[None, 2048, 2048, 2048, 2048, 2048]","[2048, 2048, 2048, 2048, 2048, 2048, 2048]","[2048, 2048, 2048, 2048, 2048, 2048, 2048, 2048]",308.0
1288,11315,12,33,2026-06-28T13:43:09.724000+00:00,17.368,32.054,21.946,300.0,205.0,False,71.368,"[None, 2048, 2048, 2048, 2048, 2048]","[2048, 2048, 2048, 2048, 2048, 2048, 2048]","[2048, 2048, 2048, 2048, 2048, 2048, 2048, 2048]",298.0
1288,11315,16,33,2026-06-28T13:43:11.661000+00:00,17.433,32.661,22.251,310.0,205.0,False,72.345,"[None, 2048, 2048, 2048, 2048, 2048]","[2048, 2048, 2048, 2048, 2048, 2048, 2048]","[2048, 2048, 2048, 2048, 2048, 2048, 2048, 2048]",290.0
1288,11315,81,33,2026-06-28T13:43:13.480000+00:00,17.367,32.246,22.167,314.0,202.0,False,71.78,"[None, 2048, 2048, 2048, 2048, 2048]","[2048, 2048, 2048, 2048, 2048, 2048, 2048]","[2048, 2048, 2048, 2048, 2048, 2048, 2048, 2048]",306.0
1288,11315,44,33,2026-06-28T13:43:15.179000+00:00,17.412,32.266,22.071,300.0,207.0,False,71.749,"[None, 2048, 2048, 2048, 2048, 2048]","[2048, 2048, 2048, 2048, 2048, 2048, 2048]","[2048, 2048, 2048, 2048, 2048, 2048, 2048, 2048]",279.0
1288,11315,6,33,2026-06-28T13:43:16.788000+00:00,17.533,32.441,22.228,310.0,217.0,False,72.202,"[None, 2048, 2048, 2048, 2048, 2048]","[2048, 2048, 2048, 2048, 2048, 2048, 2048]","[2048, 2048, 2048, 2048, 2048, 2048, 2048, 2048]",303.0
1288,11315,1,33,2026-06-28T13:43:21.652000+00:00,17.477,32.059,22.006,305.0,205.0,False,71.542,"[None, 2048, 2048, 2048, 2048, 2048]","[2048, 2048, 2048, 2048, 2049, 2048, 2048]","[2049, 2048, 2048, 2048, 2049, 2048, 2048, 2048]",300.0
1288,11315,14,32,2026-06-28T13:43:23.063000+00:00,18.002,33.562,23.305,291.0,202.0,False,74.869,"[None, 2048, 2048, 2048, 2048, 2048]","[2048, 2048, 2048, 2048, 2048, 2048, 2048]","[2048, 2048, 2048, 2048, 2048, 2048, 2048, 2048]",282.0
1288,11315,18,32,2026-06-28T13:43:28.634000+00:00,,33.151,23.031,293.0,201.0,False,74.101,"[None, 2048, 2048, 2048, 2048, 2048]","[2048, 2048, 2049, 2048, 2048, 2048, 2048]","[2048, 2048, 2048, 2048, 2048, 2048, 2048, 2048]",286.0
1288,11315,41,33,2026-06-28T13:43:36.672000+00:00,17.588,32.896,22.296,302.0,209.0,False,72.78,"[None, 2048, 2048, 2048, 2048, 2048]","[2048, 2048, 2048, 2048, 2048, 2048, 2048]","[2048, 2048, 2048, 2048, 2048, 2048, 2048, 2048]",299.0
1288,11315,30,33,2026-06-28T13:43:37.913000+00:00,17.415,32.8,22.456,309.0,211.0,False,72.671,"[None, 2048, 2048, 2048, 2048, 2048]","[2048, 2048, 2048, 2048, 2048, 2048, 2048]","[2048, 2048, 2048, 2048, 2048, 2048, 2048, 2048]",304.0
1288,11315,5,33,2026-06-28T13:43:41.552000+00:00,17.757,32.776,22.501,303.0,212.0,False,73.034,"[None, 2048, 2048, 2048, 2048, 2048]","[2048, 2048, 2048, 2048, 2048, 2048, 2048]","[2048, 2048, 2048, 2048, 2048, 2048, 2048, 2048]",297.0
1288,11315,10,33,2026-06-28T13:43:50.191000+00:00,17.658,32.95,22.856,309.0,201.0,False,73.464,"[None, 2048, 2048, 2048, 2048, 2048]","[2048, 2048, 2048, 2048, 2048, 2048, 2048]","[2048, 2048, 2048, 2048, 2048, 2048, 2048, 2048]",303.0
1288,11315,27,33,2026-06-28T13:43:59.494000+00:00,17.668,32.591,22.604,,211.0,False,72.863,"[None, 2048, 2048, 2048, 2048, 2048]","[2048, 2048, 2048, 2048, 2048, 2048, 2048]","[2048, 2048, 2048, 2048, 2048, 2048, 2048, 2048]",294.0
1288,11315,87,33,2026-06-28T13:44:02.931000+00:00,17.654,32.973,22.643,,204.0,False,73.27,"[None, 2048, 2048, 2048, 2048, 2048]","[2048, 2048, 2048, 2048, 2048, 2048, 2048]","[2048, 2048, 2048, 2048, 2048, 2048, 2048, 2048]",294.0
1288,11315,31,33,2026-06-28T13:44:06.528000+00:00,17.723,33.005,28.218,293.0,204.0,False,78.946,"[None, 2048, 2048, 2048, 2048, 2048]","[2048, 2048, 2048, 2048, 2048, 2048, 2048]","[2048, 2048, 2048, 2048, 2064, 2064, 2064, 2064]",292.0
1288,11315,63,34,2026-06-28T13:44:08.168000+00:00,17.464,32.416,22.186,298.0,204.0,False,72.066,"[None, 2048, 2048, 2048, 2048, 2048]","[2048, 2048, 2048, 2048, 2048, 2048, 2048]","[2048, 2048, 2048, 2048, 2048, 2048, 2048, 2048]",293.0
1288,11315,43,33,2026-06-28T13:44:10.740000+00:00,17.668,34.095,22.737,308.0,201.0,False,74.5,"[None, 2048, 2048, 2048, 2048, 2048]","[2048, 2048, 2048, 2048, 2048, 2048, 2048]","[2048, 2048, 2048, 2048, 2048, 2048, 2049, 2048]",294.0
1288,11315,3,34,2026-06-28T13:44:11.984000+00:00,17.411,32.344,22.091,314.0,211.0,False,71.846,"[None, 2048, 2048, 2048, 2048, 2048]","[2048, 2048, 2048, 2048, 2048, 2048, 2048]","[2048, 2048, 2048, 2048, 2048, 2048, 2048, 2048]",305.0
1288,11315,23,33,2026-06-28T13:44:13.512000+00:00,17.912,33.371,23.011,309.0,198.0,False,74.294,"[None, 2048, 2048, 2048, 2048, 2048]","[2049, 2048, 2048, 2048, 2048, 2048, 2048]","[2048, 2048, 2048, 2048, 2048, 2048, 2048, 2048]",299.0
1288,11315,12,34,2026-06-28T13:44:21.111000+00:00,,32.159,21.829,303.0,205.0,False,71.356,"[None, 2048, 2048, 2048, 2048, 2048]","[2048, 2048, 2048, 2048, 2048, 2049, 2048]","[2048, 2048, 2048, 2049, 2048, 2048, 2048, 2048]",299.0
1288,11315,16,34,2026-06-28T13:44:23.968000+00:00,17.543,32.497,22.276,309.0,204.0,False,72.316,"[None, 2048, 2048, 2048, 2048, 2048]","[2048, 2048, 2048, 2048, 2048, 2048, 2048]","[2048, 2048, 2048, 2048, 2048, 2048, 2048, 2048]",292.0
1288,11315,81,34,2026-06-28T13:44:25.211000+00:00,17.366,32.457,22.225,,199.0,False,72.048,"[None, 2048, 2048, 2048, 2048, 2048]","[2048, 2048, 2048, 2048, 2048, 2048, 2048]","[2048, 2048, 2048, 2048, 2048, 2048, 2048, 2049]",307.0
1288,11315,44,34,2026-06-28T13:44:26.769000+00:00,17.336,32.236,21.924,311.0,207.0,False,71.496,"[None, 2048, 2048, 2048, 2048, 2048]","[2048, 2048, 2048, 2048, 2048, 2048, 2048]","[2048, 2048, 2048, 2048, 2048, 2048, 2048, 2048]",290.0
1288,11315,6,34,2026-06-28T13:44:29.007000+00:00,17.49,32.602,22.245,308.0,217.0,False,72.337,"[None, 2048, 2048, 2048, 2048, 2048]","[2048, 2048, 2048, 2048, 2048, 2048, 2048]","[2048, 2048, 2048, 2048, 2048, 2048, 2048, 2048]",298.0
1288,11315,1,34,2026-06-28T13:44:33.209000+00:00,17.439,32.411,22.066,308.0,202.0,False,71.916,"[None, 2048, 2048, 2048, 2048, 2048]","[2048, 2048, 2048, 2048, 2048, 2048, 2048]","[2048, 2048, 2048, 2048, 2048, 2048, 2049, 2048]",303.0
1288,11315,14,33,2026-06-28T13:44:37.983000+00:00,18.169,33.75,23.321,285.0,201.0,False,75.24,"[None, 2048, 2048, 2048, 2048, 2048]","[2048, 2048, 2048, 2048, 2048, 2048, 2048]","[2048, 2048, 2048, 2048, 2048, 2048, 2048, 2048]",282.0
1288,11315,18,33,2026-06-28T13:44:42.754000+00:00,17.963,33.301,23.152,292.0,201.0,False,74.416,"[None, 2048, 2048, 2049, 2048, 2048]","[2048, 2048, 2048, 2048, 2048, 2048, 2048]","[2048, 2048, 2048, 2048, 2048, 2048, 2049, 2048]",284.0
1288,11315,41,34,2026-06-28T13:44:49.498000+00:00,17.527,32.986,22.297,305.0,208.0,False,72.81,"[None, 2049, 2048, 2048, 2048, 2048]","[2048, 2048, 2048, 2048, 2048, 2048, 2048]","[2048, 2048, 2048, 2048, 2048, 2048, 2048, 2048]",298.0
1288,11315,30,34,2026-06-28T13:44:50.614000+00:00,17.461,32.879,22.444,310.0,211.0,False,72.784,"[None, 2048, 2048, 2048, 2048, 2048]","[2048, 2048, 2048, 2048, 2048, 2048, 2048]","[2048, 2048, 2048, 2048, 2048, 2048, 2048, 2048]",303.0
1288,11315,5,34,2026-06-28T13:44:54.679000+00:00,17.75,32.828,22.614,304.0,210.0,False,73.192,"[None, 2048, 2048, 2048, 2048, 2048]","[2048, 2048, 2048, 2048, 2048, 2048, 2048]","[2048, 2048, 2048, 2048, 2048, 2048, 2048, 2048]",297.0
1288,11315,10,34,2026-06-28T13:45:03.726000+00:00,17.7,33.087,22.804,310.0,201.0,False,73.591,"[None, 2048, 2048, 2048, 2048, 2048]","[2048, 2048, 2048, 2048, 2048, 2048, 2048]","[2048, 2048, 2048, 2048, 2048, 2048, 2048, 2048]",302.0
1288,11315,27,34,2026-06-28T13:45:12.454000+00:00,17.674,32.457,22.519,302.0,214.0,False,72.65,"[None, 2048, 2048, 2048, 2048, 2048]","[2049, 2048, 2048, 2048, 2048, 2048, 2048]","[2048, 2048, 2048, 2048, 2049, 2048, 2048, 2048]",295.0
1288,11315,87,34,2026-06-28T13:45:16.236000+00:00,17.647,32.999,22.492,,204.0,False,73.138,"[None, 2048, 2048, 2048, 2048, 2048]","[2048, 2048, 2048, 2048, 2048, 2048, 2048]","[2049, 2048, 2048, 2049, 2049, 2049, 2048, 2048]",295.0
1288,11315,63,35,2026-06-28T13:45:20.209000+00:00,17.559,32.394,22.121,295.0,205.0,False,72.074,"[None, 2048, 2048, 2048, 2048, 2048]","[2048, 2048, 2048, 2048, 2048, 2048, 2048]","[2048, 2048, 2048, 2048, 2048, 2048, 2048, 2048]",292.0
1288,11315,3,35,2026-06-28T13:45:23.818000+00:00,17.346,32.172,22.088,313.0,214.0,False,71.606,"[None, 2048, 2048, 2048, 2048, 2048]","[2048, 2048, 2048, 2048, 2048, 2048, 2048]","[2048, 2048, 2048, 2048, 2048, 2048, 2048, 2048]",300.0
1288,11315,43,34,2026-06-28T13:45:25.141000+00:00,17.618,32.788,22.702,311.0,202.0,False,73.108,"[None, 2048, 2048, 2048, 2048, 2048]","[2048, 2048, 2048, 2048, 2048, 2048, 2048]","[2048, 2048, 2048, 2048, 2048, 2048, 2048, 2048]",305.0
1288,11315,31,34,2026-06-28T13:45:25.561000+00:00,38.583,32.75,22.739,307.0,207.0,True,94.072,"[2064, 2064, 2064, 2048, 2048, 2048]","[2048, 2048, 2048, 2048, 2049, 2048, 2049]","[2048, 2049, 2048, 2048, 2048, 2049, 2048, 2049]",299.0
1288,11315,23,34,2026-06-28T13:45:27.935000+00:00,17.776,33.252,22.974,,197.0,False,74.002,"[None, 2048, 2048, 2048, 2048, 2048]","[2048, 2048, 2048, 2048, 2048, 2048, 2048]","[2048, 2048, 2048, 2048, 2049, 2048, 2048]",302.0
1288,11315,12,35,2026-06-28T13:45:32.441000+00:00,17.31,32.179,21.874,305.0,205.0,False,71.363,"[None, 2048, 2048, 2048, 2048, 2048]","[2048, 2048, 2048, 2048, 2048, 2049, 2048]","[2048, 2048, 2048, 2048, 2048, 2048, 2048, 2048]",302.0
1288,11315,16,35,2026-06-28T13:45:36.418000+00:00,17.528,32.444,22.218,308.0,204.0,False,72.19,"[None, 2048, 2048, 2048, 2048, 2048]","[2048, 2048, 2048, 2048, 2048, 2048, 2048]","[2048, 2048, 2048, 2048, 2048, 2048, 2048, 2048]",291.0
1288,11315,81,35,2026-06-28T13:45:37.268000+00:00,17.402,32.324,22.215,315.0,199.0,False,71.941,"[None, 2048, 2048, 2048, 2049, 2048]","[2048, 2048, 2048, 2048, 2048, 2049, 2048]","[2048, 2048, 2048, 2048, 2048, 2048, 2048, 2049]",311.0
1288,11315,44,35,2026-06-28T13:45:38.300000+00:00,17.285,32.421,22.021,313.0,208.0,False,71.727,"[None, 2048, 2048, 2048, 2048, 2048]","[2048, 2048, 2048, 2048, 2048, 2048, 2051]","[2048, 2048, 2048, 2048, 2048, 2048, 2048, 2048]",298.0
1288,11315,6,35,2026-06-28T13:45:41.321000+00:00,17.516,32.638,22.138,307.0,212.0,False,72.292,"[None, 2048, 2048, 2048, 2048, 2048]","[2048, 2048, 2048, 2048, 2048, 2048, 2048]","[2048, 2048, 2048, 2048, 2048, 2048, 2048, 2048]",299.0
1288,11315,1,35,2026-06-28T13:45:45.111000+00:00,17.348,32.124,22.075,310.0,205.0,False,71.547,"[None, 2048, 2048, 2048, 2048, 2048]","[2048, 2048, 2048, 2048, 2048, 2048, 2048]","[2049, 2048, 2048, 2048, 2048, 2048, 2048, 2048]",303.0
1288,11315,14,34,2026-06-28T13:45:53.212000+00:00,18.209,33.801,23.429,284.0,201.0,False,75.439,"[None, 2048, 2048, 2048, 2048, 2048]","[2048, 2048, 2048, 2048, 2048, 2048, 2048]","[2048, 2048, 2048, 2048, 2048, 2048, 2048, 2048]",283.0
1288,11315,18,34,2026-06-28T13:45:57.186000+00:00,17.92,33.159,23.145,297.0,203.0,False,74.224,"[None, 2048, 2048, 2049, 2048, 2048]","[2048, 2048, 2048, 2048, 2048, 2048, 2048]","[2048, 2048, 2048, 2048, 2048, 2048, 2048, 2048]",284.0
1288,11315,41,35,2026-06-28T13:46:02.225000+00:00,17.53,32.977,22.456,307.0,211.0,False,72.963,"[None, 2048, 2048, 2048, 2048, 2048]","[2048, 2048, 2048, 2048, 2048, 2048, 2048]","[2048, 2048, 2048, 2048, 2048, 2048, 2048, 2048]",300.0
1288,11315,30,35,2026-06-28T13:46:03.258000+00:00,17.518,32.956,22.561,306.0,211.0,False,73.035,"[None, 2048, 2048, 2048, 2048, 2048]","[2048, 2048, 2048, 2048, 2048, 2048, 2048]","[2048, 2048, 2048, 2048, 2048, 2048, 2048, 2048]",304.0
1288,11315,5,35,2026-06-28T13:46:07.918000+00:00,17.758,32.843,22.765,305.0,211.0,False,73.366,"[None, 2048, 2048, 2048, 2048, 2048]","[2048, 2048, 2048, 2048, 2048, 2048, 2048]","[2048, 2048, 2048, 2048, 2048, 2048, 2048, 2048]",297.0
1288,11315,10,35,2026-06-28T13:46:17.241000+00:00,17.825,33.133,22.791,309.0,201.0,False,73.749,"[None, 2048, 2048, 2048, 2048, 2048]","[2048, 2048, 2048, 2048, 2048, 2048, 2048]","[2048, 2048, 2048, 2048, 2048, 2048, 2048, 2048]",301.0
1288,11315,27,35,2026-06-28T13:46:25.117000+00:00,17.681,32.435,22.547,,213.0,False,72.663,"[None, 2048, 2048, 2048, 2048, 2048]","[2048, 2048, 2048, 2048, 2048, 2048, 2048]","[2048, 2048, 2048, 2048, 2048, 2048, 2048, 2048]",295.0
1288,11315,87,35,2026-06-28T13:46:29.376000+00:00,17.642,32.964,22.555,305.0,206.0,False,73.161,"[None, 2049, 2048, 2048, 2048, 2048]","[2048, 2048, 2048, 2048, 2048, 2048, 2048]","[2048, 2048, 2048, 2048, 2049, 2048, 2048, 2048]",295.0
1288,11315,63,36,2026-06-28T13:46:32.225000+00:00,17.505,33.056,22.154,302.0,207.0,False,72.715,"[None, 2048, 2048, 2048, 2048, 2048]","[2048, 2048, 2048, 2048, 2048, 2048, 2048]","[2048, 2048, 2048, 2048, 2048, 2048, 2048, 2048]",293.0
1288,11315,3,36,2026-06-28T13:46:35.429000+00:00,17.367,32.296,22.268,311.0,211.0,False,71.931,"[None, 2048, 2048, 2048, 2048, 2048]","[2048, 2048, 2048, 2048, 2048, 2048, 2048]","[2048, 2048, 2048, 2048, 2048, 2048, 2048, 2048]",301.0
1288,11315,43,35,2026-06-28T13:46:38.320000+00:00,17.737,32.763,22.765,309.0,201.0,False,73.265,"[None, 2048, 2048, 2048, 2048, 2048]","[2048, 2048, 2048, 2048, 2048, 2048, 2048]","[2048, 2048, 2048, 2048, 2048, 2048, 2048, 2048]",302.0
1288,11315,23,35,2026-06-28T13:46:41.784000+00:00,17.744,34.281,22.988,304.0,198.0,False,75.013,"[None, 2048, 2048, 2048, 2048, 2048]","[2048, 2048, 2048, 2048, 2048, 2048, 2048]","[2048, 2048, 2048, 2048, 2048, 2048, 2048, 2048]",298.0
1288,11315,12,36,2026-06-28T13:46:43.798000+00:00,17.288,32.164,21.808,309.0,206.0,False,71.26,"[None, 2048, 2048, 2048, 2048, 2048]","[2048, 2048, 2048, 2048, 2048, 2049, 2048]","[2048, 2048, 2048, 2048, 2049, 2051, 2048, 2048]",306.0
1288,11315,16,36,2026-06-28T13:46:48.594000+00:00,17.608,32.544,22.436,307.0,204.0,False,72.588,"[None, 2048, 2048, 2048, 2048, 2048]","[2048, 2048, 2048, 2048, 2048, 2048, 2048]","[2048, 2048, 2048, 2048, 2048, 2048, 2048, 2048]",292.0
1288,11315,81,36,2026-06-28T13:46:49.268000+00:00,17.57,32.472,22.276,318.0,199.0,False,72.318,"[None, 2048, 2048, 2048, 2048, 2048]","[2048, 2048, 2048, 2048, 2048, 2049, 2048]","[2048, 2048, 2048, 2048, 2048, 2048, 2048, 2049]",312.0
1288,11315,44,36,2026-06-28T13:46:50.019000+00:00,17.315,32.59,22.225,310.0,207.0,False,72.13,"[None, 2048, 2048, 2048, 2048, 2048]","[2048, 2048, 2048, 2048, 2048, 2048, 2048]","[2048, 2049, 2048, 2048, 2048, 2048, 2048, 2048]",283.0
1288,11315,6,36,2026-06-28T13:46:53.668000+00:00,17.539,32.678,22.345,305.0,209.0,False,72.562,"[None, 2048, 2048, 2048, 2048, 2048]","[2048, 2048, 2048, 2048, 2048, 2048, 2048]","[2048, 2048, 2048, 2048, 2048, 2048, 2048, 2048]",298.0
1288,11315,1,36,2026-06-28T13:46:56.714000+00:00,17.435,32.261,22.128,,202.0,False,71.824,"[None, 2048, 2048, 2048, 2048, 2048]","[2048, 2048, 2048, 2048, 2048, 2048, 2048]","[2048, 2048, 2048, 2048, 2048, 2048, 2048, 2048]",304.0
1288,11315,31,35,2026-06-28T13:46:59.489000+00:00,17.554,32.732,22.775,306.0,206.0,False,73.061,"[2049, 2048, 2048, 2048, 2048, 2048]","[2048, 2048, 2048, 2048, 2048, 2048, 2048]","[2048, 2048, 2048, 2048, 2048, 2048, 2048, 2048]",294.0
1288,11315,14,35,2026-06-28T13:47:08.697000+00:00,18.298,33.896,23.438,289.0,200.0,False,75.632,"[None, 2048, 2048, 2048, 2048, 2048]","[2048, 2048, 2048, 2048, 2048, 2048, 2048]","[2048, 2048, 2048, 2048, 2048, 2048, 2048, 2048]",283.0
1288,11315,18,35,2026-06-28T13:47:11.414000+00:00,17.94,33.135,23.28,,202.0,False,74.355,"[None, 2048, 2048, 2048, 2048, 2048]","[2048, 2048, 2049, 2048, 2048, 2048, 2048]","[2048, 2048, 2048, 2048, 2048, 2048, 2048]",288.0
1288,11315,41,36,2026-06-28T13:47:15.328000+00:00,17.558,32.86,22.443,305.0,207.0,False,72.861,"[None, 2048, 2048, 2048, 2048, 2048]","[2048, 2048, 2048, 2048, 2048, 2048, 2048]","[2048, 2048, 2048, 2048, 2048, 2048, 2048]",303.0
1288,11315,30,36,2026-06-28T13:47:16.323000+00:00,17.535,32.836,22.589,,210.0,False,72.96,"[None, 2048, 2048, 2048, 2048, 2048]","[2048, 2048, 2048, 2048, 2048, 2048, 2048]","[2048, 2048, 2048, 2048, 2048, 2048, 2048, 2048]",302.0
1288,11315,5,36,2026-06-28T13:47:21.222000+00:00,17.801,32.788,22.663,304.0,211.0,False,73.252,"[None, 2048, 2048, 2048, 2048, 2048]","[2048, 2048, 2048, 2048, 2048, 2048, 2048]","[2048, 2048, 2048, 2048, 2048, 2048, 2048, 2048]",298.0
1288,11315,10,36,2026-06-28T13:47:31.107000+00:00,17.833,33.193,22.901,,200.0,False,73.927,"[None, 2048, 2048, 2048, 2048, 2048]","[2048, 2048, 2048, 2048, 2048, 2048, 2048]","[2048, 2048, 2048, 2048, 2048, 2048, 2048, 2048]",301.0
1288,11315,27,36,2026-06-28T13:47:37.667000+00:00,17.673,32.534,22.585,303.0,212.0,False,72.792,"[None, 2048, 2048, 2048, 2048, 2048]","[2048, 2048, 2048, 2048, 2048, 2048, 2048]","[2048, 2048, 2048, 2048, 2048, 2048, 2048, 2048]",296.0
1288,11315,87,36,2026-06-28T13:47:42.423000+00:00,17.608,32.969,22.826,308.0,205.0,False,73.403,"[None, 2048, 2048, 2048, 2048, 2048]","[2048, 2048, 2048, 2048, 2048, 2048, 2049]","[2048, 2048, 2048, 2048, 2048, 2048, 2048, 2048]",293.0
1288,11315,63,37,2026-06-28T13:47:45.068000+00:00,17.516,32.331,22.296,303.0,204.0,False,72.143,"[None, 2048, 2048, 2048, 2048, 2048]","[2048, 2048, 2048, 2048, 2048, 2048, 2048]","[2048, 2048, 2048, 2048, 2048, 2048, 2048, 2048]",301.0
1288,11315,3,37,2026-06-28T13:47:47.497000+00:00,17.392,32.213,22.204,313.0,211.0,False,71.809,"[None, 2048, 2048, 2048, 2048, 2048]","[2048, 2048, 2048, 2048, 2048, 2048, 2048]","[2048, 2048, 2048, 2048, 2048, 2048, 2048, 2048]",301.0
1288,11315,43,36,2026-06-28T13:47:51.608000+00:00,17.755,32.989,22.83,,201.0,False,73.574,"[None, 2048, 2048, 2048, 2048, 2048]","[2048, 2048, 2048, 2048, 2048, 2048, 2048]","[2048, 2048, 2048, 2048, 2048, 2048, 2048, 2048]",303.0
1288,11315,12,37,2026-06-28T13:47:55.086000+00:00,17.311,32.117,21.899,307.0,204.0,False,71.327,"[None, 2048, 2048, 2048, 2048, 2048]","[2048, 2048, 2048, 2048, 2048, 2048, 2048]","[2048, 2048, 2048, 2048, 2049, 2048, 2048, 2048]",301.0
1288,11315,23,36,2026-06-28T13:47:56.959000+00:00,17.723,33.428,22.98,308.0,195.0,False,74.131,"[2049, 2048, 2048, 2048, 2048, 2048]","[2048, 2048, 2048, 2048, 2048, 2048, 2048]","[2048, 2048, 2048, 2048, 2048, 2048, 2048, 2048]",299.0
1288,11315,16,37,2026-06-28T13:48:01.177000+00:00,17.659,33.744,27.031,,203.0,False,78.434,"[None, 2048, 2048, 2048, 2048, 2048]","[2048, 2048, 2048, 2048, 2048, 2048, 2048]","[2048, 2048, 2048, 2048, 2064, 2064, 2064, 2064]",312.0
1288,11315,81,37,2026-06-28T13:48:01.531000+00:00,17.301,32.833,22.41,346.0,198.0,False,72.544,"[None, 2048, 2048, 2048, 2049, 2049]","[2049, 2048, 2048, 2048, 2048, 2048, 2048]","[2048, 2048, 2048, 2048, 2048, 2048, 2048]",296.0
1288,11315,44,37,2026-06-28T13:48:02.150000+00:00,17.288,32.866,22.398,312.0,207.0,False,72.552,"[None, 2048, 2048, 2048, 2048, 2048]","[2048, 2048, 2048, 2048, 2048, 2048, 2048]","[2048, 2048, 2048, 2048, 2048, 2048, 2048, 2048]",277.0
1288,11315,6,37,2026-06-28T13:48:06.305000+00:00,17.594,32.73,22.375,306.0,209.0,False,72.699,"[None, 2048, 2048, 2048, 2048, 2048]","[2048, 2048, 2048, 2048, 2048, 2048, 2048]","[2048, 2048, 2048, 2048, 2048, 2048, 2048, 2048]",300.0
1288,11315,1,37,2026-06-28T13:48:08.567000+00:00,17.458,32.611,22.276,311.0,203.0,False,72.345,"[None, 2048, 2048, 2048, 2048, 2048]","[2048, 2048, 2048, 2048, 2048, 2048, 2048]","[2048, 2048, 2049, 2048, 2048, 2048, 2048, 2048]",305.0
1288,11315,31,36,2026-06-28T13:48:12.680000+00:00,17.705,32.672,22.793,307.0,208.0,False,73.17,"[2048, 2048, 2048, 2048, 2048, 2048]","[2048, 2048, 2049, 2048, 2048, 2048, 2049]","[2048, 2048, 2048, 2048, 2048, 2048, 2048, 2048]",295.0
1288,11315,14,36,2026-06-28T13:48:24.311000+00:00,18.211,33.85,23.152,286.0,201.0,False,75.213,"[None, 2048, 2048, 2048, 2048, 2048]","[2048, 2048, 2048, 2048, 2048, 2048, 2048]","[2048, 2048, 2048, 2048, 2048, 2048, 2048, 2048]",283.0
1288,11315,18,36,2026-06-28T13:48:25.932000+00:00,17.982,33.398,23.235,,201.0,False,74.615,"[None, 2048, 2048, 2048, 2048, 2048]","[2048, 2048, 2048, 2048, 2048, 2048, 2048]","[2048, 2048, 2048, 2048, 2048, 2048, 2048, 2049]",289.0
1288,11315,41,37,2026-06-28T13:48:28.153000+00:00,17.575,33.047,22.659,,207.0,False,73.281,"[None, 2048, 2048, 2048, 2048, 2048]","[2048, 2048, 2048, 2048, 2048, 2048, 2048]","[2048, 2048, 2048, 2048, 2048, 2048, 2048, 2048]",302.0
1288,11315,30,37,2026-06-28T13:48:29.323000+00:00,17.589,32.943,22.679,307.0,210.0,False,73.211,"[None, 2048, 2048, 2048, 2048, 2048]","[2048, 2048, 2048, 2048, 2048, 2048, 2048]","[2048, 2048, 2048, 2048, 2048, 2048, 2048, 2048]",304.0
1288,11315,5,37,2026-06-28T13:48:34.511000+00:00,17.912,32.912,22.711,,211.0,False,73.535,"[None, 2048, 2048, 2048, 2048, 2048]","[2048, 2048, 2048, 2048, 2048, 2048, 2048]","[2048, 2048, 2048, 2048, 2048, 2048, 2048, 2048]",299.0
1288,11315,10,37,2026-06-28T13:48:45.040000+00:00,17.865,33.078,23.004,,201.0,False,73.947,"[None, 2048, 2048, 2048, 2048, 2048]","[2048, 2048, 2048, 2048, 2048, 2048, 2048]","[2048, 2048, 2048, 2048, 2048, 2048, 2048]",303.0
1288,11315,27,37,2026-06-28T13:48:50.458000+00:00,17.712,32.503,22.532,,212.0,False,72.747,"[None, 2048, 2048, 2048, 2048, 2048]","[2048, 2048, 2048, 2048, 2048, 2048, 2048]","[2048, 2048, 2048, 2048, 2048, 2048, 2048, 2048]",297.0
1288,11315,87,37,2026-06-28T13:48:55.933000+00:00,17.748,34.377,24.143,306.0,203.0,False,76.268,"[None, 2048, 2048, 2048, 2048, 2048]","[2048, 2048, 2048, 2048, 2048, 2048, 2048]","[2048, 2048, 2048, 2048, 2048, 2048, 2048, 2048]",249.0
1288,11315,63,38,2026-06-28T13:48:57.133000+00:00,17.409,32.747,22.209,312.0,204.0,False,72.365,"[None, 2048, 2048, 2048, 2049, 2049]","[2048, 2048, 2048, 2048, 2048, 2048, 2048]","[2048, 2048, 2048, 2048, 2048, 2048, 2048, 2048]",303.0
1288,11315,3,38,2026-06-28T13:48:59.265000+00:00,17.354,32.509,22.296,316.0,213.0,False,72.159,"[None, 2048, 2048, 2048, 2048, 2048]","[2048, 2048, 2048, 2048, 2048, 2048, 2048]","[2048, 2048, 2048, 2048, 2048, 2048, 2048, 2048]",305.0
1288,11315,43,37,2026-06-28T13:49:05.196000+00:00,17.697,34.426,22.906,307.0,201.0,False,75.029,"[None, 2048, 2048, 2048, 2048, 2048]","[2048, 2048, 2048, 2048, 2048, 2048, 2048]","[2048, 2048, 2048, 2048, 2048, 2048, 2048, 2048]",275.0
1288,11315,12,38,2026-06-28T13:49:06.294000+00:00,17.398,32.245,21.952,309.0,206.0,False,71.595,"[None, 2048, 2048, 2048, 2048, 2048]","[2048, 2048, 2048, 2048, 2048, 2048, 2048]","[2048, 2048, 2048, 2048, 2048, 2048, 2048, 2048]",303.0
1288,11315,23,37,2026-06-28T13:49:11.019000+00:00,17.856,33.19,26.994,306.0,200.0,False,78.04,"[2048, 2049, 2048, 2048, 2048, 2048]","[2048, 2048, 2048, 2048, 2048, 2048, 2048]","[2049, 2048, 2048, 2048, 2064, 2064, 2064, 2064]",299.0
1288,11315,81,38,2026-06-28T13:49:14.013000+00:00,17.599,32.438,22.348,306.0,201.0,False,72.385,"[None, 2048, 2048, 2048, 2048, 2048]","[2048, 2048, 2048, 2048, 2048, 2048, 2048]","[2048, 2048, 2048, 2048, 2048, 2048, 2048, 2048]",299.0
1288,11315,44,38,2026-06-28T13:49:14.714000+00:00,17.395,32.52,22.332,309.0,206.0,False,72.247,"[None, 2048, 2048, 2048, 2048, 2048]","[2048, 2048, 2048, 2048, 2048, 2048, 2048]","[2048, 2048, 2048, 2048, 2048, 2048, 2048, 2048]",285.0
1288,11315,6,38,2026-06-28T13:49:18.902000+00:00,17.534,32.533,22.161,312.0,212.0,False,72.228,"[None, 2048, 2048, 2048, 2048, 2048]","[2048, 2048, 2048, 2048, 2048, 2048, 2048]","[2048, 2048, 2048, 2048, 2048, 2048, 2048, 2048]",304.0
1288,11315,16,38,2026-06-28T13:49:19.644000+00:00,34.101,32.181,22.02,305.0,208.0,True,88.302,"[2064, 2064, 2064, 2048, 2048, 2048]","[2048, 2048, 2048, 2048, 2051, 2049, 2048]","[2048, 2049, 2048, 2048, 2048, 2049, 2048, 2048]",294.0
1288,11315,1,38,2026-06-28T13:49:20.835000+00:00,17.381,32.192,22.215,312.0,202.0,False,71.788,"[None, 2049, 2048, 2048, 2048, 2048]","[2048, 2048, 2048, 2048, 2048, 2048, 2048]","[2048, 2048, 2048, 2048, 2048, 2048, 2048, 2048]",307.0
1288,11315,31,37,2026-06-28T13:49:25.801000+00:00,17.614,32.743,22.622,308.0,205.0,False,72.979,"[None, 2048, 2049, 2048, 2048, 2048]","[2048, 2048, 2048, 2048, 2048, 2048, 2049]","[2048, 2048, 2048, 2048, 2048, 2049, 2048, 2048]",296.0
1288,11315,14,37,2026-06-28T13:49:39.486000+00:00,18.189,34.511,24.081,294.0,200.0,False,76.781,"[None, 2048, 2048, 2048, 2048, 2048]","[2048, 2048, 2048, 2048, 2048, 2048, 2048]","[2048, 2048, 2048, 2048, 2048, 2048, 2048, 2048]",283.0
1288,11315,18,37,2026-06-28T13:49:40.358000+00:00,17.674,33.894,23.295,319.0,192.0,False,74.863,"[2049, 2048, 2048, 2048, 2049, 2049]","[2048, 2048, 2048, 2048, 2048, 2048, 2048]","[2048, 2048, 2048, 2048, 2048, 2048, 2048, 2048]",282.0
1288,11315,41,38,2026-06-28T13:49:41.444000+00:00,17.621,33.603,23.18,311.0,205.0,False,74.404,"[None, 2048, 2048, 2048, 2048, 2048]","[2048, 2048, 2048, 2048, 2048, 2048, 2048]","[2048, 2048, 2048, 2048, 2048, 2048, 2048, 2048]",305.0
1288,11315,30,38,2026-06-28T13:49:42.609000+00:00,17.563,33.251,23.301,310.0,209.0,False,74.115,"[None, 2048, 2048, 2048, 2048, 2048]","[2048, 2048, 2048, 2048, 2048, 2048, 2048]","[2048, 2048, 2048, 2048, 2048, 2048, 2048, 2048]",305.0
1288,11315,5,38,2026-06-28T13:49:48.001000+00:00,17.884,32.945,22.708,303.0,210.0,False,73.537,"[None, 2048, 2048, 2048, 2048, 2048]","[2048, 2048, 2048, 2048, 2048, 2048, 2048]","[2048, 2048, 2048, 2048, 2048, 2048, 2048, 2048]",299.0
1288,11315,10,38,2026-06-28T13:49:58.878000+00:00,17.831,33.162,27.058,,200.0,False,78.051,"[None, 2048, 2048, 2048, 2048, 2048]","[2048, 2048, 2048, 2048, 2048, 2048, 2048]","[2048, 2048, 2048, 2048, 2064, 2064, 2064, 2064]",315.0
1288,11315,27,38,2026-06-28T13:50:03.243000+00:00,17.742,32.624,22.593,,210.0,False,72.959,"[None, 2048, 2048, 2048, 2048, 2048]","[2048, 2048, 2048, 2048, 2048, 2048, 2048]","[2048, 2048, 2048, 2048, 2048, 2048, 2048, 2048]",297.0
1288,11315,63,39,2026-06-28T13:50:09.499000+00:00,17.472,32.949,22.195,308.0,206.0,False,72.616,"[None, 2048, 2048, 2048, 2048, 2048]","[2048, 2048, 2048, 2048, 2048, 2049, 2048]","[2048, 2048, 2048, 2048, 2048, 2048, 2048, 2048]",300.0
1288,11315,3,39,2026-06-28T13:50:11.390000+00:00,17.575,32.458,22.212,315.0,210.0,False,72.245,"[None, 2048, 2048, 2048, 2048, 2048]","[2048, 2048, 2048, 2048, 2048, 2048, 2048]","[2048, 2048, 2048, 2048, 2048, 2048, 2048, 2048]",306.0
1288,11315,87,38,2026-06-28T13:50:12.145000+00:00,17.715,33.409,22.956,314.0,204.0,False,74.08,"[None, 2048, 2048, 2048, 2048, 2048]","[2048, 2048, 2048, 2048, 2048, 2048, 2048]","[2048, 2048, 2048, 2048, 2048, 2048, 2048, 2048]",302.0
1288,11315,12,39,2026-06-28T13:50:17.956000+00:00,17.571,32.225,21.848,307.0,205.0,False,71.644,"[None, 2048, 2048, 2048, 2048, 2048]","[2048, 2048, 2048, 2048, 2048, 2049, 2048]","[2048, 2048, 2048, 2048, 2048, 2048, 2048, 2048]",302.0
1288,11315,43,38,2026-06-28T13:50:20.112000+00:00,17.691,33.075,22.876,310.0,200.0,False,73.642,"[None, 2048, 2048, 2048, 2048, 2048]","[2048, 2048, 2048, 2048, 2048, 2048, 2048]","[2048, 2048, 2048, 2048, 2048, 2048, 2048, 2048]",305.0
1288,11315,81,39,2026-06-28T13:50:26.603000+00:00,17.497,32.408,22.119,307.0,201.0,False,72.024,"[None, 2048, 2048, 2048, 2048, 2048]","[2048, 2048, 2048, 2048, 2048, 2048, 2048]","[2048, 2048, 2048, 2048, 2049, 2048, 2048, 2048]",302.0
1288,11315,44,39,2026-06-28T13:50:27.051000+00:00,17.278,32.725,22.503,322.0,206.0,False,72.506,"[None, 2048, 2048, 2048, 2048, 2048]","[2048, 2048, 2048, 2048, 2048, 2048, 2048]","[2048, 2048, 2048, 2048, 2048, 2048, 2048, 2048]",301.0
1288,11315,23,38,2026-06-28T13:50:29.255000+00:00,35.014,34.132,22.764,306.0,204.0,True,91.91,"[2064, 2064, 2064, 2048, 2048, 2048]","[2048, 2048, 2048, 2048, 2048, 2049, 2049]","[2049, 2048, 2048, 2048, 2049, 2048, 2048, 2048]",223.0
1288,11315,6,39,2026-06-28T13:50:31.210000+00:00,17.577,32.673,22.193,313.0,209.0,False,72.443,"[None, 2048, 2048, 2048, 2048, 2048]","[2048, 2048, 2048, 2048, 2048, 2048, 2048]","[2048, 2048, 2048, 2048, 2048, 2048, 2048, 2048]",305.0
1288,11315,1,39,2026-06-28T13:50:32.708000+00:00,17.454,32.54,22.235,314.0,203.0,False,72.229,"[None, 2048, 2048, 2048, 2048, 2048]","[2049, 2048, 2048, 2048, 2048, 2048, 2048]","[2048, 2048, 2048, 2048, 2048, 2048, 2048, 2048]",307.0
1288,11315,31,38,2026-06-28T13:50:38.822000+00:00,17.65,32.766,22.859,307.0,206.0,False,73.275,"[None, 2049, 2048, 2048, 2048, 2048]","[2048, 2048, 2048, 2048, 2048, 2048, 2048]","[2048, 2048, 2048, 2048, 2048, 2048, 2048]",293.0
1288,11315,16,39,2026-06-28T13:50:47.984000+00:00,17.33,32.107,22.174,311.0,206.0,False,71.611,"[2048, 2048, 2049, 2049, 2048, 2048]","[2048, 2048, 2048, 2048, 2048, 2048, 2048]","[2048, 2048, 2048, 2048, 2049, 2048, 2048, 2048]",288.0
1288,11315,18,38,2026-06-28T13:50:55.220000+00:00,18.946,35.054,23.36,299.0,201.0,False,77.36,"[2048, 2048, 2048, 2048, 2048, 2048]","[2048, 2048, 2048, 2048, 2048, 2048, 2048]","[2048, 2048, 2048, 2048, 2048, 2048, 2048, 2048]",260.0
1288,11315,41,39,2026-06-28T13:50:55.848000+00:00,18.045,32.944,22.368,301.0,209.0,False,73.357,"[None, 2048, 2048, 2048, 2048, 2048]","[2048, 2048, 2048, 2048, 2048, 2048, 2048]","[2048, 2048, 2048, 2048, 2048, 2048, 2048, 2048]",304.0
1288,11315,14,38,2026-06-28T13:50:56.264000+00:00,18.423,34.989,23.549,275.0,202.0,False,76.961,"[None, 2048, 2048, 2048, 2048, 2048]","[2048, 2048, 2048, 2048, 2048, 2048, 2048]","[2048, 2048, 2048, 2048, 2048, 2048, 2048, 2049]",286.0
1288,11315,30,39,2026-06-28T13:50:56.706000+00:00,18.085,33.862,22.52,303.0,209.0,False,74.467,"[None, 2048, 2048, 2048, 2048, 2048]","[2048, 2048, 2048, 2048, 2048, 2048, 2048]","[2048, 2048, 2048, 2048, 2048, 2048, 2048, 2049]",302.0
1288,11315,5,39,2026-06-28T13:51:01.569000+00:00,17.826,32.782,22.747,304.0,212.0,False,73.355,"[None, 2048, 2048, 2048, 2048, 2048]","[2048, 2048, 2048, 2048, 2048, 2048, 2048]","[2048, 2048, 2048, 2048, 2048, 2048, 2048, 2048]",299.0
1288,11315,27,39,2026-06-28T13:51:16.203000+00:00,17.796,32.709,22.483,302.0,211.0,False,72.988,"[None, 2048, 2048, 2048, 2048, 2048]","[2048, 2048, 2048, 2048, 2048, 2048, 2048]","[2048, 2048, 2048, 2048, 2048, 2048, 2048, 2048]",296.0
1288,11315,10,39,2026-06-28T13:51:17.022000+00:00,33.938,32.652,22.747,303.0,203.0,True,89.337,"[2064, 2064, 2064, 2048, 2048, 2048]","[2048, 2048, 2048, 2048, 2048, 2049, 2048]","[2048, 2049, 2048, 2048, 2048, 2048, 2048, 2048]",300.0
1288,11315,63,40,2026-06-28T13:51:22.111000+00:00,17.543,32.534,22.157,307.0,205.0,False,72.234,"[None, 2048, 2048, 2048, 2048, 2048]","[2048, 2048, 2048, 2048, 2048, 2048, 2048]","[2048, 2048, 2048, 2048, 2048, 2048, 2048, 2048]",302.0
1288,11315,3,40,2026-06-28T13:51:23.722000+00:00,17.457,32.406,22.269,316.0,210.0,False,72.132,"[None, 2048, 2048, 2048, 2048, 2048]","[2048, 2048, 2048, 2048, 2048, 2048, 2048]","[2048, 2048, 2048, 2048, 2048, 2048, 2048, 2048]",304.0
1288,11315,87,39,2026-06-28T13:51:26.210000+00:00,17.752,33.312,22.94,306.0,203.0,False,74.004,"[None, 2048, 2048, 2048, 2048, 2048]","[2048, 2048, 2048, 2048, 2048, 2048, 2048]","[2048, 2048, 2048, 2048, 2048, 2048, 2048, 2048]",296.0
1288,11315,12,40,2026-06-28T13:51:29.575000+00:00,17.389,33.183,22.027,308.0,203.0,False,72.599,"[None, 2048, 2048, 2048, 2048, 2048]","[2048, 2048, 2048, 2048, 2048, 2049, 2048]","[2048, 2048, 2048, 2048, 2048, 2048, 2048, 2048]",301.0
1288,11315,43,39,2026-06-28T13:51:33.855000+00:00,17.936,33.267,22.845,311.0,200.0,False,74.048,"[None, 2048, 2048, 2048, 2048, 2048]","[2048, 2048, 2048, 2048, 2048, 2048, 2048]","[2048, 2048, 2048, 2048, 2048, 2048, 2048, 2048]",307.0
1288,11315,81,40,2026-06-28T13:51:38.586000+00:00,17.484,32.369,22.164,310.0,202.0,False,72.017,"[None, 2048, 2048, 2048, 2048, 2048]","[2048, 2048, 2048, 2048, 2048, 2048, 2048]","[2048, 2048, 2048, 2048, 2049, 2048, 2048, 2048]",303.0
1288,11315,44,40,2026-06-28T13:51:39.597000+00:00,17.377,32.628,22.154,304.0,206.0,False,72.159,"[None, 2048, 2048, 2048, 2048, 2048]","[2048, 2048, 2048, 2048, 2048, 2048, 2048]","[2048, 2048, 2048, 2048, 2048, 2048, 2048, 2048]",283.0
1288,11315,6,40,2026-06-28T13:51:43.599000+00:00,17.49,32.615,25.692,311.0,210.0,False,75.797,"[None, 2048, 2048, 2048, 2048, 2048]","[2048, 2048, 2048, 2048, 2048, 2048, 2048]","[2048, 2048, 2051, 2048, 2064, 2064, 2064, 2064]",304.0
1288,11315,1,40,2026-06-28T13:51:44.900000+00:00,17.461,32.325,22.292,,203.0,False,72.078,"[None, 2048, 2048, 2048, 2048, 2048]","[2048, 2048, 2048, 2048, 2048, 2048, 2048]","[2048, 2048, 2048, 2048, 2048, 2049, 2048, 2048]",308.0
1288,11315,31,39,2026-06-28T13:51:51.904000+00:00,17.652,32.664,22.778,,207.0,False,73.094,"[None, 2048, 2048, 2048, 2048, 2048]","[2048, 2048, 2048, 2048, 2048, 2048, 2048]","[2048, 2048, 2048, 2048, 2049, 2048, 2048, 2048]",293.0
1288,11315,16,40,2026-06-28T13:51:59.490000+00:00,17.421,32.258,22.022,305.0,204.0,False,71.701,"[None, 2048, 2048, 2048, 2048, 2048]","[2048, 2048, 2048, 2048, 2048, 2048, 2048]","[2048, 2048, 2048, 2048, 2049, 2048, 2049, 2048]",288.0
1288,11315,23,39,2026-06-28T13:52:01.032000+00:00,17.599,32.824,22.779,304.0,200.0,False,73.202,"[2048, 2048, 2049, 2049, 2048, 2048]","[2048, 2048, 2048, 2048, 2049, 2048, 2048]","[2048, 2048, 2048, 2049, 2049, 2048, 2048, 2048]",303.0
1288,11315,41,40,2026-06-28T13:52:09.209000+00:00,17.547,33.002,22.648,305.0,209.0,False,73.197,"[None, 2049, 2048, 2048, 2048, 2048]","[2048, 2048, 2048, 2048, 2048, 2048, 2048]","[2048, 2048, 2048, 2048, 2048, 2048, 2048, 2048]",299.0
1288,11315,30,40,2026-06-28T13:52:11.130000+00:00,17.544,32.923,22.651,304.0,211.0,False,73.118,"[None, 2048, 2048, 2048, 2048, 2048]","[2048, 2048, 2048, 2048, 2048, 2048, 2048]","[2048, 2048, 2048, 2048, 2048, 2048, 2048, 2048]",299.0
1288,11315,18,39,2026-06-28T13:52:12.580000+00:00,18.025,33.4,23.194,,200.0,False,74.619,"[None, 2048, 2048, 2049, 2048, 2048]","[2048, 2048, 2048, 2048, 2048, 2048, 2048]","[2048, 2048, 2048, 2048, 2048, 2048, 2048, 2048]",284.0
1288,11315,14,39,2026-06-28T13:52:13.232000+00:00,17.851,33.542,23.314,313.0,201.0,False,74.707,"[2049, 2048, 2048, 2048, 2049, 2049]","[2048, 2048, 2048, 2048, 2048, 2049, 2048]","[2048, 2048, 2048, 2048, 2048, 2048, 2048, 2048]",293.0
1288,11315,5,40,2026-06-28T13:52:14.988000+00:00,17.707,33.152,22.967,309.0,207.0,False,73.826,"[None, 2048, 2048, 2048, 2048, 2048]","[2048, 2048, 2048, 2048, 2048, 2048, 2048]","[2048, 2048, 2048, 2048, 2048, 2048, 2048, 2048]",301.0
1288,11315,27,40,2026-06-28T13:52:29.193000+00:00,17.639,32.583,22.535,,213.0,False,72.757,"[None, 2048, 2048, 2048, 2048, 2048]","[2048, 2048, 2048, 2048, 2048, 2048, 2048]","[2048, 2048, 2048, 2048, 2048, 2048, 2048, 2048]",295.0
1288,11315,63,41,2026-06-28T13:52:34.362000+00:00,17.483,32.335,22.117,308.0,203.0,False,71.935,"[None, 2048, 2048, 2048, 2048, 2048]","[2048, 2048, 2048, 2048, 2048, 2048, 2048]","[2048, 2048, 2048, 2048, 2048, 2048, 2048, 2048]",299.0
1288,11315,3,41,2026-06-28T13:52:35.746000+00:00,17.31,32.356,22.226,,209.0,False,71.892,"[None, 2048, 2048, 2048, 2048, 2048]","[2048, 2048, 2048, 2048, 2048, 2048, 2048]","[2048, 2048, 2049, 2048, 2048, 2048, 2048, 2048]",310.0
1288,11315,87,40,2026-06-28T13:52:40.241000+00:00,17.662,33.138,24.428,307.0,203.0,False,75.228,"[None, 2048, 2048, 2048, 2048, 2048]","[2048, 2048, 2048, 2048, 2048, 2048, 2048]","[2048, 2048, 2048, 2048, 2048, 2048, 2048, 2048]",295.0
1288,11315,12,41,2026-06-28T13:52:42.213000+00:00,17.383,32.657,22.091,314.0,204.0,False,72.131,"[None, 2048, 2048, 2048, 2048, 2048]","[2048, 2048, 2048, 2048, 2048, 2049, 2048]","[2048, 2048, 2048, 2048, 2048, 2048, 2048, 2048]",303.0
1288,11315,10,40,2026-06-28T13:52:46.383000+00:00,17.611,32.318,22.33,313.0,204.0,False,72.259,"[2048, 2049, 2048, 2048, 2048, 2048]","[2048, 2048, 2048, 2048, 2049, 2049, 2048]","[2049, 2049, 2048, 2048, 2049, 2049, 2048, 2048]",305.0
1288,11315,43,40,2026-06-28T13:52:47.935000+00:00,17.82,33.08,22.711,313.0,202.0,False,73.611,"[None, 2048, 2048, 2048, 2048, 2048]","[2048, 2048, 2048, 2048, 2048, 2048, 2048]","[2048, 2048, 2048, 2048, 2048, 2048, 2048, 2048]",304.0
1288,11315,81,41,2026-06-28T13:52:50.561000+00:00,17.406,32.424,22.286,312.0,200.0,False,72.116,"[None, 2048, 2048, 2048, 2048, 2048]","[2048, 2048, 2048, 2048, 2048, 2048, 2048]","[2048, 2048, 2048, 2048, 2048, 2048, 2048, 2048]",305.0
1288,11315,44,41,2026-06-28T13:52:51.944000+00:00,17.395,32.435,22.353,307.0,206.0,False,72.183,"[None, 2048, 2048, 2048, 2048, 2048]","[2048, 2048, 2048, 2048, 2048, 2048, 2048]","[2048, 2048, 2048, 2048, 2048, 2048, 2048, 2048]",289.0
1288,11315,1,41,2026-06-28T13:52:56.934000+00:00,17.479,32.446,22.209,311.0,201.0,False,72.134,"[None, 2048, 2048, 2048, 2048, 2048]","[2048, 2048, 2048, 2048, 2048, 2048, 2048]","[2048, 2048, 2048, 2048, 2048, 2048, 2048, 2048]",303.0
1288,11315,6,41,2026-06-28T13:52:59.569000+00:00,33.745,32.205,21.808,312.0,215.0,True,87.758,"[2064, 2064, 2064, 2048, 2048, 2048]","[2048, 2048, 2048, 2048, 2049, 2049, 2048]","[2048, 2051, 2048, 2049, 2049, 2048, 2048, 2048]",305.0
1288,11315,31,40,2026-06-28T13:53:05.139000+00:00,17.634,32.735,22.78,,206.0,False,73.149,"[None, 2048, 2049, 2048, 2048, 2048]","[2048, 2048, 2048, 2048, 2048, 2048, 2048]","[2048, 2048, 2048, 2048, 2048, 2048, 2048, 2048]",292.0
1288,11315,16,41,2026-06-28T13:53:11.214000+00:00,17.306,31.886,21.863,307.0,208.0,False,71.055,"[None, 2048, 2049, 2049, 2048, 2048]","[2049, 2048, 2048, 2048, 2048, 2048, 2049]","[2049, 2049, 2048, 2049, 2051, 2049, 2049, 2048]",289.0
1288,11315,23,40,2026-06-28T13:53:14.284000+00:00,17.542,32.722,23.71,309.0,200.0,False,73.974,"[None, 2048, 2048, 2048, 2048, 2048]","[2048, 2048, 2048, 2048, 2049, 2048, 2048]","[2048, 2048, 2048, 2048, 2048, 2048, 2048, 2048]",300.0
1288,11315,41,41,2026-06-28T13:53:22.472000+00:00,17.597,33.171,22.609,,208.0,False,73.377,"[None, 2048, 2048, 2048, 2048, 2048]","[2048, 2048, 2048, 2048, 2048, 2048, 2048]","[2048, 2048, 2048, 2048, 2048, 2048, 2048, 2048]",299.0
1288,11315,30,41,2026-06-28T13:53:24.237000+00:00,17.559,32.926,22.583,307.0,210.0,False,73.068,"[None, 2048, 2048, 2048, 2048, 2048]","[2048, 2048, 2048, 2048, 2048, 2048, 2048]","[2048, 2048, 2048, 2048, 2048, 2048, 2048, 2048]",304.0
1288,11315,18,40,2026-06-28T13:53:27.307000+00:00,17.929,33.41,23.245,,201.0,False,74.584,"[None, 2049, 2048, 2048, 2048, 2048]","[2048, 2048, 2048, 2048, 2048, 2048, 2048]","[2048, 2048, 2048, 2048, 2048, 2048, 2048, 2048]",286.0
1288,11315,14,40,2026-06-28T13:53:28.007000+00:00,18.439,33.949,22.995,242.0,201.0,False,75.383,"[2048, 2048, 2048, 2048, 2048, 2048]","[2048, 2048, 2048, 2048, 2048, 2048, 2048]","[2048, 2048, 2049, 2048, 2048, 2048, 2048, 2049]",292.0
1288,11315,5,41,2026-06-28T13:53:28.711000+00:00,17.658,33.256,22.816,315.0,209.0,False,73.73,"[None, 2048, 2048, 2048, 2049, 2049]","[2048, 2048, 2048, 2048, 2048, 2048, 2048]","[2048, 2048, 2049, 2048, 2048, 2048, 2048, 2048]",293.0
1288,11315,27,41,2026-06-28T13:53:42.061000+00:00,17.66,32.827,22.609,304.0,212.0,False,73.096,"[None, 2048, 2048, 2048, 2048, 2048]","[2048, 2048, 2048, 2048, 2048, 2048, 2048]","[2048, 2048, 2048, 2048, 2048, 2048, 2048, 2048]",294.0
1288,11315,63,42,2026-06-28T13:53:46.410000+00:00,17.384,32.631,22.21,309.0,202.0,False,72.225,"[None, 2048, 2048, 2048, 2048, 2048]","[2048, 2048, 2048, 2048, 2048, 2048, 2048]","[2048, 2048, 2048, 2048, 2048, 2048, 2048, 2048]",300.0
1288,11315,3,42,2026-06-28T13:53:47.675000+00:00,17.477,32.254,22.437,317.0,210.0,False,72.168,"[None, 2048, 2048, 2048, 2048, 2048]","[2048, 2048, 2048, 2048, 2048, 2048, 2048]","[2048, 2048, 2048, 2048, 2048, 2048, 2048, 2048]",303.0
1288,11315,12,42,2026-06-28T13:53:54.340000+00:00,17.378,32.234,21.895,309.0,205.0,False,71.507,"[None, 2048, 2048, 2048, 2048, 2048]","[2048, 2048, 2048, 2048, 2048, 2049, 2048]","[2048, 2048, 2048, 2048, 2048, 2048, 2048, 2048]",301.0
1288,11315,87,41,2026-06-28T13:53:55.580000+00:00,17.619,33.27,22.95,319.0,203.0,False,73.839,"[None, 2048, 2048, 2048, 2048, 2048]","[2049, 2048, 2048, 2048, 2048, 2048, 2048]","[2048, 2048, 2048, 2048, 2048, 2048, 2048, 2048]",296.0
1288,11315,10,41,2026-06-28T13:53:58.652000+00:00,17.545,32.248,22.498,312.0,205.0,False,72.291,"[None, 2048, 2048, 2048, 2048, 2048]","[2048, 2049, 2048, 2048, 2048, 2048, 2048]","[2048, 2048, 2048, 2048, 2049, 2048, 2048, 2048]",305.0
1288,11315,43,41,2026-06-28T13:54:01.529000+00:00,17.676,35.494,23.169,312.0,197.0,False,76.339,"[None, 2048, 2048, 2048, 2048, 2048]","[2048, 2048, 2048, 2048, 2048, 2048, 2048]","[2048, 2048, 2048, 2048, 2048, 2048, 2048, 2048]",292.0
1288,11315,81,42,2026-06-28T13:54:02.655000+00:00,17.391,32.496,26.594,314.0,202.0,False,76.481,"[None, 2048, 2048, 2048, 2048, 2048]","[2048, 2048, 2048, 2048, 2048, 2048, 2048]","[2048, 2048, 2048, 2048, 2064, 2064, 2064, 2064]",302.0
1288,11315,44,42,2026-06-28T13:54:03.844000+00:00,17.392,32.681,26.421,306.0,206.0,False,76.494,"[None, 2048, 2048, 2048, 2048, 2048]","[2048, 2048, 2048, 2048, 2048, 2048, 2048]","[2048, 2048, 2048, 2048, 2064, 2064, 2064, 2064]",289.0
1288,11315,1,42,2026-06-28T13:54:09.106000+00:00,17.382,32.187,22.177,,203.0,False,71.746,"[None, 2049, 2048, 2048, 2048, 2048]","[2048, 2048, 2048, 2048, 2048, 2048, 2048]","[2048, 2048, 2048, 2048, 2048, 2048, 2048, 2048]",303.0
1288,11315,31,41,2026-06-28T13:54:18.284000+00:00,17.752,32.914,22.899,,205.0,False,73.565,"[None, 2048, 2048, 2048, 2048, 2048]","[2049, 2048, 2048, 2048, 2048, 2048, 2048]","[2048, 2048, 2048, 2048, 2048, 2048, 2048, 2048]",291.0
1288,11315,16,42,2026-06-28T13:54:22.286000+00:00,17.371,31.788,21.757,308.0,208.0,False,70.916,"[None, 2048, 2048, 2048, 2048, 2048]","[2048, 2049, 2048, 2048, 2051, 2049, 2048]","[2049, 2048, 2048, 2049, 2051, 2048, 2048, 2049]",292.0
1288,11315,6,42,2026-06-28T13:54:27.160000+00:00,17.278,31.951,21.718,311.0,214.0,False,70.947,"[2048, 2048, 2048, 2048, 2048, 2048]","[2048, 2048, 2048, 2048, 2048, 2048, 2048]","[2049, 2048, 2048, 2049, 2048, 2049, 2049, 2048]",302.0
1288,11315,23,41,2026-06-28T13:54:28.191000+00:00,17.593,32.814,22.756,313.0,199.0,False,73.163,"[None, 2048, 2048, 2048, 2048, 2048]","[2048, 2048, 2048, 2048, 2048, 2049, 2048]","[2048, 2048, 2048, 2049, 2049, 2048, 2048, 2048]",307.0
1288,11315,41,42,2026-06-28T13:54:35.935000+00:00,17.609,33.389,22.603,,207.0,False,73.601,"[None, 2048, 2048, 2048, 2048, 2048]","[2048, 2048, 2048, 2048, 2048, 2048, 2048]","[2048, 2048, 2048, 2048, 2048, 2048, 2048, 2048]",303.0
1288,11315,30,42,2026-06-28T13:54:37.355000+00:00,17.545,33.084,22.65,309.0,209.0,False,73.279,"[None, 2048, 2048, 2048, 2048, 2048]","[2048, 2048, 2048, 2048, 2048, 2048, 2048]","[2048, 2048, 2048, 2048, 2048, 2048, 2048, 2048]",304.0
1288,11315,18,41,2026-06-28T13:54:41.876000+00:00,18.061,34.651,23.328,266.0,202.0,False,76.04,"[None, 2048, 2048, 2048, 2048, 2048]","[2048, 2048, 2048, 2048, 2048, 2048, 2048]","[2048, 2048, 2048, 2048, 2048, 2048, 2048, 2048]",286.0
1288,11315,5,42,2026-06-28T13:54:42.508000+00:00,17.758,33.666,22.786,302.0,208.0,False,74.21,"[None, 2048, 2048, 2048, 2048, 2048]","[2048, 2048, 2048, 2048, 2048, 2048, 2048]","[2048, 2048, 2048, 2048, 2048, 2048, 2048, 2048]",289.0
1288,11315,14,41,2026-06-28T13:54:43.411000+00:00,17.733,33.852,23.411,311.0,202.0,False,74.996,"[None, 2048, 2048, 2048, 2048, 2048]","[2048, 2048, 2048, 2048, 2048, 2048, 2048]","[2048, 2048, 2048, 2048, 2048, 2048, 2048, 2048]",292.0
1288,11315,27,42,2026-06-28T13:54:55.113000+00:00,17.67,32.715,22.506,302.0,212.0,False,72.891,"[None, 2048, 2048, 2048, 2048, 2048]","[2048, 2048, 2048, 2048, 2048, 2048, 2048]","[2048, 2048, 2048, 2049, 2048, 2048, 2048, 2048]",295.0
1288,11315,63,43,2026-06-28T13:54:58.506000+00:00,17.375,32.469,26.364,311.0,203.0,False,76.208,"[None, 2048, 2048, 2048, 2048, 2048]","[2048, 2048, 2048, 2048, 2048, 2048, 2048]","[2048, 2048, 2048, 2048, 2064, 2064, 2064, 2064]",302.0
1288,11315,3,43,2026-06-28T13:54:59.893000+00:00,17.356,32.402,22.329,,209.0,False,72.087,"[None, 2048, 2048, 2048, 2048, 2048]","[2048, 2048, 2048, 2048, 2048, 2048, 2048]","[2048, 2048, 2049, 2048, 2048, 2048, 2048, 2048]",308.0
1288,11315,12,43,2026-06-28T13:55:05.995000+00:00,17.434,32.249,22.008,306.0,205.0,False,71.691,"[None, 2048, 2048, 2048, 2048, 2048]","[2048, 2048, 2048, 2048, 2048, 2049, 2048]","[2048, 2048, 2048, 2048, 2048, 2048, 2048, 2048]",301.0
1288,11315,87,42,2026-06-28T13:55:09.426000+00:00,17.521,33.172,23.015,307.0,207.0,False,73.708,"[None, 2049, 2048, 2048, 2048, 2048]","[2048, 2048, 2048, 2048, 2048, 2048, 2048]","[2048, 2048, 2048, 2048, 2048, 2048, 2048, 2048]",295.0
1288,11315,10,42,2026-06-28T13:55:11+00:00,17.443,32.375,22.765,313.0,203.0,False,72.583,"[None, 2049, 2048, 2048, 2048, 2048]","[2048, 2049, 2048, 2048, 2048, 2048, 2048]","[2048, 2048, 2048, 2048, 2048, 2048, 2048, 2049]",307.0
1288,11315,43,42,2026-06-28T13:55:17.926000+00:00,17.732,33.086,22.781,307.0,201.0,False,73.599,"[None, 2048, 2048, 2048, 2048, 2048]","[2048, 2048, 2048, 2048, 2048, 2048, 2048]","[2048, 2048, 2048, 2048, 2048, 2048, 2048, 2048]",300.0
1288,11315,81,43,2026-06-28T13:55:19.265000+00:00,33.821,32.322,21.95,303.0,204.0,True,88.093,"[2064, 2064, 2064, 2048, 2048, 2048]","[2048, 2048, 2048, 2048, 2048, 2049, 2048]","[2048, 2051, 2048, 2048, 2049, 2048, 2048, 2051]",302.0
1288,11315,44,43,2026-06-28T13:55:20.767000+00:00,33.802,32.26,21.941,309.0,208.0,True,88.003,"[2064, 2064, 2064, 2048, 2048, 2048]","[2048, 2048, 2048, 2048, 2048, 2048, 2048]","[2048, 2049, 2048, 2048, 2048, 2048, 2048, 2048]",299.0
1288,11315,1,43,2026-06-28T13:55:21.070000+00:00,17.507,32.457,22.23,310.0,202.0,False,72.194,"[None, 2048, 2048, 2048, 2048, 2048]","[2048, 2048, 2048, 2048, 2048, 2048, 2048]","[2048, 2048, 2048, 2048, 2048, 2048, 2048, 2048]",304.0
1288,11315,31,42,2026-06-28T13:55:31.931000+00:00,17.772,33.947,23.063,305.0,205.0,False,74.782,"[None, 2048, 2048, 2048, 2048, 2048]","[2048, 2048, 2048, 2048, 2048, 2048, 2048]","[2048, 2048, 2048, 2048, 2048, 2048, 2048, 2048]",269.0
1288,11315,16,43,2026-06-28T13:55:33.261000+00:00,17.227,31.953,22.004,313.0,209.0,False,71.184,"[None, 2049, 2048, 2048, 2049, 2048]","[2048, 2048, 2048, 2048, 2048, 2048, 2048]","[2048, 2048, 2048, 2048, 2048, 2048, 2048, 2048]",291.0
1288,11315,6,43,2026-06-28T13:55:38.202000+00:00,17.113,32.114,22.0,318.0,213.0,False,71.227,"[None, 2049, 2048, 2049, 2048, 2048]","[2048, 2048, 2048, 2048, 2048, 2048, 2048]","[2048, 2048, 2048, 2048, 2048, 2048, 2048, 2049]",308.0
1288,11315,23,42,2026-06-28T13:55:41.318000+00:00,17.524,33.018,22.984,309.0,199.0,False,73.526,"[None, 2049, 2048, 2048, 2048, 2048]","[2048, 2048, 2048, 2048, 2048, 2048, 2048]","[2048, 2048, 2048, 2048, 2048, 2048, 2048, 2048]",298.0
1288,11315,41,43,2026-06-28T13:55:49.504000+00:00,17.663,33.474,22.764,309.0,206.0,False,73.901,"[None, 2048, 2048, 2048, 2048, 2048]","[2048, 2048, 2048, 2048, 2048, 2048, 2048]","[2048, 2048, 2048, 2048, 2048, 2048, 2048, 2048]",301.0
1288,11315,30,43,2026-06-28T13:55:50.713000+00:00,17.561,33.246,22.828,306.0,207.0,False,73.635,"[None, 2048, 2048, 2048, 2048, 2048]","[2048, 2048, 2048, 2048, 2048, 2048, 2048]","[2048, 2048, 2048, 2048, 2048, 2048, 2048, 2048]",301.0
1288,11315,5,43,2026-06-28T13:55:56.776000+00:00,17.917,33.414,23.056,,208.0,False,74.387,"[None, 2048, 2048, 2048, 2048, 2048]","[2048, 2048, 2048, 2048, 2048, 2048, 2048]","[2048, 2048, 2048, 2048, 2048, 2048, 2048, 2048]",296.0
1288,11315,18,42,2026-06-28T13:55:57.839000+00:00,17.855,33.517,23.282,300.0,202.0,False,74.654,"[None, 2048, 2048, 2048, 2048, 2048]","[2048, 2048, 2048, 2048, 2048, 2048, 2048]","[2048, 2048, 2048, 2048, 2048, 2048, 2048, 2048]",288.0
1288,11315,14,42,2026-06-28T13:55:58.431000+00:00,17.842,33.868,23.207,314.0,201.0,False,74.917,"[None, 2048, 2048, 2048, 2049, 2049]","[2048, 2048, 2048, 2048, 2048, 2048, 2048]","[2048, 2048, 2048, 2048, 2048, 2048, 2048, 2048]",287.0
1288,11315,27,43,2026-06-28T13:56:08.033000+00:00,17.699,32.789,22.57,303.0,212.0,False,73.058,"[None, 2048, 2048, 2048, 2048, 2048]","[2048, 2048, 2048, 2048, 2048, 2048, 2048]","[2048, 2048, 2048, 2048, 2048, 2048, 2048, 2048]",296.0
1288,11315,3,44,2026-06-28T13:56:11.943000+00:00,17.481,32.552,22.381,307.0,210.0,False,72.414,"[None, 2048, 2048, 2048, 2048, 2048]","[2048, 2048, 2048, 2048, 2048, 2048, 2048]","[2048, 2048, 2048, 2048, 2048, 2048, 2048, 2048]",298.0
1288,11315,63,44,2026-06-28T13:56:14.841000+00:00,33.942,32.095,21.816,318.0,208.0,True,87.853,"[2064, 2064, 2064, 2048, 2048, 2049]","[2048, 2048, 2048, 2048, 2048, 2049, 2049]","[2048, 2048, 2048, 2048, 2048, 2049, 2049, 2048]",292.0
1288,11315,12,44,2026-06-28T13:56:17.533000+00:00,17.436,32.306,21.981,305.0,205.0,False,71.723,"[None, 2048, 2048, 2048, 2048, 2048]","[2048, 2048, 2048, 2048, 2048, 2048, 2048]","[2048, 2048, 2048, 2048, 2048, 2048, 2048, 2048]",301.0
1288,11315,87,43,2026-06-28T13:56:23.756000+00:00,17.761,33.903,23.142,308.0,203.0,False,74.806,"[None, 2048, 2048, 2048, 2048, 2048]","[2048, 2048, 2048, 2048, 2048, 2048, 2048]","[2048, 2048, 2048, 2048, 2048, 2048, 2048, 2048]",300.0
1288,11315,10,43,2026-06-28T13:56:24.002000+00:00,17.332,32.721,22.418,325.0,202.0,False,72.471,"[None, 2048, 2048, 2049, 2049, 2049]","[2048, 2048, 2048, 2048, 2048, 2048, 2048]","[2048, 2048, 2048, 2048, 2049, 2048, 2048, 2048]",295.0
1288,11315,43,43,2026-06-28T13:56:31.482000+00:00,17.671,33.334,24.103,311.0,201.0,False,75.108,"[None, 2048, 2048, 2048, 2048, 2048]","[2048, 2048, 2048, 2048, 2048, 2048, 2048]","[2048, 2048, 2048, 2048, 2048, 2048, 2048, 2048]",306.0
1288,11315,1,44,2026-06-28T13:56:33.074000+00:00,17.372,32.541,22.44,314.0,200.0,False,72.353,"[None, 2048, 2048, 2048, 2048, 2048]","[2048, 2048, 2048, 2048, 2048, 2048, 2048]","[2048, 2048, 2048, 2048, 2048, 2048, 2048, 2048]",309.0
1288,11315,16,44,2026-06-28T13:56:44.266000+00:00,17.332,31.992,21.841,307.0,209.0,False,71.165,"[None, 2048, 2049, 2049, 2048, 2048]","[2048, 2048, 2048, 2048, 2048, 2048, 2049]","[2048, 2048, 2048, 2049, 2051, 2048, 2048, 2048]",287.0
1288,11315,31,43,2026-06-28T13:56:46.615000+00:00,18.16,34.063,23.639,301.0,206.0,False,75.862,"[None, 2048, 2048, 2048, 2048, 2048]","[2048, 2048, 2048, 2048, 2048, 2048, 2048]","[2048, 2048, 2048, 2048, 2048, 2048, 2048, 2049]",286.0
1288,11315,81,44,2026-06-28T13:56:47.356000+00:00,17.247,31.846,21.66,311.0,206.0,False,70.753,"[2049, 2048, 2048, 2048, 2048, 2048]","[2048, 2048, 2048, 2048, 2048, 2049, 2049]","[2049, 2051, 2048, 2049, 2048, 2048, 2049, 2048]",302.0
1288,11315,44,44,2026-06-28T13:56:48.493000+00:00,17.162,32.117,21.94,315.0,210.0,False,71.219,"[2048, 2048, 2048, 2049, 2048, 2048]","[2048, 2048, 2048, 2048, 2048, 2048, 2051]","[2048, 2048, 2048, 2048, 2048, 2048, 2048, 2048]",298.0
1288,11315,6,44,2026-06-28T13:56:49.444000+00:00,16.945,32.819,22.433,322.0,211.0,False,72.197,"[None, 2048, 2049, 2051, 2049, 2049]","[2048, 2048, 2048, 2048, 2048, 2048, 2048]","[2048, 2048, 2048, 2048, 2048, 2048, 2048, 2048]",312.0
1288,11315,23,43,2026-06-28T13:56:54.979000+00:00,17.604,32.861,22.672,310.0,201.0,False,73.137,"[None, 2048, 2048, 2048, 2048, 2048]","[2049, 2048, 2048, 2048, 2048, 2048, 2048]","[2049, 2048, 2048, 2048, 2049, 2049, 2048, 2048]",299.0
1288,11315,41,44,2026-06-28T13:57:03.281000+00:00,17.709,33.473,22.818,307.0,206.0,False,74.0,"[None, 2048, 2048, 2048, 2048, 2048]","[2048, 2048, 2048, 2048, 2048, 2048, 2048]","[2048, 2048, 2048, 2048, 2048, 2048, 2048, 2048]",301.0
1288,11315,30,44,2026-06-28T13:57:04.337000+00:00,17.588,33.434,22.971,304.0,207.0,False,73.993,"[None, 2048, 2048, 2048, 2048, 2048]","[2048, 2048, 2048, 2048, 2048, 2048, 2048]","[2048, 2048, 2048, 2048, 2048, 2048, 2048, 2048]",303.0
1288,11315,5,44,2026-06-28T13:57:11.110000+00:00,17.916,33.304,27.187,,209.0,False,78.407,"[None, 2048, 2048, 2048, 2048, 2048]","[2048, 2048, 2048, 2048, 2048, 2048, 2048]","[2048, 2048, 2048, 2048, 2064, 2064, 2064, 2064]",299.0
1288,11315,18,43,2026-06-28T13:57:12.691000+00:00,17.877,33.439,23.325,301.0,202.0,False,74.641,"[None, 2048, 2048, 2049, 2048, 2048]","[2048, 2048, 2048, 2048, 2048, 2048, 2048]","[2048, 2048, 2048, 2048, 2048, 2048, 2048, 2048]",292.0
1288,11315,14,43,2026-06-28T13:57:13.250000+00:00,17.766,33.612,23.198,310.0,200.0,False,74.576,"[None, 2048, 2048, 2048, 2048, 2048]","[2048, 2048, 2048, 2048, 2048, 2048, 2048]","[2048, 2048, 2048, 2048, 2048, 2048, 2048, 2048]",284.0
1288,11315,27,44,2026-06-28T13:57:21.086000+00:00,17.719,32.771,22.615,304.0,211.0,False,73.105,"[None, 2048, 2048, 2048, 2048, 2048]","[2048, 2048, 2048, 2048, 2048, 2048, 2048]","[2048, 2048, 2048, 2048, 2048, 2048, 2048, 2048]",298.0
1288,11315,3,45,2026-06-28T13:57:24.408000+00:00,17.496,32.526,22.334,315.0,211.0,False,72.356,"[None, 2048, 2048, 2048, 2048, 2048]","[2048, 2048, 2048, 2048, 2048, 2048, 2048]","[2048, 2048, 2048, 2048, 2048, 2048, 2048, 2048]",304.0
1288,11315,12,45,2026-06-28T13:57:29.258000+00:00,17.408,32.327,22.09,308.0,205.0,False,71.825,"[None, 2048, 2048, 2048, 2048, 2048]","[2048, 2048, 2048, 2048, 2048, 2048, 2048]","[2048, 2048, 2048, 2048, 2048, 2048, 2048, 2048]",303.0
1288,11315,10,44,2026-06-28T13:57:35.970000+00:00,17.575,32.394,22.402,309.0,204.0,False,72.371,"[None, 2048, 2048, 2048, 2048, 2048]","[2048, 2048, 2048, 2048, 2048, 2048, 2048]","[2049, 2048, 2048, 2048, 2049, 2048, 2048, 2048]",302.0
1288,11315,87,44,2026-06-28T13:57:37.928000+00:00,17.786,33.17,22.921,311.0,206.0,False,73.877,"[None, 2048, 2048, 2048, 2048, 2048]","[2048, 2048, 2048, 2048, 2048, 2048, 2048]","[2048, 2048, 2048, 2048, 2048, 2048, 2048, 2048]",303.0
1288,11315,63,45,2026-06-28T13:57:42.617000+00:00,17.21,31.772,21.878,309.0,207.0,False,70.86,"[2048, 2048, 2048, 2049, 2048, 2048]","[2048, 2048, 2048, 2048, 2049, 2049, 2048]","[2048, 2048, 2048, 2048, 2048, 2048, 2048, 2048]",302.0
1288,11315,1,45,2026-06-28T13:57:45.469000+00:00,17.448,32.404,22.422,311.0,202.0,False,72.274,"[None, 2048, 2048, 2048, 2048, 2048]","[2048, 2048, 2048, 2048, 2048, 2048, 2048]","[2048, 2048, 2049, 2048, 2048, 2048, 2048, 2048]",305.0
1288,11315,43,44,2026-06-28T13:57:46.548000+00:00,17.571,33.219,22.906,328.0,201.0,False,73.696,"[None, 2048, 2048, 2048, 2048, 2049]","[2048, 2048, 2048, 2048, 2048, 2048, 2048]","[2048, 2048, 2048, 2048, 2048, 2048, 2048, 2048]",304.0
1288,11315,16,45,2026-06-28T13:57:55.535000+00:00,17.375,31.906,21.97,,210.0,False,71.251,"[None, 2048, 2048, 2048, 2048, 2048]","[2048, 2048, 2048, 2048, 2048, 2048, 2049]","[2048, 2048, 2048, 2048, 2048, 2048, 2048, 2048]",290.0
1288,11315,81,45,2026-06-28T13:57:57.994000+00:00,17.129,31.733,21.733,312.0,205.0,False,70.595,"[2048, 2048, 2048, 2051, 2048, 2048]","[2048, 2048, 2048, 2048, 2049, 2048, 2048]","[2048, 2048, 2048, 2049, 2049, 2049, 2049, 2048]",306.0
1288,11315,44,45,2026-06-28T13:57:59.661000+00:00,17.191,31.852,21.903,313.0,208.0,False,70.946,"[None, 2048, 2048, 2049, 2048, 2048]","[2048, 2048, 2048, 2048, 2048, 2049, 2048]","[2049, 2048, 2048, 2048, 2048, 2048, 2048, 2048]",296.0
1288,11315,6,45,2026-06-28T13:58:01.620000+00:00,17.187,31.92,21.895,316.0,212.0,False,71.002,"[None, 2048, 2048, 2048, 2048, 2048]","[2048, 2048, 2048, 2048, 2049, 2049, 2048]","[2048, 2048, 2048, 2048, 2048, 2048, 2048, 2048]",310.0
1288,11315,31,44,2026-06-28T13:58:02.607000+00:00,17.635,33.001,22.776,307.0,205.0,False,73.412,"[2049, 2048, 2048, 2048, 2048, 2048]","[2048, 2048, 2048, 2048, 2048, 2048, 2048]","[2048, 2048, 2048, 2048, 2048, 2048, 2048, 2048]",297.0
1288,11315,23,44,2026-06-28T13:58:08.195000+00:00,17.556,32.853,22.772,309.0,201.0,False,73.181,"[None, 2048, 2048, 2048, 2048, 2048]","[2049, 2048, 2048, 2048, 2048, 2048, 2048]","[2048, 2048, 2048, 2048, 2048, 2048, 2048, 2048]",301.0
1288,11315,41,45,2026-06-28T13:58:17.344000+00:00,17.675,33.455,22.832,304.0,207.0,False,73.962,"[None, 2048, 2048, 2048, 2048, 2048]","[2048, 2048, 2048, 2048, 2048, 2048, 2048]","[2048, 2048, 2048, 2048, 2048, 2048, 2048, 2048]",300.0
1288,11315,30,45,2026-06-28T13:58:18.354000+00:00,17.647,33.38,27.054,309.0,208.0,False,78.081,"[None, 2048, 2048, 2048, 2048, 2048]","[2048, 2048, 2048, 2048, 2048, 2048, 2048]","[2048, 2048, 2048, 2048, 2064, 2064, 2064, 2064]",306.0
1288,11315,18,44,2026-06-28T13:58:27.228000+00:00,17.947,33.357,23.226,297.0,202.0,False,74.53,"[None, 2048, 2048, 2049, 2048, 2048]","[2048, 2048, 2048, 2048, 2048, 2048, 2048]","[2048, 2048, 2048, 2048, 2048, 2048, 2048, 2048]",287.0
1288,11315,14,44,2026-06-28T13:58:27.923000+00:00,17.775,33.614,23.152,,201.0,False,74.541,"[None, 2048, 2048, 2048, 2048, 2048]","[2048, 2048, 2048, 2048, 2048, 2048, 2048]","[2048, 2048, 2048, 2048, 2048, 2048, 2048, 2048]",284.0
1288,11315,5,45,2026-06-28T13:58:29.534000+00:00,34.599,32.464,22.057,299.0,215.0,True,89.12,"[2064, 2064, 2064, 2048, 2048, 2048]","[2048, 2048, 2048, 2048, 2049, 2048, 2049]","[2049, 2049, 2048, 2048, 2049, 2049, 2049, 2048]",292.0
1288,11315,27,45,2026-06-28T13:58:34.143000+00:00,17.655,32.782,26.623,,211.0,False,77.06,"[None, 2048, 2048, 2048, 2048, 2048]","[2048, 2048, 2048, 2048, 2048, 2048, 2048]","[2048, 2048, 2048, 2048, 2064, 2064, 2064, 2064]",295.0
1288,11315,3,46,2026-06-28T13:58:36.788000+00:00,17.397,32.486,22.497,,212.0,False,72.38,"[None, 2048, 2048, 2048, 2048, 2048]","[2048, 2048, 2048, 2048, 2048, 2048, 2048]","[2048, 2048, 2048, 2048, 2048, 2048, 2048, 2048]",306.0
1288,11315,12,46,2026-06-28T13:58:41.153000+00:00,17.431,32.282,22.035,306.0,204.0,False,71.748,"[None, 2048, 2048, 2048, 2048, 2048]","[2048, 2048, 2048, 2048, 2048, 2048, 2048]","[2048, 2048, 2048, 2048, 2048, 2048, 2048, 2048]",302.0
1288,11315,10,45,2026-06-28T13:58:48.360000+00:00,17.602,32.612,22.504,313.0,203.0,False,72.718,"[None, 2048, 2048, 2048, 2048, 2048]","[2048, 2048, 2048, 2048, 2048, 2048, 2048]","[2048, 2048, 2048, 2048, 2048, 2048, 2048, 2048]",306.0
1288,11315,87,45,2026-06-28T13:58:51.762000+00:00,17.544,34.58,26.219,,205.0,False,78.343,"[None, 2048, 2048, 2048, 2048, 2048]","[2048, 2048, 2048, 2048, 2048, 2048, 2048]","[2048, 2048, 2048, 2048, 2064, 2064, 2064, 2064]",217.0
1288,11315,63,46,2026-06-28T13:58:53.548000+00:00,17.128,31.956,21.961,312.0,207.0,False,71.045,"[None, 2048, 2048, 2049, 2049, 2048]","[2048, 2048, 2048, 2048, 2048, 2048, 2048]","[2048, 2048, 2048, 2048, 2048, 2048, 2048, 2048]",302.0
1288,11315,1,46,2026-06-28T13:58:57.720000+00:00,17.561,32.591,22.313,310.0,204.0,False,72.465,"[None, 2048, 2048, 2048, 2048, 2048]","[2049, 2048, 2048, 2048, 2048, 2048, 2048]","[2048, 2048, 2048, 2048, 2048, 2048, 2048, 2048]",304.0
1288,11315,43,45,2026-06-28T13:59:00.217000+00:00,17.664,33.513,22.934,311.0,200.0,False,74.111,"[None, 2048, 2048, 2048, 2048, 2048]","[2048, 2048, 2048, 2048, 2048, 2048, 2048]","[2048, 2048, 2048, 2048, 2048, 2048, 2048, 2048]",302.0
1288,11315,16,46,2026-06-28T13:59:06.867000+00:00,17.427,32.205,22.086,,208.0,False,71.718,"[None, 2048, 2048, 2048, 2048, 2048]","[2048, 2048, 2048, 2048, 2048, 2048, 2048]","[2048, 2048, 2048, 2048, 2048, 2048, 2048, 2048]",292.0
1288,11315,81,46,2026-06-28T13:59:08.649000+00:00,17.179,31.842,21.823,314.0,205.0,False,70.844,"[None, 2048, 2048, 2048, 2048, 2048]","[2048, 2048, 2048, 2048, 2048, 2048, 2049]","[2048, 2048, 2048, 2048, 2048, 2048, 2049, 2048]",309.0
1288,11315,44,46,2026-06-28T13:59:10.676000+00:00,17.26,32.226,21.956,308.0,209.0,False,71.442,"[None, 2048, 2048, 2048, 2048, 2048]","[2048, 2048, 2048, 2048, 2048, 2048, 2048]","[2048, 2048, 2048, 2048, 2048, 2048, 2048, 2048]",300.0
1288,11315,6,46,2026-06-28T13:59:12.602000+00:00,17.163,32.158,21.974,317.0,214.0,False,71.295,"[None, 2048, 2048, 2048, 2048, 2048]","[2048, 2048, 2048, 2048, 2048, 2049, 2049]","[2048, 2048, 2048, 2048, 2048, 2048, 2048, 2048]",307.0
1288,11315,31,45,2026-06-28T13:59:15.953000+00:00,17.618,33.121,22.923,308.0,207.0,False,73.662,"[2048, 2048, 2048, 2048, 2048, 2048]","[2048, 2048, 2048, 2048, 2048, 2048, 2048]","[2048, 2048, 2048, 2048, 2048, 2048, 2048, 2048]",296.0
1288,11315,23,45,2026-06-28T13:59:21.239000+00:00,17.577,32.915,22.898,310.0,201.0,False,73.39,"[None, 2049, 2048, 2048, 2048, 2048]","[2048, 2048, 2048, 2048, 2048, 2048, 2048]","[2048, 2048, 2048, 2048, 2048, 2048, 2048, 2048]",301.0
1288,11315,41,46,2026-06-28T13:59:31.239000+00:00,17.72,33.483,26.427,306.0,208.0,False,77.63,"[None, 2048, 2048, 2048, 2048, 2048]","[2048, 2048, 2048, 2048, 2048, 2048, 2048]","[2048, 2048, 2048, 2048, 2064, 2064, 2064, 2064]",299.0
1288,11315,30,46,2026-06-28T13:59:36.396000+00:00,34.251,33.076,22.166,300.0,214.0,True,89.493,"[2064, 2064, 2064, 2048, 2048, 2048]","[2048, 2048, 2048, 2048, 2048, 2049, 2048]","[2048, 2049, 2048, 2048, 2048, 2049, 2049, 2051]",302.0
1288,11315,18,45,2026-06-28T13:59:41.668000+00:00,20.383,46.63,40.414,234.0,110.0,False,107.427,"[None, 2048, 2048, 2048, 2048, 2048]","[2048, 2048, 2048, 2048, 2048, 2048, 2048]","[2048, 2048, 2048, 2048, 2064, 2064, 2064, 2064]",164.0
1288,11315,14,45,2026-06-28T13:59:42.425000+00:00,17.736,33.843,23.164,298.0,200.0,False,74.743,"[2049, 2048, 2048, 2048, 2048, 2048]","[2048, 2048, 2048, 2048, 2048, 2048, 2048]","[2048, 2048, 2048, 2048, 2048, 2048, 2048, 2048]",277.0
1288,11315,3,47,2026-06-28T13:59:49.139000+00:00,17.621,32.63,22.379,311.0,212.0,False,72.63,"[None, 2048, 2048, 2048, 2048, 2048]","[2048, 2048, 2048, 2048, 2048, 2048, 2048]","[2048, 2048, 2048, 2048, 2048, 2048, 2048, 2048]",300.0
1288,11315,27,46,2026-06-28T13:59:51.221000+00:00,34.98,32.535,22.096,300.0,216.0,True,89.611,"[2064, 2064, 2064, 2048, 2048, 2048]","[2048, 2048, 2048, 2048, 2049, 2049, 2049]","[2048, 2049, 2048, 2048, 2048, 2049, 2049, 2048]",295.0
1288,11315,12,47,2026-06-28T13:59:52.880000+00:00,17.459,32.347,21.979,307.0,204.0,False,71.785,"[None, 2048, 2048, 2048, 2048, 2048]","[2048, 2048, 2048, 2048, 2048, 2048, 2048]","[2048, 2048, 2048, 2048, 2048, 2048, 2048, 2048]",303.0
1288,11315,5,46,2026-06-28T13:59:58.631000+00:00,17.555,32.325,22.256,304.0,215.0,False,72.136,"[2048, 2049, 2049, 2049, 2048, 2048]","[2049, 2048, 2048, 2048, 2048, 2048, 2048]","[2048, 2048, 2048, 2048, 2048, 2048, 2049, 2048]",296.0
1288,11315,10,46,2026-06-28T14:00:01.090000+00:00,17.427,32.519,22.42,314.0,204.0,False,72.366,"[None, 2048, 2048, 2048, 2048, 2048]","[2048, 2048, 2048, 2048, 2048, 2048, 2048]","[2048, 2048, 2048, 2049, 2048, 2048, 2048, 2048]",307.0
1288,11315,63,47,2026-06-28T14:00:04.526000+00:00,17.24,31.906,21.758,310.0,207.0,False,70.904,"[None, 2048, 2048, 2048, 2048, 2048]","[2048, 2048, 2048, 2048, 2048, 2048, 2048]","[2048, 2048, 2048, 2048, 2048, 2048, 2049, 2049]",302.0
1288,11315,87,46,2026-06-28T14:00:10.171000+00:00,34.64,32.612,22.234,311.0,207.0,True,89.486,"[2064, 2064, 2064, 2048, 2048, 2048]","[2048, 2048, 2048, 2048, 2049, 2048, 2049]","[2049, 2049, 2048, 2049, 2048, 2049, 2048, 2048]",305.0
1288,11315,1,47,2026-06-28T14:00:10.420000+00:00,17.463,32.548,26.79,313.0,203.0,False,76.801,"[None, 2048, 2048, 2048, 2048, 2048]","[2048, 2048, 2048, 2048, 2048, 2048, 2048]","[2048, 2048, 2048, 2048, 2064, 2064, 2064, 2064]",309.0
1288,11315,43,46,2026-06-28T14:00:14.445000+00:00,17.785,33.073,27.02,310.0,201.0,False,77.878,"[None, 2048, 2048, 2048, 2048, 2048]","[2048, 2048, 2048, 2048, 2048, 2048, 2048]","[2048, 2048, 2048, 2048, 2064, 2064, 2064, 2064]",304.0
1288,11315,16,47,2026-06-28T14:00:18.681000+00:00,17.389,32.163,22.113,309.0,207.0,False,71.665,"[None, 2048, 2048, 2048, 2048, 2048]","[2048, 2048, 2048, 2048, 2048, 2048, 2048]","[2048, 2048, 2048, 2048, 2048, 2048, 2048, 2048]",293.0
1288,11315,81,47,2026-06-28T14:00:19.565000+00:00,17.168,32.102,21.832,315.0,202.0,False,71.102,"[None, 2048, 2048, 2048, 2048, 2048]","[2048, 2048, 2048, 2048, 2048, 2048, 2048]","[2048, 2048, 2048, 2048, 2048, 2048, 2049, 2051]",311.0
1288,11315,44,47,2026-06-28T14:00:22.381000+00:00,17.247,32.083,21.962,312.0,206.0,False,71.292,"[None, 2048, 2048, 2048, 2048, 2048]","[2048, 2048, 2048, 2048, 2048, 2048, 2048]","[2048, 2049, 2048, 2048, 2048, 2048, 2048, 2048]",296.0
1288,11315,6,47,2026-06-28T14:00:24.020000+00:00,17.238,32.25,22.01,316.0,211.0,False,71.498,"[None, 2048, 2048, 2048, 2048, 2048]","[2048, 2048, 2048, 2048, 2048, 2048, 2048]","[2048, 2048, 2048, 2048, 2048, 2048, 2048, 2048]",307.0
1288,11315,31,46,2026-06-28T14:00:29.665000+00:00,17.605,32.936,22.861,310.0,205.0,False,73.402,"[None, 2048, 2048, 2048, 2048, 2048]","[2048, 2048, 2048, 2048, 2048, 2048, 2048]","[2048, 2048, 2048, 2048, 2048, 2048, 2048, 2048]",298.0
1288,11315,23,46,2026-06-28T14:00:34.581000+00:00,17.627,32.926,22.873,307.0,200.0,False,73.426,"[None, 2048, 2048, 2048, 2048, 2048]","[2048, 2048, 2048, 2048, 2048, 2048, 2048]","[2048, 2048, 2048, 2048, 2048, 2048, 2048, 2048]",298.0
1288,11315,41,47,2026-06-28T14:00:48.934000+00:00,34.296,33.646,22.344,302.0,211.0,True,90.286,"[2064, 2064, 2064, 2048, 2048, 2048]","[2048, 2048, 2048, 2048, 2048, 2048, 2048]","[2048, 2048, 2048, 2048, 2048, 2048, 2049, 2049]",301.0
1288,11315,14,46,2026-06-28T14:00:57.116000+00:00,18.135,33.655,23.139,287.0,200.0,False,74.929,"[2048, 2048, 2048, 2048, 2048, 2048]","[2048, 2048, 2048, 2048, 2048, 2048, 2048]","[2048, 2048, 2048, 2048, 2049, 2048, 2048, 2048]",281.0
1288,11315,3,48,2026-06-28T14:01:01.813000+00:00,17.531,32.702,22.448,312.0,209.0,False,72.681,"[None, 2048, 2048, 2048, 2048, 2048]","[2048, 2048, 2048, 2048, 2048, 2048, 2048]","[2048, 2048, 2048, 2048, 2048, 2048, 2048, 2048]",303.0
1288,11315,12,48,2026-06-28T14:01:04.645000+00:00,17.454,32.345,21.947,,204.0,False,71.746,"[None, 2048, 2048, 2048, 2048, 2048]","[2048, 2048, 2048, 2048, 2048, 2048, 2048]","[2048, 2048, 2048, 2048, 2048, 2048, 2048, 2048]",303.0
1288,11315,30,47,2026-06-28T14:01:05.889000+00:00,17.166,32.644,22.289,308.0,210.0,False,72.099,"[2048, 2049, 2049, 2051, 2048, 2048]","[2048, 2048, 2048, 2048, 2048, 2048, 2048]","[2049, 2049, 2048, 2048, 2049, 2048, 2048, 2048]",302.0
1288,11315,5,47,2026-06-28T14:01:10.718000+00:00,17.569,32.204,22.358,303.0,215.0,False,72.131,"[None, 2048, 2048, 2048, 2048, 2048]","[2049, 2048, 2048, 2048, 2049, 2048, 2048]","[2048, 2048, 2048, 2048, 2049, 2048, 2048, 2048]",295.0
1288,11315,10,47,2026-06-28T14:01:13.373000+00:00,17.464,32.539,22.964,,203.0,False,72.967,"[None, 2048, 2048, 2048, 2048, 2048]","[2048, 2048, 2048, 2048, 2048, 2048, 2048]","[2048, 2048, 2048, 2048, 2048, 2048, 2048, 2048]",307.0
1288,11315,63,48,2026-06-28T14:01:15.437000+00:00,17.255,31.949,22.011,,207.0,False,71.215,"[None, 2048, 2048, 2048, 2048, 2048]","[2048, 2048, 2048, 2048, 2048, 2048, 2048]","[2048, 2048, 2048, 2048, 2048, 2048, 2048, 2048]",305.0
1288,11315,27,47,2026-06-28T14:01:20.816000+00:00,17.583,32.366,22.585,303.0,215.0,False,72.534,"[2048, 2048, 2048, 2048, 2048, 2048]","[2048, 2048, 2048, 2048, 2048, 2048, 2048]","[2048, 2048, 2048, 2048, 2048, 2048, 2048]",295.0
1288,11315,1,48,2026-06-28T14:01:27.033000+00:00,34.472,32.378,21.79,307.0,208.0,True,88.64,"[2064, 2064, 2064, 2048, 2048, 2048]","[2048, 2048, 2048, 2048, 2049, 2048, 2049]","[2049, 2049, 2048, 2049, 2048, 2049, 2049, 2049]",305.0
1288,11315,18,46,2026-06-28T14:01:29.225000+00:00,,,,,,False,,,,,
1288,11315,16,48,2026-06-28T14:01:30.220000+00:00,17.494,32.868,22.235,306.0,208.0,False,72.597,"[None, 2048, 2048, 2048, 2048, 2048]","[2048, 2048, 2048, 2048, 2048, 2048, 2048]","[2048, 2048, 2048, 2048, 2048, 2048, 2048, 2048]",301.0
1288,11315,81,48,2026-06-28T14:01:30.698000+00:00,17.085,32.319,21.985,328.0,204.0,False,71.389,"[None, 2048, 2048, 2048, 2049, 2048]","[2048, 2048, 2048, 2048, 2048, 2048, 2048]","[2048, 2048, 2048, 2048, 2049, 2048, 2048, 2048]",302.0
1288,11315,43,47,2026-06-28T14:01:32.195000+00:00,35.178,33.074,22.526,299.0,202.0,True,90.778,"[2064, 2064, 2064, 2048, 2048, 2048]","[2048, 2048, 2048, 2048, 2048, 2049, 2048]","[2048, 2048, 2048, 2048, 2049, 2048, 2048, 2048]",298.0
1288,11315,44,48,2026-06-28T14:01:33.389000+00:00,17.342,32.073,21.848,311.0,206.0,False,71.263,"[None, 2048, 2048, 2048, 2048, 2048]","[2048, 2048, 2048, 2048, 2048, 2048, 2048]","[2048, 2049, 2048, 2048, 2048, 2048, 2048, 2048]",299.0
1288,11315,6,48,2026-06-28T14:01:35.404000+00:00,17.324,32.144,21.896,314.0,212.0,False,71.364,"[None, 2048, 2048, 2048, 2048, 2048]","[2048, 2048, 2048, 2048, 2048, 2048, 2048]","[2048, 2048, 2048, 2048, 2048, 2048, 2048]",306.0
1288,11315,87,47,2026-06-28T14:01:39.586000+00:00,17.418,32.592,22.395,308.0,207.0,False,72.405,"[2048, 2048, 2049, 2049, 2048, 2048]","[2048, 2049, 2048, 2048, 2048, 2048, 2049]","[2048, 2048, 2048, 2049, 2048, 2048, 2048, 2048]",295.0
1288,11315,31,47,2026-06-28T14:01:42.987000+00:00,17.659,34.364,22.904,309.0,204.0,False,74.927,"[None, 2049, 2048, 2048, 2048, 2048]","[2048, 2048, 2048, 2048, 2048, 2048, 2048]","[2048, 2048, 2048, 2048, 2048, 2048, 2048, 2048]",243.0
1288,11315,23,47,2026-06-28T14:01:48.093000+00:00,17.602,33.091,22.942,308.0,198.0,False,73.635,"[None, 2049, 2048, 2048, 2048, 2048]","[2048, 2048, 2048, 2048, 2048, 2048, 2048]","[2048, 2048, 2048, 2048, 2048, 2048, 2048]",301.0
1288,11315,14,47,2026-06-28T14:02:12.132000+00:00,18.248,33.573,23.312,291.0,201.0,False,75.133,"[None, 2048, 2048, 2048, 2048, 2048]","[2048, 2049, 2048, 2048, 2048, 2048, 2048]","[2048, 2048, 2048, 2048, 2048, 2048, 2048, 2048]",278.0
1288,11315,3,49,2026-06-28T14:02:14.432000+00:00,18.041,32.677,26.283,314.0,211.0,False,77.001,"[None, 2048, 2048, 2048, 2048, 2048]","[2048, 2048, 2048, 2048, 2048, 2048, 2048]","[2048, 2048, 2048, 2048, 2064, 2064, 2064, 2064]",304.0
1288,11315,12,49,2026-06-28T14:02:16.370000+00:00,17.5,32.289,22.425,312.0,203.0,False,72.214,"[None, 2048, 2048, 2048, 2048, 2048]","[2048, 2048, 2048, 2048, 2048, 2049, 2048]","[2048, 2048, 2048, 2048, 2048, 2048, 2048, 2048]",308.0
1288,11315,30,48,2026-06-28T14:02:17.951000+00:00,17.352,32.427,22.37,,209.0,False,72.149,"[None, 2048, 2048, 2048, 2048, 2048]","[2048, 2048, 2048, 2048, 2048, 2049, 2048]","[2048, 2048, 2048, 2048, 2048, 2048, 2048, 2048]",297.0
1288,11315,41,48,2026-06-28T14:02:19.246000+00:00,17.34,32.565,22.237,310.0,209.0,False,72.142,"[2048, 2048, 2048, 2048, 2048, 2048]","[2048, 2048, 2048, 2048, 2048, 2049, 2048]","[2048, 2048, 2048, 2048, 2048, 2048, 2048, 2048]",306.0
1288,11315,5,48,2026-06-28T14:02:23.020000+00:00,17.661,32.343,22.309,300.0,215.0,False,72.313,"[None, 2048, 2048, 2048, 2048, 2048]","[2048, 2048, 2048, 2048, 2048, 2048, 2048]","[2048, 2048, 2048, 2048, 2049, 2048, 2048, 2048]",295.0
1288,11315,10,48,2026-06-28T14:02:26.408000+00:00,18.11,32.722,22.429,321.0,204.0,False,73.261,"[None, 2048, 2048, 2048, 2048, 2048]","[2048, 2048, 2048, 2048, 2048, 2048, 2048]","[2048, 2048, 2048, 2048, 2048, 2048, 2048, 2048]",311.0
1288,11315,63,49,2026-06-28T14:02:26.621000+00:00,17.23,31.759,21.694,306.0,206.0,False,70.683,"[None, 2048, 2048, 2048, 2048, 2048]","[2048, 2048, 2049, 2049, 2049, 2048, 2048]","[2048, 2049, 2048, 2048, 2048, 2048, 2048, 2049]",300.0
1288,11315,27,48,2026-06-28T14:02:33.396000+00:00,17.591,32.32,22.535,,217.0,False,72.446,"[None, 2048, 2048, 2048, 2048, 2048]","[2048, 2048, 2048, 2048, 2048, 2048, 2048]","[2048, 2048, 2048, 2048, 2048, 2048, 2048, 2048]",297.0
1288,11315,81,49,2026-06-28T14:02:41.926000+00:00,17.351,32.068,21.856,307.0,205.0,False,71.275,"[None, 2048, 2048, 2048, 2048, 2048]","[2048, 2048, 2048, 2048, 2048, 2048, 2048]","[2048, 2048, 2048, 2048, 2049, 2048, 2048, 2048]",297.0
1288,11315,16,49,2026-06-28T14:02:42.793000+00:00,17.34,32.246,22.021,315.0,209.0,False,71.607,"[None, 2048, 2048, 2048, 2049, 2049]","[2048, 2048, 2049, 2048, 2048, 2048, 2048]","[2048, 2049, 2048, 2048, 2048, 2048, 2048, 2048]",294.0
1288,11315,44,49,2026-06-28T14:02:44.635000+00:00,17.144,31.957,21.898,314.0,207.0,False,70.999,"[None, 2048, 2048, 2048, 2048, 2048]","[2048, 2048, 2048, 2048, 2048, 2048, 2048]","[2048, 2048, 2048, 2048, 2048, 2048, 2048, 2048]",301.0
1288,11315,6,49,2026-06-28T14:02:46.699000+00:00,17.254,32.113,22.016,316.0,213.0,False,71.383,"[None, 2048, 2048, 2048, 2048, 2048]","[2048, 2048, 2048, 2048, 2048, 2049, 2048]","[2048, 2048, 2048, 2048, 2048, 2048, 2048, 2048]",304.0
1288,11315,87,48,2026-06-28T14:02:51.886000+00:00,17.507,32.627,22.492,309.0,206.0,False,72.626,"[None, 2048, 2049, 2048, 2048, 2048]","[2049, 2048, 2048, 2048, 2048, 2048, 2048]","[2048, 2048, 2048, 2048, 2049, 2048, 2048, 2048]",296.0
1288,11315,1,49,2026-06-28T14:02:55.676000+00:00,17.212,31.847,21.935,311.0,205.0,False,70.994,"[2048, 2048, 2049, 2048, 2048, 2048]","[2048, 2048, 2048, 2048, 2049, 2048, 2048]","[2048, 2048, 2048, 2048, 2049, 2048, 2048, 2048]",303.0
1288,11315,31,48,2026-06-28T14:02:57.907000+00:00,17.561,32.816,22.862,311.0,206.0,False,73.239,"[None, 2048, 2048, 2048, 2048, 2048]","[2048, 2048, 2048, 2048, 2048, 2048, 2048]","[2048, 2048, 2048, 2048, 2048, 2048, 2048, 2048]",298.0
1288,11315,23,48,2026-06-28T14:03:01.629000+00:00,17.571,32.834,22.939,,201.0,False,73.344,"[None, 2048, 2048, 2048, 2048, 2048]","[2048, 2048, 2048, 2048, 2048, 2048, 2048]","[2048, 2048, 2048, 2048, 2048, 2048, 2048, 2048]",300.0
1288,11315,43,48,2026-06-28T14:03:03.150000+00:00,17.471,32.308,22.547,313.0,204.0,False,72.326,"[2048, 2048, 2049, 2049, 2048, 2048]","[2048, 2048, 2048, 2048, 2049, 2049, 2048]","[2048, 2049, 2048, 2049, 2049, 2048, 2048, 2048]",308.0
1288,11315,14,48,2026-06-28T14:03:27.338000+00:00,18.362,34.836,23.897,283.0,205.0,False,77.095,"[None, 2048, 2048, 2048, 2048, 2048]","[2048, 2048, 2049, 2048, 2048, 2048, 2048]","[2048, 2048, 2048, 2048, 2048, 2048, 2048, 2048]",295.0
1288,11315,12,50,2026-06-28T14:03:28.602000+00:00,17.423,32.526,22.172,314.0,205.0,False,72.121,"[None, 2048, 2048, 2048, 2048, 2048]","[2048, 2048, 2048, 2048, 2048, 2048, 2048]","[2048, 2048, 2048, 2048, 2048, 2048, 2048, 2048]",298.0
1288,11315,30,49,2026-06-28T14:03:30.236000+00:00,17.33,32.637,22.166,306.0,212.0,False,72.133,"[None, 2048, 2048, 2048, 2049, 2048]","[2048, 2048, 2048, 2048, 2048, 2048, 2048]","[2049, 2048, 2048, 2049, 2048, 2048, 2048, 2048]",305.0
1288,11315,41,49,2026-06-28T14:03:31.398000+00:00,17.297,32.412,22.285,312.0,212.0,False,71.994,"[None, 2049, 2048, 2049, 2048, 2048]","[2048, 2048, 2049, 2048, 2048, 2048, 2048]","[2048, 2048, 2048, 2048, 2048, 2048, 2048, 2048]",306.0
1288,11315,3,50,2026-06-28T14:03:31.583000+00:00,33.914,31.942,21.657,310.0,214.0,True,87.513,"[2064, 2064, 2064, 2048, 2048, 2048]","[2048, 2048, 2048, 2048, 2048, 2048, 2048]","[2048, 2049, 2048, 2048, 2048, 2049, 2049, 2049]",303.0
1288,11315,5,49,2026-06-28T14:03:35.248000+00:00,17.562,32.274,22.289,302.0,214.0,False,72.125,"[None, 2048, 2048, 2048, 2048, 2048]","[2048, 2048, 2048, 2048, 2048, 2048, 2048]","[2049, 2048, 2048, 2048, 2048, 2048, 2048, 2048]",295.0
1288,11315,63,50,2026-06-28T14:03:37.402000+00:00,17.113,31.932,21.907,310.0,208.0,False,70.952,"[2049, 2048, 2048, 2048, 2049, 2048]","[2048, 2048, 2049, 2048, 2048, 2048, 2048]","[2048, 2048, 2048, 2048, 2048, 2048, 2048, 2048]",302.0
1288,11315,10,49,2026-06-28T14:03:39.772000+00:00,17.439,32.709,22.409,312.0,204.0,False,72.557,"[None, 2048, 2048, 2048, 2048, 2048]","[2048, 2048, 2048, 2048, 2048, 2048, 2048]","[2048, 2048, 2048, 2049, 2048, 2048, 2048, 2048]",304.0
1288,11315,27,49,2026-06-28T14:03:45.953000+00:00,17.524,32.274,22.457,,214.0,False,72.255,"[None, 2048, 2048, 2048, 2048, 2048]","[2048, 2048, 2048, 2048, 2048, 2048, 2048]","[2048, 2048, 2048, 2048, 2048, 2048, 2048, 2048]",297.0
1288,11315,81,50,2026-06-28T14:03:53.312000+00:00,17.397,31.984,21.866,310.0,205.0,False,71.247,"[None, 2049, 2048, 2048, 2048, 2048]","[2049, 2048, 2048, 2048, 2048, 2048, 2049]","[2048, 2048, 2048, 2048, 2048, 2048, 2048, 2048]",301.0
1288,11315,16,50,2026-06-28T14:03:54.473000+00:00,17.226,32.254,22.057,314.0,209.0,False,71.537,"[None, 2048, 2048, 2048, 2048, 2048]","[2048, 2048, 2048, 2048, 2048, 2048, 2048]","[2049, 2048, 2048, 2048, 2048, 2048, 2048, 2048]",298.0
1288,11315,44,50,2026-06-28T14:03:55.567000+00:00,17.191,32.005,21.787,316.0,208.0,False,70.983,"[None, 2048, 2048, 2048, 2048, 2048]","[2048, 2048, 2048, 2048, 2048, 2048, 2048]","[2048, 2048, 2048, 2048, 2048, 2048, 2048, 2048]",301.0
1288,11315,6,50,2026-06-28T14:03:58.182000+00:00,17.274,32.527,21.862,315.0,212.0,False,71.663,"[None, 2048, 2048, 2048, 2048, 2048]","[2048, 2048, 2048, 2048, 2048, 2048, 2048]","[2048, 2048, 2048, 2048, 2048, 2048, 2048, 2048]",304.0
1288,11315,87,49,2026-06-28T14:04:04.679000+00:00,17.462,32.577,23.436,,208.0,False,73.475,"[None, 2049, 2048, 2048, 2048, 2048]","[2048, 2048, 2048, 2048, 2048, 2048, 2049]","[2048, 2048, 2048, 2048, 2048, 2048, 2048, 2048]",295.0
1288,11315,1,50,2026-06-28T14:04:06.764000+00:00,17.235,31.649,21.981,314.0,207.0,False,70.865,"[None, 2049, 2048, 2048, 2048, 2048]","[2048, 2049, 2048, 2048, 2048, 2049, 2048]","[2049, 2048, 2048, 2048, 2048, 2049, 2048, 2048]",309.0
1288,11315,31,49,2026-06-28T14:04:11.198000+00:00,17.669,32.929,22.712,309.0,205.0,False,73.31,"[None, 2048, 2048, 2048, 2048, 2048]","[2048, 2048, 2048, 2048, 2048, 2048, 2048]","[2048, 2048, 2048, 2048, 2048, 2048, 2048, 2048]",295.0
1288,11315,23,49,2026-06-28T14:04:15.122000+00:00,17.624,33.485,22.911,307.0,199.0,False,74.02,"[None, 2048, 2048, 2048, 2048, 2048]","[2048, 2048, 2048, 2048, 2048, 2048, 2048]","[2048, 2048, 2048, 2048, 2048, 2048, 2048, 2048]",307.0
1288,11315,43,49,2026-06-28T14:04:15.467000+00:00,17.324,32.3,22.171,323.0,207.0,False,71.795,"[None, 2048, 2048, 2048, 2049, 2048]","[2049, 2048, 2048, 2048, 2048, 2049, 2049]","[2049, 2049, 2048, 2049, 2049, 2049, 2049, 2048]",304.0
1288,11315,12,51,2026-06-28T14:04:40.834000+00:00,17.506,32.489,26.584,305.0,204.0,False,76.579,"[None, 2048, 2048, 2048, 2048, 2048]","[2048, 2048, 2048, 2048, 2048, 2048, 2048]","[2048, 2048, 2048, 2048, 2064, 2064, 2064, 2064]",299.0
1288,11315,30,50,2026-06-28T14:04:42.372000+00:00,17.37,32.403,22.173,,212.0,False,71.946,"[None, 2048, 2048, 2048, 2048, 2048]","[2048, 2048, 2048, 2048, 2049, 2048, 2048]","[2048, 2049, 2048, 2048, 2048, 2049, 2048, 2048]",303.0
1288,11315,41,50,2026-06-28T14:04:43.353000+00:00,17.273,32.635,22.099,,209.0,False,72.007,"[None, 2048, 2048, 2048, 2048, 2048]","[2048, 2048, 2048, 2048, 2048, 2048, 2048]","[2048, 2049, 2048, 2048, 2048, 2048, 2049, 2048]",301.0
1288,11315,14,49,2026-06-28T14:04:44.442000+00:00,17.895,33.7,28.619,314.0,199.0,False,80.214,"[None, 2048, 2048, 2048, 2048, 2048]","[2048, 2048, 2048, 2048, 2048, 2048, 2048]","[2048, 2048, 2048, 2048, 2064, 2064, 2064, 2064]",285.0
1288,11315,5,50,2026-06-28T14:04:47.364000+00:00,18.015,33.113,22.318,237.0,216.0,False,73.446,"[None, 2048, 2048, 2048, 2048, 2048]","[2048, 2048, 2048, 2048, 2048, 2048, 2048]","[2048, 2048, 2048, 2048, 2048, 2048, 2048, 2048]",306.0
1288,11315,63,51,2026-06-28T14:04:48.318000+00:00,17.288,31.881,22.002,312.0,207.0,False,71.171,"[2048, 2048, 2048, 2048, 2049, 2048]","[2048, 2048, 2048, 2048, 2048, 2048, 2048]","[2048, 2048, 2048, 2048, 2048, 2048, 2049, 2048]",300.0
1288,11315,10,50,2026-06-28T14:04:52.222000+00:00,17.421,32.756,22.509,324.0,203.0,False,72.686,"[None, 2048, 2048, 2048, 2048, 2048]","[2048, 2048, 2048, 2048, 2048, 2048, 2048]","[2048, 2048, 2048, 2048, 2048, 2048, 2048, 2048]",304.0
1288,11315,27,50,2026-06-28T14:04:58.253000+00:00,17.739,33.506,22.378,278.0,216.0,False,73.623,"[None, 2048, 2048, 2048, 2048, 2048]","[2048, 2048, 2048, 2048, 2048, 2048, 2048]","[2048, 2048, 2048, 2048, 2048, 2048, 2048, 2048]",300.0
1288,11315,3,51,2026-06-28T14:04:59.025000+00:00,17.148,32.17,21.57,316.0,214.0,False,70.888,"[2048, 2048, 2048, 2049, 2049, 2048]","[2048, 2048, 2051, 2048, 2048, 2048, 2049]","[2049, 2049, 2048, 2049, 2051, 2049, 2049, 2048]",301.0
1288,11315,81,51,2026-06-28T14:05:04.620000+00:00,17.284,32.066,21.751,309.0,203.0,False,71.101,"[None, 2048, 2048, 2048, 2048, 2048]","[2048, 2048, 2048, 2048, 2048, 2048, 2048]","[2048, 2048, 2048, 2048, 2048, 2048, 2048, 2048]",302.0
1288,11315,16,51,2026-06-28T14:05:06.058000+00:00,17.403,32.167,22.012,313.0,208.0,False,71.582,"[None, 2048, 2048, 2048, 2048, 2048]","[2048, 2048, 2048, 2048, 2048, 2048, 2048]","[2048, 2048, 2048, 2048, 2048, 2048, 2048, 2049]",298.0
1288,11315,44,51,2026-06-28T14:05:06.607000+00:00,17.106,32.444,21.963,326.0,206.0,False,71.513,"[None, 2048, 2048, 2048, 2049, 2049]","[2048, 2048, 2048, 2048, 2048, 2048, 2048]","[2048, 2048, 2048, 2048, 2048, 2048, 2048, 2049]",304.0
1288,11315,6,51,2026-06-28T14:05:09.890000+00:00,17.287,32.284,21.891,314.0,211.0,False,71.462,"[None, 2048, 2048, 2048, 2048, 2048]","[2048, 2048, 2048, 2048, 2048, 2048, 2048]","[2048, 2048, 2048, 2048, 2048, 2048, 2048, 2048]",304.0
1288,11315,1,51,2026-06-28T14:05:17.537000+00:00,17.33,32.096,21.744,310.0,207.0,False,71.17,"[None, 2048, 2049, 2048, 2048, 2048]","[2048, 2048, 2048, 2048, 2048, 2048, 2049]","[2049, 2048, 2048, 2049, 2048, 2048, 2048, 2048]",302.0
1288,11315,87,50,2026-06-28T14:05:18.198000+00:00,17.433,32.809,22.337,315.0,207.0,False,72.579,"[None, 2048, 2048, 2048, 2048, 2048]","[2048, 2048, 2048, 2048, 2048, 2048, 2048]","[2048, 2048, 2048, 2048, 2048, 2048, 2048, 2048]",302.0
1288,11315,31,50,2026-06-28T14:05:24.490000+00:00,17.719,33.025,22.719,310.0,207.0,False,73.463,"[None, 2048, 2048, 2048, 2048, 2048]","[2048, 2048, 2048, 2048, 2048, 2048, 2048]","[2048, 2048, 2048, 2048, 2048, 2048, 2048, 2048]",295.0
1288,11315,43,50,2026-06-28T14:05:27.154000+00:00,17.546,32.565,22.383,307.0,205.0,False,72.494,"[None, 2049, 2048, 2048, 2048, 2048]","[2048, 2048, 2048, 2048, 2048, 2048, 2048]","[2048, 2048, 2048, 2048, 2048, 2048, 2049, 2048]",299.0
1288,11315,23,50,2026-06-28T14:05:29.167000+00:00,17.638,33.153,22.92,311.0,200.0,False,73.711,"[None, 2048, 2048, 2048, 2048, 2048]","[2048, 2048, 2048, 2048, 2048, 2048, 2048]","[2048, 2048, 2048, 2048, 2048, 2048, 2048, 2048]",301.0
1288,11315,30,51,2026-06-28T14:05:54.263000+00:00,17.399,32.574,22.564,305.0,211.0,False,72.537,"[None, 2048, 2048, 2048, 2048, 2048]","[2048, 2048, 2048, 2048, 2048, 2048, 2048]","[2048, 2048, 2048, 2049, 2048, 2048, 2048, 2048]",297.0
1288,11315,41,51,2026-06-28T14:05:55.357000+00:00,17.287,33.021,24.39,308.0,211.0,False,74.698,"[None, 2048, 2048, 2048, 2048, 2048]","[2048, 2048, 2048, 2048, 2048, 2049, 2048]","[2049, 2049, 2048, 2048, 2048, 2048, 2048, 2048]",304.0
1288,11315,12,52,2026-06-28T14:05:57.392000+00:00,34.036,32.141,29.93,315.0,206.0,True,96.107,"[2064, 2064, 2064, 2048, 2048, 2048]","[2048, 2048, 2048, 2048, 2048, 2049, 2048]","[2048, 2048, 2048, 2048, 2048, 2048, 2048, 2048]",291.0
1288,11315,63,52,2026-06-28T14:05:59.602000+00:00,17.315,31.919,26.407,305.0,207.0,False,75.641,"[None, 2048, 2048, 2048, 2048, 2048]","[2048, 2048, 2048, 2048, 2048, 2048, 2048]","[2048, 2048, 2048, 2048, 2048, 2048, 2048, 2048]",300.0
1288,11315,5,51,2026-06-28T14:06:00.849000+00:00,17.601,32.458,27.07,304.0,213.0,False,77.129,"[None, 2048, 2048, 2048, 2048, 2048]","[2048, 2048, 2048, 2048, 2048, 2048, 2048]","[2048, 2048, 2048, 2048, 2048, 2048, 2048, 2048]",300.0
1288,11315,14,50,2026-06-28T14:06:04.579000+00:00,42.111,39.735,26.639,286.0,151.0,True,108.485,"[2064, 2064, 2064, 2048, 2048, 2048]","[2048, 2048, 2048, 2049, 2048, 2048, 2048]","[2048, 2048, 2048, 2048, 2048, 2048, 2048, 2048]",303.0
1288,11315,10,51,2026-06-28T14:06:05.012000+00:00,17.637,32.689,28.482,309.0,201.0,False,78.808,"[None, 2048, 2048, 2048, 2048, 2048]","[2048, 2048, 2048, 2048, 2048, 2048, 2048]","[2048, 2048, 2048, 2048, 2064, 2064, 2064, 2064]",305.0
1288,11315,3,52,2026-06-28T14:06:09.987000+00:00,17.187,31.692,28.385,312.0,214.0,False,77.264,"[None, 2048, 2048, 2048, 2048, 2048]","[2048, 2048, 2048, 2048, 2049, 2048, 2049]","[2048, 2048, 2048, 2048, 2048, 2048, 2048, 2048]",299.0
1288,11315,27,51,2026-06-28T14:06:11.780000+00:00,17.473,32.169,30.551,308.0,214.0,False,80.193,"[None, 2048, 2048, 2048, 2048, 2048]","[2048, 2048, 2048, 2048, 2048, 2049, 2048]","[2048, 2048, 2048, 2048, 2048, 2048, 2048, 2048]",300.0
1288,11315,81,52,2026-06-28T14:06:15.675000+00:00,17.254,32.085,30.476,315.0,203.0,False,79.815,"[None, 2049, 2048, 2048, 2048, 2048]","[2048, 2048, 2048, 2048, 2048, 2048, 2048]","[2048, 2048, 2048, 2048, 2048, 2048, 2048, 2048]",308.0
1288,11315,16,52,2026-06-28T14:06:17.662000+00:00,17.771,34.628,29.569,295.0,92.0,False,81.968,"[None, 2049, 2048, 2048, 2048, 2048]","[2048, 2048, 2048, 2048, 2048, 2048, 2048]","[2048, 2048, 2048, 2048, 2048, 2048, 2048, 2048]",284.0
1288,11315,44,52,2026-06-28T14:06:18.160000+00:00,17.161,33.929,29.387,316.0,95.0,False,80.477,"[None, 2048, 2048, 2048, 2048, 2048]","[2048, 2048, 2048, 2048, 2048, 2048, 2048]","[2048, 2048, 2048, 2048, 2048, 2048, 2048]",278.0
1288,11315,6,52,2026-06-28T14:06:21.324000+00:00,17.388,35.104,29.307,,153.0,False,81.799,"[None, 2048, 2048, 2048, 2048, 2048]","[2048, 2048, 2048, 2048, 2048, 2048, 2048]","[2048, 2048, 2048, 2048, 2048, 2048, 2048, 2048]",305.0
1288,11315,1,52,2026-06-28T14:06:28.754000+00:00,17.38,37.324,28.144,,196.0,False,82.848,"[None, 2048, 2048, 2048, 2048, 2048]","[2048, 2048, 2048, 2048, 2048, 2048, 2048]","[2048, 2048, 2048, 2048, 2048, 2048, 2048, 2048]",304.0
1288,11315,87,51,2026-06-28T14:06:30.719000+00:00,17.514,39.733,25.906,312.0,176.0,False,83.153,"[None, 2048, 2048, 2048, 2048, 2048]","[2048, 2048, 2048, 2048, 2048, 2048, 2048]","[2048, 2048, 2048, 2048, 2048, 2048, 2048, 2049]",305.0
1288,11315,31,51,2026-06-28T14:06:38.056000+00:00,17.672,41.643,25.47,,168.0,False,84.785,"[None, 2048, 2048, 2048, 2048, 2048]","[2048, 2048, 2048, 2048, 2048, 2048, 2048]","[2048, 2048, 2048, 2048, 2048, 2048, 2048, 2048]",193.0
1288,11315,43,51,2026-06-28T14:06:39.721000+00:00,17.556,42.069,24.587,308.0,179.0,False,84.212,"[None, 2048, 2048, 2048, 2048, 2048]","[2048, 2048, 2048, 2048, 2048, 2048, 2048]","[2048, 2048, 2048, 2048, 2048, 2048, 2049, 2049]",162.0
1288,11315,23,51,2026-06-28T14:06:42.895000+00:00,17.716,41.786,24.662,310.0,143.0,False,84.164,"[None, 2048, 2048, 2048, 2048, 2048]","[2049, 2048, 2048, 2048, 2048, 2048, 2048]","[2048, 2048, 2048, 2048, 2048, 2048, 2048, 2048]",189.0
1288,11315,30,52,2026-06-28T14:07:06.834000+00:00,26.331,35.841,21.891,228.0,215.0,False,84.063,"[None, 2048, 2048, 2048, 2048, 2048]","[2048, 2048, 2048, 2048, 2049, 2049, 2049]","[2049, 2049, 2049, 2049, 2048, 2048, 2048, 2048]",276.0
1288,11315,41,52,2026-06-28T14:07:10.108000+00:00,24.479,36.038,21.914,215.0,212.0,False,82.431,"[None, 2048, 2048, 2048, 2048, 2048]","[2048, 2048, 2048, 2048, 2048, 2049, 2048]","[2048, 2049, 2049, 2048, 2048, 2048, 2048]",294.0
1288,11315,63,53,2026-06-28T14:07:15.048000+00:00,22.236,36.084,21.711,208.0,208.0,False,80.031,"[None, 2048, 2048, 2048, 2048, 2048]","[2048, 2048, 2048, 2048, 2048, 2051, 2048]","[2048, 2049, 2048, 2048, 2048, 2048, 2048, 2048]",271.0
1288,11315,5,52,2026-06-28T14:07:17.950000+00:00,22.888,34.597,22.418,193.0,214.0,False,79.903,"[None, 2048, 2048, 2048, 2048, 2048]","[2048, 2048, 2048, 2048, 2048, 2048, 2048]","[2048, 2048, 2048, 2048, 2049, 2048, 2048, 2048]",301.0
1288,11315,10,52,2026-06-28T14:07:23.763000+00:00,34.094,34.661,22.401,315.0,203.0,True,91.156,"[2064, 2064, 2064, 2048, 2048, 2048]","[2048, 2048, 2048, 2048, 2049, 2048, 2048]","[2048, 2048, 2049, 2048, 2048, 2048, 2049, 2049]",305.0
1288,11315,3,53,2026-06-28T14:07:27.016000+00:00,23.72,31.668,21.548,251.0,220.0,False,76.936,"[None, 2048, 2048, 2048, 2048, 2048]","[2048, 2048, 2048, 2048, 2049, 2049, 2049]","[2048, 2051, 2051, 2048, 2048, 2048, 2048, 2048]",318.0
1288,11315,27,52,2026-06-28T14:07:31.971000+00:00,21.992,32.221,22.335,302.0,216.0,False,76.548,"[None, 2048, 2048, 2048, 2048, 2048]","[2048, 2048, 2048, 2048, 2049, 2048, 2048]","[2049, 2048, 2048, 2048, 2048, 2048, 2048]",303.0
1288,11315,12,53,2026-06-28T14:07:33.494000+00:00,22.254,31.712,21.711,304.0,205.0,False,75.677,"[2048, 2048, 2048, 2048, 2048, 2048]","[2048, 2049, 2051, 2048, 2049, 2049, 2048]","[2048, 2049, 2048, 2048, 2048, 2048, 2049, 2051]",303.0
1288,11315,81,53,2026-06-28T14:07:35.455000+00:00,21.626,31.919,21.753,302.0,205.0,False,75.298,"[None, 2048, 2048, 2048, 2048, 2048]","[2048, 2048, 2049, 2048, 2048, 2049, 2048]","[2048, 2048, 2048, 2048, 2048, 2048, 2048, 2048]",310.0
1288,11315,44,53,2026-06-28T14:07:38.486000+00:00,20.322,32.225,21.827,302.0,208.0,False,74.374,"[None, 2048, 2048, 2048, 2048, 2048]","[2048, 2048, 2048, 2048, 2048, 2048, 2048]","[2048, 2049, 2048, 2048, 2048, 2048, 2048, 2048]",306.0
1288,11315,16,53,2026-06-28T14:07:39.536000+00:00,19.612,32.795,22.165,303.0,206.0,False,74.572,"[None, 2048, 2048, 2048, 2049, 2048]","[2048, 2048, 2048, 2048, 2048, 2048, 2048]","[2048, 2048, 2049, 2048, 2048, 2048, 2049, 2049]",297.0
1288,11315,6,53,2026-06-28T14:07:43.195000+00:00,18.701,32.27,22.05,309.0,213.0,False,73.021,"[None, 2048, 2048, 2048, 2048, 2048]","[2048, 2048, 2048, 2048, 2048, 2048, 2048]","[2048, 2048, 2048, 2048, 2048, 2048, 2048, 2048]",303.0
1288,11315,1,53,2026-06-28T14:07:51.568000+00:00,17.286,31.641,21.732,309.0,207.0,False,70.659,"[None, 2048, 2048, 2048, 2048, 2048]","[2048, 2048, 2048, 2048, 2049, 2048, 2049]","[2049, 2048, 2048, 2048, 2048, 2049, 2049, 2048]",304.0
1288,11315,14,51,2026-06-28T14:07:53.044000+00:00,18.286,33.507,22.56,287.0,206.0,False,74.353,"[2048, 2048, 2048, 2048, 2048, 2048]","[2048, 2048, 2048, 2048, 2048, 2048, 2048]","[2049, 2049, 2049, 2048, 2048, 2049, 2049, 2049]",291.0
1288,11315,87,52,2026-06-28T14:07:53.915000+00:00,17.53,32.94,22.338,,208.0,False,72.808,"[None, 2048, 2048, 2049, 2048, 2048]","[2048, 2048, 2048, 2048, 2048, 2048, 2048]","[2048, 2048, 2048, 2048, 2049, 2049, 2048, 2048]",297.0
1288,11315,31,52,2026-06-28T14:08:02.852000+00:00,17.627,32.852,22.708,307.0,204.0,False,73.187,"[None, 2048, 2048, 2048, 2048, 2048]","[2048, 2048, 2048, 2048, 2048, 2048, 2048]","[2048, 2048, 2048, 2048, 2048, 2049, 2049, 2048]",295.0
1288,11315,43,52,2026-06-28T14:08:04.008000+00:00,17.473,32.599,22.424,,203.0,False,72.496,"[None, 2048, 2048, 2048, 2048, 2048]","[2048, 2048, 2048, 2048, 2048, 2048, 2048]","[2048, 2048, 2048, 2048, 2048, 2048, 2049, 2048]",309.0
1288,11315,23,52,2026-06-28T14:08:07.040000+00:00,17.859,32.958,22.758,307.0,200.0,False,73.575,"[None, 2049, 2048, 2048, 2048, 2048]","[2048, 2048, 2048, 2048, 2048, 2048, 2048]","[2048, 2048, 2048, 2048, 2048, 2048, 2048, 2048]",301.0
1288,11315,30,53,2026-06-28T14:08:30.806000+00:00,17.328,32.397,22.049,300.0,212.0,False,71.774,"[None, 2049, 2048, 2048, 2048, 2048]","[2048, 2048, 2048, 2048, 2048, 2048, 2049]","[2049, 2048, 2048, 2049, 2049, 2049, 2048, 2048]",296.0
1288,11315,41,53,2026-06-28T14:08:32.620000+00:00,17.408,32.428,22.045,299.0,210.0,False,71.881,"[2049, 2048, 2048, 2048, 2048, 2048]","[2048, 2048, 2048, 2048, 2049, 2048, 2048]","[2048, 2048, 2048, 2049, 2049, 2048, 2048, 2048]",298.0
1288,11315,63,54,2026-06-28T14:08:35.251000+00:00,17.256,31.973,21.708,308.0,208.0,False,70.937,"[None, 2048, 2048, 2048, 2048, 2048]","[2049, 2048, 2049, 2049, 2048, 2048, 2048]","[2048, 2048, 2048, 2048, 2048, 2048, 2048, 2049]",303.0
1288,11315,5,53,2026-06-28T14:08:37.950000+00:00,17.56,32.171,22.369,304.0,216.0,False,72.1,"[None, 2049, 2048, 2048, 2048, 2048]","[2048, 2048, 2048, 2048, 2049, 2048, 2048]","[2048, 2048, 2048, 2048, 2048, 2048, 2048, 2048]",301.0
1288,11315,3,54,2026-06-28T14:08:44.124000+00:00,17.201,31.787,21.608,304.0,215.0,False,70.596,"[None, 2048, 2048, 2049, 2048, 2048]","[2048, 2048, 2048, 2048, 2048, 2048, 2051]","[2049, 2048, 2048, 2049, 2051, 2048, 2048, 2048]",297.0
1288,11315,27,53,2026-06-28T14:08:48.467000+00:00,17.659,32.863,23.434,254.0,214.0,False,73.956,"[None, 2048, 2048, 2048, 2048, 2048]","[2048, 2048, 2048, 2048, 2048, 2048, 2048]","[2048, 2048, 2048, 2048, 2048, 2048, 2048, 2049]",306.0
1288,11315,12,54,2026-06-28T14:08:49.257000+00:00,17.124,31.578,21.722,308.0,207.0,False,70.424,"[None, 2048, 2048, 2048, 2048, 2048]","[2048, 2049, 2048, 2048, 2049, 2048, 2048]","[2049, 2048, 2048, 2048, 2048, 2048, 2048, 2048]",297.0
1288,11315,81,54,2026-06-28T14:08:50.765000+00:00,17.207,31.881,21.911,313.0,204.0,False,70.999,"[None, 2048, 2048, 2048, 2048, 2048]","[2048, 2048, 2048, 2048, 2048, 2048, 2048]","[2048, 2048, 2048, 2048, 2048, 2048, 2048, 2048]",311.0
1288,11315,44,54,2026-06-28T14:08:52.971000+00:00,17.341,32.382,21.969,293.0,207.0,False,71.692,"[None, 2048, 2048, 2048, 2048, 2048]","[2048, 2048, 2048, 2048, 2048, 2048, 2048]","[2048, 2048, 2048, 2048, 2048, 2048, 2048, 2048]",281.0
1288,11315,16,54,2026-06-28T14:08:54.146000+00:00,17.419,32.465,22.179,301.0,207.0,False,72.063,"[2049, 2048, 2048, 2048, 2048, 2048]","[2048, 2048, 2048, 2048, 2048, 2048, 2048]","[2048, 2048, 2048, 2048, 2048, 2048, 2048, 2048]",286.0
1288,11315,10,53,2026-06-28T14:08:54.962000+00:00,17.089,34.092,22.449,319.0,205.0,False,73.63,"[2048, 2048, 2049, 2049, 2049, 2048]","[2048, 2048, 2048, 2049, 2048, 2048, 2048]","[2048, 2049, 2049, 2048, 2048, 2048, 2048, 2048]",307.0
1288,11315,6,54,2026-06-28T14:08:56.120000+00:00,17.27,32.038,21.977,317.0,212.0,False,71.285,"[None, 2048, 2048, 2048, 2048, 2048]","[2048, 2048, 2048, 2048, 2048, 2048, 2048]","[2048, 2048, 2048, 2048, 2048, 2048, 2048, 2048]",311.0
1288,11315,1,54,2026-06-28T14:09:02.229000+00:00,17.362,31.805,21.816,307.0,206.0,False,70.983,"[None, 2048, 2048, 2048, 2048, 2048]","[2048, 2048, 2048, 2048, 2048, 2048, 2048]","[2048, 2048, 2048, 2048, 2048, 2048, 2048, 2048]",304.0
1288,11315,87,53,2026-06-28T14:09:06.773000+00:00,17.586,32.367,22.313,305.0,207.0,False,72.266,"[None, 2048, 2048, 2048, 2048, 2048]","[2048, 2049, 2048, 2048, 2049, 2048, 2048]","[2048, 2048, 2048, 2049, 2049, 2048, 2048, 2048]",296.0
1288,11315,14,52,2026-06-28T14:09:07.430000+00:00,17.427,32.696,22.378,312.0,205.0,False,72.501,"[2049, 2048, 2048, 2049, 2049, 2048]","[2048, 2049, 2048, 2048, 2049, 2048, 2048]","[2049, 2049, 2048, 2048, 2048, 2048, 2048, 2048]",290.0
1288,11315,31,53,2026-06-28T14:09:15.978000+00:00,17.673,32.752,22.792,,205.0,False,73.217,"[None, 2048, 2048, 2048, 2048, 2048]","[2048, 2048, 2048, 2048, 2048, 2048, 2048]","[2048, 2048, 2048, 2048, 2048, 2048, 2048, 2048]",296.0
1288,11315,43,53,2026-06-28T14:09:16.442000+00:00,17.475,33.055,22.634,318.0,206.0,False,73.164,"[None, 2048, 2048, 2048, 2048, 2048]","[2048, 2048, 2048, 2048, 2048, 2048, 2048]","[2048, 2048, 2048, 2048, 2048, 2048, 2048, 2048]",295.0
1288,11315,23,53,2026-06-28T14:09:20.590000+00:00,17.618,32.867,22.712,306.0,201.0,False,73.197,"[None, 2048, 2048, 2048, 2048, 2048]","[2048, 2048, 2048, 2048, 2048, 2048, 2048]","[2048, 2048, 2048, 2049, 2048, 2048, 2048, 2048]",303.0
1288,11315,30,54,2026-06-28T14:09:42.645000+00:00,17.462,32.252,22.036,304.0,212.0,False,71.75,"[None, 2048, 2048, 2048, 2048, 2048]","[2048, 2049, 2048, 2048, 2048, 2048, 2048]","[2048, 2048, 2048, 2048, 2048, 2048, 2048, 2048]",301.0
1288,11315,41,54,2026-06-28T14:09:44.436000+00:00,17.32,32.295,22.046,307.0,211.0,False,71.661,"[2048, 2048, 2049, 2048, 2048, 2048]","[2048, 2048, 2048, 2048, 2048, 2048, 2048]","[2049, 2048, 2048, 2048, 2048, 2048, 2048]",306.0
1288,11315,63,55,2026-06-28T14:09:46.284000+00:00,17.163,31.813,21.92,310.0,207.0,False,70.896,"[None, 2048, 2048, 2048, 2048, 2048]","[2048, 2048, 2048, 2049, 2048, 2048, 2048]","[2048, 2049, 2049, 2048, 2048, 2048, 2048]",306.0
1288,11315,5,54,2026-06-28T14:09:50.017000+00:00,17.6,32.269,22.302,300.0,214.0,False,72.171,"[None, 2048, 2048, 2048, 2048, 2048]","[2048, 2048, 2048, 2048, 2048, 2048, 2048]","[2048, 2048, 2048, 2048, 2048, 2048, 2048, 2048]",296.0
1288,11315,3,55,2026-06-28T14:09:54.770000+00:00,17.239,31.689,21.671,311.0,214.0,False,70.599,"[None, 2048, 2048, 2048, 2048, 2048]","[2048, 2049, 2048, 2048, 2048, 2048, 2048]","[2048, 2048, 2048, 2048, 2048, 2048, 2048, 2048]",300.0
1288,11315,12,55,2026-06-28T14:09:59.674000+00:00,17.156,31.713,21.575,303.0,207.0,False,70.444,"[None, 2048, 2048, 2049, 2048, 2048]","[2048, 2049, 2048, 2048, 2048, 2048, 2048]","[2049, 2048, 2048, 2048, 2049, 2051, 2048, 2048]",301.0
1288,11315,81,55,2026-06-28T14:10:01.850000+00:00,17.24,31.961,21.855,311.0,204.0,False,71.056,"[None, 2048, 2048, 2048, 2048, 2048]","[2048, 2048, 2048, 2048, 2048, 2048, 2048]","[2048, 2048, 2048, 2048, 2048, 2048, 2048, 2048]",306.0
1288,11315,27,54,2026-06-28T14:10:02.557000+00:00,17.339,32.291,22.092,307.0,216.0,False,71.722,"[2049, 2048, 2048, 2049, 2049, 2048]","[2048, 2048, 2048, 2048, 2048, 2049, 2048]","[2048, 2048, 2049, 2048, 2048, 2048, 2048, 2048]",297.0
1288,11315,44,55,2026-06-28T14:10:04.785000+00:00,17.389,32.242,21.948,300.0,207.0,False,71.579,"[None, 2048, 2048, 2048, 2048, 2048]","[2048, 2048, 2048, 2048, 2048, 2048, 2048]","[2048, 2048, 2048, 2048, 2048, 2048, 2048, 2048]",286.0
1288,11315,16,55,2026-06-28T14:10:06.196000+00:00,17.423,32.291,22.297,,206.0,False,72.011,"[2048, 2048, 2048, 2048, 2048, 2048]","[2048, 2048, 2048, 2048, 2048, 2048, 2048]","[2048, 2048, 2048, 2048, 2048, 2048, 2048, 2048]",286.0
1288,11315,6,55,2026-06-28T14:10:07.527000+00:00,17.19,32.236,22.038,318.0,211.0,False,71.464,"[None, 2048, 2048, 2048, 2048, 2048]","[2048, 2048, 2048, 2048, 2048, 2048, 2048]","[2048, 2048, 2048, 2048, 2048, 2048, 2048, 2048]",312.0
1288,11315,10,54,2026-06-28T14:10:08.596000+00:00,17.196,32.076,22.194,317.0,206.0,False,71.466,"[2049, 2048, 2049, 2048, 2048, 2048]","[2048, 2049, 2048, 2048, 2048, 2049, 2048]","[2048, 2048, 2048, 2049, 2049, 2048, 2048, 2048]",313.0
1288,11315,1,55,2026-06-28T14:10:13.297000+00:00,17.328,31.55,21.774,308.0,206.0,False,70.652,"[None, 2048, 2048, 2048, 2048, 2048]","[2048, 2051, 2048, 2048, 2048, 2048, 2048]","[2048, 2048, 2048, 2048, 2049, 2048, 2048, 2048]",305.0
1288,11315,87,54,2026-06-28T14:10:18.946000+00:00,17.451,32.509,22.247,306.0,208.0,False,72.207,"[None, 2048, 2048, 2048, 2048, 2048]","[2048, 2048, 2048, 2048, 2048, 2048, 2048]","[2049, 2048, 2048, 2049, 2049, 2048, 2048, 2048]",297.0
1288,11315,14,53,2026-06-28T14:10:19.967000+00:00,17.579,32.751,22.608,303.0,203.0,False,72.938,"[2048, 2048, 2049, 2049, 2048, 2048]","[2048, 2049, 2048, 2048, 2048, 2048, 2048]","[2048, 2048, 2048, 2049, 2049, 2048, 2048, 2048]",286.0
1288,11315,31,54,2026-06-28T14:10:29.295000+00:00,17.581,33.374,22.911,,205.0,False,73.866,"[None, 2049, 2048, 2048, 2048, 2048]","[2048, 2048, 2049, 2048, 2048, 2048, 2048]","[2048, 2048, 2048, 2048, 2048, 2048, 2048, 2049]",299.0
1288,11315,43,54,2026-06-28T14:10:29.582000+00:00,17.293,32.8,22.292,325.0,205.0,False,72.385,"[None, 2048, 2048, 2048, 2048, 2049]","[2049, 2048, 2048, 2048, 2048, 2048, 2048]","[2048, 2048, 2048, 2049, 2048, 2049, 2048, 2048]",290.0
1288,11315,23,54,2026-06-28T14:10:33.821000+00:00,17.63,32.8,22.767,305.0,200.0,False,73.197,"[None, 2048, 2048, 2048, 2048, 2048]","[2048, 2048, 2048, 2048, 2048, 2048, 2048]","[2048, 2048, 2048, 2048, 2048, 2048, 2048, 2048]",304.0
1288,11315,30,55,2026-06-28T14:10:54.754000+00:00,17.366,32.076,22.105,305.0,213.0,False,71.547,"[None, 2048, 2048, 2048, 2048, 2048]","[2048, 2049, 2048, 2048, 2049, 2048, 2048]","[2049, 2048, 2048, 2048, 2048, 2048, 2048, 2048]",304.0
1288,11315,41,55,2026-06-28T14:10:56.625000+00:00,19.012,32.597,22.005,,210.0,False,73.614,"[None, 2048, 2048, 2048, 2048, 2048]","[2048, 2048, 2048, 2048, 2048, 2048, 2048]","[2048, 2048, 2048, 2048, 2049, 2048, 2048, 2048]",308.0
1288,11315,63,56,2026-06-28T14:10:57.334000+00:00,17.226,31.838,21.716,306.0,207.0,False,70.78,"[None, 2048, 2048, 2048, 2048, 2048]","[2048, 2048, 2048, 2049, 2048, 2048, 2048]","[2048, 2048, 2048, 2048, 2048, 2048, 2048, 2048]",304.0
1288,11315,5,55,2026-06-28T14:11:02.221000+00:00,17.631,32.379,22.219,299.0,214.0,False,72.229,"[None, 2048, 2048, 2049, 2048, 2048]","[2048, 2048, 2048, 2048, 2048, 2048, 2048]","[2048, 2048, 2048, 2049, 2049, 2048, 2048, 2048]",296.0
1288,11315,3,56,2026-06-28T14:11:05.391000+00:00,17.202,31.722,21.709,313.0,213.0,False,70.633,"[None, 2048, 2048, 2049, 2048, 2048]","[2048, 2048, 2048, 2048, 2048, 2048, 2048]","[2048, 2048, 2048, 2048, 2048, 2048, 2048, 2048]",304.0
1288,11315,12,56,2026-06-28T14:11:10.170000+00:00,17.178,31.593,21.659,305.0,206.0,False,70.43,"[None, 2048, 2048, 2048, 2048, 2048]","[2048, 2049, 2048, 2048, 2048, 2048, 2051]","[2048, 2048, 2048, 2048, 2049, 2048, 2048, 2048]",303.0
1288,11315,81,56,2026-06-28T14:11:12.827000+00:00,17.297,31.933,21.837,310.0,204.0,False,71.067,"[None, 2048, 2048, 2048, 2048, 2048]","[2049, 2048, 2048, 2048, 2048, 2048, 2048]","[2048, 2048, 2048, 2048, 2049, 2048, 2048, 2048]",305.0
1288,11315,27,55,2026-06-28T14:11:14.300000+00:00,17.433,32.036,22.165,305.0,214.0,False,71.634,"[2048, 2048, 2048, 2048, 2048, 2048]","[2049, 2048, 2048, 2048, 2048, 2048, 2048]","[2048, 2048, 2048, 2049, 2048, 2048, 2048, 2048]",302.0
1288,11315,44,56,2026-06-28T14:11:16.281000+00:00,17.201,32.118,21.998,312.0,206.0,False,71.317,"[None, 2048, 2048, 2048, 2048, 2048]","[2048, 2048, 2048, 2048, 2048, 2048, 2048]","[2048, 2048, 2048, 2048, 2048, 2048, 2048, 2048]",300.0
1288,11315,16,56,2026-06-28T14:11:18.191000+00:00,17.544,34.005,22.481,312.0,205.0,False,74.03,"[None, 2048, 2048, 2048, 2048, 2048]","[2048, 2048, 2049, 2049, 2048, 2048, 2048]","[2048, 2048, 2048, 2048, 2048, 2048, 2048, 2048]",317.0
1288,11315,6,56,2026-06-28T14:11:18.924000+00:00,17.106,33.353,21.954,333.0,213.0,False,72.413,"[None, 2048, 2048, 2048, 2049, 2049]","[2048, 2048, 2048, 2049, 2048, 2048, 2048]","[2048, 2048, 2048, 2048, 2048, 2048, 2048, 2048]",322.0
1288,11315,10,55,2026-06-28T14:11:20.184000+00:00,17.298,32.824,22.683,318.0,203.0,False,72.805,"[2048, 2048, 2049, 2048, 2048, 2048]","[2048, 2048, 2048, 2048, 2048, 2048, 2048]","[2048, 2048, 2048, 2048, 2048, 2048, 2048, 2048]",312.0
1288,11315,1,56,2026-06-28T14:11:23.864000+00:00,17.314,31.74,21.853,312.0,205.0,False,70.907,"[None, 2048, 2048, 2048, 2048, 2048]","[2048, 2048, 2048, 2048, 2048, 2048, 2048]","[2048, 2048, 2049, 2048, 2048, 2048, 2048, 2049]",307.0
1288,11315,87,55,2026-06-28T14:11:31.156000+00:00,17.561,32.507,22.438,308.0,209.0,False,72.506,"[None, 2048, 2048, 2048, 2048, 2048]","[2048, 2048, 2048, 2048, 2048, 2048, 2048]","[2048, 2048, 2048, 2048, 2048, 2048, 2048, 2048]",298.0
1288,11315,14,54,2026-06-28T14:11:32.915000+00:00,17.808,33.009,22.567,289.0,204.0,False,73.384,"[None, 2048, 2048, 2048, 2048, 2048]","[2048, 2048, 2048, 2048, 2048, 2048, 2048]","[2049, 2048, 2048, 2048, 2049, 2048, 2048, 2048]",283.0
1288,11315,43,55,2026-06-28T14:11:41.963000+00:00,17.692,32.437,22.232,304.0,205.0,False,72.361,"[None, 2048, 2048, 2048, 2048, 2048]","[2048, 2048, 2048, 2048, 2048, 2049, 2048]","[2048, 2048, 2048, 2048, 2048, 2048, 2048, 2048]",298.0
1288,11315,31,55,2026-06-28T14:11:43.094000+00:00,17.658,32.979,22.709,314.0,206.0,False,73.346,"[None, 2048, 2048, 2048, 2048, 2048]","[2048, 2048, 2048, 2048, 2048, 2048, 2048]","[2048, 2048, 2048, 2048, 2048, 2048, 2048, 2048]",297.0
1288,11315,23,55,2026-06-28T14:11:47.038000+00:00,17.618,32.852,22.831,309.0,200.0,False,73.301,"[None, 2048, 2048, 2048, 2048, 2048]","[2048, 2048, 2048, 2048, 2048, 2048, 2048]","[2048, 2048, 2048, 2048, 2048, 2048, 2048, 2048]",302.0
1288,11315,30,56,2026-06-28T14:12:06.013000+00:00,17.445,32.38,21.984,304.0,212.0,False,71.809,"[None, 2048, 2048, 2048, 2048, 2048]","[2048, 2048, 2048, 2048, 2048, 2048, 2048]","[2048, 2048, 2048, 2049, 2049, 2048, 2048, 2048]",300.0
1288,11315,63,57,2026-06-28T14:12:07.919000+00:00,17.495,32.21,21.798,313.0,206.0,False,71.503,"[None, 2048, 2048, 2048, 2048, 2048]","[2048, 2048, 2048, 2048, 2048, 2048, 2048]","[2048, 2048, 2048, 2048, 2048, 2048, 2048, 2048]",305.0
1288,11315,41,56,2026-06-28T14:12:09.663000+00:00,17.274,32.344,21.969,310.0,211.0,False,71.587,"[None, 2048, 2048, 2048, 2048, 2048]","[2048, 2048, 2048, 2048, 2048, 2048, 2048]","[2048, 2048, 2048, 2049, 2048, 2048, 2048, 2048]",306.0
1288,11315,5,56,2026-06-28T14:12:14.465000+00:00,17.658,33.653,22.249,303.0,214.0,False,73.56,"[None, 2048, 2048, 2048, 2048, 2048]","[2049, 2048, 2048, 2048, 2048, 2048, 2048]","[2048, 2048, 2048, 2048, 2048, 2048, 2049, 2048]",237.0
1288,11315,3,57,2026-06-28T14:12:16.039000+00:00,17.162,31.741,21.58,314.0,214.0,False,70.483,"[None, 2048, 2048, 2048, 2048, 2048]","[2048, 2048, 2048, 2048, 2048, 2048, 2048]","[2048, 2048, 2048, 2048, 2048, 2048, 2048, 2048]",304.0
1288,11315,12,57,2026-06-28T14:12:20.488000+00:00,17.195,31.642,21.633,307.0,208.0,False,70.47,"[None, 2048, 2048, 2048, 2048, 2048]","[2048, 2048, 2048, 2048, 2048, 2048, 2051]","[2048, 2048, 2048, 2048, 2049, 2048, 2048, 2048]",301.0
1288,11315,81,57,2026-06-28T14:12:23.956000+00:00,17.328,32.158,21.849,311.0,204.0,False,71.335,"[None, 2048, 2048, 2048, 2048, 2048]","[2048, 2048, 2048, 2048, 2048, 2048, 2048]","[2048, 2048, 2048, 2048, 2048, 2048, 2048, 2048]",303.0
1288,11315,27,56,2026-06-28T14:12:25.866000+00:00,17.406,32.116,22.25,307.0,213.0,False,71.772,"[None, 2048, 2048, 2048, 2048, 2048]","[2048, 2048, 2048, 2048, 2048, 2048, 2048]","[2048, 2048, 2048, 2048, 2049, 2048, 2048, 2048]",299.0
1288,11315,44,57,2026-06-28T14:12:27.653000+00:00,17.252,32.051,21.928,315.0,207.0,False,71.231,"[None, 2048, 2048, 2048, 2048, 2048]","[2048, 2048, 2048, 2048, 2048, 2048, 2048]","[2048, 2048, 2048, 2049, 2049, 2048, 2048, 2048]",301.0
1288,11315,6,57,2026-06-28T14:12:31.269000+00:00,17.366,32.258,21.894,309.0,210.0,False,71.518,"[None, 2049, 2048, 2048, 2048, 2048]","[2048, 2048, 2048, 2048, 2048, 2048, 2048]","[2048, 2048, 2048, 2048, 2048, 2048, 2048, 2048]",300.0
1288,11315,16,57,2026-06-28T14:12:32.272000+00:00,17.468,32.375,22.232,316.0,205.0,False,72.075,"[None, 2048, 2048, 2048, 2048, 2049]","[2048, 2048, 2048, 2048, 2048, 2048, 2048]","[2048, 2048, 2049, 2048, 2048, 2048, 2048, 2048]",300.0
1288,11315,10,56,2026-06-28T14:12:32.905000+00:00,17.305,32.536,22.212,321.0,207.0,False,72.053,"[None, 2048, 2048, 2048, 2048, 2048]","[2048, 2048, 2048, 2048, 2048, 2048, 2048]","[2048, 2048, 2048, 2048, 2048, 2049, 2048, 2048]",316.0
1288,11315,1,57,2026-06-28T14:12:34.788000+00:00,17.23,31.846,21.903,317.0,205.0,False,70.979,"[None, 2048, 2048, 2048, 2049, 2048]","[2048, 2048, 2048, 2048, 2048, 2048, 2048]","[2048, 2048, 2049, 2048, 2048, 2048, 2048, 2049]",309.0
1288,11315,87,56,2026-06-28T14:12:43.793000+00:00,17.637,32.649,22.478,,207.0,False,72.764,"[None, 2048, 2048, 2048, 2048, 2048]","[2048, 2048, 2048, 2048, 2048, 2048, 2048]","[2048, 2048, 2048, 2048, 2048, 2048, 2048, 2048]",298.0
1288,11315,14,55,2026-06-28T14:12:46.343000+00:00,17.781,32.998,22.7,293.0,204.0,False,73.479,"[None, 2048, 2049, 2048, 2048, 2048]","[2048, 2048, 2048, 2048, 2048, 2048, 2048]","[2048, 2048, 2048, 2048, 2048, 2048, 2048, 2048]",283.0
1288,11315,43,56,2026-06-28T14:12:54.341000+00:00,17.514,32.37,22.097,303.0,203.0,False,71.981,"[None, 2048, 2048, 2048, 2048, 2048]","[2048, 2048, 2048, 2048, 2048, 2048, 2048]","[2048, 2048, 2048, 2049, 2048, 2049, 2048, 2048]",299.0
1288,11315,31,56,2026-06-28T14:12:56.408000+00:00,17.682,33.016,22.908,310.0,203.0,False,73.606,"[None, 2048, 2048, 2048, 2048, 2048]","[2048, 2048, 2048, 2048, 2048, 2048, 2048]","[2048, 2048, 2048, 2048, 2048, 2048, 2048, 2048]",296.0
1288,11315,23,56,2026-06-28T14:13:00.374000+00:00,17.654,32.991,22.839,308.0,200.0,False,73.484,"[None, 2048, 2048, 2048, 2048, 2048]","[2048, 2048, 2048, 2048, 2048, 2048, 2048]","[2048, 2048, 2048, 2048, 2048, 2048, 2048, 2048]",300.0
1288,11315,30,57,2026-06-28T14:13:17.745000+00:00,17.497,33.837,22.364,,212.0,False,73.698,"[None, 2048, 2048, 2048, 2048, 2048]","[2048, 2048, 2048, 2048, 2048, 2048, 2048]","[2048, 2048, 2048, 2048, 2048, 2048, 2048, 2048]",302.0
1288,11315,63,58,2026-06-28T14:13:19.445000+00:00,17.152,32.121,21.737,312.0,208.0,False,71.01,"[None, 2048, 2048, 2048, 2048, 2048]","[2048, 2048, 2048, 2048, 2048, 2048, 2048]","[2048, 2048, 2048, 2051, 2048, 2048, 2048, 2048]",302.0
1288,11315,41,57,2026-06-28T14:13:21.357000+00:00,17.332,32.581,22.006,306.0,211.0,False,71.919,"[None, 2048, 2048, 2048, 2048, 2048]","[2048, 2048, 2048, 2048, 2048, 2048, 2048]","[2048, 2048, 2048, 2048, 2049, 2048, 2048, 2048]",305.0
1288,11315,3,58,2026-06-28T14:13:26.464000+00:00,17.18,31.792,21.65,312.0,215.0,False,70.622,"[None, 2048, 2048, 2048, 2048, 2048]","[2048, 2048, 2048, 2048, 2048, 2048, 2048]","[2048, 2048, 2048, 2049, 2048, 2048, 2048, 2048]",303.0
1288,11315,5,57,2026-06-28T14:13:28.199000+00:00,17.531,32.379,22.222,305.0,216.0,False,72.132,"[None, 2048, 2048, 2048, 2048, 2048]","[2048, 2048, 2048, 2048, 2048, 2048, 2048]","[2048, 2048, 2048, 2048, 2048, 2048, 2048, 2048]",301.0
1288,11315,12,58,2026-06-28T14:13:30.930000+00:00,17.153,31.826,21.653,309.0,209.0,False,70.632,"[None, 2048, 2048, 2048, 2048, 2048]","[2048, 2048, 2048, 2048, 2048, 2048, 2051]","[2048, 2048, 2048, 2048, 2048, 2048, 2048, 2048]",305.0
1288,11315,81,58,2026-06-28T14:13:35.362000+00:00,17.288,32.11,21.821,310.0,205.0,False,71.219,"[None, 2048, 2048, 2048, 2048, 2048]","[2048, 2048, 2048, 2048, 2048, 2048, 2048]","[2048, 2048, 2048, 2048, 2048, 2048, 2048, 2048]",304.0
1288,11315,27,57,2026-06-28T14:13:37.601000+00:00,17.585,33.618,22.48,301.0,214.0,False,73.683,"[None, 2048, 2048, 2048, 2048, 2048]","[2048, 2048, 2048, 2048, 2048, 2048, 2048]","[2048, 2048, 2048, 2048, 2048, 2048, 2048, 2048]",253.0
1288,11315,44,58,2026-06-28T14:13:38.888000+00:00,17.202,32.095,22.009,317.0,207.0,False,71.306,"[None, 2048, 2048, 2048, 2048, 2048]","[2048, 2048, 2048, 2048, 2048, 2048, 2048]","[2048, 2048, 2048, 2048, 2048, 2048, 2048, 2048]",304.0
1288,11315,6,58,2026-06-28T14:13:42.844000+00:00,17.384,32.346,21.917,312.0,211.0,False,71.647,"[None, 2048, 2048, 2048, 2048, 2048]","[2048, 2048, 2048, 2048, 2048, 2048, 2048]","[2048, 2048, 2048, 2048, 2048, 2048, 2048, 2048]",304.0
1288,11315,16,58,2026-06-28T14:13:44.311000+00:00,17.42,32.71,22.521,313.0,205.0,False,72.651,"[None, 2048, 2048, 2048, 2048, 2048]","[2048, 2048, 2048, 2048, 2048, 2048, 2048]","[2048, 2048, 2048, 2048, 2048, 2048, 2048, 2048]",300.0
1288,11315,10,57,2026-06-28T14:13:45.026000+00:00,18.218,32.571,22.313,292.0,205.0,False,73.102,"[None, 2048, 2048, 2048, 2048, 2048]","[2048, 2048, 2048, 2049, 2048, 2049, 2049]","[2048, 2048, 2048, 2048, 2048, 2048, 2049, 2049]",322.0
1288,11315,1,58,2026-06-28T14:13:45.784000+00:00,17.248,31.993,22.224,313.0,205.0,False,71.465,"[None, 2048, 2048, 2048, 2049, 2048]","[2048, 2048, 2048, 2048, 2048, 2049, 2048]","[2048, 2048, 2048, 2048, 2048, 2048, 2048, 2049]",315.0
1288,11315,87,57,2026-06-28T14:13:56.593000+00:00,17.517,32.88,22.555,307.0,205.0,False,72.952,"[None, 2048, 2048, 2048, 2048, 2048]","[2048, 2048, 2048, 2048, 2048, 2048, 2048]","[2048, 2048, 2048, 2048, 2048, 2048, 2048, 2048]",298.0
1288,11315,14,56,2026-06-28T14:13:59.812000+00:00,17.869,33.027,22.543,,204.0,False,73.439,"[None, 2049, 2048, 2048, 2048, 2048]","[2048, 2048, 2048, 2048, 2048, 2048, 2048]","[2049, 2048, 2048, 2048, 2048, 2048, 2048, 2048]",284.0
1288,11315,43,57,2026-06-28T14:14:06.344000+00:00,17.536,32.504,22.247,306.0,203.0,False,72.287,"[None, 2048, 2048, 2048, 2048, 2048]","[2048, 2048, 2048, 2048, 2048, 2048, 2048]","[2048, 2048, 2048, 2048, 2048, 2048, 2048, 2048]",300.0
1288,11315,31,57,2026-06-28T14:14:10.019000+00:00,17.754,32.981,22.855,309.0,206.0,False,73.59,"[None, 2048, 2048, 2048, 2048, 2048]","[2049, 2048, 2048, 2048, 2048, 2048, 2048]","[2048, 2048, 2048, 2048, 2048, 2048, 2048, 2048]",296.0
1288,11315,23,57,2026-06-28T14:14:13.746000+00:00,17.698,33.093,22.873,306.0,200.0,False,73.664,"[None, 2048, 2048, 2048, 2048, 2048]","[2048, 2048, 2048, 2048, 2048, 2048, 2048]","[2048, 2048, 2048, 2048, 2048, 2048, 2048, 2048]",300.0
1288,11315,63,59,2026-06-28T14:14:30.466000+00:00,17.27,32.04,21.833,306.0,207.0,False,71.143,"[None, 2048, 2048, 2048, 2048, 2048]","[2048, 2048, 2048, 2048, 2048, 2048, 2048]","[2048, 2048, 2048, 2048, 2048, 2048, 2048, 2048]",300.0
1288,11315,30,58,2026-06-28T14:14:31.547000+00:00,17.344,32.458,22.142,306.0,213.0,False,71.944,"[None, 2048, 2048, 2048, 2048, 2048]","[2048, 2048, 2048, 2048, 2048, 2048, 2048]","[2048, 2048, 2048, 2048, 2048, 2048, 2048, 2048]",306.0
1288,11315,41,58,2026-06-28T14:14:33.315000+00:00,17.267,32.362,22.131,308.0,213.0,False,71.76,"[None, 2048, 2048, 2048, 2048, 2048]","[2048, 2048, 2048, 2048, 2048, 2048, 2049]","[2048, 2048, 2048, 2048, 2048, 2048, 2048, 2048]",307.0
1288,11315,3,59,2026-06-28T14:14:37.109000+00:00,17.166,31.608,21.734,313.0,214.0,False,70.508,"[None, 2048, 2048, 2048, 2048, 2048]","[2048, 2049, 2048, 2048, 2048, 2048, 2048]","[2048, 2048, 2048, 2048, 2048, 2048, 2048, 2048]",305.0
1288,11315,5,58,2026-06-28T14:14:40.216000+00:00,17.619,33.517,22.357,303.0,213.0,False,73.493,"[None, 2048, 2048, 2048, 2048, 2048]","[2048, 2048, 2048, 2048, 2048, 2048, 2048]","[2048, 2048, 2048, 2048, 2048, 2048, 2048, 2048]",240.0
1288,11315,12,59,2026-06-28T14:14:41.723000+00:00,17.126,31.58,21.668,313.0,208.0,False,70.374,"[None, 2048, 2048, 2048, 2048, 2048]","[2049, 2048, 2048, 2048, 2048, 2048, 2048]","[2048, 2048, 2048, 2048, 2048, 2048, 2048, 2048]",304.0
1288,11315,81,59,2026-06-28T14:14:46.630000+00:00,17.29,32.156,21.886,309.0,204.0,False,71.332,"[None, 2048, 2048, 2048, 2048, 2048]","[2048, 2048, 2048, 2048, 2048, 2048, 2048]","[2048, 2048, 2048, 2048, 2048, 2048, 2048, 2048]",303.0
1288,11315,44,59,2026-06-28T14:14:50.175000+00:00,17.282,32.143,21.959,309.0,205.0,False,71.384,"[None, 2048, 2048, 2048, 2048, 2048]","[2048, 2048, 2048, 2048, 2048, 2048, 2048]","[2048, 2048, 2048, 2048, 2048, 2048, 2048, 2048]",296.0
1288,11315,27,58,2026-06-28T14:14:51.340000+00:00,17.454,32.229,22.399,307.0,213.0,False,72.082,"[None, 2049, 2048, 2048, 2048, 2048]","[2048, 2048, 2048, 2048, 2048, 2048, 2048]","[2048, 2048, 2048, 2048, 2048, 2048, 2048, 2048]",303.0
1288,11315,6,59,2026-06-28T14:14:54.561000+00:00,17.347,32.311,21.901,313.0,211.0,False,71.559,"[None, 2048, 2048, 2048, 2048, 2048]","[2048, 2048, 2048, 2048, 2048, 2048, 2048]","[2048, 2048, 2048, 2048, 2048, 2048, 2048, 2048]",305.0
1288,11315,16,59,2026-06-28T14:14:57.006000+00:00,17.565,33.266,27.455,310.0,205.0,False,78.286,"[None, 2048, 2048, 2048, 2048, 2048]","[2048, 2048, 2048, 2048, 2048, 2048, 2048]","[2048, 2048, 2048, 2048, 2064, 2064, 2064, 2064]",303.0
1288,11315,1,59,2026-06-28T14:14:57.254000+00:00,17.312,32.329,21.943,330.0,204.0,False,71.584,"[2049, 2048, 2048, 2048, 2049, 2049]","[2048, 2048, 2048, 2048, 2048, 2048, 2048]","[2048, 2048, 2048, 2048, 2048, 2048, 2048, 2048]",306.0
1288,11315,10,58,2026-06-28T14:14:58.114000+00:00,17.172,32.908,23.682,321.0,204.0,False,73.762,"[2049, 2048, 2048, 2048, 2048, 2048]","[2048, 2048, 2048, 2048, 2048, 2048, 2048]","[2048, 2048, 2048, 2048, 2048, 2048, 2048, 2048]",311.0
1288,11315,87,58,2026-06-28T14:15:09.460000+00:00,17.462,32.845,22.682,,206.0,False,72.989,"[None, 2048, 2048, 2048, 2048, 2048]","[2048, 2048, 2048, 2048, 2048, 2048, 2048]","[2048, 2048, 2048, 2048, 2048, 2048, 2048, 2048]",299.0
1288,11315,14,57,2026-06-28T14:15:13.200000+00:00,17.747,33.092,22.806,294.0,201.0,False,73.645,"[None, 2048, 2048, 2048, 2048, 2048]","[2048, 2048, 2048, 2048, 2048, 2048, 2048]","[2048, 2048, 2048, 2048, 2048, 2048, 2048, 2048]",284.0
1288,11315,43,58,2026-06-28T14:15:18.664000+00:00,17.461,32.49,22.198,307.0,206.0,False,72.149,"[None, 2048, 2048, 2049, 2048, 2048]","[2048, 2048, 2048, 2048, 2048, 2048, 2048]","[2048, 2048, 2048, 2048, 2048, 2048, 2048, 2048]",303.0
1288,11315,31,58,2026-06-28T14:15:23.704000+00:00,17.729,33.102,22.993,308.0,204.0,False,73.824,"[None, 2048, 2048, 2048, 2048, 2048]","[2048, 2048, 2048, 2048, 2048, 2048, 2048]","[2048, 2048, 2048, 2048, 2048, 2048, 2048, 2048]",297.0
1288,11315,23,58,2026-06-28T14:15:27.475000+00:00,17.643,32.94,22.955,,200.0,False,73.538,"[None, 2048, 2048, 2048, 2048, 2048]","[2048, 2048, 2048, 2048, 2048, 2048, 2048]","[2048, 2048, 2048, 2048, 2048, 2048, 2048, 2048]",303.0
1288,11315,63,60,2026-06-28T14:15:41.490000+00:00,17.411,32.115,21.835,301.0,207.0,False,71.361,"[None, 2048, 2048, 2048, 2048, 2048]","[2048, 2048, 2048, 2048, 2048, 2048, 2048]","[2048, 2048, 2048, 2048, 2048, 2048, 2048, 2048]",299.0
1288,11315,30,59,2026-06-28T14:15:43.500000+00:00,17.39,32.367,22.053,304.0,214.0,False,71.81,"[None, 2048, 2048, 2048, 2048, 2048]","[2048, 2048, 2048, 2048, 2048, 2048, 2048]","[2048, 2048, 2048, 2048, 2048, 2048, 2048, 2048]",302.0
1288,11315,41,59,2026-06-28T14:15:45.036000+00:00,17.301,32.524,22.093,309.0,212.0,False,71.918,"[None, 2048, 2048, 2048, 2048, 2048]","[2048, 2048, 2048, 2048, 2048, 2048, 2048]","[2048, 2048, 2048, 2048, 2048, 2048, 2048, 2048]",308.0
1288,11315,3,60,2026-06-28T14:15:47.649000+00:00,17.278,31.905,21.717,315.0,214.0,False,70.9,"[None, 2049, 2048, 2048, 2048, 2048]","[2048, 2048, 2048, 2048, 2048, 2048, 2048]","[2048, 2048, 2048, 2048, 2048, 2048, 2048, 2048]",309.0
1288,11315,12,60,2026-06-28T14:15:51.960000+00:00,17.237,31.569,21.585,305.0,207.0,False,70.391,"[None, 2048, 2048, 2048, 2048, 2048]","[2048, 2049, 2048, 2048, 2048, 2048, 2048]","[2048, 2048, 2048, 2049, 2048, 2048, 2048, 2048]",306.0
1288,11315,5,59,2026-06-28T14:15:53.602000+00:00,17.468,32.249,22.149,305.0,216.0,False,71.866,"[None, 2048, 2048, 2048, 2048, 2048]","[2048, 2048, 2048, 2048, 2048, 2048, 2048]","[2048, 2048, 2048, 2048, 2048, 2049, 2049, 2048]",300.0
1288,11315,81,60,2026-06-28T14:15:57.877000+00:00,17.263,31.976,21.893,311.0,203.0,False,71.132,"[None, 2048, 2048, 2048, 2048, 2048]","[2048, 2048, 2048, 2048, 2048, 2048, 2048]","[2048, 2048, 2048, 2048, 2048, 2048, 2048, 2048]",305.0
1288,11315,44,60,2026-06-28T14:16:01.564000+00:00,17.289,32.106,22.003,,207.0,False,71.398,"[None, 2048, 2048, 2048, 2048, 2048]","[2048, 2048, 2048, 2048, 2048, 2048, 2048]","[2048, 2048, 2048, 2048, 2048, 2048, 2048, 2048]",300.0
1288,11315,27,59,2026-06-28T14:16:03.478000+00:00,17.439,32.46,22.514,309.0,213.0,False,72.413,"[None, 2048, 2048, 2048, 2048, 2048]","[2048, 2048, 2048, 2048, 2048, 2048, 2048]","[2048, 2048, 2048, 2048, 2048, 2048, 2048, 2048]",302.0
1288,11315,6,60,2026-06-28T14:16:06.024000+00:00,17.253,32.274,22.04,317.0,213.0,False,71.567,"[None, 2048, 2048, 2048, 2048, 2048]","[2048, 2048, 2048, 2048, 2048, 2048, 2048]","[2048, 2048, 2048, 2048, 2048, 2048, 2048, 2048]",309.0
1288,11315,1,60,2026-06-28T14:16:08.867000+00:00,17.308,31.984,21.924,311.0,205.0,False,71.216,"[2048, 2048, 2048, 2048, 2048, 2048]","[2048, 2048, 2048, 2048, 2048, 2048, 2048]","[2048, 2048, 2048, 2048, 2048, 2048, 2048, 2048]",306.0
1288,11315,10,59,2026-06-28T14:16:11.856000+00:00,17.564,32.185,22.204,311.0,205.0,False,71.953,"[2048, 2048, 2048, 2048, 2048, 2048]","[2048, 2048, 2048, 2048, 2048, 2048, 2049]","[2049, 2048, 2048, 2048, 2048, 2048, 2048, 2048]",304.0
1288,11315,16,60,2026-06-28T14:16:15.318000+00:00,35.641,32.162,21.803,307.0,212.0,True,89.606,"[2064, 2064, 2064, 2048, 2048, 2048]","[2048, 2048, 2049, 2048, 2048, 2049, 2049]","[2049, 2049, 2048, 2048, 2048, 2048, 2048, 2048]",299.0
1288,11315,87,59,2026-06-28T14:16:22.457000+00:00,17.657,32.766,22.631,306.0,207.0,False,73.054,"[None, 2048, 2048, 2048, 2048, 2048]","[2048, 2048, 2048, 2048, 2048, 2048, 2048]","[2048, 2048, 2048, 2048, 2048, 2048, 2048, 2048]",296.0
1288,11315,14,58,2026-06-28T14:16:26.924000+00:00,17.791,33.028,22.63,,204.0,False,73.449,"[None, 2048, 2048, 2048, 2048, 2048]","[2048, 2048, 2048, 2048, 2048, 2048, 2048]","[2048, 2048, 2048, 2048, 2048, 2048, 2048, 2048]",284.0
1288,11315,43,59,2026-06-28T14:16:30.839000+00:00,17.575,32.408,22.29,310.0,207.0,False,72.273,"[None, 2049, 2048, 2048, 2048, 2048]","[2048, 2048, 2048, 2048, 2048, 2048, 2048]","[2048, 2048, 2048, 2048, 2048, 2048, 2048, 2048]",305.0
1288,11315,31,59,2026-06-28T14:16:37.506000+00:00,17.778,33.235,22.916,309.0,204.0,False,73.929,"[None, 2048, 2048, 2048, 2048, 2048]","[2048, 2048, 2048, 2048, 2048, 2048, 2048]","[2048, 2048, 2048, 2048, 2048, 2048, 2048, 2048]",298.0
1288,11315,23,59,2026-06-28T14:16:40.971000+00:00,17.679,32.902,22.77,309.0,199.0,False,73.351,"[None, 2048, 2048, 2048, 2048, 2048]","[2048, 2048, 2048, 2048, 2048, 2049, 2048]","[2048, 2048, 2048, 2049, 2048, 2048, 2048, 2048]",305.0
1288,11315,63,61,2026-06-28T14:16:52.855000+00:00,17.254,32.049,21.81,307.0,207.0,False,71.113,"[None, 2048, 2048, 2048, 2048, 2048]","[2048, 2048, 2048, 2048, 2048, 2048, 2048]","[2048, 2048, 2048, 2048, 2049, 2048, 2048, 2048]",302.0
1288,11315,30,60,2026-06-28T14:16:55.251000+00:00,17.33,32.398,22.147,,211.0,False,71.875,"[None, 2048, 2048, 2048, 2048, 2048]","[2048, 2048, 2048, 2048, 2048, 2048, 2048]","[2048, 2048, 2048, 2048, 2048, 2048, 2048, 2048]",305.0
1288,11315,41,60,2026-06-28T14:16:56.891000+00:00,17.283,32.516,23.703,,213.0,False,73.502,"[None, 2048, 2048, 2048, 2048, 2048]","[2048, 2048, 2048, 2048, 2048, 2048, 2048]","[2048, 2048, 2048, 2048, 2048, 2048, 2048, 2048]",307.0
1288,11315,3,61,2026-06-28T14:16:58.568000+00:00,17.15,31.895,21.783,318.0,213.0,False,70.828,"[None, 2048, 2048, 2048, 2048, 2048]","[2048, 2048, 2048, 2048, 2048, 2048, 2048]","[2048, 2048, 2048, 2049, 2048, 2048, 2048, 2049]",310.0
1288,11315,12,61,2026-06-28T14:17:02.447000+00:00,17.195,31.624,21.623,308.0,208.0,False,70.442,"[None, 2048, 2048, 2048, 2048, 2048]","[2048, 2048, 2048, 2048, 2048, 2048, 2048]","[2048, 2048, 2048, 2048, 2049, 2048, 2048, 2048]",307.0
1288,11315,5,60,2026-06-28T14:17:05.523000+00:00,17.461,32.264,22.172,306.0,216.0,False,71.897,"[None, 2048, 2048, 2049, 2048, 2048]","[2048, 2048, 2048, 2048, 2048, 2048, 2048]","[2048, 2048, 2048, 2048, 2048, 2048, 2048, 2048]",300.0
1288,11315,81,61,2026-06-28T14:17:08.944000+00:00,17.308,32.119,21.936,312.0,203.0,False,71.363,"[None, 2048, 2048, 2048, 2048, 2048]","[2048, 2048, 2048, 2048, 2048, 2048, 2048]","[2048, 2048, 2048, 2048, 2048, 2048, 2048, 2048]",304.0
1288,11315,44,61,2026-06-28T14:17:13.042000+00:00,17.324,32.08,22.065,310.0,205.0,False,71.469,"[None, 2048, 2048, 2048, 2048, 2048]","[2048, 2048, 2048, 2048, 2048, 2048, 2048]","[2048, 2048, 2048, 2048, 2048, 2048, 2048, 2048]",300.0
1288,11315,27,60,2026-06-28T14:17:15.903000+00:00,17.556,32.651,22.589,,212.0,False,72.796,"[None, 2048, 2048, 2048, 2048, 2048]","[2049, 2048, 2048, 2048, 2048, 2048, 2048]","[2048, 2048, 2048, 2048, 2048, 2048, 2048, 2048]",302.0
1288,11315,6,61,2026-06-28T14:17:17.745000+00:00,17.334,32.407,22.094,315.0,212.0,False,71.835,"[None, 2048, 2048, 2048, 2048, 2048]","[2048, 2048, 2048, 2048, 2048, 2048, 2048]","[2048, 2048, 2048, 2048, 2048, 2048, 2048, 2048]",310.0
1288,11315,1,61,2026-06-28T14:17:20.060000+00:00,17.385,31.818,22.002,313.0,205.0,False,71.205,"[None, 2048, 2048, 2048, 2048, 2048]","[2049, 2048, 2048, 2048, 2048, 2048, 2048]","[2048, 2048, 2048, 2048, 2048, 2048, 2048, 2048]",309.0
1288,11315,10,60,2026-06-28T14:17:23.765000+00:00,17.481,32.097,22.003,313.0,206.0,False,71.581,"[None, 2048, 2048, 2048, 2048, 2048]","[2048, 2048, 2048, 2048, 2048, 2048, 2048]","[2049, 2049, 2048, 2049, 2048, 2048, 2048, 2048]",306.0
1288,11315,87,60,2026-06-28T14:17:35.568000+00:00,17.576,32.869,22.565,308.0,207.0,False,73.01,"[None, 2048, 2048, 2048, 2048, 2048]","[2049, 2048, 2048, 2048, 2048, 2048, 2048]","[2048, 2048, 2048, 2048, 2048, 2048, 2048, 2048]",297.0
1288,11315,14,59,2026-06-28T14:17:40.436000+00:00,17.874,33.093,22.676,293.0,203.0,False,73.643,"[None, 2048, 2048, 2048, 2048, 2048]","[2048, 2048, 2048, 2048, 2048, 2048, 2048]","[2048, 2048, 2048, 2048, 2048, 2048, 2048, 2048]",285.0
1288,11315,43,60,2026-06-28T14:17:43.079000+00:00,17.509,32.583,23.48,,203.0,False,73.572,"[None, 2048, 2048, 2048, 2048, 2048]","[2048, 2048, 2048, 2048, 2048, 2048, 2048]","[2048, 2048, 2048, 2048, 2048, 2048, 2048, 2048]",306.0
1288,11315,16,61,2026-06-28T14:17:44.978000+00:00,17.14,31.721,22.009,311.0,210.0,False,70.87,"[2048, 2049, 2048, 2048, 2048, 2048]","[2048, 2048, 2048, 2048, 2048, 2049, 2048]","[2048, 2048, 2048, 2048, 2048, 2048, 2048, 2048]",298.0
1288,11315,31,60,2026-06-28T14:17:51.420000+00:00,17.722,33.134,22.888,310.0,204.0,False,73.744,"[None, 2048, 2048, 2048, 2048, 2048]","[2048, 2048, 2048, 2048, 2048, 2048, 2048]","[2048, 2048, 2048, 2048, 2048, 2048, 2048, 2048]",297.0
1288,11315,23,60,2026-06-28T14:17:54.321000+00:00,17.744,33.067,22.924,,198.0,False,73.735,"[None, 2048, 2048, 2048, 2048, 2048]","[2048, 2048, 2048, 2048, 2048, 2048, 2048]","[2048, 2048, 2048, 2048, 2048, 2048, 2048, 2048]",305.0
1288,11315,63,62,2026-06-28T14:18:03.970000+00:00,17.27,32.12,21.772,306.0,207.0,False,71.162,"[None, 2048, 2048, 2048, 2048, 2048]","[2048, 2048, 2048, 2048, 2048, 2048, 2048]","[2048, 2048, 2048, 2048, 2048, 2048, 2048, 2048]",304.0
1288,11315,30,61,2026-06-28T14:18:07.280000+00:00,17.453,32.431,22.234,308.0,213.0,False,72.118,"[None, 2048, 2048, 2048, 2048, 2048]","[2048, 2048, 2048, 2048, 2048, 2048, 2048]","[2048, 2048, 2048, 2048, 2048, 2048, 2048, 2048]",304.0
1288,11315,3,62,2026-06-28T14:18:09.384000+00:00,17.155,32.024,21.898,316.0,216.0,False,71.077,"[None, 2048, 2048, 2048, 2048, 2048]","[2048, 2048, 2048, 2048, 2048, 2048, 2048]","[2048, 2048, 2048, 2048, 2048, 2048, 2048, 2048]",306.0
1288,11315,41,61,2026-06-28T14:18:10.481000+00:00,17.452,32.559,22.054,305.0,212.0,False,72.065,"[None, 2048, 2048, 2048, 2048, 2048]","[2048, 2048, 2048, 2048, 2048, 2048, 2048]","[2048, 2048, 2048, 2048, 2049, 2048, 2048, 2048]",309.0
1288,11315,12,62,2026-06-28T14:18:12.915000+00:00,17.173,31.941,21.778,,207.0,False,70.892,"[None, 2048, 2048, 2048, 2048, 2048]","[2048, 2048, 2048, 2048, 2048, 2048, 2048]","[2048, 2048, 2048, 2048, 2048, 2048, 2048, 2048]",306.0
1288,11315,5,61,2026-06-28T14:18:17.414000+00:00,17.567,32.409,22.338,,215.0,False,72.314,"[None, 2048, 2048, 2048, 2048, 2048]","[2048, 2048, 2048, 2048, 2048, 2048, 2048]","[2048, 2048, 2048, 2048, 2049, 2048, 2048, 2048]",299.0
1288,11315,81,62,2026-06-28T14:18:20.295000+00:00,17.249,32.28,21.996,314.0,203.0,False,71.525,"[None, 2048, 2048, 2048, 2048, 2048]","[2048, 2048, 2048, 2048, 2048, 2048, 2048]","[2048, 2048, 2048, 2048, 2048, 2048, 2048, 2048]",306.0
1288,11315,44,62,2026-06-28T14:18:24.464000+00:00,17.328,32.393,22.079,312.0,206.0,False,71.8,"[None, 2048, 2048, 2048, 2048, 2048]","[2048, 2048, 2048, 2048, 2048, 2048, 2048]","[2048, 2048, 2048, 2048, 2048, 2048, 2048, 2048]",297.0
1288,11315,27,61,2026-06-28T14:18:28.605000+00:00,17.86,33.604,23.578,258.0,211.0,False,75.042,"[None, 2048, 2048, 2048, 2048, 2048]","[2048, 2048, 2048, 2048, 2048, 2048, 2048]","[2048, 2048, 2048, 2048, 2048, 2048, 2048, 2049]",304.0
1288,11315,6,62,2026-06-28T14:18:29.574000+00:00,17.281,32.256,21.918,320.0,214.0,False,71.455,"[None, 2048, 2048, 2048, 2048, 2048]","[2048, 2048, 2048, 2048, 2048, 2048, 2048]","[2048, 2048, 2048, 2048, 2048, 2048, 2048, 2048]",305.0
1288,11315,1,62,2026-06-28T14:18:31.393000+00:00,17.368,32.022,22.196,314.0,205.0,False,71.586,"[None, 2048, 2048, 2048, 2048, 2048]","[2048, 2048, 2048, 2048, 2048, 2048, 2048]","[2048, 2048, 2048, 2048, 2048, 2048, 2048, 2048]",311.0
1288,11315,10,61,2026-06-28T14:18:35.393000+00:00,17.474,32.049,22.128,310.0,207.0,False,71.651,"[None, 2048, 2048, 2048, 2048, 2048]","[2048, 2049, 2048, 2048, 2048, 2048, 2048]","[2048, 2048, 2048, 2048, 2048, 2048, 2048, 2048]",305.0
1288,11315,87,61,2026-06-28T14:18:48.585000+00:00,17.578,32.819,22.735,,208.0,False,73.132,"[None, 2048, 2048, 2048, 2048, 2048]","[2048, 2048, 2048, 2048, 2048, 2048, 2048]","[2048, 2048, 2048, 2048, 2048, 2048, 2048, 2048]",295.0
1288,11315,14,60,2026-06-28T14:18:54.073000+00:00,17.84,34.19,22.771,294.0,205.0,False,74.801,"[None, 2048, 2048, 2048, 2048, 2048]","[2048, 2048, 2048, 2048, 2048, 2049, 2048]","[2048, 2048, 2048, 2048, 2048, 2048, 2048, 2048]",271.0
1288,11315,16,62,2026-06-28T14:18:55.856000+00:00,17.282,32.083,21.733,,210.0,False,71.098,"[None, 2048, 2048, 2049, 2048, 2048]","[2049, 2048, 2048, 2048, 2048, 2049, 2048]","[2051, 2048, 2048, 2048, 2048, 2048, 2049, 2048]",296.0
1288,11315,43,61,2026-06-28T14:18:56.723000+00:00,17.366,33.052,22.404,317.0,205.0,False,72.822,"[2049, 2048, 2048, 2048, 2048, 2048]","[2048, 2048, 2048, 2048, 2048, 2048, 2048]","[2048, 2048, 2049, 2048, 2048, 2048, 2048, 2048]",306.0
1288,11315,31,61,2026-06-28T14:19:05.468000+00:00,17.785,33.204,23.023,,205.0,False,74.012,"[None, 2048, 2048, 2048, 2048, 2048]","[2048, 2048, 2048, 2048, 2048, 2048, 2048]","[2048, 2048, 2048, 2048, 2048, 2048, 2048, 2048]",295.0
1288,11315,23,61,2026-06-28T14:19:08.202000+00:00,17.694,33.377,23.006,310.0,200.0,False,74.077,"[None, 2048, 2048, 2048, 2048, 2048]","[2048, 2048, 2048, 2048, 2048, 2048, 2048]","[2048, 2048, 2048, 2048, 2048, 2048, 2048, 2048]",302.0
1288,11315,63,63,2026-06-28T14:19:15.215000+00:00,17.221,31.956,21.891,310.0,207.0,False,71.068,"[None, 2048, 2048, 2048, 2048, 2048]","[2048, 2048, 2048, 2048, 2048, 2048, 2048]","[2048, 2048, 2048, 2048, 2048, 2048, 2048, 2048]",305.0
1288,11315,30,62,2026-06-28T14:19:19.334000+00:00,17.876,33.926,22.357,216.0,211.0,False,74.159,"[None, 2048, 2048, 2048, 2048, 2048]","[2048, 2048, 2048, 2048, 2048, 2048, 2048]","[2048, 2048, 2048, 2048, 2048, 2048, 2048, 2048]",297.0
1288,11315,3,63,2026-06-28T14:19:20.403000+00:00,17.261,31.826,21.849,317.0,213.0,False,70.936,"[None, 2048, 2048, 2048, 2048, 2048]","[2048, 2048, 2048, 2048, 2048, 2048, 2048]","[2048, 2048, 2048, 2048, 2048, 2048, 2048, 2048]",305.0
1288,11315,41,62,2026-06-28T14:19:22.830000+00:00,17.335,34.33,22.38,307.0,210.0,False,74.045,"[None, 2048, 2048, 2048, 2048, 2048]","[2048, 2048, 2048, 2048, 2048, 2048, 2048]","[2048, 2048, 2048, 2048, 2048, 2048, 2048, 2048]",259.0
1288,11315,12,63,2026-06-28T14:19:23.808000+00:00,17.177,32.008,21.866,313.0,207.0,False,71.051,"[None, 2048, 2048, 2048, 2048, 2048]","[2048, 2048, 2048, 2048, 2048, 2048, 2048]","[2048, 2048, 2048, 2048, 2048, 2048, 2048, 2048]",304.0
1288,11315,5,62,2026-06-28T14:19:29.725000+00:00,17.64,32.509,22.302,304.0,214.0,False,72.451,"[None, 2048, 2048, 2048, 2048, 2048]","[2048, 2048, 2048, 2048, 2048, 2048, 2048]","[2048, 2048, 2048, 2048, 2048, 2048, 2048, 2048]",298.0
1288,11315,81,63,2026-06-28T14:19:31.860000+00:00,17.317,32.596,21.97,315.0,203.0,False,71.883,"[None, 2048, 2048, 2048, 2048, 2048]","[2049, 2048, 2048, 2048, 2048, 2048, 2048]","[2048, 2048, 2048, 2048, 2048, 2048, 2048, 2048]",305.0
1288,11315,44,63,2026-06-28T14:19:36.202000+00:00,17.323,32.177,22.005,,206.0,False,71.505,"[None, 2048, 2048, 2048, 2048, 2048]","[2048, 2048, 2048, 2048, 2048, 2048, 2048]","[2048, 2048, 2048, 2048, 2048, 2048, 2048, 2048]",298.0
1288,11315,6,63,2026-06-28T14:19:41.041000+00:00,17.276,32.287,21.929,314.0,211.0,False,71.492,"[None, 2048, 2048, 2048, 2048, 2048]","[2048, 2048, 2048, 2048, 2048, 2048, 2048]","[2048, 2048, 2048, 2048, 2048, 2048, 2048, 2048]",304.0
1288,11315,1,63,2026-06-28T14:19:43.003000+00:00,17.298,32.006,22.081,315.0,204.0,False,71.385,"[None, 2048, 2048, 2048, 2048, 2048]","[2048, 2048, 2048, 2048, 2048, 2048, 2048]","[2048, 2048, 2048, 2048, 2048, 2048, 2048, 2048]",308.0
1288,11315,27,62,2026-06-28T14:19:43.765000+00:00,17.471,32.608,22.37,296.0,214.0,False,72.449,"[2049, 2048, 2048, 2048, 2048, 2048]","[2048, 2048, 2048, 2048, 2048, 2048, 2048]","[2048, 2048, 2048, 2048, 2049, 2048, 2048, 2048]",296.0
1288,11315,10,62,2026-06-28T14:19:47.121000+00:00,17.357,32.172,22.096,311.0,205.0,False,71.625,"[None, 2048, 2048, 2048, 2048, 2048]","[2048, 2048, 2048, 2048, 2048, 2048, 2048]","[2048, 2048, 2048, 2048, 2048, 2048, 2049, 2048]",307.0
1288,11315,87,62,2026-06-28T14:20:01.647000+00:00,17.619,32.926,22.78,307.0,207.0,False,73.325,"[None, 2048, 2048, 2048, 2048, 2048]","[2048, 2048, 2048, 2048, 2048, 2048, 2048]","[2048, 2048, 2048, 2048, 2048, 2048, 2048, 2048]",298.0
1288,11315,16,63,2026-06-28T14:20:06.901000+00:00,17.216,31.93,21.79,308.0,211.0,False,70.936,"[None, 2048, 2051, 2048, 2048, 2048]","[2048, 2048, 2048, 2048, 2048, 2048, 2048]","[2048, 2049, 2048, 2048, 2048, 2048, 2049, 2048]",292.0
1288,11315,14,61,2026-06-28T14:20:08.878000+00:00,18.206,33.442,22.674,280.0,203.0,False,74.322,"[None, 2048, 2048, 2048, 2048, 2048]","[2048, 2048, 2048, 2048, 2048, 2048, 2048]","[2048, 2048, 2048, 2048, 2048, 2048, 2048, 2048]",292.0
1288,11315,43,62,2026-06-28T14:20:09.591000+00:00,17.369,32.942,22.423,331.0,206.0,False,72.734,"[None, 2048, 2048, 2048, 2048, 2048]","[2048, 2048, 2048, 2048, 2048, 2048, 2048]","[2048, 2048, 2048, 2048, 2048, 2048, 2048, 2048]",295.0
1288,11315,31,62,2026-06-28T14:20:19.272000+00:00,17.763,33.324,22.845,309.0,203.0,False,73.932,"[None, 2048, 2048, 2048, 2048, 2048]","[2048, 2048, 2048, 2048, 2048, 2048, 2048]","[2048, 2048, 2048, 2048, 2048, 2048, 2048, 2048]",296.0
1288,11315,23,62,2026-06-28T14:20:22.264000+00:00,17.849,33.141,22.903,304.0,197.0,False,73.893,"[None, 2048, 2048, 2048, 2048, 2048]","[2048, 2048, 2048, 2048, 2048, 2048, 2048]","[2048, 2048, 2048, 2048, 2048, 2048, 2048, 2048]",301.0
1288,11315,63,64,2026-06-28T14:20:26.334000+00:00,17.284,32.103,21.904,311.0,206.0,False,71.291,"[None, 2048, 2048, 2048, 2048, 2048]","[2048, 2048, 2048, 2048, 2048, 2048, 2048]","[2048, 2048, 2048, 2048, 2048, 2048, 2048, 2048]",304.0
1288,11315,3,64,2026-06-28T14:20:31.349000+00:00,17.317,31.822,21.707,314.0,216.0,False,70.846,"[None, 2048, 2048, 2048, 2048, 2048]","[2048, 2048, 2048, 2048, 2048, 2048, 2048]","[2048, 2048, 2048, 2048, 2048, 2048, 2048, 2048]",306.0
1288,11315,30,63,2026-06-28T14:20:33.495000+00:00,17.515,34.188,22.33,308.0,211.0,False,74.033,"[None, 2048, 2048, 2048, 2048, 2048]","[2048, 2048, 2048, 2048, 2048, 2048, 2048]","[2048, 2048, 2048, 2048, 2048, 2048, 2048, 2048]",262.0
1288,11315,12,64,2026-06-28T14:20:34.975000+00:00,17.25,31.925,21.72,312.0,208.0,False,70.895,"[None, 2048, 2048, 2048, 2048, 2048]","[2048, 2048, 2048, 2048, 2048, 2048, 2048]","[2048, 2048, 2048, 2049, 2048, 2048, 2048, 2048]",303.0
1288,11315,41,63,2026-06-28T14:20:36.707000+00:00,17.456,32.722,22.169,308.0,211.0,False,72.347,"[None, 2048, 2048, 2048, 2048, 2048]","[2048, 2048, 2048, 2048, 2048, 2048, 2048]","[2048, 2048, 2048, 2048, 2048, 2048, 2048, 2048]",307.0
1288,11315,5,63,2026-06-28T14:20:42.234000+00:00,17.639,34.169,22.469,,214.0,False,74.277,"[None, 2049, 2048, 2048, 2048, 2048]","[2048, 2048, 2048, 2048, 2048, 2048, 2048]","[2048, 2048, 2048, 2048, 2048, 2048, 2048, 2048]",218.0
1288,11315,81,64,2026-06-28T14:20:43.783000+00:00,17.24,32.166,21.912,316.0,205.0,False,71.318,"[None, 2048, 2048, 2048, 2048, 2048]","[2048, 2048, 2048, 2048, 2048, 2048, 2048]","[2048, 2048, 2048, 2048, 2048, 2048, 2048, 2048]",305.0
1288,11315,44,64,2026-06-28T14:20:47.737000+00:00,17.306,32.132,22.055,311.0,207.0,False,71.493,"[None, 2048, 2048, 2048, 2048, 2048]","[2048, 2048, 2048, 2048, 2048, 2048, 2048]","[2048, 2048, 2048, 2048, 2048, 2048, 2048, 2048]",299.0
1288,11315,6,64,2026-06-28T14:20:52.567000+00:00,17.455,32.244,21.942,312.0,213.0,False,71.641,"[None, 2048, 2048, 2048, 2048, 2048]","[2048, 2048, 2048, 2048, 2048, 2048, 2048]","[2048, 2048, 2048, 2048, 2048, 2048, 2048, 2048]",305.0
1288,11315,1,64,2026-06-28T14:20:54.357000+00:00,17.34,31.904,22.074,314.0,205.0,False,71.318,"[None, 2048, 2048, 2048, 2048, 2048]","[2048, 2048, 2048, 2048, 2048, 2048, 2048]","[2048, 2048, 2048, 2048, 2048, 2048, 2048, 2048]",309.0
1288,11315,27,63,2026-06-28T14:20:56.261000+00:00,17.819,32.658,22.604,298.0,213.0,False,73.081,"[2048, 2048, 2048, 2048, 2048, 2048]","[2048, 2048, 2048, 2048, 2048, 2048, 2048]","[2048, 2048, 2048, 2048, 2048, 2048, 2048, 2048]",296.0
1288,11315,10,63,2026-06-28T14:20:58.626000+00:00,17.391,32.199,22.189,313.0,206.0,False,71.779,"[None, 2048, 2048, 2048, 2048, 2048]","[2048, 2048, 2048, 2048, 2048, 2048, 2048]","[2048, 2048, 2048, 2048, 2048, 2048, 2048, 2048]",309.0
1288,11315,87,63,2026-06-28T14:21:15.013000+00:00,17.654,32.943,24.365,308.0,208.0,False,74.962,"[None, 2048, 2048, 2048, 2048, 2048]","[2048, 2048, 2048, 2048, 2048, 2048, 2048]","[2048, 2048, 2048, 2048, 2048, 2048, 2048, 2048]",296.0
1288,11315,16,64,2026-06-28T14:21:17.883000+00:00,17.247,31.783,21.848,,210.0,False,70.878,"[None, 2048, 2048, 2048, 2048, 2048]","[2048, 2048, 2048, 2048, 2048, 2048, 2048]","[2048, 2048, 2048, 2048, 2048, 2048, 2048, 2048]",295.0
1288,11315,43,63,2026-06-28T14:21:22.215000+00:00,17.622,32.601,22.503,311.0,205.0,False,72.726,"[2048, 2048, 2048, 2048, 2048, 2048]","[2048, 2048, 2048, 2048, 2048, 2048, 2048]","[2048, 2048, 2048, 2048, 2049, 2048, 2048, 2048]",302.0
1288,11315,14,62,2026-06-28T14:21:23.058000+00:00,17.562,33.232,22.725,311.0,205.0,False,73.519,"[None, 2048, 2048, 2048, 2049, 2048]","[2049, 2048, 2048, 2048, 2048, 2048, 2048]","[2048, 2048, 2048, 2048, 2048, 2048, 2048, 2048]",281.0
1288,11315,31,63,2026-06-28T14:21:33.163000+00:00,17.822,33.449,23.119,310.0,206.0,False,74.39,"[None, 2048, 2048, 2048, 2048, 2048]","[2048, 2048, 2048, 2048, 2048, 2048, 2048]","[2048, 2048, 2048, 2048, 2048, 2048, 2048, 2048]",296.0
1288,11315,23,63,2026-06-28T14:21:36.119000+00:00,18.238,34.83,23.14,215.0,200.0,False,76.208,"[None, 2048, 2048, 2048, 2048, 2048]","[2048, 2048, 2048, 2048, 2048, 2048, 2048]","[2048, 2048, 2048, 2048, 2048, 2048, 2048, 2048]",300.0
1288,11315,63,65,2026-06-28T14:21:37.533000+00:00,17.22,32.318,22.043,316.0,207.0,False,71.581,"[None, 2048, 2048, 2048, 2049, 2049]","[2048, 2048, 2048, 2048, 2048, 2048, 2048]","[2048, 2048, 2048, 2048, 2048, 2048, 2048, 2048]",307.0
1288,11315,3,65,2026-06-28T14:21:42.396000+00:00,17.222,31.995,21.821,315.0,216.0,False,71.038,"[None, 2048, 2048, 2048, 2048, 2048]","[2048, 2048, 2048, 2048, 2048, 2048, 2048]","[2048, 2048, 2048, 2048, 2048, 2048, 2048, 2049]",307.0
1288,11315,12,65,2026-06-28T14:21:45.835000+00:00,17.155,31.875,21.61,309.0,206.0,False,70.64,"[None, 2048, 2048, 2048, 2048, 2048]","[2048, 2048, 2048, 2048, 2048, 2048, 2048]","[2048, 2048, 2049, 2049, 2048, 2048, 2048, 2048]",307.0
1288,11315,30,64,2026-06-28T14:21:47.507000+00:00,17.368,32.482,22.196,310.0,213.0,False,72.046,"[None, 2048, 2048, 2048, 2048, 2048]","[2048, 2048, 2048, 2048, 2048, 2048, 2048]","[2048, 2048, 2048, 2048, 2048, 2048, 2048, 2048]",307.0
1288,11315,41,64,2026-06-28T14:21:48.944000+00:00,17.319,32.767,22.129,314.0,211.0,False,72.215,"[None, 2048, 2048, 2048, 2048, 2048]","[2048, 2048, 2048, 2048, 2048, 2048, 2048]","[2048, 2048, 2048, 2048, 2048, 2048, 2048, 2049]",311.0
1288,11315,81,65,2026-06-28T14:21:55.231000+00:00,17.297,32.192,21.99,311.0,201.0,False,71.479,"[None, 2048, 2048, 2048, 2048, 2048]","[2048, 2048, 2048, 2048, 2048, 2048, 2048]","[2048, 2048, 2048, 2049, 2048, 2048, 2048, 2048]",305.0
1288,11315,5,64,2026-06-28T14:21:56.469000+00:00,17.486,32.427,22.48,309.0,215.0,False,72.393,"[None, 2048, 2048, 2048, 2048, 2048]","[2048, 2048, 2048, 2048, 2048, 2048, 2048]","[2048, 2048, 2048, 2048, 2048, 2048, 2048, 2048]",303.0
1288,11315,44,65,2026-06-28T14:21:59.283000+00:00,17.247,32.237,22.174,313.0,206.0,False,71.658,"[None, 2048, 2048, 2048, 2048, 2048]","[2048, 2048, 2048, 2048, 2048, 2048, 2048]","[2048, 2048, 2048, 2048, 2048, 2048, 2048, 2048]",302.0
1288,11315,6,65,2026-06-28T14:22:04.079000+00:00,17.363,32.46,21.976,314.0,212.0,False,71.799,"[None, 2048, 2048, 2048, 2048, 2048]","[2048, 2048, 2048, 2048, 2048, 2048, 2048]","[2048, 2048, 2048, 2048, 2048, 2048, 2048, 2048]",308.0
1288,11315,1,65,2026-06-28T14:22:05.623000+00:00,17.259,31.996,22.154,317.0,205.0,False,71.409,"[None, 2048, 2048, 2048, 2048, 2048]","[2048, 2048, 2048, 2048, 2048, 2048, 2048]","[2048, 2048, 2048, 2048, 2048, 2048, 2048, 2048]",311.0
1288,11315,27,64,2026-06-28T14:22:09.278000+00:00,17.753,32.596,22.497,303.0,214.0,False,72.846,"[None, 2048, 2048, 2048, 2048, 2048]","[2048, 2048, 2048, 2048, 2048, 2048, 2048]","[2048, 2048, 2048, 2048, 2048, 2048, 2048, 2048]",300.0
1288,11315,10,64,2026-06-28T14:22:10.521000+00:00,17.35,33.213,22.438,316.0,205.0,False,73.001,"[None, 2048, 2048, 2048, 2048, 2048]","[2048, 2048, 2048, 2048, 2048, 2048, 2048]","[2048, 2048, 2048, 2048, 2048, 2048, 2048, 2048]",310.0
1288,11315,16,65,2026-06-28T14:22:28.850000+00:00,17.325,31.888,21.808,303.0,210.0,False,71.021,"[None, 2048, 2048, 2048, 2048, 2048]","[2048, 2048, 2048, 2048, 2048, 2048, 2048]","[2048, 2048, 2048, 2048, 2048, 2048, 2048, 2048]",292.0
1288,11315,87,64,2026-06-28T14:22:29.935000+00:00,17.453,32.88,22.908,318.0,208.0,False,73.241,"[None, 2048, 2048, 2048, 2048, 2048]","[2048, 2048, 2048, 2048, 2048, 2048, 2048]","[2048, 2048, 2048, 2048, 2048, 2048, 2048, 2048]",304.0
1288,11315,43,64,2026-06-28T14:22:35.045000+00:00,17.57,32.547,22.427,307.0,205.0,False,72.544,"[None, 2048, 2048, 2048, 2048, 2048]","[2048, 2048, 2048, 2048, 2048, 2048, 2048]","[2048, 2048, 2048, 2048, 2048, 2048, 2048, 2048]",304.0
1288,11315,14,63,2026-06-28T14:22:36.650000+00:00,17.837,33.473,22.871,280.0,200.0,False,74.181,"[None, 2048, 2048, 2048, 2048, 2048]","[2048, 2048, 2048, 2048, 2048, 2048, 2048]","[2048, 2048, 2048, 2048, 2048, 2048, 2048, 2048]",284.0
1288,11315,31,64,2026-06-28T14:22:47.603000+00:00,17.847,34.579,25.449,309.0,204.0,False,77.875,"[None, 2048, 2048, 2048, 2048, 2048]","[2048, 2048, 2048, 2048, 2048, 2048, 2048]","[2048, 2048, 2049, 2048, 2048, 2048, 2048, 2048]",277.0
1288,11315,63,66,2026-06-28T14:22:49.148000+00:00,17.189,32.336,22.09,,205.0,False,71.615,"[None, 2048, 2048, 2048, 2048, 2049]","[2048, 2048, 2048, 2048, 2048, 2048, 2048]","[2048, 2048, 2048, 2048, 2048, 2048, 2048, 2048]",304.0
1288,11315,23,64,2026-06-28T14:22:52.374000+00:00,18.358,33.721,24.232,283.0,201.0,False,76.311,"[None, 2048, 2048, 2048, 2048, 2048]","[2048, 2048, 2048, 2048, 2048, 2048, 2048]","[2048, 2048, 2048, 2048, 2048, 2048, 2048, 2048]",309.0
1288,11315,3,66,2026-06-28T14:22:53.283000+00:00,17.254,31.972,21.923,,215.0,False,71.149,"[None, 2048, 2048, 2048, 2048, 2048]","[2048, 2048, 2048, 2048, 2048, 2048, 2048]","[2048, 2048, 2048, 2048, 2048, 2048, 2048, 2048]",307.0
1288,11315,12,66,2026-06-28T14:22:56.358000+00:00,17.179,31.833,21.72,308.0,208.0,False,70.732,"[None, 2048, 2048, 2048, 2048, 2048]","[2048, 2048, 2048, 2048, 2048, 2048, 2048]","[2048, 2048, 2049, 2049, 2048, 2048, 2048, 2048]",309.0
1288,11315,30,65,2026-06-28T14:22:59.559000+00:00,17.466,32.64,22.168,307.0,216.0,False,72.274,"[None, 2048, 2048, 2048, 2048, 2048]","[2048, 2048, 2048, 2048, 2048, 2048, 2048]","[2048, 2048, 2048, 2048, 2048, 2048, 2048, 2048]",306.0
1288,11315,41,65,2026-06-28T14:23:01.216000+00:00,17.435,32.804,22.37,308.0,211.0,False,72.609,"[None, 2048, 2048, 2048, 2048, 2048]","[2048, 2048, 2048, 2048, 2048, 2048, 2048]","[2048, 2048, 2048, 2048, 2048, 2048, 2048, 2048]",309.0
1288,11315,81,66,2026-06-28T14:23:06.617000+00:00,17.375,32.512,22.246,,203.0,False,72.133,"[None, 2048, 2048, 2048, 2048, 2048]","[2048, 2048, 2048, 2048, 2048, 2048, 2048]","[2048, 2048, 2048, 2048, 2048, 2048, 2048, 2048]",305.0
1288,11315,5,65,2026-06-28T14:23:09.008000+00:00,17.559,32.503,22.426,306.0,215.0,False,72.488,"[None, 2048, 2048, 2048, 2048, 2048]","[2048, 2048, 2048, 2048, 2048, 2048, 2048]","[2048, 2048, 2048, 2048, 2048, 2048, 2048, 2048]",303.0
1288,11315,44,66,2026-06-28T14:23:11.031000+00:00,17.321,32.478,22.26,315.0,206.0,False,72.059,"[None, 2048, 2048, 2048, 2048, 2048]","[2048, 2048, 2048, 2048, 2048, 2048, 2048]","[2048, 2048, 2048, 2048, 2048, 2048, 2048, 2048]",303.0
1288,11315,6,66,2026-06-28T14:23:16.006000+00:00,17.401,32.305,22.022,313.0,211.0,False,71.728,"[None, 2048, 2048, 2048, 2048, 2048]","[2048, 2048, 2048, 2048, 2048, 2049, 2048]","[2048, 2048, 2048, 2048, 2048, 2048, 2048, 2048]",308.0
1288,11315,1,66,2026-06-28T14:23:17.149000+00:00,17.287,32.157,22.053,318.0,205.0,False,71.497,"[None, 2048, 2048, 2048, 2048, 2048]","[2048, 2048, 2048, 2048, 2048, 2048, 2048]","[2048, 2048, 2049, 2048, 2048, 2048, 2048, 2048]",312.0
1288,11315,27,65,2026-06-28T14:23:22.142000+00:00,17.597,32.485,22.262,301.0,214.0,False,72.344,"[None, 2048, 2048, 2048, 2048, 2048]","[2048, 2048, 2048, 2048, 2048, 2048, 2048]","[2048, 2048, 2048, 2048, 2048, 2048, 2048, 2048]",300.0
1288,11315,10,65,2026-06-28T14:23:23.530000+00:00,17.376,32.327,22.373,318.0,206.0,False,72.076,"[None, 2048, 2048, 2048, 2048, 2048]","[2048, 2048, 2048, 2048, 2048, 2048, 2048]","[2048, 2048, 2048, 2048, 2048, 2048, 2048, 2048]",311.0
1288,11315,16,66,2026-06-28T14:23:39.762000+00:00,17.322,31.681,21.681,,212.0,False,70.684,"[None, 2048, 2048, 2048, 2048, 2048]","[2048, 2048, 2048, 2048, 2048, 2048, 2048]","[2051, 2048, 2048, 2048, 2048, 2048, 2048, 2048]",293.0
1288,11315,87,65,2026-06-28T14:23:43.286000+00:00,17.613,32.691,22.887,310.0,208.0,False,73.191,"[None, 2048, 2048, 2048, 2048, 2048]","[2048, 2048, 2048, 2048, 2048, 2048, 2048]","[2048, 2048, 2048, 2048, 2048, 2048, 2048, 2048]",301.0
1288,11315,43,65,2026-06-28T14:23:47.546000+00:00,17.613,32.618,22.305,309.0,206.0,False,72.536,"[None, 2048, 2048, 2048, 2048, 2048]","[2048, 2048, 2048, 2048, 2048, 2048, 2048]","[2048, 2048, 2048, 2049, 2048, 2048, 2048, 2048]",303.0
1288,11315,14,64,2026-06-28T14:23:50.847000+00:00,17.831,33.117,23.038,296.0,201.0,False,73.986,"[None, 2048, 2048, 2048, 2048, 2048]","[2048, 2048, 2048, 2048, 2048, 2048, 2048]","[2048, 2048, 2048, 2048, 2048, 2048, 2048, 2048]",285.0
1288,11315,63,67,2026-06-28T14:24:00.868000+00:00,17.279,32.305,21.973,309.0,206.0,False,71.557,"[None, 2048, 2048, 2048, 2048, 2048]","[2048, 2048, 2048, 2048, 2048, 2048, 2048]","[2048, 2048, 2048, 2048, 2048, 2048, 2048, 2048]",303.0
1288,11315,3,67,2026-06-28T14:24:04.500000+00:00,17.32,32.302,21.845,313.0,216.0,False,71.467,"[None, 2048, 2048, 2048, 2048, 2048]","[2048, 2048, 2048, 2048, 2048, 2048, 2048]","[2048, 2048, 2048, 2048, 2048, 2048, 2048, 2048]",304.0
1288,11315,31,65,2026-06-28T14:24:05.489000+00:00,19.351,33.726,22.973,311.0,205.0,False,76.05,"[None, 2048, 2048, 2048, 2048, 2048]","[2048, 2048, 2048, 2049, 2048, 2048, 2048]","[2048, 2048, 2048, 2048, 2048, 2048, 2048, 2049]",318.0
1288,11315,12,67,2026-06-28T14:24:07.118000+00:00,17.416,31.935,21.68,309.0,208.0,False,71.031,"[None, 2048, 2048, 2048, 2048, 2048]","[2048, 2048, 2048, 2048, 2048, 2048, 2048]","[2048, 2048, 2048, 2048, 2048, 2048, 2048, 2048]",305.0
1288,11315,23,65,2026-06-28T14:24:08.748000+00:00,17.963,33.657,23.036,308.0,200.0,False,74.656,"[None, 2048, 2048, 2048, 2048, 2048]","[2048, 2048, 2048, 2048, 2048, 2048, 2048]","[2048, 2048, 2049, 2048, 2048, 2048, 2048, 2048]",303.0
1288,11315,30,66,2026-06-28T14:24:11.899000+00:00,17.472,32.824,22.405,,211.0,False,72.701,"[None, 2048, 2048, 2048, 2048, 2048]","[2048, 2048, 2048, 2048, 2048, 2048, 2048]","[2048, 2048, 2048, 2048, 2048, 2048, 2048, 2048]",307.0
1288,11315,41,66,2026-06-28T14:24:13.789000+00:00,17.582,32.952,22.327,,210.0,False,72.861,"[None, 2048, 2048, 2048, 2048, 2048]","[2048, 2048, 2048, 2048, 2048, 2048, 2048]","[2048, 2048, 2048, 2048, 2048, 2048, 2048, 2048]",308.0
1288,11315,81,67,2026-06-28T14:24:18.822000+00:00,17.494,32.364,22.079,310.0,204.0,False,71.937,"[None, 2048, 2048, 2048, 2048, 2048]","[2048, 2048, 2048, 2048, 2048, 2048, 2048]","[2048, 2048, 2048, 2048, 2048, 2048, 2048, 2048]",305.0
1288,11315,5,66,2026-06-28T14:24:21.366000+00:00,17.602,32.723,22.604,305.0,214.0,False,72.929,"[None, 2049, 2048, 2048, 2048, 2048]","[2049, 2048, 2048, 2048, 2048, 2048, 2048]","[2048, 2048, 2048, 2048, 2048, 2048, 2048, 2048]",303.0
1288,11315,44,67,2026-06-28T14:24:22.947000+00:00,17.379,32.48,22.221,,206.0,False,72.08,"[None, 2048, 2048, 2048, 2048, 2048]","[2048, 2048, 2048, 2048, 2048, 2048, 2048]","[2048, 2048, 2049, 2048, 2048, 2048, 2048, 2048]",306.0
1288,11315,6,67,2026-06-28T14:24:27.673000+00:00,17.365,32.477,22.019,,213.0,False,71.861,"[None, 2048, 2048, 2048, 2048, 2048]","[2048, 2048, 2048, 2048, 2048, 2048, 2048]","[2048, 2048, 2048, 2048, 2048, 2048, 2048, 2048]",306.0
1288,11315,1,67,2026-06-28T14:24:28.526000+00:00,17.415,32.955,22.12,,205.0,False,72.49,"[None, 2048, 2048, 2048, 2048, 2048]","[2048, 2048, 2048, 2048, 2048, 2048, 2048]","[2048, 2048, 2048, 2048, 2048, 2048, 2048, 2048]",312.0
1288,11315,27,66,2026-06-28T14:24:34.521000+00:00,17.582,32.553,22.357,305.0,214.0,False,72.492,"[None, 2048, 2048, 2048, 2048, 2048]","[2048, 2048, 2048, 2048, 2048, 2048, 2048]","[2048, 2048, 2048, 2048, 2048, 2048, 2048, 2048]",300.0
1288,11315,10,66,2026-06-28T14:24:35.582000+00:00,17.414,32.477,22.332,317.0,205.0,False,72.223,"[None, 2048, 2048, 2048, 2048, 2048]","[2048, 2048, 2048, 2048, 2048, 2048, 2048]","[2048, 2048, 2049, 2048, 2048, 2048, 2048, 2048]",310.0
1288,11315,16,67,2026-06-28T14:24:50.519000+00:00,17.277,31.801,21.528,305.0,212.0,False,70.606,"[None, 2048, 2048, 2048, 2048, 2048]","[2048, 2048, 2048, 2048, 2048, 2048, 2049]","[2051, 2049, 2048, 2051, 2049, 2049, 2049, 2048]",288.0
1288,11315,87,66,2026-06-28T14:24:56.394000+00:00,17.62,32.85,22.574,309.0,209.0,False,73.044,"[None, 2048, 2048, 2048, 2048, 2048]","[2048, 2048, 2048, 2048, 2048, 2048, 2048]","[2048, 2048, 2048, 2048, 2048, 2048, 2048, 2048]",300.0
1288,11315,43,66,2026-06-28T14:25:00.095000+00:00,17.682,32.731,22.305,,207.0,False,72.718,"[None, 2048, 2048, 2048, 2048, 2048]","[2048, 2048, 2048, 2048, 2048, 2048, 2048]","[2048, 2048, 2048, 2048, 2048, 2048, 2048, 2048]",303.0
1288,11315,14,65,2026-06-28T14:25:04.907000+00:00,18.095,33.405,22.983,295.0,201.0,False,74.483,"[None, 2048, 2048, 2048, 2048, 2048]","[2048, 2048, 2048, 2048, 2048, 2048, 2048]","[2048, 2048, 2048, 2048, 2048, 2048, 2048, 2048]",285.0
1288,11315,63,68,2026-06-28T14:25:12.420000+00:00,17.287,32.217,21.985,308.0,206.0,False,71.489,"[None, 2048, 2048, 2048, 2048, 2048]","[2048, 2048, 2048, 2048, 2048, 2048, 2048]","[2048, 2048, 2048, 2048, 2048, 2048, 2048, 2048]",305.0
1288,11315,3,68,2026-06-28T14:25:15.898000+00:00,17.251,31.993,21.772,,215.0,False,71.016,"[None, 2048, 2048, 2048, 2048, 2048]","[2048, 2048, 2048, 2048, 2048, 2048, 2048]","[2048, 2048, 2048, 2048, 2048, 2048, 2048, 2048]",304.0
1288,11315,12,68,2026-06-28T14:25:18.095000+00:00,17.142,31.804,21.603,310.0,207.0,False,70.549,"[None, 2048, 2048, 2048, 2048, 2048]","[2048, 2048, 2048, 2048, 2048, 2048, 2048]","[2048, 2048, 2048, 2048, 2048, 2048, 2051, 2048]",307.0
1288,11315,31,66,2026-06-28T14:25:21.566000+00:00,17.774,33.518,23.208,309.0,204.0,False,74.5,"[None, 2048, 2048, 2048, 2048, 2048]","[2048, 2048, 2048, 2048, 2048, 2048, 2048]","[2048, 2048, 2048, 2048, 2048, 2048, 2048, 2048]",297.0
1288,11315,23,66,2026-06-28T14:25:23.239000+00:00,17.872,34.705,23.43,309.0,195.0,False,76.007,"[None, 2048, 2048, 2048, 2048, 2048]","[2048, 2048, 2048, 2048, 2048, 2048, 2048]","[2048, 2048, 2048, 2048, 2048, 2048, 2048, 2048]",303.0
1288,11315,30,67,2026-06-28T14:25:24.608000+00:00,17.422,32.893,22.304,310.0,212.0,False,72.619,"[None, 2048, 2048, 2048, 2048, 2048]","[2048, 2048, 2048, 2048, 2048, 2048, 2048]","[2048, 2048, 2048, 2048, 2048, 2048, 2048, 2048]",306.0
1288,11315,41,67,2026-06-28T14:25:26.679000+00:00,17.343,32.801,22.725,310.0,210.0,False,72.869,"[None, 2048, 2048, 2048, 2048, 2048]","[2048, 2048, 2048, 2048, 2048, 2048, 2048]","[2048, 2048, 2048, 2048, 2048, 2048, 2048, 2048]",306.0
1288,11315,81,68,2026-06-28T14:25:30.641000+00:00,17.339,32.314,22.121,,204.0,False,71.774,"[None, 2048, 2048, 2048, 2048, 2048]","[2048, 2048, 2048, 2048, 2048, 2048, 2048]","[2048, 2048, 2048, 2048, 2048, 2048, 2048, 2048]",305.0
1288,11315,5,67,2026-06-28T14:25:34.400000+00:00,18.244,33.381,22.633,276.0,212.0,False,74.258,"[None, 2048, 2048, 2048, 2048, 2048]","[2048, 2048, 2048, 2048, 2048, 2048, 2048]","[2048, 2048, 2048, 2048, 2048, 2048, 2048, 2048]",309.0
1288,11315,44,68,2026-06-28T14:25:35.158000+00:00,17.321,32.452,22.473,321.0,205.0,False,72.246,"[None, 2048, 2048, 2048, 2048, 2048]","[2048, 2048, 2048, 2048, 2048, 2048, 2048]","[2048, 2048, 2048, 2048, 2048, 2048, 2048, 2048]",294.0
1288,11315,6,68,2026-06-28T14:25:39.606000+00:00,17.434,32.456,22.02,314.0,211.0,False,71.91,"[None, 2048, 2048, 2048, 2048, 2048]","[2048, 2048, 2048, 2048, 2048, 2048, 2048]","[2048, 2048, 2048, 2048, 2048, 2048, 2048, 2048]",309.0
1288,11315,1,68,2026-06-28T14:25:41.134000+00:00,17.357,32.217,22.365,316.0,201.0,False,71.939,"[None, 2048, 2048, 2048, 2048, 2048]","[2049, 2048, 2048, 2048, 2048, 2048, 2048]","[2048, 2048, 2048, 2048, 2048, 2048, 2048, 2048]",311.0
1288,11315,27,67,2026-06-28T14:25:46.983000+00:00,17.562,32.53,22.209,,212.0,False,72.301,"[None, 2048, 2048, 2048, 2048, 2048]","[2048, 2048, 2048, 2048, 2048, 2048, 2048]","[2048, 2048, 2048, 2048, 2049, 2048, 2048, 2048]",301.0
1288,11315,10,67,2026-06-28T14:25:47.825000+00:00,17.37,32.901,22.291,316.0,205.0,False,72.562,"[None, 2048, 2048, 2048, 2048, 2048]","[2048, 2048, 2048, 2048, 2048, 2048, 2048]","[2048, 2048, 2048, 2048, 2048, 2048, 2048, 2048]",308.0
1288,11315,16,68,2026-06-28T14:26:01.174000+00:00,17.297,31.813,21.603,304.0,211.0,False,70.713,"[None, 2048, 2048, 2048, 2048, 2048]","[2048, 2048, 2048, 2048, 2048, 2048, 2048]","[2048, 2048, 2048, 2048, 2049, 2048, 2048, 2048]",291.0
1288,11315,87,67,2026-06-28T14:26:09.485000+00:00,17.588,32.796,22.648,,205.0,False,73.032,"[None, 2048, 2048, 2048, 2048, 2048]","[2048, 2048, 2048, 2048, 2048, 2048, 2048]","[2048, 2048, 2048, 2048, 2048, 2048, 2048, 2048]",298.0
1288,11315,43,67,2026-06-28T14:26:12.798000+00:00,17.562,32.66,22.507,,207.0,False,72.729,"[None, 2048, 2048, 2048, 2048, 2048]","[2048, 2048, 2048, 2048, 2048, 2048, 2048]","[2048, 2048, 2048, 2048, 2048, 2048, 2048, 2048]",305.0
1288,11315,14,66,2026-06-28T14:26:19.368000+00:00,17.899,33.24,22.701,,202.0,False,73.84,"[None, 2048, 2048, 2048, 2048, 2048]","[2048, 2048, 2048, 2048, 2048, 2048, 2048]","[2048, 2048, 2048, 2048, 2048, 2048, 2048, 2048]",286.0
1288,11315,63,69,2026-06-28T14:26:23.887000+00:00,17.249,32.184,21.992,310.0,207.0,False,71.425,"[None, 2048, 2048, 2048, 2048, 2048]","[2048, 2048, 2048, 2048, 2048, 2048, 2048]","[2048, 2048, 2048, 2048, 2048, 2048, 2048, 2048]",308.0
1288,11315,3,69,2026-06-28T14:26:26.968000+00:00,17.294,31.929,21.811,315.0,215.0,False,71.034,"[None, 2048, 2048, 2048, 2048, 2048]","[2048, 2048, 2048, 2048, 2048, 2048, 2048]","[2048, 2048, 2048, 2048, 2048, 2048, 2048, 2048]",307.0
1288,11315,12,69,2026-06-28T14:26:28.722000+00:00,17.065,31.72,21.622,311.0,208.0,False,70.407,"[None, 2048, 2048, 2048, 2048, 2048]","[2048, 2048, 2048, 2048, 2048, 2048, 2048]","[2048, 2048, 2048, 2048, 2048, 2048, 2048, 2048]",309.0
1288,11315,31,67,2026-06-28T14:26:35.994000+00:00,17.736,34.891,23.34,310.0,204.0,False,75.967,"[None, 2048, 2048, 2048, 2048, 2048]","[2048, 2048, 2048, 2048, 2048, 2048, 2048]","[2048, 2048, 2048, 2048, 2048, 2048, 2048, 2048]",291.0
1288,11315,30,68,2026-06-28T14:26:37.213000+00:00,17.467,32.664,22.221,308.0,213.0,False,72.352,"[None, 2048, 2048, 2048, 2048, 2048]","[2048, 2048, 2048, 2048, 2048, 2048, 2048]","[2048, 2048, 2048, 2048, 2048, 2048, 2048, 2048]",302.0
1288,11315,23,67,2026-06-28T14:26:39.387000+00:00,18.501,33.54,23.375,311.0,199.0,False,75.416,"[None, 2048, 2048, 2048, 2048, 2048]","[2048, 2048, 2048, 2048, 2048, 2048, 2048]","[2048, 2048, 2048, 2048, 2048, 2048, 2048, 2048]",309.0
1288,11315,41,68,2026-06-28T14:26:39.690000+00:00,17.448,32.871,22.485,309.0,211.0,False,72.804,"[None, 2048, 2048, 2048, 2048, 2048]","[2048, 2048, 2048, 2048, 2048, 2048, 2048]","[2048, 2048, 2048, 2048, 2048, 2048, 2048, 2048]",308.0
1288,11315,81,69,2026-06-28T14:26:42.516000+00:00,17.343,32.514,22.652,316.0,202.0,False,72.509,"[None, 2048, 2048, 2048, 2048, 2048]","[2048, 2048, 2048, 2048, 2048, 2048, 2048]","[2048, 2048, 2048, 2048, 2048, 2048, 2048, 2048]",312.0
1288,11315,44,69,2026-06-28T14:26:47.412000+00:00,17.355,32.489,22.329,311.0,204.0,False,72.173,"[None, 2048, 2048, 2048, 2048, 2048]","[2048, 2048, 2048, 2048, 2048, 2048, 2048]","[2048, 2048, 2048, 2048, 2048, 2048, 2048, 2048]",300.0
1288,11315,5,68,2026-06-28T14:26:48.669000+00:00,17.56,32.76,22.498,309.0,213.0,False,72.818,"[None, 2048, 2048, 2048, 2048, 2048]","[2048, 2048, 2048, 2048, 2048, 2048, 2048]","[2048, 2048, 2048, 2048, 2048, 2048, 2048, 2048]",304.0
1288,11315,6,69,2026-06-28T14:26:51.443000+00:00,17.323,32.349,21.975,316.0,211.0,False,71.647,"[None, 2048, 2048, 2048, 2048, 2048]","[2048, 2048, 2048, 2048, 2048, 2049, 2048]","[2048, 2048, 2048, 2048, 2048, 2048, 2048, 2049]",311.0
1288,11315,1,69,2026-06-28T14:26:53.009000+00:00,17.31,32.303,22.208,317.0,206.0,False,71.821,"[None, 2048, 2048, 2048, 2048, 2048]","[2048, 2048, 2048, 2048, 2048, 2048, 2048]","[2048, 2048, 2048, 2048, 2048, 2048, 2048, 2048]",312.0
1288,11315,27,68,2026-06-28T14:26:59.261000+00:00,17.488,32.526,22.357,,213.0,False,72.371,"[None, 2048, 2048, 2048, 2048, 2048]","[2048, 2048, 2048, 2048, 2048, 2048, 2048]","[2048, 2048, 2048, 2048, 2048, 2048, 2048, 2048]",301.0
1288,11315,10,68,2026-06-28T14:27:00.395000+00:00,17.31,32.381,22.295,318.0,205.0,False,71.986,"[None, 2048, 2048, 2048, 2048, 2048]","[2048, 2048, 2048, 2048, 2048, 2048, 2048]","[2048, 2048, 2048, 2048, 2048, 2048, 2048, 2048]",312.0
1288,11315,16,69,2026-06-28T14:27:11.780000+00:00,17.299,31.867,21.637,306.0,211.0,False,70.803,"[None, 2048, 2048, 2048, 2048, 2048]","[2048, 2048, 2048, 2048, 2048, 2048, 2048]","[2048, 2048, 2048, 2048, 2049, 2048, 2048, 2048]",289.0
1288,11315,87,68,2026-06-28T14:27:22.519000+00:00,17.428,32.805,22.662,308.0,209.0,False,72.895,"[None, 2048, 2048, 2048, 2048, 2048]","[2048, 2048, 2048, 2048, 2048, 2048, 2048]","[2048, 2048, 2048, 2048, 2048, 2048, 2048, 2048]",296.0
1288,11315,43,68,2026-06-28T14:27:25.524000+00:00,17.508,32.592,22.698,319.0,205.0,False,72.798,"[None, 2048, 2048, 2048, 2048, 2048]","[2048, 2048, 2048, 2048, 2048, 2048, 2048]","[2048, 2048, 2048, 2048, 2048, 2048, 2048, 2048]",317.0
1288,11315,14,67,2026-06-28T14:27:33.241000+00:00,17.87,33.122,23.75,293.0,202.0,False,74.742,"[None, 2048, 2048, 2048, 2048, 2048]","[2048, 2048, 2048, 2048, 2048, 2048, 2048]","[2048, 2048, 2048, 2048, 2048, 2048, 2048, 2048]",284.0
1288,11315,63,70,2026-06-28T14:27:35.271000+00:00,17.197,32.435,22.006,320.0,202.0,False,71.638,"[None, 2048, 2048, 2048, 2048, 2049]","[2048, 2048, 2048, 2049, 2048, 2048, 2048]","[2048, 2048, 2049, 2048, 2048, 2048, 2048, 2048]",313.0
1288,11315,3,70,2026-06-28T14:27:37.929000+00:00,17.225,32.04,21.868,316.0,214.0,False,71.133,"[None, 2048, 2048, 2048, 2048, 2048]","[2048, 2048, 2048, 2048, 2048, 2048, 2048]","[2048, 2048, 2048, 2048, 2048, 2048, 2048]",309.0
1288,11315,12,70,2026-06-28T14:27:39.113000+00:00,17.063,31.891,21.721,314.0,207.0,False,70.675,"[None, 2048, 2048, 2048, 2048, 2048]","[2048, 2048, 2048, 2048, 2048, 2048, 2048]","[2048, 2048, 2048, 2048, 2048, 2048, 2048, 2051]",311.0
1288,11315,30,69,2026-06-28T14:27:49.648000+00:00,17.479,32.583,22.216,304.0,212.0,False,72.278,"[None, 2048, 2048, 2048, 2048, 2048]","[2048, 2048, 2048, 2048, 2048, 2048, 2048]","[2048, 2048, 2048, 2048, 2048, 2048, 2048, 2048]",303.0
1288,11315,31,68,2026-06-28T14:27:52.033000+00:00,18.721,33.977,24.308,315.0,202.0,False,77.006,"[None, 2048, 2048, 2048, 2048, 2048]","[2048, 2048, 2048, 2048, 2048, 2048, 2048]","[2048, 2048, 2048, 2048, 2048, 2048, 2048, 2048]",300.0
1288,11315,41,69,2026-06-28T14:27:52.643000+00:00,17.542,32.853,22.386,305.0,211.0,False,72.781,"[None, 2048, 2048, 2048, 2048, 2048]","[2048, 2048, 2048, 2048, 2048, 2048, 2048]","[2048, 2048, 2048, 2048, 2048, 2048, 2048, 2048]",306.0
1288,11315,23,68,2026-06-28T14:27:54.708000+00:00,18.428,33.872,23.309,315.0,196.0,False,75.609,"[None, 2048, 2048, 2048, 2048, 2048]","[2048, 2048, 2048, 2048, 2048, 2048, 2048]","[2048, 2048, 2048, 2048, 2048, 2048, 2048, 2048]",293.0
1288,11315,81,70,2026-06-28T14:27:55.117000+00:00,17.415,32.973,22.677,,188.0,False,73.065,"[None, 2048, 2048, 2048, 2048, 2048]","[2048, 2048, 2048, 2048, 2048, 2048, 2048]","[2048, 2048, 2048, 2048, 2048, 2048, 2048, 2048]",313.0
1288,11315,44,70,2026-06-28T14:27:59.489000+00:00,17.701,32.648,22.353,313.0,204.0,False,72.702,"[None, 2048, 2048, 2048, 2048, 2048]","[2048, 2048, 2048, 2048, 2048, 2048, 2048]","[2048, 2048, 2048, 2048, 2048, 2048, 2048, 2048]",300.0
1288,11315,5,69,2026-06-28T14:28:01.454000+00:00,17.594,32.737,22.485,310.0,213.0,False,72.816,"[None, 2048, 2048, 2048, 2048, 2048]","[2048, 2048, 2048, 2048, 2048, 2048, 2048]","[2048, 2048, 2048, 2048, 2048, 2048, 2048, 2048]",303.0
1288,11315,6,70,2026-06-28T14:28:03.102000+00:00,17.331,32.811,22.242,318.0,211.0,False,72.384,"[None, 2048, 2048, 2048, 2048, 2048]","[2048, 2048, 2048, 2048, 2048, 2048, 2048]","[2048, 2048, 2048, 2048, 2048, 2048, 2048, 2049]",311.0
1288,11315,1,70,2026-06-28T14:28:04.864000+00:00,17.779,32.604,22.291,315.0,203.0,False,72.674,"[None, 2048, 2048, 2048, 2048, 2048]","[2048, 2048, 2048, 2048, 2048, 2048, 2048]","[2048, 2048, 2048, 2048, 2048, 2048, 2048, 2048]",309.0
1288,11315,27,69,2026-06-28T14:28:11.599000+00:00,17.495,33.054,22.473,310.0,214.0,False,73.022,"[None, 2048, 2048, 2048, 2048, 2048]","[2048, 2048, 2048, 2048, 2048, 2048, 2048]","[2048, 2048, 2048, 2048, 2048, 2048, 2048, 2048]",319.0
1288,11315,10,69,2026-06-28T14:28:12.425000+00:00,17.355,33.071,22.544,,203.0,False,72.97,"[None, 2048, 2048, 2048, 2048, 2048]","[2048, 2048, 2048, 2048, 2048, 2048, 2048]","[2048, 2048, 2048, 2048, 2048, 2048, 2048, 2048]",313.0
1288,11315,16,70,2026-06-28T14:28:22.698000+00:00,17.321,31.936,21.741,,210.0,False,70.998,"[None, 2048, 2048, 2048, 2048, 2048]","[2048, 2048, 2048, 2048, 2048, 2048, 2048]","[2048, 2048, 2048, 2048, 2048, 2048, 2048, 2048]",288.0
1288,11315,87,69,2026-06-28T14:28:35.444000+00:00,17.54,32.951,22.859,307.0,207.0,False,73.35,"[None, 2048, 2048, 2048, 2048, 2048]","[2048, 2048, 2048, 2048, 2048, 2048, 2048]","[2048, 2048, 2048, 2048, 2048, 2048, 2048, 2048]",294.0
1288,11315,43,69,2026-06-28T14:28:38.327000+00:00,17.696,33.022,22.643,309.0,205.0,False,73.361,"[None, 2048, 2048, 2048, 2048, 2048]","[2048, 2048, 2048, 2048, 2048, 2048, 2048]","[2048, 2048, 2048, 2048, 2048, 2048, 2048, 2048]",299.0
1288,11315,63,71,2026-06-28T14:28:46.907000+00:00,17.267,32.461,22.104,307.0,202.0,False,71.832,"[2049, 2048, 2048, 2048, 2048, 2048]","[2048, 2048, 2048, 2048, 2048, 2048, 2048]","[2048, 2048, 2049, 2048, 2048, 2048, 2048, 2048]",305.0
1288,11315,14,68,2026-06-28T14:28:48.023000+00:00,18.139,34.258,23.24,209.0,204.0,False,75.637,"[None, 2048, 2048, 2048, 2048, 2048]","[2048, 2048, 2049, 2049, 2048, 2048, 2048]","[2048, 2048, 2048, 2048, 2048, 2048, 2048, 2048]",313.0
1288,11315,3,71,2026-06-28T14:28:49.134000+00:00,17.143,32.075,22.028,324.0,214.0,False,71.246,"[None, 2048, 2048, 2048, 2049, 2048]","[2048, 2048, 2048, 2048, 2048, 2048, 2048]","[2048, 2048, 2048, 2048, 2048, 2048, 2048, 2048]",321.0
1288,11315,12,71,2026-06-28T14:28:49.893000+00:00,17.009,32.087,21.837,325.0,206.0,False,70.933,"[None, 2048, 2048, 2048, 2049, 2049]","[2048, 2048, 2048, 2049, 2048, 2048, 2048]","[2048, 2048, 2051, 2048, 2048, 2048, 2048, 2048]",334.0
1288,11315,30,70,2026-06-28T14:29:01.746000+00:00,17.404,32.603,22.279,307.0,212.0,False,72.286,"[None, 2048, 2048, 2048, 2048, 2048]","[2048, 2048, 2048, 2048, 2048, 2048, 2048]","[2048, 2048, 2048, 2048, 2048, 2048, 2048, 2048]",304.0
1288,11315,41,70,2026-06-28T14:29:05.059000+00:00,17.365,32.937,22.36,306.0,209.0,False,72.662,"[None, 2048, 2048, 2048, 2048, 2048]","[2048, 2048, 2048, 2048, 2048, 2048, 2048]","[2048, 2048, 2048, 2048, 2048, 2048, 2048, 2048]",304.0
1288,11315,81,71,2026-06-28T14:29:08.145000+00:00,17.583,32.631,22.289,310.0,203.0,False,72.503,"[None, 2048, 2048, 2048, 2048, 2048]","[2048, 2048, 2048, 2048, 2048, 2048, 2048]","[2048, 2048, 2048, 2048, 2048, 2048, 2048, 2048]",303.0
1288,11315,31,69,2026-06-28T14:29:09.005000+00:00,17.827,34.205,23.652,321.0,201.0,False,75.684,"[2049, 2048, 2048, 2048, 2048, 2048]","[2048, 2048, 2048, 2048, 2048, 2048, 2048]","[2048, 2048, 2048, 2048, 2048, 2048, 2048, 2048]",305.0
1288,11315,23,69,2026-06-28T14:29:10.342000+00:00,18.104,34.844,23.521,311.0,197.0,False,76.469,"[2049, 2048, 2048, 2048, 2048, 2048]","[2048, 2048, 2048, 2048, 2048, 2048, 2048]","[2048, 2048, 2048, 2048, 2048, 2048, 2048, 2048]",307.0
1288,11315,44,71,2026-06-28T14:29:12.725000+00:00,17.486,32.816,22.607,314.0,203.0,False,72.909,"[None, 2048, 2048, 2048, 2048, 2048]","[2048, 2048, 2048, 2048, 2048, 2048, 2048]","[2048, 2048, 2049, 2048, 2048, 2048, 2048, 2048]",306.0
1288,11315,5,70,2026-06-28T14:29:14.337000+00:00,17.649,34.445,22.733,309.0,211.0,False,74.827,"[None, 2048, 2048, 2048, 2048, 2048]","[2048, 2048, 2048, 2048, 2048, 2048, 2048]","[2048, 2048, 2048, 2048, 2048, 2048, 2048, 2048]",281.0
1288,11315,6,71,2026-06-28T14:29:15.516000+00:00,17.427,32.689,22.522,317.0,213.0,False,72.638,"[None, 2048, 2048, 2048, 2048, 2048]","[2048, 2048, 2048, 2048, 2048, 2048, 2048]","[2048, 2048, 2048, 2048, 2048, 2048, 2048, 2048]",309.0
1288,11315,1,71,2026-06-28T14:29:17.567000+00:00,17.573,32.799,22.367,,203.0,False,72.739,"[None, 2048, 2048, 2048, 2048, 2048]","[2048, 2048, 2048, 2048, 2048, 2048, 2048]","[2048, 2048, 2048, 2048, 2048, 2048, 2048, 2048]",310.0
1288,11315,27,70,2026-06-28T14:29:24.773000+00:00,17.678,32.575,22.307,305.0,211.0,False,72.56,"[None, 2048, 2048, 2048, 2048, 2048]","[2048, 2048, 2048, 2048, 2048, 2048, 2048]","[2048, 2048, 2049, 2048, 2048, 2048, 2048, 2048]",321.0
1288,11315,10,70,2026-06-28T14:29:25.338000+00:00,17.5,32.742,22.431,326.0,201.0,False,72.673,"[None, 2048, 2048, 2048, 2048, 2048]","[2048, 2048, 2048, 2048, 2048, 2048, 2048]","[2048, 2048, 2048, 2048, 2048, 2048, 2048, 2048]",313.0
1288,11315,16,71,2026-06-28T14:29:33.613000+00:00,17.267,31.792,21.737,,211.0,False,70.796,"[None, 2048, 2048, 2048, 2048, 2048]","[2048, 2048, 2048, 2048, 2048, 2049, 2048]","[2048, 2048, 2048, 2048, 2048, 2048, 2048, 2048]",292.0
1288,11315,87,70,2026-06-28T14:29:48.797000+00:00,17.47,32.636,22.548,309.0,206.0,False,72.654,"[None, 2048, 2048, 2048, 2048, 2048]","[2048, 2048, 2048, 2048, 2048, 2048, 2048]","[2048, 2048, 2049, 2048, 2048, 2048, 2048, 2048]",315.0
1288,11315,43,70,2026-06-28T14:29:51.726000+00:00,17.453,32.76,22.464,322.0,206.0,False,72.677,"[None, 2048, 2048, 2048, 2048, 2048]","[2048, 2048, 2048, 2048, 2048, 2048, 2048]","[2048, 2048, 2048, 2048, 2048, 2048, 2048, 2048]",316.0
