meeting_key,session_key,driver_number,lap_number,date_start,duration_sector_1,duration_sector_2,duration_sector_3,i1_speed,i2_speed,is_pit_out_lap,lap_duration,segments_sector_1,segments_sector_2,segments_sector_3,st_speed
1285,11291,41,1,2026-05-24T20:09:47.754000+00:00,,,,,,False,,"[2048, 2048, 2048, 2048, 2048, 2048]","[2048, 2048, 2048, 2048, 2048, 2048]","[2048, 2048, 2048, 2048, 2048, 2048, 0, 0]",
1285,11291,1,1,2026-05-24T20:09:47.754000+00:00,28.629,26.091,32.008,240.0,274.0,False,86.728,"[2049, 2051, 2049, 2051, 2051, 2051]","[2051, 2049, 2049, 2051, 2051, 2049]","[2051, 2049, 2049, 2049, 2049, 2051, 2051, 2051]",298.0
1285,11291,12,1,2026-05-24T20:09:47.754000+00:00,29.596,26.222,31.942,236.0,283.0,False,87.76,"[2049, 2049, 2049, 2049, 2049, 2049]","[2049, 2049, 2049, 2049, 2049, 2049]","[2049, 2049, 2049, 2049, 2049, 2049, 2049, 2049]",310.0
1285,11291,63,1,2026-05-24T20:09:47.754000+00:00,30.362,26.419,31.635,234.0,285.0,False,88.416,"[2049, 2049, 2051, 2049, 2049, 2049]","[2049, 2051, 2049, 2049, 2049, 2049]","[2049, 2049, 2049, 2049, 2049, 2049, 2051, 2051]",315.0
1285,11291,44,1,2026-05-24T20:09:47.754000+00:00,30.638,26.605,31.751,227.0,294.0,False,88.994,"[2049, 2049, 2049, 2049, 2049, 2049]","[2049, 2049, 2051, 2049, 2049, 2051]","[2049, 2049, 2049, 2049, 2049, 2049, 2049, 2051]",319.0
1285,11291,3,1,2026-05-24T20:09:47.754000+00:00,31.22,26.974,32.019,232.0,280.0,False,90.213,"[2049, 2049, 2049, 2049, 2049, 2049]","[2049, 2049, 2049, 2049, 2049, 2049]","[2049, 2049, 2049, 2049, 2049, 2049, 2049, 0]",321.0
1285,11291,16,1,2026-05-24T20:09:47.754000+00:00,31.759,26.992,32.102,213.0,292.0,False,90.853,"[2049, 2049, 2049, 2049, 2049, 2049]","[2049, 2049, 2049, 2049, 2049, 2049]","[2049, 2049, 2049, 2049, 2049, 2049, 2049, 2051]",317.0
1285,11291,6,1,2026-05-24T20:09:47.754000+00:00,32.409,27.319,32.188,226.0,281.0,False,91.916,"[2049, 2049, 2049, 2049, 2049, 2049]","[2049, 2049, 2049, 2049, 2049, 2049]","[2049, 2049, 2049, 2049, 2049, 2049, 2049, 2049]",318.0
1285,11291,43,1,2026-05-24T20:09:47.754000+00:00,32.679,27.483,32.879,226.0,283.0,False,93.041,"[2049, 2049, 2049, 2049, 2049, 2049]","[2049, 2049, 2049, 2049, 2049, 2049]","[2049, 2049, 2049, 2049, 2049, 2049, 2049, 2049]",314.0
1285,11291,30,1,2026-05-24T20:09:47.754000+00:00,33.007,27.456,33.078,215.0,283.0,False,93.541,"[2049, 2049, 2049, 2049, 2049, 2049]","[2049, 2049, 2049, 2049, 2049, 2049]","[2049, 2049, 2049, 2049, 2049, 2049, 2049, 0]",314.0
1285,11291,27,1,2026-05-24T20:09:47.754000+00:00,33.509,27.701,33.081,200.0,280.0,False,94.291,"[2049, 2049, 2049, 2049, 2049, 2049]","[2049, 2049, 2049, 2049, 2049, 2049]","[2049, 2049, 2049, 2049, 2049, 2049, 2049, 2049]",330.0
1285,11291,87,1,2026-05-24T20:09:47.754000+00:00,34.248,28.916,32.518,198.0,284.0,False,95.682,"[2049, 2049, 2049, 2049, 2049, 2049]","[2049, 2049, 2049, 2049, 2049, 2049]","[2049, 2049, 2049, 2049, 2049, 2049, 2051, 0]",326.0
1285,11291,10,1,2026-05-24T20:09:47.754000+00:00,33.964,28.768,33.043,204.0,286.0,False,95.775,"[2049, 2049, 2049, 2049, 2049, 2049]","[2049, 2049, 2049, 2049, 2049, 2049]","[2049, 2051, 2051, 2051, 2049, 2049, 2049, 2049]",334.0
1285,11291,5,1,2026-05-24T20:09:47.754000+00:00,33.627,28.391,33.851,202.0,271.0,False,95.869,"[2049, 2049, 2049, 2049, 2049, 2049]","[2049, 2049, 2049, 2049, 2049, 2049]","[2049, 2049, 2049, 2049, 2049, 2049, 2049, 2049]",321.0
1285,11291,14,1,2026-05-24T20:09:47.754000+00:00,34.535,28.969,32.99,209.0,274.0,False,96.494,"[2049, 2049, 2049, 2049, 2049, 2049]","[2049, 2049, 2049, 2049, 2049, 2049]","[2049, 2049, 2049, 2049, 2049, 2049, 2049, 2049]",322.0
1285,11291,31,1,2026-05-24T20:09:47.754000+00:00,34.909,28.91,33.363,200.0,281.0,False,97.182,"[2049, 2049, 2049, 2049, 2049, 2049]","[2049, 2049, 2049, 2049, 2049, 2049]","[2049, 2049, 2049, 2049, 2049, 2049, 2049, 2049]",320.0
1285,11291,55,1,2026-05-24T20:09:47.754000+00:00,35.455,29.098,33.957,194.0,278.0,False,98.51,"[2049, 2049, 2049, 2049, 2049, 2049]","[2049, 2049, 2049, 2049, 2049, 2049]","[2049, 2049, 2049, 2049, 2049, 2049, 2049, 2049]",315.0
1285,11291,11,1,2026-05-24T20:09:47.754000+00:00,35.609,29.244,33.875,199.0,273.0,False,98.728,"[2049, 2049, 2049, 2049, 2049, 2049]","[2049, 2049, 2049, 2049, 2049, 2049]","[2049, 2049, 2049, 2049, 2049, 2049, 2049, 2049]",317.0
1285,11291,77,1,2026-05-24T20:09:47.754000+00:00,35.912,29.157,33.988,200.0,279.0,False,99.057,"[2049, 2049, 2049, 2049, 2049, 2049]","[2049, 2049, 2049, 2049, 2049, 2049]","[2049, 2049, 2049, 2049, 2049, 2049, 2049, 2049]",321.0
1285,11291,23,1,2026-05-24T20:09:47.754000+00:00,36.144,29.38,33.908,180.0,276.0,False,99.432,"[2049, 2049, 2049, 2049, 2049, 2049]","[2049, 2049, 2049, 2049, 2049, 2049]","[2049, 2049, 2049, 2049, 2049, 2049, 2049, 0]",323.0
1285,11291,18,1,2026-05-24T20:09:47.754000+00:00,41.122,27.978,33.166,223.0,266.0,False,102.266,"[None, 2064, 2049, 2049, 2049, 2049]","[2049, 2049, 2049, 2049, 2049, 2049]","[2049, 2049, 2049, 2049, 2049, 2049, 2049, 2049]",303.0
1285,11291,81,1,2026-05-24T20:09:47.754000+00:00,31.036,26.881,48.015,218.0,287.0,False,105.932,"[2049, 2049, 2049, 2049, 2049, 2049]","[2049, 2049, 2049, 2049, 2049, 2049]","[2049, 2049, 2049, 2049, 2051, 2064, 2064, 2064]",319.0
1285,11291,1,2,2026-05-24T20:11:14.482000+00:00,23.565,26.304,47.905,226.0,267.0,False,97.774,"[2049, 2049, 2048, 2048, 2051, 2048]","[2048, 2048, 2048, 2051, 2048, 2048]","[2049, 2048, 2049, 2048, 2049, 2064, 2064, 2064]",296.0
1285,11291,12,2,2026-05-24T20:11:15.514000+00:00,23.454,25.6,32.393,242.0,282.0,False,81.447,"[None, 2049, 2051, 2051, 2049, 2049]","[2051, 2049, 2049, 2049, 2048, 2048]","[2048, 2049, 2049, 2048, 2048, 2049, 2048]",300.0
1285,11291,63,2,2026-05-24T20:11:16.170000+00:00,23.553,25.496,31.876,239.0,286.0,False,80.925,"[None, 2049, 2049, 2049, 2049, 2049]","[2049, 2049, 2049, 2049, 2051, 2049]","[2049, 2048, 2049, 2049, 2048, 2048, 2048]",318.0
1285,11291,44,2,2026-05-24T20:11:16.748000+00:00,23.569,25.55,31.551,233.0,280.0,False,80.67,"[None, 2049, 2049, 2049, 2049, 2049]","[2049, 2051, 2051, 2049, 2049, 2048]","[2049, 2049, 2049, 2049, 2048, 2048, 2049, 2048]",328.0
1285,11291,3,2,2026-05-24T20:11:17.967000+00:00,23.286,25.745,31.245,235.0,277.0,False,80.276,"[2051, 2049, 2049, 2049, 2049, 2049]","[2049, 2049, 2048, 2049, 2049, 2048]","[2051, 2049, 2048, 2048, 2048, 2051, 2049]",314.0
1285,11291,16,2,2026-05-24T20:11:18.607000+00:00,23.603,25.524,31.224,232.0,283.0,False,80.351,"[None, 2049, 2049, 2049, 2049, 2049]","[2049, 2049, 2049, 2049, 2049, 2048]","[2049, 2051, 2051, 2049, 2049, 2049, 2051]",322.0
1285,11291,6,2,2026-05-24T20:11:19.670000+00:00,23.667,25.815,31.194,237.0,280.0,False,80.676,"[None, 2049, 2049, 2049, 2049, 2049]","[2049, 2049, 2049, 2049, 2049, 2049]","[2049, 2049, 2049, 2048, 2049, 2049, 2049, 2049]",316.0
1285,11291,43,2,2026-05-24T20:11:20.795000+00:00,23.826,25.97,32.429,242.0,280.0,False,82.225,"[None, 2049, 2049, 2049, 2049, 2051]","[2049, 2049, 2049, 2049, 2049, 2048]","[2049, 2048, 2048, 2048, 2048, 2049, 2049]",310.0
1285,11291,30,2,2026-05-24T20:11:21.295000+00:00,24.189,26.265,32.228,233.0,277.0,False,82.682,"[None, 2049, 2049, 2049, 2049, 2049]","[2049, 2049, 2048, 2049, 2049, 2048]","[2049, 2049, 2049, 2049, 2049, 2048, 2049, 2049]",316.0
1285,11291,27,2,2026-05-24T20:11:22.045000+00:00,25.038,27.491,50.538,216.0,272.0,False,103.067,"[None, 2049, 2049, 2049, 2049, 2049]","[2049, 2048, 2048, 2049, 2048, 2048]","[2049, 2048, 2048, 2048, 2049, 2064, 2064, 2064]",311.0
1285,11291,87,2,2026-05-24T20:11:23.436000+00:00,24.542,26.874,32.441,223.0,273.0,False,83.857,"[None, 2049, 2049, 2049, 2049, 2049]","[2049, 2049, 2049, 2049, 2049, 2048]","[2049, 2048, 2048, 2049, 2049, 2048, 2048, 2048]",328.0
1285,11291,10,2,2026-05-24T20:11:23.529000+00:00,26.933,26.924,32.365,229.0,283.0,False,86.222,"[None, 2049, 2048, 2048, 2049, 2049]","[2049, 2049, 2049, 2049, 2049, 2049]","[2049, 2048, 2048, 2048, 2048, 2049, 2049, 2049]",315.0
1285,11291,5,2,2026-05-24T20:11:23.623000+00:00,25.844,27.267,54.243,227.0,273.0,False,107.354,"[None, 2049, 2048, 2049, 2049, 2049]","[2049, 2049, 2049, 2049, 2049, 2049]","[2049, 2049, 2048, 2048, 2048, 2064, 2064, 2064]",284.0
1285,11291,14,2,2026-05-24T20:11:24.248000+00:00,24.705,26.647,32.356,229.0,270.0,False,83.708,"[None, 2049, 2049, 2049, 2049, 2049]","[2049, 2049, 2049, 2049, 2049, 2048]","[2049, 2048, 2048, 2049, 2048, 2049, 2049, 2049]",325.0
1285,11291,31,2,2026-05-24T20:11:24.936000+00:00,25.899,27.088,32.709,215.0,279.0,False,85.696,"[None, 2049, 2049, 2049, 2049, 2049]","[2049, 2049, 2049, 2049, 2049, 2048]","[2049, 2049, 2049, 2049, 2048, 2049, 2048, 2048]",308.0
1285,11291,55,2,2026-05-24T20:11:26.264000+00:00,25.377,27.774,49.308,197.0,274.0,False,102.459,"[None, 2049, 2049, 2049, 2049, 2049]","[2049, 2049, 2049, 2049, 2049, 2048]","[2049, 2048, 2049, 2048, 2049, 2064, 2064, 2064]",312.0
1285,11291,11,2,2026-05-24T20:11:26.482000+00:00,25.507,28.039,51.473,203.0,268.0,False,105.019,"[None, 2049, 2049, 2049, 2049, 2049]","[2049, 2049, 2048, 2049, 2049, 2048]","[2049, 2049, 2048, 2048, 2049, 2064, 2064, 2064]",314.0
1285,11291,77,2,2026-05-24T20:11:26.811000+00:00,25.636,28.413,33.628,206.0,274.0,False,87.677,"[None, 2049, 2049, 2049, 2049, 2049]","[2049, 2049, 2048, 2049, 2049, 2048]","[2049, 2048, 2048, 2048, 2049, 2048, 2048, 2048]",314.0
1285,11291,23,2,2026-05-24T20:11:27.186000+00:00,25.435,27.841,32.238,220.0,278.0,False,85.514,"[None, 2049, 2049, 2049, 2049, 2049]","[2049, 2049, 2049, 2049, 2049, 2048]","[2049, 2049, 2049, 2049, 2049, 2051, 2048, 2048]",324.0
1285,11291,18,2,2026-05-24T20:11:30.020000+00:00,24.736,27.472,32.87,,270.0,False,85.078,"[2049, 2049, 2049, 2049, 2049, 2049]","[2049, 2049, 2049, 2049, 2049, 2049]","[2049, 2049, 2049, 2049, 2048, 2049, 2049, 2049]",315.0
1285,11291,81,2,2026-05-24T20:11:33.686000+00:00,26.085,26.273,32.261,234.0,278.0,True,84.619,"[2064, 2064, 2049, 2049, 2049, 2049]","[2049, 2049, 2049, 2049, 2049, 2048]","[2048, 2049, 2049, 2048, 2048, 2049, 2049, 0]",307.0
1285,11291,12,3,2026-05-24T20:12:37.030000+00:00,22.886,24.922,31.166,232.0,275.0,False,78.974,"[None, 2049, 2051, 2051, 2051, 2048]","[2051, 2051, 2048, 2051, 2049, 2048]","[2051, 2049, 2048, 2048, 2049, 2049, 2049, 2048]",300.0
1285,11291,63,3,2026-05-24T20:12:37.171000+00:00,23.408,25.005,31.007,232.0,278.0,False,79.42,"[None, 2048, 2049, 2049, 2049, 2048]","[2049, 2049, 2049, 2049, 2051, 2048]","[2049, 2048, 2048, 2048, 2049, 2049, 2051, 2048]",313.0
1285,11291,44,3,2026-05-24T20:12:37.389000+00:00,23.77,25.036,30.902,229.0,278.0,False,79.708,"[2048, 2048, 2048, 2049, 2049, 2048]","[2049, 2049, 2048, 2049, 2049, 2048]","[2049, 2049, 2048, 2048, 2049, 2049, 2049, 2048]",322.0
1285,11291,3,3,2026-05-24T20:12:38.217000+00:00,23.159,25.506,30.952,234.0,278.0,False,79.617,"[2049, 2049, 2049, 2048, 2049, 2049]","[2048, 2049, 2049, 2049, 2049, 2049]","[2049, 2049, 2048, 2048, 2048, 2049, 2049, 2049]",309.0
1285,11291,16,3,2026-05-24T20:12:39.202000+00:00,23.229,25.361,30.934,231.0,283.0,False,79.524,"[None, 2049, 2049, 2048, 2049, 2049]","[2049, 2048, 2049, 2049, 2049, 2048]","[2049, 2048, 2048, 2049, 2048, 2049, 2051, 2048]",327.0
1285,11291,6,3,2026-05-24T20:12:40.358000+00:00,22.96,25.381,30.94,,279.0,False,79.281,"[None, 2051, 2049, 2049, 2049, 2049]","[2049, 2049, 2049, 2049, 2049, 2048]","[2048, 2049, 2048, 2048, 2049, 2049, 2049, 2049]",315.0
1285,11291,43,3,2026-05-24T20:12:42.999000+00:00,23.19,25.815,31.989,236.0,276.0,False,80.994,"[None, 2049, 2049, 2049, 2049, 2048]","[2049, 2049, 2049, 2049, 2049, 2048]","[2048, 2048, 2048, 2048, 2049, 2049, 2049, 2049]",305.0
1285,11291,30,3,2026-05-24T20:12:44.047000+00:00,23.518,25.919,31.883,236.0,275.0,False,81.32,"[None, 2049, 2049, 2049, 2049, 2049]","[2049, 2049, 2048, 2049, 2049, 2048]","[2048, 2049, 2048, 2048, 2048, 2049, 2049, 2049]",313.0
1285,11291,87,3,2026-05-24T20:12:47.265000+00:00,23.82,26.156,31.772,227.0,270.0,False,81.748,"[None, 2049, 2049, 2049, 2049, 2049]","[2049, 2049, 2048, 2049, 2049, 2048]","[2049, 2048, 2048, 2048, 2048, 2049, 2048, 2048]",304.0
1285,11291,14,3,2026-05-24T20:12:47.952000+00:00,23.899,26.104,31.581,228.0,270.0,False,81.584,"[None, 2049, 2049, 2048, 2049, 2049]","[2049, 2049, 2049, 2049, 2049, 2048]","[2049, 2049, 2049, 2048, 2049, 2049, 2049, 2049]",310.0
1285,11291,10,3,2026-05-24T20:12:49.842000+00:00,23.482,25.916,31.163,242.0,282.0,False,80.561,"[2049, 2049, 2049, 2049, 2049, 2049]","[2049, 2049, 2049, 2049, 2049, 2048]","[2049, 2048, 2048, 2048, 2048, 2049, 2049, 2049]",321.0
1285,11291,31,3,2026-05-24T20:12:50.625000+00:00,23.929,26.089,31.667,227.0,284.0,False,81.685,"[None, 2049, 2049, 2049, 2049, 2049]","[2049, 2049, 2048, 2049, 2049, 2049]","[2049, 2049, 2048, 2049, 2049, 2049, 2049, 2048]",329.0
1285,11291,1,3,2026-05-24T20:12:52.119000+00:00,26.055,25.903,32.117,237.0,283.0,True,84.075,"[2064, 2064, 2048, 2048, 2048, 2048]","[2048, 2049, 2049, 2048, 2049, 2049]","[2048, 2049, 2049, 2049, 2048, 2048, 2048, 2048]",305.0
1285,11291,23,3,2026-05-24T20:12:52.858000+00:00,24.572,26.098,32.134,227.0,274.0,False,82.804,"[2048, 2049, 2049, 2049, 2049, 2049]","[2049, 2049, 2048, 2049, 2049, 2048]","[2049, 2048, 2048, 2048, 2048, 2048, 2049, 2049]",300.0
1285,11291,77,3,2026-05-24T20:12:54.487000+00:00,25.338,28.634,53.832,214.0,260.0,False,107.804,"[None, 2049, 2048, 2049, 2049, 2049]","[2049, 2049, 2048, 2049, 2048, 2048]","[2048, 2048, 2048, 2048, 2049, 2064, 2064, 2064]",302.0
1285,11291,18,3,2026-05-24T20:12:55.058000+00:00,25.059,27.322,32.132,219.0,267.0,False,84.513,"[2048, 2048, 2048, 2049, 2048, 2048]","[2048, 2048, 2049, 2049, 2049, 2049]","[2049, 2049, 2048, 2048, 2049, 2049, 2049, 2048]",308.0
1285,11291,81,3,2026-05-24T20:12:58.177000+00:00,23.446,26.68,31.693,,273.0,False,81.819,"[2049, 2049, 2049, 2049, 2049, 2049]","[2049, 2049, 2049, 2048, 2048, 2048]","[2049, 2048, 2048, 2048, 2048, 2049, 2049, 2048]",315.0
1285,11291,27,3,2026-05-24T20:13:05.130000+00:00,26.408,26.732,32.111,226.0,272.0,True,85.251,"[2064, 2064, 2048, 2049, 2049, 2049]","[2049, 2049, 2048, 2049, 2049, 2048]","[2049, 2049, 2049, 2048, 2048, 2049, 2049]",303.0
1285,11291,55,3,2026-05-24T20:13:08.724000+00:00,26.944,26.758,32.684,223.0,267.0,True,86.386,"[2064, 2064, 2048, 2048, 2049, 2049]","[2049, 2049, 2049, 2049, 2049, 2048]","[2048, 2049, 2049, 2048, 2048, 2049, 2049, 2049]",298.0
1285,11291,5,3,2026-05-24T20:13:11.067000+00:00,27.435,26.964,32.742,231.0,272.0,True,87.141,"[2064, 2064, 2048, 2049, 2048, 2048]","[2049, 2049, 2049, 2049, 2049, 2049]","[2049, 2049, 2049, 2048, 2048, 2049, 2049, 2048]",303.0
1285,11291,11,3,2026-05-24T20:13:11.552000+00:00,27.703,27.271,32.144,220.0,271.0,True,87.118,"[2064, 2064, 2048, 2048, 2048, 2049]","[2049, 2049, 2049, 2049, 2049, 2048]","[2049, 2049, 2049, 2048, 2048, 2049, 2049, 2048]",307.0
1285,11291,12,4,2026-05-24T20:13:55.971000+00:00,22.389,24.665,30.92,234.0,274.0,False,77.974,"[2049, 2049, 2048, 2048, 2051, 2049]","[2051, 2051, 2048, 2051, 2049, 2048]","[2049, 2049, 2048, 2048, 2049, 2049, 2048, 2048]",299.0
1285,11291,63,4,2026-05-24T20:13:56.534000+00:00,22.525,24.756,30.664,235.0,282.0,False,77.945,"[None, 2049, 2051, 2049, 2049, 2049]","[2049, 2049, 2049, 2049, 2049, 2048]","[2049, 2049, 2048, 2048, 2049, 2049, 2048, 2048]",315.0
1285,11291,44,4,2026-05-24T20:13:57.096000+00:00,22.768,24.704,30.521,231.0,280.0,False,77.993,"[2049, 2051, 2049, 2049, 2049, 2049]","[2049, 2049, 2048, 2049, 2051, 2048]","[2049, 2048, 2048, 2051, 2049, 2049, 2048, 2048]",337.0
1285,11291,3,4,2026-05-24T20:13:57.939000+00:00,22.523,24.889,30.422,235.0,279.0,False,77.834,"[2051, 2049, 2049, 2049, 2049, 2049]","[2049, 2049, 2049, 2049, 2049, 2049]","[2051, 2049, 2048, 2048, 2049, 2051, 2049, 2048]",316.0
1285,11291,16,4,2026-05-24T20:13:58.439000+00:00,22.874,25.042,30.72,,280.0,False,78.636,"[None, 2049, 2049, 2049, 2049, 2049]","[2049, 2049, 2049, 2049, 2048, 2048]","[2049, 2048, 2048, 2048, 2049, 2049, 2048, 2048]",318.0
1285,11291,6,4,2026-05-24T20:13:59.721000+00:00,22.529,25.291,31.14,239.0,278.0,False,78.96,"[None, 2049, 2049, 2049, 2049, 2051]","[2049, 2049, 2049, 2048, 2048, 2048]","[2049, 2048, 2048, 2048, 2049, 2048, 2048, 2049]",315.0
1285,11291,43,4,2026-05-24T20:14:04.049000+00:00,22.953,25.314,31.776,234.0,290.0,False,80.043,"[None, 2049, 2049, 2049, 2049, 2048]","[2049, 2049, 2048, 2049, 2049, 2051]","[2049, 2049, 2048, 2048, 2049, 2049, 2048, 2048]",300.0
1285,11291,30,4,2026-05-24T20:14:05.377000+00:00,23.004,25.551,31.57,234.0,275.0,False,80.125,"[None, 2049, 2049, 2049, 2049, 2048]","[2049, 2049, 2048, 2049, 2049, 2048]","[2049, 2048, 2048, 2048, 2049, 2049, 2049, 2049]",309.0
1285,11291,87,4,2026-05-24T20:14:09.174000+00:00,23.227,25.608,32.746,226.0,270.0,False,81.581,"[None, 2049, 2049, 2049, 2049, 2048]","[2049, 2049, 2049, 2049, 2049, 2048]","[2048, 2051, 2048, 2048, 2048, 2048, 2048, 2048]",301.0
1285,11291,14,4,2026-05-24T20:14:09.658000+00:00,23.438,25.899,32.295,,269.0,False,81.632,"[None, 2049, 2049, 2049, 2049, 2049]","[2049, 2049, 2048, 2049, 2048, 2048]","[2048, 2049, 2049, 2049, 2048, 2048, 2048]",336.0
1285,11291,10,4,2026-05-24T20:14:10.455000+00:00,23.174,25.563,32.2,235.0,290.0,False,80.937,"[2048, 2049, 2048, 2048, 2049, 2048]","[2049, 2049, 2049, 2048, 2049, 2049]","[2048, 2048, 2051, 2051, 2048, 2048, 2048, 2048]",348.0
1285,11291,31,4,2026-05-24T20:14:12.315000+00:00,23.505,26.327,31.793,228.0,268.0,False,81.625,"[None, 2049, 2048, 2049, 2049, 2049]","[2049, 2049, 2048, 2048, 2048, 2048]","[2048, 2048, 2048, 2048, 2048, 2049, 2049, 2048]",312.0
1285,11291,23,4,2026-05-24T20:14:15.721000+00:00,23.311,25.675,31.381,231.0,276.0,False,80.367,"[2049, 2049, 2049, 2049, 2049, 2049]","[2049, 2049, 2048, 2049, 2048, 2048]","[2049, 2049, 2049, 2048, 2048, 2048, 2049, 2049]",306.0
1285,11291,1,4,2026-05-24T20:14:16.237000+00:00,24.684,25.667,30.819,227.0,280.0,False,81.17,"[2048, 2049, 2049, 2051, 2048, 2048]","[2048, 2049, 2049, 2049, 2049, 2048]","[2049, 2049, 2049, 2049, 2048, 2049, 2049, 2049]",313.0
1285,11291,18,4,2026-05-24T20:14:19.580000+00:00,23.609,26.809,32.1,227.0,270.0,False,82.518,"[2049, 2049, 2049, 2049, 2049, 2049]","[2049, 2049, 2048, 2048, 2048, 2049]","[2048, 2049, 2048, 2048, 2049, 2048, 2048, 2048]",307.0
1285,11291,81,4,2026-05-24T20:14:20.065000+00:00,23.336,26.038,31.4,233.0,278.0,False,80.774,"[None, 2049, 2049, 2048, 2048, 2049]","[2048, 2048, 2049, 2048, 2049, 2048]","[2049, 2048, 2048, 2048, 2048, 2049, 2049, 2049]",306.0
1285,11291,27,4,2026-05-24T20:14:30.268000+00:00,23.277,25.417,32.357,240.0,270.0,False,81.051,"[2049, 2049, 2049, 2049, 2049, 2049]","[2049, 2049, 2049, 2049, 2049, 2048]","[2049, 2049, 2049, 2048, 2049, 2048, 2048, 2048]",303.0
1285,11291,55,4,2026-05-24T20:14:35.127000+00:00,23.11,25.348,31.363,232.0,276.0,False,79.821,"[2049, 2049, 2049, 2049, 2049, 2049]","[2049, 2049, 2049, 2049, 2049, 2049]","[2049, 2048, 2049, 2048, 2048, 2049, 2049, 2049]",303.0
1285,11291,5,4,2026-05-24T20:14:38.206000+00:00,23.661,25.742,31.816,234.0,270.0,False,81.219,"[2049, 2049, 2049, 2049, 2049, 2049]","[2049, 2049, 2049, 2049, 2049, 2048]","[2049, 2049, 2049, 2048, 2049, 2049, 2048, 2049]",302.0
1285,11291,11,4,2026-05-24T20:14:38.690000+00:00,23.776,26.296,31.536,227.0,266.0,False,81.608,"[2049, 2049, 2049, 2049, 2049, 2049]","[2049, 2049, 2049, 2049, 2049, 2048]","[2049, 2049, 2049, 2048, 2048, 2049, 2049, 2048]",306.0
1285,11291,77,4,2026-05-24T20:14:42.355000+00:00,27.036,27.229,32.529,205.0,266.0,True,86.794,"[2064, 2064, 2048, 2048, 2049, 2048]","[2049, 2049, 2048, 2049, 2049, 2048]","[2049, 2049, 2048, 2048, 2048, 2049, 2049, 2049]",296.0
1285,11291,12,5,2026-05-24T20:15:13.990000+00:00,22.001,24.485,30.572,235.0,274.0,False,77.058,"[2049, 2051, 2049, 2049, 2051, 2049]","[2049, 2051, 2048, 2051, 2049, 2048]","[2051, 2049, 2048, 2048, 2049, 2049, 2049, 2048]",299.0
1285,11291,63,5,2026-05-24T20:15:14.474000+00:00,22.186,24.48,30.368,238.0,282.0,False,77.034,"[2048, 2049, 2051, 2049, 2049, 2049]","[2049, 2049, 2049, 2049, 2051, 2048]","[2049, 2049, 2048, 2049, 2049, 2051, 2051]",319.0
1285,11291,44,5,2026-05-24T20:15:15.132000+00:00,22.407,24.493,30.555,232.0,279.0,False,77.455,"[2048, 2049, 2049, 2049, 2049, 2049]","[2049, 2049, 2048, 2049, 2048, 2048]","[2049, 2048, 2048, 2048, 2048, 2049, 2048, 2048]",328.0
1285,11291,3,5,2026-05-24T20:15:15.880000+00:00,22.183,24.715,30.323,240.0,280.0,False,77.221,"[2051, 2049, 2049, 2049, 2049, 2051]","[2049, 2049, 2049, 2049, 2049, 2049]","[2048, 2049, 2049, 2048, 2049, 2048, 2051, 2049]",319.0
1285,11291,16,5,2026-05-24T20:15:17.197000+00:00,22.53,24.653,30.625,234.0,278.0,False,77.808,"[None, 2049, 2049, 2049, 2049, 2049]","[2051, 2049, 2048, 2049, 2049, 2048]","[2049, 2048, 2048, 2048, 2049, 2049, 2048, 2048]",310.0
1285,11291,6,5,2026-05-24T20:15:18.648000+00:00,22.373,24.933,30.607,241.0,279.0,False,77.913,"[None, 2049, 2049, 2049, 2049, 2049]","[2049, 2049, 2048, 2049, 2049, 2049]","[2049, 2048, 2048, 2048, 2048, 2049, 2049, 2049]",314.0
1285,11291,43,5,2026-05-24T20:15:24.221000+00:00,22.671,25.045,31.26,236.0,278.0,False,78.976,"[2048, 2049, 2049, 2049, 2049, 2049]","[2049, 2049, 2049, 2049, 2049, 2048]","[2048, 2049, 2048, 2048, 2049, 2048, 2048, 2049]",306.0
1285,11291,30,5,2026-05-24T20:15:25.562000+00:00,22.801,25.402,31.295,239.0,272.0,False,79.498,"[None, 2049, 2049, 2048, 2049, 2049]","[2049, 2049, 2048, 2049, 2049, 2048]","[2049, 2048, 2048, 2048, 2049, 2049, 2049, 2048]",307.0
1285,11291,87,5,2026-05-24T20:15:30.625000+00:00,23.284,25.357,31.422,229.0,272.0,False,80.063,"[2048, 2048, 2048, 2048, 2049, 2049]","[2049, 2049, 2049, 2049, 2048, 2048]","[2049, 2048, 2048, 2048, 2049, 2049, 2049, 2048]",304.0
1285,11291,14,5,2026-05-24T20:15:31.406000+00:00,,25.564,31.379,230.0,271.0,False,80.381,"[2048, 2048, 2049, 2048, 2049, 2049]","[2049, 2049, 2049, 2049, 2049, 2049]","[2049, 2048, 2048, 2048, 2049, 2049, 2048, 2048]",315.0
1285,11291,10,5,2026-05-24T20:15:31.422000+00:00,23.916,25.326,31.704,,285.0,False,80.946,"[None, 2048, 2048, 2048, 2049, 2049]","[2049, 2049, 2049, 2049, 2049, 2048]","[2049, 2049, 2051, 2048, 2048, 2049, 2048, 2048]",302.0
1285,11291,31,5,2026-05-24T20:15:34.005000+00:00,23.503,25.891,31.314,227.0,272.0,False,80.708,"[None, 2049, 2048, 2048, 2049, 2048]","[2049, 2049, 2048, 2049, 2049, 2048]","[2049, 2049, 2048, 2048, 2049, 2049, 2048, 2048]",313.0
1285,11291,23,5,2026-05-24T20:15:36.140000+00:00,22.778,25.23,31.051,235.0,281.0,False,79.059,"[None, 2049, 2049, 2049, 2049, 2049]","[2049, 2049, 2049, 2048, 2048, 2049]","[2049, 2048, 2049, 2048, 2048, 2048, 2049, 2049]",323.0
1285,11291,1,5,2026-05-24T20:15:37.484000+00:00,22.558,25.085,30.96,234.0,279.0,False,78.603,"[2049, 2049, 2049, 2048, 2049, 2049]","[2049, 2049, 2049, 2049, 2049, 2048]","[2048, 2049, 2049, 2048, 2048, 2049, 2049, 2048]",313.0
1285,11291,81,5,2026-05-24T20:15:40.812000+00:00,22.9,25.365,31.001,232.0,276.0,False,79.266,"[None, 2049, 2049, 2048, 2049, 2048]","[2049, 2049, 2048, 2049, 2049, 2048]","[2049, 2048, 2048, 2048, 2048, 2049, 2049, 2049]",304.0
1285,11291,18,5,2026-05-24T20:15:42.203000+00:00,23.563,26.125,32.175,,266.0,False,81.863,"[None, 2048, 2048, 2048, 2049, 2049]","[2049, 2049, 2048, 2049, 2049, 2048]","[2048, 2049, 2048, 2048, 2049, 2049, 2048, 2048]",310.0
1285,11291,27,5,2026-05-24T20:15:51.437000+00:00,23.028,25.525,31.372,236.0,268.0,False,79.925,"[None, 2049, 2049, 2049, 2049, 2049]","[2048, 2048, 2048, 2049, 2048, 2048]","[2049, 2049, 2049, 2048, 2048, 2049, 2049, 2049]",303.0
1285,11291,55,5,2026-05-24T20:15:55.031000+00:00,22.548,24.99,31.067,235.0,278.0,False,78.605,"[None, 2049, 2049, 2049, 2049, 2049]","[2049, 2049, 2049, 2049, 2049, 2049]","[2049, 2048, 2049, 2048, 2048, 2049, 2049, 2049]",306.0
1285,11291,5,5,2026-05-24T20:15:59.459000+00:00,23.117,25.417,31.306,233.0,270.0,False,79.84,"[None, 2049, 2049, 2049, 2049, 2049]","[2049, 2049, 2048, 2049, 2049, 2048]","[2049, 2048, 2048, 2048, 2048, 2049, 2049, 2049]",301.0
1285,11291,11,5,2026-05-24T20:16:00.443000+00:00,22.979,25.402,31.72,226.0,294.0,False,80.101,"[None, 2049, 2049, 2049, 2049, 2049]","[2049, 2049, 2049, 2049, 2049, 2049]","[2049, 2049, 2048, 2048, 2049, 2048, 2048, 2048]",300.0
1285,11291,77,5,2026-05-24T20:16:09.219000+00:00,23.896,26.332,32.01,225.0,259.0,False,82.238,"[2049, 2049, 2049, 2049, 2049, 2049]","[2049, 2049, 2048, 2049, 2049, 2048]","[2049, 2049, 2048, 2048, 2048, 2049, 2049, 2048]",295.0
1285,11291,12,6,2026-05-24T20:16:30.953000+00:00,21.991,24.326,31.393,,274.0,False,77.71,"[None, 2051, 2048, 2048, 2049, 2049]","[2051, 2051, 2048, 2049, 2049, 2048]","[2048, 2049, 2048, 2048, 2048, 2048, 2048, 2049]",299.0
1285,11291,63,6,2026-05-24T20:16:31.328000+00:00,22.024,24.19,30.151,,285.0,False,76.365,"[2049, 2049, 2048, 2049, 2049, 2049]","[2049, 2049, 2049, 2049, 2051, 2049]","[2048, 2049, 2048, 2049, 2049, 2049, 2051, 2048]",333.0
1285,11291,44,6,2026-05-24T20:16:32.579000+00:00,22.235,24.273,30.506,,277.0,False,77.014,"[None, 2049, 2048, 2049, 2051, 2049]","[2049, 2049, 2048, 2051, 2049, 2048]","[2049, 2049, 2048, 2048, 2048, 2051, 2049, 2048]",313.0
1285,11291,3,6,2026-05-24T20:16:33.121000+00:00,22.242,24.672,30.292,238.0,280.0,False,77.206,"[2049, 2048, 2048, 2048, 2048, 2048]","[2049, 2049, 2048, 2049, 2048, 2049]","[2049, 2048, 2048, 2048, 2048, 2048, 2051, 2049]",317.0
1285,11291,16,6,2026-05-24T20:16:34.999000+00:00,22.241,24.459,30.644,233.0,277.0,False,77.344,"[None, 2049, 2049, 2049, 2049, 2048]","[2049, 2049, 2048, 2049, 2049, 2048]","[2048, 2048, 2048, 2048, 2048, 2049, 2048, 2048]",308.0
1285,11291,6,6,2026-05-24T20:16:36.637000+00:00,22.021,24.849,30.968,239.0,277.0,False,77.838,"[2049, 2049, 2049, 2049, 2049, 2049]","[2049, 2049, 2048, 2049, 2049, 2048]","[2048, 2049, 2048, 2048, 2048, 2049, 2048, 2048]",310.0
1285,11291,43,6,2026-05-24T20:16:43.134000+00:00,22.613,25.009,31.243,,279.0,False,78.865,"[2049, 2049, 2048, 2049, 2048, 2048]","[2049, 2048, 2048, 2049, 2048, 2048]","[2049, 2049, 2049, 2048, 2048, 2049, 2048, 2048]",306.0
1285,11291,30,6,2026-05-24T20:16:45.291000+00:00,22.617,25.407,30.846,234.0,273.0,False,78.87,"[None, 2049, 2049, 2049, 2049, 2048]","[2049, 2049, 2048, 2049, 2048, 2048]","[2049, 2049, 2048, 2048, 2049, 2049, 2049, 2049]",307.0
1285,11291,87,6,2026-05-24T20:16:50.722000+00:00,22.835,25.361,31.125,228.0,271.0,False,79.321,"[2049, 2049, 2049, 2049, 2049, 2048]","[2048, 2048, 2049, 2049, 2048, 2048]","[2049, 2048, 2048, 2048, 2049, 2049, 2048, 2048]",303.0
1285,11291,14,6,2026-05-24T20:16:51.606000+00:00,23.25,25.723,31.969,228.0,265.0,False,80.942,"[2049, 2049, 2048, 2049, 2048, 2048]","[2049, 2048, 2048, 2049, 2049, 2048]","[2048, 2048, 2048, 2048, 2048, 2048, 2049, 2049]",309.0
1285,11291,10,6,2026-05-24T20:16:52.247000+00:00,22.861,25.642,31.276,239.0,289.0,False,79.779,"[None, 2049, 2049, 2049, 2049, 2049]","[2048, 2049, 2048, 2048, 2048, 2048]","[2048, 2048, 2048, 2048, 2048, 2048, 2048]",321.0
1285,11291,31,6,2026-05-24T20:16:54.653000+00:00,23.044,25.559,32.022,228.0,267.0,False,80.625,"[2048, 2049, 2049, 2049, 2049, 2049]","[2049, 2049, 2048, 2049, 2049, 2048]","[2049, 2049, 2048, 2048, 2048, 2048, 2048, 2048]",314.0
1285,11291,23,6,2026-05-24T20:16:55.153000+00:00,22.931,25.503,31.099,238.0,285.0,False,79.533,"[2048, 2048, 2049, 2048, 2049, 2049]","[2048, 2049, 2051, 2048, 2049, 2049]","[2048, 2048, 2049, 2049, 2048, 2048, 2048, 2049]",325.0
1285,11291,1,6,2026-05-24T20:16:56.028000+00:00,22.674,25.181,31.488,233.0,286.0,False,79.343,"[None, 2049, 2048, 2048, 2048, 2048]","[2048, 2048, 2049, 2048, 2049, 2049]","[2048, 2048, 2049, 2049, 2048, 2048, 2049, 2049]",320.0
1285,11291,81,6,2026-05-24T20:17:00.153000+00:00,22.284,24.897,30.788,236.0,278.0,False,77.969,"[None, 2049, 2049, 2049, 2049, 2049]","[2049, 2049, 2048, 2049, 2049, 2048]","[2048, 2048, 2048, 2048, 2048, 2049, 2049, 2049]",306.0
1285,11291,18,6,2026-05-24T20:17:04.044000+00:00,23.248,25.71,31.879,229.0,267.0,False,80.837,"[2048, 2049, 2049, 2049, 2049, 2049]","[2049, 2049, 2048, 2049, 2049, 2048]","[2049, 2048, 2048, 2048, 2049, 2048, 2048, 2048]",296.0
1285,11291,27,6,2026-05-24T20:17:11.356000+00:00,22.52,25.128,34.228,,270.0,False,81.876,"[None, 2049, 2049, 2049, 2049, 2049]","[2049, 2049, 2048, 2049, 2049, 2048]","[2048, 2049, 2048, 2048, 2048, 2048, 2049, 2049]",303.0
1285,11291,55,6,2026-05-24T20:17:13.528000+00:00,22.27,24.749,31.165,237.0,279.0,False,78.184,"[None, 2049, 2049, 2049, 2049, 2049]","[2049, 2049, 2049, 2049, 2049, 2049]","[2049, 2048, 2048, 2048, 2048, 2049, 2048, 2048]",301.0
1285,11291,5,6,2026-05-24T20:17:19.247000+00:00,22.668,25.265,31.375,235.0,268.0,False,79.308,"[None, 2049, 2049, 2049, 2049, 2049]","[2049, 2048, 2048, 2049, 2048, 2048]","[2048, 2049, 2049, 2048, 2048, 2048, 2048, 2049]",301.0
1285,11291,11,6,2026-05-24T20:17:20.475000+00:00,22.805,25.224,31.028,229.0,274.0,False,79.057,"[2048, 2049, 2049, 2048, 2049, 2049]","[2049, 2049, 2049, 2049, 2049, 2048]","[2048, 2049, 2049, 2048, 2049, 2049, 2049, 2048]",309.0
1285,11291,77,6,2026-05-24T20:17:31.460000+00:00,23.305,25.93,31.805,,261.0,False,81.04,"[None, 2049, 2049, 2049, 2049, 2049]","[2049, 2049, 2048, 2049, 2049, 2048]","[2049, 2049, 2048, 2048, 2048, 2049, 2048, 2048]",288.0
1285,11291,63,7,2026-05-24T20:17:47.879000+00:00,21.738,24.313,30.533,236.0,274.0,False,76.584,"[2051, 2049, 2051, 2049, 2051, 2048]","[2051, 2049, 2048, 2049, 2051, 2048]","[2049, 2048, 2048, 2048, 2048, 2049, 2048, 2048]",308.0
1285,11291,12,7,2026-05-24T20:17:48.707000+00:00,22.33,24.415,30.128,,278.0,False,76.873,"[2048, 2048, 2049, 2048, 2048, 2048]","[2049, 2048, 2049, 2048, 2048, 2048]","[2051, 2048, 2049, 2049, 2049, 2051, 2049, 2049]",313.0
1285,11291,44,7,2026-05-24T20:17:49.504000+00:00,22.206,24.366,30.41,233.0,280.0,False,76.982,"[2049, 2049, 2048, 2048, 2049, 2049]","[2048, 2048, 2048, 2048, 2049, 2048]","[2049, 2048, 2048, 2048, 2049, 2048, 2048, 2048]",328.0
1285,11291,3,7,2026-05-24T20:17:50.238000+00:00,22.06,24.508,30.106,241.0,281.0,False,76.674,"[None, 2049, 2048, 2049, 2049, 2048]","[2049, 2049, 2049, 2048, 2049, 2049]","[2048, 2048, 2049, 2048, 2049, 2049, 2048, 2048]",320.0
1285,11291,16,7,2026-05-24T20:17:52.238000+00:00,22.143,24.461,30.586,,275.0,False,77.19,"[2048, 2049, 2048, 2049, 2049, 2049]","[2048, 2049, 2048, 2049, 2048, 2048]","[2048, 2048, 2048, 2048, 2049, 2048, 2048, 2048]",308.0
1285,11291,6,7,2026-05-24T20:17:54.488000+00:00,21.867,24.642,30.655,241.0,278.0,False,77.164,"[None, 2049, 2048, 2049, 2049, 2051]","[2049, 2049, 2048, 2048, 2049, 2048]","[2048, 2048, 2048, 2048, 2048, 2049, 2049, 2048]",310.0
1285,11291,43,7,2026-05-24T20:18:01.988000+00:00,22.498,24.957,31.088,,277.0,False,78.543,"[2048, 2049, 2048, 2048, 2049, 2049]","[2049, 2048, 2048, 2048, 2049, 2048]","[2049, 2048, 2048, 2048, 2048, 2049, 2049, 2049]",306.0
1285,11291,30,7,2026-05-24T20:18:03.941000+00:00,22.539,25.247,30.958,232.0,273.0,False,78.744,"[2048, 2049, 2048, 2049, 2049, 2048]","[2049, 2049, 2048, 2049, 2049, 2048]","[2048, 2049, 2048, 2048, 2048, 2049, 2048, 2048]",305.0
1285,11291,87,7,2026-05-24T20:18:10.129000+00:00,22.951,25.24,31.439,,271.0,False,79.63,"[None, 2048, 2048, 2048, 2048, 2048]","[2048, 2048, 2048, 2049, 2048, 2048]","[2048, 2048, 2048, 2048, 2048, 2048, 2048, 2048]",303.0
1285,11291,10,7,2026-05-24T20:18:12.004000+00:00,22.488,24.843,31.682,236.0,279.0,False,79.013,"[2049, 2048, 2048, 2049, 2049, 2048]","[2049, 2049, 2048, 2049, 2049, 2048]","[2048, 2049, 2048, 2048, 2048, 2049, 2048, 2048]",310.0
1285,11291,14,7,2026-05-24T20:18:12.519000+00:00,23.165,25.501,31.285,229.0,268.0,False,79.951,"[None, 2048, 2048, 2048, 2049, 2048]","[2049, 2049, 2048, 2048, 2049, 2048]","[2048, 2048, 2048, 2048, 2049, 2049, 2048, 2048]",314.0
1285,11291,23,7,2026-05-24T20:18:14.613000+00:00,22.576,25.064,30.998,230.0,275.0,False,78.638,"[None, 2049, 2049, 2049, 2049, 2048]","[2049, 2049, 2048, 2049, 2049, 2048]","[2049, 2048, 2048, 2048, 2049, 2048, 2048, 2048]",314.0
1285,11291,31,7,2026-05-24T20:18:15.269000+00:00,23.616,27.99,31.92,227.0,261.0,False,83.526,"[None, 2048, 2048, 2048, 2048, 2048]","[2049, 2048, 2049, None, None, 2048]","[2048, 2048, 2048, 2048, 2049, 2048, 2048, 2048]",329.0
1285,11291,1,7,2026-05-24T20:18:15.410000+00:00,22.5,24.805,30.774,236.0,287.0,False,78.079,"[None, 2048, 2049, 2048, 2048, 2049]","[2048, 2049, 2049, 2049, 2048, 2049]","[2048, 2048, 2048, 2049, 2048, 2048, 2051]",326.0
1285,11291,81,7,2026-05-24T20:18:18.223000+00:00,22.165,24.559,30.681,,280.0,False,77.405,"[None, 2049, 2049, 2049, 2048, 2048]","[2049, 2049, 2049, 2049, 2049, 2049]","[2048, 2049, 2049, 2048, 2048, 2048, 2048, 2048]",310.0
1285,11291,18,7,2026-05-24T20:18:24.894000+00:00,23.232,25.878,31.791,226.0,262.0,False,80.901,"[None, 2049, 2048, 2049, 2049, 2048]","[2049, 2048, 2048, 2048, 2049, 2048]","[2049, 2048, 2048, 2048, 2048, 2049, 2049, 2048]",297.0
1285,11291,55,7,2026-05-24T20:18:31.674000+00:00,22.294,24.818,31.024,236.0,276.0,False,78.136,"[2048, 2049, 2049, 2048, 2049, 2048]","[2049, 2049, 2048, 2048, 2048, 2048]","[2049, 2048, 2048, 2048, 2048, 2048, 2048, 2048]",305.0
1285,11291,27,7,2026-05-24T20:18:33.282000+00:00,22.616,24.964,30.943,238.0,273.0,False,78.523,"[None, 2048, 2049, 2049, 2048, 2048]","[2049, 2049, 2049, 2048, 2049, 2049]","[2049, 2048, 2049, 2048, 2048, 2049, 2049, 2049]",310.0
1285,11291,5,7,2026-05-24T20:18:38.501000+00:00,22.492,25.147,30.906,,270.0,False,78.545,"[None, 2049, 2049, 2049, 2049, 2048]","[2048, 2048, 2048, 2049, 2048, 2048]","[2049, 2048, 2048, 2048, 2049, 2051, 2048, 2048]",301.0
1285,11291,11,7,2026-05-24T20:18:39.485000+00:00,22.639,25.159,30.923,227.0,273.0,False,78.721,"[2049, 2049, 2048, 2049, 2049, 2048]","[2048, 2049, 2048, 2049, 2048, 2048]","[2048, 2048, 2048, 2048, 2049, 2049, 2048, 2048]",305.0
1285,11291,77,7,2026-05-24T20:18:52.501000+00:00,22.891,25.792,31.606,226.0,263.0,False,80.289,"[2048, 2049, 2049, 2049, 2049, 2049]","[2049, 2049, 2048, 2048, 2048, 2048]","[2049, 2049, 2048, 2048, 2048, 2049, 2048, 2048]",290.0
1285,11291,63,8,2026-05-24T20:19:04.421000+00:00,21.85,24.177,30.078,,275.0,False,76.105,"[2048, 2049, 2048, 2048, 2048, 2049]","[2051, 2048, 2048, 2049, 2051, 2048]","[2049, 2048, 2048, 2048, 2049, 2049, 2048, 2048]",309.0
1285,11291,12,8,2026-05-24T20:19:05.610000+00:00,21.72,24.125,30.202,237.0,279.0,False,76.047,"[2049, 2048, 2049, 2049, 2049, 2049]","[2049, 2048, 2049, 2049, 2048, 2048]","[2051, 2048, 2049, 2048, 2048, 2048, 2048]",310.0
1285,11291,44,8,2026-05-24T20:19:06.548000+00:00,22.125,24.331,30.205,,278.0,False,76.661,"[2048, 2049, 2049, 2049, 2049, 2049]","[2048, 2049, 2048, 2048, 2048, 2048]","[2049, 2048, 2048, 2048, 2049, 2049, 2048, 2048]",331.0
1285,11291,3,8,2026-05-24T20:19:06.939000+00:00,22.212,24.496,29.868,238.0,281.0,False,76.576,"[2048, 2048, 2048, 2048, 2048, 2048]","[2049, 2048, 2048, 2049, 2048, 2048]","[2049, 2048, 2049, 2048, 2049, 2049, 2049, 2051]",322.0
1285,11291,16,8,2026-05-24T20:19:09.454000+00:00,21.944,24.271,30.424,234.0,276.0,False,76.639,"[2049, 2049, 2049, 2049, 2049, 2049]","[2049, 2049, 2048, 2048, 2049, 2048]","[2048, 2048, 2048, 2048, 2048, 2049, 2048, 2048]",308.0
1285,11291,6,8,2026-05-24T20:19:11.517000+00:00,21.828,24.586,30.468,240.0,279.0,False,76.882,"[None, 2051, 2049, 2048, 2048, 2048]","[2049, 2048, 2048, 2049, 2048, 2048]","[2049, 2048, 2048, 2048, 2049, 2048, 2048, 2048]",311.0
1285,11291,43,8,2026-05-24T20:19:20.532000+00:00,22.413,24.901,30.973,231.0,278.0,False,78.287,"[None, 2049, 2048, 2048, 2049, 2049]","[2048, 2048, 2049, 2049, 2049, 2048]","[2049, 2048, 2048, 2048, 2048, 2049, 2048, 2048]",306.0
1285,11291,30,8,2026-05-24T20:19:22.632000+00:00,22.401,25.047,30.698,236.0,274.0,False,78.146,"[2049, 2049, 2049, 2048, 2048, 2048]","[2049, 2049, 2048, 2049, 2049, 2048]","[2048, 2049, 2048, 2048, 2049, 2049, 2048, 2048]",310.0
1285,11291,87,8,2026-05-24T20:19:29.660000+00:00,22.727,25.066,31.097,230.0,272.0,False,78.89,"[2048, 2048, 2049, 2049, 2049, 2049]","[2049, 2049, 2049, 2048, 2049, 2048]","[2048, 2048, 2048, 2048, 2049, 2049, 2048, 2048]",302.0
1285,11291,10,8,2026-05-24T20:19:31.160000+00:00,22.618,24.909,30.942,238.0,278.0,False,78.469,"[2048, 2049, 2049, 2048, 2048, 2049]","[2048, 2048, 2048, 2049, 2048, 2048]","[2049, 2048, 2048, 2048, 2048, 2049, 2048, 2048]",313.0
1285,11291,14,8,2026-05-24T20:19:32.504000+00:00,23.062,26.002,31.555,,270.0,False,80.619,"[2048, 2049, 2048, 2049, 2049, 2048]","[2048, 2048, 2048, 2048, 2048, 2048]","[2048, 2049, 2049, 2048, 2048, 2048, 2049, 2049]",319.0
1285,11291,23,8,2026-05-24T20:19:33.332000+00:00,23.132,25.303,30.782,236.0,290.0,False,79.217,"[None, 2048, 2048, 2048, 2048, 2048]","[2048, 2048, 2048, 2048, 2048, 2049]","[2049, 2048, 2048, 2048, 2049, 2048, 2048]",318.0
1285,11291,1,8,2026-05-24T20:19:33.367000+00:00,22.487,24.992,30.548,237.0,279.0,False,78.027,"[None, 2048, 2049, 2048, 2048, 2049]","[2048, 2048, 2049, 2048, 2049, 2048]","[2049, 2048, 2048, 2048, 2048, 2049, 2048, 2048]",312.0
1285,11291,81,8,2026-05-24T20:19:35.493000+00:00,22.312,24.71,30.741,,285.0,False,77.763,"[None, 2048, 2049, 2048, 2048, 2049]","[2048, 2048, 2048, 2048, 2049, 2049]","[2048, 2048, 2049, 2049, 2048, 2048, 2051, 2051]",326.0
1285,11291,31,8,2026-05-24T20:19:38.807000+00:00,23.133,25.305,31.215,,271.0,False,79.653,"[None, 2049, 2048, 2049, 2049, 2048]","[2049, 2048, 2048, 2049, 2049, 2048]","[2048, 2048, 2048, 2048, 2048, 2049, 2048, 2048]",312.0
1285,11291,18,8,2026-05-24T20:19:45.798000+00:00,22.996,28.718,31.879,231.0,262.0,False,83.593,"[2049, 2049, 2048, 2049, 2049, 2049]","[2049, 2049, 2048, None, None, 2048]","[2048, 2049, 2048, 2048, 2048, 2048, 2048, 2048]",308.0
1285,11291,55,8,2026-05-24T20:19:49.938000+00:00,22.151,24.796,31.026,237.0,276.0,False,77.973,"[2049, 2048, 2049, 2048, 2049, 2048]","[2049, 2049, 2048, 2049, 2048, 2048]","[2048, 2048, 2049, 2048, 2048, 2048, 2048, 2048]",302.0
1285,11291,27,8,2026-05-24T20:19:51.767000+00:00,22.28,24.931,30.885,237.0,275.0,False,78.096,"[None, 2049, 2049, 2049, 2049, 2049]","[2049, 2049, 2049, 2048, 2048, 2049]","[2049, 2048, 2049, 2048, 2048, 2048, 2049, 2049]",317.0
1285,11291,5,8,2026-05-24T20:19:57.173000+00:00,22.571,25.079,30.866,236.0,270.0,False,78.516,"[2048, 2048, 2049, 2048, 2048, 2049]","[2049, 2048, 2048, 2049, 2048, 2048]","[2049, 2048, 2049, 2048, 2048, 2048, 2049, 2049]",303.0
1285,11291,11,8,2026-05-24T20:19:58.204000+00:00,22.71,25.14,30.862,228.0,272.0,False,78.712,"[2048, 2049, 2048, 2048, 2048, 2048]","[2049, 2049, 2048, 2048, 2048, 2048]","[2048, 2048, 2048, 2048, 2049, 2048, 2049, 2048]",304.0
1285,11291,77,8,2026-05-24T20:20:12.657000+00:00,22.908,25.682,31.335,228.0,265.0,False,79.925,"[None, 2048, 2049, 2049, 2049, 2049]","[2049, 2048, 2049, 2049, 2048, 2048]","[2049, 2048, 2048, 2048, 2048, 2048, 2048, 2048]",291.0
1285,11291,63,9,2026-05-24T20:20:20.548000+00:00,21.751,24.142,29.903,,276.0,False,75.796,"[None, 2049, 2048, 2049, 2051, 2049]","[2048, 2051, 2048, 2051, 2048, 2048]","[2049, 2048, 2048, 2048, 2049, 2049, 2048]",312.0
1285,11291,12,9,2026-05-24T20:20:21.486000+00:00,21.781,24.074,29.993,,283.0,False,75.848,"[None, 2048, 2048, 2051, 2048, 2048]","[2048, 2048, 2049, 2048, 2049, 2049]","[2048, 2048, 2049, 2049, 2049, 2048, 2049, 2049]",317.0
1285,11291,44,9,2026-05-24T20:20:23.251000+00:00,22.974,24.507,30.439,232.0,278.0,False,77.92,"[None, 2048, 2049, 2048, 2048, 2048]","[2048, 2048, 2049, 2048, 2048, 2048]","[2048, 2049, 2048, 2048, 2048, 2048, 2048, 2048]",314.0
1285,11291,3,9,2026-05-24T20:20:23.642000+00:00,22.075,24.446,30.283,,276.0,False,76.804,"[2051, 2048, 2049, 2048, 2049, 2048]","[2049, 2049, 2048, 2049, 2048, 2048]","[2048, 2048, 2048, 2048, 2048, 2049, 2048, 2048]",303.0
1285,11291,16,9,2026-05-24T20:20:26.142000+00:00,21.937,24.202,30.34,233.0,278.0,False,76.479,"[None, 2048, 2049, 2049, 2048, 2048]","[2049, 2049, 2048, 2049, 2048, 2048]","[2049, 2048, 2048, 2048, 2048, 2049, 2049, 2048]",312.0
1285,11291,6,9,2026-05-24T20:20:28.439000+00:00,21.747,24.765,30.386,,276.0,False,76.898,"[2048, 2051, 2049, 2048, 2049, 2051]","[2048, 2049, 2048, 2048, 2048, 2048]","[2049, 2048, 2048, 2048, 2049, 2049, 2048, 2048]",311.0
1285,11291,43,9,2026-05-24T20:20:38.860000+00:00,22.408,24.881,31.019,229.0,279.0,False,78.308,"[None, 2048, 2049, 2048, 2049, 2048]","[2048, 2049, 2048, 2048, 2049, 2048]","[2049, 2049, 2048, 2048, 2048, 2048, 2048, 2048]",304.0
1285,11291,30,9,2026-05-24T20:20:40.795000+00:00,22.531,24.987,30.8,234.0,275.0,False,78.318,"[2048, 2048, 2048, 2048, 2048, 2048]","[2049, 2048, 2048, 2048, 2049, 2048]","[2049, 2048, 2048, 2048, 2048, 2048, 2049, 2048]",305.0
1285,11291,87,9,2026-05-24T20:20:48.534000+00:00,22.502,24.866,30.725,,272.0,False,78.093,"[None, 2049, 2049, 2049, 2049, 2049]","[2049, 2048, 2048, 2049, 2049, 2048]","[2049, 2048, 2048, 2048, 2049, 2049, 2049, 2048]",302.0
1285,11291,10,9,2026-05-24T20:20:49.548000+00:00,22.351,24.749,30.816,,283.0,False,77.916,"[None, 2049, 2048, 2048, 2049, 2049]","[2048, 2049, 2049, 2048, 2049, 2048]","[2048, 2048, 2048, 2048, 2048, 2049, 2048, 2048]",318.0
1285,11291,1,9,2026-05-24T20:20:51.430000+00:00,22.114,24.496,30.496,235.0,278.0,False,77.106,"[2048, 2049, 2048, 2048, 2049, 2049]","[2049, 2049, 2048, 2049, 2049, 2048]","[2049, 2048, 2048, 2048, 2048, 2048, 2048, 2048]",309.0
1285,11291,23,9,2026-05-24T20:20:52.336000+00:00,22.172,24.778,30.691,237.0,280.0,False,77.641,"[2049, 2049, 2049, 2049, 2049, 2049]","[2049, 2048, 2048, 2049, 2048, 2048]","[2049, 2048, 2048, 2048, 2049, 2049, 2048, 2048]",314.0
1285,11291,14,9,2026-05-24T20:20:53.211000+00:00,23.368,25.382,30.958,232.0,271.0,False,79.708,"[None, 2048, 2048, 2049, 2048, 2049]","[2048, 2049, 2048, 2049, 2048, 2048]","[2049, 2048, 2048, 2048, 2049, 2048, 2048, 2048]",317.0
1285,11291,81,9,2026-05-24T20:20:53.336000+00:00,22.467,24.599,30.791,,283.0,False,77.857,"[None, 2048, 2048, 2048, 2048, 2048]","[2048, 2048, 2049, 2049, 2049, 2048]","[2048, 2048, 2048, 2048, 2048, 2048, 2048, 2048]",313.0
1285,11291,31,9,2026-05-24T20:20:58.449000+00:00,22.688,25.106,31.308,228.0,271.0,False,79.102,"[2049, 2049, 2049, 2049, 2049, 2048]","[2049, 2049, 2048, 2049, 2049, 2048]","[2048, 2049, 2048, 2048, 2048, 2049, 2049, 2048]",301.0
1285,11291,55,9,2026-05-24T20:21:07.853000+00:00,22.074,24.716,30.806,235.0,276.0,False,77.596,"[2048, 2049, 2048, 2049, 2048, 2048]","[2049, 2048, 2048, 2048, 2049, 2048]","[2048, 2049, 2048, 2048, 2048, 2049, 2048, 2048]",300.0
1285,11291,18,9,2026-05-24T20:21:09.338000+00:00,23.235,26.017,31.652,232.0,273.0,False,80.904,"[2048, 2048, 2048, 2048, 2048, 2049]","[2048, 2048, 2048, 2048, 2048, 2049]","[2048, 2049, 2049, 2048, 2048, 2048, 2048, 2048]",308.0
1285,11291,27,9,2026-05-24T20:21:09.820000+00:00,22.944,24.986,31.256,235.0,276.0,False,79.186,"[2048, 2048, 2048, 2048, 2048, 2048]","[2048, 2048, 2051, 2048, 2049, 2049]","[2048, 2048, 2048, 2048, 2048, 2049, 2048, 2048]",302.0
1285,11291,5,9,2026-05-24T20:21:15.670000+00:00,22.384,25.101,30.868,235.0,271.0,False,78.353,"[2049, 2048, 2048, 2048, 2049, 2049]","[2048, 2049, 2048, 2048, 2048, 2049]","[2048, 2048, 2049, 2048, 2048, 2048, 2049, 2049]",303.0
1285,11291,11,9,2026-05-24T20:21:16.842000+00:00,22.794,25.276,31.016,226.0,271.0,False,79.086,"[None, 2048, 2048, 2049, 2049, 2048]","[2049, 2048, 2048, 2048, 2048, 2048]","[2048, 2048, 2048, 2048, 2048, 2049, 2048, 2048]",300.0
1285,11291,77,9,2026-05-24T20:21:32.674000+00:00,22.925,25.656,50.858,225.0,263.0,False,99.439,"[None, 2048, 2048, 2048, 2048, 2048]","[2048, 2049, 2049, 2048, 2048, 2048]","[2048, 2048, 2048, 2048, 2049, 2064, 2064, 2064]",304.0
1285,11291,63,10,2026-05-24T20:21:36.205000+00:00,21.668,24.109,30.001,237.0,279.0,False,75.778,"[None, 2049, 2048, 2048, 2048, 2049]","[2048, 2048, 2048, 2048, 2048, 2048]","[2048, 2048, 2048, 2048, 2048, 2049, 2048, 2048]",309.0
1285,11291,12,10,2026-05-24T20:21:37.471000+00:00,21.638,24.005,30.097,238.0,281.0,False,75.74,"[None, 2049, 2048, 2048, 2049, 2049]","[2051, 2048, 2048, 2049, 2049, 2048]","[2048, 2049, 2049, 2048, 2048, 2049, 2049]",310.0
1285,11291,3,10,2026-05-24T20:21:40.236000+00:00,21.846,24.456,30.157,235.0,274.0,False,76.459,"[2048, 2049, 2048, 2049, 2049, 2048]","[2049, 2048, 2048, 2049, 2048, 2048]","[2049, 2048, 2048, 2048, 2048, 2049, 2048, 2048]",304.0
1285,11291,44,10,2026-05-24T20:21:41.158000+00:00,21.941,24.294,30.185,234.0,280.0,False,76.42,"[2049, 2049, 2049, 2049, 2048, 2049]","[2049, 2048, 2048, 2048, 2049, 2048]","[2048, 2048, 2048, 2048, 2048, 2049, 2049, 2048]",320.0
1285,11291,16,10,2026-05-24T20:21:42.627000+00:00,21.959,24.276,30.234,234.0,277.0,False,76.469,"[2048, 2049, 2048, 2048, 2049, 2049]","[2049, 2048, 2048, 2048, 2048, 2048]","[2048, 2048, 2048, 2048, 2049, 2048, 2048, 2048]",313.0
1285,11291,6,10,2026-05-24T20:21:45.392000+00:00,21.626,24.545,30.191,241.0,277.0,False,76.362,"[2049, 2048, 2049, 2048, 2049, 2051]","[2048, 2048, 2048, 2049, 2048, 2048]","[2049, 2048, 2048, 2048, 2048, 2049, 2049, 2048]",311.0
1285,11291,43,10,2026-05-24T20:21:57.080000+00:00,22.271,24.855,30.878,234.0,276.0,False,78.004,"[None, 2049, 2048, 2048, 2049, 2049]","[2048, 2049, 2049, 2048, 2048, 2048]","[2049, 2048, 2049, 2048, 2048, 2048, 2048, 2048]",304.0
1285,11291,30,10,2026-05-24T20:21:59.190000+00:00,22.464,24.897,30.807,236.0,274.0,False,78.168,"[None, 2048, 2048, 2048, 2048, 2048]","[2048, 2049, 2049, 2049, 2049, 2048]","[2049, 2048, 2048, 2048, 2048, 2048, 2048, 2048]",304.0
1285,11291,87,10,2026-05-24T20:22:06.649000+00:00,22.395,24.819,30.715,231.0,272.0,False,77.929,"[None, 2049, 2049, 2049, 2049, 2049]","[2049, 2049, 2048, 2049, 2048, 2048]","[2048, 2048, 2048, 2048, 2048, 2048, 2048, 2048]",301.0
1285,11291,10,10,2026-05-24T20:22:07.461000+00:00,22.434,24.529,30.827,,285.0,False,77.79,"[None, 2049, 2048, 2048, 2048, 2048]","[2049, 2049, 2048, 2049, 2048, 2048]","[2048, 2051, 2048, 2048, 2048, 2049, 2048, 2048]",320.0
1285,11291,1,10,2026-05-24T20:22:08.477000+00:00,22.097,24.661,30.468,,281.0,False,77.226,"[None, 2049, 2048, 2049, 2048, 2048]","[2048, 2048, 2048, 2048, 2048, 2048]","[2048, 2048, 2048, 2048, 2048, 2048, 2048, 2048]",326.0
1285,11291,23,10,2026-05-24T20:22:10.118000+00:00,22.145,24.682,30.669,,276.0,False,77.496,"[2048, 2049, 2048, 2049, 2049, 2049]","[2049, 2049, 2048, 2049, 2049, 2048]","[2048, 2049, 2048, 2048, 2048, 2049, 2048, 2048]",309.0
1285,11291,81,10,2026-05-24T20:22:11.102000+00:00,22.274,24.532,31.031,,282.0,False,77.837,"[2048, 2048, 2048, 2048, 2049, 2049]","[2048, 2048, 2048, 2049, 2049, 2048]","[2048, 2048, 2048, 2048, 2048, 2048, 2048, 2048]",312.0
1285,11291,14,10,2026-05-24T20:22:12.801000+00:00,22.795,25.491,31.349,230.0,266.0,False,79.635,"[2049, 2049, 2048, 2049, 2049, 2049]","[2049, 2048, 2048, 2048, 2048, 2048]","[2049, 2048, 2048, 2048, 2048, 2049, 2048, 2048]",300.0
1285,11291,31,10,2026-05-24T20:22:17.540000+00:00,22.56,24.882,31.063,231.0,271.0,False,78.505,"[None, 2049, 2049, 2048, 2049, 2049]","[2049, 2049, 2048, 2049, 2049, 2048]","[2049, 2048, 2048, 2048, 2048, 2048, 2048, 2048]",301.0
1285,11291,55,10,2026-05-24T20:22:25.601000+00:00,22.007,24.522,30.839,236.0,278.0,False,77.368,"[2049, 2048, 2048, 2048, 2048, 2048]","[2049, 2049, 2048, 2049, 2048, 2048]","[2048, 2048, 2049, 2048, 2048, 2048, 2048, 2048]",302.0
1285,11291,27,10,2026-05-24T20:22:29.008000+00:00,22.422,24.954,30.965,,270.0,False,78.341,"[None, 2049, 2048, 2049, 2048, 2048]","[2049, 2049, 2048, 2048, 2048, 2048]","[2049, 2049, 2048, 2048, 2048, 2048, 2048, 2048]",303.0
1285,11291,18,10,2026-05-24T20:22:30.249000+00:00,23.112,25.562,31.592,233.0,271.0,False,80.266,"[None, 2049, 2048, 2048, 2048, 2049]","[2048, 2049, 2048, 2049, 2048, 2049]","[2049, 2048, 2048, 2048, 2048, 2048, 2048, 2048]",311.0
1285,11291,5,10,2026-05-24T20:22:34.067000+00:00,22.329,24.944,30.658,,271.0,False,77.931,"[None, 2049, 2048, 2048, 2048, 2048]","[2048, 2049, 2049, 2049, 2049, 2049]","[2049, 2048, 2049, 2048, 2048, 2048, 2049, 2049]",306.0
1285,11291,11,10,2026-05-24T20:22:36.051000+00:00,22.443,25.036,31.018,228.0,271.0,False,78.497,"[None, 2049, 2048, 2049, 2049, 2049]","[2049, 2048, 2048, 2049, 2049, 2048]","[2048, 2048, 2048, 2048, 2048, 2048, 2048, 2048]",300.0
1285,11291,63,11,2026-05-24T20:22:52.171000+00:00,21.485,24.034,30.053,238.0,275.0,False,75.572,"[None, 2051, 2048, 2049, 2051, 2049]","[2051, 2051, 2048, 2048, 2048, 2048]","[2048, 2048, 2048, 2048, 2048, 2048, 2048, 2048]",308.0
1285,11291,12,11,2026-05-24T20:22:53.155000+00:00,21.538,24.042,30.05,,280.0,False,75.63,"[2048, 2049, 2048, 2048, 2049, 2049]","[2048, 2048, 2048, 2049, 2049, 2048]","[2048, 2048, 2048, 2048, 2048, 2048, 2048, 2048]",312.0
1285,11291,3,11,2026-05-24T20:22:56.780000+00:00,21.643,24.369,30.485,240.0,272.0,False,76.497,"[None, 2049, 2048, 2048, 2049, 2049]","[2049, 2049, 2048, 2048, 2048, 2048]","[2048, 2048, 2048, 2048, 2048, 2048, 2048, 2048]",300.0
1285,11291,44,11,2026-05-24T20:22:57.562000+00:00,21.959,24.183,30.321,,279.0,False,76.463,"[None, 2049, 2048, 2048, 2048, 2048]","[2049, 2048, 2048, 2048, 2048, 2048]","[2048, 2048, 2048, 2048, 2048, 2048, 2048, 2048]",318.0
1285,11291,16,11,2026-05-24T20:22:59.046000+00:00,21.871,24.139,30.217,236.0,279.0,False,76.227,"[None, 2048, 2048, 2048, 2049, 2049]","[2049, 2048, 2049, 2049, 2048, 2048]","[2048, 2049, 2048, 2048, 2048, 2049, 2049, 2048]",313.0
1285,11291,6,11,2026-05-24T20:23:01.796000+00:00,21.608,24.413,30.201,239.0,277.0,False,76.222,"[2048, 2049, 2048, 2048, 2049, 2048]","[2049, 2048, 2048, 2049, 2049, 2048]","[2048, 2048, 2048, 2048, 2049, 2048, 2048, 2048]",311.0
1285,11291,77,10,2026-05-24T20:23:12.069000+00:00,26.794,27.522,31.714,223.0,273.0,True,86.03,"[2064, 2064, 2048, 2048, 2048, 2048]","[2048, 2048, 2048, 2048, 2048, 2048]","[2048, 2048, 2048, 2048, 2048, 2048, 2049, 2049]",295.0
1285,11291,43,11,2026-05-24T20:23:15.103000+00:00,22.214,25.008,30.995,230.0,276.0,False,78.217,"[2049, 2048, 2049, 2048, 2048, 2048]","[2048, 2048, 2048, 2049, 2048, 2048]","[2048, 2048, 2048, 2048, 2048, 2048, 2048, 2048]",304.0
1285,11291,30,11,2026-05-24T20:23:17.228000+00:00,22.498,25.363,30.997,237.0,275.0,False,78.858,"[None, 2049, 2048, 2048, 2048, 2049]","[2048, 2048, 2048, 2048, 2049, 2048]","[2048, 2049, 2048, 2048, 2048, 2049, 2048, 2048]",303.0
1285,11291,87,11,2026-05-24T20:23:24.587000+00:00,22.268,25.819,31.665,,265.0,False,79.752,"[2049, 2049, 2048, 2049, 2049, 2049]","[2048, 2048, 2049, 2048, 2048, 2048]","[2048, 2048, 2049, 2049, 2048, 2048, 2049, 2049]",327.0
1285,11291,10,11,2026-05-24T20:23:25.259000+00:00,22.362,24.793,31.42,,290.0,False,78.575,"[None, 2048, 2049, 2049, 2048, 2048]","[2048, 2048, 2049, 2048, 2048, 2048]","[2048, 2048, 2048, 2048, 2048, 2048, 2048, 2048]",304.0
1285,11291,1,11,2026-05-24T20:23:25.790000+00:00,22.395,24.55,30.988,236.0,282.0,False,77.933,"[None, 2048, 2048, 2048, 2048, 2048]","[2048, 2049, 2049, 2048, 2048, 2048]","[2048, 2048, 2048, 2048, 2048, 2048, 2051]",320.0
1285,11291,23,11,2026-05-24T20:23:27.619000+00:00,21.979,24.649,30.593,238.0,280.0,False,77.221,"[None, 2049, 2048, 2048, 2049, 2049]","[2048, 2048, 2048, 2049, 2048, 2048]","[2048, 2048, 2048, 2048, 2048, 2048, 2049, 2049]",316.0
1285,11291,81,11,2026-05-24T20:23:28.978000+00:00,22.07,24.343,30.576,,282.0,False,76.989,"[None, 2049, 2048, 2048, 2049, 2049]","[2049, 2049, 2048, 2048, 2049, 2048]","[2048, 2048, 2048, 2048, 2048, 2049, 2048, 2048]",312.0
1285,11291,14,11,2026-05-24T20:23:32.447000+00:00,22.837,25.436,31.464,228.0,264.0,False,79.737,"[2048, 2049, 2048, 2048, 2049, 2048]","[2048, 2049, 2048, 2048, 2049, 2048]","[2048, 2048, 2048, 2048, 2048, 2048, 2048, 2048]",299.0
1285,11291,31,11,2026-05-24T20:23:36.109000+00:00,22.446,25.491,31.064,230.0,271.0,False,79.001,"[None, 2049, 2048, 2048, 2048, 2048]","[2048, 2048, 2048, 2048, 2048, 2048]","[2048, 2048, 2048, 2048, 2049, 2048, 2049, 2048]",302.0
1285,11291,55,11,2026-05-24T20:23:42.940000+00:00,21.92,24.628,30.906,,277.0,False,77.454,"[None, 2048, 2048, 2049, 2048, 2048]","[2048, 2048, 2048, 2048, 2048, 2048]","[2049, 2048, 2049, 2048, 2048, 2051, 2048, 2048]",303.0
1285,11291,27,11,2026-05-24T20:23:47.418000+00:00,22.148,24.776,31.077,236.0,271.0,False,78.001,"[2049, 2048, 2048, 2049, 2049, 2049]","[2049, 2048, 2048, 2049, 2048, 2048]","[2048, 2049, 2048, 2048, 2048, 2048, 2048, 2048]",304.0
1285,11291,18,11,2026-05-24T20:23:50.450000+00:00,23.149,25.55,31.875,231.0,268.0,False,80.574,"[None, 2049, 2048, 2048, 2049, 2048]","[2048, 2048, 2048, 2049, 2049, 2048]","[2048, 2048, 2048, 2048, 2048, 2048, 2048, 2048]",297.0
1285,11291,5,11,2026-05-24T20:23:51.965000+00:00,22.217,25.377,30.874,239.0,278.0,False,78.468,"[None, 2048, 2049, 2049, 2048, 2049]","[2048, 2049, 2049, 2048, 2048, 2049]","[2048, 2048, 2049, 2049, 2048, 2048, 2048]",317.0
1285,11291,11,11,2026-05-24T20:23:54.462000+00:00,22.542,25.179,30.842,232.0,270.0,False,78.563,"[None, 2048, 2048, 2048, 2048, 2049]","[2048, 2048, 2048, 2048, 2048, 2048]","[2048, 2048, 2048, 2048, 2049, 2048, 2049, 2048]",302.0
1285,11291,63,12,2026-05-24T20:24:07.679000+00:00,21.483,23.953,31.368,,275.0,False,76.804,"[None, 2048, 2048, 2048, 2048, 2048]","[2048, 2051, 2048, 2049, 2048, 2048]","[2048, 2051, 2049, 2048, 2048, 2048, 2048, 2048]",316.0
1285,11291,12,12,2026-05-24T20:24:08.753000+00:00,21.512,23.989,30.415,,280.0,False,75.916,"[None, 2048, 2048, 2051, 2048, 2048]","[2049, 2048, 2048, 2051, 2048, 2048]","[2048, 2048, 2048, 2048, 2048, 2048, 2051, 2051]",302.0
1285,11291,3,12,2026-05-24T20:24:13.350000+00:00,21.694,24.341,30.317,237.0,274.0,False,76.352,"[None, 2049, 2048, 2048, 2048, 2048]","[2048, 2049, 2048, 2049, 2048, 2048]","[2048, 2048, 2048, 2048, 2048, 2048, 2048, 2048]",301.0
1285,11291,44,12,2026-05-24T20:24:14.067000+00:00,21.819,24.342,30.066,235.0,279.0,False,76.227,"[2048, 2049, 2048, 2048, 2049, 2049]","[2048, 2048, 2048, 2048, 2048, 2048]","[2048, 2049, 2048, 2048, 2048, 2048, 2048, 2048]",320.0
1285,11291,16,12,2026-05-24T20:24:15.379000+00:00,21.854,24.305,30.059,234.0,280.0,False,76.218,"[None, 2048, 2049, 2048, 2049, 2048]","[2051, 2048, 2048, 2048, 2048, 2048]","[2049, 2048, 2048, 2048, 2049, 2048, 2049, 2048]",313.0
1285,11291,6,12,2026-05-24T20:24:17.923000+00:00,21.784,24.402,30.476,,278.0,False,76.662,"[2049, 2048, 2048, 2048, 2048, 2048]","[2049, 2048, 2048, 2049, 2048, 2048]","[2048, 2048, 2048, 2048, 2048, 2048, 2048, 2048]",309.0
1285,11291,43,12,2026-05-24T20:24:33.409000+00:00,22.181,24.653,30.868,233.0,277.0,False,77.702,"[2048, 2048, 2048, 2048, 2049, 2048]","[2049, 2049, 2048, 2049, 2049, 2048]","[2048, 2048, 2048, 2048, 2048, 2049, 2049, 2048]",304.0
1285,11291,30,12,2026-05-24T20:24:36.095000+00:00,22.309,24.973,30.902,235.0,273.0,False,78.184,"[None, 2049, 2049, 2048, 2048, 2048]","[2048, 2048, 2048, 2049, 2048, 2048]","[2048, 2048, 2048, 2048, 2048, 2048, 2048, 2048]",303.0
1285,11291,77,11,2026-05-24T20:24:38.125000+00:00,23.015,25.481,31.421,226.0,269.0,False,79.917,"[2049, 2048, 2048, 2048, 2048, 2048]","[2048, 2048, 2049, 2048, 2049, 2048]","[2048, 2048, 2048, 2048, 2048, 2048, 2048, 2048]",296.0
1285,11291,1,12,2026-05-24T20:24:43.648000+00:00,21.86,24.441,30.567,237.0,276.0,False,76.868,"[2049, 2048, 2049, 2048, 2049, 2049]","[2048, 2049, 2048, 2048, 2049, 2048]","[2049, 2048, 2048, 2048, 2048, 2049, 2048, 2048]",304.0
1285,11291,10,12,2026-05-24T20:24:43.871000+00:00,22.757,24.776,31.486,,281.0,False,79.019,"[None, 2048, 2048, 2048, 2048, 2048]","[2048, 2048, 2048, 2048, 2049, 2048]","[2048, 2048, 2048, 2048, 2048, 2048, 2048, 2048]",309.0
1285,11291,87,12,2026-05-24T20:24:44.325000+00:00,22.897,25.397,32.008,232.0,279.0,False,80.302,"[2048, 2048, 2048, 2048, 2048, 2048]","[2048, 2048, 2049, 2048, 2048, 2048]","[2048, 2048, 2048, 2048, 2048, 2048, 2048, 2048]",311.0
1285,11291,23,12,2026-05-24T20:24:44.831000+00:00,22.559,25.066,,243.0,271.0,False,,"[2049, 2048, 2049, 2048, 2048, 2049]","[2048, 2048, 2051, 2048, 2048, 2048]",[2052],
1285,11291,81,12,2026-05-24T20:24:45.990000+00:00,22.124,24.685,62.877,,292.0,False,109.686,"[None, 2048, 2049, 2048, 2048, 2049]","[2048, 2048, 2049, 2048, 2048, 2051]","[2048, 2048, 2048, 2048, 2048, 2064, 2064, 2064]",257.0
1285,11291,14,12,2026-05-24T20:24:52.189000+00:00,22.698,25.486,31.95,,264.0,False,80.134,"[None, 2048, 2049, 2048, 2048, 2048]","[2048, 2048, 2048, 2048, 2049, 2048]","[2048, 2048, 2048, 2048, 2048, 2048, 2049]",298.0
1285,11291,31,12,2026-05-24T20:24:55.063000+00:00,22.574,25.136,31.903,229.0,273.0,False,79.613,"[2048, 2048, 2049, 2048, 2048, 2048]","[2048, 2048, 2048, 2048, 2049, 2048]","[2048, 2048, 2048, 2048, 2048, 2048, 2049, 2048]",301.0
1285,11291,55,12,2026-05-24T20:25:00.344000+00:00,22.172,24.657,31.565,235.0,275.0,False,78.394,"[2048, 2048, 2048, 2048, 2048, 2048]","[2048, 2048, 2048, 2048, 2048, 2048]","[2048, 2048, 2048, 2048, 2048, 2048, 2048]",304.0
1285,11291,27,12,2026-05-24T20:25:05.406000+00:00,22.062,24.637,31.289,237.0,272.0,False,77.988,"[2048, 2049, 2049, 2048, 2048, 2049]","[2048, 2049, 2048, 2049, 2048, 2048]","[2048, 2048, 2048, 2048, 2048, 2048, 2049]",306.0
1285,11291,5,12,2026-05-24T20:25:10.344000+00:00,22.298,24.827,31.32,236.0,264.0,False,78.445,"[2048, 2048, 2048, 2048, 2049, 2048]","[2049, 2049, 2048, 2048, 2049, 2048]","[2048, 2048, 2048, 2048, 2048, 2048, 2048, 2048]",304.0
1285,11291,18,12,2026-05-24T20:25:11.126000+00:00,23.103,25.491,31.539,232.0,269.0,False,80.133,"[None, 2048, 2048, 2049, 2048, 2049]","[2048, 2049, 2048, 2049, 2048, 2048]","[2048, 2048, 2048, 2048, 2049, 2048, 2048, 2048]",310.0
1285,11291,11,12,2026-05-24T20:25:13.109000+00:00,22.563,25.081,31.043,231.0,273.0,False,78.687,"[None, 2048, 2048, 2048, 2048, 2048]","[2049, 2048, 2048, 2048, 2048, 2048]","[2048, 2048, 2049, 2048, 2048, 2048, 2049]",305.0
1285,11291,63,13,2026-05-24T20:25:24.546000+00:00,22.74,24.186,30.415,234.0,277.0,False,77.341,"[None, 2048, 2048, 2048, 2048, 2048]","[2048, 2048, 2048, 2048, 2048, 2048]","[2048, 2048, 2048, 2048, 2048, 2048, 2048, 2048]",310.0
1285,11291,12,13,2026-05-24T20:25:24.762000+00:00,22.734,24.512,30.587,235.0,266.0,False,77.833,"[2049, 2048, 2048, 2048, 2048, 2048]","[2048, 2048, 2048, 2048, 2048, 2048]","[2048, 2048, 2049, 2048, 2048, 2048, 2048, 2048]",315.0
1285,11291,3,13,2026-05-24T20:25:29.681000+00:00,21.64,24.386,30.506,238.0,272.0,False,76.532,"[None, 2051, 2048, 2048, 2048, 2048]","[2048, 2048, 2048, 2048, 2048, 2048]","[2048, 2048, 2048, 2048, 2048, 2048, 2048, 2048]",303.0
1285,11291,44,13,2026-05-24T20:25:30.228000+00:00,21.801,24.281,30.4,234.0,276.0,False,76.482,"[None, 2049, 2048, 2049, 2048, 2048]","[2048, 2048, 2048, 2048, 2048, 2048]","[2048, 2048, 2048, 2048, 2048, 2048, 2048, 2048]",321.0
1285,11291,16,13,2026-05-24T20:25:31.572000+00:00,21.82,24.18,30.829,236.0,276.0,False,76.829,"[2049, 2049, 2048, 2048, 2048, 2049]","[2048, 2049, 2049, 2048, 2048, 2048]","[2048, 2048, 2048, 2048, 2048, 2048, 2048, 2048]",310.0
1285,11291,6,13,2026-05-24T20:25:34.681000+00:00,21.7,24.614,30.746,241.0,277.0,False,77.06,"[2048, 2048, 2048, 2049, 2048, 2048]","[2048, 2048, 2048, 2048, 2048, 2048]","[2048, 2048, 2048, 2048, 2048, 2048, 2048, 2048]",309.0
1285,11291,43,13,2026-05-24T20:25:51.119000+00:00,22.04,24.896,31.393,238.0,263.0,False,78.329,"[2049, 2048, 2049, 2048, 2049, 2049]","[2048, 2048, 2048, 2048, 2048, 2048]","[2048, 2048, 2048, 2048, 2048, 2048, 2048, 2048]",305.0
1285,11291,30,13,2026-05-24T20:25:54.275000+00:00,22.397,24.935,31.052,237.0,272.0,False,78.384,"[None, 2048, 2048, 2048, 2049, 2049]","[2049, 2048, 2048, 2049, 2048, 2048]","[2048, 2048, 2048, 2048, 2049, 2048, 2048, 2048]",303.0
1285,11291,77,12,2026-05-24T20:25:58.057000+00:00,23.183,26.944,32.111,227.0,260.0,False,82.238,"[2048, 2048, 2048, 2048, 2048, 2048]","[2048, 2048, 2048, 2048, 2048, 2048]","[2048, 2048, 2048, 2048, 2048, 2048, 2048, 2048]",300.0
1285,11291,1,13,2026-05-24T20:26:00.603000+00:00,21.985,24.424,31.271,,256.0,False,77.68,"[2048, 2048, 2048, 2048, 2049, 2049]","[2048, 2048, 2048, 2049, 2048, 2048]","[2048, 2048, 2048, 2048, 2048, 2048, 2048, 2048]",301.0
1285,11291,10,13,2026-05-24T20:26:02.867000+00:00,22.334,24.772,32.126,237.0,280.0,False,79.232,"[None, 2048, 2048, 2048, 2048, 2048]","[2048, 2048, 2048, 2048, 2048, 2048]","[2048, 2048, 2048, 2048, 2048, 2048, 2048, 2048]",309.0
1285,11291,87,13,2026-05-24T20:26:04.645000+00:00,22.641,24.805,31.078,,274.0,False,78.524,"[None, 2048, 2048, 2048, 2048, 2049]","[2048, 2049, 2048, 2048, 2048, 2048]","[2048, 2048, 2048, 2048, 2048, 2048, 2048, 2048]",309.0
1285,11291,14,13,2026-05-24T20:26:12.254000+00:00,22.744,25.391,32.467,231.0,266.0,False,80.602,"[None, 2048, 2048, 2048, 2048, 2049]","[2048, 2048, 2048, 2049, 2048, 2048]","[2048, 2048, 2048, 2048, 2048, 2048, 2049, 2048]",294.0
1285,11291,31,13,2026-05-24T20:26:14.613000+00:00,22.67,25.101,31.773,228.0,267.0,False,79.544,"[None, 2048, 2048, 2048, 2048, 2048]","[2048, 2048, 2048, 2048, 2048, 2048]","[2048, 2048, 2048, 2048, 2048, 2048, 2048, 2048]",304.0
1285,11291,55,13,2026-05-24T20:26:18.535000+00:00,21.946,24.545,31.127,236.0,277.0,False,77.618,"[None, 2048, 2049, 2048, 2049, 2048]","[2049, 2048, 2048, 2048, 2048, 2048]","[2048, 2048, 2048, 2048, 2048, 2048, 2049, 2049]",307.0
1285,11291,27,13,2026-05-24T20:26:23.239000+00:00,22.042,24.672,31.495,236.0,270.0,False,78.209,"[None, 2049, 2049, 2048, 2048, 2048]","[2048, 2048, 2048, 2048, 2048, 2048]","[2048, 2048, 2048, 2048, 2048, 2048, 2048, 2048]",311.0
1285,11291,5,13,2026-05-24T20:26:28.754000+00:00,22.303,24.968,31.008,,271.0,False,78.279,"[None, 2049, 2048, 2048, 2048, 2048]","[2048, 2048, 2048, 2048, 2049, 2048]","[2048, 2048, 2048, 2048, 2048, 2048, 2048, 2048]",302.0
1285,11291,18,13,2026-05-24T20:26:31.144000+00:00,22.889,25.398,32.239,230.0,267.0,False,80.526,"[None, 2049, 2048, 2049, 2049, 2048]","[2048, 2049, 2048, 2049, 2049, 2048]","[2048, 2048, 2048, 2048, 2048, 2048, 2048, 2048]",304.0
1285,11291,11,13,2026-05-24T20:26:31.660000+00:00,22.759,25.361,31.151,229.0,277.0,False,79.271,"[None, 2048, 2049, 2048, 2048, 2048]","[2048, 2048, 2049, 2048, 2048, 2048]","[2048, 2048, 2049, 2049, 2048, 2048, 2048, 2048]",327.0
1285,11291,81,13,2026-05-24T20:26:35.614000+00:00,25.078,25.555,33.21,239.0,271.0,True,83.843,"[2064, 2064, 2048, 2048, 2048, 2048]","[2048, 2048, 2048, 2048, 2048, 2048]","[2048, 2048, 2048, 2048, 2048, 2048, 2048, 2048]",228.0
1285,11291,63,14,2026-05-24T20:26:41.832000+00:00,21.668,24.059,30.465,238.0,278.0,False,76.192,"[None, 2048, 2048, 2049, 2048, 2048]","[2048, 2048, 2048, 2048, 2048, 2048]","[2048, 2048, 2048, 2048, 2048, 2048, 2048, 2048]",316.0
1285,11291,12,14,2026-05-24T20:26:42.613000+00:00,21.638,24.14,30.348,240.0,285.0,False,76.126,"[2048, 2049, 2048, 2048, 2048, 2049]","[2051, 2048, 2049, 2048, 2048, 2049]","[2048, 2048, 2049, 2049, 2048, 2048, 2048, 2048]",320.0
1285,11291,3,14,2026-05-24T20:26:46.144000+00:00,21.585,24.268,30.519,,275.0,False,76.372,"[None, 2048, 2048, 2048, 2048, 2048]","[2049, 2049, 2048, 2048, 2048, 2048]","[2048, 2048, 2048, 2048, 2048, 2048, 2048, 2048]",306.0
1285,11291,44,14,2026-05-24T20:26:46.676000+00:00,21.867,24.254,30.277,235.0,271.0,False,76.398,"[None, 2048, 2048, 2048, 2048, 2048]","[2048, 2048, 2048, 2048, 2048, 2048]","[2048, 2048, 2048, 2048, 2048, 2048, 2048, 2048]",323.0
1285,11291,16,14,2026-05-24T20:26:48.269000+00:00,21.799,27.573,30.83,235.0,255.0,False,80.202,"[2048, 2049, 2048, 2049, 2048, 2048]","[2048, 2049, 2048, None, None, 2048]","[2048, 2048, 2048, 2048, 2048, 2048, 2049, 2048]",305.0
1285,11291,6,14,2026-05-24T20:26:51.676000+00:00,21.744,24.576,31.146,,267.0,False,77.466,"[None, 2048, 2048, 2048, 2048, 2048]","[2049, 2048, 2048, 2048, 2049, 2048]","[2048, 2048, 2049, 2049, 2048, 2048, 2048, 2048]",321.0
1285,11291,43,14,2026-05-24T20:27:09.357000+00:00,22.155,24.704,30.969,237.0,277.0,False,77.828,"[2048, 2048, 2049, 2049, 2048, 2048]","[2049, 2048, 2048, 2048, 2049, 2048]","[2048, 2048, 2048, 2048, 2048, 2048, 2049, 2048]",303.0
1285,11291,30,14,2026-05-24T20:27:12.607000+00:00,22.361,25.0,30.953,233.0,273.0,False,78.314,"[None, 2048, 2048, 2049, 2048, 2048]","[2048, 2049, 2048, 2048, 2048, 2048]","[2048, 2048, 2048, 2048, 2049, 2048, 2048, 2048]",302.0
1285,11291,1,14,2026-05-24T20:27:18.216000+00:00,21.92,24.338,30.543,236.0,277.0,False,76.801,"[None, 2049, 2049, 2048, 2048, 2048]","[2049, 2049, 2048, 2048, 2049, 2048]","[2048, 2048, 2048, 2048, 2048, 2048, 2048, 2048]",303.0
1285,11291,77,13,2026-05-24T20:27:20.232000+00:00,23.021,28.425,31.297,226.0,272.0,False,82.743,"[None, 2048, 2048, 2049, 2048, 2048]","[2049, 2048, 2048, 2048, 2048, 2048]","[2048, 2048, 2048, 2048, 2048, 2048, 2048, 2048]",303.0
1285,11291,10,14,2026-05-24T20:27:22.185000+00:00,22.341,24.801,30.871,239.0,277.0,False,78.013,"[None, 2048, 2049, 2048, 2049, 2049]","[2048, 2048, 2048, 2049, 2048, 2048]","[2048, 2048, 2048, 2048, 2048, 2049, 2048, 2048]",306.0
1285,11291,87,14,2026-05-24T20:27:23.185000+00:00,22.471,25.032,30.702,,274.0,False,78.205,"[None, 2048, 2049, 2048, 2048, 2048]","[2048, 2048, 2048, 2048, 2048, 2048]","[2048, 2048, 2048, 2048, 2048, 2048, 2048, 2048]",311.0
1285,11291,14,14,2026-05-24T20:27:32.920000+00:00,22.725,25.222,31.752,232.0,270.0,False,79.699,"[None, 2048, 2048, 2049, 2049, 2049]","[2048, 2048, 2048, 2048, 2048, 2049]","[2049, 2048, 2048, 2048, 2048, 2048, 2048, 2048]",297.0
1285,11291,31,14,2026-05-24T20:27:34.248000+00:00,22.57,25.014,31.531,231.0,275.0,False,79.115,"[None, 2048, 2048, 2048, 2049, 2048]","[2048, 2048, 2048, 2048, 2049, 2048]","[2048, 2048, 2048, 2048, 2048, 2048, 2048, 2048]",309.0
1285,11291,55,14,2026-05-24T20:27:36.326000+00:00,21.951,24.521,30.574,238.0,284.0,False,77.046,"[2049, 2048, 2048, 2048, 2048, 2049]","[2048, 2048, 2049, 2048, 2048, 2049]","[2048, 2048, 2049, 2049, 2048, 2048, 2049, 2049]",320.0
1285,11291,27,14,2026-05-24T20:27:41.529000+00:00,22.087,24.828,30.761,237.0,273.0,False,77.676,"[None, 2048, 2048, 2048, 2048, 2049]","[2048, 2048, 2048, 2048, 2048, 2048]","[2049, 2048, 2048, 2048, 2048, 2048, 2048, 2048]",306.0
1285,11291,5,14,2026-05-24T20:27:47.079000+00:00,22.184,24.84,30.674,,270.0,False,77.698,"[None, 2049, 2049, 2049, 2048, 2048]","[2048, 2048, 2048, 2049, 2048, 2048]","[2049, 2048, 2048, 2048, 2048, 2048, 2048, 2048]",303.0
1285,11291,11,14,2026-05-24T20:27:50.879000+00:00,22.64,25.313,31.253,230.0,268.0,False,79.206,"[None, 2048, 2048, 2048, 2048, 2048]","[2048, 2048, 2048, 2048, 2048, 2048]","[2048, 2048, 2048, 2048, 2049, 2048, 2048, 2048]",297.0
1285,11291,18,14,2026-05-24T20:27:51.702000+00:00,23.023,25.498,47.69,229.0,267.0,False,96.211,"[None, 2048, 2049, 2048, 2048, 2048]","[2048, 2048, 2048, 2048, 2049, 2048]","[2048, 2048, 2048, 2049, 2049, 2064, 2064, 2064]",314.0
1285,11291,63,15,2026-05-24T20:27:57.997000+00:00,21.56,24.016,30.215,,280.0,False,75.791,"[None, 2048, 2048, 2048, 2048, 2048]","[2048, 2048, 2048, 2048, 2048, 2048]","[2048, 2048, 2048, 2048, 2048, 2048, 2049]",308.0
1285,11291,12,15,2026-05-24T20:27:58.657000+00:00,21.585,23.961,30.089,,288.0,False,75.635,"[None, 2048, 2048, 2048, 2048, 2049]","[2048, 2048, 2049, 2048, 2048, 2049]","[2048, 2048, 2049, 2049, 2048, 2048, 2048, 2048]",313.0
1285,11291,81,14,2026-05-24T20:27:59.501000+00:00,22.383,24.712,30.571,246.0,282.0,False,77.666,"[2048, 2048, 2048, 2048, 2048, 2049]","[2048, 2049, 2049, 2048, 2048, 2048]","[2048, 2048, 2048, 2048, 2048, 2049, 2048, 2048]",312.0
1285,11291,3,15,2026-05-24T20:28:02.564000+00:00,21.657,24.367,30.15,,276.0,False,76.174,"[None, 2048, 2048, 2048, 2048, 2048]","[2048, 2048, 2048, 2048, 2048, 2048]","[2048, 2048, 2048, 2048, 2048, 2048, 2048, 2048]",311.0
1285,11291,44,15,2026-05-24T20:28:03.095000+00:00,21.878,24.358,30.023,234.0,280.0,False,76.259,"[None, 2048, 2048, 2048, 2048, 2048]","[2048, 2048, 2048, 2048, 2048, 2048]","[2048, 2049, 2049, 2048, 2048, 2048, 2048, 2048]",325.0
1285,11291,16,15,2026-05-24T20:28:08.548000+00:00,21.92,24.362,30.475,234.0,275.0,False,76.757,"[None, 2048, 2048, 2048, 2049, 2048]","[2048, 2049, 2048, 2048, 2049, 2048]","[2048, 2048, 2048, 2048, 2048, 2048, 2048, 2048]",305.0
1285,11291,6,15,2026-05-24T20:28:09.095000+00:00,21.983,24.605,30.253,242.0,281.0,False,76.841,"[None, 2048, 2048, 2048, 2048, 2048]","[2048, 2048, 2049, 2048, 2048, 2049]","[2048, 2048, 2048, 2049, 2048, 2048, 2048, 2049]",321.0
1285,11291,43,15,2026-05-24T20:28:27.126000+00:00,21.944,24.653,30.885,238.0,280.0,False,77.482,"[2049, 2049, 2048, 2048, 2049, 2048]","[2048, 2048, 2048, 2048, 2049, 2048]","[2048, 2048, 2048, 2048, 2048, 2049, 2048, 2048]",303.0
1285,11291,30,15,2026-05-24T20:28:30.984000+00:00,22.244,24.923,30.722,237.0,274.0,False,77.889,"[None, 2048, 2048, 2048, 2049, 2049]","[2048, 2048, 2048, 2048, 2048, 2048]","[2048, 2048, 2048, 2048, 2049, 2048, 2048, 2048]",302.0
1285,11291,1,15,2026-05-24T20:28:34.980000+00:00,21.758,24.505,52.573,235.0,277.0,False,98.836,"[None, 2051, 2049, 2048, 2048, 2048]","[2048, 2048, 2048, 2048, 2048, 2048]","[2048, 2049, 2048, 2048, 2048, 2064, 2064, 2064]",322.0
1285,11291,10,15,2026-05-24T20:28:40.210000+00:00,22.05,24.566,30.979,238.0,278.0,False,77.595,"[None, 2049, 2048, 2049, 2049, 2048]","[2049, 2048, 2048, 2049, 2048, 2048]","[2048, 2048, 2048, 2048, 2048, 2048, 2048, 2048]",305.0
1285,11291,87,15,2026-05-24T20:28:41.342000+00:00,22.33,24.828,30.351,231.0,275.0,False,77.509,"[2049, 2048, 2048, 2049, 2048, 2048]","[2048, 2048, 2048, 2048, 2048, 2048]","[2048, 2048, 2048, 2048, 2049, 2049, 2048]",308.0
1285,11291,77,14,2026-05-24T20:28:43.123000+00:00,22.671,25.366,31.324,230.0,269.0,False,79.361,"[None, 2049, 2049, 2048, 2049, 2049]","[2049, 2048, 2049, 2049, 2049, 2048]","[2048, 2048, 2048, 2048, 2048, 2048, 2048, 2048]",297.0
1285,11291,14,15,2026-05-24T20:28:52.611000+00:00,22.883,25.856,31.485,227.0,269.0,False,80.224,"[None, 2048, 2048, 2048, 2048, 2048]","[2048, 2048, 2048, 2048, 2048, 2048]","[2048, 2048, 2048, 2048, 2048, 2048, 2048, 2049]",322.0
1285,11291,55,15,2026-05-24T20:28:53.361000+00:00,22.5,25.024,31.437,237.0,267.0,False,78.961,"[2048, 2048, 2048, 2048, 2048, 2048]","[2048, 2048, 2049, 2048, 2048, 2048]","[2048, 2048, 2048, 2048, 2048, 2048, 2048, 2048]",294.0
1285,11291,31,15,2026-05-24T20:28:53.361000+00:00,23.185,25.199,31.299,,281.0,False,79.683,"[None, 2048, 2048, 2048, 2048, 2048]","[2048, 2048, 2049, 2048, 2048, 2048]","[2048, 2048, 2049, 2049, 2048, 2048, 2049, 2049]",327.0
1285,11291,27,15,2026-05-24T20:28:59.314000+00:00,21.988,24.659,30.742,239.0,273.0,False,77.389,"[2049, 2048, 2048, 2048, 2048, 2049]","[2048, 2048, 2048, 2048, 2049, 2048]","[2049, 2048, 2048, 2048, 2048, 2048, 2048, 2048]",307.0
1285,11291,5,15,2026-05-24T20:29:04.845000+00:00,22.25,24.827,30.827,,270.0,False,77.904,"[None, 2048, 2048, 2049, 2048, 2048]","[2048, 2048, 2048, 2048, 2048, 2048]","[2048, 2049, 2048, 2048, 2048, 2048, 2049, 2048]",301.0
1285,11291,11,15,2026-05-24T20:29:10.220000+00:00,22.417,25.115,48.649,229.0,269.0,False,96.181,"[None, 2048, 2048, 2048, 2049, 2048]","[2048, 2048, 2048, 2048, 2048, 2048]","[2048, 2048, 2048, 2048, 2049, 2064, 2064, 2064]",306.0
1285,11291,63,16,2026-05-24T20:29:13.720000+00:00,21.517,24.073,29.887,,279.0,False,75.477,"[None, 2048, 2048, 2048, 2048, 2049]","[2048, 2048, 2048, 2048, 2048, 2048]","[2048, 2048, 2048, 2048, 2048, 2048, 2048, 2048]",316.0
1285,11291,12,16,2026-05-24T20:29:14.298000+00:00,21.581,24.003,29.827,241.0,287.0,False,75.411,"[None, 2048, 2048, 2048, 2048, 2051]","[2048, 2048, 2049, 2048, 2048, 2048]","[2048, 2048, 2048, 2049, 2048, 2048, 2048, 2048]",325.0
1285,11291,81,15,2026-05-24T20:29:17.205000+00:00,21.949,24.303,32.947,236.0,278.0,False,79.199,"[None, 2048, 2048, 2048, 2049, 2048]","[2048, 2049, 2048, 2049, 2051, 2048]","[2048, 2049, 2048, 2048, 2048, 2048, 2048, 2048]",222.0
1285,11291,3,16,2026-05-24T20:29:18.736000+00:00,21.671,24.361,30.1,240.0,276.0,False,76.132,"[None, 2048, 2048, 2048, 2048, 2048]","[2048, 2048, 2048, 2048, 2048, 2048]","[2048, 2048, 2048, 2048, 2048, 2048, 2048, 2048]",306.0
1285,11291,44,16,2026-05-24T20:29:19.345000+00:00,21.815,24.22,29.972,235.0,282.0,False,76.007,"[2049, 2048, 2048, 2048, 2048, 2048]","[2048, 2048, 2048, 2049, 2048, 2048]","[2048, 2048, 2048, 2048, 2048, 2048, 2049, 2048]",323.0
1285,11291,16,16,2026-05-24T20:29:25.314000+00:00,21.85,24.259,30.474,,275.0,False,76.583,"[None, 2049, 2048, 2048, 2048, 2048]","[2048, 2049, 2048, 2048, 2048, 2048]","[2048, 2048, 2048, 2048, 2048, 2048, 2048, 2048]",303.0
1285,11291,6,16,2026-05-24T20:29:25.970000+00:00,21.843,24.494,30.2,,283.0,False,76.537,"[None, 2048, 2048, 2048, 2048, 2048]","[2048, 2048, 2049, 2048, 2048, 2049]","[2048, 2048, 2048, 2049, 2048, 2048, 2048, 2049]",320.0
1285,11291,18,15,2026-05-24T20:29:27.940000+00:00,26.518,26.997,32.296,226.0,265.0,True,85.811,"[2064, 2064, 2048, 2048, 2048, 2048]","[2048, 2048, 2048, 2048, 2048, 2048]","[2048, 2048, 2048, 2048, 2048, 2048, 2048, 2048]",288.0
1285,11291,43,16,2026-05-24T20:29:44.602000+00:00,22.015,24.584,30.693,239.0,278.0,False,77.292,"[2048, 2049, 2048, 2048, 2048, 2049]","[2049, 2049, 2048, 2049, 2048, 2048]","[2049, 2049, 2048, 2048, 2049, 2048, 2048]",304.0
1285,11291,30,16,2026-05-24T20:29:48.977000+00:00,22.098,24.872,30.831,240.0,274.0,False,77.801,"[2049, 2048, 2049, 2049, 2049, 2049]","[2048, 2048, 2048, 2049, 2048, 2048]","[2048, 2048, 2048, 2048, 2048, 2049, 2048, 2048]",301.0
1285,11291,10,16,2026-05-24T20:29:57.664000+00:00,22.102,24.543,30.924,237.0,277.0,False,77.569,"[None, 2048, 2048, 2048, 2049, 2048]","[2049, 2048, 2048, 2048, 2049, 2048]","[2048, 2048, 2048, 2048, 2048, 2049, 2048, 2048]",304.0
1285,11291,87,16,2026-05-24T20:29:58.789000+00:00,22.63,24.8,30.69,233.0,278.0,False,78.12,"[2048, 2048, 2048, 2048, 2048, 2049]","[2048, 2048, 2048, 2048, 2049, 2048]","[2048, 2048, 2048, 2048, 2048, 2048, 2048, 2048]",306.0
1285,11291,77,15,2026-05-24T20:30:02.461000+00:00,22.804,25.218,31.203,227.0,270.0,False,79.225,"[None, 2048, 2049, 2048, 2049, 2048]","[2049, 2049, 2049, 2049, 2049, 2048]","[2048, 2048, 2048, 2048, 2048, 2049, 2048, 2048]",295.0
1285,11291,55,16,2026-05-24T20:30:12.236000+00:00,22.077,24.546,30.921,,276.0,False,77.544,"[None, 2048, 2048, 2048, 2048, 2048]","[2048, 2048, 2048, 2048, 2049, 2048]","[2048, 2048, 2048, 2048, 2048, 2048, 2048, 2048]",301.0
1285,11291,14,16,2026-05-24T20:30:12.861000+00:00,23.006,25.511,31.892,,266.0,False,80.409,"[None, 2048, 2048, 2048, 2048, 2048]","[2048, 2048, 2048, 2048, 2048, 2048]","[2048, 2048, 2048, 2048, 2048, 2048, 2048, 2048]",309.0
1285,11291,31,16,2026-05-24T20:30:13.002000+00:00,23.358,25.262,49.771,229.0,279.0,False,98.391,"[None, 2048, 2048, 2048, 2048, 2048]","[2048, 2048, 2049, 2048, 2048, 2048]","[2048, 2048, 2048, 2048, 2049, 2064, 2064, 2064]",308.0
1285,11291,1,16,2026-05-24T20:30:13.861000+00:00,25.089,25.254,32.771,232.0,275.0,True,83.114,"[2064, 2064, 2048, 2048, 2048, 2048]","[2048, 2048, 2048, 2048, 2048, 2048]","[2048, 2048, 2048, 2048, 2048, 2048, 2048]",305.0
1285,11291,27,16,2026-05-24T20:30:16.596000+00:00,22.578,25.363,31.098,229.0,281.0,False,79.039,"[2048, 2048, 2049, 2048, 2048, 2048]","[2048, 2048, 2048, 2048, 2048, 2049]","[2048, 2048, 2048, 2048, 2048, 2048, 2048, 2048]",310.0
1285,11291,5,16,2026-05-24T20:30:22.783000+00:00,22.218,24.826,30.708,,270.0,False,77.752,"[None, 2048, 2049, 2048, 2048, 2048]","[2049, 2048, 2048, 2048, 2048, 2048]","[2048, 2048, 2048, 2048, 2048, 2048, 2049, 2048]",304.0
1285,11291,63,17,2026-05-24T20:30:29.283000+00:00,21.635,24.186,30.724,237.0,278.0,False,76.545,"[None, 2048, 2048, 2049, 2048, 2048]","[2048, 2048, 2048, 2048, 2048, 2048]","[2048, 2048, 2048, 2048, 2048, 2048, 2048, 2048]",313.0
1285,11291,12,17,2026-05-24T20:30:29.799000+00:00,21.601,24.215,30.715,,286.0,False,76.531,"[None, 2048, 2048, 2048, 2048, 2048]","[2048, 2048, 2049, 2048, 2048, 2048]","[2048, 2048, 2051, 2048, 2048, 2048, 2048, 2048]",315.0
1285,11291,3,17,2026-05-24T20:30:34.867000+00:00,21.565,24.237,30.286,239.0,273.0,False,76.088,"[None, 2048, 2048, 2048, 2048, 2048]","[2048, 2049, 2048, 2049, 2048, 2048]","[2048, 2048, 2048, 2048, 2048, 2048, 2048, 2048]",303.0
1285,11291,44,17,2026-05-24T20:30:35.453000+00:00,21.867,24.223,29.978,,280.0,False,76.068,"[2048, 2048, 2048, 2048, 2048, 2048]","[2048, 2049, 2048, 2048, 2048, 2048]","[2049, 2048, 2048, 2048, 2048, 2048, 2049, 2048]",322.0
1285,11291,81,16,2026-05-24T20:30:36.311000+00:00,22.28,24.404,30.624,238.0,283.0,False,77.308,"[None, 2048, 2048, 2048, 2048, 2048]","[2048, 2048, 2048, 2049, 2048, 2048]","[2049, 2048, 2048, 2048, 2048, 2049, 2048, 2048]",313.0
1285,11291,16,17,2026-05-24T20:30:41.902000+00:00,21.792,24.53,30.231,236.0,275.0,False,76.553,"[None, 2048, 2049, 2048, 2049, 2049]","[2048, 2048, 2048, 2048, 2048, 2048]","[2048, 2048, 2048, 2048, 2048, 2049, 2048, 2048]",305.0
1285,11291,6,17,2026-05-24T20:30:42.527000+00:00,21.823,24.473,30.203,243.0,284.0,False,76.499,"[None, 2048, 2048, 2048, 2048, 2049]","[2048, 2048, 2049, 2048, 2048, 2049]","[2048, 2048, 2049, 2049, 2048, 2048, 2048, 2049]",324.0
1285,11291,11,16,2026-05-24T20:30:46.426000+00:00,26.146,26.299,31.753,225.0,266.0,True,84.198,"[2064, 2064, 2048, 2048, 2048, 2048]","[2048, 2048, 2048, 2048, 2048, 2048]","[2048, 2048, 2048, 2048, 2048, 2048, 2048, 2048]",297.0
1285,11291,18,16,2026-05-24T20:30:53.771000+00:00,23.335,25.734,32.967,229.0,266.0,False,82.036,"[2048, 2048, 2048, 2048, 2048, 2048]","[2048, 2048, 2048, 2048, 2048, 2048]","[2048, 2048, 2048, 2048, 2048, 2048, 2048, 2048]",283.0
1285,11291,43,17,2026-05-24T20:31:01.980000+00:00,21.88,24.576,30.682,238.0,279.0,False,77.138,"[None, 2048, 2049, 2051, 2049, 2048]","[2048, 2048, 2049, 2049, 2049, 2048]","[2049, 2048, 2049, 2048, 2048, 2048, 2048, 2048]",306.0
1285,11291,30,17,2026-05-24T20:31:06.747000+00:00,22.111,24.736,30.733,239.0,272.0,False,77.58,"[2048, 2049, 2048, 2048, 2049, 2049]","[2048, 2048, 2049, 2049, 2049, 2048]","[2048, 2048, 2048, 2048, 2048, 2048, 2048, 2049]",301.0
1285,11291,10,17,2026-05-24T20:31:15.255000+00:00,22.08,24.672,30.881,238.0,278.0,False,77.633,"[None, 2049, 2048, 2048, 2049, 2048]","[2048, 2048, 2048, 2048, 2048, 2048]","[2048, 2048, 2048, 2048, 2048, 2049, 2048, 2048]",304.0
1285,11291,87,17,2026-05-24T20:31:17.005000+00:00,22.256,24.616,30.648,231.0,275.0,False,77.52,"[None, 2049, 2048, 2049, 2048, 2048]","[2049, 2048, 2048, 2049, 2048, 2048]","[2048, 2048, 2048, 2048, 2048, 2048, 2048, 2048]",306.0
1285,11291,77,16,2026-05-24T20:31:21.646000+00:00,22.686,25.428,31.418,229.0,265.0,False,79.532,"[None, 2048, 2049, 2048, 2049, 2049]","[2049, 2048, 2048, 2048, 2048, 2048]","[2048, 2048, 2048, 2048, 2048, 2048, 2048, 2048]",291.0
1285,11291,55,17,2026-05-24T20:31:29.865000+00:00,21.95,24.543,30.728,,277.0,False,77.221,"[None, 2049, 2048, 2048, 2049, 2048]","[2048, 2048, 2048, 2048, 2048, 2048]","[2049, 2048, 2048, 2048, 2048, 2048, 2048, 2048]",302.0
1285,11291,14,17,2026-05-24T20:31:33.271000+00:00,23.037,25.699,32.054,228.0,264.0,False,80.79,"[None, 2048, 2048, 2048, 2048, 2048]","[2048, 2048, 2048, 2048, 2048, 2048]","[2048, 2048, 2048, 2048, 2048, 2048, 2049, 2048]",296.0
1285,11291,27,17,2026-05-24T20:31:35.615000+00:00,22.044,24.581,31.073,238.0,277.0,False,77.698,"[None, 2048, 2049, 2048, 2048, 2049]","[2049, 2048, 2048, 2048, 2049, 2048]","[2048, 2049, 2049, 2048, 2048, 2048, 2048]",304.0
1285,11291,1,17,2026-05-24T20:31:36.896000+00:00,22.256,24.461,30.489,235.0,283.0,False,77.206,"[2048, 2048, 2048, 2048, 2048, 2048]","[2048, 2048, 2048, 2048, 2048, 2048]","[2048, 2048, 2048, 2048, 2048, 2048, 2051, 2049]",313.0
1285,11291,5,17,2026-05-24T20:31:40.412000+00:00,22.228,24.702,30.771,,272.0,False,77.701,"[None, 2049, 2048, 2048, 2048, 2048]","[2048, 2049, 2048, 2048, 2049, 2048]","[2048, 2049, 2048, 2048, 2048, 2048, 2048, 2048]",303.0
1285,11291,63,18,2026-05-24T20:31:45.896000+00:00,21.648,24.069,30.018,,277.0,False,75.735,"[None, 2048, 2048, 2048, 2048, 2048]","[2048, 2048, 2048, 2048, 2048, 2048]","[2048, 2048, 2048, 2048, 2049, 2048, 2048, 2048]",314.0
1285,11291,12,18,2026-05-24T20:31:46.302000+00:00,21.72,24.173,29.822,,287.0,False,75.715,"[None, 2048, 2048, 2048, 2048, 2048]","[2048, 2048, 2048, 2048, 2048, 2048]","[2048, 2048, 2048, 2049, 2048, 2048, 2048, 2048]",326.0
1285,11291,3,18,2026-05-24T20:31:50.974000+00:00,21.558,24.169,30.279,238.0,276.0,False,76.006,"[None, 2048, 2048, 2049, 2048, 2048]","[2049, 2049, 2048, 2048, 2049, 2048]","[2048, 2048, 2048, 2048, 2048, 2048, 2048, 2048]",302.0
1285,11291,31,17,2026-05-24T20:31:51.412000+00:00,26.595,25.751,32.816,225.0,280.0,True,85.162,"[2064, 2064, 2048, 2048, 2048, 2048]","[2048, 2048, 2048, 2048, 2048, 2048]","[2048, 2048, 2048, 2048, 2048, 2048, 2049, 2049]",315.0
1285,11291,44,18,2026-05-24T20:31:51.474000+00:00,21.945,24.274,29.952,233.0,280.0,False,76.171,"[None, 2048, 2048, 2048, 2048, 2048]","[2048, 2049, 2048, 2048, 2048, 2048]","[2048, 2048, 2048, 2048, 2048, 2048, 2049, 2048]",320.0
1285,11291,81,17,2026-05-24T20:31:53.740000+00:00,22.083,24.323,30.759,236.0,280.0,False,77.165,"[None, 2048, 2049, 2048, 2048, 2048]","[2048, 2048, 2048, 2049, 2048, 2048]","[2048, 2048, 2048, 2048, 2048, 2049, 2048, 2048]",306.0
1285,11291,16,18,2026-05-24T20:31:58.443000+00:00,21.749,24.298,30.538,,279.0,False,76.585,"[None, 2049, 2048, 2048, 2048, 2048]","[2048, 2048, 2048, 2048, 2048, 2048]","[2048, 2048, 2048, 2048, 2048, 2048, 2048, 2048]",305.0
1285,11291,6,18,2026-05-24T20:31:58.990000+00:00,21.915,24.338,30.479,242.0,284.0,False,76.732,"[None, 2048, 2048, 2048, 2048, 2048]","[2048, 2048, 2049, 2048, 2049, 2049]","[2048, 2048, 2048, 2048, 2048, 2048, 2048, 2048]",322.0
1285,11291,11,17,2026-05-24T20:32:10.585000+00:00,22.933,25.486,31.388,229.0,266.0,False,79.807,"[2048, 2048, 2048, 2048, 2048, 2048]","[2048, 2048, 2048, 2048, 2048, 2048]","[2048, 2048, 2048, 2048, 2048, 2048, 2048, 2048]",295.0
1285,11291,18,17,2026-05-24T20:32:15.771000+00:00,23.174,25.688,32.273,,266.0,False,81.135,"[None, 2048, 2048, 2048, 2048, 2048]","[2048, 2048, 2048, 2048, 2048, 2048]","[2048, 2048, 2048, 2048, 2048, 2048, 2048, 2049]",285.0
1285,11291,43,18,2026-05-24T20:32:19.147000+00:00,21.947,24.596,30.472,240.0,281.0,False,77.015,"[None, 2048, 2051, 2048, 2048, 2048]","[2048, 2049, 2049, 2048, 2048, 2048]","[2049, 2049, 2049, 2048, 2048, 2048, 2048, 2048]",317.0
1285,11291,30,18,2026-05-24T20:32:24.271000+00:00,22.136,24.709,30.704,236.0,274.0,False,77.549,"[2049, 2048, 2048, 2049, 2048, 2048]","[2049, 2048, 2048, 2048, 2049, 2048]","[2048, 2048, 2048, 2048, 2048, 2048, 2048, 2048]",301.0
1285,11291,10,18,2026-05-24T20:32:32.896000+00:00,22.106,24.552,30.798,236.0,280.0,False,77.456,"[None, 2049, 2048, 2049, 2048, 2048]","[2048, 2048, 2048, 2048, 2049, 2048]","[2049, 2048, 2048, 2048, 2048, 2048, 2048, 2048]",303.0
1285,11291,87,18,2026-05-24T20:32:34.475000+00:00,22.351,24.563,30.549,,275.0,False,77.463,"[None, 2048, 2048, 2048, 2049, 2048]","[2049, 2048, 2048, 2048, 2048, 2048]","[2049, 2048, 2048, 2048, 2048, 2048, 2048, 2048]",306.0
1285,11291,77,17,2026-05-24T20:32:41.100000+00:00,22.732,25.362,33.749,228.0,268.0,False,81.843,"[None, 2049, 2048, 2048, 2049, 2048]","[2048, 2048, 2048, 2048, 2048, 2048]","[2048, 2049, 2048, 2048, 2048, 2048, 2048, 2048]",290.0
1285,11291,55,18,2026-05-24T20:32:47.021000+00:00,21.98,24.443,30.746,236.0,277.0,False,77.169,"[None, 2049, 2048, 2048, 2048, 2048]","[2048, 2049, 2048, 2048, 2048, 2048]","[2048, 2048, 2048, 2048, 2048, 2048, 2048, 2048]",306.0
1285,11291,27,18,2026-05-24T20:32:53.271000+00:00,22.05,24.568,30.878,237.0,271.0,False,77.496,"[None, 2048, 2048, 2048, 2048, 2048]","[2048, 2049, 2048, 2049, 2048, 2048]","[2048, 2048, 2048, 2048, 2048, 2048, 2048, 2048]",303.0
1285,11291,14,18,2026-05-24T20:32:54.131000+00:00,23.483,25.458,31.4,232.0,270.0,False,80.341,"[None, 2048, 2048, 2048, 2048, 2048]","[2048, 2048, 2048, 2048, 2048, 2049]","[2048, 2048, 2048, 2048, 2048, 2048, 2048, 2048]",312.0
1285,11291,1,18,2026-05-24T20:32:54.225000+00:00,22.244,24.577,31.297,236.0,253.0,False,78.118,"[None, 2048, 2048, 2048, 2048, 2048]","[2048, 2048, 2048, 2048, 2048, 2048]","[2048, 2048, 2048, 2048, 2048, 2048, 2048, 2048]",311.0
1285,11291,5,18,2026-05-24T20:32:58.194000+00:00,22.148,24.775,47.491,237.0,277.0,False,94.414,"[None, 2049, 2048, 2048, 2048, 2048]","[2048, 2048, 2048, 2048, 2048, 2049]","[2048, 2048, 2048, 2048, 2051, 2064, 2064, 2064]",317.0
1285,11291,63,19,2026-05-24T20:33:01.615000+00:00,21.608,24.092,29.876,238.0,281.0,False,75.576,"[None, 2048, 2048, 2048, 2048, 2048]","[2048, 2048, 2048, 2048, 2048, 2048]","[2048, 2048, 2048, 2048, 2048, 2048, 2048, 2048]",320.0
1285,11291,12,19,2026-05-24T20:33:01.990000+00:00,21.707,24.079,29.801,,287.0,False,75.587,"[None, 2048, 2048, 2048, 2048, 2048]","[2048, 2048, 2049, 2048, 2048, 2048]","[2048, 2048, 2048, 2049, 2048, 2048, 2048, 2048]",330.0
1285,11291,3,19,2026-05-24T20:33:06.897000+00:00,21.641,24.36,30.202,237.0,274.0,False,76.203,"[None, 2048, 2048, 2048, 2048, 2048]","[2048, 2048, 2048, 2048, 2048, 2048]","[2048, 2048, 2048, 2048, 2048, 2048, 2049, 2048]",302.0
1285,11291,44,19,2026-05-24T20:33:07.584000+00:00,21.899,24.269,29.896,,280.0,False,76.064,"[None, 2048, 2048, 2048, 2048, 2048]","[2048, 2048, 2048, 2048, 2048, 2048]","[2048, 2049, 2048, 2048, 2048, 2048, 2049, 2048]",321.0
1285,11291,81,18,2026-05-24T20:33:10.787000+00:00,21.872,24.242,30.552,238.0,281.0,False,76.666,"[None, 2048, 2049, 2049, 2049, 2048]","[2048, 2048, 2048, 2048, 2048, 2048]","[2049, 2048, 2048, 2048, 2048, 2049, 2048, 2048]",307.0
1285,11291,16,19,2026-05-24T20:33:15.084000+00:00,21.844,24.263,30.243,235.0,276.0,False,76.35,"[None, 2048, 2048, 2048, 2049, 2048]","[2048, 2048, 2048, 2048, 2048, 2048]","[2048, 2048, 2048, 2048, 2048, 2049, 2049, 2048]",305.0
1285,11291,6,19,2026-05-24T20:33:15.740000+00:00,21.83,24.441,30.204,244.0,282.0,False,76.475,"[None, 2048, 2048, 2048, 2048, 2048]","[2048, 2048, 2049, 2048, 2048, 2048]","[2048, 2048, 2048, 2048, 2048, 2048, 2048, 2048]",321.0
1285,11291,31,18,2026-05-24T20:33:16.553000+00:00,22.904,25.405,31.21,231.0,270.0,False,79.519,"[2049, 2048, 2048, 2048, 2048, 2048]","[2048, 2048, 2048, 2048, 2048, 2048]","[2048, 2048, 2048, 2048, 2048, 2048, 2048, 2048]",305.0
1285,11291,11,18,2026-05-24T20:33:30.444000+00:00,22.65,25.314,31.158,,267.0,False,79.122,"[None, 2048, 2048, 2048, 2048, 2048]","[2048, 2048, 2048, 2048, 2048, 2048]","[2048, 2048, 2048, 2048, 2048, 2048, 2048, 2048]",295.0
1285,11291,43,19,2026-05-24T20:33:36.125000+00:00,21.968,24.545,30.851,,272.0,False,77.364,"[None, 2048, 2048, 2048, 2049, 2049]","[2048, 2048, 2048, 2048, 2048, 2048]","[2048, 2048, 2048, 2048, 2048, 2049, 2048, 2048]",305.0
1285,11291,18,18,2026-05-24T20:33:36.969000+00:00,22.989,25.362,31.329,232.0,270.0,False,79.68,"[None, 2048, 2048, 2048, 2048, 2048]","[2048, 2048, 2048, 2049, 2048, 2048]","[2049, 2048, 2048, 2048, 2048, 2048, 2048, 2048]",309.0
1285,11291,30,19,2026-05-24T20:33:41.937000+00:00,22.243,24.684,30.626,238.0,276.0,False,77.553,"[2048, 2048, 2048, 2048, 2048, 2048]","[2049, 2048, 2049, 2048, 2048, 2048]","[2048, 2048, 2048, 2048, 2048, 2048, 2048, 2048]",307.0
1285,11291,10,19,2026-05-24T20:33:50.427000+00:00,22.026,24.603,30.79,239.0,280.0,False,77.419,"[None, 2048, 2048, 2048, 2049, 2048]","[2048, 2048, 2048, 2048, 2048, 2048]","[2048, 2048, 2048, 2048, 2048, 2049, 2048, 2048]",304.0
1285,11291,87,19,2026-05-24T20:33:52.065000+00:00,22.447,24.583,30.559,,276.0,False,77.589,"[None, 2048, 2048, 2048, 2048, 2048]","[2048, 2049, 2048, 2048, 2049, 2048]","[2048, 2048, 2048, 2048, 2048, 2048, 2048, 2048]",307.0
1285,11291,77,18,2026-05-24T20:34:02.916000+00:00,24.452,25.455,31.198,229.0,271.0,False,81.105,"[None, 2048, 2048, 2048, 2048, 2048]","[2048, 2048, 2049, 2048, 2048, 2048]","[2048, 2048, 2048, 2048, 2048, 2048, 2049, 2048]",297.0
1285,11291,55,19,2026-05-24T20:34:04.228000+00:00,22.103,24.559,30.817,,275.0,False,77.479,"[None, 2048, 2048, 2048, 2049, 2048]","[2048, 2048, 2048, 2048, 2048, 2048]","[2049, 2048, 2048, 2048, 2048, 2048, 2048, 2048]",297.0
1285,11291,27,19,2026-05-24T20:34:10.853000+00:00,21.876,24.544,30.706,238.0,272.0,False,77.126,"[None, 2049, 2048, 2049, 2048, 2048]","[2049, 2048, 2048, 2048, 2049, 2048]","[2048, 2048, 2048, 2048, 2048, 2048, 2048, 2048]",304.0
1285,11291,1,19,2026-05-24T20:34:12.259000+00:00,22.038,24.307,30.532,,281.0,False,76.877,"[None, 2048, 2048, 2048, 2048, 2048]","[2048, 2049, 2048, 2048, 2048, 2048]","[2048, 2048, 2048, 2048, 2048, 2048, 2048, 2048]",310.0
1285,11291,14,19,2026-05-24T20:34:14.400000+00:00,22.971,27.277,31.746,231.0,267.0,False,81.994,"[None, 2048, 2048, 2048, 2048, 2048]","[2048, 2048, 2048, 2048, 2048, 2048]","[2048, 2048, 2048, 2048, 2048, 2048, 2048, 2048]",303.0
1285,11291,63,20,2026-05-24T20:34:17.181000+00:00,21.611,24.033,29.894,,278.0,False,75.538,"[None, 2048, 2048, 2048, 2048, 2048]","[2048, 2048, 2048, 2048, 2048, 2048]","[2048, 2048, 2048, 2048, 2048, 2048, 2048, 2048]",315.0
1285,11291,12,20,2026-05-24T20:34:17.634000+00:00,21.66,24.084,29.815,240.0,286.0,False,75.559,"[None, 2048, 2049, 2048, 2048, 2048]","[2048, 2048, 2049, 2048, 2048, 2048]","[2048, 2048, 2048, 2048, 2048, 2048, 2048, 2048]",327.0
1285,11291,3,20,2026-05-24T20:34:23.088000+00:00,21.677,24.319,30.184,240.0,273.0,False,76.18,"[None, 2048, 2048, 2048, 2048, 2048]","[2049, 2048, 2048, 2048, 2048, 2048]","[2048, 2048, 2048, 2048, 2049, 2049, 2048, 2048]",303.0
1285,11291,44,20,2026-05-24T20:34:23.744000+00:00,21.848,24.161,29.952,235.0,282.0,False,75.961,"[None, 2048, 2048, 2048, 2048, 2049]","[2048, 2048, 2048, 2048, 2048, 2048]","[2048, 2048, 2048, 2048, 2048, 2049, 2051, 2049]",322.0
1285,11291,81,19,2026-05-24T20:34:27.463000+00:00,22.298,24.554,30.671,235.0,278.0,False,77.523,"[None, 2048, 2048, 2048, 2048, 2048]","[2048, 2048, 2048, 2048, 2048, 2048]","[2048, 2048, 2048, 2048, 2048, 2048, 2048, 2048]",302.0
1285,11291,16,20,2026-05-24T20:34:31.385000+00:00,21.742,24.201,30.337,,276.0,False,76.28,"[None, 2048, 2049, 2048, 2049, 2048]","[2048, 2048, 2048, 2049, 2048, 2048]","[2048, 2048, 2048, 2048, 2048, 2048, 2048, 2048]",306.0
1285,11291,6,20,2026-05-24T20:34:32.291000+00:00,21.722,24.358,30.435,243.0,283.0,False,76.515,"[None, 2048, 2049, 2049, 2048, 2048]","[2048, 2048, 2048, 2048, 2048, 2048]","[2048, 2049, 2048, 2048, 2048, 2048, 2049, 2049]",320.0
1285,11291,5,19,2026-05-24T20:34:32.635000+00:00,26.942,26.595,31.571,229.0,274.0,True,85.108,"[2064, 2064, 2048, 2048, 2048, 2048]","[2048, 2048, 2048, 2048, 2048, 2048]","[2048, 2048, 2048, 2048, 2048, 2048, 2048, 2048]",302.0
1285,11291,31,19,2026-05-24T20:34:36.127000+00:00,22.992,25.095,31.298,227.0,273.0,False,79.385,"[2048, 2048, 2048, 2049, 2048, 2048]","[2048, 2048, 2048, 2048, 2048, 2048]","[2048, 2048, 2048, 2048, 2048, 2049, 2048, 2048]",299.0
1285,11291,11,19,2026-05-24T20:34:49.594000+00:00,22.467,25.118,31.005,228.0,268.0,False,78.59,"[2049, 2048, 2048, 2049, 2048, 2048]","[2049, 2048, 2048, 2048, 2048, 2048]","[2048, 2049, 2048, 2048, 2048, 2049, 2048, 2048]",293.0
1285,11291,43,20,2026-05-24T20:34:53.547000+00:00,22.057,24.505,30.456,239.0,280.0,False,77.018,"[None, 2048, 2048, 2048, 2048, 2048]","[2049, 2048, 2048, 2048, 2048, 2048]","[2049, 2048, 2048, 2048, 2048, 2049, 2049, 2048]",308.0
1285,11291,18,19,2026-05-24T20:34:56.594000+00:00,22.824,25.718,31.494,229.0,265.0,False,80.036,"[None, 2048, 2049, 2048, 2049, 2048]","[2048, 2048, 2048, 2049, 2048, 2048]","[2049, 2048, 2048, 2048, 2048, 2049, 2048, 2048]",296.0
1285,11291,30,20,2026-05-24T20:34:59.469000+00:00,22.123,24.908,30.845,237.0,275.0,False,77.876,"[None, 2048, 2048, 2048, 2048, 2048]","[2048, 2048, 2048, 2048, 2048, 2048]","[2048, 2048, 2049, 2048, 2048, 2048, 2048, 2048]",314.0
1285,11291,10,20,2026-05-24T20:35:07.860000+00:00,22.024,24.609,30.874,238.0,276.0,False,77.507,"[None, 2048, 2048, 2049, 2048, 2048]","[2048, 2048, 2048, 2048, 2048, 2048]","[2048, 2048, 2048, 2048, 2048, 2048, 2048, 2048]",305.0
1285,11291,87,20,2026-05-24T20:35:09.626000+00:00,22.188,24.906,30.552,232.0,275.0,False,77.646,"[2049, 2048, 2049, 2048, 2048, 2048]","[2048, 2048, 2048, 2048, 2048, 2048]","[2048, 2048, 2048, 2048, 2048, 2048, 2048, 2048]",306.0
1285,11291,55,20,2026-05-24T20:35:21.704000+00:00,21.911,24.4,30.821,,277.0,False,77.132,"[None, 2049, 2049, 2049, 2048, 2048]","[2049, 2048, 2048, 2048, 2048, 2048]","[2048, 2048, 2048, 2048, 2048, 2048, 2048, 2048]",299.0
1285,11291,77,19,2026-05-24T20:35:24.113000+00:00,22.737,25.543,31.411,227.0,268.0,False,79.691,"[2049, 2048, 2048, 2048, 2048, 2048]","[2048, 2048, 2048, 2048, 2048, 2048]","[2048, 2048, 2048, 2048, 2048, 2048, 2048, 2048]",292.0
1285,11291,27,20,2026-05-24T20:35:28.030000+00:00,21.833,24.569,54.035,237.0,277.0,False,100.437,"[2049, 2049, 2049, 2049, 2048, 2048]","[2048, 2048, 2048, 2048, 2048, 2048]","[2049, 2048, 2048, 2048, 2049, 2064, 2064, 2064]",311.0
1285,11291,1,20,2026-05-24T20:35:29.184000+00:00,21.817,24.17,30.611,,280.0,False,76.598,"[None, 2048, 2048, 2048, 2048, 2048]","[2048, 2049, 2048, 2048, 2048, 2048]","[2048, 2048, 2048, 2048, 2048, 2048, 2048]",311.0
1285,11291,63,21,2026-05-24T20:35:32.663000+00:00,21.545,23.998,30.216,237.0,280.0,False,75.759,"[2049, 2048, 2048, 2049, 2048, 2048]","[2049, 2048, 2048, 2048, 2048, 2048]","[2048, 2048, 2048, 2048, 2048, 2048, 2048, 2048]",316.0
1285,11291,12,21,2026-05-24T20:35:33.226000+00:00,21.58,23.96,29.899,,288.0,False,75.439,"[None, 2048, 2048, 2048, 2048, 2048]","[2048, 2048, 2049, 2048, 2048, 2048]","[2048, 2048, 2048, 2049, 2048, 2048, 2048, 2048]",339.0
1285,11291,14,20,2026-05-24T20:35:36.413000+00:00,22.975,25.307,48.972,234.0,270.0,False,97.254,"[None, 2048, 2048, 2048, 2048, 2049]","[2048, 2048, 2049, 2048, 2048, 2049]","[2048, 2048, 2048, 2048, 2049, 2064, 2064, 2064]",297.0
1285,11291,3,21,2026-05-24T20:35:39.304000+00:00,21.851,24.364,30.529,,280.0,False,76.744,"[None, 2048, 2048, 2048, 2048, 2049]","[2048, 2048, 2048, 2048, 2048, 2048]","[2048, 2048, 2048, 2048, 2048, 2048, 2048, 2048]",301.0
1285,11291,44,21,2026-05-24T20:35:39.679000+00:00,22.132,24.4,30.321,,278.0,False,76.853,"[None, 2048, 2048, 2048, 2048, 2048]","[2048, 2048, 2048, 2048, 2048, 2048]","[2048, 2048, 2048, 2048, 2048, 2048, 2048, 2049]",320.0
1285,11291,81,20,2026-05-24T20:35:45.023000+00:00,21.778,24.25,30.588,237.0,280.0,False,76.616,"[None, 2048, 2048, 2048, 2049, 2048]","[2048, 2048, 2048, 2048, 2048, 2048]","[2048, 2048, 2048, 2048, 2048, 2048, 2048, 2048]",303.0
1285,11291,16,21,2026-05-24T20:35:47.679000+00:00,21.772,24.191,30.301,234.0,278.0,False,76.264,"[None, 2048, 2048, 2049, 2048, 2048]","[2048, 2048, 2048, 2048, 2048, 2048]","[2048, 2048, 2048, 2048, 2048, 2048, 2048, 2048]",306.0
1285,11291,6,21,2026-05-24T20:35:48.820000+00:00,21.626,24.383,30.273,,279.0,False,76.282,"[2049, 2048, 2048, 2048, 2048, 2048]","[2048, 2049, 2048, 2048, 2048, 2048]","[2048, 2048, 2048, 2048, 2048, 2048, 2048, 2048]",316.0
1285,11291,31,20,2026-05-24T20:35:55.427000+00:00,22.667,24.95,31.073,230.0,271.0,False,78.69,"[None, 2048, 2048, 2048, 2048, 2048]","[2048, 2049, 2048, 2048, 2049, 2048]","[2048, 2048, 2048, 2048, 2048, 2049, 2049, 2048]",298.0
1285,11291,5,20,2026-05-24T20:35:57.677000+00:00,22.931,25.163,30.896,235.0,272.0,False,78.99,"[2048, 2048, 2048, 2048, 2048, 2048]","[2048, 2048, 2048, 2048, 2048, 2048]","[2048, 2048, 2048, 2048, 2048, 2048, 2048, 2048]",304.0
1285,11291,11,20,2026-05-24T20:36:08.148000+00:00,22.254,25.017,31.297,229.0,269.0,False,78.568,"[2048, 2049, 2048, 2049, 2049, 2048]","[2049, 2048, 2048, 2048, 2049, 2048]","[2048, 2048, 2048, 2048, 2048, 2048, 2048, 2048]",293.0
1285,11291,43,21,2026-05-24T20:36:10.476000+00:00,21.912,24.387,30.564,,282.0,False,76.863,"[2049, 2048, 2048, 2048, 2049, 2048]","[2048, 2049, 2049, 2048, 2048, 2048]","[2049, 2048, 2048, 2048, 2048, 2048, 2048, 2049]",311.0
1285,11291,18,20,2026-05-24T20:36:16.601000+00:00,24.332,25.51,33.2,228.0,265.0,False,83.042,"[None, 2048, 2048, 2048, 2048, 2048]","[2048, 2048, 2048, 2049, 2048, 2048]","[2048, 2049, 2048, 2048, 2048, 2048, 2049, 2049]",296.0
1285,11291,30,21,2026-05-24T20:36:17.351000+00:00,22.427,24.806,30.609,239.0,275.0,False,77.842,"[None, 2048, 2048, 2048, 2048, 2049]","[2048, 2048, 2048, 2048, 2048, 2048]","[2049, 2048, 2048, 2048, 2048, 2049, 2049, 2048]",305.0
1285,11291,10,21,2026-05-24T20:36:25.273000+00:00,22.219,24.704,30.851,239.0,278.0,False,77.774,"[None, 2048, 2048, 2048, 2048, 2048]","[2048, 2048, 2048, 2048, 2048, 2048]","[2048, 2048, 2048, 2048, 2048, 2048, 2048, 2048]",306.0
1285,11291,87,21,2026-05-24T20:36:27.163000+00:00,22.29,24.576,30.619,,276.0,False,77.485,"[2048, 2048, 2048, 2048, 2048, 2048]","[2048, 2048, 2048, 2048, 2048, 2048]","[2048, 2048, 2048, 2048, 2048, 2048, 2048, 2048]",307.0
1285,11291,55,21,2026-05-24T20:36:38.851000+00:00,21.827,24.495,30.902,238.0,277.0,False,77.224,"[None, 2049, 2048, 2048, 2048, 2048]","[2048, 2048, 2048, 2048, 2048, 2048]","[2048, 2048, 2048, 2048, 2048, 2048, 2048, 2048]",300.0
1285,11291,77,20,2026-05-24T20:36:43.914000+00:00,23.029,26.442,33.082,,268.0,False,82.553,"[2048, 2048, 2048, 2048, 2048, 2048]","[2048, 2048, 2048, 2048, 2048, 2048]","[2048, 2048, 2048, 2048, 2048, 2048, 2048, 2048]",246.0
1285,11291,1,21,2026-05-24T20:36:45.711000+00:00,21.805,24.375,30.794,,275.0,False,76.974,"[None, 2048, 2049, 2048, 2048, 2048]","[2048, 2048, 2048, 2049, 2049, 2048]","[2048, 2048, 2048, 2048, 2048, 2048, 2048, 2048]",298.0
1285,11291,63,22,2026-05-24T20:36:48.445000+00:00,21.784,24.096,30.777,238.0,282.0,False,76.657,"[2048, 2048, 2048, 2048, 2048, 2048]","[2048, 2048, 2048, 2048, 2048, 2048]","[2048, 2048, 2048, 2048, 2048, 2048, 2048, 2048]",312.0
1285,11291,12,22,2026-05-24T20:36:48.648000+00:00,22.121,24.233,29.828,238.0,285.0,False,76.182,"[None, 2048, 2048, 2048, 2048, 2048]","[2048, 2048, 2048, 2048, 2048, 2048]","[2048, 2048, 2051, 2048, 2048, 2048, 2048, 2048]",328.0
1285,11291,3,22,2026-05-24T20:36:56.068000+00:00,21.676,24.118,30.043,241.0,276.0,False,75.837,"[None, 2048, 2048, 2048, 2048, 2048]","[2048, 2049, 2048, 2048, 2049, 2048]","[2048, 2048, 2048, 2048, 2048, 2049, 2049, 2048]",306.0
1285,11291,44,22,2026-05-24T20:36:56.539000+00:00,21.893,27.568,30.738,,255.0,False,80.199,"[None, 2048, 2048, 2048, 2049, 2049]","[2048, 2048, 2048, None, None, 2048]","[2048, 2048, 2048, 2048, 2048, 2048, 2048, 2048]",311.0
1285,11291,81,21,2026-05-24T20:37:01.544000+00:00,21.674,24.257,30.361,,280.0,False,76.292,"[None, 2048, 2049, 2049, 2049, 2048]","[2049, 2048, 2048, 2048, 2048, 2048]","[2048, 2048, 2048, 2048, 2048, 2048, 2049, 2048]",310.0
1285,11291,16,22,2026-05-24T20:37:03.968000+00:00,21.694,24.229,30.168,235.0,278.0,False,76.091,"[None, 2048, 2049, 2048, 2048, 2048]","[2048, 2048, 2048, 2048, 2048, 2048]","[2048, 2048, 2048, 2048, 2048, 2048, 2049, 2048]",308.0
1285,11291,6,22,2026-05-24T20:37:05.045000+00:00,21.724,24.423,30.175,,280.0,False,76.322,"[None, 2048, 2048, 2048, 2048, 2048]","[2048, 2049, 2048, 2048, 2049, 2048]","[2048, 2048, 2048, 2048, 2048, 2049, 2049, 2048]",317.0
1285,11291,27,21,2026-05-24T20:37:08.467000+00:00,25.611,25.653,31.377,232.0,274.0,True,82.641,"[2064, 2064, 2048, 2048, 2048, 2048]","[2048, 2048, 2048, 2048, 2048, 2048]","[2048, 2048, 2048, 2048, 2048, 2048, 2048, 2048]",301.0
1285,11291,14,21,2026-05-24T20:37:13.661000+00:00,25.741,26.958,31.521,229.0,271.0,True,84.22,"[2064, 2064, 2048, 2048, 2048, 2048]","[2048, 2048, 2048, 2048, 2048, 2048]","[2048, 2048, 2048, 2048, 2048, 2048, 2048, 2048]",307.0
1285,11291,31,21,2026-05-24T20:37:14.192000+00:00,22.536,25.076,30.996,228.0,270.0,False,78.608,"[2049, 2048, 2048, 2048, 2048, 2048]","[2048, 2048, 2048, 2048, 2049, 2048]","[2048, 2048, 2048, 2048, 2048, 2048, 2048, 2048]",303.0
1285,11291,5,21,2026-05-24T20:37:16.662000+00:00,22.981,25.837,31.162,237.0,273.0,False,79.98,"[2049, 2048, 2048, 2048, 2048, 2048]","[2048, 2048, 2048, 2048, 2048, 2048]","[2048, 2048, 2048, 2048, 2048, 2048, 2048, 2048]",303.0
1285,11291,11,21,2026-05-24T20:37:26.718000+00:00,23.612,25.049,30.727,228.0,271.0,False,79.388,"[None, 2048, 2048, 2048, 2048, 2048]","[2048, 2048, 2048, 2049, 2048, 2048]","[2048, 2049, 2048, 2048, 2048, 2049, 2048, 2048]",299.0
1285,11291,43,22,2026-05-24T20:37:27.386000+00:00,22.083,24.539,30.513,,281.0,False,77.135,"[2048, 2048, 2048, 2048, 2048, 2048]","[2048, 2048, 2048, 2048, 2048, 2048]","[2049, 2048, 2048, 2048, 2048, 2048, 2048, 2048]",311.0
1285,11291,30,22,2026-05-24T20:37:35.133000+00:00,22.089,24.694,30.701,236.0,272.0,False,77.484,"[None, 2048, 2048, 2049, 2049, 2048]","[2048, 2049, 2048, 2048, 2048, 2048]","[2049, 2048, 2048, 2048, 2048, 2048, 2048, 2048]",301.0
1285,11291,18,21,2026-05-24T20:37:39.680000+00:00,22.823,25.325,31.714,233.0,269.0,False,79.862,"[2049, 2049, 2048, 2048, 2048, 2049]","[2048, 2048, 2048, 2049, 2048, 2048]","[2048, 2048, 2048, 2048, 2048, 2049, 2048, 2048]",291.0
1285,11291,10,22,2026-05-24T20:37:43.133000+00:00,22.118,24.573,30.741,238.0,282.0,False,77.432,"[None, 2048, 2048, 2048, 2048, 2048]","[2048, 2048, 2048, 2048, 2048, 2048]","[2049, 2048, 2048, 2048, 2048, 2048, 2049, 2048]",309.0
1285,11291,87,22,2026-05-24T20:37:44.695000+00:00,22.28,24.658,30.512,,277.0,False,77.45,"[None, 2048, 2048, 2048, 2049, 2048]","[2048, 2048, 2048, 2048, 2048, 2048]","[2048, 2048, 2048, 2048, 2048, 2048, 2048, 2048]",308.0
1285,11291,55,22,2026-05-24T20:37:56.117000+00:00,21.843,24.424,30.948,,278.0,False,77.215,"[None, 2048, 2048, 2048, 2048, 2048]","[2048, 2048, 2048, 2049, 2048, 2048]","[2048, 2049, 2048, 2048, 2048, 2048, 2048, 2048]",298.0
1285,11291,1,22,2026-05-24T20:38:02.727000+00:00,21.788,24.218,31.023,235.0,275.0,False,77.029,"[None, 2048, 2049, 2048, 2048, 2048]","[2049, 2048, 2048, 2049, 2048, 2048]","[2048, 2048, 2048, 2048, 2048, 2049, 2048, 2048]",298.0
1285,11291,12,23,2026-05-24T20:38:04.758000+00:00,21.467,24.151,29.795,,278.0,False,75.413,"[None, 2049, 2051, 2048, 2048, 2048]","[2048, 2048, 2048, 2048, 2048, 2048]","[2048, 2048, 2048, 2048, 2049, 2048, 2048, 2048]",327.0
1285,11291,63,23,2026-05-24T20:38:05.086000+00:00,22.019,24.131,29.727,237.0,283.0,False,75.877,"[None, 2048, 2048, 2048, 2048, 2048]","[2048, 2048, 2048, 2048, 2048, 2048]","[2048, 2048, 2048, 2049, 2048, 2048, 2048, 2048]",335.0
1285,11291,77,21,2026-05-24T20:38:06.352000+00:00,22.842,25.406,31.242,228.0,269.0,False,79.49,"[None, 2048, 2049, 2048, 2048, 2048]","[2048, 2048, 2048, 2048, 2048, 2048]","[2048, 2048, 2048, 2048, 2048, 2048, 2048, 2048]",297.0
1285,11291,3,23,2026-05-24T20:38:11.977000+00:00,21.772,24.266,30.224,236.0,275.0,False,76.262,"[None, 2048, 2048, 2048, 2048, 2048]","[2048, 2048, 2048, 2048, 2048, 2048]","[2048, 2048, 2048, 2048, 2048, 2048, 2048, 2048]",301.0
1285,11291,44,23,2026-05-24T20:38:16.689000+00:00,21.798,24.307,30.379,234.0,273.0,False,76.484,"[None, 2049, 2048, 2049, 2048, 2048]","[2049, 2048, 2048, 2048, 2048, 2048]","[2049, 2048, 2048, 2048, 2048, 2048, 2048, 2048]",302.0
1285,11291,81,22,2026-05-24T20:38:17.908000+00:00,21.766,24.634,30.327,238.0,284.0,False,76.727,"[None, 2048, 2048, 2048, 2048, 2048]","[2048, 2048, 2048, 2048, 2048, 2048]","[2049, 2048, 2048, 2048, 2048, 2048, 2048, 2048]",307.0
1285,11291,16,23,2026-05-24T20:38:19.985000+00:00,21.692,24.465,30.122,236.0,280.0,False,76.279,"[2049, 2048, 2049, 2048, 2048, 2048]","[2048, 2048, 2048, 2048, 2048, 2048]","[2048, 2048, 2048, 2048, 2048, 2048, 2049, 2048]",309.0
1285,11291,6,23,2026-05-24T20:38:21.303000+00:00,21.649,24.333,30.194,241.0,281.0,False,76.176,"[2048, 2048, 2048, 2048, 2048, 2048]","[2048, 2048, 2048, 2048, 2048, 2048]","[2048, 2048, 2048, 2048, 2049, 2048, 2048, 2048]",316.0
1285,11291,27,22,2026-05-24T20:38:31.105000+00:00,22.432,24.733,31.099,238.0,271.0,False,78.264,"[2048, 2048, 2048, 2048, 2048, 2048]","[2048, 2048, 2048, 2048, 2048, 2048]","[2048, 2048, 2048, 2048, 2048, 2048, 2048, 2048]",301.0
1285,11291,31,22,2026-05-24T20:38:32.730000+00:00,22.552,24.745,31.343,230.0,274.0,False,78.64,"[2048, 2048, 2048, 2048, 2048, 2048]","[2048, 2048, 2048, 2049, 2049, 2048]","[2048, 2049, 2048, 2048, 2048, 2048, 2048, 2048]",301.0
1285,11291,5,22,2026-05-24T20:38:36.668000+00:00,22.474,24.996,30.74,,271.0,False,78.21,"[2048, 2048, 2048, 2048, 2048, 2048]","[2048, 2048, 2048, 2048, 2048, 2048]","[2048, 2048, 2048, 2048, 2048, 2048, 2048, 2049]",302.0
1285,11291,14,22,2026-05-24T20:38:37.855000+00:00,22.883,25.451,32.092,232.0,271.0,False,80.426,"[2048, 2048, 2048, 2048, 2048, 2048]","[2048, 2048, 2048, 2048, 2048, 2049]","[2048, 2048, 2048, 2048, 2048, 2048, 2048, 2048]",300.0
1285,11291,43,23,2026-05-24T20:38:44.574000+00:00,22.049,24.369,30.653,241.0,280.0,False,77.071,"[None, 2048, 2048, 2048, 2048, 2049]","[2048, 2049, 2048, 2048, 2049, 2048]","[2048, 2049, 2048, 2048, 2049, 2048, 2048, 2048]",307.0
1285,11291,11,22,2026-05-24T20:38:46.089000+00:00,22.342,24.847,30.771,230.0,271.0,False,77.96,"[None, 2048, 2048, 2048, 2049, 2048]","[2049, 2049, 2048, 2048, 2048, 2048]","[2048, 2049, 2048, 2048, 2048, 2048, 2048, 2048]",300.0
1285,11291,30,23,2026-05-24T20:38:52.559000+00:00,22.206,24.799,30.623,238.0,274.0,False,77.628,"[None, 2048, 2048, 2048, 2048, 2048]","[2048, 2048, 2048, 2049, 2048, 2048]","[2048, 2048, 2048, 2048, 2048, 2048, 2049, 2049]",303.0
1285,11291,18,22,2026-05-24T20:38:59.541000+00:00,22.79,26.164,32.299,228.0,259.0,False,81.253,"[2048, 2049, 2049, 2048, 2049, 2048]","[2049, 2049, 2048, 2048, 2048, 2048]","[2048, 2048, 2049, 2048, 2048, 2048, 2049, 2049]",314.0
1285,11291,10,23,2026-05-24T20:39:00.514000+00:00,22.296,25.052,30.743,240.0,278.0,False,78.091,"[None, 2048, 2048, 2048, 2048, 2049]","[2048, 2048, 2049, 2048, 2048, 2048]","[2048, 2048, 2048, 2048, 2049, 2048, 2048, 2048]",304.0
1285,11291,87,23,2026-05-24T20:39:02.096000+00:00,22.371,24.67,30.588,231.0,280.0,False,77.629,"[None, 2048, 2048, 2048, 2048, 2048]","[2048, 2048, 2048, 2048, 2048, 2048]","[2048, 2048, 2048, 2048, 2048, 2048, 2048, 2048]",309.0
1285,11291,55,23,2026-05-24T20:39:13.205000+00:00,21.949,24.483,30.566,237.0,278.0,False,76.998,"[None, 2048, 2048, 2048, 2048, 2048]","[2048, 2048, 2048, 2049, 2048, 2048]","[2048, 2048, 2048, 2048, 2048, 2048, 2048, 2048]",302.0
1285,11291,1,23,2026-05-24T20:39:19.861000+00:00,24.004,24.233,30.814,236.0,280.0,False,79.051,"[None, 2048, 2048, 2048, 2048, 2048]","[2048, 2048, 2048, 2048, 2048, 2048]","[2048, 2048, 2048, 2048, 2048, 2048, 2048, 2048]",308.0
1285,11291,12,24,2026-05-24T20:39:20.236000+00:00,21.38,24.25,30.835,236.0,278.0,False,76.465,"[2049, 2049, 2048, 2048, 2051, 2048]","[2048, 2048, 2048, 2048, 2048, 2048]","[2048, 2051, 2048, 2048, 2049, 2049, 2048, 2048]",325.0
1285,11291,63,24,2026-05-24T20:39:21.143000+00:00,21.603,24.084,31.141,238.0,282.0,False,76.828,"[None, 2048, 2048, 2048, 2048, 2048]","[2048, 2048, 2048, 2048, 2048, 2048]","[2048, 2048, 2048, 2048, 2048, 2048, 2048, 2048]",318.0
1285,11291,77,22,2026-05-24T20:39:25.799000+00:00,22.918,26.683,31.363,227.0,271.0,False,80.964,"[None, 2048, 2048, 2048, 2048, 2048]","[2048, 2048, 2048, 2048, 2048, 2048]","[2048, 2048, 2048, 2048, 2048, 2048, 2048, 2048]",304.0
1285,11291,3,24,2026-05-24T20:39:28.159000+00:00,21.735,24.322,30.814,239.0,274.0,False,76.871,"[None, 2048, 2048, 2048, 2048, 2048]","[2048, 2048, 2048, 2048, 2048, 2048]","[2048, 2048, 2048, 2048, 2048, 2048, 2048, 2048]",296.0
1285,11291,44,24,2026-05-24T20:39:33.159000+00:00,21.845,24.287,30.371,,273.0,False,76.503,"[None, 2048, 2048, 2049, 2049, 2048]","[2048, 2048, 2048, 2048, 2048, 2048]","[2048, 2048, 2048, 2048, 2048, 2048, 2048, 2048]",305.0
1285,11291,81,23,2026-05-24T20:39:34.690000+00:00,21.779,24.328,31.262,237.0,284.0,False,77.369,"[None, 2049, 2048, 2048, 2048, 2048]","[2048, 2049, 2048, 2048, 2048, 2048]","[2048, 2048, 2048, 2048, 2048, 2048, 2048, 2048]",308.0
1285,11291,16,24,2026-05-24T20:39:36.252000+00:00,21.786,24.178,30.132,234.0,280.0,False,76.096,"[None, 2048, 2048, 2048, 2048, 2048]","[2048, 2048, 2048, 2048, 2048, 2048]","[2048, 2048, 2048, 2048, 2048, 2048, 2049, 2048]",314.0
1285,11291,6,24,2026-05-24T20:39:37.580000+00:00,21.752,24.42,30.255,,280.0,False,76.427,"[None, 2048, 2048, 2048, 2048, 2048]","[2049, 2048, 2048, 2048, 2048, 2048]","[2048, 2048, 2048, 2048, 2049, 2048, 2048, 2048]",317.0
1285,11291,27,23,2026-05-24T20:39:49.447000+00:00,22.152,24.576,30.998,237.0,272.0,False,77.726,"[None, 2048, 2048, 2048, 2048, 2048]","[2048, 2048, 2048, 2048, 2048, 2048]","[2048, 2048, 2048, 2048, 2048, 2048, 2048, 2048]",301.0
1285,11291,31,23,2026-05-24T20:39:51.457000+00:00,22.588,24.727,30.972,229.0,275.0,False,78.287,"[None, 2048, 2048, 2048, 2048, 2048]","[2048, 2048, 2048, 2049, 2048, 2048]","[2048, 2048, 2048, 2048, 2048, 2048, 2048, 2048]",302.0
1285,11291,5,23,2026-05-24T20:39:54.929000+00:00,22.246,24.783,30.682,,273.0,False,77.711,"[None, 2048, 2048, 2048, 2048, 2049]","[2048, 2048, 2048, 2048, 2048, 2048]","[2048, 2048, 2048, 2048, 2048, 2048, 2049, 2048]",304.0
1285,11291,14,23,2026-05-24T20:39:58.268000+00:00,23.055,25.585,32.224,,269.0,False,80.864,"[None, 2048, 2048, 2048, 2048, 2048]","[2048, 2048, 2048, 2048, 2048, 2048]","[2048, 2048, 2048, 2048, 2048, 2048, 2048, 2048]",297.0
1285,11291,43,24,2026-05-24T20:40:01.530000+00:00,22.003,24.362,30.463,,285.0,False,76.828,"[None, 2048, 2048, 2048, 2048, 2048]","[2048, 2049, 2049, 2048, 2048, 2048]","[2048, 2049, 2049, 2048, 2049, 2048, 2048, 2048]",315.0
1285,11291,11,23,2026-05-24T20:40:03.991000+00:00,22.17,24.996,30.77,,272.0,False,77.936,"[2049, 2048, 2049, 2048, 2048, 2048]","[2048, 2048, 2048, 2048, 2048, 2048]","[2049, 2049, 2048, 2048, 2048, 2048, 2048, 2048]",301.0
1285,11291,30,24,2026-05-24T20:40:10.241000+00:00,22.053,24.814,30.596,,274.0,False,77.463,"[2049, 2048, 2048, 2049, 2048, 2048]","[2048, 2048, 2048, 2048, 2048, 2048]","[2048, 2048, 2048, 2048, 2048, 2048, 2048, 2048]",305.0
1285,11291,10,24,2026-05-24T20:40:18.647000+00:00,21.978,24.641,30.673,239.0,279.0,False,77.292,"[None, 2048, 2049, 2048, 2048, 2048]","[2048, 2048, 2048, 2048, 2048, 2048]","[2049, 2048, 2048, 2048, 2048, 2048, 2048, 2048]",305.0
1285,11291,87,24,2026-05-24T20:40:19.806000+00:00,22.252,24.704,30.308,233.0,276.0,False,77.264,"[None, 2048, 2048, 2048, 2048, 2049]","[2048, 2048, 2048, 2048, 2048, 2048]","[2049, 2048, 2048, 2048, 2048, 2048, 2048, 2048]",308.0
1285,11291,18,23,2026-05-24T20:40:20.880000+00:00,22.685,25.176,31.261,235.0,271.0,False,79.122,"[2049, 2048, 2048, 2048, 2048, 2049]","[2048, 2048, 2049, 2048, 2049, 2049]","[2048, 2048, 2048, 2048, 2048, 2049, 2048, 2048]",302.0
1285,11291,55,24,2026-05-24T20:40:30.331000+00:00,21.815,24.75,30.575,238.0,278.0,False,77.14,"[None, 2048, 2048, 2048, 2048, 2049]","[2048, 2048, 2048, 2048, 2048, 2048]","[2048, 2048, 2048, 2048, 2048, 2048, 2048, 2048]",302.0
1285,11291,12,25,2026-05-24T20:40:36.677000+00:00,22.432,25.706,30.405,234.0,278.0,False,78.543,"[2048, 2048, 2048, 2048, 2048, 2048]","[2048, 2048, 2048, 2048, 2048, 2048]","[2048, 2048, 2048, 2048, 2048, 2048, 2048, 2048]",325.0
1285,11291,63,25,2026-05-24T20:40:37.815000+00:00,22.08,24.356,30.602,237.0,278.0,False,77.038,"[None, 2048, 2048, 2048, 2048, 2048]","[2048, 2048, 2048, 2048, 2048, 2048]","[2048, 2048, 2048, 2048, 2048, 2048, 2048, 2048]",324.0
1285,11291,1,24,2026-05-24T20:40:38.863000+00:00,22.054,24.55,30.608,237.0,283.0,False,77.212,"[None, 2048, 2048, 2048, 2048, 2048]","[2048, 2048, 2048, 2048, 2048, 2048]","[2048, 2048, 2048, 2048, 2048, 2048, 2048, 2048]",311.0
1285,11291,3,25,2026-05-24T20:40:45.021000+00:00,21.774,24.355,30.294,237.0,275.0,False,76.423,"[None, 2048, 2048, 2048, 2048, 2048]","[2048, 2048, 2048, 2048, 2048, 2048]","[2048, 2048, 2048, 2048, 2048, 2048, 2048, 2048]",302.0
1285,11291,77,23,2026-05-24T20:40:46.771000+00:00,22.883,25.76,31.829,229.0,267.0,False,80.472,"[None, 2048, 2048, 2048, 2048, 2048]","[2048, 2048, 2048, 2048, 2048, 2048]","[2048, 2048, 2049, 2048, 2048, 2048, 2048, 2048]",306.0
1285,11291,44,25,2026-05-24T20:40:49.662000+00:00,21.737,24.326,30.341,235.0,277.0,False,76.404,"[None, 2051, 2048, 2049, 2049, 2048]","[2048, 2048, 2048, 2048, 2048, 2048]","[2048, 2049, 2048, 2048, 2048, 2048, 2048, 2048]",304.0
1285,11291,81,24,2026-05-24T20:40:52.053000+00:00,24.904,24.787,30.556,249.0,280.0,False,80.247,"[None, 2048, 2048, 2048, 2048, 2048]","[2048, 2048, 2048, 2048, 2048, 2048]","[2048, 2048, 2048, 2048, 2048, 2048, 2048, 2048]",310.0
1285,11291,16,25,2026-05-24T20:40:52.381000+00:00,21.632,24.347,30.267,236.0,278.0,False,76.246,"[None, 2048, 2048, 2048, 2048, 2048]","[2048, 2048, 2048, 2048, 2048, 2048]","[2048, 2048, 2048, 2048, 2048, 2048, 2048, 2048]",310.0
1285,11291,6,25,2026-05-24T20:40:53.975000+00:00,21.718,24.365,30.477,240.0,280.0,False,76.56,"[None, 2048, 2048, 2048, 2049, 2048]","[2048, 2048, 2048, 2048, 2048, 2048]","[2048, 2048, 2048, 2048, 2048, 2048, 2048, 2048]",313.0
1285,11291,27,24,2026-05-24T20:41:07.084000+00:00,22.088,24.634,30.867,238.0,273.0,False,77.589,"[None, 2048, 2048, 2048, 2048, 2048]","[2048, 2048, 2048, 2048, 2049, 2048]","[2048, 2049, 2048, 2048, 2048, 2048, 2048, 2048]",304.0
1285,11291,31,24,2026-05-24T20:41:09.709000+00:00,22.514,24.899,30.924,230.0,273.0,False,78.337,"[None, 2048, 2048, 2048, 2049, 2048]","[2048, 2048, 2048, 2048, 2049, 2048]","[2048, 2048, 2048, 2048, 2048, 2048, 2048, 2048]",301.0
1285,11291,5,24,2026-05-24T20:41:12.584000+00:00,22.287,24.642,30.554,236.0,275.0,False,77.483,"[None, 2048, 2048, 2048, 2048, 2048]","[2048, 2048, 2048, 2049, 2048, 2048]","[2048, 2048, 2048, 2048, 2048, 2048, 2048, 2048]",305.0
1285,11291,43,25,2026-05-24T20:41:18.397000+00:00,21.991,24.396,30.699,,281.0,False,77.086,"[None, 2048, 2048, 2048, 2048, 2049]","[2048, 2048, 2048, 2049, 2048, 2048]","[2048, 2048, 2048, 2048, 2048, 2048, 2048, 2048]",308.0
1285,11291,14,24,2026-05-24T20:41:19.225000+00:00,23.178,25.951,,,269.0,False,,"[None, 2048, 2048, 2048, 2048, 2048]","[2048, 2048, 2048, 2048, 2048, 2048]","[2048, 2048, 2048, 2048]",309.0
1285,11291,11,24,2026-05-24T20:41:21.944000+00:00,22.293,24.943,30.976,,275.0,False,78.212,"[2048, 2048, 2048, 2048, 2048, 2048]","[2048, 2048, 2048, 2048, 2048, 2048]","[2048, 2048, 2049, 2048, 2048, 2048, 2048, 2048]",332.0
1285,11291,30,25,2026-05-24T20:41:27.662000+00:00,22.028,24.715,31.01,240.0,276.0,False,77.753,"[None, 2048, 2048, 2048, 2049, 2049]","[2049, 2048, 2049, 2048, 2048, 2048]","[2048, 2048, 2048, 2048, 2048, 2048, 2048, 2048]",303.0
1285,11291,10,25,2026-05-24T20:41:35.928000+00:00,22.051,24.455,30.813,237.0,278.0,False,77.319,"[None, 2049, 2048, 2048, 2048, 2048]","[2048, 2049, 2048, 2049, 2048, 2048]","[2048, 2048, 2048, 2048, 2048, 2048, 2048, 2048]",304.0
1285,11291,87,25,2026-05-24T20:41:37.006000+00:00,22.193,24.63,30.574,232.0,276.0,False,77.397,"[None, 2048, 2048, 2048, 2048, 2048]","[2048, 2048, 2048, 2048, 2048, 2048]","[2048, 2048, 2048, 2048, 2048, 2048, 2048, 2048]",306.0
1285,11291,18,24,2026-05-24T20:41:40.006000+00:00,22.627,25.235,31.28,232.0,268.0,False,79.142,"[2048, 2048, 2049, 2048, 2049, 2048]","[2049, 2048, 2048, 2049, 2048, 2048]","[2049, 2048, 2048, 2048, 2048, 2048, 2048, 2048]",298.0
1285,11291,55,25,2026-05-24T20:41:47.391000+00:00,21.854,24.382,30.601,,279.0,False,76.837,"[None, 2048, 2048, 2048, 2048, 2048]","[2048, 2048, 2048, 2049, 2048, 2048]","[2049, 2048, 2048, 2048, 2048, 2048, 2048, 2048]",301.0
1285,11291,63,26,2026-05-24T20:41:54.741000+00:00,21.786,24.397,30.138,236.0,276.0,False,76.321,"[None, 2048, 2048, 2048, 2048, 2048]","[2048, 2048, 2048, 2048, 2048, 2048]","[2048, 2048, 2048, 2048, 2048, 2048, 2048, 2048]",310.0
1285,11291,12,26,2026-05-24T20:41:55.222000+00:00,21.99,24.427,30.063,236.0,284.0,False,76.48,"[None, 2048, 2048, 2048, 2048, 2048]","[2048, 2048, 2048, 2048, 2048, 2048]","[2048, 2048, 2048, 2048, 2048, 2048, 2048, 2048]",338.0
1285,11291,1,25,2026-05-24T20:41:56.035000+00:00,22.022,24.401,30.269,,283.0,False,76.692,"[None, 2048, 2048, 2048, 2048, 2048]","[2048, 2048, 2048, 2048, 2048, 2048]","[2048, 2048, 2048, 2048, 2048, 2049, 2048, 2048]",312.0
1285,11291,3,26,2026-05-24T20:42:01.403000+00:00,21.704,24.314,30.317,241.0,277.0,False,76.335,"[None, 2048, 2048, 2048, 2048, 2048]","[2048, 2048, 2048, 2048, 2048, 2048]","[2048, 2048, 2048, 2048, 2048, 2048, 2048, 2048]",300.0
1285,11291,44,26,2026-05-24T20:42:06.060000+00:00,21.763,24.321,30.349,234.0,276.0,False,76.433,"[None, 2048, 2048, 2048, 2048, 2048]","[2049, 2048, 2048, 2048, 2048, 2048]","[2048, 2048, 2048, 2048, 2048, 2049, 2048, 2048]",301.0
1285,11291,77,24,2026-05-24T20:42:07.216000+00:00,23.765,26.607,31.475,219.0,275.0,False,81.847,"[None, 2048, 2048, 2048, 2048, 2048]","[2048, 2048, 2048, 2048, 2048, 2048]","[2048, 2048, 2048, 2048, 2048, 2048, 2048]",321.0
1285,11291,16,26,2026-05-24T20:42:08.622000+00:00,21.89,24.272,30.117,234.0,280.0,False,76.279,"[2048, 2048, 2049, 2048, 2048, 2048]","[2048, 2048, 2048, 2048, 2048, 2048]","[2048, 2048, 2048, 2048, 2048, 2048, 2048, 2048]",306.0
1285,11291,6,26,2026-05-24T20:42:10.606000+00:00,21.734,24.377,30.042,242.0,283.0,False,76.153,"[None, 2048, 2048, 2048, 2048, 2048]","[2048, 2048, 2048, 2049, 2048, 2048]","[2049, 2048, 2048, 2048, 2048, 2049, 2048, 2048]",312.0
1285,11291,81,25,2026-05-24T20:42:12.341000+00:00,22.127,24.391,30.487,238.0,285.0,False,77.005,"[None, 2048, 2048, 2048, 2048, 2048]","[2048, 2048, 2048, 2048, 2048, 2048]","[2048, 2048, 2048, 2048, 2048, 2048, 2048, 2048]",317.0
1285,11291,27,25,2026-05-24T20:42:24.622000+00:00,22.062,24.564,30.826,,274.0,False,77.452,"[None, 2048, 2048, 2048, 2048, 2048]","[2048, 2048, 2048, 2048, 2048, 2048]","[2048, 2048, 2048, 2048, 2048, 2048, 2048, 2048]",302.0
1285,11291,31,25,2026-05-24T20:42:28.107000+00:00,22.522,24.89,31.16,229.0,272.0,False,78.572,"[None, 2048, 2049, 2048, 2048, 2048]","[2048, 2048, 2048, 2048, 2048, 2048]","[2048, 2048, 2048, 2048, 2048, 2048, 2048, 2048]",297.0
1285,11291,5,25,2026-05-24T20:42:30.044000+00:00,22.512,24.764,30.407,235.0,275.0,False,77.683,"[None, 2048, 2048, 2048, 2048, 2048]","[2048, 2048, 2048, 2048, 2048, 2048]","[2049, 2048, 2048, 2048, 2048, 2048, 2049, 2049]",306.0
1285,11291,43,26,2026-05-24T20:42:35.544000+00:00,21.973,24.498,30.631,238.0,282.0,False,77.102,"[None, 2048, 2048, 2048, 2048, 2048]","[2048, 2048, 2048, 2048, 2048, 2048]","[2049, 2048, 2048, 2048, 2048, 2048, 2048, 2048]",305.0
1285,11291,11,25,2026-05-24T20:42:40.103000+00:00,22.633,24.865,30.965,,270.0,False,78.463,"[None, 2048, 2048, 2049, 2048, 2048]","[2048, 2048, 2048, 2049, 2048, 2048]","[2048, 2048, 2048, 2048, 2048, 2048, 2048, 2048]",297.0
1285,11291,30,26,2026-05-24T20:42:45.419000+00:00,22.227,24.656,30.686,238.0,274.0,False,77.569,"[2048, 2048, 2048, 2048, 2048, 2048]","[2048, 2048, 2048, 2048, 2048, 2048]","[2049, 2048, 2048, 2048, 2048, 2049, 2049, 2048]",303.0
1285,11291,10,26,2026-05-24T20:42:53.169000+00:00,21.977,24.432,30.689,240.0,275.0,False,77.098,"[None, 2048, 2048, 2048, 2049, 2049]","[2048, 2049, 2048, 2049, 2048, 2048]","[2048, 2048, 2048, 2048, 2048, 2049, 2048, 2048]",302.0
1285,11291,87,26,2026-05-24T20:42:54.482000+00:00,22.237,24.633,30.649,233.0,276.0,False,77.519,"[None, 2048, 2048, 2048, 2048, 2048]","[2048, 2048, 2049, 2048, 2048, 2048]","[2048, 2048, 2048, 2048, 2048, 2048, 2048, 2048]",305.0
1285,11291,18,25,2026-05-24T20:42:58.997000+00:00,22.524,25.234,31.318,,268.0,False,79.076,"[None, 2049, 2048, 2048, 2049, 2048]","[2048, 2048, 2048, 2049, 2048, 2048]","[2048, 2048, 2048, 2048, 2048, 2049, 2048, 2048]",294.0
1285,11291,55,26,2026-05-24T20:43:04.263000+00:00,21.817,24.328,30.51,237.0,279.0,False,76.655,"[None, 2048, 2049, 2048, 2048, 2048]","[2048, 2048, 2048, 2049, 2048, 2048]","[2048, 2048, 2048, 2048, 2048, 2048, 2048, 2048]",303.0
1285,11291,63,27,2026-05-24T20:43:11.154000+00:00,21.774,24.276,30.223,237.0,278.0,False,76.273,"[None, 2048, 2048, 2048, 2048, 2048]","[2048, 2048, 2048, 2048, 2048, 2048]","[2048, 2048, 2048, 2048, 2048, 2048, 2048, 2048]",311.0
1285,11291,12,27,2026-05-24T20:43:11.591000+00:00,21.874,24.201,29.896,235.0,283.0,False,75.971,"[None, 2048, 2048, 2048, 2048, 2048]","[2048, 2048, 2048, 2048, 2048, 2048]","[2048, 2048, 2048, 2048, 2048, 2048, 2048, 2048]",335.0
1285,11291,1,26,2026-05-24T20:43:12.732000+00:00,21.972,24.152,30.33,,281.0,False,76.454,"[None, 2048, 2048, 2048, 2048, 2048]","[2048, 2048, 2048, 2048, 2048, 2048]","[2048, 2048, 2048, 2048, 2048, 2048, 2048, 2048]",309.0
1285,11291,3,27,2026-05-24T20:43:17.841000+00:00,21.746,24.345,30.171,240.0,275.0,False,76.262,"[None, 2048, 2048, 2048, 2048, 2049]","[2048, 2048, 2048, 2048, 2048, 2048]","[2048, 2048, 2048, 2048, 2048, 2048, 2048, 2048]",302.0
1285,11291,44,27,2026-05-24T20:43:22.546000+00:00,21.788,24.36,30.267,,276.0,False,76.415,"[None, 2048, 2048, 2049, 2048, 2048]","[2048, 2048, 2048, 2048, 2048, 2048]","[2048, 2048, 2048, 2048, 2048, 2048, 2048, 2048]",302.0
1285,11291,16,27,2026-05-24T20:43:24.951000+00:00,21.784,24.189,30.117,,279.0,False,76.09,"[None, 2048, 2048, 2048, 2048, 2048]","[2048, 2048, 2048, 2048, 2048, 2048]","[2048, 2048, 2048, 2048, 2048, 2048, 2048, 2048]",306.0
1285,11291,6,27,2026-05-24T20:43:26.701000+00:00,21.62,24.454,30.244,241.0,281.0,False,76.318,"[None, 2048, 2048, 2048, 2048, 2048]","[2048, 2048, 2048, 2048, 2048, 2048]","[2048, 2048, 2048, 2048, 2048, 2048, 2048, 2048]",311.0
1285,11291,77,25,2026-05-24T20:43:29.029000+00:00,23.647,25.548,31.378,227.0,270.0,False,80.573,"[None, 2048, 2048, 2048, 2048, 2048]","[2048, 2048, 2048, 2048, 2048, 2048]","[2048, 2048, 2048, 2048, 2048, 2048, 2048, 2048]",295.0
1285,11291,81,26,2026-05-24T20:43:29.357000+00:00,22.053,24.455,30.272,241.0,282.0,False,76.78,"[None, 2048, 2048, 2049, 2048, 2048]","[2048, 2048, 2049, 2048, 2048, 2048]","[2049, 2048, 2048, 2048, 2048, 2048, 2048, 2048]",312.0
1285,11291,27,26,2026-05-24T20:43:42.141000+00:00,21.993,24.557,30.922,239.0,273.0,False,77.472,"[None, 2048, 2048, 2048, 2048, 2049]","[2049, 2048, 2048, 2048, 2048, 2048]","[2048, 2048, 2048, 2048, 2048, 2048, 2048, 2048]",302.0
1285,11291,31,26,2026-05-24T20:43:46.579000+00:00,22.427,24.85,30.987,231.0,271.0,False,78.264,"[None, 2049, 2048, 2048, 2048, 2048]","[2048, 2049, 2048, 2048, 2048, 2048]","[2048, 2048, 2048, 2048, 2048, 2048, 2048, 2048]",299.0
1285,11291,5,26,2026-05-24T20:43:47.722000+00:00,22.259,24.776,30.673,238.0,277.0,False,77.708,"[None, 2048, 2048, 2048, 2048, 2049]","[2048, 2048, 2049, 2048, 2048, 2048]","[2048, 2048, 2048, 2048, 2048, 2048, 2048, 2049]",316.0
1285,11291,43,27,2026-05-24T20:43:52.630000+00:00,22.032,24.535,30.907,240.0,273.0,False,77.474,"[None, 2048, 2048, 2048, 2048, 2048]","[2048, 2048, 2048, 2048, 2048, 2048]","[2048, 2048, 2048, 2048, 2048, 2048, 2048, 2048]",306.0
1285,11291,11,26,2026-05-24T20:43:58.645000+00:00,22.332,24.875,30.897,,270.0,False,78.104,"[None, 2049, 2048, 2048, 2048, 2048]","[2048, 2049, 2048, 2048, 2048, 2048]","[2049, 2048, 2048, 2048, 2048, 2048, 2048, 2048]",294.0
1285,11291,30,27,2026-05-24T20:44:03.098000+00:00,22.075,24.722,30.586,240.0,277.0,False,77.383,"[None, 2048, 2048, 2048, 2048, 2048]","[2048, 2048, 2048, 2048, 2048, 2048]","[2049, 2048, 2048, 2048, 2048, 2048, 2048, 2048]",302.0
1285,11291,10,27,2026-05-24T20:44:10.286000+00:00,22.037,24.36,30.653,,278.0,False,77.05,"[None, 2049, 2048, 2048, 2048, 2048]","[2048, 2048, 2048, 2049, 2048, 2048]","[2048, 2048, 2048, 2048, 2048, 2048, 2048, 2048]",302.0
1285,11291,87,27,2026-05-24T20:44:11.910000+00:00,22.393,24.723,30.554,232.0,276.0,False,77.67,"[None, 2049, 2048, 2048, 2048, 2048]","[2048, 2048, 2048, 2048, 2048, 2048]","[2048, 2048, 2048, 2048, 2048, 2048, 2048, 2048]",304.0
1285,11291,18,26,2026-05-24T20:44:18.145000+00:00,22.72,25.308,32.543,,268.0,False,80.571,"[None, 2048, 2049, 2049, 2048, 2048]","[2048, 2048, 2048, 2048, 2048, 2048]","[2048, 2048, 2048, 2048, 2048, 2048, 2048, 2048]",277.0
1285,11291,55,27,2026-05-24T20:44:20.973000+00:00,21.912,24.496,30.581,239.0,282.0,False,76.989,"[None, 2048, 2048, 2049, 2048, 2048]","[2048, 2048, 2048, 2048, 2048, 2048]","[2048, 2048, 2048, 2048, 2048, 2048, 2048]",311.0
1285,11291,63,28,2026-05-24T20:44:27.332000+00:00,21.916,24.208,30.148,238.0,279.0,False,76.272,"[None, 2048, 2048, 2048, 2048, 2048]","[2048, 2048, 2048, 2048, 2048, 2048]","[2048, 2048, 2048, 2048, 2048, 2048, 2048, 2048]",311.0
1285,11291,12,28,2026-05-24T20:44:27.660000+00:00,22.056,24.401,29.97,238.0,286.0,False,76.427,"[None, 2048, 2048, 2048, 2048, 2048]","[2048, 2048, 2048, 2048, 2048, 2048]","[2048, 2048, 2048, 2048, 2048, 2048, 2048, 2048]",338.0
1285,11291,1,27,2026-05-24T20:44:29.176000+00:00,21.786,24.13,30.271,238.0,286.0,False,76.187,"[None, 2048, 2048, 2048, 2048, 2049]","[2048, 2048, 2048, 2048, 2048, 2049]","[2048, 2048, 2048, 2048, 2048, 2049, 2048, 2048]",310.0
1285,11291,3,28,2026-05-24T20:44:34.051000+00:00,21.687,24.266,30.148,,276.0,False,76.101,"[None, 2048, 2048, 2048, 2048, 2048]","[2048, 2048, 2048, 2048, 2048, 2048]","[2048, 2048, 2048, 2048, 2048, 2048, 2048, 2048]",304.0
1285,11291,44,28,2026-05-24T20:44:38.942000+00:00,21.693,24.215,30.272,235.0,276.0,False,76.18,"[None, 2051, 2048, 2048, 2048, 2049]","[2048, 2048, 2048, 2048, 2049, 2048]","[2048, 2048, 2048, 2048, 2048, 2049, 2048, 2048]",302.0
1285,11291,16,28,2026-05-24T20:44:40.926000+00:00,21.615,24.11,30.736,235.0,280.0,False,76.461,"[None, 2048, 2049, 2049, 2048, 2048]","[2048, 2048, 2048, 2048, 2048, 2048]","[2048, 2049, 2048, 2048, 2048, 2048, 2048, 2048]",305.0
1285,11291,6,28,2026-05-24T20:44:43.051000+00:00,21.742,24.504,30.383,240.0,278.0,False,76.629,"[None, 2048, 2048, 2048, 2048, 2048]","[2048, 2048, 2048, 2048, 2048, 2048]","[2048, 2048, 2048, 2048, 2048, 2048, 2048, 2048]",306.0
1285,11291,81,27,2026-05-24T20:44:46.176000+00:00,21.841,24.421,30.942,238.0,280.0,False,77.204,"[None, 2048, 2048, 2048, 2048, 2048]","[2048, 2048, 2048, 2048, 2048, 2048]","[2048, 2049, 2048, 2048, 2048, 2048, 2048, 2048]",303.0
1285,11291,77,26,2026-05-24T20:44:49.676000+00:00,22.807,25.454,31.197,228.0,268.0,False,79.458,"[None, 2048, 2049, 2048, 2048, 2048]","[2048, 2048, 2048, 2048, 2048, 2048]","[2049, 2048, 2048, 2048, 2048, 2049, 2048, 2048]",290.0
1285,11291,27,27,2026-05-24T20:44:59.567000+00:00,22.076,24.681,30.973,,273.0,False,77.73,"[None, 2048, 2048, 2048, 2048, 2049]","[2048, 2048, 2048, 2048, 2048, 2048]","[2048, 2048, 2048, 2048, 2048, 2048, 2048, 2048]",304.0
1285,11291,31,27,2026-05-24T20:45:04.869000+00:00,22.589,25.224,31.323,230.0,267.0,False,79.136,"[None, 2048, 2048, 2048, 2049, 2048]","[2048, 2048, 2048, 2048, 2048, 2048]","[2049, 2048, 2048, 2048, 2048, 2048, 2048, 2048]",308.0
1285,11291,5,27,2026-05-24T20:45:05.432000+00:00,22.371,25.181,30.419,239.0,279.0,False,77.971,"[None, 2048, 2048, 2048, 2048, 2049]","[2048, 2048, 2049, 2048, 2048, 2049]","[2048, 2048, 2049, 2049, 2048, 2048, 2048, 2048]",336.0
1285,11291,43,28,2026-05-24T20:45:10.033000+00:00,21.923,24.487,30.655,,279.0,False,77.065,"[None, 2048, 2048, 2048, 2048, 2048]","[2048, 2048, 2048, 2048, 2048, 2048]","[2048, 2048, 2048, 2048, 2048, 2048, 2048, 2048]",306.0
1285,11291,11,27,2026-05-24T20:45:16.749000+00:00,22.352,25.051,31.075,,270.0,False,78.478,"[None, 2049, 2048, 2048, 2048, 2048]","[2048, 2048, 2048, 2048, 2048, 2048]","[2048, 2048, 2048, 2048, 2048, 2048, 2048, 2048]",293.0
1285,11291,30,28,2026-05-24T20:45:20.470000+00:00,22.058,24.728,30.747,238.0,276.0,False,77.533,"[None, 2049, 2048, 2049, 2048, 2048]","[2048, 2048, 2048, 2048, 2048, 2048]","[2048, 2048, 2048, 2048, 2048, 2048, 2048, 2048]",300.0
1285,11291,10,28,2026-05-24T20:45:27.417000+00:00,21.862,24.45,30.669,242.0,277.0,False,76.981,"[None, 2048, 2049, 2048, 2048, 2049]","[2048, 2048, 2048, 2048, 2048, 2048]","[2048, 2048, 2048, 2048, 2048, 2048, 2048, 2048]",302.0
1285,11291,87,28,2026-05-24T20:45:29.730000+00:00,22.203,24.684,30.487,233.0,275.0,False,77.374,"[None, 2049, 2048, 2048, 2048, 2048]","[2048, 2048, 2048, 2048, 2048, 2048]","[2048, 2048, 2048, 2048, 2048, 2048, 2048, 2048]",302.0
1285,11291,55,28,2026-05-24T20:45:37.842000+00:00,21.793,24.394,30.872,238.0,278.0,False,77.059,"[None, 2048, 2049, 2048, 2049, 2048]","[2049, 2048, 2048, 2048, 2048, 2048]","[2048, 2049, 2048, 2048, 2048, 2048, 2048, 2048]",299.0
1285,11291,18,27,2026-05-24T20:45:38.839000+00:00,22.828,25.263,31.304,,269.0,False,79.395,"[None, 2048, 2048, 2048, 2048, 2048]","[2048, 2048, 2048, 2048, 2048, 2048]","[2048, 2048, 2048, 2048, 2048, 2048, 2048, 2048]",298.0
1285,11291,63,29,2026-05-24T20:45:43.730000+00:00,21.577,24.039,29.925,,281.0,False,75.541,"[None, 2048, 2048, 2048, 2048, 2048]","[2048, 2048, 2048, 2048, 2048, 2048]","[2048, 2048, 2048, 2048, 2048, 2048, 2048, 2048]",316.0
1285,11291,12,29,2026-05-24T20:45:44.074000+00:00,22.017,24.009,29.726,235.0,285.0,False,75.752,"[None, 2048, 2048, 2048, 2048, 2048]","[2048, 2049, 2048, 2048, 2049, 2048]","[2048, 2048, 2048, 2048, 2049, 2048, 2048, 2048]",338.0
1285,11291,1,28,2026-05-24T20:45:45.370000+00:00,21.842,24.105,30.222,237.0,284.0,False,76.169,"[None, 2048, 2048, 2049, 2048, 2049]","[2048, 2048, 2048, 2049, 2048, 2048]","[2048, 2048, 2048, 2048, 2048, 2048, 2048, 2048]",311.0
1285,11291,3,29,2026-05-24T20:45:50.152000+00:00,21.69,24.248,30.317,,277.0,False,76.255,"[None, 2048, 2048, 2048, 2048, 2048]","[2048, 2048, 2048, 2048, 2048, 2048]","[2048, 2048, 2048, 2048, 2048, 2048, 2048, 2048]",302.0
1285,11291,44,29,2026-05-24T20:45:55.134000+00:00,21.75,24.272,30.352,,274.0,False,76.374,"[None, 2048, 2048, 2048, 2048, 2048]","[2048, 2048, 2048, 2048, 2048, 2048]","[2048, 2048, 2048, 2048, 2048, 2048, 2048, 2048]",302.0
1285,11291,16,29,2026-05-24T20:45:57.453000+00:00,21.946,24.23,30.12,,279.0,False,76.296,"[None, 2048, 2048, 2048, 2048, 2048]","[2048, 2048, 2048, 2048, 2048, 2048]","[2048, 2048, 2048, 2048, 2048, 2048, 2048, 2048]",306.0
1285,11291,6,29,2026-05-24T20:45:59.580000+00:00,22.013,24.628,30.452,239.0,279.0,False,77.093,"[None, 2049, 2048, 2048, 2048, 2048]","[2048, 2048, 2048, 2048, 2048, 2048]","[2048, 2048, 2048, 2048, 2048, 2048, 2048, 2048]",305.0
1285,11291,81,28,2026-05-24T20:46:03.377000+00:00,21.865,24.248,30.379,,282.0,False,76.492,"[None, 2048, 2048, 2048, 2048, 2048]","[2048, 2048, 2048, 2049, 2048, 2048]","[2048, 2048, 2048, 2048, 2048, 2048, 2048, 2048]",305.0
1285,11291,77,27,2026-05-24T20:46:09.174000+00:00,22.748,25.318,31.27,227.0,266.0,False,79.336,"[None, 2048, 2048, 2048, 2048, 2048]","[2048, 2048, 2048, 2048, 2048, 2048]","[2048, 2048, 2048, 2048, 2048, 2048, 2048, 2048]",289.0
1285,11291,27,28,2026-05-24T20:46:17.314000+00:00,22.154,24.574,30.905,,273.0,False,77.633,"[None, 2048, 2048, 2048, 2048, 2048]","[2048, 2048, 2048, 2048, 2048, 2048]","[2048, 2048, 2048, 2048, 2048, 2048, 2048, 2048]",303.0
1285,11291,5,28,2026-05-24T20:46:23.408000+00:00,22.271,24.713,30.372,232.0,270.0,False,77.356,"[None, 2048, 2048, 2048, 2048, 2048]","[2048, 2049, 2048, 2048, 2049, 2048]","[2048, 2048, 2048, 2048, 2048, 2048, 2048, 2048]",314.0
1285,11291,31,28,2026-05-24T20:46:23.971000+00:00,22.756,25.049,30.801,,275.0,False,78.606,"[None, 2048, 2048, 2048, 2048, 2048]","[2048, 2048, 2048, 2048, 2048, 2048]","[2048, 2048, 2048, 2048, 2049, 2048, 2048, 2048]",329.0
1285,11291,43,29,2026-05-24T20:46:27.111000+00:00,21.872,24.451,30.382,241.0,283.0,False,76.705,"[2049, 2048, 2048, 2048, 2048, 2048]","[2048, 2048, 2048, 2048, 2048, 2048]","[2048, 2048, 2048, 2048, 2048, 2048, 2048, 2048]",314.0
1285,11291,11,28,2026-05-24T20:46:35.299000+00:00,22.371,24.872,30.744,229.0,271.0,False,77.987,"[None, 2048, 2048, 2048, 2048, 2048]","[2048, 2048, 2048, 2049, 2049, 2048]","[2048, 2049, 2048, 2048, 2048, 2049, 2048, 2048]",294.0
1285,11291,30,29,2026-05-24T20:46:37.939000+00:00,22.035,24.675,30.555,241.0,276.0,False,77.265,"[None, 2048, 2049, 2048, 2048, 2049]","[2048, 2048, 2048, 2048, 2048, 2048]","[2048, 2048, 2048, 2048, 2048, 2048, 2048, 2048]",304.0
1285,11291,10,29,2026-05-24T20:46:44.236000+00:00,21.903,24.419,30.545,241.0,278.0,False,76.867,"[None, 2048, 2048, 2048, 2049, 2048]","[2048, 2048, 2048, 2048, 2048, 2048]","[2049, 2048, 2048, 2048, 2048, 2048, 2048, 2048]",305.0
1285,11291,87,29,2026-05-24T20:46:47.080000+00:00,22.216,24.623,30.444,232.0,275.0,False,77.283,"[None, 2048, 2048, 2048, 2048, 2048]","[2048, 2048, 2048, 2048, 2049, 2048]","[2048, 2048, 2048, 2048, 2048, 2048, 2048, 2048]",304.0
1285,11291,55,29,2026-05-24T20:46:55.033000+00:00,21.877,24.349,30.51,,278.0,False,76.736,"[None, 2049, 2048, 2048, 2048, 2048]","[2048, 2048, 2048, 2049, 2048, 2048]","[2048, 2048, 2048, 2048, 2048, 2048, 2048, 2048]",302.0
1285,11291,18,28,2026-05-24T20:46:58.096000+00:00,24.661,26.679,31.519,230.0,272.0,False,82.859,"[None, 2048, 2048, 2048, 2048, 2048]","[2048, 2048, 2048, 2048, 2048, 2049]","[2048, 2048, 2048, 2048, 2048, 2048, 2048, 2048]",302.0
1285,11291,63,30,2026-05-24T20:46:59.315000+00:00,21.738,,,237.0,,False,,"[None, 2048, 2048, 2048, 2048, 2048]",[2048],,
1285,11291,12,30,2026-05-24T20:46:59.908000+00:00,21.786,24.587,29.988,236.0,274.0,False,76.361,"[None, 2048, 2048, 2048, 2048, 2048]","[2048, 2048, 2048, 2048, 2048, 2048]","[2048, 2048, 2048, 2048, 2048, 2048, 2048, 2048]",323.0
1285,11291,1,29,2026-05-24T20:47:01.509000+00:00,21.718,24.242,30.278,239.0,280.0,False,76.238,"[None, 2048, 2048, 2048, 2049, 2049]","[2048, 2048, 2048, 2048, 2048, 2048]","[2048, 2048, 2048, 2048, 2048, 2048, 2048, 2048]",309.0
1285,11291,3,30,2026-05-24T20:47:06.340000+00:00,21.642,24.26,30.108,241.0,276.0,False,76.01,"[None, 2048, 2048, 2048, 2048, 2048]","[2048, 2048, 2048, 2048, 2048, 2048]","[2048, 2048, 2048, 2048, 2048, 2048, 2048, 2048]",309.0
1285,11291,44,30,2026-05-24T20:47:11.512000+00:00,21.868,25.284,31.821,,262.0,False,78.973,"[None, 2048, 2048, 2048, 2048, 2048]","[2048, 2048, 2048, 2048, 2048, 2048]","[2048, 2048, 2048, 2048, 2048, 2048, 2048, 2048]",304.0
1285,11291,16,30,2026-05-24T20:47:13.855000+00:00,21.752,24.885,33.451,236.0,264.0,False,80.088,"[None, 2048, 2048, 2048, 2048, 2048]","[2048, 2048, 2049, 2048, 2048, 2048]","[2048, 2048, 2048, 2048, 2048, 2048, 2048, 2048]",310.0
1285,11291,6,30,2026-05-24T20:47:16.777000+00:00,21.816,24.449,36.053,240.0,277.0,False,82.318,"[None, 2048, 2048, 2048, 2048, 2048]","[2048, 2048, 2048, 2048, 2048, 2048]","[2048, 2048, 2048, 2048, 2048, 2048, 2048, 2048]",310.0
1285,11291,81,29,2026-05-24T20:47:19.795000+00:00,21.893,26.644,38.139,,221.0,False,86.676,"[None, 2048, 2048, 2048, 2048, 2048]","[2048, 2048, 2048, 2048, 2048, 2048]","[2048, 2048, 2048, 2048, 2048, 2048, 2048, 2048]",166.0
1285,11291,77,28,2026-05-24T20:47:28.543000+00:00,22.662,26.89,40.876,230.0,258.0,False,90.428,"[None, 2048, 2049, 2048, 2048, 2049]","[2048, 2049, 2048, 2048, 2048, 2048]","[2048, 2048, 2048, 2048, 2048, 2048, 2048, 2048]",196.0
1285,11291,27,29,2026-05-24T20:47:34.981000+00:00,22.031,25.892,41.773,,278.0,False,89.696,"[None, 2048, 2051, 2048, 2048, 2048]","[2048, 2048, 2048, 2048, 2048, 2048]","[2048, 2048, 2048, 2048, 2048, 2048, 2048, 2048]",227.0
1285,11291,5,29,2026-05-24T20:47:40.818000+00:00,22.18,25.35,42.794,,231.0,False,90.324,"[None, 2049, 2048, 2048, 2048, 2048]","[2048, 2048, 2048, 2048, 2048, 2048]","[2048, 2048, 2048, 2048, 2048, 2048, 2048, 2048]",297.0
1285,11291,31,29,2026-05-24T20:47:42.601000+00:00,22.583,32.291,39.266,229.0,188.0,False,94.14,"[None, 2048, 2048, 2048, 2048, 2048]","[2048, 2048, 2048, 2048, 2048, 2048]","[2048, 2048, 2048, 2048, 2048, 2048, 2048, 2048]",246.0
1285,11291,43,30,2026-05-24T20:47:43.918000+00:00,22.022,29.909,57.016,242.0,174.0,False,108.947,"[2048, 2048, 2048, 2048, 2048, 2048]","[2048, 2048, 2048, 2048, 2048, 2048]","[2048, 2048, 2048, 2048, 2048, 2064, 2064, 2064]",215.0
1285,11291,11,29,2026-05-24T20:47:53.183000+00:00,22.133,32.683,57.293,231.0,160.0,False,112.109,"[None, 2048, 2048, 2048, 2049, 2049]","[2048, 2049, 2048, 2048, 2048, 2048]","[2048, 2048, 2048, 2048, 2048, 2064, 2064, 2064]",221.0
1285,11291,30,30,2026-05-24T20:47:55.324000+00:00,22.06,35.581,53.677,240.0,165.0,False,111.318,"[None, 2048, 2049, 2048, 2048, 2048]","[2048, 2048, 2048, 2048, 2048, 2048]","[2048, 2048, 2048, 2048, 2048, 2064, 2064, 2064]",258.0
1285,11291,10,30,2026-05-24T20:48:01.271000+00:00,21.915,37.796,53.022,,235.0,False,112.733,"[None, 2048, 2048, 2048, 2049, 2049]","[2048, 2048, 2048, 2048, 2048, 2048]","[2048, 2048, 2048, 2048, 2048, 2064, 2064, 2064]",181.0
1285,11291,87,30,2026-05-24T20:48:04.587000+00:00,22.155,38.091,73.58,,238.0,False,133.826,"[None, 2049, 2048, 2048, 2048, 2048]","[2048, 2048, 2048, 2048, 2048, 2048]","[2048, 2048, 2048, 2048, 2048, 2064, 2064, 2064]",268.0
1285,11291,55,30,2026-05-24T20:48:11.789000+00:00,26.995,35.29,53.998,155.0,188.0,False,116.283,"[None, 2049, 2048, 2049, 2048, 2048]","[2048, 2048, 2048, 2048, 2048, 2048]","[2048, 2048, 2048, 2048, 2048, 2064, 2064, 2064]",269.0
1285,11291,12,31,2026-05-24T20:48:16.118000+00:00,26.854,37.012,55.373,169.0,140.0,False,119.239,"[None, 2048, 2048, 2048, 2048, 2048]","[2048, 2048, 2048, 2048, 2048, 2048]","[2048, 2048, 2048, 2048, 2048, 2064, 2064, 2064]",270.0
1285,11291,1,30,2026-05-24T20:48:17.716000+00:00,27.371,37.049,38.538,226.0,176.0,False,102.958,"[None, 2048, 2048, 2048, 2048, 2048]","[2048, 2048, 2048, 2048, 2048, 2048]","[2048, 2048, 2048, 2048, 2048, 2048, 2048, 2048]",262.0
1285,11291,18,29,2026-05-24T20:48:20.934000+00:00,29.555,36.851,36.487,153.0,225.0,False,102.893,"[None, 2048, 2048, 2048, 2048, 2048]","[2048, 2048, 2048, 2048, 2048, 2048]","[2048, 2048, 2048, 2048, 2048, 2048, 2048, 2048]",278.0
1285,11291,3,31,2026-05-24T20:48:22.310000+00:00,28.872,36.39,53.84,171.0,226.0,False,119.102,"[None, 2048, 2048, 2048, 2048, 2048]","[2048, 2048, 2048, 2048, 2048, 2048]","[2048, 2048, 2048, 2048, 2048, 2064, 2064, 2064]",255.0
1285,11291,44,31,2026-05-24T20:48:30.341000+00:00,31.103,37.431,54.42,172.0,125.0,False,122.954,"[None, 2048, 2048, 2048, 2048, 2048]","[2048, 2048, 2048, 2048, 2048, 2048]","[2048, 2048, 2048, 2048, 2048, 2064, 2064, 2064]",245.0
1285,11291,16,31,2026-05-24T20:48:33.872000+00:00,29.755,36.557,59.173,180.0,149.0,False,125.485,"[None, 2048, 2048, 2048, 2048, 2048]","[2048, 2048, 2048, 2048, 2048, 2048]","[2048, 2048, 2048, 2048, 2048, 2064, 2064, 2064]",269.0
1285,11291,6,31,2026-05-24T20:48:38.919000+00:00,26.876,35.326,55.316,197.0,200.0,False,117.518,"[None, 2048, 2048, 2048, 2048, 2048]","[2048, 2048, 2048, 2048, 2048, 2048]","[2048, 2048, 2048, 2048, 2048, 2064, 2064, 2064]",191.0
1285,11291,81,30,2026-05-24T20:48:46.434000+00:00,28.924,35.67,38.456,172.0,162.0,False,103.05,"[None, 2048, 2048, 2048, 2048, 2048]","[2048, 2048, 2048, 2048, 2048, 2048]","[2048, 2048, 2048, 2048, 2048, 2048, 2048, 2048]",261.0
1285,11291,77,29,2026-05-24T20:48:58.910000+00:00,30.137,38.409,53.23,190.0,188.0,False,121.776,"[None, 2048, 2048, 2048, 2048, 2048]","[2048, 2048, 2048, 2048, 2048, 2048]","[2048, 2048, 2048, 2048, 2048, 2064, 2064, 2064]",262.0
1285,11291,27,30,2026-05-24T20:49:04.650000+00:00,29.52,36.436,38.126,225.0,218.0,False,104.082,"[None, 2048, 2048, 2048, 2048, 2048]","[2048, 2048, 2048, 2048, 2048, 2048]","[2048, 2048, 2048, 2048, 2048, 2048, 2048, 2048]",150.0
1285,11291,5,30,2026-05-24T20:49:11.115000+00:00,30.029,34.789,39.986,194.0,190.0,False,104.804,"[None, 2048, 2048, 2048, 2048, 2048]","[2048, 2048, 2048, 2048, 2048, 2048]","[2048, 2048, 2048, 2048, 2048, 2048, 2048, 2048]",212.0
1285,11291,31,30,2026-05-24T20:49:16.803000+00:00,29.666,35.912,65.41,164.0,217.0,False,130.988,"[None, 2048, 2048, 2048, 2048, 2048]","[2048, 2048, 2048, 2048, 2048, 2048]","[2048, 2048, 2048, 2048, 2048, 2064, 2064, 2064]",232.0
1285,11291,43,31,2026-05-24T20:49:32.697000+00:00,33.22,33.116,39.001,211.0,225.0,True,105.337,"[2064, 2064, 2048, 2048, 2048, 2048]","[2048, 2048, 2048, 2048, 2048, 2048]","[2048, 2048, 2048, 2048, 2048, 2048, 2048, 2048]",209.0
1285,11291,11,30,2026-05-24T20:49:45.322000+00:00,28.915,39.286,39.81,216.0,112.0,True,108.011,"[2064, 2064, 2048, 2048, 2048, 2048]","[2048, 2048, 2048, 2048, 2048, 2048]","[2048, 2048, 2048, 2048, 2048, 2048, 2048, 2048]",219.0
1285,11291,30,31,2026-05-24T20:49:46.419000+00:00,29.107,39.648,39.477,221.0,154.0,True,108.232,"[2064, 2064, 2048, 2048, 2048, 2048]","[2048, 2048, 2048, 2048, 2048, 2048]","[2048, 2048, 2048, 2048, 2048, 2048, 2048, 2048]",166.0
1285,11291,10,31,2026-05-24T20:49:53.811000+00:00,31.349,36.353,37.034,218.0,218.0,True,104.736,"[2064, 2064, 2048, 2048, 2048, 2048]","[2048, 2048, 2048, 2048, 2048, 2048]","[2048, 2048, 2048, 2048, 2048, 2048, 2048, 2048]",246.0
1285,11291,1,31,2026-05-24T20:50:00.750000+00:00,28.338,37.245,38.096,192.0,219.0,False,103.679,"[None, 2048, 2048, 2048, 2048, 2048]","[2048, 2048, 2048, 2048, 2048, 2048]","[2048, 2048, 2048, 2048, 2048, 2048, 2048, 2048]",248.0
1285,11291,18,30,2026-05-24T20:50:03.850000+00:00,32.374,34.879,37.514,168.0,153.0,False,104.767,"[None, 2048, 2048, 2048, 2048, 2048]","[2048, 2048, 2048, 2048, 2048, 2048]","[2048, 2048, 2048, 2048, 2048, 2048, 2048, 2048]",268.0
1285,11291,55,31,2026-05-24T20:50:07.912000+00:00,30.612,36.432,37.539,215.0,210.0,True,104.583,"[2064, 2064, 2048, 2048, 2048, 2048]","[2048, 2048, 2048, 2048, 2048, 2048]","[2048, 2048, 2048, 2048, 2048, 2048, 2048, 2048]",258.0
1285,11291,12,32,2026-05-24T20:50:15.367000+00:00,28.986,34.74,37.375,173.0,208.0,True,101.101,"[2064, 2064, 2048, 2048, 2048, 2048]","[2048, 2048, 2048, 2048, 2048, 2048]","[2048, 2048, 2048, 2048, 2048, 2048, 2048, 2048]",240.0
1285,11291,87,31,2026-05-24T20:50:18.053000+00:00,30.1,35.204,36.597,159.0,195.0,True,101.901,"[2064, 2064, 2048, 2048, 2048, 2048]","[2048, 2048, 2048, 2048, 2048, 2048]","[2048, 2048, 2048, 2048, 2048, 2048, 2048, 2048]",252.0
1285,11291,3,32,2026-05-24T20:50:21.522000+00:00,29.162,36.652,34.528,222.0,193.0,True,100.342,"[2064, 2064, 2048, 2048, 2048, 2048]","[2048, 2048, 2048, 2048, 2048, 2048]","[2048, 2048, 2048, 2048, 2048, 2048, 2048, 2048]",288.0
1285,11291,81,31,2026-05-24T20:50:29.412000+00:00,29.466,36.938,34.6,175.0,191.0,False,101.004,"[None, 2048, 2048, 2048, 2048, 2048]","[2048, 2048, 2048, 2048, 2048, 2048]","[2048, 2048, 2048, 2048, 2048, 2048, 2048, 2048]",248.0
1285,11291,44,32,2026-05-24T20:50:33.319000+00:00,29.796,33.799,32.816,220.0,196.0,True,96.411,"[2064, 2064, 2048, 2048, 2048, 2048]","[2048, 2048, 2048, 2048, 2048, 2048]","[2048, 2048, 2048, 2048, 2048, 2048, 2048, 2048]",304.0
1285,11291,6,32,2026-05-24T20:50:36.537000+00:00,31.26,32.702,32.42,212.0,234.0,True,96.382,"[2064, 2064, 2048, 2048, 2048, 2048]","[2048, 2048, 2048, 2048, 2048, 2048]","[2048, 2048, 2048, 2048, 2048, 2048, 2048, 2048]",323.0
1285,11291,16,32,2026-05-24T20:50:39.381000+00:00,30.373,32.655,32.392,187.0,236.0,True,95.42,"[2064, 2064, 2048, 2048, 2048, 2048]","[2048, 2048, 2048, 2048, 2048, 2048]","[2048, 2048, 2048, 2048, 2048, 2048, 2048, 2048]",293.0
1285,11291,27,31,2026-05-24T20:50:48.710000+00:00,30.035,31.573,31.685,183.0,272.0,False,93.293,"[None, 2048, 2048, 2048, 2048, 2048]","[2048, 2048, 2048, 2048, 2048, 2048]","[2048, 2048, 2048, 2048, 2048, 2048, 2048, 2048]",298.0
1285,11291,5,31,2026-05-24T20:50:55.796000+00:00,29.301,31.547,31.778,192.0,262.0,False,92.626,"[None, 2048, 2048, 2048, 2048, 2048]","[2048, 2048, 2048, 2048, 2048, 2048]","[2048, 2048, 2048, 2048, 2048, 2048, 2048, 2048]",314.0
1285,11291,77,30,2026-05-24T20:51:00.805000+00:00,27.389,29.748,32.246,206.0,274.0,True,89.383,"[2064, 2064, 2048, 2048, 2048, 2048]","[2048, 2048, 2048, 2048, 2048, 2048]","[2048, 2048, 2048, 2048, 2048, 2048, 2048]",296.0
1285,11291,43,32,2026-05-24T20:51:18.188000+00:00,28.593,26.384,31.536,217.0,290.0,False,86.513,"[2048, 2048, 2048, 2048, 2048, 2048]","[2048, 2048, 2048, 2048, 2048, 2048]","[2048, 2048, 2048, 2048, 2048, 2048, 2048, 2048]",301.0
1285,11291,31,31,2026-05-24T20:51:27.734000+00:00,29.462,26.155,32.659,225.0,277.0,True,88.276,"[2064, 2064, 2048, 2048, 2048, 2048]","[2048, 2048, 2048, 2048, 2048, 2048]","[2048, 2048, 2048, 2048, 2048, 2048, 2048, 2048]",297.0
1285,11291,11,31,2026-05-24T20:51:33.281000+00:00,24.472,27.064,31.88,233.0,261.0,False,83.416,"[2048, 2048, 2048, 2048, 2048, 2048]","[2048, 2048, 2048, 2048, 2048, 2048]","[2048, 2048, 2048, 2048, 2048, 2048, 2048, 2048]",309.0
1285,11291,30,32,2026-05-24T20:51:34.750000+00:00,23.585,26.491,31.172,239.0,284.0,False,81.248,"[2048, 2048, 2048, 2048, 2048, 2048]","[2048, 2048, 2049, 2048, 2048, 2049]","[2048, 2048, 2048, 2049, 2048, 2048, 2048, 2049]",329.0
1285,11291,10,32,2026-05-24T20:51:38.736000+00:00,24.548,25.222,30.934,243.0,276.0,False,80.704,"[2048, 2048, 2048, 2048, 2048, 2048]","[2048, 2048, 2048, 2048, 2048, 2048]","[2048, 2048, 2048, 2048, 2048, 2048, 2048, 2048]",307.0
1285,11291,1,32,2026-05-24T20:51:44.476000+00:00,23.236,25.051,30.531,250.0,271.0,False,78.818,"[None, 2048, 2048, 2048, 2048, 2048]","[2048, 2048, 2048, 2048, 2048, 2048]","[2048, 2048, 2048, 2048, 2048, 2048, 2048, 2048]",308.0
1285,11291,18,31,2026-05-24T20:51:48.523000+00:00,23.789,26.427,32.014,228.0,268.0,False,82.23,"[None, 2048, 2048, 2048, 2048, 2048]","[2048, 2048, 2048, 2048, 2048, 2048]","[2048, 2048, 2048, 2048, 2048, 2048, 2049, 2048]",266.0
1285,11291,55,32,2026-05-24T20:51:52.538000+00:00,23.209,25.552,31.031,238.0,278.0,False,79.792,"[2048, 2048, 2048, 2048, 2048, 2048]","[2048, 2048, 2048, 2048, 2048, 2048]","[2048, 2048, 2048, 2048, 2048, 2048, 2048, 2048]",302.0
1285,11291,12,33,2026-05-24T20:51:56.601000+00:00,22.882,25.561,30.822,239.0,266.0,False,79.265,"[2048, 2048, 2048, 2048, 2048, 2048]","[2048, 2048, 2048, 2048, 2048, 2048]","[2048, 2048, 2048, 2048, 2048, 2048, 2048, 2048]",294.0
1285,11291,87,32,2026-05-24T20:52:00.091000+00:00,22.725,25.205,31.185,232.0,275.0,False,79.115,"[2048, 2048, 2048, 2048, 2048, 2048]","[2048, 2048, 2048, 2048, 2048, 2048]","[2048, 2048, 2048, 2048, 2048, 2048, 2048, 2048]",304.0
1285,11291,3,33,2026-05-24T20:52:01.935000+00:00,22.741,24.931,30.648,235.0,276.0,False,78.32,"[2048, 2048, 2048, 2048, 2048, 2048]","[2048, 2048, 2048, 2048, 2048, 2048]","[2048, 2048, 2048, 2048, 2048, 2048, 2048, 2048]",308.0
1285,11291,44,33,2026-05-24T20:52:09.841000+00:00,22.557,24.865,30.553,231.0,276.0,False,77.975,"[2048, 2048, 2048, 2048, 2048, 2048]","[2048, 2048, 2048, 2048, 2048, 2048]","[2048, 2048, 2048, 2048, 2048, 2048, 2048, 2048]",305.0
1285,11291,81,32,2026-05-24T20:52:10.450000+00:00,23.198,25.319,30.912,249.0,287.0,False,79.429,"[None, 2048, 2048, 2048, 2048, 2048]","[2048, 2048, 2048, 2048, 2048, 2048]","[2048, 2048, 2048, 2048, 2048, 2048, 2048, 2048]",304.0
1285,11291,6,33,2026-05-24T20:52:12.919000+00:00,22.687,25.151,30.856,238.0,280.0,False,78.694,"[2048, 2048, 2048, 2048, 2048, 2048]","[2048, 2048, 2048, 2048, 2048, 2048]","[2048, 2048, 2048, 2048, 2048, 2048, 2048, 2048]",308.0
1285,11291,16,33,2026-05-24T20:52:14.778000+00:00,22.431,24.782,30.406,234.0,280.0,False,77.619,"[2048, 2048, 2048, 2048, 2048, 2048]","[2048, 2048, 2048, 2048, 2048, 2048]","[2048, 2048, 2048, 2048, 2048, 2048, 2048, 2048]",314.0
1285,11291,27,32,2026-05-24T20:52:22.075000+00:00,22.721,24.853,30.814,241.0,274.0,False,78.388,"[None, 2048, 2048, 2048, 2048, 2048]","[2048, 2048, 2048, 2048, 2048, 2048]","[2048, 2048, 2048, 2048, 2048, 2048, 2049, 2048]",305.0
1285,11291,5,32,2026-05-24T20:52:28.607000+00:00,22.81,25.141,30.84,237.0,272.0,False,78.791,"[None, 2048, 2048, 2048, 2048, 2048]","[2048, 2048, 2048, 2048, 2048, 2048]","[2048, 2048, 2048, 2048, 2048, 2048, 2048, 2048]",302.0
1285,11291,77,31,2026-05-24T20:52:29.997000+00:00,23.657,25.908,31.582,228.0,267.0,False,81.147,"[2048, 2048, 2048, 2048, 2048, 2048]","[2048, 2048, 2048, 2048, 2048, 2048]","[2048, 2048, 2048, 2048, 2048, 2048, 2048, 2048]",298.0
1285,11291,43,33,2026-05-24T20:52:44.672000+00:00,22.525,24.978,31.294,243.0,278.0,False,78.797,"[None, 2048, 2048, 2048, 2048, 2048]","[2048, 2048, 2048, 2048, 2048, 2048]","[2048, 2048, 2048, 2048, 2048, 2048, 2048, 2048]",303.0
1285,11291,30,33,2026-05-24T20:52:56.069000+00:00,22.529,25.031,30.873,247.0,276.0,False,78.433,"[None, 2048, 2048, 2048, 2048, 2049]","[2048, 2048, 2048, 2048, 2048, 2048]","[2048, 2048, 2048, 2048, 2048, 2048, 2048, 2048]",305.0
1285,11291,31,32,2026-05-24T20:52:56.163000+00:00,23.513,25.109,30.883,234.0,279.0,False,79.505,"[2048, 2048, 2048, 2048, 2048, 2048]","[2048, 2048, 2049, 2048, 2048, 2048]","[2048, 2048, 2048, 2048, 2048, 2048, 2049, 2048]",304.0
1285,11291,11,32,2026-05-24T20:52:56.757000+00:00,23.131,25.328,30.789,236.0,283.0,False,79.248,"[None, 2048, 2048, 2048, 2048, 2049]","[2048, 2048, 2049, 2048, 2048, 2048]","[2048, 2048, 2049, 2049, 2048, 2048, 2049, 2049]",326.0
1285,11291,10,33,2026-05-24T20:52:59.429000+00:00,22.565,24.687,30.865,241.0,282.0,False,78.117,"[None, 2048, 2048, 2048, 2048, 2048]","[2048, 2048, 2049, 2048, 2048, 2048]","[2048, 2048, 2048, 2048, 2048, 2048, 2049, 2048]",311.0
1285,11291,1,33,2026-05-24T20:53:03.319000+00:00,21.821,24.244,30.449,238.0,278.0,False,76.514,"[None, 2048, 2049, 2048, 2048, 2048]","[2048, 2048, 2048, 2048, 2048, 2048]","[2048, 2048, 2048, 2048, 2048, 2048, 2048, 2048]",306.0
1285,11291,18,32,2026-05-24T20:53:10.846000+00:00,22.756,26.709,31.932,231.0,276.0,False,81.397,"[None, 2048, 2048, 2049, 2048, 2048]","[2048, 2048, 2048, 2048, 2048, 2049]","[2048, 2048, 2049, 2048, 2048, 2048, 2048, 2048]",310.0
1285,11291,55,33,2026-05-24T20:53:12.311000+00:00,22.386,25.105,31.109,240.0,279.0,False,78.6,"[None, 2048, 2048, 2048, 2048, 2048]","[2048, 2048, 2048, 2048, 2048, 2048]","[2048, 2049, 2048, 2048, 2048, 2048, 2048, 2048]",301.0
1285,11291,12,34,2026-05-24T20:53:15.802000+00:00,21.855,24.269,30.166,,283.0,False,76.29,"[None, 2048, 2048, 2048, 2048, 2048]","[2048, 2048, 2048, 2048, 2048, 2048]","[2048, 2048, 2048, 2048, 2048, 2048, 2048, 2048]",318.0
1285,11291,87,33,2026-05-24T20:53:19.123000+00:00,24.239,24.827,30.462,233.0,281.0,False,79.528,"[None, 2048, 2048, 2048, 2048, 2048]","[2048, 2048, 2049, 2048, 2048, 2049]","[2048, 2048, 2048, 2048, 2048, 2048, 2048, 2048]",311.0
1285,11291,3,34,2026-05-24T20:53:20.186000+00:00,22.186,24.535,30.339,238.0,276.0,False,77.06,"[None, 2048, 2048, 2048, 2048, 2048]","[2048, 2048, 2048, 2048, 2048, 2048]","[2048, 2048, 2048, 2048, 2048, 2048, 2048, 2048]",300.0
1285,11291,44,34,2026-05-24T20:53:27.795000+00:00,21.834,24.42,30.244,233.0,277.0,False,76.498,"[2049, 2048, 2048, 2048, 2048, 2048]","[2048, 2048, 2048, 2048, 2048, 2048]","[2048, 2049, 2048, 2048, 2048, 2048, 2048, 2048]",304.0
1285,11291,81,33,2026-05-24T20:53:29.935000+00:00,22.413,27.318,30.863,238.0,288.0,False,80.594,"[None, 2048, 2048, 2048, 2048, 2048]","[2048, 2048, 2048, 2048, 2048, 2048]","[2048, 2048, 2048, 2048, 2048, 2048, 2048, 2048]",310.0
1285,11291,6,34,2026-05-24T20:53:31.670000+00:00,21.957,24.673,30.72,241.0,277.0,False,77.35,"[None, 2048, 2048, 2048, 2048, 2048]","[2048, 2048, 2048, 2048, 2048, 2048]","[2048, 2048, 2048, 2048, 2048, 2048, 2048, 2048]",305.0
1285,11291,16,34,2026-05-24T20:53:32.451000+00:00,21.987,24.297,30.769,237.0,288.0,False,77.053,"[None, 2048, 2048, 2048, 2048, 2048]","[2048, 2048, 2049, 2048, 2049, 2049]","[2048, 2048, 2049, 2048, 2048, 2048, 2048, 2048]",304.0
1285,11291,27,33,2026-05-24T20:53:40.452000+00:00,22.353,24.643,30.906,238.0,274.0,False,77.902,"[None, 2048, 2048, 2048, 2048, 2048]","[2048, 2048, 2048, 2048, 2048, 2048]","[2048, 2048, 2048, 2048, 2048, 2048, 2048, 2048]",300.0
1285,11291,5,33,2026-05-24T20:53:47.306000+00:00,22.366,24.808,30.641,238.0,272.0,False,77.815,"[None, 2048, 2048, 2048, 2048, 2048]","[2048, 2048, 2048, 2048, 2048, 2048]","[2048, 2049, 2048, 2048, 2048, 2048, 2048, 2048]",300.0
1285,11291,77,32,2026-05-24T20:53:51.260000+00:00,23.12,25.59,31.257,227.0,269.0,False,79.967,"[None, 2048, 2048, 2048, 2048, 2048]","[2048, 2048, 2048, 2048, 2048, 2048]","[2048, 2048, 2048, 2048, 2048, 2048, 2048, 2048]",295.0
1285,11291,43,34,2026-05-24T20:54:03.523000+00:00,22.232,24.673,30.917,242.0,280.0,False,77.822,"[None, 2048, 2048, 2048, 2048, 2048]","[2048, 2048, 2048, 2048, 2048, 2048]","[2048, 2048, 2048, 2048, 2048, 2048, 2048, 2048]",304.0
1285,11291,30,34,2026-05-24T20:54:14.467000+00:00,22.336,24.957,30.884,240.0,275.0,False,78.177,"[None, 2048, 2048, 2048, 2048, 2048]","[2048, 2048, 2048, 2048, 2048, 2048]","[2048, 2048, 2048, 2048, 2048, 2048, 2048, 2048]",301.0
1285,11291,31,33,2026-05-24T20:54:15.560000+00:00,22.51,24.973,30.833,233.0,275.0,False,78.316,"[None, 2048, 2048, 2048, 2048, 2049]","[2048, 2048, 2048, 2048, 2048, 2048]","[2048, 2048, 2048, 2048, 2048, 2048, 2048, 2048]",314.0
1285,11291,11,33,2026-05-24T20:54:15.951000+00:00,22.569,25.365,33.319,232.0,245.0,False,81.253,"[None, 2048, 2048, 2048, 2048, 2048]","[2048, 2048, 2048, 2048, 2048, 2048]","[2048, 2048, 2049, 2048, 2048, 2048, 2048, 2048]",211.0
1285,11291,10,34,2026-05-24T20:54:17.435000+00:00,22.162,24.8,30.507,242.0,282.0,False,77.469,"[None, 2048, 2048, 2048, 2048, 2048]","[2048, 2048, 2048, 2048, 2048, 2048]","[2048, 2048, 2048, 2048, 2048, 2048, 2049, 2048]",312.0
1285,11291,1,34,2026-05-24T20:54:19.761000+00:00,21.803,24.25,30.744,,281.0,False,76.797,"[None, 2048, 2048, 2048, 2048, 2048]","[2048, 2048, 2048, 2048, 2048, 2048]","[2048, 2048, 2048, 2048, 2048, 2048, 2048, 2048]",310.0
1285,11291,55,34,2026-05-24T20:54:30.963000+00:00,22.284,25.842,30.616,203.0,280.0,False,78.742,"[None, 2048, 2048, 2048, 2048, 2048]","[2048, 2048, 2048, 2048, 2048, 2048]","[2048, 2048, 2048, 2048, 2048, 2048, 2048, 2048]",310.0
1285,11291,12,35,2026-05-24T20:54:32.029000+00:00,21.607,24.405,30.089,241.0,283.0,False,76.101,"[None, 2048, 2048, 2048, 2048, 2048]","[2048, 2048, 2048, 2048, 2048, 2048]","[2048, 2048, 2048, 2048, 2048, 2048, 2048, 2048]",308.0
1285,11291,18,33,2026-05-24T20:54:32.261000+00:00,23.407,25.669,31.389,232.0,271.0,False,80.465,"[None, 2048, 2048, 2048, 2048, 2048]","[2048, 2048, 2048, 2048, 2048, 2048]","[2048, 2048, 2048, 2048, 2048, 2048, 2049, 2048]",301.0
1285,11291,3,35,2026-05-24T20:54:37.229000+00:00,21.699,24.346,30.385,241.0,278.0,False,76.43,"[None, 2048, 2048, 2048, 2048, 2048]","[2048, 2048, 2048, 2048, 2048, 2048]","[2048, 2048, 2048, 2048, 2048, 2048, 2048, 2048]",309.0
1285,11291,87,34,2026-05-24T20:54:38.685000+00:00,22.259,24.527,30.479,235.0,278.0,False,77.265,"[None, 2048, 2048, 2048, 2048, 2049]","[2048, 2048, 2049, 2049, 2048, 2048]","[2048, 2049, 2048, 2048, 2048, 2048, 2048, 2048]",308.0
1285,11291,44,35,2026-05-24T20:54:44.353000+00:00,21.656,24.047,30.069,236.0,277.0,False,75.772,"[2048, 2048, 2048, 2048, 2048, 2049]","[2049, 2048, 2049, 2049, 2049, 2048]","[2049, 2049, 2048, 2048, 2048, 2048, 2048, 2048]",304.0
1285,11291,6,35,2026-05-24T20:54:48.965000+00:00,21.716,24.316,30.45,240.0,281.0,False,76.482,"[None, 2048, 2048, 2048, 2048, 2048]","[2048, 2048, 2048, 2048, 2048, 2048]","[2048, 2048, 2048, 2048, 2048, 2048, 2048, 2048]",301.0
1285,11291,16,35,2026-05-24T20:54:49.450000+00:00,22.018,24.109,30.124,,285.0,False,76.251,"[None, 2048, 2048, 2048, 2048, 2049]","[2048, 2048, 2048, 2048, 2049, 2048]","[2048, 2049, 2048, 2048, 2048, 2048, 2049, 2048]",320.0
1285,11291,81,34,2026-05-24T20:54:50.521000+00:00,22.207,24.547,30.559,,280.0,False,77.313,"[None, 2048, 2048, 2048, 2048, 2048]","[2048, 2048, 2048, 2048, 2048, 2048]","[2048, 2048, 2048, 2048, 2048, 2048, 2048, 2048]",306.0
1285,11291,27,34,2026-05-24T20:54:58.313000+00:00,22.007,24.425,30.6,240.0,274.0,False,77.032,"[None, 2048, 2048, 2048, 2048, 2049]","[2049, 2049, 2048, 2048, 2048, 2048]","[2048, 2048, 2048, 2048, 2048, 2049, 2049, 2048]",302.0
1285,11291,5,34,2026-05-24T20:55:05.257000+00:00,22.186,24.689,30.633,237.0,272.0,False,77.508,"[None, 2049, 2048, 2048, 2048, 2048]","[2048, 2048, 2048, 2048, 2048, 2048]","[2048, 2048, 2048, 2048, 2048, 2048, 2048, 2048]",298.0
1285,11291,77,33,2026-05-24T20:55:11.160000+00:00,22.731,25.194,31.238,230.0,270.0,False,79.163,"[None, 2048, 2048, 2048, 2048, 2049]","[2048, 2048, 2048, 2048, 2048, 2048]","[2048, 2048, 2048, 2048, 2048, 2048, 2048, 2048]",287.0
1285,11291,43,35,2026-05-24T20:55:21.292000+00:00,22.17,24.423,30.742,241.0,278.0,False,77.335,"[None, 2048, 2048, 2048, 2048, 2048]","[2048, 2048, 2048, 2048, 2048, 2048]","[2048, 2049, 2048, 2048, 2048, 2048, 2048, 2048]",300.0
1285,11291,30,35,2026-05-24T20:55:32.621000+00:00,22.05,24.666,30.654,,276.0,False,77.37,"[None, 2048, 2048, 2048, 2048, 2048]","[2048, 2048, 2048, 2049, 2048, 2048]","[2048, 2048, 2048, 2048, 2048, 2048, 2049, 2048]",298.0
1285,11291,31,34,2026-05-24T20:55:33.761000+00:00,22.504,26.577,31.135,231.0,260.0,False,80.216,"[None, 2048, 2048, 2048, 2048, 2048]","[2048, 2048, 2048, 2048, 2048, 2048]","[2048, 2048, 2048, 2048, 2048, 2048, 2048, 2048]",314.0
1285,11291,10,35,2026-05-24T20:55:35.023000+00:00,22.203,24.574,30.612,241.0,280.0,False,77.389,"[None, 2048, 2048, 2048, 2048, 2048]","[2048, 2048, 2049, 2048, 2048, 2048]","[2048, 2048, 2048, 2048, 2048, 2048, 2048, 2048]",304.0
1285,11291,1,35,2026-05-24T20:55:36.524000+00:00,21.73,24.465,30.419,237.0,280.0,False,76.614,"[None, 2049, 2048, 2048, 2048, 2048]","[2048, 2048, 2048, 2048, 2048, 2048]","[2048, 2048, 2048, 2048, 2048, 2048, 2048, 2048]",307.0
1285,11291,11,34,2026-05-24T20:55:37.320000+00:00,22.6,24.88,30.632,,276.0,False,78.112,"[None, 2048, 2048, 2048, 2048, 2048]","[2048, 2048, 2048, 2048, 2048, 2048]","[2048, 2049, 2048, 2048, 2048, 2048, 2048, 2048]",310.0
1285,11291,12,36,2026-05-24T20:55:48.173000+00:00,21.535,24.03,30.143,238.0,280.0,False,75.708,"[None, 2051, 2048, 2048, 2048, 2048]","[2048, 2048, 2048, 2048, 2051, 2048]","[2048, 2048, 2048, 2048, 2048, 2048, 2048, 2048]",300.0
1285,11291,55,35,2026-05-24T20:55:49.690000+00:00,21.951,24.493,30.724,238.0,279.0,False,77.168,"[None, 2048, 2048, 2049, 2048, 2048]","[2048, 2048, 2048, 2048, 2048, 2048]","[2048, 2048, 2048, 2048, 2048, 2048, 2048, 2048]",303.0
1285,11291,18,34,2026-05-24T20:55:52.735000+00:00,24.688,26.412,32.856,,275.0,False,83.956,"[None, 2048, 2048, 2048, 2048, 2048]","[2048, 2048, 2048, 2048, 2048, 2049]","[2048, 2048, 2048, 2048, 2048, 2048, 2048, 2048]",260.0
1285,11291,3,36,2026-05-24T20:55:53.673000+00:00,22.085,24.211,30.274,240.0,277.0,False,76.57,"[None, 2048, 2048, 2048, 2048, 2048]","[2048, 2048, 2048, 2048, 2048, 2048]","[2048, 2048, 2048, 2048, 2048, 2048, 2048, 2048]",303.0
1285,11291,87,35,2026-05-24T20:55:56.020000+00:00,22.191,24.825,30.409,,280.0,False,77.425,"[None, 2048, 2048, 2048, 2048, 2049]","[2048, 2048, 2048, 2048, 2049, 2048]","[2048, 2049, 2048, 2048, 2048, 2048, 2048, 2048]",304.0
1285,11291,44,36,2026-05-24T20:56:00.024000+00:00,21.589,23.879,30.182,,281.0,False,75.65,"[None, 2048, 2049, 2048, 2048, 2048]","[2048, 2049, 2048, 2049, 2049, 2048]","[2049, 2048, 2049, 2048, 2048, 2048, 2048, 2048]",310.0
1285,11291,6,36,2026-05-24T20:56:05.475000+00:00,21.763,24.131,30.132,242.0,278.0,False,76.026,"[None, 2048, 2049, 2049, 2048, 2048]","[2049, 2049, 2048, 2049, 2048, 2048]","[2049, 2048, 2048, 2048, 2048, 2048, 2048, 2048]",305.0
1285,11291,16,36,2026-05-24T20:56:05.705000+00:00,21.997,24.387,29.805,,280.0,False,76.189,"[None, 2048, 2051, 2048, 2048, 2048]","[2048, 2048, 2048, 2048, 2048, 2048]","[2048, 2048, 2048, 2048, 2048, 2048, 2049, 2049]",322.0
1285,11291,81,35,2026-05-24T20:56:07.903000+00:00,21.882,24.511,30.548,248.0,280.0,False,76.941,"[None, 2048, 2048, 2049, 2048, 2049]","[2048, 2048, 2048, 2048, 2048, 2048]","[2048, 2048, 2048, 2048, 2048, 2048, 2048, 2048]",303.0
1285,11291,27,35,2026-05-24T20:56:15.312000+00:00,21.972,24.431,30.648,239.0,274.0,False,77.051,"[2049, 2048, 2048, 2048, 2048, 2048]","[2048, 2049, 2048, 2048, 2049, 2048]","[2048, 2048, 2048, 2048, 2048, 2048, 2048, 2048]",303.0
1285,11291,5,35,2026-05-24T20:56:22.694000+00:00,22.033,24.475,30.601,238.0,271.0,False,77.109,"[2049, 2048, 2048, 2048, 2048, 2048]","[2049, 2049, 2048, 2048, 2049, 2048]","[2048, 2048, 2048, 2048, 2048, 2048, 2048, 2048]",298.0
1285,11291,77,34,2026-05-24T20:56:30.381000+00:00,22.651,25.218,31.371,229.0,270.0,False,79.24,"[None, 2048, 2048, 2048, 2048, 2048]","[2048, 2048, 2048, 2048, 2049, 2048]","[2048, 2048, 2048, 2048, 2048, 2048, 2048, 2048]",286.0
1285,11291,43,36,2026-05-24T20:56:38.666000+00:00,21.944,24.452,30.843,240.0,281.0,False,77.239,"[None, 2048, 2048, 2048, 2048, 2048]","[2048, 2048, 2048, 2048, 2048, 2048]","[2048, 2048, 2048, 2048, 2048, 2048, 2048, 2048]",301.0
1285,11291,30,36,2026-05-24T20:56:50.044000+00:00,21.814,24.498,30.532,241.0,275.0,False,76.844,"[None, 2049, 2049, 2048, 2048, 2048]","[2048, 2048, 2048, 2049, 2049, 2048]","[2049, 2048, 2048, 2048, 2048, 2049, 2049, 2048]",297.0
1285,11291,10,36,2026-05-24T20:56:52.322000+00:00,21.854,24.38,30.999,242.0,282.0,False,77.233,"[None, 2048, 2048, 2048, 2048, 2048]","[2048, 2048, 2048, 2048, 2048, 2048]","[2048, 2048, 2048, 2048, 2048, 2048, 2049, 2048]",306.0
1285,11291,1,36,2026-05-24T20:56:53.124000+00:00,21.762,24.114,29.969,240.0,288.0,False,75.845,"[None, 2048, 2049, 2048, 2048, 2048]","[2048, 2048, 2049, 2048, 2048, 2049]","[2048, 2048, 2048, 2049, 2048, 2048, 2048, 2048]",335.0
1285,11291,31,35,2026-05-24T20:56:54.077000+00:00,22.41,24.595,30.254,234.0,278.0,False,77.259,"[None, 2048, 2048, 2048, 2049, 2049]","[2049, 2048, 2048, 2049, 2048, 2048]","[2049, 2048, 2048, 2048, 2048, 2048, 2049, 2048]",324.0
1285,11291,11,35,2026-05-24T20:56:55.461000+00:00,22.193,24.605,30.322,233.0,280.0,False,77.12,"[2049, 2048, 2048, 2048, 2048, 2048]","[2048, 2049, 2048, 2049, 2049, 2048]","[2048, 2049, 2048, 2048, 2048, 2048, 2048, 2049]",323.0
1285,11291,12,37,2026-05-24T20:57:03.935000+00:00,21.359,23.94,30.167,240.0,281.0,False,75.466,"[None, 2048, 2048, 2048, 2048, 2048]","[2048, 2048, 2048, 2048, 2051, 2048]","[2048, 2048, 2048, 2048, 2048, 2048, 2048, 2048]",303.0
1285,11291,55,36,2026-05-24T20:57:06.803000+00:00,21.778,24.305,30.516,240.0,280.0,False,76.599,"[None, 2048, 2048, 2048, 2048, 2049]","[2048, 2048, 2048, 2048, 2049, 2048]","[2048, 2048, 2048, 2048, 2048, 2048, 2048, 2048]",303.0
1285,11291,3,37,2026-05-24T20:57:10.273000+00:00,21.523,24.074,29.938,241.0,278.0,False,75.535,"[None, 2048, 2048, 2048, 2048, 2048]","[2048, 2048, 2048, 2048, 2049, 2048]","[2048, 2048, 2048, 2048, 2048, 2049, 2051, 2048]",306.0
1285,11291,87,36,2026-05-24T20:57:13.362000+00:00,22.041,24.428,30.401,,279.0,False,76.87,"[None, 2049, 2048, 2048, 2048, 2049]","[2049, 2048, 2048, 2048, 2048, 2048]","[2048, 2048, 2048, 2048, 2048, 2048, 2048, 2048]",304.0
1285,11291,44,37,2026-05-24T20:57:15.762000+00:00,21.511,23.908,29.866,238.0,282.0,False,75.285,"[None, 2048, 2048, 2048, 2049, 2049]","[2048, 2048, 2049, 2048, 2048, 2048]","[2049, 2049, 2048, 2048, 2048, 2048, 2048, 2048]",311.0
1285,11291,18,35,2026-05-24T20:57:16.698000+00:00,23.006,25.383,31.513,,271.0,False,79.902,"[None, 2048, 2048, 2048, 2048, 2048]","[2048, 2048, 2048, 2048, 2048, 2048]","[2048, 2048, 2048, 2048, 2048, 2048, 2048, 2048]",298.0
1285,11291,6,37,2026-05-24T20:57:21.451000+00:00,21.544,24.174,29.741,240.0,283.0,False,75.459,"[None, 2048, 2049, 2048, 2048, 2048]","[2048, 2048, 2048, 2048, 2048, 2048]","[2049, 2048, 2048, 2048, 2049, 2048, 2049, 2048]",316.0
1285,11291,16,37,2026-05-24T20:57:21.887000+00:00,21.737,24.12,29.44,236.0,285.0,False,75.297,"[2049, 2048, 2048, 2048, 2048, 2048]","[2048, 2048, 2049, 2048, 2048, 2048]","[2048, 2048, 2048, 2049, 2049, 2048, 2051, 2051]",330.0
1285,11291,81,36,2026-05-24T20:57:24.834000+00:00,21.737,24.358,30.284,240.0,281.0,False,76.379,"[None, 2048, 2048, 2048, 2048, 2048]","[2048, 2048, 2048, 2048, 2048, 2048]","[2048, 2048, 2048, 2048, 2048, 2048, 2049, 2048]",307.0
1285,11291,27,36,2026-05-24T20:57:32.472000+00:00,21.85,24.501,30.487,,274.0,False,76.838,"[None, 2049, 2048, 2048, 2048, 2048]","[2048, 2049, 2048, 2048, 2048, 2048]","[2048, 2048, 2048, 2048, 2048, 2049, 2049, 2048]",305.0
1285,11291,5,36,2026-05-24T20:57:39.812000+00:00,21.99,24.432,30.441,,272.0,False,76.863,"[2048, 2049, 2048, 2048, 2048, 2049]","[2049, 2049, 2048, 2049, 2048, 2048]","[2048, 2048, 2048, 2048, 2048, 2048, 2048, 2048]",300.0
1285,11291,77,35,2026-05-24T20:57:49.538000+00:00,22.678,25.191,31.126,,269.0,False,78.995,"[None, 2048, 2048, 2048, 2048, 2048]","[2048, 2048, 2048, 2048, 2048, 2048]","[2048, 2048, 2048, 2048, 2048, 2049, 2048, 2048]",290.0
1285,11291,43,37,2026-05-24T20:57:55.846000+00:00,21.871,24.259,30.542,241.0,280.0,False,76.672,"[None, 2048, 2048, 2048, 2048, 2048]","[2048, 2049, 2049, 2048, 2049, 2048]","[2048, 2048, 2048, 2048, 2048, 2049, 2048, 2048]",304.0
1285,11291,30,37,2026-05-24T20:58:06.821000+00:00,21.817,24.491,30.666,239.0,275.0,False,76.974,"[2049, 2048, 2048, 2049, 2049, 2048]","[2048, 2048, 2048, 2049, 2048, 2048]","[2048, 2048, 2048, 2048, 2048, 2048, 2048, 2048]",299.0
1285,11291,1,37,2026-05-24T20:58:08.962000+00:00,21.619,24.21,30.532,236.0,275.0,False,76.361,"[2049, 2049, 2048, 2048, 2048, 2048]","[2048, 2048, 2048, 2048, 2048, 2048]","[2048, 2048, 2048, 2048, 2048, 2048, 2048, 2048]",300.0
1285,11291,10,37,2026-05-24T20:58:09.535000+00:00,21.962,24.589,30.371,245.0,285.0,False,76.922,"[None, 2048, 2048, 2048, 2048, 2049]","[2048, 2048, 2049, 2048, 2048, 2048]","[2048, 2048, 2048, 2048, 2049, 2048, 2048, 2048]",318.0
1285,11291,31,36,2026-05-24T20:58:11.331000+00:00,22.253,24.684,30.421,231.0,276.0,False,77.358,"[2049, 2048, 2048, 2048, 2049, 2048]","[2049, 2049, 2048, 2049, 2049, 2048]","[2049, 2048, 2048, 2048, 2049, 2049, 2048, 2048]",313.0
1285,11291,11,36,2026-05-24T20:58:12.525000+00:00,22.208,24.571,30.619,231.0,290.0,False,77.398,"[None, 2048, 2048, 2048, 2048, 2048]","[2048, 2048, 2048, 2049, 2049, 2049]","[2049, 2049, 2048, 2048, 2048, 2048, 2048, 2048]",305.0
1285,11291,12,38,2026-05-24T20:58:19.408000+00:00,21.321,23.936,29.978,241.0,282.0,False,75.235,"[None, 2051, 2048, 2048, 2048, 2051]","[2048, 2048, 2048, 2048, 2048, 2048]","[2048, 2048, 2048, 2048, 2048, 2048, 2048, 2048]",306.0
1285,11291,55,37,2026-05-24T20:58:23.525000+00:00,22.23,24.504,32.227,239.0,279.0,False,78.961,"[2049, 2048, 2051, 2048, 2048, 2048]","[2048, 2049, 2048, 2048, 2048, 2048]","[2048, 2048, 2048, 2048, 2048, 2048, 2048, 2048]",264.0
1285,11291,3,38,2026-05-24T20:58:25.833000+00:00,21.48,24.033,30.177,242.0,280.0,False,75.69,"[None, 2048, 2048, 2048, 2048, 2049]","[2048, 2048, 2048, 2049, 2048, 2048]","[2048, 2048, 2048, 2048, 2048, 2048, 2048, 2048]",306.0
1285,11291,87,37,2026-05-24T20:58:30.171000+00:00,23.362,24.512,30.209,234.0,280.0,False,78.083,"[None, 2048, 2048, 2048, 2048, 2048]","[2048, 2048, 2048, 2048, 2048, 2048]","[2051, 2048, 2048, 2048, 2048, 2048, 2048, 2048]",309.0
1285,11291,44,38,2026-05-24T20:58:30.897000+00:00,21.713,23.928,29.912,234.0,278.0,False,75.553,"[None, 2048, 2048, 2048, 2048, 2048]","[2048, 2048, 2048, 2049, 2048, 2048]","[2048, 2048, 2048, 2048, 2048, 2048, 2048, 2048]",311.0
1285,11291,18,36,2026-05-24T20:58:36.593000+00:00,23.959,25.284,31.304,233.0,273.0,False,80.547,"[None, 2048, 2048, 2048, 2048, 2048]","[2048, 2048, 2048, 2048, 2049, 2048]","[2048, 2048, 2048, 2048, 2048, 2048, 2049, 2048]",301.0
1285,11291,6,38,2026-05-24T20:58:36.963000+00:00,21.441,23.94,30.031,243.0,281.0,False,75.412,"[None, 2048, 2049, 2049, 2048, 2049]","[2049, 2049, 2048, 2049, 2049, 2048]","[2048, 2049, 2048, 2048, 2048, 2048, 2048, 2048]",310.0
1285,11291,16,38,2026-05-24T20:58:37.221000+00:00,21.804,23.911,29.649,237.0,283.0,False,75.364,"[None, 2048, 2048, 2048, 2048, 2048]","[2048, 2048, 2048, 2048, 2048, 2048]","[2048, 2048, 2048, 2049, 2048, 2048, 2048, 2048]",332.0
1285,11291,81,37,2026-05-24T20:58:41.190000+00:00,21.811,24.324,30.399,238.0,288.0,False,76.534,"[None, 2048, 2048, 2048, 2048, 2048]","[2048, 2048, 2048, 2048, 2048, 2048]","[2048, 2048, 2048, 2048, 2048, 2048, 2048, 2048]",312.0
1285,11291,27,37,2026-05-24T20:58:49.275000+00:00,21.885,24.315,30.378,,274.0,False,76.578,"[2048, 2048, 2048, 2048, 2048, 2048]","[2049, 2048, 2048, 2049, 2048, 2048]","[2048, 2048, 2048, 2048, 2048, 2048, 2048, 2048]",306.0
1285,11291,5,37,2026-05-24T20:58:56.591000+00:00,21.874,24.386,30.424,,272.0,False,76.684,"[None, 2048, 2049, 2048, 2048, 2049]","[2049, 2049, 2048, 2049, 2049, 2048]","[2049, 2048, 2048, 2048, 2048, 2048, 2048, 2048]",301.0
1285,11291,77,36,2026-05-24T20:59:08.625000+00:00,22.59,25.108,31.189,230.0,270.0,False,78.887,"[None, 2048, 2048, 2048, 2048, 2049]","[2048, 2048, 2048, 2048, 2049, 2048]","[2048, 2048, 2048, 2048, 2048, 2048, 2048, 2048]",287.0
1285,11291,43,38,2026-05-24T20:59:12.517000+00:00,21.847,24.279,30.42,242.0,281.0,False,76.546,"[None, 2048, 2048, 2048, 2048, 2049]","[2048, 2048, 2049, 2048, 2048, 2048]","[2048, 2048, 2048, 2048, 2048, 2049, 2049, 2049]",307.0
1285,11291,30,38,2026-05-24T20:59:23.841000+00:00,21.928,24.58,30.485,240.0,276.0,False,76.993,"[2048, 2048, 2048, 2048, 2048, 2048]","[2049, 2048, 2048, 2048, 2048, 2048]","[2048, 2048, 2048, 2048, 2048, 2049, 2049, 2048]",299.0
1285,11291,1,38,2026-05-24T20:59:25.346000+00:00,21.625,24.112,30.277,237.0,282.0,False,76.014,"[2048, 2048, 2049, 2049, 2048, 2048]","[2048, 2048, 2048, 2048, 2048, 2048]","[2048, 2048, 2048, 2048, 2048, 2048, 2048, 2048]",308.0
1285,11291,10,38,2026-05-24T20:59:26.548000+00:00,22.104,26.081,30.724,242.0,279.0,False,78.909,"[None, 2048, 2048, 2048, 2048, 2048]","[2048, 2048, 2048, 2048, 2048, 2048]","[2048, 2048, 2048, 2048, 2049, 2048, 2048, 2048]",303.0
1285,11291,31,37,2026-05-24T20:59:28.637000+00:00,22.233,24.797,30.562,,278.0,False,77.592,"[2048, 2049, 2048, 2048, 2049, 2048]","[2048, 2048, 2048, 2048, 2048, 2048]","[2048, 2048, 2048, 2048, 2048, 2048, 2048, 2048]",314.0
1285,11291,11,37,2026-05-24T20:59:29.913000+00:00,22.178,24.503,30.234,233.0,280.0,False,76.915,"[2048, 2048, 2048, 2048, 2049, 2048]","[2048, 2049, 2048, 2048, 2048, 2048]","[2049, 2048, 2048, 2048, 2048, 2048, 2048, 2048]",313.0
1285,11291,12,39,2026-05-24T20:59:34.564000+00:00,21.388,24.021,29.881,,284.0,False,75.29,"[None, 2049, 2048, 2048, 2048, 2048]","[2048, 2048, 2048, 2048, 2048, 2048]","[2049, 2048, 2048, 2048, 2048, 2048, 2048, 2048]",307.0
1285,11291,3,39,2026-05-24T20:59:41.521000+00:00,21.493,24.034,30.108,240.0,276.0,False,75.635,"[None, 2049, 2048, 2048, 2048, 2048]","[2048, 2049, 2048, 2048, 2048, 2048]","[2048, 2048, 2048, 2048, 2048, 2049, 2048, 2048]",300.0
1285,11291,55,38,2026-05-24T20:59:42.403000+00:00,21.921,24.239,30.357,241.0,283.0,False,76.517,"[2048, 2048, 2048, 2048, 2048, 2049]","[2048, 2048, 2048, 2048, 2048, 2049]","[2048, 2048, 2048, 2048, 2048, 2048, 2048, 2048]",311.0
1285,11291,44,39,2026-05-24T20:59:46.538000+00:00,21.359,23.857,30.17,237.0,279.0,False,75.386,"[None, 2051, 2048, 2049, 2051, 2048]","[2048, 2048, 2048, 2051, 2048, 2048]","[2048, 2049, 2048, 2048, 2048, 2048, 2048, 2048]",304.0
1285,11291,87,38,2026-05-24T20:59:48.366000+00:00,21.941,24.51,30.285,,277.0,False,76.736,"[2049, 2049, 2048, 2048, 2049, 2048]","[2048, 2048, 2049, 2049, 2048, 2048]","[2048, 2048, 2048, 2048, 2048, 2048, 2049, 2048]",304.0
1285,11291,6,39,2026-05-24T20:59:52.340000+00:00,21.74,24.178,30.594,242.0,276.0,False,76.512,"[None, 2048, 2049, 2048, 2048, 2049]","[2048, 2048, 2048, 2048, 2048, 2048]","[2048, 2048, 2048, 2048, 2048, 2048, 2049, 2049]",308.0
1285,11291,16,39,2026-05-24T20:59:52.532000+00:00,21.97,24.193,29.648,,284.0,False,75.811,"[2048, 2048, 2048, 2048, 2048, 2048]","[2048, 2048, 2048, 2048, 2048, 2048]","[2049, 2048, 2049, 2048, 2048, 2048, 2048, 2048]",316.0
1285,11291,18,37,2026-05-24T20:59:57.175000+00:00,23.416,25.276,31.274,234.0,272.0,False,79.966,"[None, 2048, 2048, 2048, 2048, 2048]","[2048, 2048, 2048, 2048, 2048, 2048]","[2048, 2048, 2048, 2048, 2048, 2048, 2049, 2048]",300.0
1285,11291,81,38,2026-05-24T20:59:57.722000+00:00,22.021,24.198,30.317,244.0,285.0,False,76.536,"[None, 2048, 2048, 2048, 2048, 2049]","[2048, 2048, 2048, 2048, 2048, 2048]","[2048, 2048, 2048, 2048, 2048, 2048, 2048, 2048]",305.0
1285,11291,27,38,2026-05-24T21:00:05.818000+00:00,21.895,24.421,30.712,238.0,275.0,False,77.028,"[None, 2049, 2049, 2048, 2048, 2048]","[2048, 2048, 2048, 2048, 2049, 2048]","[2048, 2048, 2048, 2048, 2048, 2048, 2048, 2048]",306.0
1285,11291,5,38,2026-05-24T21:00:13.375000+00:00,21.828,24.393,30.328,239.0,273.0,False,76.549,"[None, 2049, 2048, 2048, 2048, 2049]","[2049, 2048, 2048, 2049, 2048, 2048]","[2048, 2048, 2048, 2048, 2048, 2048, 2049, 2048]",299.0
1285,11291,77,37,2026-05-24T21:00:27.546000+00:00,22.663,25.849,31.149,227.0,273.0,False,79.661,"[None, 2049, 2049, 2048, 2048, 2048]","[2048, 2048, 2048, 2048, 2048, 2048]","[2048, 2048, 2048, 2048, 2048, 2048, 2048, 2048]",295.0
1285,11291,43,39,2026-05-24T21:00:29.053000+00:00,21.735,24.324,30.62,243.0,278.0,False,76.679,"[None, 2049, 2048, 2048, 2048, 2049]","[2048, 2048, 2048, 2049, 2048, 2048]","[2048, 2048, 2048, 2048, 2048, 2048, 2048, 2048]",299.0
1285,11291,30,39,2026-05-24T21:00:40.775000+00:00,21.735,24.342,31.115,239.0,276.0,False,77.192,"[2049, 2049, 2048, 2048, 2048, 2048]","[2049, 2048, 2049, 2049, 2048, 2048]","[2048, 2048, 2048, 2048, 2048, 2048, 2048, 2048]",298.0
1285,11291,1,39,2026-05-24T21:00:41.408000+00:00,21.927,25.354,,240.0,170.0,False,,"[2049, 2048, 2048, 2048, 2048, 2048]","[2048, 2048, 2049, 2048, 2048, 2048]",[2052],
1285,11291,10,39,2026-05-24T21:00:45.392000+00:00,21.931,24.254,30.65,,281.0,False,76.835,"[None, 2048, 2048, 2048, 2048, 2048]","[2048, 2049, 2048, 2048, 2048, 2048]","[2048, 2048, 2048, 2048, 2048, 2048, 2048, 2048]",303.0
1285,11291,31,38,2026-05-24T21:00:46.217000+00:00,22.261,24.541,31.331,233.0,276.0,False,78.133,"[None, 2048, 2048, 2048, 2048, 2049]","[2048, 2048, 2048, 2049, 2048, 2048]","[2048, 2048, 2048, 2048, 2048, 2048, 2048, 2048]",312.0
1285,11291,11,38,2026-05-24T21:00:46.793000+00:00,22.336,24.636,30.451,234.0,280.0,False,77.423,"[None, 2048, 2048, 2048, 2048, 2048]","[2048, 2048, 2048, 2048, 2049, 2048]","[2048, 2048, 2048, 2049, 2048, 2048, 2048, 2048]",340.0
1285,11291,12,40,2026-05-24T21:00:49.836000+00:00,21.34,24.012,30.519,242.0,286.0,False,75.871,"[None, 2048, 2048, 2048, 2048, 2049]","[2048, 2048, 2048, 2048, 2048, 2048]","[2048, 2048, 2048, 2048, 2048, 2048, 2048, 2048]",310.0
1285,11291,3,40,2026-05-24T21:00:57.125000+00:00,21.321,23.995,30.28,243.0,277.0,False,75.596,"[None, 2049, 2049, 2048, 2049, 2051]","[2049, 2048, 2048, 2048, 2049, 2048]","[2048, 2048, 2048, 2048, 2048, 2048, 2048, 2048]",300.0
1285,11291,55,39,2026-05-24T21:00:58.922000+00:00,21.746,24.362,30.656,240.0,280.0,False,76.764,"[None, 2048, 2048, 2048, 2049, 2049]","[2048, 2048, 2048, 2049, 2048, 2048]","[2048, 2048, 2048, 2048, 2048, 2048, 2048, 2048]",304.0
1285,11291,44,40,2026-05-24T21:01:02.015000+00:00,21.416,23.868,29.855,,280.0,False,75.139,"[None, 2048, 2048, 2049, 2048, 2049]","[2049, 2048, 2048, 2048, 2048, 2048]","[2048, 2048, 2048, 2048, 2048, 2049, 2048]",307.0
1285,11291,87,39,2026-05-24T21:01:05.035000+00:00,21.815,24.351,30.392,235.0,277.0,False,76.558,"[None, 2048, 2048, 2048, 2049, 2049]","[2049, 2048, 2048, 2048, 2048, 2048]","[2048, 2048, 2048, 2048, 2048, 2048, 2048, 2048]",303.0
1285,11291,16,40,2026-05-24T21:01:08.320000+00:00,21.503,23.995,30.11,238.0,278.0,False,75.608,"[None, 2049, 2048, 2048, 2048, 2049]","[2051, 2048, 2048, 2048, 2048, 2048]","[2048, 2048, 2048, 2048, 2048, 2048, 2048, 2048]",305.0
1285,11291,6,40,2026-05-24T21:01:08.888000+00:00,21.83,24.236,30.182,245.0,283.0,False,76.248,"[None, 2048, 2048, 2048, 2048, 2048]","[2048, 2048, 2049, 2048, 2048, 2049]","[2048, 2048, 2048, 2048, 2048, 2048, 2048, 2048]",319.0
1285,11291,81,39,2026-05-24T21:01:14.335000+00:00,22.023,24.28,30.247,242.0,283.0,False,76.55,"[None, 2048, 2048, 2048, 2048, 2048]","[2048, 2048, 2048, 2048, 2048, 2048]","[2049, 2048, 2048, 2048, 2048, 2048, 2048]",303.0
1285,11291,18,38,2026-05-24T21:01:17.100000+00:00,22.733,25.15,31.367,,270.0,False,79.25,"[None, 2048, 2048, 2048, 2048, 2048]","[2048, 2048, 2048, 2048, 2049, 2048]","[2048, 2048, 2048, 2048, 2048, 2048, 2048, 2048]",296.0
1285,11291,27,39,2026-05-24T21:01:22.822000+00:00,21.71,24.528,30.451,240.0,275.0,False,76.689,"[None, 2049, 2048, 2048, 2049, 2049]","[2048, 2048, 2048, 2048, 2048, 2048]","[2048, 2048, 2048, 2048, 2048, 2048, 2048, 2048]",308.0
1285,11291,5,39,2026-05-24T21:01:29.914000+00:00,21.758,24.327,30.333,240.0,273.0,False,76.418,"[None, 2049, 2049, 2048, 2049, 2049]","[2049, 2048, 2048, 2048, 2048, 2048]","[2048, 2048, 2048, 2048, 2048, 2048, 2048]",303.0
1285,11291,43,40,2026-05-24T21:01:45.744000+00:00,21.827,24.439,30.613,242.0,279.0,False,76.879,"[None, 2048, 2048, 2048, 2048, 2048]","[2048, 2048, 2048, 2048, 2048, 2048]","[2048, 2048, 2048, 2048, 2048, 2048, 2048, 2048]",303.0
1285,11291,77,38,2026-05-24T21:01:47.114000+00:00,22.647,25.136,31.146,230.0,270.0,False,78.929,"[None, 2048, 2048, 2048, 2048, 2048]","[2048, 2048, 2049, 2049, 2048, 2048]","[2048, 2048, 2048, 2048, 2048, 2048, 2048, 2048]",293.0
1285,11291,30,40,2026-05-24T21:01:57.964000+00:00,22.118,24.583,30.771,241.0,276.0,False,77.472,"[2048, 2048, 2048, 2048, 2048, 2049]","[2048, 2048, 2049, 2048, 2048, 2048]","[2048, 2048, 2048, 2048, 2048, 2049, 2048, 2048]",299.0
1285,11291,10,40,2026-05-24T21:02:02.126000+00:00,21.767,24.26,30.558,241.0,279.0,False,76.585,"[None, 2049, 2048, 2048, 2049, 2048]","[2049, 2048, 2048, 2048, 2049, 2048]","[2048, 2048, 2048, 2048, 2048, 2048, 2048, 2048]",304.0
1285,11291,11,39,2026-05-24T21:02:04.145000+00:00,22.461,26.809,31.594,231.0,273.0,False,80.864,"[None, 2048, 2048, 2048, 2048, 2048]","[2048, 2048, 2048, 2048, 2048, 2048]","[2048, 2048, 2048, 2048, 2048, 2048, 2048, 2048]",302.0
1285,11291,31,39,2026-05-24T21:02:04.356000+00:00,23.955,25.354,30.928,231.0,276.0,False,80.237,"[2049, 2048, 2048, 2048, 2048, 2048]","[2048, 2048, 2048, 2048, 2048, 2048]","[2048, 2048, 2049, 2049, 2048, 2048, 2048, 2048]",340.0
1285,11291,12,41,2026-05-24T21:02:05.792000+00:00,21.69,25.939,30.276,241.0,285.0,False,77.905,"[None, 2048, 2048, 2048, 2048, 2048]","[2048, 2048, 2048, 2048, 2048, 2048]","[2048, 2048, 2048, 2048, 2048, 2048, 2048, 2048]",301.0
1285,11291,3,41,2026-05-24T21:02:12.641000+00:00,21.429,24.151,30.038,240.0,276.0,False,75.618,"[None, 2049, 2048, 2051, 2048, 2048]","[2048, 2048, 2048, 2048, 2048, 2048]","[2048, 2048, 2048, 2048, 2048, 2048, 2048, 2048]",302.0
1285,11291,55,40,2026-05-24T21:02:15.638000+00:00,22.271,25.771,30.38,207.0,283.0,False,78.422,"[None, 2048, 2048, 2048, 2048, 2048]","[2048, 2048, 2048, 2048, 2048, 2048]","[2048, 2048, 2048, 2048, 2048, 2048, 2048, 2048]",309.0
1285,11291,44,41,2026-05-24T21:02:17.006000+00:00,21.425,24.143,29.889,238.0,279.0,False,75.457,"[2049, 2048, 2048, 2048, 2048, 2048]","[2048, 2048, 2048, 2048, 2048, 2048]","[2049, 2048, 2048, 2048, 2048, 2049, 2048, 2048]",303.0
1285,11291,87,40,2026-05-24T21:02:21.509000+00:00,22.135,24.554,30.568,232.0,277.0,False,77.257,"[2048, 2049, 2048, 2049, 2048, 2048]","[2048, 2048, 2048, 2048, 2048, 2048]","[2048, 2048, 2048, 2048, 2048, 2048, 2048, 2048]",302.0
1285,11291,16,41,2026-05-24T21:02:24.064000+00:00,21.587,24.052,29.973,237.0,283.0,False,75.612,"[None, 2048, 2048, 2048, 2048, 2048]","[2048, 2048, 2048, 2048, 2048, 2048]","[2048, 2048, 2048, 2048, 2048, 2048, 2048, 2048]",309.0
1285,11291,6,41,2026-05-24T21:02:25.176000+00:00,21.585,24.138,29.892,243.0,283.0,False,75.615,"[None, 2049, 2048, 2048, 2048, 2049]","[2048, 2048, 2048, 2048, 2048, 2048]","[2049, 2048, 2048, 2048, 2048, 2048, 2048, 2048]",315.0
1285,11291,81,40,2026-05-24T21:02:30.689000+00:00,21.899,24.409,30.419,239.0,282.0,False,76.727,"[None, 2048, 2048, 2048, 2048, 2048]","[2048, 2048, 2048, 2048, 2048, 2048]","[2048, 2048, 2048, 2048, 2048, 2048, 2048, 2048]",302.0
1285,11291,18,39,2026-05-24T21:02:36.355000+00:00,22.417,25.139,31.165,233.0,270.0,False,78.721,"[None, 2049, 2049, 2048, 2048, 2049]","[2048, 2048, 2048, 2048, 2048, 2048]","[2048, 2048, 2048, 2048, 2048, 2049, 2048, 2048]",294.0
1285,11291,27,40,2026-05-24T21:02:39.464000+00:00,21.734,24.423,30.493,241.0,277.0,False,76.65,"[None, 2048, 2051, 2048, 2048, 2048]","[2048, 2048, 2048, 2048, 2048, 2048]","[2048, 2048, 2049, 2048, 2048, 2048, 2048, 2048]",310.0
1285,11291,5,40,2026-05-24T21:02:46.195000+00:00,21.83,24.427,30.358,,273.0,False,76.615,"[None, 2048, 2048, 2048, 2048, 2048]","[2048, 2048, 2048, 2048, 2048, 2048]","[2048, 2048, 2048, 2048, 2048, 2048, 2049, 2048]",301.0
1285,11291,43,41,2026-05-24T21:03:02.591000+00:00,21.867,24.317,30.606,241.0,280.0,False,76.79,"[None, 2048, 2048, 2048, 2048, 2048]","[2049, 2048, 2048, 2049, 2048, 2048]","[2048, 2048, 2048, 2048, 2048, 2048, 2048, 2048]",299.0
1285,11291,77,39,2026-05-24T21:03:06.016000+00:00,22.469,25.191,31.115,231.0,270.0,False,78.775,"[2049, 2048, 2048, 2048, 2048, 2049]","[2048, 2048, 2048, 2048, 2049, 2048]","[2049, 2048, 2048, 2048, 2048, 2048, 2049, 2048]",287.0
1285,11291,30,41,2026-05-24T21:03:15.484000+00:00,21.787,24.565,30.657,242.0,276.0,False,77.009,"[None, 2048, 2048, 2048, 2049, 2049]","[2048, 2048, 2048, 2048, 2048, 2048]","[2048, 2048, 2048, 2048, 2048, 2048, 2048, 2048]",299.0
1285,11291,10,41,2026-05-24T21:03:18.783000+00:00,21.623,24.312,30.46,244.0,280.0,False,76.395,"[None, 2049, 2048, 2049, 2049, 2049]","[2048, 2048, 2048, 2048, 2048, 2048]","[2048, 2048, 2048, 2048, 2048, 2049, 2048, 2048]",302.0
1285,11291,12,42,2026-05-24T21:03:23.738000+00:00,21.285,23.963,29.996,240.0,281.0,False,75.244,"[None, 2049, 2048, 2048, 2048, 2048]","[2048, 2048, 2048, 2048, 2048, 2048]","[2048, 2048, 2048, 2048, 2048, 2048, 2048, 2048]",302.0
1285,11291,31,40,2026-05-24T21:03:24.626000+00:00,22.348,24.742,30.312,233.0,275.0,False,77.402,"[2048, 2048, 2048, 2048, 2049, 2049]","[2048, 2049, 2048, 2048, 2048, 2048]","[2048, 2048, 2048, 2048, 2049, 2048, 2048, 2048]",321.0
1285,11291,11,40,2026-05-24T21:03:25.045000+00:00,22.469,24.759,,233.0,279.0,False,,"[None, 2048, 2048, 2048, 2048, 2048]","[2048, 2048, 2049, 2048, 2048, 2048]","[2048, 2048, 2048, 2048]",289.0
1285,11291,3,42,2026-05-24T21:03:28.304000+00:00,21.365,24.024,30.026,243.0,280.0,False,75.415,"[None, 2048, 2049, 2051, 2048, 2048]","[2048, 2048, 2048, 2048, 2048, 2048]","[2048, 2048, 2048, 2048, 2048, 2048, 2048, 2048]",311.0
1285,11291,44,42,2026-05-24T21:03:32.523000+00:00,21.311,23.842,30.09,236.0,278.0,False,75.243,"[2048, 2048, 2049, 2048, 2048, 2048]","[2048, 2048, 2048, 2048, 2049, 2048]","[2048, 2048, 2048, 2048, 2048, 2048, 2048, 2048]",301.0
1285,11291,55,41,2026-05-24T21:03:34.223000+00:00,21.674,24.138,30.84,241.0,281.0,False,76.652,"[None, 2048, 2048, 2048, 2048, 2049]","[2048, 2049, 2048, 2049, 2048, 2048]","[2048, 2049, 2048, 2048, 2048, 2048, 2048, 2048]",302.0
1285,11291,87,41,2026-05-24T21:03:38.911000+00:00,23.415,25.211,30.331,233.0,285.0,False,78.957,"[None, 2048, 2048, 2048, 2048, 2048]","[2048, 2048, 2049, 2048, 2048, 2049]","[2048, 2048, 2048, 2048, 2048, 2048, 2049, 2048]",311.0
1285,11291,16,42,2026-05-24T21:03:39.523000+00:00,21.533,24.096,30.033,,279.0,False,75.662,"[None, 2048, 2048, 2048, 2051, 2049]","[2048, 2048, 2048, 2048, 2048, 2048]","[2048, 2048, 2048, 2048, 2048, 2049, 2048, 2048]",301.0
1285,11291,6,42,2026-05-24T21:03:40.669000+00:00,21.787,24.213,29.781,244.0,283.0,False,75.781,"[None, 2048, 2048, 2048, 2048, 2048]","[2048, 2048, 2048, 2048, 2048, 2048]","[2048, 2048, 2048, 2048, 2048, 2049, 2048, 2048]",312.0
1285,11291,81,41,2026-05-24T21:03:47.510000+00:00,21.852,24.345,30.427,238.0,284.0,False,76.624,"[None, 2048, 2048, 2048, 2048, 2048]","[2048, 2048, 2048, 2048, 2048, 2048]","[2048, 2048, 2048, 2048, 2048, 2048, 2048, 2048]",300.0
1285,11291,18,40,2026-05-24T21:03:55.095000+00:00,24.036,25.193,31.065,,271.0,False,80.294,"[None, 2048, 2048, 2048, 2048, 2048]","[2048, 2048, 2048, 2048, 2048, 2048]","[2048, 2048, 2048, 2048, 2048, 2048, 2048, 2048]",298.0
1285,11291,27,41,2026-05-24T21:03:56.109000+00:00,21.978,24.325,30.534,240.0,275.0,False,76.837,"[None, 2048, 2048, 2048, 2048, 2048]","[2048, 2048, 2048, 2048, 2049, 2048]","[2048, 2048, 2048, 2048, 2048, 2049, 2048, 2048]",301.0
1285,11291,5,41,2026-05-24T21:04:03.054000+00:00,21.824,24.506,30.297,241.0,276.0,False,76.627,"[None, 2048, 2049, 2048, 2049, 2048]","[2048, 2048, 2048, 2048, 2048, 2048]","[2048, 2048, 2048, 2048, 2048, 2048, 2048, 2048]",302.0
1285,11291,43,42,2026-05-24T21:04:19.406000+00:00,21.763,24.269,30.586,243.0,280.0,False,76.618,"[None, 2048, 2048, 2048, 2048, 2049]","[2048, 2048, 2048, 2048, 2048, 2048]","[2048, 2049, 2048, 2048, 2048, 2048, 2048, 2048]",299.0
1285,11291,77,40,2026-05-24T21:04:24.778000+00:00,22.49,25.101,31.265,,270.0,False,78.856,"[2048, 2049, 2048, 2048, 2048, 2049]","[2048, 2048, 2048, 2049, 2048, 2048]","[2048, 2048, 2048, 2048, 2048, 2048, 2048]",288.0
1285,11291,30,42,2026-05-24T21:04:32.526000+00:00,21.795,24.457,30.466,240.0,278.0,False,76.718,"[None, 2048, 2048, 2048, 2048, 2048]","[2048, 2048, 2048, 2048, 2048, 2048]","[2048, 2048, 2048, 2048, 2048, 2049, 2048, 2048]",302.0
1285,11291,10,42,2026-05-24T21:04:35.192000+00:00,21.68,24.132,30.433,243.0,281.0,False,76.245,"[None, 2048, 2048, 2048, 2049, 2049]","[2048, 2048, 2048, 2049, 2049, 2048]","[2048, 2048, 2048, 2048, 2048, 2048, 2048, 2048]",305.0
1285,11291,12,43,2026-05-24T21:04:38.993000+00:00,21.128,23.801,29.885,241.0,282.0,False,74.814,"[None, 2049, 2048, 2049, 2049, 2049]","[2048, 2048, 2048, 2048, 2048, 2048]","[2048, 2048, 2048, 2048, 2048, 2048, 2049, 2048]",306.0
1285,11291,31,41,2026-05-24T21:04:42.010000+00:00,22.183,25.682,30.718,232.0,277.0,False,78.583,"[None, 2048, 2049, 2048, 2048, 2048]","[2048, 2048, 2048, 2048, 2048, 2048]","[2048, 2049, 2048, 2048, 2048, 2048, 2048, 2048]",314.0
1285,11291,3,43,2026-05-24T21:04:43.838000+00:00,21.478,23.983,29.926,244.0,279.0,False,75.387,"[None, 2048, 2048, 2048, 2048, 2048]","[2048, 2048, 2049, 2048, 2048, 2048]","[2048, 2048, 2048, 2048, 2048, 2049, 2048, 2048]",304.0
1285,11291,44,43,2026-05-24T21:04:47.839000+00:00,21.647,23.811,29.827,,279.0,False,75.285,"[None, 2048, 2048, 2048, 2048, 2048]","[2048, 2048, 2048, 2048, 2049, 2048]","[2048, 2048, 2048, 2048, 2048, 2049, 2048, 2048]",305.0
1285,11291,55,42,2026-05-24T21:04:50.815000+00:00,21.698,24.703,30.431,,280.0,False,76.832,"[None, 2048, 2048, 2049, 2048, 2049]","[2048, 2048, 2048, 2048, 2048, 2048]","[2048, 2048, 2048, 2048, 2048, 2048, 2048, 2048]",301.0
1285,11291,16,43,2026-05-24T21:04:55.299000+00:00,21.57,23.911,30.039,236.0,279.0,False,75.52,"[None, 2048, 2048, 2049, 2048, 2048]","[2048, 2048, 2048, 2049, 2048, 2048]","[2048, 2048, 2048, 2048, 2048, 2048, 2048, 2048]",303.0
1285,11291,6,43,2026-05-24T21:04:56.471000+00:00,21.556,23.98,29.927,243.0,281.0,False,75.463,"[None, 2048, 2048, 2048, 2048, 2048]","[2048, 2048, 2048, 2049, 2048, 2048]","[2048, 2048, 2048, 2048, 2048, 2048, 2048, 2048]",314.0
1285,11291,87,42,2026-05-24T21:04:57.893000+00:00,22.077,24.256,30.344,235.0,280.0,False,76.677,"[None, 2048, 2048, 2048, 2048, 2049]","[2048, 2049, 2049, 2048, 2049, 2048]","[2048, 2048, 2048, 2048, 2048, 2048, 2048, 2048]",306.0
1285,11291,81,42,2026-05-24T21:05:04.141000+00:00,21.711,24.106,30.193,,283.0,False,76.01,"[None, 2048, 2049, 2048, 2048, 2048]","[2049, 2048, 2048, 2048, 2048, 2048]","[2049, 2048, 2048, 2048, 2048, 2048, 2048, 2048]",303.0
1285,11291,27,42,2026-05-24T21:05:13.006000+00:00,21.99,24.437,30.371,,275.0,False,76.798,"[None, 2048, 2048, 2048, 2048, 2048]","[2048, 2048, 2048, 2048, 2048, 2048]","[2048, 2049, 2048, 2048, 2048, 2049, 2049, 2048]",301.0
1285,11291,18,41,2026-05-24T21:05:15.340000+00:00,22.559,25.137,31.23,,270.0,False,78.926,"[2049, 2048, 2048, 2048, 2048, 2048]","[2048, 2048, 2048, 2048, 2048, 2048]","[2048, 2048, 2048, 2048, 2048, 2048, 2048, 2048]",294.0
1285,11291,5,42,2026-05-24T21:05:19.606000+00:00,21.897,24.269,30.236,240.0,275.0,False,76.402,"[None, 2048, 2049, 2048, 2048, 2048]","[2048, 2048, 2048, 2049, 2048, 2048]","[2048, 2048, 2048, 2048, 2048, 2048, 2049, 2048]",305.0
1285,11291,43,43,2026-05-24T21:05:36.066000+00:00,21.829,24.289,30.808,242.0,281.0,False,76.926,"[None, 2048, 2048, 2048, 2048, 2048]","[2048, 2048, 2048, 2048, 2049, 2048]","[2048, 2048, 2048, 2048, 2048, 2048, 2048, 2048]",300.0
1285,11291,77,41,2026-05-24T21:05:43.609000+00:00,22.644,25.252,31.163,229.0,270.0,False,79.059,"[None, 2048, 2048, 2048, 2049, 2048]","[2048, 2048, 2048, 2048, 2048, 2048]","[2048, 2048, 2048, 2048, 2048, 2049, 2049, 2048]",285.0
1285,11291,30,43,2026-05-24T21:05:49.157000+00:00,21.711,24.408,30.479,241.0,276.0,False,76.598,"[None, 2048, 2049, 2048, 2049, 2048]","[2048, 2048, 2048, 2048, 2049, 2048]","[2048, 2048, 2048, 2048, 2048, 2049, 2049, 2048]",299.0
1285,11291,10,43,2026-05-24T21:05:51.505000+00:00,21.763,24.209,30.247,241.0,285.0,False,76.219,"[None, 2048, 2048, 2048, 2048, 2048]","[2048, 2048, 2048, 2048, 2048, 2048]","[2049, 2048, 2048, 2048, 2048, 2048, 2048, 2048]",307.0
1285,11291,12,44,2026-05-24T21:05:53.815000+00:00,21.308,23.88,29.991,,286.0,False,75.179,"[None, 2048, 2048, 2048, 2048, 2048]","[2048, 2048, 2048, 2048, 2048, 2048]","[2048, 2048, 2048, 2048, 2048, 2048, 2048, 2048]",309.0
1285,11291,3,44,2026-05-24T21:05:59.118000+00:00,21.302,24.059,30.144,241.0,276.0,False,75.505,"[None, 2049, 2048, 2048, 2048, 2048]","[2048, 2048, 2048, 2048, 2048, 2048]","[2048, 2048, 2048, 2048, 2048, 2049, 2048, 2048]",296.0
1285,11291,31,42,2026-05-24T21:06:00.665000+00:00,22.206,25.041,31.306,,223.0,False,78.553,"[None, 2049, 2048, 2048, 2049, 2048]","[2048, 2049, 2048, 2048, 2048, 2048]","[2048, 2048, 2048, 2048, 2048, 2048, 2048, 2048]",316.0
1285,11291,44,44,2026-05-24T21:06:03.227000+00:00,21.362,23.795,30.051,237.0,283.0,False,75.208,"[None, 2048, 2048, 2049, 2048, 2048]","[2048, 2048, 2049, 2048, 2048, 2048]","[2049, 2048, 2048, 2048, 2048, 2048, 2048, 2048]",301.0
1285,11291,55,43,2026-05-24T21:06:07.665000+00:00,21.632,24.217,30.554,,280.0,False,76.403,"[None, 2048, 2048, 2048, 2049, 2049]","[2048, 2048, 2048, 2048, 2048, 2048]","[2048, 2048, 2048, 2048, 2048, 2048, 2048, 2048]",299.0
1285,11291,16,44,2026-05-24T21:06:10.805000+00:00,21.499,23.875,29.995,238.0,280.0,False,75.369,"[None, 2048, 2048, 2048, 2048, 2048]","[2048, 2048, 2048, 2048, 2048, 2048]","[2048, 2048, 2048, 2048, 2048, 2049, 2048, 2048]",304.0
1285,11291,6,44,2026-05-24T21:06:11.962000+00:00,21.544,24.143,30.062,,281.0,False,75.749,"[None, 2048, 2048, 2048, 2048, 2048]","[2048, 2048, 2048, 2048, 2048, 2048]","[2048, 2048, 2048, 2048, 2048, 2048, 2048, 2048]",311.0
1285,11291,87,43,2026-05-24T21:06:14.510000+00:00,21.989,24.253,30.239,,279.0,False,76.481,"[None, 2048, 2048, 2048, 2048, 2049]","[2049, 2048, 2048, 2048, 2048, 2048]","[2048, 2048, 2048, 2048, 2048, 2048, 2048, 2048]",303.0
1285,11291,81,43,2026-05-24T21:06:20.194000+00:00,21.579,24.057,30.307,240.0,283.0,False,75.943,"[None, 2049, 2048, 2048, 2048, 2048]","[2048, 2048, 2048, 2049, 2048, 2048]","[2048, 2049, 2048, 2048, 2048, 2048, 2048, 2048]",300.0
1285,11291,27,43,2026-05-24T21:06:29.860000+00:00,21.845,24.376,30.63,,274.0,False,76.851,"[None, 2048, 2048, 2048, 2048, 2048]","[2048, 2049, 2048, 2048, 2049, 2048]","[2048, 2048, 2048, 2048, 2048, 2048, 2048, 2048]",299.0
1285,11291,18,42,2026-05-24T21:06:34.293000+00:00,24.007,26.36,31.361,231.0,272.0,False,81.728,"[2048, 0, 0, 2048, 2048, 2048]","[2048, 2048, 2048, 2048, 2048, 2048]","[2048, 2048, 2048, 2048, 2048, 2048, 2048, 2048]",297.0
1285,11291,5,43,2026-05-24T21:06:35.930000+00:00,22.522,25.073,30.549,233.0,274.0,False,78.144,"[None, 2048, 2048, 2048, 2048, 2048]","[2048, 2048, 2049, 2048, 2049, 2048]","[2048, 2048, 2048, 2048, 2048, 2048, 2048, 2048]",297.0
1285,11291,43,44,2026-05-24T21:06:52.965000+00:00,21.603,24.022,30.624,,280.0,False,76.249,"[None, 2049, 2049, 2048, 2049, 2048]","[2049, 2048, 2049, 2049, 2049, 2048]","[2048, 2048, 2048, 2048, 2048, 2049, 2048, 2048]",299.0
1285,11291,77,42,2026-05-24T21:07:02.978000+00:00,22.599,25.329,31.484,230.0,268.0,False,79.412,"[None, 2048, 2048, 2048, 2048, 2048]","[2048, 2048, 2048, 2048, 2048, 2048]","[2048, 2048, 2048, 2048, 2048, 2048, 2048, 2048]",284.0
1285,11291,30,44,2026-05-24T21:07:05.696000+00:00,21.708,24.5,30.478,,279.0,False,76.686,"[2049, 2048, 2048, 2049, 2048, 2048]","[2048, 2048, 2048, 2048, 2048, 2048]","[2048, 2048, 2048, 2048, 2048, 2048, 2048, 2048]",305.0
1285,11291,10,44,2026-05-24T21:07:07.696000+00:00,21.867,25.493,30.499,242.0,293.0,False,77.859,"[None, 2048, 2048, 2048, 2048, 2048]","[2048, 2048, 2048, 2048, 2048, 2051]","[2048, 2048, 2048, 2048, 2048, 2048, 2049, 2048]",311.0
1285,11291,12,45,2026-05-24T21:07:08.840000+00:00,21.378,23.961,29.937,,283.0,False,75.276,"[None, 2048, 2049, 2048, 2048, 2048]","[2048, 2048, 2048, 2048, 2051, 2048]","[2048, 2048, 2048, 2048, 2048, 2048, 2049, 2048]",306.0
1285,11291,3,45,2026-05-24T21:07:14.599000+00:00,21.283,24.021,29.918,244.0,276.0,False,75.222,"[None, 2048, 2048, 2048, 2049, 2051]","[2049, 2048, 2048, 2048, 2048, 2048]","[2049, 2048, 2048, 2048, 2048, 2048, 2048, 2048]",298.0
1285,11291,44,45,2026-05-24T21:07:18.224000+00:00,21.283,23.722,29.955,,277.0,False,74.96,"[None, 2051, 2048, 2048, 2051, 2049]","[2049, 2049, 2048, 2051, 2048, 2048]","[2048, 2048, 2048, 2048, 2048, 2049, 2048, 2048]",301.0
1285,11291,31,43,2026-05-24T21:07:19.209000+00:00,22.046,24.437,30.192,234.0,275.0,False,76.675,"[None, 2048, 2049, 2048, 2049, 2049]","[2049, 2049, 2048, 2049, 2048, 2048]","[2048, 2048, 2048, 2048, 2049, 2049, 2048, 2048]",327.0
1285,11291,55,44,2026-05-24T21:07:24.042000+00:00,21.541,24.318,32.642,,281.0,False,78.501,"[None, 2048, 2048, 2051, 2048, 2048]","[2048, 2048, 2048, 2049, 2048, 2048]","[2048, 2048, 2048, 2048, 2048, 2048, 2048, 2048]",237.0
1285,11291,16,45,2026-05-24T21:07:26.052000+00:00,21.35,23.808,30.222,,282.0,False,75.38,"[None, 2049, 2048, 2048, 2048, 2049]","[2048, 2049, 2048, 2048, 2048, 2048]","[2048, 2048, 2048, 2048, 2048, 2048, 2048, 2048]",307.0
1285,11291,6,45,2026-05-24T21:07:27.688000+00:00,21.388,24.007,29.966,,283.0,False,75.361,"[None, 2049, 2048, 2048, 2049, 2049]","[2048, 2048, 2048, 2048, 2048, 2048]","[2048, 2048, 2048, 2048, 2048, 2048, 2049, 2049]",310.0
1285,11291,87,44,2026-05-24T21:07:30.965000+00:00,21.931,24.27,30.289,234.0,278.0,False,76.49,"[None, 2048, 2048, 2048, 2048, 2048]","[2049, 2048, 2048, 2048, 2048, 2048]","[2048, 2048, 2048, 2048, 2048, 2048, 2049, 2048]",302.0
1285,11291,81,44,2026-05-24T21:07:36.105000+00:00,21.687,24.176,32.743,,277.0,False,78.606,"[None, 2049, 2048, 2048, 2048, 2048]","[2048, 2048, 2048, 2048, 2048, 2048]","[2048, 2049, 2048, 2048, 2048, 2048, 2048, 2048]",302.0
1285,11291,27,44,2026-05-24T21:07:46.666000+00:00,21.737,24.25,36.038,,274.0,False,82.025,"[None, 2048, 2048, 2048, 2049, 2049]","[2048, 2049, 2048, 2049, 2048, 2048]","[2048, 2049, 2048, 2048, 2048, 2048, 2048, 2048]",238.0
1285,11291,5,44,2026-05-24T21:07:54.090000+00:00,21.867,24.372,39.515,239.0,271.0,False,85.754,"[None, 2048, 2048, 2049, 2048, 2048]","[2048, 2048, 2048, 2048, 2049, 2048]","[2048, 2048, 2048, 2048, 2048, 2048, 2048, 2048]",173.0
1285,11291,18,43,2026-05-24T21:07:55.997000+00:00,22.681,25.006,43.284,234.0,271.0,False,90.971,"[None, 2048, 2048, 2048, 2048, 2049]","[2048, 2048, 2048, 2049, 2049, 2048]","[2048, 2048, 2048, 2048, 2048, 2048, 2048, 2048]",245.0
1285,11291,43,45,2026-05-24T21:08:09.178000+00:00,21.517,27.498,41.308,244.0,176.0,False,90.323,"[None, 2049, 2048, 2049, 2049, 2051]","[2049, 2049, 2048, 2048, 2048, 2048]","[2048, 2048, 2048, 2048, 2048, 2048, 2048, 2048]",192.0
1285,11291,77,43,2026-05-24T21:08:22.230000+00:00,27.717,33.984,37.841,227.0,224.0,False,99.542,"[None, 2048, 2048, 2048, 2048, 2048]","[2048, 2048, 2048, 2048, 2048, 2048]","[2048, 2048, 2048, 2048, 2048, 2048, 2048, 2048]",280.0
1285,11291,30,45,2026-05-24T21:08:22.511000+00:00,21.634,31.724,40.202,242.0,221.0,False,93.56,"[2048, 2048, 2049, 2048, 2048, 2049]","[2049, 2048, 2048, 2048, 2048, 2048]","[2048, 2048, 2048, 2048, 2048, 2048, 2048, 2049]",276.0
1285,11291,12,46,2026-05-24T21:08:24.136000+00:00,21.219,32.216,39.95,,211.0,False,93.385,"[None, 2048, 2049, 2048, 2048, 2048]","[2048, 2048, 2048, 2048, 2048, 2048]","[2048, 2048, 2048, 2048, 2048, 2048, 2048, 2048]",261.0
1285,11291,10,45,2026-05-24T21:08:25.627000+00:00,22.172,33.697,37.611,241.0,260.0,False,93.48,"[None, 2048, 2049, 2048, 2048, 2048]","[2048, 2048, 2048, 2048, 2048, 2048]","[2048, 2048, 2048, 2048, 2048, 2048, 2048, 2049]",249.0
1285,11291,3,46,2026-05-24T21:08:29.796000+00:00,21.399,33.692,37.253,197.0,229.0,False,92.344,"[None, 2049, 2048, 2048, 2048, 2048]","[2048, 2048, 2048, 2048, 2048, 2048]","[2048, 2048, 2048, 2048, 2048, 2048, 2048, 2049]",298.0
1285,11291,44,46,2026-05-24T21:08:33.234000+00:00,25.939,30.828,35.401,123.0,182.0,False,92.168,"[None, 2051, 2048, 2048, 2048, 2048]","[2048, 2048, 2048, 2048, 2048, 2048]","[2048, 2048, 2048, 2048, 2048, 2048, 2048, 2048]",300.0
1285,11291,31,44,2026-05-24T21:08:35.916000+00:00,27.674,30.663,34.866,126.0,194.0,False,93.203,"[None, 2049, 2048, 2048, 2048, 2048]","[2048, 2048, 2048, 2048, 2048, 2048]","[2048, 2048, 2048, 2048, 2048, 2048, 2048, 2048]",303.0
1285,11291,16,46,2026-05-24T21:08:41.516000+00:00,28.262,31.124,32.409,240.0,178.0,False,91.795,"[None, 2048, 2048, 2048, 2048, 2048]","[2048, 2048, 2048, 2048, 2048, 2048]","[2048, 2048, 2048, 2048, 2048, 2048, 2048, 2048]",303.0
1285,11291,55,45,2026-05-24T21:08:42.551000+00:00,32.618,28.986,33.297,201.0,243.0,False,94.901,"[None, 2048, 2048, 2048, 2048, 2048]","[2048, 2048, 2048, 2048, 2048, 2048]","[2048, 2048, 2048, 2048, 2048, 2048, 2049, 2049]",270.0
1285,11291,6,46,2026-05-24T21:08:43.122000+00:00,30.424,29.529,31.147,199.0,234.0,False,91.1,"[None, 2048, 2048, 2048, 2048, 2048]","[2048, 2048, 2048, 2048, 2048, 2048]","[2048, 2048, 2048, 2048, 2048, 2048, 2048, 2048]",326.0
1285,11291,87,45,2026-05-24T21:08:47.544000+00:00,30.698,30.527,30.749,210.0,259.0,False,91.974,"[None, 2048, 2048, 2048, 2048, 2048]","[2048, 2048, 2048, 2048, 2048, 2048]","[2048, 2048, 2048, 2048, 2048, 2048, 2048, 2048]",305.0
1285,11291,81,45,2026-05-24T21:08:54.758000+00:00,31.521,28.458,31.348,181.0,292.0,False,91.327,"[None, 2048, 2048, 2048, 2048, 2048]","[2048, 2048, 2048, 2048, 2048, 2048]","[2048, 2048, 2048, 2048, 2048, 2048, 2048, 2048]",303.0
1285,11291,27,45,2026-05-24T21:09:08.751000+00:00,28.9,27.572,30.777,168.0,277.0,False,87.249,"[None, 2048, 2048, 2048, 2048, 2048]","[2048, 2048, 2048, 2048, 2048, 2048]","[2048, 2048, 2048, 2048, 2048, 2048, 2048, 2048]",301.0
1285,11291,5,45,2026-05-24T21:09:19.826000+00:00,28.572,25.179,30.506,217.0,275.0,False,84.257,"[None, 2048, 2048, 2048, 2048, 2048]","[2048, 2048, 2048, 2048, 2048, 2048]","[2048, 2049, 2048, 2048, 2048, 2048, 2048, 2048]",301.0
1285,11291,18,44,2026-05-24T21:09:27.010000+00:00,25.513,25.718,31.614,231.0,270.0,False,82.845,"[None, 2048, 2048, 2048, 2048, 2048]","[2048, 2048, 2049, 2048, 2048, 2048]","[2048, 2048, 2048, 2048, 2048, 2048, 2048, 2048]",293.0
1285,11291,43,46,2026-05-24T21:09:39.557000+00:00,24.339,24.646,30.612,245.0,282.0,False,79.597,"[None, 2048, 2048, 2048, 2048, 2048]","[2048, 2048, 2049, 2048, 2048, 2048]","[2048, 2048, 2048, 2048, 2048, 2048, 2048, 2048]",306.0
1285,11291,30,46,2026-05-24T21:09:56.072000+00:00,21.782,24.382,32.175,244.0,279.0,False,78.339,"[None, 2048, 2048, 2048, 2048, 2048]","[2048, 2048, 2049, 2048, 2048, 2048]","[2048, 2048, 2048, 2048, 2048, 2048, 2048, 2048]",237.0
1285,11291,12,47,2026-05-24T21:09:57.619000+00:00,21.84,23.88,30.157,240.0,282.0,False,75.877,"[None, 2048, 2048, 2048, 2048, 2048]","[2048, 2049, 2048, 2048, 2048, 2048]","[2048, 2048, 2048, 2048, 2048, 2048, 2048, 2048]",301.0
1285,11291,10,46,2026-05-24T21:09:59.088000+00:00,21.934,24.36,30.594,242.0,283.0,False,76.888,"[2051, 2048, 2048, 2048, 2048, 2048]","[2048, 2048, 2048, 2048, 2049, 2048]","[2048, 2048, 2048, 2048, 2048, 2048, 2048, 2048]",306.0
1285,11291,77,44,2026-05-24T21:10:01.757000+00:00,23.959,26.361,31.795,231.0,278.0,False,82.115,"[None, 2048, 2048, 2048, 2048, 2048]","[2048, 2048, 2048, 2048, 2048, 2048]","[2048, 2048, 2048, 2048, 2048, 2048, 2048, 2048]",294.0
1285,11291,3,47,2026-05-24T21:10:02.254000+00:00,21.378,24.091,30.007,242.0,278.0,False,75.476,"[None, 2048, 2048, 2048, 2048, 2048]","[2048, 2048, 2048, 2048, 2048, 2048]","[2048, 2048, 2048, 2048, 2048, 2048, 2049, 2048]",299.0
1285,11291,44,47,2026-05-24T21:10:05.557000+00:00,21.582,23.812,30.017,239.0,280.0,False,75.411,"[None, 2048, 2048, 2048, 2048, 2048]","[2048, 2048, 2048, 2048, 2049, 2048]","[2048, 2049, 2048, 2048, 2048, 2048, 2048, 2048]",301.0
1285,11291,31,45,2026-05-24T21:10:09.088000+00:00,22.21,24.868,30.675,232.0,274.0,False,77.753,"[None, 2048, 2048, 2048, 2048, 2048]","[2048, 2048, 2048, 2048, 2048, 2048]","[2048, 2048, 2048, 2048, 2048, 2048, 2048, 2048]",309.0
1285,11291,16,47,2026-05-24T21:10:13.291000+00:00,21.424,23.966,29.97,238.0,280.0,False,75.36,"[None, 2048, 2048, 2049, 2048, 2048]","[2048, 2048, 2048, 2048, 2048, 2048]","[2048, 2048, 2048, 2048, 2048, 2048, 2048, 2048]",305.0
1285,11291,6,47,2026-05-24T21:10:14.182000+00:00,21.605,25.005,30.278,243.0,279.0,False,76.888,"[2049, 2048, 2049, 2048, 2048, 2049]","[2048, 2048, 2048, 2048, 2048, 2048]","[2048, 2048, 2048, 2048, 2048, 2048, 2048, 2048]",303.0
1285,11291,55,46,2026-05-24T21:10:17.447000+00:00,21.528,24.304,30.635,245.0,284.0,False,76.467,"[2049, 2048, 2048, 2048, 2048, 2049]","[2048, 2048, 2048, 2048, 2048, 2049]","[2048, 2048, 2048, 2048, 2048, 2048, 2048, 2048]",306.0
1285,11291,87,46,2026-05-24T21:10:19.495000+00:00,22.105,24.399,30.348,236.0,276.0,False,76.852,"[None, 2048, 2048, 2048, 2048, 2048]","[2048, 2048, 2048, 2048, 2048, 2048]","[2048, 2048, 2048, 2048, 2048, 2048, 2048, 2048]",306.0
1285,11291,81,46,2026-05-24T21:10:26.124000+00:00,22.057,24.423,30.709,244.0,287.0,False,77.189,"[None, 2048, 2048, 2048, 2048, 2048]","[2048, 2048, 2048, 2048, 2048, 2048]","[2048, 2048, 2048, 2048, 2048, 2048, 2048, 2048]",298.0
1285,11291,27,46,2026-05-24T21:10:36.004000+00:00,21.912,24.396,30.761,241.0,275.0,False,77.069,"[None, 2048, 2048, 2048, 2048, 2048]","[2048, 2048, 2048, 2048, 2048, 2048]","[2048, 2048, 2048, 2048, 2048, 2048, 2048, 2048]",302.0
1285,11291,5,46,2026-05-24T21:10:44.098000+00:00,21.814,24.518,30.331,241.0,273.0,False,76.663,"[None, 2048, 2048, 2048, 2048, 2049]","[2048, 2048, 2048, 2048, 2048, 2048]","[2048, 2048, 2048, 2048, 2048, 2048, 2048, 2048]",299.0
1285,11291,18,45,2026-05-24T21:10:49.957000+00:00,22.622,26.417,31.873,233.0,270.0,False,80.912,"[None, 2048, 2049, 2048, 2048, 2048]","[2048, 2048, 2048, 2048, 2048, 2048]","[2048, 2048, 2048, 2048, 2048, 2048, 2048, 2048]",289.0
1285,11291,43,47,2026-05-24T21:10:59.176000+00:00,21.699,24.169,30.753,243.0,281.0,False,76.621,"[None, 2048, 2048, 2048, 2048, 2048]","[2048, 2048, 2048, 2048, 2048, 2048]","[2048, 2049, 2048, 2048, 2048, 2048, 2048, 2048]",301.0
1285,11291,12,48,2026-05-24T21:11:13.488000+00:00,21.109,23.688,30.222,241.0,280.0,False,75.019,"[None, 2049, 2048, 2049, 2051, 2051]","[2048, 2051, 2048, 2048, 2048, 2048]","[2048, 2048, 2048, 2048, 2048, 2048, 2048, 2048]",299.0
1285,11291,30,47,2026-05-24T21:11:14.426000+00:00,22.022,24.335,30.528,242.0,281.0,False,76.885,"[None, 2048, 2048, 2048, 2048, 2048]","[2048, 2049, 2049, 2048, 2048, 2049]","[2048, 2049, 2049, 2048, 2048, 2048, 2048, 2048]",306.0
1285,11291,10,47,2026-05-24T21:11:15.988000+00:00,21.807,24.167,32.392,,286.0,False,78.366,"[2048, 2048, 2048, 2048, 2048, 2048]","[2048, 2048, 2048, 2048, 2048, 2048]","[2048, 2048, 2048, 2048, 2048, 2048, 2048, 2048]",218.0
1285,11291,3,48,2026-05-24T21:11:17.707000+00:00,21.447,23.906,30.099,,281.0,False,75.452,"[None, 2048, 2048, 2048, 2048, 2048]","[2048, 2048, 2048, 2048, 2048, 2049]","[2048, 2049, 2048, 2048, 2048, 2048, 2048, 2048]",302.0
1285,11291,44,48,2026-05-24T21:11:20.879000+00:00,21.364,23.654,29.896,236.0,280.0,False,74.914,"[None, 2051, 2048, 2048, 2048, 2048]","[2048, 2049, 2048, 2048, 2048, 2048]","[2048, 2048, 2048, 2048, 2048, 2048, 2048, 2048]",303.0
1285,11291,77,45,2026-05-24T21:11:23.910000+00:00,22.826,25.221,31.057,229.0,274.0,False,79.104,"[None, 2048, 2048, 2048, 2048, 2048]","[2048, 2048, 2049, 2048, 2048, 2048]","[2048, 2048, 2048, 2048, 2048, 2048, 2048, 2048]",292.0
1285,11291,31,46,2026-05-24T21:11:26.785000+00:00,22.28,25.938,30.636,231.0,277.0,False,78.854,"[None, 2048, 2048, 2048, 2048, 2048]","[2048, 2048, 2048, 2048, 2048, 2048]","[2048, 2048, 2048, 2048, 2048, 2048, 2048, 2048]",315.0
1285,11291,16,48,2026-05-24T21:11:28.629000+00:00,21.452,24.042,30.109,237.0,280.0,False,75.603,"[None, 2048, 2048, 2048, 2048, 2048]","[2048, 2048, 2048, 2048, 2048, 2048]","[2048, 2048, 2048, 2048, 2048, 2048, 2048, 2048]",304.0
1285,11291,6,48,2026-05-24T21:11:31.129000+00:00,21.604,24.178,29.793,242.0,280.0,False,75.575,"[2048, 2048, 2048, 2048, 2048, 2048]","[2048, 2048, 2048, 2048, 2048, 2048]","[2048, 2048, 2048, 2048, 2048, 2048, 2048, 2048]",314.0
1285,11291,55,47,2026-05-24T21:11:33.832000+00:00,21.835,24.402,30.747,240.0,281.0,False,76.984,"[2048, 2048, 2048, 2048, 2048, 2048]","[2048, 2048, 2048, 2048, 2048, 2048]","[2048, 2048, 2048, 2048, 2048, 2048, 2048, 2048]",305.0
1285,11291,87,47,2026-05-24T21:11:36.207000+00:00,21.942,24.407,30.346,234.0,278.0,False,76.695,"[None, 2048, 2049, 2048, 2048, 2048]","[2048, 2048, 2048, 2048, 2048, 2048]","[2048, 2048, 2048, 2048, 2048, 2048, 2048, 2048]",305.0
1285,11291,81,47,2026-05-24T21:11:43.254000+00:00,21.716,24.109,30.603,240.0,283.0,False,76.428,"[None, 2048, 2048, 2048, 2048, 2048]","[2048, 2048, 2048, 2048, 2048, 2048]","[2048, 2048, 2048, 2048, 2048, 2048, 2048, 2048]",301.0
1285,11291,27,47,2026-05-24T21:11:53.082000+00:00,21.977,24.475,30.649,239.0,274.0,False,77.101,"[None, 2048, 2048, 2048, 2048, 2048]","[2048, 2048, 2048, 2048, 2048, 2048]","[2048, 2048, 2048, 2048, 2048, 2048, 2048, 2048]",301.0
1285,11291,5,47,2026-05-24T21:12:00.879000+00:00,21.839,24.332,30.486,240.0,272.0,False,76.657,"[None, 2048, 2048, 2048, 2048, 2048]","[2048, 2048, 2048, 2048, 2048, 2048]","[2048, 2048, 2048, 2048, 2048, 2048, 2049, 2048]",298.0
1285,11291,18,46,2026-05-24T21:12:10.786000+00:00,22.843,25.42,32.079,232.0,268.0,False,80.342,"[None, 2048, 2048, 2048, 2048, 2048]","[2048, 2048, 2048, 2048, 2048, 2048]","[2048, 2048, 2048, 2048, 2048, 2048, 2048, 2048]",288.0
1285,11291,43,48,2026-05-24T21:12:15.676000+00:00,21.682,24.165,30.763,244.0,283.0,False,76.61,"[None, 2048, 2048, 2048, 2048, 2048]","[2048, 2048, 2048, 2048, 2048, 2048]","[2048, 2048, 2048, 2048, 2048, 2048, 2048, 2048]",305.0
1285,11291,12,49,2026-05-24T21:12:28.536000+00:00,21.12,23.79,30.025,240.0,281.0,False,74.935,"[None, 2048, 2049, 2048, 2048, 2048]","[2048, 2048, 2048, 2048, 2051, 2048]","[2048, 2048, 2048, 2048, 2048, 2048, 2048, 2048]",299.0
1285,11291,30,48,2026-05-24T21:12:31.286000+00:00,21.672,24.297,30.884,241.0,277.0,False,76.853,"[None, 2048, 2048, 2048, 2048, 2048]","[2048, 2049, 2048, 2049, 2048, 2048]","[2048, 2048, 2048, 2048, 2048, 2048, 2048, 2048]",299.0
1285,11291,3,49,2026-05-24T21:12:33.067000+00:00,21.504,24.014,30.017,,279.0,False,75.535,"[None, 2048, 2048, 2048, 2048, 2048]","[2048, 2048, 2048, 2048, 2049, 2048]","[2048, 2048, 2048, 2048, 2048, 2048, 2048, 2048]",306.0
1285,11291,10,48,2026-05-24T21:12:34.301000+00:00,21.844,24.31,31.435,243.0,282.0,False,77.589,"[None, 2048, 2048, 2048, 2048, 2048]","[2048, 2049, 2049, 2048, 2048, 2048]","[2048, 2048, 2048, 2048, 2048, 2048, 2048, 2048]",268.0
1285,11291,44,49,2026-05-24T21:12:35.676000+00:00,21.339,24.029,29.818,237.0,281.0,False,75.186,"[2049, 2048, 2048, 2049, 2048, 2048]","[2048, 2048, 2049, 2048, 2048, 2048]","[2048, 2049, 2049, 2048, 2048, 2048, 2049, 2048]",311.0
1285,11291,77,46,2026-05-24T21:12:43.020000+00:00,27.757,25.401,32.134,228.0,279.0,False,85.292,"[None, 2048, 2048, 2048, 2048, 2048]","[2048, 2048, 2049, 2048, 2048, 2049]","[2048, 2048, 2048, 2048, 2048, 2048, 2048, 2048]",262.0
1285,11291,16,49,2026-05-24T21:12:44.223000+00:00,21.558,24.001,30.139,,279.0,False,75.698,"[None, 2048, 2048, 2048, 2048, 2048]","[2048, 2048, 2048, 2048, 2048, 2048]","[2049, 2048, 2048, 2048, 2048, 2048, 2048, 2048]",298.0
1285,11291,31,47,2026-05-24T21:12:45.692000+00:00,24.116,24.931,30.698,230.0,278.0,False,79.745,"[None, 2048, 2048, 2048, 2048, 2048]","[2048, 2048, 2048, 2048, 2048, 2048]","[2048, 2048, 2048, 2048, 2048, 2048, 2048, 2048]",310.0
1285,11291,6,49,2026-05-24T21:12:46.692000+00:00,21.5,24.035,30.138,244.0,279.0,False,75.673,"[None, 2048, 2048, 2048, 2049, 2049]","[2048, 2048, 2048, 2048, 2049, 2048]","[2048, 2048, 2048, 2048, 2048, 2049, 2048, 2048]",305.0
1285,11291,55,48,2026-05-24T21:12:50.817000+00:00,21.768,24.291,30.255,241.0,287.0,False,76.314,"[None, 2048, 2048, 2048, 2048, 2048]","[2048, 2048, 2048, 2048, 2048, 2049]","[2048, 2048, 2048, 2048, 2048, 2048, 2048, 2048]",311.0
1285,11291,87,48,2026-05-24T21:12:53.036000+00:00,21.923,24.411,30.258,235.0,279.0,False,76.592,"[None, 2048, 2049, 2048, 2048, 2048]","[2048, 2048, 2048, 2048, 2048, 2048]","[2048, 2048, 2048, 2048, 2048, 2048, 2048, 2048]",304.0
1285,11291,81,48,2026-05-24T21:12:59.767000+00:00,22.298,24.251,30.504,235.0,282.0,False,77.053,"[None, 2048, 2048, 2048, 2048, 2048]","[2048, 2048, 2048, 2048, 2049, 2048]","[2048, 2048, 2048, 2048, 2048, 2048, 2048, 2048]",300.0
1285,11291,27,48,2026-05-24T21:13:10.155000+00:00,21.767,24.331,30.472,,275.0,False,76.57,"[2049, 2048, 2048, 2048, 2048, 2048]","[2048, 2049, 2048, 2048, 2048, 2048]","[2048, 2048, 2048, 2048, 2048, 2048, 2049, 2048]",300.0
1285,11291,5,48,2026-05-24T21:13:17.374000+00:00,21.76,24.327,30.179,,272.0,False,76.266,"[None, 2048, 2048, 2048, 2049, 2048]","[2048, 2048, 2048, 2048, 2049, 2048]","[2048, 2048, 2048, 2048, 2048, 2048, 2049, 2048]",299.0
1285,11291,18,47,2026-05-24T21:13:31.241000+00:00,24.286,25.543,31.458,,270.0,False,81.287,"[None, 2048, 2048, 2048, 2048, 2048]","[2048, 2048, 2048, 2048, 2048, 2048]","[2048, 2048, 2048, 2048, 2048, 2048, 2048, 2048]",294.0
1285,11291,43,49,2026-05-24T21:13:32.366000+00:00,21.72,24.15,30.667,243.0,278.0,False,76.537,"[None, 2048, 2048, 2048, 2048, 2048]","[2049, 2048, 2048, 2048, 2048, 2048]","[2048, 2048, 2048, 2048, 2048, 2048, 2048, 2048]",300.0
1285,11291,12,50,2026-05-24T21:13:43.508000+00:00,21.099,23.646,30.025,241.0,281.0,False,74.77,"[None, 2048, 2051, 2048, 2048, 2048]","[2048, 2051, 2048, 2049, 2051, 2048]","[2048, 2048, 2048, 2048, 2048, 2048, 2048, 2048]",299.0
1285,11291,30,49,2026-05-24T21:13:48.139000+00:00,23.016,25.323,30.857,242.0,258.0,False,79.196,"[None, 2048, 2048, 2048, 2048, 2048]","[2048, 2048, 2048, 2048, 2048, 2048]","[2048, 2048, 2049, 2048, 2048, 2048, 2049, 2048]",317.0
1285,11291,3,50,2026-05-24T21:13:48.624000+00:00,21.291,23.841,29.889,244.0,280.0,False,75.021,"[None, 2048, 2048, 2048, 2048, 2049]","[2049, 2048, 2048, 2049, 2049, 2049]","[2048, 2048, 2048, 2048, 2048, 2048, 2048, 2048]",303.0
1285,11291,44,50,2026-05-24T21:13:50.936000+00:00,21.51,23.9,29.971,239.0,279.0,False,75.381,"[2048, 2048, 2048, 2048, 2048, 2048]","[2048, 2048, 2048, 2048, 2048, 2048]","[2048, 2048, 2048, 2048, 2048, 2048, 2048, 2048]",302.0
1285,11291,10,49,2026-05-24T21:13:51.905000+00:00,21.902,24.253,30.531,241.0,284.0,False,76.686,"[None, 2048, 2048, 2048, 2048, 2048]","[2048, 2048, 2049, 2048, 2048, 2048]","[2048, 2048, 2048, 2048, 2048, 2048, 2048, 2048]",317.0
1285,11291,16,50,2026-05-24T21:14:00.031000+00:00,21.447,23.797,30.189,,280.0,False,75.433,"[None, 2048, 2048, 2048, 2048, 2048]","[2048, 2049, 2048, 2048, 2048, 2048]","[2048, 2048, 2048, 2048, 2048, 2048, 2048, 2048]",299.0
1285,11291,6,50,2026-05-24T21:14:02.333000+00:00,21.596,24.05,29.92,242.0,280.0,False,75.566,"[None, 2048, 2048, 2048, 2048, 2048]","[2049, 2048, 2048, 2048, 2048, 2048]","[2048, 2048, 2048, 2048, 2048, 2048, 2048, 2048]",306.0
1285,11291,31,48,2026-05-24T21:14:05.490000+00:00,22.073,24.661,32.217,231.0,274.0,False,78.951,"[None, 2049, 2048, 2049, 2048, 2048]","[2048, 2048, 2048, 2048, 2048, 2048]","[2048, 2048, 2048, 2048, 2048, 2048, 2048, 2048]",287.0
1285,11291,55,49,2026-05-24T21:14:07.271000+00:00,21.714,24.203,30.592,240.0,285.0,False,76.509,"[None, 2048, 2048, 2048, 2048, 2048]","[2048, 2048, 2048, 2048, 2048, 2048]","[2048, 2048, 2048, 2048, 2048, 2048, 2048, 2048]",298.0
1285,11291,77,47,2026-05-24T21:14:08.302000+00:00,24.341,25.012,30.929,231.0,278.0,False,80.282,"[None, 2048, 2048, 2048, 2048, 2048]","[2048, 2048, 2049, 2049, 2048, 2048]","[2048, 2048, 2049, 2048, 2048, 2048, 2049, 2048]",309.0
1285,11291,87,49,2026-05-24T21:14:09.615000+00:00,22.046,24.355,31.342,236.0,279.0,False,77.743,"[None, 2048, 2048, 2048, 2048, 2048]","[2048, 2048, 2048, 2048, 2048, 2048]","[2048, 2049, 2048, 2048, 2048, 2048, 2048, 2048]",302.0
1285,11291,81,49,2026-05-24T21:14:16.724000+00:00,21.649,24.137,30.478,239.0,284.0,False,76.264,"[None, 2048, 2048, 2048, 2048, 2048]","[2048, 2048, 2048, 2048, 2048, 2048]","[2048, 2048, 2048, 2048, 2048, 2048, 2048, 2048]",301.0
1285,11291,27,49,2026-05-24T21:14:26.771000+00:00,21.831,24.246,30.547,,275.0,False,76.624,"[2048, 2048, 2048, 2048, 2048, 2048]","[2048, 2049, 2048, 2048, 2048, 2048]","[2048, 2049, 2048, 2048, 2048, 2048, 2048, 2048]",301.0
1285,11291,5,49,2026-05-24T21:14:33.740000+00:00,21.853,24.446,30.463,238.0,272.0,False,76.762,"[None, 2049, 2048, 2049, 2048, 2048]","[2048, 2048, 2048, 2048, 2048, 2048]","[2048, 2048, 2048, 2048, 2048, 2048, 2048, 2048]",300.0
1285,11291,43,50,2026-05-24T21:14:48.862000+00:00,21.574,24.123,30.613,,281.0,False,76.31,"[None, 2048, 2049, 2048, 2048, 2048]","[2048, 2048, 2048, 2048, 2049, 2048]","[2048, 2048, 2048, 2048, 2048, 2048, 2048, 2048]",300.0
1285,11291,18,48,2026-05-24T21:14:52.411000+00:00,22.968,25.512,32.052,,269.0,False,80.532,"[None, 2048, 2048, 2048, 2048, 2048]","[2048, 2048, 2048, 2048, 2048, 2048]","[2048, 2048, 2048, 2048, 2048, 2048, 2048, 2048]",291.0
1285,11291,12,51,2026-05-24T21:14:58.115000+00:00,21.101,23.642,29.861,,282.0,False,74.604,"[None, 2049, 2048, 2051, 2048, 2048]","[2048, 2048, 2048, 2051, 2048, 2048]","[2048, 2048, 2048, 2048, 2048, 2048, 2049, 2048]",309.0
1285,11291,3,51,2026-05-24T21:15:03.665000+00:00,21.333,24.006,30.155,241.0,275.0,False,75.494,"[None, 2048, 2048, 2048, 2049, 2048]","[2048, 2049, 2048, 2048, 2048, 2048]","[2048, 2048, 2048, 2048, 2048, 2048, 2048, 2048]",298.0
1285,11291,44,51,2026-05-24T21:15:06.293000+00:00,21.35,23.743,29.869,235.0,280.0,False,74.962,"[None, 2051, 2048, 2048, 2048, 2048]","[2048, 2049, 2048, 2048, 2048, 2048]","[2048, 2048, 2048, 2048, 2048, 2048, 2048, 2048]",303.0
1285,11291,30,50,2026-05-24T21:15:07.356000+00:00,21.738,24.205,30.203,244.0,295.0,False,76.146,"[None, 2048, 2048, 2048, 2048, 2048]","[2048, 2049, 2048, 2048, 2048, 2051]","[2048, 2048, 2049, 2048, 2048, 2049, 2048, 2048]",309.0
1285,11291,10,50,2026-05-24T21:15:08.637000+00:00,21.722,24.175,30.168,244.0,288.0,False,76.065,"[None, 2048, 2048, 2048, 2049, 2048]","[2048, 2049, 2049, 2048, 2048, 2048]","[2048, 2048, 2048, 2048, 2049, 2048, 2048, 2048]",320.0
1285,11291,16,51,2026-05-24T21:15:15.418000+00:00,22.898,24.188,30.034,229.0,278.0,False,77.12,"[None, 2048, 2048, 2048, 2048, 2048]","[2048, 2048, 2048, 2048, 2048, 2048]","[2048, 2048, 2048, 2048, 2048, 2049, 2048, 2048]",300.0
1285,11291,6,51,2026-05-24T21:15:17.887000+00:00,21.42,24.166,29.925,244.0,282.0,False,75.511,"[None, 2049, 2048, 2048, 2048, 2048]","[2048, 2048, 2048, 2048, 2048, 2048]","[2048, 2049, 2049, 2048, 2048, 2048, 2048, 2048]",313.0
1285,11291,55,50,2026-05-24T21:15:23.762000+00:00,21.66,24.206,30.447,241.0,281.0,False,76.313,"[None, 2049, 2048, 2048, 2048, 2048]","[2049, 2048, 2048, 2048, 2048, 2048]","[2048, 2048, 2048, 2048, 2048, 2048, 2048, 2048]",302.0
1285,11291,31,49,2026-05-24T21:15:24.309000+00:00,22.278,24.663,30.373,235.0,274.0,False,77.314,"[None, 2048, 2048, 2048, 2048, 2048]","[2048, 2048, 2048, 2048, 2048, 2048]","[2048, 2049, 2048, 2048, 2049, 2048, 2048, 2048]",329.0
1285,11291,87,50,2026-05-24T21:15:27.340000+00:00,22.022,24.357,30.202,237.0,280.0,False,76.581,"[None, 2048, 2048, 2049, 2048, 2048]","[2048, 2048, 2048, 2048, 2048, 2048]","[2048, 2048, 2048, 2048, 2048, 2048, 2048, 2048]",307.0
1285,11291,77,48,2026-05-24T21:15:28.512000+00:00,22.541,25.141,30.988,,276.0,False,78.67,"[None, 2048, 2048, 2048, 2048, 2048]","[2048, 2048, 2048, 2048, 2049, 2048]","[2048, 2048, 2048, 2048, 2048, 2048, 2048, 2048]",295.0
1285,11291,81,50,2026-05-24T21:15:33.012000+00:00,21.505,24.036,30.26,240.0,283.0,False,75.801,"[None, 2048, 2049, 2048, 2048, 2048]","[2049, 2048, 2048, 2048, 2048, 2048]","[2048, 2048, 2048, 2048, 2048, 2048, 2049, 2048]",307.0
1285,11291,27,50,2026-05-24T21:15:43.340000+00:00,21.734,24.221,30.329,241.0,275.0,False,76.284,"[None, 2048, 2048, 2048, 2048, 2049]","[2048, 2048, 2048, 2048, 2049, 2048]","[2048, 2048, 2048, 2048, 2048, 2048, 2049, 2048]",303.0
1285,11291,5,50,2026-05-24T21:15:50.434000+00:00,21.737,24.229,30.255,241.0,273.0,False,76.221,"[None, 2048, 2048, 2048, 2048, 2049]","[2048, 2048, 2048, 2048, 2048, 2048]","[2048, 2048, 2048, 2048, 2048, 2048, 2049, 2048]",300.0
1285,11291,43,51,2026-05-24T21:16:05.273000+00:00,21.738,24.024,30.491,244.0,280.0,False,76.253,"[None, 2048, 2048, 2048, 2048, 2048]","[2048, 2048, 2048, 2048, 2048, 2048]","[2048, 2048, 2048, 2048, 2048, 2048, 2048, 2048]",302.0
1285,11291,12,52,2026-05-24T21:16:12.859000+00:00,21.05,23.653,29.663,243.0,282.0,False,74.366,"[None, 2048, 2048, 2048, 2048, 2049]","[2048, 2048, 2048, 2048, 2048, 2048]","[2048, 2048, 2048, 2048, 2048, 2049, 2049, 2048]",305.0
1285,11291,18,49,2026-05-24T21:16:13.094000+00:00,23.475,25.458,47.954,,270.0,False,96.887,"[None, 2048, 2048, 2048, 2048, 2048]","[2048, 2048, 2048, 2048, 2048, 2048]","[2048, 2048, 2048, 2048, 2048, 2064, 2064, 2064]",294.0
1285,11291,3,52,2026-05-24T21:16:19.126000+00:00,21.232,23.914,33.46,242.0,279.0,False,78.606,"[None, 2048, 2048, 2049, 2048, 2048]","[2048, 2048, 2048, 2048, 2048, 2048]","[2048, 2048, 2048, 2048, 2048, 2048, 2048, 2048]",305.0
1285,11291,44,52,2026-05-24T21:16:21.250000+00:00,21.226,23.797,34.546,238.0,280.0,False,79.569,"[None, 2048, 2048, 2048, 2048, 2049]","[2048, 2048, 2048, 2048, 2048, 2048]","[2051, 2048, 2048, 2048, 2048, 2048, 2048, 2048]",306.0
1285,11291,30,51,2026-05-24T21:16:23.547000+00:00,21.68,24.259,35.887,240.0,276.0,False,81.826,"[None, 2049, 2048, 2048, 2048, 2048]","[2048, 2049, 2048, 2048, 2048, 2048]","[2048, 2048, 2048, 2048, 2048, 2048, 2048, 2048]",310.0
1285,11291,10,51,2026-05-24T21:16:24.703000+00:00,21.631,24.082,35.832,,287.0,False,81.545,"[None, 2049, 2048, 2048, 2048, 2048]","[2048, 2049, 2049, 2048, 2048, 2048]","[2048, 2048, 2048, 2048, 2048, 2048, 2048, 2048]",320.0
1285,11291,16,52,2026-05-24T21:16:32.600000+00:00,21.419,23.778,38.04,238.0,280.0,False,83.237,"[None, 2048, 2049, 2048, 2048, 2049]","[2048, 2049, 2048, 2048, 2048, 2048]","[2048, 2048, 2048, 2048, 2048, 2048, 2048, 2048]",211.0
1285,11291,6,52,2026-05-24T21:16:33.444000+00:00,21.445,23.974,64.89,246.0,286.0,False,110.309,"[None, 2048, 2048, 2048, 2049, 2051]","[2048, 2048, 2049, 2048, 2049, 2049]","[2048, 2048, 2048, 2048, 2048, 2064, 2064, 2064]",233.0
1285,11291,55,51,2026-05-24T21:16:40.085000+00:00,22.478,24.41,45.769,233.0,282.0,False,92.657,"[None, 2049, 2048, 2051, 2048, 2048]","[2048, 2048, 2048, 2048, 2048, 2048]","[2048, 2048, 2048, 2048, 2048, 2048, 2048, 2048]",254.0
1285,11291,31,50,2026-05-24T21:16:41.655000+00:00,22.355,24.699,45.478,231.0,273.0,False,92.532,"[None, 2048, 2048, 2048, 2048, 2048]","[2048, 2048, 2048, 2048, 2048, 2048]","[2048, 2048, 2048, 2048, 2048, 2048, 2048, 2048]",229.0
1285,11291,87,51,2026-05-24T21:16:43.862000+00:00,21.873,24.483,46.12,236.0,230.0,False,92.476,"[None, 2048, 2048, 2048, 2048, 2049]","[2048, 2048, 2049, 2048, 2048, 2048]","[2048, 2048, 2048, 2048, 2048, 2048, 2048, 2048]",226.0
1285,11291,77,49,2026-05-24T21:16:47.253000+00:00,24.479,31.299,63.745,230.0,161.0,False,119.523,"[None, 2048, 2049, 2048, 2048, 2048]","[2048, 2048, 2048, 2048, 2048, 2048]","[2048, 2048, 2048, 2048, 2048, 2064, 2064, 2064]",251.0
1285,11291,81,51,2026-05-24T21:16:48.800000+00:00,21.687,29.001,69.433,,171.0,False,120.121,"[2049, 2048, 2048, 2048, 2048, 2048]","[2048, 2048, 2048, 2048, 2048, 2048]","[2048, 2048, 2048, 2048, 2048, 2064, 2064, 2064]",280.0
1285,11291,27,51,2026-05-24T21:16:59.581000+00:00,21.78,31.447,41.013,240.0,261.0,False,94.24,"[None, 2048, 2048, 2048, 2048, 2048]","[2048, 2048, 2048, 2048, 2048, 2048]","[2048, 2048, 2048, 2048, 2048, 2048, 2048, 2048]",315.0
1285,11291,5,51,2026-05-24T21:17:06.723000+00:00,21.735,32.799,42.437,240.0,219.0,False,96.971,"[None, 2048, 2048, 2048, 2048, 2048]","[2048, 2048, 2048, 2048, 2048, 2048]","[2048, 2048, 2048, 2048, 2048, 2048, 2048, 2048]",184.0
1285,11291,43,52,2026-05-24T21:17:21.394000+00:00,28.269,32.218,42.457,173.0,200.0,False,102.944,"[None, 2049, 2048, 2048, 2048, 2048]","[2048, 2048, 2048, 2048, 2048, 2048]","[2048, 2048, 2048, 2048, 2048, 2048, 2048, 2048]",213.0
1285,11291,12,53,2026-05-24T21:17:27.097000+00:00,30.277,33.041,43.038,179.0,210.0,False,106.356,"[None, 2048, 2048, 2048, 2048, 2048]","[2048, 2048, 2048, 2048, 2048, 2048]","[2048, 2048, 2048, 2048, 2048, 2048, 2048, 2048]",239.0
1285,11291,3,53,2026-05-24T21:17:37.769000+00:00,28.163,33.058,43.113,211.0,241.0,False,104.334,"[None, 2048, 2048, 2048, 2048, 2048]","[2048, 2048, 2048, 2048, 2048, 2048]","[2048, 2048, 2048, 2048, 2048, 2048, 2048, 2048]",238.0
1285,11291,44,53,2026-05-24T21:17:40.863000+00:00,27.266,33.201,42.301,217.0,187.0,False,102.768,"[None, 2048, 2048, 2048, 2048, 2048]","[2048, 2048, 2048, 2048, 2048, 2048]","[2048, 2048, 2048, 2048, 2048, 2048, 2048, 2048]",244.0
1285,11291,30,52,2026-05-24T21:17:45.253000+00:00,28.792,32.393,41.464,231.0,216.0,False,102.649,"[None, 2048, 2048, 2048, 2048, 2048]","[2048, 2048, 2048, 2048, 2048, 2048]","[2048, 2048, 2048, 2048, 2048, 2048, 2048, 2048]",277.0
1285,11291,10,52,2026-05-24T21:17:46.191000+00:00,28.542,32.5,42.768,225.0,218.0,False,103.81,"[None, 2048, 2048, 2048, 2048, 2048]","[2048, 2048, 2048, 2048, 2048, 2048]","[2048, 2048, 2048, 2048, 2048, 2048, 2048, 2048]",244.0
1285,11291,18,50,2026-05-24T21:17:49.753000+00:00,29.868,32.337,43.475,230.0,249.0,True,105.68,"[2064, 2064, 2048, 2048, 2048, 2048]","[2048, 2048, 2048, 2048, 2048, 2048]","[2048, 2048, 2048, 2048, 2048, 2048, 2048, 2048]",303.0
1285,11291,16,53,2026-05-24T21:17:55.800000+00:00,28.873,33.476,44.918,200.0,166.0,False,107.267,"[None, 2048, 2048, 2048, 2048, 2048]","[2048, 2048, 2048, 2048, 2048, 2048]","[2048, 2048, 2048, 2048, 2048, 2048, 2048, 2048]",247.0
1285,11291,55,52,2026-05-24T21:18:12.581000+00:00,25.324,33.675,38.977,218.0,224.0,False,97.976,"[None, 2048, 2048, 2048, 2048, 2048]","[2048, 2048, 2048, 2048, 2048, 2048]","[2048, 2048, 2048, 2048, 2048, 2048, 2048, 2048]",221.0
1285,11291,31,51,2026-05-24T21:18:14.269000+00:00,26.09,33.194,39.296,175.0,202.0,False,98.58,"[None, 2048, 2048, 2048, 2048, 2048]","[2048, 2048, 2048, 2048, 2048, 2048]","[2048, 2048, 2048, 2048, 2048, 2048, 2048, 2049]",229.0
1285,11291,87,52,2026-05-24T21:18:16.339000+00:00,25.845,33.665,38.676,203.0,188.0,False,98.186,"[None, 2048, 2048, 2048, 2048, 2048]","[2048, 2048, 2048, 2048, 2048, 2048]","[2048, 2048, 2048, 2048, 2048, 2048, 2048, 2048]",220.0
1285,11291,6,53,2026-05-24T21:18:23.625000+00:00,28.819,33.114,35.748,207.0,226.0,True,97.681,"[2064, 2064, 2048, 2048, 2048, 2048]","[2048, 2048, 2048, 2048, 2048, 2048]","[2048, 2048, 2048, 2048, 2048, 2048, 2048, 2049]",284.0
1285,11291,27,52,2026-05-24T21:18:33.713000+00:00,30.301,32.742,32.793,224.0,211.0,False,95.836,"[None, 2048, 2048, 2048, 2048, 2048]","[2048, 2048, 2048, 2048, 2048, 2048]","[2048, 2048, 2048, 2048, 2048, 2048, 2048, 2048]",287.0
1285,11291,5,52,2026-05-24T21:18:43.605000+00:00,30.1,34.976,31.223,149.0,272.0,False,96.299,"[None, 2048, 2048, 2048, 2048, 2048]","[2048, 2048, 2048, 2048, 2048, 2048]","[2048, 2048, 2048, 2048, 2048, 2048, 2048, 2048]",298.0
1285,11291,77,50,2026-05-24T21:18:46.604000+00:00,28.416,37.152,34.001,164.0,264.0,True,99.569,"[2064, 2064, 2048, 2048, 2048, 2048]","[2048, 2048, 2048, 2048, 2048, 2048]","[2048, 2048, 2048, 2048, 2048, 2048, 2048, 2048]",279.0
1285,11291,81,52,2026-05-24T21:18:48.819000+00:00,28.17,34.785,32.191,202.0,284.0,True,95.146,"[2064, 2064, 2048, 2048, 2048, 2048]","[2048, 2048, 2048, 2048, 2048, 2048]","[2048, 2048, 2048, 2048, 2048, 2048, 2048, 2048]",300.0
1285,11291,43,53,2026-05-24T21:19:04.398000+00:00,28.857,27.044,31.465,189.0,292.0,False,87.366,"[None, 2048, 2048, 2048, 2048, 2048]","[2048, 2048, 2048, 2048, 2048, 2049]","[2048, 2048, 2048, 2048, 2048, 2048, 2048, 2049]",293.0
1285,11291,12,54,2026-05-24T21:19:13.507000+00:00,27.668,25.392,30.576,203.0,275.0,False,83.636,"[None, 2048, 2048, 2048, 2048, 2048]","[2048, 2048, 2048, 2048, 2048, 2048]","[2048, 2048, 2048, 2048, 2048, 2048, 2048, 2048]",303.0
1285,11291,3,54,2026-05-24T21:19:22.191000+00:00,26.242,24.834,30.428,238.0,277.0,False,81.504,"[None, 2048, 2048, 2048, 2048, 2048]","[2048, 2048, 2048, 2048, 2048, 2048]","[2048, 2048, 2048, 2048, 2048, 2048, 2048, 2048]",300.0
1285,11291,44,54,2026-05-24T21:19:23.613000+00:00,26.814,24.241,29.99,250.0,286.0,False,81.045,"[None, 2048, 2048, 2048, 2048, 2049]","[2048, 2048, 2048, 2048, 2048, 2049]","[2048, 2048, 2048, 2048, 2048, 2048, 2048, 2048]",309.0
1285,11291,30,53,2026-05-24T21:19:27.879000+00:00,27.471,24.988,30.161,242.0,281.0,False,82.62,"[None, 2048, 2048, 2048, 2048, 2048]","[2048, 2048, 2049, 2048, 2048, 2048]","[2048, 2048, 2048, 2048, 2049, 2048, 2048, 2048]",317.0
1285,11291,10,53,2026-05-24T21:19:30.066000+00:00,26.047,25.09,30.487,237.0,287.0,False,81.624,"[None, 2048, 2048, 2048, 2048, 2048]","[2048, 2048, 2048, 2048, 2048, 2048]","[2048, 2048, 2048, 2048, 2048, 2048, 2048, 2048]",318.0
1285,11291,18,51,2026-05-24T21:19:35.410000+00:00,24.574,25.714,31.736,231.0,262.0,False,82.024,"[2048, 2048, 2048, 2048, 2048, 2048]","[2048, 2048, 2049, 2048, 2048, 2048]","[2048, 2048, 2048, 2048, 2048, 2048, 2048, 2048]",296.0
1285,11291,16,54,2026-05-24T21:19:43.051000+00:00,22.809,24.788,30.32,234.0,281.0,False,77.917,"[None, 2048, 2048, 2048, 2048, 2048]","[2048, 2048, 2048, 2048, 2048, 2048]","[2048, 2048, 2048, 2048, 2048, 2048, 2048, 2048]",304.0
1285,11291,55,53,2026-05-24T21:19:50.645000+00:00,22.637,24.581,30.544,237.0,281.0,False,77.762,"[None, 2048, 2048, 2048, 2048, 2048]","[2048, 2048, 2048, 2048, 2048, 2048]","[2048, 2048, 2048, 2048, 2048, 2048, 2048, 2048]",300.0
1285,11291,31,52,2026-05-24T21:19:52.848000+00:00,22.759,25.082,32.634,230.0,270.0,False,80.475,"[None, 2048, 2048, 2048, 2048, 2048]","[2048, 2048, 2048, 2048, 2048, 2048]","[2048, 2048, 2048, 2048, 2048, 2048, 2048, 2048]",246.0
1285,11291,87,53,2026-05-24T21:19:54.552000+00:00,22.772,24.755,30.502,233.0,282.0,False,78.029,"[None, 2048, 2048, 2048, 2048, 2048]","[2048, 2048, 2048, 2048, 2048, 2048]","[2048, 2048, 2048, 2048, 2048, 2048, 2048, 2048]",308.0
1285,11291,6,54,2026-05-24T21:20:01.671000+00:00,22.422,24.742,30.46,242.0,282.0,False,77.624,"[2048, 2048, 2048, 2048, 2048, 2048]","[2048, 2048, 2048, 2048, 2048, 2048]","[2048, 2048, 2048, 2048, 2048, 2048, 2048, 2048]",308.0
1285,11291,27,53,2026-05-24T21:20:09.643000+00:00,22.355,24.527,30.615,243.0,276.0,False,77.497,"[None, 2048, 2048, 2048, 2048, 2048]","[2048, 2048, 2048, 2048, 2048, 2048]","[2048, 2048, 2048, 2048, 2048, 2048, 2048, 2048]",306.0
1285,11291,5,53,2026-05-24T21:20:19.914000+00:00,22.303,24.708,30.658,242.0,274.0,False,77.669,"[None, 2048, 2048, 2048, 2048, 2048]","[2048, 2048, 2048, 2048, 2048, 2048]","[2048, 2048, 2048, 2048, 2048, 2048, 2048, 2048]",300.0
1285,11291,81,53,2026-05-24T21:20:24.086000+00:00,22.638,24.785,30.974,245.0,280.0,False,78.397,"[2048, 2048, 2048, 2048, 2048, 2048]","[2048, 2048, 2048, 2048, 2048, 2048]","[2048, 2048, 2048, 2048, 2048, 2048, 2048, 2048]",299.0
1285,11291,77,51,2026-05-24T21:20:26.273000+00:00,23.824,26.208,31.554,232.0,271.0,False,81.586,"[2048, 2048, 2048, 2048, 2048, 2048]","[2048, 2048, 2048, 2048, 2048, 2048]","[2048, 2048, 2048, 2048, 2048, 2048, 2048, 2048]",294.0
1285,11291,43,54,2026-05-24T21:20:31.751000+00:00,22.286,24.539,30.852,243.0,284.0,False,77.677,"[None, 2048, 2048, 2048, 2048, 2048]","[2048, 2048, 2049, 2048, 2048, 2048]","[2048, 2048, 2048, 2048, 2048, 2048, 2048, 2049]",308.0
1285,11291,12,55,2026-05-24T21:20:37.121000+00:00,21.477,23.954,29.956,241.0,283.0,False,75.387,"[None, 2048, 2048, 2048, 2048, 2048]","[2048, 2048, 2048, 2048, 2048, 2048]","[2048, 2048, 2048, 2048, 2048, 2048, 2048, 2048]",305.0
1285,11291,3,55,2026-05-24T21:20:43.570000+00:00,21.426,24.079,29.948,242.0,280.0,False,75.453,"[None, 2048, 2048, 2048, 2048, 2048]","[2048, 2048, 2048, 2048, 2048, 2048]","[2048, 2048, 2048, 2048, 2048, 2048, 2048, 2048]",304.0
1285,11291,44,55,2026-05-24T21:20:44.586000+00:00,21.464,23.814,29.812,238.0,285.0,False,75.09,"[2049, 2048, 2048, 2048, 2048, 2048]","[2048, 2048, 2049, 2048, 2048, 2048]","[2048, 2049, 2048, 2048, 2048, 2048, 2048, 2048]",316.0
1285,11291,30,54,2026-05-24T21:20:50.484000+00:00,21.679,24.34,30.312,240.0,275.0,False,76.331,"[None, 2048, 2048, 2048, 2048, 2048]","[2048, 2049, 2048, 2048, 2048, 2048]","[2048, 2048, 2048, 2048, 2048, 2048, 2049, 2048]",305.0
1285,11291,10,54,2026-05-24T21:20:51.689000+00:00,21.777,24.308,30.281,245.0,285.0,False,76.366,"[None, 2048, 2049, 2048, 2048, 2048]","[2048, 2048, 2048, 2048, 2048, 2048]","[2048, 2048, 2048, 2048, 2048, 2048, 2048, 2048]",316.0
1285,11291,18,52,2026-05-24T21:20:57.517000+00:00,22.818,25.362,32.665,234.0,269.0,False,80.845,"[None, 2048, 2048, 2048, 2048, 2048]","[2048, 2048, 2048, 2048, 2048, 2048]","[2048, 2048, 2048, 2048, 2048, 2048, 2048, 2048]",266.0
1285,11291,16,55,2026-05-24T21:21:01.010000+00:00,21.709,24.207,30.693,237.0,282.0,False,76.609,"[None, 2048, 2048, 2048, 2048, 2048]","[2048, 2048, 2048, 2048, 2048, 2048]","[2048, 2048, 2048, 2048, 2048, 2048, 2048, 2048]",309.0
1285,11291,55,54,2026-05-24T21:21:08.467000+00:00,21.734,24.315,30.715,240.0,282.0,False,76.764,"[None, 2048, 2048, 2048, 2048, 2048]","[2048, 2048, 2048, 2048, 2048, 2048]","[2048, 2048, 2048, 2048, 2048, 2048, 2048, 2048]",302.0
1285,11291,87,54,2026-05-24T21:21:12.655000+00:00,22.1,24.464,30.348,234.0,279.0,False,76.912,"[None, 2048, 2048, 2048, 2048, 2048]","[2048, 2048, 2048, 2048, 2048, 2048]","[2048, 2048, 2048, 2048, 2048, 2048, 2048, 2048]",304.0
1285,11291,31,53,2026-05-24T21:21:13.201000+00:00,22.724,24.944,30.672,232.0,272.0,False,78.34,"[None, 2048, 2048, 2048, 2048, 2048]","[2048, 2048, 2048, 2048, 2048, 2048]","[2048, 2048, 2048, 2048, 2048, 2048, 2048, 2048]",323.0
1285,11291,6,55,2026-05-24T21:21:19.030000+00:00,21.816,24.285,29.894,,282.0,False,75.995,"[None, 2048, 2048, 2048, 2048, 2048]","[2048, 2048, 2048, 2048, 2048, 2048]","[2048, 2048, 2048, 2048, 2048, 2048, 2048, 2048]",310.0
1285,11291,27,54,2026-05-24T21:21:27.139000+00:00,22.182,24.341,30.556,240.0,276.0,False,77.079,"[None, 2048, 2048, 2048, 2048, 2048]","[2048, 2048, 2048, 2048, 2048, 2048]","[2048, 2048, 2048, 2048, 2048, 2048, 2048, 2048]",304.0
1285,11291,5,54,2026-05-24T21:21:37.679000+00:00,22.116,24.55,30.455,239.0,273.0,False,77.121,"[None, 2048, 2048, 2048, 2048, 2048]","[2048, 2048, 2048, 2048, 2048, 2048]","[2048, 2048, 2048, 2048, 2048, 2048, 2048, 2048]",299.0
1285,11291,81,54,2026-05-24T21:21:42.455000+00:00,22.221,24.457,30.459,238.0,284.0,False,77.137,"[None, 2048, 2048, 2048, 2048, 2048]","[2048, 2048, 2048, 2048, 2048, 2048]","[2048, 2048, 2048, 2048, 2048, 2048, 2048, 2048]",302.0
1285,11291,77,52,2026-05-24T21:21:47.877000+00:00,24.622,26.783,31.296,230.0,274.0,False,82.701,"[None, 2048, 2048, 2048, 2048, 2048]","[2048, 2048, 2048, 2048, 2048, 2048]","[2048, 2048, 2048, 2048, 2048, 2048, 2048, 2048]",299.0
1285,11291,43,55,2026-05-24T21:21:49.392000+00:00,21.884,24.314,30.611,,279.0,False,76.809,"[None, 2048, 2048, 2048, 2048, 2048]","[2048, 2048, 2048, 2048, 2048, 2048]","[2048, 2048, 2048, 2048, 2048, 2048, 2048, 2048]",305.0
1285,11291,12,56,2026-05-24T21:21:52.605000+00:00,21.261,24.022,29.726,242.0,284.0,False,75.009,"[None, 2048, 2048, 2048, 2048, 2048]","[2048, 2048, 2048, 2048, 2048, 2048]","[2048, 2048, 2048, 2048, 2048, 2048, 2048, 2048]",310.0
1285,11291,3,56,2026-05-24T21:21:59.022000+00:00,21.415,23.92,30.224,,278.0,False,75.559,"[None, 2048, 2048, 2048, 2048, 2048]","[2048, 2048, 2048, 2048, 2048, 2048]","[2048, 2048, 2048, 2048, 2048, 2048, 2048, 2048]",303.0
1285,11291,44,56,2026-05-24T21:21:59.808000+00:00,21.549,23.774,29.849,,285.0,False,75.172,"[2048, 2048, 2048, 2048, 2048, 2048]","[2048, 2048, 2049, 2048, 2048, 2048]","[2048, 2048, 2049, 2048, 2048, 2048, 2049, 2049]",328.0
1285,11291,30,55,2026-05-24T21:22:06.874000+00:00,21.556,24.311,30.213,,276.0,False,76.08,"[2049, 2048, 2049, 2049, 2048, 2048]","[2048, 2048, 2048, 2048, 2049, 2048]","[2048, 2048, 2048, 2048, 2048, 2048, 2048, 2048]",304.0
1285,11291,10,55,2026-05-24T21:22:07.999000+00:00,21.687,24.094,30.082,243.0,287.0,False,75.863,"[None, 2048, 2049, 2048, 2048, 2048]","[2049, 2048, 2048, 2048, 2048, 2048]","[2048, 2048, 2048, 2048, 2048, 2048, 2048, 2048]",312.0
1285,11291,16,56,2026-05-24T21:22:17.577000+00:00,21.727,24.045,30.2,239.0,279.0,False,75.972,"[None, 2048, 2048, 2048, 2048, 2048]","[2048, 2048, 2048, 2048, 2048, 2048]","[2048, 2048, 2048, 2048, 2048, 2048, 2048, 2048]",302.0
1285,11291,18,53,2026-05-24T21:22:18.300000+00:00,22.888,25.428,31.293,235.0,272.0,False,79.609,"[None, 2048, 2048, 2048, 2048, 2048]","[2048, 2048, 2048, 2048, 2048, 2049]","[2048, 2048, 2048, 2048, 2048, 2048, 2048, 2048]",298.0
1285,11291,55,55,2026-05-24T21:22:25.164000+00:00,22.162,24.297,30.395,239.0,282.0,False,76.854,"[None, 2048, 2048, 2048, 2048, 2048]","[2048, 2048, 2048, 2048, 2048, 2048]","[2048, 2048, 2048, 2048, 2048, 2048, 2048, 2048]",305.0
1285,11291,87,55,2026-05-24T21:22:29.446000+00:00,21.875,24.297,30.316,235.0,278.0,False,76.488,"[None, 2048, 2049, 2049, 2048, 2048]","[2049, 2048, 2048, 2048, 2048, 2048]","[2048, 2048, 2048, 2048, 2048, 2048, 2048, 2048]",304.0
1285,11291,31,54,2026-05-24T21:22:31.555000+00:00,22.248,24.456,30.274,233.0,278.0,False,76.978,"[None, 2048, 2048, 2048, 2048, 2048]","[2048, 2048, 2048, 2049, 2048, 2048]","[2049, 2048, 2048, 2048, 2048, 2048, 2048, 2048]",313.0
1285,11291,6,56,2026-05-24T21:22:34.947000+00:00,21.414,24.022,29.727,244.0,282.0,False,75.163,"[None, 2048, 2048, 2048, 2048, 2048]","[2048, 2048, 2048, 2048, 2048, 2048]","[2048, 2048, 2049, 2048, 2049, 2048, 2049, 2048]",315.0
1285,11291,27,55,2026-05-24T21:22:44.258000+00:00,21.645,24.395,30.418,,276.0,False,76.458,"[None, 2049, 2049, 2048, 2048, 2048]","[2048, 2048, 2048, 2048, 2048, 2048]","[2049, 2048, 2048, 2048, 2048, 2048, 2048, 2048]",304.0
1285,11291,5,55,2026-05-24T21:22:54.694000+00:00,21.97,24.691,30.29,240.0,274.0,False,76.951,"[None, 2048, 2048, 2048, 2048, 2048]","[2048, 2048, 2048, 2048, 2048, 2048]","[2048, 2048, 2048, 2048, 2048, 2048, 2048, 2048]",303.0
1285,11291,81,55,2026-05-24T21:22:59.621000+00:00,22.033,24.212,30.441,,284.0,False,76.686,"[None, 2048, 2048, 2048, 2048, 2048]","[2048, 2048, 2048, 2048, 2048, 2048]","[2048, 2048, 2048, 2048, 2048, 2048, 2048, 2048]",303.0
1285,11291,43,56,2026-05-24T21:23:06.230000+00:00,21.95,25.61,30.37,205.0,286.0,False,77.93,"[None, 2049, 2048, 2048, 2048, 2048]","[2048, 2048, 2049, 2048, 2048, 2048]","[2048, 2048, 2048, 2048, 2048, 2048, 2048, 2048]",312.0
1285,11291,12,57,2026-05-24T21:23:07.517000+00:00,21.203,23.906,29.8,241.0,282.0,False,74.909,"[None, 2049, 2048, 2048, 2048, 2048]","[2048, 2048, 2048, 2048, 2048, 2048]","[2048, 2048, 2048, 2048, 2048, 2048, 2048, 2048]",304.0
1285,11291,77,53,2026-05-24T21:23:10.616000+00:00,22.968,25.425,33.292,,273.0,False,81.685,"[None, 2048, 2048, 2048, 2048, 2048]","[2048, 2048, 2048, 2048, 2048, 2048]","[2048, 2048, 2048, 2048, 2048, 2048, 2048, 2048]",261.0
1285,11291,3,57,2026-05-24T21:23:14.630000+00:00,21.652,24.127,30.171,,278.0,False,75.95,"[None, 2048, 2048, 2048, 2048, 2048]","[2048, 2048, 2048, 2048, 2048, 2048]","[2048, 2048, 2049, 2048, 2048, 2048, 2048, 2048]",303.0
1285,11291,44,57,2026-05-24T21:23:14.880000+00:00,21.953,24.026,30.004,,282.0,False,75.983,"[2049, 2048, 2049, 2048, 2048, 2048]","[2048, 2048, 2049, 2048, 2048, 2048]","[2048, 2048, 2049, 2048, 2048, 2048, 2048, 2048]",320.0
1285,11291,30,56,2026-05-24T21:23:22.958000+00:00,21.528,24.27,30.142,242.0,278.0,False,75.94,"[None, 2049, 2048, 2048, 2048, 2048]","[2048, 2048, 2048, 2048, 2048, 2048]","[2048, 2048, 2048, 2048, 2048, 2048, 2048, 2048]",303.0
1285,11291,10,56,2026-05-24T21:23:23.849000+00:00,21.602,24.125,30.134,,288.0,False,75.861,"[None, 2049, 2048, 2048, 2048, 2048]","[2048, 2048, 2049, 2048, 2048, 2048]","[2048, 2048, 2048, 2048, 2048, 2048, 2048, 2048]",314.0
1285,11291,16,57,2026-05-24T21:23:33.444000+00:00,21.691,23.992,30.192,,279.0,False,75.875,"[None, 2048, 2048, 2048, 2048, 2048]","[2048, 2048, 2048, 2048, 2048, 2048]","[2048, 2048, 2048, 2048, 2048, 2048, 2048, 2048]",299.0
1285,11291,18,54,2026-05-24T21:23:37.937000+00:00,22.614,25.116,31.43,,271.0,False,79.16,"[None, 2048, 2048, 2048, 2048, 2049]","[2048, 2048, 2048, 2048, 2049, 2048]","[2048, 2048, 2048, 2048, 2048, 2048, 2048, 2048]",293.0
1285,11291,55,56,2026-05-24T21:23:41.953000+00:00,21.648,24.137,30.306,241.0,283.0,False,76.091,"[None, 2048, 2048, 2048, 2048, 2048]","[2048, 2048, 2048, 2048, 2048, 2048]","[2048, 2048, 2048, 2048, 2048, 2048, 2048, 2048]",307.0
1285,11291,87,56,2026-05-24T21:23:45.984000+00:00,21.913,24.207,30.173,,280.0,False,76.293,"[None, 2048, 2048, 2048, 2048, 2048]","[2048, 2048, 2048, 2048, 2048, 2048]","[2048, 2048, 2048, 2048, 2048, 2048, 2048, 2048]",302.0
1285,11291,31,55,2026-05-24T21:23:48.562000+00:00,22.109,25.677,30.598,,277.0,False,78.384,"[None, 2048, 2049, 2049, 2048, 2048]","[2048, 2048, 2048, 2048, 2048, 2048]","[2048, 2048, 2048, 2048, 2048, 2048, 2048, 2048]",312.0
1285,11291,6,57,2026-05-24T21:23:50.202000+00:00,21.392,24.015,29.603,245.0,280.0,False,75.01,"[None, 2048, 2049, 2048, 2049, 2048]","[2048, 2048, 2048, 2048, 2048, 2048]","[2049, 2048, 2048, 2048, 2048, 2049, 2048, 2048]",310.0
1285,11291,27,56,2026-05-24T21:24:00.634000+00:00,21.778,24.269,30.463,242.0,276.0,False,76.51,"[None, 2048, 2048, 2048, 2048, 2048]","[2048, 2048, 2048, 2048, 2048, 2048]","[2048, 2048, 2048, 2048, 2048, 2048, 2048, 2048]",302.0
1285,11291,5,56,2026-05-24T21:24:11.719000+00:00,21.944,24.437,30.349,,274.0,False,76.73,"[None, 2048, 2048, 2048, 2048, 2048]","[2048, 2048, 2048, 2048, 2048, 2048]","[2048, 2048, 2048, 2048, 2048, 2048, 2048, 2048]",296.0
1285,11291,81,56,2026-05-24T21:24:16.262000+00:00,21.734,23.968,30.232,241.0,284.0,False,75.934,"[None, 2048, 2048, 2048, 2048, 2048]","[2049, 2049, 2048, 2048, 2049, 2048]","[2048, 2048, 2048, 2048, 2048, 2048, 2048, 2048]",299.0
1285,11291,12,58,2026-05-24T21:24:22.447000+00:00,21.192,23.678,29.831,,283.0,False,74.701,"[None, 2048, 2048, 2048, 2048, 2048]","[2048, 2048, 2048, 2048, 2048, 2048]","[2048, 2048, 2048, 2048, 2048, 2048, 2048, 2048]",301.0
1285,11291,43,57,2026-05-24T21:24:24.083000+00:00,21.686,24.192,30.633,244.0,283.0,False,76.511,"[None, 2048, 2048, 2049, 2048, 2048]","[2048, 2048, 2048, 2048, 2048, 2048]","[2048, 2048, 2048, 2048, 2048, 2048, 2048, 2048]",304.0
1285,11291,3,58,2026-05-24T21:24:30.631000+00:00,21.407,23.898,30.031,243.0,278.0,False,75.336,"[None, 2048, 2048, 2048, 2048, 2048]","[2048, 2048, 2048, 2048, 2048, 2048]","[2048, 2048, 2048, 2048, 2048, 2048, 2049, 2048]",298.0
1285,11291,44,58,2026-05-24T21:24:30.897000+00:00,21.829,23.92,29.71,236.0,281.0,False,75.459,"[2048, 2048, 2048, 2048, 2048, 2048]","[2048, 2048, 2048, 2048, 2048, 2048]","[2048, 2048, 2048, 2048, 2048, 2048, 2049, 2048]",315.0
1285,11291,77,54,2026-05-24T21:24:32.272000+00:00,22.923,25.299,31.136,231.0,276.0,False,79.358,"[None, 2048, 2048, 2048, 2048, 2048]","[2048, 2048, 2048, 2048, 2048, 2048]","[2048, 2048, 2048, 2048, 2048, 2048, 2048, 2048]",296.0
1285,11291,30,57,2026-05-24T21:24:38.850000+00:00,21.539,24.161,30.106,243.0,279.0,False,75.806,"[2048, 2048, 2048, 2049, 2049, 2048]","[2048, 2049, 2048, 2048, 2048, 2048]","[2048, 2048, 2048, 2048, 2048, 2048, 2048, 2048]",303.0
1285,11291,10,57,2026-05-24T21:24:39.709000+00:00,21.613,24.144,30.028,,289.0,False,75.785,"[None, 2048, 2048, 2048, 2048, 2048]","[2048, 2048, 2048, 2048, 2048, 2048]","[2048, 2048, 2048, 2048, 2048, 2048, 2048, 2048]",311.0
1285,11291,16,58,2026-05-24T21:24:49.404000+00:00,21.707,24.046,30.217,238.0,279.0,False,75.97,"[None, 2048, 2048, 2048, 2048, 2048]","[2048, 2048, 2048, 2048, 2048, 2048]","[2048, 2049, 2048, 2048, 2048, 2048, 2048, 2048]",299.0
1285,11291,18,55,2026-05-24T21:24:57.103000+00:00,23.708,25.265,31.173,233.0,273.0,False,80.146,"[None, 2048, 2048, 2048, 2048, 2048]","[2048, 2048, 2048, 2048, 2048, 2049]","[2048, 2048, 2048, 2048, 2048, 2048, 2049, 2049]",297.0
1285,11291,55,57,2026-05-24T21:24:58.134000+00:00,21.726,24.247,30.346,,280.0,False,76.319,"[None, 2048, 2048, 2048, 2048, 2048]","[2048, 2048, 2048, 2048, 2048, 2048]","[2048, 2048, 2048, 2048, 2048, 2048, 2048, 2048]",299.0
1285,11291,87,57,2026-05-24T21:25:02.228000+00:00,21.823,24.353,30.094,,277.0,False,76.27,"[None, 2048, 2049, 2048, 2048, 2048]","[2048, 2048, 2048, 2048, 2048, 2048]","[2048, 2048, 2048, 2048, 2048, 2048, 2049, 2048]",306.0
1285,11291,6,58,2026-05-24T21:25:05.181000+00:00,21.275,23.858,29.625,244.0,284.0,False,74.758,"[None, 2048, 2048, 2048, 2049, 2048]","[2049, 2049, 2048, 2048, 2048, 2048]","[2048, 2048, 2048, 2048, 2048, 2048, 2049, 2048]",312.0
1285,11291,31,56,2026-05-24T21:25:06.900000+00:00,21.914,24.43,30.38,235.0,276.0,False,76.724,"[2049, 2048, 2048, 2048, 2048, 2049]","[2049, 2048, 2048, 2048, 2048, 2048]","[2048, 2048, 2048, 2048, 2048, 2048, 2048, 2048]",312.0
1285,11291,27,57,2026-05-24T21:25:17.212000+00:00,21.619,24.145,30.511,,275.0,False,76.275,"[None, 2049, 2048, 2049, 2048, 2049]","[2049, 2048, 2048, 2048, 2048, 2048]","[2048, 2049, 2048, 2048, 2048, 2048, 2048, 2048]",303.0
1285,11291,5,57,2026-05-24T21:25:28.353000+00:00,21.949,24.313,30.537,239.0,273.0,False,76.799,"[None, 2048, 2048, 2048, 2048, 2048]","[2048, 2048, 2048, 2048, 2048, 2048]","[2048, 2048, 2048, 2048, 2048, 2048, 2048, 2048]",300.0
1285,11291,81,57,2026-05-24T21:25:32.244000+00:00,21.48,23.874,30.301,239.0,284.0,False,75.655,"[None, 2049, 2049, 2048, 2048, 2048]","[2048, 2048, 2048, 2049, 2051, 2048]","[2048, 2049, 2048, 2048, 2048, 2048, 2048, 2048]",304.0
1285,11291,12,59,2026-05-24T21:25:37.119000+00:00,21.055,23.765,29.97,242.0,283.0,False,74.79,"[None, 2048, 2048, 2048, 2048, 2048]","[2048, 2051, 2048, 2048, 2048, 2048]","[2048, 2048, 2048, 2048, 2048, 2048, 2048, 2048]",304.0
1285,11291,43,58,2026-05-24T21:25:40.697000+00:00,21.602,24.2,30.566,245.0,281.0,False,76.368,"[None, 2048, 2048, 2048, 2048, 2049]","[2048, 2048, 2048, 2048, 2048, 2048]","[2048, 2048, 2048, 2048, 2048, 2048, 2048, 2048]",305.0
1285,11291,3,59,2026-05-24T21:25:45.978000+00:00,21.101,23.814,29.876,,278.0,False,74.791,"[None, 2048, 2049, 2049, 2049, 2049]","[2048, 2049, 2048, 2048, 2049, 2048]","[2048, 2048, 2048, 2048, 2048, 2048, 2048, 2048]",302.0
1285,11291,44,59,2026-05-24T21:25:46.400000+00:00,21.512,23.804,29.829,237.0,284.0,False,75.145,"[None, 2048, 2048, 2048, 2048, 2048]","[2048, 2049, 2048, 2048, 2048, 2048]","[2048, 2048, 2048, 2048, 2048, 2048, 2048, 2048]",327.0
1285,11291,77,55,2026-05-24T21:25:51.662000+00:00,22.494,24.974,31.089,232.0,272.0,False,78.557,"[None, 2048, 2048, 2048, 2048, 2049]","[2048, 2049, 2048, 2048, 2048, 2048]","[2048, 2048, 2048, 2048, 2048, 2048, 2048, 2048]",292.0
1285,11291,30,58,2026-05-24T21:25:54.756000+00:00,21.62,24.124,30.359,240.0,280.0,False,76.103,"[2049, 2048, 2048, 2048, 2048, 2048]","[2048, 2048, 2048, 2049, 2049, 2048]","[2048, 2048, 2048, 2048, 2048, 2048, 2048, 2048]",308.0
1285,11291,10,58,2026-05-24T21:25:55.475000+00:00,21.573,24.106,30.304,244.0,289.0,False,75.983,"[None, 2048, 2048, 2048, 2048, 2048]","[2048, 2048, 2049, 2048, 2048, 2048]","[2048, 2048, 2048, 2048, 2048, 2048, 2049, 2048]",316.0
1285,11291,16,59,2026-05-24T21:26:05.334000+00:00,21.651,24.071,30.259,,279.0,False,75.981,"[None, 2048, 2048, 2048, 2048, 2048]","[2048, 2048, 2048, 2048, 2048, 2048]","[2048, 2048, 2048, 2048, 2048, 2048, 2048, 2048]",301.0
1285,11291,55,58,2026-05-24T21:26:14.423000+00:00,21.608,25.202,30.434,,282.0,False,77.244,"[None, 2049, 2048, 2048, 2048, 2048]","[2048, 2048, 2048, 2048, 2048, 2048]","[2048, 2048, 2048, 2048, 2048, 2048, 2048, 2048]",301.0
1285,11291,18,56,2026-05-24T21:26:17.314000+00:00,22.669,27.912,31.96,232.0,273.0,False,82.541,"[None, 2048, 2048, 2048, 2048, 2048]","[2048, 2048, 2048, 2048, 2048, 2048]","[2048, 2048, 2048, 2048, 2048, 2048, 2048, 2048]",301.0
1285,11291,87,58,2026-05-24T21:26:18.534000+00:00,21.939,24.368,31.015,236.0,272.0,False,77.322,"[None, 2048, 2048, 2048, 2048, 2048]","[2048, 2048, 2048, 2048, 2048, 2048]","[2048, 2048, 2048, 2048, 2048, 2048, 2049, 2049]",317.0
1285,11291,6,59,2026-05-24T21:26:19.910000+00:00,21.291,24.077,29.887,245.0,283.0,False,75.255,"[None, 2048, 2048, 2048, 2048, 2048]","[2048, 2048, 2049, 2048, 2048, 2048]","[2048, 2048, 2048, 2048, 2048, 2048, 2048, 2048]",304.0
1285,11291,31,57,2026-05-24T21:26:23.713000+00:00,22.085,24.48,30.347,232.0,275.0,False,76.912,"[2048, 2048, 2049, 2048, 2048, 2048]","[2048, 2048, 2048, 2048, 2048, 2048]","[2048, 2048, 2048, 2048, 2048, 2048, 2048, 2048]",313.0
1285,11291,27,58,2026-05-24T21:26:33.491000+00:00,21.691,24.968,30.398,243.0,277.0,False,77.057,"[2049, 2048, 2048, 2048, 2048, 2048]","[2048, 2048, 2048, 2048, 2048, 2049]","[2048, 2048, 2048, 2048, 2048, 2048, 2048, 2048]",305.0
1285,11291,5,58,2026-05-24T21:26:45.187000+00:00,21.992,24.508,30.199,240.0,274.0,False,76.699,"[None, 2048, 2048, 2048, 2048, 2048]","[2048, 2048, 2048, 2048, 2048, 2048]","[2048, 2048, 2048, 2048, 2048, 2048, 2048, 2048]",300.0
1285,11291,81,58,2026-05-24T21:26:47.873000+00:00,22.263,24.107,30.069,241.0,284.0,False,76.439,"[None, 0, 0, 2048, 2048, 2048]","[2048, 2049, 2049, 2048, 2048, 2048]","[2048, 2048, 2048, 2048, 2048, 2048, 2048, 2048]",304.0
1285,11291,12,60,2026-05-24T21:26:51.948000+00:00,21.244,23.692,29.509,241.0,284.0,False,74.445,"[None, 2048, 2048, 2048, 2048, 2048]","[2048, 2048, 2048, 2048, 2048, 2048]","[2048, 2048, 2048, 2048, 2048, 2048, 2049, 2048]",308.0
1285,11291,43,59,2026-05-24T21:26:57.088000+00:00,21.667,24.072,30.348,246.0,275.0,False,76.087,"[None, 2048, 2048, 2048, 2048, 2049]","[2048, 2048, 2048, 2048, 2048, 2048]","[2048, 2048, 2048, 2048, 2049, 2048, 2048, 2048]",305.0
1285,11291,3,60,2026-05-24T21:27:00.682000+00:00,21.217,23.798,29.839,244.0,277.0,False,74.854,"[None, 2048, 2048, 2048, 2048, 2049]","[2048, 2048, 2048, 2049, 2048, 2048]","[2048, 2048, 2048, 2048, 2048, 2048, 2048, 2048]",306.0
1285,11291,44,60,2026-05-24T21:27:01.479000+00:00,21.485,23.742,29.524,,283.0,False,74.751,"[None, 2048, 2048, 2048, 2048, 2048]","[2048, 2048, 2048, 2048, 2048, 2048]","[2048, 2048, 2048, 2048, 2049, 2048, 2048, 2048]",323.0
1285,11291,77,56,2026-05-24T21:27:10.223000+00:00,24.739,25.271,31.056,,272.0,False,81.066,"[None, 2048, 2048, 2048, 2048, 2048]","[2048, 2048, 2048, 2048, 2048, 2048]","[2048, 2048, 2048, 2048, 2048, 2048, 2049, 2048]",294.0
1285,11291,30,59,2026-05-24T21:27:10.784000+00:00,21.411,24.113,30.08,245.0,281.0,False,75.604,"[2048, 2049, 2048, 2049, 2048, 2049]","[2049, 2048, 2049, 2048, 2048, 2048]","[2048, 2048, 2048, 2048, 2048, 2049, 2048, 2048]",312.0
1285,11291,10,59,2026-05-24T21:27:11.519000+00:00,21.72,24.109,29.923,243.0,293.0,False,75.752,"[None, 2048, 2048, 2049, 2048, 2048]","[2049, 2048, 2048, 2049, 2048, 2051]","[2048, 2048, 2048, 2048, 2048, 2048, 2049, 2048]",316.0
1285,11291,16,60,2026-05-24T21:27:21.349000+00:00,21.531,23.935,30.084,237.0,280.0,False,75.55,"[None, 2048, 2048, 2048, 2048, 2048]","[2048, 2048, 2048, 2048, 2048, 2048]","[2048, 2048, 2048, 2048, 2048, 2048, 2048, 2048]",302.0
1285,11291,55,59,2026-05-24T21:27:31.666000+00:00,21.754,24.191,30.386,242.0,281.0,False,76.331,"[None, 2048, 2048, 2048, 2048, 2048]","[2049, 2048, 2048, 2048, 2048, 2048]","[2048, 2048, 2048, 2048, 2048, 2048, 2048, 2048]",299.0
1285,11291,6,60,2026-05-24T21:27:35.218000+00:00,21.25,23.867,29.891,,282.0,False,75.008,"[None, 2048, 2048, 2048, 2049, 2051]","[2049, 2048, 2048, 2049, 2049, 2048]","[2048, 2048, 2048, 2048, 2048, 2048, 2048, 2048]",309.0
1285,11291,87,59,2026-05-24T21:27:35.823000+00:00,22.063,24.446,30.241,,279.0,False,76.75,"[None, 2048, 2048, 2048, 2048, 2048]","[2048, 2048, 2048, 2048, 2048, 2048]","[2048, 2048, 2048, 2048, 2048, 2048, 2048, 2048]",312.0
1285,11291,18,57,2026-05-24T21:27:39.776000+00:00,24.098,25.478,31.221,235.0,272.0,False,80.797,"[None, 2048, 2048, 2048, 2048, 2048]","[2048, 2048, 2048, 2048, 2048, 2048]","[2048, 2048, 2048, 2048, 2048, 2048, 2048, 2048]",300.0
1285,11291,31,58,2026-05-24T21:27:40.588000+00:00,22.189,24.326,30.399,233.0,274.0,False,76.914,"[None, 2048, 2048, 2048, 2048, 2048]","[2048, 2049, 2048, 2049, 2048, 2048]","[2048, 2048, 2048, 2048, 2048, 2048, 2048, 2048]",310.0
1285,11291,27,59,2026-05-24T21:27:50.542000+00:00,21.761,24.201,30.367,242.0,277.0,False,76.329,"[2048, 2048, 2048, 2048, 2048, 2048]","[2048, 2048, 2048, 2048, 2048, 2048]","[2048, 2048, 2049, 2048, 2048, 2048, 2048, 2048]",305.0
1285,11291,5,59,2026-05-24T21:28:01.886000+00:00,21.795,24.296,30.28,242.0,275.0,False,76.371,"[None, 2048, 2048, 2048, 2048, 2049]","[2048, 2048, 2048, 2048, 2048, 2048]","[2048, 2048, 2048, 2048, 2048, 2048, 2048, 2048]",301.0
1285,11291,81,59,2026-05-24T21:28:04.305000+00:00,21.638,23.941,30.629,240.0,287.0,False,76.208,"[None, 2048, 2048, 2048, 2048, 2048]","[2048, 2049, 2048, 2048, 2048, 2048]","[2048, 2048, 2048, 2048, 2048, 2048, 2048, 2048]",307.0
1285,11291,12,61,2026-05-24T21:28:06.325000+00:00,21.105,23.59,29.645,243.0,287.0,False,74.34,"[None, 2048, 2048, 2048, 2048, 2048]","[2048, 2048, 2049, 2048, 2048, 2049]","[2048, 2048, 2048, 2048, 2048, 2048, 2048, 2048]",317.0
1285,11291,43,60,2026-05-24T21:28:13.101000+00:00,21.543,24.066,30.581,,284.0,False,76.19,"[None, 2048, 2048, 2048, 2048, 2048]","[2048, 2048, 2048, 2048, 2048, 2048]","[2048, 2048, 2048, 2048, 2048, 2048, 2048, 2048]",305.0
1285,11291,3,61,2026-05-24T21:28:15.554000+00:00,21.19,23.916,29.991,243.0,279.0,False,75.097,"[None, 2048, 2049, 2048, 2048, 2048]","[2048, 2048, 2048, 2048, 2048, 2048]","[2048, 2048, 2048, 2048, 2048, 2048, 2048, 2048]",310.0
1285,11291,44,61,2026-05-24T21:28:16.242000+00:00,21.319,23.726,29.528,238.0,286.0,False,74.573,"[None, 2048, 2049, 2048, 2048, 2048]","[2048, 2048, 2048, 2048, 2048, 2048]","[2048, 2048, 2049, 2048, 2048, 2048, 2051, 2051]",328.0
1285,11291,30,60,2026-05-24T21:28:26.336000+00:00,21.649,24.286,30.217,242.0,278.0,False,76.152,"[None, 2048, 2048, 2048, 2048, 2048]","[2048, 2048, 2048, 2048, 2048, 2048]","[2048, 2048, 2048, 2048, 2048, 2048, 2048, 2048]",304.0
1285,11291,10,60,2026-05-24T21:28:27.167000+00:00,21.565,24.123,30.239,244.0,292.0,False,75.927,"[None, 2048, 2048, 2048, 2048, 2049]","[2048, 2048, 2048, 2048, 2049, 2048]","[2048, 2049, 2048, 2048, 2048, 2048, 2048, 2048]",313.0
1285,11291,77,57,2026-05-24T21:28:31.189000+00:00,22.426,24.902,30.953,230.0,272.0,False,78.281,"[None, 2048, 2048, 2049, 2048, 2048]","[2048, 2048, 2048, 2049, 2048, 2048]","[2048, 2048, 2048, 2048, 2048, 2048, 2049, 2048]",293.0
1285,11291,16,61,2026-05-24T21:28:36.848000+00:00,21.51,23.993,29.894,239.0,280.0,False,75.397,"[None, 2048, 2048, 2048, 2048, 2048]","[2048, 2048, 2048, 2048, 2048, 2048]","[2048, 2048, 2048, 2048, 2048, 2048, 2048, 2048]",306.0
1285,11291,55,60,2026-05-24T21:28:47.934000+00:00,21.573,24.279,30.182,241.0,282.0,False,76.034,"[None, 2049, 2048, 2048, 2048, 2048]","[2048, 2048, 2048, 2048, 2049, 2048]","[2048, 2048, 2048, 2048, 2048, 2048, 2048, 2048]",303.0
1285,11291,6,61,2026-05-24T21:28:50.248000+00:00,21.33,24.069,29.65,243.0,282.0,False,75.049,"[None, 2048, 2048, 2049, 2048, 2048]","[2048, 2049, 2048, 2048, 2048, 2048]","[2048, 2048, 2048, 2048, 2048, 2048, 2048, 2048]",314.0
1285,11291,87,60,2026-05-24T21:28:52.574000+00:00,21.966,24.298,30.239,,277.0,False,76.503,"[None, 2049, 2048, 2048, 2048, 2048]","[2048, 2048, 2048, 2048, 2048, 2048]","[2048, 2048, 2048, 2048, 2048, 2048, 2048, 2048]",305.0
1285,11291,31,59,2026-05-24T21:28:57.585000+00:00,22.039,24.542,30.301,234.0,270.0,False,76.882,"[None, 2048, 2048, 2049, 2048, 2048]","[2048, 2048, 2048, 2048, 2048, 2048]","[2048, 2048, 2048, 2048, 2048, 2049, 2048, 2048]",311.0
1285,11291,18,58,2026-05-24T21:29:00.601000+00:00,22.763,25.178,31.195,,271.0,False,79.136,"[None, 2048, 2048, 2048, 2048, 2048]","[2048, 2048, 2048, 2048, 2048, 2048]","[2048, 2048, 2048, 2048, 2048, 2048, 2048, 2048]",298.0
1285,11291,27,60,2026-05-24T21:29:06.819000+00:00,29.211,25.694,30.801,233.0,273.0,False,85.706,"[None, 2048, 2048, 2048, 2048, 2048]","[2048, 2048, 2048, 2048, 2048, 2048]","[2048, 2048, 2048, 2048, 2048, 2048, 2048, 2048]",298.0
1285,11291,5,60,2026-05-24T21:29:18.348000+00:00,21.995,24.399,30.175,,276.0,False,76.569,"[None, 2048, 2048, 2049, 2048, 2048]","[2048, 2048, 2048, 2048, 2048, 2048]","[2048, 2048, 2048, 2048, 2048, 2048, 2048, 2048]",307.0
1285,11291,81,60,2026-05-24T21:29:20.504000+00:00,23.236,24.28,29.961,256.0,289.0,False,77.477,"[None, 2048, 2048, 2048, 2048, 2049]","[2048, 2048, 2048, 2048, 2048, 2049]","[2048, 2048, 2049, 2048, 2048, 2048, 2048, 2048]",309.0
1285,11291,12,62,2026-05-24T21:29:20.645000+00:00,22.236,23.657,29.52,,285.0,False,75.413,"[None, 2048, 2048, 2048, 2048, 2048]","[2048, 2048, 2049, 2048, 2048, 2048]","[2048, 2048, 2048, 2048, 2048, 2048, 2048, 2048]",313.0
1285,11291,43,61,2026-05-24T21:29:29.351000+00:00,24.029,24.288,30.156,249.0,290.0,False,78.473,"[None, 2048, 2048, 2048, 2048, 2048]","[2048, 2048, 2049, 2048, 2048, 2049]","[2048, 2049, 2048, 2048, 2049, 2048, 2049, 2049]",315.0
1285,11291,3,62,2026-05-24T21:29:30.711000+00:00,21.979,23.97,29.614,,286.0,False,75.563,"[None, 2048, 2048, 2048, 2048, 2048]","[2048, 2048, 2048, 2048, 2048, 2049]","[2048, 2048, 2049, 2048, 2048, 2048, 2049, 2049]",316.0
1285,11291,44,62,2026-05-24T21:29:30.898000+00:00,21.339,23.879,29.898,237.0,277.0,False,75.116,"[2051, 2048, 2048, 2048, 2048, 2048]","[2048, 2048, 2048, 2048, 2048, 2048]","[2048, 2048, 2048, 2048, 2048, 2048, 2048, 2048]",301.0
1285,11291,30,61,2026-05-24T21:29:42.570000+00:00,21.6,24.186,30.195,243.0,279.0,False,75.981,"[None, 2048, 2048, 2048, 2048, 2048]","[2048, 2048, 2048, 2048, 2048, 2048]","[2048, 2048, 2048, 2048, 2048, 2048, 2048, 2048]",301.0
1285,11291,10,61,2026-05-24T21:29:43.086000+00:00,21.642,24.171,30.082,243.0,293.0,False,75.895,"[None, 2048, 2048, 2049, 2048, 2048]","[2048, 2048, 2048, 2048, 2048, 2048]","[2049, 2048, 2048, 2048, 2048, 2048, 2048, 2048]",319.0
1285,11291,77,58,2026-05-24T21:29:49.589000+00:00,22.541,24.839,32.204,231.0,273.0,False,79.584,"[None, 2048, 2048, 2048, 2048, 2048]","[2048, 2048, 2048, 2048, 2049, 2048]","[2048, 2048, 2048, 2048, 2048, 2048, 2048, 2048]",283.0
1285,11291,16,62,2026-05-24T21:29:52.355000+00:00,21.556,24.097,29.921,238.0,283.0,False,75.574,"[None, 2048, 2049, 2048, 2048, 2048]","[2048, 2048, 2048, 2048, 2048, 2048]","[2048, 2048, 2048, 2048, 2048, 2048, 2048, 2048]",305.0
1285,11291,55,61,2026-05-24T21:30:04.073000+00:00,21.602,25.692,30.146,214.0,287.0,False,77.44,"[None, 2049, 2048, 2048, 2048, 2048]","[2048, 2048, 2048, 2048, 2048, 2049]","[2048, 2048, 2049, 2048, 2048, 2048, 2048, 2048]",311.0
1285,11291,6,62,2026-05-24T21:30:05.245000+00:00,21.276,24.117,57.603,245.0,278.0,False,102.996,"[None, 2049, 2048, 2048, 2048, 2048]","[2048, 2048, 2048, 2048, 2049, 2048]","[2048, 2048, 2048, 2048, 2049, 2064, 2064, 2064]",300.0
1285,11291,87,61,2026-05-24T21:30:09.183000+00:00,21.871,24.413,30.288,237.0,279.0,False,76.572,"[None, 2049, 2048, 2048, 2048, 2049]","[2049, 2048, 2048, 2048, 2048, 2048]","[2048, 2048, 2048, 2048, 2048, 2048, 2048, 2048]",301.0
1285,11291,31,60,2026-05-24T21:30:14.339000+00:00,21.961,24.417,30.387,,277.0,False,76.765,"[None, 2048, 2048, 2049, 2048, 2048]","[2049, 2048, 2048, 2048, 2048, 2048]","[2049, 2048, 2048, 2048, 2048, 2048, 2048, 2048]",297.0
1285,11291,18,59,2026-05-24T21:30:19.808000+00:00,22.536,25.111,31.23,236.0,271.0,False,78.877,"[None, 2048, 2048, 2048, 2048, 2048]","[2048, 2048, 2048, 2048, 2048, 2048]","[2048, 2048, 2048, 2048, 2048, 2048, 2048, 2048]",293.0
1285,11291,27,61,2026-05-24T21:30:32.506000+00:00,21.97,24.402,30.513,242.0,276.0,False,76.885,"[None, 2048, 2048, 2048, 2048, 2048]","[2048, 2048, 2048, 2048, 2048, 2048]","[2048, 2049, 2048, 2048, 2048, 2048, 2048, 2048]",301.0
1285,11291,5,61,2026-05-24T21:30:34.881000+00:00,21.91,25.327,30.088,243.0,283.0,False,77.325,"[None, 2048, 2048, 2048, 2048, 2048]","[2048, 2048, 2048, 2048, 2048, 2049]","[2048, 2048, 2048, 2048, 2048, 2048, 2048, 2048]",316.0
1285,11291,12,63,2026-05-24T21:30:36.147000+00:00,21.23,23.885,29.611,,283.0,False,74.726,"[None, 2048, 2048, 2048, 2048, 2048]","[2048, 2048, 2048, 2048, 2048, 2048]","[2049, 2048, 2048, 2048, 2048, 2048, 2048, 2048]",309.0
1285,11291,81,61,2026-05-24T21:30:38.006000+00:00,21.695,23.849,29.912,241.0,288.0,False,75.456,"[None, 2048, 2048, 2048, 2048, 2048]","[2049, 2048, 2048, 2048, 2048, 2048]","[2048, 2048, 2048, 2048, 2048, 2048, 2048, 2048]",313.0
1285,11291,44,63,2026-05-24T21:30:45.811000+00:00,21.371,23.803,29.716,,277.0,False,74.89,"[2048, 2048, 2048, 2048, 2048, 2048]","[2049, 2048, 2048, 2048, 2048, 2048]","[2048, 2048, 2048, 2048, 2048, 2049, 2048, 2048]",308.0
1285,11291,3,63,2026-05-24T21:30:46.186000+00:00,21.6,23.929,29.624,244.0,284.0,False,75.153,"[None, 2048, 2048, 2048, 2048, 2048]","[2048, 2048, 2048, 2048, 2048, 2048]","[2048, 2048, 2049, 2048, 2048, 2048, 2048, 2048]",317.0
1285,11291,43,62,2026-05-24T21:30:47.779000+00:00,21.567,24.001,30.197,245.0,287.0,False,75.765,"[2049, 2048, 2048, 2048, 2048, 2048]","[2048, 2048, 2048, 2048, 2048, 2048]","[2048, 2048, 2048, 2048, 2048, 2048, 2048, 2048]",314.0
1285,11291,30,62,2026-05-24T21:30:58.558000+00:00,21.499,24.207,30.311,242.0,277.0,False,76.017,"[None, 2048, 2048, 2048, 2048, 2048]","[2048, 2048, 2048, 2048, 2048, 2048]","[2048, 2048, 2048, 2048, 2048, 2049, 2048, 2048]",306.0
1285,11291,10,62,2026-05-24T21:30:59.027000+00:00,21.595,24.05,30.476,244.0,289.0,False,76.121,"[None, 2048, 2048, 2048, 2048, 2048]","[2049, 2048, 2048, 2048, 2048, 2048]","[2048, 2048, 2048, 2048, 2048, 2048, 2048, 2048]",322.0
1285,11291,16,63,2026-05-24T21:31:07.899000+00:00,21.545,24.019,30.353,237.0,279.0,False,75.917,"[None, 2048, 2048, 2048, 2048, 2048]","[2048, 2048, 2048, 2048, 2048, 2048]","[2048, 2048, 2048, 2048, 2048, 2048, 2048, 2048]",300.0
1285,11291,77,59,2026-05-24T21:31:09.071000+00:00,22.337,24.744,30.644,234.0,276.0,False,77.725,"[None, 2049, 2048, 2048, 2048, 2049]","[2048, 2049, 2048, 2048, 2048, 2048]","[2048, 2048, 2048, 2048, 2048, 2048, 2048, 2048]",301.0
1285,11291,55,62,2026-05-24T21:31:21.452000+00:00,21.681,24.253,30.563,243.0,280.0,False,76.497,"[None, 2048, 2048, 2048, 2048, 2048]","[2048, 2048, 2048, 2048, 2048, 2048]","[2048, 2048, 2048, 2048, 2048, 2048, 2048, 2048]",298.0
1285,11291,87,62,2026-05-24T21:31:25.617000+00:00,21.894,24.43,30.339,,277.0,False,76.663,"[None, 2048, 2048, 2048, 2048, 2049]","[2048, 2048, 2048, 2048, 2048, 2048]","[2048, 2048, 2048, 2048, 2048, 2048, 2048, 2048]",300.0
1285,11291,31,61,2026-05-24T21:31:31.227000+00:00,22.162,24.547,30.807,233.0,276.0,False,77.516,"[None, 2048, 2048, 2048, 2048, 2048]","[2048, 2048, 2048, 2048, 2048, 2048]","[2048, 2048, 2048, 2048, 2048, 2048, 2048, 2048]",297.0
1285,11291,18,60,2026-05-24T21:31:38.577000+00:00,22.738,25.307,31.367,234.0,270.0,False,79.412,"[None, 2048, 2048, 2049, 2048, 2048]","[2048, 2048, 2048, 2048, 2049, 2048]","[2048, 2048, 2048, 2048, 2048, 2048, 2048, 2048]",291.0
1285,11291,6,63,2026-05-24T21:31:48.212000+00:00,24.872,24.676,29.995,245.0,286.0,True,79.543,"[2064, 2064, 2048, 2048, 2048, 2048]","[2048, 2048, 2048, 2048, 2048, 2048]","[2048, 2048, 2049, 2048, 2048, 2048, 2048, 2048]",326.0
1285,11291,27,62,2026-05-24T21:31:49.415000+00:00,22.081,25.434,30.928,243.0,283.0,False,78.443,"[None, 2048, 2048, 2048, 2048, 2048]","[2048, 2048, 2048, 2048, 2048, 2049]","[2048, 2048, 2049, 2048, 2048, 2048, 2048, 2048]",316.0
1285,11291,12,64,2026-05-24T21:31:50.790000+00:00,21.455,23.821,29.843,241.0,283.0,False,75.119,"[None, 2048, 2048, 2048, 2048, 2048]","[2048, 2048, 2048, 2048, 2049, 2048]","[2048, 2048, 2048, 2048, 2048, 2048, 2048, 2048]",301.0
1285,11291,5,62,2026-05-24T21:31:52.134000+00:00,21.989,24.56,30.384,242.0,281.0,False,76.933,"[None, 2048, 2048, 2048, 2048, 2048]","[2048, 2048, 2048, 2048, 2048, 2048]","[2048, 2049, 2049, 2048, 2048, 2048, 2048, 2048]",311.0
1285,11291,81,62,2026-05-24T21:31:53.571000+00:00,22.314,24.084,29.945,,291.0,False,76.343,"[None, 2048, 2048, 2049, 2048, 2048]","[2048, 2048, 2049, 2048, 2048, 2049]","[2048, 2048, 2049, 2048, 2048, 2048, 2049, 2048]",316.0
1285,11291,44,64,2026-05-24T21:32:00.821000+00:00,21.476,23.708,29.885,236.0,278.0,False,75.069,"[None, 2048, 2048, 2049, 2048, 2048]","[2048, 2049, 2048, 2048, 2048, 2048]","[2048, 2048, 2048, 2048, 2048, 2048, 2048, 2048]",307.0
1285,11291,3,64,2026-05-24T21:32:01.466000+00:00,21.439,24.099,29.698,245.0,283.0,False,75.236,"[None, 2048, 2048, 2048, 2048, 2048]","[2048, 2048, 2048, 2048, 2048, 2048]","[2048, 2048, 2048, 2048, 2048, 2048, 2048, 2048]",313.0
1285,11291,43,63,2026-05-24T21:32:03.556000+00:00,21.693,24.202,30.391,243.0,280.0,False,76.286,"[2048, 2048, 2048, 2048, 2048, 2048]","[2048, 2048, 2048, 2048, 2048, 2048]","[2048, 2048, 2048, 2048, 2048, 2048, 2048, 2048]",308.0
1285,11291,30,63,2026-05-24T21:32:14.559000+00:00,21.627,24.178,30.251,241.0,279.0,False,76.056,"[None, 2049, 2048, 2048, 2048, 2048]","[2048, 2048, 2048, 2048, 2049, 2048]","[2048, 2048, 2048, 2048, 2048, 2048, 2048, 2048]",311.0
1285,11291,10,63,2026-05-24T21:32:15.168000+00:00,21.691,24.053,30.077,,293.0,False,75.821,"[None, 2048, 2049, 2048, 2048, 2048]","[2048, 2048, 2048, 2048, 2049, 2048]","[2048, 2048, 2048, 2048, 2048, 2048, 2048, 2048]",318.0
1285,11291,16,64,2026-05-24T21:32:23.777000+00:00,22.007,24.313,30.331,236.0,278.0,False,76.651,"[None, 2048, 2048, 2048, 2048, 2048]","[2048, 2048, 2048, 2048, 2048, 2048]","[2048, 2048, 2048, 2048, 2048, 2048, 2048, 2048]",299.0
1285,11291,77,60,2026-05-24T21:32:26.871000+00:00,22.386,24.789,30.908,233.0,272.0,False,78.083,"[None, 2048, 2048, 2049, 2048, 2048]","[2048, 2048, 2048, 2048, 2048, 2048]","[2049, 2048, 2048, 2048, 2048, 2048, 2048, 2048]",288.0
1285,11291,55,63,2026-05-24T21:32:37.953000+00:00,21.691,24.14,30.542,,281.0,False,76.373,"[None, 2048, 2048, 2048, 2048, 2049]","[2048, 2048, 2048, 2048, 2048, 2048]","[2048, 2048, 2048, 2048, 2048, 2048, 2048, 2048]",296.0
1285,11291,87,63,2026-05-24T21:32:42.433000+00:00,21.857,24.237,30.282,,277.0,False,76.376,"[None, 2049, 2048, 2048, 2048, 2049]","[2048, 2048, 2048, 2048, 2048, 2048]","[2048, 2048, 2048, 2048, 2048, 2048, 2048, 2048]",299.0
1285,11291,31,62,2026-05-24T21:32:48.634000+00:00,22.084,24.416,30.492,,276.0,False,76.992,"[None, 2048, 2048, 2048, 2048, 2048]","[2048, 2048, 2048, 2048, 2048, 2048]","[2048, 2048, 2048, 2048, 2048, 2048, 2048, 2048]",296.0
1285,11291,18,61,2026-05-24T21:32:57.962000+00:00,22.593,25.047,31.372,235.0,270.0,False,79.012,"[None, 2048, 2048, 2048, 2048, 2049]","[2048, 2049, 2048, 2048, 2048, 2048]","[2048, 2048, 2048, 2048, 2048, 2048, 2049, 2048]",290.0
1285,11291,12,65,2026-05-24T21:33:05.888000+00:00,21.101,23.777,29.891,,282.0,False,74.769,"[None, 2048, 2048, 2049, 2048, 2048]","[2048, 2048, 2048, 2048, 2048, 2048]","[2048, 2048, 2048, 2048, 2048, 2048, 2048, 2048]",301.0
1285,11291,6,64,2026-05-24T21:33:07.748000+00:00,21.476,23.993,29.93,246.0,284.0,False,75.399,"[2048, 2048, 2048, 2048, 2048, 2048]","[2048, 2048, 2048, 2048, 2048, 2048]","[2048, 2048, 2048, 2048, 2048, 2048, 2048, 2048]",311.0
1285,11291,27,63,2026-05-24T21:33:08.018000+00:00,22.66,24.269,30.091,245.0,280.0,False,77.02,"[None, 2048, 2048, 2048, 2048, 2048]","[2048, 2048, 2048, 2048, 2048, 2048]","[2048, 2048, 2048, 2049, 2048, 2048, 2049, 2049]",330.0
1285,11291,5,63,2026-05-24T21:33:09.136000+00:00,22.012,24.707,30.72,244.0,280.0,False,77.439,"[2049, 2048, 2048, 2048, 2048, 2048]","[2048, 2048, 2049, 2048, 2048, 2048]","[2048, 2048, 2049, 2048, 2048, 2048, 2049, 2049]",323.0
1285,11291,81,63,2026-05-24T21:33:09.804000+00:00,21.763,24.286,29.834,244.0,298.0,False,75.883,"[None, 2048, 2049, 2048, 2048, 2048]","[2048, 2048, 2049, 2048, 2048, 2051]","[2048, 2048, 2049, 2048, 2048, 2048, 2049, 2048]",319.0
1285,11291,44,65,2026-05-24T21:33:15.971000+00:00,21.28,23.72,29.689,237.0,279.0,False,74.689,"[None, 2051, 2048, 2048, 2048, 2048]","[2048, 2048, 2048, 2048, 2048, 2048]","[2051, 2048, 2048, 2048, 2048, 2048, 2048, 2048]",309.0
1285,11291,3,65,2026-05-24T21:33:16.653000+00:00,21.259,23.724,29.44,247.0,287.0,False,74.423,"[None, 2048, 2048, 2051, 2048, 2048]","[2048, 2048, 2049, 2048, 2048, 2049]","[2049, 2048, 2049, 2048, 2049, 2048, 2048, 2048]",320.0
1285,11291,43,64,2026-05-24T21:33:19.915000+00:00,21.577,24.086,30.382,245.0,284.0,False,76.045,"[None, 2048, 2048, 2048, 2048, 2048]","[2048, 2048, 2048, 2048, 2048, 2048]","[2048, 2048, 2048, 2048, 2048, 2048, 2048, 2048]",305.0
1285,11291,30,64,2026-05-24T21:33:30.690000+00:00,21.665,24.194,30.995,243.0,277.0,False,76.854,"[None, 2048, 2048, 2048, 2048, 2048]","[2048, 2048, 2048, 2048, 2048, 2048]","[2048, 2048, 2048, 2048, 2049, 2048, 2048, 2048]",310.0
1285,11291,10,64,2026-05-24T21:33:30.940000+00:00,21.77,24.235,30.848,,291.0,False,76.853,"[None, 2048, 2048, 2048, 2048, 2048]","[2048, 2048, 2048, 2048, 2048, 2048]","[2048, 2048, 2048, 2048, 2049, 2048, 2048, 2048]",338.0
1285,11291,16,65,2026-05-24T21:33:40.434000+00:00,21.868,24.105,30.499,238.0,278.0,False,76.472,"[None, 2048, 2048, 2048, 2048, 2048]","[2048, 2048, 2048, 2048, 2048, 2048]","[2048, 2049, 2048, 2048, 2048, 2048, 2048, 2048]",299.0
1285,11291,77,61,2026-05-24T21:33:44.948000+00:00,22.283,24.781,31.047,231.0,274.0,False,78.111,"[None, 2048, 2049, 2048, 2048, 2048]","[2048, 2048, 2048, 2048, 2049, 2048]","[2048, 2049, 2048, 2048, 2048, 2048, 2048, 2048]",288.0
1285,11291,55,64,2026-05-24T21:33:54.297000+00:00,21.51,24.092,30.286,241.0,281.0,False,75.888,"[None, 2048, 2048, 2048, 2048, 2048]","[2048, 2048, 2048, 2049, 2048, 2048]","[2048, 2048, 2048, 2048, 2048, 2048, 2048, 2048]",300.0
1285,11291,87,64,2026-05-24T21:33:58.812000+00:00,21.687,24.222,30.093,236.0,279.0,False,76.002,"[None, 2049, 2048, 2048, 2049, 2048]","[2048, 2048, 2048, 2048, 2049, 2048]","[2048, 2048, 2048, 2048, 2048, 2048, 2048, 2048]",300.0
1285,11291,31,63,2026-05-24T21:34:05.735000+00:00,22.014,24.342,30.48,234.0,277.0,False,76.836,"[None, 2048, 2049, 2048, 2048, 2048]","[2049, 2048, 2048, 2048, 2048, 2048]","[2048, 2048, 2048, 2048, 2048, 2048, 2048, 2048]",297.0
1285,11291,18,62,2026-05-24T21:34:17.069000+00:00,22.491,25.122,31.822,,270.0,False,79.435,"[None, 2048, 2048, 2048, 2048, 2048]","[2048, 2048, 2048, 2048, 2048, 2048]","[2048, 2048, 2048, 2048, 2048, 2048, 2048, 2048]",284.0
1285,11291,12,66,2026-05-24T21:34:20.683000+00:00,21.124,23.791,29.497,242.0,286.0,False,74.412,"[None, 2048, 2048, 2048, 2048, 2048]","[2048, 2048, 2048, 2048, 2048, 2048]","[2048, 2048, 2048, 2048, 2048, 2048, 2048, 2048]",315.0
1285,11291,6,65,2026-05-24T21:34:23.307000+00:00,21.381,23.928,29.701,244.0,283.0,False,75.01,"[None, 2048, 2049, 2048, 2048, 2048]","[2048, 2048, 2048, 2048, 2048, 2048]","[2048, 2049, 2048, 2048, 2048, 2049, 2049, 2048]",310.0
1285,11291,27,64,2026-05-24T21:34:24.932000+00:00,21.872,24.443,30.871,237.0,278.0,False,77.186,"[2049, 2048, 2048, 2048, 2048, 2048]","[2048, 2048, 2048, 2048, 2048, 2048]","[2048, 2048, 2048, 2048, 2048, 2048, 2048, 2048]",324.0
1285,11291,81,64,2026-05-24T21:34:25.635000+00:00,21.612,24.23,30.1,,296.0,False,75.942,"[None, 2048, 2048, 2048, 2048, 2048]","[2048, 2048, 2048, 2048, 2048, 2048]","[2048, 2048, 2051, 2049, 2048, 2048, 2048, 2048]",336.0
1285,11291,5,64,2026-05-24T21:34:26.506000+00:00,21.783,26.523,32.193,243.0,255.0,False,80.499,"[None, 2048, 2048, 2048, 2048, 2049]","[2048, 2048, 2049, None, None, 2048]","[2048, 2048, 2048, 2048, 2048, 2048, 2048, 2048]",326.0
1285,11291,44,66,2026-05-24T21:34:30.599000+00:00,21.296,23.69,29.815,238.0,280.0,False,74.801,"[None, 2048, 2048, 2048, 2048, 2048]","[2051, 2049, 2048, 2048, 2048, 2048]","[2048, 2048, 2048, 2048, 2048, 2048, 2048, 2048]",311.0
1285,11291,3,66,2026-05-24T21:34:31.052000+00:00,21.361,23.901,29.445,245.0,288.0,False,74.707,"[None, 2048, 2048, 2048, 2048, 2048]","[2048, 2048, 2048, 2048, 2048, 2049]","[2048, 2048, 2049, 2048, 2048, 2048, 2051, 2049]",321.0
1285,11291,43,65,2026-05-24T21:34:35.972000+00:00,21.521,24.107,30.352,246.0,277.0,False,75.98,"[None, 2048, 2049, 2048, 2048, 2048]","[2048, 2048, 2048, 2048, 2048, 2048]","[2048, 2048, 2048, 2048, 2048, 2048, 2049, 2048]",306.0
1285,11291,30,65,2026-05-24T21:34:47.448000+00:00,22.696,24.592,30.574,242.0,278.0,False,77.862,"[None, 2048, 2048, 2048, 2048, 2048]","[2048, 2048, 2048, 2048, 2048, 2048]","[2048, 2048, 2048, 2048, 2048, 2048, 2048, 2048]",319.0
1285,11291,10,65,2026-05-24T21:34:47.875000+00:00,22.708,24.458,31.307,,293.0,False,78.473,"[None, 2048, 2048, 2048, 2048, 2048]","[2048, 2048, 2049, 2048, 2048, 2048]","[2048, 2048, 2049, 2048, 2048, 2048, 2048, 2048]",343.0
1285,11291,16,66,2026-05-24T21:34:56.922000+00:00,22.02,24.5,30.69,236.0,280.0,False,77.21,"[None, 2048, 2048, 2048, 2048, 2048]","[2048, 2048, 2048, 2048, 2048, 2048]","[2048, 2048, 2048, 2048, 2048, 2048, 2048, 2048]",300.0
1285,11291,77,62,2026-05-24T21:35:03.063000+00:00,22.367,24.973,30.911,232.0,272.0,False,78.251,"[None, 2048, 2048, 2048, 2048, 2048]","[2048, 2048, 2048, 2048, 2048, 2048]","[2048, 2048, 2048, 2048, 2048, 2049, 2049, 2048]",290.0
1285,11291,55,65,2026-05-24T21:35:10.175000+00:00,21.595,24.082,30.175,,282.0,False,75.852,"[None, 2048, 2048, 2048, 2048, 2048]","[2048, 2049, 2048, 2048, 2048, 2048]","[2048, 2048, 2048, 2048, 2048, 2048, 2048, 2048]",301.0
1285,11291,87,65,2026-05-24T21:35:14.791000+00:00,21.844,24.237,30.108,237.0,277.0,False,76.189,"[None, 2048, 2048, 2048, 2048, 2048]","[2048, 2048, 2048, 2048, 2048, 2048]","[2048, 2048, 2048, 2048, 2048, 2048, 2048, 2048]",301.0
1285,11291,31,64,2026-05-24T21:35:22.559000+00:00,21.845,24.294,30.438,,275.0,False,76.577,"[None, 2048, 2048, 2048, 2048, 2048]","[2048, 2048, 2048, 2049, 2048, 2048]","[2048, 2048, 2048, 2048, 2048, 2049, 2048, 2048]",297.0
1285,11291,12,67,2026-05-24T21:35:35.067000+00:00,21.123,23.652,29.834,241.0,282.0,False,74.609,"[None, 2048, 2048, 2048, 2048, 2048]","[2048, 2048, 2048, 2048, 2048, 2048]","[2048, 2048, 2048, 2048, 2048, 2048, 2048, 2048]",301.0
1285,11291,18,63,2026-05-24T21:35:36.488000+00:00,22.67,25.674,30.905,233.0,277.0,False,79.249,"[None, 2048, 2048, 2048, 2048, 2048]","[2048, 2048, 2048, 2048, 2048, 2049]","[2048, 2048, 2049, 2048, 2048, 2049, 2049, 2049]",307.0
1285,11291,6,66,2026-05-24T21:35:38.222000+00:00,21.347,24.446,30.437,245.0,280.0,False,76.23,"[None, 2048, 2048, 2048, 2048, 2048]","[2048, 2048, 2048, 2048, 2048, 2048]","[2048, 2049, 2048, 2048, 2048, 2048, 2048, 2048]",305.0
1285,11291,81,65,2026-05-24T21:35:41.566000+00:00,21.78,24.002,30.793,237.0,284.0,False,76.575,"[None, 2049, 2048, 2048, 2048, 2048]","[2048, 2048, 2048, 2048, 2048, 2048]","[2048, 2048, 2048, 2048, 2048, 2049, 2048, 2048]",305.0
1285,11291,27,65,2026-05-24T21:35:42.113000+00:00,22.349,24.238,29.866,238.0,284.0,False,76.453,"[2048, 2048, 2048, 2048, 2048, 2048]","[2048, 2048, 2048, 2048, 2048, 2049]","[2048, 2048, 2049, 2049, 2048, 2048, 2048, 2048]",332.0
1285,11291,44,67,2026-05-24T21:35:45.316000+00:00,21.521,23.608,29.57,,281.0,False,74.699,"[None, 2048, 2049, 2048, 2048, 2048]","[2051, 2048, 2048, 2051, 2048, 2048]","[2048, 2048, 2048, 2048, 2048, 2048, 2048, 2048]",313.0
1285,11291,3,67,2026-05-24T21:35:45.708000+00:00,21.64,23.848,29.606,244.0,288.0,False,75.094,"[2049, 2048, 2048, 2048, 2048, 2048]","[2048, 2048, 2048, 2048, 2048, 2048]","[2048, 2049, 2049, 2048, 2048, 2048, 2048, 2048]",318.0
1285,11291,5,65,2026-05-24T21:35:47.050000+00:00,22.028,24.374,30.085,242.0,283.0,False,76.487,"[2048, 2048, 2048, 2048, 2048, 2048]","[2048, 2048, 2048, 2048, 2048, 2049]","[2048, 2048, 2048, 2048, 2048, 2048, 2048, 2048]",314.0
1285,11291,43,66,2026-05-24T21:35:51.847000+00:00,21.614,24.127,30.4,,281.0,False,76.141,"[None, 2048, 2048, 2048, 2048, 2049]","[2048, 2048, 2048, 2048, 2048, 2048]","[2048, 2048, 2048, 2048, 2048, 2048, 2048, 2048]",309.0
1285,11291,30,66,2026-05-24T21:36:05.235000+00:00,21.778,24.168,30.495,243.0,278.0,False,76.441,"[None, 2048, 2048, 2048, 2048, 2048]","[2048, 2049, 2048, 2048, 2048, 2048]","[2048, 2048, 2048, 2048, 2048, 2048, 2048, 2048]",300.0
1285,11291,10,66,2026-05-24T21:36:06.235000+00:00,21.781,25.051,30.008,243.0,288.0,False,76.84,"[None, 2048, 2048, 2048, 2048, 2048]","[2048, 2048, 2048, 2048, 2048, 2048]","[2048, 2048, 2048, 2048, 2048, 2049, 2048, 2048]",311.0
1285,11291,16,67,2026-05-24T21:36:14.065000+00:00,21.779,24.328,30.361,239.0,282.0,False,76.468,"[None, 2048, 2048, 2048, 2048, 2048]","[2048, 2048, 2048, 2048, 2048, 2048]","[2048, 2048, 2048, 2048, 2048, 2048, 2048, 2048]",302.0
1285,11291,77,63,2026-05-24T21:36:21.304000+00:00,22.336,24.741,30.928,,274.0,False,78.005,"[None, 2048, 2048, 2048, 2048, 2048]","[2049, 2048, 2048, 2048, 2048, 2048]","[2048, 2048, 2048, 2048, 2048, 2048, 2048, 2049]",291.0
1285,11291,55,66,2026-05-24T21:36:26.070000+00:00,21.594,27.03,30.786,,270.0,False,79.41,"[None, 2048, 2048, 2048, 2048, 2048]","[2048, 2048, 2048, None, None, 2048]","[2048, 2048, 2048, 2048, 2048, 2048, 2048, 2048]",300.0
1285,11291,87,66,2026-05-24T21:36:30.941000+00:00,21.74,24.207,30.068,,280.0,False,76.015,"[None, 2048, 2048, 2049, 2048, 2048]","[2049, 2048, 2048, 2048, 2048, 2048]","[2048, 2048, 2048, 2048, 2048, 2048, 2048, 2048]",307.0
1285,11291,31,65,2026-05-24T21:36:39.082000+00:00,21.903,24.265,30.571,233.0,276.0,False,76.739,"[None, 2048, 2049, 2049, 2048, 2048]","[2048, 2048, 2048, 2048, 2048, 2048]","[2048, 2048, 2048, 2048, 2048, 2048, 2048, 2048]",299.0
1285,11291,12,68,2026-05-24T21:36:49.832000+00:00,20.989,23.638,29.583,242.0,282.0,False,74.21,"[None, 2051, 2048, 2048, 2048, 2048]","[2048, 2048, 2048, 2048, 2048, 2048]","[2048, 2048, 2048, 2048, 2049, 2048, 2048, 2048]",323.0
1285,11291,6,67,2026-05-24T21:36:54.363000+00:00,21.18,23.82,29.578,244.0,281.0,False,74.578,"[None, 2048, 2048, 2048, 2048, 2048]","[2049, 2048, 2048, 2048, 2049, 2048]","[2048, 2048, 2048, 2048, 2048, 2048, 2048, 2048]",311.0
1285,11291,18,64,2026-05-24T21:36:55.770000+00:00,22.498,25.056,39.078,235.0,272.0,False,86.632,"[None, 2048, 2048, 2048, 2048, 2048]","[2048, 2048, 2048, 2048, 2048, 2048]","[2048, 2048, 2048, 2048, 2048, 2048, 2048, 2048]",241.0
1285,11291,81,66,2026-05-24T21:36:58.148000+00:00,21.928,25.474,31.068,241.0,192.0,False,78.47,"[None, 2048, 2048, 2048, 2048, 2048]","[2048, 2049, 2048, 2048, 2048, 2048]","[2048, 2048, 2048, 2048, 2048, 2048, 2048, 2048]",318.0
1285,11291,27,66,2026-05-24T21:36:58.551000+00:00,24.661,24.596,30.329,,282.0,False,79.586,"[None, 2048, 2048, 2048, 2048, 2048]","[2048, 2048, 2048, 2048, 2048, 2048]","[2048, 2048, 2049, 2048, 2048, 2048, 2048, 2048]",334.0
1285,11291,44,68,2026-05-24T21:37:00.020000+00:00,21.302,23.721,29.623,,279.0,False,74.646,"[None, 2048, 2048, 2049, 2048, 2048]","[2048, 2048, 2048, 2048, 2048, 2048]","[2048, 2048, 2048, 2048, 2049, 2048, 2048, 2048]",316.0
1285,11291,3,68,2026-05-24T21:37:00.863000+00:00,21.164,23.796,29.438,245.0,286.0,False,74.398,"[2048, 2048, 2048, 2048, 2048, 2048]","[2048, 2048, 2048, 2049, 2048, 2048]","[2049, 2048, 2048, 2049, 2048, 2048, 2048, 2048]",329.0
1285,11291,5,66,2026-05-24T21:37:03.582000+00:00,21.854,24.508,30.214,,280.0,False,76.576,"[None, 2048, 2048, 2048, 2048, 2048]","[2048, 2048, 2048, 2048, 2048, 2048]","[2048, 2048, 2048, 2048, 2048, 2048, 2049, 2048]",315.0
1285,11291,43,67,2026-05-24T21:37:08.051000+00:00,21.489,23.97,30.003,247.0,285.0,False,75.462,"[None, 2048, 2048, 2048, 2048, 2049]","[2048, 2049, 2048, 2048, 2048, 2048]","[2048, 2048, 2048, 2048, 2048, 2048, 2048, 2048]",330.0
1285,11291,30,67,2026-05-24T21:37:21.791000+00:00,21.592,24.446,30.389,,280.0,False,76.427,"[None, 2048, 2048, 2048, 2048, 2048]","[2048, 2048, 2048, 2048, 2048, 2048]","[2048, 2048, 2048, 2048, 2048, 2048, 2048, 2048]",320.0
1285,11291,10,67,2026-05-24T21:37:23.178000+00:00,21.458,24.076,29.856,,286.0,False,75.39,"[None, 2049, 2048, 2048, 2049, 2048]","[2048, 2048, 2048, 2048, 2048, 2048]","[2048, 2048, 2048, 2048, 2048, 2048, 2048, 2048]",327.0
1285,11291,16,68,2026-05-24T21:37:30.564000+00:00,21.82,24.493,31.213,,281.0,False,77.526,"[None, 2048, 2048, 2048, 2048, 2048]","[2048, 2048, 2048, 2048, 2048, 2048]","[2048, 2048, 2048, 2048, 2048, 2048, 2048, 2048]",303.0
1285,11291,77,64,2026-05-24T21:37:39.345000+00:00,22.13,24.742,31.193,233.0,276.0,False,78.065,"[2049, 2048, 2048, 2048, 2049, 2049]","[2048, 2048, 2048, 2048, 2048, 2048]","[2048, 2049, 2048, 2048, 2048, 2048, 2048, 2048]",292.0
1285,11291,55,67,2026-05-24T21:37:45.517000+00:00,21.798,24.246,30.416,,282.0,False,76.46,"[None, 2048, 2048, 2048, 2048, 2048]","[2048, 2048, 2048, 2048, 2048, 2048]","[2048, 2048, 2048, 2048, 2048, 2048, 2048, 2048]",313.0
1285,11291,87,67,2026-05-24T21:37:46.939000+00:00,21.737,24.172,30.139,238.0,281.0,False,76.048,"[None, 2048, 2048, 2048, 2048, 2049]","[2048, 2049, 2049, 2048, 2048, 2048]","[2048, 2048, 2048, 2048, 2048, 2048, 2048, 2048]",328.0
1285,11291,31,66,2026-05-24T21:37:55.888000+00:00,21.955,24.337,30.462,234.0,277.0,False,76.754,"[None, 2048, 2049, 2048, 2048, 2048]","[2048, 2048, 2048, 2048, 2048, 2048]","[2048, 2048, 2048, 2048, 2048, 2048, 2048, 2048]",298.0
