meeting_key,session_key,driver_number,lap_number,date_start,duration_sector_1,duration_sector_2,duration_sector_3,i1_speed,i2_speed,is_pit_out_lap,lap_duration,segments_sector_1,segments_sector_2,segments_sector_3,st_speed
1284,11280,12,1,2026-05-03T17:04:02.493000+00:00,37.766,34.209,25.71,213.0,189.0,False,97.685,"[None, 2049, 2049, 2049, 2049, 2049, 2049, 2049, 2049]","[2049, 2049, 2049, 2049, 2049, 2049, 2049, 2049, 2049]","[2049, 2049, 2049, 2049, 2049, 2049, 2049, 2049]",311.0
1284,11280,3,1,2026-05-03T17:04:02.493000+00:00,41.678,36.327,27.361,207.0,173.0,False,105.366,"[None, 2049, 2049, 2049, 2049, 2049, 2049, 2049, 2049]","[2049, 2049, 2049, 2049, 2049, 2049, 2049, 2049, 2049]","[2049, 2049, 2049, 2049, 2049, 2049, 2049, 2049]",306.0
1284,11280,16,1,2026-05-03T17:04:02.493000+00:00,35.975,34.486,26.068,211.0,188.0,False,96.529,"[None, 2051, 2051, 2051, 2051, 2051, 2051, 2051, 2051]","[2049, 2049, 2049, 2049, 2049, 2049, 2051, 2051, 2051]","[2049, 2049, 2049, 2049, 2049, 2051, 2051, 2051]",287.0
1284,11280,63,1,2026-05-03T17:04:02.493000+00:00,39.474,34.73,25.557,213.0,186.0,False,99.761,"[2048, 2049, 2049, 2049, 2049, 2049, 2049, 2049, 2049]","[2049, 2049, 2049, 2049, 2049, 2049, 2049, 2049, 2049]","[2049, 2049, 2049, 2049, 2049, 2049, 2049, 2049]",331.0
1284,11280,1,1,2026-05-03T17:04:02.493000+00:00,38.358,34.453,25.729,213.0,183.0,False,98.54,"[None, 2049, 2049, 2049, 2049, 2049, 2049, 2049, 2049]","[2049, 2049, 2049, 2049, 2049, 2051, 2049, 2049, 2049]","[2049, 2049, 2049, 2049, 2051, 2049, 2051, 2051]",298.0
1284,11280,44,1,2026-05-03T17:04:02.493000+00:00,40.027,35.479,25.471,215.0,187.0,False,100.977,"[None, 2049, 2049, 2049, 2049, 2049, 2049, 2049, 2049]","[2051, 2049, 2049, 2049, 2051, 2049, 2049, 2049, 2049]","[2051, 2049, 2049, 2049, 2049, 2049, 2051, 2048]",301.0
1284,11280,81,1,2026-05-03T17:04:02.493000+00:00,38.818,34.706,25.632,214.0,186.0,False,99.156,"[None, 2049, 2049, 2049, 2049, 2049, 2049, 2049, 2049]","[2049, 2049, 2049, 2049, 2049, 2049, 2049, 2049, 2049]","[2049, 2049, 2049, 2051, 2049, 2049, 2049, 2049]",314.0
1284,11280,43,1,2026-05-03T17:04:02.493000+00:00,39.93,35.479,26.585,211.0,181.0,False,101.994,"[None, 2049, 2049, 2049, 2049, 2049, 2049, 2049, 2049]","[2049, 2049, 2049, 2049, 2049, 2049, 2049, 2049, 2049]","[2049, 2049, 2049, 2049, 2049, 2049, 2049, 2049]",280.0
1284,11280,10,1,2026-05-03T17:04:02.493000+00:00,42.372,37.363,26.123,204.0,176.0,False,105.858,"[None, 2049, 2049, 2049, 2049, 2049, 2049, 2049, 2049]","[2049, 2049, 2049, 2049, 2049, 2049, 2049, 2049, 2049]","[2049, 2049, 2049, 2049, 2049, 2049, 2049, 2049]",303.0
1284,11280,77,1,2026-05-03T17:04:02.493000+00:00,45.433,39.11,26.234,195.0,186.0,False,110.777,"[2049, 2049, 2049, 2049, 2049, 2049, 2049, 2049, 2049]","[2049, 2049, 2049, 2049, 2049, 2049, 2049, 2049, 2049]","[2049, 2049, 2049, 2049, 2049, 2049, 2049, 0]",293.0
1284,11280,27,1,2026-05-03T17:04:02.493000+00:00,44.545,37.861,32.305,202.0,185.0,False,114.711,"[None, 2049, 2049, 2049, 2049, 2049, 2049, 2049, 2049]","[2049, 2049, 2049, 2049, 2049, 2049, 2049, 2049, 2049]","[2049, 2049, 2049, 2049, 2049, 2049, 2064, 2064]",289.0
1284,11280,11,1,2026-05-03T17:04:02.493000+00:00,44.012,37.85,26.42,205.0,175.0,False,108.282,"[2049, 2049, 2049, 2049, 2049, 2049, 2049, 2049, 2049]","[2049, 2049, 2049, 2049, 2049, 2049, 2049, 2049, 2049]","[2049, 2049, 2049, 2049, 2049, 2049, 2049, 2049]",295.0
1284,11280,30,1,2026-05-03T17:04:02.493000+00:00,41.163,36.127,25.913,199.0,186.0,False,103.203,"[None, 2049, 2049, 2049, 2049, 2049, 2049, 2049, 2049]","[2049, 2049, 2049, 2049, 2049, 2049, 2049, 2049, 2049]","[2049, 2049, 2049, 2049, 2049, 2049, 2049, 2049]",310.0
1284,11280,5,1,2026-05-03T17:04:02.493000+00:00,44.914,37.806,26.906,187.0,184.0,False,109.626,"[2049, 2049, 2049, 2049, 2049, 2049, 2049, 2049, 2049]","[2049, 2049, 2049, 2049, 2049, 2049, 2049, 2049, 2049]","[2049, 2049, 2049, 2049, 2049, 2049, 2049, 2049]",288.0
1284,11280,87,1,2026-05-03T17:04:02.493000+00:00,42.938,37.513,25.825,206.0,185.0,False,106.276,"[None, 2049, 2049, 2049, 2049, 2049, 2049, 2049, 2049]","[2049, 2049, 2049, 2049, 2049, 2049, 2049, 2049, 2049]","[2049, 2051, 2051, 2049, 2049, 2049, 2049, 2051]",286.0
1284,11280,55,1,2026-05-03T17:04:02.493000+00:00,41.908,36.562,27.239,208.0,180.0,False,105.709,"[None, 2049, 2049, 2049, 2049, 2049, 2049, 2049, 2049]","[2049, 2049, 2049, 2049, 2049, 2049, 2049, 2049, 2049]","[2049, 2049, 2049, 2049, 2049, 2049, 2049, 2049]",305.0
1284,11280,31,1,2026-05-03T17:04:02.493000+00:00,42.749,37.375,25.924,209.0,185.0,False,106.048,"[None, 2049, 2049, 2049, 2049, 2049, 2049, 2049, 2049]","[2049, 2049, 2049, 2049, 2049, 2049, 2049, 2049, 2049]","[2049, 2049, 2049, 2049, 2049, 2049, 2049, 2051]",296.0
1284,11280,23,1,2026-05-03T17:04:02.493000+00:00,42.362,36.586,26.418,211.0,186.0,False,105.366,"[None, 2049, 2049, 2049, 2049, 2049, 2049, 2049, 2049]","[2049, 2051, 2051, 2051, 2049, 2049, 2049, 2049, 2049]","[2049, 2049, 2049, 2049, 2049, 2049, 2049, 2049]",293.0
1284,11280,14,1,2026-05-03T17:04:02.493000+00:00,44.716,38.503,27.007,200.0,181.0,False,110.226,"[2048, 2049, 2049, 2049, 2049, 2049, 2049, 2049, 2049]","[2049, 2049, 2049, 2049, 2049, 2049, 2049, 2049, 2049]","[2049, 2049, 2049, 2049, 2049, 2049, 2049, 2049]",297.0
1284,11280,41,1,2026-05-03T17:04:02.493000+00:00,43.127,37.844,26.021,202.0,185.0,False,106.992,"[None, 2049, 2049, 2049, 2049, 2049, 2049, 2049, 2049]","[2049, 2049, 2049, 2049, 2049, 2049, 2049, 2049, 2049]","[2049, 2049, 2049, 2049, 2049, 2049, 2049, 2049]",306.0
1284,11280,18,1,2026-05-03T17:04:02.493000+00:00,43.434,38.092,26.585,204.0,183.0,False,108.111,"[2048, 2049, 2049, 2049, 2049, 2049, 2049, 2049, 2049]","[2049, 2049, 2049, 2049, 2049, 2049, 2049, 2049, 2049]","[2049, 2049, 2049, 2049, 2049, 2049, 2049, 2049]",297.0
1284,11280,6,1,2026-05-03T17:04:02.493000+00:00,45.036,38.922,25.914,196.0,181.0,False,109.872,"[None, 2064, 2064, 2049, 2049, 2049, 2049, 2049, 2049]","[2049, 2049, 2049, 2049, 2049, 2049, 2049, 2049, 2049]","[2049, 2049, 2049, 2049, 2049, 2049, 2049, 0]",314.0
1284,11280,16,2,2026-05-03T17:05:39.021000+00:00,32.306,34.696,26.034,212.0,187.0,False,93.036,"[2049, 2051, 2051, 2049, 2048, 2048, 2051, 2051, 2048]","[2049, 2049, 2048, 2048, 2048, 2051, 2051, 2051, 2048]","[2049, 2048, 2049, 2049, 2051, 2048, 2048, 2048]",298.0
1284,11280,12,2,2026-05-03T17:05:40.177000+00:00,32.563,34.481,25.892,211.0,188.0,False,92.936,"[2049, 2049, 2049, 2051, 2049, 2048, 2049, 2049, 2048]","[2048, 2049, 2049, 2048, 2048, 2049, 2048, 2048, 2048]","[2048, 2048, 2049, 2048, 2048, 2048, 2048, 2048]",316.0
1284,11280,1,2,2026-05-03T17:05:41.032000+00:00,32.593,34.6,25.577,211.0,184.0,False,92.77,"[2049, 2049, 2049, 2049, 2049, 2049, 2049, 2049, 2049]","[2048, 2049, 2049, 2049, 2048, 2048, 2048, 2049, 2048]","[2049, 2049, 2049, 2049, 2048, 2048, 2048, 2048]",317.0
1284,11280,81,2,2026-05-03T17:05:41.648000+00:00,32.905,34.639,25.981,213.0,187.0,False,93.525,"[2049, 2049, 2049, 2049, 2051, 2049, 2049, 2049, 2049]","[2048, 2049, 2049, 2048, 2048, 2049, 2049, 2049, 2048]","[2049, 2049, 2048, 2051, 2048, 2051, 2048, 2048]",316.0
1284,11280,63,2,2026-05-03T17:05:42.253000+00:00,33.022,34.637,25.535,,187.0,False,93.194,"[2049, 2049, 2049, 2049, 2049, 2049, 2049, 2049, 2048]","[2049, 2049, 2049, 2049, 2049, 2048, 2048, 2049, 2048]","[2051, 2048, 2048, 2048, 2049, 2048, 2049, 2049]",322.0
1284,11280,44,2,2026-05-03T17:05:43.469000+00:00,32.78,35.071,25.694,213.0,186.0,False,93.545,"[2051, 2049, 2049, 2049, 2049, 2049, 2049, 2049, 2049]","[2048, 2048, 2048, 2048, 2048, 2049, 2049, 2049, 2049]","[2048, 2048, 2048, 2049, 2049, 2048, 2048, 2048]",317.0
1284,11280,43,2,2026-05-03T17:05:44.486000+00:00,33.119,35.025,25.969,,186.0,False,94.113,"[2049, 2049, 2049, 2049, 2049, 2049, 2049, 2049, 2048]","[2049, 2049, 2049, 2048, 2048, 2049, 2049, 2049, 2049]","[2049, 2049, 2049, 2049, 2049, 2049, 2049]",309.0
1284,11280,30,2,2026-05-03T17:05:45.695000+00:00,33.722,36.87,26.487,212.0,186.0,False,97.079,"[2049, 2049, 2049, 2049, 2049, 2049, 2049, 2049, 2049]","[2049, 2049, 2048, 2048, 2048, 2049, 2049, 2049, 2048]","[2049, 2048, 2048, 2048, 2049, 2048, 2048, 2048]",293.0
1284,11280,3,2,2026-05-03T17:05:47.858000+00:00,32.94,34.738,25.786,214.0,186.0,False,93.464,"[2049, 2049, 2049, 2049, 2049, 2049, 2049, 2049, 2049]","[2049, 2048, 2048, 2048, 2048, 2049, 2049, 2049, 2049]","[2049, 2049, 2049, 2049, 2049, 2049, 2049, 2049]",310.0
1284,11280,23,2,2026-05-03T17:05:47.858000+00:00,33.896,35.234,26.274,210.0,184.0,False,95.404,"[2049, 2049, 2049, 2049, 2049, 2049, 2049, 2049, 2049]","[2048, 2048, 2048, 2048, 2048, 2049, 2049, 2049, 2049]","[2048, 2049, 2049, 2048, 2049, 2049, 2049, 2049]",305.0
1284,11280,55,2,2026-05-03T17:05:48.201000+00:00,34.802,35.03,26.057,211.0,186.0,False,95.889,"[2049, 2049, 2049, 2049, 2049, 2049, 2049, 2049, 2049]","[2049, 2049, 2049, 2051, 2048, 2049, 2049, 2049, 2049]","[2049, 2048, 2048, 2048, 2049, 2049, 2049, 2049]",322.0
1284,11280,10,2,2026-05-03T17:05:48.350000+00:00,34.166,35.189,26.221,203.0,183.0,False,95.576,"[2049, 2049, 2049, 2049, 2049, 2049, 2049, 2049, 2049]","[2049, 2049, 2049, 2049, 2048, 2049, 2049, 2049, 2049]","[2049, 2049, 2049, 2048, 2048, 2049, 2048]",312.0
1284,11280,31,2,2026-05-03T17:05:48.540000+00:00,35.371,36.014,26.083,213.0,183.0,False,97.468,"[2049, 2049, 2049, 2049, 2048, 2049, 2049, 2049, 2049]","[2049, 2051, 2051, 2049, 2049, 2049, 2049, 2049, 2048]","[2048, 2049, 2048, 2049, 2048, 2048, 2048, 2048]",325.0
1284,11280,87,2,2026-05-03T17:05:48.768000+00:00,34.8,35.808,26.338,208.0,186.0,False,96.946,"[2049, 2049, 2049, 2049, 2049, 2049, 2049, 2049, 2049]","[2049, 2049, 2048, 2048, 2049, 2049, 2049, 2049, 2049]","[2048, 2048, 2048, 2049, 2048, 2048, 2048, 2048]",316.0
1284,11280,41,2,2026-05-03T17:05:49.484000+00:00,34.996,35.818,25.926,212.0,185.0,False,96.74,"[2049, 2049, 2049, 2049, 2049, 2049, 2049, 2049, 2049]","[2049, 2049, 2049, 2048, 2048, 2049, 2049, 2049, 2049]","[2049, 2051, 2049, 2049, 2048, 2049, 2048, 2048]",319.0
1284,11280,18,2,2026-05-03T17:05:50.603000+00:00,34.568,36.011,25.99,207.0,182.0,False,96.569,"[2049, 2049, 2049, 2049, 2049, 2049, 2049, 2049, 2049]","[2049, 2049, 2048, 2048, 2049, 2049, 2049, 2049, 2049]","[2049, 2049, 2049, 2049, 2048, 2049, 2048, 2048]",315.0
1284,11280,11,2,2026-05-03T17:05:50.774000+00:00,34.763,36.096,25.924,210.0,183.0,False,96.783,"[None, 2049, 2049, 2049, 2049, 2049, 2049, 2049, 2049]","[2049, 2049, 2049, 2049, 2049, 2048, 2049, 2049, 2049]","[2049, 2049, 2049, 2048, 2049, 2048, 2049, 2048]",291.0
1284,11280,5,2,2026-05-03T17:05:52.118000+00:00,33.955,36.04,26.804,209.0,182.0,False,96.799,"[None, 2049, 2049, 2049, 2049, 2049, 2049, 2049, 2049]","[2049, 2049, 2049, 2048, 2048, 2048, 2049, 2049, 2049]","[2048, 2049, 2048, 2048, 2048, 2049, 2049, 2049]",294.0
1284,11280,6,2,2026-05-03T17:05:52.364000+00:00,33.998,36.071,25.999,206.0,183.0,False,96.068,"[2049, 2049, 2049, 2049, 2049, 2049, 2049, 2049, 2049]","[2049, 2049, 2049, 2049, 2049, 2049, 2049, 2049, 2049]","[2049, 2049, 2049, 2048, 2049, 2048, 2049, 2049]",289.0
1284,11280,14,2,2026-05-03T17:05:52.718000+00:00,34.472,35.834,26.321,204.0,180.0,False,96.627,"[2049, 2049, 2049, 2049, 2049, 2049, 2049, 2049, 2049]","[2049, 2049, 2049, 2048, 2048, 2049, 2049, 2049, 2049]","[2049, 2049, 2049, 2049, 2049, 2048, 2048, 2049]",304.0
1284,11280,77,2,2026-05-03T17:05:53.269000+00:00,34.971,35.873,25.944,212.0,187.0,False,96.788,"[None, 2049, 2049, 2049, 2049, 2049, 2049, 2049, 2049]","[2049, 2049, 2049, 2048, 2049, 2049, 2049, 2049, 2049]","[2048, 2048, 2048, 2049, 2049, 2049, 2049, 2048]",306.0
1284,11280,27,2,2026-05-03T17:05:57.203000+00:00,58.859,35.18,26.235,210.0,187.0,True,120.274,"[None, 2064, 2064, 2049, 2049, 2049, 2049, 2049, 2049]","[2049, 2048, 2048, 2048, 2049, 2049, 2049, 2049, 2049]","[2049, 2048, 2048, 2049, 2049, 2049, 2049, 2049]",300.0
1284,11280,16,3,2026-05-03T17:07:12.228000+00:00,32.59,34.697,26.07,209.0,187.0,False,93.357,"[2048, 2048, 2051, 2048, 2048, 2048, 2051, 2049, 2048]","[2048, 2048, 2048, 2048, 2048, 2051, 2048, 2048, 2048]","[2048, 2048, 2048, 2048, 2048, 2048, 2049, 2049]",298.0
1284,11280,12,3,2026-05-03T17:07:13.150000+00:00,32.814,34.577,25.833,210.0,186.0,False,93.224,"[2048, 2048, 2048, 2048, 2049, 2048, 2048, 2048, 2048]","[2048, 2049, 2049, 2048, 2048, 2048, 2048, 2048, 2048]","[2048, 2049, 2049, 2048, 2048, 2048, 2048, 2048]",310.0
1284,11280,1,3,2026-05-03T17:07:13.682000+00:00,32.816,34.702,25.745,209.0,185.0,False,93.263,"[2048, 2048, 2048, 2049, 2048, 2048, 2048, 2049, 2048]","[2048, 2049, 2049, 2048, 2048, 2048, 2048, 2048, 2048]","[2049, 2049, 2049, 2048, 2048, 2048, 2048, 2048]",313.0
1284,11280,81,3,2026-05-03T17:07:15.182000+00:00,33.666,34.945,25.753,211.0,186.0,False,94.364,"[2048, 2048, 2048, 2048, 2048, 2048, 2048, 2048, 2048]","[2048, 2048, 2048, 2048, 2048, 2048, 2049, 2049, 2048]","[2048, 2049, 2049, 2048, 2048, 2048, 2048, 2049]",322.0
1284,11280,63,3,2026-05-03T17:07:15.322000+00:00,32.852,34.905,25.817,,186.0,False,93.574,"[None, 2049, 2049, 2049, 2048, 2048, 2049, 2049, 2048]","[2048, 2048, 2048, 2048, 2048, 2049, 2049, 2048, 2048]","[2048, 2048, 2048, 2048, 2049, 2048, 2048, 2048]",317.0
1284,11280,44,3,2026-05-03T17:07:17.123000+00:00,32.999,35.048,25.742,209.0,186.0,False,93.789,"[2048, 2048, 2049, 2048, 2049, 2049, 2048, 2048, 2048]","[2048, 2048, 2048, 2048, 2048, 2048, 2048, 2048, 2049]","[2048, 2048, 2048, 2048, 2048, 2048, 2048, 2048]",309.0
1284,11280,43,3,2026-05-03T17:07:18.547000+00:00,33.077,35.266,26.117,,184.0,False,94.46,"[None, 2049, 2049, 2048, 2048, 2048, 2049, 2048, 2048]","[2048, 2048, 2048, 2048, 2048, 2049, 2048, 2048, 2048]","[2048, 2048, 2048, 2049, 2049, 2049, 2048, 2048]",315.0
1284,11280,3,3,2026-05-03T17:07:21.223000+00:00,32.585,34.865,25.789,211.0,185.0,False,93.239,"[None, 2049, 2049, 2049, 2049, 2049, 2049, 2051, 2048]","[2048, 2048, 2048, 2048, 2048, 2049, 2049, 2049, 2048]","[2048, 2049, 2049, 2049, 2048, 2049, 2049, 2049]",313.0
1284,11280,30,3,2026-05-03T17:07:22.852000+00:00,33.437,35.147,26.23,213.0,186.0,False,94.814,"[None, 2049, 2049, 2049, 2049, 2048, 2049, 2049, 2048]","[2049, 2048, 2048, 2048, 2048, 2049, 2049, 2049, 2048]","[2048, 2048, 2048, 2048, 2049, 2049, 2049, 2049]",305.0
1284,11280,23,3,2026-05-03T17:07:23.286000+00:00,33.763,35.17,25.999,,185.0,False,94.932,"[2048, 2048, 2049, 2049, 2049, 2049, 2048, 2049, 2048]","[2048, 2048, 2048, 2048, 2048, 2048, 2049, 2049, 2049]","[2048, 2048, 2048, 2049, 2049, 2049, 2049, 2049]",314.0
1284,11280,10,3,2026-05-03T17:07:23.586000+00:00,33.854,35.291,25.901,212.0,181.0,False,95.046,"[2048, 2049, 2049, 2049, 2049, 2049, 2048, 2048, 2049]","[2049, 2049, 2049, 2049, 2048, 2048, 2048, 2049, 2048]","[2048, 2048, 2048, 2049, 2049, 2049, 2048, 2048]",320.0
1284,11280,55,3,2026-05-03T17:07:24.101000+00:00,34.279,35.056,25.96,,185.0,False,95.295,"[None, 2048, 2049, 2049, 2049, 2049, 2049, 2048, 2048]","[2048, 2048, 2048, 2048, 2049, 2049, 2049, 2048, 2048]","[2048, 2049, 2048, 2048, 2049, 2048, 2049, 2048]",314.0
1284,11280,87,3,2026-05-03T17:07:25.579000+00:00,33.577,35.332,25.983,211.0,184.0,False,94.892,"[2048, 2049, 2049, 2049, 2048, 2049, 2049, 2049, 2048]","[2049, 2048, 2048, 2048, 2048, 2049, 2049, 2049, 2048]","[2048, 2048, 2048, 2048, 2049, 2048, 2048, 2048]",305.0
1284,11280,31,3,2026-05-03T17:07:25.918000+00:00,34.036,35.311,25.834,211.0,185.0,False,95.181,"[2048, 2049, 2049, 2049, 2048, 2049, 2049, 2049, 2048]","[2048, 2048, 2048, 2048, 2048, 2049, 2049, 2049, 2049]","[2048, 2048, 2048, 2048, 2049, 2048, 2049, 2048]",325.0
1284,11280,41,3,2026-05-03T17:07:26.214000+00:00,34.525,35.732,25.953,207.0,184.0,False,96.21,"[2048, 2048, 2049, 2049, 2049, 2049, 2049, 2049, 2048]","[2048, 2048, 2048, 2048, 2048, 2049, 2049, 2049, 2049]","[2048, 2048, 2051, 2048, 2049, 2048, 2048, 2048]",299.0
1284,11280,18,3,2026-05-03T17:07:27.167000+00:00,34.324,36.037,26.658,205.0,182.0,False,97.019,"[None, 2048, 2049, 2049, 2049, 2049, 2049, 2049, 2048]","[2048, 2048, 2048, 2048, 2048, 2049, 2048, 2049, 2048]","[2048, 2048, 2048, 2048, 2048, 2048, 2049, 2049]",291.0
1284,11280,11,3,2026-05-03T17:07:27.710000+00:00,34.616,36.358,26.035,203.0,183.0,False,97.009,"[2048, 2048, 2049, 2049, 2049, 2049, 2048, 2048, 2048]","[2048, 2048, 2048, 2048, 2048, 2048, 2048, 2049, 2048]","[2048, 2049, 2049, 2048, 2048, 2048, 2049, 2048]",277.0
1284,11280,6,3,2026-05-03T17:07:28.606000+00:00,33.917,35.496,25.775,207.0,183.0,False,95.188,"[2048, 2048, 2049, 2049, 2049, 2049, 2048, 2049, 2048]","[2049, 2048, 2048, 2048, 2049, 2049, 2049, 2049, 2048]","[2048, 2048, 2048, 2051, 2048, 2049, 2049, 2048]",324.0
1284,11280,5,3,2026-05-03T17:07:29.048000+00:00,33.959,36.089,26.336,207.0,181.0,False,96.384,"[2048, 2048, 2049, 2048, 2049, 2049, 2049, 2048, 2048]","[2048, 2049, 2049, 2049, 2048, 2048, 2048, 2049, 2048]","[2048, 2049, 2049, 2049, 2049, 2048, 2049, 2049]",296.0
1284,11280,14,3,2026-05-03T17:07:29.509000+00:00,34.435,35.967,26.103,203.0,181.0,False,96.505,"[None, 2049, 2048, 2049, 2049, 2049, 2048, 2048, 2048]","[2049, 2048, 2048, 2048, 2048, 2049, 2048, 2049, 2049]","[2048, 2049, 2049, 2049, 2049, 2048, 2049, 2049]",299.0
1284,11280,77,3,2026-05-03T17:07:30.154000+00:00,34.59,36.087,25.93,209.0,185.0,False,96.607,"[2048, 2049, 2049, 2049, 2049, 2049, 2049, 2049, 2048]","[2048, 2048, 2048, 2048, 2048, 2048, 2048, 2048, 2048]","[2048, 2048, 2049, 2049, 2048, 2049, 2049, 2048]",307.0
1284,11280,27,3,2026-05-03T17:07:57.411000+00:00,33.374,35.066,26.49,,186.0,False,94.93,"[2049, 2049, 2049, 2049, 2049, 2049, 2049, 2049, 2048]","[2049, 2048, 2048, 2048, 2049, 2048, 2049, 2049, 2049]","[2048, 2048, 2048, 2048, 2048, 2048, 2048, 2048]",290.0
1284,11280,16,4,2026-05-03T17:08:45.378000+00:00,32.82,35.26,26.65,210.0,185.0,False,94.73,"[2049, 2048, 2048, 2048, 2048, 2048, 2048, 2049, 2048]","[2048, 2048, 2048, 2048, 2048, 2048, 2048, 2048, 2048]","[2048, 2048, 2048, 2048, 2048, 2048, 2049, 2049]",293.0
1284,11280,12,4,2026-05-03T17:08:46.378000+00:00,32.729,35.095,25.762,212.0,184.0,False,93.586,"[None, 2049, 2048, 2048, 2049, 2048, 2048, 2049, 2048]","[2049, 2049, 2048, 2048, 2048, 2048, 2048, 2048, 2048]","[2048, 2049, 2049, 2048, 2048, 2048, 2051, 2049]",303.0
1284,11280,1,4,2026-05-03T17:08:47.120000+00:00,33.089,34.864,25.861,205.0,186.0,False,93.814,"[None, 2048, 2048, 2049, 2048, 2048, 2048, 2048, 2048]","[2048, 2048, 2048, 2048, 2048, 2048, 2048, 2048, 2048]","[2049, 2049, 2049, 2048, 2048, 2048, 2048, 2049]",310.0
1284,11280,63,4,2026-05-03T17:08:48.986000+00:00,32.893,34.913,26.067,212.0,186.0,False,93.873,"[2048, 2048, 2049, 2049, 2048, 2049, 2048, 2048, 2048]","[2048, 2048, 2048, 2048, 2048, 2049, 2049, 2048, 2048]","[2048, 2048, 2048, 2048, 2048, 2048, 2048, 2048]",313.0
1284,11280,81,4,2026-05-03T17:08:49.556000+00:00,33.29,34.946,25.853,,186.0,False,94.089,"[2049, 2048, 2049, 2048, 2048, 2049, 2048, 2048, 2048]","[2048, 2048, 2048, 2048, 2048, 2048, 2048, 2048, 2048]","[2048, 2049, 2048, 2048, 2048, 2048, 2049, 2049]",318.0
1284,11280,44,4,2026-05-03T17:08:51.022000+00:00,33.103,35.127,25.741,207.0,185.0,False,93.971,"[None, 2048, 2049, 2049, 2049, 2049, 2048, 2048, 2048]","[2048, 2048, 2048, 2048, 2048, 2048, 2048, 2049, 2048]","[2048, 2048, 2048, 2048, 2049, 2048, 2048, 2048]",314.0
1284,11280,43,4,2026-05-03T17:08:53.118000+00:00,33.1,35.171,26.068,212.0,185.0,False,94.339,"[2048, 2048, 2049, 2048, 2049, 2049, 2049, 2049, 2048]","[2048, 2048, 2048, 2048, 2048, 2048, 2048, 2049, 2048]","[2048, 2048, 2048, 2048, 2049, 2048, 2048, 2048]",305.0
1284,11280,3,4,2026-05-03T17:08:54.552000+00:00,32.735,34.937,25.864,210.0,184.0,False,93.536,"[None, 2048, 2049, 2048, 2049, 2048, 2048, 2048, 2048]","[2048, 2048, 2048, 2048, 2048, 2048, 2048, 2048, 2048]","[2048, 2049, 2049, 2048, 2048, 2048, 2048, 2048]",313.0
1284,11280,30,4,2026-05-03T17:08:57.717000+00:00,33.415,35.368,26.401,212.0,186.0,False,95.184,"[None, 2049, 2048, 2049, 2048, 2049, 2048, 2049, 2048]","[2048, 2048, 2048, 2048, 2048, 2048, 2049, 2048, 2048]","[2048, 2048, 2048, 2049, 2048, 2049, 2048, 2048]",300.0
1284,11280,23,4,2026-05-03T17:08:58.353000+00:00,33.744,35.219,25.807,209.0,185.0,False,94.77,"[None, 2048, 2048, 2048, 2049, 2049, 2048, 2049, 2048]","[2048, 2048, 2049, 2048, 2048, 2048, 2048, 2048, 2049]","[2048, 2049, 2049, 2049, 2048, 2049, 2048, 2049]",324.0
1284,11280,10,4,2026-05-03T17:08:58.752000+00:00,33.93,35.021,25.905,211.0,185.0,False,94.856,"[None, 2049, 2049, 2048, 2048, 2048, 2048, 2049, 2048]","[2048, 2048, 2048, 2049, 2048, 2049, 2049, 2049, 2049]","[2049, 2049, 2048, 2049, 2048, 2049, 2048, 2048]",311.0
1284,11280,55,4,2026-05-03T17:08:59.376000+00:00,34.167,34.955,25.722,212.0,185.0,False,94.844,"[2048, 2049, 2049, 2048, 2048, 2048, 2048, 2048, 2048]","[2049, 2048, 2048, 2048, 2049, 2049, 2048, 2049, 2048]","[2048, 2048, 2048, 2049, 2049, 2048, 2049, 2049]",321.0
1284,11280,87,4,2026-05-03T17:09:00.595000+00:00,33.759,35.26,26.022,210.0,183.0,False,95.041,"[None, 2049, 2049, 2048, 2048, 2048, 2048, 2049, 2048]","[2048, 2048, 2048, 2048, 2048, 2048, 2048, 2049, 2048]","[2048, 2048, 2048, 2049, 2048, 2048, 2049, 2048]",315.0
1284,11280,31,4,2026-05-03T17:09:01.080000+00:00,34.01,35.389,26.065,,185.0,False,95.464,"[None, 2049, 2049, 2048, 2048, 2049, 2048, 2049, 2048]","[2048, 2048, 2048, 2048, 2048, 2048, 2048, 2048, 2048]","[2048, 2048, 2048, 2048, 2048, 2049, 2048, 2048]",309.0
1284,11280,41,4,2026-05-03T17:09:02.390000+00:00,33.944,35.655,26.056,212.0,183.0,False,95.655,"[None, 2049, 2049, 2049, 2049, 2049, 2049, 2049, 2049]","[2048, 2048, 2048, 2048, 2048, 2049, 2049, 2049, 2048]","[2048, 2048, 2048, 2049, 2048, 2049, 2048, 2048]",308.0
1284,11280,6,4,2026-05-03T17:09:03.702000+00:00,33.538,35.375,25.92,208.0,182.0,False,94.833,"[None, 2048, 2048, 2049, 2049, 2049, 2049, 2049, 2048]","[2049, 2048, 2048, 2048, 2048, 2049, 2049, 2049, 2049]","[2048, 2048, 2048, 2048, 2049, 2048, 2048, 2048]",312.0
1284,11280,18,4,2026-05-03T17:09:04.154000+00:00,34.128,35.764,26.526,206.0,183.0,False,96.418,"[None, 2048, 2049, 2049, 2049, 2049, 2049, 2049, 2048]","[2048, 2048, 2048, 2048, 2049, 2049, 2049, 2049, 2048]","[2048, 2048, 2048, 2048, 2049, 2048, 2048, 2048]",303.0
1284,11280,11,4,2026-05-03T17:09:04.607000+00:00,34.425,35.585,26.297,210.0,183.0,False,96.307,"[None, 2048, 2048, 2048, 2048, 2049, 2049, 2049, 2048]","[2048, 2048, 2048, 2048, 2049, 2049, 2049, 2049, 2049]","[2048, 2048, 2048, 2048, 2048, 2048, 2048, 2048]",282.0
1284,11280,5,4,2026-05-03T17:09:05.342000+00:00,34.18,35.664,26.689,203.0,181.0,False,96.533,"[2049, 2048, 2048, 2048, 2049, 2048, 2048, 2048, 2048]","[2048, 2048, 2048, 2048, 2048, 2049, 2049, 2049, 2049]","[2048, 2048, 2048, 2049, 2048, 2048, 2049, 2049]",300.0
1284,11280,14,4,2026-05-03T17:09:05.967000+00:00,34.101,36.003,26.346,204.0,181.0,False,96.45,"[None, 2049, 2049, 2049, 2049, 2048, 2048, 2048, 2048]","[2049, 2049, 2048, 2048, 2048, 2048, 2048, 2048, 2048]","[2049, 2048, 2048, 2048, 2048, 2048, 2048, 2049]",302.0
1284,11280,77,4,2026-05-03T17:09:06.889000+00:00,34.585,36.051,25.981,207.0,185.0,False,96.617,"[None, 2049, 2049, 2048, 2048, 2048, 2049, 2049, 2048]","[2048, 2048, 2048, 2048, 2049, 2048, 2049, 2048, 2048]","[2048, 2048, 2048, 2048, 2049, 2048, 2049]",302.0
1284,11280,27,4,2026-05-03T17:09:32.425000+00:00,33.228,34.897,26.398,,186.0,False,94.523,"[2048, 2048, 2049, 2049, 2049, 2049, 2048, 2048, 2048]","[2048, 2048, 2048, 2048, 2049, 2048, 2051, 2049, 2048]","[2049, 2048, 2048, 2048, 2048, 2048, 2048, 2048]",293.0
1284,11280,12,5,2026-05-03T17:10:19.845000+00:00,32.893,35.572,26.137,209.0,186.0,False,94.602,"[2049, 2049, 2048, 2048, 2048, 2048, 2048, 2048, 2048]","[2048, 2048, 2048, 2048, 2048, 2048, 2048, 2048, 2048]","[2048, 2048, 2048, 2049, 2048, 2048, 2048, 2048]",313.0
1284,11280,16,5,2026-05-03T17:10:20.127000+00:00,33.187,34.271,26.239,211.0,183.0,False,93.697,"[None, 2048, 2048, 2048, 2048, 2048, 2048, 2048, 2048]","[2049, 2049, 2049, 2049, 2049, 2048, 2048, 2048, 2048]","[2048, 2048, 2049, 2048, 2048, 2048, 2048, 2048]",299.0
1284,11280,1,5,2026-05-03T17:10:20.936000+00:00,32.883,35.214,25.745,210.0,183.0,False,93.842,"[2049, 2048, 2049, 2051, 2048, 2048, 2049, 2048, 2048]","[2049, 2049, 2048, 2048, 2048, 2048, 2048, 2048, 2048]","[2048, 2049, 2049, 2048, 2048, 2048, 2051, 2049]",308.0
1284,11280,63,5,2026-05-03T17:10:22.853000+00:00,32.666,35.055,26.116,211.0,186.0,False,93.837,"[None, 2048, 2049, 2048, 2048, 2049, 2048, 2048, 2048]","[2048, 2048, 2048, 2048, 2048, 2048, 2048, 2048, 2048]","[2048, 2048, 2048, 2049, 2048, 2048, 2048, 2048]",316.0
1284,11280,81,5,2026-05-03T17:10:23.573000+00:00,32.972,35.003,25.516,207.0,186.0,False,93.491,"[None, 2048, 2049, 2048, 2048, 2048, 2049, 2049, 2048]","[2048, 2048, 2048, 2048, 2048, 2048, 2048, 2049, 2048]","[2048, 2049, 2049, 2048, 2048, 2048, 2049, 2049]",322.0
1284,11280,44,5,2026-05-03T17:10:24.956000+00:00,33.02,35.272,25.892,205.0,185.0,False,94.184,"[None, 2048, 2048, 2048, 2049, 2049, 2049, 2049, 2048]","[2048, 2048, 2048, 2048, 2048, 2048, 2048, 2048, 2048]","[2048, 2048, 2048, 2048, 2048, 2048, 2048, 2048]",313.0
1284,11280,43,5,2026-05-03T17:10:27.461000+00:00,33.038,35.262,26.436,,185.0,False,94.736,"[None, 2048, 2048, 2049, 2051, 2048, 2049, 2048, 2048]","[2049, 2048, 2048, 2048, 2048, 2048, 2049, 2049, 2048]","[2048, 2048, 2048, 2048, 2048, 2048, 2048, 2049]",275.0
1284,11280,3,5,2026-05-03T17:10:28.251000+00:00,32.98,35.12,25.99,212.0,184.0,False,94.09,"[None, 2048, 2048, 2048, 2049, 2048, 2048, 2048, 2048]","[2048, 2049, 2048, 2048, 2048, 2048, 2048, 2048, 2048]","[2048, 2051, 2049, 2049, 2048, 2048, 2048, 2048]",314.0
1284,11280,30,5,2026-05-03T17:10:32.942000+00:00,34.619,35.83,52.403,208.0,182.0,False,122.852,"[2048, 2048, 2048, 2048, 2048, 2048, 2048, 2048, 2048]","[2048, 2049, 2049, 2049, 2048, 2048, 2048, 2048, 2048]","[2048, 2048, 2048, 2048, 2048, 2048, 2048, 2048]",301.0
1284,11280,23,5,2026-05-03T17:10:33.098000+00:00,33.837,35.798,26.253,208.0,185.0,False,95.888,"[2049, 2048, 2048, 2049, 2048, 2048, 2049, 2048, 2048]","[2048, 2048, 2048, 2048, 2049, 2048, 2049, 2048, 2048]","[2048, 2048, 2048, 2049, 2048, 2049, 2049, 2049]",287.0
1284,11280,10,5,2026-05-03T17:10:33.708000+00:00,34.173,35.868,,206.0,182.0,False,,"[None, 2049, 2048, 2048, 2048, 2048, 2048, 2048, 2048]","[2048, 2048, 2048, 2049, 2048, 2048, 2048, 2048, 2048]","[2048, 2049, 2049]",319.0
1284,11280,55,5,2026-05-03T17:10:34.239000+00:00,34.299,35.643,26.739,208.0,184.0,False,96.681,"[2049, 2049, 2048, 2048, 2048, 2048, 2048, 2048, 2048]","[2048, 2048, 2048, 2048, 2048, 2048, 2048, 2048, 2048]","[2048, 2048, 2048, 2048, 2048, 2048, 2048, 2048]",290.0
1284,11280,87,5,2026-05-03T17:10:35.489000+00:00,33.608,35.698,26.49,203.0,181.0,False,95.796,"[None, 2049, 2049, 2048, 2048, 2048, 2049, 2048, 2048]","[2048, 2048, 2048, 2048, 2048, 2048, 2048, 2048, 2048]","[2048, 2048, 2048, 2048, 2048, 2048, 2048, 2048]",297.0
1284,11280,31,5,2026-05-03T17:10:36.583000+00:00,33.823,35.446,26.037,210.0,184.0,False,95.306,"[None, 2048, 2049, 2049, 2048, 2049, 2049, 2048, 2048]","[2048, 2048, 2048, 2048, 2048, 2049, 2048, 2049, 2048]","[2048, 2048, 2048, 2048, 2049, 2048, 2048, 2048]",314.0
1284,11280,41,5,2026-05-03T17:10:38.161000+00:00,33.677,36.382,27.064,,183.0,False,97.123,"[None, 2049, 2049, 2049, 2049, 2048, 2049, 2049, 2049]","[2048, 2048, 2048, 2048, 2048, 2048, 2048, 2048, 2048]","[2048, 2048, 2048, 2048, 2048, 2048, 2048, 2048]",309.0
1284,11280,6,5,2026-05-03T17:10:38.677000+00:00,33.678,,,211.0,,False,,"[None, 2049, 2048, 2048, 2049, 2048, 2049, 2048, 2048]",[2049],,
1284,11280,18,5,2026-05-03T17:10:40.552000+00:00,33.807,37.093,28.294,205.0,181.0,False,99.194,"[2048, 2048, 2049, 2048, 2048, 2049, 2049, 2049, 2048]","[2048, 2048, 2048, 2048, 2048, 2048, 2048, 2048, 2048]","[2048, 2048, 2048, 2048, 2048, 2048, 2048, 2048]",278.0
1284,11280,11,5,2026-05-03T17:10:41.005000+00:00,34.235,35.829,26.764,208.0,178.0,False,96.828,"[2049, 2049, 2048, 2048, 2048, 2048, 2049, 2048, 2049]","[2048, 2048, 2048, 2049, 2049, 2048, 2048, 2048, 2048]","[2048, 2048, 2048, 2048, 2048, 2048, 2048, 2048]",292.0
1284,11280,5,5,2026-05-03T17:10:41.895000+00:00,33.897,36.094,27.288,207.0,181.0,False,97.279,"[None, 2049, 2048, 2048, 2048, 2048, 2049, 2048, 2048]","[2048, 2048, 2048, 2048, 2048, 2048, 2048, 2048, 2048]","[2048, 2049, 2049, 2048, 2048, 2048, 2048, 2048]",283.0
1284,11280,14,5,2026-05-03T17:10:42.501000+00:00,33.915,36.24,29.987,205.0,180.0,False,100.142,"[None, 2048, 2049, 2049, 2049, 2048, 2048, 2048, 2048]","[2049, 2048, 2048, 2048, 2048, 2048, 2048, 2048, 2048]","[2049, 2048, 2048, 2048, 2048, 2048, 2048, 2048]",278.0
1284,11280,77,5,2026-05-03T17:10:43.410000+00:00,34.423,36.772,31.447,206.0,185.0,False,102.642,"[None, 2048, 2048, 2049, 2049, 2049, 2049, 2048, 2048]","[2048, 2048, 2048, 2048, 2048, 2048, 2048, 2048, 2048]","[2048, 2048, 2048, 2048, 2048, 2048, 2048, 2048]",281.0
1284,11280,27,5,2026-05-03T17:11:06.910000+00:00,33.252,36.287,39.948,209.0,181.0,False,109.487,"[None, 2048, 2048, 2049, 2048, 2049, 2048, 2049, 2048]","[2049, 2048, 2048, 2048, 2048, 2048, 2048, 2048, 2048]","[2048, 2048, 2048, 2048, 2048, 2048, 2048, 2048]",210.0
1284,11280,16,6,2026-05-03T17:11:53.752000+00:00,39.229,52.226,38.008,93.0,140.0,False,129.463,"[2048, 2048, 2048, 2049, 2048, 2048, 2048, 2048, 2048]","[2048, 2048, 2048, 2048, 2048, 2048, 2048, 2048, 2048]","[2048, 2048, 2048, 2048, 2048, 2048, 2048, 2048]",117.0
1284,11280,12,6,2026-05-03T17:11:54.517000+00:00,41.747,51.819,38.527,85.0,101.0,False,132.093,"[2048, 2048, 2048, 2048, 2048, 2048, 2048, 2048, 2048]","[2048, 2048, 2048, 2048, 2048, 2048, 2048, 2048, 2048]","[2048, 2048, 2048, 2048, 2048, 2048, 2048, 2048]",92.0
1284,11280,1,6,2026-05-03T17:11:54.702000+00:00,40.675,51.989,37.686,84.0,108.0,False,130.35,"[None, 2051, 2048, 2048, 2048, 2048, 2048, 2048, 2048]","[2048, 2048, 2048, 2048, 2048, 2048, 2048, 2048, 2048]","[2048, 2048, 2048, 2048, 2048, 2048, 2048, 2048]",98.0
1284,11280,63,6,2026-05-03T17:11:56.741000+00:00,42.079,50.039,38.81,112.0,105.0,False,130.928,"[None, 2049, 2048, 2048, 2051, 2048, 2048, 2048, 2048]","[2048, 2048, 2048, 2048, 2048, 2048, 2048, 2048, 2048]","[2048, 2048, 2048, 2048, 2048, 2048, 2048, 2048]",74.0
1284,11280,81,6,2026-05-03T17:11:57.176000+00:00,42.587,51.84,37.48,97.0,105.0,False,131.907,"[None, 2049, 2048, 2048, 2048, 2048, 2048, 2048, 2048]","[2048, 2048, 2048, 2048, 2048, 2048, 2048, 2048, 2048]","[2048, 2048, 2048, 2048, 2048, 2048, 2048, 2048]",99.0
1284,11280,44,6,2026-05-03T17:11:59.071000+00:00,41.582,54.703,38.741,97.0,102.0,False,135.026,"[None, 2048, 2048, 2048, 2048, 2048, 2048, 2048, 2048]","[2048, 2048, 2048, 2048, 2048, 2048, 2048, 2048, 2048]","[2048, 2048, 2048, 2048, 2048, 2048, 2048, 2048]",126.0
1284,11280,43,6,2026-05-03T17:12:02.182000+00:00,42.236,51.997,41.94,150.0,100.0,False,136.173,"[None, 2049, 2048, 2048, 2048, 2048, 2048, 2048, 2048]","[2048, 2048, 2048, 2048, 2048, 2048, 2048, 2048, 2048]","[2048, 2048, 2048, 2048, 2048, 2048, 2048, 2048]",112.0
1284,11280,3,6,2026-05-03T17:12:02.210000+00:00,42.754,52.183,46.011,166.0,136.0,False,140.948,"[2048, 2048, 2048, 2048, 2048, 2048, 2048, 2048, 2048]","[2048, 2048, 2048, 2048, 2048, 2048, 2048, 2048, 2048]","[2048, 2048, 2048, 2048, 2048, 2048, 2064, 2064]",102.0
1284,11280,23,6,2026-05-03T17:12:08.835000+00:00,41.435,49.604,44.288,175.0,130.0,False,135.327,"[None, 2049, 2048, 2048, 2048, 2048, 2048, 2048, 2048]","[2048, 2048, 2048, 2048, 2048, 2048, 2048, 2048, 2048]","[2048, 2048, 2048, 2048, 2048, 2048, 2048, 2048]",123.0
1284,11280,55,6,2026-05-03T17:12:10.796000+00:00,43.913,47.461,42.927,176.0,130.0,False,134.301,"[2048, 2049, 2048, 2048, 2048, 2048, 2048, 2048, 2048]","[2048, 2048, 2048, 2048, 2048, 2048, 2048, 2048, 2048]","[2048, 2048, 2048, 2048, 2048, 2048, 2048, 2048]",120.0
1284,11280,87,6,2026-05-03T17:12:11.357000+00:00,44.924,48.134,41.817,180.0,121.0,False,134.875,"[None, 2048, 2048, 2048, 2048, 2048, 2048, 2048, 2048]","[2048, 2048, 2048, 2048, 2048, 2048, 2048, 2048, 2048]","[2048, 2048, 2048, 2048, 2048, 2048, 2048, 2048]",128.0
1284,11280,31,6,2026-05-03T17:12:11.870000+00:00,45.536,48.146,41.659,193.0,128.0,False,135.341,"[None, 2048, 2048, 2048, 2048, 2048, 2048, 2048, 2048]","[2048, 2048, 2048, 2048, 2048, 2048, 2048, 2048, 2048]","[2048, 2048, 2048, 2048, 2048, 2048, 2048, 2048]",142.0
1284,11280,41,6,2026-05-03T17:12:15.144000+00:00,44.482,48.237,41.489,175.0,128.0,False,134.208,"[None, 2048, 2048, 2048, 2048, 2048, 2048, 2048, 2048]","[2048, 2048, 2048, 2048, 2048, 2048, 2048, 2048, 2048]","[2048, 2048, 2048, 2048, 2048, 2048, 2048, 2048]",135.0
1284,11280,11,6,2026-05-03T17:12:17.739000+00:00,44.577,51.251,38.849,179.0,129.0,False,134.677,"[2048, 2048, 2048, 2048, 2048, 2048, 2048, 2048, 2048]","[2048, 2048, 2048, 2048, 2048, 2048, 2048, 2048, 2048]","[2048, 2048, 2048, 2048, 2048, 2048, 2048, 2048]",102.0
1284,11280,5,6,2026-05-03T17:12:19.096000+00:00,45.499,50.475,39.521,184.0,121.0,False,135.495,"[2048, 2048, 2048, 2048, 2048, 2048, 2048, 2048, 2048]","[2048, 2048, 2048, 2048, 2048, 2048, 2048, 2048, 2048]","[2048, 2048, 2048, 2048, 2048, 2048, 2048, 2048]",108.0
1284,11280,18,6,2026-05-03T17:12:19.762000+00:00,45.722,51.938,39.062,196.0,151.0,False,136.722,"[None, 2048, 2048, 2048, 2048, 2048, 2048, 2048, 2048]","[2048, 2048, 2048, 2048, 2048, 2048, 2048, 2048, 2048]","[2048, 2048, 2048, 2048, 2048, 2048, 2048, 2048]",82.0
1284,11280,14,6,2026-05-03T17:12:22.445000+00:00,44.673,51.274,39.235,186.0,150.0,False,135.182,"[2048, 2048, 2048, 2048, 2048, 2048, 2048, 2048, 2048]","[2048, 2048, 2048, 2048, 2048, 2048, 2048, 2048, 2048]","[2048, 2048, 2048, 2048, 2048, 2048, 2048, 2048]",84.0
1284,11280,77,6,2026-05-03T17:12:25.995000+00:00,44.266,51.216,41.847,192.0,160.0,False,137.329,"[None, 2048, 2048, 2048, 2048, 2048, 2048, 2048, 2048]","[2048, 2048, 2048, 2048, 2048, 2048, 2048, 2048, 2048]","[2048, 2048, 2048, 2048, 2048, 2048, 2064, 2064]",98.0
1284,11280,30,6,2026-05-03T17:12:35.651000+00:00,50.513,49.357,63.212,143.0,100.0,False,163.082,"[None, 2048, 2048, 2048, 2048, 2048, 2048, 2048, 2048]","[2048, 2048, 2048, 2048, 2048, 2048, 2048, 2048, 2048]","[2048, 2048, 2048, 2048, 2048, 2048, 2064, 2064]",102.0
1284,11280,27,6,2026-05-03T17:12:56.350000+00:00,38.954,49.759,46.437,167.0,133.0,False,135.15,"[None, 2048, 2048, 2048, 2048, 2048, 2048, 2048, 2048]","[2048, 2048, 2048, 2048, 2048, 2048, 2048, 2048, 2048]","[2048, 2048, 2048, 2048, 2048, 2048, 2048, 2048]",92.0
1284,11280,16,7,2026-05-03T17:14:03.351000+00:00,41.184,55.067,41.763,136.0,139.0,False,138.014,"[None, 2048, 2048, 2048, 2048, 2048, 2048, 2048, 2048]","[2048, 2048, 2048, 2048, 2048, 2048, 2048, 2048, 2048]","[2048, 2048, 2048, 2048, 2048, 2048, 2048, 2048]",137.0
1284,11280,1,7,2026-05-03T17:14:05.054000+00:00,41.553,54.69,41.599,119.0,108.0,False,137.842,"[2048, 2048, 2048, 2048, 2048, 2048, 2048, 2048, 2048]","[2048, 2048, 2048, 2048, 2048, 2048, 2048, 2048, 2048]","[2048, 2048, 2048, 2048, 2048, 2048, 2048, 2048]",132.0
1284,11280,12,7,2026-05-03T17:14:06.618000+00:00,40.592,55.122,41.387,121.0,107.0,False,137.101,"[None, 2048, 2048, 2048, 2048, 2048, 2048, 2048, 2048]","[2048, 2048, 2048, 2048, 2048, 2048, 2048, 2048, 2048]","[2048, 2048, 2048, 2048, 2048, 2048, 2048, 2048]",140.0
1284,11280,63,7,2026-05-03T17:14:07.626000+00:00,41.531,55.3,40.653,136.0,97.0,False,137.484,"[None, 2048, 2048, 2048, 2048, 2048, 2048, 2048, 2048]","[2048, 2048, 2048, 2048, 2048, 2048, 2048, 2048, 2048]","[2048, 2048, 2048, 2048, 2048, 2048, 2048, 2048]",124.0
1284,11280,81,7,2026-05-03T17:14:09.110000+00:00,40.925,55.651,40.738,111.0,102.0,False,137.314,"[2048, 2048, 2048, 2048, 2048, 2048, 2048, 2048, 2048]","[2048, 2048, 2048, 2048, 2048, 2048, 2048, 2048, 2048]","[2048, 2048, 2048, 2048, 2048, 2048, 2048, 2048]",100.0
1284,11280,44,7,2026-05-03T17:14:14.172000+00:00,36.947,55.983,41.34,108.0,98.0,False,134.27,"[None, 2048, 2048, 2048, 2048, 2048, 2048, 2048, 2048]","[2048, 2048, 2048, 2048, 2048, 2048, 2048, 2048, 2048]","[2048, 2048, 2048, 2048, 2048, 2048, 2048, 2048]",108.0
1284,11280,43,7,2026-05-03T17:14:18.287000+00:00,36.807,53.545,41.644,185.0,91.0,False,131.996,"[None, 2048, 2048, 2048, 2048, 2048, 2048, 2048, 2048]","[2048, 2048, 2048, 2048, 2048, 2048, 2048, 2048, 2048]","[2048, 2048, 2048, 2048, 2048, 2048, 2048, 2048]",95.0
1284,11280,3,7,2026-05-03T17:14:23.106000+00:00,52.723,49.164,40.767,176.0,141.0,True,142.654,"[2064, 2064, 2064, 2048, 2048, 2048, 2048, 2048, 2048]","[2048, 2048, 2048, 2048, 2048, 2048, 2048, 2048, 2048]","[2048, 2048, 2048, 2048, 2048, 2048, 2048, 2048]",86.0
1284,11280,23,7,2026-05-03T17:14:24.254000+00:00,36.259,49.483,42.228,192.0,105.0,False,127.97,"[2048, 2048, 2048, 2048, 2048, 2048, 2048, 2048, 2048]","[2048, 2048, 2048, 2048, 2048, 2048, 2048, 2048, 2048]","[2048, 2048, 2048, 2048, 2048, 2048, 2048, 2048]",90.0
1284,11280,55,7,2026-05-03T17:14:25.161000+00:00,37.028,49.207,42.189,,92.0,False,128.424,"[None, 2048, 2048, 2048, 2048, 2048, 2048, 2048, 2048]","[2048, 2048, 2048, 2048, 2048, 2048, 2048, 2048, 2048]","[2048, 2048, 2048, 2048, 2048, 2048, 2048, 2048]",80.0
1284,11280,87,7,2026-05-03T17:14:26.267000+00:00,37.359,48.33,43.668,176.0,94.0,False,129.357,"[None, 2048, 2048, 2048, 2048, 2048, 2048, 2048, 2048]","[2048, 2048, 2048, 2048, 2048, 2048, 2048, 2048, 2048]","[2048, 2048, 2048, 2048, 2048, 2048, 2048, 2048]",77.0
1284,11280,31,7,2026-05-03T17:14:27.240000+00:00,37.501,48.15,43.255,198.0,99.0,False,128.906,"[None, 2048, 2048, 2048, 2048, 2048, 2048, 2048, 2048]","[2048, 2048, 2048, 2048, 2048, 2048, 2048, 2048, 2048]","[2048, 2048, 2048, 2048, 2048, 2048, 2048, 2048]",84.0
1284,11280,41,7,2026-05-03T17:14:29.365000+00:00,37.857,48.28,42.568,182.0,124.0,False,128.705,"[None, 2048, 2048, 2048, 2048, 2048, 2048, 2048, 2048]","[2048, 2048, 2048, 2048, 2048, 2048, 2048, 2048, 2048]","[2048, 2048, 2048, 2048, 2048, 2048, 2048]",85.0
1284,11280,11,7,2026-05-03T17:14:32.490000+00:00,39.402,48.06,41.431,152.0,100.0,False,128.893,"[2049, 2048, 2048, 2048, 2048, 2048, 2048, 2048, 2048]","[2048, 2048, 2048, 2048, 2048, 2048, 2048, 2048, 2048]","[2048, 2048, 2048, 2048, 2048, 2048, 2048, 2048]",98.0
1284,11280,5,7,2026-05-03T17:14:34.618000+00:00,39.016,48.186,41.568,191.0,122.0,False,128.77,"[None, 2048, 2048, 2048, 2048, 2048, 2048, 2048, 2048]","[2048, 2048, 2048, 2048, 2048, 2048, 2048, 2048, 2048]","[2048, 2048, 2048, 2048, 2048, 2048, 2048, 2048]",90.0
1284,11280,18,7,2026-05-03T17:14:36.552000+00:00,38.383,48.857,41.265,170.0,113.0,False,128.505,"[None, 2048, 2049, 2048, 2048, 2048, 2048, 2048, 2048]","[2048, 2048, 2048, 2048, 2048, 2048, 2048, 2048, 2048]","[2048, 2048, 2048, 2048, 2048, 2048, 2048, 2048]",98.0
1284,11280,14,7,2026-05-03T17:14:37.825000+00:00,39.034,49.822,41.1,171.0,136.0,False,129.956,"[None, 2048, 2048, 2048, 2048, 2048, 2048, 2048, 2048]","[2048, 2048, 2048, 2048, 2048, 2048, 2048, 2048, 2048]","[2048, 2048, 2048, 2048, 2048, 2048, 2048, 2048]",105.0
1284,11280,77,7,2026-05-03T17:14:43.435000+00:00,51.346,41.493,35.861,179.0,158.0,True,128.7,"[2064, 2064, 2064, 2048, 2049, 2048, 2048, 2048, 2048]","[2048, 2048, 2048, 2048, 2048, 2048, 2048, 2048, 2048]","[2048, 2048, 2048, 2048, 2048, 2048, 2048, 2048]",123.0
1284,11280,27,7,2026-05-03T17:15:11.421000+00:00,37.13,43.74,90.511,185.0,83.0,False,171.381,"[None, 2048, 2048, 2048, 2049, 2048, 2048, 2048, 2048]","[2048, 2048, 2048, 2048, 2048, 2048, 2048, 2048, 2048]","[2048, 2048, 2048, 2048, 2048, 2048, 2064, 2064]",57.0
1284,11280,30,7,2026-05-03T17:15:18.820000+00:00,,,,,,False,,,,,
1284,11280,16,8,2026-05-03T17:16:21.342000+00:00,49.733,53.527,39.548,142.0,144.0,False,142.808,"[None, 2048, 2048, 2048, 2048, 2048, 2048, 2048, 2048]","[2048, 2048, 2048, 2048, 2048, 2048, 2048, 2048, 2048]","[2048, 2048, 2048, 2048, 2048, 2048, 2048, 2048]",147.0
1284,11280,1,8,2026-05-03T17:16:22.939000+00:00,50.043,54.546,37.81,108.0,97.0,False,142.399,"[None, 2048, 2048, 2048, 2048, 2048, 2048, 2048, 2048]","[2048, 2048, 2048, 2048, 2048, 2048, 2048, 2048, 2048]","[2048, 2048, 2048, 2048, 2048, 2048, 2048, 2048]",110.0
1284,11280,12,8,2026-05-03T17:16:23.741000+00:00,50.121,54.811,37.696,90.0,80.0,False,142.628,"[None, 2048, 2048, 2048, 2048, 2048, 2048, 2048, 2048]","[2048, 2048, 2048, 2048, 2048, 2048, 2048, 2048, 2048]","[2048, 2048, 2048, 2048, 2048, 2048, 2048, 2048]",97.0
1284,11280,63,8,2026-05-03T17:16:25.068000+00:00,50.101,55.634,37.215,86.0,73.0,False,142.95,"[None, 2048, 2048, 2048, 2048, 2048, 2048, 2048, 2048]","[2048, 2048, 2048, 2048, 2048, 2048, 2048, 2048, 2048]","[2048, 2048, 2048, 2048, 2048, 2048, 2048, 2048]",117.0
1284,11280,81,8,2026-05-03T17:16:26.401000+00:00,49.504,56.192,37.934,85.0,64.0,False,143.63,"[None, 2048, 2048, 2048, 2048, 2048, 2048, 2048, 2048]","[2048, 2048, 2048, 2048, 2048, 2048, 2048, 2048, 2048]","[2048, 2048, 2048, 2048, 2048, 2048, 2048, 2048]",154.0
1284,11280,44,8,2026-05-03T17:16:28.495000+00:00,48.68,56.568,37.611,92.0,67.0,False,142.859,"[None, 2048, 2048, 2048, 2048, 2048, 2048, 2048, 2048]","[2048, 2048, 2048, 2048, 2048, 2048, 2048, 2048, 2048]","[2048, 2048, 2048, 2048, 2048, 2048, 2048, 2048]",111.0
1284,11280,43,8,2026-05-03T17:16:30.292000+00:00,47.528,56.998,38.601,91.0,65.0,False,143.127,"[None, 2048, 2048, 2048, 2048, 2048, 2048, 2048, 2048]","[2048, 2048, 2048, 2048, 2048, 2048, 2048, 2048, 2048]","[2048, 2048, 2048, 2048, 2048, 2048, 2048, 2048]",102.0
1284,11280,23,8,2026-05-03T17:16:32.440000+00:00,46.479,57.298,40.903,99.0,67.0,False,144.68,"[None, 2048, 2048, 2048, 2048, 2048, 2048, 2048, 2048]","[2048, 2048, 2048, 2048, 2048, 2048, 2048, 2048, 2048]","[2048, 2048, 2048, 2048, 2048, 2048, 2048, 2048]",100.0
1284,11280,55,8,2026-05-03T17:16:33.591000+00:00,46.192,57.307,41.159,94.0,63.0,False,144.658,"[None, 2048, 2048, 2048, 2048, 2048, 2048, 2048, 2048]","[2048, 2048, 2048, 2048, 2048, 2048, 2048, 2048, 2048]","[2048, 2048, 2048, 2048, 2048, 2048, 2048, 2048]",91.0
1284,11280,87,8,2026-05-03T17:16:35.517000+00:00,44.754,57.993,40.646,95.0,55.0,False,143.393,"[None, 2048, 2048, 2048, 2048, 2048, 2048, 2048, 2048]","[2048, 2048, 2048, 2048, 2048, 2048, 2048, 2048, 2048]","[2048, 2048, 2048, 2048, 2048, 2048, 2048, 2048]",76.0
1284,11280,31,8,2026-05-03T17:16:36.101000+00:00,45.215,58.318,40.368,96.0,53.0,False,143.901,"[None, 2048, 2048, 2048, 2048, 2048, 2048, 2048, 2048]","[2048, 2048, 2048, 2048, 2048, 2048, 2048, 2048, 2048]","[2048, 2048, 2048, 2048, 2048, 2048, 2048, 2048]",98.0
1284,11280,41,8,2026-05-03T17:16:38.054000+00:00,44.134,58.493,40.361,98.0,55.0,False,142.988,"[None, 2048, 2048, 2048, 2048, 2048, 2048, 2048, 2048]","[2048, 2048, 2048, 2048, 2048, 2048, 2048, 2048, 2048]","[2048, 2048, 2048, 2048, 2048, 2048, 2048]",104.0
1284,11280,11,8,2026-05-03T17:16:41.317000+00:00,42.953,57.7,40.796,115.0,58.0,False,141.449,"[2048, 2048, 2048, 2048, 2048, 2048, 2048, 2048, 2048]","[2048, 2048, 2048, 2048, 2048, 2048, 2048, 2048, 2048]","[2048, 2048, 2048, 2048, 2048, 2048, 2048, 2048]",95.0
1284,11280,5,8,2026-05-03T17:16:43.442000+00:00,41.904,58.134,40.713,119.0,54.0,False,140.751,"[None, 2048, 2048, 2048, 2048, 2048, 2048, 2048, 2048]","[2048, 2048, 2048, 2048, 2048, 2048, 2048, 2048, 2048]","[2048, 2048, 2048, 2048, 2048, 2048, 2048, 2048]",96.0
1284,11280,18,8,2026-05-03T17:16:44.999000+00:00,41.308,59.376,40.774,117.0,55.0,False,141.458,"[None, 2048, 2048, 2048, 2048, 2048, 2048, 2048, 2048]","[2048, 2048, 2048, 2048, 2048, 2048, 2048, 2048, 2048]","[2048, 2048, 2048, 2048, 2048, 2048, 2048, 2048]",102.0
1284,11280,3,8,2026-05-03T17:16:45.717000+00:00,41.268,60.077,40.594,103.0,53.0,False,141.939,"[2048, 2048, 2048, 2048, 2048, 2048, 2048, 2048, 2048]","[2048, 2048, 2048, 2048, 2048, 2048, 2048, 2048, 2048]","[2048, 2048, 2048, 2048, 2048, 2048, 2048, 2048]",110.0
1284,11280,14,8,2026-05-03T17:16:47.721000+00:00,40.614,59.926,41.841,155.0,50.0,False,142.381,"[None, 2048, 2048, 2048, 2048, 2048, 2048, 2048, 2048]","[2048, 2048, 2048, 2048, 2048, 2048, 2048, 2048, 2048]","[2048, 2048, 2048, 2048, 2048, 2048, 2048, 2048]",108.0
1284,11280,77,8,2026-05-03T17:16:52.152000+00:00,38.863,59.037,42.242,153.0,56.0,False,140.142,"[2048, 2048, 2048, 2048, 2048, 2048, 2048, 2048, 2048]","[2048, 2048, 2048, 2048, 2048, 2048, 2048, 2048, 2048]","[2048, 2048, 2048, 2048, 2048, 2048, 2048, 2048]",122.0
1284,11280,27,8,2026-05-03T17:18:02.832000+00:00,,,,,,False,,,,,
1284,11280,16,9,2026-05-03T17:18:44.116000+00:00,47.881,55.025,44.578,171.0,106.0,False,147.484,"[None, 2048, 2048, 2048, 2048, 2048, 2048, 2048, 2048]","[2048, 2048, 2048, 2048, 2048, 2048, 2048, 2048, 2048]","[2048, 2048, 2048, 2048, 2048, 2048, 2048, 2048]",144.0
1284,11280,1,9,2026-05-03T17:18:45.304000+00:00,48.536,55.467,43.623,138.0,84.0,False,147.626,"[None, 2048, 2048, 2048, 2048, 2048, 2048, 2048, 2048]","[2048, 2048, 2048, 2048, 2048, 2048, 2048, 2048, 2048]","[2048, 2048, 2048, 2048, 2048, 2048, 2048, 2048]",156.0
1284,11280,12,9,2026-05-03T17:18:46.366000+00:00,48.055,56.357,43.608,157.0,77.0,False,148.02,"[None, 2048, 2048, 2048, 2048, 2048, 2048, 2048, 2048]","[2048, 2048, 2048, 2048, 2048, 2048, 2048, 2048, 2048]","[2048, 2048, 2048, 2048, 2048, 2048, 2048, 2048]",169.0
1284,11280,63,9,2026-05-03T17:18:48.073000+00:00,48.471,56.496,42.478,150.0,70.0,False,147.445,"[None, 2048, 2048, 2048, 2048, 2048, 2048, 2048, 2048]","[2048, 2048, 2048, 2048, 2048, 2048, 2048, 2048, 2048]","[2048, 2048, 2048, 2048, 2048, 2048, 2048, 2048]",143.0
1284,11280,81,9,2026-05-03T17:18:49.960000+00:00,47.453,57.423,42.5,122.0,66.0,False,147.376,"[None, 2048, 2048, 2048, 2048, 2048, 2048, 2048, 2048]","[2048, 2048, 2048, 2048, 2048, 2048, 2048, 2048, 2048]","[2048, 2048, 2048, 2048, 2048, 2048, 2048, 2048]",114.0
1284,11280,44,9,2026-05-03T17:18:51.319000+00:00,47.245,57.573,42.382,130.0,64.0,False,147.2,"[None, 2048, 2048, 2048, 2048, 2048, 2048, 2048, 2048]","[2048, 2048, 2048, 2048, 2048, 2048, 2048, 2048, 2048]","[2048, 2048, 2048, 2048, 2048, 2048, 2048, 2048]",136.0
1284,11280,43,9,2026-05-03T17:18:53.413000+00:00,45.832,58.158,42.376,125.0,63.0,False,146.366,"[None, 2048, 2048, 2048, 2048, 2048, 2048, 2048, 2048]","[2048, 2048, 2048, 2048, 2048, 2048, 2048, 2048, 2048]","[2048, 2048, 2048, 2048, 2048, 2048, 2048, 2048]",167.0
1284,11280,23,9,2026-05-03T17:18:56.999000+00:00,44.037,57.731,41.747,130.0,66.0,False,143.515,"[None, 2048, 2048, 2048, 2048, 2048, 2048, 2048, 2048]","[2048, 2048, 2048, 2048, 2048, 2048, 2048, 2048, 2048]","[2048, 2048, 2048, 2048, 2048, 2048, 2048, 2048]",163.0
1284,11280,55,9,2026-05-03T17:18:58.189000+00:00,44.337,57.019,41.934,110.0,68.0,False,143.29,"[None, 2048, 2048, 2048, 2048, 2048, 2048, 2048, 2048]","[2048, 2048, 2048, 2048, 2048, 2048, 2048, 2048, 2048]","[2048, 2048, 2048, 2048, 2048, 2048, 2048, 2048]",123.0
1284,11280,87,9,2026-05-03T17:18:58.951000+00:00,44.407,57.49,41.404,105.0,72.0,False,143.301,"[None, 2048, 2048, 2048, 2048, 2048, 2048, 2048, 2048]","[2048, 2048, 2048, 2048, 2048, 2048, 2048, 2048, 2048]","[2048, 2048, 2048, 2048, 2048, 2048, 2048, 2048]",145.0
1284,11280,31,9,2026-05-03T17:19:00.051000+00:00,44.659,58.107,40.389,97.0,66.0,False,143.155,"[None, 2048, 2048, 2048, 2048, 2048, 2048, 2048, 2048]","[2048, 2048, 2048, 2048, 2048, 2048, 2048, 2048, 2048]","[2048, 2048, 2048, 2048, 2048, 2048, 2048, 2048]",150.0
1284,11280,41,9,2026-05-03T17:19:01.119000+00:00,44.502,58.409,40.285,101.0,72.0,False,143.196,"[None, 2048, 2048, 2048, 2048, 2048, 2048, 2048, 2048]","[2048, 2048, 2048, 2048, 2048, 2048, 2048, 2048, 2048]","[2048, 2048, 2048, 2048, 2048, 2048, 2048, 2048]",146.0
1284,11280,11,9,2026-05-03T17:19:02.852000+00:00,44.365,58.947,39.811,105.0,88.0,False,143.123,"[None, 2048, 2048, 2048, 2048, 2048, 2048, 2048, 2048]","[2048, 2048, 2048, 2048, 2048, 2048, 2048, 2048, 2048]","[2048, 2048, 2048, 2048, 2048, 2048, 2048, 2048]",120.0
1284,11280,5,9,2026-05-03T17:19:04.134000+00:00,44.019,58.609,39.99,118.0,115.0,False,142.618,"[None, 2048, 2048, 2048, 2048, 2048, 2048, 2048, 2048]","[2048, 2048, 2048, 2048, 2048, 2048, 2048, 2048, 2048]","[2048, 2048, 2048, 2048, 2048, 2048, 2048, 2048]",137.0
1284,11280,18,9,2026-05-03T17:19:06.486000+00:00,42.959,60.632,39.056,109.0,79.0,False,142.647,"[None, 2048, 2048, 2048, 2048, 2048, 2048, 2048, 2048]","[2048, 2048, 2048, 2048, 2048, 2048, 2048, 2048, 2048]","[2048, 2048, 2048, 2048, 2048, 2048, 2048, 2048]",172.0
1284,11280,3,9,2026-05-03T17:19:07.674000+00:00,42.138,62.696,37.749,95.0,92.0,False,142.583,"[None, 2048, 2048, 2048, 2048, 2048, 2048, 2048, 2048]","[2048, 2048, 2048, 2048, 2048, 2048, 2048, 2048, 2048]","[2048, 2048, 2048, 2048, 2048, 2048, 2048, 2048]",192.0
1284,11280,14,9,2026-05-03T17:19:10.151000+00:00,40.463,63.484,38.282,136.0,107.0,False,142.229,"[None, 2048, 2048, 2048, 2048, 2048, 2048, 2048, 2048]","[2048, 2048, 2048, 2048, 2048, 2048, 2048, 2048, 2048]","[2048, 2048, 2048, 2048, 2048, 2048, 2048, 2048]",209.0
1284,11280,77,9,2026-05-03T17:19:12.234000+00:00,40.627,63.467,39.759,136.0,85.0,False,143.853,"[None, 2048, 2048, 2048, 2048, 2048, 2048, 2048, 2048]","[2048, 2048, 2048, 2048, 2048, 2048, 2048, 2048, 2048]","[2048, 2048, 2048, 2048, 2048, 2048, 2048, 2048]",175.0
1284,11280,16,10,2026-05-03T17:21:11.612000+00:00,48.254,54.401,36.107,162.0,116.0,False,138.762,"[None, 2048, 2048, 2048, 2048, 2048, 2048, 2048, 2048]","[2048, 2048, 2048, 2048, 2048, 2048, 2048, 2048, 2048]","[2048, 2048, 2048, 2048, 2048, 2048, 2048, 2048]",162.0
1284,11280,1,10,2026-05-03T17:21:13.001000+00:00,48.549,55.495,35.075,120.0,94.0,False,139.119,"[None, 2048, 2048, 2048, 2048, 2048, 2048, 2048, 2048]","[2048, 2048, 2048, 2048, 2048, 2048, 2048, 2048, 2048]","[2048, 2048, 2048, 2048, 2048, 2048, 2048, 2048]",211.0
1284,11280,12,10,2026-05-03T17:21:14.333000+00:00,48.165,55.71,34.896,119.0,85.0,False,138.771,"[None, 2048, 2048, 2048, 2048, 2048, 2048, 2048, 2048]","[2048, 2048, 2048, 2048, 2048, 2048, 2048, 2048, 2048]","[2048, 2048, 2048, 2048, 2048, 2048, 2048, 2048]",235.0
1284,11280,63,10,2026-05-03T17:21:15.567000+00:00,48.656,56.276,33.461,115.0,77.0,False,138.393,"[None, 2048, 2048, 2048, 2048, 2048, 2048, 2048, 2048]","[2048, 2048, 2048, 2048, 2048, 2048, 2048, 2048, 2048]","[2048, 2048, 2048, 2048, 2048, 2048, 2048, 2048]",172.0
1284,11280,81,10,2026-05-03T17:21:17.267000+00:00,47.889,56.288,34.358,101.0,77.0,False,138.535,"[None, 2048, 2048, 2048, 2048, 2048, 2048, 2048, 2048]","[2048, 2048, 2048, 2048, 2048, 2048, 2048, 2048, 2048]","[2048, 2048, 2048, 2048, 2048, 2048, 2048, 2048]",242.0
1284,11280,44,10,2026-05-03T17:21:18.487000+00:00,47.441,57.12,33.329,106.0,75.0,False,137.89,"[None, 2048, 2048, 2048, 2048, 2048, 2048, 2048, 2048]","[2048, 2048, 2048, 2048, 2048, 2048, 2048, 2048, 2048]","[2048, 2048, 2048, 2048, 2048, 2048, 2048, 2048]",243.0
1284,11280,43,10,2026-05-03T17:21:19.761000+00:00,47.025,57.22,33.888,95.0,69.0,False,138.133,"[None, 2048, 2048, 2048, 2048, 2048, 2048, 2048, 2048]","[2048, 2048, 2048, 2048, 2048, 2048, 2048, 2048, 2048]","[2048, 2048, 2048, 2048, 2048, 2048, 2048, 2048]",242.0
1284,11280,23,10,2026-05-03T17:21:20.446000+00:00,47.224,57.169,35.719,96.0,69.0,False,140.112,"[None, 2048, 2048, 2048, 2048, 2048, 2048, 2048, 2048]","[2048, 2048, 2048, 2048, 2048, 2048, 2048, 2048, 2048]","[2048, 2048, 2048, 2048, 2048, 2048, 2048, 2048]",140.0
1284,11280,55,10,2026-05-03T17:21:21.484000+00:00,47.092,57.138,36.009,91.0,85.0,False,140.239,"[None, 2048, 2048, 2048, 2048, 2048, 2048, 2048, 2048]","[2048, 2048, 2048, 2048, 2048, 2048, 2048, 2048, 2048]","[2048, 2048, 2048, 2048, 2048, 2048, 2048, 2048]",161.0
1284,11280,87,10,2026-05-03T17:21:22.318000+00:00,47.051,57.473,35.262,90.0,88.0,False,139.786,"[None, 2048, 2048, 2048, 2048, 2048, 2048, 2048, 2048]","[2048, 2048, 2048, 2048, 2048, 2048, 2048, 2048, 2048]","[2048, 2048, 2048, 2048, 2048, 2048, 2048, 2048]",156.0
1284,11280,31,10,2026-05-03T17:21:23.168000+00:00,47.124,57.919,34.937,95.0,83.0,False,139.98,"[None, 2048, 2048, 2048, 2048, 2048, 2048, 2048, 2048]","[2048, 2048, 2048, 2048, 2048, 2048, 2048, 2048, 2048]","[2048, 2048, 2048, 2048, 2048, 2048, 2048, 2048]",162.0
1284,11280,41,10,2026-05-03T17:21:24.283000+00:00,46.754,58.795,35.395,95.0,91.0,False,140.944,"[None, 2048, 2048, 2048, 2048, 2048, 2048, 2048, 2048]","[2048, 2048, 2048, 2048, 2048, 2048, 2048, 2048, 2048]","[2048, 2048, 2048, 2048, 2048, 2048, 2048, 2048]",160.0
1284,11280,11,10,2026-05-03T17:21:26.018000+00:00,46.616,58.783,34.773,99.0,107.0,False,140.172,"[None, 2048, 2048, 2048, 2048, 2048, 2048, 2048, 2048]","[2048, 2048, 2048, 2048, 2048, 2048, 2048, 2048, 2048]","[2048, 2048, 2048, 2048, 2048, 2048, 2048, 2048]",144.0
1284,11280,5,10,2026-05-03T17:21:26.787000+00:00,46.963,58.869,34.942,101.0,104.0,False,140.774,"[None, 2048, 2048, 2048, 2048, 2048, 2048, 2048, 2048]","[2048, 2048, 2048, 2048, 2048, 2048, 2048, 2048, 2048]","[2048, 2048, 2048, 2048, 2048, 2048, 2048, 2048]",153.0
1284,11280,18,10,2026-05-03T17:21:29.195000+00:00,45.681,59.716,33.779,106.0,92.0,False,139.176,"[None, 2048, 2048, 2048, 2048, 2048, 2048, 2048, 2048]","[2048, 2048, 2048, 2048, 2048, 2048, 2048, 2048, 2048]","[2048, 2048, 2048, 2048, 2048, 2048, 2048, 2048]",147.0
1284,11280,3,10,2026-05-03T17:21:30.317000+00:00,45.957,60.071,34.144,100.0,90.0,False,140.172,"[None, 2048, 2048, 2048, 2048, 2048, 2048, 2048, 2048]","[2048, 2048, 2048, 2048, 2048, 2048, 2048, 2048, 2048]","[2048, 2048, 2048, 2048, 2048, 2048, 2048, 2048]",258.0
1284,11280,14,10,2026-05-03T17:21:32.345000+00:00,44.824,60.795,34.576,92.0,69.0,False,140.195,"[None, 2048, 2048, 2048, 2048, 2048, 2048, 2048, 2048]","[2048, 2048, 2048, 2048, 2048, 2048, 2048, 2048, 2048]","[2048, 2048, 2048, 2048, 2048, 2048, 2048, 2048]",240.0
1284,11280,77,10,2026-05-03T17:21:36.052000+00:00,42.34,61.164,34.614,99.0,59.0,False,138.118,"[None, 2048, 2048, 2048, 2048, 2048, 2048, 2048, 2048]","[2048, 2048, 2048, 2048, 2048, 2048, 2048, 2048, 2048]","[2048, 2048, 2048, 2048, 2048, 2048, 2048, 2048]",165.0
1284,11280,16,11,2026-05-03T17:23:30.387000+00:00,48.092,48.067,55.734,178.0,142.0,False,151.893,"[None, 2048, 2048, 2048, 2048, 2048, 2048, 2048, 2048]","[2048, 2048, 2048, 2048, 2048, 2048, 2048, 2048, 2048]","[2048, 2048, 2048, 2048, 2048, 2048, 2048, 2049]",64.0
1284,11280,1,11,2026-05-03T17:23:32.044000+00:00,47.831,47.757,55.27,134.0,125.0,False,150.858,"[None, 2048, 2048, 2048, 2048, 2048, 2048, 2048, 2048]","[2048, 2048, 2048, 2048, 2048, 2048, 2048, 2048, 2048]","[2048, 2048, 2048, 2048, 2048, 2048, 2048, 2048]",63.0
1284,11280,12,11,2026-05-03T17:23:33.187000+00:00,48.216,47.879,54.069,133.0,118.0,False,150.164,"[None, 2048, 2048, 2048, 2048, 2048, 2048, 2048, 2048]","[2048, 2048, 2048, 2048, 2048, 2048, 2048, 2048, 2048]","[2048, 2048, 2048, 2048, 2048, 2048, 2048, 2048]",61.0
1284,11280,63,11,2026-05-03T17:23:33.895000+00:00,49.351,47.238,53.369,132.0,107.0,False,149.958,"[None, 2048, 2048, 2048, 2048, 2048, 2048, 2048, 2048]","[2048, 2048, 2048, 2048, 2048, 2048, 2048, 2048, 2048]","[2048, 2048, 2048, 2048, 2048, 2048, 2048, 2048]",62.0
1284,11280,81,11,2026-05-03T17:23:35.919000+00:00,48.402,47.036,52.97,99.0,109.0,False,148.408,"[None, 2048, 2048, 2048, 2048, 2048, 2048, 2048, 2048]","[2048, 2048, 2048, 2048, 2048, 2048, 2048, 2048, 2048]","[2048, 2048, 2048, 2048, 2048, 2048, 2048, 2049]",61.0
1284,11280,44,11,2026-05-03T17:23:36.370000+00:00,49.037,46.595,52.636,93.0,118.0,False,148.268,"[None, 2048, 2048, 2048, 2048, 2048, 2048, 2048, 2048]","[2048, 2048, 2048, 2048, 2048, 2048, 2048, 2048, 2048]","[2048, 2048, 2048, 2048, 2048, 2048, 2048, 2049]",59.0
1284,11280,43,11,2026-05-03T17:23:37.928000+00:00,48.18,47.122,51.977,91.0,121.0,False,147.279,"[None, 2048, 2048, 2048, 2048, 2048, 2048, 2048, 2048]","[2048, 2048, 2048, 2048, 2048, 2048, 2048, 2048, 2048]","[2048, 2048, 2048, 2048, 2048, 2048, 2048, 2049]",57.0
1284,11280,23,11,2026-05-03T17:23:40.574000+00:00,46.281,47.048,51.847,97.0,125.0,False,145.176,"[None, 2048, 2048, 2048, 2048, 2048, 2048, 2048, 2048]","[2048, 2048, 2048, 2048, 2048, 2048, 2048, 2048, 2048]","[2048, 2048, 2048, 2048, 2048, 2048, 2048, 2049]",55.0
1284,11280,55,11,2026-05-03T17:23:41.802000+00:00,46.368,46.694,51.301,120.0,123.0,False,144.363,"[None, 2048, 2048, 2048, 2048, 2048, 2049, 2048, 2048]","[2048, 2048, 2048, 2048, 2048, 2048, 2048, 2048, 2048]","[2048, 2048, 2048, 2048, 2048, 2048, 2048, 2049]",48.0
1284,11280,87,11,2026-05-03T17:23:42.087000+00:00,46.78,46.559,51.315,121.0,133.0,False,144.654,"[None, 2048, 2048, 2048, 2048, 2048, 2049, 2049, 2048]","[2048, 2048, 2048, 2048, 2048, 2048, 2048, 2048, 2048]","[2048, 2048, 2048, 2048, 2048, 2048, 2048, 2048]",46.0
1284,11280,31,11,2026-05-03T17:23:43.100000+00:00,47.089,46.108,50.943,121.0,128.0,False,144.14,"[None, 2048, 2048, 2048, 2048, 2048, 2048, 2048, 2048]","[2048, 2048, 2048, 2048, 2048, 2048, 2048, 2048, 2048]","[2048, 2048, 2048, 2048, 2048, 2048, 2048, 2048]",47.0
1284,11280,41,11,2026-05-03T17:23:45.252000+00:00,45.924,45.661,51.108,126.0,132.0,False,142.693,"[None, 2048, 2048, 2048, 2048, 2048, 2048, 2049, 2048]","[2048, 2048, 2048, 2048, 2048, 2048, 2048, 2048, 2048]","[2048, 2048, 2048, 2048, 2048, 2048, 2048, 2048]",46.0
1284,11280,11,11,2026-05-03T17:23:46.034000+00:00,46.572,45.727,50.107,115.0,124.0,False,142.406,"[None, 2048, 2048, 2048, 2048, 2048, 2048, 2048, 2048]","[2048, 2048, 2048, 2048, 2048, 2048, 2048, 2048, 2048]","[2048, 2048, 2048, 2048, 2048, 2048, 2048, 2048]",39.0
1284,11280,5,11,2026-05-03T17:23:47.591000+00:00,46.105,45.16,50.239,149.0,129.0,False,141.504,"[None, 2048, 2048, 2048, 2048, 2048, 2048, 2048, 2048]","[2048, 2048, 2048, 2048, 2048, 2048, 2048, 2048, 2048]","[2048, 2048, 2048, 2048, 2048, 2048, 2048, 2048]",40.0
1284,11280,18,11,2026-05-03T17:23:48.262000+00:00,46.719,46.079,48.372,142.0,164.0,False,141.17,"[None, 2048, 2048, 2048, 2048, 2048, 2048, 2048, 2048]","[2048, 2048, 2048, 2048, 2048, 2048, 2048, 2048, 2048]","[2048, 2048, 2048, 2048, 2048, 2048, 2048, 2049]",38.0
1284,11280,3,11,2026-05-03T17:23:50.422000+00:00,46.07,45.171,48.202,121.0,165.0,False,139.443,"[None, 2048, 2048, 2048, 2048, 2048, 2048, 2048, 2048]","[2048, 2048, 2048, 2048, 2048, 2048, 2048, 2048, 2048]","[2048, 2048, 2048, 2048, 2048, 2048, 2048, 2049]",38.0
1284,11280,14,11,2026-05-03T17:23:52.536000+00:00,44.428,48.072,45.315,137.0,160.0,False,137.815,"[None, 2048, 2048, 2048, 2048, 2048, 2048, 2048, 2048]","[2048, 2048, 2048, 2048, 2048, 2048, 2048, 2048, 2048]","[2048, 2048, 2048, 2048, 2048, 2048, 2049, 2049]",40.0
1284,11280,77,11,2026-05-03T17:23:54.183000+00:00,44.735,46.705,45.38,159.0,181.0,False,136.82,"[None, 2048, 2048, 2048, 2048, 2048, 2048, 2048, 2048]","[2048, 2048, 2048, 2048, 2048, 2048, 2048, 2048, 2048]","[2048, 2048, 2048, 2048, 2048, 2048, 2048, 2049]",43.0
1284,11280,16,12,2026-05-03T17:26:02.218000+00:00,32.29,34.628,25.96,213.0,188.0,False,92.878,"[2049, 2048, 2048, 2048, 2048, 2048, 2048, 2048, 2048]","[2048, 2048, 2048, 2048, 2048, 2051, 2051, 2048, 2048]","[2049, 2048, 2048, 2049, 2048, 2048, 2048, 2048]",296.0
1284,11280,1,12,2026-05-03T17:26:02.987000+00:00,32.418,34.694,25.444,213.0,189.0,False,92.556,"[2049, 2048, 2051, 2048, 2048, 2048, 2049, 2049, 2049]","[2049, 2048, 2048, 2048, 2048, 2048, 2049, 2049, 2049]","[2049, 2048, 2048, 2048, 2048, 2049, 2051, 2049]",310.0
1284,11280,12,12,2026-05-03T17:26:03.286000+00:00,32.726,34.667,25.65,215.0,187.0,False,93.043,"[2049, 2048, 2048, 2048, 2048, 2048, 2049, 2048, 2048]","[2051, 2048, 2048, 2049, 2048, 2048, 2048, 2048, 2048]","[2049, 2048, 2048, 2048, 2049, 2048, 2048, 2048]",320.0
1284,11280,63,12,2026-05-03T17:26:03.883000+00:00,34.169,34.829,25.953,212.0,187.0,False,94.951,"[None, 2049, 2048, 2048, 2048, 2048, 2048, 2048, 2048]","[2048, 2048, 2048, 2048, 2048, 2048, 2048, 2049, 2048]","[2048, 2048, 2048, 2048, 2048, 2048, 2048, 2048]",305.0
1284,11280,81,12,2026-05-03T17:26:04.333000+00:00,32.973,34.946,25.599,213.0,189.0,False,93.518,"[2049, 2049, 2048, 2048, 2048, 2048, 2049, 2049, 2049]","[2048, 2048, 2048, 2048, 2048, 2049, 2048, 2048, 2048]","[2049, 2048, 2048, 2048, 2049, 2049, 2049, 2048]",313.0
1284,11280,44,12,2026-05-03T17:26:04.683000+00:00,33.883,35.081,25.762,210.0,186.0,False,94.726,"[2049, 2048, 2048, 2048, 2048, 2048, 2048, 2048, 2048]","[2048, 2048, 2048, 2048, 2048, 2048, 2048, 2048, 2048]","[2048, 2048, 2048, 2048, 2048, 2051, 2048, 2048]",307.0
1284,11280,43,12,2026-05-03T17:26:05.200000+00:00,33.645,35.491,25.998,206.0,187.0,False,95.134,"[2049, 2048, 2048, 2048, 2048, 2048, 2048, 2048, 2048]","[2048, 2049, 2048, 2048, 2048, 2048, 2048, 2048, 2049]","[2051, 2048, 2049, 2048, 2048, 2049, 2049, 2048]",294.0
1284,11280,23,12,2026-05-03T17:26:05.752000+00:00,33.695,35.604,25.907,209.0,186.0,False,95.206,"[2049, 2049, 2048, 2048, 2048, 2048, 2048, 2049, 2048]","[2048, 2048, 2048, 2048, 2048, 2048, 2048, 2048, 2048]","[2049, 2048, 2048, 2048, 2049, 2048, 2048, 2048]",322.0
1284,11280,55,12,2026-05-03T17:26:06.151000+00:00,33.837,35.506,25.818,213.0,186.0,False,95.161,"[2049, 2048, 2049, 2049, 2048, 2048, 2049, 2048, 2048]","[2049, 2048, 2048, 2048, 2048, 2048, 2048, 2048, 2049]","[2049, 2048, 2048, 2048, 2048, 2049, 2048, 2048]",321.0
1284,11280,87,12,2026-05-03T17:26:06.787000+00:00,33.8,35.516,25.953,210.0,182.0,False,95.269,"[2049, 2048, 2048, 2048, 2048, 2048, 2049, 2048, 2048]","[2049, 2048, 2048, 2048, 2048, 2048, 2048, 2048, 2048]","[2048, 2048, 2048, 2048, 2048, 2048, 2048, 2048]",311.0
1284,11280,31,12,2026-05-03T17:26:07.254000+00:00,33.691,35.613,25.909,210.0,186.0,False,95.213,"[2049, 2048, 2048, 2048, 2048, 2048, 2049, 2048, 2048]","[2048, 2048, 2048, 2048, 2048, 2048, 2048, 2048, 2049]","[2049, 2048, 2048, 2048, 2048, 2048, 2049, 2048]",301.0
1284,11280,41,12,2026-05-03T17:26:07.936000+00:00,33.856,36.82,26.1,211.0,185.0,False,96.776,"[2049, 2049, 2048, 2048, 2048, 2048, 2048, 2048, 2049]","[2048, 2048, 2048, 2048, 2048, 2048, 2048, 2048, 2049]","[2048, 2048, 2048, 2049, 2048, 2049, 2048, 2048]",311.0
1284,11280,11,12,2026-05-03T17:26:08.521000+00:00,33.776,36.869,26.306,209.0,184.0,False,96.951,"[2049, 2048, 2049, 2049, 2049, 2048, 2049, 2049, 2049]","[2048, 2048, 2048, 2048, 2048, 2048, 2048, 2048, 2048]","[2049, 2048, 2048, 2048, 2048, 2048, 2048, 2048]",294.0
1284,11280,5,12,2026-05-03T17:26:09.075000+00:00,33.726,36.792,26.642,208.0,182.0,False,97.16,"[2049, 2048, 2048, 2048, 2048, 2049, 2048, 2048, 2048]","[2048, 2048, 2048, 2049, 2048, 2048, 2048, 2048, 2049]","[2048, 2049, 2048, 2048, 2048, 2048, 2049, 2049]",282.0
1284,11280,18,12,2026-05-03T17:26:09.435000+00:00,34.243,36.78,26.419,206.0,183.0,False,97.442,"[2049, 2048, 2048, 2049, 2049, 2048, 2048, 2048, 2048]","[2049, 2049, 2049, 2048, 2048, 2048, 2048, 2048, 2048]","[2049, 2048, 2048, 2048, 2048, 2049, 2049, 2048]",306.0
1284,11280,3,12,2026-05-03T17:26:09.966000+00:00,33.534,36.532,25.718,209.0,185.0,False,95.784,"[2051, 2048, 2048, 2048, 2048, 2048, 2048, 2048, 2048]","[2048, 2048, 2048, 2048, 2048, 2048, 2048, 2048, 2048]","[2049, 2048, 2048, 2048, 2048, 2048, 2048, 2048]",322.0
1284,11280,14,12,2026-05-03T17:26:10.334000+00:00,34.086,36.435,26.279,206.0,180.0,False,96.8,"[2049, 2049, 2049, 2048, 2048, 2048, 2048, 2048, 2048]","[2049, 2048, 2048, 2048, 2048, 2048, 2048, 2048, 2048]","[2049, 2048, 2049, 2048, 2048, 2048, 2049, 2049]",289.0
1284,11280,77,12,2026-05-03T17:26:11.022000+00:00,34.192,36.154,26.073,213.0,188.0,False,96.419,"[None, 2048, 2049, 2049, 2048, 2048, 2048, 2049, 2048]","[2049, 2048, 2048, 2048, 2048, 2049, 2048, 2048, 2048]","[2049, 2049, 2049, 2048, 2048, 2049, 2049, 2048]",273.0
1284,11280,16,13,2026-05-03T17:27:35.102000+00:00,32.533,35.784,26.064,212.0,185.0,False,94.381,"[2048, 2048, 2051, 2048, 2048, 2048, 2048, 2048, 2048]","[2048, 2048, 2048, 2048, 2048, 2048, 2048, 2048, 2048]","[2049, 2049, 2049, 2048, 2048, 2048, 2048, 2048]",302.0
1284,11280,1,13,2026-05-03T17:27:35.536000+00:00,32.681,34.671,25.542,,188.0,False,92.894,"[None, 2048, 2048, 2048, 2048, 2048, 2049, 2049, 2048]","[2049, 2048, 2048, 2048, 2049, 2048, 2049, 2048, 2049]","[2048, 2048, 2048, 2048, 2051, 2049, 2048, 2048]",306.0
1284,11280,12,13,2026-05-03T17:27:36.335000+00:00,32.789,34.815,25.466,211.0,187.0,False,93.07,"[2048, 2048, 2049, 2048, 2048, 2048, 2049, 2048, 2048]","[2048, 2049, 2049, 2049, 2048, 2048, 2048, 2048, 2048]","[2051, 2049, 2049, 2049, 2048, 2048, 2048, 2048]",319.0
1284,11280,81,13,2026-05-03T17:27:37.700000+00:00,32.81,34.989,25.664,211.0,187.0,False,93.463,"[2048, 2048, 2048, 2048, 2048, 2048, 2049, 2048, 2048]","[2048, 2048, 2048, 2048, 2048, 2048, 2049, 2049, 2048]","[2048, 2048, 2048, 2048, 2049, 2048, 2048, 2048]",314.0
1284,11280,63,13,2026-05-03T17:27:38.787000+00:00,32.744,35.089,25.75,208.0,186.0,False,93.583,"[None, 2048, 2049, 2048, 2048, 2051, 2048, 2048, 2048]","[2048, 2048, 2048, 2048, 2048, 2048, 2048, 2048, 2048]","[2048, 2048, 2048, 2048, 2048, 2048, 2049, 2048]",313.0
1284,11280,44,13,2026-05-03T17:27:39.410000+00:00,33.028,35.102,25.624,209.0,182.0,False,93.754,"[2048, 2048, 2048, 2049, 2048, 2048, 2048, 2048, 2048]","[2048, 2048, 2049, 2048, 2048, 2048, 2048, 2048, 2048]","[2048, 2048, 2049, 2048, 2048, 2048, 2049, 2048]",320.0
1284,11280,43,13,2026-05-03T17:27:40.350000+00:00,33.068,35.319,25.859,212.0,184.0,False,94.246,"[2048, 2048, 2048, 2048, 2049, 2048, 2049, 2049, 2048]","[2049, 2049, 2048, 2048, 2048, 2048, 2048, 2048, 2048]","[2048, 2048, 2048, 2048, 2048, 2048, 2049, 2048]",318.0
1284,11280,23,13,2026-05-03T17:27:40.838000+00:00,33.662,35.118,25.773,207.0,184.0,False,94.553,"[2048, 2048, 2048, 2048, 2048, 2049, 2049, 2049, 2048]","[2048, 2048, 2048, 2048, 2048, 2049, 2048, 2048, 2048]","[2048, 2048, 2048, 2048, 2049, 2048, 2048, 2048]",321.0
1284,11280,55,13,2026-05-03T17:27:41.275000+00:00,33.952,35.201,25.731,211.0,184.0,False,94.884,"[2048, 2048, 2049, 2048, 2049, 2048, 2048, 2049, 2048]","[2048, 2048, 2048, 2048, 2049, 2048, 2049, 2048, 2048]","[2048, 2048, 2048, 2048, 2048, 2048, 2049, 2049]",317.0
1284,11280,87,13,2026-05-03T17:27:41.999000+00:00,33.863,35.306,25.863,207.0,182.0,False,95.032,"[2048, 2048, 2048, 2048, 2048, 2048, 2049, 2048, 2048]","[2048, 2048, 2048, 2048, 2048, 2048, 2048, 2048, 2048]","[2048, 2048, 2048, 2048, 2048, 2048, 2049, 2048]",307.0
1284,11280,31,13,2026-05-03T17:27:42.541000+00:00,33.916,35.39,25.764,,185.0,False,95.07,"[2048, 2048, 2048, 2049, 2048, 2048, 2049, 2048, 2048]","[2048, 2048, 2048, 2048, 2048, 2048, 2048, 2048, 2048]","[2048, 2049, 2048, 2048, 2049, 2048, 2048, 2048]",294.0
1284,11280,41,13,2026-05-03T17:27:44.728000+00:00,33.598,36.345,25.763,,183.0,False,95.706,"[2048, 2048, 2048, 2049, 2049, 2049, 2049, 2048, 2048]","[2048, 2048, 2048, 2048, 2048, 2048, 2048, 2048, 2048]","[2048, 2048, 2048, 2048, 2049, 2048, 2049, 2048]",315.0
1284,11280,11,13,2026-05-03T17:27:45.447000+00:00,34.553,35.995,26.057,203.0,182.0,False,96.605,"[2048, 2048, 2048, 2048, 2049, 2048, 2048, 2048, 2048]","[2048, 2048, 2048, 2048, 2048, 2049, 2048, 2048, 2049]","[2048, 2048, 2048, 2048, 2048, 2048, 2049, 2049]",282.0
1284,11280,3,13,2026-05-03T17:27:45.666000+00:00,32.983,34.8,25.777,215.0,185.0,False,93.56,"[2048, 2048, 2048, 2048, 2048, 2048, 2048, 2048, 2048]","[2051, 2049, 2048, 2048, 2048, 2048, 2048, 2048, 2048]","[2048, 2048, 2048, 2048, 2048, 2048, 2048, 2048]",315.0
1284,11280,5,13,2026-05-03T17:27:46.244000+00:00,33.996,35.113,26.44,211.0,180.0,False,95.549,"[2048, 2048, 2048, 2048, 2049, 2048, 2049, 2048, 2048]","[2049, 2049, 2049, 2048, 2049, 2048, 2049, 2049, 2049]","[2048, 2048, 2048, 2049, 2048, 2048, 2048, 2048]",301.0
1284,11280,18,13,2026-05-03T17:27:46.947000+00:00,34.162,35.757,26.166,205.0,181.0,False,96.085,"[2048, 2048, 2048, 2048, 2048, 2048, 2048, 2048, 2048]","[2048, 2048, 2048, 2048, 2049, 2049, 2048, 2049, 2048]","[2048, 2048, 2048, 2048, 2049, 2048, 2048, 2048]",308.0
1284,11280,14,13,2026-05-03T17:27:47.228000+00:00,34.305,35.916,26.128,203.0,180.0,False,96.349,"[None, 2048, 2048, 2048, 2048, 2048, 2048, 2048, 2048]","[2048, 2049, 2048, 2048, 2048, 2048, 2049, 2049, 2048]","[2048, 2048, 2048, 2048, 2048, 2048, 2048, 2048]",303.0
1284,11280,77,13,2026-05-03T17:27:47.494000+00:00,34.593,36.087,25.93,207.0,187.0,False,96.61,"[None, 2048, 2048, 2048, 2048, 2048, 2048, 2048, 2048]","[2048, 2049, 2049, 2049, 2048, 2048, 2048, 2049, 2048]","[2048, 2048, 2049, 2049, 2048, 2049, 2048, 2048]",308.0
1284,11280,1,14,2026-05-03T17:29:08.349000+00:00,32.324,34.849,25.621,212.0,187.0,False,92.794,"[2048, 2048, 2051, 2048, 2048, 2049, 2049, 2049, 2048]","[2048, 2048, 2048, 2048, 2048, 2049, 2049, 2049, 2048]","[2048, 2048, 2048, 2048, 2048, 2048, 2048, 2048]",306.0
1284,11280,12,14,2026-05-03T17:29:09.378000+00:00,33.294,34.303,25.717,212.0,186.0,False,93.314,"[None, 2048, 2048, 2048, 2048, 2048, 2048, 2048, 2048]","[2048, 2049, 2049, 2051, 2051, 2048, 2048, 2048, 2048]","[2048, 2048, 2048, 2049, 2048, 2048, 2048, 2048]",304.0
1284,11280,16,14,2026-05-03T17:29:09.599000+00:00,32.501,35.49,25.753,210.0,185.0,False,93.744,"[None, 2051, 2048, 2048, 2048, 2048, 2048, 2048, 2048]","[2048, 2048, 2048, 2048, 2048, 2048, 2048, 2048, 2048]","[2049, 2049, 2049, 2048, 2048, 2048, 2049, 2048]",315.0
1284,11280,81,14,2026-05-03T17:29:11.319000+00:00,32.598,34.938,25.684,212.0,187.0,False,93.22,"[None, 2048, 2049, 2048, 2048, 2048, 2048, 2049, 2048]","[2048, 2048, 2048, 2048, 2048, 2048, 2048, 2048, 2048]","[2048, 2048, 2048, 2048, 2048, 2048, 2048, 2048]",316.0
1284,11280,63,14,2026-05-03T17:29:12.401000+00:00,32.804,35.067,25.947,,186.0,False,93.818,"[None, 2048, 2048, 2048, 2048, 2048, 2048, 2049, 2048]","[2048, 2048, 2048, 2048, 2049, 2048, 2048, 2048, 2048]","[2048, 2048, 2048, 2048, 2048, 2049, 2048, 2048]",320.0
1284,11280,44,14,2026-05-03T17:29:13.101000+00:00,32.776,35.07,25.708,210.0,185.0,False,93.554,"[None, 2048, 2048, 2048, 2049, 2049, 2049, 2048, 2048]","[2048, 2049, 2048, 2048, 2048, 2048, 2048, 2048, 2048]","[2048, 2048, 2049, 2048, 2048, 2048, 2048, 2048]",326.0
1284,11280,43,14,2026-05-03T17:29:14.660000+00:00,32.931,35.12,25.89,213.0,186.0,False,93.941,"[None, 2048, 2048, 2048, 2048, 2049, 2049, 2049, 2048]","[2049, 2048, 2048, 2048, 2048, 2048, 2048, 2048, 2048]","[2048, 2048, 2048, 2048, 2048, 2048, 2048, 2048]",318.0
1284,11280,23,14,2026-05-03T17:29:15.406000+00:00,33.205,35.073,25.883,208.0,184.0,False,94.161,"[None, 2048, 2049, 2048, 2049, 2049, 2048, 2048, 2048]","[2048, 2048, 2049, 2048, 2048, 2048, 2048, 2048, 2048]","[2048, 2048, 2048, 2049, 2048, 2048, 2048, 2048]",311.0
1284,11280,55,14,2026-05-03T17:29:16.186000+00:00,33.339,34.981,25.658,210.0,184.0,False,93.978,"[2049, 2049, 2049, 2048, 2049, 2049, 2049, 2048, 2048]","[2048, 2048, 2048, 2048, 2048, 2048, 2048, 2049, 2048]","[2048, 2048, 2048, 2048, 2048, 2048, 2048, 2049]",319.0
1284,11280,87,14,2026-05-03T17:29:16.995000+00:00,33.448,35.231,25.938,,182.0,False,94.617,"[None, 2048, 2048, 2049, 2048, 2048, 2048, 2049, 2048]","[2048, 2048, 2048, 2048, 2048, 2048, 2048, 2048, 2048]","[2048, 2048, 2048, 2048, 2048, 2048, 2049, 2048]",301.0
1284,11280,31,14,2026-05-03T17:29:17.601000+00:00,33.69,35.293,25.879,212.0,184.0,False,94.862,"[None, 2048, 2048, 2049, 2048, 2049, 2048, 2048, 2048]","[2048, 2048, 2048, 2048, 2048, 2048, 2048, 2048, 2048]","[2048, 2048, 2048, 2048, 2048, 2048, 2048, 2048]",309.0
1284,11280,3,14,2026-05-03T17:29:19.187000+00:00,32.814,35.007,25.809,212.0,185.0,False,93.63,"[None, 2049, 2048, 2049, 2048, 2048, 2048, 2048, 2048]","[2048, 2048, 2048, 2048, 2048, 2048, 2048, 2048, 2048]","[2049, 2048, 2048, 2048, 2048, 2048, 2049, 2048]",324.0
1284,11280,41,14,2026-05-03T17:29:20.434000+00:00,33.496,35.842,25.895,212.0,184.0,False,95.233,"[None, 2048, 2048, 2049, 2049, 2048, 2048, 2048, 2048]","[2049, 2048, 2048, 2048, 2048, 2049, 2048, 2048, 2048]","[2048, 2048, 2048, 2048, 2048, 2048, 2048, 2048]",314.0
1284,11280,5,14,2026-05-03T17:29:21.752000+00:00,34.078,35.269,26.46,,182.0,False,95.807,"[None, 2048, 2048, 2048, 2048, 2049, 2049, 2049, 2049]","[2048, 2048, 2048, 2048, 2048, 2049, 2049, 2049, 2048]","[2048, 2048, 2048, 2048, 2049, 2048, 2048, 2048]",297.0
1284,11280,11,14,2026-05-03T17:29:22.118000+00:00,34.885,35.611,26.075,209.0,182.0,False,96.571,"[None, 2049, 2048, 2048, 2048, 2048, 2048, 2048, 2048]","[2048, 2048, 2048, 2048, 2048, 2049, 2049, 2048, 2049]","[2048, 2048, 2048, 2048, 2049, 2048, 2049, 2048]",293.0
1284,11280,18,14,2026-05-03T17:29:23.029000+00:00,34.558,35.87,26.154,204.0,180.0,False,96.582,"[None, 2048, 2049, 2048, 2048, 2048, 2048, 2048, 2048]","[2048, 2048, 2048, 2048, 2049, 2048, 2048, 2048, 2048]","[2048, 2048, 2048, 2048, 2048, 2048, 2048, 2048]",311.0
1284,11280,14,14,2026-05-03T17:29:23.552000+00:00,34.407,35.928,26.147,208.0,179.0,False,96.482,"[2048, 2048, 2048, 2048, 2048, 2048, 2048, 2048, 2048]","[2049, 2049, 2049, 2049, 2049, 2048, 2048, 2048, 2048]","[2048, 2049, 2049, 2048, 2048, 2048, 2048, 2048]",311.0
1284,11280,77,14,2026-05-03T17:29:24.045000+00:00,34.514,35.922,25.89,,184.0,False,96.326,"[None, 2048, 2048, 2048, 2048, 2048, 2048, 2048, 2048]","[2048, 2048, 2048, 2048, 2048, 2048, 2048, 2049, 2048]","[2048, 2049, 2049, 2048, 2048, 2048, 2048, 2048]",306.0
1284,11280,1,15,2026-05-03T17:30:41.248000+00:00,32.39,34.976,25.621,209.0,187.0,False,92.987,"[None, 2048, 2048, 2048, 2048, 2049, 2048, 2048, 2048]","[2048, 2048, 2048, 2048, 2048, 2048, 2048, 2048, 2048]","[2048, 2048, 2048, 2049, 2048, 2048, 2048, 2048]",305.0
1284,11280,12,15,2026-05-03T17:30:42.764000+00:00,32.618,34.662,25.9,209.0,186.0,False,93.18,"[None, 2049, 2048, 2048, 2048, 2048, 2049, 2048, 2048]","[2048, 2048, 2048, 2048, 2048, 2048, 2048, 2048, 2048]","[2048, 2048, 2048, 2048, 2048, 2048, 2048, 2048]",313.0
1284,11280,16,15,2026-05-03T17:30:43.326000+00:00,32.977,34.789,25.794,206.0,183.0,False,93.56,"[None, 2048, 2048, 2048, 2048, 2048, 2048, 2048, 2048]","[2048, 2048, 2048, 2048, 2048, 2048, 2048, 2048, 2048]","[2048, 2049, 2049, 2048, 2048, 2048, 2048, 2048]",312.0
1284,11280,81,15,2026-05-03T17:30:44.420000+00:00,32.717,35.101,25.679,211.0,185.0,False,93.497,"[None, 2048, 2048, 2048, 2048, 2048, 2048, 2048, 2048]","[2048, 2048, 2048, 2048, 2048, 2048, 2048, 2048, 2048]","[2048, 2048, 2048, 2048, 2048, 2048, 2048, 2048]",313.0
1284,11280,63,15,2026-05-03T17:30:46.201000+00:00,32.665,35.069,25.761,212.0,185.0,False,93.495,"[None, 2048, 2048, 2048, 2048, 2048, 2048, 2048, 2048]","[2048, 2048, 2048, 2048, 2048, 2048, 2048, 2048, 2048]","[2048, 2048, 2048, 2048, 2048, 2048, 2048, 2048]",317.0
1284,11280,44,15,2026-05-03T17:30:46.701000+00:00,32.951,35.081,25.745,,183.0,False,93.777,"[None, 2048, 2048, 2048, 2048, 2049, 2048, 2048, 2048]","[2048, 2048, 2048, 2048, 2048, 2048, 2048, 2048, 2048]","[2048, 2048, 2048, 2048, 2048, 2048, 2048, 2048]",323.0
1284,11280,43,15,2026-05-03T17:30:48.556000+00:00,32.941,35.36,25.823,211.0,185.0,False,94.124,"[None, 2049, 2048, 2048, 2048, 2049, 2048, 2048, 2048]","[2048, 2048, 2048, 2048, 2048, 2048, 2048, 2048, 2048]","[2048, 2048, 2048, 2049, 2048, 2048, 2049, 2048]",317.0
1284,11280,23,15,2026-05-03T17:30:49.607000+00:00,33.462,36.126,25.882,209.0,183.0,False,95.47,"[None, 2049, 2048, 2048, 2048, 2048, 2048, 2048, 2048]","[2048, 2048, 2048, 2048, 2048, 2048, 2048, 2048, 2048]","[2048, 2048, 2049, 2048, 2048, 2048, 2048, 2048]",322.0
1284,11280,55,15,2026-05-03T17:30:50.236000+00:00,33.518,34.855,25.85,212.0,184.0,False,94.223,"[None, 2049, 2048, 2049, 2049, 2049, 2048, 2048, 2048]","[2048, 2049, 2048, 2048, 2049, 2048, 2049, 2048, 2048]","[2048, 2048, 2048, 2048, 2049, 2048, 2048]",314.0
1284,11280,87,15,2026-05-03T17:30:51.670000+00:00,33.344,35.524,26.243,209.0,181.0,False,95.111,"[None, 2048, 2049, 2049, 2048, 2049, 2048, 2048, 2048]","[2048, 2048, 2048, 2048, 2048, 2048, 2048, 2048, 2048]","[2048, 2048, 2048, 2048, 2048, 2048, 2048, 2048]",309.0
1284,11280,31,15,2026-05-03T17:30:52.452000+00:00,34.035,35.537,26.093,211.0,184.0,False,95.665,"[None, 2049, 2048, 2048, 2048, 2048, 2048, 2048, 2048]","[2048, 2048, 2048, 2048, 2048, 2048, 2048, 2048, 2048]","[2048, 2048, 2048, 2048, 2048, 2048, 2048, 2048]",321.0
1284,11280,3,15,2026-05-03T17:30:52.942000+00:00,,35.278,25.46,214.0,185.0,False,93.552,"[None, 2048, 2048, 2048, 2049, 2048, 2049, 2048, 2048]","[2048, 2048, 2048, 2048, 2048, 2048, 2048, 2048, 2048]","[2048, 2048, 2048, 2048, 2048, 2048, 2049, 2048]",332.0
1284,11280,41,15,2026-05-03T17:30:55.745000+00:00,33.968,36.037,26.159,211.0,185.0,False,96.164,"[None, 2049, 2048, 2048, 2048, 2048, 2048, 2049, 2048]","[2048, 2048, 2048, 2048, 2048, 2048, 2048, 2048, 2048]","[2048, 2048, 2048, 2048, 2048, 2048, 2048, 2048]",310.0
1284,11280,5,15,2026-05-03T17:30:57.552000+00:00,33.653,35.555,26.514,210.0,181.0,False,95.722,"[None, 2048, 2048, 2048, 2048, 2049, 2048, 2049, 2048]","[2048, 2048, 2048, 2048, 2048, 2048, 2048, 2048, 2048]","[2048, 2048, 2048, 2049, 2048, 2049, 2048, 2048]",303.0
1284,11280,11,15,2026-05-03T17:30:58.584000+00:00,34.085,35.75,26.379,206.0,183.0,False,96.214,"[None, 2048, 2048, 2048, 2048, 2049, 2048, 2048, 2048]","[2048, 2048, 2048, 2048, 2048, 2049, 2049, 2048, 2049]","[2048, 2048, 2048, 2048, 2048, 2048, 2048, 2048]",303.0
1284,11280,18,15,2026-05-03T17:30:59.518000+00:00,34.239,36.064,30.65,,181.0,False,100.953,"[None, 2048, 2049, 2048, 2048, 2048, 2048, 2048, 2048]","[2048, 2048, 2048, 2048, 2048, 2048, 2048, 2048, 2048]","[2048, 2048, 2048, 2049, 2048, 2051, 2048, 2048]",306.0
1284,11280,14,15,2026-05-03T17:31:00.015000+00:00,35.336,36.016,26.283,203.0,180.0,False,97.635,"[None, 2048, 2048, 2048, 2048, 2048, 2048, 2048, 2048]","[2048, 2048, 2048, 2048, 2048, 2048, 2048, 2048, 2048]","[2048, 2048, 2048, 2049, 2048, 2048, 2048, 2048]",311.0
1284,11280,77,15,2026-05-03T17:31:00.343000+00:00,34.098,36.047,26.21,211.0,184.0,False,96.355,"[None, 2049, 2048, 2049, 2048, 2049, 2049, 2049, 2048]","[2048, 2048, 2048, 2048, 2048, 2048, 2048, 2048, 2048]","[2048, 2048, 2048, 2049, 2048, 2048, 2048, 2048]",306.0
1284,11280,1,16,2026-05-03T17:32:14.180000+00:00,32.306,34.906,25.658,211.0,187.0,False,92.87,"[None, 2048, 2048, 2051, 2048, 2049, 2049, 2048, 2048]","[2048, 2048, 2048, 2048, 2048, 2048, 2049, 2049, 2048]","[2048, 2048, 2048, 2048, 2048, 2048, 2048, 2048]",305.0
1284,11280,12,16,2026-05-03T17:32:15.977000+00:00,32.887,34.798,25.973,210.0,185.0,False,93.658,"[None, 2048, 2048, 2048, 2048, 2048, 2048, 2048, 2048]","[2048, 2048, 2048, 2048, 2048, 2048, 2048, 2048, 2048]","[2048, 2048, 2048, 2048, 2048, 2048, 2048, 2048]",310.0
1284,11280,16,16,2026-05-03T17:32:16.774000+00:00,33.073,34.727,25.736,212.0,184.0,False,93.536,"[None, 2048, 2048, 2048, 2048, 2048, 2048, 2048, 2048]","[2049, 2049, 2048, 2048, 2048, 2048, 2048, 2048, 2048]","[2048, 2048, 2048, 2048, 2048, 2048, 2048, 2048]",311.0
1284,11280,81,16,2026-05-03T17:32:17.930000+00:00,32.911,35.104,25.729,,186.0,False,93.744,"[None, 2048, 2048, 2048, 2048, 2048, 2048, 2048, 2048]","[2048, 2048, 2048, 2048, 2048, 2048, 2048, 2048, 2048]","[2048, 2048, 2048, 2048, 2048, 2048, 2048, 2048]",313.0
1284,11280,63,16,2026-05-03T17:32:19.633000+00:00,32.708,34.962,25.895,211.0,185.0,False,93.565,"[None, 2048, 2048, 2048, 2048, 2051, 2048, 2048, 2048]","[2048, 2048, 2048, 2048, 2048, 2048, 2048, 2048, 2048]","[2048, 2048, 2048, 2048, 2048, 2048, 2048, 2048]",320.0
1284,11280,44,16,2026-05-03T17:32:20.474000+00:00,32.944,35.012,25.749,211.0,183.0,False,93.705,"[None, 2048, 2048, 2048, 2048, 2048, 2048, 2048, 2048]","[2048, 2048, 2048, 2048, 2048, 2048, 2048, 2048, 2048]","[2048, 2048, 2048, 2048, 2048, 2048, 2048, 2048]",318.0
1284,11280,43,16,2026-05-03T17:32:22.666000+00:00,32.925,35.235,25.977,210.0,183.0,False,94.137,"[None, 2048, 2048, 2048, 2048, 2048, 2048, 2048, 2049]","[2048, 2048, 2048, 2048, 2048, 2048, 2049, 2048, 2048]","[2048, 2048, 2048, 2048, 2048, 2048, 2048, 2048]",314.0
1284,11280,55,16,2026-05-03T17:32:24.275000+00:00,33.601,35.206,25.96,211.0,184.0,False,94.767,"[2048, 2048, 2049, 2048, 2048, 2048, 2048, 2048, 2048]","[2048, 2048, 2048, 2048, 2048, 2049, 2048, 2049, 2049]","[2048, 2048, 2048, 2049, 2048, 2048, 2048, 2048]",317.0
1284,11280,23,16,2026-05-03T17:32:25.135000+00:00,33.854,35.354,26.037,205.0,183.0,False,95.245,"[None, 2048, 2048, 2048, 2048, 2048, 2048, 2048, 2048]","[2048, 2048, 2048, 2048, 2048, 2048, 2048, 2048, 2048]","[2048, 2048, 2048, 2048, 2048, 2048, 2048, 2049]",322.0
1284,11280,3,16,2026-05-03T17:32:26.385000+00:00,33.054,35.238,25.826,,184.0,False,94.118,"[None, 2048, 2048, 2048, 2048, 2048, 2048, 2048, 2048]","[2048, 2048, 2048, 2048, 2048, 2048, 2048, 2048, 2048]","[2048, 2048, 2048, 2051, 2048, 2048, 2048, 2048]",327.0
1284,11280,87,16,2026-05-03T17:32:26.760000+00:00,33.807,35.205,25.864,,180.0,False,94.876,"[None, 2048, 2048, 2048, 2048, 2048, 2048, 2048, 2048]","[2048, 2048, 2048, 2048, 2048, 2048, 2048, 2048, 2048]","[2048, 2048, 2048, 2048, 2048, 2048, 2048, 2048]",316.0
1284,11280,31,16,2026-05-03T17:32:28.072000+00:00,33.716,35.456,26.024,,184.0,False,95.196,"[None, 2048, 2048, 2048, 2048, 2048, 2049, 2048, 2048]","[2048, 2048, 2048, 2048, 2048, 2048, 2049, 2049, 2048]","[2048, 2048, 2048, 2049, 2048, 2048, 2048, 2048]",316.0
1284,11280,41,16,2026-05-03T17:32:31.806000+00:00,33.648,35.857,26.312,212.0,183.0,False,95.817,"[None, 2048, 2048, 2049, 2048, 2048, 2049, 2049, 2048]","[2048, 2048, 2048, 2048, 2048, 2048, 2048, 2048, 2048]","[2048, 2048, 2048, 2048, 2048, 2048, 2048, 2048]",300.0
1284,11280,5,16,2026-05-03T17:32:33.322000+00:00,33.546,35.495,26.444,,181.0,False,95.485,"[None, 2048, 2049, 2049, 2048, 2049, 2048, 2048, 2048]","[2048, 2048, 2048, 2048, 2048, 2048, 2048, 2048, 2048]","[2048, 2048, 2048, 2048, 2049, 2048, 2048, 2048]",301.0
1284,11280,11,16,2026-05-03T17:32:34.851000+00:00,34.233,35.989,26.182,,182.0,False,96.404,"[None, 2048, 2048, 2048, 2048, 2048, 2048, 2048, 2048]","[2048, 2048, 2048, 2048, 2048, 2048, 2048, 2048, 2049]","[2048, 2048, 2048, 2048, 2049, 2048, 2049, 2048]",301.0
1284,11280,77,16,2026-05-03T17:32:36.710000+00:00,33.755,36.117,26.208,210.0,185.0,False,96.08,"[None, 2049, 2048, 2049, 2048, 2049, 2049, 2049, 2048]","[2048, 2048, 2048, 2048, 2048, 2049, 2048, 2049, 2048]","[2048, 2048, 2048, 2048, 2048, 2048, 2048, 2048]",301.0
1284,11280,14,16,2026-05-03T17:32:37.663000+00:00,33.918,35.931,26.294,197.0,180.0,False,96.143,"[None, 2049, 2048, 2049, 2048, 2049, 2049, 2048, 2048]","[2048, 2048, 2048, 2048, 2048, 2049, 2048, 2049, 2048]","[2048, 2048, 2048, 2048, 2049, 2048, 2048, 2048]",304.0
1284,11280,18,16,2026-05-03T17:32:40.500000+00:00,34.067,36.17,26.737,206.0,181.0,False,96.974,"[None, 2048, 2049, 2048, 2048, 2049, 2048, 2048, 2048]","[2048, 2048, 2048, 2048, 2048, 2049, 2048, 2048, 2048]","[2048, 2048, 2048, 2048, 2049, 2048, 2049, 2048]",294.0
1284,11280,1,17,2026-05-03T17:33:46.987000+00:00,32.405,35.03,25.659,210.0,187.0,False,93.094,"[None, 2048, 2048, 2051, 2048, 2049, 2049, 2049, 2048]","[2048, 2048, 2048, 2048, 2048, 2048, 2048, 2048, 2048]","[2048, 2048, 2048, 2049, 2048, 2048, 2048, 2048]",304.0
1284,11280,12,17,2026-05-03T17:33:49.502000+00:00,32.586,34.57,25.897,211.0,185.0,False,93.053,"[None, 2048, 2048, 2048, 2048, 2049, 2048, 2049, 2048]","[2048, 2048, 2048, 2048, 2048, 2048, 2049, 2049, 2048]","[2048, 2048, 2048, 2048, 2048, 2048, 2048, 2048]",309.0
1284,11280,16,17,2026-05-03T17:33:50.301000+00:00,34.048,35.517,25.892,169.0,184.0,False,95.457,"[None, 2048, 2048, 2048, 2048, 2048, 2048, 2048, 2048]","[2048, 2048, 2048, 2048, 2048, 2048, 2048, 2048, 2048]","[2048, 2048, 2048, 2048, 2048, 2048, 2048, 2048]",309.0
1284,11280,81,17,2026-05-03T17:33:51.651000+00:00,32.832,35.996,25.753,207.0,184.0,False,94.581,"[None, 2048, 2048, 2048, 2048, 2048, 2048, 2048, 2048]","[2048, 2048, 2048, 2048, 2048, 2048, 2048, 2048, 2048]","[2048, 2048, 2048, 2048, 2048, 2048, 2048, 2048]",319.0
1284,11280,63,17,2026-05-03T17:33:53.268000+00:00,32.802,35.385,25.803,,183.0,False,93.99,"[None, 2048, 2048, 2048, 2048, 2048, 2048, 2048, 2048]","[2048, 2048, 2048, 2048, 2048, 2048, 2048, 2048, 2048]","[2048, 2048, 2048, 2048, 2048, 2048, 2048, 2048]",324.0
1284,11280,44,17,2026-05-03T17:33:54.063000+00:00,33.038,35.293,25.674,207.0,183.0,False,94.005,"[None, 2049, 2048, 2048, 2048, 2048, 2049, 2048, 2048]","[2048, 2048, 2048, 2048, 2048, 2048, 2048, 2048, 2048]","[2048, 2048, 2048, 2048, 2048, 2048, 2048, 2048]",311.0
1284,11280,43,17,2026-05-03T17:33:56.737000+00:00,33.163,35.345,25.892,212.0,183.0,False,94.4,"[None, 2048, 2048, 2048, 2048, 2049, 2048, 2048, 2048]","[2048, 2048, 2048, 2048, 2048, 2048, 2048, 2048, 2048]","[2048, 2048, 2048, 2048, 2048, 2048, 2048, 2048]",317.0
1284,11280,55,17,2026-05-03T17:33:59.151000+00:00,33.444,35.308,26.067,212.0,182.0,False,94.819,"[None, 2049, 2048, 2049, 2048, 2049, 2048, 2049, 2048]","[2048, 2048, 2048, 2048, 2048, 2048, 2049, 2048, 2048]","[2048, 2048, 2048, 2048, 2048, 2048, 2048, 2048]",315.0
1284,11280,23,17,2026-05-03T17:34:00.323000+00:00,34.501,35.289,26.034,207.0,182.0,False,95.824,"[None, 2049, 2048, 2048, 2048, 2048, 2048, 2048, 2048]","[2048, 2048, 2048, 2048, 2048, 2049, 2048, 2048, 2048]","[2048, 2048, 2048, 2048, 2048, 2048, 2048, 2048]",312.0
1284,11280,3,17,2026-05-03T17:34:00.588000+00:00,33.113,34.995,25.691,213.0,183.0,False,93.799,"[None, 2051, 2048, 2048, 2048, 2049, 2048, 2048, 2048]","[2048, 2048, 2048, 2048, 2048, 2048, 2048, 2048, 2048]","[2048, 2048, 2048, 2048, 2048, 2048, 2049, 2048]",322.0
1284,11280,87,17,2026-05-03T17:34:01.620000+00:00,33.871,35.451,25.885,208.0,179.0,False,95.207,"[None, 2048, 2048, 2048, 2048, 2048, 2048, 2048, 2048]","[2048, 2048, 2048, 2048, 2048, 2048, 2048, 2048, 2048]","[2048, 2048, 2048, 2048, 2048, 2048, 2049, 2048]",321.0
1284,11280,31,17,2026-05-03T17:34:03.386000+00:00,33.727,35.455,25.945,,184.0,False,95.127,"[None, 2049, 2048, 2048, 2048, 2049, 2048, 2048, 2048]","[2048, 2048, 2048, 2048, 2048, 2048, 2049, 2049, 2048]","[2048, 2048, 2048, 2048, 2049, 2048, 2048, 2048]",312.0
1284,11280,41,17,2026-05-03T17:34:07.701000+00:00,33.668,35.841,26.441,,182.0,False,95.95,"[None, 2048, 2048, 2048, 2048, 2048, 2049, 2048, 2048]","[2048, 2048, 2048, 2048, 2048, 2048, 2048, 2048, 2048]","[2048, 2048, 2048, 2048, 2048, 2048, 2048, 2048]",295.0
1284,11280,5,17,2026-05-03T17:34:08.785000+00:00,33.644,35.456,26.393,209.0,181.0,False,95.493,"[None, 2048, 2048, 2048, 2048, 2049, 2048, 2048, 2048]","[2048, 2048, 2048, 2048, 2048, 2049, 2048, 2048, 2048]","[2048, 2048, 2048, 2048, 2048, 2048, 2048, 2048]",299.0
1284,11280,11,17,2026-05-03T17:34:11.187000+00:00,34.134,35.977,26.325,208.0,182.0,False,96.436,"[None, 2049, 2048, 2048, 2048, 2048, 2048, 2048, 2048]","[2048, 2048, 2048, 2048, 2048, 2048, 2048, 2048, 2048]","[2048, 2048, 2048, 2048, 2049, 2048, 2048, 2048]",290.0
1284,11280,77,17,2026-05-03T17:34:12.803000+00:00,34.034,36.35,26.382,209.0,185.0,False,96.766,"[None, 2049, 2048, 2048, 2048, 2048, 2049, 2048, 2048]","[2048, 2048, 2048, 2048, 2048, 2048, 2049, 2048, 2048]","[2048, 2048, 2048, 2048, 2048, 2048, 2048, 2048]",298.0
1284,11280,14,17,2026-05-03T17:34:13.787000+00:00,33.761,36.262,26.43,201.0,180.0,False,96.453,"[None, 2048, 2048, 2049, 2049, 2048, 2049, 2048, 2048]","[2048, 2048, 2048, 2048, 2048, 2048, 2048, 2048, 2048]","[2048, 2048, 2048, 2048, 2048, 2048, 2048, 2048]",297.0
1284,11280,18,17,2026-05-03T17:34:17.510000+00:00,33.661,36.11,26.6,205.0,182.0,False,96.371,"[None, 2048, 2049, 2048, 2048, 2048, 2049, 2048, 2048]","[2048, 2048, 2048, 2048, 2048, 2048, 2048, 2049, 2048]","[2048, 2048, 2048, 2048, 2048, 2048, 2048, 2048]",296.0
1284,11280,1,18,2026-05-03T17:35:20.184000+00:00,32.364,35.022,25.654,211.0,185.0,False,93.04,"[None, 2048, 2048, 2048, 2049, 2049, 2048, 2048, 2048]","[2048, 2048, 2048, 2048, 2048, 2048, 2048, 2048, 2048]","[2048, 2048, 2048, 2048, 2048, 2048, 2048, 2048]",305.0
1284,11280,12,18,2026-05-03T17:35:22.528000+00:00,32.549,34.76,25.935,,184.0,False,93.244,"[None, 2048, 2048, 2048, 2048, 2048, 2048, 2049, 2048]","[2048, 2048, 2048, 2048, 2048, 2048, 2048, 2048, 2048]","[2048, 2048, 2048, 2048, 2048, 2048, 2048, 2048]",311.0
1284,11280,16,18,2026-05-03T17:35:25.794000+00:00,32.874,34.835,25.983,211.0,185.0,False,93.692,"[None, 2048, 2048, 2048, 2048, 2048, 2048, 2048, 2048]","[2048, 2048, 2048, 2048, 2048, 2048, 2048, 2048, 2048]","[2048, 2048, 2048, 2048, 2048, 2048, 2048, 2048]",306.0
1284,11280,81,18,2026-05-03T17:35:26.309000+00:00,33.104,35.169,25.74,211.0,185.0,False,94.013,"[None, 2048, 2048, 2048, 2048, 2048, 2048, 2048, 2048]","[2048, 2048, 2048, 2048, 2048, 2048, 2048, 2048, 2048]","[2048, 2048, 2048, 2048, 2048, 2048, 2048, 2049]",316.0
1284,11280,63,18,2026-05-03T17:35:27.247000+00:00,33.056,35.137,25.865,209.0,184.0,False,94.058,"[None, 2048, 2048, 2048, 2048, 2048, 2048, 2048, 2048]","[2048, 2048, 2048, 2048, 2048, 2048, 2048, 2048, 2048]","[2048, 2048, 2048, 2048, 2048, 2048, 2048, 2048]",323.0
1284,11280,44,18,2026-05-03T17:35:28.184000+00:00,33.188,35.201,25.843,208.0,182.0,False,94.232,"[None, 2048, 2048, 2048, 2048, 2048, 2048, 2048, 2048]","[2048, 2048, 2048, 2048, 2048, 2048, 2048, 2048, 2048]","[2048, 2048, 2048, 2048, 2048, 2048, 2048, 2048]",310.0
1284,11280,43,18,2026-05-03T17:35:31.278000+00:00,33.282,35.335,26.037,211.0,183.0,False,94.654,"[None, 2048, 2048, 2048, 2048, 2048, 2048, 2048, 2048]","[2048, 2048, 2048, 2048, 2048, 2048, 2048, 2048, 2048]","[2048, 2048, 2048, 2048, 2048, 2048, 2048, 2048]",313.0
1284,11280,55,18,2026-05-03T17:35:33.981000+00:00,34.208,35.321,25.934,210.0,182.0,False,95.463,"[None, 2048, 2048, 2048, 2048, 2048, 2048, 2048, 2049]","[2048, 2048, 2048, 2048, 2048, 2048, 2048, 2048, 2048]","[2048, 2048, 2048, 2048, 2048, 2048, 2048, 2048]",316.0
1284,11280,3,18,2026-05-03T17:35:34.231000+00:00,32.704,35.093,25.873,212.0,185.0,False,93.67,"[None, 2048, 2048, 2048, 2048, 2048, 2048, 2048, 2048]","[2048, 2048, 2048, 2048, 2048, 2048, 2048, 2048, 2048]","[2048, 2048, 2048, 2048, 2048, 2048, 2048, 2048]",312.0
1284,11280,23,18,2026-05-03T17:35:36.137000+00:00,33.781,35.369,26.039,,182.0,False,95.189,"[None, 2048, 2048, 2048, 2048, 2048, 2048, 2048, 2048]","[2048, 2048, 2048, 2048, 2048, 2048, 2048, 2048, 2048]","[2048, 2048, 2048, 2048, 2048, 2048, 2048, 2049]",316.0
1284,11280,87,18,2026-05-03T17:35:36.841000+00:00,33.831,35.47,25.875,206.0,180.0,False,95.176,"[None, 2048, 2048, 2048, 2048, 2048, 2048, 2048, 2048]","[2048, 2048, 2048, 2048, 2048, 2048, 2048, 2048, 2048]","[2048, 2048, 2048, 2049, 2048, 2048, 2048, 2048]",323.0
1284,11280,31,18,2026-05-03T17:35:38.447000+00:00,33.745,35.535,25.946,210.0,183.0,False,95.226,"[None, 2048, 2048, 2048, 2048, 2048, 2048, 2048, 2048]","[2048, 2048, 2048, 2048, 2048, 2048, 2048, 2048, 2048]","[2048, 2048, 2048, 2048, 2048, 2048, 2048, 2048]",315.0
1284,11280,41,18,2026-05-03T17:35:43.552000+00:00,33.705,35.777,26.458,211.0,183.0,False,95.94,"[None, 2048, 2048, 2048, 2048, 2048, 2049, 2049, 2048]","[2048, 2048, 2048, 2048, 2048, 2048, 2048, 2048, 2048]","[2048, 2048, 2048, 2048, 2048, 2048, 2048, 2048]",299.0
1284,11280,5,18,2026-05-03T17:35:44.230000+00:00,33.675,35.746,26.422,208.0,180.0,False,95.843,"[None, 2048, 2048, 2048, 2048, 2048, 2048, 2048, 2048]","[2048, 2048, 2048, 2048, 2048, 2048, 2048, 2048, 2048]","[2048, 2048, 2048, 2048, 2048, 2048, 2049, 2049]",303.0
1284,11280,11,18,2026-05-03T17:35:47.654000+00:00,34.039,36.051,26.468,205.0,182.0,False,96.558,"[None, 2048, 2048, 2048, 2048, 2048, 2049, 2048, 2048]","[2048, 2048, 2048, 2048, 2048, 2049, 2048, 2048, 2048]","[2048, 2048, 2048, 2048, 2048, 2048, 2048, 2048]",285.0
1284,11280,77,18,2026-05-03T17:35:49.656000+00:00,34.158,36.205,26.356,208.0,185.0,False,96.719,"[None, 2048, 2048, 2048, 2048, 2048, 2048, 2048, 2048]","[2048, 2048, 2048, 2048, 2048, 2048, 2048, 2049, 2048]","[2048, 2048, 2048, 2048, 2048, 2048, 2048, 2048]",299.0
1284,11280,14,18,2026-05-03T17:35:50.156000+00:00,34.132,36.336,26.471,194.0,179.0,False,96.939,"[None, 2048, 2048, 2048, 2048, 2048, 2048, 2048, 2048]","[2048, 2048, 2048, 2048, 2048, 2048, 2048, 2048, 2048]","[2048, 2048, 2048, 2049, 2048, 2048, 2048, 2048]",304.0
1284,11280,18,18,2026-05-03T17:35:53.828000+00:00,33.809,36.077,26.653,207.0,183.0,False,96.539,"[None, 2048, 2049, 2048, 2048, 2048, 2048, 2048, 2048]","[2048, 2048, 2048, 2048, 2048, 2048, 2048, 2048, 2048]","[2048, 2048, 2048, 2048, 2049, 2048, 2048, 2048]",296.0
1284,11280,1,19,2026-05-03T17:36:53.219000+00:00,32.283,35.061,25.664,209.0,186.0,False,93.008,"[None, 2048, 2048, 2048, 2048, 2048, 2049, 2048, 2048]","[2048, 2048, 2048, 2048, 2048, 2048, 2048, 2048, 2048]","[2048, 2048, 2048, 2048, 2048, 2048, 2048, 2048]",305.0
1284,11280,12,19,2026-05-03T17:36:55.890000+00:00,32.774,34.648,25.923,208.0,184.0,False,93.345,"[None, 2048, 2048, 2048, 2048, 2048, 2048, 2048, 2048]","[2048, 2048, 2048, 2048, 2048, 2048, 2048, 2048, 2048]","[2048, 2048, 2048, 2049, 2048, 2048, 2048, 2048]",310.0
1284,11280,16,19,2026-05-03T17:36:59.539000+00:00,32.757,34.899,25.883,210.0,185.0,False,93.539,"[None, 2048, 2048, 2048, 2048, 2048, 2048, 2048, 2048]","[2048, 2048, 2048, 2048, 2048, 2048, 2048, 2048, 2048]","[2048, 2048, 2048, 2048, 2048, 2048, 2048, 2048]",306.0
1284,11280,81,19,2026-05-03T17:37:00.287000+00:00,32.829,35.179,25.71,208.0,185.0,False,93.718,"[None, 2048, 2048, 2048, 2048, 2048, 2048, 2048, 2048]","[2048, 2048, 2048, 2048, 2048, 2048, 2048, 2048, 2048]","[2048, 2048, 2048, 2048, 2048, 2048, 2048, 2049]",318.0
1284,11280,63,19,2026-05-03T17:37:01.252000+00:00,32.939,35.158,25.776,207.0,184.0,False,93.873,"[None, 2048, 2048, 2048, 2048, 2048, 2048, 2048, 2048]","[2048, 2048, 2048, 2048, 2048, 2048, 2048, 2048, 2048]","[2048, 2048, 2048, 2048, 2048, 2048, 2048, 2048]",312.0
1284,11280,44,19,2026-05-03T17:37:02.344000+00:00,33.086,35.19,25.748,206.0,183.0,False,94.024,"[None, 2048, 2048, 2048, 2048, 2048, 2048, 2048, 2048]","[2048, 2048, 2048, 2048, 2048, 2048, 2048, 2048, 2048]","[2048, 2048, 2048, 2048, 2048, 2048, 2048, 2048]",319.0
1284,11280,43,19,2026-05-03T17:37:05.818000+00:00,33.058,35.452,25.995,210.0,184.0,False,94.505,"[None, 2049, 2048, 2048, 2048, 2048, 2048, 2048, 2048]","[2048, 2048, 2048, 2048, 2048, 2048, 2048, 2048, 2048]","[2048, 2048, 2048, 2048, 2048, 2048, 2049, 2048]",313.0
1284,11280,3,19,2026-05-03T17:37:08.282000+00:00,32.522,34.966,25.893,,185.0,False,93.381,"[None, 2048, 2049, 2048, 2048, 2048, 2048, 2048, 2048]","[2048, 2048, 2048, 2048, 2048, 2048, 2048, 2048, 2048]","[2048, 2048, 2048, 2048, 2048, 2048, 2048, 2048]",315.0
1284,11280,55,19,2026-05-03T17:37:09.469000+00:00,33.519,35.3,25.954,,183.0,False,94.773,"[None, 2048, 2048, 2048, 2048, 2048, 2048, 2048, 2048]","[2048, 2048, 2048, 2048, 2048, 2048, 2049, 2048, 2048]","[2048, 2048, 2048, 2049, 2048, 2048, 2048, 2049]",317.0
1284,11280,23,19,2026-05-03T17:37:11.319000+00:00,33.663,35.309,26.007,,182.0,False,94.979,"[None, 2049, 2048, 2048, 2048, 2048, 2048, 2048, 2048]","[2048, 2048, 2048, 2048, 2048, 2049, 2048, 2049, 2048]","[2048, 2048, 2048, 2048, 2048, 2048, 2048, 2048]",317.0
1284,11280,87,19,2026-05-03T17:37:12.587000+00:00,33.796,35.436,25.865,208.0,181.0,False,95.097,"[None, 2048, 2048, 2048, 2048, 2048, 2048, 2048, 2048]","[2048, 2048, 2048, 2048, 2048, 2048, 2048, 2048, 2048]","[2048, 2048, 2048, 2048, 2048, 2048, 2048, 2048]",324.0
1284,11280,31,19,2026-05-03T17:37:13.587000+00:00,33.522,35.479,25.965,209.0,183.0,False,94.966,"[None, 2048, 2048, 2048, 2048, 2049, 2049, 2048, 2048]","[2048, 2048, 2048, 2048, 2048, 2049, 2048, 2048, 2048]","[2048, 2048, 2048, 2048, 2048, 2048, 2048, 2048]",316.0
1284,11280,41,19,2026-05-03T17:37:19.551000+00:00,33.711,36.688,26.466,212.0,182.0,False,96.865,"[None, 2048, 2048, 2048, 2048, 2048, 2048, 2048, 2048]","[2048, 2048, 2048, 2048, 2048, 2048, 2048, 2048, 2048]","[2048, 2048, 2048, 2048, 2048, 2048, 2048, 2048]",300.0
1284,11280,5,19,2026-05-03T17:37:20.200000+00:00,33.708,35.457,26.628,207.0,179.0,False,95.793,"[None, 2048, 2048, 2049, 2048, 2048, 2048, 2048, 2048]","[2048, 2048, 2048, 2048, 2049, 2048, 2048, 2048, 2048]","[2048, 2048, 2048, 2048, 2048, 2048, 2048, 2048]",291.0
1284,11280,11,19,2026-05-03T17:37:24.253000+00:00,34.08,35.893,26.432,206.0,182.0,False,96.405,"[None, 2048, 2048, 2049, 2048, 2048, 2048, 2048, 2048]","[2048, 2048, 2048, 2048, 2048, 2048, 2048, 2048, 2048]","[2048, 2048, 2048, 2048, 2048, 2048, 2049, 2048]",291.0
1284,11280,77,19,2026-05-03T17:37:26.373000+00:00,34.268,36.289,26.345,209.0,184.0,False,96.902,"[None, 2048, 2048, 2048, 2048, 2048, 2048, 2048, 2048]","[2048, 2048, 2048, 2048, 2048, 2048, 2048, 2048, 2048]","[2048, 2048, 2048, 2048, 2048, 2048, 2048, 2048]",293.0
1284,11280,14,19,2026-05-03T17:37:27.222000+00:00,34.232,36.064,26.54,204.0,181.0,False,96.836,"[None, 2049, 2048, 2048, 2048, 2048, 2049, 2049, 2048]","[2048, 2048, 2048, 2048, 2048, 2048, 2048, 2048, 2048]","[2048, 2048, 2048, 2048, 2048, 2048, 2048, 2048]",303.0
1284,11280,18,19,2026-05-03T17:37:30.454000+00:00,33.863,36.318,26.841,205.0,182.0,False,97.022,"[None, 2048, 2048, 2048, 2048, 2048, 2048, 2048, 2048]","[2048, 2048, 2048, 2048, 2048, 2048, 2048, 2048, 2048]","[2048, 2048, 2048, 2048, 2048, 2048, 2048, 2048]",294.0
1284,11280,1,20,2026-05-03T17:38:26.199000+00:00,32.444,35.079,25.67,210.0,187.0,False,93.193,"[None, 2048, 2048, 2048, 2048, 2048, 2048, 2048, 2048]","[2048, 2048, 2048, 2048, 2048, 2048, 2048, 2048, 2048]","[2048, 2048, 2048, 2048, 2048, 2048, 2048, 2048]",304.0
1284,11280,12,20,2026-05-03T17:38:29.257000+00:00,32.577,34.549,25.885,210.0,184.0,False,93.011,"[None, 2049, 2048, 2048, 2048, 2048, 2048, 2048, 2048]","[2048, 2048, 2048, 2048, 2048, 2048, 2048, 2048, 2048]","[2048, 2048, 2048, 2049, 2048, 2048, 2048, 2048]",310.0
1284,11280,16,20,2026-05-03T17:38:33.076000+00:00,32.831,34.98,25.878,,185.0,False,93.689,"[None, 2048, 2048, 2048, 2048, 2048, 2048, 2048, 2048]","[2048, 2048, 2048, 2048, 2048, 2048, 2048, 2048, 2048]","[2048, 2048, 2048, 2048, 2048, 2048, 2048, 2048]",305.0
1284,11280,81,20,2026-05-03T17:38:34.068000+00:00,32.812,35.122,25.543,212.0,184.0,False,93.477,"[None, 2049, 2048, 2048, 2048, 2048, 2048, 2048, 2048]","[2048, 2048, 2048, 2048, 2048, 2048, 2048, 2049, 2048]","[2048, 2049, 2048, 2048, 2048, 2048, 2048, 2048]",320.0
1284,11280,63,20,2026-05-03T17:38:35.170000+00:00,32.987,35.077,31.05,211.0,185.0,False,99.114,"[None, 2048, 2048, 2048, 2048, 2048, 2048, 2048, 2048]","[2048, 2048, 2048, 2048, 2049, 2048, 2048, 2048, 2048]","[2048, 2048, 2048, 2048, 2048, 2048, 2064, 2064]",319.0
1284,11280,44,20,2026-05-03T17:38:36.372000+00:00,33.108,35.284,25.825,198.0,184.0,False,94.217,"[None, 2049, 2048, 2048, 2048, 2048, 2048, 2048, 2048]","[2048, 2048, 2048, 2048, 2048, 2048, 2048, 2048, 2048]","[2048, 2048, 2048, 2048, 2048, 2048, 2048, 2048]",316.0
1284,11280,43,20,2026-05-03T17:38:40.421000+00:00,33.15,35.425,26.016,211.0,184.0,False,94.591,"[None, 2049, 2048, 2048, 2048, 2048, 2048, 2048, 2048]","[2048, 2048, 2048, 2048, 2048, 2049, 2048, 2048, 2048]","[2048, 2048, 2048, 2049, 2048, 2048, 2048, 2048]",311.0
1284,11280,3,20,2026-05-03T17:38:41.409000+00:00,33.11,34.996,25.756,,183.0,False,93.862,"[None, 2048, 2048, 2048, 2048, 2049, 2048, 2048, 2048]","[2048, 2048, 2049, 2048, 2048, 2048, 2048, 2048, 2048]","[2048, 2048, 2048, 2048, 2048, 2048, 2048, 2049]",316.0
1284,11280,55,20,2026-05-03T17:38:44.272000+00:00,33.525,35.315,25.96,,183.0,False,94.8,"[None, 2048, 2048, 2048, 2048, 2048, 2048, 2049, 2048]","[2048, 2048, 2048, 2048, 2048, 2048, 2049, 2048, 2048]","[2048, 2048, 2048, 2048, 2048, 2048, 2048, 2049]",315.0
1284,11280,23,20,2026-05-03T17:38:46.299000+00:00,33.784,35.397,26.031,206.0,182.0,False,95.212,"[None, 2048, 2048, 2048, 2048, 2048, 2048, 2048, 2048]","[2048, 2048, 2048, 2048, 2048, 2048, 2048, 2048, 2048]","[2048, 2048, 2048, 2048, 2048, 2048, 2048, 2048]",318.0
1284,11280,87,20,2026-05-03T17:38:47.153000+00:00,33.822,35.439,25.844,206.0,181.0,False,95.105,"[None, 2048, 2048, 2048, 2048, 2048, 2048, 2048, 2048]","[2048, 2048, 2048, 2048, 2048, 2048, 2048, 2048, 2048]","[2048, 2048, 2048, 2048, 2048, 2048, 2048, 2048]",325.0
1284,11280,31,20,2026-05-03T17:38:48.688000+00:00,33.664,35.576,25.97,,182.0,False,95.21,"[None, 2048, 2048, 2048, 2048, 2048, 2048, 2048, 2048]","[2048, 2048, 2048, 2048, 2048, 2048, 2048, 2048, 2048]","[2048, 2048, 2048, 2048, 2048, 2048, 2048, 2048]",318.0
1284,11280,5,20,2026-05-03T17:38:55.864000+00:00,33.58,35.773,26.436,209.0,182.0,False,95.789,"[None, 2048, 2048, 2048, 2048, 2048, 2049, 2049, 2048]","[2048, 2048, 2048, 2048, 2048, 2048, 2048, 2048, 2048]","[2048, 2048, 2048, 2048, 2048, 2048, 2048, 2048]",297.0
1284,11280,41,20,2026-05-03T17:38:56.410000+00:00,34.424,35.772,26.226,205.0,183.0,False,96.422,"[None, 2048, 2048, 2048, 2048, 2048, 2048, 2049, 2048]","[2048, 2048, 2048, 2048, 2048, 2048, 2048, 2048, 2048]","[2048, 2048, 2048, 2048, 2048, 2048, 2048, 2048]",309.0
1284,11280,11,20,2026-05-03T17:39:00.559000+00:00,34.125,36.033,26.34,203.0,182.0,False,96.498,"[None, 2048, 2048, 2048, 2048, 2048, 2048, 2048, 2048]","[2048, 2048, 2048, 2048, 2048, 2049, 2048, 2048, 2048]","[2048, 2048, 2048, 2048, 2048, 2048, 2048, 2048]",293.0
1284,11280,77,20,2026-05-03T17:39:03.210000+00:00,34.36,37.279,26.265,202.0,183.0,False,97.904,"[None, 2048, 2048, 2048, 2048, 2048, 2049, 2049, 2048]","[2048, 2048, 2048, 2048, 2048, 2048, 2048, 2048, 2048]","[2048, 2048, 2048, 2048, 2048, 2048, 2048, 2048]",307.0
1284,11280,14,20,2026-05-03T17:39:04.057000+00:00,33.989,35.784,26.448,203.0,181.0,False,96.221,"[None, 2048, 2048, 2048, 2048, 2048, 2048, 2048, 2048]","[2048, 2048, 2048, 2048, 2048, 2048, 2048, 2048, 2048]","[2048, 2048, 2048, 2048, 2048, 2048, 2048, 2048]",299.0
1284,11280,18,20,2026-05-03T17:39:07.479000+00:00,33.896,36.208,26.747,,182.0,False,96.851,"[None, 2048, 2048, 2048, 2048, 2048, 2048, 2048, 2048]","[2048, 2048, 2048, 2048, 2048, 2048, 2048, 2048, 2048]","[2048, 2048, 2048, 2048, 2048, 2048, 2048, 2048]",295.0
1284,11280,1,21,2026-05-03T17:39:59.374000+00:00,32.334,34.827,25.72,211.0,186.0,False,92.881,"[None, 2048, 2048, 2048, 2049, 2048, 2048, 2049, 2048]","[2048, 2048, 2048, 2048, 2048, 2048, 2048, 2048, 2048]","[2048, 2048, 2048, 2048, 2048, 2048, 2048, 2048]",304.0
1284,11280,12,21,2026-05-03T17:40:02.138000+00:00,32.71,34.534,25.905,211.0,185.0,False,93.149,"[None, 2048, 2048, 2048, 2048, 2048, 2048, 2048, 2048]","[2048, 2048, 2048, 2048, 2048, 2048, 2048, 2049, 2048]","[2048, 2048, 2048, 2048, 2048, 2048, 2048, 2048]",309.0
1284,11280,16,21,2026-05-03T17:40:06.740000+00:00,32.83,34.697,30.977,209.0,186.0,False,98.504,"[None, 2048, 2048, 2048, 2048, 2048, 2048, 2048, 2048]","[2048, 2048, 2048, 2048, 2048, 2048, 2048, 2048, 2048]","[2048, 2048, 2048, 2048, 2048, 2048, 2064, 2064]",303.0
1284,11280,81,21,2026-05-03T17:40:07.437000+00:00,32.751,35.036,25.754,211.0,185.0,False,93.541,"[None, 2048, 2048, 2048, 2048, 2048, 2048, 2048, 2048]","[2048, 2048, 2048, 2048, 2048, 2048, 2048, 2048, 2048]","[2048, 2048, 2048, 2048, 2048, 2048, 2048, 2049]",318.0
1284,11280,44,21,2026-05-03T17:40:10.587000+00:00,33.075,35.275,25.847,203.0,184.0,False,94.197,"[None, 2048, 2048, 2048, 2048, 2049, 2049, 2048, 2048]","[2048, 2048, 2048, 2048, 2048, 2048, 2048, 2048, 2048]","[2048, 2048, 2048, 2048, 2048, 2048, 2049, 2048]",311.0
1284,11280,63,21,2026-05-03T17:40:14.190000+00:00,46.129,34.405,25.439,216.0,190.0,True,105.973,"[2064, 2064, 2064, 2048, 2048, 2051, 2048, 2049, 2051]","[2049, 2048, 2048, 2048, 2049, 2049, 2049, 2049, 2049]","[2051, 2048, 2048, 2049, 2049, 2049, 2048, 2048]",332.0
1284,11280,43,21,2026-05-03T17:40:14.935000+00:00,33.899,35.27,25.798,208.0,184.0,False,94.967,"[None, 2048, 2048, 2048, 2048, 2048, 2048, 2048, 2048]","[2048, 2048, 2048, 2048, 2048, 2048, 2048, 2048, 2048]","[2048, 2048, 2048, 2048, 2048, 2048, 2048, 2048]",319.0
1284,11280,3,21,2026-05-03T17:40:15.310000+00:00,32.489,35.035,25.817,,186.0,False,93.341,"[None, 2048, 2048, 2048, 2049, 2048, 2048, 2048, 2048]","[2048, 2048, 2048, 2048, 2048, 2048, 2048, 2048, 2048]","[2048, 2048, 2048, 2048, 2048, 2048, 2048, 2048]",310.0
1284,11280,55,21,2026-05-03T17:40:19.056000+00:00,33.466,35.401,26.101,211.0,185.0,False,94.968,"[2049, 2048, 2048, 2049, 2048, 2048, 2048, 2048, 2048]","[2048, 2048, 2048, 2048, 2048, 2048, 2048, 2048, 2048]","[2048, 2048, 2048, 2049, 2048, 2048, 2048, 2048]",312.0
1284,11280,23,21,2026-05-03T17:40:21.503000+00:00,33.615,35.3,25.964,207.0,185.0,False,94.879,"[None, 2049, 2048, 2048, 2048, 2048, 2049, 2048, 2048]","[2048, 2048, 2048, 2048, 2048, 2048, 2048, 2048, 2048]","[2048, 2048, 2048, 2048, 2048, 2048, 2048, 2048]",317.0
1284,11280,87,21,2026-05-03T17:40:22.273000+00:00,33.966,35.486,25.819,208.0,180.0,False,95.271,"[None, 2049, 2048, 2048, 2048, 2048, 2048, 2048, 2048]","[2048, 2048, 2048, 2048, 2048, 2048, 2048, 2048, 2048]","[2048, 2048, 2048, 2048, 2049, 2048, 2048, 2048]",320.0
1284,11280,31,21,2026-05-03T17:40:23.741000+00:00,33.593,35.607,25.917,,182.0,False,95.117,"[None, 2048, 2048, 2048, 2048, 2048, 2049, 2048, 2048]","[2048, 2048, 2048, 2048, 2048, 2048, 2048, 2048, 2048]","[2048, 2048, 2048, 2048, 2048, 2048, 2048, 2048]",316.0
1284,11280,5,21,2026-05-03T17:40:31.764000+00:00,33.331,35.428,26.391,,182.0,False,95.15,"[None, 2048, 2048, 2048, 2048, 2048, 2048, 2048, 2049]","[2048, 2048, 2048, 2048, 2048, 2048, 2049, 2048, 2049]","[2048, 2048, 2048, 2048, 2049, 2048, 2048, 2048]",297.0
1284,11280,41,21,2026-05-03T17:40:32.802000+00:00,34.202,35.567,26.243,209.0,182.0,False,96.012,"[None, 2048, 2048, 2048, 2048, 2048, 2048, 2048, 2048]","[2048, 2048, 2048, 2048, 2048, 2048, 2048, 2048, 2048]","[2048, 2048, 2048, 2048, 2048, 2048, 2048, 2048]",312.0
1284,11280,11,21,2026-05-03T17:40:37.181000+00:00,34.131,36.094,26.295,,180.0,False,96.52,"[None, 2048, 2048, 2048, 2048, 2048, 2048, 2048, 2048]","[2048, 2048, 2048, 2048, 2048, 2048, 2048, 2048, 2048]","[2048, 2048, 2048, 2049, 2048, 2048, 2049, 2049]",296.0
1284,11280,14,21,2026-05-03T17:40:40.150000+00:00,33.714,36.197,26.65,,181.0,False,96.561,"[None, 2049, 2049, 2048, 2048, 2049, 2048, 2049, 2048]","[2048, 2048, 2048, 2048, 2048, 2048, 2048, 2049, 2048]","[2048, 2048, 2048, 2048, 2048, 2048, 2048, 2048]",292.0
1284,11280,77,21,2026-05-03T17:40:41.166000+00:00,34.603,36.586,31.608,207.0,183.0,False,102.797,"[None, 2048, 2048, 2048, 2048, 2048, 2048, 2048, 2048]","[2048, 2048, 2048, 2048, 2048, 2048, 2048, 2048, 2048]","[2048, 2048, 2048, 2048, 2048, 2048, 2064, 2064]",287.0
1284,11280,18,21,2026-05-03T17:40:44.275000+00:00,33.888,36.193,31.362,204.0,182.0,False,101.443,"[None, 2048, 2048, 2048, 2048, 2048, 2048, 2048, 2048]","[2048, 2048, 2048, 2048, 2048, 2048, 2048, 2048, 2048]","[2048, 2048, 2048, 2048, 2048, 2048, 2064, 2064]",301.0
1284,11280,1,22,2026-05-03T17:41:32.288000+00:00,32.369,34.868,25.811,209.0,187.0,False,93.048,"[None, 2048, 2048, 2048, 2049, 2049, 2048, 2049, 2048]","[2048, 2048, 2048, 2048, 2048, 2048, 2049, 2048, 2048]","[2048, 2048, 2048, 2048, 2048, 2048, 2048, 2048]",303.0
1284,11280,12,22,2026-05-03T17:41:35.428000+00:00,32.5,34.488,25.791,210.0,186.0,False,92.779,"[None, 2048, 2048, 2048, 2048, 2048, 2048, 2048, 2048]","[2048, 2048, 2048, 2048, 2048, 2048, 2048, 2048, 2048]","[2048, 2048, 2048, 2049, 2048, 2048, 2048, 2048]",309.0
1284,11280,81,22,2026-05-03T17:41:41.038000+00:00,32.708,35.309,25.857,207.0,186.0,False,93.874,"[None, 2048, 2048, 2048, 2048, 2049, 2049, 2048, 2048]","[2048, 2048, 2048, 2048, 2048, 2048, 2048, 2048, 2048]","[2048, 2048, 2048, 2048, 2048, 2048, 2048, 2049]",306.0
1284,11280,44,22,2026-05-03T17:41:44.802000+00:00,33.027,35.208,25.932,205.0,184.0,False,94.167,"[None, 2049, 2048, 2048, 2048, 2048, 2048, 2048, 2048]","[2048, 2048, 2048, 2048, 2048, 2048, 2048, 2049, 2048]","[2048, 2048, 2048, 2049, 2048, 2048, 2048, 2048]",308.0
1284,11280,16,22,2026-05-03T17:41:45.252000+00:00,48.356,35.418,25.201,214.0,186.0,True,108.975,"[2064, 2064, 2064, 2048, 2048, 2048, 2048, 2048, 2048]","[2049, 2048, 2048, 2048, 2048, 2048, 2048, 2048, 2048]","[2049, 2049, 2048, 2048, 2048, 2048, 2051, 2049]",312.0
1284,11280,3,22,2026-05-03T17:41:48.553000+00:00,32.626,34.9,25.798,,185.0,False,93.324,"[None, 2048, 2048, 2048, 2048, 2048, 2048, 2048, 2048]","[2048, 2048, 2048, 2048, 2048, 2048, 2048, 2048, 2048]","[2048, 2048, 2048, 2048, 2048, 2048, 2048, 2048]",310.0
1284,11280,43,22,2026-05-03T17:41:49.864000+00:00,33.198,35.177,25.9,210.0,184.0,False,94.275,"[None, 2048, 2048, 2048, 2048, 2048, 2048, 2048, 2048]","[2048, 2048, 2048, 2048, 2048, 2048, 2048, 2048, 2048]","[2048, 2048, 2048, 2048, 2048, 2048, 2048, 2049]",313.0
1284,11280,55,22,2026-05-03T17:41:53.985000+00:00,33.346,35.241,26.014,209.0,185.0,False,94.601,"[2048, 2048, 2048, 2049, 2049, 2048, 2048, 2049, 2048]","[2048, 2048, 2048, 2048, 2048, 2049, 2048, 2048, 2048]","[2048, 2048, 2048, 2048, 2048, 2048, 2048, 2048]",312.0
1284,11280,23,22,2026-05-03T17:41:56.310000+00:00,33.59,35.238,25.972,,184.0,False,94.8,"[None, 2048, 2048, 2048, 2048, 2048, 2048, 2048, 2048]","[2048, 2048, 2048, 2048, 2048, 2048, 2048, 2049, 2048]","[2048, 2048, 2048, 2048, 2048, 2048, 2049, 2049]",315.0
1284,11280,87,22,2026-05-03T17:41:57.481000+00:00,33.677,35.312,25.982,207.0,180.0,False,94.971,"[None, 2048, 2048, 2048, 2048, 2048, 2048, 2048, 2048]","[2048, 2048, 2048, 2048, 2048, 2048, 2048, 2048, 2048]","[2048, 2048, 2048, 2048, 2048, 2048, 2048]",318.0
1284,11280,31,22,2026-05-03T17:41:58.895000+00:00,33.604,36.195,26.371,,183.0,False,96.17,"[None, 2048, 2048, 2048, 2048, 2048, 2049, 2048, 2048]","[2048, 2048, 2048, 2048, 2048, 2048, 2048, 2048, 2048]","[2048, 2048, 2048, 2048, 2048, 2048, 2048, 2048]",271.0
1284,11280,63,22,2026-05-03T17:42:00.342000+00:00,32.687,34.455,25.494,214.0,187.0,False,92.636,"[2048, 2049, 2049, 2048, 2048, 2048, 2048, 2048, 2048]","[2051, 2048, 2048, 2048, 2049, 2048, 2048, 2048, 2048]","[2048, 2048, 2048, 2048, 2048, 2048, 2049, 2051]",326.0
1284,11280,5,22,2026-05-03T17:42:06.940000+00:00,33.261,35.468,26.32,208.0,183.0,False,95.049,"[None, 2049, 2048, 2048, 2048, 2049, 2048, 2048, 2048]","[2048, 2048, 2048, 2048, 2048, 2049, 2048, 2048, 2049]","[2048, 2048, 2048, 2048, 2049, 2048, 2048, 2048]",297.0
1284,11280,41,22,2026-05-03T17:42:08.965000+00:00,34.124,35.53,26.299,211.0,182.0,False,95.953,"[None, 2048, 2048, 2048, 2048, 2048, 2049, 2048, 2048]","[2048, 2048, 2048, 2048, 2048, 2048, 2048, 2048, 2048]","[2048, 2048, 2048, 2048, 2048, 2048, 2048, 2048]",307.0
1284,11280,11,22,2026-05-03T17:42:13.717000+00:00,33.943,35.882,26.43,208.0,183.0,False,96.255,"[None, 2048, 2048, 2048, 2048, 2048, 2049, 2049, 2048]","[2048, 2048, 2048, 2048, 2048, 2049, 2048, 2048, 2049]","[2048, 2048, 2048, 2048, 2048, 2048, 2048, 2048]",291.0
1284,11280,14,22,2026-05-03T17:42:16.887000+00:00,33.715,36.016,26.563,198.0,181.0,False,96.294,"[None, 2048, 2048, 2048, 2049, 2049, 2048, 2049, 2048]","[2048, 2048, 2048, 2048, 2048, 2049, 2048, 2048, 2048]","[2048, 2048, 2048, 2048, 2048, 2048, 2048, 2048]",295.0
1284,11280,77,22,2026-05-03T17:42:23.896000+00:00,49.751,35.662,26.235,210.0,190.0,True,111.648,"[2064, 2064, 2064, 2048, 2049, 2048, 2048, 2048, 2049]","[2048, 2048, 2048, 2048, 2049, 2049, 2049, 2048, 2049]","[2048, 2048, 2048, 2048, 2049, 2049, 2049, 2048]",276.0
1284,11280,18,22,2026-05-03T17:42:25.983000+00:00,48.548,35.778,26.203,208.0,186.0,True,110.529,"[2064, 2064, 2064, 2048, 2048, 2048, 2048, 2048, 2048]","[2049, 2048, 2048, 2048, 2048, 2048, 2049, 2048, 2049]","[2049, 2048, 2048, 2048, 2049, 2048, 2049, 2048]",296.0
1284,11280,1,23,2026-05-03T17:43:05.346000+00:00,32.291,35.073,25.734,,187.0,False,93.098,"[None, 2048, 2048, 2048, 2048, 2048, 2051, 2049, 2048]","[2048, 2048, 2048, 2048, 2048, 2048, 2048, 2048, 2048]","[2048, 2048, 2048, 2048, 2048, 2048, 2048, 2048]",305.0
1284,11280,12,23,2026-05-03T17:43:08.424000+00:00,32.513,34.581,25.9,,184.0,False,92.994,"[None, 2049, 2048, 2048, 2048, 2048, 2049, 2048, 2048]","[2048, 2048, 2048, 2048, 2048, 2048, 2048, 2048, 2048]","[2048, 2048, 2048, 2049, 2048, 2048, 2048, 2048]",312.0
1284,11280,81,23,2026-05-03T17:43:14.971000+00:00,32.636,35.224,25.97,210.0,186.0,False,93.83,"[None, 2049, 2048, 2048, 2048, 2048, 2048, 2048, 2048]","[2048, 2048, 2048, 2048, 2048, 2048, 2048, 2048, 2048]","[2048, 2048, 2048, 2048, 2048, 2048, 2049, 2048]",305.0
1284,11280,44,23,2026-05-03T17:43:18.971000+00:00,32.873,35.15,25.903,206.0,185.0,False,93.926,"[None, 2048, 2048, 2048, 2048, 2048, 2048, 2048, 2048]","[2048, 2048, 2048, 2048, 2048, 2049, 2048, 2049, 2048]","[2048, 2048, 2048, 2048, 2048, 2048, 2048, 2048]",309.0
1284,11280,3,23,2026-05-03T17:43:21.955000+00:00,32.468,35.03,25.857,211.0,186.0,False,93.355,"[None, 2048, 2048, 2048, 2048, 2048, 2049, 2048, 2048]","[2048, 2048, 2048, 2048, 2048, 2048, 2048, 2048, 2048]","[2048, 2048, 2048, 2048, 2048, 2048, 2048, 2048]",312.0
1284,11280,43,23,2026-05-03T17:43:24.190000+00:00,32.804,35.273,25.932,208.0,185.0,False,94.009,"[None, 2048, 2048, 2048, 2048, 2049, 2049, 2048, 2048]","[2048, 2048, 2048, 2048, 2048, 2048, 2048, 2048, 2048]","[2048, 2048, 2048, 2049, 2048, 2048, 2048, 2048]",315.0
1284,11280,55,23,2026-05-03T17:43:28.754000+00:00,33.307,35.237,26.107,210.0,185.0,False,94.651,"[None, 2048, 2048, 2048, 2049, 2048, 2048, 2049, 2048]","[2048, 2048, 2048, 2048, 2048, 2048, 2048, 2048, 2048]","[2048, 2048, 2048, 2049, 2048, 2048, 2048, 2048]",311.0
1284,11280,23,23,2026-05-03T17:43:31.145000+00:00,33.777,35.328,25.992,209.0,184.0,False,95.097,"[None, 2049, 2048, 2048, 2048, 2048, 2049, 2048, 2048]","[2048, 2048, 2048, 2048, 2048, 2048, 2048, 2048, 2048]","[2048, 2048, 2048, 2048, 2048, 2048, 2048, 2048]",315.0
1284,11280,87,23,2026-05-03T17:43:32.410000+00:00,34.154,36.188,26.187,209.0,179.0,False,96.529,"[None, 2048, 2048, 2048, 2048, 2048, 2048, 2048, 2048]","[2048, 2048, 2048, 2048, 2048, 2048, 2048, 2048, 2048]","[2048, 2048, 2048, 2048, 2048, 2048, 2048, 2048]",310.0
1284,11280,63,23,2026-05-03T17:43:32.801000+00:00,32.843,35.148,25.761,212.0,187.0,False,93.752,"[2051, 2048, 2048, 2048, 2048, 2048, 2048, 2048, 2048]","[2048, 2048, 2048, 2048, 2048, 2048, 2048, 2048, 2048]","[2051, 2049, 2048, 2048, 2048, 2048, 2048, 2048]",318.0
1284,11280,16,23,2026-05-03T17:43:34.301000+00:00,32.676,34.841,26.369,206.0,185.0,False,93.886,"[2049, 2051, 2048, 2048, 2048, 2048, 2048, 2048, 2048]","[2048, 2049, 2048, 2048, 2048, 2048, 2048, 2048, 2048]","[2048, 2048, 2048, 2049, 2048, 2048, 2048, 2048]",320.0
1284,11280,31,23,2026-05-03T17:43:35.160000+00:00,33.681,35.441,25.879,210.0,183.0,False,95.001,"[None, 2048, 2048, 2048, 2048, 2048, 2048, 2048, 2048]","[2048, 2048, 2048, 2048, 2048, 2048, 2048, 2048, 2048]","[2048, 2048, 2048, 2048, 2048, 2048, 2048, 2048]",320.0
1284,11280,5,23,2026-05-03T17:43:41.918000+00:00,33.213,35.117,26.323,209.0,183.0,False,94.653,"[None, 2048, 2048, 2049, 2048, 2049, 2048, 2049, 2048]","[2048, 2048, 2048, 2048, 2049, 2049, 2048, 2049, 2048]","[2049, 2048, 2048, 2048, 2048, 2048, 2048, 2048]",299.0
1284,11280,41,23,2026-05-03T17:43:44.818000+00:00,33.978,35.373,26.347,,183.0,False,95.698,"[None, 2048, 2048, 2048, 2048, 2048, 2048, 2048, 2048]","[2048, 2048, 2048, 2048, 2048, 2048, 2049, 2048, 2048]","[2048, 2048, 2048, 2048, 2048, 2048, 2048, 2048]",307.0
1284,11280,11,23,2026-05-03T17:43:49.913000+00:00,34.193,36.081,26.343,203.0,182.0,False,96.617,"[None, 2048, 2048, 2049, 2048, 2048, 2048, 2048, 2048]","[2048, 2048, 2048, 2048, 2048, 2048, 2048, 2048, 2049]","[2048, 2048, 2048, 2049, 2048, 2048, 2048, 2048]",297.0
1284,11280,14,23,2026-05-03T17:43:53.041000+00:00,33.654,36.078,26.654,201.0,182.0,False,96.386,"[None, 2048, 2048, 2048, 2048, 2048, 2049, 2048, 2048]","[2048, 2048, 2048, 2048, 2048, 2048, 2048, 2048, 2048]","[2048, 2048, 2048, 2048, 2048, 2048, 2048, 2048]",294.0
1284,11280,77,23,2026-05-03T17:44:15.528000+00:00,33.355,36.158,26.862,209.0,188.0,False,96.375,"[2048, 2049, 2049, 2049, 2048, 2048, 2049, 2049, 2048]","[2048, 2048, 2048, 2048, 2048, 2048, 2048, 2048, 2048]","[2048, 2048, 2048, 2048, 2048, 2048, 2048, 2048]",294.0
1284,11280,18,23,2026-05-03T17:44:16.302000+00:00,33.294,36.086,26.01,207.0,186.0,False,95.39,"[2048, 2048, 2049, 2049, 2048, 2048, 2048, 2049, 2049]","[2048, 2048, 2048, 2048, 2048, 2048, 2048, 2048, 2048]","[2049, 2048, 2048, 2048, 2048, 2048, 2048, 2048]",313.0
1284,11280,1,24,2026-05-03T17:44:38.437000+00:00,32.353,35.069,25.671,211.0,186.0,False,93.093,"[None, 2048, 2048, 2048, 2048, 2049, 2048, 2048, 2048]","[2048, 2048, 2048, 2048, 2048, 2048, 2048, 2048, 2048]","[2048, 2048, 2048, 2048, 2048, 2048, 2048, 2048]",306.0
1284,11280,12,24,2026-05-03T17:44:41.171000+00:00,32.418,34.518,25.866,212.0,184.0,False,92.802,"[None, 2049, 2048, 2048, 2048, 2049, 2051, 2049, 2048]","[2048, 2048, 2048, 2048, 2048, 2048, 2048, 2048, 2048]","[2048, 2048, 2048, 2048, 2048, 2048, 2048, 2048]",314.0
1284,11280,81,24,2026-05-03T17:44:48.794000+00:00,32.652,35.072,25.916,212.0,186.0,False,93.64,"[None, 2048, 2048, 2048, 2048, 2048, 2048, 2048, 2048]","[2048, 2048, 2048, 2048, 2049, 2048, 2048, 2048, 2048]","[2048, 2048, 2048, 2048, 2048, 2048, 2048, 2048]",305.0
1284,11280,44,24,2026-05-03T17:44:52.878000+00:00,32.839,35.313,25.905,209.0,185.0,False,94.057,"[None, 2048, 2048, 2048, 2048, 2048, 2048, 2048, 2048]","[2048, 2048, 2048, 2048, 2048, 2048, 2048, 2048, 2048]","[2048, 2048, 2048, 2048, 2048, 2048, 2048, 2048]",307.0
1284,11280,3,24,2026-05-03T17:44:55.290000+00:00,32.616,34.806,25.688,214.0,186.0,False,93.11,"[None, 2048, 2048, 2048, 2049, 2048, 2048, 2048, 2048]","[2048, 2048, 2048, 2048, 2048, 2048, 2049, 2048, 2048]","[2048, 2048, 2048, 2048, 2048, 2048, 2048, 2048]",316.0
1284,11280,43,24,2026-05-03T17:44:58.269000+00:00,32.907,35.347,25.949,211.0,184.0,False,94.203,"[None, 2048, 2048, 2048, 2048, 2049, 2048, 2048, 2048]","[2048, 2048, 2048, 2048, 2048, 2049, 2048, 2048, 2048]","[2048, 2048, 2048, 2048, 2048, 2048, 2048, 2048]",314.0
1284,11280,55,24,2026-05-03T17:45:03.241000+00:00,33.253,35.284,26.087,,184.0,False,94.624,"[None, 2048, 2048, 2048, 2049, 2049, 2049, 2048, 2048]","[2048, 2048, 2048, 2048, 2048, 2048, 2048, 2048, 2048]","[2048, 2048, 2048, 2048, 2048, 2048, 2048, 2048]",311.0
1284,11280,23,24,2026-05-03T17:45:06.444000+00:00,33.612,36.142,26.147,,182.0,False,95.901,"[None, 2048, 2048, 2048, 2048, 2048, 2049, 2048, 2048]","[2048, 2048, 2048, 2048, 2048, 2048, 2048, 2048, 2048]","[2048, 2048, 2048, 2048, 2048, 2048, 2048, 2049]",322.0
1284,11280,63,24,2026-05-03T17:45:06.575000+00:00,33.614,35.004,25.745,209.0,186.0,False,94.363,"[2048, 2048, 2048, 2048, 2048, 2048, 2048, 2048, 2048]","[2048, 2049, 2048, 2048, 2048, 2048, 2048, 2048, 2048]","[2048, 2048, 2048, 2048, 2048, 2048, 2048, 2048]",315.0
1284,11280,16,24,2026-05-03T17:45:08.210000+00:00,32.758,35.473,25.357,207.0,186.0,False,93.588,"[2048, 2048, 2048, 2048, 2048, 2048, 2048, 2048, 2048]","[2048, 2048, 2048, 2048, 2048, 2048, 2048, 2048, 2048]","[2049, 2049, 2048, 2048, 2048, 2048, 2048]",319.0
1284,11280,87,24,2026-05-03T17:45:09.018000+00:00,33.767,35.307,26.033,,182.0,False,95.107,"[None, 2048, 2048, 2048, 2048, 2048, 2048, 2048, 2048]","[2048, 2048, 2048, 2048, 2048, 2049, 2048, 2048, 2048]","[2048, 2048, 2048, 2049, 2048, 2048, 2048, 2048]",320.0
1284,11280,31,24,2026-05-03T17:45:10.095000+00:00,33.823,35.486,25.904,212.0,185.0,False,95.213,"[None, 2048, 2048, 2048, 2048, 2048, 2048, 2048, 2048]","[2048, 2048, 2048, 2048, 2048, 2048, 2048, 2048, 2048]","[2048, 2048, 2048, 2048, 2048, 2048, 2049, 2048]",315.0
1284,11280,5,24,2026-05-03T17:45:16.626000+00:00,33.352,35.389,26.255,,183.0,False,94.996,"[None, 2048, 2048, 2048, 2048, 2048, 2048, 2048, 2048]","[2048, 2048, 2048, 2048, 2049, 2048, 2048, 2048, 2049]","[2048, 2048, 2048, 2048, 2048, 2048, 2048, 2048]",300.0
1284,11280,41,24,2026-05-03T17:45:20.423000+00:00,33.953,35.552,26.386,212.0,184.0,False,95.891,"[None, 2048, 2048, 2048, 2048, 2048, 2048, 2048, 2048]","[2049, 2048, 2048, 2048, 2048, 2048, 2048, 2048, 2048]","[2048, 2048, 2048, 2048, 2048, 2048, 2048, 2048]",306.0
1284,11280,11,24,2026-05-03T17:45:26.579000+00:00,33.973,36.086,26.294,207.0,184.0,False,96.353,"[None, 2048, 2048, 2049, 2048, 2048, 2048, 2048, 2048]","[2048, 2048, 2048, 2048, 2048, 2048, 2048, 2048, 2049]","[2048, 2048, 2048, 2048, 2048, 2048, 2049, 2048]",294.0
1284,11280,14,24,2026-05-03T17:45:29.454000+00:00,33.735,36.178,26.753,,181.0,False,96.666,"[None, 2049, 2048, 2048, 2048, 2048, 2048, 2048, 2048]","[2048, 2048, 2048, 2048, 2048, 2048, 2048, 2048, 2048]","[2048, 2048, 2048, 2048, 2048, 2048, 2048, 2048]",293.0
1284,11280,18,24,2026-05-03T17:45:51.581000+00:00,33.858,36.545,26.738,,185.0,False,97.141,"[None, 2049, 2048, 2048, 2048, 2048, 2048, 2048, 2049]","[2048, 2048, 2048, 2048, 2048, 2048, 2048, 2048, 2048]","[2048, 2048, 2048, 2048, 2048, 2048, 2048, 2048]",288.0
1284,11280,77,24,2026-05-03T17:45:51.940000+00:00,34.355,36.669,26.424,206.0,187.0,False,97.448,"[2049, 2048, 2048, 2048, 2048, 2048, 2048, 2048, 2048]","[2048, 2048, 2048, 2048, 2048, 2048, 2048, 2048, 2048]","[2048, 2048, 2048, 2048, 2048, 2048, 2048, 2048]",286.0
1284,11280,1,25,2026-05-03T17:46:11.567000+00:00,32.476,35.253,25.655,209.0,187.0,False,93.384,"[None, 2048, 2048, 2048, 2048, 2048, 2048, 2048, 2048]","[2048, 2048, 2048, 2048, 2048, 2048, 2048, 2048, 2048]","[2048, 2048, 2048, 2048, 2048, 2048, 2048, 2048]",306.0
1284,11280,12,25,2026-05-03T17:46:13.973000+00:00,32.423,34.87,25.775,211.0,186.0,False,93.068,"[None, 2048, 2048, 2048, 2048, 2049, 2051, 2049, 2048]","[2048, 2048, 2048, 2048, 2048, 2048, 2048, 2048, 2048]","[2048, 2048, 2048, 2049, 2048, 2048, 2048]",312.0
1284,11280,81,25,2026-05-03T17:46:22.317000+00:00,32.841,35.826,25.884,211.0,187.0,False,94.551,"[None, 2048, 2048, 2048, 2048, 2048, 2048, 2048, 2048]","[2048, 2048, 2048, 2048, 2048, 2048, 2048, 2048, 2048]","[2048, 2048, 2048, 2048, 2048, 2048, 2048, 2048]",304.0
1284,11280,44,25,2026-05-03T17:46:26.973000+00:00,32.872,35.445,25.873,205.0,185.0,False,94.19,"[None, 2048, 2049, 2048, 2048, 2048, 2048, 2048, 2048]","[2048, 2048, 2048, 2048, 2048, 2048, 2048, 2048, 2048]","[2048, 2048, 2048, 2049, 2048, 2048, 2049, 2048]",308.0
1284,11280,3,25,2026-05-03T17:46:28.536000+00:00,32.632,35.306,25.561,,187.0,False,93.499,"[None, 2048, 2048, 2048, 2048, 2048, 2048, 2048, 2048]","[2048, 2048, 2048, 2048, 2048, 2048, 2048, 2048, 2048]","[2049, 2048, 2048, 2048, 2048, 2048, 2048, 2048]",318.0
1284,11280,43,25,2026-05-03T17:46:32.376000+00:00,32.884,35.367,25.986,,187.0,False,94.237,"[None, 2048, 2048, 2048, 2048, 2049, 2048, 2048, 2048]","[2048, 2048, 2048, 2048, 2048, 2048, 2048, 2048, 2048]","[2048, 2048, 2048, 2049, 2048, 2048, 2049, 2048]",311.0
1284,11280,55,25,2026-05-03T17:46:37.891000+00:00,33.334,35.903,26.06,211.0,185.0,False,95.297,"[None, 2048, 2048, 2048, 2049, 2049, 2048, 2049, 2048]","[2048, 2048, 2048, 2048, 2048, 2048, 2048, 2048, 2048]","[2048, 2048, 2048, 2048, 2048, 2048, 2048, 2048]",309.0
1284,11280,63,25,2026-05-03T17:46:40.937000+00:00,32.511,35.007,25.551,211.0,188.0,False,93.069,"[None, 2048, 2048, 2048, 2048, 2048, 2048, 2049, 2048]","[2048, 2048, 2048, 2048, 2048, 2048, 2049, 2048, 2048]","[2048, 2048, 2048, 2049, 2048, 2048, 2048, 2048]",322.0
1284,11280,16,25,2026-05-03T17:46:41.625000+00:00,32.642,34.901,25.443,212.0,185.0,False,92.986,"[None, 2048, 2048, 2048, 2048, 2048, 2048, 2048, 2048]","[2048, 2048, 2048, 2048, 2048, 2048, 2048, 2048, 2048]","[2048, 2048, 2048, 2048, 2048, 2048, 2051, 2049]",316.0
1284,11280,23,25,2026-05-03T17:46:42.250000+00:00,33.722,35.303,26.094,208.0,185.0,False,95.119,"[None, 2048, 2048, 2048, 2048, 2048, 2048, 2048, 2048]","[2048, 2048, 2048, 2048, 2048, 2048, 2048, 2048, 2048]","[2048, 2048, 2048, 2048, 2048, 2048, 2048, 2048]",313.0
1284,11280,87,25,2026-05-03T17:46:44.109000+00:00,33.495,35.506,26.014,208.0,184.0,False,95.015,"[None, 2048, 2048, 2048, 2048, 2048, 2048, 2048, 2048]","[2048, 2048, 2048, 2048, 2048, 2048, 2048, 2048, 2048]","[2048, 2048, 2048, 2048, 2048, 2048, 2048, 2048]",314.0
1284,11280,31,25,2026-05-03T17:46:45.500000+00:00,33.702,35.717,25.984,210.0,185.0,False,95.403,"[None, 2048, 2048, 2048, 2048, 2048, 2048, 2048, 2048]","[2048, 2048, 2048, 2048, 2048, 2048, 2048, 2048, 2048]","[2048, 2048, 2048, 2048, 2048, 2048, 2048, 2048]",314.0
1284,11280,5,25,2026-05-03T17:46:51.594000+00:00,33.263,35.735,26.003,203.0,182.0,False,95.001,"[None, 2049, 2048, 2048, 2048, 2048, 2048, 2048, 2048]","[2048, 2048, 2048, 2048, 2048, 2048, 2048, 2048, 2048]","[2048, 2049, 2049, 2049, 2048, 2048, 2048, 2048]",310.0
1284,11280,41,25,2026-05-03T17:46:56.440000+00:00,33.888,35.68,26.47,,182.0,False,96.038,"[None, 2048, 2048, 2048, 2048, 2048, 2048, 2048, 2048]","[2048, 2048, 2048, 2048, 2048, 2048, 2048, 2048, 2048]","[2048, 2048, 2048, 2048, 2048, 2048, 2048, 2048]",303.0
1284,11280,11,25,2026-05-03T17:47:02.876000+00:00,34.042,36.314,26.376,204.0,184.0,False,96.732,"[None, 2048, 2048, 2049, 2048, 2049, 2048, 2048, 2048]","[2048, 2048, 2048, 2048, 2048, 2048, 2048, 2048, 2048]","[2048, 2048, 2048, 2048, 2048, 2048, 2048, 2048]",295.0
1284,11280,14,25,2026-05-03T17:47:06.173000+00:00,33.469,36.274,26.734,202.0,182.0,False,96.477,"[None, 2048, 2049, 2048, 2049, 2049, 2048, 2048, 2048]","[2048, 2048, 2048, 2048, 2048, 2048, 2049, 2048, 2048]","[2048, 2048, 2048, 2048, 2048, 2048, 2048, 2048]",293.0
1284,11280,18,25,2026-05-03T17:47:28.867000+00:00,33.309,36.026,26.586,206.0,184.0,False,95.921,"[None, 2048, 2048, 2048, 2048, 2049, 2049, 2048, 2048]","[2048, 2048, 2048, 2048, 2048, 2049, 2048, 2048, 2049]","[2048, 2048, 2048, 2048, 2048, 2048, 2048, 2048]",289.0
1284,11280,77,25,2026-05-03T17:47:29.435000+00:00,34.11,36.163,26.176,210.0,185.0,False,96.449,"[2048, 2048, 2048, 2048, 2048, 2048, 2048, 2048, 2048]","[2048, 2048, 2048, 2048, 2048, 2048, 2048, 2048, 2048]","[2048, 2048, 2048, 2048, 2048, 2048, 2048, 2048]",290.0
1284,11280,1,26,2026-05-03T17:47:44.873000+00:00,32.397,34.932,25.73,212.0,186.0,False,93.059,"[None, 2048, 2048, 2048, 2049, 2048, 2048, 2048, 2048]","[2048, 2048, 2048, 2048, 2048, 2048, 2048, 2048, 2048]","[2048, 2048, 2048, 2048, 2048, 2048, 2048, 2048]",306.0
1284,11280,12,26,2026-05-03T17:47:47.029000+00:00,32.448,34.563,30.873,209.0,184.0,False,97.884,"[None, 2048, 2048, 2048, 2048, 2048, 2048, 2048, 2048]","[2048, 2048, 2048, 2048, 2048, 2048, 2048, 2048, 2048]","[2048, 2048, 2048, 2048, 2048, 2048, 2064, 2064]",313.0
1284,11280,81,26,2026-05-03T17:47:56.967000+00:00,32.838,35.349,25.884,,186.0,False,94.071,"[None, 2048, 2048, 2048, 2048, 2048, 2048, 2048, 2048]","[2048, 2048, 2048, 2048, 2048, 2048, 2048, 2048, 2048]","[2048, 2048, 2048, 2048, 2048, 2048, 2048, 2048]",304.0
1284,11280,44,26,2026-05-03T17:48:01.107000+00:00,32.723,35.577,26.684,209.0,185.0,False,94.984,"[None, 2048, 2048, 2048, 2049, 2048, 2048, 2048, 2048]","[2048, 2048, 2048, 2048, 2048, 2048, 2048, 2048, 2048]","[2048, 2048, 2048, 2048, 2048, 2048, 2048, 2048]",307.0
1284,11280,3,26,2026-05-03T17:48:01.873000+00:00,32.748,35.404,25.692,213.0,183.0,False,93.844,"[None, 2048, 2048, 2048, 2049, 2048, 2048, 2048, 2048]","[2048, 2048, 2049, 2048, 2048, 2048, 2048, 2048, 2048]","[2048, 2048, 2048, 2048, 2048, 2048, 2048, 2048]",325.0
1284,11280,43,26,2026-05-03T17:48:06.623000+00:00,32.766,35.252,25.973,212.0,185.0,False,93.991,"[None, 2048, 2048, 2048, 2048, 2048, 2048, 2048, 2048]","[2048, 2048, 2048, 2048, 2048, 2049, 2048, 2048, 2048]","[2048, 2048, 2048, 2049, 2048, 2048, 2048, 2048]",312.0
1284,11280,55,26,2026-05-03T17:48:13.123000+00:00,33.381,36.239,26.516,212.0,184.0,False,96.136,"[None, 2048, 2048, 2048, 2048, 2048, 2048, 2048, 2048]","[2048, 2048, 2048, 2048, 2048, 2048, 2048, 2048, 2048]","[2048, 2048, 2048, 2048, 2048, 2048, 2048, 2048]",299.0
1284,11280,63,26,2026-05-03T17:48:14.170000+00:00,32.833,34.695,25.895,213.0,186.0,False,93.423,"[None, 2048, 2048, 2048, 2048, 2048, 2048, 2048, 2048]","[2048, 2049, 2048, 2048, 2048, 2048, 2048, 2048, 2048]","[2048, 2048, 2048, 2048, 2048, 2048, 2048, 2048]",310.0
1284,11280,16,26,2026-05-03T17:48:14.686000+00:00,32.807,35.61,25.488,211.0,185.0,False,93.905,"[2051, 2048, 2048, 2048, 2048, 2048, 2048, 2048, 2048]","[2048, 2049, 2048, 2048, 2048, 2048, 2048, 2048, 2048]","[2048, 2048, 2048, 2048, 2048, 2048, 2048, 2048]",310.0
1284,11280,23,26,2026-05-03T17:48:17.384000+00:00,33.571,35.358,26.035,207.0,183.0,False,94.964,"[None, 2048, 2048, 2048, 2048, 2048, 2048, 2048, 2048]","[2048, 2048, 2048, 2048, 2048, 2048, 2048, 2048, 2048]","[2048, 2048, 2048, 2049, 2048, 2048, 2049, 2048]",316.0
1284,11280,87,26,2026-05-03T17:48:19.043000+00:00,33.414,35.395,30.879,209.0,181.0,False,99.688,"[None, 2048, 2048, 2048, 2048, 2049, 2048, 2048, 2048]","[2048, 2048, 2048, 2048, 2048, 2048, 2048, 2048, 2048]","[2048, 2048, 2048, 2049, 2048, 2048, 2064, 2064]",332.0
1284,11280,31,26,2026-05-03T17:48:20.672000+00:00,33.447,35.522,26.042,,184.0,False,95.011,"[None, 2048, 2048, 2049, 2048, 2048, 2048, 2048, 2048]","[2048, 2048, 2048, 2048, 2048, 2048, 2048, 2048, 2048]","[2048, 2048, 2048, 2048, 2048, 2048, 2048, 2048]",314.0
1284,11280,5,26,2026-05-03T17:48:26.623000+00:00,33.422,35.448,26.041,209.0,184.0,False,94.911,"[None, 2048, 2049, 2048, 2048, 2048, 2048, 2049, 2048]","[2048, 2048, 2048, 2048, 2048, 2048, 2049, 2048, 2048]","[2049, 2048, 2048, 2048, 2048, 2048, 2048, 2048]",310.0
1284,11280,41,26,2026-05-03T17:48:32.470000+00:00,33.84,35.591,26.404,211.0,183.0,False,95.835,"[None, 2048, 2049, 2048, 2048, 2048, 2048, 2048, 2048]","[2048, 2048, 2048, 2048, 2048, 2048, 2048, 2048, 2048]","[2048, 2048, 2048, 2048, 2048, 2048, 2048, 2048]",302.0
1284,11280,11,26,2026-05-03T17:48:39.597000+00:00,33.963,35.878,26.437,205.0,184.0,False,96.278,"[None, 2048, 2048, 2048, 2048, 2049, 2048, 2048, 2048]","[2048, 2048, 2048, 2048, 2048, 2048, 2048, 2049, 2048]","[2048, 2048, 2048, 2048, 2048, 2048, 2048, 2048]",290.0
1284,11280,14,26,2026-05-03T17:48:42.626000+00:00,33.537,35.955,26.777,203.0,182.0,False,96.269,"[None, 2048, 2049, 2048, 2048, 2049, 2049, 2048, 2048]","[2048, 2048, 2048, 2048, 2048, 2048, 2049, 2049, 2048]","[2048, 2048, 2048, 2048, 2048, 2048, 2048, 2048]",292.0
1284,11280,18,26,2026-05-03T17:49:04.617000+00:00,33.577,35.856,26.591,,184.0,False,96.024,"[None, 2048, 2049, 2049, 2048, 2048, 2048, 2048, 2048]","[2048, 2048, 2048, 2048, 2048, 2048, 2048, 2049, 2048]","[2048, 2048, 2048, 2048, 2049, 2048, 2048, 2048]",288.0
1284,11280,77,26,2026-05-03T17:49:05.898000+00:00,34.133,35.972,26.157,208.0,185.0,False,96.262,"[None, 2048, 2048, 2048, 2048, 2048, 2048, 2048, 2048]","[2048, 2048, 2048, 2048, 2049, 2048, 2048, 2048, 2048]","[2048, 2048, 2048, 2048, 2048, 2048, 2048, 2048]",298.0
1284,11280,1,27,2026-05-03T17:49:17.913000+00:00,32.644,35.079,30.781,210.0,186.0,False,98.504,"[None, 2048, 2048, 2048, 2048, 2049, 2048, 2048, 2048]","[2048, 2048, 2048, 2048, 2048, 2048, 2048, 2048, 2048]","[2048, 2048, 2048, 2048, 2048, 2048, 2064, 2064]",313.0
1284,11280,12,27,2026-05-03T17:49:24.911000+00:00,46.283,34.093,25.225,218.0,188.0,True,105.601,"[2064, 2064, 2064, 2048, 2048, 2048, 2048, 2049, 2051]","[2051, 2048, 2048, 2048, 2048, 2049, 2048, 2048, 2048]","[2051, 2048, 2048, 2048, 2049, 2049, 2048, 2048]",326.0
1284,11280,81,27,2026-05-03T17:49:31.020000+00:00,32.71,35.273,25.967,,186.0,False,93.95,"[None, 2048, 2048, 2048, 2048, 2048, 2049, 2048, 2048]","[2048, 2048, 2048, 2048, 2048, 2048, 2048, 2048, 2048]","[2048, 2048, 2048, 2048, 2048, 2048, 2048, 2048]",302.0
1284,11280,3,27,2026-05-03T17:49:35.813000+00:00,32.604,34.898,25.97,,186.0,False,93.472,"[None, 2048, 2048, 2048, 2048, 2048, 2049, 2048, 2048]","[2048, 2048, 2048, 2048, 2048, 2048, 2048, 2048, 2048]","[2048, 2048, 2048, 2048, 2048, 2048, 2048]",306.0
1284,11280,44,27,2026-05-03T17:49:36.119000+00:00,33.188,35.201,31.007,204.0,184.0,False,99.396,"[None, 2048, 2048, 2048, 2049, 2048, 2048, 2048, 2048]","[2048, 2048, 2048, 2048, 2048, 2048, 2048, 2048, 2048]","[2048, 2048, 2048, 2048, 2048, 2048, 2064, 2064]",313.0
1284,11280,43,27,2026-05-03T17:49:40.742000+00:00,32.961,35.272,26.042,209.0,185.0,False,94.275,"[None, 2048, 2048, 2048, 2048, 2048, 2048, 2048, 2048]","[2048, 2048, 2048, 2048, 2048, 2048, 2048, 2048, 2048]","[2048, 2048, 2048, 2048, 2048, 2048, 2048]",313.0
1284,11280,63,27,2026-05-03T17:49:47.453000+00:00,32.599,34.749,25.857,211.0,187.0,False,93.205,"[None, 2048, 2048, 2048, 2048, 2048, 2049, 2049, 2048]","[2048, 2048, 2048, 2048, 2048, 2048, 2048, 2048, 2048]","[2048, 2048, 2048, 2048, 2048, 2048, 2048, 2048]",310.0
1284,11280,16,27,2026-05-03T17:49:48.587000+00:00,32.69,34.645,25.587,208.0,184.0,False,92.922,"[2048, 2048, 2048, 2048, 2048, 2048, 2048, 2048, 2048]","[2048, 2048, 2048, 2048, 2048, 2048, 2048, 2048, 2048]","[2048, 2048, 2048, 2049, 2048, 2048, 2048, 2048]",312.0
1284,11280,55,27,2026-05-03T17:49:49.318000+00:00,33.668,35.249,25.925,210.0,184.0,False,94.842,"[None, 2048, 2048, 2048, 2048, 2048, 2048, 2048, 2048]","[2048, 2048, 2048, 2048, 2048, 2048, 2048, 2048, 2048]","[2048, 2048, 2048, 2048, 2048, 2048, 2048, 2048]",318.0
1284,11280,23,27,2026-05-03T17:49:52.247000+00:00,33.673,35.145,30.946,208.0,184.0,False,99.764,"[None, 2048, 2048, 2048, 2048, 2048, 2048, 2048, 2048]","[2048, 2048, 2048, 2048, 2049, 2048, 2048, 2048, 2048]","[2048, 2048, 2048, 2048, 2048, 2048, 2064, 2064]",322.0
1284,11280,31,27,2026-05-03T17:49:55.696000+00:00,33.665,35.687,26.117,208.0,185.0,False,95.469,"[None, 2048, 2048, 2048, 2048, 2048, 2049, 2049, 2048]","[2048, 2048, 2048, 2048, 2048, 2048, 2049, 2048, 2048]","[2048, 2048, 2048, 2048, 2048, 2048, 2048, 2048]",309.0
1284,11280,87,27,2026-05-03T17:49:58.753000+00:00,48.026,34.724,25.784,214.0,183.0,True,108.534,"[2064, 2064, 2064, 2048, 2048, 2049, 2049, 2049, 2049]","[2049, 2048, 2048, 2048, 2048, 2049, 2049, 2049, 2049]","[2048, 2048, 2048, 2048, 2049, 2049, 2049, 2048]",310.0
1284,11280,5,27,2026-05-03T17:50:01.548000+00:00,33.419,35.312,26.521,210.0,182.0,False,95.252,"[None, 2048, 2048, 2048, 2048, 2048, 2049, 2048, 2048]","[2048, 2048, 2048, 2048, 2048, 2048, 2048, 2049, 2048]","[2048, 2048, 2048, 2048, 2048, 2048, 2048, 2048]",296.0
1284,11280,41,27,2026-05-03T17:50:08.283000+00:00,33.771,35.8,26.499,212.0,184.0,False,96.07,"[None, 2048, 2048, 2048, 2048, 2049, 2048, 2048, 2048]","[2048, 2048, 2048, 2048, 2048, 2048, 2048, 2048, 2048]","[2048, 2048, 2048, 2048, 2048, 2048, 2048, 2048]",298.0
1284,11280,11,27,2026-05-03T17:50:15.939000+00:00,33.927,35.978,26.48,207.0,183.0,False,96.385,"[None, 2049, 2048, 2048, 2049, 2048, 2048, 2048, 2048]","[2048, 2048, 2048, 2048, 2048, 2048, 2048, 2048, 2048]","[2048, 2048, 2048, 2048, 2048, 2048, 2048, 2048]",290.0
1284,11280,14,27,2026-05-03T17:50:18.783000+00:00,33.539,35.912,26.62,,183.0,False,96.071,"[None, 2048, 2048, 2048, 2048, 2048, 2048, 2049, 2048]","[2048, 2048, 2048, 2048, 2048, 2048, 2048, 2048, 2048]","[2049, 2048, 2048, 2049, 2048, 2048, 2049, 2048]",295.0
1284,11280,18,27,2026-05-03T17:50:40.651000+00:00,33.286,35.845,26.687,207.0,185.0,False,95.818,"[None, 2048, 2049, 2048, 2048, 2048, 2048, 2048, 2048]","[2048, 2048, 2048, 2048, 2048, 2048, 2049, 2048, 2048]","[2048, 2048, 2048, 2048, 2048, 2048, 2048, 2048]",288.0
1284,11280,77,27,2026-05-03T17:50:42.102000+00:00,34.104,36.107,26.36,206.0,185.0,False,96.571,"[None, 2048, 2048, 2048, 2048, 2048, 2048, 2048, 2048]","[2048, 2048, 2048, 2048, 2048, 2048, 2048, 2048, 2048]","[2048, 2048, 2048, 2048, 2048, 2048, 2048, 2048]",298.0
1284,11280,1,28,2026-05-03T17:50:56.483000+00:00,46.898,34.483,25.772,213.0,188.0,True,107.153,"[2064, 2064, 2064, 2048, 2048, 2048, 2048, 2048, 2048]","[2049, 2048, 2048, 2048, 2048, 2048, 2048, 2048, 2048]","[2051, 2048, 2048, 2048, 2048, 2048, 2048, 2048]",301.0
1284,11280,81,28,2026-05-03T17:51:04.896000+00:00,32.765,35.098,31.128,,188.0,False,98.991,"[None, 2048, 2048, 2048, 2048, 2048, 2048, 2048, 2048]","[2048, 2048, 2048, 2048, 2048, 2049, 2048, 2049, 2048]","[2048, 2048, 2048, 2048, 2048, 2048, 2064, 2064]",303.0
1284,11280,3,28,2026-05-03T17:51:09.099000+00:00,32.682,34.989,26.107,,186.0,False,93.778,"[None, 2048, 2048, 2048, 2048, 2048, 2048, 2048, 2048]","[2048, 2048, 2048, 2048, 2048, 2048, 2048, 2048, 2048]","[2048, 2048, 2048, 2048, 2048, 2048, 2048]",305.0
1284,11280,12,28,2026-05-03T17:51:10.458000+00:00,32.308,34.583,26.023,216.0,185.0,False,92.914,"[2048, 2049, 2049, 2048, 2051, 2051, 2048, 2048, 2048]","[2048, 2048, 2048, 2048, 2048, 2048, 2048, 2048, 2048]","[2048, 2048, 2048, 2048, 2048, 2048, 2048, 2048]",292.0
1284,11280,43,28,2026-05-03T17:51:14.802000+00:00,32.939,35.293,26.159,210.0,186.0,False,94.391,"[None, 2048, 2048, 2048, 2048, 2048, 2048, 2048, 2048]","[2048, 2048, 2048, 2048, 2048, 2048, 2048, 2048, 2048]","[2048, 2048, 2048, 2048, 2048, 2048, 2048, 2049]",309.0
1284,11280,44,28,2026-05-03T17:51:15.646000+00:00,47.745,34.578,25.546,216.0,188.0,True,107.869,"[2064, 2064, 2064, 2048, 2049, 2049, 2048, 2049, 2049]","[2049, 2048, 2048, 2048, 2048, 2049, 2049, 2049, 2049]","[2048, 2048, 2048, 2048, 2049, 2048, 2049, 2048]",310.0
1284,11280,63,28,2026-05-03T17:51:20.687000+00:00,32.441,34.633,25.883,213.0,187.0,False,92.957,"[None, 2048, 2048, 2048, 2048, 2048, 2049, 2048, 2048]","[2048, 2048, 2048, 2048, 2048, 2048, 2048, 2048, 2048]","[2048, 2048, 2048, 2048, 2048, 2048, 2048, 2048]",311.0
1284,11280,16,28,2026-05-03T17:51:21.487000+00:00,32.567,34.436,25.649,211.0,183.0,False,92.652,"[None, 2048, 2048, 2048, 2048, 2048, 2048, 2048, 2048]","[2048, 2048, 2048, 2048, 2048, 2048, 2048, 2048, 2048]","[2048, 2048, 2048, 2048, 2048, 2048, 2048, 2048]",319.0
1284,11280,55,28,2026-05-03T17:51:24.051000+00:00,33.553,35.338,30.969,211.0,184.0,False,99.86,"[None, 2048, 2048, 2048, 2048, 2048, 2048, 2048, 2048]","[2048, 2048, 2048, 2048, 2048, 2048, 2048, 2048, 2048]","[2048, 2048, 2048, 2048, 2048, 2048, 2064, 2064]",313.0
1284,11280,31,28,2026-05-03T17:51:31.051000+00:00,33.831,35.598,26.039,209.0,184.0,False,95.468,"[None, 2048, 2048, 2048, 2048, 2048, 2049, 2049, 2048]","[2048, 2048, 2048, 2048, 2048, 2048, 2049, 2048, 2048]","[2048, 2048, 2048, 2048, 2048, 2048, 2048, 2048]",310.0
1284,11280,23,28,2026-05-03T17:51:31.987000+00:00,47.468,34.621,25.709,215.0,189.0,True,107.798,"[2064, 2064, 2064, 2048, 2048, 2048, 2049, 2049, 2049]","[2049, 2048, 2048, 2048, 2048, 2049, 2049, 2049, 2049]","[2049, 2048, 2048, 2048, 2049, 2049, 2048, 2048]",321.0
1284,11280,5,28,2026-05-03T17:51:36.644000+00:00,33.525,35.434,26.014,,184.0,False,94.973,"[None, 2048, 2049, 2048, 2048, 2048, 2048, 2048, 2048]","[2048, 2048, 2048, 2048, 2048, 2048, 2048, 2048, 2048]","[2048, 2048, 2048, 2048, 2048, 2048, 2048, 2048]",309.0
1284,11280,41,28,2026-05-03T17:51:44.262000+00:00,33.437,35.694,31.792,,184.0,False,100.923,"[None, 2048, 2048, 2048, 2048, 2049, 2048, 2048, 2048]","[2048, 2048, 2048, 2048, 2048, 2049, 2048, 2048, 2048]","[2048, 2048, 2048, 2048, 2048, 2048, 2064, 2064]",295.0
1284,11280,87,28,2026-05-03T17:51:47.343000+00:00,33.077,34.875,25.792,210.0,185.0,False,93.744,"[2048, 2049, 2049, 2048, 2048, 2048, 2048, 2048, 2048]","[2048, 2048, 2048, 2048, 2048, 2048, 2048, 2048, 2048]","[2048, 2048, 2048, 2048, 2048, 2048, 2048]",316.0
1284,11280,11,28,2026-05-03T17:51:52.296000+00:00,34.169,36.368,26.382,202.0,180.0,False,96.919,"[None, 2048, 2048, 2048, 2048, 2049, 2048, 2048, 2048]","[2048, 2048, 2048, 2048, 2048, 2049, 2048, 2048, 2048]","[2048, 2048, 2048, 2048, 2048, 2048, 2048, 2049]",291.0
1284,11280,14,28,2026-05-03T17:51:54.984000+00:00,33.452,35.977,26.556,,183.0,False,95.985,"[None, 2048, 2048, 2048, 2049, 2049, 2049, 2048, 2048]","[2048, 2048, 2048, 2048, 2048, 2048, 2048, 2048, 2048]","[2049, 2048, 2048, 2048, 2048, 2048, 2048, 2048]",296.0
1284,11280,18,28,2026-05-03T17:52:16.483000+00:00,33.275,35.903,26.764,,185.0,False,95.942,"[None, 2048, 2049, 2049, 2048, 2049, 2048, 2048, 2048]","[2048, 2048, 2048, 2048, 2048, 2048, 2048, 2048, 2048]","[2048, 2048, 2048, 2048, 2048, 2048, 2048, 2048]",287.0
1284,11280,77,28,2026-05-03T17:52:18.628000+00:00,34.098,36.198,26.353,207.0,183.0,False,96.649,"[None, 2048, 2048, 2048, 2048, 2048, 2048, 2048, 2048]","[2048, 2048, 2048, 2048, 2048, 2048, 2048, 2048, 2048]","[2048, 2048, 2048, 2048, 2048, 2048, 2048, 2048]",291.0
1284,11280,3,29,2026-05-03T17:52:42.833000+00:00,32.511,35.479,26.36,,186.0,False,94.35,"[None, 2048, 2048, 2048, 2048, 2048, 2049, 2048, 2048]","[2048, 2048, 2048, 2048, 2048, 2048, 2048, 2048, 2048]","[2048, 2048, 2048, 2048, 2048, 2048, 2048, 2048]",291.0
1284,11280,12,29,2026-05-03T17:52:43.348000+00:00,32.558,33.975,25.798,214.0,187.0,False,92.331,"[None, 2048, 2048, 2048, 2048, 2048, 2051, 2048, 2048]","[2048, 2049, 2048, 2048, 2048, 2048, 2048, 2048, 2048]","[2048, 2048, 2048, 2048, 2048, 2048, 2049, 2048]",290.0
1284,11280,1,29,2026-05-03T17:52:43.661000+00:00,32.814,34.969,25.668,214.0,187.0,False,93.451,"[2048, 2048, 2048, 2048, 2049, 2048, 2048, 2048, 2048]","[2049, 2051, 2049, 2048, 2048, 2048, 2048, 2048, 2048]","[2048, 2051, 2048, 2048, 2048, 2049, 2048]",314.0
1284,11280,81,29,2026-05-03T17:52:43.973000+00:00,47.324,34.434,25.736,213.0,188.0,True,107.494,"[2064, 2064, 2064, 2048, 2048, 2048, 2048, 2049, 2049]","[2048, 2048, 2048, 2048, 2049, 2049, 2048, 2051, 2049]","[2048, 2048, 2048, 2048, 2048, 2048, 2048, 2048]",306.0
1284,11280,43,29,2026-05-03T17:52:49.270000+00:00,32.946,35.329,26.048,,185.0,False,94.323,"[None, 2049, 2048, 2048, 2048, 2048, 2048, 2048, 2048]","[2048, 2048, 2048, 2048, 2048, 2048, 2048, 2048, 2048]","[2048, 2048, 2048, 2048, 2048, 2048, 2048, 2048]",310.0
1284,11280,63,29,2026-05-03T17:52:53.614000+00:00,32.525,34.607,25.774,212.0,186.0,False,92.906,"[None, 2048, 2048, 2048, 2048, 2048, 2048, 2048, 2048]","[2048, 2048, 2048, 2048, 2048, 2048, 2048, 2048, 2048]","[2048, 2048, 2048, 2048, 2048, 2048, 2048, 2048]",313.0
1284,11280,16,29,2026-05-03T17:52:54.130000+00:00,32.732,34.512,25.542,210.0,184.0,False,92.786,"[None, 2048, 2048, 2048, 2048, 2048, 2048, 2048, 2048]","[2048, 2048, 2048, 2048, 2048, 2048, 2048, 2048, 2048]","[2048, 2048, 2048, 2048, 2048, 2048, 2051, 2048]",316.0
1284,11280,44,29,2026-05-03T17:53:03.391000+00:00,32.276,34.769,25.631,211.0,187.0,False,92.676,"[2048, 2048, 2049, 2048, 2048, 2048, 2049, 2048, 2048]","[2048, 2048, 2048, 2048, 2048, 2048, 2048, 2048, 2048]","[2048, 2048, 2048, 2048, 2048, 2048, 2048, 2048]",308.0
1284,11280,55,29,2026-05-03T17:53:03.953000+00:00,48.32,34.474,25.74,218.0,190.0,True,108.534,"[2064, 2064, 2064, 2048, 2048, 2048, 2048, 2049, 2049]","[2049, 2048, 2048, 2048, 2048, 2049, 2049, 2049, 2049]","[2049, 2048, 2048, 2048, 2049, 2049, 2049, 2048]",310.0
1284,11280,31,29,2026-05-03T17:53:06.687000+00:00,33.511,35.71,26.305,,184.0,False,95.526,"[None, 2049, 2048, 2048, 2048, 2048, 2048, 2048, 2048]","[2048, 2048, 2048, 2048, 2048, 2048, 2048, 2048, 2048]","[2048, 2048, 2048, 2048, 2048, 2048, 2048, 2048]",307.0
1284,11280,5,29,2026-05-03T17:53:11.687000+00:00,33.452,35.513,26.058,,183.0,False,95.023,"[None, 2048, 2048, 2048, 2048, 2049, 2048, 2048, 2048]","[2048, 2048, 2048, 2048, 2048, 2049, 2048, 2048, 2048]","[2048, 2048, 2048, 2048, 2048, 2048, 2048, 2048]",308.0
1284,11280,23,29,2026-05-03T17:53:19.890000+00:00,33.21,34.972,25.693,208.0,186.0,False,93.875,"[2048, 2048, 2049, 2049, 2048, 2048, 2048, 2048, 2048]","[2048, 2048, 2048, 2048, 2048, 2048, 2048, 2048, 2048]","[2048, 2048, 2048, 2048, 2049, 2048, 2048, 2048]",315.0
1284,11280,87,29,2026-05-03T17:53:20.953000+00:00,33.097,35.258,25.706,207.0,181.0,False,94.061,"[None, 2048, 2048, 2048, 2048, 2048, 2048, 2048, 2048]","[2048, 2048, 2048, 2048, 2048, 2048, 2048, 2048, 2048]","[2048, 2048, 2048, 2049, 2048, 2048, 2048, 2048]",317.0
1284,11280,41,29,2026-05-03T17:53:25.250000+00:00,47.962,35.117,25.948,215.0,188.0,True,109.027,"[2064, 2064, 2064, 2048, 2048, 2048, 2048, 2049, 2049]","[2049, 2048, 2048, 2048, 2048, 2049, 2049, 2049, 2049]","[2049, 2048, 2048, 2048, 2049, 2049, 2048, 2048]",301.0
1284,11280,11,29,2026-05-03T17:53:29.172000+00:00,34.077,36.082,32.123,204.0,182.0,False,102.282,"[None, 2048, 2048, 2048, 2048, 2048, 2049, 2048, 2048]","[2048, 2048, 2048, 2048, 2048, 2048, 2048, 2048, 2048]","[2048, 2048, 2048, 2049, 2048, 2048, 2064, 2064]",299.0
1284,11280,14,29,2026-05-03T17:53:30.922000+00:00,33.629,35.917,26.534,202.0,182.0,False,96.08,"[None, 2048, 2048, 2048, 2048, 2048, 2048, 2048, 2048]","[2048, 2048, 2048, 2048, 2048, 2048, 2048, 2048, 2048]","[2048, 2048, 2048, 2048, 2048, 2048, 2048, 2048]",297.0
1284,11280,18,29,2026-05-03T17:53:52.545000+00:00,33.29,35.863,26.62,,185.0,False,95.773,"[None, 2048, 2048, 2048, 2048, 2048, 2048, 2048, 2048]","[2048, 2048, 2048, 2048, 2048, 2048, 2048, 2048, 2048]","[2048, 2048, 2048, 2048, 2049, 2048, 2048, 2048]",289.0
1284,11280,77,29,2026-05-03T17:53:55.357000+00:00,33.985,36.161,26.335,,184.0,False,96.481,"[None, 2049, 2048, 2048, 2048, 2048, 2048, 2048, 2048]","[2048, 2048, 2048, 2048, 2048, 2048, 2048, 2048, 2048]","[2048, 2048, 2048, 2048, 2048, 2048, 2048, 2048]",293.0
1284,11280,12,30,2026-05-03T17:54:15.701000+00:00,32.108,34.411,25.691,212.0,187.0,False,92.21,"[None, 2049, 2048, 2048, 2048, 2048, 2051, 2049, 2048]","[2048, 2048, 2048, 2048, 2048, 2048, 2048, 2049, 2048]","[2048, 2048, 2048, 2048, 2051, 2048, 2048, 2048]",301.0
1284,11280,1,30,2026-05-03T17:54:16.871000+00:00,32.402,34.47,25.375,,188.0,False,92.247,"[None, 2048, 2048, 2048, 2048, 2048, 2048, 2049, 2048]","[2048, 2048, 2048, 2048, 2048, 2048, 2048, 2048, 2048]","[2048, 2048, 2048, 2048, 2049, 2048, 2049, 2049]",313.0
1284,11280,3,30,2026-05-03T17:54:17.365000+00:00,33.217,35.019,25.936,212.0,186.0,False,94.172,"[None, 2048, 2048, 2048, 2048, 2048, 2048, 2048, 2048]","[2048, 2048, 2048, 2048, 2048, 2048, 2048, 2048, 2048]","[2048, 2048, 2048, 2048, 2048, 2048, 2048, 2048]",311.0
1284,11280,43,30,2026-05-03T17:54:23.498000+00:00,32.873,35.332,25.987,209.0,187.0,False,94.192,"[None, 2048, 2048, 2048, 2048, 2048, 2049, 2048, 2048]","[2048, 2048, 2048, 2048, 2048, 2048, 2048, 2048, 2048]","[2048, 2048, 2048, 2048, 2048, 2048, 2048, 2049]",311.0
1284,11280,63,30,2026-05-03T17:54:26.467000+00:00,33.013,34.85,25.776,,186.0,False,93.639,"[None, 2048, 2048, 2048, 2048, 2048, 2048, 2048, 2048]","[2048, 2048, 2048, 2048, 2048, 2048, 2048, 2048, 2048]","[2048, 2048, 2048, 2049, 2048, 2048, 2048, 2048]",328.0
1284,11280,16,30,2026-05-03T17:54:26.905000+00:00,33.182,34.743,25.491,212.0,185.0,False,93.416,"[2051, 2048, 2048, 2048, 2048, 2048, 2048, 2048, 2048]","[2048, 2049, 2048, 2048, 2048, 2048, 2048, 2048, 2048]","[2048, 2048, 2048, 2048, 2048, 2048, 2051, 2048]",322.0
1284,11280,81,30,2026-05-03T17:54:31.414000+00:00,31.898,34.519,25.532,215.0,187.0,False,91.949,"[2048, 2048, 2049, 2049, 2048, 2048, 2049, 2051, 2049]","[2049, 2048, 2048, 2048, 2049, 2048, 2049, 2048, 2048]","[2048, 2048, 2048, 2049, 2048, 2048, 2049, 2048]",314.0
1284,11280,44,30,2026-05-03T17:54:36.051000+00:00,32.284,34.838,25.59,212.0,187.0,False,92.712,"[None, 2048, 2048, 2049, 2048, 2048, 2049, 2048, 2048]","[2048, 2048, 2048, 2048, 2048, 2048, 2048, 2048, 2049]","[2048, 2048, 2048, 2048, 2048, 2048, 2048, 2048]",308.0
1284,11280,31,30,2026-05-03T17:54:42.110000+00:00,33.602,35.655,26.136,,184.0,False,95.393,"[None, 2049, 2048, 2048, 2048, 2048, 2048, 2048, 2048]","[2048, 2048, 2048, 2048, 2048, 2048, 2048, 2049, 2048]","[2048, 2048, 2048, 2048, 2048, 2048, 2049, 2048]",306.0
1284,11280,5,30,2026-05-03T17:54:46.719000+00:00,33.372,35.441,26.213,208.0,184.0,False,95.026,"[None, 2048, 2048, 2048, 2048, 2048, 2049, 2048, 2048]","[2048, 2048, 2048, 2048, 2048, 2048, 2048, 2048, 2048]","[2049, 2048, 2048, 2048, 2048, 2048, 2048, 2048]",298.0
1284,11280,55,30,2026-05-03T17:54:52.516000+00:00,32.706,34.713,25.607,214.0,187.0,False,93.026,"[2048, 2049, 2049, 2049, 2048, 2049, 2049, 2049, 2048]","[2048, 2048, 2048, 2048, 2048, 2048, 2048, 2048, 2048]","[2048, 2048, 2048, 2049, 2048, 2048, 2049, 2048]",314.0
1284,11280,23,30,2026-05-03T17:54:53.704000+00:00,33.258,34.81,25.716,211.0,186.0,False,93.784,"[None, 2048, 2048, 2049, 2048, 2048, 2048, 2048, 2048]","[2048, 2048, 2048, 2048, 2048, 2048, 2048, 2048, 2048]","[2048, 2048, 2048, 2048, 2049, 2048, 2049, 2048]",315.0
1284,11280,87,30,2026-05-03T17:54:55.219000+00:00,33.077,35.033,25.731,208.0,184.0,False,93.841,"[None, 2048, 2048, 2048, 2048, 2048, 2048, 2048, 2048]","[2048, 2048, 2048, 2048, 2048, 2048, 2048, 2048, 2048]","[2048, 2048, 2048, 2049, 2048, 2048, 2048, 2048]",319.0
1284,11280,14,30,2026-05-03T17:55:06.938000+00:00,33.74,35.868,26.583,198.0,183.0,False,96.191,"[None, 2048, 2048, 2048, 2048, 2048, 2048, 2048, 2048]","[2048, 2048, 2048, 2048, 2048, 2049, 2048, 2048, 2048]","[2048, 2048, 2048, 2048, 2048, 2048, 2048, 2048]",292.0
1284,11280,11,30,2026-05-03T17:55:11.423000+00:00,48.761,35.174,25.918,212.0,188.0,True,109.853,"[2064, 2064, 2064, 2048, 2049, 2048, 2048, 2049, 2048]","[2049, 2048, 2048, 2048, 2048, 2049, 2049, 2049, 2049]","[2049, 2048, 2048, 2048, 2049, 2049, 2049, 2049]",283.0
1284,11280,41,30,2026-05-03T17:55:14.344000+00:00,32.711,35.166,26.181,216.0,188.0,False,94.058,"[2048, 2048, 2049, 2049, 2049, 2049, 2049, 2049, 2048]","[2049, 2048, 2048, 2048, 2048, 2048, 2048, 2048, 2048]","[2049, 2048, 2048, 2048, 2049, 2048, 2048, 2048]",296.0
1284,11280,18,30,2026-05-03T17:55:28.276000+00:00,33.513,35.585,26.407,206.0,185.0,False,95.505,"[None, 2048, 2048, 2048, 2048, 2048, 2048, 2048, 2048]","[2048, 2048, 2048, 2048, 2048, 2048, 2048, 2049, 2048]","[2048, 2048, 2048, 2048, 2048, 2048, 2049, 2048]",295.0
1284,11280,77,30,2026-05-03T17:55:31.853000+00:00,34.192,36.379,32.013,201.0,184.0,False,102.584,"[None, 2048, 2048, 2048, 2048, 2049, 2048, 2048, 2048]","[2048, 2048, 2048, 2048, 2048, 2048, 2048, 2048, 2048]","[2048, 2048, 2048, 2048, 2048, 2048, 2064, 2064]",296.0
1284,11280,12,31,2026-05-03T17:55:48.018000+00:00,31.992,34.515,25.751,,187.0,False,92.258,"[None, 2049, 2048, 2048, 2048, 2048, 2051, 2049, 2048]","[2048, 2048, 2048, 2048, 2048, 2048, 2049, 2048, 2048]","[2048, 2048, 2048, 2048, 2048, 2048, 2048, 2048]",301.0
1284,11280,1,31,2026-05-03T17:55:49.218000+00:00,32.221,34.432,25.416,,188.0,False,92.069,"[2049, 2048, 2048, 2048, 2048, 2048, 2048, 2051, 2048]","[2048, 2048, 2048, 2048, 2049, 2048, 2048, 2049, 2048]","[2048, 2048, 2048, 2049, 2048, 2048, 2051, 2049]",317.0
1284,11280,3,31,2026-05-03T17:55:51.518000+00:00,32.645,34.792,25.844,,187.0,False,93.281,"[None, 2048, 2048, 2048, 2048, 2048, 2048, 2048, 2048]","[2048, 2048, 2048, 2048, 2048, 2048, 2048, 2048, 2048]","[2048, 2048, 2048, 2048, 2048, 2048, 2048, 2048]",311.0
1284,11280,43,31,2026-05-03T17:55:57.875000+00:00,32.855,35.16,31.417,206.0,187.0,False,99.432,"[None, 2048, 2048, 2048, 2048, 2049, 2048, 2048, 2048]","[2048, 2048, 2048, 2048, 2048, 2048, 2048, 2048, 2048]","[2048, 2048, 2048, 2048, 2048, 2048, 2064, 2064]",310.0
1284,11280,63,31,2026-05-03T17:56:00.186000+00:00,33.604,34.783,25.847,,184.0,False,94.234,"[None, 2048, 2048, 2048, 2048, 2048, 2048, 2048, 2048]","[2048, 2048, 2048, 2048, 2048, 2048, 2048, 2048, 2048]","[2048, 2049, 2048, 2048, 2048, 2048, 2048, 2048]",333.0
1284,11280,16,31,2026-05-03T17:56:00.453000+00:00,32.711,34.453,25.781,213.0,185.0,False,92.945,"[2048, 2048, 2048, 2048, 2048, 2048, 2048, 2048, 2048]","[2048, 2048, 2048, 2048, 2048, 2048, 2048, 2048, 2048]","[2048, 2048, 2048, 2048, 2048, 2048, 2048, 2048]",311.0
1284,11280,81,31,2026-05-03T17:56:03.370000+00:00,32.073,34.83,25.536,213.0,187.0,False,92.439,"[None, 2048, 2048, 2048, 2048, 2048, 2048, 2048, 2048]","[2048, 2048, 2048, 2048, 2048, 2048, 2048, 2048, 2048]","[2049, 2048, 2048, 2048, 2048, 2048, 2048, 2048]",316.0
1284,11280,44,31,2026-05-03T17:56:08.899000+00:00,32.326,34.851,25.687,211.0,186.0,False,92.864,"[None, 2049, 2048, 2048, 2048, 2048, 2048, 2048, 2048]","[2048, 2048, 2048, 2048, 2048, 2048, 2048, 2048, 2048]","[2048, 2048, 2048, 2048, 2048, 2048, 2048, 2048]",308.0
1284,11280,31,31,2026-05-03T17:56:17.547000+00:00,33.441,35.398,31.497,210.0,186.0,False,100.336,"[None, 2048, 2048, 2048, 2048, 2049, 2048, 2048, 2048]","[2048, 2048, 2048, 2048, 2048, 2048, 2049, 2048, 2048]","[2048, 2048, 2048, 2049, 2048, 2048, 2064, 2064]",310.0
1284,11280,5,31,2026-05-03T17:56:21.844000+00:00,33.319,35.41,26.475,210.0,183.0,False,95.204,"[None, 2048, 2048, 2048, 2048, 2048, 2048, 2048, 2048]","[2048, 2048, 2048, 2048, 2048, 2049, 2048, 2048, 2048]","[2048, 2048, 2048, 2048, 2048, 2048, 2048, 2048]",297.0
1284,11280,55,31,2026-05-03T17:56:25.579000+00:00,32.807,34.819,25.685,,186.0,False,93.311,"[None, 2048, 2048, 2049, 2049, 2048, 2049, 2049, 2048]","[2048, 2048, 2048, 2048, 2048, 2048, 2048, 2048, 2048]","[2048, 2048, 2048, 2048, 2048, 2048, 2048, 2048]",315.0
1284,11280,23,31,2026-05-03T17:56:27.485000+00:00,33.142,34.87,25.825,,184.0,False,93.837,"[None, 2048, 2048, 2049, 2048, 2048, 2048, 2048, 2048]","[2048, 2048, 2048, 2048, 2048, 2048, 2048, 2048, 2048]","[2048, 2048, 2048, 2048, 2048, 2048, 2048, 2048]",317.0
1284,11280,87,31,2026-05-03T17:56:28.922000+00:00,32.994,35.181,25.91,,183.0,False,94.085,"[None, 2048, 2048, 2048, 2048, 2048, 2048, 2048, 2048]","[2048, 2048, 2048, 2048, 2048, 2048, 2048, 2048, 2048]","[2048, 2048, 2048, 2048, 2048, 2048, 2048, 2048]",315.0
1284,11280,14,31,2026-05-03T17:56:43.235000+00:00,33.697,35.938,26.755,201.0,182.0,False,96.39,"[None, 2048, 2048, 2048, 2048, 2048, 2048, 2049, 2048]","[2048, 2048, 2048, 2048, 2048, 2049, 2049, 2049, 2048]","[2048, 2048, 2048, 2048, 2048, 2048, 2048, 2048]",289.0
1284,11280,41,31,2026-05-03T17:56:48.295000+00:00,32.902,35.173,26.1,214.0,186.0,False,94.175,"[None, 2048, 2048, 2048, 2048, 2049, 2048, 2048, 2048]","[2048, 2048, 2048, 2048, 2048, 2048, 2048, 2048, 2048]","[2048, 2048, 2048, 2048, 2048, 2048, 2048, 2048]",300.0
1284,11280,11,31,2026-05-03T17:57:01.389000+00:00,32.995,35.639,26.261,211.0,186.0,False,94.895,"[2048, 2049, 2049, 2049, 2048, 2049, 2049, 2049, 2048]","[2048, 2048, 2048, 2048, 2048, 2049, 2048, 2048, 2048]","[2048, 2048, 2048, 2048, 2048, 2048, 2048, 2048]",290.0
1284,11280,18,31,2026-05-03T17:57:03.762000+00:00,33.281,35.645,26.506,208.0,184.0,False,95.432,"[None, 2048, 2048, 2048, 2048, 2049, 2048, 2048, 2048]","[2048, 2048, 2048, 2048, 2048, 2048, 2048, 2049, 2048]","[2048, 2048, 2048, 2048, 2048, 2048, 2048, 2048]",292.0
1284,11280,77,31,2026-05-03T17:57:14.298000+00:00,46.409,36.03,26.34,208.0,184.0,True,108.779,"[2064, 2064, 2064, 2048, 2048, 2048, 2048, 2048, 2048]","[2048, 2048, 2048, 2048, 2049, 2048, 2048, 2048, 2048]","[2048, 2048, 2048, 2048, 2048, 2048, 2048, 2048]",280.0
1284,11280,12,32,2026-05-03T17:57:20.189000+00:00,32.068,34.325,25.653,213.0,187.0,False,92.046,"[None, 2048, 2048, 2048, 2048, 2048, 2048, 2048, 2048]","[2048, 2048, 2048, 2048, 2048, 2048, 2049, 2049, 2048]","[2048, 2048, 2048, 2048, 2048, 2048, 2048, 2048]",309.0
1284,11280,1,32,2026-05-03T17:57:21.345000+00:00,32.204,34.587,25.364,212.0,187.0,False,92.155,"[None, 2048, 2048, 2048, 2048, 2048, 2048, 2048, 2048]","[2048, 2048, 2048, 2048, 2048, 2048, 2048, 2048, 2048]","[2048, 2048, 2048, 2048, 2048, 2048, 2048, 2048]",316.0
1284,11280,3,32,2026-05-03T17:57:24.845000+00:00,32.659,34.932,25.991,,186.0,False,93.582,"[None, 2048, 2048, 2048, 2048, 2048, 2048, 2048, 2048]","[2048, 2048, 2048, 2048, 2048, 2048, 2048, 2048, 2048]","[2048, 2048, 2048, 2048, 2048, 2048, 2048, 2048]",307.0
1284,11280,16,32,2026-05-03T17:57:33.173000+00:00,32.55,34.623,25.822,211.0,184.0,False,92.995,"[None, 2048, 2048, 2048, 2048, 2048, 2048, 2048, 2048]","[2048, 2048, 2048, 2048, 2048, 2048, 2048, 2048, 2048]","[2048, 2048, 2048, 2048, 2048, 2048, 2048, 2048]",305.0
1284,11280,63,32,2026-05-03T17:57:34.455000+00:00,33.032,34.492,25.802,210.0,185.0,False,93.326,"[None, 2048, 2048, 2048, 2048, 2048, 2048, 2048, 2048]","[2048, 2048, 2048, 2049, 2048, 2048, 2048, 2048, 2048]","[2048, 2048, 2048, 2049, 2048, 2048, 2048, 2048]",320.0
1284,11280,81,32,2026-05-03T17:57:35.861000+00:00,32.236,34.709,25.453,212.0,187.0,False,92.398,"[None, 2048, 2048, 2048, 2048, 2048, 2048, 2048, 2048]","[2048, 2048, 2048, 2048, 2048, 2048, 2048, 2048, 2048]","[2049, 2048, 2049, 2048, 2049, 2048, 2048, 2048]",323.0
1284,11280,43,32,2026-05-03T17:57:37.220000+00:00,48.074,34.879,25.773,213.0,189.0,True,108.726,"[2064, 2064, 2064, 2048, 2048, 2048, 2048, 2048, 2048]","[2048, 2048, 2048, 2048, 2048, 2049, 2048, 2048, 2049]","[2048, 2048, 2048, 2048, 2048, 2048, 2049, 2049]",309.0
1284,11280,44,32,2026-05-03T17:57:41.658000+00:00,32.479,34.874,25.768,210.0,185.0,False,93.121,"[None, 2048, 2048, 2048, 2048, 2048, 2048, 2048, 2048]","[2048, 2048, 2048, 2048, 2048, 2048, 2048, 2048, 2048]","[2048, 2048, 2048, 2049, 2048, 2048, 2048, 2048]",310.0
1284,11280,5,32,2026-05-03T17:57:56.953000+00:00,33.276,35.196,32.0,209.0,183.0,False,100.472,"[None, 2049, 2048, 2048, 2048, 2048, 2049, 2048, 2048]","[2048, 2048, 2048, 2048, 2048, 2048, 2048, 2048, 2049]","[2048, 2048, 2048, 2048, 2048, 2048, 2064, 2064]",305.0
1284,11280,31,32,2026-05-03T17:57:57.809000+00:00,48.709,34.877,25.868,216.0,191.0,True,109.454,"[2064, 2064, 2064, 2048, 2048, 2048, 2049, 2049, 2049]","[2048, 2048, 2048, 2048, 2048, 2049, 2049, 2049, 2049]","[2049, 2048, 2048, 2048, 2048, 2049, 2049, 2048]",306.0
1284,11280,55,32,2026-05-03T17:57:58.824000+00:00,33.028,34.886,25.823,212.0,187.0,False,93.737,"[None, 2048, 2048, 2048, 2049, 2048, 2048, 2048, 2048]","[2048, 2048, 2048, 2048, 2048, 2048, 2048, 2048, 2048]","[2048, 2048, 2048, 2048, 2048, 2048, 2048]",319.0
1284,11280,23,32,2026-05-03T17:58:01.277000+00:00,33.232,35.097,25.865,210.0,183.0,False,94.194,"[None, 2048, 2048, 2048, 2048, 2048, 2048, 2048, 2048]","[2048, 2048, 2048, 2048, 2048, 2048, 2048, 2048, 2048]","[2048, 2048, 2048, 2048, 2048, 2048, 2048, 2048]",314.0
1284,11280,87,32,2026-05-03T17:58:03.012000+00:00,33.116,35.182,25.804,210.0,183.0,False,94.102,"[None, 2048, 2048, 2048, 2048, 2048, 2048, 2048, 2048]","[2048, 2048, 2048, 2048, 2048, 2048, 2048, 2048, 2048]","[2048, 2048, 2048, 2048, 2048, 2048, 2048, 2048]",315.0
1284,11280,14,32,2026-05-03T17:58:19.558000+00:00,33.567,35.876,26.892,,182.0,False,96.335,"[None, 2048, 2048, 2048, 2048, 2048, 2049, 2048, 2048]","[2048, 2048, 2048, 2048, 2048, 2048, 2048, 2048, 2048]","[2048, 2048, 2048, 2048, 2048, 2048, 2048, 2048]",288.0
1284,11280,41,32,2026-05-03T17:58:22.452000+00:00,33.105,35.231,26.042,213.0,185.0,False,94.378,"[None, 2048, 2048, 2048, 2048, 2048, 2049, 2049, 2048]","[2048, 2048, 2048, 2048, 2048, 2048, 2048, 2048, 2048]","[2048, 2048, 2048, 2048, 2048, 2048, 2048, 2048]",302.0
1284,11280,11,32,2026-05-03T17:58:36.319000+00:00,33.465,35.692,26.222,208.0,185.0,False,95.379,"[None, 2048, 2048, 2048, 2048, 2048, 2049, 2048, 2048]","[2048, 2048, 2048, 2048, 2048, 2048, 2048, 2048, 2048]","[2048, 2048, 2048, 2048, 2048, 2048, 2048, 2048]",284.0
1284,11280,18,32,2026-05-03T17:58:39.225000+00:00,33.349,35.696,26.556,206.0,184.0,False,95.601,"[None, 2048, 2048, 2048, 2048, 2049, 2048, 2048, 2048]","[2048, 2048, 2048, 2048, 2048, 2048, 2048, 2049, 2048]","[2048, 2048, 2048, 2048, 2048, 2048, 2049, 2048]",292.0
1284,11280,12,33,2026-05-03T17:58:52.241000+00:00,32.066,34.475,25.572,212.0,186.0,False,92.113,"[None, 2048, 2048, 2048, 2048, 2048, 2051, 2048, 2048]","[2048, 2048, 2048, 2048, 2048, 2048, 2049, 2048, 2048]","[2048, 2048, 2048, 2049, 2048, 2048, 2049, 2048]",309.0
1284,11280,1,33,2026-05-03T17:58:53.460000+00:00,31.956,34.58,25.455,,186.0,False,91.991,"[2048, 2048, 2051, 2048, 2048, 2048, 2049, 2048, 2048]","[2048, 2048, 2048, 2048, 2049, 2048, 2048, 2048, 2048]","[2048, 2048, 2048, 2048, 2048, 2048, 2048, 2048]",319.0
1284,11280,3,33,2026-05-03T17:58:58.317000+00:00,32.559,34.999,25.984,213.0,185.0,False,93.542,"[None, 2048, 2048, 2048, 2049, 2048, 2048, 2048, 2048]","[2048, 2048, 2048, 2048, 2048, 2048, 2048, 2048, 2048]","[2048, 2048, 2048, 2048, 2048, 2048, 2048, 2048]",307.0
1284,11280,77,32,2026-05-03T17:59:03.218000+00:00,34.25,37.357,28.136,207.0,182.0,False,99.743,"[2048, 2048, 2048, 2048, 2048, 2048, 2048, 2048, 2048]","[2048, 2048, 2048, 2048, 2048, 2048, 2048, 2048, 2048]","[2048, 2048, 2048, 2048, 2048, 2048, 2048, 2048]",207.0
1284,11280,16,33,2026-05-03T17:59:06.367000+00:00,32.527,34.697,25.851,210.0,184.0,False,93.075,"[None, 2048, 2048, 2048, 2048, 2048, 2049, 2048, 2048]","[2048, 2048, 2048, 2048, 2048, 2048, 2048, 2048, 2048]","[2048, 2048, 2048, 2048, 2048, 2048, 2048, 2048]",304.0
1284,11280,63,33,2026-05-03T17:59:07.819000+00:00,33.039,34.82,25.688,214.0,185.0,False,93.547,"[None, 2048, 2048, 2048, 2048, 2048, 2048, 2048, 2048]","[2048, 2048, 2048, 2048, 2048, 2048, 2048, 2048, 2048]","[2048, 2048, 2048, 2048, 2048, 2048, 2048, 2048]",318.0
1284,11280,81,33,2026-05-03T17:59:08.210000+00:00,33.037,34.837,25.446,209.0,185.0,False,93.32,"[None, 2048, 2048, 2048, 2048, 2048, 2048, 2048, 2048]","[2048, 2049, 2048, 2048, 2048, 2048, 2048, 2048, 2048]","[2049, 2049, 2049, 2048, 2048, 2048, 2048, 2049]",322.0
1284,11280,44,33,2026-05-03T17:59:14.695000+00:00,32.395,34.831,25.754,211.0,186.0,False,92.98,"[None, 2048, 2048, 2048, 2048, 2048, 2048, 2048, 2048]","[2048, 2048, 2048, 2048, 2048, 2048, 2048, 2048, 2048]","[2048, 2048, 2048, 2048, 2048, 2048, 2048, 2048]",310.0
1284,11280,43,33,2026-05-03T17:59:25.951000+00:00,32.531,34.849,25.655,215.0,189.0,False,93.035,"[2048, 2049, 2049, 2048, 2048, 2048, 2048, 2048, 2048]","[2049, 2048, 2048, 2048, 2048, 2049, 2049, 2049, 2048]","[2048, 2048, 2048, 2048, 2048, 2049, 2049, 2048]",309.0
1284,11280,55,33,2026-05-03T17:59:32.501000+00:00,32.983,34.738,25.826,213.0,185.0,False,93.547,"[None, 2048, 2048, 2048, 2049, 2049, 2048, 2048, 2048]","[2048, 2048, 2048, 2048, 2048, 2048, 2048, 2048, 2048]","[2048, 2048, 2048, 2048, 2048, 2048, 2048, 2049]",309.0
1284,11280,23,33,2026-05-03T17:59:35.579000+00:00,33.293,35.104,25.843,211.0,185.0,False,94.24,"[None, 2048, 2048, 2049, 2048, 2048, 2048, 2048, 2048]","[2048, 2048, 2048, 2048, 2048, 2048, 2048, 2048, 2048]","[2048, 2048, 2048, 2049, 2048, 2048, 2048, 2048]",313.0
1284,11280,87,33,2026-05-03T17:59:37.282000+00:00,33.002,35.096,25.769,211.0,184.0,False,93.867,"[None, 2049, 2048, 2048, 2048, 2048, 2048, 2048, 2048]","[2048, 2048, 2048, 2048, 2048, 2048, 2048, 2049, 2048]","[2048, 2048, 2048, 2048, 2048, 2048, 2048, 2048]",316.0
1284,11280,5,33,2026-05-03T17:59:37.341000+00:00,48.591,34.416,25.822,214.0,185.0,True,108.829,"[2064, 2064, 2064, 2048, 2048, 2048, 2048, 2048, 2049]","[2049, 2048, 2048, 2048, 2049, 2049, 2049, 2049, 2049]","[2049, 2048, 2048, 2049, 2049, 2049, 2049, 2048]",304.0
1284,11280,31,33,2026-05-03T17:59:48.165000+00:00,32.71,35.083,25.919,215.0,189.0,False,93.712,"[2048, 2048, 2049, 2049, 2048, 2049, 2049, 2049, 2048]","[2049, 2048, 2048, 2048, 2048, 2048, 2048, 2049, 2048]","[2048, 2048, 2048, 2048, 2049, 2048, 2048, 2048]",305.0
1284,11280,14,33,2026-05-03T17:59:55.986000+00:00,33.582,36.656,26.47,200.0,181.0,False,96.708,"[None, 2048, 2048, 2048, 2048, 2048, 2048, 2048, 2048]","[2048, 2048, 2048, 2048, 2048, 2048, 2048, 2048, 2048]","[2049, 2048, 2048, 2048, 2048, 2048, 2048, 2048]",307.0
1284,11280,41,33,2026-05-03T17:59:56.892000+00:00,33.427,35.369,26.275,214.0,184.0,False,95.071,"[None, 2048, 2048, 2048, 2048, 2048, 2048, 2048, 2048]","[2049, 2048, 2048, 2048, 2048, 2048, 2048, 2048, 2048]","[2048, 2048, 2048, 2048, 2048, 2048, 2048, 2048]",298.0
1284,11280,11,33,2026-05-03T18:00:11.642000+00:00,33.134,35.651,26.226,211.0,185.0,False,95.011,"[None, 2048, 2048, 2048, 2048, 2049, 2048, 2048, 2048]","[2048, 2048, 2048, 2048, 2048, 2048, 2048, 2048, 2048]","[2048, 2048, 2048, 2048, 2048, 2048, 2048, 2048]",286.0
1284,11280,18,33,2026-05-03T18:00:14.908000+00:00,33.156,35.638,26.409,207.0,185.0,False,95.203,"[None, 2048, 2048, 2048, 2048, 2049, 2049, 2048, 2048]","[2048, 2048, 2048, 2048, 2048, 2048, 2048, 2048, 2048]","[2048, 2048, 2048, 2048, 2048, 2048, 2048, 2048]",294.0
1284,11280,12,34,2026-05-03T18:00:24.310000+00:00,31.959,34.466,25.543,211.0,187.0,False,91.968,"[None, 2048, 2048, 2048, 2048, 2048, 2051, 2048, 2048]","[2048, 2048, 2048, 2048, 2048, 2048, 2048, 2048, 2048]","[2048, 2048, 2048, 2049, 2048, 2048, 2048, 2048]",312.0
1284,11280,1,34,2026-05-03T18:00:25.546000+00:00,32.266,34.684,25.37,213.0,185.0,False,92.32,"[None, 2048, 2048, 2048, 2048, 2048, 2048, 2048, 2048]","[2048, 2048, 2048, 2048, 2049, 2048, 2048, 2048, 2048]","[2048, 2048, 2048, 2048, 2048, 2048, 2048, 2048]",318.0
1284,11280,3,34,2026-05-03T18:00:31.954000+00:00,32.505,35.076,25.881,214.0,187.0,False,93.462,"[None, 2048, 2048, 2048, 2049, 2048, 2048, 2048, 2048]","[2048, 2048, 2048, 2048, 2048, 2048, 2048, 2048, 2048]","[2048, 2048, 2048, 2048, 2048, 2048, 2048, 2048]",308.0
1284,11280,16,34,2026-05-03T18:00:39.387000+00:00,32.48,34.729,25.762,212.0,182.0,False,92.971,"[None, 2048, 2048, 2048, 2048, 2048, 2049, 2048, 2048]","[2048, 2048, 2048, 2048, 2048, 2048, 2048, 2048, 2048]","[2048, 2048, 2048, 2048, 2048, 2048, 2048, 2048]",305.0
1284,11280,63,34,2026-05-03T18:00:41.397000+00:00,33.083,34.937,26.31,212.0,185.0,False,94.33,"[None, 2049, 2048, 2048, 2048, 2048, 2048, 2048, 2048]","[2048, 2048, 2048, 2048, 2048, 2048, 2048, 2048, 2048]","[2048, 2048, 2048, 2048, 2048, 2048, 2048, 2048]",302.0
1284,11280,81,34,2026-05-03T18:00:41.543000+00:00,33.241,35.074,25.902,212.0,187.0,False,94.217,"[None, 2048, 2048, 2048, 2048, 2048, 2048, 2048, 2048]","[2048, 2048, 2048, 2048, 2048, 2048, 2048, 2048, 2048]","[2048, 2048, 2048, 2048, 2048, 2048, 2048, 2049]",319.0
1284,11280,77,33,2026-05-03T18:00:42.905000+00:00,34.721,36.209,26.757,201.0,183.0,False,97.687,"[None, 2048, 2048, 2048, 2048, 2048, 2048, 2048, 2048]","[2048, 2048, 2048, 2048, 2048, 2048, 2048, 2048, 2048]","[2048, 2048, 2048, 2048, 2048, 2048, 2048, 2048]",295.0
1284,11280,44,34,2026-05-03T18:00:47.671000+00:00,32.498,34.994,25.682,213.0,184.0,False,93.174,"[None, 2048, 2048, 2048, 2048, 2048, 2048, 2048, 2048]","[2048, 2048, 2048, 2048, 2048, 2048, 2048, 2048, 2048]","[2048, 2048, 2048, 2049, 2048, 2048, 2048, 2048]",318.0
1284,11280,43,34,2026-05-03T18:00:59.021000+00:00,32.333,34.947,25.79,214.0,188.0,False,93.07,"[None, 2048, 2048, 2048, 2049, 2048, 2049, 2048, 2049]","[2048, 2048, 2048, 2048, 2048, 2049, 2048, 2048, 2048]","[2048, 2048, 2048, 2048, 2048, 2048, 2048, 2048]",310.0
1284,11280,55,34,2026-05-03T18:01:06.119000+00:00,32.919,35.205,25.918,,186.0,False,94.042,"[2049, 2048, 2048, 2048, 2048, 2048, 2048, 2048, 2048]","[2048, 2048, 2048, 2048, 2048, 2048, 2048, 2048, 2048]","[2048, 2048, 2048, 2048, 2048, 2048, 2048, 2048]",308.0
1284,11280,23,34,2026-05-03T18:01:09.802000+00:00,33.363,35.117,25.953,210.0,184.0,False,94.433,"[None, 2048, 2048, 2048, 2048, 2048, 2048, 2048, 2048]","[2048, 2048, 2048, 2048, 2048, 2048, 2048, 2048, 2048]","[2048, 2048, 2048, 2048, 2048, 2048, 2048, 2048]",311.0
1284,11280,87,34,2026-05-03T18:01:10.987000+00:00,33.235,35.289,25.779,,182.0,False,94.303,"[None, 2048, 2048, 2048, 2048, 2048, 2048, 2048, 2048]","[2048, 2048, 2048, 2048, 2048, 2048, 2048, 2048, 2048]","[2048, 2048, 2048, 2049, 2048, 2048, 2048, 2048]",316.0
1284,11280,31,34,2026-05-03T18:01:21.022000+00:00,32.781,35.359,25.911,212.0,187.0,False,94.051,"[None, 2048, 2049, 2048, 2048, 2049, 2048, 2048, 2048]","[2048, 2048, 2048, 2048, 2048, 2048, 2048, 2048, 2048]","[2048, 2048, 2048, 2048, 2048, 2048, 2048, 2048]",306.0
1284,11280,5,34,2026-05-03T18:01:26.253000+00:00,32.64,35.155,25.764,213.0,185.0,False,93.559,"[2048, 2048, 2049, 2049, 2049, 2049, 2049, 2049, 2048]","[2048, 2048, 2048, 2048, 2048, 2048, 2048, 2049, 2048]","[2048, 2049, 2048, 2048, 2048, 2048, 2048, 2048]",309.0
1284,11280,41,34,2026-05-03T18:01:31.920000+00:00,33.2,35.599,26.224,,185.0,False,95.023,"[None, 2048, 2048, 2048, 2048, 2048, 2048, 2048, 2048]","[2048, 2048, 2048, 2048, 2048, 2048, 2048, 2048, 2048]","[2048, 2048, 2048, 2048, 2048, 2048, 2048, 2048]",299.0
1284,11280,14,34,2026-05-03T18:01:32.651000+00:00,33.555,35.827,26.262,203.0,182.0,False,95.644,"[None, 2048, 2048, 2048, 2049, 2048, 2048, 2048, 2048]","[2048, 2048, 2048, 2048, 2048, 2048, 2048, 2048, 2048]","[2048, 2048, 2048, 2049, 2048, 2048, 2048, 2048]",307.0
1284,11280,11,34,2026-05-03T18:01:46.708000+00:00,33.417,35.695,26.2,209.0,185.0,False,95.312,"[None, 2048, 2048, 2048, 2048, 2048, 2048, 2048, 2048]","[2048, 2048, 2048, 2048, 2048, 2048, 2048, 2048, 2048]","[2048, 2048, 2048, 2048, 2048, 2048, 2048, 2048]",295.0
1284,11280,18,34,2026-05-03T18:01:50.083000+00:00,33.385,35.928,26.536,206.0,184.0,False,95.849,"[None, 2048, 2048, 2048, 2048, 2049, 2048, 2048, 2048]","[2048, 2048, 2048, 2048, 2048, 2048, 2048, 2048, 2048]","[2048, 2048, 2048, 2048, 2048, 2048, 2049, 2048]",292.0
1284,11280,12,35,2026-05-03T18:01:56.349000+00:00,32.212,34.578,25.697,214.0,186.0,False,92.487,"[None, 2048, 2048, 2048, 2048, 2048, 2048, 2048, 2048]","[2048, 2048, 2048, 2048, 2048, 2048, 2048, 2048, 2048]","[2048, 2048, 2048, 2048, 2048, 2048, 2048, 2048]",304.0
1284,11280,1,35,2026-05-03T18:01:57.833000+00:00,31.893,34.8,25.176,210.0,187.0,False,91.869,"[None, 2048, 2051, 2048, 2048, 2048, 2048, 2048, 2048]","[2048, 2048, 2048, 2048, 2048, 2048, 2048, 2048, 2048]","[2048, 2048, 2048, 2048, 2048, 2048, 2048, 2048]",321.0
1284,11280,3,35,2026-05-03T18:02:05.302000+00:00,32.522,34.937,25.991,,187.0,False,93.45,"[None, 2048, 2048, 2048, 2049, 2048, 2048, 2048, 2048]","[2048, 2048, 2048, 2048, 2048, 2048, 2048, 2048, 2048]","[2048, 2048, 2048, 2048, 2048, 2048, 2048, 2048]",308.0
1284,11280,16,35,2026-05-03T18:02:12.349000+00:00,32.362,34.904,25.727,207.0,184.0,False,92.993,"[None, 2048, 2048, 2048, 2048, 2048, 2049, 2048, 2048]","[2048, 2048, 2048, 2048, 2048, 2048, 2048, 2048, 2048]","[2048, 2048, 2048, 2048, 2048, 2048, 2048, 2048]",306.0
1284,11280,63,35,2026-05-03T18:02:15.693000+00:00,33.681,34.827,26.444,213.0,185.0,False,94.952,"[None, 2048, 2048, 2048, 2048, 2048, 2048, 2048, 2048]","[2048, 2048, 2048, 2048, 2049, 2048, 2048, 2048, 2048]","[2048, 2048, 2048, 2048, 2048, 2048, 2048, 2048]",289.0
1284,11280,81,35,2026-05-03T18:02:15.911000+00:00,32.687,36.21,25.36,216.0,184.0,False,94.257,"[2049, 2048, 2048, 2048, 2048, 2048, 2048, 2048, 2048]","[2049, 2048, 2048, 2048, 2048, 2048, 2048, 2048, 2048]","[2048, 2051, 2048, 2048, 2048, 2048, 2048, 2048]",318.0
1284,11280,77,34,2026-05-03T18:02:20.698000+00:00,35.174,36.464,26.219,206.0,182.0,False,97.857,"[None, 2048, 2048, 2048, 2048, 2048, 2048, 2048, 2048]","[2048, 2048, 2048, 2048, 2048, 2048, 2048, 2048, 2048]","[2048, 2048, 2048, 2048, 2048, 2048, 2048, 2048]",288.0
1284,11280,44,35,2026-05-03T18:02:21.021000+00:00,32.464,34.927,25.548,212.0,184.0,False,92.939,"[None, 2048, 2048, 2048, 2048, 2048, 2049, 2048, 2048]","[2048, 2048, 2048, 2048, 2048, 2048, 2048, 2048, 2048]","[2048, 2048, 2048, 2048, 2048, 2048, 2048, 2048]",316.0
1284,11280,43,35,2026-05-03T18:02:32.087000+00:00,32.394,34.993,25.775,213.0,187.0,False,93.162,"[None, 2048, 2048, 2049, 2049, 2048, 2048, 2048, 2048]","[2048, 2048, 2048, 2048, 2048, 2048, 2048, 2048, 2048]","[2048, 2048, 2048, 2048, 2048, 2048, 2048, 2048]",311.0
1284,11280,55,35,2026-05-03T18:02:40.221000+00:00,32.789,35.303,25.876,212.0,184.0,False,93.968,"[2048, 2049, 2048, 2048, 2048, 2048, 2049, 2049, 2048]","[2048, 2048, 2048, 2048, 2048, 2048, 2048, 2048, 2048]","[2048, 2048, 2048, 2049, 2048, 2048, 2048, 2048]",309.0
1284,11280,23,35,2026-05-03T18:02:44.234000+00:00,33.302,35.247,25.747,,180.0,False,94.296,"[None, 2048, 2048, 2048, 2048, 2048, 2048, 2048, 2048]","[2048, 2048, 2048, 2048, 2048, 2048, 2048, 2048, 2048]","[2048, 2048, 2048, 2048, 2048, 2048, 2049, 2049]",314.0
1284,11280,87,35,2026-05-03T18:02:45.296000+00:00,33.156,35.34,25.702,,183.0,False,94.198,"[None, 2049, 2048, 2048, 2048, 2048, 2048, 2048, 2048]","[2048, 2048, 2048, 2048, 2048, 2048, 2048, 2048, 2048]","[2048, 2048, 2048, 2048, 2048, 2048, 2048, 2049]",318.0
1284,11280,31,35,2026-05-03T18:02:55.120000+00:00,32.718,35.265,25.887,214.0,186.0,False,93.87,"[None, 2049, 2048, 2049, 2049, 2049, 2048, 2049, 2048]","[2048, 2048, 2048, 2048, 2048, 2048, 2048, 2048, 2048]","[2048, 2048, 2048, 2048, 2049, 2048, 2048, 2048]",306.0
1284,11280,5,35,2026-05-03T18:02:59.901000+00:00,32.803,35.163,25.936,,184.0,False,93.902,"[None, 2048, 2048, 2048, 2048, 2049, 2049, 2049, 2048]","[2048, 2048, 2048, 2048, 2048, 2049, 2048, 2048, 2048]","[2048, 2048, 2048, 2048, 2048, 2048, 2048, 2048]",300.0
1284,11280,41,35,2026-05-03T18:03:07.004000+00:00,32.987,35.51,26.367,,184.0,False,94.864,"[None, 2048, 2048, 2048, 2048, 2048, 2048, 2048, 2048]","[2048, 2048, 2048, 2048, 2048, 2048, 2048, 2048, 2048]","[2048, 2048, 2048, 2048, 2048, 2048, 2048, 2048]",296.0
1284,11280,14,35,2026-05-03T18:03:08.324000+00:00,33.832,36.031,26.68,204.0,180.0,False,96.543,"[None, 2048, 2048, 2048, 2048, 2048, 2048, 2048, 2048]","[2048, 2048, 2048, 2048, 2048, 2048, 2048, 2048, 2048]","[2048, 2048, 2048, 2048, 2048, 2048, 2048, 2048]",289.0
1284,11280,11,35,2026-05-03T18:03:21.942000+00:00,33.576,35.946,26.126,206.0,183.0,False,95.648,"[None, 2048, 2048, 2048, 2048, 2048, 2048, 2048, 2048]","[2048, 2048, 2048, 2048, 2048, 2048, 2048, 2048, 2048]","[2048, 2048, 2048, 2048, 2048, 2048, 2048, 2048]",295.0
1284,11280,18,35,2026-05-03T18:03:25.867000+00:00,33.348,38.795,26.37,207.0,181.0,False,98.513,"[None, 2048, 2048, 2048, 2048, 2048, 2048, 2048, 2048]","[2048, 2048, 2048, 2048, 2048, 2048, 2048, 2048, 2048]","[2048, 2048, 2048, 2048, 2048, 2048, 2049, 2048]",303.0
1284,11280,12,36,2026-05-03T18:03:28.836000+00:00,32.185,34.587,25.582,212.0,185.0,False,92.354,"[None, 2048, 2048, 2048, 2048, 2048, 2048, 2049, 2048]","[2048, 2048, 2048, 2048, 2048, 2048, 2048, 2048, 2048]","[2048, 2048, 2048, 2048, 2048, 2048, 2048, 2048]",313.0
1284,11280,1,36,2026-05-03T18:03:29.759000+00:00,32.166,34.835,25.325,209.0,186.0,False,92.326,"[None, 2048, 2048, 2048, 2048, 2048, 2048, 2048, 2048]","[2048, 2048, 2048, 2048, 2048, 2048, 2048, 2048, 2048]","[2048, 2048, 2049, 2048, 2048, 2048, 2048, 2048]",330.0
1284,11280,3,36,2026-05-03T18:03:38.759000+00:00,32.448,35.032,25.874,211.0,188.0,False,93.354,"[None, 2048, 2048, 2048, 2048, 2048, 2048, 2048, 2048]","[2048, 2048, 2048, 2048, 2048, 2048, 2048, 2048, 2048]","[2049, 2048, 2048, 2048, 2048, 2049, 2048, 2048]",309.0
1284,11280,16,36,2026-05-03T18:03:45.302000+00:00,32.476,34.717,25.686,212.0,183.0,False,92.879,"[None, 2048, 2048, 2048, 2048, 2048, 2048, 2048, 2048]","[2048, 2048, 2048, 2048, 2048, 2048, 2048, 2048, 2048]","[2048, 2048, 2048, 2049, 2048, 2048, 2048, 2048]",307.0
1284,11280,81,36,2026-05-03T18:03:50.217000+00:00,32.403,35.299,25.566,213.0,188.0,False,93.268,"[2048, 2048, 2048, 2048, 2048, 2048, 2048, 2048, 2048]","[2048, 2048, 2048, 2048, 2048, 2048, 2048, 2048, 2048]","[2048, 2048, 2048, 2048, 2048, 2048, 2049, 2048]",309.0
1284,11280,63,36,2026-05-03T18:03:50.601000+00:00,32.909,35.094,25.719,211.0,185.0,False,93.722,"[None, 2048, 2048, 2048, 2048, 2048, 2048, 2048, 2048]","[2048, 2048, 2048, 2051, 2048, 2048, 2048, 2048, 2048]","[2048, 2049, 2048, 2048, 2048, 2048, 2048, 2048]",320.0
1284,11280,44,36,2026-05-03T18:03:53.974000+00:00,32.603,35.035,26.031,211.0,185.0,False,93.669,"[None, 2048, 2048, 2048, 2048, 2048, 2048, 2048, 2048]","[2048, 2048, 2048, 2048, 2048, 2048, 2048, 2048, 2048]","[2048, 2048, 2048, 2048, 2048, 2048, 2048, 2048]",313.0
1284,11280,77,35,2026-05-03T18:03:58.502000+00:00,34.373,36.342,26.399,203.0,182.0,False,97.114,"[None, 2048, 2048, 2048, 2048, 2048, 2048, 2048, 2048]","[2048, 2048, 2048, 2048, 2048, 2048, 2048, 2048, 2048]","[2048, 2048, 2048, 2048, 2048, 2048, 2048, 2048]",295.0
1284,11280,43,36,2026-05-03T18:04:05.260000+00:00,32.462,35.088,25.791,,185.0,False,93.341,"[None, 2048, 2048, 2049, 2048, 2048, 2048, 2049, 2048]","[2048, 2048, 2048, 2048, 2048, 2048, 2048, 2048, 2048]","[2048, 2048, 2048, 2048, 2048, 2048, 2048, 2048]",314.0
1284,11280,55,36,2026-05-03T18:04:14.146000+00:00,32.821,35.152,25.845,,186.0,False,93.818,"[None, 2048, 2048, 2048, 2048, 2048, 2048, 2048, 2048]","[2048, 2048, 2048, 2048, 2048, 2048, 2048, 2048, 2048]","[2048, 2048, 2048, 2048, 2048, 2048, 2048, 2048]",310.0
1284,11280,23,36,2026-05-03T18:04:18.518000+00:00,33.172,35.251,25.778,211.0,184.0,False,94.201,"[None, 2049, 2048, 2048, 2048, 2048, 2048, 2048, 2048]","[2048, 2048, 2048, 2048, 2048, 2048, 2048, 2048, 2048]","[2048, 2048, 2048, 2048, 2048, 2048, 2049, 2048]",312.0
1284,11280,87,36,2026-05-03T18:04:19.483000+00:00,33.182,35.358,25.733,209.0,181.0,False,94.273,"[None, 2048, 2048, 2048, 2048, 2048, 2048, 2048, 2048]","[2048, 2048, 2048, 2048, 2048, 2048, 2048, 2048, 2048]","[2048, 2048, 2048, 2049, 2048, 2048, 2048, 2048]",318.0
1284,11280,31,36,2026-05-03T18:04:29.010000+00:00,32.911,35.358,25.981,212.0,187.0,False,94.25,"[None, 2048, 2048, 2048, 2049, 2048, 2048, 2048, 2048]","[2048, 2048, 2048, 2048, 2048, 2048, 2048, 2048, 2048]","[2048, 2048, 2048, 2048, 2048, 2048, 2048, 2048]",305.0
1284,11280,5,36,2026-05-03T18:04:33.718000+00:00,32.445,35.269,25.876,,186.0,False,93.59,"[None, 2048, 2048, 2048, 2049, 2049, 2049, 2048, 2048]","[2048, 2048, 2048, 2048, 2048, 2048, 2048, 2048, 2049]","[2049, 2048, 2048, 2048, 2048, 2048, 2048, 2048]",301.0
1284,11280,41,36,2026-05-03T18:04:41.851000+00:00,33.1,35.574,26.189,,185.0,False,94.863,"[None, 2048, 2048, 2048, 2049, 2048, 2049, 2048, 2048]","[2048, 2048, 2048, 2048, 2048, 2048, 2048, 2048, 2048]","[2048, 2048, 2048, 2048, 2048, 2048, 2048, 2048]",297.0
1284,11280,14,36,2026-05-03T18:04:44.879000+00:00,33.604,36.152,26.695,200.0,182.0,False,96.451,"[None, 2048, 2048, 2048, 2048, 2048, 2048, 2048, 2048]","[2048, 2048, 2048, 2048, 2048, 2048, 2048, 2048, 2048]","[2048, 2048, 2048, 2049, 2048, 2048, 2048, 2048]",293.0
1284,11280,11,36,2026-05-03T18:04:57.601000+00:00,33.519,36.116,28.227,208.0,171.0,False,97.862,"[None, 2048, 2048, 2048, 2048, 2048, 2048, 2048, 2048]","[2048, 2048, 2048, 2048, 2048, 2048, 2048, 2048, 2048]","[2048, 2048, 2048, 2048, 2048, 2048, 2048, 2049]",279.0
1284,11280,12,37,2026-05-03T18:05:01.130000+00:00,32.188,34.704,25.591,211.0,183.0,False,92.483,"[None, 2048, 2048, 2048, 2048, 2048, 2048, 2048, 2048]","[2048, 2048, 2048, 2048, 2048, 2048, 2048, 2048, 2048]","[2048, 2048, 2048, 2048, 2048, 2048, 2049, 2048]",312.0
1284,11280,1,37,2026-05-03T18:05:02.051000+00:00,32.206,34.813,25.372,212.0,183.0,False,92.391,"[None, 2048, 2048, 2048, 2048, 2049, 2048, 2048, 2048]","[2048, 2048, 2048, 2048, 2049, 2048, 2048, 2048, 2048]","[2048, 2048, 2048, 2048, 2048, 2048, 2048, 2049]",318.0
1284,11280,18,36,2026-05-03T18:05:04.333000+00:00,33.5,35.993,26.525,206.0,182.0,False,96.018,"[None, 2048, 2048, 2048, 2048, 2049, 2048, 2048, 2048]","[2048, 2048, 2048, 2048, 2048, 2048, 2048, 2048, 2048]","[2048, 2048, 2048, 2048, 2048, 2048, 2048, 2048]",295.0
1284,11280,3,37,2026-05-03T18:05:12.274000+00:00,32.275,34.857,25.981,210.0,185.0,False,93.113,"[None, 2048, 2048, 2048, 2048, 2048, 2049, 2048, 2048]","[2048, 2048, 2048, 2048, 2048, 2048, 2048, 2048, 2048]","[2048, 2048, 2048, 2048, 2048, 2048, 2048, 2048]",308.0
1284,11280,16,37,2026-05-03T18:05:18.287000+00:00,32.388,35.012,25.755,209.0,182.0,False,93.155,"[None, 2048, 2048, 2048, 2048, 2048, 2048, 2048, 2048]","[2048, 2048, 2048, 2048, 2048, 2048, 2048, 2048, 2048]","[2048, 2048, 2048, 2048, 2048, 2048, 2048, 2048]",305.0
1284,11280,81,37,2026-05-03T18:05:23.289000+00:00,32.187,35.011,25.638,212.0,187.0,False,92.836,"[None, 2048, 2048, 2048, 2048, 2048, 2049, 2048, 2048]","[2048, 2048, 2048, 2048, 2048, 2048, 2048, 2048, 2048]","[2048, 2048, 2048, 2048, 2048, 2048, 2048, 2048]",308.0
1284,11280,63,37,2026-05-03T18:05:24.373000+00:00,32.78,34.87,25.553,212.0,184.0,False,93.203,"[None, 2048, 2048, 2048, 2048, 2048, 2048, 2048, 2048]","[2048, 2048, 2048, 2048, 2048, 2048, 2048, 2048, 2048]","[2048, 2049, 2048, 2048, 2048, 2048, 2048, 2048]",323.0
1284,11280,44,37,2026-05-03T18:05:27.584000+00:00,32.806,35.528,26.469,209.0,185.0,False,94.803,"[None, 2048, 2048, 2048, 2048, 2048, 2048, 2048, 2048]","[2048, 2048, 2048, 2048, 2048, 2048, 2048, 2048, 2048]","[2048, 2048, 2048, 2048, 2048, 2048, 2048, 2048]",303.0
1284,11280,77,36,2026-05-03T18:05:35.618000+00:00,34.391,37.967,26.304,202.0,180.0,False,98.662,"[None, 2048, 2048, 2048, 2048, 2048, 2048, 2048, 2048]","[2048, 2048, 2048, 2048, 2048, 2048, 2048, 2048, 2048]","[2048, 2048, 2048, 2049, 2048, 2048, 2048, 2048]",303.0
1284,11280,43,37,2026-05-03T18:05:38.600000+00:00,32.709,35.189,25.858,210.0,184.0,False,93.756,"[None, 2048, 2048, 2048, 2048, 2048, 2048, 2048, 2048]","[2048, 2048, 2048, 2048, 2048, 2048, 2049, 2048, 2048]","[2048, 2048, 2048, 2048, 2048, 2048, 2048, 2048]",310.0
1284,11280,55,37,2026-05-03T18:05:48.121000+00:00,32.907,35.259,25.916,210.0,186.0,False,94.082,"[None, 2048, 2049, 2048, 2048, 2049, 2048, 2048, 2048]","[2048, 2048, 2048, 2048, 2048, 2048, 2048, 2048, 2048]","[2048, 2048, 2048, 2048, 2048, 2048, 2048, 2048]",311.0
1284,11280,23,37,2026-05-03T18:05:52.671000+00:00,33.091,35.38,26.014,207.0,184.0,False,94.485,"[None, 2048, 2048, 2048, 2048, 2048, 2048, 2048, 2048]","[2048, 2048, 2048, 2048, 2048, 2048, 2048, 2048, 2048]","[2048, 2048, 2048, 2048, 2048, 2048, 2048, 2048]",309.0
1284,11280,87,37,2026-05-03T18:05:53.786000+00:00,33.187,35.291,25.767,,183.0,False,94.245,"[None, 2048, 2048, 2048, 2048, 2048, 2048, 2048, 2048]","[2048, 2048, 2048, 2048, 2048, 2048, 2048, 2048, 2048]","[2048, 2048, 2048, 2048, 2048, 2048, 2048, 2048]",320.0
1284,11280,31,37,2026-05-03T18:06:03.234000+00:00,32.983,35.361,26.017,211.0,186.0,False,94.361,"[None, 2048, 2048, 2048, 2048, 2048, 2048, 2048, 2048]","[2048, 2048, 2048, 2048, 2048, 2048, 2048, 2048, 2048]","[2048, 2048, 2048, 2048, 2048, 2048, 2048]",305.0
1284,11280,5,37,2026-05-03T18:06:07.265000+00:00,32.519,35.301,25.925,,185.0,False,93.745,"[None, 2049, 2048, 2048, 2048, 2048, 2048, 2048, 2048]","[2048, 2048, 2048, 2048, 2048, 2048, 2048, 2048, 2048]","[2049, 2048, 2048, 2048, 2048, 2048, 2048, 2048]",301.0
1284,11280,41,37,2026-05-03T18:06:16.673000+00:00,33.09,35.633,26.335,213.0,185.0,False,95.058,"[None, 2048, 2048, 2048, 2048, 2048, 2048, 2048, 2048]","[2048, 2048, 2048, 2048, 2048, 2048, 2048, 2048, 2048]","[2048, 2048, 2048, 2048, 2048, 2048, 2048, 2048]",295.0
1284,11280,14,37,2026-05-03T18:06:21.281000+00:00,33.619,36.103,26.836,203.0,182.0,False,96.558,"[None, 2048, 2048, 2048, 2048, 2048, 2048, 2048, 2048]","[2048, 2048, 2048, 2048, 2048, 2048, 2048, 2048, 2048]","[2048, 2048, 2048, 2048, 2048, 2048, 2048, 2048]",287.0
1284,11280,12,38,2026-05-03T18:06:33.734000+00:00,32.221,34.621,25.581,,185.0,False,92.423,"[None, 2048, 2048, 2048, 2048, 2048, 2048, 2048, 2048]","[2048, 2048, 2048, 2048, 2048, 2048, 2048, 2048, 2048]","[2048, 2048, 2048, 2048, 2048, 2048, 2048, 2048]",311.0
1284,11280,1,38,2026-05-03T18:06:34.469000+00:00,32.187,34.915,25.281,,186.0,False,92.383,"[2049, 2048, 2048, 2048, 2048, 2049, 2048, 2048, 2048]","[2048, 2048, 2048, 2048, 2048, 2048, 2048, 2048, 2048]","[2048, 2048, 2048, 2048, 2048, 2048, 2048, 2048]",323.0
1284,11280,11,37,2026-05-03T18:06:35.375000+00:00,33.724,35.673,26.336,205.0,182.0,False,95.733,"[2049, 2048, 2048, 2048, 2048, 2048, 2048, 2048, 2048]","[2048, 2048, 2048, 2048, 2048, 2048, 2048, 2048, 2048]","[2048, 2048, 2048, 2048, 2048, 2048, 2048, 2048]",281.0
1284,11280,18,37,2026-05-03T18:06:40.390000+00:00,33.507,35.922,31.595,205.0,184.0,False,101.024,"[None, 2048, 2048, 2048, 2048, 2048, 2048, 2048, 2048]","[2048, 2048, 2048, 2048, 2048, 2048, 2048, 2048, 2048]","[2048, 2048, 2048, 2048, 2048, 2048, 2064, 2064]",292.0
1284,11280,3,38,2026-05-03T18:06:45.281000+00:00,32.46,34.804,25.884,212.0,187.0,False,93.148,"[None, 2048, 2048, 2048, 2049, 2048, 2048, 2048, 2048]","[2048, 2048, 2048, 2048, 2048, 2048, 2048, 2048, 2048]","[2049, 2048, 2048, 2048, 2048, 2048, 2048, 2048]",311.0
1284,11280,16,38,2026-05-03T18:06:51.406000+00:00,32.393,34.915,25.685,213.0,185.0,False,92.993,"[None, 2048, 2048, 2048, 2048, 2048, 2048, 2048, 2048]","[2048, 2048, 2048, 2048, 2048, 2048, 2048, 2048, 2048]","[2048, 2048, 2048, 2048, 2048, 2048, 2048, 2048]",304.0
1284,11280,81,38,2026-05-03T18:06:56.140000+00:00,32.19,34.863,25.497,210.0,188.0,False,92.55,"[None, 2048, 2048, 2051, 2048, 2048, 2048, 2048, 2048]","[2048, 2048, 2048, 2048, 2048, 2048, 2048, 2048, 2048]","[2048, 2048, 2048, 2048, 2048, 2048, 2049, 2048]",310.0
1284,11280,63,38,2026-05-03T18:06:57.594000+00:00,32.689,34.943,25.605,,185.0,False,93.237,"[None, 2048, 2048, 2048, 2048, 2048, 2048, 2048, 2048]","[2048, 2048, 2048, 2048, 2048, 2048, 2048, 2048, 2048]","[2048, 2048, 2048, 2048, 2048, 2048, 2049, 2048]",318.0
1284,11280,44,38,2026-05-03T18:07:02.406000+00:00,32.751,35.043,25.758,,185.0,False,93.552,"[None, 2048, 2048, 2048, 2048, 2048, 2048, 2048, 2048]","[2048, 2048, 2048, 2048, 2048, 2048, 2048, 2048, 2048]","[2048, 2048, 2048, 2048, 2048, 2048, 2048, 2049]",311.0
1284,11280,43,38,2026-05-03T18:07:12.287000+00:00,32.588,35.219,25.917,211.0,186.0,False,93.724,"[None, 2048, 2048, 2048, 2048, 2048, 2048, 2048, 2048]","[2048, 2048, 2048, 2048, 2048, 2048, 2048, 2048, 2048]","[2048, 2048, 2048, 2048, 2048, 2048, 2048, 2048]",309.0
1284,11280,77,37,2026-05-03T18:07:14.224000+00:00,34.727,36.831,26.522,199.0,181.0,False,98.08,"[None, 2048, 2048, 2048, 2048, 2048, 2048, 2048, 2048]","[2048, 2048, 2048, 2048, 2048, 2048, 2048, 2048, 2048]","[2048, 2048, 2048, 2048, 2048, 2048, 2048, 2048]",293.0
1284,11280,55,38,2026-05-03T18:07:22.021000+00:00,33.089,35.232,25.916,211.0,184.0,False,94.237,"[None, 2048, 2048, 2048, 2048, 2048, 2048, 2048, 2048]","[2048, 2048, 2048, 2048, 2048, 2048, 2048, 2048, 2048]","[2048, 2048, 2048, 2048, 2048, 2048, 2048, 2048]",311.0
1284,11280,23,38,2026-05-03T18:07:27.219000+00:00,33.305,35.117,26.018,210.0,184.0,False,94.44,"[None, 2048, 2048, 2048, 2048, 2048, 2048, 2048, 2048]","[2048, 2048, 2048, 2048, 2048, 2048, 2048, 2048, 2048]","[2048, 2048, 2048, 2048, 2048, 2048, 2048, 2048]",309.0
1284,11280,87,38,2026-05-03T18:07:28.096000+00:00,33.376,35.225,25.768,,182.0,False,94.369,"[None, 2048, 2048, 2048, 2048, 2048, 2048, 2048, 2048]","[2048, 2048, 2048, 2048, 2048, 2048, 2048, 2048, 2048]","[2048, 2048, 2048, 2048, 2048, 2048, 2048, 2048]",322.0
1284,11280,31,38,2026-05-03T18:07:37.558000+00:00,33.133,35.425,25.98,212.0,186.0,False,94.538,"[None, 2048, 2048, 2048, 2048, 2048, 2048, 2048, 2048]","[2048, 2048, 2048, 2048, 2048, 2048, 2048, 2048, 2048]","[2048, 2048, 2048, 2048, 2048, 2048, 2049, 2048]",304.0
1284,11280,5,38,2026-05-03T18:07:41.089000+00:00,32.665,35.359,25.908,212.0,185.0,False,93.932,"[None, 2048, 2048, 2048, 2049, 2048, 2048, 2048, 2048]","[2048, 2048, 2048, 2048, 2048, 2048, 2048, 2048, 2048]","[2048, 2049, 2048, 2048, 2048, 2048, 2048, 2048]",304.0
1284,11280,41,38,2026-05-03T18:07:51.943000+00:00,33.054,35.359,26.316,214.0,186.0,False,94.729,"[None, 2048, 2048, 2048, 2048, 2048, 2048, 2048, 2048]","[2048, 2048, 2048, 2048, 2048, 2048, 2048, 2048, 2048]","[2048, 2048, 2048, 2048, 2048, 2048, 2048, 2048]",285.0
1284,11280,14,38,2026-05-03T18:07:57.903000+00:00,33.803,36.135,26.932,205.0,183.0,False,96.87,"[None, 2048, 2048, 2048, 2048, 2048, 2048, 2049, 2048]","[2048, 2048, 2048, 2048, 2048, 2048, 2048, 2048, 2048]","[2048, 2048, 2048, 2048, 2048, 2048, 2048, 2048]",289.0
1284,11280,12,39,2026-05-03T18:08:06.112000+00:00,32.232,34.598,25.552,214.0,187.0,False,92.382,"[None, 2048, 2048, 2048, 2048, 2048, 2048, 2048, 2048]","[2048, 2048, 2048, 2048, 2048, 2048, 2048, 2048, 2048]","[2048, 2048, 2048, 2048, 2048, 2048, 2049, 2048]",313.0
1284,11280,1,39,2026-05-03T18:08:06.765000+00:00,32.544,34.824,25.289,211.0,183.0,False,92.657,"[2048, 2048, 2048, 2048, 2048, 2048, 2048, 2048, 2048]","[2048, 2048, 2048, 2048, 2048, 2048, 2048, 2048, 2048]","[2048, 2048, 2048, 2048, 2048, 2048, 2048, 2049]",322.0
1284,11280,11,38,2026-05-03T18:08:11.240000+00:00,33.559,35.875,26.105,208.0,184.0,False,95.539,"[2048, 2049, 2048, 2048, 2048, 2048, 2048, 2048, 2048]","[2048, 2048, 2048, 2048, 2048, 2048, 2048, 2048, 2048]","[2048, 2048, 2048, 2048, 2048, 2048, 2048]",297.0
1284,11280,3,39,2026-05-03T18:08:18.432000+00:00,32.419,34.793,25.956,213.0,187.0,False,93.168,"[None, 2048, 2048, 2048, 2048, 2049, 2048, 2048, 2048]","[2048, 2048, 2048, 2048, 2048, 2048, 2048, 2048, 2048]","[2048, 2048, 2048, 2048, 2048, 2048, 2048, 2048]",309.0
1284,11280,18,38,2026-05-03T18:08:21.619000+00:00,47.841,35.496,26.21,211.0,184.0,True,109.547,"[2064, 2064, 2064, 2048, 2048, 2048, 2048, 2048, 2049]","[2049, 2048, 2048, 2048, 2048, 2048, 2048, 2048, 2048]","[2049, 2048, 2048, 2048, 2048, 2048, 2049, 2048]",302.0
1284,11280,16,39,2026-05-03T18:08:24.438000+00:00,32.401,34.698,25.656,,186.0,False,92.755,"[None, 2048, 2048, 2048, 2048, 2049, 2048, 2048, 2048]","[2048, 2048, 2048, 2048, 2048, 2048, 2048, 2048, 2048]","[2048, 2048, 2048, 2048, 2048, 2048, 2048, 2048]",307.0
1284,11280,81,39,2026-05-03T18:08:28.775000+00:00,32.04,35.02,25.533,212.0,187.0,False,92.593,"[None, 2048, 2048, 2051, 2048, 2049, 2048, 2048, 2048]","[2048, 2048, 2048, 2048, 2048, 2048, 2048, 2048, 2048]","[2048, 2048, 2048, 2048, 2048, 2048, 2049, 2048]",312.0
1284,11280,63,39,2026-05-03T18:08:30.771000+00:00,32.38,34.876,25.721,213.0,185.0,False,92.977,"[None, 2048, 2048, 2048, 2048, 2048, 2048, 2048, 2048]","[2048, 2048, 2048, 2048, 2048, 2048, 2048, 2048, 2048]","[2048, 2048, 2048, 2048, 2048, 2048, 2048, 2048]",317.0
1284,11280,44,39,2026-05-03T18:08:35.910000+00:00,32.35,35.057,25.691,211.0,186.0,False,93.098,"[None, 2048, 2048, 2048, 2048, 2048, 2048, 2048, 2048]","[2048, 2048, 2048, 2048, 2048, 2048, 2048, 2048, 2048]","[2048, 2048, 2048, 2048, 2048, 2048, 2048, 2048]",310.0
1284,11280,43,39,2026-05-03T18:08:46.114000+00:00,32.65,35.135,25.932,214.0,186.0,False,93.717,"[None, 2048, 2048, 2048, 2048, 2048, 2048, 2048, 2048]","[2048, 2048, 2048, 2048, 2048, 2048, 2048, 2048, 2048]","[2048, 2048, 2048, 2048, 2048, 2048, 2048, 2049]",310.0
1284,11280,77,38,2026-05-03T18:08:52.317000+00:00,34.528,36.701,26.53,205.0,183.0,False,97.759,"[None, 2048, 2048, 2048, 2048, 2048, 2048, 2048, 2048]","[2048, 2048, 2048, 2048, 2048, 2048, 2048, 2048, 2048]","[2048, 2048, 2048, 2048, 2048, 2048, 2048, 2048]",290.0
1284,11280,55,39,2026-05-03T18:08:56.245000+00:00,33.097,35.183,25.954,213.0,184.0,False,94.234,"[None, 2048, 2048, 2048, 2048, 2048, 2048, 2048, 2048]","[2048, 2048, 2048, 2048, 2048, 2048, 2048, 2048, 2048]","[2048, 2048, 2048, 2048, 2048, 2048, 2048, 2048]",315.0
1284,11280,23,39,2026-05-03T18:09:01.595000+00:00,33.28,35.029,26.028,,184.0,False,94.337,"[None, 2048, 2048, 2048, 2049, 2048, 2048, 2048, 2048]","[2048, 2048, 2048, 2048, 2048, 2048, 2048, 2048, 2048]","[2048, 2048, 2048, 2048, 2048, 2048, 2048, 2048]",310.0
1284,11280,87,39,2026-05-03T18:09:02.392000+00:00,33.383,35.163,25.857,,181.0,False,94.403,"[None, 2048, 2048, 2048, 2048, 2048, 2048, 2048, 2048]","[2048, 2048, 2048, 2048, 2048, 2048, 2048, 2048, 2048]","[2048, 2048, 2048, 2048, 2048, 2048, 2048, 2048]",324.0
1284,11280,31,39,2026-05-03T18:09:12.204000+00:00,33.03,35.406,25.993,,185.0,False,94.429,"[None, 2048, 2048, 2048, 2048, 2048, 2048, 2048, 2048]","[2048, 2048, 2048, 2048, 2048, 2048, 2048, 2048, 2048]","[2048, 2048, 2048, 2048, 2048, 2048, 2048, 2048]",305.0
1284,11280,5,39,2026-05-03T18:09:14.922000+00:00,32.807,35.188,25.96,,185.0,False,93.955,"[None, 2048, 2048, 2048, 2048, 2049, 2048, 2048, 2048]","[2048, 2048, 2048, 2048, 2048, 2048, 2048, 2048, 2048]","[2049, 2049, 2048, 2048, 2048, 2048, 2048, 2048]",305.0
1284,11280,41,39,2026-05-03T18:09:26.469000+00:00,32.963,35.428,26.157,212.0,185.0,False,94.548,"[None, 2048, 2048, 2048, 2048, 2048, 2048, 2048, 2048]","[2048, 2048, 2048, 2048, 2048, 2048, 2048, 2048, 2048]","[2048, 2048, 2048, 2048, 2048, 2048, 2049]",300.0
1284,11280,14,39,2026-05-03T18:09:34.756000+00:00,33.528,35.997,26.869,204.0,182.0,False,96.394,"[None, 2048, 2048, 2048, 2048, 2048, 2048, 2048, 2048]","[2048, 2048, 2048, 2048, 2048, 2048, 2048, 2048, 2048]","[2048, 2048, 2048, 2048, 2048, 2048, 2048, 2048]",289.0
1284,11280,12,40,2026-05-03T18:09:38.546000+00:00,32.548,34.608,25.722,213.0,186.0,False,92.878,"[None, 2049, 2048, 2048, 2048, 2048, 2048, 2048, 2048]","[2048, 2048, 2048, 2048, 2048, 2048, 2048, 2048, 2048]","[2048, 2048, 2048, 2048, 2048, 2048, 2048, 2048]",317.0
1284,11280,1,40,2026-05-03T18:09:39.502000+00:00,32.468,34.753,25.419,208.0,186.0,False,92.64,"[2049, 2048, 2048, 2048, 2048, 2048, 2049, 2048, 2048]","[2048, 2048, 2048, 2048, 2048, 2048, 2048, 2048, 2048]","[2048, 2048, 2048, 2048, 2048, 2048, 2048, 2048]",322.0
1284,11280,11,39,2026-05-03T18:09:46.709000+00:00,33.769,35.878,26.182,206.0,183.0,False,95.829,"[None, 2049, 2048, 2048, 2048, 2048, 2048, 2048, 2048]","[2048, 2048, 2048, 2048, 2048, 2048, 2048, 2048, 2048]","[2048, 2048, 2048, 2048, 2048, 2048, 2048, 2048]",289.0
1284,11280,3,40,2026-05-03T18:09:51.635000+00:00,32.504,34.933,26.068,212.0,181.0,False,93.505,"[None, 2048, 2048, 2048, 2048, 2049, 2048, 2048, 2048]","[2048, 2048, 2048, 2048, 2048, 2048, 2048, 2048, 2048]","[2048, 2048, 2048, 2048, 2048, 2048, 2048, 2048]",310.0
1284,11280,16,40,2026-05-03T18:09:57.087000+00:00,32.366,34.653,25.748,210.0,184.0,False,92.767,"[None, 2048, 2048, 2048, 2048, 2048, 2048, 2048, 2048]","[2048, 2048, 2048, 2048, 2048, 2048, 2048, 2048, 2048]","[2048, 2048, 2048, 2048, 2048, 2048, 2048, 2048]",307.0
1284,11280,81,40,2026-05-03T18:10:01.202000+00:00,32.056,34.846,25.622,,187.0,False,92.524,"[None, 2048, 2048, 2048, 2048, 2048, 2048, 2048, 2048]","[2048, 2048, 2048, 2048, 2048, 2048, 2048, 2051, 2048]","[2048, 2048, 2048, 2048, 2048, 2048, 2048, 2048]",310.0
1284,11280,63,40,2026-05-03T18:10:03.765000+00:00,32.518,35.03,25.629,211.0,185.0,False,93.177,"[None, 2048, 2048, 2048, 2048, 2048, 2048, 2048, 2048]","[2048, 2048, 2048, 2048, 2048, 2048, 2048, 2048, 2048]","[2048, 2048, 2048, 2048, 2048, 2048, 2048, 2048]",315.0
1284,11280,44,40,2026-05-03T18:10:09.030000+00:00,32.52,35.215,25.716,210.0,185.0,False,93.451,"[None, 2048, 2048, 2048, 2048, 2048, 2048, 2048, 2048]","[2048, 2048, 2048, 2048, 2048, 2048, 2048, 2048, 2048]","[2048, 2048, 2048, 2048, 2048, 2048, 2048, 2048]",311.0
1284,11280,18,39,2026-05-03T18:10:10.921000+00:00,33.264,35.512,26.336,206.0,186.0,False,95.112,"[2048, 2048, 2048, 2048, 2048, 2048, 2048, 2048, 2048]","[2048, 2048, 2048, 2048, 2048, 2049, 2048, 2048, 2049]","[2048, 2048, 2048, 2048, 2048, 2048, 2049, 2048]",295.0
1284,11280,43,40,2026-05-03T18:10:19.718000+00:00,32.566,35.219,25.949,211.0,185.0,False,93.734,"[None, 2049, 2048, 2048, 2048, 2048, 2048, 2048, 2048]","[2048, 2048, 2048, 2048, 2048, 2048, 2048, 2048, 2048]","[2048, 2048, 2048, 2048, 2048, 2048, 2048, 2048]",310.0
1284,11280,77,39,2026-05-03T18:10:30.077000+00:00,35.711,36.834,26.688,203.0,182.0,False,99.233,"[None, 2048, 2048, 2048, 2048, 2048, 2048, 2048, 2048]","[2048, 2048, 2048, 2048, 2048, 2048, 2048, 2048, 2048]","[2048, 2048, 2048, 2048, 2048, 2048, 2048, 2048]",288.0
1284,11280,55,40,2026-05-03T18:10:30.546000+00:00,33.087,35.018,25.883,209.0,184.0,False,93.988,"[None, 2048, 2048, 2048, 2048, 2048, 2048, 2048, 2048]","[2048, 2048, 2048, 2048, 2048, 2048, 2048, 2048, 2048]","[2048, 2048, 2048, 2048, 2048, 2048, 2048, 2048]",310.0
1284,11280,23,40,2026-05-03T18:10:36.030000+00:00,33.306,35.169,25.964,207.0,183.0,False,94.439,"[None, 2048, 2048, 2048, 2049, 2049, 2048, 2048, 2048]","[2048, 2048, 2048, 2048, 2048, 2048, 2048, 2048, 2048]","[2048, 2048, 2048, 2048, 2048, 2048, 2048, 2048]",315.0
1284,11280,87,40,2026-05-03T18:10:36.812000+00:00,33.441,35.17,25.748,207.0,181.0,False,94.359,"[None, 2048, 2048, 2048, 2048, 2048, 2048, 2048, 2048]","[2048, 2048, 2048, 2048, 2048, 2048, 2048, 2048, 2048]","[2048, 2049, 2048, 2049, 2048, 2048, 2048, 2048]",327.0
1284,11280,31,40,2026-05-03T18:10:46.678000+00:00,33.158,35.392,25.914,209.0,184.0,False,94.464,"[None, 2048, 2048, 2048, 2048, 2048, 2048, 2048, 2048]","[2048, 2048, 2048, 2048, 2048, 2048, 2048, 2048, 2048]","[2048, 2048, 2048, 2048, 2048, 2048, 2048, 2048]",305.0
1284,11280,5,40,2026-05-03T18:10:48.960000+00:00,32.782,35.369,25.884,,184.0,False,94.035,"[None, 2048, 2048, 2048, 2048, 2048, 2048, 2048, 2048]","[2048, 2048, 2048, 2048, 2048, 2048, 2048, 2048, 2048]","[2048, 2049, 2048, 2048, 2048, 2048, 2048, 2048]",304.0
1284,11280,41,40,2026-05-03T18:11:01.085000+00:00,33.038,35.381,26.262,213.0,185.0,False,94.681,"[None, 2048, 2048, 2048, 2048, 2048, 2048, 2048, 2048]","[2048, 2048, 2048, 2048, 2048, 2048, 2048, 2048, 2048]","[2048, 2048, 2048, 2048, 2048, 2048, 2049, 2048]",294.0
1284,11280,14,40,2026-05-03T18:11:11.123000+00:00,35.001,35.835,26.881,201.0,180.0,False,97.717,"[None, 2048, 2048, 2048, 2048, 2048, 2048, 2048, 2048]","[2048, 2048, 2048, 2048, 2049, 2048, 2048, 2048, 2048]","[2048, 2048, 2048, 2048, 2048, 2048, 2048, 2048]",293.0
1284,11280,12,41,2026-05-03T18:11:11.561000+00:00,32.274,34.579,25.478,211.0,186.0,False,92.331,"[None, 2048, 2048, 2048, 2048, 2048, 2048, 2048, 2048]","[2048, 2048, 2048, 2048, 2048, 2048, 2048, 2048, 2048]","[2048, 2048, 2048, 2048, 2048, 2048, 2049, 2049]",309.0
1284,11280,1,41,2026-05-03T18:11:12.045000+00:00,32.599,34.767,25.31,210.0,183.0,False,92.676,"[2048, 2048, 2048, 2048, 2048, 2048, 2048, 2048, 2048]","[2048, 2048, 2048, 2048, 2048, 2048, 2048, 2048, 2048]","[2048, 2048, 2048, 2048, 2048, 2048, 2048, 2048]",320.0
1284,11280,11,40,2026-05-03T18:11:22.602000+00:00,33.602,36.429,27.139,207.0,164.0,False,97.17,"[None, 2048, 2048, 2048, 2048, 2048, 2048, 2048, 2048]","[2048, 2048, 2048, 2048, 2048, 2048, 2048, 2048, 2048]","[2048, 2048, 2048, 2048, 2048, 2048, 2048, 2049]",260.0
1284,11280,3,41,2026-05-03T18:11:25.203000+00:00,32.602,35.135,26.038,210.0,185.0,False,93.775,"[None, 2048, 2048, 2048, 2048, 2048, 2048, 2048, 2048]","[2048, 2048, 2048, 2048, 2048, 2048, 2048, 2048, 2048]","[2048, 2048, 2048, 2048, 2048, 2048, 2048, 2048]",307.0
1284,11280,16,41,2026-05-03T18:11:29.890000+00:00,32.341,34.73,25.615,213.0,184.0,False,92.686,"[None, 2048, 2048, 2048, 2048, 2048, 2049, 2048, 2048]","[2048, 2048, 2048, 2048, 2048, 2048, 2048, 2048, 2048]","[2048, 2048, 2048, 2048, 2048, 2048, 2048, 2048]",307.0
1284,11280,81,41,2026-05-03T18:11:33.828000+00:00,32.305,34.873,25.622,,187.0,False,92.8,"[None, 2048, 2048, 2048, 2048, 2048, 2048, 2048, 2048]","[2048, 2048, 2048, 2048, 2048, 2048, 2048, 2048, 2048]","[2048, 2048, 2048, 2048, 2048, 2048, 2048, 2048]",308.0
1284,11280,63,41,2026-05-03T18:11:36.937000+00:00,32.517,34.805,25.576,212.0,187.0,False,92.898,"[None, 2048, 2048, 2048, 2048, 2048, 2048, 2048, 2048]","[2048, 2048, 2048, 2048, 2048, 2048, 2048, 2048, 2048]","[2048, 2048, 2048, 2048, 2048, 2048, 2048, 2048]",318.0
1284,11280,44,41,2026-05-03T18:11:42.402000+00:00,32.498,35.061,25.724,,186.0,False,93.283,"[None, 2048, 2048, 2048, 2048, 2048, 2048, 2048, 2048]","[2048, 2048, 2048, 2048, 2048, 2048, 2048, 2048, 2048]","[2048, 2048, 2048, 2048, 2048, 2048, 2048, 2048]",311.0
1284,11280,18,40,2026-05-03T18:11:46.096000+00:00,33.199,35.501,26.258,209.0,185.0,False,94.958,"[None, 2048, 2048, 2048, 2048, 2048, 2048, 2048, 2048]","[2048, 2048, 2048, 2048, 2048, 2048, 2048, 2048, 2048]","[2048, 2048, 2048, 2048, 2049, 2048, 2048, 2048]",295.0
1284,11280,43,41,2026-05-03T18:11:53.496000+00:00,32.636,35.344,25.823,212.0,185.0,False,93.803,"[None, 2048, 2048, 2048, 2048, 2048, 2048, 2048, 2048]","[2048, 2048, 2048, 2048, 2048, 2048, 2048, 2048, 2048]","[2048, 2048, 2048, 2048, 2048, 2048, 2048, 2049]",310.0
1284,11280,55,41,2026-05-03T18:12:04.518000+00:00,33.181,35.204,25.93,210.0,184.0,False,94.315,"[None, 2048, 2048, 2048, 2048, 2048, 2048, 2048, 2048]","[2048, 2048, 2048, 2048, 2048, 2048, 2048, 2048, 2048]","[2048, 2048, 2048, 2048, 2048, 2048, 2048, 2048]",309.0
1284,11280,77,40,2026-05-03T18:12:09.408000+00:00,37.314,36.502,26.379,205.0,181.0,False,100.195,"[None, 2049, 2048, 2048, 2048, 2048, 2048, 2048, 2048]","[2048, 2048, 2048, 2048, 2048, 2048, 2048, 2048, 2048]","[2048, 2048, 2048, 2048, 2048, 2048, 2048, 2048]",296.0
1284,11280,23,41,2026-05-03T18:12:10.393000+00:00,33.2,35.07,25.902,210.0,185.0,False,94.172,"[None, 2048, 2048, 2048, 2048, 2049, 2049, 2048, 2048]","[2048, 2048, 2048, 2048, 2048, 2048, 2048, 2048, 2048]","[2048, 2048, 2048, 2048, 2048, 2048, 2048, 2048]",311.0
1284,11280,87,41,2026-05-03T18:12:11.190000+00:00,33.491,35.262,25.691,212.0,182.0,False,94.444,"[None, 2048, 2048, 2048, 2048, 2048, 2048, 2048, 2048]","[2049, 2048, 2048, 2048, 2049, 2048, 2048, 2048, 2048]","[2048, 2048, 2048, 2048, 2048, 2048, 2048, 2048]",321.0
1284,11280,31,41,2026-05-03T18:12:21.049000+00:00,33.009,35.514,25.926,212.0,187.0,False,94.449,"[None, 2049, 2048, 2048, 2048, 2048, 2048, 2048, 2048]","[2048, 2048, 2048, 2048, 2048, 2048, 2048, 2048, 2048]","[2048, 2048, 2048, 2048, 2048, 2048, 2048, 2048]",306.0
1284,11280,5,41,2026-05-03T18:12:23.049000+00:00,32.707,35.255,25.677,213.0,184.0,False,93.639,"[None, 2048, 2048, 2048, 2048, 2048, 2048, 2048, 2048]","[2049, 2048, 2048, 2048, 2048, 2048, 2048, 2048, 2048]","[2049, 2049, 2049, 2048, 2048, 2048, 2048, 2048]",313.0
1284,11280,41,41,2026-05-03T18:12:35.756000+00:00,32.956,35.391,26.329,215.0,185.0,False,94.676,"[None, 2048, 2048, 2048, 2049, 2048, 2048, 2048, 2048]","[2048, 2048, 2048, 2048, 2048, 2048, 2048, 2048, 2048]","[2048, 2048, 2048, 2048, 2048, 2048, 2048, 2048]",294.0
1284,11280,12,42,2026-05-03T18:12:43.771000+00:00,32.173,34.72,25.603,213.0,186.0,False,92.496,"[2049, 2048, 2048, 2048, 2048, 2048, 2048, 2049, 2048]","[2048, 2048, 2048, 2048, 2048, 2048, 2048, 2048, 2048]","[2048, 2048, 2048, 2048, 2048, 2048, 2048, 2048]",311.0
1284,11280,1,42,2026-05-03T18:12:44.756000+00:00,32.325,34.922,25.415,213.0,186.0,False,92.662,"[None, 2048, 2048, 2048, 2048, 2048, 2048, 2048, 2048]","[2048, 2048, 2048, 2048, 2048, 2048, 2048, 2048, 2048]","[2048, 2048, 2048, 2048, 2048, 2048, 2048, 2049]",319.0
1284,11280,14,41,2026-05-03T18:12:48.865000+00:00,33.744,36.309,31.736,202.0,181.0,False,101.789,"[None, 2048, 2048, 2048, 2048, 2048, 2048, 2048, 2048]","[2048, 2048, 2048, 2048, 2048, 2048, 2048, 2048, 2048]","[2048, 2048, 2048, 2048, 2048, 2048, 2064, 2064]",290.0
1284,11280,3,42,2026-05-03T18:12:58.842000+00:00,32.465,34.912,26.005,213.0,187.0,False,93.382,"[None, 2048, 2048, 2048, 2048, 2048, 2048, 2048, 2048]","[2048, 2048, 2048, 2048, 2048, 2048, 2048, 2048, 2048]","[2048, 2048, 2048, 2048, 2048, 2048, 2048, 2048]",307.0
1284,11280,11,41,2026-05-03T18:12:59.775000+00:00,33.548,37.053,26.749,211.0,117.0,False,97.35,"[2049, 2048, 2048, 2048, 2048, 2048, 2048, 2048, 2048]","[2049, 2048, 2048, 2048, 2048, 2048, 2048, 2048, 2048]","[2048, 2048, 2048, 2048, 2048, 2048, 2048, 2048]",296.0
1284,11280,16,42,2026-05-03T18:13:02.670000+00:00,32.45,34.911,25.681,212.0,186.0,False,93.042,"[None, 2048, 2048, 2048, 2048, 2048, 2048, 2048, 2048]","[2048, 2048, 2048, 2048, 2048, 2048, 2048, 2048, 2048]","[2048, 2048, 2048, 2048, 2048, 2048, 2048, 2048]",306.0
1284,11280,81,42,2026-05-03T18:13:06.611000+00:00,32.163,34.908,25.593,,186.0,False,92.664,"[None, 2048, 2048, 2048, 2048, 2049, 2049, 2048, 2048]","[2048, 2048, 2048, 2048, 2048, 2048, 2048, 2048, 2048]","[2048, 2048, 2048, 2048, 2048, 2048, 2048, 2048]",312.0
1284,11280,63,42,2026-05-03T18:13:09.737000+00:00,32.502,34.916,25.78,211.0,186.0,False,93.198,"[None, 2048, 2048, 2048, 2048, 2048, 2048, 2048, 2048]","[2048, 2048, 2048, 2048, 2048, 2048, 2048, 2048, 2048]","[2048, 2048, 2048, 2048, 2048, 2048, 2048, 2048]",317.0
1284,11280,44,42,2026-05-03T18:13:15.711000+00:00,32.407,35.066,25.764,,186.0,False,93.237,"[None, 2048, 2048, 2048, 2048, 2048, 2049, 2048, 2048]","[2048, 2048, 2048, 2048, 2048, 2048, 2048, 2048, 2048]","[2048, 2048, 2048, 2048, 2048, 2048, 2048, 2048]",306.0
1284,11280,18,41,2026-05-03T18:13:20.971000+00:00,33.211,35.579,26.354,207.0,185.0,False,95.144,"[None, 2048, 2048, 2049, 2048, 2048, 2048, 2048, 2048]","[2048, 2048, 2048, 2048, 2048, 2048, 2048, 2048, 2048]","[2048, 2048, 2048, 2048, 2048, 2048, 2048, 2048]",293.0
1284,11280,43,42,2026-05-03T18:13:27.402000+00:00,32.697,35.298,25.864,209.0,185.0,False,93.859,"[None, 2049, 2048, 2048, 2048, 2048, 2049, 2048, 2048]","[2048, 2048, 2048, 2048, 2048, 2048, 2048, 2048, 2048]","[2048, 2048, 2048, 2048, 2048, 2048, 2048, 2048]",311.0
1284,11280,55,42,2026-05-03T18:13:38.819000+00:00,33.046,35.349,25.999,209.0,185.0,False,94.394,"[None, 2048, 2048, 2048, 2048, 2048, 2048, 2048, 2048]","[2048, 2048, 2048, 2048, 2048, 2048, 2048, 2048, 2048]","[2048, 2048, 2048, 2048, 2048, 2048, 2048, 2048]",308.0
1284,11280,23,42,2026-05-03T18:13:44.619000+00:00,33.177,35.213,25.976,209.0,184.0,False,94.366,"[None, 2048, 2048, 2048, 2048, 2048, 2048, 2048, 2048]","[2048, 2048, 2048, 2048, 2048, 2048, 2048, 2048, 2048]","[2048, 2048, 2048, 2048, 2048, 2048, 2048, 2048]",310.0
1284,11280,87,42,2026-05-03T18:13:45.696000+00:00,33.396,35.257,25.755,209.0,182.0,False,94.408,"[None, 2048, 2048, 2048, 2048, 2048, 2049, 2048, 2048]","[2048, 2048, 2048, 2048, 2048, 2048, 2048, 2048, 2048]","[2048, 2048, 2048, 2048, 2048, 2048, 2048, 2048]",321.0
1284,11280,77,41,2026-05-03T18:13:49.447000+00:00,34.669,36.747,26.439,204.0,182.0,False,97.855,"[None, 2048, 2048, 2048, 2048, 2048, 2048, 2048, 2048]","[2048, 2048, 2048, 2048, 2048, 2048, 2048, 2048, 2048]","[2048, 2048, 2048, 2048, 2048, 2048, 2048, 2048]",293.0
1284,11280,31,42,2026-05-03T18:13:55.471000+00:00,33.019,35.555,26.015,,184.0,False,94.589,"[None, 2048, 2048, 2048, 2048, 2048, 2048, 2048, 2048]","[2048, 2048, 2048, 2048, 2048, 2048, 2048, 2048, 2048]","[2048, 2048, 2048, 2048, 2048, 2048, 2048, 2048]",308.0
1284,11280,5,42,2026-05-03T18:13:56.611000+00:00,32.881,35.15,26.011,212.0,182.0,False,94.042,"[None, 2048, 2048, 2048, 2048, 2048, 2048, 2048, 2048]","[2048, 2048, 2048, 2048, 2049, 2048, 2048, 2048, 2048]","[2048, 2049, 2049, 2048, 2048, 2048, 2048, 2048]",310.0
1284,11280,41,42,2026-05-03T18:14:10.455000+00:00,33.025,35.39,26.095,212.0,185.0,False,94.51,"[None, 2048, 2048, 2048, 2048, 2048, 2049, 2048, 2048]","[2048, 2048, 2048, 2048, 2048, 2048, 2048, 2048, 2048]","[2048, 2048, 2048, 2048, 2048, 2048, 2049, 2048]",302.0
1284,11280,12,43,2026-05-03T18:14:16.205000+00:00,32.087,34.567,25.532,210.0,185.0,False,92.186,"[2048, 2048, 2048, 2048, 2048, 2048, 2051, 2048, 2048]","[2048, 2048, 2048, 2048, 2048, 2048, 2048, 2048, 2048]","[2048, 2048, 2048, 2048, 2048, 2048, 2048, 2048]",314.0
1284,11280,1,43,2026-05-03T18:14:17.471000+00:00,32.159,34.897,25.435,207.0,186.0,False,92.491,"[None, 2048, 2048, 2048, 2048, 2049, 2048, 2048, 2048]","[2048, 2048, 2048, 2048, 2048, 2048, 2048, 2048, 2048]","[2048, 2048, 2048, 2048, 2048, 2048, 2048, 2048]",318.0
1284,11280,14,42,2026-05-03T18:14:30.551000+00:00,47.823,35.177,26.347,209.0,184.0,True,109.347,"[2064, 2064, 2064, 2048, 2048, 2048, 2049, 2049, 2049]","[2048, 2048, 2048, 2048, 2048, 2049, 2049, 2048, 2049]","[2048, 2048, 2048, 2048, 2048, 2048, 2049, 2048]",295.0
1284,11280,3,43,2026-05-03T18:14:32.344000+00:00,32.505,35.118,26.116,,186.0,False,93.739,"[None, 2048, 2048, 2048, 2048, 2048, 2048, 2048, 2048]","[2048, 2048, 2048, 2048, 2048, 2048, 2048, 2048, 2048]","[2048, 2048, 2048, 2048, 2048, 2048, 2048, 2048]",306.0
1284,11280,16,43,2026-05-03T18:14:35.586000+00:00,32.264,34.738,25.61,213.0,184.0,False,92.612,"[None, 2048, 2048, 2048, 2048, 2048, 2049, 2049, 2048]","[2048, 2048, 2048, 2048, 2048, 2048, 2048, 2048, 2048]","[2048, 2048, 2048, 2048, 2048, 2048, 2048, 2048]",310.0
1284,11280,11,42,2026-05-03T18:14:37.049000+00:00,33.682,36.926,26.07,208.0,183.0,False,96.678,"[2048, 2048, 2048, 2048, 2048, 2048, 2048, 2048, 2048]","[2048, 2048, 2048, 2048, 2048, 2048, 2048, 2048, 2048]","[2048, 2048, 2048, 2048, 2048, 2048, 2048, 2048]",304.0
1284,11280,81,43,2026-05-03T18:14:39.269000+00:00,32.384,34.8,25.654,211.0,187.0,False,92.838,"[None, 2048, 2048, 2048, 2048, 2048, 2048, 2048, 2048]","[2048, 2048, 2048, 2048, 2048, 2048, 2048, 2048, 2048]","[2048, 2048, 2048, 2049, 2048, 2048, 2049, 2048]",309.0
1284,11280,63,43,2026-05-03T18:14:43.010000+00:00,32.571,35.038,25.684,212.0,187.0,False,93.293,"[None, 2048, 2048, 2048, 2048, 2048, 2048, 2048, 2048]","[2048, 2048, 2048, 2048, 2048, 2048, 2048, 2048, 2048]","[2048, 2048, 2048, 2048, 2048, 2048, 2048, 2048]",319.0
1284,11280,44,43,2026-05-03T18:14:48.975000+00:00,32.487,34.988,25.654,212.0,185.0,False,93.129,"[None, 2048, 2048, 2048, 2048, 2048, 2048, 2048, 2048]","[2048, 2048, 2048, 2048, 2048, 2048, 2048, 2048, 2048]","[2048, 2048, 2048, 2048, 2048, 2048, 2048, 2048]",313.0
1284,11280,18,42,2026-05-03T18:14:56.168000+00:00,33.272,35.65,26.402,208.0,185.0,False,95.324,"[None, 2048, 2048, 2048, 2048, 2048, 2048, 2048, 2048]","[2048, 2048, 2048, 2048, 2048, 2048, 2048, 2048, 2048]","[2048, 2048, 2048, 2048, 2048, 2048, 2048, 2048]",291.0
1284,11280,43,43,2026-05-03T18:15:01.244000+00:00,32.498,35.182,25.736,213.0,185.0,False,93.416,"[None, 2048, 2048, 2049, 2049, 2048, 2048, 2048, 2048]","[2048, 2048, 2048, 2048, 2048, 2048, 2048, 2048, 2048]","[2048, 2048, 2048, 2048, 2048, 2048, 2048, 2048]",312.0
1284,11280,55,43,2026-05-03T18:15:13.295000+00:00,33.051,35.254,25.936,212.0,185.0,False,94.241,"[None, 2048, 2048, 2048, 2048, 2048, 2048, 2048, 2048]","[2048, 2048, 2048, 2048, 2048, 2048, 2048, 2048, 2048]","[2048, 2048, 2048, 2048, 2048, 2048, 2048, 2048]",309.0
1284,11280,23,43,2026-05-03T18:15:19.014000+00:00,33.084,35.28,25.926,,183.0,False,94.29,"[None, 2048, 2048, 2048, 2049, 2049, 2048, 2048, 2048]","[2048, 2048, 2048, 2048, 2048, 2048, 2048, 2048, 2048]","[2048, 2048, 2048, 2048, 2048, 2048, 2048, 2048]",309.0
1284,11280,87,43,2026-05-03T18:15:20.118000+00:00,33.431,35.467,25.981,204.0,182.0,False,94.879,"[None, 2048, 2048, 2048, 2048, 2049, 2048, 2048, 2048]","[2048, 2048, 2048, 2048, 2048, 2048, 2048, 2048, 2048]","[2048, 2048, 2048, 2048, 2048, 2048, 2048, 2048]",317.0
1284,11280,77,42,2026-05-03T18:15:27.436000+00:00,34.569,39.095,26.459,205.0,181.0,False,100.123,"[None, 2048, 2048, 2048, 2048, 2048, 2048, 2048, 2048]","[2048, 2048, 2048, 2048, 2048, 2048, 2048, 2048, 2048]","[2048, 2048, 2048, 2049, 2048, 2048, 2048, 2048]",306.0
1284,11280,31,43,2026-05-03T18:15:30.069000+00:00,33.189,35.412,25.991,,187.0,False,94.592,"[None, 2048, 2048, 2048, 2048, 2048, 2048, 2048, 2048]","[2048, 2048, 2048, 2048, 2048, 2048, 2048, 2048, 2048]","[2048, 2048, 2048, 2048, 2048, 2048, 2049, 2048]",305.0
1284,11280,5,43,2026-05-03T18:15:30.668000+00:00,33.27,35.409,26.059,210.0,181.0,False,94.738,"[None, 2048, 2048, 2048, 2048, 2048, 2048, 2048, 2048]","[2048, 2048, 2048, 2048, 2048, 2048, 2048, 2048, 2048]","[2048, 2048, 2048, 2048, 2048, 2048, 2048, 2049]",302.0
1284,11280,41,43,2026-05-03T18:15:44.818000+00:00,33.056,35.481,26.149,,184.0,False,94.686,"[None, 2048, 2048, 2048, 2048, 2048, 2048, 2048, 2048]","[2048, 2048, 2048, 2048, 2048, 2048, 2048, 2048, 2048]","[2048, 2048, 2048, 2048, 2048, 2048, 2048, 2048]",299.0
1284,11280,12,44,2026-05-03T18:15:48.453000+00:00,32.144,34.561,25.506,213.0,185.0,False,92.211,"[None, 2048, 2048, 2048, 2048, 2048, 2048, 2048, 2048]","[2048, 2048, 2048, 2048, 2048, 2048, 2048, 2048, 2048]","[2048, 2048, 2048, 2048, 2048, 2048, 2048, 2048]",319.0
1284,11280,1,44,2026-05-03T18:15:49.947000+00:00,32.378,34.747,25.466,212.0,186.0,False,92.591,"[None, 2048, 2048, 2048, 2048, 2048, 2048, 2048, 2048]","[2048, 2048, 2048, 2048, 2048, 2048, 2048, 2048, 2048]","[2048, 2048, 2048, 2048, 2048, 2048, 2051, 2048]",317.0
1284,11280,3,44,2026-05-03T18:16:06.061000+00:00,32.412,35.029,26.21,215.0,187.0,False,93.651,"[None, 2048, 2048, 2048, 2049, 2048, 2048, 2048, 2048]","[2048, 2048, 2048, 2048, 2048, 2048, 2048, 2048, 2048]","[2048, 2048, 2048, 2048, 2048, 2048, 2048, 2048]",306.0
1284,11280,16,44,2026-05-03T18:16:08.264000+00:00,32.323,34.622,25.57,,182.0,False,92.515,"[None, 2048, 2048, 2048, 2048, 2048, 2048, 2049, 2048]","[2048, 2048, 2048, 2048, 2048, 2048, 2048, 2048, 2048]","[2048, 2048, 2048, 2048, 2048, 2048, 2048, 2048]",311.0
1284,11280,81,44,2026-05-03T18:16:12.135000+00:00,32.152,34.994,25.638,214.0,187.0,False,92.784,"[None, 2048, 2048, 2048, 2048, 2049, 2048, 2048, 2048]","[2049, 2048, 2048, 2048, 2048, 2048, 2048, 2048, 2048]","[2048, 2048, 2048, 2048, 2048, 2048, 2048, 2048]",309.0
1284,11280,11,43,2026-05-03T18:16:13.696000+00:00,33.711,37.059,26.409,,131.0,False,97.179,"[None, 2048, 2048, 2048, 2048, 2048, 2048, 2048, 2048]","[2048, 2048, 2048, 2048, 2048, 2048, 2048, 2048, 2048]","[2048, 2048, 2048, 2048, 2048, 2048, 2048, 2049]",304.0
1284,11280,63,44,2026-05-03T18:16:16.364000+00:00,32.575,35.405,25.767,211.0,186.0,False,93.747,"[None, 2048, 2048, 2048, 2048, 2048, 2048, 2048, 2048]","[2048, 2048, 2048, 2048, 2048, 2048, 2048, 2048, 2048]","[2048, 2048, 2048, 2048, 2048, 2048, 2048, 2048]",313.0
1284,11280,14,43,2026-05-03T18:16:19.919000+00:00,33.03,35.525,26.995,,179.0,False,95.55,"[2048, 2049, 2048, 2048, 2048, 2049, 2048, 2048, 2049]","[2048, 2048, 2048, 2048, 2049, 2048, 2048, 2048, 2048]","[2048, 2048, 2048, 2048, 2048, 2048, 2049, 2048]",275.0
1284,11280,44,44,2026-05-03T18:16:22.102000+00:00,32.477,35.037,25.379,209.0,184.0,False,92.893,"[None, 2048, 2048, 2048, 2048, 2048, 2048, 2048, 2048]","[2048, 2048, 2048, 2048, 2048, 2048, 2048, 2048, 2048]","[2049, 2048, 2048, 2048, 2048, 2048, 2049, 2049]",317.0
1284,11280,18,43,2026-05-03T18:16:31.535000+00:00,33.036,35.704,26.485,,187.0,False,95.225,"[None, 2048, 2048, 2048, 2048, 2048, 2048, 2048, 2048]","[2048, 2048, 2048, 2048, 2048, 2048, 2048, 2048, 2049]","[2048, 2048, 2048, 2048, 2048, 2048, 2048, 2048]",290.0
1284,11280,43,44,2026-05-03T18:16:34.557000+00:00,32.541,35.173,25.67,211.0,187.0,False,93.384,"[None, 2048, 2048, 2048, 2048, 2049, 2048, 2048, 2048]","[2048, 2048, 2048, 2048, 2048, 2048, 2048, 2048, 2048]","[2049, 2048, 2048, 2048, 2048, 2048, 2048, 2048]",316.0
1284,11280,55,44,2026-05-03T18:16:47.618000+00:00,32.919,34.999,25.948,213.0,185.0,False,93.866,"[None, 2048, 2048, 2048, 2049, 2049, 2048, 2048, 2048]","[2048, 2048, 2048, 2048, 2048, 2048, 2048, 2048, 2048]","[2048, 2048, 2048, 2048, 2048, 2048, 2048, 2048]",309.0
1284,11280,23,44,2026-05-03T18:16:53.238000+00:00,33.002,35.108,26.029,,186.0,False,94.139,"[None, 2048, 2048, 2048, 2049, 2048, 2048, 2048, 2048]","[2048, 2048, 2048, 2048, 2048, 2048, 2048, 2048, 2048]","[2048, 2048, 2048, 2048, 2048, 2048, 2048, 2048]",307.0
1284,11280,87,44,2026-05-03T18:16:54.945000+00:00,33.342,35.301,25.839,210.0,183.0,False,94.482,"[None, 2048, 2048, 2048, 2048, 2048, 2048, 2048, 2048]","[2048, 2048, 2048, 2048, 2048, 2048, 2048, 2048, 2048]","[2048, 2048, 2048, 2048, 2048, 2048, 2048, 2048]",312.0
1284,11280,31,44,2026-05-03T18:17:04.710000+00:00,33.04,35.515,25.972,214.0,186.0,False,94.527,"[None, 2048, 2048, 2048, 2048, 2048, 2048, 2048, 2048]","[2048, 2048, 2048, 2048, 2048, 2048, 2048, 2048, 2048]","[2048, 2048, 2048, 2048, 2048, 2048, 2049, 2048]",304.0
1284,11280,5,44,2026-05-03T18:17:05.388000+00:00,33.011,35.519,25.98,212.0,183.0,False,94.51,"[None, 2048, 2048, 2048, 2048, 2048, 2048, 2048, 2048]","[2048, 2048, 2048, 2048, 2048, 2048, 2048, 2048, 2048]","[2048, 2048, 2048, 2048, 2048, 2048, 2049, 2048]",302.0
1284,11280,77,43,2026-05-03T18:17:07.419000+00:00,34.73,36.503,26.408,204.0,182.0,False,97.641,"[None, 2048, 2048, 2048, 2048, 2048, 2048, 2048, 2048]","[2048, 2048, 2048, 2048, 2048, 2048, 2048, 2048, 2048]","[2048, 2048, 2048, 2048, 2048, 2048, 2048, 2048]",294.0
1284,11280,41,44,2026-05-03T18:17:19.529000+00:00,36.742,35.518,26.157,200.0,182.0,False,98.417,"[None, 2048, 2048, 2048, 2048, 2048, 2048, 2048, 2048]","[2048, 2048, 2048, 2048, 2048, 2048, 2048, 2048, 2048]","[2048, 2048, 2048, 2048, 2048, 2048, 2048, 2048]",300.0
1284,11280,12,45,2026-05-03T18:17:20.538000+00:00,32.121,34.66,25.618,,186.0,False,92.399,"[None, 2048, 2048, 2048, 2048, 2048, 2048, 2048, 2048]","[2048, 2048, 2048, 2048, 2048, 2048, 2048, 2048, 2048]","[2048, 2048, 2048, 2048, 2048, 2048, 2048, 2048]",311.0
1284,11280,1,45,2026-05-03T18:17:22.559000+00:00,32.091,34.829,25.549,211.0,186.0,False,92.469,"[None, 2048, 2048, 2048, 2048, 2048, 2048, 2048, 2048]","[2048, 2048, 2048, 2048, 2049, 2048, 2048, 2048, 2048]","[2048, 2048, 2048, 2048, 2048, 2048, 2048, 2048]",314.0
1284,11280,3,45,2026-05-03T18:17:39.670000+00:00,32.439,34.922,26.087,213.0,188.0,False,93.448,"[None, 2048, 2048, 2048, 2048, 2048, 2048, 2048, 2048]","[2048, 2048, 2048, 2048, 2048, 2048, 2048, 2048, 2048]","[2049, 2048, 2048, 2048, 2048, 2048, 2048, 2048]",306.0
1284,11280,16,45,2026-05-03T18:17:40.726000+00:00,32.502,34.867,25.505,212.0,184.0,False,92.874,"[None, 2048, 2048, 2048, 2048, 2048, 2048, 2048, 2048]","[2049, 2048, 2048, 2048, 2048, 2048, 2048, 2048, 2048]","[2048, 2048, 2048, 2048, 2048, 2048, 2048, 2048]",315.0
1284,11280,81,45,2026-05-03T18:17:44.887000+00:00,32.012,34.817,25.469,210.0,187.0,False,92.298,"[None, 2048, 2048, 2048, 2048, 2049, 2049, 2048, 2048]","[2048, 2048, 2048, 2048, 2049, 2048, 2048, 2048, 2048]","[2049, 2048, 2048, 2048, 2048, 2048, 2049, 2048]",311.0
1284,11280,63,45,2026-05-03T18:17:50.018000+00:00,32.51,34.887,25.673,212.0,187.0,False,93.07,"[None, 2048, 2048, 2048, 2048, 2048, 2048, 2049, 2048]","[2048, 2048, 2048, 2048, 2048, 2048, 2048, 2048, 2048]","[2048, 2048, 2048, 2048, 2048, 2048, 2048, 2048]",313.0
1284,11280,11,44,2026-05-03T18:17:50.999000+00:00,33.8,35.652,26.105,206.0,181.0,False,95.557,"[2049, 2048, 2048, 2048, 2048, 2048, 2048, 2048, 2048]","[2048, 2048, 2048, 2048, 2048, 2048, 2048, 2048, 2048]","[2048, 2048, 2048, 2048, 2048, 2048, 2048, 2048]",300.0
1284,11280,44,45,2026-05-03T18:17:55.019000+00:00,32.469,34.995,25.665,203.0,186.0,False,93.129,"[None, 2049, 2048, 2048, 2048, 2048, 2048, 2048, 2048]","[2048, 2048, 2048, 2048, 2048, 2048, 2048, 2048, 2048]","[2048, 2048, 2048, 2048, 2048, 2048, 2048, 2048]",315.0
1284,11280,14,44,2026-05-03T18:17:55.436000+00:00,32.733,35.079,25.7,207.0,185.0,False,93.512,"[None, 2048, 2048, 2049, 2049, 2049, 2048, 2049, 2048]","[2048, 2048, 2048, 2048, 2049, 2048, 2048, 2048, 2049]","[2049, 2049, 2048, 2048, 2048, 2048, 2048, 2048]",316.0
1284,11280,18,44,2026-05-03T18:18:06.639000+00:00,35.224,35.799,26.356,210.0,184.0,False,97.379,"[None, 2048, 2048, 2048, 2048, 2048, 2048, 2048, 2048]","[2049, 2048, 2048, 2048, 2048, 2048, 2048, 2048, 2048]","[2048, 2048, 2048, 2048, 2048, 2048, 2049, 2048]",296.0
1284,11280,43,45,2026-05-03T18:18:08.018000+00:00,32.704,35.293,25.954,212.0,185.0,False,93.951,"[None, 2048, 2048, 2048, 2048, 2048, 2049, 2048, 2048]","[2048, 2048, 2048, 2048, 2048, 2048, 2048, 2048, 2048]","[2048, 2048, 2048, 2048, 2048, 2048, 2048, 2048]",309.0
1284,11280,55,45,2026-05-03T18:18:21.366000+00:00,33.018,35.061,25.967,,186.0,False,94.046,"[None, 2048, 2048, 2048, 2048, 2048, 2049, 2048, 2048]","[2048, 2048, 2048, 2048, 2048, 2048, 2048, 2048, 2048]","[2048, 2048, 2048, 2048, 2048, 2048, 2048, 2048]",309.0
1284,11280,23,45,2026-05-03T18:18:27.438000+00:00,33.156,35.091,26.063,210.0,185.0,False,94.31,"[None, 2048, 2048, 2048, 2048, 2048, 2048, 2048, 2048]","[2048, 2048, 2048, 2048, 2048, 2048, 2048, 2048, 2048]","[2048, 2048, 2048, 2049, 2048, 2048, 2048, 2048]",308.0
1284,11280,87,45,2026-05-03T18:18:29.447000+00:00,33.221,35.44,25.927,,184.0,False,94.588,"[None, 2048, 2048, 2048, 2048, 2048, 2048, 2048, 2048]","[2048, 2048, 2048, 2048, 2048, 2048, 2048, 2048, 2048]","[2048, 2048, 2048, 2048, 2048, 2048, 2048, 2048]",312.0
1284,11280,31,45,2026-05-03T18:18:39.173000+00:00,32.99,35.607,26.209,211.0,185.0,False,94.806,"[None, 2048, 2048, 2048, 2048, 2049, 2048, 2048, 2048]","[2048, 2048, 2048, 2048, 2048, 2048, 2048, 2048, 2048]","[2048, 2048, 2048, 2048, 2048, 2048, 2048, 2048]",303.0
1284,11280,5,45,2026-05-03T18:18:39.918000+00:00,32.871,35.523,26.033,213.0,183.0,False,94.427,"[None, 2048, 2048, 2048, 2048, 2048, 2048, 2048, 2048]","[2049, 2048, 2048, 2048, 2048, 2048, 2048, 2048, 2048]","[2049, 2048, 2048, 2048, 2048, 2048, 2049, 2049]",295.0
1284,11280,77,44,2026-05-03T18:18:45.111000+00:00,34.689,36.544,26.647,207.0,182.0,False,97.88,"[None, 2049, 2048, 2048, 2048, 2048, 2048, 2048, 2048]","[2048, 2048, 2048, 2048, 2048, 2048, 2048, 2048, 2048]","[2048, 2048, 2048, 2048, 2048, 2048, 2048, 2048]",298.0
1284,11280,12,46,2026-05-03T18:18:53.029000+00:00,32.103,34.801,25.627,211.0,185.0,False,92.531,"[None, 2048, 2048, 2048, 2048, 2048, 2048, 2048, 2048]","[2048, 2048, 2048, 2048, 2048, 2048, 2048, 2048, 2048]","[2048, 2048, 2048, 2048, 2048, 2048, 2048, 2048]",314.0
1284,11280,1,46,2026-05-03T18:18:54.936000+00:00,32.259,34.78,25.676,,186.0,False,92.715,"[None, 2048, 2048, 2048, 2048, 2048, 2048, 2048, 2048]","[2048, 2048, 2048, 2048, 2049, 2048, 2048, 2048, 2048]","[2048, 2048, 2048, 2048, 2048, 2048, 2048, 2048]",313.0
1284,11280,41,45,2026-05-03T18:18:57.991000+00:00,32.977,35.471,26.15,213.0,185.0,False,94.598,"[None, 2048, 2048, 2048, 2051, 2048, 2048, 2048, 2048]","[2048, 2048, 2048, 2048, 2048, 2048, 2048, 2048, 2048]","[2048, 2048, 2048, 2048, 2048, 2048, 2048, 2048]",302.0
1284,11280,3,46,2026-05-03T18:19:13.118000+00:00,32.459,35.079,26.155,,188.0,False,93.693,"[None, 2048, 2048, 2048, 2048, 2048, 2048, 2048, 2048]","[2048, 2048, 2048, 2048, 2048, 2048, 2048, 2048, 2048]","[2048, 2048, 2048, 2048, 2048, 2048, 2048, 2048]",305.0
1284,11280,16,46,2026-05-03T18:19:13.687000+00:00,32.72,34.919,25.829,209.0,181.0,False,93.468,"[None, 2048, 2048, 2048, 2048, 2048, 2048, 2048, 2048]","[2048, 2048, 2048, 2048, 2048, 2048, 2048, 2048, 2048]","[2048, 2048, 2048, 2048, 2048, 2048, 2049, 2051]",309.0
1284,11280,81,46,2026-05-03T18:19:17.162000+00:00,32.078,34.855,25.563,214.0,187.0,False,92.496,"[None, 2048, 2048, 2048, 2048, 2048, 2049, 2048, 2048]","[2049, 2048, 2048, 2048, 2048, 2048, 2048, 2048, 2048]","[2048, 2048, 2048, 2048, 2048, 2048, 2048, 2048]",312.0
1284,11280,63,46,2026-05-03T18:19:23.095000+00:00,32.508,34.979,25.815,,187.0,False,93.302,"[None, 2048, 2048, 2048, 2048, 2048, 2049, 2048, 2048]","[2048, 2048, 2048, 2048, 2048, 2048, 2048, 2048, 2048]","[2048, 2048, 2048, 2048, 2048, 2048, 2049, 2048]",313.0
1284,11280,11,45,2026-05-03T18:19:26.443000+00:00,33.806,36.619,25.951,205.0,181.0,False,96.376,"[2048, 2048, 2048, 2048, 2048, 2048, 2048, 2048, 2048]","[2048, 2048, 2048, 2048, 2048, 2048, 2048, 2048, 2048]","[2048, 2048, 2048, 2048, 2048, 2048, 2048, 2048]",304.0
1284,11280,44,46,2026-05-03T18:19:28.246000+00:00,32.768,34.791,25.576,205.0,185.0,False,93.135,"[None, 2048, 2048, 2048, 2048, 2048, 2048, 2048, 2048]","[2048, 2048, 2048, 2048, 2048, 2048, 2048, 2048, 2048]","[2048, 2048, 2048, 2048, 2048, 2048, 2048, 2048]",312.0
1284,11280,14,45,2026-05-03T18:19:28.987000+00:00,33.059,35.618,25.917,,183.0,False,94.594,"[None, 2048, 2048, 2049, 2048, 2048, 2048, 2048, 2048]","[2048, 2048, 2048, 2048, 2048, 2048, 2048, 2048, 2048]","[2048, 2048, 2048, 2049, 2048, 2049, 2048, 2048]",306.0
1284,11280,43,46,2026-05-03T18:19:41.970000+00:00,32.605,35.272,25.735,213.0,186.0,False,93.612,"[None, 2048, 2048, 2048, 2048, 2048, 2048, 2048, 2048]","[2048, 2048, 2048, 2048, 2048, 2048, 2048, 2048, 2048]","[2048, 2048, 2048, 2048, 2048, 2048, 2048, 2048]",310.0
1284,11280,18,45,2026-05-03T18:19:44.103000+00:00,33.012,35.556,26.252,,184.0,False,94.82,"[None, 2048, 2048, 2048, 2049, 2048, 2049, 2049, 2048]","[2049, 2048, 2048, 2048, 2048, 2048, 2048, 2048, 2048]","[2048, 2048, 2048, 2048, 2048, 2048, 2048, 2048]",298.0
1284,11280,55,46,2026-05-03T18:19:55.375000+00:00,33.012,35.133,25.925,,185.0,False,94.07,"[None, 2048, 2048, 2048, 2048, 2048, 2048, 2048, 2048]","[2048, 2048, 2048, 2048, 2048, 2048, 2048, 2048, 2048]","[2048, 2048, 2048, 2048, 2048, 2048, 2048, 2048]",310.0
1284,11280,23,46,2026-05-03T18:20:01.701000+00:00,,35.034,26.009,209.0,184.0,False,94.199,"[None, 2048, 2048, 2048, 2048, 2048, 2048, 2048, 2048]","[2048, 2048, 2048, 2048, 2048, 2048, 2048, 2048, 2048]","[2048, 2048, 2048, 2048, 2048, 2048, 2048, 2048]",309.0
1284,11280,87,46,2026-05-03T18:20:03.945000+00:00,33.212,35.318,25.823,208.0,184.0,False,94.353,"[None, 2048, 2048, 2048, 2048, 2048, 2048, 2048, 2048]","[2048, 2048, 2048, 2048, 2048, 2048, 2048, 2048, 2048]","[2048, 2048, 2048, 2048, 2048, 2048, 2048, 2048]",312.0
1284,11280,31,46,2026-05-03T18:20:13.956000+00:00,33.245,36.421,25.989,,182.0,False,95.655,"[None, 2048, 2048, 2048, 2048, 2048, 2048, 2048, 2048]","[2048, 2048, 2048, 2048, 2048, 2048, 2048, 2048, 2048]","[2048, 2048, 2048, 2048, 2048, 2048, 2048, 2049]",317.0
1284,11280,5,46,2026-05-03T18:20:14.479000+00:00,33.407,35.2,26.256,,183.0,False,94.863,"[2049, 2048, 2048, 2048, 2048, 2048, 2048, 2048, 2048]","[2049, 2048, 2048, 2048, 2048, 2048, 2048, 2048, 2048]","[2048, 2048, 2048, 2048, 2048, 2048, 2048, 2048]",291.0
1284,11280,77,45,2026-05-03T18:20:23.021000+00:00,34.68,39.534,26.441,206.0,178.0,False,100.655,"[None, 2048, 2048, 2048, 2048, 2048, 2048, 2048, 2048]","[2048, 2048, 2048, 2048, 2048, 2048, 2048, 2048, 2048]","[2048, 2048, 2048, 2048, 2048, 2048, 2048, 2048]",296.0
1284,11280,12,47,2026-05-03T18:20:25.552000+00:00,32.714,34.489,25.579,,186.0,False,92.782,"[None, 2048, 2048, 2048, 2048, 2048, 2048, 2048, 2048]","[2048, 2048, 2048, 2048, 2048, 2048, 2048, 2048, 2048]","[2048, 2048, 2048, 2048, 2048, 2048, 2048, 2048]",313.0
1284,11280,1,47,2026-05-03T18:20:27.784000+00:00,32.136,34.698,25.401,213.0,186.0,False,92.235,"[None, 2048, 2048, 2048, 2048, 2049, 2048, 2048, 2048]","[2048, 2048, 2048, 2048, 2049, 2048, 2048, 2048, 2048]","[2048, 2048, 2048, 2048, 2048, 2048, 2048, 2048]",315.0
1284,11280,41,46,2026-05-03T18:20:32.556000+00:00,33.285,35.354,25.939,,184.0,False,94.578,"[None, 2048, 2048, 2048, 2048, 2048, 2048, 2048, 2048]","[2048, 2048, 2048, 2048, 2048, 2048, 2048, 2048, 2048]","[2048, 2048, 2048, 2048, 2048, 2048, 2049, 2049]",304.0
1284,11280,3,47,2026-05-03T18:20:46.763000+00:00,33.212,35.883,25.888,,184.0,False,94.983,"[None, 2048, 2048, 2048, 2048, 2048, 2048, 2048, 2048]","[2048, 2048, 2048, 2048, 2048, 2048, 2048, 2048, 2048]","[2048, 2048, 2048, 2048, 2048, 2048, 2048, 2048]",316.0
1284,11280,16,47,2026-05-03T18:20:47.069000+00:00,33.285,34.361,26.032,212.0,185.0,False,93.678,"[None, 2048, 2048, 2048, 2048, 2048, 2048, 2048, 2048]","[2048, 2049, 2048, 2048, 2049, 2048, 2048, 2048, 2048]","[2048, 2048, 2048, 2048, 2048, 2048, 2048, 2048]",300.0
1284,11280,81,47,2026-05-03T18:20:49.669000+00:00,32.306,34.882,25.422,213.0,186.0,False,92.61,"[None, 2048, 2048, 2048, 2048, 2048, 2048, 2048, 2048]","[2049, 2048, 2048, 2048, 2048, 2048, 2048, 2048, 2048]","[2049, 2048, 2048, 2048, 2048, 2048, 2048, 2048]",322.0
1284,11280,63,47,2026-05-03T18:20:56.465000+00:00,32.491,35.063,25.707,213.0,186.0,False,93.261,"[None, 2048, 2048, 2048, 2048, 2048, 2048, 2048, 2048]","[2048, 2048, 2048, 2048, 2048, 2048, 2048, 2048, 2048]","[2048, 2048, 2048, 2048, 2048, 2048, 2048, 2048]",313.0
1284,11280,44,47,2026-05-03T18:21:01.190000+00:00,32.489,35.128,25.723,212.0,186.0,False,93.34,"[None, 2048, 2048, 2048, 2048, 2048, 2048, 2048, 2048]","[2048, 2048, 2048, 2048, 2048, 2048, 2048, 2048, 2048]","[2048, 2048, 2048, 2048, 2048, 2048, 2048, 2048]",307.0
1284,11280,11,46,2026-05-03T18:21:02.813000+00:00,33.554,36.47,26.385,206.0,179.0,False,96.409,"[None, 2048, 2048, 2048, 2048, 2048, 2048, 2048, 2048]","[2048, 2048, 2048, 2048, 2049, 2048, 2048, 2048, 2048]","[2048, 2048, 2048, 2048, 2048, 2048, 2048, 2048]",305.0
1284,11280,14,46,2026-05-03T18:21:03.701000+00:00,33.197,36.452,26.74,208.0,183.0,False,96.389,"[None, 2048, 2048, 2048, 2048, 2048, 2048, 2048, 2048]","[2049, 2048, 2048, 2048, 2049, 2048, 2048, 2048, 2048]","[2048, 2049, 2049, 2049, 2048, 2048, 2048, 2048]",329.0
1284,11280,43,47,2026-05-03T18:21:15.541000+00:00,32.408,35.119,25.805,,186.0,False,93.332,"[None, 2048, 2048, 2048, 2048, 2048, 2048, 2049, 2048]","[2048, 2048, 2048, 2048, 2048, 2048, 2048, 2048, 2048]","[2048, 2048, 2048, 2048, 2048, 2048, 2048, 2048]",311.0
1284,11280,18,46,2026-05-03T18:21:18.944000+00:00,33.029,35.699,26.446,208.0,184.0,False,95.174,"[None, 2048, 2048, 2048, 2048, 2049, 2049, 2048, 2048]","[2048, 2048, 2048, 2048, 2048, 2048, 2048, 2048, 2048]","[2048, 2048, 2048, 2048, 2048, 2048, 2048, 2048]",293.0
1284,11280,55,47,2026-05-03T18:21:29.497000+00:00,32.969,35.085,25.924,,184.0,False,93.978,"[None, 2048, 2048, 2048, 2048, 2048, 2048, 2048, 2048]","[2048, 2048, 2048, 2048, 2048, 2048, 2048, 2048, 2048]","[2048, 2048, 2048, 2048, 2048, 2048, 2048, 2048]",311.0
1284,11280,23,47,2026-05-03T18:21:35.909000+00:00,33.21,34.971,26.38,210.0,184.0,False,94.561,"[None, 2048, 2048, 2048, 2048, 2048, 2048, 2048, 2048]","[2048, 2048, 2048, 2048, 2049, 2048, 2048, 2048, 2048]","[2048, 2048, 2048, 2049, 2048, 2048, 2048, 2048]",310.0
1284,11280,87,47,2026-05-03T18:21:38.362000+00:00,34.937,36.353,26.245,189.0,182.0,False,97.535,"[None, 2048, 2048, 2048, 2048, 2049, 2048, 2048, 2048]","[2048, 2048, 2048, 2048, 2048, 2048, 2048, 2048, 2048]","[2048, 2048, 2048, 2048, 2048, 2048, 2048, 2048]",308.0
1284,11280,5,47,2026-05-03T18:21:49.178000+00:00,32.954,35.407,25.81,211.0,183.0,False,94.171,"[2048, 2048, 2048, 2048, 2048, 2048, 2048, 2048, 2048]","[2048, 2048, 2048, 2048, 2048, 2048, 2048, 2048, 2048]","[2048, 2048, 2048, 2048, 2048, 2048, 2048, 2048]",318.0
1284,11280,31,47,2026-05-03T18:21:49.673000+00:00,33.415,35.406,25.73,213.0,183.0,False,94.551,"[None, 2048, 2048, 2048, 2048, 2048, 2048, 2048, 2048]","[2049, 2048, 2048, 2048, 2048, 2048, 2048, 2048, 2048]","[2048, 2048, 2048, 2048, 2048, 2048, 2048, 2048]",319.0
1284,11280,12,48,2026-05-03T18:21:58.320000+00:00,32.149,34.682,25.546,214.0,185.0,False,92.377,"[None, 2048, 2048, 2048, 2048, 2048, 2048, 2048, 2048]","[2048, 2048, 2048, 2048, 2048, 2048, 2048, 2048, 2048]","[2048, 2048, 2048, 2048, 2048, 2048, 2048, 2048]",314.0
1284,11280,1,48,2026-05-03T18:21:59.888000+00:00,32.189,34.767,25.442,212.0,185.0,False,92.398,"[None, 2048, 2048, 2048, 2049, 2049, 2048, 2048, 2048]","[2048, 2048, 2048, 2048, 2048, 2048, 2048, 2048, 2048]","[2048, 2048, 2048, 2048, 2048, 2048, 2048, 2048]",316.0
1284,11280,77,46,2026-05-03T18:22:04.671000+00:00,34.535,36.917,27.553,201.0,182.0,False,99.005,"[None, 2048, 2048, 2048, 2048, 2048, 2048, 2048, 2048]","[2048, 2048, 2048, 2048, 2048, 2048, 2048, 2048, 2048]","[2048, 2048, 2048, 2048, 2048, 2048, 2048, 2048]",236.0
1284,11280,41,47,2026-05-03T18:22:07.202000+00:00,33.286,35.476,25.817,,183.0,False,94.579,"[None, 2048, 2048, 2048, 2048, 2048, 2048, 2048, 2048]","[2048, 2048, 2048, 2048, 2048, 2048, 2048, 2048, 2048]","[2049, 2048, 2048, 2049, 2048, 2048, 2049, 2049]",306.0
1284,11280,16,48,2026-05-03T18:22:20.718000+00:00,32.22,34.846,25.826,213.0,183.0,False,92.892,"[None, 2048, 2048, 2048, 2048, 2048, 2048, 2048, 2048]","[2048, 2048, 2048, 2048, 2048, 2048, 2048, 2048, 2048]","[2048, 2048, 2048, 2048, 2048, 2048, 2048, 2048]",304.0
1284,11280,3,48,2026-05-03T18:22:21.719000+00:00,32.932,35.271,26.165,,184.0,False,94.368,"[None, 2048, 2048, 2048, 2048, 2048, 2048, 2048, 2048]","[2048, 2048, 2048, 2048, 2048, 2048, 2048, 2048, 2048]","[2048, 2048, 2048, 2048, 2048, 2048, 2049, 2048]",313.0
1284,11280,81,48,2026-05-03T18:22:22.365000+00:00,32.872,35.18,25.526,210.0,183.0,False,93.578,"[None, 2048, 2048, 2048, 2048, 2048, 2048, 2048, 2048]","[2048, 2049, 2049, 2048, 2048, 2048, 2048, 2048, 2048]","[2048, 2051, 2048, 2048, 2048, 2048, 2048, 2048]",317.0
1284,11280,63,48,2026-05-03T18:22:29.696000+00:00,32.603,34.938,25.731,,187.0,False,93.272,"[None, 2048, 2048, 2048, 2048, 2048, 2048, 2048, 2048]","[2048, 2048, 2048, 2048, 2048, 2048, 2048, 2048, 2048]","[2048, 2048, 2048, 2048, 2048, 2048, 2048, 2048]",315.0
1284,11280,44,48,2026-05-03T18:22:34.647000+00:00,32.536,35.194,25.845,,185.0,False,93.575,"[None, 2048, 2048, 2048, 2048, 2048, 2048, 2048, 2048]","[2048, 2048, 2048, 2048, 2048, 2048, 2048, 2048, 2048]","[2048, 2048, 2048, 2048, 2048, 2048, 2048, 2048]",291.0
1284,11280,11,47,2026-05-03T18:22:39.233000+00:00,34.222,36.034,26.636,,183.0,False,96.892,"[None, 2048, 2048, 2048, 2048, 2048, 2048, 2048, 2048]","[2048, 2048, 2048, 2048, 2049, 2048, 2048, 2048, 2048]","[2048, 2048, 2048, 2048, 2048, 2048, 2048, 2048]",296.0
1284,11280,14,47,2026-05-03T18:22:40.074000+00:00,33.84,36.147,26.204,204.0,182.0,False,96.191,"[None, 2048, 2048, 2048, 2048, 2048, 2048, 2048, 2048]","[2048, 2048, 2048, 2048, 2048, 2048, 2048, 2048, 2048]","[2048, 2048, 2048, 2048, 2048, 2048, 2048, 2048]",291.0
1284,11280,43,48,2026-05-03T18:22:48.902000+00:00,32.644,35.271,25.806,211.0,186.0,False,93.721,"[None, 2048, 2048, 2048, 2048, 2048, 2048, 2048, 2048]","[2048, 2048, 2048, 2048, 2048, 2048, 2048, 2048, 2048]","[2048, 2048, 2048, 2048, 2048, 2048, 2048, 2048]",312.0
1284,11280,18,47,2026-05-03T18:22:54.084000+00:00,33.078,35.754,26.383,209.0,186.0,False,95.215,"[None, 2049, 2048, 2048, 2048, 2048, 2048, 2049, 2048]","[2048, 2048, 2048, 2048, 2048, 2048, 2048, 2048, 2048]","[2049, 2048, 2048, 2048, 2048, 2048, 2049, 2048]",293.0
1284,11280,55,48,2026-05-03T18:23:03.436000+00:00,32.957,35.209,25.838,,185.0,False,94.004,"[None, 2048, 2048, 2048, 2048, 2048, 2048, 2048, 2048]","[2048, 2048, 2048, 2048, 2048, 2048, 2048, 2048, 2048]","[2048, 2048, 2048, 2048, 2048, 2048, 2049, 2048]",313.0
1284,11280,23,48,2026-05-03T18:23:10.484000+00:00,33.382,34.917,26.026,,185.0,False,94.325,"[None, 2048, 2048, 2048, 2048, 2048, 2048, 2048, 2048]","[2048, 2048, 2048, 2048, 2049, 2048, 2048, 2048, 2048]","[2048, 2048, 2048, 2048, 2048, 2048, 2048, 2048]",310.0
1284,11280,87,48,2026-05-03T18:23:15.887000+00:00,33.345,35.384,26.024,212.0,185.0,False,94.753,"[None, 2048, 2048, 2048, 2048, 2048, 2048, 2048, 2048]","[2048, 2048, 2048, 2048, 2048, 2048, 2048, 2048, 2048]","[2048, 2048, 2048, 2048, 2048, 2048, 2048, 2048]",310.0
1284,11280,5,48,2026-05-03T18:23:23.422000+00:00,32.777,35.278,25.786,209.0,183.0,False,93.841,"[None, 2048, 2048, 2048, 2048, 2048, 2048, 2048, 2048]","[2048, 2048, 2048, 2048, 2048, 2048, 2048, 2048, 2048]","[2048, 2048, 2048, 2049, 2048, 2048, 2048, 2048]",318.0
1284,11280,31,48,2026-05-03T18:23:24.268000+00:00,33.311,35.213,25.736,210.0,184.0,False,94.26,"[None, 2048, 2048, 2048, 2048, 2048, 2048, 2048, 2048]","[2048, 2048, 2048, 2048, 2048, 2048, 2048, 2048, 2048]","[2048, 2048, 2048, 2048, 2048, 2048, 2048, 2048]",319.0
1284,11280,12,49,2026-05-03T18:23:30.702000+00:00,32.084,34.65,25.509,212.0,185.0,False,92.243,"[None, 2048, 2048, 2048, 2048, 2048, 2048, 2048, 2048]","[2048, 2048, 2048, 2048, 2048, 2048, 2048, 2048, 2048]","[2048, 2048, 2048, 2048, 2048, 2048, 2048, 2048]",317.0
1284,11280,1,49,2026-05-03T18:23:32.345000+00:00,32.263,34.571,25.435,211.0,187.0,False,92.269,"[None, 2048, 2048, 2048, 2048, 2048, 2048, 2048, 2048]","[2048, 2048, 2048, 2048, 2048, 2048, 2048, 2048, 2048]","[2048, 2048, 2048, 2048, 2048, 2048, 2048, 2048]",317.0
1284,11280,41,48,2026-05-03T18:23:41.788000+00:00,33.095,36.076,26.187,,185.0,False,95.358,"[None, 2048, 2048, 2048, 2048, 2048, 2049, 2048, 2048]","[2048, 2048, 2048, 2048, 2048, 2048, 2048, 2048, 2048]","[2048, 2048, 2048, 2048, 2048, 2048, 2048, 2049]",305.0
1284,11280,77,47,2026-05-03T18:23:42.702000+00:00,34.913,36.44,26.354,208.0,182.0,False,97.707,"[None, 2048, 2048, 2048, 2048, 2048, 2048, 2048, 2048]","[2048, 2048, 2048, 2048, 2048, 2048, 2048, 2048, 2048]","[2048, 2048, 2048, 2048, 2048, 2048, 2048, 2048]",299.0
1284,11280,16,49,2026-05-03T18:23:53.761000+00:00,32.36,34.61,25.764,212.0,185.0,False,92.734,"[None, 2048, 2048, 2048, 2048, 2049, 2048, 2048, 2048]","[2048, 2048, 2048, 2048, 2048, 2048, 2048, 2048, 2048]","[2048, 2048, 2048, 2048, 2048, 2048, 2048, 2048]",306.0
1284,11280,81,49,2026-05-03T18:23:55.812000+00:00,32.304,34.912,25.543,213.0,188.0,False,92.759,"[None, 2048, 2048, 2048, 2048, 2048, 2048, 2048, 2048]","[2048, 2048, 2048, 2048, 2048, 2048, 2048, 2048, 2048]","[2048, 2048, 2048, 2048, 2048, 2048, 2048, 2048]",313.0
1284,11280,3,49,2026-05-03T18:23:56.202000+00:00,33.206,35.187,26.007,211.0,185.0,False,94.4,"[None, 2048, 2048, 2048, 2048, 2048, 2048, 2048, 2048]","[2048, 2048, 2049, 2048, 2048, 2048, 2048, 2048, 2048]","[2048, 2048, 2048, 2048, 2048, 2048, 2048, 2048]",317.0
1284,11280,63,49,2026-05-03T18:24:03.090000+00:00,32.328,34.767,25.646,214.0,185.0,False,92.741,"[None, 2048, 2048, 2048, 2048, 2048, 2048, 2048, 2048]","[2048, 2048, 2048, 2048, 2048, 2048, 2048, 2048, 2048]","[2048, 2048, 2048, 2048, 2048, 2048, 2048, 2048]",316.0
1284,11280,44,49,2026-05-03T18:24:08.202000+00:00,32.612,35.194,25.829,210.0,184.0,False,93.635,"[None, 2048, 2048, 2048, 2048, 2048, 2048, 2048, 2048]","[2048, 2048, 2048, 2048, 2048, 2048, 2048, 2048, 2048]","[2048, 2048, 2048, 2048, 2048, 2048, 2048, 2048]",292.0
1284,11280,11,48,2026-05-03T18:24:16.156000+00:00,34.132,36.058,26.444,208.0,181.0,False,96.634,"[None, 2048, 2048, 2048, 2048, 2048, 2048, 2048, 2048]","[2048, 2048, 2048, 2048, 2048, 2048, 2048, 2048, 2048]","[2048, 2048, 2048, 2048, 2048, 2048, 2048, 2048]",298.0
1284,11280,14,48,2026-05-03T18:24:16.419000+00:00,34.601,36.054,26.11,207.0,182.0,False,96.765,"[None, 2048, 2048, 2048, 2048, 2048, 2048, 2048, 2048]","[2048, 2048, 2048, 2048, 2048, 2048, 2048, 2048, 2048]","[2048, 2048, 2048, 2048, 2048, 2048, 2048, 2049]",295.0
1284,11280,43,49,2026-05-03T18:24:22.521000+00:00,32.431,35.249,25.7,212.0,185.0,False,93.38,"[None, 2048, 2048, 2048, 2048, 2048, 2048, 2048, 2048]","[2048, 2048, 2048, 2048, 2048, 2048, 2048, 2048, 2048]","[2048, 2048, 2048, 2049, 2048, 2048, 2048, 2049]",316.0
1284,11280,18,48,2026-05-03T18:24:29.300000+00:00,32.987,35.72,26.428,208.0,185.0,False,95.135,"[None, 2048, 2048, 2048, 2048, 2048, 2048, 2048, 2048]","[2048, 2048, 2048, 2048, 2048, 2048, 2048, 2048, 2048]","[2048, 2048, 2048, 2048, 2048, 2048, 2049, 2048]",292.0
1284,11280,55,49,2026-05-03T18:24:37.444000+00:00,32.875,35.208,25.897,,184.0,False,93.98,"[None, 2048, 2048, 2048, 2048, 2048, 2048, 2048, 2048]","[2048, 2048, 2048, 2048, 2048, 2048, 2048, 2048, 2048]","[2048, 2048, 2048, 2048, 2048, 2048, 2048, 2048]",312.0
1284,11280,23,49,2026-05-03T18:24:45.809000+00:00,33.228,34.959,25.993,,186.0,False,94.18,"[None, 2048, 2048, 2048, 2048, 2048, 2049, 2048, 2048]","[2048, 2048, 2048, 2048, 2048, 2048, 2048, 2048, 2048]","[2048, 2048, 2048, 2048, 2048, 2048, 2048, 2048]",308.0
1284,11280,87,49,2026-05-03T18:24:50.590000+00:00,33.094,35.303,25.945,,186.0,False,94.342,"[None, 2048, 2048, 2048, 2048, 2048, 2048, 2048, 2048]","[2048, 2048, 2048, 2048, 2048, 2048, 2048, 2048, 2048]","[2048, 2048, 2048, 2048, 2048, 2048, 2048, 2048]",309.0
1284,11280,5,49,2026-05-03T18:24:57.237000+00:00,32.715,35.814,25.741,213.0,186.0,False,94.27,"[None, 2048, 2048, 2048, 2048, 2048, 2048, 2048, 2048]","[2048, 2048, 2048, 2048, 2048, 2048, 2048, 2048, 2048]","[2048, 2048, 2048, 2049, 2048, 2048, 2048, 2048]",319.0
1284,11280,31,49,2026-05-03T18:24:58.524000+00:00,33.033,35.459,25.767,212.0,183.0,False,94.259,"[None, 2048, 2048, 2048, 2049, 2048, 2048, 2048, 2048]","[2048, 2048, 2048, 2048, 2048, 2048, 2048, 2048, 2048]","[2048, 2048, 2048, 2048, 2048, 2048, 2049, 2048]",317.0
1284,11280,12,50,2026-05-03T18:25:03.009000+00:00,32.102,34.587,25.408,213.0,186.0,False,92.097,"[None, 2048, 2048, 2048, 2048, 2048, 2048, 2048, 2048]","[2048, 2048, 2048, 2048, 2048, 2048, 2048, 2048, 2048]","[2048, 2048, 2048, 2048, 2048, 2048, 2049, 2048]",320.0
1284,11280,1,50,2026-05-03T18:25:04.602000+00:00,32.249,34.72,25.459,207.0,187.0,False,92.428,"[None, 2048, 2048, 2048, 2049, 2048, 2048, 2048, 2048]","[2048, 2048, 2048, 2048, 2048, 2048, 2048, 2048, 2048]","[2048, 2048, 2048, 2048, 2048, 2048, 2048, 2048]",318.0
1284,11280,41,49,2026-05-03T18:25:17.132000+00:00,33.278,35.525,26.015,215.0,185.0,False,94.818,"[None, 2048, 2048, 2048, 2048, 2048, 2048, 2048, 2048]","[2048, 2048, 2048, 2048, 2048, 2048, 2048, 2048, 2048]","[2048, 2048, 2048, 2048, 2048, 2048, 2048, 2048]",307.0
1284,11280,77,48,2026-05-03T18:25:20.384000+00:00,34.668,36.515,26.919,205.0,183.0,False,98.102,"[None, 2048, 2048, 2048, 2048, 2048, 2048, 2048, 2048]","[2048, 2048, 2048, 2048, 2048, 2048, 2048, 2048, 2048]","[2048, 2048, 2048, 2048, 2048, 2048, 2048, 2048]",296.0
1284,11280,16,50,2026-05-03T18:25:26.471000+00:00,32.222,34.621,25.723,213.0,185.0,False,92.566,"[None, 2048, 2048, 2048, 2048, 2048, 2048, 2048, 2048]","[2048, 2048, 2048, 2048, 2048, 2048, 2048, 2048, 2048]","[2048, 2048, 2048, 2049, 2048, 2048, 2048, 2048]",311.0
1284,11280,81,50,2026-05-03T18:25:28.641000+00:00,32.073,34.649,25.703,214.0,187.0,False,92.425,"[None, 2048, 2048, 2048, 2048, 2048, 2048, 2048, 2048]","[2049, 2048, 2048, 2048, 2048, 2048, 2048, 2048, 2048]","[2048, 2048, 2048, 2048, 2048, 2048, 2049, 2048]",314.0
1284,11280,3,50,2026-05-03T18:25:30.511000+00:00,32.683,35.044,25.865,212.0,184.0,False,93.592,"[None, 2048, 2048, 2048, 2048, 2048, 2048, 2048, 2048]","[2048, 2048, 2048, 2048, 2048, 2048, 2048, 2048, 2048]","[2048, 2048, 2048, 2048, 2048, 2048, 2048, 2048]",314.0
1284,11280,63,50,2026-05-03T18:25:35.653000+00:00,32.411,34.709,25.581,,187.0,False,92.701,"[None, 2048, 2048, 2048, 2048, 2048, 2048, 2048, 2048]","[2049, 2048, 2048, 2048, 2048, 2048, 2048, 2048, 2048]","[2049, 2048, 2048, 2048, 2048, 2048, 2048, 2048]",316.0
1284,11280,44,50,2026-05-03T18:25:41.818000+00:00,32.646,35.17,25.69,209.0,185.0,False,93.506,"[None, 2048, 2048, 2048, 2048, 2048, 2048, 2048, 2048]","[2048, 2048, 2048, 2048, 2048, 2048, 2048, 2048, 2048]","[2048, 2048, 2048, 2048, 2048, 2048, 2048, 2048]",306.0
1284,11280,11,49,2026-05-03T18:25:52.779000+00:00,34.011,36.14,26.736,209.0,180.0,False,96.887,"[None, 2048, 2048, 2048, 2048, 2048, 2048, 2048, 2048]","[2048, 2048, 2048, 2048, 2048, 2048, 2048, 2048, 2048]","[2048, 2048, 2048, 2048, 2048, 2048, 2048, 2048]",296.0
1284,11280,14,49,2026-05-03T18:25:52.966000+00:00,34.196,36.34,27.141,206.0,179.0,False,97.677,"[None, 2048, 2048, 2048, 2048, 2048, 2048, 2048, 2048]","[2048, 2048, 2048, 2048, 2048, 2048, 2048, 2048, 2048]","[2048, 2048, 2048, 2048, 2048, 2048, 2048, 2048]",266.0
1284,11280,43,50,2026-05-03T18:25:55.922000+00:00,32.703,35.503,25.97,210.0,184.0,False,94.176,"[None, 2048, 2048, 2048, 2048, 2048, 2048, 2048, 2048]","[2048, 2048, 2048, 2048, 2048, 2048, 2048, 2048, 2048]","[2048, 2049, 2048, 2048, 2048, 2048, 2048, 2049]",307.0
1284,11280,18,49,2026-05-03T18:26:04.436000+00:00,32.974,35.77,26.354,210.0,186.0,False,95.098,"[None, 2048, 2049, 2048, 2048, 2048, 2048, 2048, 2048]","[2048, 2048, 2048, 2048, 2048, 2048, 2048, 2048, 2048]","[2048, 2048, 2048, 2048, 2048, 2048, 2048, 2048]",293.0
1284,11280,55,50,2026-05-03T18:26:11.451000+00:00,32.934,35.121,25.838,,184.0,False,93.893,"[None, 2048, 2048, 2048, 2048, 2048, 2048, 2048, 2048]","[2048, 2048, 2048, 2048, 2048, 2048, 2048, 2048, 2048]","[2048, 2048, 2048, 2048, 2048, 2048, 2049, 2048]",313.0
1284,11280,23,50,2026-05-03T18:26:19.018000+00:00,33.295,35.014,26.047,208.0,184.0,False,94.356,"[None, 2048, 2048, 2049, 2048, 2048, 2048, 2048, 2048]","[2048, 2048, 2048, 2048, 2048, 2048, 2048, 2048, 2048]","[2048, 2048, 2048, 2048, 2048, 2048, 2048, 2048]",309.0
1284,11280,87,50,2026-05-03T18:26:25.067000+00:00,33.156,35.168,25.963,,185.0,False,94.287,"[None, 2048, 2048, 2048, 2048, 2048, 2048, 2048, 2048]","[2048, 2048, 2048, 2048, 2048, 2048, 2048, 2048, 2048]","[2048, 2048, 2048, 2048, 2048, 2048, 2048, 2048]",309.0
1284,11280,5,50,2026-05-03T18:26:31.430000+00:00,32.755,35.723,25.931,212.0,184.0,False,94.409,"[None, 2048, 2048, 2048, 2048, 2048, 2048, 2048, 2048]","[2048, 2048, 2048, 2048, 2048, 2048, 2048, 2048, 2048]","[2048, 2048, 2048, 2048, 2048, 2048, 2048, 2048]",302.0
1284,11280,31,50,2026-05-03T18:26:32.722000+00:00,33.093,37.155,26.431,208.0,183.0,False,96.679,"[None, 2048, 2048, 2048, 2048, 2048, 2048, 2048, 2048]","[2048, 2048, 2048, 2048, 2048, 2048, 2048, 2048, 2048]","[2048, 2048, 2048, 2048, 2048, 2048, 2048, 2048]",316.0
1284,11280,12,51,2026-05-03T18:26:34.976000+00:00,32.144,34.714,25.56,,186.0,False,92.418,"[None, 2048, 2048, 2048, 2048, 2048, 2048, 2048, 2048]","[2048, 2048, 2048, 2048, 2048, 2048, 2048, 2048, 2048]","[2048, 2048, 2048, 2048, 2048, 2048, 2048, 2048]",321.0
1284,11280,1,51,2026-05-03T18:26:36.996000+00:00,32.203,34.802,25.389,214.0,185.0,False,92.394,"[None, 2048, 2048, 2048, 2048, 2048, 2048, 2048, 2048]","[2048, 2048, 2048, 2048, 2048, 2048, 2048, 2048, 2048]","[2048, 2048, 2048, 2048, 2048, 2048, 2048, 2048]",324.0
1284,11280,41,50,2026-05-03T18:26:51.870000+00:00,33.198,35.331,26.076,214.0,185.0,False,94.605,"[None, 2048, 2048, 2048, 2048, 2048, 2048, 2048, 2048]","[2048, 2048, 2048, 2048, 2048, 2048, 2048, 2048, 2048]","[2048, 2048, 2048, 2048, 2048, 2048, 2048, 2049]",307.0
1284,11280,77,49,2026-05-03T18:26:58.452000+00:00,36.954,38.619,26.691,202.0,179.0,False,102.264,"[None, 2048, 2048, 2048, 2048, 2048, 2048, 2048, 2048]","[2048, 2048, 2048, 2048, 2048, 2048, 2048, 2048, 2048]","[2048, 2048, 2048, 2048, 2048, 2048, 2048, 2048]",293.0
1284,11280,16,51,2026-05-03T18:26:59.022000+00:00,32.062,34.705,25.811,212.0,186.0,False,92.578,"[None, 2048, 2048, 2048, 2048, 2049, 2048, 2048, 2048]","[2048, 2048, 2048, 2048, 2048, 2048, 2048, 2048, 2048]","[2048, 2048, 2048, 2048, 2048, 2048, 2048, 2048]",307.0
1284,11280,81,51,2026-05-03T18:27:01.119000+00:00,32.095,34.769,25.552,,187.0,False,92.416,"[None, 2048, 2048, 2048, 2048, 2048, 2048, 2048, 2048]","[2049, 2048, 2048, 2048, 2048, 2048, 2048, 2048, 2048]","[2048, 2048, 2048, 2048, 2048, 2048, 2048, 2048]",312.0
1284,11280,3,51,2026-05-03T18:27:04.221000+00:00,32.724,35.058,26.113,214.0,186.0,False,93.895,"[None, 2048, 2048, 2048, 2048, 2048, 2048, 2048, 2048]","[2048, 2048, 2048, 2048, 2048, 2048, 2048, 2048, 2048]","[2048, 2048, 2048, 2048, 2048, 2048, 2048, 2048]",312.0
1284,11280,63,51,2026-05-03T18:27:08.464000+00:00,32.364,34.92,25.523,,186.0,False,92.807,"[None, 2048, 2048, 2048, 2048, 2048, 2048, 2048, 2048]","[2048, 2048, 2048, 2048, 2048, 2048, 2048, 2048, 2048]","[2049, 2048, 2048, 2048, 2048, 2048, 2048, 2048]",322.0
1284,11280,44,51,2026-05-03T18:27:15.367000+00:00,32.477,35.335,25.758,211.0,184.0,False,93.57,"[None, 2048, 2048, 2048, 2048, 2048, 2048, 2048, 2048]","[2048, 2048, 2048, 2048, 2048, 2048, 2048, 2048, 2048]","[2048, 2048, 2048, 2048, 2048, 2048, 2048, 2048]",294.0
1284,11280,11,50,2026-05-03T18:27:29.677000+00:00,34.657,35.626,26.273,208.0,182.0,False,96.556,"[None, 2048, 2048, 2048, 2048, 2048, 2048, 2048, 2048]","[2048, 2048, 2048, 2048, 2048, 2048, 2048, 2048, 2048]","[2048, 2048, 2048, 2048, 2048, 2048, 2048, 2048]",302.0
1284,11280,43,51,2026-05-03T18:27:30.083000+00:00,32.746,35.302,25.727,211.0,185.0,False,93.775,"[None, 2048, 2048, 2048, 2048, 2048, 2048, 2049, 2048]","[2048, 2048, 2048, 2048, 2048, 2048, 2048, 2048, 2048]","[2048, 2048, 2048, 2048, 2048, 2048, 2048, 2048]",311.0
1284,11280,14,50,2026-05-03T18:27:30.677000+00:00,34.269,35.73,26.117,208.0,182.0,False,96.116,"[None, 2048, 2048, 2048, 2048, 2048, 2048, 2048, 2048]","[2049, 2048, 2048, 2048, 2048, 2048, 2048, 2048, 2048]","[2048, 2048, 2048, 2048, 2048, 2048, 2048, 2048]",302.0
1284,11280,18,50,2026-05-03T18:27:39.511000+00:00,33.096,35.724,26.367,209.0,185.0,False,95.187,"[None, 2048, 2048, 2048, 2048, 2048, 2048, 2048, 2048]","[2048, 2048, 2048, 2048, 2048, 2048, 2048, 2048, 2048]","[2048, 2048, 2048, 2048, 2048, 2048, 2048, 2048]",293.0
1284,11280,55,51,2026-05-03T18:27:45.302000+00:00,33.144,35.195,25.763,210.0,187.0,False,94.102,"[None, 2048, 2048, 2048, 2048, 2048, 2048, 2048, 2048]","[2048, 2048, 2048, 2048, 2048, 2048, 2048, 2048, 2048]","[2049, 2048, 2048, 2048, 2048, 2048, 2048, 2048]",313.0
1284,11280,23,51,2026-05-03T18:27:53.303000+00:00,33.227,35.131,26.049,209.0,184.0,False,94.407,"[None, 2048, 2048, 2048, 2048, 2048, 2048, 2048, 2048]","[2048, 2048, 2048, 2048, 2049, 2048, 2048, 2048, 2048]","[2048, 2048, 2048, 2048, 2048, 2048, 2048, 2048]",310.0
1284,11280,87,51,2026-05-03T18:27:59.199000+00:00,33.134,35.359,25.954,209.0,182.0,False,94.447,"[None, 2049, 2048, 2048, 2048, 2048, 2048, 2049, 2048]","[2048, 2048, 2048, 2048, 2048, 2048, 2048, 2048, 2048]","[2048, 2048, 2048, 2048, 2048, 2048, 2048, 2048]",309.0
1284,11280,5,51,2026-05-03T18:28:05.901000+00:00,32.917,36.526,26.3,213.0,179.0,False,95.743,"[None, 2048, 2048, 2048, 2048, 2048, 2048, 2048, 2048]","[2048, 2048, 2048, 2048, 2048, 2048, 2048, 2048, 2048]","[2048, 2048, 2048, 2048, 2048, 2048, 2048, 2048]",314.0
1284,11280,12,52,2026-05-03T18:28:07.464000+00:00,32.267,34.588,25.572,210.0,186.0,False,92.427,"[None, 2048, 2048, 2048, 2048, 2048, 2048, 2048, 2048]","[2048, 2048, 2048, 2048, 2048, 2048, 2048, 2048, 2048]","[2048, 2048, 2048, 2048, 2048, 2048, 2048, 2048]",314.0
1284,11280,31,51,2026-05-03T18:28:09.495000+00:00,33.859,35.306,25.688,210.0,183.0,False,94.853,"[None, 2048, 2048, 2048, 2049, 2048, 2048, 2048, 2048]","[2048, 2048, 2048, 2048, 2048, 2048, 2048, 2048, 2048]","[2048, 2048, 2048, 2048, 2048, 2048, 2049, 2049]",317.0
1284,11280,1,52,2026-05-03T18:28:09.714000+00:00,32.159,35.004,25.301,212.0,183.0,False,92.464,"[None, 2048, 2048, 2048, 2048, 2049, 2048, 2048, 2048]","[2048, 2048, 2048, 2048, 2048, 2048, 2048, 2048, 2048]","[2048, 2048, 2048, 2048, 2048, 2048, 2048, 2049]",323.0
1284,11280,41,51,2026-05-03T18:28:26.716000+00:00,33.016,35.47,26.067,213.0,184.0,False,94.553,"[None, 2048, 2048, 2048, 2048, 2048, 2049, 2048, 2048]","[2048, 2048, 2048, 2048, 2048, 2048, 2048, 2048, 2048]","[2048, 2048, 2048, 2048, 2048, 2048, 2048, 2048]",306.0
1284,11280,16,52,2026-05-03T18:28:31.576000+00:00,32.144,34.812,25.623,,186.0,False,92.579,"[None, 2048, 2048, 2048, 2048, 2048, 2048, 2049, 2048]","[2048, 2048, 2048, 2048, 2048, 2048, 2048, 2048, 2048]","[2048, 2048, 2048, 2048, 2048, 2048, 2049, 2048]",309.0
1284,11280,81,52,2026-05-03T18:28:33.498000+00:00,32.186,34.83,25.433,,185.0,False,92.449,"[None, 2048, 2048, 2048, 2048, 2048, 2048, 2048, 2048]","[2048, 2048, 2048, 2048, 2049, 2048, 2048, 2048, 2048]","[2049, 2048, 2048, 2048, 2048, 2048, 2048, 2048]",315.0
1284,11280,3,52,2026-05-03T18:28:38.060000+00:00,32.572,35.269,26.09,213.0,186.0,False,93.931,"[None, 2048, 2048, 2048, 2048, 2048, 2048, 2048, 2048]","[2048, 2048, 2048, 2048, 2048, 2048, 2048, 2048, 2048]","[2048, 2048, 2048, 2048, 2048, 2048, 2048, 2048]",311.0
1284,11280,77,50,2026-05-03T18:28:40.748000+00:00,35.406,36.595,26.369,207.0,182.0,False,98.37,"[None, 2048, 2048, 2048, 2049, 2048, 2048, 2048, 2048]","[2048, 2048, 2048, 2048, 2048, 2048, 2048, 2048, 2048]","[2048, 2048, 2048, 2048, 2048, 2048, 2048, 2048]",302.0
1284,11280,63,52,2026-05-03T18:28:41.138000+00:00,32.334,35.1,25.443,213.0,188.0,False,92.877,"[None, 2048, 2048, 2048, 2048, 2048, 2048, 2048, 2048]","[2048, 2048, 2048, 2048, 2048, 2048, 2048, 2048, 2048]","[2049, 2049, 2048, 2048, 2048, 2048, 2049, 2048]",321.0
1284,11280,44,52,2026-05-03T18:28:48.841000+00:00,33.098,35.721,25.815,210.0,179.0,False,94.634,"[None, 2048, 2048, 2048, 2048, 2048, 2048, 2048, 2048]","[2048, 2048, 2048, 2048, 2048, 2048, 2048, 2048, 2048]","[2048, 2048, 2048, 2048, 2048, 2048, 2048, 2048]",301.0
1284,11280,43,52,2026-05-03T18:29:03.899000+00:00,32.407,35.574,25.81,209.0,186.0,False,93.791,"[None, 2048, 2048, 2048, 2048, 2048, 2048, 2049, 2048]","[2048, 2048, 2048, 2048, 2048, 2048, 2048, 2048, 2048]","[2048, 2048, 2048, 2048, 2048, 2048, 2048, 2048]",310.0
1284,11280,11,51,2026-05-03T18:29:06.287000+00:00,33.688,35.833,26.79,206.0,180.0,False,96.311,"[None, 2048, 2048, 2048, 2048, 2048, 2048, 2048, 2048]","[2048, 2048, 2048, 2048, 2048, 2048, 2048, 2048, 2048]","[2048, 2048, 2048, 2048, 2048, 2048, 2048, 2048]",311.0
1284,11280,14,51,2026-05-03T18:29:06.839000+00:00,33.589,35.796,25.774,211.0,183.0,False,95.159,"[None, 2048, 2048, 2048, 2049, 2048, 2048, 2048, 2048]","[2049, 2049, 2048, 2048, 2048, 2048, 2048, 2048, 2048]","[2048, 2049, 2048, 2048, 2048, 2049, 2048, 2048]",319.0
1284,11280,18,51,2026-05-03T18:29:14.657000+00:00,32.923,35.69,26.278,,185.0,False,94.891,"[None, 2048, 2049, 2048, 2049, 2049, 2048, 2048, 2048]","[2048, 2048, 2048, 2048, 2048, 2048, 2048, 2048, 2048]","[2048, 2048, 2048, 2048, 2048, 2048, 2049, 2048]",295.0
1284,11280,55,52,2026-05-03T18:29:19.352000+00:00,33.03,35.313,25.829,212.0,186.0,False,94.172,"[None, 2048, 2048, 2048, 2048, 2048, 2048, 2048, 2048]","[2048, 2048, 2048, 2048, 2048, 2048, 2048, 2048, 2048]","[2048, 2048, 2048, 2048, 2048, 2048, 2048, 2048]",315.0
1284,11280,23,52,2026-05-03T18:29:27.751000+00:00,33.118,35.169,26.0,211.0,185.0,False,94.287,"[None, 2048, 2048, 2048, 2048, 2048, 2048, 2049, 2048]","[2048, 2048, 2048, 2048, 2048, 2048, 2048, 2048, 2048]","[2048, 2048, 2048, 2048, 2048, 2048, 2048, 2048]",310.0
1284,11280,87,52,2026-05-03T18:29:33.683000+00:00,33.114,35.561,26.045,208.0,183.0,False,94.72,"[None, 2048, 2048, 2048, 2048, 2048, 2048, 2048, 2048]","[2048, 2048, 2048, 2048, 2048, 2048, 2048, 2048, 2048]","[2048, 2048, 2048, 2048, 2048, 2048, 2048, 2048]",309.0
1284,11280,12,53,2026-05-03T18:29:39.961000+00:00,32.07,34.676,25.608,212.0,185.0,False,92.354,"[None, 2048, 2048, 2048, 2048, 2048, 2051, 2048, 2048]","[2048, 2048, 2048, 2048, 2048, 2048, 2048, 2048, 2048]","[2048, 2048, 2048, 2048, 2048, 2048, 2048, 2048]",316.0
1284,11280,5,52,2026-05-03T18:29:41.618000+00:00,33.624,35.369,25.758,,181.0,False,94.751,"[None, 2048, 2048, 2048, 2048, 2048, 2048, 2048, 2048]","[2049, 2048, 2048, 2048, 2048, 2048, 2048, 2048, 2048]","[2048, 2048, 2048, 2048, 2048, 2048, 2048, 2048]",315.0
1284,11280,1,53,2026-05-03T18:29:41.899000+00:00,32.57,34.784,25.384,210.0,187.0,False,92.738,"[None, 2048, 2048, 2048, 2048, 2048, 2048, 2048, 2048]","[2048, 2048, 2048, 2048, 2048, 2048, 2048, 2048, 2048]","[2048, 2048, 2048, 2048, 2048, 2048, 2051, 2048]",316.0
1284,11280,31,52,2026-05-03T18:29:44.321000+00:00,33.152,35.399,25.888,213.0,184.0,False,94.439,"[None, 2049, 2048, 2048, 2048, 2048, 2048, 2048, 2048]","[2049, 2048, 2048, 2048, 2048, 2048, 2048, 2048, 2048]","[2048, 2048, 2048, 2048, 2048, 2048, 2048, 2048]",314.0
1284,11280,41,52,2026-05-03T18:30:01.138000+00:00,33.06,35.245,25.993,214.0,185.0,False,94.298,"[None, 2048, 2048, 2048, 2048, 2048, 2048, 2048, 2048]","[2048, 2048, 2048, 2048, 2048, 2048, 2048, 2048, 2048]","[2048, 2048, 2048, 2048, 2048, 2048, 2049, 2049]",306.0
1284,11280,16,53,2026-05-03T18:30:04.107000+00:00,32.17,34.722,25.787,213.0,185.0,False,92.679,"[None, 2048, 2048, 2048, 2048, 2048, 2048, 2051, 2048]","[2049, 2048, 2048, 2048, 2048, 2048, 2048, 2048, 2048]","[2048, 2048, 2048, 2048, 2048, 2048, 2049, 2048]",313.0
1284,11280,81,53,2026-05-03T18:30:05.919000+00:00,32.094,34.772,25.354,215.0,187.0,False,92.22,"[None, 2048, 2048, 2048, 2048, 2048, 2048, 2048, 2048]","[2049, 2048, 2048, 2048, 2048, 2048, 2048, 2048, 2048]","[2049, 2048, 2048, 2048, 2048, 2048, 2048, 2048]",318.0
1284,11280,3,53,2026-05-03T18:30:12.138000+00:00,32.605,35.153,26.115,,187.0,False,93.873,"[None, 2048, 2048, 2048, 2049, 2048, 2048, 2048, 2048]","[2049, 2048, 2048, 2048, 2048, 2048, 2048, 2048, 2048]","[2049, 2048, 2048, 2048, 2048, 2048, 2048, 2048]",309.0
1284,11280,63,53,2026-05-03T18:30:14.138000+00:00,32.127,34.89,25.429,,185.0,False,92.446,"[None, 2048, 2048, 2048, 2048, 2048, 2049, 2048, 2048]","[2049, 2048, 2048, 2048, 2048, 2048, 2048, 2048, 2048]","[2048, 2048, 2048, 2048, 2048, 2048, 2048, 2048]",324.0
1284,11280,77,51,2026-05-03T18:30:19.099000+00:00,34.276,36.62,26.387,204.0,182.0,False,97.283,"[None, 2048, 2048, 2048, 2048, 2048, 2048, 2048, 2048]","[2048, 2048, 2048, 2048, 2048, 2048, 2048, 2048, 2048]","[2048, 2048, 2048, 2048, 2048, 2048, 2048, 2048]",295.0
1284,11280,44,53,2026-05-03T18:30:23.510000+00:00,33.03,35.476,25.796,212.0,182.0,False,94.302,"[None, 2048, 2048, 2048, 2048, 2048, 2048, 2048, 2048]","[2048, 2048, 2048, 2048, 2048, 2048, 2048, 2048, 2048]","[2048, 2048, 2048, 2048, 2048, 2048, 2048, 2048]",310.0
1284,11280,43,53,2026-05-03T18:30:37.736000+00:00,32.418,35.341,25.769,213.0,186.0,False,93.528,"[None, 2048, 2048, 2048, 2049, 2048, 2048, 2048, 2048]","[2048, 2048, 2048, 2048, 2048, 2048, 2048, 2048, 2048]","[2048, 2048, 2048, 2048, 2048, 2048, 2048, 2048]",310.0
1284,11280,14,52,2026-05-03T18:30:41.774000+00:00,33.052,35.804,26.235,208.0,184.0,False,95.091,"[None, 2048, 2048, 2048, 2048, 2048, 2048, 2048, 2048]","[2048, 2048, 2048, 2048, 2048, 2048, 2048, 2048, 2048]","[2048, 2048, 2048, 2048, 2049, 2048, 2048, 2048]",294.0
1284,11280,11,52,2026-05-03T18:30:42.617000+00:00,34.02,35.861,25.933,,183.0,False,95.814,"[None, 2048, 2048, 2048, 2049, 2048, 2048, 2048, 2048]","[2048, 2048, 2048, 2048, 2048, 2048, 2048, 2048, 2048]","[2049, 2048, 2048, 2048, 2048, 2048, 2048, 2048]",302.0
1284,11280,18,52,2026-05-03T18:30:49.586000+00:00,32.821,35.703,26.235,,183.0,False,94.759,"[None, 2048, 2048, 2049, 2049, 2048, 2049, 2048, 2048]","[2048, 2048, 2048, 2048, 2048, 2048, 2048, 2048, 2048]","[2048, 2048, 2048, 2048, 2048, 2048, 2048, 2048]",296.0
1284,11280,55,53,2026-05-03T18:30:53.586000+00:00,32.995,35.256,25.738,214.0,185.0,False,93.989,"[None, 2049, 2048, 2048, 2048, 2048, 2048, 2048, 2048]","[2048, 2048, 2048, 2048, 2048, 2048, 2048, 2048, 2048]","[2048, 2048, 2048, 2048, 2048, 2048, 2049, 2049]",317.0
1284,11280,23,53,2026-05-03T18:31:02.086000+00:00,33.294,35.164,25.893,,185.0,False,94.351,"[None, 2048, 2048, 2048, 2048, 2048, 2048, 2048, 2048]","[2048, 2048, 2048, 2048, 2048, 2048, 2048, 2048, 2048]","[2048, 2048, 2048, 2048, 2048, 2048, 2049, 2048]",311.0
1284,11280,87,53,2026-05-03T18:31:08.435000+00:00,33.07,35.39,25.896,211.0,184.0,False,94.356,"[None, 2048, 2048, 2048, 2048, 2048, 2048, 2048, 2048]","[2048, 2048, 2048, 2048, 2048, 2048, 2048, 2048, 2048]","[2048, 2048, 2048, 2048, 2048, 2048, 2048, 2049]",309.0
1284,11280,12,54,2026-05-03T18:31:12.174000+00:00,32.04,34.599,25.347,213.0,186.0,False,91.986,"[None, 2048, 2048, 2049, 2048, 2048, 2051, 2048, 2048]","[2048, 2048, 2048, 2048, 2048, 2048, 2048, 2048, 2048]","[2048, 2048, 2048, 2048, 2048, 2048, 2048, 2048]",321.0
1284,11280,1,54,2026-05-03T18:31:14.572000+00:00,31.961,34.654,25.423,212.0,187.0,False,92.038,"[None, 2048, 2048, 2048, 2048, 2048, 2048, 2048, 2048]","[2048, 2048, 2048, 2048, 2048, 2048, 2048, 2048, 2048]","[2048, 2048, 2048, 2048, 2048, 2048, 2048, 2048]",316.0
1284,11280,5,53,2026-05-03T18:31:16.401000+00:00,32.707,35.332,25.815,214.0,183.0,False,93.854,"[None, 2048, 2048, 2048, 2048, 2048, 2048, 2048, 2048]","[2049, 2048, 2048, 2048, 2048, 2048, 2048, 2048, 2048]","[2048, 2048, 2048, 2048, 2048, 2048, 2048, 2048]",311.0
1284,11280,31,53,2026-05-03T18:31:18.695000+00:00,33.012,35.513,25.902,212.0,184.0,False,94.427,"[None, 2048, 2048, 2048, 2048, 2048, 2048, 2048, 2048]","[2048, 2048, 2048, 2048, 2048, 2048, 2048, 2048, 2048]","[2048, 2048, 2048, 2049, 2048, 2048, 2048, 2048]",313.0
1284,11280,41,53,2026-05-03T18:31:35.391000+00:00,32.961,38.4,25.982,187.0,180.0,False,97.343,"[None, 2048, 2048, 2048, 2051, 2048, 2048, 2048, 2048]","[2048, 2048, 2048, 2048, 2048, 2048, 2048, 2048, 2048]","[2048, 2048, 2048, 2048, 2048, 2048, 2048, 2048]",315.0
1284,11280,16,54,2026-05-03T18:31:36.738000+00:00,32.188,34.697,25.782,212.0,186.0,False,92.667,"[None, 2048, 2048, 2048, 2048, 2048, 2048, 2048, 2048]","[2048, 2048, 2048, 2048, 2048, 2048, 2048, 2048, 2048]","[2048, 2048, 2048, 2048, 2048, 2048, 2048, 2048]",306.0
1284,11280,81,54,2026-05-03T18:31:38.118000+00:00,32.078,34.575,25.333,214.0,186.0,False,91.986,"[None, 2048, 2048, 2048, 2048, 2048, 2048, 2048, 2048]","[2048, 2048, 2048, 2048, 2048, 2048, 2048, 2048, 2048]","[2049, 2048, 2048, 2048, 2048, 2048, 2049, 2048]",321.0
1284,11280,3,54,2026-05-03T18:31:45.934000+00:00,32.642,35.278,26.323,214.0,188.0,False,94.243,"[None, 2048, 2048, 2048, 2049, 2048, 2048, 2048, 2048]","[2048, 2048, 2048, 2048, 2048, 2048, 2048, 2048, 2048]","[2048, 2048, 2048, 2048, 2048, 2048, 2048, 2048]",309.0
1284,11280,63,54,2026-05-03T18:31:46.521000+00:00,32.84,35.12,25.85,214.0,186.0,False,93.81,"[None, 2048, 2048, 2048, 2048, 2048, 2048, 2048, 2048]","[2049, 2049, 2049, 2048, 2048, 2048, 2048, 2048, 2048]","[2051, 2049, 2048, 2048, 2048, 2048, 2048, 2048]",310.0
1284,11280,77,52,2026-05-03T18:31:56.449000+00:00,36.186,36.589,26.403,203.0,184.0,False,99.178,"[None, 2048, 2048, 2048, 2048, 2048, 2048, 2048, 2048]","[2048, 2048, 2048, 2048, 2048, 2048, 2048, 2048, 2048]","[2048, 2048, 2048, 2048, 2048, 2048, 2048, 2048]",295.0
1284,11280,44,54,2026-05-03T18:31:57.809000+00:00,32.72,35.605,26.005,209.0,182.0,False,94.33,"[None, 2048, 2048, 2048, 2048, 2048, 2048, 2048, 2048]","[2048, 2048, 2048, 2048, 2048, 2048, 2048, 2048, 2048]","[2048, 2048, 2048, 2048, 2048, 2048, 2048, 2048]",304.0
1284,11280,43,54,2026-05-03T18:32:11.309000+00:00,32.361,35.101,25.842,214.0,187.0,False,93.304,"[None, 2048, 2048, 2048, 2048, 2048, 2048, 2048, 2048]","[2049, 2048, 2048, 2048, 2048, 2048, 2048, 2048, 2048]","[2048, 2048, 2048, 2048, 2048, 2048, 2049, 2048]",311.0
1284,11280,14,53,2026-05-03T18:32:17.072000+00:00,32.89,35.866,26.259,206.0,186.0,False,95.015,"[None, 2049, 2048, 2048, 2048, 2048, 2048, 2048, 2048]","[2048, 2048, 2048, 2048, 2048, 2048, 2048, 2048, 2048]","[2048, 2048, 2048, 2048, 2049, 2048, 2048, 2048]",291.0
1284,11280,11,53,2026-05-03T18:32:18.468000+00:00,33.675,35.6,26.081,211.0,183.0,False,95.356,"[None, 2048, 2048, 2048, 2048, 2048, 2048, 2048, 2048]","[2049, 2048, 2048, 2048, 2048, 2048, 2048, 2048, 2048]","[2048, 2048, 2048, 2048, 2048, 2048, 2048, 2048]",299.0
1284,11280,18,53,2026-05-03T18:32:24.370000+00:00,32.95,35.644,26.217,211.0,186.0,False,94.811,"[None, 2048, 2048, 2048, 2049, 2048, 2048, 2049, 2048]","[2049, 2048, 2048, 2048, 2048, 2048, 2048, 2048, 2048]","[2048, 2048, 2048, 2049, 2048, 2048, 2049, 2048]",296.0
1284,11280,55,54,2026-05-03T18:32:27.610000+00:00,33.02,35.1,25.738,213.0,186.0,False,93.858,"[2049, 2048, 2048, 2048, 2049, 2048, 2048, 2048, 2048]","[2048, 2048, 2048, 2048, 2048, 2048, 2048, 2048, 2048]","[2049, 2048, 2048, 2048, 2048, 2048, 2049, 2048]",318.0
1284,11280,23,54,2026-05-03T18:32:36.322000+00:00,33.296,34.963,25.994,210.0,186.0,False,94.253,"[None, 2048, 2048, 2048, 2048, 2048, 2048, 2048, 2048]","[2048, 2048, 2048, 2048, 2048, 2048, 2048, 2048, 2048]","[2048, 2048, 2048, 2048, 2048, 2048, 2049, 2048]",310.0
1284,11280,87,54,2026-05-03T18:32:42.753000+00:00,32.943,36.504,25.968,,182.0,False,95.415,"[None, 2049, 2048, 2048, 2048, 2049, 2048, 2048, 2048]","[2048, 2048, 2048, 2048, 2048, 2048, 2048, 2048, 2048]","[2048, 2048, 2048, 2048, 2048, 2048, 2048, 2049]",317.0
1284,11280,12,55,2026-05-03T18:32:44.218000+00:00,32.376,34.451,25.52,211.0,186.0,False,92.347,"[None, 2048, 2048, 2048, 2048, 2048, 2048, 2048, 2048]","[2048, 2048, 2048, 2048, 2048, 2048, 2048, 2048, 2048]","[2048, 2048, 2048, 2048, 2048, 2048, 2048, 2048]",315.0
1284,11280,1,55,2026-05-03T18:32:46.601000+00:00,32.37,34.848,25.275,,186.0,False,92.493,"[None, 2048, 2048, 2048, 2048, 2048, 2048, 2048, 2048]","[2048, 2048, 2048, 2048, 2048, 2048, 2048, 2048, 2048]","[2048, 2048, 2048, 2048, 2048, 2048, 2048, 2048]",321.0
1284,11280,5,54,2026-05-03T18:32:50.251000+00:00,32.656,35.259,25.811,213.0,184.0,False,93.726,"[None, 2048, 2048, 2048, 2048, 2048, 2048, 2048, 2048]","[2048, 2048, 2048, 2048, 2048, 2048, 2048, 2048, 2048]","[2049, 2048, 2048, 2048, 2048, 2048, 2048, 2048]",311.0
1284,11280,31,54,2026-05-03T18:32:53.217000+00:00,33.026,35.308,25.79,213.0,185.0,False,94.124,"[None, 2048, 2048, 2048, 2048, 2048, 2048, 2048, 2048]","[2048, 2048, 2048, 2048, 2048, 2048, 2048, 2048, 2048]","[2049, 2048, 2048, 2048, 2048, 2048, 2049, 2048]",312.0
1284,11280,16,55,2026-05-03T18:33:09.470000+00:00,32.136,35.017,25.788,214.0,186.0,False,92.941,"[None, 2048, 2048, 2048, 2048, 2048, 2048, 2048, 2048]","[2048, 2048, 2048, 2048, 2048, 2048, 2048, 2048, 2048]","[2048, 2048, 2048, 2048, 2048, 2048, 2048, 2048]",305.0
1284,11280,81,55,2026-05-03T18:33:10.099000+00:00,32.27,34.974,25.452,,186.0,False,92.696,"[None, 2048, 2048, 2048, 2048, 2048, 2048, 2048, 2048]","[2049, 2048, 2048, 2048, 2048, 2048, 2048, 2048, 2048]","[2049, 2048, 2048, 2048, 2048, 2048, 2049, 2048]",323.0
1284,11280,41,54,2026-05-03T18:33:12.746000+00:00,33.526,35.336,25.97,213.0,185.0,False,94.832,"[None, 2048, 2048, 2048, 2048, 2048, 2048, 2048, 2048]","[2048, 2048, 2048, 2048, 2048, 2048, 2048, 2048, 2048]","[2049, 2048, 2048, 2048, 2048, 2048, 2048, 2048]",311.0
1284,11280,3,55,2026-05-03T18:33:20.052000+00:00,33.478,35.839,26.556,213.0,185.0,False,95.873,"[None, 2048, 2048, 2048, 2048, 2048, 2048, 2048, 2048]","[2048, 2048, 2048, 2048, 2048, 2048, 2048, 2048, 2048]","[2048, 2048, 2048, 2048, 2048, 2048, 2048, 2048]",323.0
1284,11280,63,55,2026-05-03T18:33:20.377000+00:00,33.883,35.665,26.655,211.0,184.0,False,96.203,"[None, 2049, 2048, 2048, 2048, 2048, 2048, 2048, 2048]","[2048, 2048, 2048, 2048, 2048, 2048, 2048, 2048, 2048]","[2048, 2051, 2048, 2048, 2048, 2048, 2048, 2048]",327.0
1284,11280,44,55,2026-05-03T18:33:32.195000+00:00,32.834,35.641,25.832,211.0,179.0,False,94.307,"[None, 2048, 2048, 2048, 2048, 2048, 2048, 2048, 2048]","[2048, 2048, 2048, 2048, 2048, 2048, 2048, 2048, 2048]","[2048, 2048, 2048, 2048, 2048, 2048, 2048, 2048]",304.0
1284,11280,77,53,2026-05-03T18:33:35.519000+00:00,34.511,36.462,26.349,205.0,182.0,False,97.322,"[None, 2048, 2048, 2048, 2048, 2048, 2048, 2048, 2048]","[2048, 2048, 2048, 2048, 2048, 2048, 2048, 2048, 2048]","[2048, 2048, 2048, 2048, 2048, 2048, 2048, 2049]",292.0
1284,11280,43,55,2026-05-03T18:33:44.603000+00:00,32.504,35.172,25.659,213.0,184.0,False,93.335,"[None, 2048, 2048, 2048, 2048, 2048, 2048, 2048, 2048]","[2048, 2048, 2048, 2048, 2048, 2048, 2048, 2048, 2048]","[2048, 2048, 2048, 2048, 2049, 2048, 2048, 2048]",313.0
1284,11280,14,54,2026-05-03T18:33:51.931000+00:00,32.731,36.012,26.227,207.0,186.0,False,94.97,"[None, 2048, 2049, 2049, 2048, 2049, 2048, 2048, 2048]","[2048, 2048, 2048, 2048, 2048, 2049, 2048, 2048, 2048]","[2048, 2048, 2048, 2048, 2048, 2048, 2048, 2048]",293.0
1284,11280,11,54,2026-05-03T18:33:53.744000+00:00,33.566,35.719,26.217,209.0,183.0,False,95.502,"[None, 2048, 2048, 2048, 2048, 2048, 2048, 2048, 2048]","[2048, 2048, 2048, 2048, 2048, 2048, 2048, 2048, 2048]","[2048, 2048, 2048, 2048, 2048, 2048, 2048, 2049]",294.0
1284,11280,18,54,2026-05-03T18:33:59.228000+00:00,32.926,35.582,26.298,,185.0,False,94.806,"[None, 2049, 2048, 2048, 2048, 2048, 2048, 2049, 2048]","[2048, 2048, 2048, 2048, 2048, 2048, 2048, 2048, 2048]","[2048, 2048, 2048, 2048, 2048, 2048, 2048, 2048]",295.0
1284,11280,55,55,2026-05-03T18:34:01.462000+00:00,33.05,35.202,25.699,,186.0,False,93.951,"[2048, 2048, 2048, 2048, 2048, 2048, 2048, 2048, 2048]","[2048, 2048, 2048, 2048, 2048, 2048, 2048, 2048, 2048]","[2049, 2048, 2048, 2048, 2048, 2048, 2048, 2048]",319.0
1284,11280,23,55,2026-05-03T18:34:10.681000+00:00,33.208,35.015,25.886,211.0,186.0,False,94.109,"[None, 2048, 2048, 2048, 2048, 2048, 2048, 2048, 2048]","[2048, 2048, 2048, 2048, 2049, 2048, 2048, 2048, 2048]","[2048, 2048, 2048, 2048, 2048, 2048, 2049, 2048]",311.0
1284,11280,12,56,2026-05-03T18:34:16.540000+00:00,32.122,34.808,25.656,213.0,186.0,False,92.586,"[None, 2048, 2048, 2048, 2048, 2048, 2048, 2048, 2048]","[2048, 2048, 2048, 2048, 2048, 2048, 2048, 2048, 2048]","[2048, 2048, 2048, 2048, 2048, 2048, 2048, 2048]",316.0
1284,11280,87,55,2026-05-03T18:34:18.134000+00:00,34.829,35.118,25.949,212.0,185.0,False,95.896,"[None, 2048, 2048, 2048, 2048, 2048, 2048, 2048, 2048]","[2049, 2048, 2048, 2048, 2048, 2048, 2048, 2048, 2048]","[2049, 2048, 2048, 2048, 2048, 2048, 2049, 2049]",317.0
1284,11280,1,56,2026-05-03T18:34:19.171000+00:00,32.413,34.893,25.543,,187.0,False,92.849,"[None, 2048, 2048, 2048, 2048, 2048, 2048, 2048, 2048]","[2048, 2048, 2048, 2048, 2048, 2048, 2048, 2048, 2048]","[2048, 2048, 2048, 2048, 2048, 2048, 2048, 2048]",315.0
1284,11280,5,55,2026-05-03T18:34:23.983000+00:00,32.653,35.061,25.786,212.0,185.0,False,93.5,"[None, 2048, 2048, 2048, 2048, 2048, 2048, 2048, 2048]","[2048, 2048, 2048, 2048, 2048, 2048, 2048, 2048, 2048]","[2049, 2048, 2048, 2048, 2048, 2048, 2048, 2048]",312.0
1284,11280,31,55,2026-05-03T18:34:27.295000+00:00,32.967,35.547,25.902,212.0,182.0,False,94.416,"[None, 2048, 2048, 2048, 2048, 2049, 2048, 2048, 2048]","[2048, 2048, 2048, 2048, 2048, 2048, 2048, 2048, 2048]","[2048, 2048, 2048, 2048, 2048, 2048, 2048, 2048]",312.0
1284,11280,16,56,2026-05-03T18:34:42.511000+00:00,32.217,35.405,26.589,215.0,186.0,False,94.211,"[None, 2048, 2048, 2048, 2048, 2048, 2049, 2048, 2048]","[2049, 2048, 2048, 2048, 2048, 2048, 2048, 2048, 2048]","[2048, 2048, 2048, 2048, 2048, 2048, 2048, 2048]",293.0
1284,11280,81,56,2026-05-03T18:34:42.870000+00:00,32.448,35.285,25.513,213.0,185.0,False,93.246,"[None, 2048, 2048, 2048, 2048, 2048, 2048, 2048, 2048]","[2049, 2048, 2048, 2048, 2048, 2048, 2048, 2048, 2048]","[2048, 2048, 2048, 2048, 2048, 2048, 2048]",312.0
1284,11280,41,55,2026-05-03T18:34:47.542000+00:00,33.071,35.335,26.076,215.0,185.0,False,94.482,"[None, 2048, 2048, 2048, 2048, 2048, 2049, 2048, 2048]","[2049, 2048, 2048, 2048, 2048, 2048, 2048, 2048, 2048]","[2048, 2048, 2048, 2048, 2048, 2048, 2048, 2049]",308.0
1284,11280,3,56,2026-05-03T18:34:56.091000+00:00,32.976,35.948,26.653,,184.0,False,95.577,"[None, 2048, 2048, 2048, 2048, 2048, 2048, 2048, 2048]","[2048, 2048, 2048, 2048, 2048, 2048, 2048, 2048, 2048]","[2048, 2048, 2048, 2048, 2048, 2048, 2048, 2048]",324.0
1284,11280,63,56,2026-05-03T18:34:56.510000+00:00,33.226,35.525,25.436,210.0,184.0,False,94.187,"[None, 2048, 2048, 2048, 2048, 2048, 2048, 2048, 2048]","[2048, 2048, 2048, 2048, 2048, 2048, 2048, 2048, 2048]","[2048, 2051, 2051, 2048, 2048, 2048, 2048, 2048]",331.0
1284,11280,44,56,2026-05-03T18:35:06.501000+00:00,,35.64,26.093,206.0,179.0,False,94.567,"[None, 2048, 2048, 2048, 2048, 2048, 2048, 2048, 2048]","[2048, 2048, 2048, 2048, 2048, 2048, 2048, 2048, 2048]","[2048, 2048, 2048, 2048, 2048, 2048, 2048, 2048]",309.0
1284,11280,77,54,2026-05-03T18:35:12.884000+00:00,34.248,36.415,26.932,207.0,183.0,False,97.595,"[None, 2048, 2048, 2048, 2048, 2048, 2048, 2048, 2048]","[2048, 2048, 2048, 2048, 2048, 2048, 2048, 2048, 2048]","[2048, 2048, 2048, 2049, 2048, 2048, 2048, 2048]",302.0
1284,11280,43,56,2026-05-03T18:35:17.899000+00:00,32.271,35.086,25.702,211.0,185.0,False,93.059,"[None, 2048, 2048, 2048, 2048, 2048, 2049, 2048, 2048]","[2048, 2048, 2048, 2048, 2048, 2048, 2048, 2048, 2048]","[2049, 2048, 2048, 2049, 2048, 2048, 2049, 2048]",319.0
1284,11280,14,55,2026-05-03T18:35:26.977000+00:00,32.754,35.922,26.268,209.0,186.0,False,94.944,"[None, 2048, 2048, 2049, 2048, 2048, 2048, 2049, 2048]","[2048, 2048, 2048, 2048, 2048, 2048, 2048, 2048, 2048]","[2048, 2048, 2048, 2048, 2048, 2048, 2048, 2048]",292.0
1284,11280,11,55,2026-05-03T18:35:29.172000+00:00,33.514,35.681,26.055,211.0,182.0,False,95.25,"[2049, 2048, 2048, 2048, 2048, 2048, 2048, 2048, 2048]","[2048, 2048, 2048, 2048, 2048, 2048, 2048, 2048, 2048]","[2048, 2048, 2048, 2048, 2048, 2048, 2048, 2048]",306.0
1284,11280,18,55,2026-05-03T18:35:33.984000+00:00,32.944,35.626,27.579,212.0,185.0,False,96.149,"[None, 2048, 2048, 2048, 2049, 2048, 2048, 2048, 2048]","[2049, 2048, 2048, 2048, 2048, 2048, 2048, 2048, 2048]","[2049, 2048, 2048, 2048, 2048, 2048, 2048, 2048]",226.0
1284,11280,55,56,2026-05-03T18:35:35.468000+00:00,33.202,35.225,25.914,215.0,184.0,False,94.341,"[None, 2048, 2048, 2048, 2048, 2048, 2048, 2048, 2048]","[2049, 2048, 2048, 2048, 2048, 2048, 2048, 2048, 2048]","[2048, 2048, 2048, 2049, 2048, 2048, 2048, 2048]",318.0
1284,11280,23,56,2026-05-03T18:35:44.679000+00:00,33.13,35.053,25.98,,185.0,False,94.163,"[None, 2048, 2048, 2048, 2048, 2048, 2048, 2048, 2048]","[2048, 2048, 2048, 2048, 2048, 2048, 2048, 2048, 2048]","[2048, 2048, 2048, 2048, 2048, 2048, 2048, 2048]",311.0
1284,11280,12,57,2026-05-03T18:35:49.110000+00:00,32.418,34.81,25.864,214.0,186.0,False,93.092,"[None, 2048, 2048, 2048, 2048, 2048, 2048, 2048, 2048]","[2048, 2048, 2048, 2048, 2048, 2048, 2048, 2048, 2048]","[2048, 2048, 2049, 2048, 2048, 2048, 2048, 2048]",322.0
1284,11280,1,57,2026-05-03T18:35:51.945000+00:00,32.345,34.947,26.182,,186.0,False,93.474,"[None, 2048, 2048, 2048, 2048, 2048, 2048, 2048, 2048]","[2048, 2048, 2048, 2048, 2048, 2048, 2048, 2048, 2048]","[2048, 2048, 2048, 2048, 2048, 2048, 2048, 2048]",315.0
1284,11280,87,56,2026-05-03T18:35:54.160000+00:00,33.153,35.399,25.962,207.0,182.0,False,94.514,"[None, 2048, 2048, 2048, 2048, 2048, 2048, 2048, 2048]","[2048, 2048, 2048, 2048, 2048, 2048, 2048, 2048, 2048]","[2048, 2048, 2048, 2048, 2048, 2048, 2048, 2048]",314.0
1284,11280,5,56,2026-05-03T18:35:57.499000+00:00,32.882,35.313,25.893,214.0,185.0,False,94.088,"[None, 2048, 2048, 2048, 2048, 2048, 2048, 2048, 2048]","[2049, 2048, 2048, 2048, 2048, 2048, 2048, 2048, 2048]","[2049, 2048, 2048, 2048, 2048, 2048, 2049, 2048]",309.0
1284,11280,31,56,2026-05-03T18:36:01.644000+00:00,33.071,35.469,25.867,,186.0,False,94.407,"[None, 2048, 2048, 2048, 2048, 2048, 2048, 2048, 2048]","[2048, 2048, 2048, 2048, 2048, 2048, 2048, 2048, 2048]","[2049, 2048, 2048, 2048, 2048, 2048, 2048, 2048]",311.0
1284,11280,81,57,2026-05-03T18:36:15.919000+00:00,32.345,35.237,25.655,,186.0,False,93.237,"[None, 2048, 2048, 2048, 2048, 2048, 2048, 2048, 2048]","[2048, 2048, 2048, 2048, 2048, 2048, 2048, 2048, 2048]","[2048, 2048, 2048, 2048, 2048, 2048, 2048, 2048]",308.0
1284,11280,16,57,2026-05-03T18:36:16.562000+00:00,41.346,40.868,27.62,206.0,180.0,False,109.834,"[None, 2048, 2048, 2048, 2048, 2048, 0, 0, 2048]","[2048, 2048, 2048, 2048, 2048, 2048, 2048, 2048, 2048]","[2048, 2048, 2048, 2048, 2048, 2048, 2048]",277.0
1284,11280,41,56,2026-05-03T18:36:22.067000+00:00,35.663,40.132,29.147,207.0,181.0,False,104.942,"[None, 2048, 2048, 2048, 2048, 2048, 2048, 2048, 2048]","[2048, 2048, 2048, 2048, 2048, 2048, 2048, 2048, 2048]","[2048, 2048, 2048, 2048, 2048, 2048, 2048, 2048]",207.0
1284,11280,63,57,2026-05-03T18:36:30.567000+00:00,32.86,35.629,26.053,214.0,183.0,False,94.542,"[None, 2048, 2048, 2048, 2048, 2048, 2049, 2048, 2048]","[2048, 2048, 2048, 2048, 2048, 2048, 2048, 2048, 2048]","[2048, 2048, 2048, 2048, 2048, 2048, 2048, 2048]",334.0
1284,11280,3,57,2026-05-03T18:36:31.550000+00:00,33.098,35.275,26.241,211.0,182.0,False,94.614,"[None, 2048, 2048, 2048, 2048, 2048, 2048, 2048, 2048]","[2048, 2048, 2049, 2048, 2048, 2048, 2048, 2048, 2048]","[2048, 2049, 2049, 2048, 2048, 2048, 2048]",330.0
1284,11280,44,57,2026-05-03T18:36:41.023000+00:00,32.821,36.114,26.015,210.0,182.0,False,94.95,"[None, 2048, 2048, 2048, 2048, 2048, 2048, 2048, 2048]","[2048, 2048, 2048, 2048, 2048, 2048, 2048, 2048, 2048]","[2048, 2048, 2048, 2048, 2048, 2048, 2048, 2048]",299.0
1284,11280,77,55,2026-05-03T18:36:50.714000+00:00,36.528,36.971,26.485,199.0,179.0,False,99.984,"[None, 2048, 2048, 2048, 2048, 2048, 2048, 2048, 2048]","[2048, 2048, 2048, 2048, 2048, 2048, 2048, 2048, 2048]","[2048, 2048, 2048, 2048, 2048, 2048, 2048, 2048]",308.0
1284,11280,43,57,2026-05-03T18:36:51.136000+00:00,32.432,35.27,25.446,212.0,187.0,False,93.148,"[None, 2048, 2049, 2048, 2048, 2048, 2048, 2048, 2049]","[2048, 2048, 2048, 2048, 2048, 2048, 2048, 2048, 2048]","[2048, 2049, 2051, 2048, 2048, 2048, 2048, 2048]",331.0
1284,11280,14,56,2026-05-03T18:37:01.855000+00:00,32.89,35.877,26.479,,185.0,False,95.246,"[None, 2048, 2048, 2049, 2048, 2048, 2048, 2048, 2048]","[2048, 2048, 2048, 2048, 2048, 2048, 2048, 2048, 2048]","[2048, 2048, 2048, 2048, 2048, 2049, 2048, 2048]",275.0
1284,11280,11,56,2026-05-03T18:37:04.448000+00:00,33.597,35.613,26.04,207.0,182.0,False,95.25,"[2048, 2048, 2048, 2048, 2048, 2048, 2048, 2048, 2048]","[2048, 2048, 2048, 2048, 2048, 2048, 2048, 2048, 2048]","[2049, 2048, 2048, 2048, 2048, 2048, 2048, 2048]",318.0
1284,11280,55,57,2026-05-03T18:37:09.761000+00:00,33.396,35.308,25.851,214.0,184.0,False,94.555,"[None, 2048, 2048, 2048, 2048, 2048, 2048, 2048, 2048]","[2048, 2048, 2048, 2048, 2048, 2048, 2048, 2048, 2048]","[2048, 2048, 2048, 2048, 2048, 2048, 2048, 2048]",316.0
1284,11280,18,56,2026-05-03T18:37:10.167000+00:00,33.623,35.444,25.649,211.0,182.0,False,94.716,"[None, 2048, 2048, 2048, 2049, 2048, 2048, 2048, 2048]","[2049, 2049, 2048, 2048, 2048, 2048, 2048, 2048, 2048]","[2048, 2049, 2049, 2048, 2048, 2048, 2048, 2048]",324.0
1284,11280,23,57,2026-05-03T18:37:18.926000+00:00,33.156,35.255,25.887,212.0,183.0,False,94.298,"[None, 2048, 2048, 2048, 2048, 2048, 2048, 2048, 2048]","[2048, 2048, 2048, 2048, 2048, 2048, 2048, 2048, 2048]","[2048, 2048, 2048, 2048, 2048, 2048, 2048, 2048]",327.0
