meeting_key,session_key,driver_number,lap_number,date_start,duration_sector_1,duration_sector_2,duration_sector_3,i1_speed,i2_speed,is_pit_out_lap,lap_duration,segments_sector_1,segments_sector_2,segments_sector_3,st_speed
1286,11299,12,1,2026-06-07T13:03:11.903000+00:00,25.453,36.931,20.513,187.0,187.0,False,82.897,"[2049, 2051, 2051, 2051, 2051, 2051]","[2049, 2051, 2049, 2051, 2049, 2049, 2051, 2051, 2051, 2051]","[2051, 2051, 2051, 2051, 2051, 2051]",264.0
1286,11299,44,1,2026-06-07T13:03:11.903000+00:00,26.613,37.275,20.837,178.0,187.0,False,84.725,"[2051, 2049, 2049, 2049, 2049, 2049]","[2051, 2049, 2051, 2049, 2049, 2049, 2049, 2049, 2049, 2049]","[2049, 2049, 2049, 2049, 2049, 2049]",266.0
1286,11299,16,1,2026-06-07T13:03:11.903000+00:00,27.261,37.54,21.112,172.0,182.0,False,85.913,"[2049, 2049, 2049, 2049, 2049, 2049]","[2049, 2049, 2049, 2049, 2051, 2049, 2049, 2049, 2049, 2049]","[2049, 2049, 2049, 2049, 2049, 2049]",266.0
1286,11299,6,1,2026-06-07T13:03:11.903000+00:00,27.733,38.197,21.155,169.0,181.0,False,87.085,"[2049, 2049, 2049, 2049, 2049, 2049]","[2049, 2049, 2049, 2049, 2049, 2049, 2049, 2049, 2049, 2049]","[2049, 2049, 2049, 2049, 2049, 2049]",263.0
1286,11299,63,1,2026-06-07T13:03:11.903000+00:00,28.439,38.369,21.245,161.0,177.0,False,88.053,"[2049, 2049, 2049, 2049, 2049, 2049]","[2049, 2049, 2049, 2049, 2049, 2049, 2049, 2049, 2049, 2049]","[2049, 2049, 2049, 2049, 2051, 2051]",265.0
1286,11299,81,1,2026-06-07T13:03:11.903000+00:00,29.144,38.91,21.687,148.0,181.0,False,89.741,"[2049, 2049, 2049, 2049, 2049, 2049]","[2049, 2049, 2049, 2049, 2049, 2049, 2049, 2049, 2049, 2049]","[2049, 2049, 2049, 2049, 2049, 2049]",266.0
1286,11299,10,1,2026-06-07T13:03:11.903000+00:00,29.557,39.269,21.649,151.0,178.0,False,90.475,"[2049, 2049, 2049, 2049, 2049, 2049]","[2049, 2049, 2049, 2049, 2049, 2049, 2049, 2049, 2049, 2049]","[2049, 2049, 2049, 2049, 2049, 2049]",268.0
1286,11299,1,1,2026-06-07T13:03:11.903000+00:00,29.994,39.379,21.696,151.0,181.0,False,91.069,"[2049, 2049, 2049, 2049, 2049, 2049]","[2049, 2049, 2049, 2049, 2049, 2049, 2049, 2049, 2049, 2049]","[2049, 2049, 2049, 2049, 2049, 2049]",265.0
1286,11299,30,1,2026-06-07T13:03:11.903000+00:00,30.602,39.584,21.586,148.0,179.0,False,91.772,"[2049, 2049, 2049, 2049, 2049, 2049]","[2049, 2049, 2049, 2049, 2049, 2051, 2049, 2049, 2049, 2049]","[2049, 2049, 2049, 2049, 2049, 2051]",269.0
1286,11299,23,1,2026-06-07T13:03:11.903000+00:00,30.752,40.148,21.575,154.0,173.0,False,92.475,"[2049, 2049, 2049, 2049, 2049, 2049]","[2049, 2049, 2049, 2049, 2049, 2049, 2049, 2049, 2049, 2049]","[2049, 2049, 2049, 2049, 2049, 2049]",266.0
1286,11299,55,1,2026-06-07T13:03:11.903000+00:00,31.189,40.537,21.921,159.0,172.0,False,93.647,"[2049, 2049, 2049, 2049, 2049, 2049]","[2049, 2049, 2049, 2049, 2049, 2049, 2049, 2049, 2049, 2049]","[2049, 2049, 2049, 2049, 2049, 2049]",270.0
1286,11299,27,1,2026-06-07T13:03:11.903000+00:00,31.586,40.462,22.068,161.0,173.0,False,94.116,"[2049, 2049, 2049, 2049, 2049, 2049]","[2049, 2049, 2049, 2049, 2049, 2049, 2049, 2049, 2049, 2049]","[2049, 2049, 2049, 2049, 2051, 2051]",267.0
1286,11299,43,1,2026-06-07T13:03:11.903000+00:00,31.991,40.912,22.197,146.0,173.0,False,95.1,"[2049, 2049, 2049, 2049, 2049, 2049]","[2049, 2049, 2049, 2049, 2049, 2049, 2049, 2049, 2049, 2049]","[2049, 2049, 2049, 2049, 2049, 2049]",269.0
1286,11299,11,1,2026-06-07T13:03:11.903000+00:00,32.283,41.311,21.803,155.0,174.0,False,95.397,"[2049, 2049, 2049, 2049, 2049, 2049]","[2049, 2049, 2049, 2049, 2049, 2049, 2049, 2049, 2049, 2049]","[2049, 2049, 2049, 2049, 2051, 2049]",259.0
1286,11299,41,1,2026-06-07T13:03:11.903000+00:00,32.209,42.161,21.886,145.0,174.0,False,96.256,"[2049, 2049, 2049, 2049, 2049, 2049]","[2049, 2049, 2049, 2049, 2049, 2049, 2049, 2049, 2049, 2049]","[2049, 2049, 2049, 2049, 2049, 2049]",269.0
1286,11299,31,1,2026-06-07T13:03:11.903000+00:00,32.937,41.916,22.06,143.0,178.0,False,96.913,"[2049, 2049, 2049, 2049, 2049, 2049]","[2049, 2049, 2049, 2049, 2049, 2049, 2049, 2049, 2049, 2049]","[2049, 2049, 2049, 2049, 2051, 2051]",263.0
1286,11299,14,1,2026-06-07T13:03:11.903000+00:00,33.573,41.903,22.14,164.0,171.0,False,97.616,"[2049, 2049, 2049, 2049, 2049, 2049]","[2049, 2049, 2049, 2049, 2049, 2049, 2049, 2049, 2049, 2049]","[2049, 2049, 2049, 2049, 2049, 2049]",259.0
1286,11299,18,1,2026-06-07T13:03:11.903000+00:00,34.31,42.992,22.142,151.0,175.0,False,99.444,"[2049, 2049, 2049, 2049, 2049, 2049]","[2049, 2049, 2049, 2049, 2049, 2049, 2049, 2049, 2049, 2049]","[2049, 2049, 2049, 2049, 2049, 0]",260.0
1286,11299,77,1,2026-06-07T13:03:11.903000+00:00,33.935,43.033,41.429,161.0,173.0,False,118.397,"[2049, 2049, 2049, 2049, 2049, 2049]","[2049, 2049, 2049, 2049, 2049, 2049, 2049, 2049, 2049, 2049]","[2049, 2049, 2049, 2064, 2064, 2064]",259.0
1286,11299,5,1,2026-06-07T13:03:11.903000+00:00,35.156,42.861,41.083,147.0,166.0,False,119.1,"[None, 2049, 2049, 2049, 2049, 2049]","[2049, 2049, 2049, 2049, 2049, 2049, 2049, 2049, 2049, 2049]","[2049, 2049, 2049, 2064, 2064, 2064]",265.0
1286,11299,87,1,2026-06-07T13:03:11.903000+00:00,33.43,42.941,46.792,132.0,172.0,False,123.163,"[2049, 2049, 2049, 2049, 2049, 2049]","[2049, 2049, 2049, 2049, 2049, 2049, 2049, 2049, 2049, 2049]","[2049, 2049, 2049, 2064, 2064, 2064]",259.0
1286,11299,12,2,2026-06-07T13:04:34.800000+00:00,20.656,36.552,20.445,186.0,189.0,False,77.653,"[2051, 2051, 2049, 2051, 2051, 2049]","[2049, 2049, 2049, 2051, 2048, 2049, 2051, 2048, 2048, 2051]","[2051, 2048, 2048, 2051, 2049]",266.0
1286,11299,44,2,2026-06-07T13:04:36.628000+00:00,21.163,36.847,20.735,191.0,189.0,False,78.745,"[2049, 2049, 2049, 2049, 2049, 2049]","[2049, 2051, 2048, 2048, 2049, 2048, 2049, 2049, 2049, 2049]","[2049, 2048, 2049, 2049, 2049, 2049]",262.0
1286,11299,16,2,2026-06-07T13:04:37.816000+00:00,20.968,36.826,20.759,198.0,185.0,False,78.553,"[None, 2049, 2049, 2049, 2049, 2049]","[2051, 2049, 2049, 2049, 2048, 2049, 2049, 2048, 2049, 2049]","[2049, 2049, 2049, 2049, 2049, 2049]",267.0
1286,11299,6,2,2026-06-07T13:04:38.988000+00:00,21.167,37.22,20.791,191.0,184.0,False,79.178,"[None, 2049, 2049, 2049, 2049, 2051]","[2049, 2049, 2049, 2049, 2049, 2049, 2049, 2049, 2049, 2049]","[2049, 2049, 2049, 2049, 2049, 2049]",267.0
1286,11299,63,2,2026-06-07T13:04:39.956000+00:00,21.335,37.577,21.114,174.0,180.0,False,80.026,"[None, 2049, 2049, 2049, 2049, 2049]","[2049, 2049, 2048, 2049, 2048, 2049, 2049, 2048, 2048, 2049]","[2049, 2049, 2048, 2049, 2048, 2048]",269.0
1286,11299,81,2,2026-06-07T13:04:41.644000+00:00,21.54,37.617,21.297,179.0,184.0,False,80.454,"[None, 2049, 2049, 2049, 2049, 2049]","[2049, 2049, 2049, 2049, 2048, 2049, 2049, 2048, 2049, 2049]","[2049, 2049, 2049, 2048, 2048, 2048]",268.0
1286,11299,10,2,2026-06-07T13:04:42.378000+00:00,21.782,37.45,21.483,184.0,182.0,False,80.715,"[None, 2049, 2049, 2049, 2049, 2049]","[2049, 2049, 2049, 2049, 2049, 2049, 2049, 2049, 2048, 2049]","[2049, 2049, 2049, 2048, 2048, 2048]",279.0
1286,11299,1,2,2026-06-07T13:04:42.972000+00:00,21.738,37.534,21.412,178.0,177.0,False,80.684,"[None, 2049, 2049, 2049, 2049, 2049]","[2049, 2049, 2049, 2049, 2049, 2049, 2049, 2048, 2048, 2049]","[2048, 2049, 2049, 2049, 2049, 2049]",273.0
1286,11299,30,2,2026-06-07T13:04:43.675000+00:00,21.714,37.771,21.184,161.0,183.0,False,80.669,"[None, 2049, 2051, 2049, 2049, 2049]","[2049, 2049, 2049, 2049, 2051, 2049, 2049, 2049, 2049, 2049]","[2049, 2049, 2049, 2049, 2048, 2048]",273.0
1286,11299,23,2,2026-06-07T13:04:44.378000+00:00,21.614,37.984,21.462,180.0,176.0,False,81.06,"[None, 2049, 2049, 2049, 2049, 2049]","[2049, 2049, 2049, 2049, 2049, 2049, 2049, 2049, 2049, 2049]","[2049, 2049, 2048, 2048, 2049, 2051]",271.0
1286,11299,55,2,2026-06-07T13:04:45.550000+00:00,21.733,38.016,21.389,186.0,177.0,False,81.138,"[None, 2049, 2049, 2049, 2049, 2049]","[2049, 2049, 2049, 2049, 2049, 2049, 2049, 2049, 2049, 2049]","[2049, 2049, 2049, 2049, 2049]",270.0
1286,11299,27,2,2026-06-07T13:04:46.019000+00:00,21.809,37.947,21.467,186.0,180.0,False,81.223,"[None, 2049, 2049, 2049, 2049, 2049]","[2049, 2049, 2049, 2049, 2049, 2049, 2049, 2048, 2049, 2049]","[2049, 2049, 2049, 2049, 2048, 2048]",278.0
1286,11299,43,2,2026-06-07T13:04:47.003000+00:00,21.586,37.901,21.671,179.0,175.0,False,81.158,"[None, 2049, 2049, 2049, 2049, 2049]","[2049, 2049, 2049, 2049, 2049, 2051, 2049, 2048, 2049, 2049]","[2049, 2049, 2049, 2049, 2049, 2049]",281.0
1286,11299,11,2,2026-06-07T13:04:47.300000+00:00,21.897,38.022,21.585,173.0,177.0,False,81.504,"[None, 2049, 2049, 2049, 2049, 2049]","[2049, 2049, 2049, 2049, 2049, 2049, 2049, 2049, 2049, 2049]","[2049, 2049, 2049, 2049, 2049, 2048]",257.0
1286,11299,41,2,2026-06-07T13:04:48.159000+00:00,21.738,38.17,21.494,178.0,178.0,False,81.402,"[None, 2049, 2049, 2049, 2049, 2049]","[2049, 2049, 2049, 2049, 2049, 2049, 2049, 2049, 2049, 2049]","[2049, 2049, 2049, 2049, 2049, 2049]",278.0
1286,11299,31,2,2026-06-07T13:04:48.816000+00:00,21.934,38.056,21.673,165.0,179.0,False,81.663,"[None, 2049, 2049, 2049, 2049, 2049]","[2049, 2049, 2049, 2049, 2049, 2049, 2049, 2049, 2049, 2049]","[2049, 2049, 2049, 2049, 2048, 2048]",280.0
1286,11299,14,2,2026-06-07T13:04:49.519000+00:00,22.096,38.491,21.756,177.0,174.0,False,82.343,"[None, 2049, 2049, 2049, 2049, 2049]","[2049, 2049, 2049, 2049, 2048, 2049, 2049, 2048, 2049, 2049]","[2049, 2049, 2049, 2049, 2048, 2048]",276.0
1286,11299,18,2,2026-06-07T13:04:51.347000+00:00,21.701,38.678,21.703,175.0,179.0,False,82.082,"[None, 2049, 2049, 2049, 2049, 2049]","[2049, 2049, 2049, 2049, 2049, 2049, 2049, 2048, 2048, 2049]","[2049, 2049, 2049, 2048, 2048, 2048]",267.0
1286,11299,77,2,2026-06-07T13:05:10.300000+00:00,24.612,38.096,21.425,184.0,176.0,True,84.133,"[2064, 2049, 2049, 2049, 2049, 2049]","[2049, 2049, 2049, 2049, 2049, 2049, 2049, 2049, 2048, 2049]","[2049, 2049, 2049, 2049, 2049, 2049]",265.0
1286,11299,5,2,2026-06-07T13:05:11.003000+00:00,24.947,38.18,21.67,165.0,178.0,True,84.797,"[None, 2048, 2048, 2048, 2049, 2049]","[2049, 2049, 2049, 2049, 2049, 2049, 2049, 2049, 2049, 2049]","[2049, 2049, 2049, 2049, 2049, 2049]",267.0
1286,11299,87,2,2026-06-07T13:05:15.066000+00:00,24.755,37.72,21.19,173.0,182.0,True,83.665,"[2064, 2049, 2049, 2049, 2049, 2049]","[2049, 2049, 2049, 2049, 2049, 2049, 2049, 2049, 2049, 2049]","[2049, 2049, 2049, 2049, 2049, 2049]",266.0
1286,11299,12,3,2026-06-07T13:05:52.332000+00:00,20.513,36.153,20.33,192.0,187.0,False,76.996,"[None, 2048, 2049, 2051, 2049, 2049]","[2049, 2049, 2051, 2051, 2048, 2049, 2051, 2048, 2048, 2051]","[2048, 2051, 2051, 2049, 2049, 2049]",267.0
1286,11299,44,3,2026-06-07T13:05:55.300000+00:00,20.798,36.447,20.433,190.0,189.0,False,77.678,"[None, 2049, 2049, 2049, 2049, 2049]","[2049, 2051, 2048, 2049, 2049, 2048, 2048, 2049, 2049, 2049]","[2049, 2049, 2049, 2049, 2051, 2049]",257.0
1286,11299,16,3,2026-06-07T13:05:56.379000+00:00,20.756,36.413,20.624,196.0,188.0,False,77.793,"[None, 2049, 2048, 2049, 2049, 2049]","[2051, 2049, 2049, 2049, 2049, 2049, 2049, 2048, 2048, 2049]","[2049, 2049, 2048, 2049, 2051, 2049]",268.0
1286,11299,6,3,2026-06-07T13:05:58.223000+00:00,20.592,36.958,20.59,194.0,182.0,False,78.14,"[None, 2049, 2049, 2049, 2051, 2051]","[2049, 2049, 2049, 2049, 2048, 2048, 2048, 2049, 2049, 2049]","[2048, 2049, 2049, 2051, 2049, 2049]",266.0
1286,11299,63,3,2026-06-07T13:05:59.925000+00:00,20.825,36.736,20.85,191.0,181.0,False,78.411,"[None, 2051, 2048, 2049, 2049, 2049]","[2049, 2049, 2049, 2049, 2049, 2049, 2048, 2049, 2049, 2049]","[2049, 2049, 2049, 2049, 2049, 2048]",266.0
1286,11299,81,3,2026-06-07T13:06:02.066000+00:00,21.391,37.492,20.893,181.0,185.0,False,79.776,"[None, 2048, 2049, 2048, 2048, 2048]","[2049, 2048, 2048, 2049, 2048, 2049, 2049, 2049, 2048, 2048]","[2049, 2049, 2049, 2049, 2049, 2049]",267.0
1286,11299,10,3,2026-06-07T13:06:03.129000+00:00,21.429,37.648,20.996,178.0,185.0,False,80.073,"[None, 2049, 2049, 2049, 2049, 2048]","[2048, 2049, 2048, 2048, 2048, 2048, 2048, 2049, 2049, 2049]","[2049, 2049, 2049, 2049, 2049, 2048]",271.0
1286,11299,1,3,2026-06-07T13:06:03.613000+00:00,21.482,37.614,21.099,177.0,187.0,False,80.195,"[None, 2049, 2049, 2049, 2049, 2049]","[2049, 2049, 2049, 2048, 2048, 2049, 2048, 2049, 2049, 2049]","[2049, 2048, 2049, 2049, 2049, 2049]",277.0
1286,11299,30,3,2026-06-07T13:06:04.269000+00:00,21.624,37.615,21.155,175.0,183.0,False,80.394,"[None, 2049, 2048, 2048, 2049, 2049]","[2049, 2049, 2049, 2049, 2048, 2048, 2049, 2048, 2048, 2049]","[2049, 2049, 2048, 2048, 2049, 2051]",269.0
1286,11299,23,3,2026-06-07T13:06:05.597000+00:00,21.324,37.624,21.393,179.0,171.0,False,80.341,"[None, 2049, 2049, 2048, 2049, 2048]","[2049, 2049, 2049, 2049, 2048, 2049, 2048, 2049, 2049, 2049]","[2048, 2048, 2049, 2049, 2048, 2048]",279.0
1286,11299,55,3,2026-06-07T13:06:06.785000+00:00,21.397,37.757,21.359,184.0,180.0,False,80.513,"[None, 2049, 2049, 2049, 2049, 2048]","[2049, 2049, 2049, 2049, 2049, 2049, 2049, 2048, 2049, 2049]","[2049, 2049, 2049, 2048, 2048, 2048]",267.0
1286,11299,27,3,2026-06-07T13:06:07.347000+00:00,21.364,37.737,21.434,190.0,179.0,False,80.535,"[None, 2049, 2049, 2049, 2049, 2049]","[2049, 2048, 2048, 2049, 2048, 2048, 2048, 2049, 2048, 2049]","[2049, 2048, 2048, 2049, 2048, 2049]",275.0
1286,11299,43,3,2026-06-07T13:06:08.207000+00:00,21.413,37.761,21.309,,183.0,False,80.483,"[None, 2049, 2049, 2048, 2049, 2048]","[2049, 2049, 2048, 2048, 2048, 2048, 2048, 2049, 2049, 2049]","[2049, 2049, 2048, 2049, 2049, 2049]",279.0
1286,11299,11,3,2026-06-07T13:06:08.910000+00:00,21.578,37.71,21.191,172.0,182.0,False,80.479,"[None, 2049, 2049, 2049, 2049, 2049]","[2049, 2049, 2049, 2049, 2049, 2049, 2048, 2049, 2049, 2049]","[2049, 2049, 2049, 2049, 2048, 2049]",260.0
1286,11299,41,3,2026-06-07T13:06:09.597000+00:00,21.573,37.777,21.278,187.0,184.0,False,80.628,"[None, 2048, 2048, 2049, 2049, 2049]","[2049, 2049, 2049, 2049, 2049, 2049, 2048, 2049, 2049, 2049]","[2049, 2049, 2049, 2049, 2049, 2051]",279.0
1286,11299,31,3,2026-06-07T13:06:10.582000+00:00,21.625,37.639,21.323,174.0,181.0,False,80.587,"[None, 2049, 2049, 2049, 2049, 2049]","[2049, 2049, 2049, 2049, 2051, 2048, 2049, 2049, 2049, 2049]","[2049, 2049, 2049, 2049, 2048, 2049]",271.0
1286,11299,14,3,2026-06-07T13:06:11.879000+00:00,21.783,38.422,38.844,186.0,176.0,False,99.049,"[None, 2049, 2048, 2049, 2049, 2049]","[2049, 2049, 2049, 2048, 2048, 2048, 2049, 2048, 2048, 2049]","[2049, 2049, 2048, 2064, 2064, 2064]",261.0
1286,11299,18,3,2026-06-07T13:06:13.627000+00:00,21.738,38.502,21.66,180.0,178.0,False,81.9,"[2048, 2048, 2048, 2049, 2048, 2049]","[2049, 2049, 2049, 2049, 2048, 2048, 2048, 2048, 2048, 2049]","[2048, 2048, 2049, 2049, 2048, 2048]",260.0
1286,11299,77,3,2026-06-07T13:06:34.600000+00:00,21.773,38.422,21.558,181.0,176.0,False,81.753,"[2049, 2049, 2049, 2049, 2049, 2048]","[2048, 2049, 2048, 2048, 2048, 2048, 2048, 2048, 2048, 2049]","[2048, 2048, 2049, 2049, 2049, 2049]",255.0
1286,11299,5,3,2026-06-07T13:06:35.990000+00:00,21.319,38.017,21.931,174.0,177.0,False,81.267,"[2049, 2049, 2049, 2049, 2049, 2049]","[2049, 2048, 2049, 2049, 2049, 2049, 2049, 2048, 2048, 2048]","[2048, 2048, 2048, 2049, 2048, 2048]",268.0
1286,11299,87,3,2026-06-07T13:06:38.756000+00:00,21.088,37.072,21.114,190.0,185.0,False,79.274,"[2049, 2049, 2049, 2049, 2049, 2049]","[2049, 2049, 2049, 2049, 2049, 2049, 2048, 2049, 2049, 2049]","[2049, 2049, 2048, 2049, 2049, 2049]",268.0
1286,11299,12,4,2026-06-07T13:07:09.573000+00:00,20.453,36.316,20.279,,187.0,False,77.048,"[2049, 2049, 2049, 2051, 2049, 2048]","[2048, 2049, 2049, 2048, 2048, 2048, 2048, 2049, 2048, 2048]","[2048, 2051, 2051, 2049, 2049, 2049]",265.0
1286,11299,44,4,2026-06-07T13:07:12.994000+00:00,20.656,36.082,20.34,,191.0,False,77.078,"[None, 2048, 2049, 2049, 2051, 2049]","[2049, 2051, 2051, 2049, 2051, 2048, 2049, 2049, 2049, 2049]","[2051, 2049, 2048, 2049, 2049, 2049]",260.0
1286,11299,16,4,2026-06-07T13:07:14.119000+00:00,20.57,36.318,20.582,192.0,187.0,False,77.47,"[2051, 2048, 2049, 2049, 2049, 2048]","[2051, 2048, 2049, 2048, 2048, 2049, 2049, 2049, 2049, 2049]","[2049, 2049, 2048, 2049, 2048, 2048]",276.0
1286,11299,6,4,2026-06-07T13:07:16.354000+00:00,20.475,36.606,20.47,191.0,185.0,False,77.551,"[None, 2051, 2049, 2049, 2048, 2051]","[2049, 2049, 2049, 2048, 2049, 2049, 2049, 2049, 2049, 2049]","[2049, 2049, 2049, 2051, 2049, 2049]",268.0
1286,11299,63,4,2026-06-07T13:07:18.401000+00:00,20.613,36.817,20.667,194.0,186.0,False,78.097,"[None, 2048, 2049, 2049, 2049, 2049]","[2049, 2048, 2048, 2048, 2048, 2048, 2049, 2049, 2048, 2049]","[2049, 2049, 2049, 2049, 2048, 2048]",265.0
1286,11299,81,4,2026-06-07T13:07:21.854000+00:00,21.043,36.75,21.093,184.0,189.0,False,78.886,"[None, 2049, 2049, 2049, 2049, 2049]","[2049, 2049, 2049, 2049, 2048, 2049, 2049, 2049, 2049, 2049]","[2049, 2048, 2048, 2048, 2049, 2049]",268.0
1286,11299,10,4,2026-06-07T13:07:23.229000+00:00,21.231,36.89,21.003,186.0,184.0,False,79.124,"[None, 2048, 2048, 2049, 2049, 2048]","[2049, 2049, 2049, 2049, 2048, 2048, 2049, 2049, 2049, 2049]","[2049, 2048, 2049, 2048, 2048, 2048]",271.0
1286,11299,1,4,2026-06-07T13:07:23.870000+00:00,21.206,37.169,21.116,189.0,182.0,False,79.491,"[None, 2048, 2048, 2049, 2049, 2049]","[2049, 2049, 2049, 2049, 2049, 2048, 2048, 2049, 2048, 2048]","[2048, 2048, 2049, 2049, 2049, 2049]",276.0
1286,11299,30,4,2026-06-07T13:07:24.666000+00:00,21.237,37.294,21.152,180.0,183.0,False,79.683,"[None, 2048, 2048, 2049, 2049, 2049]","[2049, 2049, 2049, 2049, 2048, 2049, 2049, 2048, 2048, 2048]","[2049, 2049, 2048, 2048, 2048, 2048]",277.0
1286,11299,23,4,2026-06-07T13:07:25.745000+00:00,21.229,37.447,21.212,187.0,175.0,False,79.888,"[2048, 2049, 2048, 2048, 2049, 2049]","[2049, 2049, 2048, 2049, 2048, 2048, 2049, 2049, 2049, 2048]","[2049, 2049, 2049, 2048, 2048, 2048]",269.0
1286,11299,55,4,2026-06-07T13:07:27.291000+00:00,21.307,37.611,21.235,186.0,177.0,False,80.153,"[None, 2049, 2049, 2048, 2048, 2048]","[2049, 2049, 2048, 2049, 2048, 2049, 2049, 2048, 2048, 2048]","[2048, 2049, 2049, 2049, 2048, 2048]",271.0
1286,11299,27,4,2026-06-07T13:07:27.745000+00:00,21.105,37.677,21.234,189.0,181.0,False,80.016,"[2048, 2049, 2051, 2049, 2049, 2049]","[2048, 2049, 2049, 2049, 2048, 2049, 2049, 2048, 2048, 2048]","[2048, 2048, 2049, 2049, 2049, 2051]",279.0
1286,11299,43,4,2026-06-07T13:07:28.698000+00:00,21.177,37.562,21.42,185.0,177.0,False,80.159,"[None, 2049, 2048, 2049, 2049, 2049]","[2049, 2048, 2049, 2049, 2048, 2048, 2048, 2048, 2049, 2049]","[2048, 2049, 2049, 2048, 2048, 2049]",272.0
1286,11299,11,4,2026-06-07T13:07:29.495000+00:00,21.416,37.433,41.217,178.0,180.0,False,100.066,"[None, 2048, 2048, 2049, 2049, 2049]","[2049, 2049, 2049, 2049, 2049, 2049, 2048, 2049, 2048, 2049]","[2049, 2049, 2048, 2064, 2064, 2064]",260.0
1286,11299,41,4,2026-06-07T13:07:30.291000+00:00,21.227,37.627,21.262,181.0,183.0,False,80.116,"[None, 2049, 2049, 2049, 2049, 2048]","[2049, 2049, 2049, 2048, 2048, 2048, 2048, 2049, 2049, 2049]","[2048, 2049, 2049, 2048, 2048, 2048]",278.0
1286,11299,31,4,2026-06-07T13:07:31.135000+00:00,21.43,37.497,21.31,169.0,186.0,False,80.237,"[None, 2048, 2049, 2049, 2049, 2048]","[2049, 2049, 2049, 2049, 2049, 2048, 2048, 2049, 2048, 2049]","[2049, 2048, 2049, 2048, 2051, 2051]",278.0
1286,11299,18,4,2026-06-07T13:07:35.417000+00:00,21.459,38.057,38.993,184.0,179.0,False,98.509,"[2049, 2048, 2048, 2048, 2049, 2049]","[2049, 2049, 2049, 2048, 2048, 2048, 2048, 2048, 2048, 2048]","[2048, 2048, 2048, 2064, 2064, 2064]",263.0
1286,11299,14,4,2026-06-07T13:07:50.979000+00:00,24.311,37.896,21.105,180.0,181.0,True,83.312,"[2064, 2048, 2048, 2048, 2049, 2049]","[2049, 2049, 2049, 2049, 2048, 2048, 2048, 2048, 2049, 2049]","[2049, 2049, 2049, 2049, 2049, 2048]",264.0
1286,11299,77,4,2026-06-07T13:07:56.354000+00:00,21.958,38.198,21.453,187.0,172.0,False,81.609,"[2048, 2048, 2048, 2048, 2049, 2049]","[2049, 2049, 2049, 2049, 2049, 2048, 2048, 2049, 2048, 2048]","[2048, 2048, 2049, 2049, 2048, 2049]",255.0
1286,11299,5,4,2026-06-07T13:07:57.213000+00:00,21.613,37.972,22.102,168.0,178.0,False,81.687,"[None, 2049, 2048, 2048, 2048, 2048]","[2048, 2048, 2048, 2048, 2049, 2049, 2048, 2048, 2048, 2048]","[2048, 2048, 2049, 2048, 2048, 2048]",273.0
1286,11299,87,4,2026-06-07T13:07:58.012000+00:00,21.358,37.854,21.809,180.0,183.0,False,81.021,"[2048, 2048, 2049, 2048, 2048, 2048]","[2048, 2049, 2048, 2048, 2048, 2049, 2048, 2048, 2048, 2048]","[2048, 2048, 2048, 2048, 2051, 2051]",270.0
1286,11299,12,5,2026-06-07T13:08:26.589000+00:00,20.276,36.097,20.288,200.0,187.0,False,76.661,"[None, 2048, 2049, 2051, 2048, 2049]","[2049, 2049, 2049, 2048, 2049, 2048, 2048, 2049, 2048, 2048]","[2048, 2048, 2048, 2051, 2049, 2049]",266.0
1286,11299,44,5,2026-06-07T13:08:30.042000+00:00,20.634,36.05,20.374,193.0,191.0,False,77.058,"[None, 2049, 2048, 2049, 2048, 2049]","[2051, 2048, 2051, 2048, 2048, 2048, 2049, 2048, 2048, 2049]","[2048, 2049, 2048, 2048, 2048, 2048]",259.0
1286,11299,16,5,2026-06-07T13:08:31.620000+00:00,20.468,36.6,20.587,200.0,187.0,False,77.655,"[2048, 2048, 2048, 2049, 2049, 2049]","[2048, 2048, 2049, 2048, 2048, 2048, 2048, 2048, 2048, 2048]","[2048, 2049, 2048, 2049, 2048, 2048]",268.0
1286,11299,6,5,2026-06-07T13:08:33.901000+00:00,20.387,36.556,20.459,197.0,184.0,False,77.402,"[None, 2051, 2049, 2049, 2048, 2051]","[2049, 2049, 2049, 2049, 2048, 2048, 2049, 2048, 2049, 2049]","[2049, 2049, 2048, 2048, 2049, 2049]",267.0
1286,11299,63,5,2026-06-07T13:08:36.495000+00:00,20.597,36.352,20.649,197.0,184.0,False,77.598,"[2048, 2048, 2048, 2049, 2048, 2049]","[2049, 2049, 2048, 2049, 2048, 2049, 2049, 2049, 2048, 2049]","[2048, 2049, 2049, 2048, 2049, 2048]",267.0
1286,11299,81,5,2026-06-07T13:08:40.683000+00:00,20.889,36.464,20.719,189.0,193.0,False,78.072,"[None, 2048, 2048, 2049, 2049, 2049]","[2049, 2048, 2049, 2049, 2049, 2049, 2048, 2049, 2049, 2049]","[2049, 2049, 2048, 2049, 2049, 2049]",268.0
1286,11299,10,5,2026-06-07T13:08:42.293000+00:00,20.995,37.121,20.976,181.0,188.0,False,79.092,"[None, 2049, 2048, 2049, 2049, 2048]","[2048, 2048, 2048, 2048, 2048, 2048, 2048, 2048, 2048, 2049]","[2049, 2048, 2049, 2049, 2048]",270.0
1286,11299,1,5,2026-06-07T13:08:43.323000+00:00,20.871,36.96,21.157,184.0,179.0,False,78.988,"[None, 2048, 2049, 2049, 2049, 2048]","[2048, 2049, 2048, 2048, 2048, 2048, 2049, 2048, 2049, 2048]","[2048, 2048, 2048, 2049, 2049]",276.0
1286,11299,30,5,2026-06-07T13:08:44.354000+00:00,21.067,37.156,21.084,187.0,185.0,False,79.307,"[None, 2048, 2048, 2049, 2049, 2049]","[2049, 2048, 2049, 2049, 2048, 2048, 2049, 2049, 2048, 2048]","[2048, 2048, 2049, 2048, 2048, 2048]",270.0
1286,11299,23,5,2026-06-07T13:08:45.760000+00:00,21.155,37.262,21.245,194.0,173.0,False,79.662,"[None, 2049, 2048, 2048, 2049, 2049]","[2049, 2049, 2049, 2048, 2048, 2048, 2049, 2049, 2049, 2048]","[2048, 2049, 2049, 2048, 2048, 2048]",270.0
1286,11299,55,5,2026-06-07T13:08:47.464000+00:00,21.27,37.339,21.287,191.0,182.0,False,79.896,"[None, 2048, 2048, 2048, 2048, 2049]","[2049, 2049, 2049, 2049, 2049, 2048, 2048, 2049, 2049, 2049]","[2048, 2048, 2049, 2049, 2049, 2049]",271.0
1286,11299,27,5,2026-06-07T13:08:47.948000+00:00,21.137,37.483,21.559,190.0,181.0,False,80.179,"[2049, 2049, 2048, 2048, 2049, 2048]","[2048, 2048, 2049, 2049, 2049, 2051, 2048, 2049, 2049, 2049]","[2048, 2048, 2048, 2048, 2048, 2048]",280.0
1286,11299,43,5,2026-06-07T13:08:48.870000+00:00,21.209,37.673,21.202,180.0,184.0,False,80.084,"[None, 2048, 2049, 2048, 2048, 2048]","[2048, 2048, 2048, 2048, 2048, 2048, 2049, 2048, 2048, 2049]","[2049, 2049, 2048, 2048, 2048, 2049]",272.0
1286,11299,41,5,2026-06-07T13:08:50.323000+00:00,21.042,37.447,20.93,189.0,183.0,False,79.419,"[None, 2049, 2049, 2049, 2049, 2049]","[2049, 2049, 2049, 2049, 2048, 2048, 2049, 2048, 2048, 2049]","[2049, 2049, 2049, 2049, 2048, 2048]",277.0
1286,11299,31,5,2026-06-07T13:08:51.339000+00:00,21.191,37.159,21.095,168.0,185.0,False,79.445,"[None, 2049, 2049, 2049, 2049, 2049]","[2049, 2049, 2049, 2048, 2049, 2048, 2049, 2049, 2048, 2048]","[2049, 2049, 2049, 2049, 2049, 2049]",277.0
1286,11299,11,5,2026-06-07T13:09:09.479000+00:00,23.857,37.316,20.859,183.0,180.0,True,82.032,"[2064, 2048, 2049, 2048, 2048, 2049]","[2049, 2048, 2048, 2048, 2049, 2048, 2049, 2049, 2049, 2049]","[2049, 2049, 2049, 2049, 2049, 2048]",256.0
1286,11299,18,5,2026-06-07T13:09:14.057000+00:00,24.665,38.192,21.161,174.0,184.0,True,84.018,"[2064, 2048, 2048, 2048, 2048, 2048]","[2048, 2048, 2048, 2049, 2048, 2048, 2049, 2048, 2049, 2049]","[2049, 2049, 2049, 2049, 2049, 2048]",260.0
1286,11299,14,5,2026-06-07T13:09:14.261000+00:00,21.289,37.813,21.224,190.0,177.0,False,80.326,"[2049, 2049, 2048, 2049, 2049, 2049]","[2049, 2048, 2048, 2049, 2049, 2048, 2049, 2048, 2048, 2049]","[2048, 2048, 2048, 2048, 2049]",265.0
1286,11299,77,5,2026-06-07T13:09:17.948000+00:00,22.077,38.471,21.364,185.0,177.0,False,81.912,"[2049, 2048, 2048, 2048, 2048, 2049]","[2048, 2048, 2048, 2048, 2048, 2048, 2048, 2049, 2048, 2049]","[2049, 2048, 2048, 2049, 2048, 2049]",252.0
1286,11299,5,5,2026-06-07T13:09:18.761000+00:00,21.607,38.366,21.707,,178.0,False,81.68,"[None, 2049, 2048, 2048, 2048, 2048]","[2048, 2049, 2048, 2048, 2048, 2048, 2048, 2048, 2048, 2048]","[2048, 2048, 2049, 2048, 2049, 2049]",274.0
1286,11299,87,5,2026-06-07T13:09:19.089000+00:00,21.817,38.333,21.676,164.0,180.0,False,81.826,"[None, 2048, 2049, 2048, 2048, 2048]","[2048, 2048, 2048, 2048, 2049, 2049, 2048, 2048, 2049, 2048]","[2048, 2048, 2048, 2048, 2051, 2048]",279.0
1286,11299,12,6,2026-06-07T13:09:43.151000+00:00,20.404,36.093,20.226,199.0,191.0,False,76.723,"[2048, 2049, 2049, 2048, 2048, 2048]","[2048, 2048, 2048, 2048, 2048, 2048, 2048, 2049, 2048, 2051]","[2049, 2048, 2048, 2048, 2048, 2048]",267.0
1286,11299,44,6,2026-06-07T13:09:47.183000+00:00,20.543,35.934,20.223,196.0,193.0,False,76.7,"[2048, 2049, 2048, 2049, 2051, 2049]","[2051, 2048, 2051, 2049, 2048, 2048, 2049, 2048, 2048, 2049]","[2051, 2049, 2048, 2051, 2049, 2049]",261.0
1286,11299,16,6,2026-06-07T13:09:49.292000+00:00,20.553,36.65,20.537,194.0,187.0,False,77.74,"[None, 2048, 2048, 2049, 2048, 2048]","[2048, 2048, 2048, 2048, 2049, 2048, 2048, 2048, 2048, 2048]","[2048, 2048, 2049, 2048, 2048, 2048]",259.0
1286,11299,6,6,2026-06-07T13:09:51.355000+00:00,20.374,36.618,20.614,,183.0,False,77.606,"[None, 2049, 2049, 2048, 2048, 2048]","[2049, 2048, 2048, 2048, 2048, 2048, 2048, 2049, 2049, 2048]","[2048, 2048, 2048, 2048, 2048, 2049]",267.0
1286,11299,63,6,2026-06-07T13:09:54.058000+00:00,20.295,36.399,20.563,206.0,188.0,False,77.257,"[2049, 2051, 2049, 2049, 2049, 2049]","[2048, 2048, 2049, 2048, 2049, 2049, 2048, 2049, 2049, 2049]","[2049, 2049, 2048, 2048, 2048, 2048]",267.0
1286,11299,81,6,2026-06-07T13:09:58.901000+00:00,20.506,36.843,20.889,185.0,189.0,False,78.238,"[None, 2049, 2049, 2049, 2049, 2049]","[2049, 2049, 2049, 2049, 2048, 2048, 2049, 2048, 2048, 2048]","[2048, 2048, 2048, 2048, 2048, 2048]",268.0
1286,11299,10,6,2026-06-07T13:10:01.401000+00:00,20.683,36.674,20.948,192.0,187.0,False,78.305,"[None, 2049, 2049, 2049, 2049, 2049]","[2049, 2048, 2049, 2049, 2049, 2048, 2049, 2048, 2048, 2048]","[2048, 2049, 2048, 2048, 2048, 2048]",270.0
1286,11299,1,6,2026-06-07T13:10:02.261000+00:00,20.752,36.693,20.788,190.0,190.0,False,78.233,"[None, 2049, 2048, 2048, 2049, 2049]","[2049, 2049, 2048, 2048, 2048, 2048, 2048, 2048, 2049, 2049]","[2049, 2049, 2049, 2049, 2049, 2048]",275.0
1286,11299,30,6,2026-06-07T13:10:03.730000+00:00,21.142,37.33,21.074,180.0,184.0,False,79.546,"[None, 2048, 2048, 2049, 2048, 2048]","[2048, 2049, 2048, 2048, 2048, 2048, 2049, 2048, 2048, 2049]","[2048, 2049, 2048, 2048, 2048, 2048]",268.0
1286,11299,23,6,2026-06-07T13:10:05.355000+00:00,21.066,37.215,21.093,185.0,179.0,False,79.374,"[2049, 2049, 2048, 2048, 2048, 2048]","[2048, 2049, 2049, 2048, 2048, 2048, 2049, 2049, 2049, 2049]","[2049, 2048, 2049, 2048, 2048, 2048]",269.0
1286,11299,55,6,2026-06-07T13:10:07.323000+00:00,21.037,37.481,21.181,186.0,178.0,False,79.699,"[None, 2049, 2049, 2049, 2049, 2048]","[2048, 2048, 2048, 2048, 2049, 2048, 2048, 2048, 2048, 2048]","[2049, 2048, 2049, 2048, 2048, 2048]",270.0
1286,11299,27,6,2026-06-07T13:10:07.948000+00:00,21.004,37.302,21.403,194.0,178.0,False,79.709,"[None, 2048, 2048, 2048, 2049, 2048]","[2049, 2049, 2048, 2049, 2049, 2048, 2048, 2048, 2048, 2048]","[2048, 2048, 2048, 2048, 2048, 2048]",281.0
1286,11299,43,6,2026-06-07T13:10:08.917000+00:00,21.106,37.349,21.435,182.0,180.0,False,79.89,"[None, 2049, 2048, 2048, 2048, 2048]","[2049, 2049, 2048, 2048, 2048, 2048, 2048, 2049, 2049, 2048]","[2048, 2048, 2048, 2048, 2048, 2048]",276.0
1286,11299,41,6,2026-06-07T13:10:09.792000+00:00,21.199,37.366,21.149,184.0,184.0,False,79.714,"[2048, 2049, 2048, 2048, 2048, 2048]","[2048, 2049, 2048, 2048, 2048, 2048, 2048, 2049, 2048, 2049]","[2048, 2048, 2049, 2048, 2048, 2048]",270.0
1286,11299,31,6,2026-06-07T13:10:10.745000+00:00,21.182,37.22,21.18,166.0,186.0,False,79.582,"[None, 2049, 2048, 2048, 2048, 2048]","[2048, 2048, 2048, 2048, 2049, 2049, 2048, 2049, 2049, 2049]","[2048, 2048, 2048, 2048, 2048, 2049]",280.0
1286,11299,11,6,2026-06-07T13:10:31.573000+00:00,21.108,37.669,20.747,173.0,186.0,False,79.524,"[2049, 2049, 2048, 2048, 2049, 2048]","[2048, 2048, 2048, 2048, 2048, 2048, 2049, 2048, 2051, 2049]","[2049, 2048, 2049, 2049, 2048, 2048]",257.0
1286,11299,14,6,2026-06-07T13:10:34.480000+00:00,21.032,37.525,21.215,,178.0,False,79.772,"[None, 2049, 2049, 2049, 2049, 2049]","[2049, 2048, 2049, 2049, 2049, 2048, 2048, 2049, 2049, 2048]","[2048, 2048, 2048, 2048, 2048, 2048]",265.0
1286,11299,18,6,2026-06-07T13:10:38.105000+00:00,21.18,37.352,21.223,191.0,182.0,False,79.755,"[2049, 2049, 2048, 2048, 2049, 2049]","[2049, 2049, 2048, 2049, 2049, 2048, 2048, 2049, 2049, 2049]","[2048, 2049, 2048, 2048, 2048, 2048]",262.0
1286,11299,77,6,2026-06-07T13:10:39.869000+00:00,22.007,38.11,21.176,187.0,177.0,False,81.293,"[None, 2048, 2048, 2048, 2048, 2049]","[2048, 2048, 2049, 2049, 2048, 2048, 2048, 2049, 2048, 2049]","[2049, 2048, 2049, 2049, 2048, 2049]",251.0
1286,11299,5,6,2026-06-07T13:10:40.560000+00:00,21.743,38.044,21.625,169.0,177.0,False,81.412,"[None, 2049, 2048, 2048, 2048, 2048]","[2048, 2048, 2049, 2048, 2048, 2048, 2048, 2048, 2048, 2048]","[2048, 2048, 2049, 2049, 2049, 2048]",273.0
1286,11299,87,6,2026-06-07T13:10:40.795000+00:00,21.823,38.044,21.643,176.0,181.0,False,81.51,"[None, 2048, 2048, 2048, 2048, 2048]","[2048, 2048, 2048, 2048, 2048, 2048, 2048, 2048, 2048, 2048]","[2048, 2048, 2048, 2048, 2048, 2048]",278.0
1286,11299,12,7,2026-06-07T13:10:59.978000+00:00,20.206,35.689,20.155,,194.0,False,76.05,"[None, 2049, 2049, 2048, 2051, 2049]","[2049, 2049, 2049, 2048, 2049, 2049, 2048, 2049, 2048, 2051]","[2051, 2048, 2051, 2049, 2048, 2049]",268.0
1286,11299,44,7,2026-06-07T13:11:03.966000+00:00,20.516,35.838,20.233,197.0,193.0,False,76.587,"[2049, 2049, 2049, 2048, 2048, 2049]","[2048, 2048, 2048, 2048, 2048, 2049, 2049, 2048, 2048, 2049]","[2049, 2048, 2049, 2048, 2049, 2049]",266.0
1286,11299,16,7,2026-06-07T13:11:07.098000+00:00,20.563,36.32,20.455,202.0,189.0,False,77.338,"[None, 2048, 2048, 2048, 2049, 2049]","[2048, 2048, 2049, 2049, 2048, 2048, 2048, 2049, 2048, 2049]","[2049, 2048, 2048, 2049, 2049, 2048]",258.0
1286,11299,6,7,2026-06-07T13:11:08.881000+00:00,20.304,36.489,20.635,193.0,186.0,False,77.428,"[None, 2049, 2049, 2049, 2048, 2048]","[2048, 2049, 2049, 2049, 2048, 2049, 2049, 2048, 2049, 2048]","[2048, 2048, 2048, 2048, 2048, 2048]",268.0
1286,11299,63,7,2026-06-07T13:11:11.405000+00:00,20.351,36.256,20.548,194.0,191.0,False,77.155,"[None, 2051, 2049, 2049, 2048, 2048]","[2048, 2048, 2048, 2049, 2049, 2049, 2049, 2048, 2048, 2049]","[2049, 2049, 2048, 2048, 2049, 2048]",269.0
1286,11299,81,7,2026-06-07T13:11:17.155000+00:00,20.622,36.327,20.624,189.0,192.0,False,77.573,"[2048, 2048, 2048, 2048, 2048, 2049]","[2048, 2049, 2048, 2048, 2048, 2049, 2048, 2049, 2048, 2049]","[2049, 2048, 2049, 2049, 2048, 2049]",269.0
1286,11299,10,7,2026-06-07T13:11:19.795000+00:00,20.895,36.69,20.995,193.0,182.0,False,78.58,"[2048, 2048, 2049, 2048, 2048, 2049]","[2048, 2049, 2048, 2049, 2048, 2048, 2049, 2048, 2048, 2048]","[2048, 2048, 2048, 2048, 2049, 2048]",271.0
1286,11299,1,7,2026-06-07T13:11:20.530000+00:00,20.606,36.68,20.957,191.0,187.0,False,78.243,"[None, 2049, 2049, 2049, 2048, 2048]","[2049, 2048, 2048, 2049, 2049, 2048, 2048, 2049, 2048, 2048]","[2049, 2048, 2048, 2048, 2049, 2049]",275.0
1286,11299,30,7,2026-06-07T13:11:23.264000+00:00,20.97,37.087,20.996,197.0,188.0,False,79.053,"[2048, 2049, 2048, 2048, 2048, 2049]","[2049, 2049, 2048, 2049, 2048, 2048, 2048, 2048, 2048, 2049]","[2048, 2048, 2049, 2048, 2048, 2048]",269.0
1286,11299,23,7,2026-06-07T13:11:24.670000+00:00,21.004,36.942,21.001,197.0,179.0,False,78.947,"[2048, 2048, 2048, 2049, 2049, 2049]","[2049, 2049, 2048, 2049, 2048, 2048, 2049, 2049, 2049, 2049]","[2048, 2048, 2049, 2049, 2049, 2048]",270.0
1286,11299,55,7,2026-06-07T13:11:26.999000+00:00,21.05,37.313,21.001,191.0,185.0,False,79.364,"[2048, 2049, 2049, 2049, 2048, 2049]","[2049, 2048, 2049, 2048, 2048, 2048, 2049, 2048, 2048, 2049]","[2049, 2049, 2049, 2048, 2048, 2048]",270.0
1286,11299,27,7,2026-06-07T13:11:27.702000+00:00,20.921,37.094,21.167,199.0,181.0,False,79.182,"[None, 2048, 2048, 2048, 2048, 2049]","[2049, 2049, 2049, 2049, 2049, 2051, 2048, 2049, 2049, 2048]","[2049, 2049, 2048, 2048, 2048, 2048]",283.0
1286,11299,43,7,2026-06-07T13:11:28.780000+00:00,20.955,37.311,21.161,186.0,180.0,False,79.427,"[None, 2048, 2048, 2049, 2048, 2048]","[2049, 2048, 2048, 2048, 2048, 2048, 2048, 2049, 2049, 2048]","[2048, 2048, 2048, 2048, 2049, 2048]",271.0
1286,11299,41,7,2026-06-07T13:11:29.577000+00:00,21.051,37.585,21.073,183.0,184.0,False,79.709,"[None, 2049, 2049, 2049, 2048, 2048]","[2048, 2048, 2048, 2048, 2048, 2048, 2049, 2048, 2049, 2048]","[2048, 2048, 2048, 2048, 2048, 2048]",275.0
1286,11299,31,7,2026-06-07T13:11:30.421000+00:00,21.173,37.402,21.132,168.0,184.0,False,79.707,"[2048, 2048, 2048, 2049, 2048, 2048]","[2048, 2048, 2049, 2048, 2048, 2048, 2049, 2048, 2048, 2048]","[2048, 2049, 2048, 2049, 2048, 2048]",278.0
1286,11299,11,7,2026-06-07T13:11:51.033000+00:00,20.694,36.464,20.732,192.0,185.0,False,77.89,"[None, 2049, 2049, 2049, 2049, 2049]","[2049, 2049, 2049, 2049, 2049, 2048, 2049, 2049, 2048, 2049]","[2048, 2049, 2049, 2048, 2048, 2048]",258.0
1286,11299,14,7,2026-06-07T13:11:54.358000+00:00,20.833,37.326,21.001,193.0,181.0,False,79.16,"[None, 2049, 2049, 2049, 2049, 2049]","[2049, 2048, 2048, 2048, 2048, 2048, 2048, 2048, 2049, 2049]","[2049, 2049, 2049, 2049, 2048, 2048]",265.0
1286,11299,18,7,2026-06-07T13:11:57.684000+00:00,20.91,37.465,21.227,192.0,182.0,False,79.602,"[None, 2048, 2048, 2049, 2049, 2049]","[2049, 2048, 2048, 2048, 2048, 2048, 2048, 2048, 2048, 2048]","[2049, 2048, 2048, 2048, 2049, 2048]",264.0
1286,11299,77,7,2026-06-07T13:12:01.166000+00:00,21.993,37.984,21.16,189.0,179.0,False,81.137,"[None, 2048, 2048, 2048, 2048, 2049]","[2048, 2048, 2048, 2048, 2048, 2048, 2048, 2048, 2048, 2049]","[2049, 2049, 2049, 2048, 2048, 2048]",252.0
1286,11299,5,7,2026-06-07T13:12:01.979000+00:00,21.623,37.838,21.648,172.0,182.0,False,81.109,"[None, 2048, 2048, 2048, 2048, 2048]","[2048, 2049, 2048, 2048, 2049, 2049, 2048, 2048, 2048, 2048]","[2048, 2048, 2049, 2049, 2048, 2048]",278.0
1286,11299,87,7,2026-06-07T13:12:02.394000+00:00,21.587,37.978,21.445,178.0,181.0,False,81.01,"[2049, 2048, 2048, 2048, 2048, 2048]","[2048, 2048, 2048, 2048, 2048, 2048, 2048, 2048, 2048, 2048]","[2048, 2048, 2048, 2048, 2048, 2048]",278.0
1286,11299,12,8,2026-06-07T13:12:15.986000+00:00,20.16,35.918,20.206,201.0,190.0,False,76.284,"[None, 2049, 2049, 2048, 2049, 2049]","[2049, 2048, 2048, 2048, 2048, 2049, 2051, 2048, 2048, 2048]","[2048, 2051, 2051, 2048, 2049, 2049]",270.0
1286,11299,44,8,2026-06-07T13:12:20.518000+00:00,20.455,36.111,20.439,196.0,189.0,False,77.005,"[None, 2049, 2049, 2048, 2048, 2049]","[2051, 2048, 2048, 2048, 2048, 2049, 2048, 2048, 2048, 2048]","[2048, 2048, 2048, 2048, 2048, 2048]",266.0
1286,11299,16,8,2026-06-07T13:12:24.299000+00:00,20.338,36.157,20.414,200.0,192.0,False,76.909,"[None, 2049, 2048, 2048, 2051, 2048]","[2049, 2049, 2048, 2049, 2048, 2048, 2048, 2049, 2049, 2049]","[2049, 2049, 2048, 2048, 2048, 2048]",261.0
1286,11299,6,8,2026-06-07T13:12:26.393000+00:00,20.549,36.563,20.577,190.0,185.0,False,77.689,"[2048, 2048, 2048, 2048, 2048, 2048]","[2048, 2048, 2048, 2048, 2048, 2048, 2049, 2048, 2049, 2048]","[2049, 2048, 2048, 2048, 2048, 2048]",267.0
1286,11299,63,8,2026-06-07T13:12:28.502000+00:00,20.337,36.24,20.611,196.0,188.0,False,77.188,"[2049, 2051, 2048, 2048, 2049, 2048]","[2049, 2049, 2048, 2048, 2048, 2049, 2048, 2049, 2048, 2049]","[2048, 2048, 2049, 2048, 2048]",269.0
1286,11299,81,8,2026-06-07T13:12:34.596000+00:00,20.374,36.23,20.583,195.0,193.0,False,77.187,"[2049, 2048, 2048, 2049, 2048, 2049]","[2049, 2048, 2048, 2048, 2049, 2049, 2048, 2048, 2049, 2048]","[2049, 2049, 2049, 2048, 2048, 2049]",269.0
1286,11299,10,8,2026-06-07T13:12:38.237000+00:00,20.595,36.653,20.698,191.0,186.0,False,77.946,"[None, 2049, 2049, 2049, 2049, 2048]","[2048, 2048, 2048, 2049, 2049, 2048, 2049, 2048, 2048, 2049]","[2048, 2049, 2049, 2049, 2049, 2049]",271.0
1286,11299,1,8,2026-06-07T13:12:38.737000+00:00,20.598,36.576,20.905,193.0,192.0,False,78.079,"[2048, 2049, 2049, 2048, 2049, 2049]","[2049, 2048, 2048, 2048, 2048, 2049, 2048, 2048, 2049, 2048]","[2049, 2048, 2048, 2048, 2048, 2049]",278.0
1286,11299,30,8,2026-06-07T13:12:42.300000+00:00,20.852,37.011,20.998,190.0,184.0,False,78.861,"[None, 2049, 2048, 2048, 2049, 2048]","[2048, 2049, 2048, 2049, 2048, 2048, 2049, 2048, 2048, 2049]","[2048, 2048, 2048, 2048, 2048, 2048]",269.0
1286,11299,23,8,2026-06-07T13:12:43.721000+00:00,20.935,36.783,21.024,199.0,179.0,False,78.742,"[2049, 2048, 2048, 2049, 2048, 2049]","[2049, 2049, 2048, 2049, 2048, 2048, 2048, 2049, 2049, 2049]","[2049, 2048, 2049, 2048, 2048, 2048]",271.0
1286,11299,55,8,2026-06-07T13:12:46.440000+00:00,20.903,37.217,21.002,195.0,184.0,False,79.122,"[2049, 2049, 2048, 2048, 2048, 2049]","[2048, 2048, 2049, 2049, 2048, 2049, 2048, 2049, 2049, 2049]","[2048, 2049, 2048, 2048, 2048, 2048]",272.0
1286,11299,27,8,2026-06-07T13:12:46.877000+00:00,21.45,37.158,21.173,177.0,181.0,False,79.781,"[2048, 2048, 2048, 2048, 2048, 2048]","[2048, 2049, 2048, 2048, 2048, 2048, 2049, 2048, 2048, 2049]","[2048, 2049, 2048, 2049, 2048, 2048]",281.0
1286,11299,43,8,2026-06-07T13:12:48.299000+00:00,20.986,37.433,21.212,192.0,179.0,False,79.631,"[2049, 2048, 2048, 2048, 2048, 2049]","[2049, 2048, 2048, 2048, 2048, 2048, 2048, 2048, 2048, 2048]","[2048, 2048, 2048, 2048, 2048, 2048]",271.0
1286,11299,41,8,2026-06-07T13:12:49.236000+00:00,20.909,37.352,20.936,189.0,182.0,False,79.197,"[2049, 2049, 2048, 2049, 2049, 2049]","[2049, 2048, 2048, 2048, 2048, 2048, 2048, 2049, 2049, 2049]","[2048, 2049, 2048, 2048, 2048, 2048]",271.0
1286,11299,31,8,2026-06-07T13:12:50.095000+00:00,21.057,37.073,21.192,170.0,186.0,False,79.322,"[2049, 2048, 2048, 2048, 2049, 2049]","[2049, 2048, 2049, 2048, 2048, 2048, 2048, 2048, 2049, 2049]","[2048, 2048, 2049, 2048, 2048, 2049]",279.0
1286,11299,11,8,2026-06-07T13:13:09.052000+00:00,20.734,37.034,20.926,,183.0,False,78.694,"[2048, 2049, 2048, 2048, 2048, 2048]","[2048, 2048, 2048, 2048, 2048, 2048, 2048, 2048, 2048, 2048]","[2048, 2048, 2048, 2048, 2048, 2048]",258.0
1286,11299,14,8,2026-06-07T13:13:13.568000+00:00,20.941,37.299,20.973,192.0,180.0,False,79.213,"[2048, 2049, 2049, 2048, 2048, 2048]","[2049, 2048, 2048, 2048, 2048, 2048, 2048, 2049, 2048, 2048]","[2048, 2049, 2049, 2048, 2048, 2048]",265.0
1286,11299,18,8,2026-06-07T13:13:17.318000+00:00,20.857,37.072,21.247,197.0,183.0,False,79.176,"[None, 2049, 2048, 2049, 2048, 2049]","[2049, 2049, 2048, 2048, 2049, 2049, 2049, 2049, 2049, 2049]","[2049, 2048, 2048, 2049, 2048, 2048]",264.0
1286,11299,77,8,2026-06-07T13:13:22.318000+00:00,21.46,37.781,21.253,192.0,178.0,False,80.494,"[None, 2049, 2048, 2048, 2049, 2049]","[2049, 2048, 2048, 2048, 2049, 2048, 2048, 2048, 2049, 2049]","[2048, 2048, 2048, 2048, 2048, 2049]",255.0
1286,11299,5,8,2026-06-07T13:13:23.037000+00:00,21.107,37.76,21.688,181.0,180.0,False,80.555,"[2048, 2048, 2049, 2048, 2048, 2049]","[2049, 2048, 2048, 2048, 2049, 2049, 2048, 2048, 2048, 2048]","[2049, 2048, 2048, 2048, 2048, 2048]",279.0
1286,11299,87,8,2026-06-07T13:13:23.349000+00:00,21.284,37.635,21.566,180.0,184.0,False,80.485,"[2048, 2049, 2049, 2048, 2048, 2048]","[2048, 2048, 2048, 2048, 2049, 2049, 2048, 2048, 2048, 2048]","[2048, 2048, 2048, 2048, 2048, 2051]",280.0
1286,11299,12,9,2026-06-07T13:13:32.209000+00:00,20.182,35.817,20.299,198.0,187.0,False,76.298,"[2049, 2048, 2049, 2051, 2048, 2048]","[2049, 2048, 2048, 2048, 2049, 2049, 2051, 2048, 2048, 2048]","[2048, 2051, 2048, 2048, 2048, 2049]",271.0
1286,11299,44,9,2026-06-07T13:13:37.553000+00:00,20.471,35.812,20.358,202.0,193.0,False,76.641,"[2048, 2048, 2049, 2048, 2048, 2049]","[2051, 2051, 2048, 2048, 2048, 2049, 2048, 2049, 2048, 2048]","[2048, 2048, 2048, 2048, 2048, 2049]",266.0
1286,11299,16,9,2026-06-07T13:13:41.303000+00:00,20.312,36.319,20.557,196.0,187.0,False,77.188,"[None, 2048, 2048, 2049, 2048, 2048]","[2048, 2048, 2048, 2048, 2048, 2048, 2048, 2048, 2048, 2048]","[2048, 2048, 2049, 2048, 2049, 2048]",262.0
1286,11299,6,9,2026-06-07T13:13:44.043000+00:00,20.346,36.492,20.478,193.0,185.0,False,77.316,"[2049, 2048, 2048, 2048, 2048, 2048]","[2048, 2048, 2048, 2048, 2049, 2049, 2048, 2049, 2049, 2049]","[2048, 2049, 2048, 2048, 2048, 2048]",269.0
1286,11299,63,9,2026-06-07T13:13:45.649000+00:00,20.427,36.28,20.645,200.0,187.0,False,77.352,"[2048, 2048, 2048, 2048, 2048, 2048]","[2048, 2048, 2048, 2048, 2048, 2049, 2048, 2048, 2048, 2049]","[2048, 2048, 2048, 2048, 2048, 2048]",270.0
1286,11299,81,9,2026-06-07T13:13:51.919000+00:00,20.384,36.166,20.644,198.0,193.0,False,77.194,"[2048, 2049, 2049, 2048, 2049, 2048]","[2049, 2049, 2048, 2048, 2049, 2049, 2048, 2049, 2048, 2048]","[2048, 2048, 2049, 2048, 2048, 2049]",269.0
1286,11299,10,9,2026-06-07T13:13:56.225000+00:00,20.431,36.686,21.013,197.0,185.0,False,78.13,"[2049, 2048, 2049, 2048, 2049, 2049]","[2049, 2048, 2048, 2048, 2048, 2048, 2048, 2048, 2048, 2049]","[2048, 2048, 2048, 2048, 2048, 2048]",271.0
1286,11299,1,9,2026-06-07T13:13:56.818000+00:00,20.876,36.456,20.727,183.0,194.0,False,78.059,"[2049, 2048, 2048, 2048, 2048, 2048]","[2048, 2048, 2048, 2049, 2048, 2048, 2049, 2049, 2048, 2049]","[2049, 2049, 2048, 2048, 2048, 2048]",277.0
1286,11299,30,9,2026-06-07T13:14:01.178000+00:00,20.788,36.834,20.859,,185.0,False,78.481,"[2049, 2049, 2048, 2049, 2048, 2048]","[2049, 2048, 2048, 2049, 2048, 2048, 2049, 2048, 2049, 2049]","[2049, 2049, 2049, 2048, 2048, 2048]",269.0
1286,11299,23,9,2026-06-07T13:14:02.397000+00:00,20.848,36.883,20.916,193.0,182.0,False,78.647,"[None, 2048, 2049, 2049, 2048, 2048]","[2048, 2048, 2048, 2049, 2048, 2048, 2048, 2048, 2048, 2049]","[2049, 2049, 2048, 2049, 2048, 2048]",271.0
1286,11299,55,9,2026-06-07T13:14:05.412000+00:00,20.871,37.238,20.959,,185.0,False,79.068,"[2048, 2048, 2048, 2049, 2049, 2049]","[2049, 2048, 2049, 2048, 2048, 2049, 2048, 2049, 2048, 2049]","[2049, 2049, 2048, 2048, 2048, 2048]",272.0
1286,11299,27,9,2026-06-07T13:14:06.662000+00:00,20.833,36.881,21.659,196.0,180.0,False,79.373,"[2049, 2049, 2048, 2048, 2049, 2049]","[2048, 2049, 2048, 2048, 2048, 2048, 2048, 2049, 2048, 2049]","[2048, 2048, 2048, 2048, 2048, 2048]",280.0
1286,11299,43,9,2026-06-07T13:14:07.772000+00:00,20.911,36.984,20.929,187.0,183.0,False,78.824,"[2048, 2049, 2048, 2048, 2048, 2049]","[2048, 2048, 2048, 2049, 2049, 2048, 2048, 2049, 2048, 2048]","[2049, 2048, 2049, 2048, 2049, 2049]",271.0
1286,11299,41,9,2026-06-07T13:14:08.443000+00:00,20.966,37.139,21.057,188.0,185.0,False,79.162,"[2048, 2048, 2049, 2048, 2048, 2048]","[2048, 2048, 2048, 2049, 2049, 2049, 2048, 2049, 2049, 2048]","[2048, 2048, 2048, 2049, 2048, 2048]",280.0
1286,11299,31,9,2026-06-07T13:14:09.428000+00:00,20.984,37.108,39.168,173.0,186.0,False,97.26,"[None, 2048, 2048, 2048, 2049, 2049]","[2048, 2048, 2048, 2048, 2048, 2049, 2049, 2049, 2048, 2048]","[2048, 2049, 2048, 2064, 2064, 2064]",280.0
1286,11299,11,9,2026-06-07T13:14:27.584000+00:00,20.836,36.978,33.689,189.0,185.0,False,91.503,"[None, 2049, 2048, 2048, 2048, 2048]","[2048, 2048, 2048, 2048, 2048, 2048, 2048, 2048, 2048, 2048]","[2048, 2048, 2048, 2064, 2064, 2064]",258.0
1286,11299,14,9,2026-06-07T13:14:32.725000+00:00,20.85,37.4,21.181,194.0,182.0,False,79.431,"[2049, 2048, 2048, 2048, 2048, 2048]","[2049, 2048, 2048, 2048, 2049, 2048, 2049, 2048, 2048, 2049]","[2049, 2048, 2048, 2048, 2048]",265.0
1286,11299,18,9,2026-06-07T13:14:36.506000+00:00,20.654,37.18,21.31,196.0,184.0,False,79.144,"[None, 2048, 2048, 2049, 2048, 2048]","[2048, 2048, 2048, 2048, 2048, 2049, 2049, 2048, 2048, 2048]","[2049, 2048, 2048, 2048, 2048, 2048]",265.0
1286,11299,77,9,2026-06-07T13:14:42.819000+00:00,21.372,37.899,21.642,185.0,174.0,False,80.913,"[None, 2049, 2048, 2049, 2048, 2048]","[2048, 2048, 2048, 2048, 2048, 2048, 2048, 2048, 2048, 2048]","[2048, 2048, 2048, 2048, 2048, 2049]",256.0
1286,11299,5,9,2026-06-07T13:14:43.600000+00:00,20.998,37.718,21.957,183.0,175.0,False,80.673,"[2049, 2048, 2049, 2048, 2048, 2049]","[2048, 2048, 2048, 2048, 2048, 2049, 2048, 2048, 2048, 2048]","[2048, 2048, 2048, 2048, 2049, 2048]",279.0
1286,11299,87,9,2026-06-07T13:14:43.850000+00:00,21.305,37.459,22.045,183.0,180.0,False,80.809,"[None, 2049, 2048, 2048, 2048, 2048]","[2048, 2048, 2048, 2048, 2048, 2048, 2048, 2048, 2048, 2048]","[2048, 2048, 2048, 2048, 2048, 2048]",280.0
1286,11299,12,10,2026-06-07T13:14:48.600000+00:00,20.281,36.205,20.581,194.0,192.0,False,77.067,"[2048, 2048, 2049, 2048, 2048, 2048]","[2048, 2048, 2048, 2048, 2048, 2048, 2048, 2048, 2048, 2048]","[2048, 2048, 2048, 2048, 2048, 2049]",269.0
1286,11299,44,10,2026-06-07T13:14:54.131000+00:00,20.461,35.938,20.442,200.0,192.0,False,76.841,"[None, 2048, 2049, 2048, 2048, 2048]","[2048, 2048, 2048, 2048, 2048, 2048, 2048, 2048, 2048, 2048]","[2048, 2048, 2048, 2048, 2048, 2048]",264.0
1286,11299,16,10,2026-06-07T13:14:58.381000+00:00,20.384,36.055,20.401,197.0,191.0,False,76.84,"[None, 2048, 2048, 2048, 2048, 2048]","[2049, 2048, 2048, 2049, 2049, 2048, 2048, 2048, 2049, 2049]","[2049, 2049, 2048, 2048, 2048, 2048]",262.0
1286,11299,6,10,2026-06-07T13:15:01.413000+00:00,20.184,36.398,20.556,197.0,185.0,False,77.138,"[2051, 2048, 2048, 2049, 2048, 2048]","[2049, 2048, 2048, 2048, 2048, 2048, 2049, 2048, 2049, 2049]","[2048, 2048, 2048, 2048, 2048, 2048]",268.0
1286,11299,63,10,2026-06-07T13:15:03.100000+00:00,20.415,36.229,20.578,196.0,188.0,False,77.222,"[None, 2048, 2049, 2048, 2048, 2048]","[2049, 2048, 2048, 2048, 2048, 2048, 2049, 2048, 2048, 2049]","[2048, 2048, 2048, 2049, 2048, 2048]",270.0
1286,11299,81,10,2026-06-07T13:15:09.084000+00:00,20.352,36.199,20.629,197.0,193.0,False,77.18,"[2049, 2049, 2049, 2048, 2048, 2049]","[2048, 2048, 2048, 2049, 2049, 2049, 2048, 2048, 2049, 2049]","[2048, 2048, 2048, 2049, 2048, 2049]",269.0
1286,11299,10,10,2026-06-07T13:15:14.366000+00:00,20.6,36.592,20.848,195.0,184.0,False,78.04,"[2048, 2049, 2049, 2048, 2048, 2049]","[2049, 2048, 2048, 2049, 2048, 2048, 2048, 2048, 2048, 2048]","[2048, 2048, 2048, 2048, 2048]",271.0
1286,11299,1,10,2026-06-07T13:15:14.913000+00:00,20.611,36.654,21.363,189.0,185.0,False,78.628,"[2048, 2048, 2051, 2049, 2048, 2048]","[2049, 2048, 2048, 2048, 2048, 2048, 2048, 2049, 2048, 2048]","[2048, 2048, 2048, 2048, 2048, 2048]",278.0
1286,11299,30,10,2026-06-07T13:15:19.725000+00:00,20.97,36.737,20.767,186.0,185.0,False,78.474,"[2048, 2048, 2048, 2048, 2048, 2048]","[2048, 2049, 2048, 2049, 2048, 2048, 2049, 2049, 2049, 2049]","[2049, 2048, 2049, 2049, 2048, 2048]",269.0
1286,11299,23,10,2026-06-07T13:15:21.100000+00:00,20.784,36.78,20.923,196.0,177.0,False,78.487,"[None, 2048, 2048, 2049, 2048, 2049]","[2048, 2048, 2049, 2048, 2049, 2048, 2049, 2048, 2048, 2048]","[2048, 2048, 2048, 2049, 2048, 2048]",271.0
1286,11299,55,10,2026-06-07T13:15:24.538000+00:00,20.823,36.735,21.167,196.0,185.0,False,78.725,"[2049, 2048, 2049, 2048, 2049, 2049]","[2049, 2049, 2049, 2049, 2048, 2049, 2049, 2049, 2049, 2049]","[2048, 2048, 2048, 2048, 2048, 2048]",272.0
1286,11299,27,10,2026-06-07T13:15:26.022000+00:00,21.28,37.307,21.163,177.0,181.0,False,79.75,"[2048, 2048, 2048, 2048, 2048, 2048]","[2048, 2048, 2048, 2048, 2048, 2048, 2048, 2048, 2048, 2048]","[2048, 2049, 2048, 2049, 2048, 2048]",280.0
1286,11299,43,10,2026-06-07T13:15:26.773000+00:00,21.342,37.359,21.442,182.0,181.0,False,80.143,"[None, 2048, 2048, 2048, 2048, 2048]","[2048, 2048, 2048, 2048, 2049, 2048, 2048, 2048, 2048, 2048]","[2048, 2048, 2048, 2048, 2048, 2048]",272.0
1286,11299,41,10,2026-06-07T13:15:27.616000+00:00,21.097,37.42,21.298,181.0,183.0,False,79.815,"[None, 2048, 2048, 2048, 2048, 2048]","[2048, 2048, 2048, 2048, 2048, 2049, 2049, 2048, 2048, 2048]","[2048, 2048, 2048, 2048, 2048, 2048]",280.0
1286,11299,31,10,2026-06-07T13:15:46.741000+00:00,24.242,37.026,20.686,176.0,184.0,True,81.954,"[2064, 2048, 2048, 2048, 2048, 2048]","[2049, 2048, 2049, 2049, 2048, 2048, 2049, 2049, 2049, 2048]","[2049, 2049, 2049, 2049, 2048, 2048]",268.0
1286,11299,14,10,2026-06-07T13:15:52.116000+00:00,21.013,37.663,21.317,193.0,180.0,False,79.993,"[2048, 2048, 2049, 2049, 2048, 2048]","[2048, 2048, 2048, 2048, 2048, 2048, 2048, 2048, 2048, 2048]","[2048, 2048, 2048, 2048, 2048, 2048]",265.0
1286,11299,18,10,2026-06-07T13:15:55.507000+00:00,20.835,37.11,21.369,195.0,182.0,False,79.314,"[2048, 2048, 2048, 2048, 2048, 2048]","[2049, 2048, 2048, 2049, 2049, 2048, 2048, 2048, 2048, 2048]","[2048, 2048, 2048, 2048, 2048, 2048]",265.0
1286,11299,11,10,2026-06-07T13:15:59.210000+00:00,23.706,37.421,21.077,187.0,181.0,True,82.204,"[2064, 2048, 2048, 2048, 2048, 2048]","[2048, 2048, 2048, 2048, 2048, 2048, 2048, 2048, 2048, 2048]","[2048, 2048, 2048, 2048, 2048, 2048]",256.0
1286,11299,77,10,2026-06-07T13:16:03.694000+00:00,21.567,40.028,21.57,176.0,177.0,False,83.165,"[2048, 2048, 2049, 2048, 2048, 2048]","[2048, 2048, 2048, 2048, 2048, 2048, 2049, 2048, 2049, 2048]","[2048, 2048, 2048, 2048, 2048, 2048]",259.0
1286,11299,5,10,2026-06-07T13:16:04.319000+00:00,22.321,39.079,22.502,116.0,178.0,False,83.902,"[2048, 2048, 2048, 2048, 2048, 2048]","[2048, 2048, 2048, 2048, 2048, 2048, 2048, 2048, 2048, 2048]","[2048, 2048, 2048, 2048, 2048, 2048]",273.0
1286,11299,87,10,2026-06-07T13:16:04.725000+00:00,22.65,38.782,22.689,179.0,179.0,False,84.121,"[None, 2048, 2049, 2049, 2048, 2048]","[2048, 2048, 2048, 2048, 2048, 2048, 2048, 2048, 2048, 2048]","[2048, 2048, 2048, 2049, 2048, 2048]",266.0
1286,11299,12,11,2026-06-07T13:16:05.616000+00:00,20.921,36.878,20.424,197.0,189.0,False,78.223,"[None, 2048, 2048, 2048, 2048, 2048]","[2048, 2048, 2048, 2048, 2048, 2048, 2048, 2048, 2048, 2048]","[2048, 2048, 2048, 2048, 2048, 2049]",266.0
1286,11299,44,11,2026-06-07T13:16:10.944000+00:00,20.443,36.062,20.631,204.0,191.0,False,77.136,"[None, 2048, 2049, 2049, 2048, 2048]","[2048, 2048, 2048, 2048, 2048, 2049, 2048, 2048, 2048, 2048]","[2048, 2048, 2048, 2048, 2049, 2049]",270.0
1286,11299,16,11,2026-06-07T13:16:15.304000+00:00,20.358,36.128,20.527,199.0,190.0,False,77.013,"[2049, 2048, 2048, 2048, 2048, 2048]","[2048, 2049, 2048, 2048, 2049, 2048, 2048, 2048, 2048, 2048]","[2048, 2048, 2048, 2048, 2048, 2048]",263.0
1286,11299,6,11,2026-06-07T13:16:18.538000+00:00,20.212,36.643,20.675,198.0,186.0,False,77.53,"[2048, 2048, 2048, 2048, 2048, 2048]","[2048, 2048, 2048, 2048, 2048, 2048, 2048, 2048, 2048, 2048]","[2048, 2048, 2048, 2048, 2048, 2049]",269.0
1286,11299,63,11,2026-06-07T13:16:20.257000+00:00,20.282,36.356,20.726,200.0,187.0,False,77.364,"[2049, 2048, 2049, 2048, 2048, 2048]","[2048, 2048, 2048, 2048, 2049, 2048, 2048, 2048, 2048, 2048]","[2048, 2048, 2048, 2048, 2048, 2048]",270.0
1286,11299,81,11,2026-06-07T13:16:26.226000+00:00,20.471,36.548,20.87,194.0,187.0,False,77.889,"[2048, 2048, 2048, 2048, 2048, 2048]","[2048, 2048, 2048, 2048, 2049, 2049, 2048, 2048, 2048, 2048]","[2048, 2048, 2048, 2048, 2048, 2048]",269.0
1286,11299,10,11,2026-06-07T13:16:32.397000+00:00,20.819,36.793,20.792,188.0,185.0,False,78.404,"[None, 2048, 2048, 2048, 2048, 2048]","[2048, 2048, 2048, 2048, 2048, 2048, 2048, 2049, 2048, 2049]","[2048, 2049, 2048, 2048, 2048, 2048]",270.0
1286,11299,1,11,2026-06-07T13:16:33.491000+00:00,20.555,36.981,20.877,196.0,187.0,False,78.413,"[2049, 2048, 2048, 2048, 2048, 2049]","[2049, 2048, 2048, 2048, 2048, 2049, 2048, 2048, 2048, 2048]","[2048, 2048, 2048, 2048, 2048, 2048]",277.0
1286,11299,30,11,2026-06-07T13:16:38.007000+00:00,20.791,36.89,20.862,193.0,185.0,False,78.543,"[None, 2048, 2048, 2049, 2048, 2048]","[2049, 2048, 2048, 2048, 2048, 2048, 2049, 2048, 2048, 2049]","[2049, 2048, 2048, 2048, 2048, 2048]",269.0
1286,11299,23,11,2026-06-07T13:16:39.523000+00:00,20.75,36.849,20.979,199.0,183.0,False,78.578,"[None, 2049, 2049, 2049, 2048, 2048]","[2048, 2048, 2048, 2049, 2048, 2048, 2048, 2048, 2048, 2049]","[2049, 2048, 2048, 2048, 2048, 2048]",271.0
1286,11299,55,11,2026-06-07T13:16:43.304000+00:00,20.895,36.873,21.092,198.0,181.0,False,78.86,"[None, 2048, 2048, 2048, 2048, 2049]","[2048, 2048, 2048, 2049, 2048, 2048, 2048, 2049, 2049, 2048]","[2048, 2048, 2048, 2048, 2048, 2048]",272.0
1286,11299,27,11,2026-06-07T13:16:45.741000+00:00,20.851,37.033,20.83,198.0,189.0,False,78.714,"[2049, 2048, 2048, 2048, 2049, 2049]","[2048, 2048, 2048, 2048, 2048, 2048, 2049, 2048, 2048, 2049]","[2049, 2049, 2049, 2048, 2048, 2048]",269.0
1286,11299,43,11,2026-06-07T13:16:46.819000+00:00,20.693,37.017,20.972,188.0,185.0,False,78.682,"[2051, 2048, 2051, 2048, 2049, 2048]","[2049, 2048, 2048, 2048, 2049, 2049, 2048, 2048, 2048, 2048]","[2049, 2049, 2048, 2048, 2048, 2049]",282.0
1286,11299,41,11,2026-06-07T13:16:47.460000+00:00,21.131,36.968,20.89,182.0,184.0,False,78.989,"[2049, 2048, 2048, 2048, 2048, 2048]","[2048, 2048, 2048, 2049, 2048, 2049, 2049, 2049, 2048, 2048]","[2048, 2048, 2048, 2049, 2048, 2048]",280.0
1286,11299,31,11,2026-06-07T13:17:08.693000+00:00,20.847,36.469,20.632,185.0,189.0,False,77.948,"[2048, 2049, 2048, 2048, 2049, 2049]","[2049, 2049, 2049, 2049, 2048, 2048, 2049, 2049, 2051, 2049]","[2049, 2049, 2049, 2048, 2048, 2048]",269.0
1286,11299,14,11,2026-06-07T13:17:12.115000+00:00,20.944,37.632,21.019,,182.0,False,79.595,"[None, 2048, 2048, 2048, 2048, 2048]","[2048, 2048, 2048, 2048, 2048, 2048, 2048, 2048, 2048, 2048]","[2048, 2048, 2049, 2048, 2048, 2048]",265.0
1286,11299,18,11,2026-06-07T13:17:14.974000+00:00,20.981,37.352,21.21,192.0,181.0,False,79.543,"[None, 2048, 2048, 2048, 2048, 2048]","[2048, 2048, 2048, 2048, 2048, 2048, 2048, 2048, 2048, 2048]","[2048, 2048, 2048, 2048, 2048, 2048]",263.0
1286,11299,11,11,2026-06-07T13:17:21.412000+00:00,20.753,37.037,20.946,191.0,183.0,False,78.736,"[2048, 2049, 2049, 2049, 2048, 2048]","[2048, 2048, 2048, 2048, 2048, 2048, 2049, 2048, 2048, 2048]","[2048, 2048, 2048, 2048, 2048, 2048]",257.0
1286,11299,12,12,2026-06-07T13:17:23.834000+00:00,20.399,36.363,20.668,199.0,187.0,False,77.43,"[None, 2049, 2049, 2048, 2048, 2048]","[2048, 2048, 2048, 2048, 2048, 2048, 2048, 2048, 2048, 2048]","[2048, 2048, 2048, 2048, 2048, 2049]",268.0
1286,11299,77,11,2026-06-07T13:17:26.899000+00:00,21.973,38.885,22.222,141.0,178.0,False,83.08,"[None, 2048, 2048, 2048, 2048, 2048]","[2048, 2048, 2048, 2048, 2048, 2048, 2048, 2048, 2048, 2048]","[2048, 2048, 2048, 2048, 2048, 2048]",259.0
1286,11299,44,12,2026-06-07T13:17:28.116000+00:00,20.867,35.961,20.406,193.0,191.0,False,77.234,"[None, 2049, 2049, 2048, 2048, 2048]","[2048, 2048, 2048, 2051, 2048, 2049, 2048, 2048, 2048, 2048]","[2048, 2048, 2048, 2048, 2048, 2048]",266.0
1286,11299,5,11,2026-06-07T13:17:28.179000+00:00,21.992,37.96,22.749,179.0,170.0,False,82.701,"[None, 2048, 2048, 2048, 2048, 2048]","[2048, 2048, 2048, 2048, 2048, 2049, 2048, 2048, 2048, 2048]","[2048, 2048, 2048, 2048, 2048, 2048]",280.0
1286,11299,87,11,2026-06-07T13:17:28.820000+00:00,21.98,39.339,21.293,,182.0,False,82.612,"[None, 2048, 2048, 2048, 2048, 2048]","[2048, 2048, 2048, 2048, 2048, 2048, 2048, 2048, 2048, 2048]","[2048, 2048, 2049, 2048, 2048, 2048]",257.0
1286,11299,16,12,2026-06-07T13:17:32.288000+00:00,20.392,36.347,20.821,194.0,188.0,False,77.56,"[2048, 2048, 2048, 2048, 2048, 2048]","[2048, 2048, 2048, 2048, 2048, 2048, 2048, 2049, 2048, 2048]","[2048, 2048, 2048, 2048, 2048, 2048]",266.0
1286,11299,6,12,2026-06-07T13:17:36.023000+00:00,20.344,36.667,20.7,197.0,184.0,False,77.711,"[None, 2048, 2048, 2049, 2048, 2048]","[2048, 2048, 2048, 2048, 2048, 2049, 2048, 2048, 2048, 2048]","[2048, 2048, 2048, 2048, 2048, 2049]",269.0
1286,11299,63,12,2026-06-07T13:17:37.663000+00:00,20.349,36.395,20.852,197.0,189.0,False,77.596,"[2048, 2048, 2049, 2048, 2048, 2048]","[2048, 2048, 2048, 2048, 2049, 2049, 2048, 2048, 2048, 2048]","[2048, 2048, 2048, 2048, 2048, 2048]",272.0
1286,11299,81,12,2026-06-07T13:17:44.054000+00:00,20.567,36.526,20.846,197.0,190.0,False,77.939,"[None, 2048, 2049, 2048, 2048, 2048]","[2048, 2048, 2048, 2048, 2048, 2049, 2048, 2048, 2048, 2048]","[2048, 2048, 2048, 2048, 2048, 2049]",270.0
1286,11299,10,12,2026-06-07T13:17:50.835000+00:00,20.65,36.819,20.889,187.0,189.0,False,78.358,"[None, 2048, 2048, 2048, 2048, 2048]","[2048, 2048, 2048, 2048, 2048, 2048, 2048, 2048, 2048, 2049]","[2048, 2048, 2048, 2048, 2048, 2048]",271.0
1286,11299,1,12,2026-06-07T13:17:51.976000+00:00,20.68,36.379,20.663,193.0,193.0,False,77.722,"[2048, 2049, 2048, 2048, 2048, 2048]","[2049, 2048, 2049, 2049, 2048, 2048, 2048, 2048, 2048, 2048]","[2048, 2048, 2048, 2049, 2049, 2048]",270.0
1286,11299,30,12,2026-06-07T13:17:56.660000+00:00,20.727,36.907,20.849,192.0,182.0,False,78.483,"[2049, 2048, 2048, 2049, 2048, 2048]","[2048, 2048, 2048, 2048, 2048, 2048, 2048, 2049, 2048, 2048]","[2048, 2048, 2048, 2048, 2048, 2048]",269.0
1286,11299,23,12,2026-06-07T13:17:58.167000+00:00,20.734,36.737,20.893,195.0,182.0,False,78.364,"[None, 2048, 2048, 2048, 2048, 2048]","[2048, 2049, 2048, 2048, 2048, 2048, 2048, 2049, 2048, 2048]","[2049, 2048, 2049, 2048, 2048, 2048]",270.0
1286,11299,55,12,2026-06-07T13:18:02.128000+00:00,20.715,36.904,21.239,197.0,187.0,False,78.858,"[2048, 2049, 2049, 2049, 2048, 2049]","[2048, 2048, 2048, 2048, 2048, 2048, 2048, 2048, 2048, 2048]","[2049, 2051, 2048, 2048, 2048, 2048]",271.0
1286,11299,27,12,2026-06-07T13:18:04.471000+00:00,20.317,36.387,37.975,206.0,187.0,False,94.679,"[2051, 2049, 2048, 2049, 2049, 2049]","[2049, 2049, 2048, 2049, 2048, 2048, 2048, 2049, 2049, 2049]","[2049, 2049, 2049, 2064, 2064, 2064]",272.0
1286,11299,43,12,2026-06-07T13:18:05.549000+00:00,20.849,37.108,20.934,,185.0,False,78.891,"[2048, 2048, 2048, 2048, 2048, 2049]","[2048, 2048, 2048, 2048, 2048, 2048, 2049, 2048, 2048, 2048]","[2048, 2049, 2048, 2048, 2048, 2048]",280.0
1286,11299,41,12,2026-06-07T13:18:06.378000+00:00,21.035,37.187,20.969,,184.0,False,79.191,"[2048, 2048, 2048, 2048, 2049, 2048]","[2048, 2048, 2048, 2048, 2048, 2048, 2048, 2048, 2048, 2049]","[2048, 2049, 2048, 2048, 2048, 2048]",267.0
1286,11299,31,12,2026-06-07T13:18:26.585000+00:00,20.587,36.241,20.433,188.0,192.0,False,77.261,"[2049, 2049, 2048, 2049, 2049, 2049]","[2049, 2049, 2051, 2048, 2048, 2048, 2049, 2049, 2051, 2049]","[2049, 2049, 2049, 2049, 2048, 2048]",269.0
1286,11299,14,12,2026-06-07T13:18:31.762000+00:00,20.762,37.207,21.062,195.0,183.0,False,79.031,"[None, 2048, 2048, 2049, 2048, 2049]","[2049, 2048, 2049, 2048, 2049, 2048, 2049, 2048, 2048, 2049]","[2049, 2048, 2048, 2048, 2048, 2048]",265.0
1286,11299,18,12,2026-06-07T13:18:34.513000+00:00,20.812,37.406,21.22,,182.0,False,79.438,"[None, 2048, 2048, 2048, 2048, 2048]","[2048, 2048, 2048, 2048, 2048, 2049, 2049, 2048, 2048, 2048]","[2049, 2048, 2048, 2048, 2049, 2048]",264.0
1286,11299,11,12,2026-06-07T13:18:40.136000+00:00,23.13,37.183,21.336,176.0,184.0,False,81.649,"[None, 2048, 2048, 2048, 2048, 2048]","[2048, 2048, 2048, 2048, 2048, 2048, 2048, 2048, 2048, 2048]","[2048, 2048, 2048, 2048, 2048, 2048]",258.0
1286,11299,12,13,2026-06-07T13:18:41.210000+00:00,20.52,36.343,20.45,198.0,187.0,False,77.313,"[None, 2048, 2048, 2048, 2048, 2048]","[2048, 2048, 2048, 2048, 2048, 2048, 2048, 2048, 2048, 2048]","[2048, 2048, 2048, 2048, 2048, 2048]",267.0
1286,11299,44,13,2026-06-07T13:18:45.322000+00:00,20.372,36.141,20.515,198.0,187.0,False,77.028,"[2049, 2048, 2049, 2048, 2048, 2048]","[2048, 2048, 2048, 2048, 2048, 2048, 2048, 2048, 2048, 2048]","[2048, 2048, 2048, 2048, 2048, 2048]",268.0
1286,11299,16,13,2026-06-07T13:18:49.897000+00:00,20.342,36.193,20.546,197.0,188.0,False,77.081,"[2049, 2048, 2048, 2048, 2048, 2048]","[2048, 2048, 2048, 2049, 2048, 2048, 2048, 2049, 2048, 2048]","[2048, 2048, 2049, 2048, 2048, 2048]",264.0
1286,11299,77,12,2026-06-07T13:18:50.001000+00:00,21.763,37.604,21.337,190.0,178.0,False,80.704,"[None, 2048, 2049, 2048, 2048, 2048]","[2048, 2048, 2048, 2049, 2048, 2048, 2049, 2048, 2049, 2049]","[2049, 2048, 2048, 2048, 2048, 2048]",259.0
1286,11299,5,12,2026-06-07T13:18:50.892000+00:00,21.42,37.503,22.521,178.0,176.0,False,81.444,"[None, 2048, 2048, 2048, 2048, 2048]","[2048, 2048, 2048, 2048, 2049, 2049, 2049, 2048, 2048, 2048]","[2048, 2048, 2048, 2048, 2048, 2048]",281.0
1286,11299,87,12,2026-06-07T13:18:51.382000+00:00,21.38,40.743,21.492,187.0,176.0,False,83.615,"[None, 2048, 2048, 2048, 2048, 2049]","[2048, 2048, 2048, 2048, 2048, 2048, 2048, 2048, 2048, 2048]","[2048, 2048, 2048, 2048, 2048, 2048]",272.0
1286,11299,6,13,2026-06-07T13:18:53.800000+00:00,20.512,37.115,20.913,191.0,182.0,False,78.54,"[None, 2048, 2048, 2048, 2048, 2048]","[2048, 2048, 2048, 2048, 2048, 2048, 2048, 2049, 2049, 2048]","[2048, 2048, 2048, 2048, 2048, 2048]",268.0
1286,11299,63,13,2026-06-07T13:18:55.267000+00:00,20.491,36.514,20.886,194.0,183.0,False,77.891,"[None, 2048, 2048, 2048, 2048, 2048]","[2048, 2048, 2048, 2048, 2048, 2048, 2048, 2048, 2048, 2048]","[2048, 2048, 2048, 2048, 2049, 2049]",271.0
1286,11299,81,13,2026-06-07T13:19:02.012000+00:00,20.777,36.69,21.001,193.0,192.0,False,78.468,"[None, 2048, 2048, 2048, 2048, 2048]","[2048, 2048, 2048, 2048, 2049, 2049, 2048, 2048, 2048, 2048]","[2048, 2048, 2048, 2048, 2048, 2048]",270.0
1286,11299,10,13,2026-06-07T13:19:09.184000+00:00,20.48,36.809,21.044,193.0,186.0,False,78.333,"[None, 2049, 2049, 2048, 2049, 2048]","[2048, 2048, 2048, 2048, 2048, 2048, 2048, 2048, 2048, 2048]","[2048, 2048, 2048, 2048, 2048, 2048]",271.0
1286,11299,1,13,2026-06-07T13:19:09.731000+00:00,20.76,36.899,20.732,184.0,189.0,False,78.391,"[None, 2048, 2048, 2048, 2048, 2048]","[2048, 2048, 2048, 2048, 2048, 2048, 2048, 2048, 2048, 2048]","[2048, 2048, 2048, 2048, 2048, 2049]",276.0
1286,11299,30,13,2026-06-07T13:19:15.106000+00:00,20.748,36.901,20.866,193.0,184.0,False,78.515,"[2048, 2048, 2048, 2048, 2049, 2048]","[2048, 2048, 2048, 2048, 2048, 2048, 2049, 2048, 2048, 2048]","[2048, 2048, 2048, 2048, 2049, 2048]",270.0
1286,11299,23,13,2026-06-07T13:19:16.465000+00:00,20.87,36.998,20.966,196.0,181.0,False,78.834,"[2048, 2049, 2048, 2048, 2048, 2048]","[2048, 2048, 2048, 2048, 2048, 2048, 2048, 2048, 2048, 2048]","[2048, 2048, 2048, 2048, 2048, 2048]",269.0
1286,11299,55,13,2026-06-07T13:19:20.967000+00:00,20.688,36.976,20.989,,185.0,False,78.653,"[2049, 2048, 2048, 2049, 2048, 2049]","[2048, 2048, 2048, 2048, 2048, 2048, 2048, 2049, 2049, 2048]","[2048, 2048, 2048, 2048, 2048, 2048]",271.0
1286,11299,43,13,2026-06-07T13:19:24.358000+00:00,20.541,37.099,20.777,190.0,187.0,False,78.417,"[None, 2049, 2048, 2049, 2049, 2049]","[2048, 2048, 2048, 2048, 2048, 2048, 2048, 2048, 2048, 2048]","[2048, 2049, 2048, 2049, 2049, 2048]",270.0
1286,11299,41,13,2026-06-07T13:19:25.514000+00:00,21.012,36.993,20.994,186.0,187.0,False,78.999,"[None, 2048, 2048, 2049, 2048, 2048]","[2049, 2048, 2048, 2048, 2048, 2048, 2049, 2048, 2048, 2048]","[2048, 2048, 2048, 2048, 2048, 2048]",270.0
1286,11299,27,13,2026-06-07T13:19:39.248000+00:00,23.274,36.605,20.47,200.0,186.0,True,80.349,"[2064, 2048, 2048, 2048, 2048, 2048]","[2048, 2048, 2048, 2048, 2048, 2048, 2049, 2048, 2049, 2048]","[2049, 2049, 2049, 2049, 2049, 2048]",270.0
1286,11299,31,13,2026-06-07T13:19:43.842000+00:00,20.687,36.488,20.579,191.0,188.0,False,77.754,"[None, 2049, 2048, 2048, 2048, 2048]","[2048, 2048, 2048, 2048, 2048, 2048, 2048, 2048, 2048, 2048]","[2048, 2048, 2048, 2048, 2048, 2048]",270.0
1286,11299,14,13,2026-06-07T13:19:50.748000+00:00,20.802,37.128,21.102,197.0,180.0,False,79.032,"[None, 2048, 2048, 2048, 2048, 2049]","[2048, 2048, 2048, 2048, 2048, 2048, 2048, 2048, 2048, 2049]","[2049, 2048, 2048, 2048, 2048, 2048]",265.0
1286,11299,18,13,2026-06-07T13:19:53.936000+00:00,20.777,37.218,21.145,196.0,183.0,False,79.14,"[None, 2048, 2048, 2049, 2048, 2049]","[2048, 2048, 2048, 2048, 2048, 2049, 2048, 2048, 2048, 2048]","[2048, 2049, 2048, 2049, 2048, 2048]",265.0
1286,11299,12,14,2026-06-07T13:19:58.592000+00:00,20.361,36.359,20.502,197.0,187.0,False,77.222,"[2049, 2049, 2048, 2048, 2048, 2048]","[2048, 2048, 2048, 2048, 2048, 2048, 2048, 2048, 2048, 2048]","[2048, 2048, 2048, 2048, 2049, 2048]",267.0
1286,11299,11,13,2026-06-07T13:20:01.811000+00:00,22.242,37.047,20.934,188.0,182.0,False,80.223,"[None, 2048, 2049, 2048, 2048, 2048]","[2048, 2048, 2048, 2048, 2048, 2048, 2048, 2048, 2048, 2048]","[2048, 2048, 2048, 2048, 2048, 2048]",258.0
1286,11299,44,14,2026-06-07T13:20:02.389000+00:00,20.518,36.066,20.406,196.0,190.0,False,76.99,"[2048, 2048, 2048, 2049, 2048, 2048]","[2048, 2048, 2048, 2048, 2048, 2048, 2048, 2048, 2048, 2048]","[2048, 2048, 2048, 2048, 2048, 2048]",267.0
1286,11299,16,14,2026-06-07T13:20:06.952000+00:00,20.349,36.229,20.578,198.0,190.0,False,77.156,"[2048, 2048, 2048, 2048, 2048, 2048]","[2048, 2048, 2048, 2049, 2048, 2048, 2048, 2048, 2048, 2048]","[2048, 2048, 2048, 2048, 2048, 2048]",264.0
1286,11299,77,13,2026-06-07T13:20:10.608000+00:00,21.202,40.221,21.452,186.0,177.0,False,82.875,"[2049, 2049, 2048, 2049, 2048, 2048]","[2048, 2048, 2048, 2048, 2048, 2048, 2048, 2048, 2048, 2048]","[2048, 2048, 2048, 2048, 2048, 2049]",249.0
1286,11299,6,14,2026-06-07T13:20:12.373000+00:00,20.556,37.07,20.866,195.0,181.0,False,78.492,"[None, 2048, 2048, 2048, 2048, 2048]","[2048, 2048, 2048, 2048, 2048, 2048, 2049, 2048, 2048, 2048]","[2048, 2048, 2048, 2048, 2048, 2048]",267.0
1286,11299,5,13,2026-06-07T13:20:12.498000+00:00,22.448,37.759,21.685,175.0,180.0,False,81.892,"[None, 2048, 2048, 2048, 2048, 2048]","[2048, 2048, 2048, 2048, 2048, 2048, 2049, 2048, 2048, 2049]","[2049, 2049, 2048, 2048, 2048, 2048]",274.0
1286,11299,63,14,2026-06-07T13:20:13.108000+00:00,20.936,36.822,20.821,189.0,181.0,False,78.579,"[None, 2048, 2049, 2048, 2048, 2048]","[2048, 2048, 2048, 2048, 2048, 2049, 2048, 2048, 2048, 2048]","[2048, 2048, 2048, 2048, 2048, 2048]",277.0
1286,11299,87,13,2026-06-07T13:20:15.077000+00:00,21.028,37.201,21.313,188.0,182.0,False,79.542,"[2049, 2049, 2048, 2048, 2048, 2049]","[2048, 2048, 2048, 2048, 2048, 2048, 2048, 2049, 2048, 2048]","[2048, 2048, 2048, 2048, 2048, 2048]",271.0
1286,11299,81,14,2026-06-07T13:20:20.514000+00:00,20.658,36.669,20.854,196.0,191.0,False,78.181,"[None, 2048, 2049, 2048, 2048, 2048]","[2048, 2048, 2048, 2048, 2048, 2049, 2048, 2048, 2048, 2048]","[2048, 2048, 2048, 2048, 2048, 2049]",271.0
1286,11299,10,14,2026-06-07T13:20:27.483000+00:00,20.581,36.7,20.923,194.0,184.0,False,78.204,"[None, 2049, 2048, 2048, 2048, 2048]","[2048, 2048, 2048, 2048, 2048, 2048, 2048, 2048, 2048, 2048]","[2048, 2048, 2048, 2048, 2048, 2048]",271.0
1286,11299,1,14,2026-06-07T13:20:28.092000+00:00,20.523,36.851,20.796,190.0,187.0,False,78.17,"[2049, 2049, 2049, 2048, 2048, 2048]","[2048, 2048, 2048, 2048, 2048, 2049, 2048, 2048, 2048, 2048]","[2048, 2048, 2048, 2048, 2048, 2049]",279.0
1286,11299,30,14,2026-06-07T13:20:33.639000+00:00,20.79,36.921,20.913,192.0,187.0,False,78.624,"[2049, 2048, 2048, 2048, 2048, 2048]","[2048, 2048, 2048, 2048, 2048, 2048, 2048, 2048, 2048, 2048]","[2048, 2048, 2048, 2048, 2048, 2048]",270.0
1286,11299,23,14,2026-06-07T13:20:35.264000+00:00,20.898,36.962,20.976,194.0,180.0,False,78.836,"[None, 2048, 2048, 2048, 2049, 2048]","[2048, 2048, 2048, 2048, 2048, 2048, 2051, 2049, 2048, 2048]","[2048, 2048, 2048, 2048, 2048, 2048]",271.0
1286,11299,55,14,2026-06-07T13:20:39.655000+00:00,20.724,37.231,21.265,190.0,184.0,False,79.22,"[None, 2049, 2049, 2048, 2048, 2048]","[2048, 2048, 2048, 2048, 2048, 2048, 2049, 2048, 2048, 2048]","[2048, 2048, 2048, 2048, 2048, 2048]",267.0
1286,11299,43,14,2026-06-07T13:20:42.842000+00:00,20.581,36.937,20.834,192.0,184.0,False,78.352,"[None, 2048, 2048, 2048, 2048, 2048]","[2049, 2048, 2048, 2048, 2048, 2048, 2048, 2048, 2049, 2049]","[2048, 2048, 2049, 2048, 2048, 2048]",271.0
1286,11299,41,14,2026-06-07T13:20:44.561000+00:00,20.815,36.817,20.71,192.0,186.0,False,78.342,"[None, 2048, 2048, 2049, 2049, 2049]","[2049, 2048, 2048, 2048, 2048, 2048, 2049, 2048, 2049, 2049]","[2049, 2049, 2049, 2049, 2049, 2048]",270.0
1286,11299,27,14,2026-06-07T13:20:59.468000+00:00,20.131,36.055,20.312,212.0,190.0,False,76.498,"[2051, 2049, 2048, 2049, 2049, 2051]","[2049, 2049, 2049, 2049, 2049, 2048, 2049, 2048, 2049, 2049]","[2049, 2049, 2049, 2049, 2048, 2048]",270.0
1286,11299,31,14,2026-06-07T13:21:01.530000+00:00,20.545,36.341,20.574,193.0,187.0,False,77.46,"[2048, 2049, 2048, 2049, 2048, 2048]","[2049, 2048, 2048, 2048, 2048, 2048, 2049, 2048, 2048, 2048]","[2048, 2049, 2048, 2048, 2048, 2048]",270.0
1286,11299,14,14,2026-06-07T13:21:09.780000+00:00,20.794,37.349,21.195,195.0,179.0,False,79.338,"[2049, 2048, 2048, 2048, 2048, 2048]","[2048, 2048, 2048, 2048, 2048, 2048, 2048, 2048, 2048, 2048]","[2048, 2048, 2048, 2048, 2048, 2048]",265.0
1286,11299,18,14,2026-06-07T13:21:13.139000+00:00,20.772,37.475,22.653,190.0,180.0,False,80.9,"[None, 2048, 2048, 2049, 2048, 2048]","[2048, 2048, 2048, 2048, 2048, 2049, 2048, 2048, 2048, 2048]","[2048, 2048, 2048, 2048, 2048, 2049]",265.0
1286,11299,12,15,2026-06-07T13:21:15.749000+00:00,20.295,36.307,20.591,198.0,189.0,False,77.193,"[None, 2048, 2048, 2048, 2048, 2048]","[2048, 2048, 2048, 2048, 2048, 2048, 2048, 2048, 2048, 2048]","[2048, 2048, 2048, 2048, 2048, 2048]",268.0
1286,11299,44,15,2026-06-07T13:21:19.374000+00:00,20.443,36.05,20.419,198.0,190.0,False,76.912,"[None, 2048, 2048, 2048, 2048, 2048]","[2048, 2048, 2048, 2048, 2048, 2048, 2048, 2048, 2048, 2048]","[2048, 2048, 2048, 2048, 2048, 2048]",265.0
1286,11299,11,14,2026-06-07T13:21:22.061000+00:00,20.78,36.748,20.982,190.0,184.0,False,78.51,"[2049, 2048, 2048, 2049, 2048, 2048]","[2048, 2048, 2048, 2048, 2048, 2048, 2048, 2048, 2048, 2048]","[2048, 2048, 2048, 2048, 2048, 2048]",259.0
1286,11299,16,15,2026-06-07T13:21:24.077000+00:00,20.421,36.302,20.59,200.0,190.0,False,77.313,"[None, 2049, 2048, 2048, 2048, 2048]","[2048, 2048, 2048, 2048, 2048, 2048, 2048, 2048, 2049, 2048]","[2048, 2048, 2048, 2048, 2048, 2048]",263.0
1286,11299,6,15,2026-06-07T13:21:30.764000+00:00,20.418,36.987,20.872,197.0,181.0,False,78.277,"[None, 2048, 2048, 2048, 2048, 2048]","[2048, 2048, 2048, 2048, 2048, 2048, 2048, 2048, 2048, 2048]","[2048, 2048, 2048, 2048, 2048, 2048]",267.0
1286,11299,63,15,2026-06-07T13:21:31.702000+00:00,20.374,36.61,21.02,,184.0,False,78.004,"[2049, 2048, 2051, 2048, 2048, 2048]","[2048, 2048, 2048, 2048, 2048, 2049, 2048, 2048, 2048, 2048]","[2048, 2048, 2048, 2048, 2048, 2048]",278.0
1286,11299,77,14,2026-06-07T13:21:33.554000+00:00,21.363,38.052,21.457,188.0,177.0,False,80.872,"[2048, 2048, 2048, 2049, 2048, 2048]","[2048, 2048, 2048, 2048, 2048, 2048, 2048, 2048, 2048, 2048]","[2048, 2048, 2048, 2048, 2048, 2049]",253.0
1286,11299,5,14,2026-06-07T13:21:34.168000+00:00,21.102,37.991,21.786,185.0,176.0,False,80.879,"[None, 2049, 2049, 2049, 2048, 2048]","[2048, 2048, 2048, 2048, 2048, 2049, 2048, 2048, 2048, 2048]","[2048, 2048, 2048, 2048, 2048, 2048]",281.0
1286,11299,87,14,2026-06-07T13:21:34.618000+00:00,21.191,37.968,21.629,186.0,183.0,False,80.788,"[2048, 2049, 2049, 2048, 2048, 2049]","[2048, 2048, 2048, 2048, 2048, 2049, 2048, 2048, 2048, 2048]","[2048, 2048, 2048, 2048, 2048, 2051]",280.0
1286,11299,81,15,2026-06-07T13:21:38.624000+00:00,20.716,37.006,21.243,187.0,192.0,False,78.965,"[None, 2048, 2049, 2048, 2048, 2048]","[2048, 2048, 2048, 2048, 2048, 2048, 2048, 2048, 2048, 2048]","[2048, 2048, 2048, 2048, 2048, 2048]",270.0
1286,11299,10,15,2026-06-07T13:21:45.764000+00:00,20.563,36.571,20.958,197.0,186.0,False,78.092,"[None, 2048, 2048, 2048, 2048, 2048]","[2048, 2048, 2048, 2048, 2048, 2048, 2048, 2049, 2049, 2048]","[2048, 2048, 2048, 2048, 2048, 2048]",272.0
1286,11299,1,15,2026-06-07T13:21:46.172000+00:00,20.671,37.009,20.943,189.0,190.0,False,78.623,"[None, 2048, 2049, 2048, 2048, 2048]","[2048, 2048, 2048, 2048, 2048, 2048, 2048, 2048, 2048, 2048]","[2048, 2048, 2048, 2048, 2048, 2048]",279.0
1286,11299,30,15,2026-06-07T13:21:52.380000+00:00,20.801,36.845,20.883,191.0,184.0,False,78.529,"[2048, 2048, 2048, 2048, 2048, 2048]","[2048, 2048, 2048, 2049, 2048, 2048, 2048, 2048, 2048, 2048]","[2048, 2049, 2048, 2048, 2048, 2048]",269.0
1286,11299,23,15,2026-06-07T13:21:54.147000+00:00,20.711,36.808,20.934,200.0,182.0,False,78.453,"[None, 2049, 2049, 2048, 2048, 2049]","[2048, 2048, 2048, 2049, 2048, 2048, 2048, 2048, 2048, 2048]","[2048, 2048, 2048, 2048, 2048, 2048]",271.0
1286,11299,55,15,2026-06-07T13:21:58.977000+00:00,20.73,36.811,20.984,195.0,180.0,False,78.525,"[2048, 2048, 2048, 2048, 2048, 2048]","[2048, 2049, 2048, 2048, 2048, 2048, 2048, 2048, 2048, 2048]","[2048, 2048, 2049, 2048, 2048, 2048]",271.0
1286,11299,43,15,2026-06-07T13:22:01.226000+00:00,20.606,37.286,20.917,189.0,181.0,False,78.809,"[None, 2048, 2048, 2048, 2049, 2048]","[2048, 2048, 2048, 2048, 2048, 2048, 2049, 2048, 2048, 2048]","[2048, 2048, 2048, 2048, 2048, 2048]",271.0
1286,11299,41,15,2026-06-07T13:22:02.943000+00:00,20.683,36.814,20.914,194.0,184.0,False,78.411,"[2049, 2049, 2048, 2049, 2048, 2048]","[2048, 2048, 2048, 2049, 2049, 2048, 2049, 2048, 2048, 2048]","[2048, 2048, 2048, 2048, 2048, 2048]",271.0
1286,11299,27,15,2026-06-07T13:22:16.098000+00:00,20.158,35.917,20.257,206.0,192.0,False,76.332,"[None, 2048, 2048, 2048, 2049, 2048]","[2048, 2048, 2048, 2049, 2048, 2048, 2049, 2049, 2048, 2049]","[2049, 2049, 2049, 2049, 2048, 2048]",270.0
1286,11299,31,15,2026-06-07T13:22:19.036000+00:00,20.552,36.4,20.62,187.0,189.0,False,77.572,"[None, 2048, 2048, 2049, 2049, 2048]","[2048, 2048, 2048, 2048, 2048, 2048, 2049, 2048, 2048, 2048]","[2048, 2048, 2048, 2048, 2048, 2048]",270.0
1286,11299,14,15,2026-06-07T13:22:29.133000+00:00,20.838,37.394,21.183,198.0,180.0,False,79.415,"[2048, 2048, 2048, 2048, 2048, 2048]","[2048, 2048, 2048, 2049, 2048, 2048, 2048, 2048, 2048, 2048]","[2048, 2048, 2048, 2048, 2048, 2048]",265.0
1286,11299,12,16,2026-06-07T13:22:32.946000+00:00,20.462,36.362,20.416,194.0,187.0,False,77.24,"[2048, 2048, 2048, 2048, 2048, 2048]","[2048, 2048, 2048, 2048, 2048, 2048, 2048, 2048, 2048, 2048]","[2048, 2048, 2048, 2048, 2048, 2048]",268.0
1286,11299,18,15,2026-06-07T13:22:34.102000+00:00,21.085,39.176,21.36,195.0,180.0,False,81.621,"[None, 2048, 2049, 2048, 2048, 2048]","[2048, 2048, 2048, 2048, 2048, 2049, 2048, 2048, 2048, 2048]","[2048, 2048, 2048, 2048, 2048, 2048]",272.0
1286,11299,44,16,2026-06-07T13:22:36.290000+00:00,20.409,36.2,20.405,195.0,190.0,False,77.014,"[None, 2048, 2048, 2048, 2048, 2048]","[2048, 2048, 2048, 2048, 2048, 2048, 2048, 2048, 2048, 2048]","[2048, 2048, 2048, 2048, 2048, 2048]",265.0
1286,11299,11,15,2026-06-07T13:22:40.415000+00:00,22.651,37.177,20.983,186.0,182.0,False,80.811,"[2048, 2048, 2048, 2048, 2048, 2048]","[2048, 2048, 2048, 2048, 2048, 2048, 2048, 2048, 2048, 2048]","[2048, 2048, 2048, 2048, 2048, 2048]",259.0
1286,11299,16,16,2026-06-07T13:22:41.462000+00:00,20.288,36.131,20.596,204.0,187.0,False,77.015,"[None, 2049, 2048, 2048, 2051, 2049]","[2048, 2048, 2048, 2048, 2048, 2048, 2048, 2048, 2048, 2048]","[2048, 2048, 2048, 2048, 2048, 2048]",263.0
1286,11299,6,16,2026-06-07T13:22:49.024000+00:00,20.368,37.063,20.808,200.0,180.0,False,78.239,"[None, 2048, 2048, 2049, 2048, 2048]","[2048, 2048, 2048, 2048, 2048, 2048, 2048, 2048, 2048, 2048]","[2048, 2048, 2048, 2048, 2048, 2048]",268.0
1286,11299,63,16,2026-06-07T13:22:49.696000+00:00,20.658,36.853,20.957,194.0,187.0,False,78.468,"[2048, 2048, 2048, 2048, 2048, 2048]","[2048, 2048, 2048, 2048, 2048, 2049, 2048, 2048, 2048, 2048]","[2048, 2048, 2048, 2048, 2048, 2048]",278.0
1286,11299,77,15,2026-06-07T13:22:54.368000+00:00,21.52,37.913,21.601,186.0,172.0,False,81.034,"[None, 2048, 2048, 2048, 2048, 2048]","[2048, 2048, 2048, 2048, 2048, 2048, 2048, 2048, 2048, 2048]","[2048, 2048, 2048, 2048, 2048, 2048]",260.0
1286,11299,5,15,2026-06-07T13:22:55.055000+00:00,21.188,37.846,22.049,175.0,178.0,False,81.083,"[None, 2048, 2049, 2048, 2048, 2048]","[2048, 2048, 2048, 2048, 2049, 2048, 2048, 2048, 2048, 2048]","[2048, 2048, 2048, 2048, 2048, 2048]",280.0
1286,11299,87,15,2026-06-07T13:22:55.305000+00:00,21.365,37.859,23.211,183.0,183.0,False,82.435,"[None, 2049, 2048, 2048, 2048, 2048]","[2048, 2048, 2048, 2048, 2048, 2048, 2048, 2048, 2048, 2048]","[2048, 2048, 2048, 2048, 2048, 2048]",280.0
1286,11299,81,16,2026-06-07T13:22:57.634000+00:00,20.919,37.43,21.219,184.0,187.0,False,79.568,"[None, 2048, 2048, 2048, 2048, 2048]","[2048, 2048, 2048, 2048, 2048, 2048, 2048, 2048, 2048, 2048]","[2048, 2048, 2048, 2048, 2048, 2049]",268.0
1286,11299,10,16,2026-06-07T13:23:03.852000+00:00,20.533,37.21,21.385,189.0,182.0,False,79.128,"[None, 2048, 2048, 2049, 2048, 2048]","[2048, 2048, 2048, 2048, 2048, 2048, 2048, 2048, 2048, 2048]","[2048, 2048, 2048, 2048, 2048, 2048]",271.0
1286,11299,1,16,2026-06-07T13:23:04.805000+00:00,20.822,36.824,20.992,186.0,191.0,False,78.638,"[None, 2048, 2048, 2048, 2048, 2048]","[2048, 2048, 2048, 2048, 2048, 2048, 2048, 2048, 2048, 2048]","[2048, 2048, 2048, 2048, 2048, 2048]",275.0
1286,11299,30,16,2026-06-07T13:23:10.774000+00:00,20.861,37.019,20.84,186.0,183.0,False,78.72,"[None, 2048, 2048, 2048, 2048, 2048]","[2048, 2048, 2048, 2048, 2048, 2048, 2048, 2048, 2048, 2048]","[2048, 2048, 2048, 2048, 2048, 2048]",270.0
1286,11299,23,16,2026-06-07T13:23:12.712000+00:00,20.81,36.871,21.065,,180.0,False,78.746,"[None, 2048, 2048, 2048, 2049, 2048]","[2048, 2048, 2048, 2048, 2048, 2048, 2048, 2048, 2048, 2048]","[2048, 2048, 2048, 2048, 2048, 2048]",271.0
1286,11299,55,16,2026-06-07T13:23:17.445000+00:00,20.625,36.832,21.045,198.0,183.0,False,78.502,"[2049, 2048, 2049, 2048, 2048, 2048]","[2048, 2048, 2049, 2048, 2048, 2048, 2048, 2049, 2049, 2048]","[2048, 2048, 2048, 2048, 2048, 2048]",270.0
1286,11299,43,16,2026-06-07T13:23:19.983000+00:00,20.622,36.982,20.889,186.0,184.0,False,78.493,"[None, 2048, 2048, 2048, 2048, 2048]","[2048, 2048, 2049, 2048, 2048, 2048, 2048, 2048, 2049, 2048]","[2048, 2049, 2048, 2048, 2048, 2048]",272.0
1286,11299,41,16,2026-06-07T13:23:21.397000+00:00,20.723,36.961,20.868,,185.0,False,78.552,"[None, 2048, 2048, 2048, 2048, 2048]","[2048, 2048, 2048, 2048, 2048, 2048, 2048, 2048, 2048, 2048]","[2048, 2048, 2048, 2048, 2048, 2048]",271.0
1286,11299,27,16,2026-06-07T13:23:32.322000+00:00,20.078,35.898,20.393,208.0,191.0,False,76.369,"[2048, 2048, 2048, 2049, 2049, 2048]","[2049, 2049, 2048, 2048, 2048, 2048, 2048, 2048, 2049, 2048]","[2048, 2048, 2048, 2048, 2049, 2048]",271.0
1286,11299,31,16,2026-06-07T13:23:36.529000+00:00,20.533,36.537,20.669,190.0,188.0,False,77.739,"[None, 2049, 2048, 2048, 2048, 2048]","[2048, 2048, 2048, 2049, 2048, 2048, 2048, 2048, 2048, 2048]","[2048, 2048, 2048, 2048, 2048, 2048]",270.0
1286,11299,14,16,2026-06-07T13:23:48.559000+00:00,20.792,38.728,21.395,191.0,178.0,False,80.915,"[2049, 2048, 2048, 2048, 2048, 2048]","[2048, 2048, 2049, 2048, 2048, 2048, 2048, 2048, 2048, 2048]","[2048, 2048, 2048, 2048, 2048, 2048]",227.0
1286,11299,12,17,2026-06-07T13:23:50.184000+00:00,20.373,36.251,20.426,,193.0,False,77.05,"[None, 2048, 2048, 2048, 2048, 2048]","[2048, 2048, 2048, 2048, 2048, 2048, 2048, 2048, 2048, 2048]","[2048, 2048, 2048, 2048, 2048, 2048]",265.0
1286,11299,44,17,2026-06-07T13:23:53.231000+00:00,20.581,36.126,20.532,197.0,193.0,False,77.239,"[None, 2048, 2048, 2048, 2048, 2048]","[2048, 2048, 2048, 2048, 2048, 2048, 2048, 2048, 2048, 2048]","[2048, 2048, 2048, 2048, 2048, 2048]",266.0
1286,11299,18,16,2026-06-07T13:23:55.637000+00:00,20.973,37.591,22.877,193.0,180.0,False,81.441,"[None, 2048, 2048, 2048, 2048, 2048]","[2048, 2048, 2048, 2048, 2048, 2048, 2048, 2048, 2048, 2048]","[2048, 2048, 2048, 2048, 2048, 2048]",265.0
1286,11299,16,17,2026-06-07T13:23:58.387000+00:00,20.346,36.388,20.954,199.0,187.0,False,77.688,"[None, 2048, 2048, 2048, 2048, 2048]","[2048, 2048, 2048, 2048, 2048, 2048, 2048, 2048, 2048, 2048]","[2048, 2048, 2048, 2048, 2048, 2048]",262.0
1286,11299,11,16,2026-06-07T13:24:01.315000+00:00,20.695,36.894,20.989,194.0,184.0,False,78.578,"[2049, 2048, 2048, 2048, 2048, 2048]","[2048, 2048, 2048, 2048, 2048, 2048, 2049, 2048, 2048, 2048]","[2048, 2048, 2048, 2048, 2049, 2048]",259.0
1286,11299,6,17,2026-06-07T13:24:07.221000+00:00,20.431,37.014,20.859,198.0,181.0,False,78.304,"[None, 2048, 2048, 2048, 2048, 2048]","[2048, 2048, 2048, 2048, 2048, 2048, 2048, 2048, 2048, 2048]","[2048, 2048, 2048, 2048, 2048, 2048]",267.0
1286,11299,63,17,2026-06-07T13:24:08.190000+00:00,20.458,36.934,21.019,196.0,184.0,False,78.411,"[None, 2048, 2048, 2048, 2048, 2048]","[2048, 2048, 2048, 2048, 2048, 2048, 2048, 2048, 2048, 2048]","[2048, 2048, 2048, 2048, 2048, 2048]",278.0
1286,11299,77,16,2026-06-07T13:24:15.446000+00:00,22.007,39.762,,184.0,174.0,False,,"[None, 2048, 2048, 2048, 2048, 2048]","[2048, 2048, 2048, 2048, 2048, 2048, 2049, 2048, 2048, 2048]",[2048],261.0
1286,11299,5,16,2026-06-07T13:24:16.169000+00:00,22.543,38.794,22.607,182.0,174.0,False,83.944,"[None, 2048, 2048, 2048, 2048, 2048]","[2048, 2048, 2048, 2048, 2048, 2048, 2048, 2048, 2048, 2048]","[2048, 2048, 2048, 2048, 2048, 2048]",281.0
1286,11299,81,17,2026-06-07T13:24:17.169000+00:00,20.936,36.885,21.318,186.0,183.0,False,79.139,"[None, 2048, 2049, 2048, 2048, 2048]","[2048, 2048, 2048, 2048, 2048, 2049, 2048, 2048, 2048, 2048]","[2048, 2048, 2048, 2048, 2048, 2048]",277.0
1286,11299,87,16,2026-06-07T13:24:17.847000+00:00,21.411,38.655,22.629,185.0,177.0,False,82.695,"[None, 2048, 2048, 2048, 2048, 2048]","[2048, 2048, 2048, 2048, 2048, 2048, 2048, 2048, 2048, 2048]","[2048, 2048, 2048, 2048, 2048, 2048]",277.0
1286,11299,10,17,2026-06-07T13:24:22.899000+00:00,20.656,36.929,21.197,195.0,185.0,False,78.782,"[None, 2048, 2048, 2048, 2048, 2048]","[2048, 2048, 2048, 2048, 2048, 2048, 2048, 2048, 2048, 2048]","[2048, 2048, 2048, 2048, 2048, 2049]",271.0
1286,11299,1,17,2026-06-07T13:24:23.420000+00:00,20.606,37.153,20.983,185.0,187.0,False,78.742,"[2048, 2048, 2049, 2048, 2048, 2048]","[2048, 2048, 2048, 2048, 2048, 2048, 2048, 2048, 2048, 2048]","[2048, 2048, 2048, 2048, 2049, 2048]",277.0
1286,11299,30,17,2026-06-07T13:24:29.417000+00:00,20.802,37.059,20.932,192.0,184.0,False,78.793,"[None, 2048, 2048, 2048, 2048, 2048]","[2048, 2048, 2048, 2048, 2048, 2048, 2048, 2048, 2048, 2048]","[2049, 2048, 2048, 2048, 2048, 2048]",270.0
1286,11299,23,17,2026-06-07T13:24:31.354000+00:00,20.839,36.831,21.055,196.0,180.0,False,78.725,"[None, 2049, 2048, 2048, 2048, 2048]","[2048, 2048, 2048, 2048, 2048, 2048, 2048, 2048, 2048, 2049]","[2048, 2048, 2048, 2048, 2048, 2048]",271.0
1286,11299,55,17,2026-06-07T13:24:35.885000+00:00,20.628,36.858,20.9,196.0,181.0,False,78.386,"[2048, 2048, 2048, 2049, 2048, 2048]","[2048, 2048, 2048, 2048, 2048, 2048, 2048, 2048, 2048, 2048]","[2048, 2048, 2049, 2048, 2048, 2048]",271.0
1286,11299,43,17,2026-06-07T13:24:38.417000+00:00,20.576,36.906,20.745,195.0,184.0,False,78.227,"[None, 2048, 2048, 2048, 2048, 2048]","[2049, 2048, 2048, 2048, 2048, 2048, 2048, 2048, 2048, 2048]","[2049, 2048, 2048, 2048, 2048, 2048]",272.0
1286,11299,41,17,2026-06-07T13:24:39.917000+00:00,20.879,37.509,21.018,191.0,182.0,False,79.406,"[2048, 2048, 2048, 2048, 2048, 2048]","[2048, 2048, 2048, 2048, 2048, 2048, 2049, 2048, 2048, 2048]","[2048, 2048, 2048, 2048, 2048, 2048]",270.0
1286,11299,27,17,2026-06-07T13:24:48.745000+00:00,20.093,36.143,20.497,209.0,189.0,False,76.733,"[None, 2049, 2048, 2049, 2048, 2048]","[2048, 2048, 2048, 2049, 2048, 2048, 2048, 2048, 2048, 2048]","[2048, 2048, 2048, 2048, 2048, 2048]",271.0
1286,11299,31,17,2026-06-07T13:24:54.276000+00:00,20.602,36.488,20.643,193.0,189.0,False,77.733,"[None, 2048, 2048, 2049, 2048, 2048]","[2048, 2048, 2048, 2048, 2048, 2048, 2048, 2048, 2048, 2048]","[2048, 2048, 2048, 2048, 2048, 2048]",270.0
1286,11299,12,18,2026-06-07T13:25:07.246000+00:00,20.296,36.153,20.353,195.0,193.0,False,76.802,"[None, 2048, 2048, 2048, 2048, 2048]","[2048, 2048, 2048, 2048, 2048, 2048, 2048, 2048, 2048, 2048]","[2048, 2048, 2048, 2048, 2048, 2048]",267.0
1286,11299,14,17,2026-06-07T13:25:09.481000+00:00,22.633,37.87,21.017,186.0,179.0,False,81.52,"[2048, 2048, 2048, 2048, 2048, 2048]","[2048, 2048, 2048, 2048, 2048, 2048, 2048, 2048, 2048, 2048]","[2048, 2048, 2049, 2048, 2049, 2048]",265.0
1286,11299,44,18,2026-06-07T13:25:10.543000+00:00,20.458,36.082,20.489,,190.0,False,77.029,"[None, 2048, 2048, 2048, 2048, 2048]","[2048, 2048, 2048, 2048, 2048, 2048, 2048, 2048, 2048, 2048]","[2048, 2048, 2048, 2048, 2048, 2048]",265.0
1286,11299,16,18,2026-06-07T13:25:16.106000+00:00,20.423,36.44,20.5,198.0,189.0,False,77.363,"[None, 2048, 2048, 2048, 2048, 2048]","[2048, 2048, 2048, 2048, 2048, 2048, 2048, 2048, 2048, 2048]","[2048, 2048, 2048, 2048, 2048, 2048]",265.0
1286,11299,18,17,2026-06-07T13:25:17.028000+00:00,21.177,37.18,21.254,196.0,178.0,False,79.611,"[None, 2048, 2048, 2048, 2048, 2048]","[2048, 2048, 2048, 2048, 2048, 2048, 2049, 2049, 2048, 2048]","[2048, 2048, 2048, 2048, 2048, 2048]",265.0
1286,11299,11,17,2026-06-07T13:25:19.887000+00:00,20.757,37.371,21.001,186.0,182.0,False,79.129,"[2048, 2048, 2048, 2048, 2048, 2048]","[2048, 2048, 2048, 2048, 2048, 2048, 2048, 2048, 2048, 2048]","[2048, 2049, 2048, 2048, 2048, 2048]",257.0
1286,11299,6,18,2026-06-07T13:25:25.590000+00:00,20.437,37.159,21.226,200.0,180.0,False,78.822,"[None, 2048, 2048, 2048, 2048, 2048]","[2048, 2048, 2048, 2048, 2048, 2048, 2048, 2048, 2048, 2048]","[2048, 2048, 2048, 2048, 2048, 2048]",268.0
1286,11299,63,18,2026-06-07T13:25:26.622000+00:00,20.515,36.897,21.062,194.0,181.0,False,78.474,"[None, 2048, 2048, 2048, 2048, 2048]","[2048, 2048, 2048, 2048, 2048, 2048, 2049, 2048, 2048, 2048]","[2048, 2048, 2048, 2048, 2048, 2048]",277.0
1286,11299,81,18,2026-06-07T13:25:36.340000+00:00,20.811,36.888,20.814,195.0,189.0,False,78.513,"[None, 2048, 2048, 2048, 2048, 2048]","[2048, 2048, 2048, 2048, 2048, 2048, 2048, 2048, 2048, 2048]","[2048, 2048, 2048, 2048, 2048, 2048]",269.0
1286,11299,5,17,2026-06-07T13:25:40.122000+00:00,20.559,36.667,21.104,191.0,178.0,False,78.33,"[2049, 2048, 2049, 2049, 2049, 2049]","[2049, 2049, 2048, 2048, 2048, 2048, 2049, 2049, 2048, 2049]","[2049, 2049, 2048, 2048, 2049, 2048]",279.0
1286,11299,87,17,2026-06-07T13:25:40.434000+00:00,22.497,38.2,20.959,82.0,181.0,False,81.656,"[None, 2048, 2048, 2048, 2048, 2048]","[2048, 2048, 2048, 2048, 2048, 2048, 2048, 2049, 2048, 2048]","[2049, 2048, 2049, 2048, 2048, 2048]",279.0
1286,11299,10,18,2026-06-07T13:25:41.731000+00:00,20.964,37.022,21.069,191.0,182.0,False,79.055,"[None, 2048, 2048, 2048, 2048, 2048]","[2048, 2048, 2048, 2048, 2048, 2048, 2048, 2048, 2048, 2048]","[2048, 2048, 2048, 2048, 2048, 2048]",271.0
1286,11299,1,18,2026-06-07T13:25:42.278000+00:00,20.986,36.999,21.009,189.0,185.0,False,78.994,"[None, 2048, 2048, 2048, 2048, 2048]","[2048, 2048, 2048, 2048, 2048, 2049, 2048, 2048, 2048, 2048]","[2048, 2048, 2048, 2048, 2049, 2049]",279.0
1286,11299,30,18,2026-06-07T13:25:48.325000+00:00,20.81,37.192,20.956,,183.0,False,78.958,"[None, 2048, 2048, 2048, 2048, 2048]","[2048, 2048, 2048, 2048, 2048, 2048, 2049, 2048, 2048, 2048]","[2048, 2048, 2048, 2048, 2048, 2048]",270.0
1286,11299,23,18,2026-06-07T13:25:50.059000+00:00,20.895,36.936,20.992,198.0,181.0,False,78.823,"[None, 2048, 2048, 2048, 2048, 2048]","[2048, 2048, 2048, 2048, 2048, 2048, 2048, 2048, 2048, 2048]","[2048, 2048, 2048, 2048, 2048, 2048]",271.0
1286,11299,55,18,2026-06-07T13:25:54.325000+00:00,20.657,36.842,20.977,199.0,183.0,False,78.476,"[None, 2048, 2048, 2048, 2048, 2048]","[2048, 2049, 2048, 2048, 2048, 2049, 2048, 2048, 2048, 2048]","[2048, 2048, 2048, 2048, 2048, 2048]",272.0
1286,11299,43,18,2026-06-07T13:25:56.747000+00:00,20.651,37.153,20.872,192.0,185.0,False,78.676,"[None, 2048, 2048, 2048, 2048, 2048]","[2048, 2048, 2048, 2048, 2048, 2048, 2048, 2048, 2048, 2048]","[2048, 2048, 2048, 2048, 2048, 2048]",272.0
1286,11299,41,18,2026-06-07T13:25:59.387000+00:00,20.723,36.958,20.847,193.0,185.0,False,78.528,"[None, 2048, 2048, 2048, 2048, 2048]","[2048, 2048, 2048, 2048, 2048, 2048, 2048, 2048, 2048, 2048]","[2048, 2048, 2048, 2048, 2048, 2048]",270.0
1286,11299,27,18,2026-06-07T13:26:05.450000+00:00,20.298,36.394,20.475,208.0,189.0,False,77.167,"[None, 2048, 2048, 2048, 2048, 2048]","[2048, 2048, 2048, 2048, 2048, 2048, 2049, 2048, 2048, 2048]","[2048, 2048, 2048, 2048, 2048, 2048]",272.0
1286,11299,31,18,2026-06-07T13:26:12.106000+00:00,20.532,36.481,20.656,191.0,189.0,False,77.669,"[None, 2048, 2048, 2048, 2048, 2049]","[2048, 2048, 2048, 2048, 2048, 2048, 2048, 2048, 2048, 2048]","[2048, 2048, 2048, 2048, 2048, 2048]",270.0
1286,11299,12,19,2026-06-07T13:26:23.956000+00:00,19.961,35.816,20.284,203.0,194.0,False,76.061,"[2049, 2048, 2048, 2051, 2048, 2049]","[2048, 2048, 2048, 2048, 2048, 2048, 2048, 2048, 2048, 2048]","[2048, 2048, 2048, 2048, 2049, 2048]",268.0
1286,11299,44,19,2026-06-07T13:26:27.628000+00:00,20.437,36.363,20.471,,189.0,False,77.271,"[None, 2048, 2048, 2048, 2048, 2048]","[2048, 2048, 2048, 2048, 2048, 2048, 2048, 2048, 2048, 2048]","[2048, 2048, 2048, 2048, 2048, 2048]",258.0
1286,11299,14,18,2026-06-07T13:26:30.941000+00:00,20.897,37.463,22.419,195.0,179.0,False,80.779,"[None, 2049, 2049, 2048, 2048, 2048]","[2048, 2048, 2048, 2048, 2048, 2048, 2048, 2048, 2048, 2048]","[2048, 2048, 2048, 2048, 2048, 2048]",266.0
1286,11299,16,19,2026-06-07T13:26:33.503000+00:00,20.389,36.527,20.782,201.0,187.0,False,77.698,"[None, 2048, 2048, 2048, 2048, 2048]","[2048, 2048, 2048, 2048, 2048, 2048, 2048, 2048, 2048, 2048]","[2048, 2048, 2048, 2048, 2048, 2049]",266.0
1286,11299,18,18,2026-06-07T13:26:36.753000+00:00,20.898,37.254,21.179,199.0,182.0,False,79.331,"[None, 2048, 2048, 2048, 2048, 2049]","[2048, 2048, 2048, 2048, 2049, 2048, 2049, 2048, 2048, 2049]","[2049, 2048, 2048, 2048, 2048, 2048]",265.0
1286,11299,11,18,2026-06-07T13:26:39.021000+00:00,20.79,37.049,20.861,188.0,185.0,False,78.7,"[None, 2048, 2048, 2049, 2048, 2048]","[2048, 2048, 2048, 2048, 2048, 2048, 2048, 2048, 2048, 2048]","[2048, 2048, 2048, 2048, 2048, 2048]",259.0
1286,11299,6,19,2026-06-07T13:26:44.340000+00:00,20.795,37.559,20.993,190.0,181.0,False,79.347,"[None, 2048, 2048, 2048, 2048, 2048]","[2048, 2048, 2048, 2048, 2048, 2048, 2048, 2048, 2048, 2048]","[2048, 2048, 2048, 2048, 2048, 2048]",265.0
1286,11299,63,19,2026-06-07T13:26:45.121000+00:00,20.745,37.276,21.201,182.0,182.0,False,79.222,"[None, 2048, 2048, 2048, 2048, 2048]","[2048, 2048, 2048, 2048, 2049, 2049, 2048, 2048, 2048, 2048]","[2048, 2048, 2048, 2048, 2048, 2048]",280.0
1286,11299,81,19,2026-06-07T13:26:54.800000+00:00,20.611,36.634,20.975,,191.0,False,78.22,"[None, 2048, 2048, 2048, 2048, 2048]","[2048, 2048, 2048, 2048, 2048, 2048, 2048, 2048, 2048, 2048]","[2048, 2048, 2048, 2048, 2048, 2048]",270.0
1286,11299,5,18,2026-06-07T13:26:58.430000+00:00,20.586,36.754,20.853,192.0,186.0,False,78.193,"[2048, 2049, 2048, 2048, 2049, 2049]","[2049, 2049, 2048, 2048, 2048, 2048, 2048, 2048, 2048, 2049]","[2049, 2049, 2049, 2049, 2048, 2048]",271.0
1286,11299,10,19,2026-06-07T13:27:00.795000+00:00,20.752,36.971,20.964,190.0,184.0,False,78.687,"[None, 2048, 2048, 2048, 2048, 2048]","[2048, 2048, 2048, 2048, 2048, 2048, 2048, 2048, 2048, 2048]","[2048, 2048, 2048, 2048, 2048, 2049]",271.0
1286,11299,1,19,2026-06-07T13:27:01.160000+00:00,20.768,36.957,20.981,188.0,188.0,False,78.706,"[None, 2048, 2048, 2048, 2048, 2048]","[2048, 2048, 2048, 2048, 2048, 2049, 2048, 2049, 2048, 2048]","[2048, 2048, 2048, 2048, 2049, 2049]",280.0
1286,11299,87,18,2026-06-07T13:27:02.215000+00:00,20.952,37.021,21.009,191.0,183.0,False,78.982,"[2049, 2049, 2048, 2048, 2049, 2049]","[2049, 2049, 2048, 2048, 2048, 2048, 2048, 2048, 2048, 2048]","[2049, 2049, 2048, 2048, 2048, 2048]",271.0
1286,11299,30,19,2026-06-07T13:27:07.236000+00:00,20.905,37.047,20.989,190.0,185.0,False,78.941,"[None, 2048, 2048, 2048, 2048, 2048]","[2048, 2048, 2048, 2048, 2048, 2048, 2049, 2048, 2048, 2048]","[2048, 2048, 2048, 2048, 2048, 2048]",270.0
1286,11299,23,19,2026-06-07T13:27:08.915000+00:00,20.718,37.081,21.063,,183.0,False,78.862,"[None, 2049, 2049, 2048, 2048, 2048]","[2048, 2048, 2048, 2048, 2048, 2048, 2048, 2048, 2048, 2048]","[2049, 2048, 2048, 2048, 2048, 2048]",270.0
1286,11299,55,19,2026-06-07T13:27:12.773000+00:00,20.673,36.958,20.902,194.0,184.0,False,78.533,"[None, 2048, 2048, 2048, 2049, 2048]","[2048, 2048, 2048, 2048, 2048, 2048, 2049, 2048, 2048, 2048]","[2048, 2048, 2048, 2048, 2048, 2048]",270.0
1286,11299,43,19,2026-06-07T13:27:15.408000+00:00,20.622,37.099,20.974,188.0,185.0,False,78.695,"[None, 2049, 2048, 2048, 2048, 2048]","[2048, 2048, 2048, 2048, 2048, 2048, 2048, 2048, 2048, 2048]","[2048, 2048, 2048, 2048, 2048, 2048]",271.0
1286,11299,41,19,2026-06-07T13:27:17.870000+00:00,20.648,36.879,20.913,197.0,187.0,False,78.44,"[2049, 2048, 2048, 2048, 2049, 2048]","[2049, 2048, 2048, 2048, 2048, 2048, 2048, 2048, 2048, 2048]","[2048, 2048, 2048, 2048, 2048, 2048]",270.0
1286,11299,27,19,2026-06-07T13:27:22.651000+00:00,20.128,36.308,20.388,207.0,188.0,False,76.824,"[None, 2051, 2048, 2048, 2048, 2048]","[2048, 2048, 2048, 2048, 2048, 2048, 2049, 2048, 2048, 2048]","[2048, 2051, 2048, 2049, 2048, 2048]",272.0
1286,11299,31,19,2026-06-07T13:27:29.761000+00:00,20.489,36.522,20.609,195.0,189.0,False,77.62,"[2049, 2048, 2048, 2048, 2049, 2049]","[2048, 2048, 2048, 2048, 2048, 2048, 2048, 2048, 2048, 2048]","[2048, 2048, 2048, 2048, 2048, 2048]",270.0
1286,11299,12,20,2026-06-07T13:27:40.136000+00:00,20.117,35.949,20.402,206.0,191.0,False,76.468,"[2048, 2048, 2048, 2048, 2048, 2049]","[2048, 2048, 2048, 2048, 2048, 2048, 2048, 2048, 2048, 2048]","[2048, 2048, 2048, 2048, 2048, 2048]",269.0
1286,11299,44,20,2026-06-07T13:27:44.839000+00:00,20.502,36.129,20.488,195.0,189.0,False,77.119,"[None, 2048, 2048, 2048, 2048, 2048]","[2048, 2048, 2048, 2048, 2048, 2048, 2048, 2048, 2048, 2048]","[2048, 2048, 2048, 2048, 2048, 2048]",259.0
1286,11299,16,20,2026-06-07T13:27:51.136000+00:00,20.352,36.266,20.601,195.0,188.0,False,77.219,"[2049, 2048, 2048, 2048, 2048, 2048]","[2048, 2048, 2048, 2048, 2048, 2048, 2048, 2048, 2048, 2048]","[2048, 2048, 2048, 2048, 2048, 2048]",264.0
1286,11299,14,19,2026-06-07T13:27:51.808000+00:00,21.2,37.546,21.19,,181.0,False,79.936,"[None, 2048, 2048, 2048, 2048, 2048]","[2048, 2048, 2048, 2048, 2048, 2048, 2048, 2048, 2048, 2048]","[2048, 2048, 2048, 2048, 2048, 2048]",265.0
1286,11299,18,19,2026-06-07T13:27:56.042000+00:00,20.885,37.304,21.057,194.0,182.0,False,79.246,"[None, 2048, 2048, 2048, 2048, 2048]","[2048, 2048, 2048, 2048, 2048, 2048, 2048, 2048, 2048, 2048]","[2048, 2048, 2048, 2049, 2048, 2048]",265.0
1286,11299,11,19,2026-06-07T13:27:57.640000+00:00,20.837,37.062,21.008,187.0,184.0,False,78.907,"[None, 2048, 2048, 2048, 2048, 2048]","[2048, 2048, 2048, 2048, 2048, 2048, 2048, 2048, 2048, 2048]","[2048, 2048, 2048, 2048, 2048, 2048]",259.0
1286,11299,6,20,2026-06-07T13:28:03.694000+00:00,20.765,37.045,21.04,195.0,180.0,False,78.85,"[None, 2048, 2048, 2048, 2048, 2048]","[2048, 2048, 2048, 2048, 2048, 2048, 2048, 2048, 2048, 2048]","[2048, 2048, 2048, 2048, 2048, 2048]",265.0
1286,11299,63,20,2026-06-07T13:28:04.303000+00:00,20.894,36.841,21.088,191.0,182.0,False,78.823,"[None, 2048, 2048, 2048, 2048, 2048]","[2048, 2048, 2048, 2048, 2048, 2048, 2048, 2048, 2048, 2048]","[2048, 2048, 2048, 2048, 2048, 2048]",279.0
1286,11299,81,20,2026-06-07T13:28:13.132000+00:00,20.63,36.651,20.801,,190.0,False,78.082,"[None, 2048, 2048, 2048, 2048, 2048]","[2048, 2048, 2048, 2048, 2048, 2048, 2048, 2048, 2048, 2048]","[2048, 2048, 2048, 2048, 2048, 2048]",270.0
1286,11299,5,19,2026-06-07T13:28:16.632000+00:00,20.55,36.616,20.742,194.0,186.0,False,77.908,"[None, 2049, 2048, 2049, 2048, 2049]","[2049, 2048, 2048, 2049, 2048, 2048, 2048, 2048, 2048, 2049]","[2049, 2048, 2049, 2049, 2048, 2048]",271.0
1286,11299,10,20,2026-06-07T13:28:19.554000+00:00,20.535,36.749,20.947,196.0,186.0,False,78.231,"[None, 2048, 2048, 2048, 2048, 2048]","[2048, 2048, 2048, 2048, 2048, 2048, 2048, 2048, 2048, 2048]","[2048, 2048, 2048, 2048, 2048, 2048]",271.0
1286,11299,1,20,2026-06-07T13:28:19.913000+00:00,20.696,36.744,20.872,185.0,191.0,False,78.312,"[None, 2048, 2048, 2048, 2048, 2048]","[2048, 2048, 2048, 2048, 2048, 2048, 2048, 2048, 2048, 2048]","[2048, 2048, 2048, 2048, 2048, 2048]",279.0
1286,11299,87,19,2026-06-07T13:28:21.085000+00:00,20.872,36.852,20.865,192.0,184.0,False,78.589,"[2048, 2048, 2048, 2048, 2049, 2049]","[2049, 2048, 2048, 2049, 2048, 2048, 2048, 2048, 2048, 2049]","[2049, 2049, 2048, 2049, 2048, 2048]",271.0
1286,11299,30,20,2026-06-07T13:28:26.194000+00:00,20.754,37.035,21.069,194.0,186.0,False,78.858,"[None, 2048, 2048, 2048, 2048, 2048]","[2048, 2048, 2048, 2048, 2048, 2048, 2048, 2048, 2048, 2048]","[2048, 2048, 2048, 2048, 2048, 2048]",270.0
1286,11299,23,20,2026-06-07T13:28:27.757000+00:00,20.808,36.851,21.065,196.0,180.0,False,78.724,"[None, 2048, 2048, 2048, 2048, 2048]","[2048, 2048, 2048, 2048, 2048, 2048, 2048, 2048, 2048, 2048]","[2048, 2048, 2048, 2048, 2048, 2048]",271.0
1286,11299,55,20,2026-06-07T13:28:31.241000+00:00,20.684,36.98,21.037,199.0,183.0,False,78.701,"[None, 2048, 2049, 2048, 2048, 2049]","[2048, 2048, 2048, 2048, 2048, 2048, 2048, 2048, 2048, 2048]","[2048, 2048, 2048, 2048, 2048, 2048]",272.0
1286,11299,43,20,2026-06-07T13:28:34.022000+00:00,20.722,37.091,20.947,190.0,185.0,False,78.76,"[None, 2048, 2048, 2048, 2048, 2048]","[2048, 2048, 2048, 2048, 2048, 2048, 2048, 2049, 2048, 2048]","[2048, 2048, 2048, 2048, 2048, 2048]",271.0
1286,11299,41,20,2026-06-07T13:28:36.257000+00:00,20.745,36.919,20.821,198.0,187.0,False,78.485,"[2048, 2048, 2048, 2048, 2048, 2049]","[2048, 2048, 2048, 2048, 2048, 2048, 2048, 2049, 2048, 2048]","[2048, 2048, 2048, 2048, 2048, 2048]",271.0
1286,11299,27,20,2026-06-07T13:28:39.492000+00:00,20.561,36.778,20.714,201.0,188.0,False,78.053,"[2051, 2048, 2048, 2048, 2048, 2048]","[2048, 2048, 2048, 2048, 2048, 2048, 2048, 2048, 2048, 2048]","[2048, 2048, 2048, 2048, 2048, 2048]",269.0
1286,11299,31,20,2026-06-07T13:28:47.351000+00:00,20.427,36.641,20.66,191.0,188.0,False,77.728,"[None, 2048, 2048, 2049, 2048, 2048]","[2048, 2048, 2048, 2048, 2048, 2048, 2048, 2048, 2048, 2048]","[2048, 2048, 2048, 2048, 2048, 2048]",271.0
1286,11299,12,21,2026-06-07T13:28:56.632000+00:00,20.262,35.998,20.39,196.0,191.0,False,76.65,"[None, 2049, 2048, 2048, 2048, 2048]","[2048, 2048, 2048, 2048, 2048, 2048, 2048, 2048, 2048, 2048]","[2048, 2048, 2048, 2048, 2048, 2048]",270.0
1286,11299,44,21,2026-06-07T13:29:02.007000+00:00,20.5,36.179,20.397,199.0,191.0,False,77.076,"[None, 2048, 2048, 2048, 2048, 2048]","[2048, 2048, 2048, 2048, 2048, 2048, 2048, 2048, 2048, 2048]","[2048, 2048, 2048, 2048, 2048, 2048]",258.0
1286,11299,16,21,2026-06-07T13:29:08.382000+00:00,20.199,36.283,20.399,203.0,190.0,False,76.881,"[None, 2048, 2048, 2048, 2051, 2049]","[2051, 2048, 2048, 2048, 2048, 2048, 2048, 2048, 2048, 2048]","[2049, 2049, 2048, 2048, 2048, 2048]",263.0
1286,11299,14,20,2026-06-07T13:29:11.788000+00:00,20.76,37.485,21.042,200.0,182.0,False,79.287,"[None, 2048, 2049, 2048, 2048, 2049]","[2048, 2048, 2048, 2048, 2048, 2048, 2048, 2048, 2048, 2048]","[2049, 2048, 2049, 2048, 2048, 2048]",266.0
1286,11299,18,20,2026-06-07T13:29:15.183000+00:00,20.864,37.214,21.069,198.0,182.0,False,79.147,"[None, 2049, 2048, 2048, 2048, 2048]","[2048, 2048, 2048, 2048, 2048, 2048, 2048, 2048, 2048, 2049]","[2049, 2049, 2048, 2048, 2048, 2048]",265.0
1286,11299,11,20,2026-06-07T13:29:16.564000+00:00,20.95,36.998,20.982,190.0,185.0,False,78.93,"[None, 2048, 2048, 2048, 2048, 2048]","[2048, 2048, 2048, 2048, 2048, 2048, 2048, 2048, 2048, 2048]","[2048, 2048, 2048, 2048, 2048, 2048]",260.0
1286,11299,6,21,2026-06-07T13:29:22.603000+00:00,20.739,37.392,20.958,193.0,182.0,False,79.089,"[None, 2048, 2048, 2048, 2048, 2048]","[2048, 2048, 2048, 2048, 2048, 2048, 2048, 2048, 2048, 2048]","[2048, 2048, 2048, 2048, 2048, 2048]",266.0
1286,11299,63,21,2026-06-07T13:29:23.037000+00:00,20.774,37.176,21.279,188.0,180.0,False,79.229,"[None, 2048, 2048, 2048, 2048, 2048]","[2048, 2048, 2048, 2048, 2048, 2048, 2048, 2048, 2048, 2048]","[2048, 2048, 2048, 2048, 2048, 2048]",280.0
1286,11299,81,21,2026-06-07T13:29:31.161000+00:00,20.509,36.737,20.952,198.0,191.0,False,78.198,"[None, 2048, 2048, 2048, 2048, 2048]","[2048, 2048, 2048, 2048, 2048, 2048, 2048, 2048, 2048, 2048]","[2048, 2048, 2048, 2048, 2048, 2048]",269.0
1286,11299,5,20,2026-06-07T13:29:34.604000+00:00,20.502,36.84,20.987,196.0,184.0,False,78.329,"[None, 2048, 2048, 2049, 2048, 2048]","[2048, 2048, 2048, 2048, 2048, 2048, 2048, 2048, 2049, 2049]","[2048, 2048, 2048, 2048, 2048, 2048]",271.0
1286,11299,10,21,2026-06-07T13:29:37.699000+00:00,20.553,36.755,21.078,,184.0,False,78.386,"[None, 2048, 2049, 2048, 2048, 2048]","[2048, 2048, 2048, 2048, 2048, 2048, 2048, 2048, 2048, 2048]","[2048, 2048, 2048, 2048, 2048, 2048]",272.0
1286,11299,1,21,2026-06-07T13:29:38.284000+00:00,20.635,36.935,21.496,187.0,186.0,False,79.066,"[None, 2048, 2049, 2048, 2048, 2048]","[2048, 2049, 2048, 2048, 2048, 2048, 2048, 2048, 2048, 2048]","[2048, 2048, 2048, 2048, 2048, 2048]",279.0
1286,11299,87,20,2026-06-07T13:29:39.746000+00:00,20.803,36.816,21.15,198.0,184.0,False,78.769,"[2049, 2049, 2048, 2048, 2048, 2049]","[2049, 2048, 2048, 2049, 2048, 2048, 2048, 2048, 2048, 2049]","[2048, 2048, 2048, 2048, 2048, 2048]",271.0
1286,11299,30,21,2026-06-07T13:29:45.046000+00:00,20.879,37.02,21.063,190.0,186.0,False,78.962,"[None, 2048, 2048, 2048, 2048, 2048]","[2048, 2048, 2048, 2048, 2048, 2048, 2048, 2048, 2048, 2048]","[2048, 2048, 2048, 2048, 2048, 2048]",269.0
1286,11299,23,21,2026-06-07T13:29:46.470000+00:00,20.943,36.965,21.206,200.0,182.0,False,79.114,"[None, 2048, 2048, 2048, 2048, 2048]","[2048, 2048, 2048, 2048, 2048, 2048, 2048, 2048, 2048, 2048]","[2048, 2048, 2048, 2048, 2048, 2048]",271.0
1286,11299,55,21,2026-06-07T13:29:49.995000+00:00,20.752,36.982,21.202,194.0,181.0,False,78.936,"[2049, 2048, 2048, 2048, 2048, 2048]","[2048, 2048, 2048, 2048, 2048, 2048, 2048, 2048, 2048, 2048]","[2048, 2048, 2048, 2048, 2048, 2048]",271.0
1286,11299,43,21,2026-06-07T13:29:52.760000+00:00,20.581,37.154,20.973,193.0,182.0,False,78.708,"[None, 2048, 2048, 2048, 2048, 2048]","[2048, 2048, 2048, 2048, 2048, 2048, 2048, 2048, 2048, 2048]","[2048, 2048, 2048, 2048, 2048, 2048]",272.0
1286,11299,41,21,2026-06-07T13:29:54.792000+00:00,20.682,36.977,20.799,200.0,186.0,False,78.458,"[None, 2048, 2048, 2048, 2048, 2048]","[2048, 2048, 2048, 2048, 2048, 2048, 2048, 2048, 2048, 2048]","[2049, 2048, 2048, 2048, 2048, 2048]",270.0
1286,11299,27,21,2026-06-07T13:29:57.510000+00:00,20.261,36.726,21.056,207.0,188.0,False,78.043,"[2048, 2048, 2048, 2048, 2048, 2048]","[2048, 2048, 2048, 2048, 2048, 2048, 2048, 2048, 2048, 2048]","[2048, 2048, 2048, 2048, 2048, 2048]",272.0
1286,11299,31,21,2026-06-07T13:30:05.135000+00:00,20.582,36.624,20.762,190.0,187.0,False,77.968,"[2048, 2048, 2048, 2049, 2048, 2048]","[2048, 2048, 2048, 2048, 2048, 2048, 2048, 2048, 2048, 2048]","[2048, 2048, 2048, 2048, 2048, 2048]",271.0
1286,11299,12,22,2026-06-07T13:30:13.276000+00:00,20.058,36.024,20.287,201.0,192.0,False,76.369,"[None, 2048, 2049, 2048, 2048, 2048]","[2048, 2048, 2048, 2048, 2048, 2048, 2049, 2048, 2048, 2048]","[2048, 2048, 2048, 2048, 2048, 2048]",270.0
1286,11299,44,22,2026-06-07T13:30:19.089000+00:00,20.528,36.195,20.526,196.0,189.0,False,77.249,"[None, 2048, 2048, 2048, 2048, 2048]","[2048, 2051, 2048, 2048, 2048, 2048, 2048, 2048, 2048, 2048]","[2048, 2048, 2048, 2048, 2048, 2048]",259.0
1286,11299,16,22,2026-06-07T13:30:25.245000+00:00,20.252,36.199,20.52,200.0,189.0,False,76.971,"[2048, 2048, 2048, 2048, 2048, 2048]","[2048, 2048, 2048, 2048, 2048, 2048, 2048, 2048, 2048, 2048]","[2048, 2048, 2048, 2048, 2048, 2048]",263.0
1286,11299,14,21,2026-06-07T13:30:30.948000+00:00,20.762,37.361,21.123,198.0,182.0,False,79.246,"[None, 2049, 2048, 2048, 2048, 2048]","[2048, 2048, 2048, 2048, 2048, 2048, 2048, 2048, 2048, 2048]","[2048, 2048, 2048, 2048, 2049, 2048]",265.0
1286,11299,18,21,2026-06-07T13:30:34.386000+00:00,20.784,37.456,21.093,195.0,183.0,False,79.333,"[None, 2048, 2048, 2048, 2048, 2049]","[2048, 2048, 2048, 2048, 2048, 2048, 2048, 2048, 2048, 2048]","[2049, 2048, 2048, 2048, 2048, 2048]",265.0
1286,11299,11,21,2026-06-07T13:30:35.558000+00:00,20.88,37.14,21.071,186.0,184.0,False,79.091,"[None, 2048, 2048, 2048, 2048, 2048]","[2048, 2048, 2048, 2048, 2048, 2048, 2048, 2048, 2048, 2048]","[2048, 2048, 2048, 2048, 2048, 2049]",260.0
1286,11299,6,22,2026-06-07T13:30:41.667000+00:00,20.671,37.687,21.063,194.0,182.0,False,79.421,"[None, 2048, 2048, 2048, 2048, 2048]","[2048, 2048, 2048, 2048, 2048, 2048, 2048, 2048, 2048, 2048]","[2048, 2048, 2048, 2048, 2048, 2048]",260.0
1286,11299,63,22,2026-06-07T13:30:42.308000+00:00,20.591,37.475,21.294,194.0,178.0,False,79.36,"[None, 2048, 2048, 2048, 2048, 2048]","[2048, 2048, 2048, 2048, 2048, 2048, 2048, 2048, 2048, 2048]","[2048, 2048, 2048, 2048, 2048, 2048]",271.0
1286,11299,81,22,2026-06-07T13:30:49.448000+00:00,20.536,36.792,20.902,195.0,191.0,False,78.23,"[None, 2048, 2048, 2048, 2048, 2048]","[2048, 2048, 2048, 2048, 2048, 2048, 2048, 2048, 2048, 2048]","[2048, 2048, 2048, 2048, 2048, 2048]",269.0
1286,11299,5,21,2026-06-07T13:30:52.823000+00:00,20.467,36.884,21.118,198.0,185.0,False,78.469,"[2049, 2048, 2048, 2048, 2048, 2048]","[2048, 2048, 2048, 2048, 2048, 2048, 2048, 2048, 2049, 2048]","[2048, 2048, 2048, 2048, 2048, 2048]",269.0
1286,11299,10,22,2026-06-07T13:30:56.089000+00:00,20.492,36.986,20.997,,183.0,False,78.475,"[2049, 2048, 2049, 2048, 2048, 2048]","[2048, 2048, 2048, 2048, 2048, 2048, 2048, 2048, 2048, 2048]","[2048, 2048, 2048, 2048, 2048, 2048]",272.0
1286,11299,1,22,2026-06-07T13:30:57.401000+00:00,20.317,36.612,20.996,196.0,189.0,False,77.925,"[2049, 2049, 2049, 2049, 2049, 2048]","[2049, 2048, 2048, 2048, 2048, 2048, 2048, 2048, 2048, 2048]","[2048, 2048, 2048, 2048, 2048, 2048]",279.0
1286,11299,87,21,2026-06-07T13:30:58.523000+00:00,20.772,36.793,20.975,196.0,186.0,False,78.54,"[None, 2048, 2048, 2048, 2048, 2049]","[2048, 2048, 2048, 2048, 2048, 2048, 2049, 2048, 2049, 2049]","[2048, 2048, 2048, 2048, 2048, 2048]",271.0
1286,11299,30,22,2026-06-07T13:31:04.072000+00:00,20.817,37.134,21.096,194.0,185.0,False,79.047,"[None, 2048, 2048, 2048, 2048, 2048]","[2048, 2048, 2048, 2048, 2048, 2048, 2048, 2048, 2048, 2048]","[2048, 2048, 2048, 2048, 2048, 2048]",270.0
1286,11299,23,22,2026-06-07T13:31:05.664000+00:00,20.795,37.623,21.132,199.0,179.0,False,79.55,"[None, 2048, 2049, 2049, 2048, 2048]","[2048, 2048, 2048, 2048, 2048, 2048, 2048, 2048, 2048, 2048]","[2048, 2048, 2048, 2048, 2048, 2048]",267.0
1286,11299,55,22,2026-06-07T13:31:08.891000+00:00,20.755,37.192,21.183,196.0,182.0,False,79.13,"[2048, 2048, 2048, 2048, 2048, 2048]","[2048, 2048, 2048, 2048, 2048, 2048, 2048, 2048, 2048, 2048]","[2048, 2048, 2048, 2048, 2048, 2048]",271.0
1286,11299,43,22,2026-06-07T13:31:11.592000+00:00,20.568,37.227,20.989,195.0,185.0,False,78.784,"[None, 2048, 2048, 2049, 2048, 2049]","[2048, 2048, 2048, 2048, 2048, 2048, 2048, 2048, 2048, 2048]","[2048, 2048, 2048, 2048, 2048, 2048]",272.0
1286,11299,41,22,2026-06-07T13:31:13.264000+00:00,20.703,37.026,20.954,199.0,184.0,False,78.683,"[None, 2048, 2048, 2048, 2048, 2049]","[2048, 2048, 2048, 2048, 2048, 2048, 2049, 2048, 2048, 2048]","[2048, 2048, 2048, 2048, 2048, 2048]",271.0
1286,11299,27,22,2026-06-07T13:31:15.533000+00:00,20.61,36.706,20.808,202.0,187.0,False,78.124,"[None, 2048, 2048, 2048, 2048, 2048]","[2048, 2048, 2048, 2048, 2048, 2048, 2048, 2048, 2048, 2048]","[2048, 2048, 2048, 2048, 2048, 2048]",272.0
1286,11299,31,22,2026-06-07T13:31:23.152000+00:00,20.717,36.763,20.891,188.0,185.0,False,78.371,"[None, 2048, 2048, 2048, 2048, 2048]","[2048, 2048, 2048, 2048, 2048, 2048, 2048, 2048, 2048, 2048]","[2048, 2048, 2048, 2048, 2048, 2048]",270.0
1286,11299,12,23,2026-06-07T13:31:29.694000+00:00,20.104,35.997,20.437,204.0,190.0,False,76.538,"[None, 2048, 2049, 2048, 2048, 2048]","[2048, 2048, 2048, 2048, 2048, 2048, 2051, 2048, 2048, 2048]","[2048, 2048, 2048, 2048, 2048, 2048]",270.0
1286,11299,44,23,2026-06-07T13:31:36.236000+00:00,20.553,36.218,20.609,199.0,187.0,False,77.38,"[None, 2048, 2048, 2048, 2049, 2048]","[2048, 2048, 2048, 2048, 2048, 2048, 2048, 2048, 2048, 2048]","[2048, 2048, 2048, 2048, 2048, 2048]",257.0
1286,11299,16,23,2026-06-07T13:31:42.205000+00:00,20.195,36.961,20.728,203.0,185.0,False,77.884,"[2049, 2049, 2048, 2048, 2048, 2048]","[2048, 2048, 2048, 2048, 2048, 2048, 2049, 2048, 2048, 2048]","[2048, 2048, 2048, 2048, 2048, 2048]",265.0
1286,11299,14,22,2026-06-07T13:31:50.174000+00:00,20.816,37.288,21.065,199.0,182.0,False,79.169,"[None, 2048, 2048, 2048, 2048, 2048]","[2048, 2048, 2048, 2049, 2048, 2048, 2048, 2048, 2048, 2048]","[2048, 2048, 2048, 2048, 2048, 2048]",265.0
1286,11299,18,22,2026-06-07T13:31:53.734000+00:00,20.865,37.217,21.314,196.0,183.0,False,79.396,"[None, 2048, 2048, 2048, 2048, 2048]","[2048, 2048, 2048, 2048, 2048, 2048, 2048, 2048, 2048, 2048]","[2048, 2048, 2048, 2048, 2048, 2048]",265.0
1286,11299,11,22,2026-06-07T13:31:54.677000+00:00,22.077,37.413,21.069,189.0,182.0,False,80.559,"[None, 2048, 2048, 2048, 2048, 2048]","[2048, 2048, 2048, 2048, 2048, 2048, 2048, 2048, 2048, 2048]","[2048, 2048, 2048, 2048, 2048, 2048]",254.0
1286,11299,6,23,2026-06-07T13:32:01.071000+00:00,20.592,37.49,21.105,192.0,182.0,False,79.187,"[None, 2048, 2048, 2048, 2048, 2048]","[2048, 2048, 2048, 2048, 2048, 2048, 2048, 2048, 2048, 2048]","[2048, 2048, 2048, 2048, 2048, 2048]",265.0
1286,11299,63,23,2026-06-07T13:32:01.688000+00:00,20.775,37.086,21.189,189.0,180.0,False,79.05,"[None, 2048, 2048, 2048, 2048, 2048]","[2048, 2048, 2048, 2048, 2048, 2048, 2048, 2048, 2048, 2048]","[2048, 2048, 2048, 2048, 2048, 2048]",279.0
1286,11299,81,23,2026-06-07T13:32:07.636000+00:00,20.62,36.852,20.916,192.0,190.0,False,78.388,"[None, 2048, 2048, 2048, 2048, 2048]","[2048, 2048, 2048, 2048, 2048, 2048, 2048, 2048, 2048, 2048]","[2048, 2048, 2048, 2048, 2049, 2048]",270.0
1286,11299,5,22,2026-06-07T13:32:11.386000+00:00,20.485,36.761,20.831,199.0,187.0,False,78.077,"[2048, 2048, 2048, 2048, 2048, 2049]","[2048, 2048, 2048, 2048, 2048, 2048, 2048, 2048, 2048, 2048]","[2048, 2049, 2048, 2048, 2048, 2048]",271.0
1286,11299,10,23,2026-06-07T13:32:14.496000+00:00,20.566,36.842,21.053,197.0,188.0,False,78.461,"[2048, 2048, 2048, 2048, 2048, 2048]","[2048, 2048, 2048, 2048, 2048, 2048, 2048, 2048, 2048, 2048]","[2048, 2048, 2048, 2048, 2048, 2048]",272.0
1286,11299,1,23,2026-06-07T13:32:15.152000+00:00,20.647,36.713,20.889,195.0,191.0,False,78.249,"[2048, 2048, 2048, 2048, 2048, 2048]","[2048, 2048, 2048, 2048, 2048, 2048, 2048, 2048, 2048, 2048]","[2048, 2048, 2048, 2048, 2048, 2049]",279.0
1286,11299,87,22,2026-06-07T13:32:17.058000+00:00,20.698,36.734,21.043,201.0,187.0,False,78.475,"[None, 2048, 2048, 2048, 2049, 2049]","[2048, 2048, 2048, 2048, 2048, 2048, 2049, 2048, 2048, 2049]","[2048, 2048, 2048, 2048, 2048, 2048]",271.0
1286,11299,30,23,2026-06-07T13:32:23.105000+00:00,20.86,37.097,21.069,192.0,187.0,False,79.026,"[None, 2048, 2048, 2048, 2048, 2048]","[2048, 2048, 2048, 2048, 2048, 2048, 2049, 2048, 2048, 2048]","[2048, 2048, 2048, 2048, 2048, 2048]",270.0
1286,11299,23,23,2026-06-07T13:32:25.121000+00:00,20.807,37.235,21.078,198.0,178.0,False,79.12,"[None, 2048, 2048, 2048, 2048, 2048]","[2048, 2048, 2048, 2048, 2048, 2048, 2048, 2048, 2048, 2048]","[2048, 2048, 2048, 2048, 2048, 2048]",269.0
1286,11299,55,23,2026-06-07T13:32:27.996000+00:00,20.968,37.254,21.138,185.0,180.0,False,79.36,"[None, 2048, 2048, 2048, 2048, 2048]","[2048, 2048, 2048, 2048, 2048, 2048, 2048, 2048, 2048, 2048]","[2048, 2048, 2048, 2048, 2048, 2048]",269.0
1286,11299,43,23,2026-06-07T13:32:30.293000+00:00,20.762,37.462,20.903,184.0,186.0,False,79.127,"[None, 2048, 2048, 2048, 2048, 2048]","[2048, 2048, 2048, 2048, 2048, 2048, 2048, 2048, 2048, 2048]","[2049, 2048, 2048, 2048, 2049, 2048]",271.0
1286,11299,41,23,2026-06-07T13:32:31.918000+00:00,20.686,37.081,20.974,201.0,184.0,False,78.741,"[None, 2048, 2048, 2048, 2048, 2048]","[2048, 2048, 2048, 2048, 2048, 2048, 2048, 2048, 2049, 2048]","[2048, 2048, 2048, 2048, 2048, 2048]",272.0
1286,11299,27,23,2026-06-07T13:32:33.621000+00:00,20.507,36.861,21.031,,184.0,False,78.399,"[None, 2048, 2048, 2048, 2048, 2048]","[2048, 2048, 2048, 2048, 2048, 2048, 2048, 2048, 2048, 2048]","[2048, 2048, 2048, 2048, 2048, 2048]",273.0
1286,11299,31,23,2026-06-07T13:32:41.402000+00:00,20.45,36.62,20.812,195.0,187.0,False,77.882,"[2049, 2048, 2048, 2048, 2048, 2048]","[2048, 2048, 2048, 2048, 2048, 2048, 2048, 2048, 2048, 2048]","[2048, 2048, 2048, 2048, 2048, 2048]",271.0
1286,11299,12,24,2026-06-07T13:32:46.261000+00:00,20.102,36.033,20.534,206.0,189.0,False,76.669,"[None, 2048, 2048, 2048, 2048, 2049]","[2048, 2048, 2048, 2048, 2048, 2049, 2048, 2048, 2048, 2048]","[2048, 2048, 2048, 2048, 2048, 2048]",272.0
1286,11299,44,24,2026-06-07T13:32:53.683000+00:00,20.793,36.38,20.61,191.0,186.0,False,77.783,"[None, 2048, 2048, 2048, 2048, 2048]","[2048, 2048, 2048, 2048, 2048, 2048, 2048, 2048, 2048, 2048]","[2048, 2048, 2048, 2048, 2048, 2048]",262.0
1286,11299,16,24,2026-06-07T13:33:00.121000+00:00,20.243,36.226,20.486,208.0,189.0,False,76.955,"[2048, 2048, 2048, 2048, 2048, 2049]","[2048, 2048, 2048, 2048, 2048, 2048, 2048, 2048, 2048, 2048]","[2048, 2048, 2048, 2048, 2048, 2048]",265.0
1286,11299,14,23,2026-06-07T13:33:09.371000+00:00,20.785,37.204,21.168,195.0,183.0,False,79.157,"[None, 2048, 2048, 2048, 2048, 2048]","[2048, 2048, 2048, 2048, 2048, 2048, 2048, 2048, 2048, 2048]","[2048, 2048, 2049, 2048, 2048, 2048]",265.0
1286,11299,18,23,2026-06-07T13:33:13.105000+00:00,21.087,37.302,21.082,197.0,183.0,False,79.471,"[None, 2048, 2048, 2048, 2048, 2048]","[2048, 2048, 2048, 2048, 2048, 2048, 2048, 2048, 2048, 2048]","[2048, 2049, 2048, 2048, 2048, 2048]",265.0
1286,11299,11,23,2026-06-07T13:33:15.137000+00:00,21.019,37.377,21.104,187.0,182.0,False,79.5,"[None, 2048, 2048, 2048, 2048, 2048]","[2048, 2048, 2048, 2048, 2048, 2048, 2048, 2048, 2048, 2048]","[2048, 2048, 2048, 2048, 2048, 2048]",256.0
1286,11299,6,24,2026-06-07T13:33:20.387000+00:00,20.653,37.152,21.101,195.0,182.0,False,78.906,"[None, 2048, 2048, 2048, 2048, 2048]","[2048, 2048, 2048, 2048, 2048, 2048, 2048, 2048, 2048, 2048]","[2048, 2048, 2048, 2048, 2048, 2048]",264.0
1286,11299,63,24,2026-06-07T13:33:20.777000+00:00,20.81,36.951,21.134,184.0,182.0,False,78.895,"[None, 2048, 2048, 2048, 2048, 2048]","[2048, 2048, 2048, 2048, 2048, 2049, 2048, 2048, 2048, 2048]","[2048, 2048, 2048, 2048, 2048, 2048]",280.0
1286,11299,81,24,2026-06-07T13:33:25.986000+00:00,20.487,36.698,20.903,194.0,191.0,False,78.088,"[None, 2048, 2048, 2048, 2048, 2048]","[2048, 2048, 2048, 2048, 2048, 2048, 2048, 2048, 2048, 2048]","[2048, 2048, 2048, 2048, 2048, 2048]",270.0
1286,11299,5,23,2026-06-07T13:33:29.432000+00:00,20.503,36.675,20.864,197.0,185.0,False,78.042,"[2049, 2048, 2048, 2049, 2048, 2048]","[2048, 2048, 2048, 2048, 2048, 2048, 2048, 2048, 2048, 2049]","[2048, 2049, 2048, 2048, 2048, 2048]",271.0
1286,11299,10,24,2026-06-07T13:33:32.996000+00:00,20.686,36.907,20.927,194.0,186.0,False,78.52,"[None, 2048, 2048, 2048, 2048, 2048]","[2048, 2048, 2048, 2048, 2048, 2048, 2048, 2048, 2048, 2048]","[2048, 2048, 2048, 2048, 2048, 2048]",271.0
1286,11299,1,24,2026-06-07T13:33:33.460000+00:00,20.743,36.994,20.939,194.0,188.0,False,78.676,"[None, 2048, 2048, 2048, 2048, 2048]","[2048, 2048, 2048, 2048, 2048, 2049, 2048, 2048, 2048, 2048]","[2048, 2048, 2048, 2048, 2048, 2048]",280.0
1286,11299,87,23,2026-06-07T13:33:35.496000+00:00,20.733,36.992,20.94,199.0,187.0,False,78.665,"[2048, 2048, 2048, 2048, 2049, 2048]","[2048, 2048, 2048, 2048, 2048, 2048, 2049, 2048, 2048, 2049]","[2048, 2048, 2048, 2048, 2048, 2048]",271.0
1286,11299,30,24,2026-06-07T13:33:42.123000+00:00,20.845,37.067,21.014,193.0,185.0,False,78.926,"[None, 2048, 2048, 2048, 2048, 2048]","[2048, 2048, 2048, 2048, 2048, 2048, 2048, 2048, 2048, 2048]","[2048, 2048, 2048, 2048, 2048, 2048]",270.0
1286,11299,23,24,2026-06-07T13:33:44.279000+00:00,20.856,37.194,21.081,200.0,182.0,False,79.131,"[None, 2048, 2048, 2048, 2048, 2048]","[2048, 2048, 2048, 2048, 2048, 2048, 2048, 2048, 2048, 2048]","[2048, 2048, 2048, 2048, 2048, 2048]",267.0
1286,11299,55,24,2026-06-07T13:33:47.467000+00:00,20.887,37.16,21.164,190.0,183.0,False,79.211,"[None, 2048, 2048, 2048, 2048, 2048]","[2048, 2048, 2048, 2048, 2048, 2048, 2048, 2048, 2048, 2048]","[2048, 2048, 2048, 2048, 2048, 2048]",270.0
1286,11299,43,24,2026-06-07T13:33:49.388000+00:00,20.719,37.123,21.245,187.0,184.0,False,79.087,"[None, 2048, 2048, 2048, 2048, 2048]","[2048, 2048, 2048, 2048, 2048, 2048, 2048, 2048, 2048, 2048]","[2048, 2048, 2048, 2048, 2048, 2048]",273.0
1286,11299,41,24,2026-06-07T13:33:50.591000+00:00,20.802,37.118,21.092,196.0,186.0,False,79.012,"[None, 2048, 2048, 2048, 2048, 2048]","[2048, 2048, 2048, 2048, 2048, 2048, 2048, 2049, 2048, 2048]","[2048, 2048, 2048, 2048, 2048, 2048]",271.0
1286,11299,27,24,2026-06-07T13:33:52.123000+00:00,20.521,37.076,21.229,200.0,185.0,False,78.826,"[None, 2048, 2048, 2048, 2048, 2048]","[2048, 2048, 2048, 2048, 2048, 2048, 2048, 2048, 2048, 2048]","[2048, 2048, 2048, 2048, 2048, 2048]",273.0
1286,11299,31,24,2026-06-07T13:33:59.342000+00:00,20.599,36.64,20.76,188.0,190.0,False,77.999,"[2048, 2048, 2048, 2048, 2048, 2048]","[2048, 2048, 2048, 2048, 2048, 2048, 2048, 2048, 2048, 2048]","[2048, 2048, 2048, 2048, 2048, 2048]",271.0
1286,11299,12,25,2026-06-07T13:34:02.904000+00:00,20.209,36.186,20.493,198.0,187.0,False,76.888,"[None, 2048, 2049, 2048, 2048, 2048]","[2048, 2048, 2048, 2048, 2048, 2048, 2048, 2048, 2048, 2048]","[2048, 2048, 2048, 2048, 2048, 2049]",272.0
1286,11299,44,25,2026-06-07T13:34:11.420000+00:00,20.545,36.556,20.633,197.0,186.0,False,77.734,"[2049, 2048, 2048, 2048, 2048, 2048]","[2048, 2048, 2048, 2048, 2048, 2048, 2048, 2048, 2048, 2048]","[2048, 2048, 2048, 2048, 2048, 2048]",257.0
1286,11299,16,25,2026-06-07T13:34:17.092000+00:00,20.291,36.264,20.428,202.0,192.0,False,76.983,"[None, 2048, 2048, 2048, 2048, 2048]","[2048, 2048, 2048, 2048, 2048, 2048, 2048, 2048, 2048, 2048]","[2048, 2048, 2049, 2048, 2048, 2048]",262.0
1286,11299,14,24,2026-06-07T13:34:28.529000+00:00,20.71,37.302,21.06,,184.0,False,79.072,"[None, 2048, 2048, 2049, 2048, 2048]","[2048, 2048, 2048, 2048, 2048, 2048, 2048, 2048, 2048, 2048]","[2049, 2048, 2048, 2048, 2049, 2048]",265.0
1286,11299,18,24,2026-06-07T13:34:32.592000+00:00,20.843,37.152,21.051,,182.0,False,79.046,"[None, 2048, 2048, 2048, 2048, 2048]","[2048, 2048, 2048, 2048, 2048, 2048, 2048, 2048, 2048, 2048]","[2048, 2049, 2048, 2048, 2049, 2048]",265.0
1286,11299,11,24,2026-06-07T13:34:34.748000+00:00,21.064,37.229,21.032,189.0,183.0,False,79.325,"[2049, 2048, 2048, 2048, 2048, 2048]","[2048, 2048, 2048, 2048, 2048, 2048, 2048, 2048, 2048, 2048]","[2048, 2048, 2048, 2048, 2048, 2048]",254.0
1286,11299,6,25,2026-06-07T13:34:39.170000+00:00,20.622,37.773,21.023,,182.0,False,79.418,"[None, 2048, 2048, 2048, 2048, 2048]","[2048, 2048, 2048, 2048, 2048, 2048, 2048, 2048, 2048, 2048]","[2048, 2048, 2048, 2048, 2048, 2048]",262.0
1286,11299,63,25,2026-06-07T13:34:39.701000+00:00,20.671,37.627,21.235,,176.0,False,79.533,"[None, 2048, 2048, 2048, 2048, 2048]","[2048, 2048, 2048, 2048, 2048, 2048, 2048, 2048, 2048, 2048]","[2048, 2048, 2048, 2048, 2048, 2048]",280.0
1286,11299,81,25,2026-06-07T13:34:44.076000+00:00,20.517,36.816,20.957,191.0,190.0,False,78.29,"[None, 2048, 2048, 2048, 2048, 2048]","[2048, 2048, 2048, 2048, 2048, 2048, 2048, 2048, 2048, 2048]","[2048, 2048, 2048, 2048, 2048, 2048]",270.0
1286,11299,5,24,2026-06-07T13:34:47.436000+00:00,20.436,36.739,20.896,199.0,184.0,False,78.071,"[None, 2048, 2048, 2048, 2048, 2048]","[2049, 2048, 2048, 2049, 2048, 2048, 2048, 2048, 2048, 2048]","[2048, 2048, 2048, 2048, 2048, 2048]",271.0
1286,11299,10,25,2026-06-07T13:34:51.561000+00:00,20.533,36.907,20.946,197.0,186.0,False,78.386,"[None, 2048, 2048, 2048, 2048, 2048]","[2048, 2048, 2048, 2048, 2048, 2048, 2048, 2048, 2048, 2048]","[2048, 2048, 2048, 2048, 2048, 2048]",271.0
1286,11299,1,25,2026-06-07T13:34:52.092000+00:00,20.78,36.744,20.792,191.0,192.0,False,78.316,"[None, 2048, 2048, 2048, 2048, 2048]","[2048, 2048, 2048, 2048, 2048, 2048, 2048, 2048, 2048, 2048]","[2049, 2048, 2048, 2048, 2048, 2049]",279.0
1286,11299,87,24,2026-06-07T13:34:54.092000+00:00,20.767,37.212,21.158,197.0,184.0,False,79.137,"[None, 2048, 2048, 2048, 2049, 2048]","[2048, 2048, 2048, 2048, 2048, 2048, 2049, 2048, 2048, 2049]","[2048, 2048, 2048, 2048, 2048, 2048]",271.0
1286,11299,30,25,2026-06-07T13:35:01.073000+00:00,20.804,37.112,20.964,189.0,184.0,False,78.88,"[None, 2048, 2048, 2048, 2048, 2048]","[2048, 2048, 2048, 2048, 2048, 2048, 2048, 2048, 2048, 2048]","[2048, 2049, 2048, 2048, 2048, 2048]",270.0
1286,11299,23,25,2026-06-07T13:35:03.402000+00:00,20.872,37.249,21.012,199.0,183.0,False,79.133,"[None, 2048, 2048, 2048, 2048, 2048]","[2048, 2048, 2048, 2048, 2048, 2048, 2048, 2048, 2048, 2048]","[2049, 2049, 2048, 2048, 2048, 2048]",268.0
1286,11299,55,25,2026-06-07T13:35:06.672000+00:00,21.026,37.245,21.144,,180.0,False,79.415,"[None, 2048, 2048, 2048, 2048, 2048]","[2048, 2048, 2048, 2048, 2048, 2048, 2048, 2048, 2048, 2048]","[2048, 2048, 2048, 2048, 2048, 2048]",271.0
1286,11299,43,25,2026-06-07T13:35:08.531000+00:00,20.702,37.342,21.094,189.0,184.0,False,79.138,"[None, 2048, 2048, 2048, 2048, 2048]","[2048, 2048, 2048, 2048, 2048, 2048, 2048, 2048, 2048, 2048]","[2048, 2048, 2048, 2048, 2048, 2048]",272.0
1286,11299,41,25,2026-06-07T13:35:09.656000+00:00,20.907,37.234,21.011,,183.0,False,79.152,"[None, 2048, 2048, 2048, 2048, 2048]","[2048, 2048, 2048, 2048, 2048, 2048, 2048, 2048, 2048, 2048]","[2048, 2048, 2048, 2048, 2048, 2048]",271.0
1286,11299,27,25,2026-06-07T13:35:10.953000+00:00,20.649,37.18,21.361,199.0,180.0,False,79.19,"[None, 2048, 2048, 2048, 2048, 2048]","[2048, 2048, 2048, 2048, 2048, 2048, 2048, 2048, 2048, 2048]","[2048, 2048, 2048, 2048, 2048, 2048]",273.0
1286,11299,31,25,2026-06-07T13:35:17.375000+00:00,20.44,36.738,20.876,194.0,186.0,False,78.054,"[None, 2048, 2048, 2048, 2048, 2049]","[2048, 2048, 2048, 2048, 2048, 2048, 2048, 2048, 2048, 2048]","[2048, 2048, 2048, 2048, 2048, 2048]",271.0
1286,11299,12,26,2026-06-07T13:35:19.718000+00:00,20.234,36.206,20.524,197.0,190.0,False,76.964,"[None, 2048, 2049, 2048, 2048, 2048]","[2048, 2048, 2048, 2048, 2048, 2049, 2048, 2048, 2048, 2048]","[2048, 2048, 2048, 2048, 2048, 2049]",273.0
1286,11299,44,26,2026-06-07T13:35:29.250000+00:00,20.827,36.495,20.666,195.0,186.0,False,77.988,"[2048, 2048, 2048, 2048, 2048, 2048]","[2048, 2048, 2048, 2048, 2048, 2048, 2048, 2048, 2048, 2048]","[2048, 2048, 2048, 2048, 2048, 2048]",257.0
1286,11299,16,26,2026-06-07T13:35:34.015000+00:00,20.252,36.372,20.397,203.0,190.0,False,77.021,"[None, 2048, 2048, 2048, 2048, 2049]","[2048, 2048, 2048, 2048, 2048, 2048, 2048, 2048, 2048, 2048]","[2048, 2048, 2049, 2048, 2048, 2048]",266.0
1286,11299,14,25,2026-06-07T13:35:47.641000+00:00,20.701,37.225,21.091,196.0,182.0,False,79.017,"[None, 2048, 2048, 2048, 2049, 2048]","[2048, 2048, 2048, 2048, 2048, 2048, 2048, 2048, 2048, 2048]","[2048, 2048, 2048, 2048, 2048, 2048]",265.0
1286,11299,18,25,2026-06-07T13:35:51.681000+00:00,20.706,37.154,21.013,200.0,182.0,False,78.873,"[2049, 2049, 2048, 2048, 2048, 2049]","[2048, 2048, 2048, 2048, 2048, 2048, 2049, 2048, 2048, 2048]","[2048, 2048, 2048, 2048, 2048, 2048]",265.0
1286,11299,11,25,2026-06-07T13:35:53.994000+00:00,21.01,37.417,21.111,191.0,182.0,False,79.538,"[2048, 2048, 2048, 2048, 2048, 2048]","[2048, 2048, 2048, 2048, 2048, 2048, 2048, 2048, 2048, 2048]","[2048, 2048, 2048, 2048, 2048, 2048]",253.0
1286,11299,6,26,2026-06-07T13:35:58.625000+00:00,20.576,37.297,20.987,196.0,184.0,False,78.86,"[None, 2048, 2048, 2048, 2048, 2048]","[2048, 2048, 2048, 2048, 2048, 2048, 2048, 2048, 2048, 2048]","[2048, 2048, 2048, 2048, 2048, 2048]",265.0
1286,11299,63,26,2026-06-07T13:35:59.149000+00:00,20.651,37.072,21.071,193.0,177.0,False,78.794,"[None, 2048, 2048, 2048, 2048, 2048]","[2048, 2048, 2048, 2048, 2048, 2049, 2048, 2048, 2048, 2048]","[2048, 2048, 2048, 2048, 2048, 2048]",281.0
1286,11299,81,26,2026-06-07T13:36:02.468000+00:00,20.664,37.116,20.882,194.0,191.0,False,78.662,"[None, 2048, 2048, 2048, 2048, 2048]","[2048, 2048, 2048, 2048, 2048, 2048, 2048, 2048, 2048, 2048]","[2048, 2048, 2048, 2048, 2048, 2048]",270.0
1286,11299,5,25,2026-06-07T13:36:05.541000+00:00,20.567,36.993,20.864,197.0,186.0,False,78.424,"[2048, 2048, 2048, 2048, 2048, 2048]","[2048, 2048, 2048, 2048, 2048, 2048, 2048, 2048, 2048, 2048]","[2048, 2048, 2048, 2048, 2049, 2048]",261.0
1286,11299,10,26,2026-06-07T13:36:09.872000+00:00,20.625,36.904,20.932,195.0,187.0,False,78.461,"[None, 2049, 2048, 2048, 2048, 2048]","[2048, 2048, 2048, 2048, 2048, 2048, 2048, 2048, 2048, 2048]","[2049, 2048, 2048, 2048, 2048, 2048]",272.0
1286,11299,1,26,2026-06-07T13:36:10.440000+00:00,20.6,36.848,21.03,,191.0,False,78.478,"[None, 2048, 2048, 2048, 2048, 2048]","[2048, 2048, 2048, 2048, 2048, 2048, 2048, 2048, 2048, 2048]","[2048, 2048, 2048, 2048, 2048, 2048]",280.0
1286,11299,87,25,2026-06-07T13:36:13.257000+00:00,20.809,36.585,21.289,196.0,178.0,False,78.683,"[None, 2048, 2048, 2049, 2049, 2048]","[2048, 2048, 2049, 2048, 2048, 2048, 2049, 2049, 2048, 2048]","[2048, 2048, 2048, 2048, 2048, 2048]",271.0
1286,11299,30,26,2026-06-07T13:36:19.878000+00:00,20.972,37.051,21.039,193.0,185.0,False,79.062,"[None, 2048, 2048, 2048, 2048, 2048]","[2048, 2048, 2048, 2048, 2048, 2048, 2049, 2048, 2048, 2048]","[2048, 2048, 2048, 2048, 2048, 2048]",270.0
1286,11299,23,26,2026-06-07T13:36:22.547000+00:00,20.82,37.442,21.057,,181.0,False,79.319,"[None, 2048, 2048, 2048, 2048, 2048]","[2048, 2048, 2048, 2048, 2048, 2048, 2048, 2048, 2048, 2048]","[2048, 2048, 2048, 2048, 2048, 2048]",267.0
1286,11299,55,26,2026-06-07T13:36:26.033000+00:00,20.806,37.07,21.092,191.0,180.0,False,78.968,"[None, 2048, 2048, 2048, 2048, 2048]","[2048, 2048, 2048, 2048, 2048, 2048, 2048, 2048, 2048, 2048]","[2048, 2048, 2048, 2048, 2048, 2049]",271.0
1286,11299,43,26,2026-06-07T13:36:27.733000+00:00,20.783,37.306,21.032,185.0,185.0,False,79.121,"[None, 2048, 2048, 2048, 2048, 2048]","[2048, 2048, 2048, 2048, 2048, 2048, 2048, 2048, 2048, 2048]","[2048, 2048, 2048, 2048, 2048, 2048]",272.0
1286,11299,41,26,2026-06-07T13:36:28.811000+00:00,20.913,37.172,21.049,193.0,181.0,False,79.134,"[None, 2048, 2048, 2048, 2048, 2048]","[2048, 2048, 2048, 2048, 2048, 2048, 2048, 2048, 2048, 2048]","[2048, 2048, 2048, 2048, 2048, 2048]",271.0
1286,11299,27,26,2026-06-07T13:36:30.186000+00:00,20.631,36.99,20.922,202.0,185.0,False,78.543,"[None, 2048, 2048, 2048, 2048, 2048]","[2048, 2048, 2048, 2048, 2048, 2048, 2048, 2048, 2048, 2048]","[2048, 2048, 2048, 2048, 2048, 2049]",273.0
1286,11299,31,26,2026-06-07T13:36:35.402000+00:00,20.882,38.633,21.167,175.0,184.0,False,80.682,"[None, 2048, 2048, 2048, 2048, 2048]","[2048, 2048, 2048, 2048, 2048, 2048, 2048, 2048, 2048, 2048]","[2048, 2048, 2048, 2048, 2048, 2048]",266.0
1286,11299,12,27,2026-06-07T13:36:36.793000+00:00,20.42,36.431,20.439,196.0,187.0,False,77.29,"[None, 2048, 2048, 2048, 2048, 2048]","[2048, 2048, 2048, 2048, 2048, 2048, 2048, 2048, 2048, 2048]","[2048, 2048, 2048, 2048, 2048, 2048]",271.0
1286,11299,44,27,2026-06-07T13:36:47.144000+00:00,20.627,37.009,20.589,185.0,185.0,False,78.225,"[None, 2048, 2048, 2048, 2048, 2048]","[2048, 2048, 2048, 2048, 2048, 2048, 2048, 2048, 2048, 2048]","[2048, 2048, 2048, 2048, 2048, 2048]",257.0
1286,11299,16,27,2026-06-07T13:36:51.086000+00:00,20.271,36.377,20.52,,187.0,False,77.168,"[2049, 2048, 2048, 2048, 2048, 2048]","[2048, 2048, 2048, 2048, 2048, 2048, 2048, 2048, 2048, 2048]","[2048, 2048, 2048, 2048, 2048, 2048]",268.0
1286,11299,14,26,2026-06-07T13:37:06.572000+00:00,20.724,37.267,20.89,197.0,183.0,False,78.881,"[None, 2048, 2048, 2049, 2048, 2048]","[2048, 2048, 2049, 2048, 2048, 2048, 2048, 2048, 2048, 2049]","[2049, 2048, 2048, 2048, 2048, 2048]",265.0
1286,11299,18,26,2026-06-07T13:37:10.472000+00:00,20.74,37.12,21.383,201.0,183.0,False,79.243,"[2048, 2048, 2048, 2048, 2048, 2048]","[2049, 2048, 2048, 2048, 2048, 2048, 2048, 2048, 2048, 2049]","[2048, 2048, 2048, 2048, 2048, 2048]",265.0
1286,11299,11,26,2026-06-07T13:37:13.587000+00:00,20.777,37.061,20.86,190.0,182.0,False,78.698,"[None, 2048, 2048, 2048, 2048, 2048]","[2048, 2048, 2048, 2048, 2048, 2048, 2048, 2048, 2048, 2048]","[2049, 2049, 2048, 2048, 2048, 2048]",258.0
1286,11299,6,27,2026-06-07T13:37:17.484000+00:00,20.749,37.344,20.981,,180.0,False,79.074,"[None, 2048, 2048, 2048, 2048, 2048]","[2048, 2048, 2048, 2048, 2048, 2048, 2049, 2048, 2048, 2048]","[2048, 2048, 2048, 2048, 2048, 2048]",267.0
1286,11299,63,27,2026-06-07T13:37:17.993000+00:00,20.783,37.13,21.27,187.0,178.0,False,79.183,"[None, 2048, 2048, 2048, 2048, 2048]","[2048, 2048, 2048, 2048, 2048, 2048, 2048, 2048, 2048, 2048]","[2048, 2048, 2048, 2048, 2048, 2048]",281.0
1286,11299,81,27,2026-06-07T13:37:21.007000+00:00,20.554,37.074,21.009,196.0,188.0,False,78.637,"[None, 2048, 2048, 2048, 2048, 2048]","[2048, 2048, 2048, 2048, 2048, 2048, 2048, 2048, 2048, 2048]","[2048, 2048, 2048, 2048, 2048, 2048]",270.0
1286,11299,5,26,2026-06-07T13:37:24.075000+00:00,20.511,36.567,20.828,203.0,184.0,False,77.906,"[None, 2048, 2048, 2048, 2048, 2048]","[2048, 2048, 2048, 2049, 2049, 2048, 2048, 2048, 2049, 2048]","[2048, 2048, 2049, 2048, 2048, 2048]",271.0
1286,11299,10,27,2026-06-07T13:37:28.353000+00:00,20.522,37.072,20.927,197.0,188.0,False,78.521,"[None, 2048, 2049, 2049, 2048, 2048]","[2048, 2048, 2048, 2048, 2048, 2048, 2048, 2048, 2048, 2048]","[2049, 2048, 2048, 2048, 2048, 2048]",271.0
1286,11299,1,27,2026-06-07T13:37:28.868000+00:00,20.645,36.776,20.955,189.0,190.0,False,78.376,"[None, 2049, 2048, 2048, 2048, 2048]","[2048, 2048, 2048, 2048, 2048, 2048, 2048, 2048, 2049, 2048]","[2048, 2048, 2048, 2048, 2048, 2048]",280.0
1286,11299,87,26,2026-06-07T13:37:31.973000+00:00,20.828,37.028,20.935,194.0,187.0,False,78.791,"[None, 2048, 2048, 2048, 2048, 2048]","[2048, 2048, 2048, 2048, 2048, 2048, 2048, 2048, 2048, 2048]","[2048, 2048, 2048, 2048, 2048, 2048]",271.0
1286,11299,30,27,2026-06-07T13:37:39.034000+00:00,20.966,37.15,20.942,192.0,184.0,False,79.058,"[None, 2048, 2048, 2048, 2048, 2048]","[2048, 2048, 2048, 2048, 2048, 2048, 2048, 2048, 2048, 2048]","[2048, 2049, 2048, 2048, 2048, 2048]",270.0
1286,11299,23,27,2026-06-07T13:37:41.852000+00:00,20.975,37.014,20.986,198.0,182.0,False,78.975,"[None, 2048, 2048, 2048, 2048, 2048]","[2048, 2048, 2048, 2048, 2048, 2048, 2048, 2048, 2048, 2049]","[2049, 2049, 2048, 2048, 2048, 2048]",271.0
1286,11299,55,27,2026-06-07T13:37:44.991000+00:00,20.851,37.101,21.075,195.0,180.0,False,79.027,"[None, 2048, 2048, 2048, 2048, 2048]","[2048, 2048, 2048, 2048, 2048, 2048, 2049, 2048, 2048, 2048]","[2048, 2048, 2048, 2048, 2048, 2048]",271.0
1286,11299,43,27,2026-06-07T13:37:46.725000+00:00,20.896,37.309,20.975,187.0,184.0,False,79.18,"[None, 2048, 2048, 2048, 2048, 2048]","[2048, 2048, 2048, 2048, 2048, 2048, 2048, 2048, 2048, 2048]","[2048, 2048, 2048, 2048, 2048, 2048]",272.0
1286,11299,41,27,2026-06-07T13:37:47.991000+00:00,20.856,37.394,21.037,,181.0,False,79.287,"[None, 2048, 2048, 2048, 2048, 2048]","[2048, 2048, 2048, 2048, 2048, 2048, 2048, 2048, 2048, 2048]","[2048, 2048, 2048, 2048, 2048, 2048]",271.0
1286,11299,27,27,2026-06-07T13:37:48.648000+00:00,20.775,37.228,21.253,198.0,183.0,False,79.256,"[None, 2048, 2049, 2048, 2048, 2048]","[2048, 2048, 2048, 2048, 2048, 2051, 2048, 2048, 2048, 2048]","[2048, 2048, 2048, 2048, 2048, 2049]",283.0
1286,11299,12,28,2026-06-07T13:37:54+00:00,20.016,36.217,20.411,201.0,190.0,False,76.644,"[None, 2048, 2049, 2048, 2048, 2048]","[2048, 2048, 2048, 2048, 2048, 2048, 2048, 2048, 2048, 2048]","[2048, 2048, 2048, 2048, 2049, 2049]",272.0
1286,11299,31,27,2026-06-07T13:37:55.973000+00:00,20.77,36.872,20.95,187.0,186.0,False,78.592,"[None, 2048, 2048, 2048, 2048, 2048]","[2048, 2048, 2048, 2048, 2048, 2048, 2049, 2048, 2048, 2048]","[2048, 2048, 2048, 2048, 2048, 2048]",271.0
1286,11299,44,28,2026-06-07T13:38:05.419000+00:00,20.556,36.29,37.324,195.0,190.0,False,94.17,"[None, 2048, 2048, 2048, 2048, 2048]","[2048, 2048, 2048, 2048, 2048, 2048, 2048, 2048, 2048, 2048]","[2048, 2048, 2048, 2064, 2064, 2064]",262.0
1286,11299,16,28,2026-06-07T13:38:08.287000+00:00,20.26,36.507,20.805,201.0,187.0,False,77.572,"[2048, 2048, 2048, 2048, 2048, 2048]","[2048, 2048, 2048, 2048, 2048, 2048, 2048, 2048, 2048, 2048]","[2048, 2048, 2048, 2048, 2048, 2048]",268.0
1286,11299,14,27,2026-06-07T13:38:25.550000+00:00,20.716,37.452,21.119,199.0,182.0,False,79.287,"[None, 2048, 2048, 2048, 2048, 2048]","[2048, 2048, 2048, 2048, 2048, 2048, 2048, 2048, 2048, 2048]","[2048, 2048, 2048, 2048, 2048, 2048]",265.0
1286,11299,18,27,2026-06-07T13:38:29.742000+00:00,20.951,37.219,21.04,,182.0,False,79.21,"[None, 2048, 2048, 2048, 2048, 2049]","[2048, 2048, 2048, 2048, 2048, 2048, 2048, 2048, 2048, 2049]","[2048, 2049, 2048, 2048, 2048, 2048]",265.0
1286,11299,11,27,2026-06-07T13:38:32.225000+00:00,20.744,37.091,20.935,,183.0,False,78.77,"[2049, 2048, 2048, 2048, 2048, 2048]","[2048, 2048, 2048, 2048, 2048, 2048, 2049, 2048, 2048, 2048]","[2049, 2048, 2048, 2048, 2048, 2048]",258.0
1286,11299,6,28,2026-06-07T13:38:36.563000+00:00,20.58,37.198,20.917,197.0,184.0,False,78.695,"[None, 2048, 2048, 2048, 2048, 2048]","[2048, 2048, 2048, 2048, 2048, 2048, 2048, 2048, 2048, 2048]","[2048, 2048, 2048, 2048, 2048, 2048]",266.0
1286,11299,63,28,2026-06-07T13:38:37.139000+00:00,20.693,37.033,21.039,188.0,179.0,False,78.765,"[None, 2048, 2048, 2048, 2048, 2048]","[2048, 2048, 2048, 2048, 2048, 2048, 2048, 2048, 2048, 2048]","[2048, 2048, 2048, 2048, 2048, 2048]",280.0
1286,11299,81,28,2026-06-07T13:38:39.704000+00:00,20.584,37.124,20.999,199.0,190.0,False,78.707,"[None, 2048, 2048, 2048, 2048, 2048]","[2048, 2048, 2048, 2048, 2048, 2048, 2048, 2048, 2048, 2048]","[2048, 2048, 2048, 2048, 2048, 2048]",270.0
1286,11299,5,27,2026-06-07T13:38:41.833000+00:00,20.512,36.665,20.919,197.0,186.0,False,78.096,"[None, 2048, 2048, 2048, 2048, 2048]","[2048, 2048, 2048, 2048, 2048, 2048, 2048, 2048, 2048, 2048]","[2048, 2048, 2049, 2048, 2048, 2048]",272.0
1286,11299,10,28,2026-06-07T13:38:46.904000+00:00,20.471,36.895,21.23,195.0,185.0,False,78.596,"[None, 2048, 2048, 2048, 2048, 2048]","[2048, 2048, 2048, 2048, 2048, 2048, 2049, 2048, 2048, 2048]","[2048, 2048, 2048, 2048, 2048, 2048]",272.0
1286,11299,1,28,2026-06-07T13:38:47.360000+00:00,20.576,36.746,21.142,196.0,190.0,False,78.464,"[None, 2048, 2048, 2048, 2048, 2048]","[2048, 2048, 2048, 2048, 2048, 2048, 2048, 2048, 2048, 2048]","[2048, 2048, 2048, 2048, 2048, 2051]",277.0
1286,11299,87,27,2026-06-07T13:38:50.851000+00:00,20.669,36.971,20.983,200.0,183.0,False,78.623,"[None, 2048, 2048, 2049, 2049, 2048]","[2048, 2048, 2048, 2048, 2048, 2048, 2048, 2048, 2048, 2048]","[2048, 2048, 2048, 2048, 2048, 2048]",271.0
1286,11299,30,28,2026-06-07T13:38:58.041000+00:00,20.798,36.974,20.972,195.0,187.0,False,78.744,"[None, 2049, 2048, 2048, 2048, 2048]","[2048, 2048, 2048, 2048, 2048, 2048, 2048, 2048, 2048, 2049]","[2048, 2048, 2048, 2048, 2048, 2048]",270.0
1286,11299,23,28,2026-06-07T13:39:00.777000+00:00,20.78,37.196,21.021,200.0,181.0,False,78.997,"[None, 2048, 2048, 2048, 2048, 2048]","[2048, 2048, 2048, 2048, 2048, 2048, 2048, 2048, 2048, 2048]","[2049, 2048, 2048, 2048, 2048, 2048]",269.0
1286,11299,55,28,2026-06-07T13:39:04.025000+00:00,20.721,37.039,21.056,193.0,184.0,False,78.816,"[None, 2048, 2048, 2048, 2048, 2048]","[2048, 2048, 2048, 2048, 2048, 2048, 2048, 2048, 2048, 2048]","[2048, 2048, 2048, 2048, 2048, 2048]",272.0
1286,11299,43,28,2026-06-07T13:39:06.035000+00:00,20.571,37.268,20.915,190.0,180.0,False,78.754,"[None, 2048, 2048, 2049, 2048, 2048]","[2048, 2048, 2048, 2048, 2048, 2048, 2048, 2048, 2048, 2048]","[2048, 2049, 2048, 2048, 2048, 2048]",272.0
1286,11299,41,28,2026-06-07T13:39:07.279000+00:00,20.776,37.197,21.045,194.0,182.0,False,79.018,"[None, 2048, 2048, 2048, 2048, 2048]","[2048, 2048, 2048, 2048, 2048, 2048, 2048, 2048, 2048, 2048]","[2048, 2048, 2048, 2048, 2048, 2048]",271.0
1286,11299,27,28,2026-06-07T13:39:07.973000+00:00,20.633,37.112,22.044,199.0,180.0,False,79.789,"[None, 2048, 2051, 2048, 2048, 2048]","[2048, 2048, 2048, 2048, 2048, 2048, 2048, 2048, 2048, 2048]","[2048, 2048, 2048, 2048, 2048, 2048]",283.0
1286,11299,12,29,2026-06-07T13:39:10.551000+00:00,20.152,36.273,20.532,197.0,190.0,False,76.957,"[None, 2048, 2048, 2048, 2048, 2048]","[2048, 2048, 2048, 2048, 2048, 2048, 2048, 2048, 2048, 2048]","[2048, 2048, 2048, 2048, 2048, 2049]",271.0
1286,11299,31,28,2026-06-07T13:39:14.708000+00:00,20.674,36.931,21.033,188.0,185.0,False,78.638,"[None, 2048, 2048, 2048, 2048, 2048]","[2048, 2048, 2048, 2048, 2048, 2048, 2048, 2048, 2048, 2048]","[2048, 2048, 2048, 2048, 2048, 2048]",271.0
1286,11299,16,29,2026-06-07T13:39:25.775000+00:00,20.306,36.305,20.577,204.0,189.0,False,77.188,"[None, 2048, 2048, 2048, 2048, 2048]","[2048, 2048, 2048, 2048, 2048, 2048, 2048, 2048, 2048, 2048]","[2048, 2048, 2048, 2048, 2048, 2048]",268.0
1286,11299,44,29,2026-06-07T13:39:39.579000+00:00,23.514,36.798,20.517,186.0,186.0,True,80.829,"[2064, 2048, 2048, 2048, 2048, 2048]","[2048, 2048, 2048, 2048, 2048, 2048, 2048, 2048, 2048, 2048]","[2048, 2048, 2048, 2048, 2048, 2048]",266.0
1286,11299,14,28,2026-06-07T13:39:44.891000+00:00,20.827,37.29,21.055,196.0,180.0,False,79.172,"[None, 2048, 2048, 2048, 2048, 2048]","[2048, 2048, 2048, 2048, 2048, 2048, 2048, 2048, 2048, 2048]","[2048, 2048, 2048, 2048, 2048, 2048]",266.0
1286,11299,18,28,2026-06-07T13:39:49.048000+00:00,20.761,37.204,21.213,199.0,182.0,False,79.178,"[None, 2048, 2048, 2048, 2048, 2048]","[2048, 2048, 2048, 2048, 2048, 2048, 2048, 2048, 2048, 2048]","[2048, 2048, 2048, 2048, 2048, 2048]",265.0
1286,11299,11,28,2026-06-07T13:39:51.074000+00:00,20.791,37.151,20.906,187.0,182.0,False,78.848,"[None, 2048, 2048, 2048, 2048, 2048]","[2048, 2048, 2048, 2048, 2048, 2048, 2049, 2048, 2048, 2048]","[2048, 2048, 2048, 2048, 2048, 2048]",258.0
1286,11299,6,29,2026-06-07T13:39:55.233000+00:00,20.614,37.249,20.955,196.0,186.0,False,78.818,"[None, 2048, 2048, 2048, 2048, 2048]","[2048, 2048, 2048, 2048, 2048, 2048, 2048, 2048, 2048, 2048]","[2048, 2048, 2048, 2048, 2048, 2048]",265.0
1286,11299,63,29,2026-06-07T13:39:55.964000+00:00,20.681,36.95,21.084,192.0,181.0,False,78.715,"[None, 2048, 2048, 2048, 2048, 2048]","[2048, 2048, 2048, 2048, 2048, 2048, 2048, 2048, 2048, 2048]","[2048, 2048, 2048, 2048, 2048, 2048]",280.0
1286,11299,81,29,2026-06-07T13:39:58.388000+00:00,20.579,36.915,20.985,191.0,190.0,False,78.479,"[None, 2048, 2048, 2048, 2048, 2048]","[2048, 2048, 2048, 2048, 2048, 2048, 2048, 2048, 2048, 2048]","[2048, 2048, 2048, 2048, 2048, 2048]",271.0
1286,11299,5,28,2026-06-07T13:39:59.925000+00:00,21.064,36.915,20.918,198.0,186.0,False,78.897,"[None, 2048, 2048, 2048, 2048, 2048]","[2048, 2048, 2048, 2048, 2048, 2048, 2048, 2048, 2048, 2048]","[2048, 2048, 2048, 2048, 2048, 2048]",272.0
1286,11299,10,29,2026-06-07T13:40:05.458000+00:00,20.508,36.767,20.781,194.0,187.0,False,78.056,"[None, 2048, 2048, 2049, 2048, 2048]","[2048, 2048, 2048, 2048, 2048, 2048, 2048, 2048, 2048, 2048]","[2048, 2049, 2048, 2048, 2048, 2048]",272.0
1286,11299,1,29,2026-06-07T13:40:05.788000+00:00,20.736,36.722,20.74,,185.0,False,78.198,"[None, 2048, 2048, 2048, 2048, 2048]","[2048, 2048, 2048, 2048, 2048, 2048, 2048, 2048, 2048, 2048]","[2048, 2049, 2048, 2048, 2049, 2051]",278.0
1286,11299,87,28,2026-06-07T13:40:09.469000+00:00,20.7,37.555,,198.0,139.0,False,,"[None, 2049, 2048, 2048, 2048, 2048]","[2048, 2048, 2048, 2048, 2048, 2048, 2048, 2048, 2048, 2048]",[2048],271.0
1286,11299,30,29,2026-06-07T13:40:16.747000+00:00,20.936,37.004,21.058,191.0,186.0,False,78.998,"[None, 2048, 2048, 2048, 2048, 2048]","[2048, 2048, 2048, 2048, 2048, 2048, 2048, 2048, 2048, 2048]","[2048, 2048, 2048, 2048, 2048, 2048]",270.0
1286,11299,23,29,2026-06-07T13:40:19.963000+00:00,20.814,37.217,21.088,202.0,180.0,False,79.119,"[None, 2048, 2048, 2048, 2048, 2048]","[2048, 2048, 2048, 2048, 2048, 2048, 2048, 2048, 2048, 2048]","[2048, 2048, 2048, 2048, 2048, 2048]",268.0
1286,11299,55,29,2026-06-07T13:40:22.864000+00:00,20.813,37.096,21.13,194.0,183.0,False,79.039,"[None, 2048, 2048, 2048, 2048, 2048]","[2048, 2048, 2048, 2048, 2048, 2048, 2048, 2048, 2048, 2048]","[2048, 2048, 2048, 2048, 2048, 2048]",271.0
1286,11299,43,29,2026-06-07T13:40:24.697000+00:00,20.703,37.494,21.64,188.0,183.0,False,79.837,"[None, 2048, 2048, 2048, 2048, 2048]","[2048, 2048, 2048, 2048, 2048, 2048, 2048, 2048, 2048, 2048]","[2048, 2048, 2048, 2048, 2048, 2048]",272.0
1286,11299,41,29,2026-06-07T13:40:26.245000+00:00,21.55,38.042,20.923,133.0,183.0,False,80.515,"[None, 2048, 2048, 2048, 2048, 2048]","[2048, 2048, 2048, 2048, 2048, 2048, 2048, 2048, 2048, 2048]","[2048, 2048, 2048, 2048, 2048, 2048]",272.0
1286,11299,12,30,2026-06-07T13:40:27.602000+00:00,20.193,36.139,20.506,198.0,194.0,False,76.838,"[None, 2048, 2051, 2048, 2048, 2048]","[2048, 2048, 2048, 2048, 2048, 2049, 2048, 2048, 2048, 2048]","[2048, 2048, 2048, 2048, 2048, 2048]",280.0
1286,11299,27,29,2026-06-07T13:40:27.729000+00:00,21.547,37.188,21.135,196.0,181.0,False,79.87,"[None, 2048, 2048, 2048, 2048, 2048]","[2048, 2048, 2048, 2048, 2048, 2048, 2048, 2048, 2048, 2048]","[2048, 2048, 2048, 2048, 2049, 2049]",282.0
1286,11299,31,29,2026-06-07T13:40:33.289000+00:00,20.743,37.063,20.87,,186.0,False,78.676,"[None, 2048, 2048, 2048, 2048, 2048]","[2048, 2048, 2048, 2048, 2048, 2048, 2048, 2048, 2048, 2048]","[2048, 2048, 2048, 2048, 2048, 2048]",271.0
1286,11299,16,30,2026-06-07T13:40:43.090000+00:00,20.267,36.292,20.511,201.0,188.0,False,77.07,"[None, 2048, 2048, 2048, 2048, 2048]","[2048, 2048, 2048, 2048, 2048, 2048, 2048, 2048, 2048, 2048]","[2048, 2048, 2048, 2048, 2048, 2048]",268.0
1286,11299,44,30,2026-06-07T13:41:00.470000+00:00,20.651,36.409,20.632,196.0,187.0,False,77.692,"[2048, 2048, 2048, 2048, 2048, 2048]","[2048, 2048, 2048, 2048, 2048, 2048, 2048, 2048, 2048, 2048]","[2048, 2048, 2048, 2048, 2048, 2048]",269.0
1286,11299,14,29,2026-06-07T13:41:04.011000+00:00,20.682,37.476,21.093,200.0,182.0,False,79.251,"[None, 2048, 2049, 2048, 2048, 2048]","[2048, 2048, 2048, 2048, 2048, 2048, 2048, 2048, 2048, 2048]","[2048, 2048, 2048, 2048, 2049, 2048]",265.0
1286,11299,18,29,2026-06-07T13:41:08.188000+00:00,20.716,37.225,21.027,200.0,183.0,False,78.968,"[None, 2048, 2048, 2048, 2048, 2048]","[2048, 2048, 2048, 2048, 2049, 2048, 2048, 2048, 2048, 2049]","[2048, 2049, 2048, 2048, 2048, 2048]",265.0
1286,11299,11,29,2026-06-07T13:41:09.904000+00:00,20.808,37.099,20.965,190.0,183.0,False,78.872,"[2048, 2048, 2048, 2048, 2048, 2048]","[2048, 2048, 2048, 2048, 2048, 2048, 2048, 2048, 2048, 2048]","[2048, 2048, 2048, 2048, 2048, 2048]",259.0
1286,11299,6,30,2026-06-07T13:41:14.089000+00:00,20.646,37.131,21.041,198.0,183.0,False,78.818,"[None, 2048, 2048, 2048, 2048, 2048]","[2048, 2048, 2048, 2048, 2048, 2048, 2048, 2048, 2048, 2048]","[2048, 2048, 2048, 2048, 2048, 2048]",264.0
1286,11299,63,30,2026-06-07T13:41:14.706000+00:00,20.676,36.972,21.105,,180.0,False,78.753,"[None, 2048, 2048, 2048, 2048, 2048]","[2048, 2048, 2048, 2048, 2048, 2048, 2048, 2048, 2048, 2048]","[2048, 2048, 2048, 2048, 2048, 2048]",279.0
1286,11299,81,30,2026-06-07T13:41:16.902000+00:00,20.63,36.955,21.022,194.0,190.0,False,78.607,"[None, 2048, 2048, 2048, 2048, 2048]","[2048, 2048, 2048, 2048, 2048, 2048, 2048, 2048, 2048, 2048]","[2048, 2048, 2048, 2048, 2048, 2048]",270.0
1286,11299,5,29,2026-06-07T13:41:18.889000+00:00,20.591,36.874,20.977,,188.0,False,78.442,"[None, 2048, 2048, 2048, 2048, 2048]","[2048, 2048, 2048, 2048, 2048, 2048, 2048, 2048, 2048, 2049]","[2049, 2048, 2048, 2048, 2048, 2048]",272.0
1286,11299,10,30,2026-06-07T13:41:23.498000+00:00,20.503,36.788,20.887,197.0,188.0,False,78.178,"[None, 2048, 2048, 2048, 2048, 2048]","[2048, 2048, 2048, 2048, 2048, 2048, 2048, 2048, 2048, 2048]","[2048, 2049, 2048, 2048, 2048, 2048]",271.0
1286,11299,1,30,2026-06-07T13:41:23.951000+00:00,20.577,36.833,20.911,192.0,189.0,False,78.321,"[None, 2048, 2048, 2048, 2048, 2048]","[2048, 2048, 2048, 2048, 2048, 2048, 2048, 2048, 2048, 2048]","[2048, 2049, 2048, 2048, 2048, 2048]",279.0
1286,11299,30,30,2026-06-07T13:41:35.776000+00:00,20.753,36.794,20.946,193.0,185.0,False,78.493,"[None, 2048, 2048, 2048, 2048, 2048]","[2048, 2048, 2048, 2048, 2048, 2048, 2049, 2048, 2048, 2049]","[2048, 2048, 2048, 2048, 2048, 2048]",270.0
1286,11299,23,30,2026-06-07T13:41:38.903000+00:00,20.663,37.33,21.059,196.0,181.0,False,79.052,"[2049, 2048, 2049, 2048, 2048, 2048]","[2048, 2048, 2048, 2048, 2048, 2048, 2048, 2048, 2048, 2048]","[2048, 2048, 2048, 2048, 2048, 2048]",267.0
1286,11299,55,30,2026-06-07T13:41:41.812000+00:00,20.741,38.865,21.294,,175.0,False,80.9,"[None, 2048, 2048, 2048, 2048, 2048]","[2048, 2048, 2048, 2048, 2048, 2048, 2048, 2048, 2048, 2048]","[2048, 2048, 2048, 2048, 2048, 2048]",271.0
1286,11299,12,31,2026-06-07T13:41:44.531000+00:00,19.869,36.379,20.369,200.0,193.0,False,76.617,"[2051, 2049, 2051, 2051, 2048, 2048]","[2048, 2048, 2048, 2048, 2048, 2049, 2048, 2048, 2048, 2048]","[2048, 2051, 2048, 2048, 2048, 2048]",280.0
1286,11299,43,30,2026-06-07T13:41:44.687000+00:00,21.272,37.709,21.149,,182.0,False,80.13,"[None, 2048, 2048, 2048, 2048, 2048]","[2048, 2048, 2048, 2048, 2048, 2048, 2048, 2048, 2048, 2048]","[2048, 2048, 2048, 2048, 2049, 2048]",270.0
1286,11299,41,30,2026-06-07T13:41:46.734000+00:00,20.829,37.174,21.044,193.0,182.0,False,79.047,"[None, 2048, 2048, 2048, 2048, 2048]","[2048, 2048, 2048, 2048, 2048, 2048, 2048, 2048, 2048, 2048]","[2048, 2048, 2048, 2048, 2048, 2048]",271.0
1286,11299,27,30,2026-06-07T13:41:47.500000+00:00,20.526,37.156,21.092,201.0,182.0,False,78.774,"[None, 2048, 2049, 2048, 2048, 2048]","[2048, 2048, 2048, 2048, 2048, 2051, 2048, 2048, 2048, 2048]","[2048, 2048, 2048, 2048, 2048, 2048]",283.0
1286,11299,31,30,2026-06-07T13:41:52.015000+00:00,20.797,36.849,20.924,190.0,186.0,False,78.57,"[None, 2048, 2048, 2048, 2048, 2048]","[2048, 2048, 2048, 2048, 2048, 2048, 2048, 2048, 2048, 2048]","[2048, 2048, 2048, 2048, 2048, 2048]",271.0
1286,11299,16,31,2026-06-07T13:42:00.172000+00:00,20.361,36.563,20.655,200.0,186.0,False,77.579,"[None, 2048, 2048, 2048, 2048, 2048]","[2048, 2048, 2048, 2048, 2048, 2048, 2048, 2048, 2048, 2048]","[2048, 2048, 2048, 2048, 2048, 2048]",269.0
1286,11299,44,31,2026-06-07T13:42:18.012000+00:00,20.33,35.956,20.233,201.0,193.0,False,76.519,"[None, 2049, 2049, 2048, 2048, 2049]","[2048, 2048, 2048, 2048, 2048, 2048, 2048, 2048, 2049, 2048]","[2051, 2051, 2048, 2048, 2049, 2048]",270.0
1286,11299,14,30,2026-06-07T13:42:23.203000+00:00,20.715,37.498,21.017,,182.0,False,79.23,"[None, 2048, 2048, 2048, 2048, 2048]","[2048, 2048, 2048, 2048, 2048, 2048, 2048, 2048, 2048, 2048]","[2048, 2048, 2048, 2048, 2048, 2048]",265.0
1286,11299,18,30,2026-06-07T13:42:27.135000+00:00,20.629,37.209,21.207,201.0,184.0,False,79.045,"[2049, 2048, 2048, 2049, 2048, 2049]","[2048, 2048, 2048, 2049, 2048, 2048, 2048, 2048, 2048, 2048]","[2048, 2048, 2048, 2048, 2048, 2048]",265.0
1286,11299,11,30,2026-06-07T13:42:28.789000+00:00,20.714,37.153,21.036,188.0,184.0,False,78.903,"[2049, 2048, 2048, 2048, 2048, 2048]","[2048, 2048, 2048, 2048, 2048, 2048, 2048, 2048, 2048, 2048]","[2048, 2048, 2048, 2048, 2048, 2048]",259.0
1286,11299,6,31,2026-06-07T13:42:32.890000+00:00,20.636,37.185,20.894,199.0,184.0,False,78.715,"[None, 2048, 2048, 2048, 2048, 2048]","[2048, 2048, 2048, 2048, 2048, 2048, 2048, 2048, 2048, 2048]","[2048, 2048, 2048, 2048, 2048, 2048]",266.0
1286,11299,63,31,2026-06-07T13:42:33.374000+00:00,20.701,37.098,37.521,189.0,184.0,False,95.32,"[None, 2048, 2048, 2048, 2048, 2048]","[2048, 2048, 2048, 2048, 2048, 2048, 2048, 2048, 2048, 2048]","[2048, 2048, 2048, 2064, 2064, 2064]",271.0
1286,11299,81,31,2026-06-07T13:42:35.488000+00:00,20.601,36.984,21.075,197.0,191.0,False,78.66,"[None, 2048, 2048, 2048, 2048, 2048]","[2048, 2048, 2048, 2048, 2048, 2048, 2048, 2048, 2048, 2048]","[2048, 2048, 2048, 2048, 2048, 2048]",271.0
1286,11299,5,30,2026-06-07T13:42:37.306000+00:00,20.645,36.868,21.252,201.0,184.0,False,78.765,"[None, 2048, 2048, 2048, 2048, 2049]","[2048, 2048, 2048, 2048, 2048, 2048, 2051, 2049, 2048, 2048]","[2048, 2048, 2048, 2048, 2048, 2048]",272.0
1286,11299,10,31,2026-06-07T13:42:41.749000+00:00,20.548,36.907,20.905,195.0,186.0,False,78.36,"[None, 2048, 2049, 2048, 2048, 2048]","[2048, 2048, 2048, 2048, 2048, 2048, 2048, 2048, 2048, 2048]","[2048, 2048, 2048, 2048, 2048, 2048]",272.0
1286,11299,1,31,2026-06-07T13:42:42.265000+00:00,20.568,36.845,20.887,197.0,190.0,False,78.3,"[None, 2048, 2048, 2048, 2048, 2048]","[2048, 2048, 2048, 2048, 2048, 2048, 2048, 2048, 2048, 2048]","[2048, 2048, 2048, 2048, 2048, 2048]",280.0
1286,11299,30,31,2026-06-07T13:42:54.336000+00:00,20.806,37.041,20.853,,187.0,False,78.7,"[None, 2048, 2048, 2048, 2048, 2048]","[2048, 2048, 2048, 2048, 2048, 2048, 2048, 2048, 2048, 2048]","[2049, 2048, 2048, 2048, 2048, 2048]",269.0
1286,11299,23,31,2026-06-07T13:42:58.470000+00:00,20.817,37.293,21.621,200.0,184.0,False,79.731,"[2048, 2048, 2048, 2048, 2048, 2048]","[2048, 2048, 2048, 2048, 2048, 2048, 2048, 2048, 2048, 2048]","[2048, 2048, 2048, 2048, 2048, 2048]",267.0
1286,11299,12,32,2026-06-07T13:43:01.013000+00:00,20.027,36.174,20.587,204.0,191.0,False,76.788,"[2048, 2048, 2048, 2048, 2048, 2048]","[2048, 2048, 2048, 2048, 2048, 2048, 2048, 2048, 2048, 2048]","[2048, 2048, 2048, 2048, 2049, 2048]",270.0
1286,11299,55,31,2026-06-07T13:43:02.751000+00:00,20.762,37.07,20.987,195.0,185.0,False,78.819,"[None, 2048, 2048, 2048, 2048, 2048]","[2048, 2048, 2048, 2048, 2048, 2048, 2048, 2048, 2048, 2049]","[2048, 2048, 2048, 2048, 2048, 2049]",271.0
1286,11299,43,31,2026-06-07T13:43:04.670000+00:00,20.736,37.638,21.008,185.0,184.0,False,79.382,"[None, 2048, 2048, 2048, 2048, 2048]","[2048, 2048, 2048, 2048, 2048, 2048, 2048, 2048, 2048, 2048]","[2049, 2048, 2048, 2048, 2048, 2048]",271.0
1286,11299,41,31,2026-06-07T13:43:05.842000+00:00,20.796,37.437,21.08,196.0,184.0,False,79.313,"[None, 2048, 2048, 2048, 2048, 2048]","[2048, 2048, 2048, 2048, 2048, 2048, 2048, 2048, 2048, 2048]","[2048, 2048, 2048, 2048, 2048, 2048]",271.0
1286,11299,27,31,2026-06-07T13:43:06.288000+00:00,20.744,38.418,21.878,199.0,170.0,False,81.04,"[None, 2048, 2048, 2048, 2048, 2048]","[2048, 2048, 2048, 2048, 2048, 2048, 2048, 2048, 2048, 2048]","[2048, 2048, 2048, 2048, 2048, 2048]",276.0
1286,11299,31,31,2026-06-07T13:43:10.510000+00:00,20.732,36.955,21.01,,187.0,False,78.697,"[None, 2048, 2048, 2048, 2048, 2048]","[2048, 2048, 2048, 2048, 2048, 2048, 2048, 2048, 2048, 2048]","[2048, 2048, 2048, 2048, 2048, 2048]",271.0
1286,11299,16,32,2026-06-07T13:43:17.716000+00:00,20.432,36.844,20.643,195.0,187.0,False,77.919,"[None, 2048, 2048, 2048, 2048, 2048]","[2048, 2048, 2048, 2048, 2048, 2048, 2048, 2048, 2048, 2048]","[2048, 2048, 2048, 2048, 2048, 2048]",270.0
1286,11299,44,32,2026-06-07T13:43:34.569000+00:00,20.246,35.993,20.313,199.0,192.0,False,76.552,"[2049, 2049, 2048, 2049, 2048, 2048]","[2048, 2048, 2048, 2048, 2048, 2048, 2048, 2048, 2049, 2048]","[2048, 2048, 2048, 2048, 2048, 2048]",265.0
1286,11299,14,31,2026-06-07T13:43:42.452000+00:00,20.652,37.339,21.023,198.0,183.0,False,79.014,"[None, 2048, 2048, 2048, 2049, 2048]","[2048, 2048, 2048, 2048, 2048, 2048, 2048, 2048, 2048, 2049]","[2048, 2048, 2048, 2048, 2048, 2048]",265.0
1286,11299,18,31,2026-06-07T13:43:46.155000+00:00,20.712,37.164,21.09,198.0,186.0,False,78.966,"[2048, 2048, 2048, 2048, 2048, 2048]","[2048, 2048, 2048, 2048, 2048, 2048, 2048, 2048, 2048, 2049]","[2048, 2048, 2048, 2048, 2049, 2048]",265.0
1286,11299,11,31,2026-06-07T13:43:47.676000+00:00,20.851,37.357,21.13,190.0,184.0,False,79.338,"[2048, 2048, 2048, 2048, 2048, 2048]","[2048, 2048, 2048, 2048, 2048, 2048, 2048, 2048, 2048, 2048]","[2048, 2048, 2048, 2048, 2048, 2048]",252.0
1286,11299,6,32,2026-06-07T13:43:51.676000+00:00,20.611,37.225,38.355,197.0,185.0,False,96.191,"[None, 2048, 2048, 2048, 2048, 2048]","[2048, 2048, 2048, 2048, 2048, 2048, 2048, 2048, 2048, 2048]","[2048, 2048, 2048, 2064, 2064, 2064]",266.0
1286,11299,81,32,2026-06-07T13:43:54.074000+00:00,20.607,36.757,20.813,192.0,191.0,False,78.177,"[None, 2048, 2048, 2048, 2048, 2048]","[2048, 2048, 2048, 2048, 2048, 2048, 2048, 2048, 2048, 2048]","[2048, 2048, 2048, 2048, 2049, 2048]",270.0
1286,11299,5,31,2026-06-07T13:43:56.051000+00:00,20.626,36.784,20.88,198.0,183.0,False,78.29,"[None, 2048, 2048, 2048, 2048, 2048]","[2048, 2048, 2048, 2048, 2048, 2048, 2048, 2048, 2048, 2048]","[2048, 2048, 2048, 2048, 2048, 2048]",272.0
1286,11299,10,32,2026-06-07T13:44:00.007000+00:00,20.512,36.709,20.808,197.0,189.0,False,78.029,"[None, 2048, 2048, 2048, 2048, 2048]","[2048, 2048, 2048, 2048, 2048, 2048, 2048, 2048, 2048, 2049]","[2048, 2048, 2048, 2048, 2048, 2048]",272.0
1286,11299,1,32,2026-06-07T13:44:00.519000+00:00,20.594,36.761,20.834,195.0,190.0,False,78.189,"[None, 2048, 2048, 2048, 2048, 2048]","[2048, 2048, 2048, 2048, 2048, 2048, 2048, 2048, 2048, 2048]","[2048, 2048, 2048, 2048, 2048, 2048]",267.0
1286,11299,63,32,2026-06-07T13:44:08.724000+00:00,23.494,36.602,20.679,181.0,192.0,True,80.775,"[2064, 2048, 2048, 2048, 2048, 2048]","[2048, 2048, 2048, 2048, 2048, 2048, 2048, 2048, 2048, 2049]","[2051, 2048, 2048, 2049, 2048, 2048]",270.0
1286,11299,30,32,2026-06-07T13:44:12.914000+00:00,21.014,37.239,21.038,182.0,187.0,False,79.291,"[None, 2048, 2048, 2048, 2048, 2048]","[2048, 2048, 2048, 2048, 2048, 2048, 2048, 2048, 2048, 2048]","[2048, 2048, 2048, 2048, 2048, 2048]",270.0
1286,11299,23,32,2026-06-07T13:44:17.696000+00:00,21.656,37.596,21.597,199.0,178.0,False,80.849,"[None, 2048, 2048, 2048, 2048, 2048]","[2048, 2048, 2048, 2048, 2048, 2048, 2048, 2048, 2048, 2048]","[2048, 2048, 2048, 2048, 2048, 2048]",266.0
1286,11299,12,33,2026-06-07T13:44:17.836000+00:00,20.051,36.396,20.415,198.0,190.0,False,76.862,"[None, 2048, 2048, 2048, 2048, 2048]","[2048, 2048, 2048, 2048, 2048, 2048, 2051, 2048, 2048, 2048]","[2048, 2048, 2048, 2048, 2048, 2048]",279.0
1286,11299,55,32,2026-06-07T13:44:21.635000+00:00,20.73,37.135,21.174,197.0,185.0,False,79.039,"[None, 2048, 2048, 2048, 2048, 2048]","[2048, 2048, 2048, 2048, 2048, 2048, 2048, 2048, 2048, 2048]","[2048, 2048, 2048, 2048, 2048, 2049]",271.0
1286,11299,43,32,2026-06-07T13:44:24.088000+00:00,20.777,37.407,21.338,189.0,184.0,False,79.522,"[None, 2048, 2048, 2048, 2048, 2048]","[2048, 2048, 2048, 2048, 2048, 2048, 2048, 2048, 2048, 2048]","[2049, 2048, 2048, 2048, 2048, 2048]",271.0
1286,11299,41,32,2026-06-07T13:44:25.074000+00:00,20.908,37.252,21.043,197.0,186.0,False,79.203,"[None, 2048, 2048, 2048, 2048, 2048]","[2048, 2048, 2048, 2048, 2048, 2048, 2048, 2048, 2048, 2048]","[2048, 2048, 2048, 2048, 2048, 2049]",271.0
1286,11299,27,32,2026-06-07T13:44:27.344000+00:00,20.916,37.203,21.22,196.0,184.0,False,79.339,"[None, 2048, 2048, 2048, 2048, 2048]","[2048, 2048, 2048, 2048, 2048, 2048, 2048, 2048, 2048, 2048]","[2048, 2048, 2048, 2048, 2048, 2048]",271.0
1286,11299,31,32,2026-06-07T13:44:29.252000+00:00,20.891,37.092,20.977,183.0,187.0,False,78.96,"[None, 2048, 2048, 2048, 2048, 2048]","[2048, 2048, 2048, 2048, 2048, 2048, 2048, 2048, 2048, 2048]","[2048, 2048, 2048, 2048, 2048, 2048]",271.0
1286,11299,16,33,2026-06-07T13:44:35.626000+00:00,20.453,36.632,20.581,203.0,188.0,False,77.666,"[None, 2048, 2048, 2048, 2048, 2048]","[2048, 2048, 2048, 2048, 2048, 2048, 2048, 2048, 2048, 2048]","[2048, 2048, 2048, 2048, 2048, 2048]",269.0
1286,11299,44,33,2026-06-07T13:44:51.187000+00:00,20.29,35.963,20.407,,192.0,False,76.66,"[None, 2048, 2049, 2048, 2048, 2048]","[2048, 2048, 2049, 2048, 2048, 2048, 2048, 2048, 2048, 2048]","[2048, 2048, 2048, 2048, 2048, 2048]",268.0
1286,11299,14,32,2026-06-07T13:45:01.491000+00:00,20.571,37.302,20.925,197.0,182.0,False,78.798,"[2049, 2048, 2048, 2049, 2048, 2048]","[2048, 2048, 2048, 2048, 2048, 2048, 2049, 2048, 2048, 2048]","[2048, 2048, 2048, 2048, 2048, 2048]",265.0
1286,11299,18,32,2026-06-07T13:45:05.105000+00:00,20.65,37.211,21.191,,184.0,False,79.052,"[None, 2049, 2048, 2049, 2048, 2048]","[2048, 2048, 2048, 2048, 2048, 2048, 2048, 2048, 2048, 2048]","[2049, 2049, 2048, 2048, 2048, 2048]",265.0
1286,11299,11,32,2026-06-07T13:45:06.988000+00:00,20.883,37.54,21.233,192.0,181.0,False,79.656,"[None, 2048, 2048, 2048, 2048, 2048]","[2048, 2048, 2048, 2048, 2048, 2048, 2048, 2048, 2048, 2048]","[2048, 2048, 2048, 2048, 2048, 2048]",257.0
1286,11299,81,33,2026-06-07T13:45:12.328000+00:00,20.488,36.77,20.854,198.0,191.0,False,78.112,"[None, 2048, 2048, 2048, 2048, 2048]","[2048, 2048, 2048, 2048, 2048, 2048, 2048, 2048, 2048, 2048]","[2048, 2048, 2048, 2048, 2048, 2048]",269.0
1286,11299,5,32,2026-06-07T13:45:14.288000+00:00,20.52,36.657,20.915,197.0,183.0,False,78.092,"[None, 2048, 2048, 2048, 2048, 2048]","[2048, 2048, 2048, 2048, 2048, 2048, 2048, 2048, 2048, 2048]","[2048, 2048, 2048, 2048, 2048, 2048]",271.0
1286,11299,10,33,2026-06-07T13:45:17.991000+00:00,20.663,37.063,21.081,194.0,184.0,False,78.807,"[None, 2048, 2048, 2048, 2048, 2048]","[2048, 2048, 2048, 2048, 2048, 2048, 2048, 2048, 2048, 2048]","[2048, 2048, 2048, 2048, 2048, 2048]",271.0
1286,11299,1,33,2026-06-07T13:45:18.824000+00:00,20.865,38.298,21.067,177.0,188.0,False,80.23,"[None, 2048, 2048, 2048, 2048, 2048]","[2048, 2048, 2048, 2048, 2048, 2048, 2048, 2049, 2048, 2048]","[2048, 2048, 2048, 2048, 2048, 2048]",209.0
1286,11299,6,33,2026-06-07T13:45:27.696000+00:00,24.187,38.41,22.524,179.0,180.0,True,85.121,"[2064, 2048, 2048, 2048, 2048, 2048]","[2048, 2048, 2048, 2048, 2048, 2048, 2048, 2048, 2048, 2048]","[2048, 2048, 2048, 2048, 2048, 2048]",265.0
1286,11299,63,33,2026-06-07T13:45:29.480000+00:00,20.682,36.266,20.507,193.0,186.0,False,77.455,"[2048, 2048, 2048, 2048, 2048, 2048]","[2048, 2048, 2049, 2049, 2048, 2048, 2048, 2048, 2048, 2048]","[2048, 2049, 2048, 2048, 2048, 2048]",270.0
1286,11299,30,33,2026-06-07T13:45:32.335000+00:00,20.994,38.959,21.352,184.0,179.0,False,81.305,"[None, 2048, 2049, 2048, 2048, 2048]","[2048, 2048, 2048, 2048, 2048, 2048, 2048, 2048, 2048, 2048]","[2048, 2048, 2048, 2048, 2048, 2048]",271.0
1286,11299,12,34,2026-06-07T13:45:34.684000+00:00,20.075,36.549,20.577,201.0,191.0,False,77.201,"[None, 2048, 2048, 2048, 2048, 2048]","[2048, 2048, 2048, 2048, 2048, 2048, 2048, 2048, 2048, 2048]","[2048, 2048, 2048, 2048, 2048, 2048]",271.0
1286,11299,23,33,2026-06-07T13:45:38.554000+00:00,21.119,37.205,21.184,,180.0,False,79.508,"[None, 2048, 2048, 2048, 2048, 2048]","[2048, 2048, 2048, 2048, 2048, 2048, 2048, 2048, 2048, 2048]","[2048, 2048, 2048, 2048, 2048, 2048]",268.0
1286,11299,55,33,2026-06-07T13:45:40.665000+00:00,20.913,37.777,22.954,193.0,174.0,False,81.644,"[None, 2048, 2048, 2048, 2048, 2048]","[2048, 2048, 2048, 2048, 2048, 2048, 2048, 2048, 2048, 2048]","[2048, 2048, 2048, 2048, 2048, 2048]",272.0
1286,11299,43,33,2026-06-07T13:45:43.623000+00:00,20.858,37.628,21.256,,181.0,False,79.742,"[None, 2048, 2048, 2048, 2048, 2048]","[2048, 2048, 2048, 2048, 2048, 2048, 2048, 2048, 2048, 2048]","[2048, 2048, 2048, 2048, 2048, 2048]",272.0
1286,11299,41,33,2026-06-07T13:45:44.341000+00:00,20.888,37.929,21.257,195.0,179.0,False,80.074,"[None, 2048, 2049, 2048, 2048, 2048]","[2048, 2048, 2048, 2048, 2048, 2049, 2048, 2048, 2048, 2048]","[2048, 2048, 2048, 2048, 2048, 2048]",281.0
1286,11299,27,33,2026-06-07T13:45:46.732000+00:00,20.582,37.132,21.292,206.0,182.0,False,79.006,"[None, 2048, 2048, 2048, 2048, 2048]","[2048, 2048, 2048, 2048, 2048, 2048, 2048, 2048, 2048, 2048]","[2048, 2048, 2048, 2048, 2048, 2048]",273.0
1286,11299,31,33,2026-06-07T13:45:48.204000+00:00,20.816,36.994,21.077,182.0,186.0,False,78.887,"[None, 2048, 2048, 2048, 2048, 2048]","[2048, 2048, 2048, 2048, 2048, 2048, 2048, 2048, 2048, 2048]","[2048, 2048, 2048, 2048, 2048, 2048]",272.0
1286,11299,16,34,2026-06-07T13:45:53.310000+00:00,20.644,36.651,20.612,196.0,189.0,False,77.907,"[None, 2048, 2048, 2048, 2048, 2048]","[2048, 2048, 2048, 2048, 2048, 2048, 2048, 2048, 2048, 2048]","[2048, 2048, 2048, 2048, 2048, 2048]",270.0
1286,11299,44,34,2026-06-07T13:46:07.821000+00:00,20.396,35.999,20.405,197.0,190.0,False,76.8,"[2048, 2048, 2048, 2048, 2048, 2048]","[2048, 2048, 2048, 2048, 2048, 2048, 2048, 2048, 2048, 2048]","[2048, 2048, 2048, 2048, 2048, 2048]",265.0
1286,11299,14,33,2026-06-07T13:46:20.290000+00:00,20.69,37.177,20.829,202.0,186.0,False,78.696,"[2048, 2048, 2048, 2049, 2048, 2048]","[2048, 2048, 2048, 2048, 2048, 2048, 2048, 2048, 2048, 2048]","[2049, 2048, 2048, 2048, 2049, 2048]",265.0
1286,11299,18,33,2026-06-07T13:46:24.267000+00:00,20.918,37.193,21.108,201.0,184.0,False,79.219,"[None, 2048, 2048, 2048, 2048, 2048]","[2048, 2048, 2048, 2048, 2048, 2048, 2048, 2048, 2048, 2048]","[2048, 2048, 2048, 2048, 2048, 2048]",265.0
1286,11299,11,33,2026-06-07T13:46:26.615000+00:00,21.203,37.523,21.191,181.0,181.0,False,79.917,"[None, 2048, 2048, 2048, 2048, 2048]","[2048, 2048, 2048, 2048, 2048, 2048, 2048, 2048, 2048, 2048]","[2048, 2048, 2048, 2048, 2048, 2048]",257.0
1286,11299,81,34,2026-06-07T13:46:30.415000+00:00,20.559,36.916,20.935,194.0,191.0,False,78.41,"[None, 2048, 2048, 2048, 2048, 2048]","[2048, 2048, 2048, 2048, 2048, 2048, 2048, 2048, 2048, 2048]","[2048, 2048, 2048, 2048, 2048, 2048]",269.0
1286,11299,5,33,2026-06-07T13:46:32.478000+00:00,20.601,36.686,20.85,199.0,185.0,False,78.137,"[None, 2048, 2048, 2048, 2048, 2048]","[2048, 2048, 2048, 2048, 2048, 2048, 2048, 2048, 2048, 2048]","[2049, 2049, 2048, 2048, 2048, 2048]",271.0
1286,11299,10,34,2026-06-07T13:46:36.942000+00:00,20.793,36.991,20.875,195.0,185.0,False,78.659,"[None, 2048, 2048, 2048, 2048, 2048]","[2048, 2048, 2048, 2048, 2048, 2048, 2048, 2048, 2048, 2048]","[2048, 2048, 2048, 2048, 2048, 2048]",271.0
1286,11299,1,34,2026-06-07T13:46:38.989000+00:00,20.565,36.469,20.636,195.0,192.0,False,77.67,"[None, 2048, 2048, 2049, 2049, 2048]","[2049, 2048, 2048, 2048, 2048, 2048, 2048, 2048, 2048, 2048]","[2049, 2049, 2049, 2048, 2048, 2048]",268.0
1286,11299,63,34,2026-06-07T13:46:46.848000+00:00,20.233,35.972,20.426,196.0,187.0,False,76.631,"[None, 2048, 2048, 2049, 2048, 2048]","[2049, 2048, 2049, 2049, 2049, 2048, 2048, 2049, 2049, 2048]","[2048, 2049, 2048, 2048, 2048, 2048]",270.0
1286,11299,12,35,2026-06-07T13:46:51.860000+00:00,19.933,35.922,20.336,204.0,193.0,False,76.191,"[None, 2048, 2048, 2048, 2048, 2048]","[2048, 2048, 2048, 2048, 2048, 2048, 2048, 2048, 2049, 2048]","[2048, 2051, 2048, 2048, 2049, 2048]",279.0
1286,11299,6,34,2026-06-07T13:46:52.925000+00:00,20.851,37.173,20.971,191.0,175.0,False,78.995,"[2048, 2048, 2048, 2048, 2048, 2048]","[2048, 2048, 2048, 2048, 2048, 2048, 2048, 2048, 2048, 2048]","[2048, 2048, 2048, 2048, 2048, 2048]",265.0
1286,11299,30,34,2026-06-07T13:46:53.575000+00:00,21.353,37.488,21.108,181.0,185.0,False,79.949,"[None, 2048, 2048, 2048, 2048, 2048]","[2048, 2048, 2048, 2048, 2048, 2048, 2048, 2048, 2048, 2048]","[2048, 2048, 2048, 2048, 2048, 2048]",270.0
1286,11299,23,34,2026-06-07T13:46:58.075000+00:00,21.015,37.422,21.238,,181.0,False,79.675,"[None, 2048, 2048, 2048, 2048, 2048]","[2048, 2048, 2048, 2048, 2048, 2048, 2048, 2048, 2048, 2048]","[2048, 2048, 2048, 2048, 2048, 2048]",267.0
1286,11299,55,34,2026-06-07T13:47:02.314000+00:00,21.567,38.369,21.999,176.0,166.0,False,81.935,"[None, 2048, 2048, 2048, 2048, 2048]","[2048, 2048, 2048, 2048, 2048, 2048, 2048, 2048, 2048, 2048]","[2048, 2048, 2048, 2048, 2048, 2048]",270.0
1286,11299,43,34,2026-06-07T13:47:03.327000+00:00,21.166,38.415,22.146,174.0,181.0,False,81.727,"[None, 2048, 2048, 2048, 2048, 2048]","[2048, 2048, 2048, 2048, 2048, 2048, 2048, 2048, 2048, 2048]","[2048, 2048, 2048, 2048, 2048, 2048]",271.0
1286,11299,41,34,2026-06-07T13:47:04.504000+00:00,21.06,38.017,21.892,190.0,181.0,False,80.969,"[None, 2048, 2048, 2048, 2048, 2048]","[2048, 2048, 2048, 2048, 2048, 2048, 2048, 2048, 2048, 2048]","[2048, 2048, 2048, 2048, 2048, 2049]",272.0
1286,11299,27,34,2026-06-07T13:47:05.693000+00:00,20.731,37.615,21.949,198.0,182.0,False,80.295,"[None, 2048, 2048, 2048, 2048, 2048]","[2048, 2048, 2048, 2048, 2048, 2048, 2048, 2048, 2048, 2048]","[2048, 2048, 2048, 2048, 2048, 2048]",273.0
1286,11299,31,34,2026-06-07T13:47:07.078000+00:00,20.878,37.372,21.507,176.0,186.0,False,79.757,"[None, 2048, 2048, 2048, 2048, 2048]","[2048, 2048, 2048, 2048, 2048, 2048, 2048, 2048, 2048, 2048]","[2048, 2048, 2048, 2048, 2048, 2048]",272.0
1286,11299,16,35,2026-06-07T13:47:11.194000+00:00,20.678,36.922,38.9,194.0,187.0,False,96.5,"[None, 2048, 2048, 2048, 2048, 2048]","[2048, 2048, 2048, 2048, 2048, 2048, 2048, 2048, 2048, 2048]","[2048, 2048, 2048, 2064, 2064, 2064]",271.0
1286,11299,44,35,2026-06-07T13:47:24.653000+00:00,20.37,35.971,20.417,198.0,193.0,False,76.758,"[None, 2048, 2048, 2048, 2048, 2048]","[2048, 2048, 2048, 2048, 2048, 2048, 2048, 2048, 2048, 2048]","[2048, 2048, 2048, 2048, 2048, 2048]",265.0
1286,11299,14,34,2026-06-07T13:47:39.049000+00:00,20.614,37.209,20.931,200.0,185.0,False,78.754,"[2049, 2048, 2048, 2048, 2049, 2048]","[2049, 2048, 2048, 2048, 2048, 2048, 2048, 2048, 2049, 2048]","[2048, 2048, 2048, 2048, 2048, 2048]",265.0
1286,11299,18,34,2026-06-07T13:47:43.444000+00:00,20.753,37.21,20.987,195.0,185.0,False,78.95,"[None, 2048, 2048, 2048, 2048, 2048]","[2048, 2048, 2048, 2048, 2048, 2048, 2049, 2048, 2048, 2049]","[2048, 2048, 2048, 2048, 2048, 2048]",265.0
1286,11299,11,34,2026-06-07T13:47:46.506000+00:00,20.947,37.464,21.57,190.0,183.0,False,79.981,"[None, 2048, 2048, 2048, 2048, 2048]","[2048, 2048, 2048, 2048, 2048, 2048, 2049, 2048, 2048, 2048]","[2048, 2048, 2048, 2048, 2048, 2048]",257.0
1286,11299,81,35,2026-06-07T13:47:48.866000+00:00,20.61,36.992,20.958,193.0,190.0,False,78.56,"[None, 2048, 2048, 2048, 2048, 2048]","[2048, 2048, 2048, 2048, 2048, 2048, 2048, 2048, 2048, 2048]","[2048, 2048, 2048, 2048, 2048, 2048]",270.0
1286,11299,5,34,2026-06-07T13:47:50.569000+00:00,20.607,36.718,20.908,200.0,184.0,False,78.233,"[None, 2048, 2048, 2048, 2048, 2048]","[2048, 2048, 2048, 2048, 2048, 2048, 2048, 2048, 2048, 2048]","[2048, 2048, 2048, 2048, 2048, 2048]",271.0
1286,11299,10,35,2026-06-07T13:47:55.521000+00:00,20.572,36.845,20.915,,188.0,False,78.332,"[None, 2048, 2048, 2048, 2048, 2048]","[2048, 2048, 2048, 2048, 2048, 2048, 2048, 2048, 2048, 2048]","[2048, 2048, 2048, 2048, 2048, 2048]",271.0
1286,11299,1,35,2026-06-07T13:47:56.661000+00:00,20.533,36.554,20.746,197.0,190.0,False,77.833,"[None, 2048, 2048, 2048, 2048, 2048]","[2048, 2049, 2048, 2048, 2048, 2048, 2048, 2048, 2048, 2048]","[2048, 2048, 2049, 2048, 2048, 2048]",270.0
1286,11299,63,35,2026-06-07T13:48:03.541000+00:00,20.2,35.949,20.299,198.0,193.0,False,76.448,"[2049, 2048, 2048, 2048, 2049, 2048]","[2049, 2048, 2048, 2048, 2048, 2048, 2048, 2049, 2049, 2048]","[2051, 2048, 2048, 2049, 2048, 2048]",271.0
1286,11299,12,36,2026-06-07T13:48:08.088000+00:00,20.019,36.076,20.261,203.0,192.0,False,76.356,"[None, 2048, 2048, 2048, 2048, 2048]","[2048, 2048, 2048, 2048, 2048, 2048, 2048, 2048, 2048, 2048]","[2049, 2048, 2048, 2048, 2049, 2048]",271.0
1286,11299,6,35,2026-06-07T13:48:11.885000+00:00,20.517,36.71,20.558,193.0,185.0,False,77.785,"[None, 2048, 2048, 2048, 2048, 2048]","[2049, 2048, 2048, 2048, 2048, 2048, 2048, 2048, 2048, 2048]","[2049, 2049, 2048, 2048, 2048, 2048]",267.0
1286,11299,30,35,2026-06-07T13:48:13.556000+00:00,20.909,37.217,20.844,189.0,186.0,False,78.97,"[None, 2048, 2048, 2048, 2048, 2048]","[2048, 2048, 2048, 2048, 2048, 2048, 2048, 2048, 2048, 2048]","[2048, 2048, 2048, 2048, 2049, 2048]",271.0
1286,11299,23,35,2026-06-07T13:48:17.760000+00:00,21.047,37.495,21.08,192.0,182.0,False,79.622,"[None, 2048, 2049, 2048, 2048, 2048]","[2048, 2048, 2048, 2048, 2048, 2048, 2048, 2048, 2048, 2048]","[2048, 2049, 2048, 2048, 2048, 2048]",267.0
1286,11299,55,35,2026-06-07T13:48:24.307000+00:00,21.546,38.554,21.8,178.0,171.0,False,81.9,"[None, 2048, 2048, 2048, 2048, 2048]","[2048, 2048, 2048, 2048, 2048, 2048, 2048, 2048, 2048, 2048]","[2048, 2048, 2048, 2048, 2048, 2048]",269.0
1286,11299,43,35,2026-06-07T13:48:25.057000+00:00,21.389,38.336,40.124,179.0,177.0,False,99.849,"[None, 2048, 2048, 2048, 2048, 2048]","[2048, 2048, 2048, 2048, 2048, 2048, 2048, 2048, 2048, 2048]","[2048, 2048, 2048, 2064, 2064, 2064]",275.0
1286,11299,41,35,2026-06-07T13:48:25.291000+00:00,21.475,38.448,21.835,177.0,179.0,False,81.758,"[None, 2048, 2048, 2048, 2048, 2048]","[2048, 2048, 2048, 2048, 2048, 2048, 2048, 2048, 2048, 2048]","[2048, 2048, 2048, 2048, 2048, 2048]",279.0
1286,11299,27,35,2026-06-07T13:48:26.119000+00:00,21.161,38.549,21.874,184.0,181.0,False,81.584,"[None, 2048, 2048, 2048, 2048, 2048]","[2048, 2048, 2048, 2048, 2048, 2048, 2048, 2048, 2048, 2048]","[2048, 2048, 2048, 2048, 2048, 2048]",282.0
1286,11299,31,35,2026-06-07T13:48:26.775000+00:00,21.341,38.206,21.941,164.0,180.0,False,81.488,"[None, 2048, 2048, 2048, 2048, 2048]","[2048, 2048, 2048, 2048, 2048, 2048, 2048, 2048, 2048, 2048]","[2048, 2048, 2048, 2048, 2048]",272.0
1286,11299,44,36,2026-06-07T13:48:41.238000+00:00,20.288,35.903,20.375,201.0,192.0,False,76.566,"[None, 2048, 2048, 2048, 2049, 2048]","[2048, 2048, 2048, 2048, 2051, 2048, 2048, 2048, 2048, 2049]","[2048, 2048, 2048, 2048, 2048, 2048]",265.0
1286,11299,16,36,2026-06-07T13:48:47.785000+00:00,25.177,37.496,20.753,179.0,180.0,True,83.426,"[2064, 2048, 2048, 2048, 2048, 2048]","[2048, 2048, 2048, 2048, 2048, 2048, 2048, 2048, 2048, 2048]","[2048, 2048, 2048, 2048, 2048, 2048]",268.0
1286,11299,14,35,2026-06-07T13:48:57.785000+00:00,20.631,37.397,21.109,197.0,183.0,False,79.137,"[2048, 2048, 2049, 2048, 2048, 2048]","[2048, 2048, 2048, 2048, 2048, 2048, 2048, 2048, 2048, 2048]","[2048, 2048, 2048, 2048, 2048]",266.0
1286,11299,18,35,2026-06-07T13:49:02.441000+00:00,20.798,37.245,21.056,198.0,183.0,False,79.099,"[None, 2048, 2048, 2048, 2048, 2048]","[2048, 2048, 2048, 2048, 2048, 2048, 2048, 2048, 2048, 2048]","[2048, 2048, 2048, 2048, 2048, 2048]",265.0
1286,11299,11,35,2026-06-07T13:49:06.488000+00:00,23.064,36.89,21.522,188.0,175.0,False,81.476,"[None, 2048, 2048, 2048, 2048, 2048]","[2048, 2048, 2048, 2048, 2048, 2048, 2048, 2049, 2048, 2048]","[2048, 2048, 2048, 2048, 2048, 2048]",259.0
1286,11299,81,36,2026-06-07T13:49:07.410000+00:00,20.714,36.847,20.763,195.0,193.0,False,78.324,"[None, 2048, 2048, 2048, 2048, 2048]","[2048, 2048, 2048, 2048, 2048, 2048, 2048, 2048, 2048, 2048]","[2048, 2048, 2048, 2048, 2048, 2048]",269.0
1286,11299,5,35,2026-06-07T13:49:08.816000+00:00,21.214,37.679,21.12,182.0,184.0,False,80.013,"[None, 2048, 2048, 2048, 2048, 2048]","[2048, 2048, 2048, 2048, 2048, 2048, 2048, 2048, 2048, 2048]","[2048, 2048, 2048, 2048, 2048, 2049]",270.0
1286,11299,10,36,2026-06-07T13:49:13.839000+00:00,20.577,36.834,20.767,194.0,185.0,False,78.178,"[None, 2048, 2049, 2048, 2048, 2048]","[2048, 2048, 2048, 2048, 2048, 2048, 2048, 2048, 2048, 2048]","[2048, 2048, 2048, 2048, 2048, 2048]",272.0
1286,11299,1,36,2026-06-07T13:49:14.591000+00:00,20.542,36.866,20.816,193.0,190.0,False,78.224,"[None, 2049, 2048, 2048, 2048, 2048]","[2048, 2048, 2048, 2048, 2048, 2048, 2048, 2048, 2048, 2048]","[2048, 2048, 2048, 2048, 2048, 2048]",274.0
1286,11299,63,36,2026-06-07T13:49:19.955000+00:00,20.023,35.885,20.335,205.0,190.0,False,76.243,"[None, 2051, 2048, 2048, 2049, 2051]","[2049, 2048, 2048, 2048, 2049, 2048, 2049, 2048, 2048, 2048]","[2048, 2048, 2048, 2049, 2048, 2048]",271.0
1286,11299,12,37,2026-06-07T13:49:24.450000+00:00,20.039,36.09,37.466,202.0,193.0,False,93.595,"[None, 2048, 2048, 2048, 2048, 2048]","[2048, 2048, 2048, 2048, 2048, 2048, 2048, 2048, 2048, 2048]","[2048, 2048, 2048, 2064, 2064, 2064]",272.0
1286,11299,6,36,2026-06-07T13:49:29.754000+00:00,20.357,36.851,20.498,198.0,186.0,False,77.706,"[None, 2048, 2048, 2048, 2048, 2048]","[2048, 2048, 2048, 2048, 2048, 2048, 2048, 2048, 2048, 2048]","[2049, 2049, 2048, 2048, 2048, 2048]",267.0
1286,11299,30,36,2026-06-07T13:49:32.473000+00:00,20.827,36.947,20.86,,187.0,False,78.634,"[None, 2048, 2049, 2049, 2048, 2048]","[2048, 2048, 2048, 2048, 2048, 2048, 2048, 2048, 2048, 2048]","[2048, 2048, 2048, 2049, 2049, 2048]",271.0
1286,11299,23,36,2026-06-07T13:49:37.379000+00:00,20.847,37.403,21.076,197.0,182.0,False,79.326,"[None, 2048, 2048, 2048, 2048, 2048]","[2048, 2048, 2048, 2048, 2048, 2048, 2048, 2048, 2048, 2048]","[2048, 2048, 2048, 2048, 2048, 2048]",266.0
1286,11299,55,36,2026-06-07T13:49:46.098000+00:00,21.502,38.225,21.873,183.0,171.0,False,81.6,"[None, 2048, 2048, 2048, 2048, 2048]","[2048, 2048, 2048, 2048, 2048, 2048, 2048, 2048, 2048, 2048]","[2048, 2048, 2048, 2048, 2048, 2048]",268.0
1286,11299,41,36,2026-06-07T13:49:47.145000+00:00,21.08,38.068,21.926,193.0,180.0,False,81.074,"[None, 2048, 2048, 2048, 2048, 2048]","[2048, 2048, 2048, 2048, 2048, 2048, 2048, 2048, 2048, 2048]","[2048, 2048, 2048, 2048, 2048, 2048]",280.0
1286,11299,27,36,2026-06-07T13:49:47.535000+00:00,20.904,38.082,21.95,189.0,181.0,False,80.936,"[None, 2048, 2048, 2048, 2048, 2048]","[2048, 2048, 2048, 2048, 2048, 2048, 2048, 2048, 2048, 2048]","[2048, 2048, 2048, 2048, 2049, 2051]",282.0
1286,11299,31,36,2026-06-07T13:49:48.191000+00:00,21.114,37.842,22.019,168.0,184.0,False,80.975,"[None, 2048, 2049, 2048, 2048, 2048]","[2048, 2048, 2048, 2048, 2048, 2048, 2048, 2048, 2048, 2048]","[2048, 2048, 2048, 2048, 2048, 2048]",279.0
1286,11299,44,37,2026-06-07T13:49:57.910000+00:00,20.607,36.186,20.641,190.0,189.0,False,77.434,"[None, 2048, 2048, 2048, 2048, 2048]","[2048, 2048, 2048, 2048, 2048, 2048, 2048, 2048, 2048, 2048]","[2048, 2048, 2048, 2048, 2048, 2048]",259.0
1286,11299,43,36,2026-06-07T13:50:04.988000+00:00,23.894,37.116,20.413,182.0,188.0,True,81.423,"[2064, 2048, 2048, 2048, 2048, 2048]","[2048, 2048, 2048, 2049, 2048, 2048, 2048, 2048, 2049, 2049]","[2049, 2049, 2049, 2049, 2049, 2048]",267.0
1286,11299,16,37,2026-06-07T13:50:11.051000+00:00,20.58,36.701,20.371,194.0,184.0,False,77.652,"[2048, 2048, 2048, 2048, 2048, 2048]","[2048, 2048, 2048, 2048, 2048, 2048, 2048, 2048, 2048, 2048]","[2048, 2049, 2048, 2048, 2048, 2048]",258.0
1286,11299,14,36,2026-06-07T13:50:16.895000+00:00,20.694,37.281,20.936,199.0,182.0,False,78.911,"[None, 2049, 2048, 2048, 2048, 2048]","[2048, 2048, 2048, 2048, 2048, 2048, 2048, 2048, 2048, 2048]","[2048, 2048, 2048, 2048, 2048, 2048]",266.0
1286,11299,18,36,2026-06-07T13:50:21.451000+00:00,20.721,37.194,20.93,202.0,184.0,False,78.845,"[None, 2049, 2048, 2048, 2048, 2048]","[2048, 2048, 2048, 2048, 2048, 2048, 2049, 2048, 2048, 2048]","[2049, 2048, 2048, 2048, 2048, 2048]",266.0
1286,11299,81,37,2026-06-07T13:50:25.634000+00:00,20.442,36.757,20.719,199.0,192.0,False,77.918,"[None, 2048, 2048, 2048, 2048, 2048]","[2048, 2048, 2048, 2048, 2048, 2048, 2048, 2048, 2048, 2048]","[2048, 2048, 2048, 2048, 2048, 2048]",270.0
1286,11299,11,36,2026-06-07T13:50:28.023000+00:00,21.124,37.422,21.205,190.0,180.0,False,79.751,"[None, 2048, 2048, 2048, 2048, 2048]","[2048, 2048, 2048, 2048, 2048, 2048, 2048, 2048, 2048, 2048]","[2048, 2048, 2048, 2048, 2048, 2048]",259.0
1286,11299,5,36,2026-06-07T13:50:28.845000+00:00,20.845,37.476,21.35,185.0,180.0,False,79.671,"[None, 2048, 2049, 2048, 2048, 2048]","[2048, 2048, 2048, 2048, 2048, 2048, 2048, 2048, 2048, 2048]","[2048, 2048, 2048, 2048, 2048, 2048]",275.0
1286,11299,10,37,2026-06-07T13:50:32.039000+00:00,20.681,37.176,21.092,197.0,187.0,False,78.949,"[None, 2048, 2048, 2048, 2048, 2048]","[2048, 2048, 2048, 2048, 2048, 2048, 2048, 2048, 2048, 2048]","[2048, 2048, 2048, 2048, 2048, 2048]",272.0
1286,11299,1,37,2026-06-07T13:50:32.757000+00:00,20.564,37.024,21.151,192.0,188.0,False,78.739,"[None, 2048, 2048, 2048, 2048, 2048]","[2048, 2048, 2048, 2048, 2048, 2048, 2048, 2048, 2048, 2048]","[2048, 2048, 2048, 2048, 2048, 2048]",274.0
1286,11299,63,37,2026-06-07T13:50:36.289000+00:00,20.224,36.274,20.528,196.0,190.0,False,77.026,"[2048, 2048, 2048, 2048, 2048, 2048]","[2048, 2048, 2048, 2049, 2048, 2048, 2048, 2048, 2048, 2048]","[2048, 2048, 2048, 2048, 2048, 2048]",272.0
1286,11299,6,37,2026-06-07T13:50:47.445000+00:00,20.349,36.906,20.656,199.0,185.0,False,77.911,"[None, 2048, 2048, 2048, 2048, 2048]","[2048, 2048, 2048, 2048, 2049, 2048, 2048, 2048, 2048, 2048]","[2048, 2049, 2048, 2048, 2048, 2048]",264.0
1286,11299,30,37,2026-06-07T13:50:51.101000+00:00,20.684,37.093,20.825,194.0,187.0,False,78.602,"[None, 2048, 2049, 2048, 2048, 2048]","[2048, 2048, 2048, 2048, 2048, 2048, 2048, 2048, 2048, 2048]","[2048, 2048, 2048, 2048, 2048, 2048]",270.0
1286,11299,23,37,2026-06-07T13:50:56.773000+00:00,20.827,37.43,21.179,199.0,182.0,False,79.436,"[None, 2048, 2048, 2048, 2048, 2048]","[2048, 2048, 2048, 2048, 2048, 2048, 2048, 2048, 2048, 2048]","[2049, 2048, 2048, 2048, 2048, 2048]",268.0
1286,11299,12,38,2026-06-07T13:50:58.117000+00:00,24.422,37.245,20.547,187.0,185.0,True,82.214,"[2064, 2048, 2048, 2048, 2048, 2048]","[2048, 2048, 2048, 2048, 2048, 2048, 2048, 2048, 2048, 2048]","[2048, 2048, 2048, 2048, 2048, 2048]",268.0
1286,11299,55,37,2026-06-07T13:51:07.778000+00:00,21.263,38.128,21.834,185.0,174.0,False,81.225,"[None, 2048, 2048, 2048, 2048, 2048]","[2048, 2048, 2048, 2048, 2048, 2048, 2048, 2048, 2048, 2048]","[2048, 2048, 2048, 2048, 2048, 2048]",269.0
1286,11299,41,37,2026-06-07T13:51:08.190000+00:00,21.213,38.133,21.776,189.0,180.0,False,81.122,"[None, 2048, 2049, 2048, 2048, 2048]","[2048, 2048, 2048, 2048, 2048, 2049, 2048, 2048, 2048, 2048]","[2048, 2048, 2048, 2048, 2048, 2048]",281.0
1286,11299,27,37,2026-06-07T13:51:08.584000+00:00,21.252,38.105,21.807,191.0,180.0,False,81.164,"[None, 2048, 2048, 2048, 2048, 2048]","[2048, 2048, 2048, 2048, 2048, 2048, 2048, 2048, 2048, 2048]","[2048, 2048, 2048, 2048, 2048, 2048]",282.0
1286,11299,31,37,2026-06-07T13:51:09.251000+00:00,21.337,37.987,21.847,175.0,183.0,False,81.171,"[None, 2048, 2048, 2048, 2048, 2048]","[2048, 2048, 2048, 2048, 2048, 2049, 2048, 2048, 2048, 2048]","[2048, 2048, 2048, 2048, 2048, 2048]",280.0
1286,11299,44,38,2026-06-07T13:51:15.377000+00:00,20.543,36.272,20.561,181.0,189.0,False,77.376,"[None, 2048, 2048, 2048, 2048, 2048]","[2048, 2048, 2048, 2048, 2048, 2048, 2048, 2048, 2048, 2048]","[2048, 2048, 2048, 2048, 2048, 2048]",260.0
1286,11299,43,37,2026-06-07T13:51:26.376000+00:00,20.337,36.528,20.553,194.0,190.0,False,77.418,"[2048, 2048, 2048, 2049, 2049, 2049]","[2048, 2048, 2049, 2048, 2048, 2048, 2048, 2049, 2049, 2049]","[2048, 2048, 2048, 2048, 2048, 2048]",271.0
1286,11299,16,38,2026-06-07T13:51:28.792000+00:00,20.324,36.166,20.382,196.0,187.0,False,76.872,"[2049, 2048, 2048, 2049, 2048, 2048]","[2048, 2048, 2049, 2051, 2048, 2048, 2048, 2048, 2048, 2049]","[2048, 2049, 2048, 2048, 2048, 2048]",257.0
1286,11299,14,37,2026-06-07T13:51:35.839000+00:00,20.814,37.24,20.956,196.0,183.0,False,79.01,"[None, 2048, 2048, 2048, 2048, 2048]","[2048, 2048, 2048, 2048, 2048, 2048, 2048, 2048, 2048, 2048]","[2048, 2048, 2048, 2048, 2049, 2048]",266.0
1286,11299,18,37,2026-06-07T13:51:40.276000+00:00,20.706,36.363,21.939,201.0,153.0,False,79.008,"[2049, 2048, 2048, 2048, 2048, 2048]","[2048, 2048, 2048, 2048, 2048, 2048, 2049, 2051, 2049, 2048]","[2048, 2048, 2048, 2048, 2048, 2048]",266.0
1286,11299,81,38,2026-06-07T13:51:43.651000+00:00,20.629,36.802,20.856,191.0,191.0,False,78.287,"[None, 2048, 2048, 2048, 2048, 2048]","[2048, 2048, 2048, 2048, 2048, 2048, 2048, 2048, 2048, 2048]","[2048, 2048, 2048, 2048, 2048, 2048]",271.0
1286,11299,11,37,2026-06-07T13:51:47.729000+00:00,21.065,37.443,21.291,188.0,183.0,False,79.799,"[None, 2048, 2048, 2048, 2048, 2048]","[2048, 2048, 2048, 2048, 2048, 2048, 2048, 2048, 2048, 2048]","[2048, 2048, 2048, 2048, 2048, 2048]",258.0
1286,11299,5,37,2026-06-07T13:51:48.526000+00:00,20.873,37.429,21.603,187.0,184.0,False,79.905,"[None, 2048, 2048, 2048, 2048, 2048]","[2048, 2048, 2048, 2048, 2048, 2048, 2048, 2048, 2048, 2048]","[2048, 2048, 2048, 2048, 2048, 2048]",275.0
1286,11299,10,38,2026-06-07T13:51:50.964000+00:00,20.706,37.063,21.299,,184.0,False,79.068,"[None, 2048, 2048, 2048, 2048, 2048]","[2048, 2048, 2048, 2048, 2048, 2048, 2048, 2048, 2048, 2048]","[2048, 2048, 2048, 2048, 2048, 2048]",272.0
1286,11299,1,38,2026-06-07T13:51:51.464000+00:00,20.732,36.97,21.306,189.0,191.0,False,79.008,"[None, 2048, 2048, 2048, 2048, 2048]","[2048, 2048, 2048, 2048, 2048, 2048, 2048, 2048, 2048, 2048]","[2048, 2048, 2048, 2048, 2048, 2048]",275.0
1286,11299,63,38,2026-06-07T13:51:53.323000+00:00,20.396,36.536,20.889,190.0,189.0,False,77.821,"[None, 2048, 2048, 2048, 2048, 2048]","[2048, 2048, 2048, 2048, 2048, 2048, 2048, 2048, 2048, 2048]","[2048, 2048, 2048, 2048, 2048, 2048]",272.0
1286,11299,6,38,2026-06-07T13:52:05.276000+00:00,20.499,36.66,20.619,,186.0,False,77.778,"[None, 2048, 2048, 2048, 2048, 2048]","[2049, 2048, 2048, 2049, 2048, 2048, 2048, 2048, 2048, 2048]","[2048, 2048, 2048, 2048, 2048, 2048]",264.0
1286,11299,30,38,2026-06-07T13:52:09.698000+00:00,20.69,36.955,20.806,196.0,188.0,False,78.451,"[None, 2048, 2049, 2048, 2048, 2048]","[2048, 2048, 2048, 2048, 2048, 2048, 2048, 2048, 2048, 2048]","[2049, 2048, 2048, 2048, 2048, 2048]",270.0
1286,11299,23,38,2026-06-07T13:52:16.144000+00:00,20.89,37.749,21.252,,180.0,False,79.891,"[None, 2048, 2048, 2048, 2048, 2048]","[2048, 2048, 2048, 2048, 2048, 2048, 2048, 2048, 2048, 2048]","[2048, 2048, 2048, 2048, 2048, 2048]",265.0
1286,11299,12,39,2026-06-07T13:52:20.206000+00:00,20.281,36.119,20.406,197.0,188.0,False,76.806,"[2048, 2048, 2048, 2048, 2048, 2048]","[2048, 2048, 2048, 2048, 2048, 2048, 2048, 2048, 2048, 2048]","[2048, 2048, 2048, 2048, 2049, 2048]",269.0
1286,11299,55,38,2026-06-07T13:52:29.012000+00:00,21.429,38.215,21.808,190.0,178.0,False,81.452,"[None, 2048, 2048, 2048, 2048, 2048]","[2048, 2048, 2048, 2048, 2048, 2048, 2048, 2048, 2048, 2048]","[2048, 2048, 2048, 2048, 2048, 2048]",267.0
1286,11299,41,38,2026-06-07T13:52:29.261000+00:00,21.529,38.14,22.074,190.0,179.0,False,81.743,"[None, 2048, 2048, 2048, 2048, 2048]","[2048, 2048, 2048, 2048, 2048, 2049, 2048, 2048, 2048, 2048]","[2048, 2048, 2048, 2048, 2048, 2048]",280.0
1286,11299,27,38,2026-06-07T13:52:29.745000+00:00,21.39,38.406,22.906,188.0,166.0,False,82.702,"[None, 2048, 2048, 2048, 2048, 2048]","[2048, 2048, 2048, 2048, 2048, 2048, 2048, 2048, 2048, 2048]","[2048, 2048, 2048, 2048, 2048, 2048]",281.0
1286,11299,31,38,2026-06-07T13:52:30.511000+00:00,21.396,39.501,21.745,169.0,181.0,False,82.642,"[None, 2048, 2048, 2048, 2048, 2048]","[2048, 2048, 2048, 2048, 2048, 2048, 2048, 2048, 2048, 2048]","[2048, 2048, 2048, 2048, 2048, 2049]",266.0
1286,11299,44,39,2026-06-07T13:52:32.745000+00:00,20.708,36.84,20.923,189.0,187.0,False,78.471,"[None, 2048, 2048, 2048, 2048, 2048]","[2048, 2048, 2048, 2048, 2048, 2048, 2048, 2048, 2048, 2048]","[2048, 2048, 2048, 2048, 2048, 2049]",259.0
1286,11299,43,38,2026-06-07T13:52:43.683000+00:00,20.149,36.342,20.361,200.0,190.0,False,76.852,"[None, 2049, 2048, 2049, 2049, 2049]","[2049, 2048, 2048, 2049, 2048, 2048, 2048, 2048, 2051, 2048]","[2049, 2049, 2049, 2049, 2048, 2048]",271.0
1286,11299,16,39,2026-06-07T13:52:45.620000+00:00,20.175,36.023,20.371,200.0,188.0,False,76.569,"[None, 2048, 2048, 2049, 2048, 2048]","[2048, 2048, 2049, 2048, 2048, 2048, 2048, 2048, 2048, 2048]","[2048, 2048, 2048, 2048, 2049, 2048]",260.0
1286,11299,14,38,2026-06-07T13:52:54.761000+00:00,20.738,37.236,20.924,,182.0,False,78.898,"[None, 2048, 2048, 2048, 2048, 2048]","[2048, 2048, 2048, 2048, 2049, 2048, 2048, 2048, 2048, 2048]","[2048, 2048, 2048, 2048, 2049, 2048]",267.0
1286,11299,18,38,2026-06-07T13:52:59.355000+00:00,20.729,37.07,21.393,199.0,180.0,False,79.192,"[2048, 2048, 2049, 2048, 2048, 2048]","[2048, 2048, 2048, 2048, 2048, 2048, 2048, 2048, 2048, 2048]","[2048, 2048, 2048, 2048, 2048, 2048]",266.0
1286,11299,81,39,2026-06-07T13:53:01.886000+00:00,20.562,36.796,20.813,193.0,190.0,False,78.171,"[None, 2048, 2048, 2048, 2048, 2048]","[2048, 2048, 2048, 2048, 2048, 2048, 2048, 2048, 2048, 2048]","[2048, 2048, 2048, 2048, 2048, 2048]",270.0
1286,11299,11,38,2026-06-07T13:53:07.605000+00:00,21.08,37.219,21.071,189.0,183.0,False,79.37,"[None, 2048, 2048, 2048, 2048, 2048]","[2048, 2048, 2048, 2048, 2048, 2048, 2048, 2048, 2048, 2048]","[2048, 2048, 2048, 2048, 2048, 2048]",258.0
1286,11299,5,38,2026-06-07T13:53:08.355000+00:00,20.968,37.338,23.63,193.0,182.0,False,81.936,"[None, 2048, 2048, 2048, 2048, 2048]","[2048, 2048, 2048, 2048, 2048, 2048, 2048, 2048, 2048, 2048]","[2048, 2048, 2048, 2048, 2048, 2048]",279.0
1286,11299,10,39,2026-06-07T13:53:10.152000+00:00,20.758,37.083,21.386,195.0,185.0,False,79.227,"[None, 2048, 2048, 2048, 2048, 2048]","[2048, 2048, 2048, 2048, 2048, 2048, 2048, 2048, 2048, 2048]","[2048, 2048, 2048, 2048, 2048, 2048]",272.0
1286,11299,1,39,2026-06-07T13:53:10.558000+00:00,20.905,37.081,21.325,186.0,192.0,False,79.311,"[None, 2048, 2048, 2048, 2048, 2048]","[2048, 2048, 2048, 2048, 2048, 2048, 2048, 2048, 2048, 2048]","[2048, 2048, 2048, 2048, 2048, 2048]",273.0
1286,11299,63,39,2026-06-07T13:53:11.152000+00:00,20.777,37.194,21.118,181.0,185.0,False,79.089,"[None, 2048, 2048, 2048, 2048, 2048]","[2048, 2048, 2048, 2048, 2048, 2048, 2048, 2048, 2048, 2048]","[2048, 2048, 2048, 2048, 2051, 2049]",272.0
1286,11299,6,39,2026-06-07T13:53:23.152000+00:00,20.439,36.486,20.404,201.0,188.0,False,77.329,"[None, 2048, 2048, 2048, 2048, 2048]","[2049, 2048, 2048, 2048, 2048, 2048, 2048, 2048, 2048, 2049]","[2049, 2049, 2048, 2048, 2048, 2048]",264.0
1286,11299,30,39,2026-06-07T13:53:28.105000+00:00,20.733,36.872,20.844,197.0,189.0,False,78.449,"[None, 2048, 2048, 2048, 2048, 2048]","[2048, 2048, 2048, 2048, 2048, 2048, 2048, 2048, 2048, 2048]","[2048, 2048, 2048, 2048, 2048, 2048]",271.0
1286,11299,23,39,2026-06-07T13:53:36.025000+00:00,23.332,38.074,21.366,191.0,180.0,False,82.772,"[None, 2048, 2048, 2048, 2048, 2048]","[2048, 2048, 2048, 2048, 2048, 2048, 2048, 2048, 2048, 2048]","[2048, 2048, 2048, 2048, 2048, 2048]",265.0
1286,11299,12,40,2026-06-07T13:53:37.073000+00:00,20.387,36.0,20.37,203.0,190.0,False,76.757,"[None, 2048, 2048, 2048, 2048, 2048]","[2048, 2048, 2048, 2048, 2048, 2048, 2048, 2048, 2048, 2048]","[2048, 2051, 2048, 2048, 2048, 2048]",268.0
1286,11299,55,39,2026-06-07T13:53:50.330000+00:00,22.699,38.489,21.894,175.0,172.0,False,83.082,"[None, 2048, 2048, 2048, 2048, 2048]","[2048, 2048, 2048, 2048, 2048, 2048, 2048, 2048, 2048, 2048]","[2048, 2048, 2048, 2048, 2048, 2048]",270.0
1286,11299,41,39,2026-06-07T13:53:51.033000+00:00,22.415,38.529,21.907,184.0,178.0,False,82.851,"[None, 2048, 2048, 2048, 2048, 2048]","[2048, 2048, 2048, 2048, 2048, 2048, 2048, 2048, 2048, 2048]","[2048, 2048, 2048, 2048, 2048, 2048]",279.0
1286,11299,44,40,2026-06-07T13:53:51.330000+00:00,20.805,36.344,20.534,174.0,188.0,False,77.683,"[None, 2048, 2048, 2048, 2048, 2048]","[2048, 2048, 2048, 2048, 2048, 2048, 2048, 2048, 2048, 2048]","[2048, 2048, 2048, 2048, 2048, 2048]",259.0
1286,11299,27,39,2026-06-07T13:53:52.408000+00:00,21.404,38.541,22.016,183.0,178.0,False,81.961,"[None, 2048, 2048, 2048, 2048, 2048]","[2048, 2048, 2048, 2048, 2048, 2048, 2048, 2048, 2048, 2048]","[2048, 2048, 2048, 2048, 2048, 2048]",282.0
1286,11299,31,39,2026-06-07T13:53:53.033000+00:00,21.47,38.473,21.928,166.0,179.0,False,81.871,"[None, 2048, 2048, 2048, 2048, 2048]","[2048, 2048, 2048, 2048, 2048, 2048, 2048, 2048, 2048, 2048]","[2048, 2048, 2048, 2048, 2048, 2049]",276.0
1286,11299,43,39,2026-06-07T13:54:00.673000+00:00,20.33,38.49,21.237,201.0,184.0,False,80.057,"[None, 2048, 2048, 2048, 2048, 2048]","[2048, 2048, 2048, 2048, 2048, 2048, 2048, 2048, 2048, 2048]","[2048, 2048, 2048, 2048, 2048, 2048]",269.0
1286,11299,16,40,2026-06-07T13:54:02.173000+00:00,20.104,35.945,20.515,204.0,186.0,False,76.564,"[2048, 2048, 2048, 2049, 2048, 2049]","[2048, 2048, 2048, 2048, 2048, 2048, 2048, 2048, 2048, 2049]","[2048, 2048, 2048, 2048, 2048, 2048]",271.0
1286,11299,14,39,2026-06-07T13:54:13.767000+00:00,20.656,37.276,20.964,,184.0,False,78.896,"[None, 2048, 2048, 2048, 2048, 2048]","[2048, 2048, 2048, 2048, 2048, 2048, 2048, 2048, 2048, 2048]","[2048, 2049, 2048, 2048, 2048, 2048]",266.0
1286,11299,18,39,2026-06-07T13:54:18.580000+00:00,20.803,37.228,21.205,198.0,184.0,False,79.236,"[None, 2048, 2049, 2048, 2048, 2048]","[2048, 2048, 2048, 2048, 2048, 2048, 2048, 2048, 2048, 2048]","[2048, 2048, 2048, 2048, 2048, 2048]",266.0
1286,11299,81,40,2026-06-07T13:54:20.127000+00:00,20.831,37.264,21.254,,187.0,False,79.349,"[None, 2048, 2048, 2048, 2048, 2048]","[2048, 2048, 2048, 2048, 2048, 2048, 2048, 2048, 2048, 2048]","[2048, 2048, 2048, 2048, 2048, 2048]",270.0
1286,11299,11,39,2026-06-07T13:54:26.955000+00:00,21.168,37.781,22.738,186.0,177.0,False,81.687,"[None, 2048, 2048, 2048, 2048, 2048]","[2048, 2048, 2048, 2048, 2048, 2048, 2048, 2048, 2048, 2048]","[2048, 2048, 2048, 2048, 2048, 2048]",257.0
1286,11299,10,40,2026-06-07T13:54:29.314000+00:00,20.673,37.145,21.206,,186.0,False,79.024,"[None, 2048, 2048, 2048, 2048, 2048]","[2048, 2048, 2048, 2048, 2048, 2048, 2048, 2048, 2048, 2048]","[2048, 2048, 2048, 2048, 2048, 2049]",271.0
1286,11299,1,40,2026-06-07T13:54:29.861000+00:00,20.672,37.148,21.128,192.0,186.0,False,78.948,"[None, 2048, 2048, 2048, 2048, 2048]","[2048, 2048, 2048, 2048, 2048, 2048, 2048, 2048, 2048, 2048]","[2048, 2048, 2048, 2048, 2048, 2048]",279.0
1286,11299,63,40,2026-06-07T13:54:30.158000+00:00,20.841,37.047,21.182,184.0,184.0,False,79.07,"[None, 2048, 2048, 2048, 2048, 2048]","[2048, 2048, 2048, 2048, 2048, 2048, 2048, 2048, 2048, 2048]","[2048, 2048, 2048, 2048, 2048, 2048]",280.0
1286,11299,5,39,2026-06-07T13:54:30.439000+00:00,21.762,37.442,21.165,185.0,182.0,False,80.369,"[None, 2048, 2048, 2048, 2048, 2048]","[2048, 2048, 2048, 2048, 2048, 2048, 2048, 2048, 2048, 2048]","[2048, 2048, 2048, 2048, 2048, 2048]",279.0
1286,11299,6,40,2026-06-07T13:54:40.377000+00:00,20.234,36.449,20.701,199.0,186.0,False,77.384,"[2049, 2048, 2048, 2048, 2048, 2048]","[2049, 2049, 2049, 2049, 2048, 2048, 2049, 2048, 2048, 2048]","[2048, 2048, 2048, 2048, 2048, 2048]",265.0
1286,11299,30,40,2026-06-07T13:54:46.614000+00:00,20.797,37.003,20.776,194.0,187.0,False,78.576,"[None, 2048, 2048, 2048, 2048, 2048]","[2048, 2048, 2048, 2048, 2048, 2048, 2048, 2048, 2048, 2048]","[2049, 2048, 2048, 2048, 2049, 2048]",270.0
1286,11299,12,41,2026-06-07T13:54:53.767000+00:00,20.033,35.827,20.206,202.0,192.0,False,76.066,"[None, 2048, 2048, 2048, 2048, 2048]","[2048, 2048, 2048, 2048, 2048, 2048, 2048, 2048, 2048, 2051]","[2048, 2051, 2048, 2048, 2048, 2048]",269.0
1286,11299,23,40,2026-06-07T13:54:58.814000+00:00,21.001,37.546,21.184,199.0,183.0,False,79.731,"[None, 2048, 2048, 2048, 2048, 2048]","[2048, 2048, 2048, 2048, 2048, 2048, 2048, 2048, 2048, 2048]","[2048, 2048, 2048, 2048, 2048, 2048]",265.0
1286,11299,44,41,2026-06-07T13:55:08.892000+00:00,20.672,36.327,20.39,178.0,192.0,False,77.389,"[None, 2048, 2048, 2048, 2048, 2048]","[2048, 2048, 2048, 2048, 2048, 2048, 2048, 2048, 2048, 2048]","[2048, 2048, 2048, 2048, 2048, 2048]",257.0
1286,11299,55,40,2026-06-07T13:55:13.517000+00:00,21.269,38.686,21.872,181.0,171.0,False,81.827,"[None, 2048, 2048, 2048, 2048, 2048]","[2048, 2048, 2048, 2048, 2048, 2048, 2048, 2048, 2048, 2048]","[2048, 2048, 2048, 2048, 2048, 2048]",269.0
1286,11299,41,40,2026-06-07T13:55:13.861000+00:00,21.287,38.552,21.974,191.0,174.0,False,81.813,"[None, 2048, 2048, 2048, 2048, 2048]","[2048, 2048, 2048, 2048, 2048, 2048, 2048, 2048, 2048, 2048]","[2048, 2048, 2048, 2048, 2048, 2048]",280.0
1286,11299,27,40,2026-06-07T13:55:14.346000+00:00,21.133,38.525,22.774,190.0,180.0,False,82.432,"[None, 2048, 2048, 2048, 2048, 2048]","[2048, 2048, 2048, 2048, 2048, 2048, 2048, 2048, 2048, 2048]","[2048, 2048, 2048, 2048, 2048, 2048]",281.0
1286,11299,31,40,2026-06-07T13:55:14.986000+00:00,21.34,39.966,21.677,167.0,178.0,False,82.983,"[None, 2048, 2048, 2048, 2048, 2048]","[2048, 2048, 2048, 2048, 2048, 2048, 2048, 2048, 2048, 2048]","[2048, 2048, 2048, 2048, 2048, 2048]",278.0
1286,11299,16,41,2026-06-07T13:55:18.767000+00:00,20.324,36.536,21.012,199.0,185.0,False,77.872,"[None, 2048, 2048, 2048, 2048, 2048]","[2048, 2048, 2048, 2048, 2048, 2048, 2048, 2048, 2048, 2048]","[2048, 2048, 2048, 2048, 2048, 2049]",259.0
1286,11299,43,40,2026-06-07T13:55:20.721000+00:00,20.46,37.326,21.304,187.0,180.0,False,79.09,"[None, 2049, 2048, 2048, 2048, 2048]","[2048, 2048, 2048, 2048, 2048, 2048, 2048, 2048, 2048, 2048]","[2048, 2048, 2048, 2048, 2048, 2048]",272.0
1286,11299,14,40,2026-06-07T13:55:32.596000+00:00,20.774,37.345,20.901,199.0,184.0,False,79.02,"[None, 2048, 2048, 2049, 2048, 2048]","[2048, 2048, 2048, 2048, 2048, 2048, 2048, 2048, 2048, 2048]","[2048, 2049, 2048, 2048, 2048, 2048]",267.0
1286,11299,18,40,2026-06-07T13:55:37.705000+00:00,23.934,37.731,21.15,184.0,185.0,False,82.815,"[None, 2048, 2048, 2048, 2048, 2048]","[2048, 2048, 2048, 2048, 2048, 2048, 2048, 2048, 2048, 2048]","[2048, 2048, 2048, 2048, 2048, 2048]",266.0
1286,11299,81,41,2026-06-07T13:55:39.516000+00:00,20.631,36.941,20.985,196.0,190.0,False,78.557,"[None, 2048, 2048, 2048, 2048, 2048]","[2048, 2048, 2048, 2048, 2048, 2048, 2048, 2048, 2048, 2048]","[2048, 2048, 2048, 2048, 2048, 2048]",270.0
1286,11299,10,41,2026-06-07T13:55:48.383000+00:00,20.722,37.197,21.015,190.0,186.0,False,78.934,"[None, 2048, 2049, 2048, 2048, 2048]","[2048, 2048, 2048, 2048, 2048, 2048, 2048, 2048, 2048, 2048]","[2048, 2048, 2048, 2048, 2048, 2048]",277.0
1286,11299,11,40,2026-06-07T13:55:48.688000+00:00,22.881,38.076,21.373,173.0,181.0,False,82.33,"[None, 2048, 2048, 2048, 2048, 2048]","[2048, 2048, 2048, 2048, 2048, 2048, 2048, 2048, 2048, 2048]","[2048, 2048, 2048, 2048, 2048, 2048]",258.0
1286,11299,1,41,2026-06-07T13:55:48.806000+00:00,20.981,38.093,21.807,178.0,180.0,False,80.881,"[None, 2048, 2048, 2048, 2048, 2048]","[2048, 2048, 2048, 2048, 2048, 2048, 2048, 2048, 2048, 2048]","[2048, 2048, 2048, 2048, 2048, 2048]",277.0
1286,11299,63,41,2026-06-07T13:55:49.224000+00:00,21.484,37.474,21.645,179.0,180.0,False,80.603,"[None, 2048, 2048, 2048, 2048, 2048]","[2048, 2048, 2048, 2048, 2048, 2049, 2048, 2048, 2048, 2048]","[2048, 2048, 2048, 2048, 2048, 2048]",282.0
1286,11299,5,40,2026-06-07T13:55:50.777000+00:00,21.175,38.288,21.563,176.0,180.0,False,81.026,"[None, 2048, 2048, 2048, 2048, 2048]","[2048, 2048, 2048, 2048, 2048, 2048, 2048, 2048, 2048, 2048]","[2048, 2048, 2048, 2048, 2048, 2048]",271.0
1286,11299,6,41,2026-06-07T13:55:57.787000+00:00,20.19,36.541,20.66,202.0,187.0,False,77.391,"[2048, 2048, 2048, 2048, 2049, 2048]","[2048, 2048, 2049, 2048, 2048, 2048, 2048, 2048, 2048, 2048]","[2048, 2048, 2048, 2048, 2048, 2048]",265.0
1286,11299,30,41,2026-06-07T13:56:05.115000+00:00,20.736,37.062,20.954,196.0,187.0,False,78.752,"[None, 2048, 2048, 2048, 2048, 2048]","[2048, 2048, 2048, 2048, 2048, 2048, 2049, 2048, 2048, 2048]","[2048, 2048, 2048, 2048, 2048, 2048]",271.0
1286,11299,12,42,2026-06-07T13:56:10.005000+00:00,20.019,35.902,20.421,206.0,190.0,False,76.342,"[None, 2048, 2048, 2048, 2048, 2048]","[2048, 2048, 2048, 2048, 2048, 2048, 2048, 2048, 2048, 2048]","[2048, 2048, 2048, 2048, 2048, 2048]",270.0
1286,11299,23,41,2026-06-07T13:56:18.615000+00:00,20.786,37.45,21.188,,183.0,False,79.424,"[None, 2048, 2048, 2048, 2048, 2048]","[2048, 2048, 2048, 2048, 2048, 2048, 2048, 2048, 2048, 2048]","[2048, 2049, 2048, 2048, 2048, 2048]",262.0
1286,11299,44,42,2026-06-07T13:56:26.302000+00:00,20.402,36.247,20.463,183.0,190.0,False,77.112,"[None, 2049, 2048, 2048, 2048, 2048]","[2048, 2048, 2048, 2048, 2048, 2048, 2048, 2048, 2048, 2048]","[2048, 2048, 2048, 2048, 2048, 2048]",258.0
1286,11299,55,41,2026-06-07T13:56:35.318000+00:00,21.112,39.606,21.875,178.0,166.0,False,82.593,"[None, 2048, 2048, 2048, 2048, 2048]","[2048, 2048, 2048, 2048, 2048, 2048, 2048, 2048, 2048, 2048]","[2048, 2048, 2048, 2048, 2048, 2048]",267.0
1286,11299,41,41,2026-06-07T13:56:35.662000+00:00,22.454,38.143,22.022,192.0,175.0,False,82.619,"[None, 2048, 2048, 2048, 2048, 2048]","[2048, 2048, 2048, 2048, 2048, 2048, 2048, 2048, 2048, 2048]","[2048, 2048, 2048, 2048, 2048, 2048]",278.0
1286,11299,16,42,2026-06-07T13:56:36.615000+00:00,20.61,36.52,20.406,,189.0,False,77.536,"[None, 2048, 2048, 2048, 2048, 2048]","[2048, 2048, 2048, 2048, 2048, 2048, 2048, 2048, 2048, 2048]","[2048, 2048, 2051, 2048, 2048, 2048]",258.0
1286,11299,27,41,2026-06-07T13:56:36.849000+00:00,21.791,38.074,22.037,192.0,175.0,False,81.902,"[None, 2048, 2048, 2048, 2048, 2048]","[2048, 2048, 2048, 2048, 2048, 2048, 2048, 2048, 2048, 2048]","[2048, 2048, 2048, 2048, 2048, 2048]",280.0
1286,11299,31,41,2026-06-07T13:56:38.021000+00:00,21.436,37.881,22.031,178.0,181.0,False,81.348,"[None, 2048, 2048, 2048, 2048, 2048]","[2048, 2048, 2048, 2048, 2048, 2048, 2048, 2048, 2048, 2048]","[2048, 2048, 2048, 2048, 2048, 2049]",271.0
1286,11299,43,41,2026-06-07T13:56:39.753000+00:00,20.731,38.095,21.717,184.0,184.0,False,80.543,"[None, 2048, 2048, 2048, 2048, 2048]","[2048, 2048, 2048, 2048, 2048, 2048, 2048, 2048, 2048, 2048]","[2048, 2048, 2048, 2048, 2048, 2048]",271.0
1286,11299,14,41,2026-06-07T13:56:51.593000+00:00,20.691,37.455,21.069,,182.0,False,79.215,"[None, 2048, 2048, 2048, 2048, 2048]","[2048, 2048, 2048, 2048, 2048, 2048, 2048, 2048, 2048, 2048]","[2048, 2048, 2048, 2048, 2048, 2048]",267.0
1286,11299,81,42,2026-06-07T13:56:57.968000+00:00,20.693,37.049,20.944,195.0,192.0,False,78.686,"[None, 2048, 2048, 2048, 2048, 2048]","[2048, 2048, 2048, 2048, 2048, 2048, 2048, 2048, 2048, 2048]","[2048, 2048, 2048, 2048, 2048, 2048]",270.0
1286,11299,18,41,2026-06-07T13:57:00.546000+00:00,20.797,37.399,21.164,199.0,187.0,False,79.36,"[None, 2048, 2049, 2048, 2048, 2048]","[2048, 2048, 2048, 2048, 2048, 2048, 2048, 2048, 2048, 2049]","[2048, 2048, 2048, 2048, 2048, 2048]",267.0
1286,11299,10,42,2026-06-07T13:57:07.280000+00:00,20.719,37.083,20.854,195.0,188.0,False,78.656,"[None, 2048, 2048, 2048, 2048, 2048]","[2048, 2048, 2048, 2048, 2048, 2048, 2048, 2048, 2048, 2048]","[2048, 2048, 2048, 2048, 2048, 2048]",270.0
1286,11299,1,42,2026-06-07T13:57:09.611000+00:00,21.282,37.697,21.165,201.0,185.0,False,80.144,"[None, 2048, 2048, 2048, 2048, 2048]","[2048, 2048, 2048, 2048, 2048, 2048, 2048, 2048, 2048, 2048]","[2048, 2048, 2048, 2048, 2048, 2048]",268.0
1286,11299,63,42,2026-06-07T13:57:09.885000+00:00,21.476,37.668,21.265,176.0,180.0,False,80.409,"[None, 2048, 2048, 2048, 2048, 2048]","[2048, 2048, 2048, 2048, 2048, 2048, 2048, 2048, 2048, 2048]","[2048, 2048, 2048, 2048, 2048, 2048]",281.0
1286,11299,11,41,2026-06-07T13:57:11.015000+00:00,21.447,37.701,21.691,182.0,180.0,False,80.839,"[None, 2048, 2048, 2048, 2048, 2048]","[2048, 2048, 2048, 2048, 2048, 2048, 2048, 2048, 2048, 2048]","[2048, 2048, 2048, 2048, 2048, 2048]",259.0
1286,11299,5,41,2026-06-07T13:57:11.812000+00:00,21.251,37.874,21.668,174.0,178.0,False,80.793,"[None, 2048, 2048, 2048, 2048, 2048]","[2048, 2048, 2048, 2048, 2048, 2048, 2048, 2048, 2048, 2048]","[2048, 2048, 2048, 2048, 2048, 2048]",277.0
1286,11299,6,42,2026-06-07T13:57:15.218000+00:00,20.312,36.884,20.964,199.0,187.0,False,78.16,"[None, 2048, 2048, 2048, 2048, 2048]","[2048, 2048, 2048, 2048, 2048, 2048, 2048, 2048, 2048, 2048]","[2048, 2048, 2048, 2048, 2048, 2048]",266.0
1286,11299,30,42,2026-06-07T13:57:24.389000+00:00,20.78,38.876,21.434,191.0,175.0,False,81.09,"[None, 2048, 2048, 2048, 2048, 2048]","[2048, 2048, 2048, 2048, 2048, 2048, 2048, 2048, 2048, 2048]","[2048, 2048, 2048, 2048, 2048, 2048]",271.0
1286,11299,12,43,2026-06-07T13:57:26.202000+00:00,20.141,36.343,20.587,201.0,189.0,False,77.071,"[None, 2048, 2048, 2048, 2048, 2048]","[2048, 2048, 2048, 2048, 2048, 2048, 2048, 2048, 2048, 2048]","[2048, 2048, 2048, 2048, 2048, 2048]",270.0
1286,11299,23,42,2026-06-07T13:57:38.046000+00:00,21.005,37.605,21.241,200.0,182.0,False,79.851,"[None, 2048, 2048, 2048, 2048, 2048]","[2048, 2048, 2048, 2048, 2048, 2048, 2048, 2048, 2048, 2048]","[2048, 2048, 2048, 2048, 2048, 2048]",263.0
1286,11299,44,43,2026-06-07T13:57:43.343000+00:00,20.603,36.213,20.444,179.0,189.0,False,77.26,"[None, 2048, 2048, 2048, 2048, 2048]","[2048, 2048, 2048, 2048, 2048, 2048, 2048, 2048, 2048, 2048]","[2048, 2048, 2048, 2048, 2048, 2048]",258.0
1286,11299,16,43,2026-06-07T13:57:54.171000+00:00,20.235,36.092,20.247,195.0,192.0,False,76.574,"[None, 2048, 2048, 2048, 2048, 2048]","[2051, 2048, 2048, 2048, 2048, 2048, 2048, 2048, 2048, 2048]","[2048, 2049, 2048, 2049, 2049, 2048]",257.0
1286,11299,55,42,2026-06-07T13:57:57.892000+00:00,21.672,38.544,21.699,185.0,177.0,False,81.915,"[None, 2048, 2048, 2048, 2048, 2048]","[2048, 2048, 2048, 2048, 2048, 2048, 2048, 2048, 2048, 2048]","[2048, 2048, 2048, 2048, 2048, 2048]",269.0
1286,11299,41,42,2026-06-07T13:57:58.373000+00:00,21.653,38.522,21.731,190.0,176.0,False,81.906,"[None, 2048, 2048, 2048, 2048, 2048]","[2048, 2048, 2048, 2048, 2048, 2049, 2048, 2048, 2048, 2048]","[2048, 2048, 2048, 2048, 2048, 2048]",281.0
1286,11299,27,42,2026-06-07T13:57:58.740000+00:00,21.502,38.671,21.748,186.0,179.0,False,81.921,"[None, 2048, 2048, 2048, 2048, 2048]","[2048, 2048, 2048, 2048, 2048, 2048, 2048, 2048, 2048, 2048]","[2048, 2048, 2048, 2048, 2048, 2048]",282.0
1286,11299,31,42,2026-06-07T13:57:59.387000+00:00,21.499,38.538,21.874,163.0,180.0,False,81.911,"[None, 2048, 2049, 2048, 2048, 2048]","[2048, 2048, 2048, 2048, 2048, 2049, 2048, 2048, 2048, 2048]","[2048, 2048, 2048, 2048, 2048, 2048]",280.0
1286,11299,43,42,2026-06-07T13:58:00.340000+00:00,21.267,38.712,21.866,163.0,184.0,False,81.845,"[None, 2048, 2048, 2048, 2048, 2048]","[2048, 2048, 2048, 2048, 2048, 2048, 2048, 2048, 2048, 2048]","[2048, 2048, 2048, 2048, 2048, 2048]",271.0
1286,11299,14,42,2026-06-07T13:58:10.809000+00:00,20.963,37.385,21.066,196.0,184.0,False,79.414,"[None, 2048, 2048, 2048, 2048, 2048]","[2048, 2048, 2048, 2048, 2048, 2048, 2048, 2048, 2048, 2048]","[2048, 2048, 2048, 2048, 2048, 2049]",267.0
1286,11299,81,43,2026-06-07T13:58:16.731000+00:00,20.742,37.234,21.117,191.0,188.0,False,79.093,"[None, 2048, 2048, 2048, 2048, 2048]","[2048, 2048, 2048, 2048, 2048, 2048, 2048, 2048, 2048, 2048]","[2048, 2048, 2048, 2048, 2048, 2048]",271.0
1286,11299,18,42,2026-06-07T13:58:20.059000+00:00,20.72,37.085,21.19,196.0,181.0,False,78.995,"[None, 2048, 2049, 2048, 2048, 2048]","[2048, 2048, 2048, 2048, 2048, 2048, 2048, 2048, 2048, 2048]","[2048, 2048, 2048, 2048, 2048, 2048]",267.0
1286,11299,10,43,2026-06-07T13:58:25.981000+00:00,20.639,37.231,21.039,193.0,187.0,False,78.909,"[None, 2048, 2048, 2048, 2048, 2048]","[2048, 2048, 2048, 2048, 2048, 2048, 2048, 2048, 2048, 2048]","[2048, 2048, 2048, 2048, 2048, 2048]",270.0
1286,11299,1,43,2026-06-07T13:58:29.731000+00:00,20.998,37.437,20.788,204.0,192.0,False,79.223,"[None, 2048, 2048, 2048, 2048, 2049]","[2048, 2048, 2048, 2048, 2048, 2048, 2048, 2048, 2048, 2048]","[2048, 2049, 2048, 2048, 2048, 2048]",265.0
1286,11299,63,43,2026-06-07T13:58:30.184000+00:00,20.914,37.515,20.988,180.0,182.0,False,79.417,"[None, 2048, 2048, 2048, 2048, 2048]","[2048, 2048, 2048, 2048, 2048, 2049, 2048, 2048, 2048, 2048]","[2048, 2048, 2048, 2048, 2048, 2048]",282.0
1286,11299,11,42,2026-06-07T13:58:31.793000+00:00,21.185,39.572,21.337,180.0,183.0,False,82.094,"[None, 2048, 2049, 2048, 2048, 2048]","[2048, 2048, 2048, 2048, 2048, 2048, 2048, 2048, 2048, 2048]","[2048, 2048, 2048, 2048, 2048, 2048]",268.0
1286,11299,5,42,2026-06-07T13:58:32.481000+00:00,22.482,37.962,21.713,186.0,175.0,False,82.157,"[None, 2048, 2048, 2048, 2048, 2048]","[2048, 2048, 2048, 2048, 2048, 2048, 2048, 2048, 2048, 2048]","[2048, 2048, 2048, 2048, 2048, 2048]",281.0
1286,11299,6,43,2026-06-07T13:58:33.325000+00:00,20.666,37.248,20.865,200.0,184.0,False,78.779,"[None, 2048, 2048, 2048, 2048, 2048]","[2048, 2048, 2048, 2048, 2048, 2048, 2048, 2048, 2048, 2048]","[2048, 2048, 2048, 2048, 2048, 2048]",265.0
1286,11299,12,44,2026-06-07T13:58:43.274000+00:00,19.841,35.731,20.144,208.0,195.0,False,75.716,"[None, 2051, 2048, 2048, 2049, 2051]","[2049, 2048, 2051, 2048, 2049, 2048, 2048, 2048, 2048, 2048]","[2049, 2051, 2048, 2048, 2049, 2048]",271.0
1286,11299,30,43,2026-06-07T13:58:44.968000+00:00,21.066,37.27,21.067,189.0,187.0,False,79.403,"[None, 2048, 2048, 2048, 2048, 2048]","[2048, 2048, 2048, 2048, 2048, 2048, 2048, 2048, 2048, 2048]","[2048, 2048, 2048, 2048, 2048, 2048]",271.0
1286,11299,23,43,2026-06-07T13:58:57.861000+00:00,20.964,37.755,40.281,189.0,180.0,False,99.0,"[None, 2049, 2049, 2048, 2048, 2048]","[2048, 2048, 2048, 2048, 2048, 2048, 2048, 2048, 2048, 2048]","[2048, 2048, 2048, 2064, 2064, 2064]",264.0
1286,11299,44,44,2026-06-07T13:59:00.611000+00:00,20.414,36.24,20.474,189.0,191.0,False,77.128,"[None, 2048, 2048, 2048, 2048, 2048]","[2048, 2048, 2048, 2048, 2048, 2048, 2048, 2048, 2048, 2048]","[2048, 2048, 2048, 2048, 2049, 2048]",259.0
1286,11299,16,44,2026-06-07T13:59:10.736000+00:00,20.117,35.866,20.362,194.0,191.0,False,76.345,"[None, 2049, 2048, 2048, 2048, 2048]","[2048, 2051, 2049, 2051, 2048, 2048, 2048, 2048, 2048, 2049]","[2048, 2048, 2048, 2048, 2048, 2048]",258.0
1286,11299,55,43,2026-06-07T13:59:19.908000+00:00,21.81,37.739,21.496,186.0,182.0,False,81.045,"[None, 2048, 2048, 2048, 2048, 2048]","[2048, 2048, 2048, 2048, 2048, 2048, 2048, 2048, 2048, 2048]","[2048, 2048, 2048, 2048, 2048, 2048]",268.0
1286,11299,41,43,2026-06-07T13:59:20.251000+00:00,21.8,38.065,21.59,191.0,178.0,False,81.455,"[None, 2048, 2048, 2048, 2048, 2048]","[2048, 2048, 2048, 2048, 2048, 2049, 2048, 2048, 2048, 2048]","[2048, 2048, 2048, 2048, 2048, 2048]",280.0
1286,11299,27,43,2026-06-07T13:59:20.595000+00:00,21.71,38.241,21.541,190.0,185.0,False,81.492,"[None, 2048, 2048, 2048, 2048, 2048]","[2048, 2048, 2048, 2048, 2048, 2048, 2048, 2048, 2048, 2048]","[2048, 2048, 2048, 2048, 2048]",281.0
1286,11299,31,43,2026-06-07T13:59:21.267000+00:00,21.682,38.411,21.37,165.0,185.0,False,81.463,"[None, 2048, 2048, 2048, 2048, 2048]","[2048, 2048, 2048, 2048, 2048, 2049, 2048, 2048, 2048, 2048]","[2048, 2048, 2048, 2048, 2048, 2048]",280.0
1286,11299,43,43,2026-06-07T13:59:22.080000+00:00,21.159,39.038,21.447,168.0,180.0,False,81.644,"[None, 2048, 2048, 2048, 2048, 2048]","[2048, 2048, 2048, 2048, 2048, 2048, 2048, 2048, 2048, 2048]","[2048, 2048, 2048, 2048, 2048, 2048]",273.0
1286,11299,14,43,2026-06-07T13:59:30.283000+00:00,20.91,37.577,21.212,197.0,182.0,False,79.699,"[None, 2048, 2048, 2048, 2048, 2048]","[2048, 2048, 2048, 2048, 2048, 2048, 2048, 2048, 2048, 2048]","[2048, 2048, 2048, 2048, 2048, 2049]",267.0
1286,11299,81,44,2026-06-07T13:59:35.814000+00:00,20.961,37.155,21.163,181.0,190.0,False,79.279,"[None, 2048, 2048, 2048, 2048, 2048]","[2048, 2048, 2048, 2048, 2048, 2048, 2048, 2048, 2048, 2048]","[2048, 2048, 2048, 2048, 2048, 2048]",271.0
1286,11299,18,43,2026-06-07T13:59:38.892000+00:00,20.783,37.423,21.098,199.0,184.0,False,79.304,"[None, 2048, 2048, 2048, 2048, 2048]","[2048, 2048, 2048, 2048, 2048, 2048, 2048, 2048, 2048, 2048]","[2048, 2048, 2048, 2048, 2048, 2048]",267.0
1286,11299,10,44,2026-06-07T13:59:44.908000+00:00,20.67,37.085,21.022,194.0,182.0,False,78.777,"[None, 2048, 2048, 2048, 2048, 2048]","[2048, 2048, 2048, 2048, 2048, 2048, 2048, 2048, 2048, 2048]","[2048, 2048, 2048, 2048, 2048, 2048]",271.0
1286,11299,1,44,2026-06-07T13:59:48.923000+00:00,20.617,41.184,,180.0,140.0,False,,"[2049, 2048, 2048, 2048, 2048, 2048]","[2048, 2048, 2048, 2048, 2048, 2048, 2048, 2048, 2048, 2048]",[2048],205.0
1286,11299,63,44,2026-06-07T13:59:49.736000+00:00,20.496,37.109,21.017,188.0,182.0,False,78.622,"[None, 2048, 2049, 2048, 2048, 2048]","[2048, 2048, 2048, 2048, 2048, 2048, 2048, 2048, 2048, 2048]","[2048, 2048, 2048, 2048, 2048, 2048]",259.0
1286,11299,6,44,2026-06-07T13:59:52.126000+00:00,20.403,37.547,20.827,199.0,178.0,False,78.777,"[None, 2048, 2048, 2048, 2048, 2048]","[2048, 2048, 2048, 2048, 2048, 2048, 2048, 2048, 2048, 2048]","[2048, 2048, 2048, 2048, 2048]",266.0
1286,11299,11,43,2026-06-07T13:59:53.923000+00:00,21.748,37.731,21.56,189.0,183.0,False,81.039,"[None, 2048, 2048, 2048, 2048, 2048]","[2048, 2048, 2048, 2048, 2048, 2049, 2048, 2048, 2048, 2048]","[2048, 2048, 2048, 2048, 2048, 2048]",269.0
1286,11299,5,43,2026-06-07T13:59:54.673000+00:00,21.386,37.911,38.723,177.0,179.0,False,98.02,"[None, 2048, 2048, 2048, 2048, 2048]","[2048, 2048, 2048, 2048, 2048, 2049, 2048, 2048, 2048, 2048]","[2048, 2048, 2048, 2064, 2064, 2064]",282.0
1286,11299,12,45,2026-06-07T13:59:59.139000+00:00,20.114,36.082,20.907,199.0,186.0,False,77.103,"[None, 2048, 2048, 2048, 2048, 2048]","[2048, 2048, 2048, 2048, 2048, 2048, 2048, 2048, 2048, 2048]","[2048, 2048, 2048, 2048, 2048, 2049]",273.0
1286,11299,30,44,2026-06-07T14:00:04.409000+00:00,20.852,36.951,39.52,194.0,183.0,False,97.323,"[None, 2048, 2048, 2048, 2048, 2048]","[2048, 2048, 2048, 2048, 2048, 2048, 2048, 2048, 2048, 2048]","[2048, 2048, 2048, 2064, 2064, 2064]",271.0
1286,11299,44,45,2026-06-07T14:00:17.706000+00:00,20.399,36.008,20.386,183.0,191.0,False,76.793,"[2049, 2048, 2048, 2048, 2049, 2048]","[2048, 2048, 2051, 2049, 2048, 2048, 2048, 2048, 2048, 2048]","[2048, 2048, 2048, 2048, 2048, 2048]",259.0
1286,11299,16,45,2026-06-07T14:00:27.066000+00:00,20.096,36.1,20.342,197.0,193.0,False,76.538,"[None, 2049, 2048, 2048, 2051, 2048]","[2048, 2048, 2048, 2048, 2048, 2048, 2048, 2048, 2048, 2049]","[2048, 2048, 2048, 2048, 2048, 2048]",258.0
1286,11299,23,44,2026-06-07T14:00:36.941000+00:00,24.04,37.227,21.076,191.0,177.0,True,82.343,"[2064, 2048, 2048, 2048, 2048, 2048]","[2048, 2048, 2048, 2049, 2048, 2048, 2048, 2048, 2048, 2048]","[2048, 2048, 2049, 2048, 2048]",264.0
1286,11299,55,44,2026-06-07T14:00:41.113000+00:00,21.18,37.443,21.267,183.0,183.0,False,79.89,"[None, 2048, 2048, 2048, 2048, 2048]","[2048, 2048, 2048, 2048, 2048, 2048, 2048, 2048, 2048, 2048]","[2048, 2048, 2048, 2048, 2048, 2048]",270.0
1286,11299,41,44,2026-06-07T14:00:42.019000+00:00,21.128,37.629,21.15,194.0,182.0,False,79.907,"[None, 2048, 2048, 2048, 2048, 2048]","[2048, 2048, 2048, 2048, 2048, 2048, 2048, 2048, 2048, 2048]","[2048, 2048, 2048, 2048, 2048, 2049]",280.0
1286,11299,27,44,2026-06-07T14:00:42.347000+00:00,21.048,37.774,21.204,197.0,183.0,False,80.026,"[None, 2048, 2048, 2048, 2048, 2048]","[2048, 2048, 2048, 2048, 2048, 2048, 2048, 2048, 2048, 2048]","[2048, 2048, 2048, 2048, 2048, 2048]",282.0
1286,11299,31,44,2026-06-07T14:00:42.753000+00:00,21.199,37.776,21.281,177.0,186.0,False,80.256,"[None, 2048, 2049, 2048, 2048, 2048]","[2048, 2048, 2048, 2048, 2048, 2049, 2048, 2048, 2048, 2048]","[2048, 2048, 2048, 2048, 2048, 2048]",281.0
1286,11299,43,44,2026-06-07T14:00:43.784000+00:00,20.816,37.914,21.324,186.0,182.0,False,80.054,"[None, 2048, 2048, 2048, 2048, 2048]","[2048, 2048, 2048, 2048, 2048, 2048, 2048, 2048, 2048, 2048]","[2048, 2048, 2048, 2048, 2048, 2048]",270.0
1286,11299,14,44,2026-06-07T14:00:49.925000+00:00,20.859,37.534,21.225,198.0,180.0,False,79.618,"[None, 2048, 2048, 2048, 2048, 2048]","[2048, 2048, 2048, 2048, 2048, 2048, 2048, 2048, 2048, 2048]","[2048, 2048, 2048, 2048, 2048, 2048]",267.0
1286,11299,81,45,2026-06-07T14:00:55.019000+00:00,20.967,37.533,21.164,185.0,188.0,False,79.664,"[None, 2048, 2048, 2048, 2048, 2048]","[2048, 2048, 2048, 2048, 2048, 2048, 2048, 2048, 2048, 2048]","[2048, 2048, 2048, 2048, 2048, 2048]",271.0
1286,11299,18,44,2026-06-07T14:00:58.222000+00:00,20.875,37.442,21.111,194.0,183.0,False,79.428,"[None, 2048, 2048, 2048, 2048, 2048]","[2048, 2048, 2048, 2048, 2048, 2048, 2048, 2048, 2048, 2048]","[2048, 2048, 2048, 2048, 2048, 2048]",267.0
1286,11299,10,45,2026-06-07T14:01:03.644000+00:00,20.809,37.074,39.306,,186.0,False,97.189,"[None, 2048, 2048, 2048, 2048, 2048]","[2048, 2048, 2048, 2048, 2048, 2048, 2048, 2048, 2048, 2048]","[2048, 2048, 2048, 2064, 2064, 2064]",271.0
1286,11299,63,45,2026-06-07T14:01:08.285000+00:00,20.409,36.231,20.531,201.0,188.0,False,77.171,"[None, 2048, 2048, 2048, 2048, 2048]","[2048, 2048, 2048, 2048, 2049, 2048, 2048, 2048, 2048, 2048]","[2048, 2048, 2048, 2048, 2048, 2048]",272.0
1286,11299,6,45,2026-06-07T14:01:10.753000+00:00,20.236,36.791,20.588,200.0,184.0,False,77.615,"[None, 2048, 2048, 2048, 2048, 2048]","[2048, 2048, 2048, 2048, 2048, 2048, 2048, 2048, 2048, 2048]","[2048, 2048, 2048, 2048, 2048, 2048]",263.0
1286,11299,11,44,2026-06-07T14:01:14.847000+00:00,21.955,38.015,21.247,155.0,182.0,False,81.217,"[None, 2048, 2048, 2048, 2048, 2048]","[2048, 2048, 2048, 2048, 2048, 2049, 2048, 2048, 2048, 2048]","[2048, 2048, 2048, 2048, 2048, 2048]",270.0
1286,11299,12,46,2026-06-07T14:01:16.144000+00:00,20.44,36.043,20.493,,189.0,False,76.976,"[None, 2048, 2048, 2048, 2048, 2048]","[2048, 2048, 2048, 2048, 2048, 2048, 2048, 2048, 2048, 2048]","[2048, 2048, 2048, 2048, 2048, 2048]",278.0
1286,11299,5,44,2026-06-07T14:01:32.707000+00:00,23.956,37.038,20.766,183.0,181.0,True,81.76,"[2064, 2048, 2048, 2048, 2048, 2048]","[2048, 2048, 2048, 2048, 2048, 2048, 2048, 2048, 2048, 2048]","[2048, 2049, 2048, 2048, 2049, 2048]",270.0
1286,11299,44,46,2026-06-07T14:01:34.535000+00:00,20.317,36.063,20.277,195.0,191.0,False,76.657,"[2048, 2048, 2048, 2048, 2049, 2048]","[2048, 2048, 2048, 2049, 2048, 2048, 2048, 2048, 2048, 2048]","[2048, 2048, 2048, 2048, 2048, 2048]",256.0
1286,11299,30,45,2026-06-07T14:01:41.738000+00:00,24.934,38.647,21.399,154.0,171.0,True,84.98,"[2064, 2048, 2048, 2048, 2048, 2048]","[2048, 2048, 2048, 2048, 2048, 2048, 2048, 2048, 2048, 2048]","[2048, 2048, 2048, 2048, 2048, 2048]",268.0
1286,11299,16,46,2026-06-07T14:01:43.613000+00:00,20.088,35.96,20.223,202.0,190.0,False,76.271,"[None, 2051, 2048, 2048, 2048, 2048]","[2048, 2048, 2048, 2048, 2048, 2048, 2048, 2048, 2048, 2048]","[2048, 2048, 2048, 2049, 2049, 2048]",258.0
1286,11299,23,45,2026-06-07T14:01:59.076000+00:00,20.709,40.402,22.271,197.0,172.0,False,83.382,"[2048, 2048, 2048, 2048, 2048, 2048]","[2048, 2048, 2048, 2048, 2048, 2048, 2048, 2048, 2048, 2048]","[2048, 2048, 2048, 2048, 2048, 2048]",265.0
1286,11299,55,45,2026-06-07T14:02:00.746000+00:00,21.128,37.657,21.013,188.0,181.0,False,79.798,"[None, 2048, 2048, 2048, 2048, 2048]","[2048, 2048, 2048, 2048, 2048, 2048, 2048, 2048, 2048, 2048]","[2049, 2048, 2048, 2048, 2049, 2049]",260.0
1286,11299,41,45,2026-06-07T14:02:01.496000+00:00,21.13,37.927,22.269,188.0,173.0,False,81.326,"[None, 2048, 2048, 2048, 2048, 2048]","[2048, 2048, 2048, 2048, 2048, 2049, 2048, 2048, 2048, 2048]","[2048, 2048, 2048, 2048, 2048, 2048]",281.0
1286,11299,27,45,2026-06-07T14:02:02.075000+00:00,20.898,38.027,22.25,195.0,175.0,False,81.175,"[None, 2048, 2049, 2048, 2048, 2048]","[2048, 2048, 2048, 2048, 2048, 2051, 2048, 2048, 2048, 2048]","[2048, 2048, 2048, 2048, 2048, 2048]",283.0
1286,11299,31,45,2026-06-07T14:02:02.841000+00:00,20.997,37.628,22.414,181.0,183.0,False,81.039,"[None, 2048, 2048, 2048, 2048, 2048]","[2048, 2048, 2048, 2048, 2048, 2048, 2048, 2048, 2048, 2048]","[2048, 2048, 2048, 2048, 2048, 2048]",280.0
1286,11299,43,45,2026-06-07T14:02:03.770000+00:00,20.784,37.761,22.349,,182.0,False,80.894,"[None, 2048, 2049, 2048, 2048, 2048]","[2048, 2048, 2048, 2048, 2048, 2048, 2048, 2048, 2048, 2048]","[2048, 2048, 2048, 2048, 2048, 2048]",277.0
1286,11299,14,45,2026-06-07T14:02:09.548000+00:00,21.12,37.674,21.119,193.0,182.0,False,79.913,"[None, 2048, 2048, 2048, 2048, 2048]","[2048, 2048, 2048, 2048, 2048, 2048, 2048, 2048, 2048, 2048]","[2048, 2048, 2048, 2048, 2048, 2048]",267.0
1286,11299,81,46,2026-06-07T14:02:14.766000+00:00,20.828,37.15,21.367,195.0,189.0,False,79.345,"[None, 2048, 2048, 2048, 2048, 2048]","[2048, 2048, 2048, 2048, 2048, 2048, 2048, 2048, 2048, 2048]","[2048, 2048, 2048, 2048, 2048, 2048]",272.0
1286,11299,18,45,2026-06-07T14:02:17.626000+00:00,20.856,37.312,21.069,197.0,184.0,False,79.237,"[None, 2048, 2048, 2048, 2048, 2048]","[2048, 2048, 2048, 2048, 2048, 2048, 2048, 2048, 2048, 2048]","[2048, 2048, 2048, 2048, 2048, 2048]",268.0
1286,11299,63,46,2026-06-07T14:02:25.438000+00:00,20.099,35.875,20.468,203.0,191.0,False,76.442,"[2049, 2048, 2048, 2048, 2048, 2048]","[2048, 2048, 2048, 2049, 2048, 2048, 2048, 2048, 2048, 2049]","[2048, 2048, 2048, 2048, 2048, 2048]",271.0
1286,11299,6,46,2026-06-07T14:02:28.360000+00:00,20.311,36.529,20.517,203.0,186.0,False,77.357,"[None, 2048, 2048, 2048, 2048, 2049]","[2048, 2048, 2048, 2048, 2048, 2048, 2048, 2048, 2048, 2048]","[2048, 2048, 2048, 2048, 2048, 2048]",262.0
1286,11299,12,47,2026-06-07T14:02:33.188000+00:00,19.879,35.623,20.07,203.0,195.0,False,75.572,"[None, 2048, 2048, 2048, 2048, 2048]","[2048, 2048, 2048, 2048, 2049, 2048, 2048, 2048, 2048, 2048]","[2049, 2048, 2051, 2048, 2048, 2048]",271.0
1286,11299,11,45,2026-06-07T14:02:36.040000+00:00,21.139,37.28,21.148,190.0,183.0,False,79.567,"[None, 2048, 2048, 2048, 2048, 2048]","[2048, 2048, 2048, 2048, 2048, 2048, 2048, 2048, 2048, 2048]","[2048, 2048, 2048, 2048, 2048, 2048]",269.0
1286,11299,10,46,2026-06-07T14:02:40.894000+00:00,24.394,38.026,21.223,172.0,182.0,True,83.643,"[2064, 2048, 2048, 2048, 2048, 2048]","[2048, 2048, 2048, 2048, 2048, 2048, 2048, 2048, 2048, 2048]","[2048, 2048, 2048, 2048, 2048, 2048]",267.0
1286,11299,44,47,2026-06-07T14:02:51.254000+00:00,20.347,36.146,20.356,184.0,191.0,False,76.849,"[None, 2048, 2048, 2049, 2049, 2048]","[2048, 2048, 2048, 2048, 2048, 2048, 2048, 2048, 2048, 2048]","[2048, 2048, 2048, 2048, 2048, 2048]",258.0
1286,11299,5,45,2026-06-07T14:02:54.415000+00:00,20.499,36.41,20.507,200.0,182.0,False,77.416,"[2048, 2048, 2048, 2048, 2049, 2049]","[2049, 2048, 2049, 2049, 2049, 2048, 2048, 2048, 2048, 2048]","[2049, 2049, 2049, 2048, 2049, 2048]",271.0
1286,11299,16,47,2026-06-07T14:02:59.921000+00:00,20.058,35.827,20.152,201.0,193.0,False,76.037,"[None, 2048, 2048, 2049, 2048, 2048]","[2048, 2048, 2049, 2048, 2048, 2048, 2048, 2049, 2048, 2049]","[2048, 2049, 2048, 2048, 2049, 2048]",258.0
1286,11299,30,46,2026-06-07T14:03:06.640000+00:00,21.095,36.959,20.826,185.0,187.0,False,78.88,"[2048, 2048, 2048, 2048, 2048, 2048]","[2048, 2048, 2048, 2048, 2048, 2048, 2048, 2048, 2048, 2048]","[2048, 2048, 2048, 2048, 2049, 2048]",269.0
1286,11299,55,46,2026-06-07T14:03:20.593000+00:00,20.699,36.953,20.825,198.0,182.0,False,78.477,"[None, 2048, 2048, 2048, 2048, 2048]","[2048, 2048, 2048, 2048, 2048, 2048, 2048, 2048, 2048, 2048]","[2048, 2048, 2048, 2048, 2049, 2048]",270.0
1286,11299,23,46,2026-06-07T14:03:22.540000+00:00,21.35,38.849,22.022,175.0,173.0,False,82.221,"[None, 2048, 2048, 2048, 2048, 2048]","[2048, 2048, 2048, 2048, 2048, 2048, 2051, 2048, 2048, 2048]","[2048, 2048, 2048, 2048, 2048, 2048]",262.0
1286,11299,41,46,2026-06-07T14:03:22.857000+00:00,21.44,38.882,21.973,182.0,172.0,False,82.295,"[None, 2048, 2048, 2048, 2048, 2048]","[2048, 2048, 2048, 2048, 2048, 2048, 2048, 2048, 2048, 2048]","[2048, 2048, 2048, 2048, 2048, 2048]",278.0
1286,11299,27,46,2026-06-07T14:03:23.312000+00:00,21.335,38.843,22.063,185.0,175.0,False,82.241,"[None, 2048, 2048, 2048, 2048, 2048]","[2048, 2048, 2048, 2048, 2048, 2048, 2048, 2048, 2048, 2048]","[2048, 2048, 2048, 2048, 2048, 2048]",281.0
1286,11299,31,46,2026-06-07T14:03:23.970000+00:00,21.334,38.875,21.915,169.0,178.0,False,82.124,"[None, 2048, 2048, 2048, 2048, 2048]","[2048, 2048, 2048, 2048, 2048, 2048, 2048, 2048, 2048, 2048]","[2048, 2048, 2048, 2048, 2048, 2048]",276.0
1286,11299,43,46,2026-06-07T14:03:24.781000+00:00,21.42,38.852,21.959,184.0,176.0,False,82.231,"[None, 2048, 2048, 2048, 2048, 2048]","[2048, 2048, 2048, 2048, 2048, 2048, 2048, 2048, 2048, 2048]","[2048, 2048, 2048, 2048, 2048, 2048]",267.0
1286,11299,14,46,2026-06-07T14:03:29.471000+00:00,20.936,38.01,21.198,195.0,179.0,False,80.144,"[None, 2048, 2049, 2048, 2048, 2048]","[2048, 2048, 2048, 2048, 2048, 2048, 2048, 2048, 2048, 2048]","[2048, 2048, 2048, 2048, 2048, 2048]",268.0
1286,11299,81,47,2026-06-07T14:03:34.093000+00:00,20.956,37.421,21.198,190.0,186.0,False,79.575,"[None, 2048, 2048, 2048, 2048, 2048]","[2048, 2048, 2048, 2048, 2048, 2048, 2048, 2048, 2048, 2048]","[2048, 2048, 2048, 2048, 2048, 2048]",272.0
1286,11299,18,46,2026-06-07T14:03:36.910000+00:00,20.851,37.524,21.207,195.0,183.0,False,79.582,"[None, 2048, 2048, 2048, 2048, 2048]","[2048, 2048, 2048, 2048, 2048, 2048, 2048, 2048, 2048, 2048]","[2048, 2048, 2048, 2048, 2048, 2048]",268.0
1286,11299,63,47,2026-06-07T14:03:42.035000+00:00,20.072,35.965,20.44,199.0,191.0,False,76.477,"[None, 2049, 2048, 2048, 2048, 2048]","[2048, 2048, 2048, 2048, 2051, 2048, 2048, 2048, 2048, 2048]","[2048, 2049, 2048, 2048, 2048, 2048]",272.0
1286,11299,6,47,2026-06-07T14:03:45.958000+00:00,20.26,36.495,20.581,202.0,188.0,False,77.336,"[None, 2048, 2048, 2048, 2049, 2048]","[2049, 2048, 2048, 2048, 2048, 2048, 2048, 2048, 2048, 2048]","[2049, 2048, 2048, 2048, 2048, 2048]",265.0
1286,11299,12,48,2026-06-07T14:03:48.910000+00:00,19.898,36.023,20.326,199.0,190.0,False,76.247,"[None, 2051, 2048, 2048, 2048, 2048]","[2048, 2048, 2048, 2048, 2048, 2048, 2048, 2048, 2048, 2048]","[2048, 2048, 2048, 2048, 2048, 2048]",271.0
1286,11299,11,46,2026-06-07T14:03:55.769000+00:00,20.727,37.216,21.212,194.0,184.0,False,79.155,"[None, 2048, 2049, 2048, 2048, 2049]","[2048, 2048, 2048, 2048, 2048, 2048, 2048, 2048, 2048, 2048]","[2048, 2048, 2048, 2048, 2048, 2048]",268.0
1286,11299,10,47,2026-06-07T14:04:04.441000+00:00,20.898,36.914,20.863,194.0,185.0,False,78.675,"[2048, 2048, 2048, 2048, 2048, 2048]","[2048, 2048, 2048, 2048, 2048, 2048, 2048, 2048, 2048, 2048]","[2048, 2048, 2048, 2048, 2048, 2048]",270.0
1286,11299,44,48,2026-06-07T14:04:08.129000+00:00,20.472,36.282,20.435,190.0,191.0,False,77.189,"[None, 2048, 2048, 2048, 2048, 2048]","[2048, 2048, 2048, 2048, 2048, 2048, 2048, 2048, 2048, 2048]","[2048, 2048, 2048, 2048, 2048, 2048]",258.0
1286,11299,5,46,2026-06-07T14:04:11.863000+00:00,20.279,35.982,20.542,199.0,187.0,False,76.803,"[None, 2048, 2048, 2048, 2049, 2049]","[2049, 2049, 2049, 2049, 2049, 2048, 2048, 2048, 2049, 2049]","[2049, 2048, 2048, 2048, 2049, 2048]",271.0
1286,11299,16,48,2026-06-07T14:04:15.941000+00:00,20.059,35.948,20.21,202.0,192.0,False,76.217,"[None, 2048, 2048, 2049, 2048, 2048]","[2048, 2048, 2048, 2048, 2048, 2048, 2048, 2048, 2048, 2048]","[2048, 2049, 2048, 2048, 2049, 2048]",260.0
1286,11299,30,47,2026-06-07T14:04:25.629000+00:00,20.704,36.637,20.641,192.0,188.0,False,77.982,"[None, 2048, 2048, 2048, 2048, 2049]","[2048, 2048, 2048, 2048, 2048, 2048, 2048, 2049, 2048, 2048]","[2048, 2048, 2048, 2049, 2049, 2048]",270.0
1286,11299,55,47,2026-06-07T14:04:39.034000+00:00,20.667,36.816,20.886,,185.0,False,78.369,"[None, 2048, 2048, 2048, 2048, 2048]","[2048, 2048, 2049, 2048, 2048, 2048, 2048, 2048, 2048, 2048]","[2049, 2048, 2048, 2048, 2048, 2049]",271.0
1286,11299,23,47,2026-06-07T14:04:44.813000+00:00,21.631,38.379,22.893,190.0,169.0,False,82.903,"[None, 2048, 2048, 2048, 2048, 2048]","[2048, 2048, 2048, 2048, 2048, 2048, 2048, 2048, 2048, 2048]","[2048, 2048, 2048, 2048, 2048, 2048]",265.0
1286,11299,41,47,2026-06-07T14:04:45.282000+00:00,21.712,38.525,22.011,190.0,175.0,False,82.248,"[None, 2048, 2048, 2048, 2048, 2048]","[2048, 2048, 2048, 2048, 2048, 2048, 2048, 2048, 2048, 2048]","[2048, 2048, 2048, 2048, 2048]",280.0
1286,11299,27,47,2026-06-07T14:04:45.657000+00:00,21.765,38.468,22.049,183.0,174.0,False,82.282,"[None, 2048, 2048, 2048, 2048, 2048]","[2048, 2048, 2048, 2048, 2048, 2048, 2048, 2048, 2048, 2048]","[2048, 2048, 2048, 2048, 2048, 2048]",282.0
1286,11299,31,47,2026-06-07T14:04:46.110000+00:00,21.633,38.504,22.051,163.0,179.0,False,82.188,"[None, 2048, 2048, 2048, 2048, 2048]","[2048, 2048, 2048, 2048, 2048, 2048, 2048, 2048, 2048, 2048]","[2048, 2048, 2048, 2048, 2048, 2048]",280.0
1286,11299,43,47,2026-06-07T14:04:46.954000+00:00,21.339,38.807,21.979,172.0,177.0,False,82.125,"[None, 2048, 2048, 2048, 2048, 2048]","[2048, 2048, 2048, 2048, 2048, 2048, 2048, 2048, 2048, 2048]","[2048, 2048, 2048, 2048, 2048, 2048]",266.0
1286,11299,14,47,2026-06-07T14:04:49.595000+00:00,21.137,38.554,21.571,194.0,180.0,False,81.262,"[None, 2048, 2049, 2048, 2048, 2048]","[2048, 2048, 2048, 2048, 2048, 2048, 2048, 2048, 2048, 2048]","[2048, 2048, 2048, 2048, 2048, 2048]",266.0
1286,11299,81,48,2026-06-07T14:04:53.595000+00:00,20.954,37.679,38.108,186.0,186.0,False,96.741,"[None, 2048, 2048, 2048, 2048, 2048]","[2048, 2048, 2048, 2048, 2048, 2048, 2048, 2048, 2048, 2048]","[2048, 2048, 2048, 2064, 2064, 2064]",272.0
1286,11299,18,47,2026-06-07T14:04:56.501000+00:00,20.924,39.821,21.405,193.0,181.0,False,82.15,"[None, 2048, 2048, 2048, 2048, 2048]","[2048, 2048, 2048, 2048, 2048, 2048, 2048, 2048, 2048, 2048]","[2048, 2048, 2048, 2048, 2048, 2048]",248.0
1286,11299,63,48,2026-06-07T14:04:58.329000+00:00,20.324,37.437,20.531,197.0,186.0,False,78.292,"[2048, 2048, 2048, 2048, 2048, 2048]","[2048, 2048, 2048, 2048, 2048, 2048, 2048, 2048, 2048, 2048]","[2048, 2048, 2048, 2048, 2048, 2048]",273.0
1286,11299,6,48,2026-06-07T14:05:03.157000+00:00,20.262,38.232,20.86,200.0,181.0,False,79.354,"[2049, 2048, 2048, 2048, 2048, 2048]","[2048, 2048, 2048, 2048, 2048, 2048, 2048, 2048, 2048, 2048]","[2048, 2048, 2048, 2048, 2048, 2048]",265.0
1286,11299,12,49,2026-06-07T14:05:04.954000+00:00,19.944,36.061,20.122,200.0,189.0,False,76.127,"[None, 2048, 2048, 2048, 2048, 2048]","[2048, 2048, 2048, 2048, 2048, 2048, 2048, 2048, 2048, 2048]","[2048, 2048, 2048, 2048, 2049, 2048]",274.0
1286,11299,11,47,2026-06-07T14:05:14.829000+00:00,20.69,37.266,21.076,196.0,178.0,False,79.032,"[None, 2048, 2049, 2048, 2048, 2048]","[2048, 2048, 2048, 2048, 2048, 2048, 2048, 2048, 2048, 2048]","[2048, 2048, 2048, 2048, 2048, 2048]",267.0
1286,11299,10,48,2026-06-07T14:05:23.142000+00:00,20.65,36.728,20.84,,187.0,False,78.218,"[None, 2048, 2048, 2048, 2048, 2048]","[2048, 2048, 2048, 2048, 2048, 2048, 2048, 2048, 2049, 2048]","[2048, 2048, 2048, 2048, 2048, 2048]",273.0
1286,11299,44,49,2026-06-07T14:05:25.298000+00:00,20.377,36.306,20.505,193.0,192.0,False,77.188,"[None, 2048, 2048, 2048, 2048, 2048]","[2048, 2048, 2048, 2048, 2048, 2048, 2048, 2048, 2048, 2048]","[2048, 2048, 2048, 2048, 2048, 2048]",258.0
1286,11299,5,47,2026-06-07T14:05:28.747000+00:00,20.245,36.045,20.57,201.0,188.0,False,76.86,"[None, 2048, 2048, 2048, 2049, 2049]","[2049, 2048, 2049, 2048, 2048, 2048, 2048, 2048, 2048, 2048]","[2048, 2048, 2048, 2048, 2048, 2048]",272.0
1286,11299,16,49,2026-06-07T14:05:32.102000+00:00,20.069,35.913,20.213,200.0,190.0,False,76.195,"[None, 2048, 2048, 2048, 2048, 2048]","[2048, 2048, 2048, 2048, 2049, 2048, 2048, 2048, 2048, 2048]","[2048, 2048, 2048, 2048, 2049, 2048]",260.0
1286,11299,30,48,2026-06-07T14:05:43.560000+00:00,20.9,36.411,20.626,195.0,189.0,False,77.937,"[None, 2048, 2048, 2048, 2048, 2048]","[2049, 2048, 2049, 2048, 2049, 2048, 2048, 2048, 2049, 2049]","[2048, 2048, 2048, 2048, 2049, 2048]",270.0
1286,11299,55,48,2026-06-07T14:05:57.404000+00:00,20.536,36.759,20.804,202.0,187.0,False,78.099,"[None, 2048, 2048, 2048, 2049, 2049]","[2049, 2048, 2048, 2048, 2048, 2048, 2048, 2048, 2048, 2048]","[2048, 2048, 2048, 2048, 2049, 2048]",270.0
1286,11299,41,48,2026-06-07T14:06:07.373000+00:00,21.096,36.892,20.894,198.0,187.0,False,78.882,"[None, 2048, 2048, 2048, 2048, 2048]","[2048, 2048, 2048, 2048, 2048, 2048, 2048, 2048, 2048, 2048]","[2048, 2049, 2048, 2048, 2048, 2048]",277.0
1286,11299,23,48,2026-06-07T14:06:07.748000+00:00,21.594,37.346,20.969,191.0,186.0,False,79.909,"[None, 2048, 2048, 2048, 2048, 2048]","[2048, 2048, 2048, 2048, 2048, 2048, 2048, 2048, 2048, 2049]","[2048, 2049, 2049, 2048, 2048, 2048]",267.0
1286,11299,27,48,2026-06-07T14:06:07.936000+00:00,21.912,37.367,21.046,194.0,183.0,False,80.325,"[None, 2048, 2048, 2048, 2048, 2048]","[2048, 2048, 2048, 2048, 2048, 2048, 2048, 2048, 2048, 2048]","[2048, 2048, 2048, 2048, 2048, 2048]",283.0
1286,11299,31,48,2026-06-07T14:06:08.326000+00:00,22.118,37.58,21.119,175.0,185.0,False,80.817,"[None, 2048, 2048, 2048, 2048, 2048]","[2048, 2048, 2048, 2048, 2048, 2049, 2048, 2048, 2048, 2048]","[2048, 2048, 2048, 2048, 2048, 2048]",280.0
1286,11299,43,48,2026-06-07T14:06:09.076000+00:00,21.706,38.089,21.511,174.0,183.0,False,81.306,"[None, 2048, 2048, 2048, 2048, 2048]","[2048, 2048, 2048, 2048, 2048, 2048, 2048, 2048, 2048, 2048]","[2048, 2048, 2048, 2048, 2048, 2048]",273.0
1286,11299,14,48,2026-06-07T14:06:10.904000+00:00,21.436,38.244,21.37,,180.0,False,81.05,"[None, 2048, 2048, 2048, 2048, 2048]","[2048, 2048, 2048, 2048, 2048, 2048, 2048, 2048, 2048, 2048]","[2048, 2048, 2048, 2048, 2048, 2048]",268.0
1286,11299,63,49,2026-06-07T14:06:16.623000+00:00,20.07,36.119,20.585,205.0,189.0,False,76.774,"[None, 2049, 2048, 2048, 2048, 2048]","[2048, 2048, 2048, 2048, 2048, 2048, 2048, 2048, 2048, 2048]","[2048, 2048, 2048, 2048, 2048, 2048]",271.0
1286,11299,18,48,2026-06-07T14:06:18.607000+00:00,20.906,40.842,21.953,195.0,172.0,False,83.701,"[None, 2048, 2049, 2048, 2048, 2048]","[2048, 2048, 2048, 2048, 2048, 2048, 2048, 2048, 2048, 2048]","[2048, 2048, 2048, 2048, 2048, 2048]",244.0
1286,11299,12,50,2026-06-07T14:06:20.936000+00:00,20.004,36.654,20.2,,190.0,False,76.858,"[None, 2048, 2048, 2048, 2048, 2048]","[2048, 2048, 2048, 2048, 2048, 2048, 2048, 2048, 2048, 2048]","[2048, 2048, 2048, 2048, 2048, 2048]",274.0
1286,11299,6,49,2026-06-07T14:06:22.514000+00:00,20.309,36.887,20.694,,180.0,False,77.89,"[2048, 2048, 2048, 2048, 2048, 2048]","[2048, 2048, 2048, 2048, 2048, 2048, 2048, 2048, 2048, 2048]","[2048, 2048, 2048, 2048, 2048, 2048]",266.0
1286,11299,81,49,2026-06-07T14:06:30.483000+00:00,24.626,37.827,21.193,181.0,183.0,True,83.646,"[2064, 2048, 2048, 2048, 2048, 2048]","[2048, 2048, 2048, 2048, 2048, 2048, 2048, 2048, 2048, 2048]","[2048, 2048, 2048, 2048, 2048, 2048]",270.0
1286,11299,11,48,2026-06-07T14:06:33.954000+00:00,21.621,38.358,21.408,184.0,180.0,False,81.387,"[None, 2048, 2048, 2048, 2048, 2048]","[2048, 2048, 2048, 2048, 2048, 2048, 2048, 2048, 2048, 2048]","[2048, 2048, 2048, 2048, 2048, 2048]",269.0
1286,11299,10,49,2026-06-07T14:06:41.345000+00:00,21.953,37.73,21.039,132.0,184.0,False,80.722,"[None, 2048, 2048, 2048, 2048, 2048]","[2048, 2048, 2048, 2048, 2048, 2048, 2048, 2048, 2048, 2048]","[2048, 2048, 2048, 2048, 2048, 2048]",272.0
1286,11299,44,50,2026-06-07T14:06:42.439000+00:00,20.623,36.129,20.3,194.0,188.0,False,77.052,"[None, 2048, 2048, 2048, 2048, 2048]","[2048, 2048, 2051, 2048, 2048, 2048, 2048, 2048, 2048, 2048]","[2048, 2048, 2049, 2048, 2048, 2048]",258.0
1286,11299,5,48,2026-06-07T14:06:45.517000+00:00,20.282,36.144,20.756,196.0,186.0,False,77.182,"[None, 2049, 2048, 2048, 2048, 2048]","[2048, 2048, 2049, 2048, 2049, 2048, 2048, 2048, 2048, 2048]","[2048, 2048, 2048, 2048, 2048, 2048]",273.0
1286,11299,16,50,2026-06-07T14:06:48.329000+00:00,19.974,35.914,20.323,203.0,191.0,False,76.211,"[None, 2049, 2048, 2048, 2051, 2048]","[2048, 2048, 2048, 2048, 2049, 2048, 2048, 2048, 2048, 2048]","[2048, 2048, 2048, 2048, 2048, 2048]",260.0
1286,11299,30,49,2026-06-07T14:07:01.501000+00:00,20.773,36.407,20.604,194.0,189.0,False,77.784,"[None, 2048, 2048, 2048, 2048, 2048]","[2048, 2048, 2049, 2049, 2048, 2048, 2048, 2048, 2048, 2048]","[2048, 2048, 2048, 2048, 2049, 2048]",270.0
1286,11299,55,49,2026-06-07T14:07:15.611000+00:00,20.608,36.8,20.783,198.0,183.0,False,78.191,"[None, 2048, 2048, 2048, 2048, 2048]","[2048, 2048, 2048, 2048, 2048, 2048, 2048, 2048, 2049, 2048]","[2049, 2048, 2048, 2048, 2049, 2049]",270.0
1286,11299,41,49,2026-06-07T14:07:26.345000+00:00,20.622,37.134,20.899,199.0,187.0,False,78.655,"[None, 2048, 2048, 2048, 2049, 2048]","[2048, 2048, 2048, 2048, 2048, 2048, 2048, 2048, 2048, 2048]","[2048, 2048, 2048, 2048, 2048, 2048]",270.0
1286,11299,23,49,2026-06-07T14:07:27.548000+00:00,20.672,37.66,21.241,200.0,172.0,False,79.573,"[None, 2049, 2049, 2048, 2049, 2048]","[2048, 2048, 2048, 2048, 2048, 2048, 2048, 2048, 2048, 2048]","[2048, 2048, 2048, 2048, 2048, 2048]",263.0
1286,11299,27,49,2026-06-07T14:07:28.142000+00:00,20.645,37.432,21.531,198.0,180.0,False,79.608,"[None, 2048, 2048, 2048, 2048, 2048]","[2048, 2048, 2048, 2048, 2048, 2048, 2048, 2048, 2048, 2048]","[2048, 2048, 2048, 2048, 2048, 2048]",282.0
1286,11299,31,49,2026-06-07T14:07:29.158000+00:00,20.862,37.149,21.41,179.0,186.0,False,79.421,"[None, 2048, 2048, 2048, 2048, 2048]","[2048, 2048, 2048, 2048, 2048, 2048, 2048, 2048, 2048, 2048]","[2048, 2048, 2048, 2048, 2048, 2048]",280.0
1286,11299,43,49,2026-06-07T14:07:30.330000+00:00,20.781,37.721,22.028,190.0,172.0,False,80.53,"[None, 2048, 2048, 2048, 2048, 2048]","[2048, 2048, 2048, 2048, 2048, 2048, 2048, 2048, 2048, 2048]","[2048, 2048, 2048, 2048, 2048, 2048]",268.0
1286,11299,14,49,2026-06-07T14:07:31.908000+00:00,21.053,39.099,21.488,,179.0,False,81.64,"[None, 2048, 2049, 2048, 2048, 2048]","[2048, 2048, 2048, 2048, 2048, 2048, 2048, 2048, 2048, 2048]","[2048, 2048, 2048, 2048, 2048, 2048]",263.0
1286,11299,63,50,2026-06-07T14:07:33.408000+00:00,20.318,36.578,20.506,189.0,192.0,False,77.402,"[None, 2048, 2048, 2048, 2048, 2048]","[2048, 2048, 2048, 2048, 2048, 2048, 2048, 2048, 2048, 2048]","[2048, 2048, 2048, 2048, 2048, 2048]",270.0
1286,11299,12,51,2026-06-07T14:07:37.892000+00:00,19.854,35.537,20.546,207.0,193.0,False,75.937,"[None, 2048, 2048, 2048, 2048, 2048]","[2048, 2048, 2048, 2048, 2049, 2048, 2048, 2048, 2048, 2048]","[2048, 2048, 2048, 2048, 2048, 2051]",274.0
1286,11299,6,50,2026-06-07T14:07:40.564000+00:00,20.38,36.512,20.612,201.0,186.0,False,77.504,"[None, 2048, 2048, 2048, 2048, 2048]","[2048, 2048, 2048, 2048, 2048, 2048, 2048, 2048, 2048, 2048]","[2049, 2048, 2048, 2048, 2048, 2048]",267.0
1286,11299,18,49,2026-06-07T14:07:42.330000+00:00,21.097,37.628,21.225,,186.0,False,79.95,"[None, 2048, 2048, 2048, 2048, 2048]","[2048, 2048, 2048, 2048, 2048, 2048, 2048, 2048, 2048, 2048]","[2049, 2048, 2048, 2048, 2048, 2048]",268.0
1286,11299,81,50,2026-06-07T14:07:53.970000+00:00,20.731,36.743,20.715,197.0,190.0,False,78.189,"[2048, 2048, 2048, 2048, 2048, 2048]","[2048, 2048, 2048, 2048, 2048, 2048, 2048, 2048, 2048, 2048]","[2048, 2048, 2048, 2048, 2048, 2048]",271.0
1286,11299,11,49,2026-06-07T14:07:55.252000+00:00,21.273,37.629,22.015,,182.0,False,80.917,"[None, 2048, 2048, 2048, 2048, 2048]","[2048, 2048, 2048, 2048, 2048, 2049, 2048, 2048, 2048, 2048]","[2048, 2048, 2048, 2048, 2048, 2048]",270.0
1286,11299,44,51,2026-06-07T14:07:59.486000+00:00,20.293,36.028,20.374,195.0,190.0,False,76.695,"[None, 2048, 2048, 2048, 2049, 2048]","[2048, 2048, 2048, 2048, 2048, 2048, 2048, 2048, 2048, 2048]","[2048, 2048, 2048, 2048, 2048, 2048]",260.0
1286,11299,10,50,2026-06-07T14:08:02.127000+00:00,20.469,36.696,21.76,195.0,187.0,False,78.925,"[None, 2048, 2048, 2048, 2048, 2048]","[2048, 2048, 2048, 2048, 2048, 2048, 2048, 2048, 2049, 2048]","[2048, 2048, 2048, 2048, 2048, 2048]",272.0
1286,11299,5,49,2026-06-07T14:08:02.721000+00:00,20.412,38.004,20.937,191.0,183.0,False,79.353,"[None, 2049, 2049, 2048, 2048, 2048]","[2048, 2048, 2048, 2048, 2048, 2051, 2048, 2048, 2048, 2048]","[2048, 2048, 2048, 2048, 2048, 2048]",283.0
1286,11299,16,51,2026-06-07T14:08:04.486000+00:00,20.006,36.085,20.383,207.0,191.0,False,76.474,"[None, 2048, 2049, 2049, 2048, 2049]","[2048, 2048, 2048, 2048, 2048, 2048, 2048, 2048, 2048, 2048]","[2048, 2048, 2048, 2048, 2048, 2048]",272.0
1286,11299,30,50,2026-06-07T14:08:19.377000+00:00,20.565,36.21,20.482,202.0,190.0,False,77.257,"[None, 2048, 2048, 2048, 2048, 2049]","[2049, 2049, 2048, 2048, 2049, 2048, 2048, 2049, 2048, 2049]","[2049, 2049, 2048, 2049, 2048, 2048]",270.0
1286,11299,55,50,2026-06-07T14:08:33.642000+00:00,20.545,36.742,20.785,201.0,186.0,False,78.072,"[None, 2048, 2048, 2048, 2049, 2048]","[2048, 2048, 2048, 2048, 2048, 2048, 2048, 2048, 2048, 2048]","[2048, 2048, 2048, 2048, 2049, 2048]",271.0
1286,11299,41,50,2026-06-07T14:08:45.064000+00:00,20.741,37.011,20.994,,184.0,False,78.746,"[None, 2048, 2048, 2048, 2048, 2048]","[2048, 2048, 2048, 2048, 2048, 2048, 2048, 2048, 2048, 2048]","[2049, 2048, 2048, 2048, 2048, 2048]",270.0
1286,11299,23,50,2026-06-07T14:08:47.111000+00:00,20.857,37.607,21.763,188.0,175.0,False,80.227,"[None, 2048, 2048, 2048, 2048, 2048]","[2048, 2048, 2048, 2048, 2048, 2048, 2048, 2048, 2048, 2048]","[2048, 2048, 2048, 2048, 2048, 2048]",268.0
1286,11299,27,50,2026-06-07T14:08:47.799000+00:00,20.721,37.57,22.261,202.0,182.0,False,80.552,"[None, 2048, 2048, 2048, 2048, 2048]","[2048, 2048, 2048, 2048, 2048, 2048, 2048, 2048, 2048, 2048]","[2048, 2048, 2048, 2048, 2048, 2048]",282.0
1286,11299,31,50,2026-06-07T14:08:48.517000+00:00,20.997,38.737,21.787,187.0,178.0,False,81.521,"[None, 2048, 2048, 2048, 2048, 2048]","[2048, 2048, 2048, 2048, 2048, 2048, 2048, 2048, 2048, 2048]","[2048, 2048, 2048, 2048, 2048, 2048]",280.0
1286,11299,63,51,2026-06-07T14:08:50.924000+00:00,20.197,36.417,20.694,200.0,193.0,False,77.308,"[None, 2049, 2048, 2049, 2048, 2048]","[2048, 2048, 2048, 2048, 2048, 2048, 2048, 2048, 2048, 2048]","[2048, 2048, 2048, 2048, 2048, 2048]",272.0
1286,11299,43,50,2026-06-07T14:08:51.049000+00:00,21.522,38.402,21.241,191.0,183.0,False,81.165,"[None, 2048, 2048, 2048, 2048, 2048]","[2048, 2048, 2048, 2048, 2048, 2048, 2048, 2048, 2048, 2048]","[2048, 2048, 2048, 2048, 2048, 2048]",268.0
1286,11299,14,50,2026-06-07T14:08:53.627000+00:00,22.04,37.82,21.064,193.0,181.0,False,80.924,"[None, 2048, 2048, 2048, 2048, 2048]","[2048, 2048, 2048, 2048, 2048, 2048, 2048, 2048, 2048, 2048]","[2049, 2048, 2048, 2048, 2048, 2048]",267.0
1286,11299,12,52,2026-06-07T14:08:53.877000+00:00,19.82,35.871,20.527,202.0,192.0,False,76.218,"[None, 2048, 2048, 2048, 2048, 2048]","[2048, 2048, 2048, 2048, 2048, 2051, 2048, 2048, 2048, 2048]","[2048, 2048, 2048, 2048, 2049, 2048]",283.0
1286,11299,6,51,2026-06-07T14:08:58.002000+00:00,20.52,36.54,20.714,202.0,188.0,False,77.774,"[None, 2048, 2048, 2048, 2048, 2048]","[2048, 2048, 2048, 2048, 2048, 2048, 2048, 2048, 2048, 2048]","[2048, 2048, 2048, 2048, 2048, 2048]",268.0
1286,11299,18,50,2026-06-07T14:09:02.252000+00:00,20.907,37.416,21.038,197.0,185.0,False,79.361,"[None, 2048, 2048, 2048, 2048, 2048]","[2048, 2048, 2048, 2048, 2048, 2048, 2048, 2048, 2048, 2048]","[2049, 2048, 2048, 2048, 2049, 2048]",268.0
1286,11299,81,51,2026-06-07T14:09:12.252000+00:00,20.591,36.394,20.438,191.0,195.0,False,77.423,"[None, 2048, 2048, 2048, 2048, 2048]","[2048, 2048, 2048, 2048, 2048, 2048, 2048, 2048, 2048, 2049]","[2049, 2049, 2049, 2048, 2048, 2048]",271.0
1286,11299,11,50,2026-06-07T14:09:16.127000+00:00,21.994,37.708,21.889,182.0,183.0,False,81.591,"[None, 2048, 2048, 2048, 2048, 2048]","[2048, 2048, 2048, 2048, 2048, 2048, 2048, 2048, 2048, 2048]","[2048, 2048, 2048, 2048, 2048, 2048]",270.0
1286,11299,44,52,2026-06-07T14:09:16.424000+00:00,20.338,35.997,20.326,191.0,193.0,False,76.661,"[None, 2048, 2048, 2048, 2048, 2048]","[2048, 2048, 2048, 2048, 2048, 2048, 2048, 2048, 2048, 2049]","[2048, 2048, 2048, 2048, 2048, 2048]",260.0
1286,11299,10,51,2026-06-07T14:09:21.018000+00:00,21.751,36.847,20.75,199.0,188.0,False,79.348,"[None, 2048, 2048, 2048, 2048, 2048]","[2048, 2048, 2048, 2048, 2048, 2048, 2048, 2048, 2048, 2048]","[2048, 2049, 2048, 2048, 2049, 2048]",273.0
1286,11299,16,52,2026-06-07T14:09:21.174000+00:00,20.261,36.085,20.35,202.0,192.0,False,76.696,"[None, 2048, 2048, 2048, 2048, 2048]","[2048, 2048, 2048, 2048, 2048, 2048, 2048, 2048, 2048, 2048]","[2049, 2048, 2048, 2048, 2048, 2048]",262.0
1286,11299,5,50,2026-06-07T14:09:22.064000+00:00,21.092,36.999,24.809,181.0,176.0,False,82.9,"[None, 2048, 2048, 2048, 2048, 2048]","[2048, 2048, 2048, 2048, 2048, 2048, 2048, 2048, 2048, 2048]","[2048, 2048, 2048, 2048, 2048, 2048]",283.0
1286,11299,30,51,2026-06-07T14:09:36.643000+00:00,20.626,36.336,20.544,198.0,190.0,False,77.506,"[None, 2049, 2048, 2048, 2049, 2048]","[2048, 2048, 2049, 2048, 2048, 2048, 2048, 2049, 2048, 2049]","[2049, 2048, 2048, 2048, 2049, 2048]",271.0
1286,11299,55,51,2026-06-07T14:09:51.783000+00:00,20.561,36.647,20.814,199.0,186.0,False,78.022,"[None, 2048, 2048, 2049, 2048, 2048]","[2048, 2048, 2048, 2048, 2048, 2048, 2048, 2048, 2049, 2048]","[2049, 2048, 2048, 2048, 2048, 2049]",271.0
1286,11299,41,51,2026-06-07T14:10:03.752000+00:00,20.753,37.206,20.932,196.0,187.0,False,78.891,"[None, 2048, 2048, 2048, 2048, 2048]","[2048, 2048, 2048, 2048, 2048, 2048, 2048, 2048, 2048, 2048]","[2048, 2049, 2048, 2048, 2048, 2048]",270.0
1286,11299,23,51,2026-06-07T14:10:07.408000+00:00,21.642,38.719,21.317,145.0,174.0,False,81.678,"[None, 2048, 2048, 2048, 2048, 2048]","[2048, 2048, 2048, 2048, 2048, 2048, 2048, 2048, 2048, 2048]","[2048, 2048, 2048, 2048, 2048, 2048]",267.0
1286,11299,63,52,2026-06-07T14:10:08.268000+00:00,20.681,35.97,20.32,178.0,193.0,False,76.971,"[None, 2048, 2048, 2048, 2048, 2048]","[2048, 2048, 2048, 2048, 2048, 2048, 2049, 2048, 2048, 2049]","[2048, 2048, 2048, 2048, 2048, 2048]",280.0
1286,11299,27,51,2026-06-07T14:10:08.518000+00:00,21.902,38.217,21.26,143.0,182.0,False,81.379,"[None, 2048, 2048, 2048, 2048, 2048]","[2048, 2048, 2048, 2048, 2048, 2048, 2048, 2048, 2048, 2048]","[2048, 2048, 2048, 2048, 2048, 2048]",282.0
1286,11299,12,53,2026-06-07T14:10:10.033000+00:00,20.226,36.419,20.092,182.0,192.0,False,76.737,"[None, 2048, 2051, 2048, 2048, 2048]","[2048, 2048, 2048, 2048, 2048, 2048, 2048, 2048, 2048, 2048]","[2051, 2051, 2048, 2048, 2048, 2048]",277.0
1286,11299,31,51,2026-06-07T14:10:10.315000+00:00,21.724,37.702,21.19,179.0,184.0,False,80.616,"[None, 2048, 2048, 2048, 2048, 2048]","[2048, 2048, 2048, 2048, 2048, 2048, 2048, 2048, 2048, 2048]","[2048, 2048, 2048, 2048, 2048, 2048]",272.0
1286,11299,43,51,2026-06-07T14:10:12.096000+00:00,20.656,37.593,21.386,184.0,179.0,False,79.635,"[None, 2048, 2048, 2048, 2048, 2048]","[2048, 2048, 2048, 2048, 2048, 2048, 2048, 2048, 2048, 2048]","[2048, 2048, 2048, 2048, 2048, 2048]",271.0
1286,11299,14,51,2026-06-07T14:10:14.471000+00:00,21.853,38.255,21.137,109.0,183.0,False,81.245,"[None, 2048, 2049, 2048, 2048, 2048]","[2048, 2048, 2048, 2048, 2048, 2048, 2048, 2048, 2048, 2048]","[2048, 2048, 2048, 2048, 2048, 2048]",269.0
1286,11299,6,52,2026-06-07T14:10:15.705000+00:00,20.509,36.799,20.608,,189.0,False,77.916,"[None, 2048, 2048, 2048, 2048, 2048]","[2048, 2048, 2048, 2048, 2048, 2048, 2048, 2048, 2048, 2048]","[2048, 2048, 2048, 2048, 2048, 2048]",267.0
1286,11299,18,51,2026-06-07T14:10:21.690000+00:00,20.961,37.784,21.071,,186.0,False,79.816,"[None, 2049, 2049, 2048, 2048, 2048]","[2048, 2048, 2048, 2048, 2048, 2048, 2048, 2048, 2048, 2048]","[2048, 2048, 2048, 2048, 2048, 2048]",268.0
1286,11299,81,52,2026-06-07T14:10:29.768000+00:00,20.357,35.991,20.515,203.0,193.0,False,76.863,"[2049, 2048, 2048, 2048, 2048, 2049]","[2048, 2048, 2048, 2049, 2049, 2048, 2048, 2048, 2048, 2049]","[2048, 2048, 2048, 2048, 2049, 2048]",271.0
1286,11299,44,53,2026-06-07T14:10:32.799000+00:00,20.217,36.049,20.411,192.0,192.0,False,76.677,"[None, 2048, 2048, 2049, 2048, 2048]","[2048, 2048, 2048, 2048, 2048, 2048, 2048, 2048, 2048, 2048]","[2048, 2048, 2048, 2048, 2048, 2048]",261.0
1286,11299,16,53,2026-06-07T14:10:37.721000+00:00,19.934,35.864,20.166,203.0,192.0,False,75.964,"[None, 2048, 2048, 2048, 2048, 2048]","[2048, 2048, 2048, 2048, 2048, 2048, 2048, 2048, 2048, 2048]","[2048, 2048, 2048, 2048, 2048, 2048]",260.0
1286,11299,11,51,2026-06-07T14:10:37.955000+00:00,21.823,39.222,21.896,184.0,162.0,False,82.941,"[None, 2048, 2048, 2048, 2048, 2048]","[2048, 2048, 2048, 2048, 2048, 2048, 2049, 2048, 2048, 2048]","[2048, 2048, 2048, 2048, 2048, 2048]",269.0
1286,11299,10,52,2026-06-07T14:10:40.330000+00:00,20.649,36.744,20.557,197.0,188.0,False,77.95,"[None, 2048, 2048, 2048, 2048, 2048]","[2048, 2048, 2048, 2048, 2048, 2048, 2048, 2048, 2049, 2048]","[2048, 2049, 2049, 2048, 2048, 2048]",273.0
1286,11299,5,51,2026-06-07T14:10:44.971000+00:00,21.04,36.528,20.828,197.0,186.0,False,78.396,"[None, 2048, 2048, 2048, 2048, 2048]","[2048, 2048, 2048, 2048, 2048, 2048, 2048, 2048, 2048, 2048]","[2048, 2048, 2048, 2048, 2048, 2048]",272.0
1286,11299,30,52,2026-06-07T14:10:54.034000+00:00,20.697,36.45,20.558,202.0,188.0,False,77.705,"[None, 2049, 2048, 2048, 2048, 2048]","[2048, 2048, 2048, 2048, 2048, 2048, 2048, 2048, 2048, 2048]","[2048, 2049, 2048, 2048, 2048, 2048]",271.0
1286,11299,55,52,2026-06-07T14:11:09.862000+00:00,20.569,36.773,39.234,198.0,187.0,False,96.576,"[None, 2048, 2049, 2048, 2048, 2048]","[2048, 2048, 2048, 2049, 2048, 2048, 2048, 2048, 2048, 2049]","[2048, 2048, 2048, 2064, 2064, 2064]",271.0
1286,11299,41,52,2026-06-07T14:11:22.643000+00:00,20.819,38.437,22.653,200.0,174.0,False,81.909,"[None, 2048, 2048, 2048, 2048, 2048]","[2048, 2048, 2048, 2048, 2048, 2048, 2048, 2048, 2048, 2048]","[2048, 2048, 2048, 2048, 2048, 2048]",269.0
1286,11299,63,53,2026-06-07T14:11:25.065000+00:00,19.869,35.944,20.217,198.0,193.0,False,76.03,"[None, 2049, 2048, 2049, 2049, 2049]","[2048, 2048, 2048, 2048, 2048, 2048, 2048, 2048, 2051, 2049]","[2051, 2049, 2048, 2048, 2048, 2048]",271.0
1286,11299,12,54,2026-06-07T14:11:26.846000+00:00,19.841,35.782,20.266,201.0,187.0,False,75.889,"[None, 2048, 2048, 2048, 2048, 2048]","[2048, 2048, 2048, 2049, 2048, 2048, 2048, 2049, 2048, 2048]","[2048, 2048, 2048, 2048, 2048, 2048]",272.0
1286,11299,23,52,2026-06-07T14:11:29.112000+00:00,21.097,37.323,21.349,199.0,175.0,False,79.769,"[None, 2048, 2048, 2048, 2048, 2049]","[2048, 2048, 2049, 2048, 2048, 2048, 2048, 2048, 2048, 2048]","[2048, 2048, 2048, 2048, 2048, 2048]",268.0
1286,11299,27,52,2026-06-07T14:11:29.784000+00:00,21.004,37.179,21.216,193.0,183.0,False,79.399,"[None, 2048, 2048, 2048, 2048, 2048]","[2048, 2048, 2048, 2048, 2048, 2048, 2048, 2048, 2048, 2048]","[2048, 2048, 2048, 2048, 2048, 2048]",281.0
1286,11299,31,52,2026-06-07T14:11:30.628000+00:00,21.203,37.202,21.017,176.0,185.0,False,79.422,"[None, 2048, 2048, 2048, 2048, 2048]","[2048, 2048, 2048, 2048, 2048, 2048, 2048, 2048, 2048, 2048]","[2048, 2048, 2048, 2048, 2048, 2048]",279.0
1286,11299,43,52,2026-06-07T14:11:31.659000+00:00,20.842,39.031,21.162,188.0,182.0,False,81.035,"[None, 2048, 2048, 2048, 2048, 2048]","[2048, 2048, 2048, 2048, 2048, 2048, 2048, 2048, 2048, 2048]","[2048, 2048, 2048, 2048, 2048, 2048]",260.0
1286,11299,6,53,2026-06-07T14:11:33.659000+00:00,20.351,36.735,20.642,200.0,187.0,False,77.728,"[None, 2048, 2048, 2048, 2048, 2048]","[2048, 2048, 2048, 2048, 2048, 2048, 2048, 2048, 2048, 2048]","[2048, 2048, 2048, 2048, 2048, 2048]",265.0
1286,11299,14,52,2026-06-07T14:11:35.768000+00:00,20.884,37.487,21.157,198.0,184.0,False,79.528,"[None, 2048, 2049, 2048, 2048, 2048]","[2048, 2048, 2048, 2048, 2048, 2048, 2048, 2048, 2048, 2048]","[2048, 2048, 2048, 2048, 2048, 2049]",267.0
1286,11299,18,52,2026-06-07T14:11:41.456000+00:00,20.739,37.442,21.109,199.0,181.0,False,79.29,"[None, 2048, 2048, 2048, 2048, 2048]","[2048, 2048, 2048, 2048, 2048, 2048, 2048, 2048, 2048, 2048]","[2048, 2048, 2048, 2048, 2048, 2048]",268.0
1286,11299,81,53,2026-06-07T14:11:46.534000+00:00,20.229,36.024,20.443,200.0,191.0,False,76.696,"[None, 2049, 2048, 2049, 2048, 2049]","[2048, 2048, 2048, 2049, 2049, 2048, 2048, 2048, 2049, 2048]","[2048, 2049, 2048, 2048, 2048, 2048]",272.0
1286,11299,44,54,2026-06-07T14:11:49.612000+00:00,20.403,36.029,20.257,197.0,193.0,False,76.689,"[None, 2048, 2048, 2048, 2048, 2048]","[2048, 2048, 2048, 2048, 2048, 2048, 2048, 2048, 2048, 2048]","[2048, 2048, 2048, 2048, 2049, 2048]",261.0
1286,11299,16,54,2026-06-07T14:11:53.612000+00:00,20.11,35.892,20.148,205.0,191.0,False,76.15,"[None, 2048, 2048, 2048, 2048, 2048]","[2048, 2048, 2048, 2048, 2049, 2048, 2048, 2048, 2048, 2048]","[2048, 2048, 2048, 2051, 2049, 2048]",259.0
1286,11299,10,53,2026-06-07T14:11:58.299000+00:00,20.234,36.289,20.532,199.0,188.0,False,77.055,"[None, 2049, 2048, 2049, 2049, 2048]","[2049, 2048, 2048, 2048, 2048, 2048, 2048, 2048, 2048, 2048]","[2048, 2048, 2049, 2049, 2049, 2048]",275.0
1286,11299,11,52,2026-06-07T14:12:00.721000+00:00,21.418,37.858,21.556,179.0,180.0,False,80.832,"[None, 2048, 2048, 2048, 2048, 2048]","[2048, 2048, 2048, 2048, 2048, 2048, 2048, 2048, 2048, 2048]","[2048, 2048, 2048, 2048, 2048, 2048]",270.0
1286,11299,5,52,2026-06-07T14:12:03.440000+00:00,20.314,36.653,21.586,198.0,183.0,False,78.553,"[None, 2048, 2048, 2048, 2048, 2048]","[2048, 2048, 2048, 2048, 2048, 2048, 2048, 2048, 2048, 2048]","[2048, 2048, 2048, 2048, 2049, 2049]",274.0
1286,11299,30,53,2026-06-07T14:12:11.728000+00:00,20.597,36.529,20.686,201.0,188.0,False,77.812,"[None, 2049, 2048, 2048, 2048, 2048]","[2048, 2048, 2048, 2049, 2048, 2048, 2048, 2048, 2048, 2048]","[2048, 2048, 2048, 2048, 2048, 2048]",271.0
1286,11299,63,54,2026-06-07T14:12:41.222000+00:00,19.794,38.71,20.674,208.0,188.0,False,79.178,"[2049, 2048, 2048, 2049, 2049, 2051]","[2049, 2048, 2048, 2048, 2048, 2048, 2048, 2048, 2048, 2048]","[2048, 2048, 2048, 2048, 2048, 2048]",266.0
1286,11299,12,55,2026-06-07T14:12:42.690000+00:00,19.72,35.395,19.875,205.0,194.0,False,74.99,"[None, 2048, 2048, 2051, 2048, 2048]","[2048, 2048, 2049, 2048, 2049, 2048, 2048, 2049, 2049, 2051]","[2051, 2051, 2048, 2048, 2048, 2048]",270.0
1286,11299,41,53,2026-06-07T14:12:44.503000+00:00,20.914,37.269,21.065,198.0,185.0,False,79.248,"[None, 2048, 2048, 2048, 2048, 2048]","[2048, 2048, 2048, 2048, 2048, 2048, 2048, 2048, 2048, 2048]","[2048, 2048, 2048, 2048, 2048, 2048]",270.0
1286,11299,55,53,2026-06-07T14:12:46.425000+00:00,24.049,37.243,20.6,182.0,186.0,True,81.892,"[2064, 2048, 2048, 2048, 2048, 2048]","[2048, 2048, 2048, 2048, 2048, 2048, 2048, 2048, 2048, 2048]","[2048, 2048, 2049, 2049, 2049, 2049]",270.0
1286,11299,23,53,2026-06-07T14:12:48.800000+00:00,22.191,39.217,21.163,189.0,177.0,False,82.571,"[None, 2048, 2048, 2048, 2048, 2048]","[2048, 2048, 2048, 2048, 2048, 2048, 2048, 2048, 2048, 2048]","[2048, 2048, 2048, 2048, 2048, 2048]",267.0
1286,11299,27,53,2026-06-07T14:12:49.050000+00:00,22.41,39.135,21.456,184.0,179.0,False,83.001,"[None, 2048, 2048, 2048, 2048, 2048]","[2048, 2048, 2048, 2048, 2048, 2048, 2048, 2048, 2048, 2048]","[2048, 2048, 2048, 2048, 2048, 2048]",270.0
1286,11299,31,53,2026-06-07T14:12:50.112000+00:00,22.502,38.577,21.661,139.0,180.0,False,82.74,"[None, 2048, 2048, 2048, 2048, 2048]","[2048, 2048, 2048, 2048, 2048, 2048, 2048, 2048, 2048, 2048]","[2048, 2048, 2048, 2048, 2048, 2048]",271.0
1286,11299,6,54,2026-06-07T14:12:51.362000+00:00,20.859,37.386,20.549,184.0,187.0,False,78.794,"[None, 2048, 2048, 2048, 2048, 2048]","[2048, 2048, 2048, 2048, 2048, 2048, 2048, 2049, 2048, 2048]","[2048, 2048, 2048, 2048, 2048, 2048]",266.0
1286,11299,43,53,2026-06-07T14:12:52.800000+00:00,20.796,38.176,21.688,177.0,181.0,False,80.66,"[None, 2048, 2048, 2048, 2048, 2048]","[2048, 2048, 2048, 2048, 2048, 2048, 2048, 2048, 2048, 2048]","[2048, 2048, 2048, 2048, 2048, 2048]",273.0
1286,11299,14,53,2026-06-07T14:12:55.206000+00:00,20.863,37.904,21.218,,180.0,False,79.985,"[None, 2048, 2048, 2048, 2048, 2048]","[2048, 2048, 2048, 2048, 2048, 2048, 2048, 2048, 2048, 2048]","[2048, 2048, 2048, 2048, 2048, 2049]",268.0
1286,11299,18,53,2026-06-07T14:13:00.757000+00:00,20.878,38.856,21.592,198.0,175.0,False,81.326,"[None, 2048, 2048, 2048, 2048, 2048]","[2048, 2048, 2048, 2048, 2048, 2048, 2048, 2048, 2048, 2048]","[2048, 2048, 2048, 2048, 2048, 2048]",269.0
1286,11299,81,54,2026-06-07T14:13:03.242000+00:00,20.21,36.655,20.387,202.0,186.0,False,77.252,"[None, 2048, 2048, 2049, 2048, 2049]","[2048, 2048, 2048, 2049, 2048, 2048, 2048, 2048, 2048, 2048]","[2048, 2048, 2048, 2049, 2051, 2048]",273.0
1286,11299,44,55,2026-06-07T14:13:06.277000+00:00,20.418,36.006,20.343,194.0,191.0,False,76.767,"[None, 2048, 2048, 2048, 2048, 2048]","[2048, 2048, 2051, 2048, 2048, 2048, 2048, 2048, 2048, 2048]","[2048, 2048, 2048, 2048, 2048, 2048]",261.0
1286,11299,16,55,2026-06-07T14:13:09.897000+00:00,19.968,35.951,20.137,,191.0,False,76.056,"[None, 2049, 2048, 2048, 2048, 2048]","[2048, 2048, 2048, 2048, 2048, 2048, 2048, 2048, 2048, 2048]","[2048, 2049, 2048, 2048, 2049, 2048]",261.0
1286,11299,10,54,2026-06-07T14:13:15.334000+00:00,20.267,36.416,20.604,,190.0,False,77.287,"[2049, 2048, 2048, 2048, 2048, 2048]","[2048, 2048, 2048, 2048, 2048, 2048, 2048, 2049, 2049, 2048]","[2048, 2048, 2048, 2048, 2048, 2048]",272.0
1286,11299,11,53,2026-06-07T14:13:21.553000+00:00,21.366,37.892,21.575,193.0,182.0,False,80.833,"[None, 2048, 2048, 2048, 2048, 2048]","[2048, 2048, 2048, 2048, 2048, 2048, 2048, 2048, 2048, 2048]","[2048, 2048, 2048, 2048, 2048, 2048]",270.0
1286,11299,5,53,2026-06-07T14:13:21.959000+00:00,21.364,37.889,22.065,175.0,180.0,False,81.318,"[None, 2048, 2048, 2048, 2048, 2048]","[2048, 2048, 2048, 2048, 2048, 2048, 2048, 2048, 2048, 2048]","[2048, 2048, 2048, 2048, 2048, 2048]",282.0
1286,11299,30,54,2026-06-07T14:13:29.584000+00:00,20.489,36.335,20.704,198.0,190.0,False,77.528,"[2049, 2048, 2049, 2048, 2048, 2048]","[2048, 2049, 2048, 2048, 2048, 2048, 2048, 2048, 2048, 2048]","[2048, 2048, 2048, 2048, 2048, 2048]",271.0
1286,11299,12,56,2026-06-07T14:13:57.741000+00:00,19.841,35.461,20.0,204.0,195.0,False,75.302,"[None, 2048, 2048, 2048, 2049, 2048]","[2048, 2048, 2048, 2048, 2048, 2048, 2048, 2048, 2048, 2048]","[2048, 2048, 2048, 2048, 2049, 2048]",270.0
1286,11299,63,55,2026-06-07T14:14:00.320000+00:00,20.123,36.027,20.338,202.0,191.0,False,76.488,"[2048, 2048, 2048, 2048, 2048, 2048]","[2048, 2048, 2048, 2048, 2048, 2048, 2048, 2048, 2048, 2048]","[2048, 2048, 2048, 2048, 2048, 2048]",270.0
1286,11299,41,54,2026-06-07T14:14:03.788000+00:00,20.723,37.31,20.909,202.0,187.0,False,78.942,"[None, 2048, 2048, 2048, 2049, 2048]","[2048, 2048, 2048, 2048, 2048, 2048, 2048, 2048, 2048, 2048]","[2048, 2048, 2048, 2048, 2048, 2048]",271.0
1286,11299,55,54,2026-06-07T14:14:08.320000+00:00,20.326,37.195,21.925,199.0,180.0,False,79.446,"[2049, 2049, 2049, 2049, 2048, 2048]","[2049, 2048, 2049, 2049, 2048, 2049, 2049, 2048, 2048, 2048]","[2048, 2048, 2048, 2048, 2048, 2048]",272.0
1286,11299,6,55,2026-06-07T14:14:10.210000+00:00,20.223,36.584,20.866,200.0,186.0,False,77.673,"[None, 2048, 2048, 2048, 2049, 2048]","[2048, 2048, 2048, 2048, 2048, 2048, 2048, 2048, 2048, 2048]","[2048, 2048, 2048, 2048, 2048, 2048]",264.0
1286,11299,23,54,2026-06-07T14:14:11.507000+00:00,20.595,36.714,20.848,201.0,185.0,False,78.157,"[None, 2049, 2049, 2048, 2048, 2048]","[2048, 2048, 2049, 2048, 2048, 2048, 2048, 2048, 2048, 2049]","[2048, 2048, 2049, 2048, 2048, 2048]",269.0
1286,11299,27,54,2026-06-07T14:14:12.195000+00:00,20.516,36.687,20.866,202.0,187.0,False,78.069,"[None, 2048, 2048, 2048, 2048, 2048]","[2048, 2048, 2048, 2048, 2048, 2049, 2048, 2048, 2048, 2048]","[2048, 2048, 2048, 2048, 2049, 2051]",282.0
1286,11299,31,54,2026-06-07T14:14:12.878000+00:00,20.995,37.371,20.959,180.0,185.0,False,79.325,"[None, 2048, 2049, 2048, 2048, 2048]","[2048, 2048, 2048, 2048, 2048, 2048, 2048, 2048, 2048, 2048]","[2048, 2048, 2048, 2048, 2048, 2048]",280.0
1286,11299,43,54,2026-06-07T14:14:13.414000+00:00,20.947,37.67,21.061,183.0,185.0,False,79.678,"[None, 2048, 2048, 2048, 2048, 2048]","[2048, 2048, 2048, 2048, 2048, 2048, 2048, 2048, 2048, 2048]","[2048, 2048, 2048, 2048, 2048, 2048]",273.0
1286,11299,14,54,2026-06-07T14:14:15.297000+00:00,20.873,37.976,20.871,195.0,183.0,False,79.72,"[None, 2048, 2049, 2048, 2048, 2048]","[2048, 2048, 2048, 2048, 2048, 2048, 2048, 2048, 2048, 2048]","[2048, 2048, 2048, 2048, 2048, 2049]",268.0
1286,11299,81,55,2026-06-07T14:14:20.466000+00:00,20.41,36.143,20.274,177.0,194.0,False,76.827,"[None, 2049, 2048, 2048, 2048, 2048]","[2048, 2048, 2048, 2048, 2049, 2048, 2048, 2048, 2048, 2048]","[2049, 2049, 2048, 2049, 2048, 2048]",272.0
1286,11299,18,54,2026-06-07T14:14:22.012000+00:00,22.86,38.799,21.449,188.0,182.0,False,83.108,"[None, 2048, 2048, 2048, 2048, 2048]","[2048, 2048, 2048, 2048, 2048, 2048, 2048, 2048, 2048, 2048]","[2048, 2048, 2048, 2048, 2048, 2048]",266.0
1286,11299,44,56,2026-06-07T14:14:22.997000+00:00,20.408,35.862,20.237,192.0,190.0,False,76.507,"[None, 2048, 2048, 2048, 2049, 2048]","[2048, 2048, 2048, 2048, 2048, 2048, 2049, 2048, 2048, 2048]","[2048, 2049, 2048, 2048, 2048, 2048]",263.0
1286,11299,16,56,2026-06-07T14:14:25.966000+00:00,20.094,36.834,20.16,200.0,192.0,False,77.088,"[None, 2048, 2048, 2048, 2048, 2048]","[2048, 2048, 2048, 2048, 2048, 2048, 2048, 2048, 2048, 2048]","[2048, 2048, 2048, 2048, 2048, 2048]",265.0
1286,11299,10,55,2026-06-07T14:14:32.684000+00:00,20.252,36.258,20.616,201.0,187.0,False,77.126,"[2048, 2049, 2048, 2048, 2049, 2048]","[2049, 2048, 2049, 2048, 2049, 2048, 2048, 2048, 2048, 2048]","[2048, 2048, 2048, 2048, 2048, 2048]",273.0
1286,11299,11,54,2026-06-07T14:14:42.372000+00:00,21.028,37.604,21.419,189.0,181.0,False,80.051,"[None, 2048, 2048, 2048, 2048, 2048]","[2048, 2048, 2048, 2048, 2048, 2048, 2048, 2048, 2048, 2048]","[2048, 2048, 2048, 2048, 2048, 2048]",269.0
1286,11299,5,54,2026-06-07T14:14:43.263000+00:00,21.392,36.716,21.472,189.0,179.0,False,79.58,"[None, 2048, 2048, 2048, 2048, 2048]","[2048, 2048, 2048, 2048, 2048, 2048, 2048, 2048, 2048, 2048]","[2048, 2048, 2048, 2048, 2048, 2049]",282.0
1286,11299,30,55,2026-06-07T14:14:47.106000+00:00,20.538,36.404,20.702,201.0,189.0,False,77.644,"[2048, 2048, 2049, 2048, 2048, 2048]","[2048, 2048, 2048, 2048, 2048, 2048, 2048, 2048, 2048, 2048]","[2048, 2048, 2048, 2048, 2049, 2048]",272.0
1286,11299,12,57,2026-06-07T14:15:12.966000+00:00,19.858,35.377,19.903,206.0,196.0,False,75.138,"[None, 2048, 2048, 2048, 2048, 2048]","[2048, 2048, 2048, 2048, 2048, 2048, 2048, 2049, 2051, 2048]","[2048, 2048, 2048, 2048, 2049, 2048]",268.0
1286,11299,63,56,2026-06-07T14:15:16.872000+00:00,19.823,35.741,20.209,204.0,192.0,False,75.773,"[None, 2049, 2048, 2048, 2048, 2048]","[2048, 2048, 2048, 2049, 2048, 2048, 2048, 2048, 2048, 2049]","[2048, 2048, 2048, 2048, 2048, 2048]",271.0
1286,11299,41,55,2026-06-07T14:15:22.747000+00:00,20.627,37.184,21.189,199.0,186.0,False,79.0,"[2049, 2048, 2048, 2048, 2048, 2048]","[2048, 2048, 2048, 2048, 2048, 2048, 2048, 2048, 2048, 2048]","[2048, 2048, 2048, 2048, 2048, 2048]",271.0
1286,11299,55,55,2026-06-07T14:15:27.841000+00:00,21.79,37.213,20.761,188.0,186.0,False,79.764,"[2048, 2048, 2048, 2048, 2048, 2048]","[2048, 2048, 2048, 2048, 2048, 2048, 2048, 2048, 2048, 2048]","[2048, 2048, 2048, 2048, 2048, 2048]",267.0
1286,11299,6,56,2026-06-07T14:15:28.013000+00:00,20.302,36.488,20.561,204.0,186.0,False,77.351,"[None, 2048, 2048, 2048, 2049, 2048]","[2048, 2048, 2049, 2048, 2048, 2049, 2048, 2048, 2048, 2049]","[2048, 2048, 2048, 2048, 2048, 2048]",268.0
1286,11299,23,55,2026-06-07T14:15:29.575000+00:00,20.75,37.207,20.943,197.0,180.0,False,78.9,"[2049, 2049, 2048, 2048, 2048, 2048]","[2048, 2048, 2048, 2048, 2048, 2048, 2048, 2048, 2048, 2048]","[2048, 2048, 2048, 2048, 2048, 2048]",267.0
1286,11299,27,55,2026-06-07T14:15:30.096000+00:00,20.554,37.272,21.053,200.0,185.0,False,78.879,"[None, 2048, 2049, 2048, 2048, 2048]","[2048, 2048, 2048, 2048, 2048, 2049, 2048, 2048, 2048, 2048]","[2048, 2048, 2048, 2048, 2048, 2048]",283.0
1286,11299,31,55,2026-06-07T14:15:32.150000+00:00,20.93,37.179,21.106,187.0,184.0,False,79.215,"[None, 2048, 2048, 2048, 2048, 2048]","[2048, 2048, 2048, 2048, 2048, 2048, 2048, 2048, 2048, 2048]","[2048, 2048, 2048, 2048, 2048, 2048]",271.0
1286,11299,43,55,2026-06-07T14:15:33.056000+00:00,20.673,37.562,21.023,193.0,182.0,False,79.258,"[None, 2048, 2051, 2048, 2048, 2048]","[2048, 2048, 2048, 2048, 2048, 2048, 2048, 2048, 2048, 2048]","[2048, 2048, 2048, 2048, 2048, 2048]",277.0
1286,11299,14,55,2026-06-07T14:15:34.924000+00:00,20.848,38.603,21.517,196.0,177.0,False,80.968,"[None, 2048, 2049, 2048, 2048, 2048]","[2048, 2048, 2048, 2048, 2048, 2048, 2049, 2048, 2048, 2048]","[2048, 2048, 2048, 2048, 2048, 2048]",267.0
1286,11299,81,56,2026-06-07T14:15:37.267000+00:00,20.21,36.028,20.362,200.0,196.0,False,76.6,"[2048, 2049, 2049, 2048, 2048, 2049]","[2048, 2048, 2048, 2048, 2048, 2048, 2048, 2048, 2048, 2048]","[2048, 2048, 2048, 2048, 2048, 2048]",273.0
1286,11299,44,57,2026-06-07T14:15:39.580000+00:00,20.232,35.966,20.458,197.0,193.0,False,76.656,"[None, 2048, 2048, 2048, 2048, 2048]","[2048, 2048, 2048, 2048, 2048, 2048, 2048, 2048, 2048, 2048]","[2048, 2048, 2048, 2048, 2049, 2049]",263.0
1286,11299,16,57,2026-06-07T14:15:43.002000+00:00,20.118,35.9,20.375,,189.0,False,76.393,"[None, 2048, 2048, 2048, 2048, 2048]","[2048, 2048, 2048, 2048, 2048, 2048, 2048, 2048, 2048, 2048]","[2048, 2048, 2048, 2048, 2048, 2048]",263.0
1286,11299,18,55,2026-06-07T14:15:45.166000+00:00,20.875,37.608,21.077,193.0,185.0,False,79.56,"[None, 2048, 2049, 2048, 2048, 2048]","[2048, 2048, 2048, 2048, 2048, 2048, 2048, 2048, 2048, 2048]","[2048, 2048, 2048, 2048, 2048, 2048]",269.0
1286,11299,10,56,2026-06-07T14:15:49.769000+00:00,20.391,36.416,20.702,196.0,190.0,False,77.509,"[None, 2049, 2048, 2049, 2048, 2048]","[2048, 2048, 2048, 2048, 2048, 2048, 2048, 2048, 2048, 2048]","[2048, 2048, 2049, 2048, 2048, 2048]",274.0
1286,11299,11,55,2026-06-07T14:16:02.444000+00:00,21.235,39.048,21.58,186.0,172.0,False,81.863,"[None, 2048, 2048, 2048, 2048, 2048]","[2048, 2048, 2048, 2048, 2048, 2048, 2048, 2048, 2048, 2048]","[2048, 2048, 2048, 2048, 2048, 2048]",268.0
1286,11299,5,55,2026-06-07T14:16:02.850000+00:00,21.191,38.93,21.764,180.0,174.0,False,81.885,"[None, 2048, 2048, 2048, 2048, 2048]","[2048, 2048, 2048, 2048, 2048, 2048, 2048, 2048, 2048, 2048]","[2048, 2048, 2048, 2048, 2048, 2049]",276.0
1286,11299,30,56,2026-06-07T14:16:04.760000+00:00,20.604,36.842,20.572,192.0,188.0,False,78.018,"[None, 2048, 2048, 2048, 2048, 2048]","[2048, 2048, 2048, 2048, 2048, 2048, 2048, 2048, 2048, 2048]","[2048, 2048, 2049, 2048, 2048, 2048]",272.0
1286,11299,12,58,2026-06-07T14:16:28.134000+00:00,19.925,35.676,20.211,204.0,194.0,False,75.812,"[None, 2048, 2048, 2048, 2048, 2048]","[2048, 2048, 2048, 2048, 2048, 2048, 2048, 2048, 2048, 2048]","[2048, 2048, 2048, 2048, 2048, 2048]",268.0
1286,11299,63,57,2026-06-07T14:16:32.601000+00:00,19.784,35.729,20.314,206.0,192.0,False,75.827,"[None, 2049, 2048, 2049, 2048, 2048]","[2048, 2048, 2048, 2048, 2048, 2048, 2048, 2048, 2048, 2048]","[2048, 2048, 2048, 2048, 2048, 2048]",271.0
1286,11299,41,56,2026-06-07T14:16:41.705000+00:00,20.735,37.248,21.669,201.0,186.0,False,79.652,"[2048, 2048, 2048, 2048, 2048, 2048]","[2048, 2048, 2048, 2048, 2048, 2048, 2048, 2048, 2048, 2048]","[2048, 2048, 2048, 2048, 2048, 2048]",270.0
1286,11299,6,57,2026-06-07T14:16:45.111000+00:00,20.239,36.718,20.637,202.0,186.0,False,77.594,"[None, 2048, 2048, 2048, 2049, 2048]","[2048, 2048, 2048, 2048, 2048, 2048, 2048, 2048, 2048, 2048]","[2048, 2048, 2048, 2048, 2048, 2048]",263.0
1286,11299,55,56,2026-06-07T14:16:48.002000+00:00,20.511,38.185,21.272,187.0,182.0,False,79.968,"[None, 2049, 2049, 2048, 2048, 2048]","[2048, 2048, 2048, 2048, 2048, 2048, 2048, 2048, 2048, 2048]","[2048, 2048, 2048, 2048, 2048, 2049]",270.0
1286,11299,23,56,2026-06-07T14:16:48.690000+00:00,20.447,36.599,20.9,199.0,184.0,False,77.946,"[None, 2049, 2049, 2048, 2049, 2048]","[2048, 2048, 2049, 2048, 2048, 2048, 2048, 2048, 2048, 2049]","[2048, 2048, 2048, 2048, 2048, 2048]",276.0
1286,11299,27,56,2026-06-07T14:16:48.971000+00:00,20.433,37.133,21.393,205.0,182.0,False,78.959,"[None, 2048, 2048, 2048, 2048, 2048]","[2048, 2048, 2048, 2048, 2048, 2048, 2048, 2048, 2048, 2048]","[2048, 2048, 2048, 2048, 2048, 2048]",283.0
1286,11299,31,56,2026-06-07T14:16:51.424000+00:00,20.916,38.987,21.883,182.0,178.0,False,81.786,"[None, 2048, 2048, 2048, 2048, 2048]","[2048, 2048, 2048, 2048, 2048, 2048, 2048, 2048, 2048, 2048]","[2048, 2048, 2048, 2048, 2048, 2048]",271.0
1286,11299,43,56,2026-06-07T14:16:52.408000+00:00,20.837,40.482,21.174,183.0,179.0,False,82.493,"[None, 2048, 2048, 2048, 2048, 2048]","[2048, 2048, 2048, 2048, 2048, 2048, 2048, 2048, 2048, 2048]","[2048, 2048, 2048, 2048, 2048, 2048]",225.0
1286,11299,81,57,2026-06-07T14:16:53.924000+00:00,20.278,36.411,20.415,196.0,194.0,False,77.104,"[2049, 2049, 2049, 2048, 2048, 2048]","[2048, 2048, 2048, 2049, 2048, 2048, 2048, 2048, 2048, 2048]","[2048, 2048, 2048, 2048, 2048, 2048]",272.0
1286,11299,14,56,2026-06-07T14:16:56.002000+00:00,22.193,38.885,21.388,187.0,179.0,False,82.466,"[None, 2048, 2048, 2048, 2048, 2048]","[2048, 2048, 2048, 2048, 2048, 2048, 2048, 2048, 2048, 2048]","[2048, 2048, 2048, 2048, 2048, 2048]",265.0
1286,11299,44,58,2026-06-07T14:16:56.252000+00:00,20.279,35.994,20.604,198.0,188.0,False,76.877,"[2049, 2048, 2048, 2048, 2048, 2048]","[2048, 2048, 2048, 2048, 2048, 2048, 2048, 2048, 2048, 2048]","[2048, 2048, 2048, 2048, 2048, 2048]",263.0
1286,11299,16,58,2026-06-07T14:16:59.408000+00:00,20.16,36.021,20.197,202.0,191.0,False,76.378,"[None, 2048, 2048, 2049, 2048, 2048]","[2048, 2048, 2048, 2048, 2048, 2048, 2048, 2048, 2048, 2048]","[2048, 2048, 2048, 2048, 2049, 2048]",266.0
1286,11299,18,56,2026-06-07T14:17:04.736000+00:00,20.79,37.526,21.017,198.0,182.0,False,79.333,"[None, 2049, 2048, 2048, 2048, 2048]","[2048, 2048, 2048, 2048, 2048, 2048, 2048, 2048, 2048, 2048]","[2048, 2048, 2048, 2048, 2048, 2048]",268.0
1286,11299,10,57,2026-06-07T14:17:07.346000+00:00,20.427,36.651,20.885,199.0,186.0,False,77.963,"[None, 2048, 2048, 2048, 2048, 2048]","[2048, 2048, 2048, 2048, 2048, 2048, 2048, 2048, 2048, 2048]","[2048, 2048, 2048, 2048, 2048, 2048]",273.0
1286,11299,30,57,2026-06-07T14:17:22.846000+00:00,20.542,36.427,20.601,199.0,189.0,False,77.57,"[None, 2048, 2048, 2048, 2048, 2048]","[2048, 2048, 2048, 2048, 2048, 2048, 2048, 2048, 2048, 2048]","[2048, 2048, 2048, 2048, 2048, 2048]",271.0
1286,11299,11,56,2026-06-07T14:17:24.315000+00:00,21.055,37.619,21.15,183.0,181.0,False,79.824,"[None, 2048, 2048, 2048, 2048, 2048]","[2048, 2048, 2048, 2048, 2048, 2048, 2048, 2048, 2048, 2048]","[2048, 2048, 2048, 2048, 2048, 2048]",271.0
1286,11299,5,56,2026-06-07T14:17:24.783000+00:00,21.017,37.713,26.138,182.0,176.0,False,84.868,"[None, 2048, 2048, 2048, 2048, 2048]","[2048, 2048, 2048, 2048, 2048, 2048, 2048, 2048, 2048, 2048]","[2048, 2048, 2048, 2048, 2048, 2048]",282.0
1286,11299,12,59,2026-06-07T14:17:43.932000+00:00,20.003,35.86,20.194,,190.0,False,76.057,"[None, 2048, 2048, 2048, 2048, 2048]","[2048, 2048, 2048, 2048, 2048, 2048, 2048, 2048, 2048, 2048]","[2048, 2048, 2048, 2048, 2048, 2048]",269.0
1286,11299,63,58,2026-06-07T14:17:48.463000+00:00,19.77,35.795,20.261,208.0,191.0,False,75.826,"[None, 2048, 2048, 2049, 2048, 2048]","[2049, 2048, 2048, 2048, 2048, 2048, 2048, 2049, 2048, 2048]","[2049, 2048, 2048, 2048, 2048, 2048]",270.0
1286,11299,41,57,2026-06-07T14:18:01.416000+00:00,21.716,38.214,21.064,125.0,184.0,False,80.994,"[None, 2048, 2048, 2048, 2048, 2048]","[2048, 2048, 2048, 2048, 2048, 2048, 2048, 2048, 2048, 2048]","[2048, 2048, 2048, 2048, 2048, 2048]",271.0
1286,11299,6,58,2026-06-07T14:18:02.838000+00:00,20.349,36.401,20.529,204.0,186.0,False,77.279,"[None, 2048, 2048, 2048, 2048, 2048]","[2051, 2048, 2048, 2048, 2048, 2048, 2048, 2048, 2048, 2049]","[2048, 2048, 2048, 2048, 2048, 2048]",261.0
1286,11299,23,57,2026-06-07T14:18:06.401000+00:00,20.478,36.889,20.824,197.0,183.0,False,78.191,"[2048, 2048, 2048, 2048, 2048, 2048]","[2048, 2048, 2048, 2048, 2048, 2048, 2048, 2048, 2048, 2048]","[2048, 2049, 2049, 2048, 2048, 2048]",267.0
1286,11299,55,57,2026-06-07T14:18:07.385000+00:00,20.574,36.753,20.768,193.0,184.0,False,78.095,"[None, 2048, 2049, 2048, 2048, 2048]","[2048, 2048, 2048, 2048, 2048, 2049, 2048, 2048, 2049, 2048]","[2048, 2048, 2048, 2048, 2049, 2049]",280.0
1286,11299,27,57,2026-06-07T14:18:07.932000+00:00,20.636,36.798,21.69,194.0,187.0,False,79.124,"[None, 2048, 2048, 2048, 2048, 2048]","[2048, 2048, 2048, 2048, 2048, 2048, 2048, 2048, 2048, 2048]","[2048, 2048, 2048, 2048, 2048, 2048]",282.0
1286,11299,81,58,2026-06-07T14:18:11.041000+00:00,20.08,35.994,20.467,199.0,194.0,False,76.541,"[None, 2048, 2048, 2048, 2048, 2049]","[2048, 2048, 2048, 2048, 2048, 2048, 2048, 2049, 2049, 2048]","[2048, 2048, 2048, 2048, 2048, 2048]",271.0
1286,11299,44,59,2026-06-07T14:18:13.057000+00:00,20.156,35.861,20.261,201.0,191.0,False,76.278,"[2048, 2049, 2048, 2048, 2048, 2048]","[2048, 2048, 2048, 2051, 2048, 2048, 2048, 2048, 2048, 2048]","[2048, 2048, 2048, 2048, 2048, 2048]",262.0
1286,11299,31,57,2026-06-07T14:18:13.198000+00:00,21.566,38.64,21.497,,181.0,False,81.703,"[None, 2048, 2048, 2048, 2048, 2048]","[2048, 2048, 2048, 2048, 2048, 2048, 2048, 2048, 2048, 2048]","[2048, 2048, 2048, 2048, 2048, 2048]",266.0
1286,11299,43,57,2026-06-07T14:18:14.838000+00:00,21.916,37.419,21.188,189.0,183.0,False,80.523,"[None, 2048, 2048, 2048, 2048, 2048]","[2048, 2048, 2048, 2048, 2048, 2048, 2048, 2048, 2048, 2048]","[2048, 2048, 2048, 2048, 2048, 2048]",272.0
1286,11299,16,59,2026-06-07T14:18:15.730000+00:00,20.119,36.12,20.237,200.0,194.0,False,76.476,"[None, 2048, 2048, 2048, 2048, 2048]","[2048, 2048, 2048, 2048, 2048, 2048, 2048, 2048, 2048, 2049]","[2048, 2048, 2048, 2048, 2049, 2048]",261.0
1286,11299,14,57,2026-06-07T14:18:18.448000+00:00,21.004,37.489,21.135,197.0,184.0,False,79.628,"[None, 2048, 2048, 2048, 2048, 2048]","[2048, 2048, 2048, 2048, 2048, 2048, 2048, 2048, 2048, 2048]","[2048, 2048, 2048, 2048, 2048, 2048]",268.0
1286,11299,18,57,2026-06-07T14:18:24.073000+00:00,23.577,37.839,,187.0,183.0,False,,"[None, 2048, 2048, 2048, 2048, 2048]","[2048, 2048, 2048, 2048, 2048, 2048, 2048, 2048, 2048, 2048]",[2048],268.0
1286,11299,10,58,2026-06-07T14:18:25.213000+00:00,20.615,36.296,20.701,194.0,189.0,False,77.612,"[None, 2048, 2048, 2048, 2048, 2048]","[2048, 2048, 2048, 2048, 2048, 2048, 2048, 2048, 2048, 2048]","[2049, 2048, 2048, 2048, 2049, 2048]",273.0
1286,11299,30,58,2026-06-07T14:18:40.314000+00:00,20.574,36.289,21.718,198.0,192.0,False,78.581,"[None, 2048, 2048, 2048, 2048, 2048]","[2048, 2048, 2048, 2048, 2048, 2048, 2048, 2048, 2049, 2049]","[2049, 2049, 2048, 2048, 2048, 2048]",271.0
1286,11299,11,57,2026-06-07T14:18:44.216000+00:00,21.159,37.588,22.308,187.0,178.0,False,81.055,"[None, 2048, 2048, 2048, 2048, 2048]","[2048, 2048, 2048, 2048, 2048, 2048, 2048, 2048, 2048, 2048]","[2048, 2048, 2048, 2048, 2048, 2048]",269.0
1286,11299,5,57,2026-06-07T14:18:49.658000+00:00,20.548,36.466,25.495,197.0,182.0,False,82.509,"[None, 2048, 2048, 2048, 2048, 2048]","[2048, 2048, 2048, 2048, 2048, 2048, 2048, 2048, 2048, 2048]","[2048, 2048, 2048, 2048, 2048, 2048]",272.0
1286,11299,12,60,2026-06-07T14:18:59.966000+00:00,19.871,35.677,26.924,206.0,192.0,False,82.472,"[None, 2048, 2048, 2048, 2049, 2048]","[2048, 2048, 2048, 2048, 2048, 2048, 2048, 2048, 2048, 2048]","[2048, 2048, 2048, 2048, 2048, 2048]",271.0
1286,11299,63,59,2026-06-07T14:19:04.326000+00:00,19.773,35.969,31.755,207.0,191.0,False,87.497,"[None, 2049, 2048, 2048, 2048, 2048]","[2048, 2048, 2048, 2048, 2048, 2048, 2048, 2048, 2048, 2048]","[2048, 2048, 2048, 2048, 2048, 2048]",271.0
1286,11299,6,59,2026-06-07T14:19:20.138000+00:00,20.158,43.151,29.386,201.0,132.0,False,92.695,"[None, 2048, 2048, 2048, 2049, 2048]","[2048, 2048, 2048, 2048, 2048, 2048, 2048, 2048, 2048, 2048]","[2048, 2048, 2048, 2048, 2048, 2048]",255.0
1286,11299,41,58,2026-06-07T14:19:22.421000+00:00,20.835,44.553,31.432,196.0,146.0,False,96.82,"[None, 2048, 2048, 2048, 2048, 2048]","[2048, 2048, 2048, 2048, 2048, 2048, 2048, 2048, 2048, 2048]","[2048, 2048, 2048, 2048, 2048, 2048]",156.0
1286,11299,23,58,2026-06-07T14:19:24.653000+00:00,20.486,45.727,31.394,202.0,156.0,False,97.607,"[None, 2048, 2048, 2048, 2048, 2048]","[2048, 2048, 2048, 2048, 2048, 2048, 2048, 2048, 2048, 2048]","[2048, 2048, 2048, 2048, 2048, 2048]",113.0
1286,11299,55,58,2026-06-07T14:19:25.559000+00:00,20.655,47.107,30.35,197.0,158.0,False,98.112,"[None, 2048, 2048, 2048, 2048, 2048]","[2048, 2048, 2048, 2048, 2048, 2048, 2048, 2048, 2048, 2048]","[2048, 2048, 2048, 2048, 2048, 2048]",104.0
1286,11299,27,58,2026-06-07T14:19:27.153000+00:00,22.71,48.847,37.937,128.0,155.0,False,109.494,"[None, 2048, 2048, 2048, 2048, 2048]","[2048, 2048, 2048, 2048, 2048, 2048, 2048, 2048, 2048, 2048]","[2048, 2048, 2048, 2064, 2064, 2064]",191.0
1286,11299,81,59,2026-06-07T14:19:27.513000+00:00,20.148,48.109,49.096,198.0,169.0,False,117.353,"[2048, 2049, 2048, 2048, 2048, 2048]","[2048, 2048, 2048, 2048, 2048, 2048, 2048, 2048, 2048, 2048]","[2048, 2048, 2048, 2064, 2064, 2064]",148.0
1286,11299,44,60,2026-06-07T14:19:29.309000+00:00,20.417,47.271,48.43,196.0,168.0,False,116.118,"[None, 2048, 2048, 2048, 2048, 2048]","[2048, 2048, 2048, 2048, 2048, 2048, 2048, 2048, 2048, 2048]","[2048, 2048, 2048, 2064, 2064, 2064]",208.0
1286,11299,16,60,2026-06-07T14:19:32.247000+00:00,20.065,49.146,52.446,203.0,157.0,False,121.657,"[None, 2048, 2048, 2048, 2048, 2048]","[2048, 2048, 2048, 2048, 2048, 2048, 2048, 2048, 2048, 2048]","[2048, 2048, 2048, 2064, 2064, 2064]",176.0
1286,11299,31,58,2026-06-07T14:19:34.903000+00:00,21.16,50.042,31.045,183.0,154.0,False,102.247,"[None, 2048, 2048, 2048, 2048, 2048]","[2048, 2048, 2048, 2048, 2048, 2048, 2048, 2048, 2048, 2048]","[2048, 2048, 2048, 2048, 2048, 2048]",187.0
1286,11299,43,58,2026-06-07T14:19:35.309000+00:00,21.102,51.575,30.575,172.0,149.0,False,103.252,"[None, 2048, 2048, 2048, 2048, 2048]","[2048, 2048, 2048, 2048, 2048, 2048, 2048, 2048, 2048, 2048]","[2048, 2048, 2048, 2048, 2048, 2048]",143.0
1286,11299,14,58,2026-06-07T14:19:37.997000+00:00,20.985,50.913,43.386,194.0,161.0,False,115.284,"[None, 2048, 2048, 2048, 2048, 2048]","[2048, 2048, 2048, 2048, 2048, 2048, 2048, 2048, 2048, 2048]","[2048, 2048, 2048, 2064, 2064, 2064]",221.0
1286,11299,10,59,2026-06-07T14:19:42.903000+00:00,,50.237,28.33,,161.0,False,99.182,"[None, 2048, 2048, 2048, 2048, 2048]","[2048, 2048, 2048, 2048, 2048, 2048, 2048, 2048, 2048, 2048]","[2048, 2048, 2048, 2048, 2048, 2048]",115.0
1286,11299,30,59,2026-06-07T14:19:58.935000+00:00,28.108,49.669,29.456,149.0,144.0,False,107.233,"[None, 2048, 2048, 2048, 2048, 2048]","[2048, 2048, 2048, 2048, 2048, 2048, 2048, 2048, 2048, 2048]","[2048, 2048, 2048, 2048, 2048, 2048]",217.0
1286,11299,11,58,2026-06-07T14:20:05.093000+00:00,31.009,46.948,30.545,119.0,149.0,False,108.502,"[None, 2048, 2048, 2048, 2048, 2048]","[2048, 2048, 2048, 2048, 2048, 2048, 2048, 2048, 2048, 2048]","[2048, 2048, 2048, 2048, 2048, 2048]",197.0
1286,11299,5,58,2026-06-07T14:20:11.981000+00:00,28.104,49.291,39.876,146.0,136.0,False,117.271,"[None, 2048, 2048, 2048, 2048, 2048]","[2048, 2048, 2048, 2048, 2048, 2048, 2048, 2048, 2048, 2048]","[2048, 2048, 2048, 2064, 2064, 2064]",141.0
1286,11299,12,61,2026-06-07T14:20:22.419000+00:00,30.467,57.259,49.019,139.0,106.0,False,136.745,"[None, 2048, 2048, 2048, 2048, 2048]","[2048, 2048, 2048, 2048, 2048, 2048, 2048, 2048, 2048, 2048]","[2048, 2048, 2048, 2064, 2064, 2064]",133.0
1286,11299,63,60,2026-06-07T14:20:31.841000+00:00,24.372,55.014,58.3,164.0,112.0,False,137.686,"[None, 2048, 2048, 2048, 2048, 2048]","[2048, 2048, 2048, 2048, 2048, 2048, 2048, 2048, 2048, 2048]","[2048, 2048, 2048, 2064, 2064, 2064]",151.0
1286,11299,6,60,2026-06-07T14:20:52.794000+00:00,24.654,50.298,37.718,134.0,137.0,False,112.67,"[None, 2048, 2048, 2048, 2048, 2048]","[2048, 2048, 2048, 2048, 2048, 2048, 2048, 2048, 2048, 2048]","[2048, 2048, 2048, 2064, 2064, 2064]",230.0
1286,11299,41,59,2026-06-07T14:20:59.170000+00:00,23.486,50.364,37.262,166.0,138.0,False,111.112,"[None, 2048, 2048, 2048, 2048, 2048]","[2048, 2048, 2048, 2048, 2048, 2048, 2048, 2048, 2048, 2048]","[2048, 2048, 2048, 2064, 2064, 2064]",223.0
1286,11299,23,59,2026-06-07T14:21:02.227000+00:00,22.857,49.687,37.166,174.0,140.0,False,109.71,"[None, 2048, 2048, 2048, 2048, 2048]","[2048, 2048, 2048, 2048, 2048, 2048, 2048, 2048, 2048, 2048]","[2048, 2048, 2048, 2064, 2064, 2064]",227.0
1286,11299,55,59,2026-06-07T14:21:03.574000+00:00,24.367,48.136,37.272,144.0,150.0,False,109.775,"[None, 2048, 2048, 2048, 2048, 2048]","[2048, 2048, 2048, 2048, 2048, 2048, 2048, 2048, 2048, 2048]","[2048, 2048, 2048, 2064, 2064, 2064]",218.0
1286,11299,27,59,2026-06-07T14:21:16.650000+00:00,26.628,49.81,37.564,149.0,148.0,True,114.002,"[2064, 2048, 2048, 2048, 2048, 2048]","[2048, 2048, 2048, 2048, 2048, 2048, 2048, 2048, 2048, 2048]","[2048, 2048, 2048, 2064, 2064, 2064]",195.0
1286,11299,31,59,2026-06-07T14:21:17.088000+00:00,24.633,49.511,37.367,156.0,154.0,False,111.511,"[None, 2048, 2048, 2048, 2048, 2048]","[2048, 2048, 2048, 2048, 2048, 2048, 2048, 2048, 2048, 2048]","[2048, 2048, 2048, 2064, 2064, 2064]",222.0
1286,11299,43,59,2026-06-07T14:21:18.666000+00:00,25.462,50.304,39.639,147.0,147.0,False,115.405,"[None, 2048, 2048, 2048, 2048, 2048]","[2048, 2048, 2048, 2048, 2048, 2048, 2048, 2048, 2048, 2048]","[2048, 2048, 2048, 2064, 2064, 2064]",158.0
1286,11299,10,60,2026-06-07T14:21:22.041000+00:00,27.636,49.19,36.31,160.0,138.0,False,113.136,"[None, 2048, 2048, 2048, 2048, 2048]","[2048, 2048, 2048, 2048, 2048, 2048, 2048, 2048, 2048, 2048]","[2048, 2048, 2048, 2064, 2064, 2064]",224.0
1286,11299,81,60,2026-06-07T14:21:24.901000+00:00,28.588,47.93,38.376,143.0,128.0,True,114.894,"[2064, 2048, 2048, 2048, 2048, 2048]","[2048, 2048, 2048, 2048, 2048, 2048, 2048, 2048, 2048, 2048]","[2048, 2048, 2048, 2064, 2064, 2064]",187.0
1286,11299,44,61,2026-06-07T14:21:25.510000+00:00,29.116,48.94,42.29,159.0,148.0,True,120.346,"[2064, 2048, 2048, 2048, 2048, 2048]","[2048, 2048, 2048, 2048, 2048, 2048, 2048, 2048, 2048, 2048]","[2048, 2048, 2048, 2064, 2064, 2064]",151.0
1286,11299,14,59,2026-06-07T14:21:33.354000+00:00,27.175,49.541,36.597,167.0,167.0,True,113.313,"[2064, 2048, 2048, 2048, 2048, 2048]","[2048, 2048, 2048, 2048, 2048, 2048, 2048, 2048, 2048, 2048]","[2048, 2048, 2048, 2064, 2064, 2064]",190.0
1286,11299,16,61,2026-06-07T14:21:33.932000+00:00,27.736,49.272,38.297,161.0,149.0,True,115.305,"[2064, 2048, 2048, 2048, 2048, 2048]","[2048, 2048, 2048, 2048, 2048, 2048, 2048, 2048, 2048, 2048]","[2048, 2048, 2048, 2064, 2064, 2064]",193.0
1286,11299,30,60,2026-06-07T14:21:46.151000+00:00,27.321,48.373,38.492,132.0,131.0,False,114.186,"[None, 2048, 2048, 2048, 2048, 2048]","[2048, 2048, 2048, 2048, 2048, 2048, 2048, 2048, 2048, 2048]","[2048, 2048, 2048, 2064, 2064, 2064]",234.0
1286,11299,11,59,2026-06-07T14:21:53.745000+00:00,26.687,48.825,41.679,137.0,167.0,False,117.191,"[None, 2048, 2048, 2048, 2048, 2048]","[2048, 2048, 2048, 2048, 2048, 2048, 2048, 2048, 2048, 2048]","[2048, 2048, 2048, 2064, 2064, 2064]",182.0
1286,11299,5,59,2026-06-07T14:22:09.354000+00:00,25.663,50.187,41.011,157.0,138.0,True,116.861,"[2064, 2048, 2048, 2048, 2048, 2048]","[2048, 2048, 2048, 2048, 2048, 2048, 2048, 2048, 2048, 2048]","[2048, 2048, 2048, 2064, 2064, 2064]",219.0
1286,11299,12,62,2026-06-07T14:22:39.337000+00:00,34.932,53.267,32.162,126.0,98.0,True,120.361,"[2064, 2048, 2048, 2048, 2048, 2048]","[2048, 2048, 2048, 2048, 2048, 2048, 2048, 2048, 2048, 2048]","[2048, 2048, 2048, 2048, 2048, 2048]",157.0
1286,11299,6,61,2026-06-07T14:22:45.380000+00:00,29.795,53.152,31.971,133.0,99.0,True,114.918,"[2064, 2048, 2048, 2048, 2048, 2048]","[2048, 2048, 2048, 2048, 2048, 2048, 2048, 2048, 2048, 2048]","[2048, 2048, 2048, 2048, 2048, 2048]",179.0
1286,11299,63,61,2026-06-07T14:22:49.475000+00:00,27.639,52.262,31.904,146.0,132.0,True,111.805,"[2064, 2048, 2048, 2048, 2048, 2048]","[2048, 2048, 2048, 2048, 2048, 2048, 2048, 2048, 2048, 2048]","[2048, 2048, 2048, 2048, 2048, 2048]",138.0
1286,11299,41,60,2026-06-07T14:22:50.363000+00:00,27.466,52.32,32.419,145.0,134.0,True,112.205,"[2064, 2048, 2048, 2048, 2048, 2048]","[2048, 2048, 2048, 2048, 2048, 2048, 2048, 2048, 2048, 2048]","[2048, 2048, 2048, 2048, 2048, 2048]",140.0
1286,11299,23,60,2026-06-07T14:22:52.017000+00:00,26.655,53.33,31.65,111.0,169.0,True,111.635,"[2064, 2048, 2048, 2048, 2048, 2048]","[2048, 2048, 2048, 2048, 2048, 2048, 2048, 2048, 2048, 2048]","[2048, 2048, 2048, 2048, 2048, 2048]",137.0
1286,11299,55,60,2026-06-07T14:22:53.416000+00:00,26.467,53.326,31.303,130.0,163.0,True,111.096,"[2064, 2048, 2048, 2048, 2048, 2048]","[2048, 2048, 2048, 2048, 2048, 2048, 2048, 2048, 2048, 2048]","[2048, 2048, 2048, 2048, 2048, 2048]",157.0
1286,11299,31,60,2026-06-07T14:23:08.494000+00:00,26.346,40.322,30.043,156.0,161.0,True,96.711,"[2064, 2048, 2048, 2048, 2048, 2048]","[2048, 2048, 2048, 2048, 2048, 2048, 2048, 2048, 2048, 2048]","[2048, 2048, 2048, 2048, 2048, 2048]",261.0
1286,11299,27,60,2026-06-07T14:23:10.713000+00:00,25.644,39.685,30.285,173.0,151.0,True,95.614,"[None, 2048, 2048, 2048, 2048, 2048]","[2048, 2048, 2048, 2048, 2048, 2048, 2048, 2048, 2048, 2048]","[2048, 2048, 2048, 2048, 2048, 2048]",266.0
1286,11299,43,60,2026-06-07T14:23:14.056000+00:00,26.677,39.925,26.953,176.0,174.0,True,93.555,"[2064, 2048, 2048, 2048, 2048, 2048]","[2048, 2048, 2048, 2048, 2048, 2048, 2048, 2048, 2048, 2048]","[2048, 2048, 2048, 2048, 2048, 2048]",241.0
1286,11299,10,61,2026-06-07T14:23:15.181000+00:00,27.682,40.548,24.953,168.0,169.0,True,93.183,"[2064, 2048, 2048, 2048, 2048, 2048]","[2048, 2048, 2048, 2048, 2048, 2048, 2048, 2048, 2048, 2048]","[2048, 2048, 2048, 2048, 2048, 2048]",240.0
1286,11299,81,61,2026-06-07T14:23:19.760000+00:00,26.767,40.431,23.268,158.0,175.0,True,90.466,"[None, 2048, 2048, 2048, 2048, 2048]","[2048, 2048, 2048, 2048, 2048, 2048, 2048, 2048, 2048, 2048]","[2048, 2048, 2048, 2048, 2048, 2048]",257.0
1286,11299,44,62,2026-06-07T14:23:25.853000+00:00,30.31,38.843,23.108,169.0,182.0,True,92.261,"[None, 2048, 2048, 2048, 2048, 2048]","[2048, 2048, 2048, 2048, 2048, 2048, 2048, 2048, 2048, 2048]","[2048, 2048, 2048, 2048, 2048, 2048]",260.0
1286,11299,14,60,2026-06-07T14:23:26.760000+00:00,31.544,38.787,22.045,174.0,179.0,True,92.376,"[None, 2048, 2048, 2048, 2048, 2048]","[2048, 2048, 2048, 2048, 2048, 2048, 2048, 2048, 2048, 2048]","[2048, 2048, 2048, 2048, 2048, 2048]",265.0
1286,11299,16,62,2026-06-07T14:23:29.275000+00:00,30.777,41.764,22.129,152.0,173.0,True,94.67,"[None, 2048, 2048, 2048, 2048, 2048]","[2048, 2048, 2048, 2048, 2048, 2048, 2048, 2048, 2048, 2048]","[2048, 2048, 2048, 2048, 2048, 2048]",263.0
1286,11299,30,61,2026-06-07T14:23:40.354000+00:00,25.504,39.264,22.42,148.0,174.0,True,87.188,"[2064, 2048, 2048, 2048, 2048, 2048]","[2048, 2048, 2048, 2048, 2048, 2048, 2048, 2048, 2048, 2048]","[2048, 2048, 2048, 2048, 2048, 2048]",258.0
1286,11299,11,60,2026-06-07T14:23:50.976000+00:00,30.919,41.626,23.045,146.0,176.0,True,95.59,"[2064, 2048, 2048, 2048, 2048, 2048]","[2048, 2048, 2048, 2048, 2048, 2048, 2048, 2048, 2048, 2048]","[2048, 2048, 2048, 2048, 2048, 2048]",255.0
1286,11299,5,60,2026-06-07T14:24:06.329000+00:00,24.037,38.016,21.762,184.0,180.0,True,83.815,"[None, 2048, 2048, 2048, 2048, 2048]","[2048, 2048, 2048, 2048, 2048, 2048, 2048, 2048, 2048, 2048]","[2048, 2048, 2048, 2048, 2048, 2048]",270.0
1286,11299,12,63,2026-06-07T14:24:39.579000+00:00,33.844,51.152,35.416,143.0,146.0,False,120.412,"[2048, 2048, 2048, 2048, 2048, 2048]","[2048, 2048, 2048, 2048, 2048, 2048, 2048, 2048, 2048, 2048]","[2048, 2048, 2048, 2048, 2048, 2048]",163.0
1286,11299,6,62,2026-06-07T14:24:40.423000+00:00,34.209,51.113,35.238,142.0,123.0,False,120.56,"[2048, 2048, 2048, 2048, 2048, 2048]","[2048, 2048, 2048, 2048, 2048, 2048, 2048, 2048, 2048, 2048]","[2048, 2048, 2048, 2048, 2048, 2048]",165.0
1286,11299,63,62,2026-06-07T14:24:41.282000+00:00,34.703,50.518,35.197,121.0,129.0,False,120.418,"[2048, 2048, 2048, 2048, 2048, 2048]","[2048, 2048, 2048, 2048, 2048, 2048, 2048, 2048, 2048, 2048]","[2048, 2048, 2048, 2048, 2048, 2048]",170.0
1286,11299,41,61,2026-06-07T14:24:42.610000+00:00,34.088,51.134,34.374,119.0,123.0,False,119.596,"[2048, 2048, 2048, 2048, 2048, 2048]","[2048, 2048, 2048, 2048, 2048, 2048, 2048, 2048, 2048, 2048]","[2048, 2048, 2048, 2048, 2048, 2048]",150.0
1286,11299,23,61,2026-06-07T14:24:43.517000+00:00,34.146,50.802,34.618,97.0,142.0,False,119.566,"[2048, 2048, 2048, 2048, 2048, 2048]","[2048, 2048, 2048, 2048, 2048, 2048, 2048, 2048, 2048, 2048]","[2048, 2048, 2048, 2048, 2048, 2048]",172.0
1286,11299,55,61,2026-06-07T14:24:44.501000+00:00,34.247,50.746,34.604,107.0,157.0,False,119.597,"[2048, 2048, 2048, 2048, 2048, 2048]","[2048, 2048, 2048, 2048, 2048, 2048, 2048, 2048, 2048, 2048]","[2048, 2048, 2048, 2048, 2048, 2048]",166.0
1286,11299,31,61,2026-06-07T14:24:45.345000+00:00,34.818,50.424,34.082,95.0,162.0,False,119.324,"[2048, 2048, 2048, 2048, 2048, 2048]","[2048, 2048, 2048, 2048, 2048, 2048, 2048, 2048, 2048, 2048]","[2048, 2048, 2048, 2048, 2048, 2048]",156.0
1286,11299,27,61,2026-06-07T14:24:46.251000+00:00,34.424,50.968,33.654,107.0,164.0,False,119.046,"[2048, 2048, 2048, 2048, 2048, 2048]","[2048, 2048, 2048, 2048, 2048, 2048, 2048, 2048, 2048, 2048]","[2048, 2048, 2048, 2048, 2048, 2048]",146.0
1286,11299,43,61,2026-06-07T14:24:47.563000+00:00,34.601,51.008,32.416,100.0,151.0,False,118.025,"[2048, 2048, 2048, 2048, 2048, 2048]","[2048, 2048, 2048, 2048, 2048, 2048, 2048, 2048, 2048, 2048]","[2048, 2048, 2048, 2048, 2048, 2048]",156.0
1286,11299,10,62,2026-06-07T14:24:48.392000+00:00,34.367,51.347,32.727,118.0,152.0,False,118.441,"[2048, 2048, 2048, 2048, 2048, 2048]","[2048, 2048, 2048, 2048, 2048, 2048, 2048, 2048, 2048, 2048]","[2048, 2048, 2048, 2048, 2048, 2048]",147.0
1286,11299,81,62,2026-06-07T14:24:50.251000+00:00,34.356,51.008,32.397,108.0,157.0,False,117.761,"[2048, 2048, 2048, 2048, 2048, 2048]","[2048, 2048, 2048, 2048, 2048, 2048, 2048, 2048, 2048, 2048]","[2048, 2048, 2048, 2048, 2048, 2048]",157.0
1286,11299,44,63,2026-06-07T14:24:58.017000+00:00,27.219,51.554,32.009,120.0,171.0,False,110.782,"[2048, 2048, 2048, 2048, 2048, 2048]","[2048, 2048, 2048, 2048, 2048, 2048, 2048, 2048, 2048, 2048]","[2048, 2048, 2048, 2048, 2048, 2048]",200.0
1286,11299,14,61,2026-06-07T14:24:59.142000+00:00,27.688,51.131,31.362,106.0,165.0,False,110.181,"[2048, 2048, 2048, 2048, 2048, 2048]","[2048, 2048, 2048, 2048, 2048, 2048, 2048, 2048, 2048, 2048]","[2048, 2048, 2048, 2048, 2048, 2048]",197.0
1286,11299,16,63,2026-06-07T14:25:03.892000+00:00,24.204,50.646,32.0,148.0,153.0,False,106.85,"[2048, 2048, 2048, 2048, 2048, 2048]","[2048, 2048, 2048, 2048, 2048, 2048, 2048, 2048, 2048, 2048]","[2048, 2048, 2048, 2048, 2048, 2048]",180.0
1286,11299,30,62,2026-06-07T14:25:07.532000+00:00,22.879,49.392,32.221,140.0,164.0,False,104.492,"[2048, 2048, 2048, 2048, 2048, 2048]","[2048, 2048, 2048, 2048, 2048, 2048, 2048, 2048, 2048, 2048]","[2048, 2048, 2048, 2048, 2048, 2048]",172.0
1286,11299,11,61,2026-06-07T14:25:26.517000+00:00,21.613,40.781,24.288,176.0,149.0,False,86.682,"[2048, 2048, 2048, 2048, 2048, 2048]","[2048, 2048, 2048, 2048, 2048, 2048, 2048, 2048, 2048, 2048]","[2048, 2048, 2048, 2048, 2048, 2048]",268.0
1286,11299,5,61,2026-06-07T14:25:30.001000+00:00,21.163,38.384,24.391,186.0,161.0,False,83.938,"[2048, 2048, 2048, 2048, 2048, 2048]","[2048, 2048, 2048, 2048, 2048, 2048, 2048, 2048, 2048, 2048]","[2048, 2048, 2048, 2048, 2048, 2048]",270.0
1286,11299,12,64,2026-06-07T14:26:40.033000+00:00,44.18,56.951,31.707,120.0,144.0,False,132.838,"[None, 2048, 2048, 2048, 2048, 2048]","[2048, 2048, 2048, 2048, 2048, 2048, 2048, 2048, 2048, 2048]","[2048, 2048, 2048, 2048, 2048, 2048]",152.0
1286,11299,6,63,2026-06-07T14:26:40.892000+00:00,26.498,38.658,21.941,179.0,172.0,False,87.097,"[None, 2048, 2048, 2048, 2048, 2048]","[2048, 2048, 2048, 2048, 2048, 2048, 2048, 2048, 2048, 2048]","[2048, 2048, 2048, 2048, 2048, 2048]",258.0
1286,11299,63,63,2026-06-07T14:26:41.720000+00:00,28.777,39.902,22.397,156.0,176.0,False,91.076,"[None, 2048, 2048, 2048, 2048, 2048]","[2048, 2048, 2048, 2048, 2048, 2048, 2048, 2048, 2048, 2048]","[2048, 2048, 2048, 2048, 2048, 2048]",237.0
1286,11299,41,62,2026-06-07T14:26:42.220000+00:00,26.976,39.995,21.86,157.0,173.0,False,88.831,"[None, 2048, 2048, 2048, 2048, 2048]","[2048, 2048, 2048, 2048, 2048, 2048, 2048, 2048, 2048, 2048]","[2048, 2048, 2048, 2048, 2048, 2048]",249.0
1286,11299,23,62,2026-06-07T14:26:43.064000+00:00,28.437,40.411,22.401,167.0,167.0,False,91.249,"[None, 2048, 2048, 2048, 2048, 2048]","[2048, 2048, 2048, 2048, 2048, 2048, 2048, 2048, 2048, 2048]","[2048, 2048, 2048, 2048, 2048, 2048]",238.0
1286,11299,55,62,2026-06-07T14:26:44.158000+00:00,28.374,40.652,22.561,153.0,173.0,False,91.587,"[None, 2048, 2048, 2048, 2048, 2048]","[2048, 2048, 2048, 2048, 2048, 2048, 2048, 2048, 2048, 2048]","[2048, 2048, 2048, 2048, 2048, 2048]",263.0
1286,11299,31,62,2026-06-07T14:26:44.705000+00:00,28.637,40.639,22.483,146.0,175.0,False,91.759,"[None, 2048, 2048, 2048, 2048, 2048]","[2048, 2048, 2048, 2048, 2048, 2048, 2048, 2048, 2048, 2048]","[2048, 2048, 2048, 2048, 2048, 2048]",261.0
1286,11299,27,62,2026-06-07T14:26:45.314000+00:00,29.333,39.911,22.519,161.0,176.0,False,91.763,"[None, 2048, 2048, 2048, 2048, 2048]","[2048, 2048, 2048, 2048, 2048, 2048, 2048, 2048, 2048, 2048]","[2048, 2048, 2048, 2048, 2048, 2048]",265.0
1286,11299,43,62,2026-06-07T14:26:45.674000+00:00,29.794,40.725,22.521,149.0,165.0,False,93.04,"[None, 2048, 2048, 2048, 2048, 2048]","[2048, 2048, 2048, 2048, 2048, 2048, 2048, 2048, 2048, 2048]","[2048, 2048, 2048, 2048, 2048, 2048]",240.0
1286,11299,10,63,2026-06-07T14:26:46.705000+00:00,29.641,40.888,22.43,155.0,176.0,False,92.959,"[None, 2048, 2048, 2048, 2048, 2048]","[2048, 2048, 2048, 2048, 2048, 2048, 2048, 2048, 2048, 2048]","[2048, 2048, 2048, 2048, 2048, 2048]",240.0
1286,11299,81,63,2026-06-07T14:26:47.970000+00:00,31.41,40.611,21.858,144.0,174.0,False,93.879,"[None, 2048, 2048, 2048, 2048, 2048]","[2048, 2048, 2048, 2048, 2048, 2048, 2048, 2048, 2048, 2048]","[2048, 2048, 2048, 2048, 2048, 2048]",239.0
1286,11299,44,64,2026-06-07T14:26:48.861000+00:00,36.327,58.244,30.823,99.0,127.0,False,125.394,"[None, 2048, 2048, 2048, 2048, 2048]","[2048, 2048, 2048, 2048, 2048, 2048, 2048, 2048, 2048, 2048]","[2048, 2048, 2048, 2048, 2048, 2048]",167.0
1286,11299,14,62,2026-06-07T14:26:49.142000+00:00,28.525,43.409,21.753,161.0,175.0,False,93.687,"[None, 2048, 2048, 2048, 2048, 2048]","[2048, 2048, 2048, 2048, 2048, 2048, 2048, 2048, 2048, 2048]","[2048, 2048, 2048, 2048, 2048, 2048]",253.0
1286,11299,16,64,2026-06-07T14:26:50.689000+00:00,35.547,57.888,31.008,98.0,135.0,False,124.443,"[None, 2048, 2048, 2048, 2048, 2048]","[2048, 2048, 2048, 2048, 2048, 2048, 2048, 2048, 2048, 2048]","[2048, 2048, 2048, 2048, 2048, 2048]",157.0
1286,11299,30,63,2026-06-07T14:26:52.017000+00:00,35.79,45.836,22.039,94.0,170.0,False,103.665,"[None, 2048, 2048, 2048, 2048, 2048]","[2048, 2048, 2048, 2048, 2048, 2048, 2048, 2048, 2048, 2048]","[2048, 2048, 2048, 2048, 2048, 2048]",226.0
1286,11299,11,62,2026-06-07T14:26:53.189000+00:00,29.163,39.909,22.589,150.0,177.0,False,91.661,"[None, 2048, 2048, 2048, 2048, 2048]","[2048, 2048, 2048, 2048, 2048, 2048, 2048, 2048, 2048, 2048]","[2048, 2048, 2048, 2048, 2048, 2048]",258.0
1286,11299,5,62,2026-06-07T14:26:54.033000+00:00,31.443,41.125,21.374,98.0,178.0,False,93.942,"[None, 2048, 2048, 2048, 2048, 2048]","[2048, 2048, 2048, 2048, 2048, 2048, 2048, 2048, 2048, 2048]","[2048, 2048, 2048, 2048, 2048, 2048]",271.0
1286,11299,6,64,2026-06-07T14:28:08.055000+00:00,20.952,37.53,21.492,196.0,174.0,False,79.974,"[None, 2048, 2048, 2048, 2048, 2048]","[2048, 2048, 2048, 2048, 2048, 2048, 2048, 2048, 2048, 2048]","[2048, 2048, 2048, 2048, 2048, 2048]",259.0
1286,11299,41,63,2026-06-07T14:28:10.977000+00:00,21.759,41.703,21.66,190.0,180.0,False,85.122,"[None, 2048, 2048, 2048, 2048, 2048]","[2048, 2048, 2048, 2048, 2048, 2048, 2048, 2048, 2048, 2048]","[2048, 2048, 2048, 2048, 2048, 2048]",262.0
1286,11299,63,64,2026-06-07T14:28:12.712000+00:00,21.383,37.78,20.716,181.0,186.0,False,79.879,"[None, 2048, 2048, 2048, 2048, 2048]","[2048, 2048, 2048, 2048, 2048, 2048, 2048, 2048, 2051, 2048]","[2048, 2048, 2048, 2048, 2048, 2048]",267.0
1286,11299,23,63,2026-06-07T14:28:14.399000+00:00,22.22,39.112,22.013,183.0,172.0,False,83.345,"[None, 2048, 2048, 2048, 2048, 2048]","[2048, 2048, 2048, 2048, 2048, 2048, 2048, 2048, 2048, 2048]","[2048, 2048, 2048, 2048, 2048, 2048]",241.0
1286,11299,55,63,2026-06-07T14:28:15.727000+00:00,22.069,39.258,22.755,168.0,171.0,False,84.082,"[None, 2048, 2048, 2048, 2048, 2048]","[2048, 2048, 2048, 2048, 2048, 2048, 2048, 2048, 2048, 2048]","[2048, 2048, 2048, 2048, 2048, 2048]",245.0
1286,11299,31,63,2026-06-07T14:28:16.446000+00:00,22.258,39.226,22.608,169.0,180.0,False,84.092,"[None, 2048, 2048, 2048, 2048, 2048]","[2048, 2048, 2048, 2048, 2048, 2048, 2048, 2048, 2048, 2048]","[2048, 2048, 2048, 2048, 2048, 2048]",269.0
1286,11299,27,63,2026-06-07T14:28:17.008000+00:00,22.077,39.254,22.71,184.0,169.0,False,84.041,"[None, 2048, 2048, 2048, 2048, 2048]","[2048, 2048, 2048, 2048, 2048, 2048, 2048, 2048, 2048, 2048]","[2048, 2048, 2048, 2048, 2048, 2048]",270.0
1286,11299,43,63,2026-06-07T14:28:18.665000+00:00,22.562,40.152,21.994,171.0,172.0,False,84.708,"[None, 2048, 2048, 2048, 2048, 2048]","[2048, 2048, 2048, 2048, 2048, 2048, 2048, 2048, 2048, 2048]","[2048, 2048, 2048, 2048, 2048, 2048]",241.0
1286,11299,10,64,2026-06-07T14:28:19.790000+00:00,22.968,39.465,22.244,172.0,176.0,False,84.677,"[None, 2048, 2048, 2048, 2048, 2048]","[2048, 2048, 2048, 2048, 2048, 2048, 2048, 2048, 2048, 2048]","[2048, 2048, 2048, 2048, 2048, 2048]",243.0
1286,11299,81,64,2026-06-07T14:28:21.899000+00:00,22.036,39.449,22.674,171.0,171.0,False,84.159,"[None, 2048, 2048, 2048, 2048, 2048]","[2048, 2048, 2048, 2048, 2048, 2048, 2048, 2048, 2048, 2048]","[2048, 2048, 2048, 2048, 2048, 2048]",266.0
1286,11299,14,63,2026-06-07T14:28:22.852000+00:00,21.833,39.317,22.832,180.0,177.0,False,83.982,"[None, 2048, 2048, 2048, 2048, 2048]","[2048, 2048, 2048, 2048, 2048, 2048, 2048, 2048, 2048, 2048]","[2048, 2048, 2048, 2048, 2048, 2048]",269.0
1286,11299,11,63,2026-06-07T14:28:24.743000+00:00,21.65,38.694,23.264,177.0,176.0,False,83.608,"[None, 2048, 2048, 2048, 2048, 2048]","[2048, 2048, 2048, 2048, 2048, 2048, 2048, 2048, 2048, 2048]","[2048, 2048, 2048, 2048, 2048, 2048]",270.0
1286,11299,5,63,2026-06-07T14:28:27.930000+00:00,21.173,37.315,22.601,180.0,183.0,False,81.089,"[None, 2048, 2048, 2048, 2048, 2048]","[2048, 2048, 2048, 2048, 2048, 2048, 2048, 2048, 2048, 2048]","[2048, 2048, 2048, 2048, 2048, 2048]",272.0
1286,11299,30,64,2026-06-07T14:28:35.649000+00:00,21.187,37.148,21.224,186.0,182.0,False,79.559,"[None, 2048, 2048, 2048, 2048, 2048]","[2048, 2048, 2048, 2048, 2048, 2048, 2048, 2048, 2048, 2048]","[2048, 2048, 2048, 2048, 2048, 2048]",271.0
1286,11299,12,65,2026-06-07T14:28:52.655000+00:00,32.392,56.689,30.142,147.0,64.0,False,119.223,"[None, 2048, 2048, 2048, 2048, 2048]","[2048, 2048, 2048, 2048, 2048, 2048, 2048, 2048, 2048, 2048]","[2048, 2048, 2048, 2048, 2048, 2048]",164.0
1286,11299,44,65,2026-06-07T14:28:54.233000+00:00,31.838,56.421,29.919,115.0,65.0,False,118.178,"[None, 2048, 2048, 2048, 2048, 2048]","[2048, 2048, 2048, 2048, 2048, 2048, 2048, 2048, 2048, 2048]","[2048, 2048, 2048, 2048, 2048, 2048]",161.0
1286,11299,16,65,2026-06-07T14:28:55.130000+00:00,32.644,56.148,,107.0,69.0,False,,"[None, 2048, 2048, 2048, 2048, 2048]","[2048, 2048, 2048, 2048, 2048, 2048, 2048, 2048, 2048, 2048]",[2048],133.0
1286,11299,6,65,2026-06-07T14:29:28.052000+00:00,20.721,40.087,25.446,189.0,122.0,False,86.254,"[None, 2048, 2048, 2048, 2048, 2048]","[2048, 2048, 2048, 2048, 2048, 2048, 2048, 2048, 2048, 2048]","[2048, 2048, 2048, 2048, 2048, 2048]",257.0
1286,11299,63,65,2026-06-07T14:29:32.677000+00:00,20.312,37.554,23.927,195.0,145.0,False,81.793,"[None, 2048, 2048, 2048, 2048, 2048]","[2048, 2048, 2048, 2048, 2048, 2048, 2048, 2048, 2048, 2048]","[2048, 2048, 2048, 2048, 2048, 2048]",252.0
1286,11299,41,64,2026-06-07T14:29:36.037000+00:00,21.516,38.121,22.487,186.0,183.0,False,82.124,"[None, 2048, 2048, 2048, 2048, 2048]","[2048, 2048, 2048, 2048, 2048, 2048, 2048, 2048, 2048, 2048]","[2048, 2048, 2048, 2048, 2048, 2048]",268.0
1286,11299,23,64,2026-06-07T14:29:37.677000+00:00,21.977,37.668,21.343,188.0,182.0,False,80.988,"[None, 2048, 2048, 2048, 2048, 2048]","[2048, 2048, 2048, 2048, 2048, 2048, 2048, 2048, 2048, 2048]","[2048, 2048, 2048, 2048, 2048, 2048]",265.0
1286,11299,55,64,2026-06-07T14:29:39.771000+00:00,21.708,37.602,21.783,174.0,187.0,False,81.093,"[None, 2048, 2048, 2048, 2048, 2048]","[2048, 2048, 2048, 2048, 2048, 2048, 2048, 2048, 2048, 2048]","[2048, 2048, 2048, 2048, 2048, 2048]",265.0
1286,11299,31,64,2026-06-07T14:29:40.443000+00:00,22.019,37.902,21.988,177.0,183.0,False,81.909,"[None, 2048, 2048, 2048, 2048, 2048]","[2048, 2048, 2048, 2048, 2048, 2048, 2048, 2048, 2048, 2048]","[2048, 2048, 2048, 2048, 2048, 2048]",271.0
1286,11299,27,64,2026-06-07T14:29:41.084000+00:00,22.016,38.146,22.015,182.0,180.0,False,82.177,"[None, 2048, 2048, 2048, 2048, 2048]","[2048, 2048, 2048, 2048, 2048, 2048, 2048, 2048, 2048, 2048]","[2048, 2048, 2048, 2048, 2048, 2048]",271.0
1286,11299,43,64,2026-06-07T14:29:43.412000+00:00,22.2,37.807,21.657,178.0,186.0,False,81.664,"[None, 2048, 2048, 2048, 2048, 2048]","[2048, 2048, 2048, 2048, 2048, 2048, 2048, 2048, 2048, 2048]","[2048, 2048, 2048, 2048, 2048, 2048]",270.0
1286,11299,10,65,2026-06-07T14:29:44.416000+00:00,22.448,37.703,21.659,,183.0,False,81.81,"[None, 2048, 2048, 2048, 2048, 2048]","[2048, 2048, 2048, 2048, 2048, 2048, 2048, 2048, 2048, 2048]","[2048, 2048, 2048, 2048, 2048, 2048]",270.0
1286,11299,81,65,2026-06-07T14:29:46.103000+00:00,22.061,38.079,22.332,161.0,182.0,False,82.472,"[None, 2048, 2048, 2048, 2048, 2048]","[2048, 2048, 2048, 2048, 2048, 2048, 2048, 2048, 2048, 2048]","[2048, 2048, 2048, 2048, 2048, 2048]",266.0
1286,11299,14,64,2026-06-07T14:29:46.856000+00:00,21.862,38.29,21.97,176.0,182.0,False,82.122,"[None, 2048, 2048, 2048, 2048, 2048]","[2048, 2048, 2048, 2048, 2048, 2048, 2048, 2048, 2048, 2048]","[2048, 2048, 2048, 2048, 2048, 2049]",269.0
1286,11299,11,64,2026-06-07T14:29:48.411000+00:00,21.762,37.658,21.835,176.0,187.0,False,81.255,"[None, 2048, 2048, 2048, 2048, 2048]","[2048, 2048, 2048, 2048, 2048, 2049, 2048, 2048, 2048, 2048]","[2048, 2048, 2048, 2048, 2048, 2048]",273.0
1286,11299,5,64,2026-06-07T14:29:49.002000+00:00,21.848,37.867,23.165,168.0,186.0,False,82.88,"[None, 2048, 2048, 2048, 2048, 2048]","[2048, 2048, 2048, 2048, 2048, 2048, 2048, 2048, 2048, 2048]","[2048, 2048, 2048, 2048, 2048]",264.0
1286,11299,30,65,2026-06-07T14:29:55.287000+00:00,20.667,36.735,22.983,193.0,186.0,False,80.385,"[None, 2048, 2049, 2048, 2048, 2048]","[2048, 2048, 2048, 2048, 2048, 2048, 2048, 2048, 2048, 2048]","[2048, 2048, 2048, 2048, 2048, 2048]",274.0
1286,11299,12,66,2026-06-07T14:30:52.020000+00:00,20.781,49.698,40.703,191.0,122.0,False,111.182,"[None, 2048, 2048, 2048, 2048, 2048]","[2048, 2048, 2048, 2048, 2048, 2048, 2048, 2048, 2048, 2048]","[2048, 2048, 2048, 2064, 2064, 2064]",210.0
1286,11299,44,66,2026-06-07T14:30:52.462000+00:00,21.414,51.221,40.637,184.0,178.0,False,113.272,"[None, 2048, 2048, 2048, 2048, 2048]","[2048, 2048, 2048, 2048, 2048, 2048, 2048, 2048, 2048, 2048]","[2048, 2048, 2048, 2064, 2064, 2064]",245.0
1286,11299,6,66,2026-06-07T14:30:54.277000+00:00,21.236,50.79,41.112,194.0,163.0,False,113.138,"[None, 2048, 2048, 2048, 2048, 2048]","[2048, 2048, 2048, 2048, 2048, 2048, 2048, 2048, 2048, 2048]","[2048, 2048, 2048, 2064, 2064, 2064]",222.0
1286,11299,63,66,2026-06-07T14:30:54.483000+00:00,21.475,51.736,41.85,182.0,162.0,False,115.061,"[None, 2048, 2048, 2048, 2048, 2048]","[2048, 2048, 2048, 2048, 2048, 2048, 2048, 2048, 2048, 2048]","[2048, 2048, 2048, 2064, 2064, 2064]",212.0
1286,11299,41,65,2026-06-07T14:30:58.222000+00:00,21.244,51.04,40.709,192.0,158.0,False,112.993,"[None, 2048, 2048, 2048, 2048, 2048]","[2048, 2048, 2048, 2048, 2048, 2048, 2048, 2048, 2048, 2048]","[2048, 2048, 2048, 2064, 2064, 2064]",216.0
1286,11299,23,65,2026-06-07T14:30:58.675000+00:00,21.231,51.356,41.226,184.0,162.0,False,113.813,"[None, 2048, 2048, 2048, 2048, 2048]","[2048, 2048, 2048, 2048, 2048, 2048, 2048, 2048, 2048, 2048]","[2048, 2048, 2048, 2064, 2064, 2064]",183.0
1286,11299,55,65,2026-06-07T14:31:00.917000+00:00,22.681,50.101,39.779,71.0,148.0,False,112.561,"[None, 2048, 2048, 2048, 2048, 2048]","[2048, 2048, 2048, 2048, 2048, 2048, 2048, 2048, 2048, 2048]","[2048, 2048, 2048, 2064, 2064, 2064]",179.0
1286,11299,31,65,2026-06-07T14:31:02.455000+00:00,24.698,48.853,38.883,99.0,166.0,False,112.434,"[None, 2048, 2048, 2048, 2048, 2048]","[2048, 2048, 2048, 2048, 2048, 2048, 2048, 2048, 2048, 2048]","[2048, 2048, 2048, 2064, 2064, 2064]",170.0
1286,11299,27,65,2026-06-07T14:31:03.201000+00:00,24.758,48.678,39.904,86.0,171.0,False,113.34,"[None, 2048, 2048, 2048, 2048, 2048]","[2048, 2048, 2048, 2048, 2048, 2048, 2048, 2048, 2048, 2048]","[2048, 2048, 2048, 2064, 2064, 2064]",223.0
1286,11299,43,65,2026-06-07T14:31:05.018000+00:00,26.222,49.951,40.784,147.0,164.0,False,116.957,"[None, 2048, 2048, 2048, 2048, 2048]","[2048, 2048, 2048, 2048, 2048, 2048, 2048, 2048, 2048, 2048]","[2048, 2048, 2048, 2064, 2064, 2064]",216.0
1286,11299,10,66,2026-06-07T14:31:06.189000+00:00,23.574,49.917,40.91,136.0,165.0,False,114.401,"[None, 2048, 2048, 2048, 2048, 2048]","[2048, 2048, 2048, 2048, 2048, 2048, 2048, 2048, 2048, 2048]","[2048, 2048, 2048, 2064, 2064, 2064]",191.0
1286,11299,81,66,2026-06-07T14:31:08.450000+00:00,24.286,50.92,39.529,140.0,148.0,False,114.735,"[None, 2048, 2048, 2048, 2048, 2048]","[2048, 2048, 2048, 2048, 2048, 2048, 2048, 2048, 2048, 2048]","[2048, 2048, 2048, 2064, 2064, 2064]",162.0
1286,11299,14,65,2026-06-07T14:31:08.971000+00:00,25.548,49.813,40.19,172.0,160.0,False,115.551,"[None, 2048, 2048, 2048, 2048, 2048]","[2048, 2048, 2048, 2048, 2048, 2048, 2048, 2048, 2048, 2048]","[2048, 2048, 2048, 2064, 2064, 2064]",163.0
1286,11299,11,65,2026-06-07T14:31:09.604000+00:00,27.859,47.764,40.752,111.0,167.0,False,116.375,"[None, 2048, 2048, 2048, 2048, 2048]","[2048, 2048, 2048, 2048, 2048, 2048, 2048, 2048, 2048, 2048]","[2048, 2048, 2048, 2064, 2064, 2064]",184.0
1286,11299,5,65,2026-06-07T14:31:11.890000+00:00,29.458,45.817,39.803,111.0,152.0,False,115.078,"[None, 2048, 2048, 2048, 2048, 2048]","[2048, 2048, 2048, 2048, 2048, 2048, 2048, 2048, 2048, 2048]","[2048, 2048, 2048, 2064, 2064, 2064]",155.0
1286,11299,30,66,2026-06-07T14:31:15.594000+00:00,29.362,47.999,38.142,76.0,131.0,False,115.503,"[None, 2048, 2048, 2048, 2048, 2048]","[2048, 2048, 2048, 2048, 2048, 2048, 2048, 2048, 2048, 2048]","[2048, 2048, 2048, 2064, 2064, 2064]",138.0
1286,11299,12,67,2026-06-07T14:32:43.219000+00:00,27.893,49.277,28.312,115.0,150.0,True,105.482,"[2064, 2048, 2048, 2048, 2048, 2048]","[2048, 2048, 2048, 2048, 2048, 2048, 2048, 2048, 2048, 2048]","[2048, 2048, 2048, 2048, 2048, 2048]",168.0
1286,11299,44,67,2026-06-07T14:32:45.610000+00:00,27.9,51.235,25.162,92.0,179.0,True,104.297,"[2064, 2048, 2048, 2048, 2048, 2048]","[2048, 2048, 2048, 2048, 2048, 2048, 2048, 2048, 2048, 2048]","[2048, 2048, 2048, 2048, 2048, 2048]",236.0
1286,11299,6,67,2026-06-07T14:32:47.594000+00:00,28.035,51.787,25.711,134.0,159.0,True,105.533,"[2064, 2048, 2048, 2048, 2048, 2048]","[2048, 2048, 2048, 2048, 2048, 2048, 2048, 2048, 2048, 2048]","[2048, 2048, 2048, 2048, 2048, 2048]",231.0
1286,11299,63,67,2026-06-07T14:32:49.551000+00:00,28.227,50.411,27.587,156.0,146.0,True,106.225,"[2064, 2048, 2048, 2048, 2048, 2048]","[2048, 2048, 2048, 2048, 2048, 2048, 2048, 2048, 2048, 2048]","[2048, 2048, 2048, 2048, 2048, 2048]",226.0
1286,11299,41,66,2026-06-07T14:32:51.188000+00:00,27.871,49.616,29.596,160.0,142.0,True,107.083,"[2064, 2048, 2048, 2048, 2048, 2048]","[2048, 2048, 2048, 2048, 2048, 2048, 2048, 2048, 2048, 2048]","[2048, 2048, 2048, 2048, 2048, 2048]",231.0
1286,11299,23,66,2026-06-07T14:32:52.479000+00:00,27.9,50.836,28.529,174.0,154.0,True,107.265,"[2064, 2048, 2048, 2048, 2048, 2048]","[2048, 2048, 2048, 2048, 2048, 2048, 2048, 2048, 2048, 2048]","[2048, 2048, 2048, 2048, 2048, 2048]",232.0
1286,11299,55,66,2026-06-07T14:32:53.411000+00:00,30.666,48.423,28.307,160.0,137.0,True,107.396,"[2064, 2048, 2048, 2048, 2048, 2048]","[2048, 2048, 2048, 2048, 2048, 2048, 2048, 2048, 2048, 2048]","[2048, 2048, 2048, 2048, 2048, 2048]",240.0
1286,11299,31,66,2026-06-07T14:32:54.779000+00:00,30.676,48.696,28.602,149.0,156.0,True,107.974,"[2064, 2048, 2048, 2048, 2048, 2048]","[2048, 2048, 2048, 2048, 2048, 2048, 2048, 2048, 2048, 2048]","[2048, 2048, 2048, 2048, 2048, 2048]",203.0
1286,11299,27,66,2026-06-07T14:32:56.585000+00:00,30.291,48.429,29.406,151.0,169.0,True,108.126,"[2064, 2048, 2048, 2048, 2048, 2048]","[2048, 2048, 2048, 2048, 2048, 2048, 2048, 2048, 2048, 2048]","[2048, 2048, 2048, 2048, 2048, 2048]",226.0
1286,11299,10,67,2026-06-07T14:33:00.745000+00:00,27.312,50.516,28.582,156.0,132.0,True,106.41,"[2064, 2048, 2048, 2048, 2048, 2048]","[2048, 2048, 2048, 2048, 2048, 2048, 2048, 2048, 2048, 2048]","[2048, 2048, 2048, 2048, 2048, 2048]",231.0
1286,11299,43,66,2026-06-07T14:33:01.894000+00:00,27.147,50.663,27.746,124.0,134.0,True,105.556,"[2064, 2048, 2048, 2048, 2048, 2048]","[2048, 2048, 2048, 2048, 2048, 2048, 2048, 2048, 2048, 2048]","[2048, 2048, 2048, 2048, 2048, 2048]",235.0
1286,11299,81,67,2026-06-07T14:33:03.294000+00:00,29.732,49.436,27.558,124.0,147.0,True,106.726,"[2064, 2048, 2048, 2048, 2048, 2048]","[2048, 2048, 2048, 2048, 2048, 2048, 2048, 2048, 2048, 2048]","[2048, 2048, 2048, 2048, 2048, 2048]",241.0
1286,11299,14,66,2026-06-07T14:33:04.480000+00:00,29.061,49.681,27.553,138.0,152.0,True,106.295,"[2064, 2048, 2048, 2048, 2048, 2048]","[2048, 2048, 2048, 2048, 2048, 2048, 2048, 2048, 2048, 2048]","[2048, 2048, 2048, 2048, 2048, 2048]",234.0
1286,11299,11,66,2026-06-07T14:33:06.080000+00:00,28.467,49.438,27.405,137.0,145.0,True,105.31,"[2064, 2048, 2048, 2048, 2048, 2048]","[2048, 2048, 2048, 2048, 2048, 2048, 2048, 2048, 2048, 2048]","[2048, 2048, 2048, 2048, 2048, 2048]",223.0
1286,11299,5,66,2026-06-07T14:33:07.017000+00:00,28.37,49.403,27.495,137.0,140.0,True,105.268,"[2064, 2048, 2048, 2048, 2048, 2048]","[2048, 2048, 2048, 2048, 2048, 2048, 2048, 2048, 2048, 2048]","[2048, 2048, 2048, 2048, 2048, 2048]",228.0
1286,11299,30,67,2026-06-07T14:33:11.102000+00:00,26.507,52.133,25.106,129.0,142.0,True,103.746,"[2064, 2048, 2048, 2048, 2048, 2048]","[2048, 2048, 2048, 2048, 2048, 2048, 2048, 2048, 2048, 2048]","[2048, 2048, 2048, 2048, 2048, 2048]",257.0
1286,11299,12,68,2026-06-07T14:34:28.656000+00:00,29.67,55.835,,157.0,117.0,False,2262.703,"[2048, 2048, 2048, 2048, 2048, 2048]","[2048, 2048, 2048, 2048, 2048, 2048, 2048, 2048, 2048, 2048]","[2048, 2048, 2048, 2064, 2064, 2064]",132.0
1286,11299,44,68,2026-06-07T14:34:30.003000+00:00,30.106,54.975,,120.0,129.0,False,2264.58,"[2048, 2048, 2048, 2048, 2048, 2048]","[2048, 2048, 2048, 2048, 2048, 2048, 2048, 2048, 2048, 2048]","[2048, 2048, 2048, 2064, 2064, 2064]",141.0
1286,11299,6,68,2026-06-07T14:34:32.893000+00:00,28.744,54.483,,109.0,107.0,False,2264.229,"[2048, 2048, 2048, 2048, 2048, 2048]","[2048, 2048, 2048, 2048, 2048, 2048, 2048, 2048, 2048, 2048]","[2048, 2048, 2048, 2064, 2064, 2064]",189.0
1286,11299,63,68,2026-06-07T14:34:35.705000+00:00,26.797,54.804,,127.0,117.0,False,2264.333,"[2048, 2048, 2048, 2048, 2048, 2048]","[2048, 2048, 2048, 2048, 2048, 2048, 2048, 2048, 2048, 2048]","[2048, 2048, 2048, 2064, 2064, 2064]",207.0
1286,11299,41,67,2026-06-07T14:34:38.330000+00:00,25.307,54.809,,111.0,116.0,False,2128.227,"[2048, 2048, 2048, 2048, 2048, 2048]","[2048, 2048, 2048, 2048, 2048, 2048, 2048, 2048, 2048, 2048]","[2048, 2048, 2048, 2064, 2064, 2064]",190.0
1286,11299,23,67,2026-06-07T14:34:39.736000+00:00,25.469,54.151,,84.0,116.0,False,2129.247,"[2048, 2048, 2048, 2048, 2048, 2048]","[2048, 2048, 2048, 2048, 2048, 2048, 2048, 2048, 2048, 2048]","[2048, 2048, 2048, 2064, 2064, 2064]",196.0
1286,11299,55,67,2026-06-07T14:34:40.893000+00:00,25.257,54.545,,89.0,121.0,False,2131.146,"[2048, 2048, 2048, 2048, 2048, 2048]","[2048, 2048, 2048, 2048, 2048, 2048, 2048, 2048, 2048, 2048]","[2048, 2048, 2048, 2064, 2064, 2064]",181.0
1286,11299,31,67,2026-06-07T14:34:42.877000+00:00,24.547,54.564,,107.0,137.0,False,2131.095,"[2048, 2048, 2048, 2048, 2048, 2048]","[2048, 2048, 2048, 2048, 2048, 2048, 2048, 2048, 2048, 2048]","[2048, 2048, 2048, 2064, 2064, 2064]",161.0
1286,11299,27,67,2026-06-07T14:34:44.690000+00:00,23.626,55.285,,100.0,124.0,False,2131.749,"[2048, 2048, 2048, 2048, 2048, 2048]","[2048, 2048, 2048, 2048, 2048, 2048, 2048, 2048, 2048, 2048]","[2048, 2048, 2048, 2064, 2064, 2064]",153.0
1286,11299,10,68,2026-06-07T14:34:46.986000+00:00,23.829,54.814,,112.0,114.0,False,2255.531,"[2048, 2048, 2048, 2048, 2048, 2048]","[2048, 2048, 2048, 2048, 2048, 2048, 2048, 2048, 2048, 2048]","[2048, 2048, 2048, 2064, 2064, 2064]",154.0
1286,11299,43,67,2026-06-07T14:34:47.533000+00:00,26.531,52.591,,65.0,117.0,False,2130.267,"[2048, 2048, 2048, 2048, 2048, 2048]","[2048, 2048, 2048, 2048, 2048, 2048, 2048, 2048, 2048, 2048]","[2048, 2048, 2048, 2064, 2064, 2064]",155.0
1286,11299,81,68,2026-06-07T14:34:50.033000+00:00,27.003,52.382,,71.0,135.0,False,2255.888,"[2048, 2048, 2048, 2048, 2048, 2048]","[2048, 2048, 2048, 2048, 2048, 2048, 2048, 2048, 2048, 2048]","[2048, 2048, 2048, 2064, 2064, 2064]",155.0
1286,11299,14,67,2026-06-07T14:34:50.924000+00:00,27.951,51.724,,101.0,151.0,False,2130.175,"[2048, 2048, 2048, 2048, 2048, 2048]","[2048, 2048, 2048, 2048, 2048, 2048, 2048, 2048, 2048, 2048]","[2048, 2048, 2048, 2064, 2064, 2064]",153.0
1286,11299,11,67,2026-06-07T14:34:51.283000+00:00,28.699,51.477,,92.0,136.0,False,2133.296,"[2048, 2048, 2048, 2048, 2048, 2048]","[2048, 2048, 2048, 2048, 2048, 2048, 2048, 2048, 2048, 2048]","[2048, 2048, 2048, 2064, 2064, 2064]",158.0
1286,11299,5,67,2026-06-07T14:34:52.299000+00:00,29.752,50.415,,96.0,129.0,False,2136.863,"[2048, 2048, 2048, 2048, 2048, 2048]","[2048, 2048, 2048, 2048, 2048, 2048, 2048, 2048, 2048, 2048]","[2048, 2048, 2048, 2064, 2064, 2064]",159.0
1286,11299,30,68,2026-06-07T14:34:54.971000+00:00,29.74,49.477,,104.0,145.0,False,2253.624,"[2048, 2048, 2048, 2048, 2048, 2048]","[2048, 2048, 2048, 2048, 2048, 2048, 2048, 2048, 2048, 2048]","[2048, 2048, 2048, 2064, 2064, 2064]",181.0
1286,11299,41,68,2026-06-07T15:10:06.577000+00:00,27.631,39.756,78.136,166.0,172.0,True,145.523,"[2064, 2048, 2048, 2048, 2048, 2048]","[2048, 2048, 2048, 2048, 2048, 2048, 2048, 2048, 2048, 2048]","[2048, 2048, 2048, 2064, 2064, 2064]",248.0
1286,11299,23,68,2026-06-07T15:10:09.113000+00:00,26.728,40.533,77.829,167.0,163.0,True,145.09,"[2064, 2048, 2048, 2048, 2048, 2048]","[2048, 2048, 2048, 2048, 2048, 2048, 2048, 2048, 2048, 2048]","[2048, 2048, 2048, 2064, 2064, 2064]",240.0
1286,11299,55,68,2026-06-07T15:10:11.999000+00:00,27.171,40.426,77.406,167.0,178.0,True,145.003,"[2064, 2048, 2048, 2048, 2048, 2048]","[2048, 2048, 2048, 2048, 2048, 2048, 2048, 2048, 2048, 2048]","[2048, 2048, 2048, 2064, 2064, 2064]",259.0
1286,11299,31,68,2026-06-07T15:10:13.999000+00:00,27.481,39.21,78.595,155.0,174.0,True,145.286,"[2064, 2048, 2048, 2048, 2048, 2048]","[2048, 2048, 2048, 2048, 2048, 2048, 2048, 2048, 2048, 2048]","[2048, 2048, 2048, 2064, 2064, 2064]",267.0
1286,11299,27,68,2026-06-07T15:10:16.552000+00:00,27.252,40.295,78.304,159.0,173.0,True,145.851,"[2064, 2048, 2048, 2048, 2048, 2048]","[2048, 2048, 2048, 2048, 2048, 2048, 2048, 2048, 2048, 2048]","[2048, 2048, 2048, 2064, 2064, 2064]",263.0
1286,11299,43,68,2026-06-07T15:10:17.789000+00:00,28.257,41.963,80.068,153.0,168.0,True,150.288,"[2064, 2048, 2048, 2048, 2048, 2048]","[2048, 2048, 2048, 2048, 2048, 2048, 2048, 2048, 2048, 2048]","[2048, 2048, 2048, 2064, 2064, 2064]",234.0
1286,11299,14,68,2026-06-07T15:10:20.992000+00:00,30.29,40.033,80.003,156.0,178.0,True,150.326,"[2064, 2048, 2048, 2048, 2048, 2048]","[2048, 2048, 2048, 2048, 2048, 2048, 2048, 2048, 2048, 2048]","[2048, 2048, 2048, 2064, 2064, 2064]",262.0
1286,11299,11,68,2026-06-07T15:10:24.758000+00:00,27.518,39.855,81.783,144.0,179.0,True,149.156,"[2064, 2048, 2048, 2048, 2048, 2048]","[2048, 2048, 2048, 2048, 2048, 2048, 2048, 2048, 2048, 2048]","[2048, 2048, 2048, 2064, 2064, 2064]",266.0
1286,11299,5,68,2026-06-07T15:10:29.149000+00:00,27.134,39.725,79.401,144.0,174.0,True,146.26,"[2064, 2048, 2048, 2048, 2048, 2048]","[2048, 2048, 2048, 2048, 2048, 2048, 2048, 2048, 2048, 2048]","[2048, 2048, 2048, 2064, 2064, 2064]",262.0
1286,11299,3,1,2026-06-07T15:12:00.071000+00:00,,50.987,,103.0,114.0,False,,"[2048, 2049, 2049, 2049, 2049, 2049]","[2049, 2049, 2049, 2049, 2049, 2049, 2049, 2049, 2049, 2049]","[2049, 2049, 2049, 2064, 2064, 2064]",151.0
1286,11299,12,69,2026-06-07T15:12:11.446000+00:00,24.942,49.812,28.719,178.0,105.0,True,103.473,"[2064, 2048, 2048, 2048, 2048, 2048]","[2048, 2048, 2048, 2048, 2048, 2048, 2048, 2048, 2048, 2048]","[2048, 2048, 2048, 2048, 2048, 2048]",151.0
1286,11299,44,69,2026-06-07T15:12:14.634000+00:00,26.297,45.913,29.983,169.0,107.0,True,102.193,"[2064, 2048, 2048, 2048, 2048, 2048]","[2048, 2048, 2048, 2048, 2048, 2048, 2048, 2048, 2048, 2048]","[2048, 2048, 2048, 2048, 2048, 2048]",142.0
1286,11299,6,69,2026-06-07T15:12:17.227000+00:00,29.752,41.494,29.274,156.0,118.0,True,100.52,"[2064, 2048, 2048, 2048, 2048, 2048]","[2048, 2048, 2048, 2048, 2048, 2048, 2048, 2048, 2048, 2048]","[2048, 2048, 2048, 2048, 2048, 2048]",229.0
1286,11299,63,69,2026-06-07T15:12:20.118000+00:00,28.473,41.188,28.651,157.0,142.0,True,98.312,"[2064, 2048, 2048, 2048, 2048, 2048]","[2048, 2048, 2048, 2048, 2048, 2048, 2048, 2048, 2048, 2048]","[2048, 2048, 2048, 2048, 2048, 2048]",231.0
1286,11299,10,69,2026-06-07T15:12:22.649000+00:00,27.964,40.872,27.686,149.0,163.0,True,96.522,"[2064, 2048, 2048, 2048, 2048, 2048]","[2048, 2048, 2048, 2048, 2048, 2048, 2048, 2048, 2048, 2048]","[2048, 2048, 2048, 2048, 2048, 2048]",234.0
1286,11299,81,69,2026-06-07T15:12:25.869000+00:00,29.361,41.117,25.432,151.0,174.0,True,95.91,"[2064, 2048, 2048, 2048, 2048, 2048]","[2048, 2048, 2048, 2048, 2048, 2048, 2048, 2048, 2048, 2048]","[2048, 2048, 2048, 2048, 2048, 2048]",234.0
1286,11299,30,69,2026-06-07T15:12:28.634000+00:00,27.841,41.194,26.068,136.0,174.0,True,95.103,"[2064, 2048, 2048, 2048, 2048, 2048]","[2048, 2048, 2048, 2048, 2048, 2048, 2048, 2048, 2048, 2048]","[2048, 2048, 2048, 2048, 2048, 2048]",247.0
1286,11299,41,69,2026-06-07T15:12:32.134000+00:00,26.363,40.423,25.957,160.0,171.0,True,92.743,"[None, 2048, 2048, 2048, 2048, 2048]","[2048, 2048, 2048, 2048, 2048, 2048, 2048, 2048, 2048, 2048]","[2048, 2048, 2048, 2048, 2048, 2048]",255.0
1286,11299,23,69,2026-06-07T15:12:34.197000+00:00,27.161,38.672,27.0,176.0,172.0,True,92.833,"[None, 2048, 2048, 2048, 2048, 2048]","[2048, 2048, 2048, 2048, 2048, 2048, 2048, 2048, 2048, 2048]","[2048, 2048, 2048, 2048, 2048, 2048]",268.0
1286,11299,55,69,2026-06-07T15:12:37.025000+00:00,28.253,40.059,24.52,160.0,177.0,True,92.832,"[None, 2048, 2048, 2048, 2048, 2048]","[2048, 2048, 2048, 2048, 2048, 2048, 2048, 2048, 2048, 2048]","[2048, 2048, 2048, 2048, 2048, 2048]",242.0
1286,11299,31,69,2026-06-07T15:12:39.321000+00:00,28.733,39.123,23.663,160.0,180.0,True,91.519,"[None, 2048, 2048, 2048, 2048, 2048]","[2048, 2048, 2048, 2048, 2048, 2048, 2048, 2048, 2048, 2048]","[2048, 2048, 2048, 2048, 2048, 2048]",267.0
1286,11299,27,69,2026-06-07T15:12:42.415000+00:00,26.972,38.836,24.166,169.0,177.0,True,89.974,"[None, 2048, 2048, 2048, 2048, 2048]","[2048, 2048, 2048, 2048, 2048, 2048, 2048, 2048, 2048, 2048]","[2048, 2048, 2048, 2048, 2048, 2048]",271.0
1286,11299,43,69,2026-06-07T15:12:48.134000+00:00,26.672,40.664,22.405,163.0,176.0,True,89.741,"[None, 2048, 2048, 2048, 2048, 2048]","[2048, 2048, 2048, 2048, 2048, 2048, 2048, 2048, 2048, 2048]","[2048, 2048, 2048, 2048, 2048, 2048]",244.0
1286,11299,14,69,2026-06-07T15:12:51.461000+00:00,26.761,39.723,22.833,176.0,180.0,True,89.317,"[None, 2048, 2048, 2048, 2048, 2048]","[2048, 2048, 2048, 2048, 2048, 2048, 2048, 2048, 2048, 2048]","[2048, 2048, 2048, 2048, 2048, 2048]",265.0
1286,11299,11,69,2026-06-07T15:12:53.814000+00:00,25.787,39.236,22.764,172.0,176.0,True,87.787,"[None, 2048, 2048, 2048, 2048, 2048]","[2048, 2048, 2048, 2048, 2048, 2048, 2048, 2048, 2048, 2048]","[2048, 2048, 2048, 2048, 2048, 2048]",268.0
1286,11299,5,69,2026-06-07T15:12:55.467000+00:00,25.511,39.376,22.565,162.0,176.0,True,87.452,"[None, 2048, 2048, 2048, 2048, 2048]","[2048, 2048, 2048, 2048, 2048, 2048, 2048, 2048, 2048, 2048]","[2048, 2048, 2048, 2048, 2048, 2048]",265.0
1286,11299,12,70,2026-06-07T15:13:54.875000+00:00,29.94,48.839,88.532,161.0,114.0,False,167.311,"[2048, 2048, 2048, 2048, 2048, 2048]","[2048, 2048, 2048, 2048, 2048, 2048, 2048, 2048, 2048, 2048]","[2048, 2048, 2048, 2048, 2048]",179.0
1286,11299,44,70,2026-06-07T15:13:56.753000+00:00,29.033,49.304,87.759,135.0,125.0,False,166.096,"[2048, 2048, 2048, 2048, 2048, 2048]","[2048, 2048, 2048, 2048, 2048, 2048, 2048, 2048, 2048, 2048]","[2048, 2048, 2048, 2048, 2048]",159.0
1286,11299,6,70,2026-06-07T15:13:57.661000+00:00,29.358,49.605,86.904,147.0,130.0,False,165.867,"[2048, 2048, 2048, 2048, 2048, 2048]","[2048, 2048, 2048, 2048, 2048, 2048, 2048, 2048, 2048, 2048]","[2048, 2048, 2048, 2048, 2048]",160.0
1286,11299,63,70,2026-06-07T15:13:58.341000+00:00,30.051,49.944,85.355,92.0,171.0,False,165.35,"[2048, 2048, 2048, 2048, 2048, 2048]","[2048, 2048, 2048, 2048, 2048, 2048, 2048, 2048, 2048, 2048]","[2048, 2048, 2048, 2048, 2048]",158.0
1286,11299,10,70,2026-06-07T15:13:59.155000+00:00,30.533,49.943,84.452,84.0,167.0,False,164.928,"[2048, 2048, 2048, 2048, 2048, 2048]","[2048, 2048, 2048, 2048, 2048, 2048, 2048, 2048, 2048, 2048]","[2048, 2048, 2048, 2048, 2048]",204.0
1286,11299,81,70,2026-06-07T15:14:01.868000+00:00,28.89,51.013,82.757,91.0,157.0,False,162.66,"[2048, 2048, 2048, 2048, 2048, 2048]","[2048, 2048, 2048, 2048, 2048, 2048, 2048, 2048, 2048, 2048]","[2048, 2048, 2048, 2048, 2048]",217.0
1286,11299,30,70,2026-06-07T15:14:03.671000+00:00,28.32,50.673,82.003,96.0,171.0,False,160.996,"[2048, 2048, 2048, 2048, 2048, 2048]","[2048, 2048, 2048, 2048, 2048, 2048, 2048, 2048, 2048, 2048]","[2048, 2048, 2048, 2048, 2048]",239.0
1286,11299,41,70,2026-06-07T15:14:04.801000+00:00,27.82,50.74,81.658,96.0,165.0,False,160.218,"[2048, 2048, 2048, 2048, 2048, 2048]","[2048, 2048, 2048, 2048, 2048, 2048, 2048, 2048, 2048, 2048]","[2048, 2048, 2048, 2048, 2048]",234.0
1286,11299,23,70,2026-06-07T15:14:06.914000+00:00,27.471,51.439,79.126,82.0,162.0,False,158.036,"[2048, 2048, 2048, 2048, 2048, 2048]","[2048, 2048, 2048, 2048, 2048, 2048, 2048, 2048, 2048, 2048]","[2048, 2048, 2048, 2048, None, 2048]",248.0
1286,11299,55,70,2026-06-07T15:14:09.862000+00:00,25.577,51.219,78.575,96.0,163.0,False,155.371,"[2048, 2048, 2048, 2048, 2048, 2048]","[2048, 2048, 2048, 2048, 2048, 2048, 2048, 2048, 2048, 2048]","[2048, 2048, 2048, 2048, None, 2048]",232.0
1286,11299,31,70,2026-06-07T15:14:10.761000+00:00,26.1,51.133,77.588,88.0,158.0,False,154.821,"[2048, 2048, 2048, 2048, 2048, 2048]","[2048, 2048, 2048, 2048, 2048, 2048, 2048, 2048, 2048, 2048]","[2048, 2048, 2048, 2048, None, 2048]",243.0
1286,11299,27,70,2026-06-07T15:14:12.279000+00:00,25.722,51.254,76.512,108.0,169.0,False,153.488,"[2048, 2048, 2048, 2048, 2048, 2048]","[2048, 2048, 2048, 2048, 2048, 2048, 2048, 2048, 2048, 2048]","[2048, 2048, 2048, 2048, None, 2048]",255.0
1286,11299,43,70,2026-06-07T15:14:17.831000+00:00,23.032,49.08,75.759,122.0,170.0,False,147.871,"[2048, 2048, 2048, 2048, 2048, 2048]","[2048, 2048, 2048, 2048, 2048, 2048, 2048, 2048, 2048, 2048]","[2048, 2048, 2048, 2048, None, 2048]",177.0
1286,11299,14,70,2026-06-07T15:14:20.724000+00:00,23.077,48.134,74.082,135.0,174.0,False,145.293,"[2048, 2048, 2048, 2048, 2048, 2048]","[2048, 2048, 2048, 2048, 2048, 2048, 2048, 2048, 2048, 2048]","[2048, 2048, 2048, 2048, None, 2048]",261.0
1286,11299,11,70,2026-06-07T15:14:21.643000+00:00,22.652,48.534,73.339,136.0,173.0,False,144.525,"[2048, 2048, 2048, 2048, 2048, 2048]","[2048, 2048, 2048, 2048, 2048, 2048, 2048, 2048, 2048, 2048]","[2048, 2048, 2048, 2048, None, 2048]",247.0
1286,11299,5,70,2026-06-07T15:14:22.862000+00:00,23.287,49.379,71.034,135.0,160.0,False,143.7,"[2048, 2048, 2048, 2048, 2048, 2048]","[2048, 2048, 2048, 2048, 2048, 2048, 2048, 2048, 2048, 2048]","[2048, 2048, 2048, 2048, None, 2048]",221.0
1286,11299,12,71,2026-06-07T15:16:42.288000+00:00,23.269,36.623,20.379,190.0,191.0,False,80.271,"[None, 2048, 2048, 2048, 2048, 2048]","[2048, 2048, 2048, 2048, 2048, 2048, 2048, 2048, 2048, 2048]","[2048, 2048, 2048, 2048, 2048, 2048]",265.0
1286,11299,44,71,2026-06-07T15:16:42.976000+00:00,23.802,36.922,20.285,180.0,193.0,False,81.009,"[None, 2048, 2048, 2048, 2048, 2048]","[2048, 2048, 2048, 2048, 2048, 2048, 2048, 2048, 2049, 2048]","[2049, 2048, 2048, 2048, 2048, 2048]",265.0
1286,11299,6,71,2026-06-07T15:16:43.648000+00:00,26.431,40.181,21.43,159.0,174.0,False,88.042,"[None, 2048, 2048, 2048, 2048, 2048]","[2048, 2048, 2048, 2048, 2048, 2048, 2048, 2048, 2048, 2048]","[2048, 2048, 2048, 2048, 2048, 2048]",261.0
1286,11299,63,71,2026-06-07T15:16:43.979000+00:00,25.639,38.752,20.465,154.0,190.0,False,84.856,"[None, 2048, 2048, 2048, 2048, 2048]","[2048, 2048, 2048, 2048, 2048, 2048, 2048, 2048, 2048, 2048]","[2048, 2048, 2048, 2048, 2048, 2048]",264.0
1286,11299,10,71,2026-06-07T15:16:44.304000+00:00,25.664,39.627,20.899,155.0,183.0,False,86.19,"[None, 2048, 2048, 2048, 2048, 2048]","[2048, 2048, 2048, 2048, 2048, 2048, 2048, 2048, 2048, 2048]","[2048, 2048, 2048, 2048, 2048, 2048]",266.0
1286,11299,81,71,2026-06-07T15:16:44.648000+00:00,26.069,40.598,21.299,155.0,180.0,False,87.966,"[None, 2048, 2048, 2048, 2048, 2048]","[2048, 2048, 2048, 2048, 2048, 2048, 2048, 2048, 2048, 2048]","[2048, 2048, 2048, 2048, 2048, 2048]",268.0
1286,11299,30,71,2026-06-07T15:16:44.929000+00:00,26.221,40.929,21.53,146.0,178.0,False,88.68,"[None, 2048, 2048, 2048, 2048, 2048]","[2048, 2048, 2048, 2048, 2048, 2048, 2048, 2048, 2048, 2048]","[2048, 2048, 2048, 2048, 2048, 2048]",269.0
1286,11299,23,71,2026-06-07T15:16:45.351000+00:00,26.242,41.881,21.681,164.0,175.0,False,89.804,"[None, 2048, 2048, 2048, 2048, 2048]","[2048, 2048, 2048, 2048, 2048, 2048, 2048, 2048, 2048, 2048]","[2048, 2048, 2048, 2048, 2048, 2048]",265.0
1286,11299,41,71,2026-06-07T15:16:45.710000+00:00,26.176,41.249,21.637,148.0,177.0,False,89.062,"[None, 2048, 2048, 2048, 2048, 2048]","[2048, 2048, 2048, 2048, 2048, 2048, 2048, 2048, 2048, 2048]","[2048, 2048, 2048, 2048, 2048, 2048]",272.0
1286,11299,55,71,2026-06-07T15:16:46.054000+00:00,26.457,,,151.0,,False,,"[None, 2048, 2048, 2048, 2048, 2048]",[2048],,
1286,11299,31,71,2026-06-07T15:16:46.382000+00:00,26.365,41.878,21.613,154.0,181.0,False,89.856,"[None, 2048, 2048, 2048, 2048, 2048]","[2048, 2048, 2048, 2048, 2048, 2048, 2048, 2048, 2048, 2048]","[2048, 2048, 2048, 2048, 2049, 2049]",269.0
1286,11299,43,71,2026-06-07T15:16:46.601000+00:00,27.247,49.713,22.386,141.0,171.0,False,99.346,"[None, 2048, 2048, 2048, 2048, 2048]","[2048, 2048, 2048, 2048, 2048, 2048, 2048, 2048, 2048, 2048]","[2048, 2048, 2048, 2048, 2048, 2048]",237.0
1286,11299,27,71,2026-06-07T15:16:46.992000+00:00,26.341,41.338,21.513,153.0,177.0,False,89.192,"[None, 2048, 2048, 2048, 2048, 2048]","[2048, 2048, 2048, 2048, 2048, 2048, 2048, 2048, 2048, 2048]","[2048, 2048, 2048, 2048, 2048, 2048]",270.0
1286,11299,14,71,2026-06-07T15:16:47.320000+00:00,26.381,42.901,21.27,159.0,178.0,False,90.552,"[None, 2048, 2048, 2048, 2048, 2048]","[2048, 2048, 2048, 2048, 2048, 2048, 2048, 2048, 2048, 2048]","[2048, 2048, 2048, 2048, 2049, 2049]",268.0
1286,11299,11,71,2026-06-07T15:16:47.507000+00:00,26.615,41.748,21.571,153.0,176.0,False,89.934,"[None, 2048, 2048, 2048, 2048, 2048]","[2048, 2048, 2048, 2048, 2048, 2048, 2048, 2048, 2048, 2048]","[2048, 2048, 2048, 2048, 2049, 2049]",272.0
1286,11299,5,71,2026-06-07T15:16:47.773000+00:00,26.832,46.992,21.027,133.0,181.0,False,94.851,"[None, 2048, 2048, 2048, 2048, 2048]","[2048, 2048, 2048, 2048, 2048, 2048, 2048, 2048, 2048, 2048]","[2048, 2048, 2048, 2048, 2048, 2048]",265.0
1286,11299,12,72,2026-06-07T15:18:02.479000+00:00,20.096,35.611,20.03,197.0,198.0,False,75.737,"[None, 2048, 2048, 2048, 2049, 2048]","[2048, 2048, 2048, 2049, 2049, 2048, 2048, 2048, 2048, 2048]","[2049, 2048, 2048, 2049, 2048, 2048]",266.0
1286,11299,44,72,2026-06-07T15:18:03.870000+00:00,20.292,35.353,19.824,207.0,196.0,False,75.469,"[None, 2048, 2049, 2048, 2049, 2049]","[2051, 2048, 2048, 2051, 2051, 2049, 2048, 2049, 2049, 2048]","[2051, 2049, 2049, 2051, 2051, 2048]",269.0
1286,11299,63,72,2026-06-07T15:18:08.525000+00:00,20.083,35.542,32.63,208.0,195.0,False,88.255,"[None, 2048, 2048, 2048, 2048, 2048]","[2048, 2048, 2048, 2048, 2049, 2048, 2048, 2049, 2051, 2049]","[2049, 2049, 2048, 2064, 2064, 2064]",269.0
1286,11299,10,72,2026-06-07T15:18:10.154000+00:00,20.568,36.405,20.488,204.0,192.0,False,77.461,"[None, 2048, 2048, 2048, 2049, 2049]","[2048, 2049, 2048, 2048, 2048, 2048, 2048, 2048, 2049, 2048]","[2049, 2048, 2049, 2048, 2049, 2048]",271.0
1286,11299,6,72,2026-06-07T15:18:11.604000+00:00,21.35,36.621,20.526,192.0,189.0,False,78.497,"[None, 2048, 2048, 2048, 2048, 2048]","[2048, 2048, 2048, 2048, 2048, 2048, 2048, 2048, 2048, 2048]","[2049, 2048, 2048, 2048, 2048, 2048]",259.0
1286,11299,81,72,2026-06-07T15:18:12.376000+00:00,21.353,36.829,20.577,173.0,188.0,False,78.759,"[None, 2048, 2048, 2048, 2048, 2048]","[2048, 2048, 2048, 2048, 2048, 2048, 2048, 2048, 2049, 2048]","[2048, 2048, 2048, 2049, 2049, 2048]",270.0
1286,11299,30,72,2026-06-07T15:18:13.303000+00:00,21.195,37.262,20.656,175.0,186.0,False,79.113,"[None, 2048, 2048, 2048, 2048, 2048]","[2048, 2048, 2048, 2048, 2048, 2048, 2048, 2048, 2048, 2048]","[2048, 2048, 2048, 2048, 2049, 2048]",272.0
1286,11299,41,72,2026-06-07T15:18:14.063000+00:00,21.208,37.224,20.843,187.0,184.0,False,79.275,"[None, 2048, 2048, 2048, 2048, 2048]","[2048, 2048, 2048, 2048, 2049, 2049, 2048, 2048, 2049, 2048]","[2048, 2048, 2048, 2048, 2049, 2048]",281.0
1286,11299,23,72,2026-06-07T15:18:14.773000+00:00,21.168,38.76,21.423,182.0,172.0,False,81.351,"[None, 2048, 2048, 2048, 2048, 2048]","[2048, 2048, 2048, 2048, 2048, 2048, 2048, 2048, 2048, 2048]","[2048, 2048, 2048, 2048, 2048, 2048]",268.0
1286,11299,27,72,2026-06-07T15:18:15.031000+00:00,21.377,36.954,21.423,190.0,182.0,False,79.754,"[None, 2048, 2048, 2048, 2048, 2048]","[2048, 2048, 2048, 2048, 2048, 2051, 2048, 2048, 2048, 2048]","[2048, 2048, 2048, 2048, 2048]",283.0
1286,11299,31,72,2026-06-07T15:18:15.448000+00:00,21.602,38.022,21.401,178.0,180.0,False,81.025,"[None, 2048, 2048, 2048, 2048, 2048]","[2048, 2048, 2048, 2048, 2049, 2048, 2048, 2048, 2048, 2048]","[2048, 2048, 2048, 2048, 2049, 2051]",281.0
1286,11299,11,72,2026-06-07T15:18:16.023000+00:00,21.547,37.777,21.642,180.0,182.0,False,80.966,"[None, 2048, 2049, 2048, 2048, 2048]","[2048, 2048, 2048, 2048, 2048, 2049, 2048, 2048, 2048, 2048]","[2048, 2048, 2048, 2048, 2049, 2049]",271.0
1286,11299,14,72,2026-06-07T15:18:16.508000+00:00,21.498,37.869,21.531,189.0,181.0,False,80.898,"[None, 2048, 2049, 2048, 2048, 2048]","[2048, 2048, 2048, 2049, 2048, 2049, 2048, 2048, 2049, 2048]","[2048, 2048, 2048, 2048, 2048, 2049]",280.0
1286,11299,5,72,2026-06-07T15:18:21.242000+00:00,20.666,36.301,20.517,195.0,189.0,False,77.484,"[None, 2048, 2048, 2048, 2048, 2049]","[2048, 2048, 2048, 2048, 2048, 2048, 2048, 2048, 2049, 2048]","[2049, 2048, 2048, 2048, 2048, 2048]",273.0
1286,11299,43,72,2026-06-07T15:18:25.023000+00:00,21.353,37.542,20.804,185.0,187.0,False,79.699,"[None, 2048, 2048, 2048, 2048, 2048]","[2048, 2048, 2048, 2048, 2048, 2048, 2048, 2048, 2048, 2048]","[2048, 2048, 2048, 2048, 2048, 2048]",274.0
1286,11299,12,73,2026-06-07T15:19:18.180000+00:00,19.715,35.103,19.767,205.0,199.0,False,74.585,"[None, 2048, 2048, 2048, 2051, 2048]","[2049, 2049, 2051, 2049, 2048, 2048, 2048, 2048, 2049, 2051]","[2051, 2051, 2048, 2049, 2049, 2048]",269.0
1286,11299,44,73,2026-06-07T15:19:19.370000+00:00,19.918,35.195,19.856,212.0,197.0,False,74.969,"[None, 2048, 2049, 2048, 2049, 2051]","[2051, 2049, 2048, 2051, 2049, 2049, 2048, 2048, 2048, 2049]","[2049, 2048, 2049, 2051, 2051, 2048]",270.0
1286,11299,10,73,2026-06-07T15:19:27.590000+00:00,20.181,35.734,20.139,206.0,194.0,False,76.054,"[None, 2049, 2048, 2048, 2049, 2049]","[2049, 2049, 2048, 2048, 2049, 2048, 2048, 2049, 2051, 2049]","[2049, 2049, 2049, 2049, 2049, 2048]",271.0
1286,11299,6,73,2026-06-07T15:19:30.027000+00:00,20.529,36.12,20.164,197.0,192.0,False,76.813,"[None, 2048, 2048, 2048, 2049, 2048]","[2049, 2049, 2049, 2049, 2048, 2048, 2048, 2049, 2048, 2049]","[2049, 2049, 2049, 2049, 2048, 2048]",256.0
1286,11299,81,73,2026-06-07T15:19:31.042000+00:00,20.497,35.941,20.25,196.0,196.0,False,76.688,"[None, 2048, 2048, 2048, 2049, 2048]","[2048, 2048, 2049, 2049, 2049, 2048, 2048, 2048, 2049, 2048]","[2048, 2048, 2048, 2049, 2051, 2049]",271.0
1286,11299,30,73,2026-06-07T15:19:32.355000+00:00,21.037,36.192,20.416,196.0,190.0,False,77.645,"[None, 2048, 2048, 2048, 2049, 2048]","[2048, 2048, 2048, 2049, 2049, 2048, 2048, 2048, 2049, 2048]","[2049, 2049, 2048, 2048, 2048, 2048]",272.0
1286,11299,41,73,2026-06-07T15:19:33.296000+00:00,21.094,36.801,20.498,192.0,190.0,False,78.393,"[None, 2048, 2048, 2048, 2048, 2048]","[2048, 2048, 2048, 2049, 2051, 2049, 2049, 2048, 2048, 2048]","[2049, 2048, 2049, 2049, 2049, 2048]",281.0
1286,11299,27,73,2026-06-07T15:19:34.604000+00:00,22.603,36.98,20.492,149.0,188.0,False,80.075,"[None, 2048, 2048, 2048, 2048, 2048]","[2048, 2048, 2048, 2048, 2049, 2051, 2048, 2048, 2048, 2048]","[2048, 2048, 2048, 2048, 2049, 2051]",284.0
1286,11299,23,73,2026-06-07T15:19:36.078000+00:00,21.16,36.428,20.57,194.0,186.0,False,78.158,"[None, 2048, 2048, 2048, 2048, 2048]","[2049, 2049, 2048, 2049, 2048, 2048, 2048, 2048, 2049, 2048]","[2049, 2049, 2049, 2049, 2048, 2048]",271.0
1286,11299,31,73,2026-06-07T15:19:36.419000+00:00,21.369,37.242,20.51,183.0,190.0,False,79.121,"[None, 2048, 2048, 2048, 2048, 2048]","[2048, 2048, 2048, 2048, 2049, 2049, 2048, 2048, 2049, 2048]","[2048, 2048, 2048, 2048, 2049, 2048]",283.0
1286,11299,63,73,2026-06-07T15:19:36.963000+00:00,23.526,37.495,20.864,183.0,185.0,True,81.885,"[2064, 2048, 2048, 2048, 2048, 2048]","[2048, 2048, 2048, 2048, 2049, 2048, 2048, 2048, 2048, 2048]","[2048, 2048, 2048, 2048, 2049, 2049]",274.0
1286,11299,11,73,2026-06-07T15:19:37.248000+00:00,21.261,37.692,20.904,169.0,184.0,False,79.857,"[None, 2048, 2049, 2048, 2048, 2048]","[2048, 2048, 2048, 2048, 2048, 2048, 2048, 2048, 2048, 2048]","[2048, 2048, 2048, 2048, 2049, 2048]",269.0
1286,11299,14,73,2026-06-07T15:19:37.532000+00:00,21.241,38.089,20.82,178.0,182.0,False,80.15,"[None, 2048, 2049, 2048, 2048, 2048]","[2048, 2048, 2048, 2048, 2049, 2049, 2048, 2049, 2049, 2048]","[2049, 2048, 2048, 2048, 2048, 2048]",280.0
1286,11299,5,73,2026-06-07T15:19:38.928000+00:00,20.516,37.928,20.862,183.0,184.0,False,79.306,"[None, 2048, 2048, 2048, 2049, 2048]","[2048, 2048, 2048, 2048, 2048, 2048, 2048, 2048, 2048, 2048]","[2048, 2048, 2048, 2048, 2048]",274.0
1286,11299,43,73,2026-06-07T15:19:44.850000+00:00,20.677,36.73,21.235,196.0,186.0,False,78.642,"[None, 2048, 2048, 2048, 2048, 2048]","[2049, 2048, 2049, 2048, 2049, 2048, 2048, 2048, 2048, 2048]","[2048, 2048, 2048, 2048, 2048, 2048]",276.0
1286,11299,12,74,2026-06-07T15:20:32.710000+00:00,19.573,34.721,19.664,209.0,200.0,False,73.958,"[None, 2048, 2048, 2051, 2051, 2049]","[2051, 2049, 2051, 2051, 2049, 2048, 2048, 2048, 2051, 2051]","[2048, 2051, 2048, 2051, 2049, 2048]",268.0
1286,11299,44,74,2026-06-07T15:20:34.335000+00:00,19.895,35.013,19.735,210.0,197.0,False,74.643,"[None, 2048, 2049, 2049, 2048, 2048]","[2049, 2051, 2049, 2048, 2048, 2049, 2049, 2048, 2048, 2048]","[2048, 2049, 2051, 2048, 2048, 2048]",270.0
1286,11299,10,74,2026-06-07T15:20:43.788000+00:00,19.994,35.426,21.179,205.0,192.0,False,76.599,"[None, 2048, 2048, 2049, 2049, 2049]","[2049, 2049, 2049, 2049, 2049, 2048, 2048, 2049, 2048, 2048]","[2049, 2049, 2048, 2048, 2048, 2048]",273.0
1286,11299,6,74,2026-06-07T15:20:46.882000+00:00,20.166,36.032,20.43,200.0,189.0,False,76.628,"[None, 2048, 2048, 2049, 2049, 2048]","[2049, 2048, 2049, 2049, 2048, 2048, 2048, 2048, 2048, 2048]","[2049, 2049, 2048, 2048, 2048, 2048]",261.0
1286,11299,81,74,2026-06-07T15:20:47.819000+00:00,20.095,35.644,20.448,194.0,195.0,False,76.187,"[None, 2049, 2049, 2048, 2049, 2048]","[2048, 2048, 2049, 2048, 2051, 2049, 2048, 2048, 2049, 2048]","[2048, 2048, 2048, 2048, 2048, 2049]",281.0
1286,11299,30,74,2026-06-07T15:20:50.148000+00:00,20.303,35.932,20.161,204.0,194.0,False,76.396,"[None, 2049, 2049, 2049, 2049, 2049]","[2049, 2048, 2049, 2049, 2048, 2048, 2048, 2049, 2048, 2048]","[2049, 2049, 2049, 2049, 2049, 2048]",272.0
1286,11299,41,74,2026-06-07T15:20:51.741000+00:00,20.447,36.087,20.255,201.0,190.0,False,76.789,"[None, 2049, 2048, 2048, 2049, 2049]","[2049, 2049, 2049, 2049, 2049, 2048, 2048, 2048, 2049, 2049]","[2049, 2049, 2049, 2049, 2048, 2048]",273.0
1286,11299,23,74,2026-06-07T15:20:54.217000+00:00,20.309,36.099,20.368,210.0,189.0,False,76.776,"[None, 2048, 2048, 2049, 2049, 2049]","[2049, 2048, 2048, 2048, 2049, 2048, 2048, 2048, 2049, 2048]","[2049, 2049, 2049, 2049, 2049, 2048]",272.0
1286,11299,27,74,2026-06-07T15:20:54.871000+00:00,20.359,36.059,20.33,207.0,185.0,False,76.748,"[None, 2048, 2048, 2048, 2048, 2049]","[2049, 2049, 2048, 2048, 2049, 2049, 2048, 2048, 2049, 2048]","[2048, 2048, 2048, 2048, 2049, 2051]",285.0
1286,11299,31,74,2026-06-07T15:20:55.503000+00:00,20.597,36.189,20.436,194.0,189.0,False,77.222,"[None, 2049, 2049, 2048, 2048, 2048]","[2049, 2048, 2048, 2049, 2049, 2049, 2048, 2048, 2049, 2048]","[2048, 2048, 2048, 2048, 2048, 2048]",283.0
1286,11299,11,74,2026-06-07T15:20:56.866000+00:00,20.624,36.348,20.546,197.0,185.0,False,77.518,"[None, 2048, 2048, 2049, 2048, 2049]","[2048, 2048, 2048, 2049, 2048, 2048, 2048, 2048, 2049, 2049]","[2049, 2049, 2048, 2048, 2048, 2048]",274.0
1286,11299,14,74,2026-06-07T15:20:57.519000+00:00,20.822,36.766,20.713,199.0,184.0,False,78.301,"[None, 2048, 2048, 2048, 2048, 2049]","[2048, 2048, 2049, 2049, 2049, 2048, 2048, 2048, 2048, 2048]","[2049, 2048, 2048, 2049, 2048, 2048]",280.0
1286,11299,5,74,2026-06-07T15:20:58.065000+00:00,20.715,36.601,20.908,186.0,182.0,False,78.224,"[None, 2048, 2049, 2048, 2048, 2048]","[2048, 2048, 2048, 2048, 2049, 2051, 2048, 2048, 2048, 2048]","[2048, 2048, 2048, 2048, 2048, 2049]",287.0
1286,11299,63,74,2026-06-07T15:20:58.725000+00:00,20.743,36.425,20.99,186.0,184.0,False,78.158,"[2048, 2048, 2048, 2048, 2048, 2048]","[2048, 2048, 2048, 2048, 2049, 2049, 2048, 2048, 2048, 2048]","[2048, 2048, 2048, 2048, 2051, 2051]",286.0
1286,11299,43,74,2026-06-07T15:21:03.454000+00:00,20.347,35.9,20.069,200.0,195.0,False,76.316,"[None, 2048, 2048, 2048, 2049, 2049]","[2049, 2049, 2049, 2049, 2049, 2048, 2048, 2049, 2049, 2049]","[2049, 2049, 2049, 2049, 2049, 2048]",277.0
1286,11299,12,75,2026-06-07T15:21:46.799000+00:00,19.626,34.73,19.652,213.0,200.0,False,74.008,"[None, 2048, 2048, 2051, 2051, 2051]","[2051, 2049, 2051, 2048, 2048, 2048, 2048, 2048, 2051, 2051]","[2048, 2048, 2049, 2051, 2048, 2048]",270.0
1286,11299,44,75,2026-06-07T15:21:48.862000+00:00,19.879,35.004,19.843,208.0,197.0,False,74.726,"[None, 2049, 2049, 2048, 2048, 2048]","[2049, 2051, 2049, 2048, 2048, 2048, 2049, 2048, 2048, 2048]","[2048, 2048, 2048, 2048, 2049, 2048]",270.0
1286,11299,10,75,2026-06-07T15:22:00.316000+00:00,20.373,35.613,20.31,202.0,194.0,False,76.296,"[None, 2048, 2048, 2048, 2048, 2048]","[2049, 2048, 2048, 2048, 2048, 2048, 2049, 2048, 2048, 2048]","[2048, 2048, 2048, 2049, 2048, 2048]",273.0
1286,11299,6,75,2026-06-07T15:22:03.487000+00:00,20.142,35.836,20.11,195.0,193.0,False,76.088,"[None, 2048, 2048, 2049, 2048, 2048]","[2048, 2049, 2048, 2049, 2048, 2048, 2048, 2048, 2048, 2049]","[2049, 2048, 2049, 2051, 2048, 2048]",261.0
1286,11299,81,75,2026-06-07T15:22:03.987000+00:00,20.252,35.688,20.318,200.0,195.0,False,76.258,"[None, 2048, 2048, 2048, 2048, 2048]","[2048, 2049, 2048, 2048, 2048, 2049, 2048, 2048, 2049, 2048]","[2048, 2048, 2048, 2048, 2048, 2049]",281.0
1286,11299,30,75,2026-06-07T15:22:06.659000+00:00,20.18,35.798,20.069,203.0,195.0,False,76.047,"[None, 2049, 2049, 2049, 2049, 2049]","[2049, 2049, 2048, 2048, 2048, 2048, 2048, 2048, 2049, 2049]","[2049, 2049, 2049, 2048, 2049, 2049]",273.0
1286,11299,41,75,2026-06-07T15:22:08.518000+00:00,20.172,35.901,20.172,204.0,194.0,False,76.245,"[2049, 2049, 2049, 2049, 2049, 2049]","[2049, 2048, 2049, 2048, 2049, 2048, 2048, 2049, 2049, 2049]","[2049, 2048, 2049, 2049, 2051, 2048]",274.0
1286,11299,23,75,2026-06-07T15:22:11.096000+00:00,20.241,35.876,20.359,205.0,189.0,False,76.476,"[None, 2049, 2048, 2048, 2048, 2049]","[2049, 2048, 2049, 2049, 2049, 2048, 2048, 2048, 2048, 2048]","[2049, 2049, 2049, 2048, 2048, 2048]",272.0
1286,11299,27,75,2026-06-07T15:22:11.518000+00:00,20.243,35.793,20.317,200.0,192.0,False,76.353,"[None, 2049, 2051, 2048, 2048, 2048]","[2048, 2049, 2048, 2049, 2048, 2049, 2048, 2048, 2048, 2048]","[2049, 2048, 2048, 2048, 2049, 2051]",285.0
1286,11299,31,75,2026-06-07T15:22:12.737000+00:00,20.527,36.15,20.275,190.0,191.0,False,76.952,"[None, 2049, 2048, 2048, 2048, 2048]","[2049, 2049, 2048, 2049, 2048, 2048, 2048, 2048, 2048, 2048]","[2049, 2049, 2048, 2049, 2048, 2048]",274.0
1286,11299,11,75,2026-06-07T15:22:14.370000+00:00,20.506,36.227,20.66,192.0,190.0,False,77.393,"[None, 2049, 2048, 2048, 2048, 2048]","[2049, 2048, 2048, 2048, 2049, 2048, 2048, 2048, 2049, 2048]","[2049, 2048, 2048, 2048, 2048, 2048]",273.0
1286,11299,14,75,2026-06-07T15:22:15.809000+00:00,20.605,36.686,20.765,200.0,184.0,False,78.056,"[None, 2049, 2048, 2048, 2049, 2049]","[2049, 2049, 2048, 2048, 2049, 2048, 2048, 2048, 2048, 2048]","[2048, 2048, 2048, 2048, 2048, 2048]",271.0
1286,11299,5,75,2026-06-07T15:22:16.451000+00:00,20.537,36.582,20.778,193.0,184.0,False,77.897,"[None, 2048, 2049, 2048, 2048, 2048]","[2048, 2048, 2048, 2048, 2048, 2048, 2048, 2048, 2048, 2048]","[2048, 2048, 2048, 2048, 2049, 2051]",286.0
1286,11299,63,75,2026-06-07T15:22:16.931000+00:00,20.692,36.376,20.837,,185.0,False,77.905,"[None, 2048, 2048, 2048, 2048, 2048]","[2048, 2048, 2049, 2048, 2049, 2049, 2048, 2048, 2048, 2048]","[2048, 2048, 2048, 2048, 2049, 2048]",286.0
1286,11299,43,75,2026-06-07T15:22:19.737000+00:00,20.099,35.933,20.499,,194.0,False,76.531,"[None, 2048, 2048, 2049, 2049, 2049]","[2049, 2048, 2048, 2048, 2048, 2048, 2048, 2048, 2048, 2049]","[2048, 2048, 2048, 2048, 2048, 2049]",276.0
1286,11299,12,76,2026-06-07T15:23:00.737000+00:00,19.379,34.566,19.536,,199.0,False,73.481,"[None, 2051, 2048, 2051, 2051, 2051]","[2051, 2049, 2048, 2051, 2049, 2048, 2048, 2048, 2048, 2051]","[2051, 2051, 2051, 2049, 2048, 2048]",271.0
1286,11299,44,76,2026-06-07T15:23:03.596000+00:00,19.975,35.139,19.935,,196.0,False,75.049,"[None, 2049, 2048, 2048, 2048, 2048]","[2048, 2048, 2048, 2048, 2049, 2048, 2048, 2048, 2048, 2048]","[2048, 2048, 2048, 2048, 2048, 2048]",270.0
1286,11299,10,76,2026-06-07T15:23:16.768000+00:00,20.091,35.554,20.254,208.0,192.0,False,75.899,"[None, 2049, 2048, 2048, 2048, 2049]","[2048, 2049, 2048, 2048, 2048, 2048, 2048, 2048, 2048, 2049]","[2049, 2048, 2048, 2049, 2049, 2048]",273.0
1286,11299,6,76,2026-06-07T15:23:19.706000+00:00,20.003,35.735,20.16,191.0,193.0,False,75.898,"[None, 2048, 2048, 2049, 2048, 2048]","[2049, 2048, 2049, 2048, 2048, 2048, 2048, 2049, 2049, 2049]","[2048, 2049, 2048, 2048, 2048, 2048]",261.0
1286,11299,81,76,2026-06-07T15:23:20.237000+00:00,19.979,35.621,20.216,202.0,198.0,False,75.816,"[None, 2049, 2048, 2048, 2048, 2049]","[2048, 2048, 2049, 2048, 2048, 2048, 2048, 2048, 2049, 2049]","[2049, 2049, 2048, 2048, 2049, 2049]",281.0
1286,11299,30,76,2026-06-07T15:23:22.440000+00:00,20.047,35.665,20.042,202.0,196.0,False,75.754,"[None, 2048, 2049, 2049, 2049, 2049]","[2049, 2049, 2049, 2048, 2049, 2048, 2048, 2048, 2048, 2049]","[2049, 2048, 2048, 2049, 2048, 2049]",273.0
1286,11299,41,76,2026-06-07T15:23:24.784000+00:00,20.031,35.783,20.094,203.0,194.0,False,75.908,"[None, 2049, 2048, 2048, 2049, 2049]","[2049, 2049, 2049, 2048, 2049, 2048, 2048, 2049, 2048, 2048]","[2049, 2049, 2049, 2049, 2051, 2048]",273.0
1286,11299,23,76,2026-06-07T15:23:27.581000+00:00,20.333,35.974,20.297,204.0,188.0,False,76.604,"[None, 2048, 2048, 2048, 2049, 2048]","[2048, 2048, 2048, 2049, 2049, 2048, 2048, 2048, 2048, 2048]","[2048, 2048, 2048, 2049, 2049, 2048]",272.0
1286,11299,27,76,2026-06-07T15:23:27.940000+00:00,20.449,35.885,20.4,205.0,188.0,False,76.734,"[None, 2049, 2048, 2048, 2048, 2048]","[2048, 2048, 2049, 2048, 2048, 2049, 2048, 2048, 2048, 2048]","[2048, 2048, 2048, 2048, 2048, 2048]",285.0
1286,11299,31,76,2026-06-07T15:23:29.674000+00:00,20.359,36.162,20.471,195.0,189.0,False,76.992,"[None, 2048, 2048, 2048, 2049, 2048]","[2048, 2048, 2048, 2048, 2048, 2048, 2048, 2048, 2048, 2048]","[2048, 2048, 2048, 2048, 2048, 2048]",273.0
1286,11299,11,76,2026-06-07T15:23:31.862000+00:00,20.368,36.238,20.511,193.0,190.0,False,77.117,"[None, 2049, 2048, 2049, 2048, 2048]","[2048, 2048, 2048, 2048, 2049, 2048, 2048, 2048, 2048, 2049]","[2048, 2049, 2048, 2048, 2049, 2048]",273.0
1286,11299,14,76,2026-06-07T15:23:33.862000+00:00,20.463,36.348,20.465,201.0,190.0,False,77.276,"[None, 2049, 2048, 2048, 2049, 2049]","[2049, 2049, 2049, 2049, 2049, 2048, 2048, 2048, 2049, 2049]","[2049, 2049, 2048, 2049, 2048, 2048]",270.0
1286,11299,5,76,2026-06-07T15:23:34.284000+00:00,20.508,36.354,20.726,201.0,186.0,False,77.588,"[None, 2048, 2049, 2048, 2048, 2049]","[2048, 2048, 2048, 2048, 2049, 2048, 2048, 2048, 2048, 2048]","[2048, 2048, 2048, 2049, 2048, 2048]",286.0
1286,11299,63,76,2026-06-07T15:23:34.831000+00:00,20.567,36.286,20.743,191.0,188.0,False,77.596,"[None, 2048, 2048, 2048, 2048, 2048]","[2048, 2048, 2048, 2048, 2048, 2048, 2048, 2048, 2048, 2048]","[2048, 2048, 2048, 2048, 2051, 2051]",284.0
1286,11299,43,76,2026-06-07T15:23:36.268000+00:00,20.541,36.414,20.564,192.0,192.0,False,77.519,"[None, 2048, 2048, 2048, 2048, 2048]","[2048, 2048, 2048, 2048, 2048, 2048, 2048, 2048, 2048, 2048]","[2048, 2048, 2048, 2048, 2048, 2049]",276.0
1286,11299,12,77,2026-06-07T15:24:14.233000+00:00,19.403,34.699,19.626,207.0,203.0,False,73.728,"[None, 2048, 2048, 2048, 2048, 2048]","[2048, 2048, 2048, 2048, 2048, 2048, 2048, 2048, 2051, 2051]","[2051, 2048, 2048, 2048, 2048, 2048]",271.0
1286,11299,44,77,2026-06-07T15:24:18.765000+00:00,20.028,35.27,20.032,210.0,196.0,False,75.33,"[None, 2049, 2049, 2048, 2048, 2049]","[2048, 2048, 2048, 2048, 2049, 2048, 2048, 2048, 2048, 2048]","[2048, 2048, 2048, 2048, 2048, 2048]",270.0
1286,11299,10,77,2026-06-07T15:24:32.597000+00:00,19.791,35.531,20.175,205.0,193.0,False,75.497,"[None, 2049, 2048, 2049, 2048, 2049]","[2049, 2048, 2048, 2048, 2048, 2048, 2048, 2048, 2048, 2048]","[2048, 2048, 2048, 2048, 2049, 2048]",273.0
1286,11299,6,77,2026-06-07T15:24:35.565000+00:00,19.955,35.578,20.136,200.0,192.0,False,75.669,"[None, 2048, 2048, 2048, 2048, 2049]","[2049, 2048, 2048, 2048, 2048, 2048, 2048, 2049, 2049, 2048]","[2049, 2049, 2048, 2048, 2048, 2048]",261.0
1286,11299,81,77,2026-06-07T15:24:36.206000+00:00,20.057,35.584,20.205,200.0,195.0,False,75.846,"[None, 2049, 2049, 2048, 2048, 2048]","[2049, 2048, 2048, 2048, 2048, 2048, 2049, 2048, 2048, 2048]","[2048, 2048, 2049, 2048, 2049, 2049]",281.0
1286,11299,30,77,2026-06-07T15:24:38.222000+00:00,20.071,35.708,20.114,198.0,195.0,False,75.893,"[None, 2048, 2049, 2049, 2048, 2048]","[2048, 2049, 2049, 2048, 2048, 2048, 2048, 2048, 2048, 2049]","[2048, 2048, 2048, 2048, 2049, 2049]",273.0
1286,11299,41,77,2026-06-07T15:24:40.628000+00:00,20.034,35.773,20.113,201.0,195.0,False,75.92,"[None, 2049, 2049, 2049, 2048, 2048]","[2048, 2048, 2048, 2048, 2048, 2048, 2048, 2049, 2048, 2049]","[2049, 2049, 2048, 2049, 2049, 2048]",273.0
1286,11299,23,77,2026-06-07T15:24:44.143000+00:00,20.331,35.795,20.28,206.0,192.0,False,76.406,"[None, 2048, 2048, 2048, 2048, 2048]","[2048, 2049, 2048, 2048, 2048, 2048, 2048, 2048, 2048, 2049]","[2049, 2048, 2049, 2048, 2049, 2048]",267.0
1286,11299,27,77,2026-06-07T15:24:44.565000+00:00,20.251,35.985,20.254,207.0,190.0,False,76.49,"[None, 2049, 2048, 2048, 2048, 2048]","[2048, 2048, 2048, 2048, 2048, 2048, 2048, 2048, 2048, 2048]","[2048, 2048, 2049, 2048, 2049, 2049]",284.0
1286,11299,31,77,2026-06-07T15:24:46.768000+00:00,20.303,36.281,20.33,193.0,187.0,False,76.914,"[None, 2048, 2048, 2048, 2048, 2048]","[2049, 2048, 2048, 2048, 2048, 2048, 2048, 2048, 2048, 2048]","[2048, 2048, 2049, 2048, 2048, 2048]",273.0
1286,11299,11,77,2026-06-07T15:24:48.878000+00:00,20.343,36.097,20.454,198.0,192.0,False,76.894,"[None, 2048, 2048, 2049, 2048, 2048]","[2048, 2048, 2048, 2048, 2048, 2048, 2048, 2048, 2049, 2049]","[2049, 2049, 2048, 2048, 2049, 2048]",273.0
1286,11299,14,77,2026-06-07T15:24:51.098000+00:00,20.291,36.402,20.427,204.0,187.0,False,77.12,"[None, 2049, 2048, 2048, 2049, 2049]","[2049, 2048, 2049, 2049, 2048, 2048, 2048, 2049, 2049, 2048]","[2049, 2049, 2049, 2048, 2048, 2048]",271.0
1286,11299,5,77,2026-06-07T15:24:51.909000+00:00,20.127,36.341,20.636,197.0,184.0,False,77.104,"[None, 2049, 2049, 2048, 2048, 2049]","[2048, 2048, 2049, 2049, 2048, 2048, 2048, 2048, 2048, 2048]","[2048, 2048, 2048, 2048, 2048, 2048]",286.0
1286,11299,63,77,2026-06-07T15:24:52.456000+00:00,20.389,36.09,20.791,189.0,187.0,False,77.27,"[None, 2048, 2049, 2048, 2048, 2048]","[2048, 2048, 2048, 2048, 2049, 2051, 2048, 2048, 2048, 2048]","[2048, 2048, 2048, 2048, 2051, 2051]",286.0
1286,11299,43,77,2026-06-07T15:24:53.815000+00:00,20.112,36.239,20.744,196.0,193.0,False,77.095,"[None, 2048, 2048, 2048, 2048, 2048]","[2048, 2048, 2049, 2048, 2048, 2048, 2048, 2048, 2048, 2048]","[2048, 2048, 2048, 2048, 2048, 2048]",277.0
1286,11299,12,78,2026-06-07T15:25:28.156000+00:00,19.722,35.243,20.649,196.0,188.0,False,75.614,"[None, 2048, 2048, 2048, 2048, 2048]","[2048, 2048, 2048, 2048, 2048, 2048, 2048, 2048, 2048, 2048]","[2048, 2048, 2048, 2048, 2048, 2048]",271.0
1286,11299,44,78,2026-06-07T15:25:34.133000+00:00,20.099,35.49,20.202,201.0,194.0,False,75.791,"[None, 2048, 2048, 2048, 2048, 2048]","[2048, 2051, 2048, 2048, 2048, 2048, 2048, 2048, 2048, 2048]","[2048, 2048, 2048, 2048, 2048, 2048]",270.0
1286,11299,10,78,2026-06-07T15:25:48.055000+00:00,19.923,35.652,20.306,202.0,194.0,False,75.881,"[None, 2048, 2048, 2048, 2048, 2048]","[2048, 2048, 2048, 2048, 2048, 2048, 2048, 2048, 2048, 2048]","[2049, 2048, 2048, 2048, 2049, 2048]",272.0
1286,11299,6,78,2026-06-07T15:25:51.218000+00:00,19.91,35.603,20.26,199.0,194.0,False,75.773,"[None, 2048, 2048, 2049, 2049, 2048]","[2048, 2048, 2048, 2048, 2049, 2048, 2048, 2048, 2048, 2048]","[2048, 2048, 2049, 2048, 2048, 2048]",261.0
1286,11299,81,78,2026-06-07T15:25:52.015000+00:00,20.044,35.532,20.286,201.0,196.0,False,75.862,"[None, 2049, 2048, 2048, 2048, 2048]","[2048, 2048, 2049, 2049, 2048, 2048, 2049, 2048, 2048, 2048]","[2048, 2048, 2048, 2048, 2048, 2048]",281.0
1286,11299,30,78,2026-06-07T15:25:54.221000+00:00,20.031,35.735,20.197,202.0,194.0,False,75.963,"[None, 2048, 2049, 2048, 2049, 2048]","[2048, 2048, 2048, 2048, 2048, 2048, 2048, 2048, 2048, 2048]","[2048, 2048, 2048, 2048, 2048, 2048]",273.0
1286,11299,41,78,2026-06-07T15:25:56.617000+00:00,19.973,35.787,20.2,205.0,194.0,False,75.96,"[None, 2048, 2048, 2048, 2048, 2048]","[2048, 2048, 2048, 2049, 2048, 2048, 2048, 2048, 2048, 2049]","[2049, 2048, 2048, 2048, 2048, 2048]",273.0
1286,11299,23,78,2026-06-07T15:26:00.538000+00:00,20.308,35.859,20.226,208.0,189.0,False,76.393,"[None, 2048, 2048, 2048, 2048, 2048]","[2048, 2048, 2048, 2048, 2049, 2048, 2048, 2048, 2048, 2048]","[2049, 2048, 2048, 2048, 2049, 2048]",273.0
1286,11299,27,78,2026-06-07T15:26:01.143000+00:00,20.119,36.168,20.224,206.0,191.0,False,76.511,"[None, 2048, 2048, 2048, 2048, 2048]","[2048, 2048, 2049, 2048, 2048, 2048, 2048, 2048, 2048, 2048]","[2048, 2048, 2048, 2048, 2049, 2050]",284.0
1286,11299,31,78,2026-06-07T15:26:03.637000+00:00,20.346,36.216,20.495,195.0,188.0,False,77.057,"[None, 2049, 2048, 2048, 2048, 2048]","[2048, 2048, 2048, 2048, 2048, 2048, 2048, 2048, 2048, 2048]","[2048, 2048, 2048, 2048, 2048, 2048]",274.0
1286,11299,11,78,2026-06-07T15:26:05.775000+00:00,20.437,35.919,20.535,195.0,190.0,False,76.891,"[None, 2049, 2048, 2048, 2048, 2048]","[2049, 2048, 2048, 2048, 2049, 2048, 2048, 2048, 2049, 2049]","[2048, 2048, 2048, 2048, 2048, 2048]",273.0
1286,11299,14,78,2026-06-07T15:26:08.366000+00:00,20.342,36.359,20.439,203.0,190.0,False,77.14,"[None, 2049, 2048, 2048, 2048, 2048]","[2048, 2048, 2048, 2048, 2049, 2048, 2048, 2048, 2048, 2048]","[2049, 2049, 2049, 2048, 2048, 2048]",270.0
1286,11299,5,78,2026-06-07T15:26:09.006000+00:00,20.202,36.331,20.779,201.0,187.0,False,77.312,"[None, 2048, 2048, 2048, 2048, 2049]","[2048, 2049, 2048, 2048, 2048, 2048, 2048, 2048, 2048, 2048]","[2048, 2048, 2048, 2048, 2048, 2048]",285.0
1286,11299,63,78,2026-06-07T15:26:09.631000+00:00,20.243,36.187,20.827,196.0,184.0,False,77.257,"[None, 2048, 2048, 2048, 2048, 2048]","[2048, 2048, 2048, 2048, 2049, 2051, 2048, 2048, 2048, 2048]","[2048, 2048, 2048, 2048, 2048, 2048]",286.0
1286,11299,43,78,2026-06-07T15:26:10.850000+00:00,19.982,36.293,20.379,203.0,193.0,False,76.654,"[None, 2049, 2048, 2049, 2048, 2048]","[2048, 2048, 2048, 2048, 2048, 2048, 2048, 2048, 2048, 2048]","[2048, 2048, 2048, 2048, 2049, 2050]",276.0
