meeting_key,session_key,driver_number,lap_number,date_start,duration_sector_1,duration_sector_2,duration_sector_3,i1_speed,i2_speed,is_pit_out_lap,lap_duration,segments_sector_1,segments_sector_2,segments_sector_3,st_speed
1281,11253,12,1,2026-03-29T05:14:02.078000+00:00,38.853,42.42,17.942,285.0,332.0,False,99.215,"[2048, 2049, 2049, 2049, 2049, 2049, 2049, 2049, 2049]","[2049, 2049, 2049, 2049, 2049, 2049, 2049, 2049, 2049, 2049, 2049]","[2049, 2049, 2049, 2049, 2049, 2049, 2049]",293.0
1281,11253,63,1,2026-03-29T05:14:02.078000+00:00,37.965,42.185,18.12,287.0,330.0,False,98.27,"[2048, 2049, 2049, 2049, 2049, 2049, 2049, 2049, 2049]","[2049, 2049, 2049, 2049, 2049, 2049, 2049, 2049, 2051, 2049, 2049]","[2049, 2049, 2049, 2049, 2049, 2049, 2049]",291.0
1281,11253,81,1,2026-03-29T05:14:02.078000+00:00,35.66,41.939,18.112,280.0,313.0,False,95.711,"[2048, 2049, 2051, 2051, 2051, 2051, 2051, 2051, 2049]","[2051, 2049, 2049, 2049, 2049, 2049, 2049, 2049, 2049, 2049, 2049]","[2049, 2049, 2049, 2051, 2051, 2051, 2051]",279.0
1281,11253,16,1,2026-03-29T05:14:02.078000+00:00,36.9,41.648,18.305,267.0,320.0,False,96.853,"[2048, 2049, 2049, 2049, 2049, 2049, 2049, 2049, 2049]","[2049, 2051, 2049, 2049, 2049, 2049, 2049, 2051, 2049, 2049, 2049]","[2049, 2049, 2049, 2049, 2049, 2049, 2049]",283.0
1281,11253,1,1,2026-03-29T05:14:02.078000+00:00,37.524,42.011,18.104,289.0,323.0,False,97.639,"[2048, 2049, 2049, 2049, 2049, 2049, 2049, 2049, 2051]","[2049, 2049, 2049, 2051, 2049, 2049, 2049, 2049, 2049, 2049, 2049]","[2049, 2049, 2051, 2049, 2049, 2049, 2049]",283.0
1281,11253,44,1,2026-03-29T05:14:02.078000+00:00,38.546,42.171,18.146,264.0,328.0,False,98.863,"[2048, 2049, 2049, 2049, 2049, 2049, 2049, 2049, 2049]","[2049, 2049, 2049, 2049, 2049, 2051, 2051, 2049, 2049, 2049, 2049]","[2049, 2049, 2049, 2049, 2049, 2049, 2049]",289.0
1281,11253,10,1,2026-03-29T05:14:02.078000+00:00,39.291,42.579,18.221,276.0,331.0,False,100.091,"[2048, 2049, 2049, 2049, 2049, 2049, 2049, 2049, 2049]","[2049, 2049, 2049, 2049, 2049, 2049, 2049, 2049, 2049, 2049, 2049]","[2049, 2049, 2049, 2049, 2049, 2049, 2048]",291.0
1281,11253,6,1,2026-03-29T05:14:02.078000+00:00,39.655,42.839,18.232,280.0,324.0,False,100.726,"[2048, 2049, 2049, 2049, 2049, 2049, 2049, 2049, 2049]","[2049, 2049, 2051, 2049, 2049, 2049, 2049, 2049, 2049, 2049, 2049]","[2049, 2049, 2049, 2049, 2049, 2049, 2049]",289.0
1281,11253,5,1,2026-03-29T05:14:02.078000+00:00,41.701,43.476,18.277,264.0,333.0,False,103.454,"[2048, 2049, 2049, 2049, 2049, 2049, 2049, 2049, 2049]","[2049, 2049, 2049, 2049, 2049, 2049, 2049, 2049, 2049, 2049, 2049]","[2049, 2049, 2049, 2049, 2049, 2049, 2049]",295.0
1281,11253,41,1,2026-03-29T05:14:02.078000+00:00,39.995,43.187,18.012,270.0,335.0,False,101.194,"[2048, 2049, 2049, 2049, 2049, 2049, 2049, 2049, 2049]","[2049, 2049, 2049, 2049, 2049, 2049, 2049, 2049, 2049, 2049, 2049]","[2049, 2049, 2049, 2049, 2049, 2049, 2051]",296.0
1281,11253,3,1,2026-03-29T05:14:02.078000+00:00,40.519,43.038,18.111,257.0,325.0,False,101.668,"[2048, 2049, 2049, 2049, 2049, 2049, 2049, 2049, 2049]","[2049, 2049, 2049, 2049, 2049, 2049, 2049, 2049, 2049, 2049, 2049]","[2049, 2049, 2049, 2049, 2049, 2049, 2049]",289.0
1281,11253,31,1,2026-03-29T05:14:02.078000+00:00,40.878,43.267,18.305,255.0,332.0,False,102.45,"[2048, 2049, 2049, 2049, 2049, 2049, 2049, 2049, 2049]","[2049, 2049, 2049, 2049, 2051, 2049, 2049, 2049, 2049, 2049, 2049]","[2049, 2049, 2049, 2049, 2049, 2049, 2049]",291.0
1281,11253,27,1,2026-03-29T05:14:02.078000+00:00,43.105,44.711,18.748,274.0,330.0,False,106.564,"[2048, 2049, 2049, 2049, 2049, 2049, 2049, 2049, 2049]","[2049, 2049, 2049, 2049, 2049, 2049, 2049, 2049, 2049, 2049, 2049]","[2049, 2049, 2049, 2049, 2049, 2049, 2048]",284.0
1281,11253,30,1,2026-03-29T05:14:02.078000+00:00,41.136,43.518,18.242,270.0,334.0,False,102.896,"[2048, 2049, 2049, 2049, 2049, 2049, 2049, 2049, 2049]","[2049, 2049, 2049, 2049, 2049, 2049, 2049, 2049, 2049, 2049, 2049]","[2049, 2049, 2049, 2049, 2049, 2049, 2049]",294.0
1281,11253,43,1,2026-03-29T05:14:02.078000+00:00,41.718,43.59,18.238,257.0,340.0,False,103.546,"[2048, 2049, 2049, 2049, 2049, 2049, 2049, 2049, 2049]","[2049, 2049, 2049, 2049, 2049, 2049, 2049, 2049, 2049, 2051, 2051]","[2051, 2049, 2049, 2049, 2049, 2049, 2051]",298.0
1281,11253,55,1,2026-03-29T05:14:02.078000+00:00,42.239,43.831,18.356,269.0,336.0,False,104.426,"[2048, 2049, 2049, 2049, 2049, 2049, 2049, 2049, 2049]","[2049, 2049, 2049, 2049, 2049, 2049, 2049, 2049, 2049, 2049, 2049]","[2049, 2051, 2049, 2049, 2049, 2049, 2049]",298.0
1281,11253,23,1,2026-03-29T05:14:02.078000+00:00,42.784,44.394,18.51,233.0,333.0,False,105.688,"[2048, 2049, 2049, 2049, 2049, 2049, 2049, 2049, 2049]","[2049, 2049, 2049, 2049, 2049, 2049, 2049, 2049, 2049, 2049, 2049]","[2049, 2049, 2049, 2049, 2049, 2049, 2049]",287.0
1281,11253,87,1,2026-03-29T05:14:02.078000+00:00,42.654,44.063,18.181,257.0,332.0,False,104.898,"[2048, 2049, 2049, 2049, 2049, 2049, 2049, 2049, 2049]","[2049, 2049, 2049, 2049, 2049, 2049, 2049, 2049, 2049, 2049, 2049]","[2049, 2049, 2049, 2049, 2049, 2049, 2049]",285.0
1281,11253,11,1,2026-03-29T05:14:02.078000+00:00,43.074,44.598,18.524,263.0,332.0,False,106.196,"[2048, 2049, 2049, 2049, 2049, 2049, 2049, 2049, 2049]","[2049, 2049, 2049, 2049, 2049, 2049, 2049, 2049, 2049, 2049, 2049]","[2049, 2049, 2049, 2049, 2049, 2049, 2049]",288.0
1281,11253,77,1,2026-03-29T05:14:02.078000+00:00,44.222,45.366,18.503,238.0,330.0,False,108.091,"[2048, 2049, 2049, 2049, 2049, 2049, 2049, 2049, 2049]","[2049, 2049, 2049, 2049, 2049, 2049, 2049, 2049, 2049, 2049, 2049]","[2049, 2049, 2049, 2049, 2049, 2049, 2049]",278.0
1281,11253,14,1,2026-03-29T05:14:02.078000+00:00,43.852,45.219,18.453,238.0,318.0,False,107.524,"[2048, 2049, 2049, 2049, 2049, 2049, 2049, 2049, 2049]","[2049, 2049, 2049, 2049, 2049, 2049, 2049, 2049, 2049, 2049, 2049]","[2049, 2049, 2049, 2049, 2049, 2049, 2049]",282.0
1281,11253,18,1,2026-03-29T05:14:02.078000+00:00,44.168,45.723,18.803,247.0,329.0,False,108.694,"[2048, 2049, 2049, 2049, 2049, 2049, 2049, 2049, 2049]","[2049, 2049, 2049, 2049, 2049, 2049, 2049, 2049, 2049, 2049, 2049]","[2049, 2049, 2049, 2049, 2049, 2049, 2049]",278.0
1281,11253,81,2,2026-03-29T05:15:37.788000+00:00,34.349,42.319,18.281,259.0,306.0,False,94.949,"[2049, 2049, 2051, 2049, 2051, 2051, 2048, 2048, 2048]","[2048, 2048, 2048, 2049, 2048, 2048, 2048, 2048, 2048, 2049, 2048]","[2048, 2048, 2048, 2048, 2048, 2048]",276.0
1281,11253,16,2,2026-03-29T05:15:38.930000+00:00,34.987,42.055,18.084,258.0,325.0,False,95.126,"[2049, 2049, 2049, 2051, 2049, 2049, 2049, 2048, 2048]","[2048, 2048, 2049, 2048, 2049, 2048, 2048, 2051, 2048, 2049, 2049]","[2049, 2049, 2049, 2049, 2048, 2048, 2048]",285.0
1281,11253,1,2,2026-03-29T05:15:39.716000+00:00,34.856,42.12,17.929,260.0,337.0,False,94.905,"[2049, 2049, 2049, 2049, 2049, 2049, 2049, 2049, 2048]","[2048, 2049, 2049, 2048, 2048, 2048, 2048, 2048, 2048, 2048, 2049]","[2049, 2049, 2048, 2048, 2048, 2048, 2048]",294.0
1281,11253,63,2,2026-03-29T05:15:40.347000+00:00,34.783,42.088,17.999,261.0,329.0,False,94.87,"[2049, 2049, 2049, 2049, 2049, 2049, 2049, 2049, 2048]","[2049, 2049, 2049, 2048, 2048, 2048, 2048, 2049, 2048, 2048, 2049]","[2048, 2049, 2049, 2048, 2049, 2049, 2049]",291.0
1281,11253,44,2,2026-03-29T05:15:40.940000+00:00,35.461,42.16,17.875,258.0,338.0,False,95.496,"[2049, 2049, 2049, 2049, 2049, 2049, 2049, 2049, 2048]","[2048, 2049, 2048, 2048, 2048, 2048, 2048, 2049, 2048, 2049, 2049]","[2049, 2049, 2049, 2048, 2049, 2049, 2049]",294.0
1281,11253,12,2,2026-03-29T05:15:41.292000+00:00,34.437,42.202,17.836,261.0,333.0,False,94.475,"[2049, 2049, 2049, 2049, 2049, 2049, 2049, 2049, 2048]","[2049, 2049, 2048, 2049, 2049, 2048, 2048, 2049, 2048, 2049, 2049]","[2048, 2049, 2051, 2049, 2048, 2048]",291.0
1281,11253,10,2,2026-03-29T05:15:42.168000+00:00,34.955,42.458,18.023,260.0,327.0,False,95.436,"[2049, 2049, 2049, 2049, 2049, 2049, 2049, 2049, 2048]","[2049, 2049, 2049, 2048, 2048, 2048, 2048, 2049, 2049, 2048, 2048]","[2048, 2049, 2049, 2049, 2049, 2049, 2049]",288.0
1281,11253,6,2,2026-03-29T05:15:42.803000+00:00,36.047,43.462,18.752,263.0,342.0,False,98.261,"[2049, 2049, 2049, 2049, 2049, 2049, 2049, 2049, 2048]","[2049, 2049, 2048, 2048, 2048, 2048, 2048, 2048, 2048, 2048, 2049]","[2051, 2051, 2048, 2048, 2048, 2048, 2048]",302.0
1281,11253,41,2,2026-03-29T05:15:43.271000+00:00,35.265,42.825,18.084,265.0,324.0,False,96.174,"[2049, 2049, 2049, 2049, 2049, 2049, 2049, 2049, 2048]","[2049, 2049, 2049, 2049, 2049, 2048, 2048, 2049, 2048, 2048, 2048]","[2048, 2049, 2049, 2049, 2049, 2048, 2048]",287.0
1281,11253,3,2,2026-03-29T05:15:43.745000+00:00,35.473,42.663,18.492,261.0,325.0,False,96.628,"[2049, 2049, 2049, 2049, 2049, 2049, 2049, 2049, 2049]","[2049, 2049, 2051, 2048, 2049, 2049, 2048, 2048, 2048, 2048, 2049]","[2048, 2049, 2048, 2048, 2048, 2048]",287.0
1281,11253,31,2,2026-03-29T05:15:44.527000+00:00,35.386,42.561,18.707,259.0,338.0,False,96.654,"[2049, 2049, 2049, 2049, 2049, 2049, 2049, 2049, 2049]","[2049, 2049, 2049, 2048, 2051, 2048, 2049, 2049, 2048, 2051, 2051]","[2048, 2049, 2048, 2048, 2048, 2048, 2048]",282.0
1281,11253,30,2,2026-03-29T05:15:44.973000+00:00,35.662,43.287,18.08,263.0,331.0,False,97.029,"[2049, 2049, 2049, 2049, 2049, 2049, 2049, 2049, 2048]","[2049, 2049, 2049, 2049, 2049, 2048, 2048, 2048, 2048, 2049, 2049]","[2048, 2049, 2049, 2049, 2049, 2049, 2049]",289.0
1281,11253,5,2,2026-03-29T05:15:45.531000+00:00,35.531,42.947,18.68,262.0,302.0,False,97.158,"[2049, 2049, 2049, 2049, 2049, 2049, 2049, 2049, 2048]","[2049, 2049, 2049, 2049, 2049, 2051, 2049, 2049, 2049, 2048, 2048]","[2048, 2048, 2049, 2049, 2048, 2048, 2048]",280.0
1281,11253,43,2,2026-03-29T05:15:45.623000+00:00,35.765,43.056,18.397,264.0,331.0,False,97.218,"[2051, 2049, 2049, 2049, 2049, 2049, 2049, 2049, 2049]","[2049, 2049, 2049, 2049, 2048, 2048, 2048, 2049, 2049, 2048, 2048]","[2048, 2049, 2048, 2049, 2048, 2048, 2048]",301.0
1281,11253,55,2,2026-03-29T05:15:46.503000+00:00,36.606,43.083,18.109,263.0,329.0,False,97.798,"[2049, 2049, 2049, 2049, 2049, 2049, 2049, 2049, 2048]","[2049, 2049, 2049, 2049, 2049, 2048, 2048, 2049, 2049, 2049, 2048]","[2048, 2048, 2049, 2049, 2049, 2049, 2049]",293.0
1281,11253,87,2,2026-03-29T05:15:46.975000+00:00,35.357,42.813,18.232,253.0,341.0,False,96.402,"[2049, 2051, 2049, 2049, 2049, 2049, 2049, 2049, 2048]","[2049, 2049, 2049, 2049, 2048, 2048, 2049, 2049, 2049, 2049, 2049]","[2049, 2049, 2048, 2049, 2048, 2048]",296.0
1281,11253,23,2,2026-03-29T05:15:47.765000+00:00,36.274,42.995,18.149,259.0,326.0,False,97.418,"[2049, 2049, 2049, 2049, 2049, 2049, 2049, 2049, 2049]","[2049, 2049, 2049, 2049, 2048, 2048, 2049, 2049, 2049, 2049, 2048]","[2049, 2049, 2049, 2049, 2049, 2049, 2049]",291.0
1281,11253,11,2,2026-03-29T05:15:48.273000+00:00,36.405,43.1,18.442,255.0,337.0,False,97.947,"[2049, 2049, 2049, 2049, 2049, 2049, 2049, 2049, 2048]","[2049, 2049, 2049, 2049, 2049, 2048, 2048, 2049, 2049, 2049, 2049]","[2049, 2049, 2048, 2049, 2048, 2048, 2048]",293.0
1281,11253,27,2,2026-03-29T05:15:48.641000+00:00,36.377,43.395,18.247,265.0,314.0,False,98.019,"[2049, 2049, 2049, 2049, 2049, 2049, 2049, 2049, 2048]","[2049, 2049, 2049, 2049, 2048, 2048, 2048, 2049, 2049, 2048, 2048]","[2048, 2049, 2049, 2049, 2049, 2049, 2049]",290.0
1281,11253,14,2,2026-03-29T05:15:49.601000+00:00,36.281,43.758,18.55,245.0,316.0,False,98.589,"[2049, 2049, 2049, 2049, 2049, 2049, 2049, 2049, 2049]","[2049, 2049, 2049, 2049, 2049, 2049, 2049, 2049, 2049, 2049, 2048]","[2049, 2049, 2049, 2048, 2048, 2048, 2048]",279.0
1281,11253,77,2,2026-03-29T05:15:50.168000+00:00,36.952,43.767,18.639,252.0,329.0,False,99.358,"[2049, 2049, 2049, 2049, 2049, 2049, 2049, 2049, 2049]","[2049, 2049, 2049, 2049, 2048, 2048, 2048, 2049, 2049, 2049, 2049]","[2048, 2048, 2049, 2048, 2048, 2048, 2048]",283.0
1281,11253,18,2,2026-03-29T05:15:50.771000+00:00,35.693,44.13,18.546,251.0,314.0,False,98.369,"[2049, 2049, 2049, 2049, 2049, 2049, 2049, 2049, 2049]","[2049, 2049, 2049, 2049, 2049, 2049, 2048, 2049, 2049, 2048, 2048]","[2049, 2049, 2049, 2048, 2048, 2048, 2048]",279.0
1281,11253,81,3,2026-03-29T05:17:12.750000+00:00,34.51,42.299,18.19,261.0,307.0,False,94.999,"[2048, 2048, 2048, 2048, 2048, 2048, 2048, 2048, 2048]","[2048, 2048, 2048, 2048, 2048, 2048, 2048, 2049, 2048, 2048, 2048]","[2048, 2048, 2051, 2048, 2048, 2048, 2048]",277.0
1281,11253,16,3,2026-03-29T05:17:14.047000+00:00,35.159,41.807,18.139,260.0,319.0,False,95.105,"[2048, 2048, 2048, 2051, 2048, 2048, 2048, 2048, 2048]","[2048, 2048, 2048, 2049, 2048, 2048, 2048, 2049, 2049, 2048, 2048]","[2048, 2048, 2049, 2048, 2048, 2048, 2048]",282.0
1281,11253,1,3,2026-03-29T05:17:14.662000+00:00,36.026,42.108,18.167,261.0,323.0,False,96.301,"[2048, 2048, 2048, 2048, 2048, 2048, 2048, 2048, 2048]","[2049, 2048, 2048, 2048, 2048, 2048, 2048, 2048, 2048, 2049, 2048]","[2048, 2048, 2048, 2049, 2049, 2048, 2049]",286.0
1281,11253,63,3,2026-03-29T05:17:15.111000+00:00,34.607,41.961,17.901,262.0,323.0,False,94.469,"[None, 2049, 2049, 2048, 2049, 2049, 2048, 2049, 2048]","[2049, 2048, 2048, 2048, 2048, 2048, 2048, 2051, 2051, 2048, 2048]","[2048, 2048, 2049, 2048, 2049, 2049, 2049]",287.0
1281,11253,12,3,2026-03-29T05:17:15.625000+00:00,35.282,42.109,18.145,262.0,335.0,False,95.536,"[2048, 2049, 2048, 2048, 2048, 2048, 2048, 2048, 2048]","[2048, 2048, 2049, 2049, 2048, 2048, 2048, 2048, 2049, 2049, 2049]","[2048, 2048, 2048, 2048, 2048, 2049, 2049]",294.0
1281,11253,44,3,2026-03-29T05:17:16.355000+00:00,35.125,42.265,18.004,263.0,339.0,False,95.394,"[None, 2049, 2049, 2049, 2049, 2049, 2048, 2048, 2049]","[2048, 2048, 2048, 2048, 2048, 2048, 2048, 2049, 2048, 2048, 2049]","[2049, 2049, 2048, 2048, 2048, 2049, 2049]",296.0
1281,11253,10,3,2026-03-29T05:17:17.587000+00:00,35.072,42.628,18.109,258.0,321.0,False,95.809,"[2048, 2048, 2049, 2049, 2049, 2049, 2048, 2048, 2048]","[2049, 2048, 2048, 2048, 2048, 2048, 2048, 2048, 2048, 2048, 2048]","[2048, 2048, 2048, 2048, 2048, 2049, 2049]",285.0
1281,11253,41,3,2026-03-29T05:17:19.312000+00:00,35.347,42.792,18.094,263.0,319.0,False,96.233,"[2048, 2048, 2048, 2049, 2049, 2049, 2049, 2048, 2048]","[2049, 2048, 2048, 2049, 2049, 2048, 2048, 2049, 2049, 2048, 2048]","[2048, 2049, 2049, 2048, 2048, 2049, 2048]",285.0
1281,11253,3,3,2026-03-29T05:17:20.284000+00:00,35.305,42.498,18.051,262.0,322.0,False,95.854,"[2048, 2048, 2049, 2049, 2049, 2049, 2049, 2049, 2049]","[2049, 2049, 2048, 2049, 2048, 2048, 2048, 2049, 2049, 2048, 2048]","[2048, 2049, 2049, 2048, 2048, 2049, 2049]",286.0
1281,11253,6,3,2026-03-29T05:17:21.107000+00:00,36.171,42.961,18.061,261.0,323.0,False,97.193,"[2048, 2049, 2049, 2048, 2048, 2049, 2049, 2048, 2048]","[2049, 2048, 2048, 2049, 2048, 2048, 2048, 2049, 2049, 2049, 2048]","[2048, 2048, 2049, 2049, 2049, 2049, 2049]",287.0
1281,11253,31,3,2026-03-29T05:17:21.233000+00:00,35.745,42.33,18.019,255.0,334.0,False,96.094,"[2048, 2048, 2048, 2048, 2048, 2049, 2049, 2048, 2048]","[2049, 2049, 2049, 2049, 2048, 2048, 2048, 2049, 2049, 2048, 2048]","[2049, 2049, 2049, 2048, 2048, 2048, 2048]",293.0
1281,11253,30,3,2026-03-29T05:17:22.081000+00:00,35.782,43.152,18.096,266.0,329.0,False,97.03,"[None, 2049, 2048, 2048, 2048, 2048, 2048, 2049, 2048]","[2048, 2048, 2048, 2048, 2049, 2048, 2048, 2049, 2049, 2048, 2048]","[2048, 2049, 2049, 2048, 2048, 2048, 2048]",292.0
1281,11253,5,3,2026-03-29T05:17:22.682000+00:00,36.703,43.978,18.243,,319.0,False,98.924,"[2048, 2048, 2048, 2049, 2048, 2048, 2048, 2048, 2048]","[2048, 2048, 2048, 2048, 2048, 2048, 2048, 2049, 2048, 2048, 2048]","[2048, 2049, 2049, 2048, 2048, 2048, 2048]",291.0
1281,11253,43,3,2026-03-29T05:17:22.882000+00:00,35.945,42.899,18.36,,328.0,False,97.204,"[2048, 2048, 2049, 2049, 2049, 2049, 2048, 2048, 2048]","[2049, 2049, 2048, 2049, 2048, 2048, 2048, 2049, 2049, 2048, 2048]","[2048, 2049, 2049, 2048, 2048, 2048, 2048]",291.0
1281,11253,87,3,2026-03-29T05:17:23.205000+00:00,35.971,43.452,18.197,284.0,320.0,False,97.62,"[2048, 2048, 2048, 2048, 2049, 2048, 2048, 2048, 2049]","[2048, 2048, 2048, 2049, 2048, 2048, 2048, 2049, 2048, 2048, 2048]","[2048, 2049, 2048, 2049, 2049, 2049]",284.0
1281,11253,55,3,2026-03-29T05:17:24.161000+00:00,36.168,43.519,18.194,262.0,331.0,False,97.881,"[None, 2049, 2049, 2049, 2049, 2049, 2048, 2048, 2048]","[2049, 2049, 2048, 2048, 2048, 2048, 2048, 2048, 2048, 2048, 2048]","[2048, 2048, 2048, 2049, 2048, 2048, 2049]",296.0
1281,11253,23,3,2026-03-29T05:17:25.101000+00:00,35.871,43.24,18.353,,335.0,False,97.464,"[None, 2049, 2049, 2049, 2049, 2049, 2048, 2048, 2048]","[2048, 2048, 2048, 2048, 2048, 2048, 2049, 2048, 2048, 2049, 2049]","[2049, 2049, 2048, 2048, 2048, 2048, 2048]",304.0
1281,11253,11,3,2026-03-29T05:17:26.275000+00:00,36.754,43.188,18.35,256.0,336.0,False,98.292,"[2048, 2048, 2048, 2049, 2049, 2049, 2049, 2049, 2048]","[2049, 2048, 2048, 2049, 2048, 2048, 2048, 2048, 2048, 2048, 2048]","[2049, 2048, 2049, 2048, 2048, 2048, 2048]",294.0
1281,11253,27,3,2026-03-29T05:17:26.664000+00:00,35.342,43.085,18.103,263.0,322.0,False,96.53,"[None, 2049, 2049, 2049, 2049, 2048, 2049, 2049, 2048]","[2049, 2049, 2049, 2049, 2048, 2048, 2048, 2048, 2048, 2048, 2048]","[2049, 2049, 2049, 2048, 2048, 2049, 2048]",290.0
1281,11253,14,3,2026-03-29T05:17:28.150000+00:00,36.233,43.723,18.545,248.0,312.0,False,98.501,"[2048, 2048, 2049, 2049, 2049, 2049, 2049, 2049, 2049]","[2049, 2048, 2049, 2049, 2049, 2048, 2048, 2049, 2048, 2048, 2048]","[2048, 2048, 2049, 2048, 2049, 2049, 2048]",277.0
1281,11253,18,3,2026-03-29T05:17:29.107000+00:00,36.126,43.543,18.56,,317.0,False,98.229,"[2048, 2048, 2048, 2048, 2048, 2049, 2049, 2049, 2049]","[2049, 2049, 2048, 2049, 2048, 2049, 2049, 2049, 2048, 2048, 2048]","[2049, 2049, 2048, 2048, 2048, 2048, 2048]",281.0
1281,11253,77,3,2026-03-29T05:17:29.650000+00:00,36.764,43.112,18.435,,335.0,False,98.311,"[2048, 2048, 2049, 2049, 2049, 2049, 2048, 2049, 2048]","[2049, 2049, 2049, 2049, 2049, 2048, 2049, 2049, 2049, 2048, 2049]","[2049, 2049, 2048, 2048, 2048, 2048, 2048]",291.0
1281,11253,81,4,2026-03-29T05:18:47.789000+00:00,34.595,42.378,18.163,256.0,306.0,False,95.136,"[None, 2048, 2048, 2048, 2051, 2048, 2048, 2048, 2048]","[2048, 2048, 2048, 2048, 2048, 2048, 2048, 2049, 2048, 2048, 2048]","[2048, 2048, 2051, 2048, 2048, 2048, 2048]",276.0
1281,11253,16,4,2026-03-29T05:18:49.142000+00:00,35.751,42.366,18.314,258.0,317.0,False,96.431,"[None, 2048, 2048, 2048, 2048, 2048, 2048, 2048, 2048]","[2049, 2048, 2048, 2048, 2048, 2048, 2048, 2048, 2048, 2048, 2048]","[2048, 2048, 2048, 2048, 2048, 2049, 2049]",283.0
1281,11253,63,4,2026-03-29T05:18:49.638000+00:00,34.436,42.195,18.141,266.0,314.0,False,94.772,"[2048, 2048, 2049, 2049, 2049, 2049, 2048, 2049, 2048]","[2051, 2048, 2048, 2048, 2048, 2048, 2048, 2048, 2048, 2048, 2048]","[2048, 2048, 2048, 2048, 2048, 2048, 2048]",279.0
1281,11253,1,4,2026-03-29T05:18:50.969000+00:00,35.147,42.19,18.114,255.0,319.0,False,95.451,"[None, 2048, 2049, 2048, 2048, 2049, 2048, 2048, 2048]","[2048, 2048, 2048, 2048, 2048, 2048, 2048, 2049, 2048, 2048, 2048]","[2048, 2048, 2048, 2048, 2048, 2048, 2049]",284.0
1281,11253,12,4,2026-03-29T05:18:51.404000+00:00,34.978,42.457,18.088,269.0,329.0,False,95.523,"[None, 2049, 2048, 2048, 2049, 2048, 2048, 2048, 2048]","[2048, 2048, 2048, 2048, 2049, 2048, 2048, 2049, 2048, 2048, 2048]","[2048, 2048, 2048, 2048, 2048, 2048, 2048]",289.0
1281,11253,44,4,2026-03-29T05:18:51.750000+00:00,35.248,42.422,18.135,260.0,317.0,False,95.805,"[None, 2049, 2049, 2048, 2049, 2049, 2048, 2048, 2048]","[2049, 2048, 2048, 2048, 2048, 2048, 2048, 2049, 2048, 2048, 2048]","[2048, 2048, 2049, 2048, 2048, 2049, 2049]",285.0
1281,11253,10,4,2026-03-29T05:18:53.364000+00:00,35.07,42.607,18.222,260.0,320.0,False,95.899,"[None, 2048, 2051, 2048, 2049, 2049, 2048, 2048, 2048]","[2049, 2048, 2048, 2048, 2048, 2048, 2048, 2048, 2048, 2048, 2048]","[2048, 2048, 2048, 2048, 2048, 2048, 2048]",284.0
1281,11253,41,4,2026-03-29T05:18:55.646000+00:00,35.296,42.736,18.007,,323.0,False,96.039,"[None, 2048, 2049, 2049, 2049, 2049, 2048, 2048, 2048]","[2049, 2048, 2048, 2048, 2048, 2048, 2048, 2049, 2048, 2048, 2048]","[2048, 2049, 2049, 2048, 2048, 2048, 2048]",286.0
1281,11253,3,4,2026-03-29T05:18:56.194000+00:00,35.056,42.81,18.001,268.0,325.0,False,95.867,"[2049, 2049, 2049, 2048, 2048, 2048, 2048, 2048, 2049]","[2048, 2048, 2048, 2048, 2048, 2048, 2048, 2048, 2048, 2048, 2048]","[2048, 2048, 2049, 2048, 2048, 2048, 2049]",287.0
1281,11253,31,4,2026-03-29T05:18:57.102000+00:00,35.434,42.395,18.127,256.0,332.0,False,95.956,"[None, 2048, 2049, 2049, 2049, 2049, 2048, 2048, 2048]","[2049, 2049, 2049, 2048, 2048, 2048, 2048, 2048, 2048, 2048, 2048]","[2048, 2048, 2048, 2048, 2048, 2048, 2048]",292.0
1281,11253,6,4,2026-03-29T05:18:58.220000+00:00,35.16,42.698,18.159,263.0,326.0,False,96.017,"[2049, 2049, 2049, 2049, 2049, 2049, 2049, 2049, 2048]","[2049, 2048, 2048, 2049, 2048, 2048, 2048, 2049, 2049, 2049, 2048]","[2048, 2048, 2048, 2048, 2048, 2048, 2048]",289.0
1281,11253,30,4,2026-03-29T05:18:59.378000+00:00,35.415,42.828,18.279,,328.0,False,96.522,"[2048, 2048, 2049, 2049, 2048, 2049, 2049, 2048, 2048]","[2049, 2048, 2048, 2049, 2048, 2048, 2048, 2049, 2048, 2048, 2048]","[2048, 2048, 2048, 2048, 2048, 2048, 2048]",290.0
1281,11253,43,4,2026-03-29T05:19:00.056000+00:00,35.661,42.701,18.187,258.0,326.0,False,96.549,"[None, 2048, 2049, 2048, 2049, 2049, 2048, 2048, 2048]","[2049, 2049, 2049, 2049, 2048, 2048, 2048, 2049, 2048, 2048, 2048]","[2048, 2048, 2049, 2048, 2048, 2048, 2048]",289.0
1281,11253,87,4,2026-03-29T05:19:00.776000+00:00,35.617,42.79,18.256,255.0,321.0,False,96.663,"[None, 2048, 2049, 2049, 2049, 2048, 2048, 2048, 2048]","[2049, 2049, 2048, 2049, 2048, 2048, 2048, 2049, 2048, 2048, 2048]","[2048, 2048, 2048, 2048, 2048, 2048, 2048]",285.0
1281,11253,5,4,2026-03-29T05:19:01.591000+00:00,35.653,43.147,18.214,,316.0,False,97.014,"[None, 2048, 2049, 2049, 2049, 2048, 2048, 2049, 2048]","[2049, 2048, 2049, 2048, 2048, 2048, 2048, 2049, 2048, 2048, 2048]","[2048, 2048, 2049, 2048, 2048, 2048, 2048]",286.0
1281,11253,55,4,2026-03-29T05:19:02.167000+00:00,36.109,42.996,18.285,261.0,326.0,False,97.39,"[2048, 2049, 2048, 2049, 2048, 2049, 2048, 2048, 2048]","[2049, 2049, 2049, 2049, 2048, 2048, 2048, 2048, 2048, 2049, 2048]","[2048, 2048, 2048, 2048, 2048, 2048, 2048]",291.0
1281,11253,23,4,2026-03-29T05:19:02.573000+00:00,36.825,43.011,18.24,260.0,325.0,False,98.076,"[2048, 2048, 2048, 2048, 2048, 2049, 2048, 2048, 2049]","[2049, 2049, 2049, 2048, 2048, 2048, 2048, 2049, 2049, 2048, 2048]","[2048, 2048, 2048, 2048, 2049, 2049, 2049]",292.0
1281,11253,27,4,2026-03-29T05:19:03.163000+00:00,35.458,42.956,18.218,260.0,329.0,False,96.632,"[2048, 2049, 2049, 2049, 2048, 2049, 2048, 2048, 2048]","[2048, 2048, 2049, 2048, 2048, 2048, 2048, 2049, 2048, 2048, 2048]","[2049, 2048, 2048, 2049, 2048, 2048, 2049]",296.0
1281,11253,11,4,2026-03-29T05:19:04.536000+00:00,36.36,42.981,18.593,254.0,322.0,False,97.934,"[None, 2048, 2049, 2049, 2049, 2049, 2048, 2048, 2048]","[2049, 2049, 2049, 2048, 2048, 2048, 2048, 2049, 2049, 2048, 2048]","[2048, 2048, 2048, 2049, 2049, 2048, 2048]",286.0
1281,11253,14,4,2026-03-29T05:19:06.628000+00:00,36.319,43.615,18.583,249.0,312.0,False,98.517,"[None, 2048, 2048, 2049, 2048, 2049, 2048, 2048, 2049]","[2049, 2049, 2049, 2048, 2048, 2048, 2048, 2049, 2049, 2048, 2048]","[2048, 2048, 2048, 2048, 2049, 2048, 2048]",275.0
1281,11253,18,4,2026-03-29T05:19:07.285000+00:00,36.248,43.686,18.653,252.0,313.0,False,98.587,"[None, 2048, 2048, 2049, 2048, 2049, 2048, 2048, 2049]","[2048, 2049, 2049, 2048, 2048, 2048, 2048, 2049, 2048, 2048, 2048]","[2048, 2048, 2048, 2048, 2048, 2048, 2048]",279.0
1281,11253,77,4,2026-03-29T05:19:08.026000+00:00,36.706,43.152,18.626,,336.0,False,98.484,"[None, 2048, 2048, 2048, 2048, 2049, 2048, 2049, 2049]","[2049, 2049, 2048, 2048, 2048, 2048, 2049, 2048, 2048, 2048, 2049]","[2048, 2048, 2048, 2048, 2048, 2048, 2048]",289.0
1281,11253,81,5,2026-03-29T05:20:22.847000+00:00,34.698,42.189,18.237,260.0,307.0,False,95.124,"[None, 2048, 2049, 2048, 2048, 2048, 2048, 2048, 2048]","[2048, 2049, 2048, 2048, 2048, 2048, 2048, 2048, 2048, 2048, 2048]","[2048, 2048, 2048, 2048, 2048, 2048, 2048]",277.0
1281,11253,63,5,2026-03-29T05:20:24.400000+00:00,34.451,42.108,18.151,258.0,312.0,False,94.71,"[None, 2048, 2048, 2049, 2049, 2049, 2048, 2048, 2048]","[2048, 2049, 2049, 2048, 2048, 2048, 2048, 2048, 2048, 2048, 2048]","[2048, 2048, 2048, 2048, 2048, 2048, 2048]",280.0
1281,11253,16,5,2026-03-29T05:20:25.607000+00:00,34.819,42.188,18.202,257.0,319.0,False,95.209,"[2049, 2049, 2049, 2048, 2048, 2048, 2048, 2048, 2048]","[2048, 2048, 2049, 2048, 2048, 2048, 2048, 2048, 2048, 2048, 2048]","[2048, 2048, 2048, 2048, 2048, 2049, 2048]",284.0
1281,11253,1,5,2026-03-29T05:20:26.535000+00:00,34.925,42.206,18.039,258.0,322.0,False,95.17,"[None, 2048, 2048, 2048, 2048, 2049, 2048, 2049, 2048]","[2049, 2048, 2048, 2048, 2048, 2048, 2048, 2049, 2048, 2048, 2048]","[2048, 2049, 2048, 2048, 2048, 2049, 2048]",286.0
1281,11253,12,5,2026-03-29T05:20:26.878000+00:00,34.818,42.395,18.027,271.0,326.0,False,95.24,"[2049, 2048, 2048, 2048, 2048, 2049, 2048, 2048, 2048]","[2049, 2048, 2049, 2048, 2048, 2048, 2048, 2048, 2048, 2048, 2048]","[2048, 2048, 2048, 2048, 2049, 2049, 2049]",290.0
1281,11253,44,5,2026-03-29T05:20:27.626000+00:00,35.025,42.365,18.063,253.0,325.0,False,95.453,"[None, 2049, 2049, 2048, 2048, 2048, 2048, 2048, 2048]","[2049, 2048, 2048, 2048, 2048, 2048, 2048, 2048, 2049, 2048, 2048]","[2048, 2048, 2048, 2048, 2048, 2049, 2048]",288.0
1281,11253,10,5,2026-03-29T05:20:29.284000+00:00,35.026,42.698,18.148,,316.0,False,95.872,"[None, 2048, 2048, 2048, 2049, 2048, 2048, 2048, 2048]","[2048, 2048, 2049, 2048, 2048, 2048, 2048, 2048, 2048, 2048, 2048]","[2048, 2048, 2048, 2049, 2048, 2048, 2048]",283.0
1281,11253,41,5,2026-03-29T05:20:31.711000+00:00,35.528,43.293,19.232,264.0,316.0,False,98.053,"[None, 2048, 2048, 2048, 2048, 2048, 2048, 2048, 2048]","[2049, 2048, 2048, 2048, 2051, 2048, 2049, 2048, 2048, 2048, 2048]","[2048, 2048, 2048, 2048, 2048, 2048, 2048]",277.0
1281,11253,3,5,2026-03-29T05:20:32.092000+00:00,35.458,42.643,18.821,261.0,293.0,False,96.922,"[None, 2049, 2048, 2048, 2048, 2048, 2048, 2048, 2048]","[2048, 2049, 2051, 2048, 2048, 2048, 2049, 2048, 2048, 2048, 2048]","[2048, 2048, 2048, 2049, 2048, 2048, 2048]",272.0
1281,11253,31,5,2026-03-29T05:20:33.160000+00:00,35.492,42.449,18.805,257.0,333.0,False,96.746,"[None, 2048, 2049, 2048, 2048, 2048, 2048, 2048, 2048]","[2049, 2048, 2048, 2048, 2048, 2048, 2048, 2048, 2049, 2048, 2048]","[2048, 2048, 2048, 2048, 2048, 2048, 2048]",284.0
1281,11253,6,5,2026-03-29T05:20:34.238000+00:00,35.105,42.92,18.338,264.0,324.0,False,96.363,"[2048, 2048, 2049, 2048, 2049, 2048, 2049, 2049, 2048]","[2048, 2048, 2048, 2048, 2048, 2048, 2048, 2049, 2048, 2048, 2048]","[2048, 2048, 2048, 2048, 2048, 2048, 2049]",288.0
1281,11253,30,5,2026-03-29T05:20:35.887000+00:00,35.306,42.817,18.257,263.0,323.0,False,96.38,"[None, 2048, 2049, 2049, 2049, 2049, 2049, 2048, 2048]","[2049, 2048, 2048, 2048, 2048, 2048, 2048, 2049, 2048, 2048, 2048]","[2048, 2048, 2048, 2048, 2048, 2048, 2048]",289.0
1281,11253,43,5,2026-03-29T05:20:36.601000+00:00,35.489,42.743,18.336,,321.0,False,96.568,"[None, 2048, 2048, 2049, 2049, 2049, 2048, 2048, 2048]","[2048, 2049, 2048, 2049, 2048, 2048, 2048, 2048, 2049, 2048, 2048]","[2048, 2048, 2048, 2048, 2048, 2048, 2048]",288.0
1281,11253,87,5,2026-03-29T05:20:37.626000+00:00,35.611,42.83,18.406,252.0,316.0,False,96.847,"[None, 2048, 2048, 2048, 2049, 2048, 2048, 2049, 2048]","[2049, 2049, 2048, 2048, 2048, 2048, 2048, 2049, 2048, 2048, 2048]","[2048, 2048, 2048, 2048, 2048, 2048, 2048]",283.0
1281,11253,5,5,2026-03-29T05:20:38.548000+00:00,35.349,42.992,18.272,263.0,320.0,False,96.613,"[None, 2048, 2049, 2049, 2049, 2049, 2049, 2048, 2048]","[2049, 2048, 2048, 2048, 2048, 2048, 2048, 2049, 2048, 2048, 2048]","[2048, 2048, 2048, 2048, 2048, 2048, 2048]",288.0
1281,11253,55,5,2026-03-29T05:20:39.489000+00:00,35.749,42.798,18.173,265.0,328.0,False,96.72,"[2049, 2048, 2049, 2049, 2049, 2048, 2048, 2048, 2048]","[2049, 2049, 2048, 2048, 2048, 2048, 2048, 2049, 2048, 2048, 2048]","[2048, 2048, 2048, 2048, 2049, 2048, 2048]",292.0
1281,11253,27,5,2026-03-29T05:20:39.764000+00:00,35.878,42.815,18.165,265.0,324.0,False,96.858,"[2049, 2048, 2048, 2048, 2048, 2048, 2048, 2048, 2048]","[2049, 2049, 2048, 2049, 2048, 2048, 2048, 2049, 2048, 2049, 2048]","[2048, 2048, 2048, 2048, 2048, 2048, 2048]",294.0
1281,11253,23,5,2026-03-29T05:20:40.687000+00:00,35.721,42.832,18.243,263.0,327.0,False,96.796,"[2049, 2049, 2048, 2048, 2048, 2048, 2048, 2049, 2049]","[2049, 2049, 2049, 2048, 2049, 2048, 2048, 2048, 2048, 2048, 2048]","[2048, 2049, 2048, 2048, 2048, 2048, 2048]",296.0
1281,11253,11,5,2026-03-29T05:20:42.432000+00:00,36.101,42.969,18.535,256.0,318.0,False,97.605,"[None, 2048, 2049, 2048, 2049, 2048, 2049, 2048, 2048]","[2049, 2049, 2049, 2048, 2048, 2048, 2048, 2049, 2048, 2048, 2048]","[2048, 2048, 2049, 2048, 2048, 2049, 2048]",284.0
1281,11253,14,5,2026-03-29T05:20:45.163000+00:00,36.303,43.517,18.708,,309.0,False,98.528,"[None, 2048, 2048, 2048, 2049, 2048, 2048, 2049, 2049]","[2049, 2049, 2048, 2049, 2048, 2048, 2048, 2049, 2048, 2048, 2048]","[2048, 2048, 2048, 2048, 2048, 2048, 2048]",274.0
1281,11253,18,5,2026-03-29T05:20:45.984000+00:00,36.258,43.604,18.564,,311.0,False,98.426,"[None, 2048, 2048, 2049, 2048, 2048, 2048, 2048, 2049]","[2049, 2048, 2048, 2048, 2048, 2048, 2048, 2049, 2048, 2048, 2048]","[2048, 2049, 2048, 2048, 2048, 2048, 2048]",278.0
1281,11253,77,5,2026-03-29T05:20:46.449000+00:00,36.69,43.311,18.494,254.0,332.0,False,98.495,"[None, 2048, 2048, 2048, 2048, 2048, 2048, 2048, 2049]","[2048, 2048, 2048, 2048, 2048, 2048, 2048, 2049, 2048, 2048, 2048]","[2048, 2049, 2048, 2048, 2048, 2048, 2049]",293.0
1281,11253,81,6,2026-03-29T05:21:58.085000+00:00,34.75,42.041,18.318,,307.0,False,95.109,"[2049, 2049, 2049, 2048, 2048, 2048, 2048, 2048, 2048]","[2048, 2051, 2049, 2048, 2048, 2048, 2048, 2049, 2048, 2048, 2048]","[2048, 2048, 2048, 2048, 2048, 2048, 2048]",277.0
1281,11253,63,6,2026-03-29T05:21:59.165000+00:00,34.456,42.072,18.268,263.0,315.0,False,94.796,"[None, 2048, 2049, 2048, 2048, 2048, 2048, 2048, 2048]","[2051, 2048, 2048, 2048, 2048, 2048, 2048, 2048, 2048, 2048, 2048]","[2048, 2048, 2048, 2048, 2048, 2048, 2048]",283.0
1281,11253,16,6,2026-03-29T05:22:00.753000+00:00,34.924,42.114,18.249,258.0,315.0,False,95.287,"[2048, 2048, 2049, 2048, 2048, 2048, 2048, 2048, 2048]","[2048, 2048, 2048, 2048, 2048, 2048, 2048, 2049, 2048, 2048, 2048]","[2048, 2048, 2048, 2048, 2048, 2049, 2049]",282.0
1281,11253,1,6,2026-03-29T05:22:01.528000+00:00,34.901,42.063,18.087,260.0,325.0,False,95.051,"[None, 2048, 2048, 2048, 2048, 2049, 2048, 2048, 2048]","[2049, 2048, 2048, 2048, 2048, 2048, 2048, 2049, 2048, 2048, 2048]","[2048, 2048, 2048, 2048, 2048, 2048, 2049]",288.0
1281,11253,12,6,2026-03-29T05:22:02.092000+00:00,34.771,42.134,18.057,268.0,329.0,False,94.962,"[2048, 2049, 2048, 2048, 2048, 2049, 2048, 2048, 2048]","[2049, 2048, 2048, 2048, 2048, 2048, 2048, 2048, 2048, 2048, 2048]","[2048, 2048, 2048, 2048, 2048, 2048, 2049]",293.0
1281,11253,44,6,2026-03-29T05:22:02.986000+00:00,34.663,42.37,18.139,262.0,322.0,False,95.172,"[None, 2049, 2051, 2048, 2049, 2048, 2048, 2048, 2048]","[2049, 2049, 2048, 2048, 2048, 2048, 2048, 2048, 2049, 2048, 2048]","[2048, 2048, 2048, 2048, 2048, 2048, 2048]",286.0
1281,11253,10,6,2026-03-29T05:22:05.215000+00:00,35.201,42.653,18.289,,317.0,False,96.143,"[None, 2048, 2049, 2048, 2048, 2048, 2048, 2048, 2048]","[2049, 2049, 2049, 2048, 2048, 2048, 2048, 2049, 2048, 2048, 2048]","[2048, 2048, 2048, 2048, 2048, 2048, 2048]",283.0
1281,11253,3,6,2026-03-29T05:22:08.986000+00:00,35.563,42.653,18.335,258.0,313.0,False,96.551,"[2048, 2048, 2048, 2048, 2048, 2048, 2049, 2049, 2048]","[2049, 2049, 2048, 2049, 2048, 2048, 2048, 2049, 2048, 2048, 2048]","[2048, 2048, 2048, 2048, 2048, 2048, 2048]",278.0
1281,11253,41,6,2026-03-29T05:22:09.656000+00:00,36.77,42.663,18.056,267.0,329.0,False,97.489,"[None, 2048, 2048, 2048, 2048, 2048, 2048, 2048, 2048]","[2048, 2048, 2049, 2048, 2048, 2048, 2048, 2048, 2048, 2048, 2048]","[2048, 2048, 2048, 2048, 2048, 2048, 2048]",291.0
1281,11253,31,6,2026-03-29T05:22:09.923000+00:00,35.711,42.569,18.27,258.0,325.0,False,96.55,"[None, 2048, 2048, 2048, 2048, 2048, 2048, 2048, 2048]","[2048, 2048, 2048, 2048, 2048, 2048, 2048, 2049, 2048, 2048, 2048]","[2048, 2048, 2048, 2048, 2048, 2048, 2048]",288.0
1281,11253,6,6,2026-03-29T05:22:10.699000+00:00,36.216,42.765,18.124,,332.0,False,97.105,"[2049, 2049, 2048, 2048, 2048, 2048, 2048, 2048, 2048]","[2048, 2048, 2048, 2048, 2048, 2048, 2048, 2048, 2048, 2049, 2048]","[2048, 2048, 2048, 2048, 2048, 2048, 2049]",294.0
1281,11253,30,6,2026-03-29T05:22:11.962000+00:00,35.93,43.046,18.23,262.0,323.0,False,97.206,"[None, 2048, 2049, 2048, 2048, 2048, 2048, 2048, 2048]","[2048, 2048, 2048, 2048, 2048, 2048, 2048, 2048, 2048, 2048, 2048]","[2048, 2049, 2048, 2048, 2048, 2048, 2048]",289.0
1281,11253,43,6,2026-03-29T05:22:13.169000+00:00,35.756,42.815,18.336,259.0,324.0,False,96.907,"[None, 2048, 2049, 2048, 2048, 2048, 2048, 2049, 2048]","[2048, 2048, 2048, 2049, 2048, 2048, 2048, 2049, 2048, 2048, 2048]","[2048, 2048, 2048, 2048, 2048, 2048, 2048]",290.0
1281,11253,87,6,2026-03-29T05:22:14.550000+00:00,35.624,42.887,18.403,254.0,317.0,False,96.914,"[None, 2048, 2049, 2048, 2049, 2049, 2048, 2049, 2048]","[2049, 2048, 2048, 2048, 2048, 2048, 2048, 2048, 2048, 2048, 2048]","[2048, 2048, 2048, 2048, 2048, 2049, 2048]",283.0
1281,11253,5,6,2026-03-29T05:22:15.138000+00:00,35.528,42.906,18.217,265.0,322.0,False,96.651,"[None, 2048, 2048, 2048, 2048, 2048, 2048, 2048, 2049]","[2049, 2048, 2048, 2048, 2048, 2048, 2048, 2049, 2048, 2048, 2048]","[2048, 2048, 2048, 2048, 2048, 2048, 2048]",288.0
1281,11253,55,6,2026-03-29T05:22:16.544000+00:00,35.966,43.259,18.458,256.0,319.0,False,97.683,"[None, 2049, 2048, 2048, 2049, 2049, 2048, 2048, 2048]","[2048, 2048, 2048, 2048, 2049, 2048, 2048, 2048, 2048, 2048, 2048]","[2048, 2048, 2048, 2049, 2048, 2048, 2048]",287.0
1281,11253,27,6,2026-03-29T05:22:17+00:00,35.81,43.183,18.529,260.0,326.0,False,97.522,"[2048, 2048, 2048, 2048, 2048, 2048, 2048, 2048, 2048]","[2048, 2048, 2048, 2048, 2048, 2048, 2048, 2048, 2048, 2048, 2048]","[2048, 2048, 2048, 2048, 2048, 2049, 2049]",294.0
1281,11253,23,6,2026-03-29T05:22:17.460000+00:00,35.804,43.07,18.433,265.0,328.0,False,97.307,"[2048, 2048, 2049, 2048, 2048, 2048, 2048, 2048, 2049]","[2049, 2048, 2048, 2048, 2048, 2048, 2048, 2048, 2048, 2048, 2048]","[2048, 2048, 2048, 2048, 2048, 2049, 2049]",295.0
1281,11253,11,6,2026-03-29T05:22:19.991000+00:00,35.966,43.315,18.756,257.0,314.0,False,98.037,"[None, 2048, 2049, 2049, 2048, 2049, 2048, 2048, 2048]","[2048, 2048, 2048, 2048, 2048, 2048, 2048, 2048, 2048, 2048, 2048]","[2048, 2048, 2048, 2048, 2049, 2049, 2048]",281.0
1281,11253,14,6,2026-03-29T05:22:23.693000+00:00,36.383,43.539,18.73,,306.0,False,98.652,"[None, 2048, 2048, 2048, 2048, 2048, 2048, 2049, 2049]","[2049, 2049, 2048, 2049, 2048, 2048, 2048, 2048, 2048, 2048, 2048]","[2048, 2048, 2048, 2048, 2048, 2048, 2048]",271.0
1281,11253,18,6,2026-03-29T05:22:24.397000+00:00,36.306,43.703,18.608,256.0,309.0,False,98.617,"[None, 2048, 2048, 2048, 2048, 2048, 2048, 2048, 2049]","[2048, 2049, 2048, 2048, 2048, 2048, 2048, 2048, 2048, 2048, 2048]","[2048, 2048, 2048, 2048, 2048, 2048, 2048]",277.0
1281,11253,77,6,2026-03-29T05:22:25.025000+00:00,36.574,43.362,18.691,,331.0,False,98.627,"[None, 2048, 2049, 2048, 2048, 2048, 2048, 2048, 2048]","[2049, 2048, 2048, 2048, 2048, 2048, 2048, 2048, 2048, 2048, 2048]","[2048, 2048, 2048, 2048, 2048, 2048, 2049]",295.0
1281,11253,81,7,2026-03-29T05:23:33.147000+00:00,34.677,42.099,18.302,258.0,306.0,False,95.078,"[None, 2049, 2048, 2048, 2048, 2048, 2048, 2048, 2048]","[2048, 2048, 2048, 2048, 2048, 2048, 2048, 2049, 2048, 2049, 2048]","[2048, 2048, 2048, 2048, 2048, 2048, 2049]",277.0
1281,11253,63,7,2026-03-29T05:23:34.022000+00:00,34.482,42.048,18.211,268.0,321.0,False,94.741,"[None, 2048, 2048, 2048, 2048, 2048, 2048, 2048, 2048]","[2048, 2048, 2049, 2048, 2048, 2048, 2048, 2048, 2048, 2048, 2048]","[2048, 2048, 2048, 2048, 2048, 2048, 2048]",287.0
1281,11253,16,7,2026-03-29T05:23:36.050000+00:00,34.58,42.098,18.277,253.0,311.0,False,94.955,"[2049, 2049, 2051, 2048, 2048, 2048, 2048, 2048, 2048]","[2049, 2048, 2048, 2048, 2048, 2048, 2048, 2049, 2048, 2048, 2048]","[2048, 2048, 2048, 2048, 2048, 2048, 2048]",279.0
1281,11253,1,7,2026-03-29T05:23:36.636000+00:00,34.741,42.156,18.148,258.0,324.0,False,95.045,"[2049, 2049, 2048, 2048, 2049, 2049, 2048, 2048, 2048]","[2048, 2048, 2048, 2048, 2048, 2048, 2049, 2048, 2048, 2048, 2048]","[2048, 2048, 2048, 2048, 2048, 2048, 2048]",288.0
1281,11253,12,7,2026-03-29T05:23:36.975000+00:00,34.821,42.201,18.054,263.0,331.0,False,95.076,"[2049, 2049, 2048, 2048, 2048, 2048, 2048, 2049, 2048]","[2048, 2048, 2049, 2048, 2049, 2048, 2048, 2048, 2048, 2048, 2048]","[2048, 2048, 2048, 2048, 2048, 2048, 2048]",292.0
1281,11253,44,7,2026-03-29T05:23:38.214000+00:00,34.837,42.375,18.236,252.0,315.0,False,95.448,"[2048, 2048, 2048, 2048, 2049, 2049, 2048, 2048, 2048]","[2048, 2048, 2049, 2048, 2048, 2048, 2048, 2049, 2049, 2048, 2048]","[2048, 2048, 2048, 2048, 2048, 2048, 2048]",283.0
1281,11253,10,7,2026-03-29T05:23:41.358000+00:00,35.069,42.587,18.288,258.0,316.0,False,95.944,"[None, 2048, 2048, 2049, 2048, 2048, 2048, 2048, 2048]","[2049, 2048, 2048, 2048, 2048, 2048, 2048, 2049, 2048, 2048, 2048]","[2048, 2048, 2048, 2048, 2048, 2048, 2048]",282.0
1281,11253,3,7,2026-03-29T05:23:45.595000+00:00,35.268,42.598,18.201,261.0,314.0,False,96.067,"[None, 2048, 2048, 2048, 2048, 2048, 2049, 2048, 2048]","[2049, 2048, 2048, 2048, 2048, 2048, 2048, 2048, 2048, 2048, 2048]","[2048, 2048, 2048, 2048, 2048, 2048, 2048]",280.0
1281,11253,31,7,2026-03-29T05:23:46.369000+00:00,35.524,42.604,18.16,260.0,325.0,False,96.288,"[None, 2048, 2048, 2048, 2049, 2048, 2048, 2049, 2049]","[2049, 2048, 2048, 2048, 2048, 2048, 2048, 2048, 2048, 2048, 2048]","[2048, 2049, 2049, 2048, 2048, 2048, 2048]",288.0
1281,11253,41,7,2026-03-29T05:23:47.206000+00:00,35.836,42.575,17.979,266.0,330.0,False,96.39,"[None, 2049, 2048, 2048, 2048, 2048, 2048, 2048, 2048]","[2048, 2048, 2048, 2049, 2048, 2048, 2048, 2048, 2048, 2048, 2048]","[2048, 2048, 2048, 2048, 2048, 2048, 2048]",293.0
1281,11253,6,7,2026-03-29T05:23:47.797000+00:00,35.53,42.893,17.97,263.0,333.0,False,96.393,"[None, 2049, 2048, 2048, 2048, 2048, 2048, 2048, 2048]","[2048, 2048, 2048, 2048, 2048, 2048, 2048, 2048, 2048, 2048, 2048]","[2048, 2048, 2048, 2048, 2048, 2049, 2049]",295.0
1281,11253,30,7,2026-03-29T05:23:49.254000+00:00,35.518,42.804,18.25,,325.0,False,96.572,"[None, 2048, 2048, 2048, 2049, 2048, 2048, 2048, 2048]","[2048, 2048, 2049, 2048, 2048, 2048, 2048, 2049, 2048, 2048, 2048]","[2048, 2048, 2048, 2048, 2048, 2048, 2048]",288.0
1281,11253,43,7,2026-03-29T05:23:50.100000+00:00,35.528,42.864,18.117,263.0,325.0,False,96.509,"[None, 2048, 2048, 2048, 2048, 2049, 2048, 2048, 2048]","[2048, 2048, 2048, 2048, 2048, 2048, 2048, 2049, 2049, 2048, 2048]","[2048, 2049, 2049, 2048, 2048, 2048, 2048]",290.0
1281,11253,87,7,2026-03-29T05:23:51.421000+00:00,36.232,42.92,18.268,253.0,320.0,False,97.42,"[None, 2048, 2048, 2048, 2048, 2048, 2048, 2048, 2048]","[2048, 2048, 2048, 2048, 2048, 2048, 2048, 2048, 2048, 2048, 2048]","[2048, 2049, 2048, 2048, 2048, 2048, 2048]",286.0
1281,11253,5,7,2026-03-29T05:23:51.780000+00:00,35.083,42.828,18.235,263.0,316.0,False,96.146,"[2049, 2049, 2049, 2048, 2048, 2048, 2048, 2049, 2048]","[2048, 2049, 2048, 2048, 2048, 2048, 2048, 2049, 2048, 2048, 2048]","[2048, 2048, 2048, 2048, 2048, 2048, 2048]",286.0
1281,11253,55,7,2026-03-29T05:23:53.929000+00:00,35.877,43.114,18.371,,319.0,False,97.362,"[2048, 2048, 2048, 2048, 2049, 2049, 2048, 2048, 2048]","[2048, 2048, 2048, 2048, 2049, 2048, 2048, 2049, 2049, 2048, 2048]","[2048, 2048, 2048, 2048, 2048, 2048, 2048]",286.0
1281,11253,27,7,2026-03-29T05:23:54.240000+00:00,35.921,43.264,18.239,259.0,321.0,False,97.424,"[None, 2048, 2048, 2048, 2049, 2048, 2048, 2048, 2048]","[2048, 2048, 2049, 2048, 2048, 2048, 2048, 2048, 2048, 2048, 2048]","[2048, 2048, 2048, 2048, 2048, 2048, 2048]",291.0
1281,11253,23,7,2026-03-29T05:23:54.733000+00:00,36.081,43.171,18.293,263.0,330.0,False,97.545,"[None, 2048, 2048, 2048, 2048, 2048, 2048, 2048, 2048]","[2048, 2048, 2048, 2048, 2048, 2048, 2048, 2048, 2048, 2048, 2048]","[2048, 2048, 2048, 2048, 2048, 2048, 2048]",296.0
1281,11253,11,7,2026-03-29T05:23:58.133000+00:00,36.068,43.483,18.656,255.0,314.0,False,98.207,"[None, 2048, 2048, 2048, 2049, 2048, 2048, 2048, 2048]","[2049, 2048, 2048, 2048, 2048, 2048, 2048, 2048, 2048, 2048, 2048]","[2048, 2048, 2048, 2048, 2048, 2048, 2048]",280.0
1281,11253,14,7,2026-03-29T05:24:02.362000+00:00,36.369,43.554,18.669,250.0,308.0,False,98.592,"[None, 2048, 2048, 2049, 2048, 2048, 2048, 2048, 2049]","[2049, 2048, 2048, 2048, 2048, 2048, 2048, 2049, 2049, 2048, 2048]","[2048, 2048, 2049, 2048, 2048, 2048, 2048]",270.0
1281,11253,18,7,2026-03-29T05:24:03.012000+00:00,36.301,43.619,18.542,255.0,311.0,False,98.462,"[None, 2048, 2048, 2048, 2048, 2048, 2048, 2048, 2048]","[2048, 2049, 2048, 2049, 2048, 2048, 2048, 2048, 2048, 2048, 2048]","[2048, 2048, 2048, 2048, 2048, 2048, 2048]",277.0
1281,11253,77,7,2026-03-29T05:24:03.612000+00:00,36.609,43.339,18.537,,330.0,False,98.485,"[2049, 2049, 2048, 2048, 2048, 2049, 2048, 2048, 2048]","[2048, 2048, 2048, 2048, 2048, 2048, 2048, 2048, 2048, 2048, 2048]","[2048, 2048, 2048, 2048, 2048, 2048, 2049]",298.0
1281,11253,81,8,2026-03-29T05:25:08.223000+00:00,34.664,42.178,18.973,260.0,305.0,False,95.815,"[None, 2049, 2048, 2048, 2048, 2048, 2048, 2048, 2048]","[2048, 2048, 2048, 2048, 2048, 2048, 2048, 2048, 2048, 2048, 2048]","[2048, 2048, 2048, 2048, 2048, 2048, 2049]",277.0
1281,11253,63,8,2026-03-29T05:25:08.760000+00:00,34.77,42.117,18.156,269.0,330.0,False,95.043,"[None, 2048, 2048, 2048, 2048, 2048, 2048, 2048, 2048]","[2048, 2048, 2048, 2048, 2048, 2048, 2048, 2048, 2048, 2048, 2048]","[2048, 2049, 2048, 2048, 2048, 2048, 2048]",291.0
1281,11253,16,8,2026-03-29T05:25:11.076000+00:00,34.685,42.49,18.283,254.0,310.0,False,95.458,"[2048, 2048, 2048, 2048, 2049, 2049, 2048, 2048, 2048]","[2048, 2048, 2048, 2048, 2048, 2048, 2048, 2048, 2048, 2048, 2048]","[2048, 2048, 2048, 2048, 2049, 2048, 2048]",278.0
1281,11253,1,8,2026-03-29T05:25:11.699000+00:00,34.769,42.234,18.244,259.0,326.0,False,95.247,"[2048, 2048, 2049, 2048, 2049, 2049, 2048, 2048, 2048]","[2048, 2048, 2048, 2048, 2048, 2048, 2049, 2048, 2048, 2048, 2048]","[2048, 2048, 2048, 2048, 2048, 2048, 2049]",290.0
1281,11253,12,8,2026-03-29T05:25:12.157000+00:00,34.865,42.112,18.226,,333.0,False,95.203,"[2048, 2048, 2048, 2048, 2048, 2048, 2048, 2048, 2048]","[2048, 2049, 2048, 2049, 2048, 2048, 2048, 2048, 2048, 2048, 2048]","[2048, 2048, 2048, 2048, 2048, 2048, 2049]",294.0
1281,11253,44,8,2026-03-29T05:25:13.660000+00:00,34.822,42.573,18.17,253.0,313.0,False,95.565,"[None, 2048, 2048, 2048, 2049, 2049, 2048, 2048, 2048]","[2048, 2048, 2049, 2048, 2048, 2048, 2048, 2048, 2049, 2048, 2048]","[2048, 2048, 2048, 2049, 2048, 2048, 2048]",281.0
1281,11253,10,8,2026-03-29T05:25:17.268000+00:00,34.939,42.419,18.208,261.0,315.0,False,95.566,"[None, 2048, 2048, 2048, 2048, 2049, 2048, 2048, 2048]","[2049, 2049, 2049, 2048, 2048, 2048, 2048, 2049, 2048, 2048, 2048]","[2048, 2048, 2048, 2049, 2048, 2048, 2048]",282.0
1281,11253,3,8,2026-03-29T05:25:21.618000+00:00,35.14,42.393,18.192,264.0,313.0,False,95.725,"[None, 2048, 2049, 2048, 2048, 2048, 2048, 2049, 2048]","[2048, 2048, 2048, 2048, 2048, 2048, 2048, 2049, 2049, 2048, 2048]","[2048, 2048, 2049, 2048, 2048, 2048, 2048]",277.0
1281,11253,31,8,2026-03-29T05:25:22.719000+00:00,35.434,42.322,18.066,259.0,327.0,False,95.822,"[None, 2048, 2049, 2049, 2049, 2048, 2048, 2048, 2049]","[2049, 2049, 2048, 2048, 2048, 2048, 2048, 2049, 2048, 2048, 2048]","[2048, 2048, 2049, 2048, 2048, 2048, 2048]",287.0
1281,11253,41,8,2026-03-29T05:25:23.567000+00:00,35.615,42.431,18.037,269.0,328.0,False,96.083,"[None, 2048, 2048, 2048, 2048, 2048, 2048, 2048, 2048]","[2048, 2048, 2049, 2049, 2048, 2048, 2048, 2049, 2048, 2048, 2048]","[2048, 2048, 2048, 2048, 2048, 2048, 2048]",291.0
1281,11253,6,8,2026-03-29T05:25:24.162000+00:00,35.488,42.535,18.18,266.0,318.0,False,96.203,"[2048, 2048, 2049, 2048, 2048, 2048, 2048, 2048, 2048]","[2048, 2048, 2049, 2048, 2048, 2049, 2051, 2048, 2048, 2048, 2048]","[2048, 2048, 2048, 2048, 2048, 2048, 2048]",288.0
1281,11253,30,8,2026-03-29T05:25:25.736000+00:00,35.432,42.745,18.255,266.0,323.0,False,96.432,"[None, 2048, 2048, 2048, 2048, 2048, 2048, 2048, 2048]","[2049, 2049, 2048, 2048, 2049, 2048, 2048, 2049, 2048, 2048, 2048]","[2048, 2049, 2048, 2048, 2048, 2048, 2048]",287.0
1281,11253,43,8,2026-03-29T05:25:26.706000+00:00,35.493,42.809,18.126,272.0,332.0,False,96.428,"[None, 2048, 2048, 2048, 2048, 2048, 2048, 2048, 2049]","[2049, 2048, 2049, 2048, 2048, 2048, 2048, 2049, 2048, 2048, 2048]","[2048, 2048, 2048, 2048, 2048, 2048, 2048]",291.0
1281,11253,5,8,2026-03-29T05:25:27.981000+00:00,35.591,42.793,18.229,258.0,319.0,False,96.613,"[2048, 2048, 2048, 2048, 2048, 2049, 2048, 2049, 2048]","[2049, 2048, 2049, 2048, 2048, 2048, 2048, 2049, 2048, 2048, 2048]","[2048, 2048, 2048, 2048, 2048, 2048, 2048]",282.0
1281,11253,87,8,2026-03-29T05:25:28.756000+00:00,35.633,42.568,18.09,259.0,338.0,False,96.291,"[None, 2048, 2049, 2048, 2048, 2048, 2048, 2048, 2048]","[2049, 2048, 2048, 2048, 2048, 2048, 2049, 2048, 2048, 2048, 2048]","[2048, 2048, 2048, 2048, 2048, 2048, 2048]",296.0
1281,11253,55,8,2026-03-29T05:25:31.214000+00:00,35.793,42.856,18.244,261.0,319.0,False,96.893,"[None, 2048, 2048, 2048, 2048, 2049, 2048, 2048, 2048]","[2049, 2048, 2048, 2048, 2048, 2048, 2048, 2048, 2049, 2048, 2048]","[2048, 2048, 2049, 2048, 2048, 2048, 2048]",286.0
1281,11253,27,8,2026-03-29T05:25:31.651000+00:00,35.857,43.083,18.209,261.0,318.0,False,97.149,"[2049, 2049, 2048, 2048, 2048, 2048, 2048, 2048, 2048]","[2049, 2048, 2049, 2048, 2048, 2048, 2048, 2048, 2049, 2048, 2048]","[2048, 2048, 2048, 2049, 2048, 2048, 2048]",290.0
1281,11253,23,8,2026-03-29T05:25:32.391000+00:00,35.891,43.078,18.468,270.0,328.0,False,97.437,"[None, 2048, 2048, 2048, 2048, 2048, 2048, 2048, 2049]","[2049, 2048, 2049, 2048, 2049, 2048, 2049, 2048, 2048, 2048, 2048]","[2048, 2048, 2048, 2048, 2048, 2048, 2048]",292.0
1281,11253,11,8,2026-03-29T05:25:36.217000+00:00,36.159,43.263,18.704,253.0,315.0,False,98.126,"[None, 2048, 2048, 2048, 2048, 2049, 2048, 2048, 2048]","[2048, 2048, 2048, 2048, 2048, 2048, 2048, 2048, 2048, 2048, 2048]","[2048, 2048, 2048, 2048, 2048, 2048, 2048]",279.0
1281,11253,14,8,2026-03-29T05:25:40.903000+00:00,37.0,43.352,18.537,249.0,313.0,False,98.889,"[None, 2048, 2048, 2048, 2048, 2048, 2048, 2048, 2048]","[2048, 2048, 2048, 2049, 2049, 2048, 2048, 2048, 2048, 2049, 2048]","[2048, 2048, 2048, 2049, 2049, 2049, 2049]",277.0
1281,11253,18,8,2026-03-29T05:25:41.485000+00:00,35.578,43.5,18.605,,305.0,False,97.683,"[None, 2048, 2049, 2048, 2048, 2049, 2048, 2049, 2048]","[2049, 2049, 2048, 2049, 2048, 2048, 2048, 2048, 2049, 2048, 2048]","[2048, 2048, 2048, 2049, 2048, 2048, 2048]",271.0
1281,11253,77,8,2026-03-29T05:25:42.061000+00:00,36.752,43.395,18.511,,326.0,False,98.658,"[2048, 2048, 2048, 2048, 2048, 2048, 2048, 2048, 2048]","[2049, 2048, 2049, 2048, 2048, 2048, 2048, 2048, 2048, 2048, 2048]","[2048, 2049, 2049, 2048, 2048, 2048, 2048]",285.0
1281,11253,63,9,2026-03-29T05:26:43.765000+00:00,35.533,42.332,18.177,259.0,312.0,False,96.042,"[None, 2048, 2048, 2048, 2048, 2048, 2048, 2048, 2048]","[2048, 2048, 2048, 2048, 2048, 2048, 2048, 2048, 2048, 2048, 2048]","[2048, 2048, 2048, 2048, 2048, 2048, 2048]",281.0
1281,11253,81,9,2026-03-29T05:26:43.980000+00:00,34.579,42.047,18.167,262.0,310.0,False,94.793,"[None, 2049, 2048, 2048, 2048, 2048, 2048, 2048, 2048]","[2048, 2048, 2048, 2048, 2048, 2048, 2048, 2048, 2048, 2048, 2048]","[2048, 2049, 2048, 2048, 2048, 2048]",278.0
1281,11253,16,9,2026-03-29T05:26:46.462000+00:00,34.94,42.173,18.51,255.0,304.0,False,95.623,"[None, 2048, 2048, 2048, 2048, 2048, 2048, 2048, 2048]","[2048, 2048, 2049, 2048, 2048, 2048, 2048, 2048, 2048, 2048, 2048]","[2048, 2048, 2048, 2048, 2048, 2048, 2048]",276.0
1281,11253,1,9,2026-03-29T05:26:46.912000+00:00,35.184,42.166,18.322,258.0,325.0,False,95.672,"[None, 2048, 2048, 2048, 2048, 2048, 2048, 2048, 2048]","[2048, 2048, 2048, 2048, 2048, 2048, 2048, 2048, 2048, 2048, 2048]","[2048, 2048, 2048, 2048, 2048, 2048, 2048]",290.0
1281,11253,12,9,2026-03-29T05:26:47.344000+00:00,35.232,42.073,18.229,262.0,336.0,False,95.534,"[None, 2048, 2048, 2048, 2048, 2048, 2048, 2048, 2048]","[2048, 2048, 2048, 2048, 2048, 2048, 2048, 2048, 2048, 2048, 2049]","[2049, 2048, 2048, 2048, 2048, 2049, 2049]",296.0
1281,11253,44,9,2026-03-29T05:26:49.167000+00:00,34.786,42.681,18.298,252.0,313.0,False,95.765,"[None, 2048, 2048, 2048, 2048, 2048, 2048, 2048, 2048]","[2048, 2048, 2048, 2048, 2048, 2048, 2048, 2048, 2048, 2048, 2048]","[2048, 2048, 2048, 2048, 2048, 2048, 2048]",281.0
1281,11253,10,9,2026-03-29T05:26:52.818000+00:00,35.047,42.303,18.266,260.0,317.0,False,95.616,"[None, 2048, 2049, 2048, 2048, 2048, 2048, 2048, 2048]","[2049, 2049, 2048, 2048, 2048, 2048, 2048, 2049, 2049, 2048, 2048]","[2048, 2048, 2048, 2048, 2048, 2048, 2048]",282.0
1281,11253,3,9,2026-03-29T05:26:57.369000+00:00,35.198,42.48,18.17,262.0,314.0,False,95.848,"[None, 2048, 2049, 2048, 2048, 2048, 2049, 2048, 2048]","[2049, 2049, 2048, 2048, 2048, 2048, 2048, 2048, 2048, 2048, 2048]","[2048, 2048, 2048, 2048, 2048, 2048, 2048]",278.0
1281,11253,31,9,2026-03-29T05:26:58.593000+00:00,35.423,42.669,18.265,254.0,316.0,False,96.357,"[None, 2048, 2049, 2049, 2048, 2049, 2048, 2048, 2048]","[2048, 2048, 2048, 2048, 2048, 2048, 2048, 2048, 2048, 2048, 2048]","[2048, 2048, 2048, 2048, 2048, 2048, 2048]",282.0
1281,11253,41,9,2026-03-29T05:26:59.676000+00:00,35.568,42.811,18.011,266.0,322.0,False,96.39,"[None, 2048, 2048, 2048, 2048, 2048, 2048, 2048, 2048]","[2048, 2048, 2048, 2048, 2048, 2048, 2048, 2048, 2048, 2048, 2048]","[2048, 2048, 2048, 2048, 2048, 2049, 2048]",288.0
1281,11253,6,9,2026-03-29T05:27:00.365000+00:00,35.656,42.803,18.046,,325.0,False,96.505,"[None, 2048, 2048, 2048, 2048, 2048, 2048, 2048, 2048]","[2049, 2048, 2048, 2048, 2048, 2048, 2048, 2048, 2048, 2049, 2048]","[2048, 2048, 2049, 2048, 2048, 2049, 2048]",290.0
1281,11253,30,9,2026-03-29T05:27:02.511000+00:00,35.473,42.876,18.28,262.0,322.0,False,96.629,"[None, 2048, 2049, 2048, 2048, 2048, 2048, 2048, 2048]","[2048, 2048, 2048, 2049, 2048, 2048, 2048, 2048, 2048, 2048, 2048]","[2048, 2048, 2048, 2048, 2048, 2048, 2048]",285.0
1281,11253,43,9,2026-03-29T05:27:03.073000+00:00,35.535,42.813,18.224,265.0,324.0,False,96.572,"[None, 2048, 2048, 2048, 2048, 2048, 2048, 2048, 2048]","[2048, 2048, 2048, 2048, 2048, 2048, 2048, 2048, 2048, 2048, 2048]","[2048, 2048, 2048, 2048, 2048, 2048, 2048]",288.0
1281,11253,5,9,2026-03-29T05:27:04.559000+00:00,35.389,42.735,18.109,,323.0,False,96.233,"[None, 2048, 2048, 2048, 2048, 2049, 2049, 2049, 2048]","[2049, 2048, 2048, 2048, 2048, 2048, 2048, 2049, 2048, 2048, 2048]","[2048, 2048, 2049, 2048, 2048, 2048, 2048]",284.0
1281,11253,87,9,2026-03-29T05:27:05.020000+00:00,35.6,42.612,18.082,256.0,334.0,False,96.294,"[None, 2048, 2048, 2048, 2048, 2048, 2048, 2048, 2048]","[2048, 2049, 2048, 2048, 2048, 2048, 2048, 2048, 2048, 2048, 2048]","[2048, 2049, 2048, 2048, 2048, 2049, 2049]",294.0
1281,11253,55,9,2026-03-29T05:27:08.139000+00:00,35.646,42.962,18.24,258.0,318.0,False,96.848,"[None, 2048, 2049, 2048, 2049, 2048, 2049, 2048, 2048]","[2048, 2048, 2048, 2048, 2048, 2048, 2048, 2048, 2048, 2048, 2048]","[2048, 2048, 2048, 2049, 2049, 2049, 2048]",284.0
1281,11253,27,9,2026-03-29T05:27:08.851000+00:00,35.547,42.961,18.187,259.0,318.0,False,96.695,"[None, 2049, 2048, 2048, 2048, 2048, 2048, 2048, 2048]","[2049, 2049, 2048, 2048, 2048, 2048, 2048, 2048, 2048, 2049, 2048]","[2048, 2049, 2048, 2048, 2048, 2048, 2048]",290.0
1281,11253,23,9,2026-03-29T05:27:09.768000+00:00,35.852,43.091,18.269,262.0,320.0,False,97.212,"[None, 2048, 2048, 2048, 2048, 2048, 2048, 2048, 2048]","[2049, 2049, 2048, 2048, 2048, 2048, 2048, 2049, 2048, 2048, 2048]","[2048, 2049, 2048, 2048, 2048, 2048, 2048]",287.0
1281,11253,11,9,2026-03-29T05:27:14.451000+00:00,36.081,43.287,18.631,251.0,313.0,False,97.999,"[None, 2048, 2048, 2049, 2048, 2048, 2048, 2048, 2048]","[2049, 2048, 2048, 2048, 2048, 2048, 2048, 2049, 2048, 2048, 2048]","[2048, 2048, 2048, 2049, 2049, 2049, 2049]",277.0
1281,11253,18,9,2026-03-29T05:27:19.139000+00:00,36.017,43.604,18.578,246.0,307.0,False,98.199,"[None, 2048, 2048, 2049, 2048, 2049, 2048, 2048, 2048]","[2048, 2049, 2048, 2048, 2048, 2048, 2048, 2049, 2048, 2048, 2048]","[2048, 2048, 2049, 2048, 2048, 2049, 2048]",271.0
1281,11253,14,9,2026-03-29T05:27:19.824000+00:00,36.35,43.434,18.512,,315.0,False,98.296,"[None, 2048, 2049, 2048, 2049, 2048, 2049, 2048, 2049]","[2048, 2048, 2048, 2048, 2048, 2048, 2048, 2048, 2048, 2048, 2048]","[2048, 2048, 2048, 2048, 2048, 2049, 2048]",277.0
1281,11253,77,9,2026-03-29T05:27:20.773000+00:00,36.687,43.525,18.611,253.0,327.0,False,98.823,"[None, 2048, 2049, 2048, 2049, 2048, 2048, 2048, 2048]","[2048, 2048, 2049, 2048, 2048, 2048, 2048, 2048, 2048, 2048, 2048]","[2048, 2049, 2048, 2048, 2048, 2048, 2048]",294.0
1281,11253,81,10,2026-03-29T05:28:18.692000+00:00,34.906,42.079,18.126,258.0,311.0,False,95.111,"[2048, 2048, 2048, 2048, 2048, 2048, 2048, 2048, 2048]","[2048, 2048, 2048, 2048, 2048, 2048, 2048, 2048, 2048, 2048, 2048]","[2048, 2048, 2048, 2048, 2048, 2048, 2048]",278.0
1281,11253,63,10,2026-03-29T05:28:19.743000+00:00,34.609,42.201,18.126,272.0,319.0,False,94.936,"[None, 2048, 2048, 2048, 2048, 2048, 2048, 2048, 2048]","[2048, 2048, 2049, 2048, 2048, 2048, 2048, 2048, 2048, 2048, 2048]","[2048, 2048, 2048, 2048, 2048, 2048, 2048]",285.0
1281,11253,16,10,2026-03-29T05:28:22.104000+00:00,34.721,42.21,18.215,253.0,319.0,False,95.146,"[None, 2049, 2051, 2048, 2048, 2048, 2048, 2048, 2048]","[2048, 2048, 2048, 2048, 2048, 2048, 2048, 2048, 2048, 2048, 2048]","[2048, 2048, 2048, 2048, 2048, 2049, 2048]",283.0
1281,11253,1,10,2026-03-29T05:28:22.588000+00:00,34.968,42.231,18.029,,326.0,False,95.228,"[2049, 2049, 2049, 2048, 2048, 2048, 2048, 2048, 2048]","[2048, 2048, 2048, 2048, 2048, 2049, 2049, 2048, 2048, 2048, 2048]","[2048, 2048, 2048, 2048, 2048, 2051, 2048]",289.0
1281,11253,12,10,2026-03-29T05:28:22.806000+00:00,35.153,42.226,18.031,272.0,330.0,False,95.41,"[2049, 2049, 2048, 2048, 2048, 2048, 2048, 2048, 2048]","[2049, 2048, 2048, 2048, 2048, 2048, 2048, 2048, 2048, 2048, 2048]","[2048, 2048, 2048, 2048, 2048, 2048, 2048]",292.0
1281,11253,44,10,2026-03-29T05:28:25.039000+00:00,34.796,42.194,18.176,258.0,316.0,False,95.166,"[None, 2048, 2048, 2048, 2048, 2048, 2048, 2048, 2048]","[2049, 2049, 2048, 2048, 2048, 2048, 2048, 2048, 2048, 2048, 2048]","[2048, 2048, 2048, 2048, 2048, 2049, 2048]",282.0
1281,11253,10,10,2026-03-29T05:28:28.501000+00:00,35.156,42.396,18.319,259.0,315.0,False,95.871,"[None, 2048, 2049, 2048, 2048, 2048, 2048, 2048, 2048]","[2048, 2049, 2048, 2048, 2048, 2048, 2048, 2048, 2048, 2048, 2048]","[2048, 2048, 2048, 2048, 2048, 2048, 2048]",281.0
1281,11253,3,10,2026-03-29T05:28:33.300000+00:00,35.185,42.363,18.179,264.0,314.0,False,95.727,"[None, 2048, 2048, 2048, 2048, 2048, 2048, 2048, 2048]","[2048, 2048, 2048, 2048, 2048, 2048, 2048, 2049, 2048, 2048, 2048]","[2048, 2048, 2048, 2048, 2048, 2049, 2048]",278.0
1281,11253,31,10,2026-03-29T05:28:34.967000+00:00,35.578,42.565,18.287,252.0,315.0,False,96.43,"[None, 2048, 2049, 2048, 2048, 2048, 2048, 2048, 2048]","[2048, 2048, 2049, 2048, 2048, 2048, 2048, 2048, 2048, 2048, 2048]","[2048, 2048, 2048, 2048, 2048, 2048, 2048]",280.0
1281,11253,41,10,2026-03-29T05:28:36.345000+00:00,35.732,42.676,18.083,263.0,321.0,False,96.491,"[None, 2048, 2048, 2048, 2048, 2048, 2048, 2048, 2048]","[2048, 2048, 2048, 2048, 2048, 2048, 2048, 2048, 2048, 2048, 2048]","[2048, 2049, 2048, 2048, 2048, 2049, 2048]",287.0
1281,11253,6,10,2026-03-29T05:28:36.911000+00:00,35.411,42.759,18.064,267.0,328.0,False,96.234,"[None, 2048, 2048, 2048, 2048, 2048, 2048, 2048, 2048]","[2048, 2048, 2048, 2048, 2048, 2048, 2048, 2048, 2048, 2048, 2048]","[2048, 2048, 2048, 2048, 2048, 2048, 2049]",292.0
1281,11253,30,10,2026-03-29T05:28:39.133000+00:00,35.498,42.823,18.297,265.0,321.0,False,96.618,"[None, 2048, 2048, 2048, 2049, 2048, 2048, 2048, 2048]","[2049, 2048, 2048, 2048, 2048, 2048, 2048, 2048, 2048, 2048, 2048]","[2048, 2048, 2048, 2048, 2048, 2048, 2048]",285.0
1281,11253,43,10,2026-03-29T05:28:39.670000+00:00,35.872,42.534,18.243,268.0,324.0,False,96.649,"[None, 2048, 2048, 2048, 2048, 2048, 2048, 2048, 2048]","[2049, 2049, 2048, 2048, 2048, 2048, 2048, 2048, 2048, 2048, 2048]","[2048, 2048, 2048, 2048, 2048, 2048, 2048]",288.0
1281,11253,5,10,2026-03-29T05:28:40.847000+00:00,35.551,42.682,18.03,260.0,330.0,False,96.263,"[None, 2048, 2048, 2048, 2048, 2048, 2048, 2048, 2048]","[2048, 2049, 2048, 2048, 2048, 2048, 2048, 2049, 2048, 2048, 2048]","[2049, 2049, 2048, 2048, 2048, 2048, 2048]",292.0
1281,11253,87,10,2026-03-29T05:28:41.300000+00:00,35.806,42.842,18.116,,333.0,False,96.764,"[None, 2048, 2048, 2048, 2048, 2048, 2048, 2048, 2048]","[2048, 2048, 2048, 2048, 2048, 2048, 2048, 2048, 2048, 2048, 2048]","[2048, 2048, 2048, 2048, 2048, 2049, 2048]",291.0
1281,11253,55,10,2026-03-29T05:28:45.036000+00:00,35.784,42.737,18.24,268.0,314.0,False,96.761,"[None, 2048, 2048, 2049, 2048, 2048, 2048, 2048, 2048]","[2049, 2049, 2049, 2048, 2048, 2048, 2048, 2048, 2048, 2048, 2048]","[2048, 2048, 2049, 2048, 2048, 2048, 2048]",283.0
1281,11253,27,10,2026-03-29T05:28:45.519000+00:00,35.919,42.869,18.155,258.0,314.0,False,96.943,"[None, 2049, 2048, 2048, 2048, 2048, 2048, 2048, 2048]","[2049, 2049, 2048, 2049, 2048, 2048, 2048, 2049, 2049, 2048, 2048]","[2048, 2049, 2048, 2049, 2049, 2049, 2048]",288.0
1281,11253,23,10,2026-03-29T05:28:47.020000+00:00,35.788,43.127,18.32,259.0,318.0,False,97.235,"[None, 2048, 2048, 2048, 2048, 2048, 2048, 2048, 2048]","[2048, 2048, 2048, 2048, 2048, 2048, 2048, 2049, 2048, 2048, 2048]","[2048, 2048, 2048, 2048, 2048, 2049, 2048]",287.0
1281,11253,11,10,2026-03-29T05:28:52.392000+00:00,36.238,43.399,18.621,255.0,313.0,False,98.258,"[None, 2048, 2048, 2048, 2048, 2048, 2048, 2048, 2048]","[2049, 2048, 2048, 2048, 2048, 2048, 2048, 2048, 2048, 2048, 2048]","[2048, 2048, 2048, 2048, 2048, 2048, 2049]",277.0
1281,11253,18,10,2026-03-29T05:28:57.356000+00:00,36.207,43.553,18.533,,306.0,False,98.293,"[None, 2048, 2048, 2048, 2048, 2048, 2048, 2048, 2048]","[2048, 2048, 2048, 2048, 2048, 2048, 2048, 2048, 2049, 2048, 2048]","[2048, 2048, 2049, 2049, 2049, 2048, 2048]",271.0
1281,11253,14,10,2026-03-29T05:28:58.120000+00:00,36.303,43.608,18.576,251.0,314.0,False,98.487,"[None, 2048, 2049, 2048, 2049, 2048, 2048, 2048, 2049]","[2048, 2048, 2048, 2048, 2048, 2048, 2048, 2048, 2048, 2048, 2048]","[2048, 2048, 2048, 2048, 2048, 2048, 2048]",276.0
1281,11253,77,10,2026-03-29T05:28:59.536000+00:00,36.567,43.759,18.509,254.0,315.0,False,98.835,"[None, 2048, 2049, 2048, 2049, 2048, 2048, 2048, 2049]","[2048, 2048, 2048, 2048, 2048, 2048, 2048, 2049, 2048, 2048, 2048]","[2048, 2048, 2049, 2048, 2048, 2048, 2048]",288.0
1281,11253,81,11,2026-03-29T05:29:53.987000+00:00,34.898,42.258,18.263,257.0,305.0,False,95.419,"[None, 2048, 2048, 2048, 2048, 2048, 2048, 2048, 2048]","[2048, 2048, 2048, 2048, 2048, 2048, 2048, 2049, 2048, 2048, 2048]","[2048, 2048, 2048, 2048, 2048, 2048, 2048]",276.0
1281,11253,63,11,2026-03-29T05:29:54.691000+00:00,34.769,42.341,18.222,276.0,319.0,False,95.332,"[None, 2048, 2048, 2048, 2048, 2048, 2048, 2048, 2048]","[2048, 2048, 2048, 2048, 2048, 2048, 2048, 2048, 2048, 2048, 2048]","[2048, 2048, 2048, 2048, 2048, 2048, 2048]",284.0
1281,11253,16,11,2026-03-29T05:29:57.170000+00:00,34.888,42.046,18.211,261.0,313.0,False,95.145,"[None, 2048, 2048, 2048, 2048, 2048, 2048, 2048, 2048]","[2049, 2048, 2048, 2048, 2048, 2048, 2048, 2048, 2048, 2048, 2048]","[2048, 2048, 2048, 2048, 2048, 2049, 2048]",280.0
1281,11253,1,11,2026-03-29T05:29:57.826000+00:00,35.055,42.309,18.855,,323.0,False,96.219,"[2048, 2048, 2048, 2048, 2048, 2048, 2048, 2048, 2048]","[2048, 2048, 2048, 2048, 2048, 2048, 2048, 2048, 2048, 2048, 2048]","[2048, 2048, 2048, 2048, 2048, 2048, 2048]",286.0
1281,11253,12,11,2026-03-29T05:29:58.316000+00:00,,42.079,17.883,266.0,336.0,False,95.115,"[2048, 2048, 2048, 2048, 2048, 2048, 2048, 2048, 2048]","[2048, 2048, 2048, 2048, 2048, 2048, 2048, 2048, 2048, 2049, 2049]","[2049, 2049, 2048, 2048, 2049, 2048]",297.0
1281,11253,44,11,2026-03-29T05:30:00.123000+00:00,34.99,42.227,18.217,259.0,317.0,False,95.434,"[None, 2048, 2048, 2048, 2048, 2048, 2048, 2048, 2048]","[2048, 2048, 2048, 2048, 2048, 2048, 2048, 2048, 2048, 2048, 2048]","[2048, 2048, 2048, 2049, 2049, 2049, 2048]",282.0
1281,11253,10,11,2026-03-29T05:30:04.356000+00:00,35.157,42.378,18.182,258.0,314.0,False,95.717,"[None, 2048, 2049, 2048, 2048, 2048, 2048, 2048, 2048]","[2048, 2048, 2048, 2048, 2048, 2048, 2048, 2048, 2049, 2048, 2048]","[2048, 2048, 2049, 2048, 2048, 2048, 2048]",281.0
1281,11253,3,11,2026-03-29T05:30:08.995000+00:00,35.108,42.365,18.157,,315.0,False,95.63,"[None, 2048, 2049, 2048, 2048, 2048, 2048, 2048, 2048]","[2048, 2048, 2048, 2048, 2048, 2048, 2048, 2048, 2048, 2048, 2048]","[2048, 2048, 2048, 2048, 2048, 2049, 2048]",279.0
1281,11253,31,11,2026-03-29T05:30:11.373000+00:00,35.581,42.633,18.262,257.0,313.0,False,96.476,"[None, 2048, 2049, 2048, 2048, 2048, 2048, 2048, 2048]","[2048, 2048, 2048, 2048, 2048, 2048, 2048, 2049, 2049, 2048, 2048]","[2048, 2048, 2049, 2048, 2048, 2048, 2048]",279.0
1281,11253,41,11,2026-03-29T05:30:12.564000+00:00,36.015,42.75,18.374,265.0,322.0,False,97.139,"[None, 2048, 2048, 2048, 2048, 2048, 2048, 2048, 2048]","[2048, 2048, 2048, 2048, 2048, 2048, 2048, 2048, 2048, 2048, 2048]","[2048, 2048, 2048, 2048, 2048, 2048, 2048]",287.0
1281,11253,6,11,2026-03-29T05:30:13.094000+00:00,35.9,42.684,18.357,262.0,330.0,False,96.941,"[2049, 2049, 2048, 2048, 2048, 2048, 2048, 2048, 2048]","[2048, 2048, 2048, 2048, 2048, 2048, 2048, 2049, 2048, 2048, 2048]","[2048, 2048, 2048, 2048, 2048, 2048, 2048]",295.0
1281,11253,30,11,2026-03-29T05:30:15.369000+00:00,35.683,42.706,18.161,266.0,322.0,False,96.55,"[None, 2048, 2048, 2048, 2048, 2048, 2048, 2048, 2048]","[2049, 2048, 2048, 2048, 2049, 2048, 2048, 2049, 2048, 2048, 2048]","[2048, 2049, 2048, 2048, 2048, 2049, 2048]",287.0
1281,11253,43,11,2026-03-29T05:30:16.296000+00:00,35.814,42.63,18.231,264.0,324.0,False,96.675,"[None, 2048, 2048, 2048, 2048, 2048, 2048, 2048, 2048]","[2048, 2048, 2048, 2049, 2048, 2048, 2048, 2048, 2048, 2048, 2048]","[2048, 2048, 2048, 2048, 2048, 2048, 2048]",288.0
1281,11253,5,11,2026-03-29T05:30:17.135000+00:00,35.865,42.752,18.197,265.0,317.0,False,96.814,"[None, 2048, 2048, 2048, 2048, 2048, 2048, 2048, 2049]","[2048, 2048, 2048, 2048, 2048, 2048, 2048, 2048, 2048, 2048, 2048]","[2048, 2048, 2048, 2048, 2048, 2048, 2048]",284.0
1281,11253,87,11,2026-03-29T05:30:18.147000+00:00,35.755,43.708,18.327,254.0,316.0,False,97.79,"[None, 2048, 2048, 2048, 2048, 2048, 2048, 2048, 2048]","[2048, 2048, 2048, 2048, 2048, 2048, 2048, 2048, 2048, 2048, 2048]","[2048, 2048, 2048, 2048, 2048, 2048, 2048]",281.0
1281,11253,55,11,2026-03-29T05:30:21.710000+00:00,35.621,42.656,18.212,265.0,317.0,False,96.489,"[None, 2048, 2049, 2048, 2049, 2049, 2048, 2048, 2048]","[2049, 2049, 2048, 2048, 2048, 2048, 2048, 2049, 2048, 2048, 2048]","[2048, 2048, 2048, 2049, 2049, 2049, 2048]",285.0
1281,11253,27,11,2026-03-29T05:30:22.412000+00:00,35.53,42.718,18.139,260.0,318.0,False,96.387,"[2048, 2048, 2048, 2048, 2048, 2049, 2048, 2048, 2048]","[2049, 2049, 2049, 2048, 2048, 2048, 2048, 2049, 2048, 2048, 2048]","[2048, 2049, 2048, 2048, 2049, 2049, 2049]",289.0
1281,11253,23,11,2026-03-29T05:30:24.153000+00:00,35.97,42.814,18.244,263.0,315.0,False,97.028,"[None, 2048, 2049, 2048, 2048, 2048, 2048, 2048, 2048]","[2049, 2049, 2048, 2048, 2048, 2048, 2048, 2048, 2048, 2048, 2048]","[2048, 2048, 2049, 2048, 2048, 2049, 2048]",285.0
1281,11253,11,11,2026-03-29T05:30:30.604000+00:00,36.157,42.972,18.735,256.0,313.0,False,97.864,"[None, 2048, 2048, 2048, 2048, 2048, 2048, 2048, 2048]","[2049, 2049, 2048, 2048, 2048, 2048, 2048, 2049, 2048, 2048, 2048]","[2048, 2048, 2048, 2048, 2048, 2048, 2048]",278.0
1281,11253,18,11,2026-03-29T05:30:35.604000+00:00,36.153,43.493,18.405,247.0,316.0,False,98.051,"[None, 2048, 2049, 2048, 2048, 2048, 2048, 2048, 2048]","[2048, 2048, 2048, 2048, 2048, 2048, 2048, 2048, 2048, 2048, 2048]","[2048, 2049, 2048, 2048, 2048, 2048, 2048]",277.0
1281,11253,14,11,2026-03-29T05:30:36.630000+00:00,36.198,43.351,18.317,250.0,326.0,False,97.866,"[None, 2048, 2048, 2048, 2049, 2048, 2048, 2048, 2049]","[2048, 2048, 2048, 2048, 2048, 2048, 2048, 2048, 2048, 2048, 2049]","[2049, 2048, 2048, 2048, 2049, 2048, 2049]",281.0
1281,11253,77,11,2026-03-29T05:30:38.464000+00:00,36.731,43.629,18.509,253.0,314.0,False,98.869,"[None, 2048, 2049, 2048, 2048, 2048, 2048, 2048, 2048]","[2048, 2048, 2049, 2048, 2048, 2048, 2048, 2049, 2048, 2048, 2048]","[2048, 2048, 2048, 2048, 2048, 2048, 2048]",291.0
1281,11253,81,12,2026-03-29T05:31:29.305000+00:00,34.982,41.999,18.127,260.0,309.0,False,95.108,"[None, 2048, 2048, 2048, 2048, 2048, 2048, 2048, 2048]","[2048, 2051, 2048, 2049, 2048, 2048, 2048, 2048, 2048, 2048, 2048]","[2048, 2049, 2048, 2048, 2048, 2048, 2048]",277.0
1281,11253,63,12,2026-03-29T05:31:30.030000+00:00,34.843,42.145,18.09,271.0,321.0,False,95.078,"[None, 2048, 2048, 2048, 2048, 2048, 2048, 2048, 2048]","[2048, 2048, 2048, 2048, 2048, 2048, 2048, 2048, 2048, 2048, 2048]","[2048, 2048, 2048, 2048, 2048, 2048, 2048]",286.0
1281,11253,16,12,2026-03-29T05:31:32.380000+00:00,34.963,41.973,18.265,262.0,316.0,False,95.201,"[None, 2048, 2048, 2048, 2048, 2048, 2048, 2048, 2048]","[2048, 2049, 2048, 2048, 2048, 2048, 2048, 2048, 2048, 2048, 2048]","[2048, 2048, 2048, 2048, 2048, 2048, 2048]",281.0
1281,11253,12,12,2026-03-29T05:31:33.245000+00:00,35.013,42.01,18.004,261.0,321.0,False,95.027,"[None, 2048, 2048, 2048, 2048, 2048, 2048, 2048, 2048]","[2049, 2049, 2048, 2049, 2048, 2048, 2048, 2049, 2049, 2048, 2048]","[2048, 2048, 2049, 2049, 2048, 2048, 2048]",285.0
1281,11253,1,12,2026-03-29T05:31:33.959000+00:00,35.369,42.136,17.952,,327.0,False,95.457,"[2049, 2049, 2048, 2048, 2048, 2048, 2048, 2048, 2048]","[2048, 2048, 2048, 2048, 2048, 2048, 2048, 2048, 2048, 2048, 2048]","[2048, 2049, 2049, 2048, 2048, 2048]",288.0
1281,11253,44,12,2026-03-29T05:31:35.658000+00:00,34.945,42.205,18.011,,318.0,False,95.161,"[None, 2048, 2048, 2048, 2048, 2048, 2048, 2048, 2048]","[2048, 2048, 2048, 2048, 2048, 2048, 2048, 2048, 2048, 2048, 2048]","[2048, 2048, 2049, 2048, 2048, 2049, 2048]",284.0
1281,11253,10,12,2026-03-29T05:31:40.064000+00:00,35.118,42.273,18.133,259.0,316.0,False,95.524,"[None, 2048, 2048, 2048, 2048, 2048, 2048, 2048, 2048]","[2049, 2049, 2048, 2048, 2048, 2048, 2048, 2048, 2048, 2048, 2048]","[2048, 2049, 2048, 2048, 2048, 2048, 2048]",281.0
1281,11253,3,12,2026-03-29T05:31:44.535000+00:00,35.114,42.493,18.092,263.0,318.0,False,95.699,"[None, 2048, 2049, 2048, 2048, 2048, 2048, 2048, 2048]","[2048, 2048, 2048, 2048, 2048, 2048, 2048, 2048, 2048, 2048, 2048]","[2048, 2048, 2048, 2048, 2048, 2048, 2048]",281.0
1281,11253,31,12,2026-03-29T05:31:47.772000+00:00,35.653,42.664,18.276,253.0,313.0,False,96.593,"[None, 2048, 2049, 2048, 2048, 2048, 2048, 2048, 2048]","[2048, 2048, 2048, 2048, 2048, 2048, 2048, 2049, 2048, 2048, 2048]","[2048, 2048, 2048, 2048, 2048, 2048, 2048]",280.0
1281,11253,41,12,2026-03-29T05:31:49.738000+00:00,36.17,44.055,18.484,250.0,325.0,False,98.709,"[None, 2048, 2048, 2048, 2048, 2048, 2048, 2048, 2048]","[2048, 2048, 2048, 2048, 2048, 2048, 2048, 2048, 2048, 2048, 2048]","[2048, 2048, 2048, 2048, 2048, 2048, 2048]",288.0
1281,11253,6,12,2026-03-29T05:31:50.075000+00:00,35.917,44.159,18.616,259.0,330.0,False,98.692,"[2048, 2048, 2048, 2048, 2048, 2048, 2048, 2048, 2048]","[2048, 2048, 2048, 2048, 2049, 2048, 2048, 2048, 2048, 2048, 2048]","[2048, 2048, 2048, 2048, 2048, 2048, 2048]",296.0
1281,11253,30,12,2026-03-29T05:31:51.953000+00:00,35.79,43.118,18.35,262.0,327.0,False,97.258,"[None, 2048, 2048, 2048, 2048, 2048, 2048, 2048, 2048]","[2048, 2048, 2048, 2048, 2048, 2048, 2048, 2048, 2048, 2048, 2048]","[2048, 2048, 2048, 2048, 2048, 2048, 2049]",290.0
1281,11253,43,12,2026-03-29T05:31:53.009000+00:00,35.755,42.746,18.421,263.0,330.0,False,96.922,"[None, 2048, 2048, 2048, 2048, 2048, 2048, 2048, 2048]","[2048, 2048, 2048, 2048, 2049, 2048, 2048, 2048, 2048, 2048, 2048]","[2048, 2048, 2048, 2048, 2048, 2048, 2048]",291.0
1281,11253,5,12,2026-03-29T05:31:53.875000+00:00,35.609,42.938,18.195,266.0,320.0,False,96.742,"[None, 2048, 2048, 2048, 2048, 2048, 2048, 2048, 2049]","[2048, 2048, 2048, 2048, 2048, 2048, 2048, 2048, 2048, 2048, 2048]","[2048, 2048, 2048, 2049, 2049, 2048, 2049]",287.0
1281,11253,87,12,2026-03-29T05:31:55.990000+00:00,35.897,42.843,18.388,255.0,316.0,False,97.128,"[None, 2048, 2048, 2048, 2048, 2048, 2048, 2048, 2048]","[2049, 2049, 2049, 2048, 2048, 2048, 2048, 2048, 2048, 2048, 2048]","[2048, 2048, 2048, 2048, 2048, 2048, 2048]",282.0
1281,11253,55,12,2026-03-29T05:31:58.250000+00:00,35.856,43.242,18.276,,315.0,False,97.374,"[None, 2048, 2048, 2048, 2048, 2048, 2048, 2048, 2048]","[2048, 2048, 2048, 2048, 2048, 2048, 2048, 2048, 2048, 2048, 2048]","[2048, 2048, 2048, 2048, 2048, 2048, 2048]",284.0
1281,11253,27,12,2026-03-29T05:31:58.806000+00:00,35.449,43.604,18.344,291.0,306.0,False,97.397,"[2051, 2051, 2048, 2048, 2048, 2048, 2048, 2048, 2051]","[2048, 2048, 2048, 2048, 2048, 2048, 2049, 2048, 2048, 2048, 2048]","[2048, 2048, 2049, 2048, 2048, 2048, 2048]",286.0
1281,11253,23,12,2026-03-29T05:32:01.270000+00:00,35.943,42.878,18.237,258.0,315.0,False,97.058,"[None, 2048, 2049, 2048, 2048, 2048, 2048, 2048, 2048]","[2048, 2048, 2048, 2048, 2048, 2048, 2048, 2048, 2049, 2048, 2048]","[2048, 2048, 2048, 2048, 2049, 2049, 2049]",285.0
1281,11253,11,12,2026-03-29T05:32:08.462000+00:00,36.209,43.078,18.665,253.0,313.0,False,97.952,"[None, 2048, 2048, 2048, 2048, 2048, 2048, 2048, 2048]","[2048, 2049, 2048, 2048, 2049, 2048, 2048, 2048, 2048, 2048, 2048]","[2048, 2048, 2048, 2048, 2048, 2048, 2048]",277.0
1281,11253,18,12,2026-03-29T05:32:13.666000+00:00,36.487,43.52,18.615,,307.0,False,98.622,"[None, 2048, 2048, 2048, 2048, 2048, 2048, 2048, 2048]","[2049, 2048, 2048, 2049, 2048, 2048, 2048, 2048, 2048, 2048, 2048]","[2048, 2048, 2048, 2048, 2048, 2048, 2048]",272.0
1281,11253,14,12,2026-03-29T05:32:14.476000+00:00,36.473,43.371,18.391,,327.0,False,98.235,"[None, 2048, 2048, 2048, 2048, 2048, 2048, 2048, 2048]","[2049, 2048, 2048, 2048, 2049, 2048, 2048, 2048, 2048, 2048, 2049]","[2049, 2048, 2048, 2049, 2049, 2048, 2049]",283.0
1281,11253,77,12,2026-03-29T05:32:17.225000+00:00,36.77,43.785,18.717,,312.0,False,99.272,"[None, 2048, 2048, 2048, 2048, 2048, 2048, 2048, 2048]","[2048, 2048, 2048, 2048, 2048, 2048, 2048, 2049, 2048, 2048, 2048]","[2048, 2048, 2048, 2048, 2048, 2048, 2048]",280.0
1281,11253,81,13,2026-03-29T05:33:04.507000+00:00,34.656,42.081,18.119,,309.0,False,94.856,"[None, 2048, 2048, 2048, 2048, 2048, 2048, 2048, 2048]","[2049, 2048, 2048, 2048, 2048, 2048, 2048, 2048, 2048, 2048, 2048]","[2048, 2048, 2048, 2048, 2048, 2048, 2048]",278.0
1281,11253,63,13,2026-03-29T05:33:05.103000+00:00,34.86,42.196,18.193,276.0,317.0,False,95.249,"[None, 2048, 2048, 2048, 2048, 2048, 2048, 2048, 2048]","[2048, 2048, 2048, 2048, 2048, 2048, 2048, 2048, 2048, 2048, 2048]","[2048, 2048, 2048, 2048, 2048, 2048, 2048]",282.0
1281,11253,16,13,2026-03-29T05:33:07.521000+00:00,35.037,42.103,18.268,261.0,316.0,False,95.408,"[None, 2048, 2048, 2048, 2048, 2048, 2048, 2048, 2048]","[2048, 2048, 2048, 2048, 2048, 2048, 2048, 2048, 2048, 2048, 2048]","[2048, 2048, 2048, 2048, 2048, 2048, 2048]",281.0
1281,11253,12,13,2026-03-29T05:33:08.367000+00:00,34.77,42.068,18.106,273.0,324.0,False,94.944,"[None, 2048, 2049, 2048, 2049, 2048, 2048, 2048, 2048]","[2048, 2049, 2048, 2048, 2048, 2048, 2048, 2048, 2048, 2048, 2048]","[2048, 2048, 2048, 2049, 2048, 2048, 2048]",288.0
1281,11253,1,13,2026-03-29T05:33:09.424000+00:00,35.0,42.106,17.973,261.0,326.0,False,95.079,"[2048, 2048, 2048, 2048, 2048, 2048, 2048, 2048, 2048]","[2048, 2048, 2048, 2048, 2048, 2048, 2048, 2049, 2048, 2048, 2048]","[2048, 2049, 2049, 2048, 2048, 2048, 2048]",287.0
1281,11253,44,13,2026-03-29T05:33:10.887000+00:00,34.974,42.181,18.242,258.0,318.0,False,95.397,"[None, 2048, 2051, 2048, 2049, 2048, 2048, 2048, 2048]","[2048, 2048, 2048, 2048, 2048, 2048, 2048, 2048, 2048, 2048, 2048]","[2048, 2048, 2048, 2048, 2048, 2048, 2048]",283.0
1281,11253,10,13,2026-03-29T05:33:15.542000+00:00,35.264,42.342,18.322,,315.0,False,95.928,"[None, 2048, 2049, 2048, 2048, 2048, 2048, 2048, 2048]","[2048, 2048, 2048, 2048, 2048, 2048, 2048, 2049, 2048, 2048, 2048]","[2048, 2048, 2048, 2048, 2048, 2048, 2048]",279.0
1281,11253,3,13,2026-03-29T05:33:20.275000+00:00,35.148,42.377,18.23,,317.0,False,95.755,"[None, 2048, 2049, 2048, 2048, 2048, 2048, 2048, 2048]","[2049, 2048, 2048, 2048, 2048, 2048, 2048, 2048, 2048, 2048, 2048]","[2048, 2048, 2048, 2048, 2048, 2048, 2048]",279.0
1281,11253,31,13,2026-03-29T05:33:24.370000+00:00,35.759,42.592,18.408,257.0,312.0,False,96.759,"[None, 2048, 2048, 2048, 2048, 2048, 2048, 2048, 2048]","[2049, 2048, 2048, 2048, 2048, 2048, 2048, 2048, 2048, 2048, 2048]","[2048, 2048, 2048, 2048, 2048, 2048, 2048]",278.0
1281,11253,41,13,2026-03-29T05:33:28.309000+00:00,35.425,42.63,18.187,266.0,318.0,False,96.242,"[None, 2048, 2048, 2048, 2048, 2048, 2048, 2048, 2048]","[2048, 2048, 2048, 2048, 2048, 2048, 2048, 2049, 2048, 2048, 2048]","[2048, 2048, 2048, 2048, 2048, 2048, 2048]",284.0
1281,11253,6,13,2026-03-29T05:33:28.672000+00:00,35.804,42.529,18.131,265.0,325.0,False,96.464,"[None, 2048, 2048, 2048, 2048, 2048, 2048, 2048, 2048]","[2048, 2049, 2048, 2048, 2048, 2048, 2048, 2048, 2048, 2048, 2048]","[2048, 2048, 2048, 2048, 2048, 2048, 2048]",289.0
1281,11253,30,13,2026-03-29T05:33:29.301000+00:00,36.312,42.621,18.116,265.0,328.0,False,97.049,"[2049, 2048, 2048, 2048, 2048, 2048, 2048, 2048, 2048]","[2048, 2048, 2049, 2048, 2049, 0, 0, 0, 0, 0, 0]","[0, 0, 0, 0, 0, 0]",290.0
1281,11253,43,13,2026-03-29T05:33:29.868000+00:00,36.529,42.606,18.222,262.0,329.0,False,97.357,"[None, 2048, 2048, 2048, 2048, 2048, 2048, 2048, 2048]","[2048, 2048, 2048, 2049, 2048, 2048, 2048, 2048, 2048, 2048, 2048]","[2048, 2048, 2048, 2048, 2048, 2048, 2048]",291.0
1281,11253,5,13,2026-03-29T05:33:30.574000+00:00,36.159,42.993,18.241,263.0,322.0,False,97.393,"[None, 2048, 2048, 2048, 2048, 2048, 2048, 2048, 2048]","[2048, 2048, 2048, 2048, 2048, 2048, 2048, 2048, 2048, 2049, 2048]","[2048, 2048, 2048, 2048, 2048, 2048, 2048]",288.0
1281,11253,87,13,2026-03-29T05:33:33.063000+00:00,35.712,42.709,18.343,253.0,319.0,False,96.764,"[None, 2048, 2049, 2048, 2048, 2048, 2048, 2048, 2048]","[2048, 2048, 2048, 2048, 2048, 2048, 2048, 2049, 2048, 2048, 2048]","[2048, 2048, 2048, 2048, 2048, 2048, 2048]",284.0
1281,11253,55,13,2026-03-29T05:33:35.562000+00:00,35.851,42.778,18.264,,317.0,False,96.893,"[None, 2048, 2048, 2048, 2048, 2048, 2048, 2048, 2048]","[2048, 2048, 2048, 2048, 2048, 2048, 2048, 2049, 2048, 2048, 2048]","[2048, 2048, 2048, 2048, 2048, 2048, 2048]",285.0
1281,11253,27,13,2026-03-29T05:33:36.175000+00:00,35.919,42.797,18.256,257.0,315.0,False,96.972,"[2048, 2048, 2048, 2048, 2049, 2048, 2048, 2048, 2048]","[2049, 2048, 2048, 2048, 2048, 2048, 2048, 2049, 2049, 2048, 2048]","[2048, 2048, 2048, 2048, 2048, 2048, 2048]",288.0
1281,11253,23,13,2026-03-29T05:33:38.244000+00:00,35.851,42.676,18.206,266.0,318.0,False,96.733,"[None, 2048, 2048, 2048, 2048, 2048, 2048, 2048, 2048]","[2049, 2048, 2048, 2048, 2048, 2048, 2048, 2049, 2049, 2048, 2048]","[2048, 2048, 2048, 2048, 2048, 2048, 2048]",287.0
1281,11253,11,13,2026-03-29T05:33:46.412000+00:00,36.257,42.953,18.732,,314.0,False,97.942,"[None, 2048, 2048, 2048, 2048, 2048, 2048, 2048, 2048]","[2048, 2049, 2048, 2048, 2048, 2048, 2048, 2048, 2048, 2048, 2048]","[2048, 2048, 2048, 2048, 2048, 2048, 2048]",278.0
1281,11253,18,13,2026-03-29T05:33:52.260000+00:00,36.333,43.528,18.593,,306.0,False,98.454,"[None, 2048, 2049, 2048, 2048, 2048, 2048, 2048, 2048]","[2048, 2049, 2048, 2048, 2048, 2048, 2048, 2048, 2048, 2048, 2048]","[2048, 2048, 2048, 2048, 2049, 2049, 2048]",271.0
1281,11253,14,13,2026-03-29T05:33:52.773000+00:00,36.445,43.582,18.564,254.0,316.0,False,98.591,"[None, 2048, 2048, 2048, 2048, 2048, 2048, 2048, 2049]","[2048, 2048, 2048, 2048, 2049, 2049, 2049, 2048, 2048, 2048, 2048]","[2048, 2048, 2048, 2048, 2048, 2049]",278.0
1281,11253,77,13,2026-03-29T05:33:56.545000+00:00,36.684,43.54,18.49,255.0,322.0,False,98.714,"[None, 2048, 2048, 2048, 2049, 2048, 2048, 2048, 2049]","[2048, 2048, 2049, 2048, 2048, 2048, 2049, 2048, 2048, 2048, 2048]","[2048, 2048, 2048, 2048, 2048, 2048, 2048]",292.0
1281,11253,81,14,2026-03-29T05:34:39.280000+00:00,34.746,42.149,18.2,259.0,309.0,False,95.095,"[None, 2048, 2049, 2048, 2048, 2048, 2048, 2048, 2048]","[2048, 2048, 2048, 2048, 2048, 2048, 2048, 2048, 2048, 2048, 2048]","[2048, 2048, 2048, 2048, 2048, 2048, 2048]",277.0
1281,11253,63,14,2026-03-29T05:34:40.323000+00:00,34.618,42.273,18.21,268.0,315.0,False,95.101,"[None, 2048, 2048, 2048, 2048, 2048, 2048, 2048, 2048]","[2048, 2048, 2048, 2048, 2048, 2048, 2048, 2048, 2048, 2048, 2048]","[2048, 2048, 2048, 2048, 2048, 2048, 2048]",282.0
1281,11253,16,14,2026-03-29T05:34:42.907000+00:00,34.916,42.184,18.205,255.0,313.0,False,95.305,"[2049, 2048, 2048, 2048, 2048, 2048, 2048, 2048, 2048]","[2048, 2049, 2048, 2048, 2048, 2048, 2048, 2048, 2048, 2048, 2048]","[2048, 2048, 2048, 2048, 2048, 2049, 2048]",279.0
1281,11253,12,14,2026-03-29T05:34:43.344000+00:00,34.902,42.315,18.044,274.0,324.0,False,95.261,"[None, 2048, 2048, 2048, 2048, 2048, 2048, 2048, 2048]","[2048, 2048, 2048, 2048, 2048, 2048, 2048, 2048, 2048, 2048, 2048]","[2048, 2048, 2048, 2049, 2049, 2048, 2048]",289.0
1281,11253,1,14,2026-03-29T05:34:44.546000+00:00,35.006,42.32,18.013,256.0,319.0,False,95.339,"[None, 2048, 2049, 2048, 2048, 2048, 2048, 2048, 2048]","[2048, 2048, 2048, 2048, 2048, 2048, 2048, 2048, 2048, 2048, 2048]","[2048, 2048, 2048, 2048, 2048, 2048, 2048]",284.0
1281,11253,44,14,2026-03-29T05:34:46.137000+00:00,35.107,42.019,18.157,259.0,318.0,False,95.283,"[None, 2048, 2048, 2048, 2048, 2048, 2048, 2048, 2048]","[2048, 2051, 2048, 2048, 2048, 2048, 2048, 2048, 2048, 2048, 2048]","[2048, 2048, 2048, 2048, 2048, 2049, 2049]",283.0
1281,11253,10,14,2026-03-29T05:34:51.564000+00:00,35.318,42.518,18.274,261.0,315.0,False,96.11,"[None, 2048, 2048, 2048, 2048, 2048, 2048, 2048, 2048]","[2048, 2048, 2048, 2048, 2048, 2048, 2048, 2048, 2048, 2048, 2048]","[2048, 2048, 2048, 2048, 2048, 2048, 2048]",281.0
1281,11253,3,14,2026-03-29T05:34:56.066000+00:00,35.216,42.33,18.227,,317.0,False,95.773,"[None, 2048, 2049, 2048, 2048, 2048, 2048, 2048, 2048]","[2048, 2049, 2048, 2048, 2048, 2048, 2048, 2048, 2048, 2048, 2048]","[2048, 2048, 2048, 2048, 2048, 2048, 2048]",280.0
1281,11253,31,14,2026-03-29T05:35:01.076000+00:00,35.739,42.639,18.328,258.0,312.0,False,96.706,"[None, 2048, 2048, 2048, 2048, 2048, 2048, 2048, 2048]","[2048, 2048, 2048, 2048, 2048, 2048, 2048, 2048, 2048, 2048, 2048]","[2048, 2048, 2048, 2048, 2048, 2048, 2048]",277.0
1281,11253,41,14,2026-03-29T05:35:04.635000+00:00,35.72,42.676,18.138,,320.0,False,96.534,"[None, 2048, 2048, 2048, 2048, 2048, 2048, 2048, 2048]","[2049, 2048, 2048, 2048, 2048, 2048, 2048, 2048, 2048, 2048, 2048]","[2048, 2048, 2048, 2048, 2048, 2048, 2048]",285.0
1281,11253,6,14,2026-03-29T05:35:05.178000+00:00,35.786,42.746,18.14,,325.0,False,96.672,"[None, 2048, 2048, 2048, 2048, 2048, 2048, 2048, 2048]","[2048, 2049, 2048, 2048, 2048, 2048, 2048, 2048, 2048, 2048, 2048]","[2048, 2048, 2048, 2048, 2048, 2048, 2048]",290.0
1281,11253,43,14,2026-03-29T05:35:07.255000+00:00,35.944,42.694,18.271,266.0,328.0,False,96.909,"[None, 2048, 2048, 2048, 2048, 2048, 2048, 2048, 2048]","[2048, 2048, 2048, 2048, 2048, 2048, 2048, 2048, 2048, 2048, 2048]","[2048, 2048, 2048, 2048, 2048, 2048, 2048]",290.0
1281,11253,5,14,2026-03-29T05:35:08.012000+00:00,35.793,42.953,18.136,267.0,326.0,False,96.882,"[None, 2048, 2048, 2048, 2048, 2048, 2048, 2048, 2049]","[2048, 2048, 2048, 2048, 2048, 2048, 2048, 2048, 2048, 2048, 2048]","[2048, 2048, 2048, 2048, 2048, 2048, 2048]",289.0
1281,11253,87,14,2026-03-29T05:35:09.746000+00:00,35.672,42.701,18.272,258.0,320.0,False,96.645,"[None, 2048, 2048, 2048, 2048, 2048, 2048, 2048, 2048]","[2049, 2048, 2048, 2048, 2048, 2048, 2048, 2048, 2048, 2048, 2048]","[2048, 2048, 2049, 2048, 2048, 2048, 2048]",284.0
1281,11253,55,14,2026-03-29T05:35:12.446000+00:00,35.771,42.618,18.642,272.0,316.0,False,97.031,"[None, 2048, 2048, 2049, 2048, 2048, 2048, 2048, 2049]","[2048, 2048, 2049, 2048, 2048, 2048, 2048, 2048, 2048, 2048, 2048]","[2048, 2048, 2048, 2048, 2048, 2048, 2048]",284.0
1281,11253,27,14,2026-03-29T05:35:13.154000+00:00,35.422,42.945,18.123,271.0,317.0,False,96.49,"[None, 2048, 2049, 2048, 2048, 2048, 2048, 2048, 2048]","[2048, 2048, 2048, 2048, 2048, 2048, 2048, 2048, 2048, 2048, 2048]","[2048, 2049, 2048, 2048, 2048, 2048]",289.0
1281,11253,23,14,2026-03-29T05:35:15.029000+00:00,35.921,42.896,18.329,264.0,313.0,False,97.146,"[None, 2048, 2048, 2048, 2048, 2049, 2048, 2048, 2048]","[2048, 2048, 2048, 2048, 2048, 2048, 2048, 2048, 2048, 2048, 2048]","[2048, 2048, 2048, 2048, 2048, 2049, 2048]",284.0
1281,11253,11,14,2026-03-29T05:35:24.396000+00:00,36.108,43.045,18.749,254.0,314.0,False,97.902,"[None, 2048, 2048, 2048, 2048, 2048, 2048, 2048, 2048]","[2048, 2048, 2048, 2048, 2048, 2048, 2048, 2048, 2048, 2048, 2048]","[2048, 2048, 2048, 2048, 2048, 2048, 2048]",277.0
1281,11253,18,14,2026-03-29T05:35:30.628000+00:00,36.224,43.407,18.556,,307.0,False,98.187,"[None, 2048, 2048, 2049, 2048, 2048, 2049, 2048, 2048]","[2048, 2048, 2048, 2048, 2048, 2048, 2048, 2048, 2049, 2048, 2048]","[2048, 2048, 2048, 2049, 2048, 2048, 2048]",271.0
1281,11253,14,14,2026-03-29T05:35:31.183000+00:00,36.458,43.249,18.515,256.0,326.0,False,98.222,"[None, 2048, 2048, 2048, 2048, 2048, 2048, 2048, 2049]","[2048, 2048, 2048, 2048, 2048, 2049, 2049, 2048, 2048, 2048, 2048]","[2048, 2048, 2048, 2048, 2048, 2048, 2048]",282.0
1281,11253,77,14,2026-03-29T05:35:35.227000+00:00,36.923,43.71,18.814,250.0,311.0,False,99.447,"[None, 2048, 2048, 2048, 2048, 2048, 2048, 2048, 2048]","[2048, 2048, 2048, 2048, 2048, 2048, 2048, 2049, 2048, 2048, 2048]","[2048, 2048, 2048, 2048, 2048, 2048, 2048]",278.0
1281,11253,30,14,2026-03-29T05:36:06.148000+00:00,,42.781,18.278,,325.0,False,97.013,,"[None, None, None, None, None, None, None, None, 2048, 2048, 2048]","[2048, 2048, 2048, 2048, 2048, 2048, 2048]",288.0
1281,11253,81,15,2026-03-29T05:36:14.419000+00:00,34.666,42.047,18.192,260.0,307.0,False,94.905,"[None, 2048, 2048, 2048, 2048, 2048, 2048, 2048, 2048]","[2048, 2048, 2048, 2048, 2048, 2048, 2048, 2048, 2048, 2048, 2048]","[2048, 2048, 2048, 2048, 2048, 2048, 2048]",277.0
1281,11253,63,15,2026-03-29T05:36:15.526000+00:00,34.763,42.185,18.2,261.0,314.0,False,95.148,"[None, 2048, 2048, 2048, 2048, 2048, 2048, 2048, 2048]","[2048, 2049, 2048, 2048, 2048, 2048, 2048, 2048, 2048, 2048, 2048]","[2048, 2048, 2048, 2048, 2048, 2048, 2048]",281.0
1281,11253,16,15,2026-03-29T05:36:18.241000+00:00,34.939,42.157,18.807,252.0,311.0,False,95.903,"[2048, 2048, 2048, 2048, 2048, 2048, 2048, 2048, 2048]","[2048, 2048, 2048, 2048, 2048, 2048, 2048, 2049, 2048, 2048, 2048]","[2048, 2048, 2048, 2048, 2048, 2049, 2049]",277.0
1281,11253,12,15,2026-03-29T05:36:18.653000+00:00,34.944,42.109,18.324,269.0,330.0,False,95.377,"[None, 2048, 2048, 2048, 2048, 2048, 2048, 2048, 2048]","[2048, 2048, 2048, 2048, 2049, 2048, 2048, 2048, 2048, 2048, 2048]","[2048, 2049, 2048, 2048, 2048, 2048, 2048]",289.0
1281,11253,1,15,2026-03-29T05:36:19.935000+00:00,34.906,42.361,18.048,258.0,318.0,False,95.315,"[None, 2048, 2049, 2048, 2049, 2048, 2048, 2048, 2048]","[2049, 2048, 2048, 2048, 2048, 2048, 2048, 2048, 2048, 2048, 2048]","[2048, 2048, 2048, 2048, 2048, 2048, 2048]",286.0
1281,11253,44,15,2026-03-29T05:36:21.433000+00:00,34.878,42.06,18.116,258.0,319.0,False,95.054,"[None, 2048, 2048, 2048, 2048, 2048, 2048, 2048, 2048]","[2048, 2048, 2048, 2048, 2048, 2048, 2048, 2048, 2048, 2048, 2048]","[2048, 2048, 2048, 2048, 2048, 2048, 2048]",285.0
1281,11253,10,15,2026-03-29T05:36:27.636000+00:00,35.247,42.452,18.241,259.0,315.0,False,95.94,"[None, 2048, 2048, 2048, 2048, 2048, 2048, 2048, 2048]","[2048, 2048, 2048, 2048, 2048, 2048, 2048, 2048, 2048, 2048, 2048]","[2048, 2048, 2048, 2048, 2048, 2048, 2048]",282.0
1281,11253,3,15,2026-03-29T05:36:31.938000+00:00,35.161,42.323,18.168,266.0,316.0,False,95.652,"[None, 2048, 2048, 2048, 2048, 2048, 2048, 2048, 2048]","[2048, 2048, 2048, 2048, 2049, 2048, 2048, 2048, 2048, 2048, 2048]","[2048, 2048, 2048, 2048, 2048, 2048, 2048]",280.0
1281,11253,31,15,2026-03-29T05:36:37.839000+00:00,35.693,42.586,18.329,256.0,311.0,False,96.608,"[None, 2048, 2048, 2049, 2048, 2048, 2048, 2048, 2048]","[2048, 2049, 2048, 2048, 2048, 2048, 2048, 2048, 2048, 2048, 2048]","[2048, 2048, 2048, 2048, 2048, 2048, 2048]",277.0
1281,11253,41,15,2026-03-29T05:36:41.226000+00:00,35.76,42.641,18.888,268.0,319.0,False,97.289,"[None, 2048, 2048, 2048, 2048, 2048, 2048, 2048, 2048]","[2049, 2048, 2048, 2048, 2048, 2048, 2048, 2048, 2048, 2048, 2048]","[2048, 2048, 2048, 2048, 2048, 2048, 2048]",285.0
1281,11253,6,15,2026-03-29T05:36:41.826000+00:00,35.487,42.508,18.782,270.0,331.0,False,96.777,"[None, 2048, 2048, 2048, 2048, 2048, 2048, 2048, 2048]","[2048, 2048, 2051, 2048, 2048, 2048, 2048, 2048, 2048, 2048, 2048]","[2048, 2048, 2048, 2048, 2049, 2049, 2048]",296.0
1281,11253,30,15,2026-03-29T05:36:43.326000+00:00,35.735,42.811,18.18,267.0,322.0,False,96.726,"[2048, 2048, 2048, 2048, 2048, 2048, 2048, 2048, 2048]","[2048, 2048, 2049, 2048, 2048, 2048, 2048, 2048, 2048, 2048, 2048]","[2048, 2049, 2048, 2048, 2048, 2048, 2048]",287.0
1281,11253,43,15,2026-03-29T05:36:44.092000+00:00,35.751,42.909,18.181,262.0,322.0,False,96.841,"[None, 2048, 2048, 2048, 2049, 2048, 2048, 2048, 2048]","[2048, 2049, 2048, 2048, 2048, 2048, 2048, 2048, 2048, 2048, 2048]","[2048, 2048, 2048, 2048, 2048, 2048, 2048]",288.0
1281,11253,5,15,2026-03-29T05:36:44.851000+00:00,35.516,42.895,18.097,265.0,326.0,False,96.508,"[None, 2048, 2048, 2048, 2048, 2048, 2048, 2048, 2048]","[2048, 2048, 2048, 2048, 2048, 2048, 2048, 2048, 2048, 2048, 2048]","[2048, 2048, 2048, 2048, 2049, 2049, 2049]",290.0
1281,11253,87,15,2026-03-29T05:36:46.384000+00:00,35.622,42.581,18.421,,322.0,False,96.624,"[None, 2048, 2048, 2049, 2048, 2048, 2048, 2048, 2048]","[2049, 2049, 2048, 2048, 2048, 2048, 2048, 2048, 2048, 2048, 2048]","[2048, 2048, 2048, 2048, 2048, 2049, 2049]",285.0
1281,11253,55,15,2026-03-29T05:36:49.559000+00:00,36.621,42.84,18.286,273.0,317.0,False,97.747,"[None, 2048, 2048, 2048, 2048, 2048, 2048, 2048, 2049]","[2048, 2048, 2048, 2049, 2048, 2048, 2048, 2048, 2048, 2048, 2048]","[2048, 2048, 2048, 2048, 2048, 2048, 2048]",286.0
1281,11253,27,15,2026-03-29T05:36:49.671000+00:00,34.972,42.559,18.247,259.0,311.0,False,95.778,"[None, 2048, 2048, 2049, 2049, 2049, 2049, 2048, 2048]","[2049, 2049, 2048, 2049, 2048, 2048, 2048, 2049, 2049, 2048, 2048]","[2048, 2048, 2048, 2048, 2048, 2049, 2048]",285.0
1281,11253,23,15,2026-03-29T05:36:52.218000+00:00,35.916,42.768,18.264,268.0,314.0,False,96.948,"[None, 2048, 2048, 2048, 2048, 2048, 2048, 2048, 2048]","[2048, 2048, 2048, 2048, 2048, 2048, 2048, 2048, 2048, 2048, 2048]","[2048, 2048, 2048, 2048, 2048, 2048, 2049]",286.0
1281,11253,11,15,2026-03-29T05:37:02.285000+00:00,36.11,43.216,18.75,,312.0,False,98.076,"[None, 2048, 2048, 2048, 2048, 2049, 2048, 2048, 2048]","[2048, 2048, 2048, 2048, 2048, 2048, 2048, 2048, 2048, 2048, 2048]","[2048, 2048, 2048, 2048, 2048, 2048, 2048]",276.0
1281,11253,18,15,2026-03-29T05:37:08.856000+00:00,36.307,43.705,18.841,,305.0,False,98.853,"[None, 2048, 2048, 2048, 2048, 2048, 2048, 2048, 2048]","[2049, 2048, 2048, 2048, 2048, 2048, 2048, 2048, 2048, 2048, 2048]","[2048, 2048, 2048, 2048, 2048, 2048, 2048]",270.0
1281,11253,14,15,2026-03-29T05:37:09.472000+00:00,36.621,43.24,18.78,255.0,328.0,False,98.641,"[None, 2048, 2048, 2048, 2048, 2048, 2048, 2048, 2048]","[2049, 2048, 2049, 2048, 2048, 2048, 2048, 2048, 2048, 2048, 2049]","[2049, 2048, 2048, 2048, 2048, 2048, 2048]",283.0
1281,11253,77,15,2026-03-29T05:37:14.766000+00:00,36.748,43.568,18.635,254.0,317.0,False,98.951,"[None, 2048, 2048, 2048, 2049, 2049, 2048, 2048, 2048]","[2048, 2049, 2049, 2048, 2048, 2048, 2048, 2048, 2048, 2048, 2048]","[2048, 2048, 2048, 2048, 2048, 2048, 2048]",282.0
1281,11253,81,16,2026-03-29T05:37:49.266000+00:00,34.712,41.994,18.179,261.0,309.0,False,94.885,"[None, 2048, 2048, 2048, 2048, 2048, 2048, 2048, 2048]","[2049, 2049, 2048, 2048, 2048, 2048, 2048, 2048, 2048, 2048, 2048]","[2048, 2048, 2048, 2048, 2048, 2048, 2048]",278.0
1281,11253,63,16,2026-03-29T05:37:50.591000+00:00,34.914,42.194,18.145,257.0,315.0,False,95.253,"[None, 2048, 2048, 2048, 2048, 2048, 2048, 2048, 2048]","[2048, 2048, 2049, 2048, 2048, 2048, 2048, 2051, 2048, 2048, 2048]","[2048, 2048, 2048, 2048, 2048, 2048, 2048]",280.0
1281,11253,12,16,2026-03-29T05:37:54.016000+00:00,36.072,42.106,17.986,256.0,320.0,False,96.164,"[None, 2048, 2048, 2048, 2048, 2048, 2048, 2048, 2048]","[2048, 2049, 2048, 2048, 2048, 2048, 2048, 2048, 2048, 2048, 2048]","[2048, 2048, 2049, 2048, 2048, 2048, 2048]",284.0
1281,11253,16,16,2026-03-29T05:37:54.189000+00:00,35.102,41.942,18.263,262.0,326.0,False,95.307,"[None, 2048, 2048, 2048, 2048, 2048, 2048, 2048, 2048]","[2048, 2048, 2049, 2048, 2048, 2048, 2048, 2048, 2048, 2048, 2048]","[2049, 2048, 2048, 2048, 2048, 2048, 2048]",281.0
1281,11253,1,16,2026-03-29T05:37:55.216000+00:00,35.499,42.303,20.42,265.0,327.0,False,98.222,"[None, 2048, 2048, 2048, 2048, 2048, 2048, 2048, 2048]","[2048, 2048, 2048, 2048, 2048, 2048, 2048, 2048, 2048, 2048, 2048]","[2048, 2048, 2048, 2048, 2064, 2064, 2064]",289.0
1281,11253,44,16,2026-03-29T05:37:56.525000+00:00,35.135,42.151,18.069,262.0,319.0,False,95.355,"[None, 2048, 2048, 2048, 2048, 2048, 2048, 2048, 2048]","[2048, 2048, 2048, 2048, 2048, 2048, 2048, 2048, 2048, 2048, 2048]","[2048, 2048, 2048, 2048, 2048, 2048, 2049]",286.0
1281,11253,10,16,2026-03-29T05:38:03.511000+00:00,35.189,42.507,18.141,260.0,314.0,False,95.837,"[None, 2048, 2048, 2048, 2048, 2048, 2048, 2048, 2048]","[2049, 2048, 2048, 2048, 2048, 2048, 2048, 2048, 2048, 2048, 2048]","[2048, 2048, 2048, 2048, 2048, 2049, 2048]",278.0
1281,11253,3,16,2026-03-29T05:38:07.539000+00:00,35.182,42.293,18.112,,317.0,False,95.587,"[None, 2048, 2048, 2048, 2048, 2048, 2048, 2048, 2048]","[2048, 2048, 2048, 2048, 2049, 2048, 2048, 2048, 2048, 2048, 2048]","[2048, 2048, 2048, 2048, 2048, 2049, 2048]",280.0
1281,11253,31,16,2026-03-29T05:38:14.534000+00:00,35.75,42.699,18.33,257.0,311.0,False,96.779,"[None, 2048, 2048, 2048, 2048, 2048, 2048, 2048, 2048]","[2048, 2048, 2048, 2048, 2048, 2048, 2048, 2049, 2048, 2048, 2048]","[2048, 2048, 2048, 2048, 2048, 2048, 2048]",277.0
1281,11253,41,16,2026-03-29T05:38:18.453000+00:00,35.876,42.795,18.152,254.0,316.0,False,96.823,"[None, 2048, 2048, 2048, 2048, 2048, 2048, 2048, 2048]","[2048, 2048, 2048, 2048, 2048, 2048, 2048, 2048, 2048, 2048, 2048]","[2048, 2048, 2048, 2048, 2049, 2048, 2048]",283.0
1281,11253,6,16,2026-03-29T05:38:18.618000+00:00,36.191,42.796,18.217,263.0,326.0,False,97.204,"[None, 2048, 2048, 2048, 2048, 2048, 2048, 2048, 2048]","[2048, 2048, 2048, 2048, 2048, 2048, 2048, 2049, 2048, 2048, 2048]","[2048, 2048, 2048, 2048, 2048, 2048, 2048]",289.0
1281,11253,30,16,2026-03-29T05:38:19.999000+00:00,35.828,42.818,18.176,266.0,325.0,False,96.822,"[None, 2048, 2048, 2048, 2048, 2048, 2048, 0, 0]","[0, 0, 0, 0, 0, 0, 0, 0, 0, 0, 0]","[0, 0, 0, 0, 0, 0]",289.0
1281,11253,43,16,2026-03-29T05:38:21.053000+00:00,35.913,42.66,18.129,263.0,333.0,False,96.702,"[None, 2048, 2048, 2048, 2048, 2048, 2048, 2048, 2048]","[2048, 2049, 2048, 2049, 2048, 2048, 2048, 2048, 2048, 2048, 2048]","[2048, 2048, 2048, 2048, 2048, 2048, 2048]",292.0
1281,11253,5,16,2026-03-29T05:38:21.348000+00:00,35.988,42.981,18.288,263.0,318.0,False,97.257,"[2049, 2049, 2048, 2048, 2048, 2048, 2048, 2048, 2048]","[2048, 2048, 2048, 2048, 2048, 2048, 2048, 2048, 2048, 2048, 2048]","[2048, 2048, 2048, 2048, 2048, 2048, 2048]",286.0
1281,11253,87,16,2026-03-29T05:38:23.111000+00:00,35.528,42.582,20.677,,325.0,False,98.787,"[None, 2048, 2049, 2048, 2048, 2048, 2048, 2048, 2048]","[2048, 2048, 2048, 2048, 2048, 2049, 2049, 2048, 2048, 2048, 2048]","[2048, 2048, 2048, 2048, 2064, 2064, 2064]",288.0
1281,11253,27,16,2026-03-29T05:38:25.341000+00:00,35.508,42.688,18.081,256.0,319.0,False,96.277,"[None, 2048, 2049, 2048, 2048, 2048, 2048, 2048, 2048]","[2048, 2048, 2048, 2048, 2048, 2048, 2048, 2048, 2049, 2048, 2048]","[2048, 2048, 2049, 2048, 2049, 2048, 2048]",287.0
1281,11253,55,16,2026-03-29T05:38:27.238000+00:00,35.85,42.579,18.128,264.0,321.0,False,96.557,"[None, 2048, 2048, 2048, 2048, 2048, 2048, 2048, 2048]","[2048, 2048, 2048, 2049, 2048, 2048, 2049, 2048, 2048, 2048, 2048]","[2048, 2049, 2048, 2048, 2048, 2048, 2048]",288.0
1281,11253,23,16,2026-03-29T05:38:29.089000+00:00,35.857,42.795,18.227,266.0,313.0,False,96.879,"[None, 2048, 2048, 2048, 2048, 2048, 2048, 2048, 2048]","[2048, 2049, 2049, 2048, 2048, 2048, 2048, 2049, 2048, 2048, 2048]","[2048, 2048, 2048, 2048, 2048, 2048, 2049]",285.0
1281,11253,11,16,2026-03-29T05:38:40.347000+00:00,36.157,43.066,18.566,255.0,312.0,False,97.789,"[None, 2048, 2048, 2048, 2048, 2048, 2048, 2048, 2048]","[2048, 2048, 2048, 2048, 2048, 2048, 2048, 2048, 2048, 2048, 2048]","[2048, 2048, 2049, 2048, 2048, 2048]",275.0
1281,11253,18,16,2026-03-29T05:38:47.852000+00:00,36.304,43.531,18.592,249.0,305.0,False,98.427,"[None, 2048, 2048, 2048, 2048, 2048, 2048, 2048, 2048]","[2048, 2048, 2048, 2049, 2048, 2048, 2048, 2048, 2048, 2048, 2048]","[2048, 2048, 2048, 2048, 2048, 2048, 2048]",270.0
1281,11253,14,16,2026-03-29T05:38:48.196000+00:00,36.699,43.456,18.576,257.0,315.0,False,98.731,"[None, 2048, 2048, 2048, 2048, 2048, 2048, 2048, 2049]","[2048, 2048, 2048, 2048, 2048, 2049, 2048, 2048, 2048, 2048, 2048]","[2048, 2048, 2048, 2048, 2048, 2048, 2048]",277.0
1281,11253,77,16,2026-03-29T05:38:53.598000+00:00,36.547,43.269,18.604,256.0,318.0,False,98.42,"[None, 2048, 2048, 2048, 2048, 2048, 2048, 2048, 2049]","[2049, 2049, 2048, 2048, 2048, 2048, 2048, 2048, 2048, 2048, 2048]","[2048, 2048, 2048, 2048, 2048, 2048, 2048]",281.0
1281,11253,81,17,2026-03-29T05:39:24.103000+00:00,34.71,42.102,18.104,263.0,309.0,False,94.916,"[None, 2048, 2048, 2048, 2048, 2048, 2048, 2048, 2048]","[2048, 2048, 2048, 2048, 2048, 2048, 2048, 2048, 2048, 2048, 2048]","[2048, 2048, 2048, 2048, 2048, 2048, 2048]",277.0
1281,11253,63,17,2026-03-29T05:39:25.874000+00:00,34.748,42.094,18.191,263.0,315.0,False,95.033,"[None, 2048, 2049, 2048, 2048, 2048, 2048, 2048, 2048]","[2051, 2048, 2048, 2048, 2048, 2048, 2048, 2048, 2048, 2048, 2048]","[2048, 2048, 2048, 2048, 2048, 2048, 2048]",281.0
1281,11253,16,17,2026-03-29T05:39:29.411000+00:00,34.98,41.989,20.479,,314.0,False,97.448,"[None, 2048, 2048, 2048, 2048, 2048, 2048, 2048, 2048]","[2048, 2048, 2048, 2048, 2048, 2048, 2048, 2048, 2048, 2048, 2048]","[2048, 2049, 2048, 2048, 2064, 2064, 2064]",288.0
1281,11253,12,17,2026-03-29T05:39:30.216000+00:00,34.843,41.875,17.968,270.0,329.0,False,94.686,"[None, 2048, 2048, 2048, 2049, 2048, 2048, 2048, 2048]","[2048, 2048, 2049, 2048, 2048, 2048, 2048, 2048, 2048, 2048, 2048]","[2048, 2048, 2048, 2049, 2048, 2048]",291.0
1281,11253,44,17,2026-03-29T05:39:31.825000+00:00,34.818,42.034,18.024,264.0,324.0,False,94.876,"[None, 2048, 2048, 2048, 2048, 2048, 2048, 2048, 2049]","[2049, 2048, 2049, 2048, 2048, 2048, 2048, 2048, 2048, 2048, 2048]","[2048, 2048, 2048, 2048, 2048, 2048, 2048]",285.0
1281,11253,1,17,2026-03-29T05:39:33.443000+00:00,54.657,42.005,17.819,283.0,318.0,True,114.481,"[2064, 2064, 2048, 2049, 2048, 2048, 2049, 2048, 2048]","[2049, 2049, 2049, 2048, 2048, 2048, 2048, 2048, 2048, 2049, 2048]","[2048, 2049, 2048, 2049, 2051, 2048, 2048]",294.0
1281,11253,10,17,2026-03-29T05:39:39.379000+00:00,35.323,42.368,18.215,262.0,313.0,False,95.906,"[None, 2048, 2048, 2048, 2048, 2048, 2048, 2048, 2048]","[2048, 2048, 2048, 2048, 2048, 2048, 2048, 2048, 2048, 2048, 2048]","[2048, 2048, 2048, 2048, 2048, 2048, 2048]",278.0
1281,11253,3,17,2026-03-29T05:39:43.015000+00:00,35.183,42.225,18.127,267.0,317.0,False,95.535,"[None, 2048, 2048, 2048, 2048, 2048, 2048, 2048, 2048]","[2048, 2049, 2048, 2048, 2048, 2048, 2048, 2048, 2048, 2048, 2048]","[2048, 2048, 2048, 2048, 2048, 2049, 2048]",279.0
1281,11253,31,17,2026-03-29T05:39:51.282000+00:00,35.687,42.719,19.051,256.0,311.0,False,97.457,"[None, 2048, 2048, 2048, 2048, 2048, 2048, 2048, 2048]","[2048, 2048, 2049, 2048, 2048, 2048, 2048, 2048, 2048, 2048, 2048]","[2048, 2048, 2048, 2048, 2048, 2048, 2048]",274.0
1281,11253,41,17,2026-03-29T05:39:55.217000+00:00,35.749,42.723,18.08,269.0,320.0,False,96.552,"[None, 2048, 2048, 2048, 2048, 2048, 2048, 2048, 2048]","[2048, 2048, 2048, 2048, 2048, 2048, 2048, 2048, 2048, 2048, 2048]","[2048, 2048, 2048, 2048, 2048, 2049, 2048]",284.0
1281,11253,6,17,2026-03-29T05:39:55.764000+00:00,35.677,43.05,18.258,267.0,306.0,False,96.985,"[None, 2048, 2048, 2048, 2048, 2048, 2048, 2048, 2048]","[2048, 2048, 2048, 2048, 2048, 2048, 2048, 2048, 2048, 2048, 2048]","[2048, 2048, 2049, 2048, 2048, 2048, 2049]",279.0
1281,11253,43,17,2026-03-29T05:39:57.637000+00:00,35.857,42.713,20.688,,333.0,False,99.258,"[None, 2048, 2048, 2048, 2048, 2048, 2048, 2048, 2048]","[2048, 2048, 2048, 2048, 2048, 2048, 2048, 2048, 2048, 2048, 2048]","[2048, 2048, 2048, 2048, 2064, 2064, 2064]",291.0
1281,11253,5,17,2026-03-29T05:39:58.567000+00:00,35.66,42.788,18.396,265.0,321.0,False,96.844,"[2048, 2048, 2048, 2048, 2048, 2048, 2048, 2048, 2048]","[2048, 2048, 2048, 2048, 2048, 2048, 2048, 2048, 2048, 2048, 2048]","[2048, 2048, 2048, 2048, 2048, 2048, 2048]",284.0
1281,11253,27,17,2026-03-29T05:40:01.614000+00:00,35.354,42.76,18.057,259.0,323.0,False,96.171,"[None, 2048, 2048, 2048, 2048, 2048, 2048, 2048, 2048]","[2048, 2048, 2048, 2048, 2048, 2048, 2048, 2048, 2048, 2048, 2048]","[2048, 2048, 2048, 2049, 2049, 2049, 2048]",286.0
1281,11253,87,17,2026-03-29T05:40:01.774000+00:00,57.139,41.84,18.469,263.0,323.0,True,117.448,"[2064, 2064, 2048, 2049, 2049, 2049, 2049, 2049, 2048]","[2049, 2049, 2048, 2049, 2048, 2049, 2048, 2049, 2049, 2048, 2048]","[2048, 2048, 2049, 2049, 2049, 2049, 2049]",266.0
1281,11253,55,17,2026-03-29T05:40:03.825000+00:00,35.955,42.742,18.217,259.0,316.0,False,96.914,"[None, 2048, 2048, 2048, 2048, 2048, 2048, 2048, 2048]","[2048, 2048, 2048, 2048, 2048, 2048, 2048, 2048, 2048, 2048, 2048]","[2048, 2048, 2048, 2048, 2048, 2049, 2048]",283.0
1281,11253,23,17,2026-03-29T05:40:05.939000+00:00,35.894,42.691,18.195,262.0,315.0,False,96.78,"[None, 2048, 2048, 2048, 2048, 2048, 2048, 2048, 2048]","[2048, 2048, 2048, 2048, 2049, 2048, 2048, 2048, 2048, 2048, 2048]","[2048, 2048, 2048, 2048, 2049, 2049, 2049]",284.0
1281,11253,11,17,2026-03-29T05:40:18.022000+00:00,36.142,43.019,18.749,253.0,312.0,False,97.91,"[None, 2048, 2048, 2048, 2048, 2048, 2048, 2048, 2048]","[2048, 2048, 2048, 2048, 2049, 2048, 2048, 2048, 2048, 2048, 2048]","[2048, 2048, 2048, 2048, 2048, 2049, 2048]",274.0
1281,11253,30,17,2026-03-29T05:40:25.025000+00:00,35.843,42.716,18.161,267.0,326.0,False,96.72,"[None, None, None, None, None, None, None, 2048, 2048]","[2049, 2048, 2048, 2048, 2048, 2048, 2048, 2048, 2048, 2048, 2048]","[2048, 2048, 2048, 2048, 2048, 2048, 2049]",288.0
1281,11253,18,17,2026-03-29T05:40:26.252000+00:00,36.566,43.4,18.61,247.0,309.0,False,98.576,"[None, 2048, 2048, 2048, 2048, 2048, 2048, 2048, 2048]","[2048, 2049, 2048, 2048, 2049, 2048, 2048, 2048, 2048, 2048, 2048]","[2048, 2048, 2048, 2048, 2049, 2048, 2048]",272.0
1281,11253,14,17,2026-03-29T05:40:26.923000+00:00,36.461,43.351,18.491,255.0,318.0,False,98.303,"[None, 2048, 2048, 2048, 2048, 2048, 2048, 2048, 2048]","[2048, 2048, 2048, 2048, 2049, 2049, 2049, 2048, 2048, 2048, 2048]","[2048, 2048, 2048, 2049, 2049, 2048, 2049]",279.0
1281,11253,77,17,2026-03-29T05:40:32.161000+00:00,36.694,43.541,18.892,254.0,313.0,False,99.127,"[None, 2048, 2048, 2048, 2048, 2048, 2048, 2048, 2048]","[2048, 2048, 2048, 2048, 2048, 2048, 2048, 2048, 2048, 2048, 2048]","[2048, 2048, 2048, 2048, 2048, 2048, 2048]",280.0
1281,11253,81,18,2026-03-29T05:40:59.199000+00:00,34.808,41.961,20.558,260.0,314.0,False,97.327,"[None, 2048, 2049, 2048, 2048, 2048, 2048, 2048, 2048]","[2048, 2048, 2049, 2048, 2049, 2048, 2048, 2048, 2048, 2048, 2049]","[2049, 2048, 2048, 2048, 2064, 2064, 2064]",279.0
1281,11253,63,18,2026-03-29T05:41:00.972000+00:00,34.72,42.014,18.054,,317.0,False,94.788,"[None, 2048, 2049, 2048, 2048, 2048, 2048, 2048, 2048]","[2051, 2048, 2049, 2048, 2049, 2048, 2048, 2048, 2048, 2048, 2048]","[2048, 2048, 2048, 2048, 2048, 2048, 2048]",281.0
1281,11253,12,18,2026-03-29T05:41:04.739000+00:00,34.399,41.758,17.938,259.0,325.0,False,94.095,"[None, 2048, 2049, 2049, 2049, 2049, 2049, 2048, 2048]","[2048, 2049, 2048, 2048, 2048, 2048, 2048, 2048, 2049, 2048, 2048]","[2048, 2048, 2049, 2048, 2049, 2051, 2048]",283.0
1281,11253,44,18,2026-03-29T05:41:06.616000+00:00,34.919,41.921,18.119,261.0,316.0,False,94.959,"[None, 2048, 2048, 2048, 2048, 2048, 2048, 2048, 2048]","[2048, 2048, 2048, 2049, 2048, 2048, 2048, 2049, 2048, 2048, 2048]","[2048, 2048, 2049, 2048, 2048, 2048, 2048]",280.0
1281,11253,16,18,2026-03-29T05:41:06.914000+00:00,54.283,41.849,18.205,255.0,310.0,True,114.337,"[2064, 2064, 2048, 2048, 2048, 2048, 2049, 2048, 2048]","[2048, 2051, 2048, 2048, 2048, 2048, 2048, 2049, 2049, 2048, 2048]","[2048, 2048, 2048, 2048, 2049, 2049, 2048]",276.0
1281,11253,10,18,2026-03-29T05:41:15.289000+00:00,35.247,42.279,18.299,261.0,314.0,False,95.825,"[None, 2048, 2049, 2048, 2048, 2048, 2048, 2048, 2048]","[2048, 2049, 2048, 2048, 2048, 2048, 2048, 2048, 2048, 2048, 2048]","[2048, 2048, 2048, 2049, 2048, 2049, 2048]",279.0
1281,11253,3,18,2026-03-29T05:41:18.592000+00:00,35.281,42.174,18.153,263.0,319.0,False,95.608,"[None, 2048, 2048, 2048, 2048, 2048, 2048, 2048, 2048]","[2048, 2049, 2048, 2048, 2049, 2048, 2048, 2048, 2048, 2048, 2048]","[2048, 2048, 2048, 2048, 2048, 2049, 2048]",279.0
1281,11253,1,18,2026-03-29T05:41:27.895000+00:00,34.876,41.988,18.052,257.0,316.0,False,94.916,"[2048, 2048, 2048, 2049, 2048, 2049, 2048, 2048, 2048]","[2048, 2048, 2048, 2048, 2049, 2048, 2048, 2049, 2049, 2048, 2048]","[2048, 2048, 2048, 2048, 2048, 2049, 2048]",282.0
1281,11253,31,18,2026-03-29T05:41:28.653000+00:00,35.804,42.384,18.268,258.0,332.0,False,96.456,"[None, 2048, 2048, 2048, 2048, 2048, 2048, 2048, 2048]","[2048, 2048, 2049, 2048, 2048, 2048, 2048, 2048, 2048, 2048, 2048]","[2048, 2048, 2048, 2048, 2048, 2048, 2048]",289.0
1281,11253,41,18,2026-03-29T05:41:31.858000+00:00,35.797,42.533,20.866,266.0,322.0,False,99.196,"[None, 2048, 2048, 2048, 2048, 2048, 2048, 2048, 2048]","[2048, 2048, 2048, 2048, 2048, 2048, 2048, 2048, 2048, 2048, 2048]","[2048, 2048, 2048, 2048, 2064, 2064, 2064]",284.0
1281,11253,6,18,2026-03-29T05:41:32.819000+00:00,35.463,42.597,18.234,266.0,330.0,False,96.294,"[None, 2048, 2048, 2048, 2048, 2048, 2048, 2048, 2048]","[2048, 2049, 2048, 2048, 2049, 2048, 2048, 2048, 2048, 2048, 2048]","[2048, 2048, 2048, 2048, 2048, 2048, 2048]",291.0
1281,11253,30,18,2026-03-29T05:41:33.667000+00:00,35.879,42.537,18.188,,328.0,False,96.604,"[None, 2048, 2048, 2048, 2048, 2048, 2048, 2048, 2048]","[2048, 2048, 2048, 2049, 2049, 2048, 2048, 2048, 2048, 2048, 2048]","[2048, 2048, 2048, 2048, 2048, 2048, 2048]",289.0
1281,11253,5,18,2026-03-29T05:41:35.531000+00:00,35.496,42.77,18.316,,316.0,False,96.582,"[None, 2048, 2049, 2048, 2048, 2048, 2048, 2048, 2048]","[2049, 2048, 2049, 2048, 2048, 2048, 2048, 2048, 2048, 2048, 2048]","[2048, 2048, 2048, 2048, 2049, 2048, 2048]",284.0
1281,11253,43,18,2026-03-29T05:41:36.842000+00:00,55.731,42.861,18.293,273.0,308.0,True,116.885,"[2064, 2064, 2048, 2048, 2048, 2049, 2049, 2049, 2049]","[2048, 2048, 2048, 2048, 2048, 2048, 2048, 2049, 2049, 2048, 2048]","[2048, 2048, 2049, 2049, 2049, 2048, 2048]",273.0
1281,11253,27,18,2026-03-29T05:41:37.861000+00:00,35.423,42.448,18.166,258.0,325.0,False,96.037,"[None, 2048, 2048, 2048, 2048, 2048, 2049, 2048, 2048]","[2049, 2048, 2048, 2048, 2048, 2048, 2048, 2048, 2048, 2048, 2048]","[2048, 2048, 2048, 2048, 2048, 2048, 2048]",289.0
1281,11253,55,18,2026-03-29T05:41:40.683000+00:00,35.859,42.634,18.275,269.0,318.0,False,96.768,"[None, 2048, 2048, 2048, 2048, 2048, 2048, 2048, 2048]","[2049, 2048, 2048, 2048, 2048, 2048, 2048, 2049, 2049, 2048, 2048]","[2048, 2048, 2048, 2048, 2048, 2048]",284.0
1281,11253,23,18,2026-03-29T05:41:42.696000+00:00,35.912,42.701,18.379,266.0,312.0,False,96.992,"[None, 2048, 2048, 2048, 2048, 2048, 2048, 2048, 2048]","[2049, 2048, 2048, 2048, 2048, 2048, 2048, 2048, 2049, 2048, 2048]","[2048, 2048, 2048, 2048, 2048, 2048, 2048]",283.0
1281,11253,11,18,2026-03-29T05:41:56.076000+00:00,36.279,43.995,18.814,254.0,319.0,False,99.088,"[None, 2048, 2048, 2048, 2048, 2048, 2048, 2048, 2048]","[2048, 2048, 2048, 2048, 2049, 2048, 2048, 2048, 2048, 2048, 2048]","[2048, 2048, 2048, 2048, 2048, 2048, 2048]",280.0
1281,11253,87,18,2026-03-29T05:41:59.314000+00:00,35.006,42.424,18.624,256.0,324.0,False,96.054,"[2048, 2048, 2048, 2049, 2049, 2048, 2048, 2049, 2048]","[2048, 2048, 2048, 2048, 2048, 2048, 2048, 2048, 2048, 2049, 2048]","[2048, 2048, 2048, 2048, 2048, 2048, 2049]",288.0
1281,11253,18,18,2026-03-29T05:42:04.829000+00:00,36.307,43.35,18.797,249.0,307.0,False,98.454,"[None, 2048, 2048, 2048, 2048, 2048, 2048, 2048, 2048]","[2048, 2048, 2048, 2049, 2048, 2048, 2048, 2048, 2049, 2048, 2048]","[2048, 2048, 2048, 2048, 2048, 2048, 2048]",271.0
1281,11253,14,18,2026-03-29T05:42:05.222000+00:00,36.377,43.338,18.789,,329.0,False,98.504,"[None, 2048, 2048, 2048, 2048, 2048, 2048, 2048, 2048]","[2048, 2048, 2048, 2048, 2049, 2048, 2048, 2048, 2048, 2048, 2049]","[2048, 2048, 2048, 2048, 2048, 2048, 2048]",282.0
1281,11253,77,18,2026-03-29T05:42:11.221000+00:00,39.204,44.025,18.784,260.0,312.0,False,102.013,"[None, 2048, 2048, 2048, 2048, 2048, 2048, 2048, 2049]","[2048, 2048, 2048, 2048, 2048, 2048, 2048, 2048, 2048, 2048, 2048]","[2048, 2048, 2048, 2048, 2048, 2048, 2048]",276.0
1281,11253,63,19,2026-03-29T05:42:35.703000+00:00,34.88,41.951,18.156,257.0,313.0,False,94.987,"[None, 2048, 2049, 2048, 2048, 2048, 2048, 2048, 2048]","[2048, 2049, 2048, 2048, 2048, 2048, 2048, 2051, 2048, 2048, 2048]","[2048, 2048, 2049, 2048, 2048, 2048, 2048]",276.0
1281,11253,81,19,2026-03-29T05:42:36.382000+00:00,54.877,41.678,17.982,263.0,320.0,True,114.537,"[2064, 2064, 2048, 2048, 2048, 2048, 2048, 2048, 2048]","[2048, 2049, 2049, 2048, 2051, 2048, 2048, 2048, 2048, 2049, 2049]","[2049, 2049, 2048, 2048, 2048, 2048, 2048]",286.0
1281,11253,12,19,2026-03-29T05:42:38.833000+00:00,34.476,41.879,17.988,258.0,318.0,False,94.343,"[None, 2048, 2048, 2049, 2048, 2049, 2048, 2048, 2048]","[2049, 2048, 2049, 2048, 2049, 2048, 2048, 2049, 2048, 2048, 2048]","[2048, 2048, 2049, 2048, 2048, 2048, 2048]",281.0
1281,11253,44,19,2026-03-29T05:42:41.637000+00:00,34.878,41.972,18.13,,313.0,False,94.98,"[None, 2048, 2048, 2048, 2048, 2048, 2048, 2048, 2048]","[2048, 2048, 2048, 2048, 2048, 2048, 2048, 2049, 2048, 2048, 2048]","[2048, 2048, 2049, 2048, 2048, 2049, 2048]",278.0
1281,11253,10,19,2026-03-29T05:42:51.168000+00:00,35.219,42.35,18.233,,314.0,False,95.802,"[None, 2048, 2048, 2048, 2048, 2048, 2048, 2048, 2048]","[2049, 2048, 2048, 2048, 2048, 2048, 2048, 2048, 2048, 2048, 2048]","[2048, 2048, 2048, 2048, 2049, 2048]",278.0
1281,11253,3,19,2026-03-29T05:42:54.194000+00:00,35.158,42.259,18.17,264.0,318.0,False,95.587,"[None, 2048, 2048, 2048, 2048, 2048, 2048, 2048, 2048]","[2048, 2048, 2048, 2048, 2049, 2048, 2048, 2048, 2048, 2048, 2048]","[2048, 2048, 2048, 2048, 2048, 2048, 2048]",281.0
1281,11253,16,19,2026-03-29T05:43:01.188000+00:00,34.787,41.516,18.123,260.0,316.0,False,94.426,"[2048, 2048, 2048, 2051, 2049, 2048, 2048, 2048, 2048]","[2049, 2051, 2048, 2048, 2049, 2048, 2048, 2048, 2049, 2049, 2048]","[2048, 2048, 2049, 2048, 2048, 2048, 2048]",280.0
1281,11253,1,19,2026-03-29T05:43:02.861000+00:00,34.516,41.804,17.965,259.0,320.0,False,94.285,"[None, 2048, 2048, 2049, 2049, 2048, 2048, 2048, 2048]","[2049, 2049, 2048, 2048, 2049, 2048, 2048, 2048, 2048, 2048, 2048]","[2048, 2048, 2048, 2048, 2048, 2048]",284.0
1281,11253,31,19,2026-03-29T05:43:05.217000+00:00,35.524,42.361,21.014,253.0,320.0,False,98.899,"[None, 2048, 2049, 2048, 2048, 2048, 2048, 2048, 2048]","[2048, 2048, 2048, 2048, 2048, 2048, 2049, 2048, 2049, 2048, 2048]","[2048, 2048, 2048, 2048, 2064, 2064, 2064]",282.0
1281,11253,6,19,2026-03-29T05:43:09.059000+00:00,35.269,42.287,20.179,,334.0,False,97.735,"[None, 2048, 2049, 2048, 2048, 2049, 2048, 2048, 2048]","[2049, 2049, 2048, 2048, 2049, 2048, 2048, 2049, 2049, 2048, 2048]","[2048, 2048, 2048, 2048, 2064, 2064, 2064]",291.0
1281,11253,30,19,2026-03-29T05:43:10.358000+00:00,35.815,42.626,18.275,265.0,320.0,False,96.716,"[2049, 2048, 2048, 2048, 2048, 2048, 2048, 2048, 2048]","[2048, 2048, 2048, 2048, 2048, 2048, 2048, 2049, 2049, 2048, 2048]","[2048, 2048, 2048, 2048, 2048, 2048, 2048]",285.0
1281,11253,41,19,2026-03-29T05:43:11.262000+00:00,58.35,42.327,18.073,267.0,316.0,True,118.75,"[2064, 2064, 2048, 2048, 2048, 2048, 2049, 2048, 2048]","[2048, 2049, 2048, 2049, 2048, 2048, 2048, 2048, 2049, 2048, 2048]","[2048, 2048, 2049, 2049, 2049, 2049, 2048]",279.0
1281,11253,5,19,2026-03-29T05:43:12.082000+00:00,35.668,42.654,18.239,259.0,318.0,False,96.561,"[None, 2048, 2048, 2048, 2048, 2048, 2048, 2048, 2048]","[2048, 2049, 2049, 2048, 2048, 2048, 2048, 2048, 2048, 2048, 2048]","[2048, 2048, 2048, 2048, 2049, 2048, 2048]",281.0
1281,11253,27,19,2026-03-29T05:43:13.803000+00:00,35.308,42.305,17.962,261.0,329.0,False,95.575,"[None, 2048, 2049, 2048, 2048, 2049, 2048, 2048, 2048]","[2049, 2048, 2049, 2048, 2048, 2048, 2048, 2048, 2049, 2049, 2048]","[2048, 2048, 2048, 2048, 2048, 2048, 2048]",292.0
1281,11253,55,19,2026-03-29T05:43:17.420000+00:00,35.678,42.653,18.262,265.0,314.0,False,96.593,"[None, 2048, 2048, 2048, 2048, 2048, 2048, 2048, 2048]","[2048, 2049, 2048, 2048, 2048, 2048, 2048, 2048, 2048, 2048, 2048]","[2048, 2048, 2049, 2048, 2048, 2048, 2048]",281.0
1281,11253,23,19,2026-03-29T05:43:19.781000+00:00,35.81,42.515,18.267,272.0,316.0,False,96.592,"[None, 2048, 2048, 2048, 2048, 2048, 2048, 2048, 2049]","[2049, 2048, 2048, 2048, 2048, 2048, 2048, 2048, 2049, 2048, 2048]","[2048, 2048, 2048, 2048, 2048, 2048]",284.0
1281,11253,43,19,2026-03-29T05:43:33.788000+00:00,36.229,42.489,18.167,258.0,316.0,False,96.885,"[2048, 2048, 2048, 2048, 2048, 2048, 2048, 2048, 2048]","[2048, 2048, 2048, 2048, 2049, 2048, 2048, 2048, 2048, 2048, 2048]","[2048, 2048, 2048, 2049, 2051, 2051, 2048]",283.0
1281,11253,11,19,2026-03-29T05:43:35.098000+00:00,36.679,42.756,18.526,253.0,323.0,False,97.961,"[None, 2048, 2048, 2048, 2048, 2048, 2048, 2048, 2048]","[2048, 2048, 2048, 2049, 2048, 2048, 2048, 2048, 2048, 2048, 2048]","[2048, 2048, 2048, 2048, 2048, 2048, 2049]",284.0
1281,11253,87,19,2026-03-29T05:43:35.371000+00:00,35.345,42.252,18.308,257.0,337.0,False,95.905,"[2049, 2048, 2048, 2048, 2048, 2048, 2048, 2048, 2048]","[2048, 2048, 2049, 2048, 2051, 2048, 2048, 2048, 2048, 2048, 2048]","[2048, 2048, 2048, 2048, 2048, 2048, 2048]",294.0
1281,11253,18,19,2026-03-29T05:43:43.277000+00:00,36.404,43.347,18.621,254.0,307.0,False,98.372,"[None, 2048, 2048, 2048, 2048, 2048, 2048, 2048, 2048]","[2048, 2049, 2048, 2048, 2049, 2048, 2048, 2048, 2048, 2048, 2048]","[2048, 2048, 2048, 2049, 2048, 2048, 2048]",271.0
1281,11253,14,19,2026-03-29T05:43:44.009000+00:00,36.674,43.29,18.638,,322.0,False,98.602,"[None, 2048, 2048, 2048, 2048, 2048, 2048, 2048, 2048]","[2048, 2048, 2049, 2048, 2048, 2049, 2048, 2048, 2048, 2049, 2048]","[2048, 2048, 2048, 2048, 2048, 2048, 2048]",279.0
1281,11253,77,19,2026-03-29T05:43:53.238000+00:00,36.686,43.598,21.659,254.0,315.0,False,101.943,"[None, 2048, 2048, 2048, 2048, 2048, 2048, 2048, 2048]","[2048, 2048, 2048, 2048, 2048, 2048, 2048, 2048, 2048, 2048, 2048]","[2048, 2048, 2048, 2048, 2064, 2064, 2064]",278.0
1281,11253,63,20,2026-03-29T05:44:10.701000+00:00,34.585,41.875,18.063,262.0,312.0,False,94.523,"[None, 2048, 2048, 2048, 2048, 2051, 2048, 2048, 2048]","[2048, 2049, 2048, 2048, 2048, 2048, 2048, 2048, 2048, 2048, 2048]","[2048, 2048, 2049, 2048, 2049, 2049, 2048]",277.0
1281,11253,12,20,2026-03-29T05:44:13.163000+00:00,34.504,41.791,17.946,261.0,321.0,False,94.241,"[None, 2048, 2049, 2049, 2049, 2048, 2048, 2048, 2048]","[2049, 2048, 2049, 2048, 2048, 2048, 2048, 2049, 2048, 2048, 2048]","[2048, 2048, 2048, 2048, 2048, 2048, 2048]",283.0
1281,11253,44,20,2026-03-29T05:44:16.593000+00:00,35.003,41.989,18.176,260.0,314.0,False,95.168,"[None, 2048, 2048, 2048, 2048, 2049, 2048, 2048, 2048]","[2048, 2049, 2048, 2048, 2048, 2048, 2048, 2048, 2048, 2048, 2048]","[2048, 2048, 2049, 2048, 2048, 2048, 2048]",278.0
1281,11253,10,20,2026-03-29T05:44:26.805000+00:00,35.239,42.121,18.168,,315.0,False,95.528,"[None, 2048, 2048, 2048, 2048, 2048, 2048, 2048, 2048]","[2048, 2049, 2049, 2048, 2049, 2048, 2048, 2048, 2048, 2048, 2048]","[2048, 2048, 2048, 2049, 2049, 2049, 2049]",279.0
1281,11253,3,20,2026-03-29T05:44:29.730000+00:00,35.168,42.207,18.225,266.0,319.0,False,95.6,"[None, 2048, 2048, 2048, 2048, 2048, 2048, 2048, 2048]","[2048, 2048, 2048, 2048, 2048, 2048, 2048, 2048, 2048, 2048, 2048]","[2048, 2048, 2048, 2048, 2048, 2048, 2048]",281.0
1281,11253,81,20,2026-03-29T05:44:31.068000+00:00,34.54,41.948,18.286,,329.0,False,94.774,"[2048, 2049, 2049, 2048, 2048, 2048, 2048, 2048, 2048]","[2048, 2048, 2048, 2048, 2051, 2048, 2049, 2048, 2048, 2049, 2049]","[2049, 2048, 2048, 2048, 2048, 2048, 2049]",289.0
1281,11253,16,20,2026-03-29T05:44:35.610000+00:00,34.695,41.458,18.113,,316.0,False,94.266,"[None, 2048, 2048, 2048, 2048, 2048, 2048, 2048, 2048]","[2048, 2048, 2048, 2048, 2049, 2048, 2048, 2049, 2048, 2049, 2048]","[2048, 2048, 2048, 2049, 2049, 2049, 2048]",281.0
1281,11253,1,20,2026-03-29T05:44:37.069000+00:00,34.258,41.67,17.843,,321.0,False,93.771,"[None, 2048, 2049, 2048, 2049, 2049, 2048, 2049, 2048]","[2049, 2048, 2048, 2048, 2048, 2048, 2048, 2048, 2049, 2049, 2048]","[2048, 2048, 2048, 2048, 2048, 2051, 2049]",286.0
1281,11253,31,20,2026-03-29T05:44:44.066000+00:00,56.587,41.917,18.415,264.0,318.0,True,116.919,"[2064, 2064, 2048, 2049, 2048, 2049, 2049, 2049, 2049]","[2048, 2049, 2048, 2049, 2048, 2048, 2048, 2048, 2049, 2048, 2048]","[2048, 2048, 2049, 2049, 2049, 2049, 2049]",271.0
1281,11253,6,20,2026-03-29T05:44:46.822000+00:00,55.858,42.136,17.967,265.0,323.0,True,115.961,"[2064, 2064, 2048, 2048, 2048, 2048, 2049, 2048, 2048]","[2049, 2049, 2048, 2048, 2049, 2048, 2048, 2048, 2049, 2048, 2048]","[2048, 2048, 2049, 2048, 2049, 2049, 2048]",285.0
1281,11253,30,20,2026-03-29T05:44:46.973000+00:00,35.66,42.435,18.347,,317.0,False,96.442,"[2048, 2048, 2048, 2048, 2048, 2048, 2048, 2048, 2048]","[2048, 2049, 2049, 2048, 2048, 2048, 2048, 2049, 2049, 2048, 2048]","[2048, 2048, 2048, 2048, 2048, 2048, 2048]",280.0
1281,11253,5,20,2026-03-29T05:44:48.597000+00:00,35.447,42.435,18.14,258.0,321.0,False,96.022,"[None, 2048, 2048, 2048, 2048, 2049, 2048, 2048, 2048]","[2049, 2049, 2048, 2049, 2048, 2048, 2048, 2048, 2048, 2048, 2048]","[2048, 2048, 2048, 2049, 2049, 2048, 2048]",283.0
1281,11253,27,20,2026-03-29T05:44:49.496000+00:00,35.318,42.304,18.033,268.0,327.0,False,95.655,"[None, 2048, 2048, 2048, 2048, 2048, 2048, 2048, 2048]","[2048, 2048, 2049, 2048, 2049, 2048, 2048, 2048, 2048, 2049, 2048]","[2048, 2048, 2048, 2048, 2048, 2049, 2049]",292.0
1281,11253,55,20,2026-03-29T05:44:54.094000+00:00,35.716,42.514,18.23,269.0,316.0,False,96.46,"[None, 2048, 2048, 2048, 2048, 2048, 2048, 2048, 2048]","[2048, 2048, 2048, 2048, 2048, 2048, 2048, 2049, 2048, 2048, 2048]","[2048, 2048, 2048, 2048, 2048, 2048, 2048]",282.0
1281,11253,23,20,2026-03-29T05:44:56.235000+00:00,35.793,42.772,18.247,261.0,314.0,False,96.812,"[None, 2048, 2048, 2048, 2048, 2049, 2048, 2048, 2048]","[2048, 2048, 2048, 2048, 2048, 2048, 2048, 2049, 2048, 2048, 2048]","[2048, 2048, 2048, 2048, 2049, 2049]",283.0
1281,11253,41,20,2026-03-29T05:45:09.712000+00:00,35.291,42.231,17.942,266.0,321.0,False,95.464,"[2048, 2048, 2048, 2049, 2048, 2048, 2048, 2048, 2048]","[2048, 2049, 2048, 2048, 2048, 2048, 2048, 2048, 2048, 2048, 2048]","[2048, 2048, 2048, 2048, 2048, 2049, 2048]",285.0
1281,11253,43,20,2026-03-29T05:45:10.765000+00:00,35.278,42.354,17.992,261.0,326.0,False,95.624,"[None, 2048, 2048, 2049, 2048, 2048, 2048, 2049, 2048]","[2048, 2048, 2048, 2049, 2048, 2048, 2048, 2048, 2048, 2048, 2048]","[2048, 2048, 2048, 2048, 2048, 2048, 2048]",288.0
1281,11253,87,20,2026-03-29T05:45:11.288000+00:00,35.253,42.31,18.041,262.0,335.0,False,95.604,"[2048, 2048, 2048, 2048, 2048, 2048, 2048, 2048, 2048]","[2048, 2048, 2048, 2048, 2048, 2048, 2048, 2048, 2048, 2049, 2048]","[2048, 2049, 2048, 2048, 2048, 2048, 2049]",294.0
1281,11253,11,20,2026-03-29T05:45:13.089000+00:00,35.961,44.018,18.756,,315.0,False,98.735,"[None, 2048, 2048, 2048, 2048, 2048, 2048, 2048, 2048]","[2048, 2048, 2048, 2048, 2048, 2048, 2048, None, None, 2048, 2048]","[2048, 2048, 2048, 2048, 2048, 2048, 2048]",278.0
1281,11253,18,20,2026-03-29T05:45:21.577000+00:00,36.487,43.281,18.638,249.0,307.0,False,98.406,"[None, 2048, 2048, 2048, 2048, 2048, 2048, 2048, 2048]","[2048, 2049, 2048, 2048, 2049, 2048, 2048, 2048, 2049, 2048, 2048]","[2048, 2048, 2048, 2049, 2048, 2048, 2048]",270.0
1281,11253,14,20,2026-03-29T05:45:22.263000+00:00,36.376,43.166,18.638,263.0,323.0,False,98.18,"[None, 2048, 2048, 2048, 2048, 2048, 2048, 2048, 2049]","[2049, 2048, 2049, 2048, 2048, 2048, 2048, 2048, 2048, 2049, 2048]","[2048, 2048, 2048, 2049, 2048, 2048, 2048]",282.0
1281,11253,77,20,2026-03-29T05:45:35.072000+00:00,59.093,42.812,18.384,262.0,318.0,True,120.289,"[2064, 2064, 2048, 2048, 2049, 2048, 2049, 2049, 2049]","[2048, 2049, 2049, 2048, 2049, 2048, 2048, 2049, 2049, 2048, 2048]","[2048, 2048, 2049, 2048, 2049, 2049, 2049]",280.0
1281,11253,63,21,2026-03-29T05:45:45.285000+00:00,34.583,41.632,20.29,260.0,324.0,False,96.505,"[None, 2048, 2049, 2048, 2048, 2049, 2048, 2048, 2048]","[2048, 2049, 2048, 2048, 2048, 2048, 2048, 2051, 2051, 2048, 2048]","[2048, 2048, 2048, 2048, 2064, 2064, 2064]",285.0
1281,11253,12,21,2026-03-29T05:45:47.450000+00:00,34.329,41.686,17.933,,318.0,False,93.948,"[None, 2048, 2051, 2048, 2048, 2048, 2048, 2048, 2048]","[2048, 2048, 2048, 2049, 2048, 2048, 2048, 2049, 2048, 2048, 2048]","[2048, 2048, 2051, 2048, 2049, 2048, 2048]",282.0
1281,11253,44,21,2026-03-29T05:45:51.932000+00:00,34.972,41.846,18.192,,314.0,False,95.01,"[None, 2048, 2048, 2048, 2048, 2049, 2048, 2048, 2048]","[2048, 2049, 2048, 2048, 2048, 2048, 2048, 2048, 2048, 2048, 2048]","[2048, 2048, 2048, 2048, 2048, 2048, 2048]",278.0
1281,11253,10,21,2026-03-29T05:46:02.405000+00:00,35.198,42.361,18.096,,318.0,False,95.655,"[None, 2048, 2048, 2048, 2048, 2048, 2048, 2048, 2048]","[2048, 2048, 2048, 2048, 2049, 2048, 2048, 2048, 2048, 2048, 2048]","[2048, 2048, 2049, 2048, 2048, 2049, 2048]",283.0
1281,11253,3,21,2026-03-29T05:46:05.482000+00:00,35.756,42.291,18.077,,324.0,False,96.124,"[None, 2048, 2048, 2048, 2048, 2048, 2048, 2048, 2048]","[2048, 2048, 2048, 2048, 2049, 2048, 2048, 2048, 2048, 2048, 2048]","[2048, 2048, 2048, 2048, 2048, 2049, 2049]",286.0
1281,11253,81,21,2026-03-29T05:46:05.788000+00:00,34.223,41.834,17.953,261.0,319.0,False,94.01,"[2049, 2049, 2048, 2048, 2048, 2048, 2048, 2048, 2048]","[2048, 2048, 2048, 2048, 2048, 2048, 2048, 2048, 2048, 2048, 2048]","[2048, 2049, 2048, 2048, 2048, 2048, 2048]",286.0
1281,11253,16,21,2026-03-29T05:46:09.931000+00:00,34.478,41.616,18.038,,318.0,False,94.132,"[None, 2048, 2048, 2048, 2048, 2051, 2048, 2048, 2048]","[2048, 2048, 2048, 2048, 2048, 2048, 2048, 2048, 2048, 2048, 2048]","[2048, 2048, 2048, 2048, 2049, 2048, 2048]",284.0
1281,11253,1,21,2026-03-29T05:46:10.889000+00:00,34.402,41.856,17.903,263.0,327.0,False,94.161,"[None, 2048, 2048, 2048, 2049, 2048, 2048, 2048, 2048]","[2049, 2048, 2048, 2048, 2048, 2048, 2048, 2048, 2048, 2048, 2048]","[2048, 2048, 2048, 2048, 2048, 2048, 2048]",289.0
1281,11253,30,21,2026-03-29T05:46:23.314000+00:00,35.509,42.408,18.263,,317.0,False,96.18,"[None, 2048, 2048, 2048, 2048, 2049, 2048, 2048, 2048]","[2048, 2049, 2049, 2048, 2048, 2048, 2048, 2048, 2048, 2048, 2048]","[2048, 2048, 2048, 2048, 2048, 2048, 2048]",280.0
1281,11253,5,21,2026-03-29T05:46:24.589000+00:00,35.313,42.618,17.894,,327.0,False,95.825,"[None, 2048, 2048, 2048, 2048, 2048, 2048, 2048, 2048]","[2048, 2048, 2048, 2049, 2048, 2048, 2048, 2048, 2048, 2048, 2048]","[2048, 2049, 2048, 2049, 2049, 2049, 2048]",290.0
1281,11253,27,21,2026-03-29T05:46:25.041000+00:00,35.319,42.622,18.003,266.0,325.0,False,95.944,"[None, 2048, 2048, 2048, 2048, 2048, 2048, 2048, 2048]","[2048, 2048, 2048, 2048, 2048, 2048, 2048, 2048, 2048, 2049, 2048]","[2048, 2048, 2048, 2048, 2048, 2049, 2048]",292.0
1281,11253,55,21,2026-03-29T05:46:30.550000+00:00,35.651,42.584,18.255,263.0,315.0,False,96.49,"[None, 2048, 2049, 2049, 2048, 2049, 2048, 2048, 2048]","[2048, 2049, 2048, 2048, 2048, 2048, 2048, 2048, 2049, 2048, 2048]","[2048, 2048, 2048, 2048, 2048, 2049, 2048]",280.0
1281,11253,23,21,2026-03-29T05:46:33.120000+00:00,35.615,42.544,18.258,270.0,312.0,False,96.417,"[None, 2048, 2048, 2048, 2048, 2048, 2048, 2048, 2048]","[2048, 2049, 2048, 2048, 2048, 2048, 2048, 2049, 2048, 2048, 2048]","[2048, 2048, 2048, 2048, 2049, 2049, 2049]",282.0
1281,11253,31,21,2026-03-29T05:46:40.969000+00:00,34.854,42.212,22.006,258.0,313.0,False,99.072,"[2048, 2048, 2048, 2049, 2049, 2049, 2048, 2048, 2048]","[2048, 2048, 2048, 2048, 2048, 2048, 2048, 2049, 2049, 2048, 2048]","[2048, 2048, 2048, 2048, 2048, 2048, 2048]",278.0
1281,11253,6,21,2026-03-29T05:46:42.788000+00:00,34.752,42.074,23.107,266.0,324.0,False,99.933,"[2048, 2048, 2048, 2049, 2049, 2049, 2049, 2049, 2048]","[2049, 2049, 2048, 2048, 2049, 2048, 2048, 2049, 2048, 2049, 2048]","[2048, 2048, 2048, 2048, 2048, 2048, 2048]",289.0
1281,11253,41,21,2026-03-29T05:46:45.291000+00:00,34.989,42.281,23.531,268.0,320.0,False,100.801,"[None, 2048, 2048, 2049, 2048, 2048, 2049, 2048, 2048]","[2049, 2048, 2048, 2048, 2048, 2048, 2048, 2048, 2048, 2048, 2048]","[2048, 2048, 2048, 2048, 2048, 2048, 2048]",285.0
1281,11253,43,21,2026-03-29T05:46:46.311000+00:00,35.03,43.969,24.166,260.0,325.0,False,103.165,"[None, 2048, 2048, 2048, 2049, 2049, 2048, 2048, 2048]","[2049, 2048, 2048, 2049, 2048, 2048, 2048, 2048, 2048, 2048, 2048]","[2048, 2048, 2048, 2048, 2048, 2048, 2048]",285.0
1281,11253,87,21,2026-03-29T05:46:46.906000+00:00,35.076,,,261.0,,False,,"[None, 2048, 2049, 2048, 2048, 2048, 2048, 2048, 2048]",[2048],,
1281,11253,11,21,2026-03-29T05:46:51.945000+00:00,36.104,43.496,28.546,,317.0,False,108.146,"[None, 2048, 2048, 2048, 2048, 2048, 2048, 2048, 2048]","[2048, 2048, 2048, 2049, 2048, 2048, 2048, 2048, 2048, 2048, 2048]","[2048, 2048, 2048, 2048, 2064, 2064, 2064]",171.0
1281,11253,18,21,2026-03-29T05:46:59.931000+00:00,36.365,49.537,25.756,246.0,278.0,False,111.658,"[None, 2048, 2048, 2048, 2048, 2048, 2048, 2048, 2048]","[2048, 2048, 2048, 2048, 2048, 2048, 2048, 2048, 2048, 2048, 2048]","[2048, 2048, 2048, 2048, 2064, 2064, 2064]",207.0
1281,11253,14,21,2026-03-29T05:47:00.524000+00:00,36.528,50.917,31.576,,264.0,False,119.021,"[None, 2048, 2048, 2048, 2049, 2048, 2048, 2048, 2048]","[2048, 2048, 2048, 2048, 2048, 2048, 2048, 2048, 2048, 2048, 2048]","[2048, 2048, 2048, 2048, 2064, 2064, 2064]",182.0
1281,11253,12,22,2026-03-29T05:47:21.494000+00:00,34.353,53.479,25.544,,205.0,False,113.376,"[None, 2048, 2048, 2048, 2049, 2048, 2048, 2048, 2048]","[2049, 2048, 2048, 2048, 2048, 2048, 2048, 2048, 2048, 2048, 2048]","[2048, 2048, 2048, 2048, 2064, 2064, 2064]",204.0
1281,11253,63,22,2026-03-29T05:47:21.867000+00:00,55.328,59.963,23.972,121.0,287.0,True,139.263,"[2064, 2064, 2048, 2048, 2048, 2051, 2049, 2049, 2048]","[2048, 2048, 2048, 2048, 2048, 2048, 2048, 2048, 2048, 2048, 2048]","[2048, 2048, 2048, 2048, 2048, 2048, 2048]",229.0
1281,11253,44,22,2026-03-29T05:47:26.824000+00:00,34.993,55.394,26.532,258.0,206.0,False,116.919,"[None, 2048, 2048, 2048, 2048, 2049, 2048, 2048, 2048]","[2048, 2048, 2048, 2048, 2048, 2048, 2048, 2048, 2048, 2048, 2048]","[2048, 2048, 2048, 2048, 2064, 2064, 2064]",223.0
1281,11253,77,21,2026-03-29T05:47:35.505000+00:00,35.738,62.073,22.166,254.0,269.0,False,119.977,"[2048, 2048, 2049, 2049, 2049, 2049, 2049, 2049, 2048]","[2048, 2048, 2048, 2048, 2048, 2048, 2048, 2048, 2048, 2048, 2048]","[2048, 2048, 2048, 2048, 2048, 2048, 2048]",262.0
1281,11253,10,22,2026-03-29T05:47:38.084000+00:00,35.019,60.601,25.34,260.0,273.0,False,120.96,"[None, 2048, 2049, 2048, 2048, 2048, 2048, 2048, 2048]","[2048, 2048, 2048, 2048, 2048, 2048, 2048, 2048, 2048, 2048, 2048]","[2048, 2048, 2048, 2048, 2064, 2064, 2064]",250.0
1281,11253,81,22,2026-03-29T05:47:39.657000+00:00,34.448,60.223,24.301,207.0,286.0,False,118.972,"[2048, 2048, 2049, 2048, 2048, 2048, 2048, 2048, 2048]","[2048, 2048, 2048, 2048, 2048, 2048, 2048, 2048, 2048, 2048, 2048]","[2048, 2048, 2048, 2048, 2048, 2048, 2048]",239.0
1281,11253,3,22,2026-03-29T05:47:41.483000+00:00,38.435,58.973,24.348,177.0,292.0,False,121.756,"[None, 2048, 2048, 2048, 2048, 2048, 2048, 2048, 2048]","[2048, 2048, 2048, 2048, 2048, 2048, 2048, 2048, 2048, 2048, 2048]","[2048, 2048, 2048, 2048, 2064, 2064, 2064]",239.0
1281,11253,16,22,2026-03-29T05:47:44.167000+00:00,38.643,57.297,24.366,159.0,258.0,False,120.306,"[None, 2048, 2048, 2048, 2048, 2048, 2048, 2048, 2048]","[2048, 2048, 2048, 2048, 2048, 2048, 2048, 2048, 2048, 2048, 2048]","[2048, 2048, 2048, 2048, 2048, 2048, 2048]",253.0
1281,11253,1,22,2026-03-29T05:47:45.114000+00:00,38.974,56.456,25.11,156.0,245.0,False,120.54,"[None, 2048, 2049, 2048, 2048, 2048, 2048, 2048, 2048]","[2048, 2048, 2048, 2048, 2048, 2048, 2048, 2048, 2048, 2048, 2048]","[2048, 2048, 2048, 2048, 2048, 2048, 2048]",216.0
1281,11253,30,22,2026-03-29T05:47:59.794000+00:00,41.836,58.157,26.321,230.0,243.0,False,126.314,"[None, 2048, 2048, 2048, 2048, 2048, 2048, 2048, 2048]","[2048, 2048, 2048, 2048, 2048, 2048, 2048, 2048, 2048, 2048, 2048]","[2048, 2048, 2048, 2048, 2064, 2064, 2064]",224.0
1281,11253,5,22,2026-03-29T05:48:00.518000+00:00,42.345,57.023,27.027,226.0,233.0,False,126.395,"[None, 2048, 2048, 2048, 2048, 2048, 2048, 2048, 2048]","[2048, 2048, 2048, 2048, 2048, 2048, 2048, 2048, 2048, 2048, 2048]","[2048, 2048, 2048, 2048, 2064, 2064, 2064]",205.0
1281,11253,27,22,2026-03-29T05:48:01.115000+00:00,42.684,57.513,24.402,248.0,204.0,False,124.599,"[None, 2048, 2048, 2048, 2048, 2048, 2048, 2048, 2048]","[2048, 2048, 2048, 2048, 2048, 2048, 2048, 2048, 2048, 2048, 2048]","[2048, 2048, 2048, 2048, 2048, 2048, 2048]",215.0
1281,11253,55,22,2026-03-29T05:48:07.008000+00:00,45.526,56.168,25.177,253.0,292.0,False,126.871,"[None, 2048, 2048, 2048, 2048, 2048, 2048, 2048, 2048]","[2048, 2048, 2048, 2048, 2048, 2048, 2048, 2048, 2048, 2048, 2048]","[2048, 2048, 2048, 2048, 2064, 2064, 2064]",251.0
1281,11253,23,22,2026-03-29T05:48:09.600000+00:00,46.562,57.576,27.509,213.0,293.0,False,131.647,"[None, 2048, 2048, 2048, 2048, 2048, 2048, 2048, 2048]","[2048, 2048, 2048, 2048, 2048, 2048, 2048, 2048, 2048, 2048, 2048]","[2048, 2048, 2048, 2048, 2064, 2064, 2064]",185.0
1281,11253,31,22,2026-03-29T05:48:20.065000+00:00,49.401,53.717,22.564,265.0,197.0,False,125.682,"[None, 2048, 2048, 2048, 2048, 2048, 2048, 2048, 2049]","[2048, 2048, 2048, 2048, 2048, 2048, 2048, 2048, 2048, 2048, 2048]","[2048, 2048, 2048, 2048, 2048, 2048, 2048]",251.0
1281,11253,6,22,2026-03-29T05:48:22.826000+00:00,48.061,53.186,24.463,242.0,221.0,False,125.71,"[None, 2048, 2048, 2048, 2048, 2048, 2048, 2048, 2048]","[2048, 2048, 2048, 2048, 2048, 2048, 2048, 2048, 2048, 2048, 2048]","[2048, 2048, 2048, 2048, 2048, 2048, 2048]",247.0
1281,11253,41,22,2026-03-29T05:48:25.992000+00:00,45.829,56.145,24.795,243.0,256.0,False,126.769,"[None, 2048, 2048, 2048, 2048, 2048, 2048, 2048, 2048]","[2048, 2048, 2048, 2048, 2048, 2048, 2048, 2048, 2048, 2048, 2048]","[2048, 2048, 2048, 2048, 2048, 2048, 2048]",200.0
1281,11253,43,22,2026-03-29T05:48:29.469000+00:00,45.289,56.565,24.713,202.0,255.0,False,126.567,"[None, 2048, 2048, 2048, 2048, 2048, 2048, 2048, 2048]","[2048, 2048, 2048, 2048, 2048, 2048, 2048, 2048, 2048, 2048, 2048]","[2048, 2048, 2048, 2048, 2048, 2048, 2048]",220.0
1281,11253,11,22,2026-03-29T05:48:39.944000+00:00,65.515,57.054,23.706,201.0,215.0,True,146.275,"[2064, 2064, 2048, 2048, 2048, 2048, 2048, 2048, 2048]","[2048, 2048, 2048, 2048, 2048, 2048, 2048, 2048, 2048, 2048, 2048]","[2048, 2048, 2048, 2048, 2048, 2048, 2048]",210.0
1281,11253,18,22,2026-03-29T05:48:51.640000+00:00,62.593,59.078,24.519,234.0,133.0,True,146.19,"[2064, 2064, 2048, 2048, 2048, 2048, 2048, 2048, 2048]","[2048, 2048, 2048, 2048, 2048, 2048, 2048, 2048, 2048, 2048, 2048]","[2048, 2048, 2048, 2048, 2048, 2048, 2048]",238.0
1281,11253,14,22,2026-03-29T05:48:59.510000+00:00,61.987,60.954,21.627,247.0,262.0,True,144.568,"[2064, 2064, 2048, 2048, 2048, 2048, 2048, 2048, 2048]","[2048, 2048, 2048, 2048, 2048, 2048, 2048, 2048, 2048, 2048, 2048]","[2048, 2048, 2048, 2048, 2048, 2048, 2048]",237.0
1281,11253,12,23,2026-03-29T05:49:14.884000+00:00,63.96,66.163,29.704,263.0,151.0,True,159.827,"[2064, 2064, 2048, 2048, 2048, 2048, 2048, 2048, 2048]","[2048, 2048, 2048, 2048, 2048, 2048, 2048, 2048, 2048, 2048, 2048]","[2048, 2048, 2048, 2048, 2048, 2048, 2048]",166.0
1281,11253,44,23,2026-03-29T05:49:23.726000+00:00,64.944,62.009,30.437,212.0,129.0,True,157.39,"[2064, 2064, 2048, 2048, 2048, 2048, 2048, 2048, 2048]","[2048, 2048, 2048, 2048, 2048, 2048, 2048, 2048, 2048, 2048, 2048]","[2048, 2048, 2048, 2048, 2048, 2048, 2048]",185.0
1281,11253,77,22,2026-03-29T05:49:35.387000+00:00,45.306,65.533,29.519,261.0,155.0,False,140.358,"[None, 2048, 2048, 2048, 2048, 2048, 2048, 2048, 2048]","[2048, 2048, 2048, 2048, 2048, 2048, 2048, 2048, 2048, 2048, 2048]","[2048, 2048, 2048, 2048, 2048, 2048, 2048]",161.0
1281,11253,81,23,2026-03-29T05:49:38.682000+00:00,45.225,63.564,30.122,228.0,221.0,False,138.911,"[None, 2048, 2048, 2048, 2048, 2048, 2048, 2048, 2048]","[2048, 2048, 2048, 2048, 2048, 2048, 2048, 2048, 2048, 2048, 2048]","[2048, 2048, 2048, 2048, 2048, 2048, 2048]",172.0
1281,11253,10,23,2026-03-29T05:49:38.907000+00:00,62.639,61.561,24.521,268.0,287.0,True,148.721,"[2064, 2064, 2048, 2048, 2048, 2048, 2048, 2048, 2048]","[2048, 2048, 2048, 2048, 2048, 2048, 2048, 2048, 2048, 2048, 2048]","[2048, 2048, 2048, 2048, 2048, 2048, 2048]",260.0
1281,11253,63,23,2026-03-29T05:49:41.021000+00:00,43.996,64.079,30.029,244.0,200.0,False,138.104,"[2048, 2048, 2048, 2048, 2048, 2048, 2048, 2048, 2048]","[2048, 2048, 2048, 2048, 2048, 2048, 2048, 2048, 2048, 2048, 2048]","[2048, 2048, 2048, 2048, 2048, 2048, 2048]",148.0
1281,11253,3,23,2026-03-29T05:49:43.182000+00:00,63.647,58.232,23.683,236.0,252.0,True,145.562,"[2064, 2064, 2048, 2048, 2048, 2048, 2048, 2048, 2048]","[2048, 2048, 2048, 2048, 2048, 2048, 2048, 2048, 2048, 2048, 2048]","[2048, 2048, 2048, 2048, 2048, 2048, 2048]",253.0
1281,11253,16,23,2026-03-29T05:49:44.378000+00:00,45.154,62.826,30.094,196.0,164.0,False,138.074,"[None, 2048, 2048, 2048, 2048, 2048, 2048, 2048, 2048]","[2048, 2048, 2048, 2048, 2048, 2048, 2048, 2048, 2048, 2048, 2048]","[2048, 2048, 2048, 2048, 2048, 2048, 2048]",234.0
1281,11253,1,23,2026-03-29T05:49:45.545000+00:00,45.885,62.354,31.347,224.0,202.0,False,139.586,"[None, 2048, 2048, 2048, 2048, 2048, 2048, 2048, 2048]","[2048, 2048, 2048, 2048, 2048, 2048, 2048, 2048, 2048, 2048, 2048]","[2048, 2048, 2048, 2048, 2048, 2048, 2048]",212.0
1281,11253,27,23,2026-03-29T05:50:05.699000+00:00,44.305,57.94,27.174,217.0,214.0,False,129.419,"[None, 2048, 2048, 2048, 2048, 2048, 2048, 2048, 2048]","[2048, 2048, 2048, 2048, 2048, 2048, 2048, 2048, 2048, 2048, 2048]","[2048, 2048, 2048, 2048, 2064, 2064, 2064]",209.0
1281,11253,30,23,2026-03-29T05:50:05.910000+00:00,63.403,59.478,22.095,249.0,252.0,True,144.976,"[2064, 2064, 2048, 2048, 2048, 2048, 2048, 2048, 2048]","[2048, 2048, 2048, 2048, 2048, 2048, 2048, 2048, 2048, 2048, 2048]","[2048, 2048, 2048, 2048, 2048, 2048, 2048]",253.0
1281,11253,5,23,2026-03-29T05:50:06.778000+00:00,62.972,59.222,23.376,198.0,251.0,True,145.57,"[2064, 2064, 2048, 2048, 2048, 2048, 2048, 2048, 2048]","[2048, 2048, 2048, 2048, 2048, 2048, 2048, 2048, 2048, 2048, 2048]","[2048, 2048, 2048, 2048, 2048, 2048, 2048]",246.0
1281,11253,55,23,2026-03-29T05:50:13.965000+00:00,62.647,62.077,21.613,223.0,280.0,True,146.337,"[2064, 2064, 2048, 2048, 2048, 2048, 2048, 2048, 2048]","[2048, 2048, 2048, 2048, 2048, 2048, 2048, 2048, 2048, 2048, 2048]","[2048, 2048, 2048, 2048, 2048, 2048, 2048]",286.0
1281,11253,23,23,2026-03-29T05:50:21.139000+00:00,59.217,63.827,22.164,277.0,301.0,True,145.208,"[2064, 2064, 2048, 2048, 2048, 2048, 2048, 2048, 2049]","[2048, 2048, 2048, 2048, 2048, 2048, 2048, 2048, 2048, 2048, 2048]","[2048, 2048, 2048, 2048, 2048, 2048, 2048]",275.0
1281,11253,31,23,2026-03-29T05:50:25.687000+00:00,45.337,59.938,22.713,232.0,255.0,False,127.988,"[None, 2048, 2048, 2048, 2048, 2048, 2048, 2048, 2048]","[2048, 2048, 2048, 2048, 2048, 2048, 2048, 2048, 2048, 2048, 2048]","[2048, 2048, 2048, 2048, 2048, 2048, 2048]",240.0
1281,11253,6,23,2026-03-29T05:50:28.421000+00:00,44.816,59.174,23.65,253.0,235.0,False,127.64,"[None, 2048, 2048, 2048, 2048, 2048, 2048, 2048, 2048]","[2048, 2048, 2048, 2048, 2048, 2048, 2048, 2048, 2048, 2048, 2048]","[2048, 2048, 2048, 2048, 2048, 2048]",205.0
1281,11253,41,23,2026-03-29T05:50:32.778000+00:00,42.635,59.087,21.979,247.0,252.0,False,123.701,"[None, 2048, 2048, 2048, 2048, 2048, 2048, 2048, 2048]","[2048, 2048, 2048, 2048, 2048, 2048, 2048, 2048, 2048, 2048, 2048]","[2048, 2048, 2048, 2048, 2048, 2048, 2048]",254.0
1281,11253,43,23,2026-03-29T05:50:36.063000+00:00,42.385,62.123,19.844,258.0,246.0,False,124.352,"[None, 2048, 2048, 2048, 2048, 2048, 2048, 2048, 2048]","[2048, 2048, 2048, 2048, 2048, 2048, 2048, 2048, 2048, 2048, 2048]","[2048, 2048, 2048, 2048, 2048, 2048, 2048]",286.0
1281,11253,11,23,2026-03-29T05:51:06.274000+00:00,36.245,51.609,19.986,273.0,266.0,False,107.84,"[2048, 2048, 2048, 2049, 2049, 2049, 2049, 2048, 2049]","[2049, 2049, 2049, 2048, 2048, 2048, 2048, 2048, 2048, 2048, 2048]","[2048, 2048, 2048, 2048, 2048, 2048, 2048]",259.0
1281,11253,18,23,2026-03-29T05:51:17.894000+00:00,37.581,47.986,19.974,249.0,279.0,False,105.541,"[2048, 2048, 2048, 2048, 2048, 2048, 2049, 2048, 2048]","[2048, 2048, 2048, 2048, 2048, 2048, 2048, 2048, 2048, 2048, 2048]","[2048, 2048, 2048, 2048, 2048, 2048, 2048]",255.0
1281,11253,14,23,2026-03-29T05:51:24.079000+00:00,39.519,51.323,22.246,251.0,293.0,False,113.088,"[2048, 2048, 2048, 2048, 2048, 2048, 2048, 2048, 2048]","[2048, 2048, 2048, 2048, 2048, 2048, 2048, 2048, 2048, 2048, 2048]","[2048, 2048, 2048, 2048, 2064, 2064, 2064]",260.0
1281,11253,12,24,2026-03-29T05:51:54.668000+00:00,52.194,71.277,26.795,172.0,210.0,False,150.266,"[2048, 2048, 2048, 2048, 2048, 2048, 2048, 2048, 2048]","[2048, 2048, 2048, 2048, 2048, 2048, 2048, 2048, 2048, 2048, 2048]","[2048, 2048, 2048, 2048, 2048, 2048, 2048]",184.0
1281,11253,77,23,2026-03-29T05:51:55.846000+00:00,51.875,71.195,26.757,157.0,205.0,False,149.827,"[None, 2048, 2048, 2048, 2048, 2048, 2048, 2048, 2048]","[2048, 2048, 2048, 2048, 2048, 2048, 2048, 2048, 2048, 2048, 2048]","[2048, 2048, 2048, 2048, 2048, 2048, 2048]",160.0
1281,11253,81,24,2026-03-29T05:51:57.552000+00:00,50.924,71.587,26.783,223.0,213.0,False,149.294,"[None, 2048, 2048, 2048, 2048, 2048, 2048, 2048, 2048]","[2048, 2048, 2048, 2048, 2048, 2048, 2048, 2048, 2048, 2048, 2048]","[2048, 2048, 2048, 2048, 2048, 2048, 2048]",166.0
1281,11253,63,24,2026-03-29T05:51:59.062000+00:00,51.175,71.465,26.432,223.0,145.0,False,149.072,"[None, 2048, 2048, 2048, 2048, 2048, 2048, 2048, 2048]","[2048, 2048, 2048, 2048, 2048, 2048, 2048, 2048, 2048, 2048, 2048]","[2048, 2048, 2048, 2048, 2048, 2048, 2048]",196.0
1281,11253,44,24,2026-03-29T05:52:01.064000+00:00,51.017,71.609,24.933,197.0,114.0,False,147.559,"[2048, 2048, 2048, 2048, 2048, 2048, 2048, 2048, 2048]","[2048, 2048, 2048, 2048, 2048, 2048, 2048, 2048, 2048, 2048, 2048]","[2048, 2048, 2048, 2048, 2048, 2048, 2048]",232.0
1281,11253,16,24,2026-03-29T05:52:02.390000+00:00,51.07,70.688,25.342,205.0,128.0,False,147.1,"[None, 2048, 2048, 2048, 2048, 2048, 2048, 2048, 2048]","[2048, 2048, 2048, 2048, 2048, 2048, 2048, 2048, 2048, 2048, 2048]","[2048, 2048, 2048, 2048, 2048, 2048, 2048]",234.0
1281,11253,1,24,2026-03-29T05:52:05.148000+00:00,49.4,70.887,26.841,189.0,195.0,False,147.128,"[None, 2048, 2048, 2048, 2048, 2048, 2048, 2048, 2048]","[2048, 2048, 2048, 2048, 2048, 2048, 2048, 2048, 2048, 2048, 2048]","[2048, 2048, 2048, 2048, 2048, 2048, 2048]",268.0
1281,11253,10,24,2026-03-29T05:52:07.759000+00:00,48.414,71.354,26.482,171.0,197.0,False,146.25,"[2048, 2048, 2048, 2048, 2048, 2048, 2048, 2048, 2048]","[2048, 2048, 2048, 2048, 2048, 2048, 2048, 2048, 2048, 2048, 2048]","[2048, 2048, 2048, 2048, 2048, 2048, 2048]",270.0
1281,11253,3,24,2026-03-29T05:52:08.838000+00:00,48.199,73.008,24.806,191.0,247.0,False,146.013,"[2048, 2048, 2048, 2048, 2048, 2048, 2048, 2048, 2048]","[2048, 2048, 2048, 2048, 2048, 2048, 2048, 2048, 2048, 2048, 2048]","[2048, 2048, 2048, 2048, 2048, 2048, 2048]",257.0
1281,11253,27,24,2026-03-29T05:52:15.064000+00:00,60.006,59.978,24.579,280.0,201.0,True,144.563,"[2064, 2064, 2048, 2048, 2048, 2048, 2048, 2048, 2048]","[2048, 2048, 2048, 2048, 2048, 2048, 2048, 2048, 2048, 2048, 2048]","[2048, 2048, 2048, 2048, 2048, 2048, 2048]",259.0
1281,11253,30,24,2026-03-29T05:52:30.913000+00:00,38.812,60.958,25.726,247.0,294.0,False,125.496,"[2048, 2048, 2048, 2048, 2048, 2048, 2048, 2048, 2048]","[2048, 2048, 2048, 2048, 2048, 2048, 2048, 2048, 2048, 2048, 2048]","[2048, 2048, 2048, 2048, 2048, 2048, 2048]",230.0
1281,11253,5,24,2026-03-29T05:52:32.425000+00:00,38.667,61.172,24.656,272.0,269.0,False,124.495,"[2048, 2048, 2048, 2048, 2048, 2048, 2048, 2048, 2049]","[2048, 2048, 2048, 2048, 2048, 2048, 2048, 2048, 2048, 2048, 2048]","[2048, 2048, 2048, 2048, 2048, 2048, 2048]",240.0
1281,11253,31,24,2026-03-29T05:52:33.759000+00:00,38.04,62.059,24.338,266.0,250.0,False,124.437,"[None, 2048, 2048, 2048, 2048, 2048, 2048, 2048, 2049]","[2048, 2048, 2048, 2048, 2048, 2048, 2048, 2048, 2048, 2048, 2048]","[2048, 2048, 2048, 2048, 2048, 2048, 2048]",242.0
1281,11253,6,24,2026-03-29T05:52:35.980000+00:00,40.42,59.471,25.051,254.0,229.0,False,124.942,"[None, 2048, 2048, 2048, 2048, 2048, 2048, 2048, 2048]","[2048, 2048, 2048, 2048, 2048, 2048, 2048, 2048, 2048, 2048, 2048]","[2048, 2048, 2048, 2048, 2048, 2048, 2048]",243.0
1281,11253,41,24,2026-03-29T05:52:36.504000+00:00,40.377,59.903,24.885,257.0,248.0,False,125.165,"[None, 2048, 2048, 2048, 2048, 2048, 2048, 2048, 2048]","[2048, 2048, 2048, 2048, 2048, 2048, 2048, 2048, 2048, 2048, 2048]","[2048, 2048, 2048, 2048, 2048, 2048, 2048]",255.0
1281,11253,55,24,2026-03-29T05:52:40.302000+00:00,38.186,59.551,25.148,273.0,268.0,False,122.885,"[2048, 2048, 2048, 2048, 2048, 2048, 2048, 2048, 2049]","[2048, 2048, 2048, 2048, 2048, 2048, 2048, 2048, 2048, 2048, 2048]","[2048, 2048, 2048, 2048, 2048, 2048, 2048]",262.0
1281,11253,43,24,2026-03-29T05:52:40.332000+00:00,38.766,60.008,24.782,270.0,292.0,False,123.556,"[None, 2048, 2048, 2048, 2048, 2048, 2048, 2048, 2048]","[2048, 2048, 2048, 2048, 2048, 2048, 2048, 2048, 2048, 2048, 2048]","[2048, 2048, 2048, 2048, 2048, 2048, 2048]",241.0
1281,11253,23,24,2026-03-29T05:52:46.459000+00:00,37.861,58.086,24.345,278.0,278.0,False,120.292,"[2048, 2048, 2048, 2048, 2048, 2048, 2048, 2048, 2049]","[2048, 2048, 2048, 2048, 2048, 2048, 2048, 2048, 2048, 2048, 2048]","[2048, 2048, 2048, 2048, 2048, 2048, 2048]",268.0
1281,11253,11,24,2026-03-29T05:52:54.132000+00:00,36.058,56.553,20.902,266.0,262.0,False,113.513,"[None, 2048, 2048, 2048, 2048, 2048, 2048, 2048, 2048]","[2048, 2048, 2049, 2048, 2048, 2048, 2048, 2048, 2048, 2048, 2048]","[2048, 2048, 2048, 2048, 2048, 2048, 2048]",259.0
1281,11253,18,24,2026-03-29T05:53:03.384000+00:00,37.047,47.545,23.283,248.0,278.0,False,107.875,"[None, 2048, 2048, 2048, 2048, 2048, 2048, 2048, 2048]","[2048, 2048, 2048, 2048, 2048, 2048, 2048, 2048, 2048, 2048, 2048]","[2048, 2048, 2048, 2048, 2064, 2064, 2064]",249.0
1281,11253,14,24,2026-03-29T05:53:17.158000+00:00,58.126,47.873,19.308,251.0,295.0,True,125.307,"[2064, 2064, 2048, 2048, 2048, 2048, 2048, 2048, 2048]","[2048, 2048, 2048, 2048, 2048, 2048, 2048, 2048, 2048, 2048, 2048]","[2048, 2048, 2048, 2048, 2048, 2048, 2048]",261.0
1281,11253,12,25,2026-03-29T05:54:24.865000+00:00,51.53,72.146,26.958,215.0,206.0,False,150.634,"[None, 2048, 2048, 2048, 2048, 2048, 2048, 2048, 2048]","[2048, 2048, 2048, 2048, 2048, 2048, 2048, 2048, 2048, 2048, 2048]","[2048, 2048, 2048, 2048, 2048, 2048, 2048]",170.0
1281,11253,77,24,2026-03-29T05:54:25.557000+00:00,51.808,71.819,27.289,201.0,202.0,False,150.916,"[None, 2048, 2048, 2048, 2048, 2048, 2048, 2048, 2048]","[2048, 2048, 2048, 2048, 2048, 2048, 2048, 2048, 2048, 2048, 2048]","[2048, 2048, 2048, 2048, 2048, 2048, 2048]",166.0
1281,11253,81,25,2026-03-29T05:54:26.847000+00:00,51.457,71.673,27.252,217.0,240.0,False,150.382,"[None, 2048, 2048, 2048, 2048, 2048, 2048, 2048, 2048]","[2048, 2048, 2048, 2048, 2048, 2048, 2048, 2048, 2048, 2048, 2048]","[2048, 2048, 2048, 2048, 2048, 2048, 2048]",134.0
1281,11253,63,25,2026-03-29T05:54:28.132000+00:00,51.128,72.548,26.889,211.0,201.0,False,150.565,"[None, 2048, 2048, 2048, 2048, 2048, 2048, 2048, 2048]","[2048, 2048, 2048, 2048, 2048, 2048, 2048, 2048, 2048, 2048, 2048]","[2048, 2048, 2048, 2048, 2048, 2048, 2048]",193.0
1281,11253,44,25,2026-03-29T05:54:28.670000+00:00,52.871,70.692,27.782,132.0,204.0,False,151.345,"[None, 2048, 2048, 2048, 2048, 2048, 2048, 2048, 2048]","[2048, 2048, 2048, 2048, 2048, 2048, 2048, 2048, 2048, 2048, 2048]","[2048, 2048, 2048, 2048, 2048, 2048, 2048]",218.0
1281,11253,16,25,2026-03-29T05:54:29.516000+00:00,52.556,71.423,27.495,126.0,230.0,False,151.474,"[None, 2048, 2048, 2048, 2048, 2048, 2048, 2048, 2048]","[2048, 2048, 2048, 2048, 2048, 2048, 2048, 2048, 2048, 2048, 2048]","[2048, 2048, 2048, 2048, 2048, 2048, 2048]",202.0
1281,11253,1,25,2026-03-29T05:54:32.295000+00:00,50.322,72.179,28.388,123.0,266.0,False,150.889,"[None, 2048, 2048, 2048, 2048, 2048, 2048, 2048, 2048]","[2048, 2048, 2048, 2048, 2048, 2048, 2048, 2048, 2048, 2048, 2048]","[2048, 2048, 2048, 2048, 2048, 2048, 2048]",209.0
1281,11253,10,25,2026-03-29T05:54:34.036000+00:00,50.269,72.706,27.526,147.0,298.0,False,150.501,"[None, 2048, 2048, 2048, 2048, 2048, 2048, 2048, 2048]","[2048, 2048, 2048, 2048, 2048, 2048, 2048, 2048, 2048, 2048, 2048]","[2048, 2048, 2048, 2048, 2048, 2048, 2048]",168.0
1281,11253,3,25,2026-03-29T05:54:34.842000+00:00,50.008,73.46,26.577,155.0,249.0,False,150.045,"[None, 2048, 2048, 2048, 2048, 2048, 2048, 2048, 2048]","[2048, 2048, 2048, 2048, 2048, 2048, 2048, 2048, 2048, 2048, 2048]","[2048, 2048, 2048, 2048, 2048, 2048, 2048]",145.0
1281,11253,30,25,2026-03-29T05:54:36.310000+00:00,49.682,72.857,27.694,138.0,274.0,False,150.233,"[None, 2048, 2048, 2048, 2048, 2048, 2048, 2048, 2048]","[2048, 2048, 2048, 2048, 2048, 2048, 2048, 2048, 2048, 2048, 2048]","[2048, 2048, 2048, 2048, 2048, 2048, 2048]",129.0
1281,11253,5,25,2026-03-29T05:54:36.791000+00:00,49.93,72.806,28.018,135.0,277.0,False,150.754,"[None, 2048, 2048, 2048, 2048, 2048, 2048, 2048, 2048]","[2048, 2048, 2048, 2048, 2048, 2048, 2048, 2048, 2048, 2048, 2048]","[2048, 2048, 2048, 2048, 2048, 2048, 2048]",135.0
1281,11253,31,25,2026-03-29T05:54:38.115000+00:00,49.613,73.53,27.467,116.0,255.0,False,150.61,"[None, 2048, 2048, 2048, 2048, 2048, 2048, 2048, 2048]","[2048, 2048, 2048, 2048, 2048, 2048, 2048, 2048, 2048, 2048, 2048]","[2048, 2048, 2048, 2048, 2048, 2048, 2048]",123.0
1281,11253,27,25,2026-03-29T05:54:39.710000+00:00,48.372,74.454,27.625,135.0,232.0,False,150.451,"[2048, 2048, 2048, 2048, 2048, 2048, 2048, 2048, 2048]","[2048, 2048, 2048, 2048, 2048, 2048, 2048, 2048, 2048, 2048, 2048]","[2048, 2048, 2048, 2048, 2048, 2048, 2048]",169.0
1281,11253,6,25,2026-03-29T05:54:41.064000+00:00,48.526,74.831,27.058,181.0,226.0,False,150.415,"[None, 2048, 2048, 2048, 2048, 2048, 2048, 2048, 2048]","[2048, 2048, 2048, 2048, 2048, 2048, 2048, 2048, 2048, 2048, 2048]","[2048, 2048, 2048, 2048, 2048, 2048, 2048]",183.0
1281,11253,41,25,2026-03-29T05:54:41.606000+00:00,48.754,75.45,26.337,188.0,248.0,False,150.541,"[None, 2048, 2048, 2048, 2048, 2048, 2048, 2048, 2048]","[2048, 2048, 2048, 2048, 2048, 2048, 2048, 2048, 2048, 2048, 2048]","[2048, 2048, 2048, 2048, 2048, 2048, 2048]",228.0
1281,11253,55,25,2026-03-29T05:54:43.109000+00:00,48.023,75.761,26.518,175.0,248.0,False,150.302,"[None, 2048, 2048, 2048, 2048, 2048, 2048, 2048, 2048]","[2048, 2048, 2048, 2048, 2048, 2048, 2048, 2048, 2048, 2048, 2048]","[2048, 2048, 2048, 2048, 2048, 2048, 2048]",261.0
1281,11253,43,25,2026-03-29T05:54:43.909000+00:00,47.963,75.812,26.415,182.0,225.0,False,150.19,"[None, 2048, 2048, 2048, 2048, 2048, 2048, 2048, 2048]","[2048, 2048, 2048, 2048, 2048, 2048, 2048, 2048, 2048, 2048, 2048]","[2048, 2048, 2048, 2048, 2048, 2048, 2048]",252.0
1281,11253,23,25,2026-03-29T05:54:46.658000+00:00,46.827,76.012,25.826,132.0,270.0,False,148.665,"[None, 2048, 2048, 2048, 2048, 2048, 2048, 2048, 2048]","[2048, 2048, 2048, 2048, 2048, 2048, 2048, 2048, 2048, 2048, 2048]","[2048, 2048, 2048, 2048, 2048, 2048, 2048]",256.0
1281,11253,11,25,2026-03-29T05:54:47.580000+00:00,46.87,76.666,25.253,142.0,266.0,False,148.789,"[None, 2048, 2048, 2048, 2048, 2048, 2048, 2048, 2048]","[2048, 2048, 2048, 2048, 2048, 2048, 2048, 2048, 2048, 2048, 2048]","[2048, 2048, 2048, 2048, 2048, 2048, 2048]",232.0
1281,11253,18,25,2026-03-29T05:54:51.209000+00:00,56.531,65.609,24.273,246.0,242.0,True,146.413,"[2064, 2064, 2048, 2048, 2048, 2048, 2049, 2048, 2048]","[2048, 2048, 2048, 2048, 2048, 2048, 2048, 2048, 2048, 2048, 2048]","[2048, 2048, 2048, 2048, 2048, 2048, 2048]",248.0
1281,11253,14,25,2026-03-29T05:55:22.496000+00:00,40.594,54.319,24.004,252.0,268.0,False,118.917,"[2048, 2048, 2048, 2048, 2048, 2048, 2048, 2048, 2048]","[2048, 2048, 2048, 2048, 2048, 2048, 2048, 2048, 2048, 2048, 2048]","[2048, 2048, 2048, 2048, 2048, 2048, 2048]",208.0
1281,11253,12,26,2026-03-29T05:56:55.509000+00:00,55.289,63.602,27.139,193.0,245.0,False,146.03,"[None, 2048, 2048, 2048, 2048, 2048, 2048, 2048, 2048]","[2048, 2048, 2048, 2048, 2048, 2048, 2048, 2048, 2048, 2048, 2048]","[2048, 2048, 2048, 2048, 2048, 2048, 2048]",175.0
1281,11253,77,25,2026-03-29T05:56:56.462000+00:00,52.035,45.873,18.488,241.0,319.0,False,116.396,"[None, 2048, 2048, 2048, 2048, 2048, 2048, 2048, 2048]","[2048, 2048, 2048, 2048, 2048, 2048, 2048, 2048, 2048, 2048, 2048]","[2048, 2048, 2048, 2048, 2048, 2048, 2048]",284.0
1281,11253,81,26,2026-03-29T05:56:57.331000+00:00,54.935,63.66,26.787,211.0,240.0,False,145.382,"[None, 2048, 2048, 2048, 2048, 2048, 2048, 2048, 2048]","[2048, 2048, 2048, 2048, 2048, 2048, 2048, 2048, 2048, 2048, 2048]","[2048, 2048, 2048, 2048, 2048, 2048, 2048]",171.0
1281,11253,63,26,2026-03-29T05:56:58.735000+00:00,54.414,63.952,26.391,190.0,217.0,False,144.757,"[None, 2048, 2048, 2048, 2048, 2048, 2048, 2048, 2048]","[2048, 2048, 2048, 2048, 2048, 2048, 2048, 2048, 2048, 2048, 2048]","[2048, 2048, 2048, 2048, 2048, 2048, 2048]",183.0
1281,11253,44,26,2026-03-29T05:57:00.059000+00:00,54.221,63.514,27.991,148.0,201.0,False,145.726,"[None, 2048, 2048, 2048, 2048, 2048, 2048, 2048, 2048]","[2048, 2048, 2048, 2048, 2048, 2048, 2048, 2048, 2048, 2048, 2048]","[2048, 2048, 2048, 2048, 2048, 2048, 2048]",149.0
1281,11253,16,26,2026-03-29T05:57:01.054000+00:00,54.354,63.009,29.299,156.0,183.0,False,146.662,"[None, 2048, 2048, 2048, 2048, 2048, 2048, 2048, 2048]","[2048, 2048, 2048, 2048, 2048, 2048, 2048, 2048, 2048, 2048, 2048]","[2048, 2048, 2048, 2048, 2048, 2048, 2048]",120.0
1281,11253,1,26,2026-03-29T05:57:03.218000+00:00,53.81,63.654,29.493,211.0,269.0,False,146.957,"[None, 2048, 2048, 2048, 2048, 2048, 2048, 2048, 2048]","[2048, 2048, 2048, 2048, 2048, 2048, 2048, 2048, 2048, 2048, 2048]","[2048, 2048, 2048, 2048, 2048, 2048, 2048]",152.0
1281,11253,10,26,2026-03-29T05:57:04.531000+00:00,53.862,63.767,29.267,160.0,289.0,False,146.896,"[None, 2048, 2048, 2048, 2048, 2048, 2048, 2048, 2048]","[2048, 2048, 2048, 2048, 2048, 2048, 2048, 2048, 2048, 2048, 2048]","[2048, 2048, 2048, 2048, 2048, 2048, 2048]",195.0
1281,11253,3,26,2026-03-29T05:57:04.909000+00:00,54.122,64.525,28.61,180.0,243.0,False,147.257,"[None, 2048, 2048, 2048, 2048, 2048, 2048, 2048, 2048]","[2048, 2048, 2048, 2048, 2048, 2048, 2048, 2048, 2048, 2048, 2048]","[2048, 2048, 2048, 2048, 2048, 2048, 2048]",173.0
1281,11253,30,26,2026-03-29T05:57:06.734000+00:00,53.98,64.82,28.296,134.0,237.0,False,147.096,"[None, 2048, 2048, 2048, 2048, 2048, 2048, 2048, 2048]","[2048, 2048, 2048, 2048, 2048, 2048, 2048, 2048, 2048, 2048, 2048]","[2048, 2048, 2048, 2048, 2048, 2048, 2048]",189.0
1281,11253,5,26,2026-03-29T05:57:07.669000+00:00,53.562,64.953,28.501,121.0,248.0,False,147.016,"[None, 2048, 2048, 2048, 2048, 2048, 2048, 2048, 2048]","[2048, 2048, 2048, 2048, 2048, 2048, 2048, 2048, 2048, 2048, 2048]","[2048, 2048, 2048, 2048, 2048, 2048, 2048]",214.0
1281,11253,31,26,2026-03-29T05:57:08.713000+00:00,53.51,65.081,29.498,142.0,219.0,False,148.089,"[None, 2048, 2048, 2048, 2048, 2048, 2048, 2048, 2048]","[2048, 2048, 2048, 2048, 2048, 2048, 2048, 2048, 2048, 2048, 2048]","[2048, 2048, 2048, 2048, 2048, 2048, 2048]",225.0
1281,11253,27,26,2026-03-29T05:57:10.067000+00:00,53.085,65.462,29.0,180.0,215.0,False,147.547,"[None, 2048, 2048, 2048, 2048, 2048, 2048, 2048, 2048]","[2048, 2048, 2048, 2048, 2048, 2048, 2048, 2048, 2048, 2048, 2048]","[2048, 2048, 2048, 2048, 2048, 2048, 2048]",247.0
1281,11253,6,26,2026-03-29T05:57:11.501000+00:00,53.032,65.585,28.625,153.0,203.0,False,147.242,"[None, 2048, 2048, 2048, 2048, 2048, 2048, 2048, 2048]","[2048, 2048, 2048, 2048, 2048, 2048, 2048, 2048, 2048, 2048, 2048]","[2048, 2048, 2048, 2048, 2048, 2048, 2048]",226.0
1281,11253,41,26,2026-03-29T05:57:12.228000+00:00,52.97,65.684,28.676,163.0,159.0,False,147.33,"[None, 2048, 2048, 2048, 2048, 2048, 2048, 2048, 2048]","[2048, 2048, 2048, 2048, 2048, 2048, 2048, 2048, 2048, 2048, 2048]","[2048, 2048, 2048, 2048, 2048, 2048, 2048]",237.0
1281,11253,55,26,2026-03-29T05:57:13.402000+00:00,52.569,65.349,29.826,147.0,169.0,False,147.744,"[None, 2048, 2048, 2048, 2048, 2048, 2048, 2048, 2048]","[2048, 2048, 2048, 2048, 2048, 2048, 2048, 2048, 2048, 2048, 2048]","[2048, 2048, 2048, 2048, 2048, 2048, 2048]",256.0
1281,11253,43,26,2026-03-29T05:57:14.093000+00:00,52.654,65.258,29.675,157.0,173.0,False,147.587,"[None, 2048, 2048, 2048, 2048, 2048, 2048, 2048, 2048]","[2048, 2048, 2048, 2048, 2048, 2048, 2048, 2048, 2048, 2048, 2048]","[2048, 2048, 2048, 2048, 2048, 2048, 2048]",259.0
1281,11253,23,26,2026-03-29T05:57:15.391000+00:00,52.919,64.95,29.911,138.0,152.0,False,147.78,"[None, 2048, 2048, 2048, 2048, 2048, 2048, 2048, 2048]","[2048, 2048, 2048, 2048, 2048, 2048, 2048, 2048, 2048, 2048, 2048]","[2048, 2048, 2048, 2048, 2048, 2048, 2048]",249.0
1281,11253,11,26,2026-03-29T05:57:16.455000+00:00,52.839,64.646,30.231,126.0,166.0,False,147.716,"[None, 2048, 2048, 2048, 2048, 2048, 2048, 2048, 2048]","[2048, 2048, 2048, 2048, 2048, 2048, 2048, 2048, 2048, 2048, 2048]","[2048, 2048, 2048, 2048, 2048, 2048, 2048]",247.0
1281,11253,18,26,2026-03-29T05:57:17.811000+00:00,52.61,65.132,30.301,125.0,185.0,False,148.043,"[2048, 2048, 2048, 2048, 2048, 2048, 2048, 2048, 2048]","[2048, 2048, 2048, 2048, 2048, 2048, 2048, 2048, 2048, 2048, 2048]","[2048, 2048, 2048, 2048, 2048, 2048]",215.0
1281,11253,14,26,2026-03-29T05:57:21.395000+00:00,49.813,65.194,31.008,161.0,168.0,False,146.015,"[None, 2048, 2048, 2048, 2048, 2048, 2048, 2048, 2048]","[2048, 2048, 2048, 2048, 2048, 2048, 2048, 2048, 2048, 2048, 2048]","[2048, 2048, 2048, 2048, 2048, 2048, 2048]",211.0
1281,11253,77,26,2026-03-29T05:58:52.985000+00:00,36.37,44.253,18.756,253.0,308.0,False,99.379,"[None, 2048, 2048, 2048, 2048, 2048, 2048, 2048, 2048]","[2048, 2048, 2048, 2048, 2048, 2048, 2048, 2048, 2048, 2048, 2048]","[2048, 2048, 2048, 2048, 2049, 2048, 2048]",273.0
1281,11253,12,27,2026-03-29T05:59:21.598000+00:00,49.968,67.88,28.389,202.0,117.0,False,146.237,"[None, 2048, 2048, 2048, 2048, 2048, 2048, 2048, 2048]","[2048, 2048, 2048, 2048, 2048, 2048, 2048, 2048, 2048, 2048, 2048]","[2048, 2048, 2048, 2048, 2049, 2048, 2048]",118.0
1281,11253,81,27,2026-03-29T05:59:22.670000+00:00,49.755,67.419,28.9,249.0,117.0,False,146.074,"[None, 2048, 2048, 2048, 2048, 2048, 2048, 2048, 2048]","[2048, 2048, 2048, 2048, 2048, 2048, 2048, 2048, 2048, 2048, 2048]","[2048, 2048, 2048, 2048, 2048, 2048, 2048]",119.0
1281,11253,63,27,2026-03-29T05:59:23.544000+00:00,50.756,66.065,28.919,228.0,115.0,False,145.74,"[None, 2048, 2048, 2048, 2048, 2048, 2048, 2048, 2048]","[2048, 2048, 2048, 2048, 2048, 2048, 2048, 2048, 2048, 2048, 2048]","[2048, 2048, 2048, 2048, 2048, 2048, 2048]",120.0
1281,11253,44,27,2026-03-29T05:59:25.839000+00:00,49.74,65.341,28.675,195.0,116.0,False,143.756,"[None, 2048, 2048, 2048, 2048, 2048, 2048, 2048, 2048]","[2048, 2048, 2048, 2048, 2048, 2048, 2048, 2048, 2048, 2048, 2048]","[2048, 2048, 2048, 2048, 2048, 2048, 2048]",122.0
1281,11253,16,27,2026-03-29T05:59:27.721000+00:00,48.459,65.398,28.291,213.0,131.0,False,142.148,"[None, 2048, 2048, 2048, 2048, 2048, 2048, 2048, 2048]","[2048, 2048, 2048, 2048, 2048, 2048, 2048, 2048, 2048, 2048, 2048]","[2048, 2048, 2048, 2048, 2048, 2048, 2049]",121.0
1281,11253,1,27,2026-03-29T05:59:30.172000+00:00,47.814,64.332,28.156,234.0,150.0,False,140.302,"[None, 2048, 2048, 2048, 2048, 2048, 2048, 2048, 2048]","[2048, 2048, 2048, 2048, 2048, 2048, 2048, 2048, 2048, 2048, 2048]","[2048, 2048, 2048, 2048, 2048, 2048, 2048]",131.0
1281,11253,10,27,2026-03-29T05:59:31.443000+00:00,47.909,63.69,28.255,216.0,154.0,False,139.854,"[None, 2048, 2048, 2048, 2048, 2048, 2048, 2048, 2048]","[2048, 2048, 2048, 2048, 2048, 2048, 2048, 2048, 2048, 2048, 2048]","[2048, 2048, 2048, 2048, 2048, 2048, 2048]",132.0
1281,11253,3,27,2026-03-29T05:59:32.126000+00:00,47.819,63.631,27.774,229.0,138.0,False,139.224,"[None, 2048, 2048, 2048, 2048, 2048, 2048, 2048, 2048]","[2048, 2048, 2048, 2048, 2048, 2048, 2048, 2048, 2048, 2048, 2048]","[2048, 2048, 2048, 2048, 2048, 2048, 2048]",146.0
1281,11253,30,27,2026-03-29T05:59:33.566000+00:00,47.777,62.67,27.6,220.0,146.0,False,138.047,"[None, 2048, 2048, 2049, 2048, 2048, 2048, 2048, 2048]","[2048, 2048, 2048, 2048, 2048, 2048, 2048, 2048, 2048, 2048, 2048]","[2048, 2048, 2048, 2048, 2048, 2048, 2048]",139.0
1281,11253,5,27,2026-03-29T05:59:34.676000+00:00,47.242,62.918,27.321,235.0,133.0,False,137.481,"[None, 2048, 2048, 2048, 2048, 2048, 2048, 2048, 2048]","[2048, 2048, 2048, 2048, 2048, 2048, 2048, 2048, 2048, 2048, 2048]","[2048, 2048, 2048, 2048, 2049, 2049, 2048]",138.0
1281,11253,31,27,2026-03-29T05:59:36.835000+00:00,46.806,61.886,27.18,200.0,138.0,False,135.872,"[None, 2048, 2048, 2048, 2048, 2048, 2048, 2048, 2048]","[2048, 2048, 2048, 2048, 2048, 2048, 2048, 2048, 2048, 2048, 2048]","[2048, 2048, 2048, 2048, 2048, 2049, 2049]",140.0
1281,11253,27,27,2026-03-29T05:59:37.707000+00:00,46.38,61.945,27.372,236.0,152.0,False,135.697,"[None, 2048, 2048, 2048, 2048, 2048, 2048, 2048, 2048]","[2048, 2048, 2048, 2048, 2048, 2048, 2048, 2048, 2048, 2048, 2048]","[2048, 2048, 2048, 2048, 2048, 2048, 2048]",160.0
1281,11253,6,27,2026-03-29T05:59:38.640000+00:00,47.153,60.737,27.235,203.0,140.0,False,135.125,"[None, 2048, 2048, 2048, 2048, 2048, 2048, 2048, 2048]","[2048, 2048, 2048, 2048, 2048, 2048, 2048, 2048, 2048, 2048, 2048]","[2048, 2048, 2048, 2048, 2048, 2048, 2048]",167.0
1281,11253,41,27,2026-03-29T05:59:39.586000+00:00,46.921,60.601,27.085,204.0,135.0,False,134.607,"[None, 2048, 2048, 2048, 2048, 2048, 2048, 2048, 2048]","[2048, 2048, 2048, 2048, 2048, 2048, 2048, 2048, 2048, 2048, 2048]","[2048, 2048, 2048, 2048, 2048, 2048, 2048]",151.0
1281,11253,55,27,2026-03-29T05:59:41.156000+00:00,46.224,59.998,27.246,174.0,140.0,False,133.468,"[None, 2048, 2048, 2048, 2048, 2048, 2048, 2048, 2048]","[2048, 2048, 2048, 2048, 2048, 2048, 2048, 2048, 2048, 2048, 2048]","[2048, 2048, 2048, 2048, 2048, 2048, 2048]",156.0
1281,11253,43,27,2026-03-29T05:59:41.757000+00:00,46.779,60.139,26.452,183.0,180.0,False,133.37,"[None, 2048, 2048, 2048, 2048, 2048, 2048, 2048, 2048]","[2048, 2048, 2048, 2048, 2048, 2048, 2048, 2048, 2048, 2048, 2048]","[2048, 2048, 2048, 2048, 2048, 2048, 2048]",153.0
1281,11253,23,27,2026-03-29T05:59:43.273000+00:00,46.393,60.197,25.779,170.0,171.0,False,132.369,"[None, 2048, 2048, 2048, 2048, 2048, 2048, 2048, 2048]","[2048, 2048, 2048, 2048, 2048, 2048, 2048, 2048, 2048, 2048, 2048]","[2048, 2048, 2048, 2048, 2048, 2048, 2048]",143.0
1281,11253,11,27,2026-03-29T05:59:44.113000+00:00,46.077,60.446,25.499,182.0,152.0,False,132.022,"[None, 2048, 2048, 2048, 2048, 2048, 2048, 2048, 2048]","[2048, 2048, 2048, 2048, 2048, 2048, 2048, 2048, 2048, 2048, 2048]","[2048, 2048, 2048, 2048, 2048, 2048, 2048]",161.0
1281,11253,18,27,2026-03-29T05:59:45.853000+00:00,45.555,60.6,24.691,194.0,136.0,False,130.846,"[None, 2048, 2048, 2048, 2048, 2048, 2048, 2048, 2048]","[2048, 2048, 2048, 2048, 2048, 2048, 2048, 2048, 2048, 2048, 2048]","[2048, 2048, 2048, 2048, 2048, 2048, 2048]",162.0
1281,11253,14,27,2026-03-29T05:59:47.386000+00:00,45.686,59.978,24.122,173.0,138.0,False,129.786,"[None, 2048, 2048, 2048, 2048, 2048, 2048, 2048, 2048]","[2048, 2048, 2048, 2048, 2048, 2048, 2048, 2048, 2048, 2048, 2048]","[2048, 2048, 2048, 2048, 2048, 2048, 2048]",196.0
1281,11253,77,27,2026-03-29T06:00:32.310000+00:00,36.337,43.07,18.746,255.0,320.0,False,98.153,"[None, 2048, 2048, 2048, 2048, 2048, 2048, 2048, 2048]","[2048, 2048, 2048, 2048, 2048, 2048, 2049, 2048, 2048, 2048, 2048]","[2048, 2048, 2048, 2048, 2048, 2048, 2048]",279.0
1281,11253,12,28,2026-03-29T06:01:47.875000+00:00,33.933,41.745,17.971,264.0,310.0,False,93.649,"[None, 2048, 2048, 2048, 2049, 2048, 2051, 2049, 2048]","[2048, 2049, 2048, 2049, 2048, 2048, 2048, 2048, 2049, 2048, 2048]","[2048, 2048, 2051, 2049, 2051, 2051, 2048]",274.0
1281,11253,81,28,2026-03-29T06:01:48.851000+00:00,34.687,41.607,18.02,263.0,313.0,False,94.314,"[None, 2049, 2048, 2048, 2048, 2048, 2048, 2048, 2048]","[2048, 2049, 2048, 2049, 2048, 2048, 2048, 2048, 2049, 2048, 2048]","[2048, 2048, 2048, 2048, 2049, 2049, 2048]",280.0
1281,11253,63,28,2026-03-29T06:01:49.292000+00:00,35.424,41.895,17.923,255.0,314.0,False,95.242,"[None, 2048, 2048, 2048, 2048, 2048, 2048, 2048, 2048]","[2048, 2048, 2048, 2048, 2048, 2048, 2048, 2048, 2051, 2048, 2048]","[2048, 2048, 2048, 2051, 2049, 2051, 2051]",282.0
1281,11253,44,28,2026-03-29T06:01:49.465000+00:00,34.464,41.628,17.975,261.0,319.0,False,94.067,"[None, 2049, 2048, 2048, 2048, 2048, 2049, 2049, 2048]","[2048, 2048, 2049, 2048, 2049, 2048, 2048, 2048, 2049, 2049, 2048]","[2048, 2048, 2048, 2049, 2049, 2049, 2049]",284.0
1281,11253,16,28,2026-03-29T06:01:49.866000+00:00,35.331,41.904,18.052,265.0,318.0,False,95.287,"[2049, 2048, 2048, 2048, 2048, 2048, 2048, 2048, 2048]","[2048, 2048, 2048, 2048, 2049, 2048, 2048, 2048, 2048, 2049, 2048]","[2048, 2048, 2048, 2048, 2049, 2048, 2049]",286.0
1281,11253,1,28,2026-03-29T06:01:50.508000+00:00,35.273,42.048,17.927,261.0,325.0,False,95.248,"[None, 2048, 2048, 2048, 2048, 2048, 2048, 2048, 2048]","[2048, 2048, 2048, 2048, 2049, 2048, 2048, 2048, 2048, 2049, 2048]","[2048, 2048, 2048, 2049, 2049, 2049, 2049]",287.0
1281,11253,10,28,2026-03-29T06:01:51.443000+00:00,35.697,41.911,18.204,260.0,321.0,False,95.812,"[None, 2049, 2048, 2048, 2048, 2048, 2048, 2048, 2048]","[2048, 2048, 2048, 2048, 2049, 2048, 2048, 2048, 2049, 2049, 2048]","[2048, 2048, 2048, 2049, 2049, 2049, 2049]",285.0
1281,11253,3,28,2026-03-29T06:01:51.583000+00:00,35.822,42.075,18.114,258.0,332.0,False,96.011,"[2049, 2049, 2048, 2048, 2048, 2048, 2048, 2048, 2048]","[2048, 2048, 2048, 2051, 2049, 2048, 2048, 2048, 2049, 2049, 2049]","[2049, 2048, 2048, 2049, 2049, 2049, 2049]",293.0
1281,11253,30,28,2026-03-29T06:01:51.828000+00:00,35.951,42.587,17.838,267.0,332.0,False,96.376,"[2049, 2049, 2048, 2048, 2048, 2048, 2048, 2048, 2048]","[2048, 2048, 2049, 2048, 2048, 2048, 2048, 2048, 2049, 2049, 2048]","[2048, 2048, 2048, 2049, 2049, 2049, 2049]",293.0
1281,11253,5,28,2026-03-29T06:01:52.286000+00:00,35.763,43.013,18.131,266.0,338.0,False,96.907,"[None, 2048, 2048, 2048, 2048, 2048, 2048, 2048, 2048]","[2048, 2048, 2048, 2048, 2049, 2048, 2048, 2048, 2048, 2049, 2049]","[2048, 2049, 2048, 2048, 2049, 2048, 2049]",291.0
1281,11253,31,28,2026-03-29T06:01:52.709000+00:00,35.637,42.438,18.565,263.0,324.0,False,96.64,"[2049, 2049, 2048, 2048, 2048, 2048, 2048, 2048, 2048]","[2048, 2048, 2048, 2048, 2051, 2049, 2048, 2048, 2048, 2048, 2048]","[2048, 2048, 2048, 2048, 2049, 2049, 2049]",286.0
1281,11253,27,28,2026-03-29T06:01:53.385000+00:00,35.452,42.571,18.352,261.0,338.0,False,96.375,"[None, 2048, 2048, 2048, 2048, 2048, 2048, 2048, 2048]","[2048, 2048, 2048, 2048, 2049, 2048, 2048, 2048, 2048, 2051, 2049]","[2049, 2048, 2048, 2048, 2048, 2049, 2049]",292.0
1281,11253,6,28,2026-03-29T06:01:53.806000+00:00,35.656,42.542,18.178,259.0,335.0,False,96.376,"[None, 2049, 2048, 2048, 2048, 2048, 2048, 2048, 2048]","[2048, 2048, 2048, 2048, 2048, 2048, 2048, 2048, 2048, 2048, 2048]","[2048, 2048, 2048, 2048, 2048, 2049, 2049]",297.0
1281,11253,41,28,2026-03-29T06:01:54.083000+00:00,35.618,42.743,18.06,258.0,337.0,False,96.421,"[2049, 2049, 2048, 2048, 2048, 2048, 2048, 2048, 2048]","[2048, 2048, 2048, 2048, 2048, 2049, 2048, 2048, 2048, 2049, 2049]","[2049, 2048, 2048, 2048, 2048, 2048, 2049]",298.0
1281,11253,55,28,2026-03-29T06:01:54.662000+00:00,35.828,42.618,18.087,278.0,327.0,False,96.533,"[2049, 2049, 2048, 2048, 2048, 2048, 2048, 2048, 2049]","[2048, 2048, 2048, 2048, 2049, 2048, 2049, 2048, 2048, 2049, 2048]","[2048, 2048, 2048, 2049, 2049, 2049, 2049]",293.0
1281,11253,43,28,2026-03-29T06:01:55.206000+00:00,35.926,42.587,18.16,271.0,329.0,False,96.673,"[None, 2049, 2048, 2048, 2048, 2048, 2048, 2048, 2048]","[2048, 2048, 2048, 2048, 2049, 2048, 2048, 2048, 2048, 2048, 2048]","[2048, 2048, 2048, 2048, 2048, 2048, 2048]",295.0
1281,11253,23,28,2026-03-29T06:01:55.626000+00:00,35.823,42.815,18.222,278.0,321.0,False,96.86,"[2049, 2049, 2048, 2048, 2048, 2048, 2048, 2048, 2049]","[2048, 2048, 2048, 2048, 2049, 2048, 2048, 2048, 2048, 2049, 2048]","[2048, 2048, 2048, 2048, 2048, 2048, 2048]",292.0
1281,11253,11,28,2026-03-29T06:01:56.215000+00:00,35.861,42.705,18.422,258.0,331.0,False,96.988,"[2049, 2049, 2048, 2048, 2048, 2048, 2048, 2048, 2048]","[2048, 2048, 2048, 2049, 2049, 2049, 2049, 2048, 2048, 2049, 2048]","[2048, 2048, 2048, 2049, 2049, 2049, 2049]",293.0
1281,11253,18,28,2026-03-29T06:01:56.562000+00:00,36.015,43.121,18.379,252.0,319.0,False,97.515,"[None, 2048, 2048, 2048, 2049, 2048, 2048, 2048, 2048]","[2048, 2048, 2048, 2048, 2048, 2049, 2049, 2048, 2049, 2048, 2048]","[2049, 2048, 2048, 2048, 2049, 2048, 2049]",282.0
1281,11253,14,28,2026-03-29T06:01:57.192000+00:00,35.995,43.629,18.285,247.0,317.0,False,97.909,"[None, 2048, 2048, 2048, 2048, 2048, 2048, 2048, 2048]","[2048, 2048, 2048, 2048, 2048, 2048, 2048, 2048, 2048, 2049, 2048]","[2048, 2049, 2049, 2048, 2048, 2048, 2048]",280.0
1281,11253,77,28,2026-03-29T06:02:10.557000+00:00,35.705,43.043,18.415,257.0,312.0,False,97.163,"[None, 2048, 2049, 2048, 2048, 2048, 2048, 2049, 2048]","[2048, 2048, 2048, 2048, 2049, 2048, 2048, 2049, 2048, 2048, 2048]","[2048, 2048, 2048, 2048, 2048, 2049, 2048]",279.0
1281,11253,12,29,2026-03-29T06:03:21.559000+00:00,33.975,41.396,17.996,260.0,316.0,False,93.367,"[None, 2048, 2048, 2051, 2051, 2049, 2048, 2048, 2048]","[2048, 2051, 2048, 2048, 2048, 2048, 2048, 2048, 2049, 2048, 2048]","[2048, 2048, 2048, 2048, 2048, 2051, 2048]",277.0
1281,11253,81,29,2026-03-29T06:03:23.137000+00:00,34.162,41.491,18.014,260.0,316.0,False,93.667,"[None, 2048, 2048, 2048, 2049, 2048, 2048, 2048, 2048]","[2049, 2049, 2048, 2048, 2048, 2048, 2048, 2049, 2048, 2048, 2048]","[2048, 2048, 2048, 2048, 2048, 2048, 2048]",282.0
1281,11253,44,29,2026-03-29T06:03:23.606000+00:00,34.268,41.627,17.847,258.0,319.0,False,93.742,"[2049, 2048, 2048, 2048, 2049, 2048, 2049, 2048, 2048]","[2048, 2049, 2048, 2051, 2048, 2048, 2048, 2048, 2049, 2049, 2048]","[2048, 2048, 2048, 2048, 2049, 2049, 2048]",284.0
1281,11253,63,29,2026-03-29T06:03:24.447000+00:00,33.919,41.836,17.962,275.0,318.0,False,93.717,"[2049, 2049, 2048, 2048, 2048, 2048, 2048, 2048, 2048]","[2048, 2048, 2048, 2049, 2048, 2048, 2048, 2048, 2048, 2048, 2048]","[2048, 2048, 2048, 2048, 2048, 2051, 2048]",286.0
1281,11253,16,29,2026-03-29T06:03:25.102000+00:00,34.302,41.486,17.878,260.0,331.0,False,93.666,"[None, 2049, 2048, 2048, 2048, 2048, 2048, 2048, 2048]","[2048, 2048, 2049, 2048, 2048, 2048, 2048, 2048, 2048, 2048, 2049]","[2049, 2048, 2048, 2048, 2049, 2049, 2048]",291.0
1281,11253,1,29,2026-03-29T06:03:25.726000+00:00,34.396,41.948,17.739,,325.0,False,94.083,"[2049, 2049, 2048, 2048, 2048, 2048, 2048, 2048, 2048]","[2048, 2048, 2048, 2048, 2048, 2048, 2048, 2048, 2048, 2048, 2048]","[2048, 2048, 2049, 2048, 2048, 2049, 2048]",286.0
1281,11253,10,29,2026-03-29T06:03:27.099000+00:00,34.416,41.756,17.924,258.0,326.0,False,94.096,"[2049, 2048, 2049, 2049, 2049, 2049, 2049, 2049, 2048]","[2048, 2049, 2048, 2048, 2048, 2048, 2048, 2048, 2048, 2048, 2048]","[2048, 2049, 2048, 2049, 2049, 2048, 2048]",289.0
1281,11253,3,29,2026-03-29T06:03:27.351000+00:00,34.434,41.754,17.953,269.0,334.0,False,94.141,"[None, 2048, 2048, 2048, 2048, 2048, 2049, 2049, 2049]","[2048, 2049, 2048, 2048, 2048, 2048, 2048, 2048, 2049, 2049, 2049]","[2049, 2049, 2048, 2048, 2048, 2048, 2048]",305.0
1281,11253,30,29,2026-03-29T06:03:28.333000+00:00,34.933,42.068,17.924,269.0,327.0,False,94.925,"[2048, 2048, 2048, 2048, 2048, 2048, 2049, 2049, 2048]","[2048, 2049, 2049, 2048, 2049, 2048, 2048, 2048, 2048, 2049, 2048]","[2048, 2048, 2048, 2049, 2048, 2048]",288.0
1281,11253,5,29,2026-03-29T06:03:29.106000+00:00,35.706,42.636,18.27,262.0,310.0,False,96.612,"[None, 2048, 2048, 2048, 2048, 2048, 2048, 2049, 2048]","[2048, 2048, 2048, 2048, 2048, 2048, 2051, 2048, 2049, 2048, 2048]","[2048, 2048, 2048, 2049, 2049, 2049, 2048]",284.0
1281,11253,31,29,2026-03-29T06:03:29.344000+00:00,34.967,41.652,17.809,257.0,339.0,False,94.428,"[2048, 2049, 2049, 2048, 2048, 2048, 2048, 2048, 2048]","[2048, 2049, 2049, 2049, 2048, 2048, 2049, 2048, 2048, 2048, 2048]","[2049, 2048, 2048, 2048, 2048, 2049, 2048]",295.0
1281,11253,27,29,2026-03-29T06:03:29.901000+00:00,35.128,42.728,18.964,297.0,332.0,False,96.82,"[None, 2048, 2048, 2048, 2048, 2048, 2049, 2049, 2051]","[2048, 2048, 2048, 2049, 2048, 2048, 2048, 2048, 2048, 2048, 2048]","[2048, 2048, 2048, 2048, 2048, 2048, 2048]",287.0
1281,11253,6,29,2026-03-29T06:03:30.294000+00:00,35.504,42.255,18.291,267.0,340.0,False,96.05,"[None, 2048, 2048, 2048, 2048, 2048, 2048, 2048, 2048]","[2048, 2048, 2048, 2048, 2048, 2048, 2048, 2048, 2048, 2049, 2049]","[2048, 2048, 2048, 2048, 2048, 2049, 2048]",293.0
1281,11253,41,29,2026-03-29T06:03:30.587000+00:00,35.954,42.283,18.168,271.0,332.0,False,96.405,"[2051, 2048, 2048, 2048, 2048, 2048, 2048, 2048, 2049]","[2048, 2048, 2049, 2048, 2048, 2049, 2048, 2048, 2048, 2049, 2048]","[2048, 2048, 2048, 2048, 2048, 2049, 2048]",294.0
1281,11253,55,29,2026-03-29T06:03:31.214000+00:00,35.712,42.58,18.135,276.0,335.0,False,96.427,"[2048, 2048, 2048, 2048, 2048, 2048, 2048, 2048, 2048]","[2048, 2048, 2048, 2048, 2049, 2049, 2049, 2048, 2048, 2048, 2049]","[2049, 2049, 2048, 2048, 2049, 2049, 2049]",296.0
1281,11253,43,29,2026-03-29T06:03:31.903000+00:00,35.587,42.386,18.199,265.0,340.0,False,96.172,"[None, 2048, 2048, 2048, 2048, 2048, 2048, 2048, 2048]","[2048, 2048, 2048, 2048, 2048, 2048, 2048, 2048, 2048, 2051, 2051]","[2049, 2048, 2048, 2048, 2048, 2049, 2049]",303.0
1281,11253,23,29,2026-03-29T06:03:32.366000+00:00,35.552,42.35,18.19,281.0,330.0,False,96.092,"[2048, 2048, 2048, 2048, 2048, 2048, 2048, 2049, 2049]","[2048, 2048, 2048, 2048, 2049, 2048, 2049, 2048, 2048, 2049, 2048]","[2048, 2048, 2048, 2049, 2048, 2049, 2049]",298.0
1281,11253,11,29,2026-03-29T06:03:33.198000+00:00,35.675,42.401,18.217,254.0,338.0,False,96.293,"[2048, 2048, 2049, 2048, 2048, 2048, 2048, 2049, 2048]","[2048, 2048, 2048, 2049, 2048, 2048, 2048, 2048, 2049, 2048, 2049]","[2049, 2049, 2048, 2048, 2048, 2048, 2048]",296.0
1281,11253,18,29,2026-03-29T06:03:34.081000+00:00,35.981,42.879,18.357,247.0,318.0,False,97.217,"[None, 2048, 2048, 2049, 2048, 2048, 2048, 2048, 2048]","[2048, 2048, 2048, 2049, 2048, 2048, 2048, 2048, 2049, 2048, 2048]","[2048, 2048, 2048, 2048, 2048, 2048, 2048]",280.0
1281,11253,14,29,2026-03-29T06:03:35.162000+00:00,35.666,43.089,18.324,258.0,313.0,False,97.079,"[None, 2048, 2049, 2049, 2049, 2048, 2049, 2049, 2048]","[2048, 2048, 2049, 2048, 2048, 2048, 2048, 2048, 2049, 2049, 2048]","[2048, 2049, 2048, 2048, 2049, 2048, 2048]",279.0
1281,11253,77,29,2026-03-29T06:03:47.661000+00:00,35.9,42.797,18.506,258.0,315.0,False,97.203,"[None, 2048, 2048, 2048, 2049, 2049, 2048, 2048, 2048]","[2049, 2048, 2048, 2048, 2048, 2048, 2048, 2049, 2049, 2048, 2048]","[2048, 2048, 2048, 2048, 2048, 2048, 2048]",280.0
1281,11253,12,30,2026-03-29T06:04:54.846000+00:00,33.749,41.267,17.843,258.0,313.0,False,92.859,"[None, 2048, 2048, 2051, 2048, 2051, 2048, 2049, 2048]","[2049, 2051, 2048, 2048, 2048, 2048, 2048, 2049, 2051, 2048, 2048]","[2048, 2048, 2051, 2048, 2048, 2051, 2048]",277.0
1281,11253,81,30,2026-03-29T06:04:56.758000+00:00,34.171,41.504,18.024,259.0,310.0,False,93.699,"[None, 2048, 2048, 2048, 2048, 2049, 2048, 2048, 2048]","[2048, 2049, 2048, 2048, 2048, 2048, 2048, 2048, 2049, 2048, 2048]","[2048, 2048, 2048, 2048, 2049, 2049, 2048]",280.0
1281,11253,44,30,2026-03-29T06:04:57.420000+00:00,34.238,41.651,17.986,257.0,318.0,False,93.875,"[2048, 2048, 2048, 2048, 2049, 2048, 2049, 2049, 2048]","[2049, 2048, 2048, 2048, 2048, 2048, 2048, 2049, 2048, 2048, 2048]","[2048, 2048, 2048, 2048, 2048, 2048, 2048]",283.0
1281,11253,63,30,2026-03-29T06:04:58.285000+00:00,33.938,41.724,17.95,277.0,317.0,False,93.612,"[2048, 2048, 2048, 2048, 2048, 2049, 2048, 2048, 2048]","[2048, 2048, 2048, 2048, 2048, 2048, 2048, 2048, 2048, 2049, 2048]","[2048, 2048, 2048, 2048, 2048, 2048, 2048]",286.0
1281,11253,16,30,2026-03-29T06:04:58.797000+00:00,34.331,41.368,17.997,262.0,329.0,False,93.696,"[2048, 2048, 2048, 2048, 2048, 2048, 2048, 2048, 2048]","[2051, 2048, 2048, 2048, 2048, 2048, 2048, 2048, 2048, 2049, 2048]","[2048, 2048, 2048, 2048, 2048, 2048, 2049]",290.0
1281,11253,1,30,2026-03-29T06:04:59.893000+00:00,34.362,41.618,17.871,263.0,326.0,False,93.851,"[2048, 2048, 2048, 2048, 2048, 2048, 2048, 2048, 2048]","[2048, 2048, 2048, 2048, 2048, 2048, 2048, 2048, 2048, 2048, 2048]","[2048, 2048, 2048, 2048, 2048, 2048, 2048]",287.0
1281,11253,10,30,2026-03-29T06:05:01.151000+00:00,34.645,42.094,18.053,,326.0,False,94.792,"[2048, 2048, 2048, 2049, 2049, 2048, 2048, 2049, 2048]","[2048, 2048, 2048, 2048, 2048, 2048, 2048, 2048, 2048, 2048, 2048]","[2048, 2048, 2048, 2049, 2049, 2049, 2049]",287.0
1281,11253,3,30,2026-03-29T06:05:01.517000+00:00,34.815,41.938,17.999,267.0,335.0,False,94.752,"[2048, 2048, 2048, 2049, 2049, 2048, 2049, 2048, 2048]","[2048, 2048, 2048, 2048, 2048, 2048, 2048, 2048, 2048, 2048, 2049]","[2048, 2048, 2048, 2048, 2048, 2048, 2048]",295.0
1281,11253,30,30,2026-03-29T06:05:03.046000+00:00,34.844,42.041,17.975,268.0,325.0,False,94.86,"[None, 2048, 2049, 2049, 2049, 2049, 2048, 2048, 2048]","[2049, 2048, 2048, 2049, 2049, 2048, 2048, 2049, 2049, 2048, 2048]","[2048, 2048, 2048, 2049, 2049, 2048, 2048]",287.0
1281,11253,31,30,2026-03-29T06:05:03.745000+00:00,34.906,42.002,17.964,260.0,332.0,False,94.872,"[None, 2048, 2048, 2048, 2049, 2048, 2048, 2048, 2048]","[2048, 2048, 2048, 2048, 2048, 2048, 2048, 2048, 2048, 2048, 2048]","[2048, 2049, 2048, 2048, 2048, 2048, 2048]",290.0
1281,11253,5,30,2026-03-29T06:05:05.746000+00:00,35.069,42.254,18.201,255.0,313.0,False,95.524,"[None, 2048, 2048, 2049, 2049, 2049, 2049, 2049, 2048]","[2048, 2049, 2048, 2049, 2048, 2048, 2048, 2048, 2049, 2048, 2048]","[2048, 2048, 2048, 2049, 2049, 2049, 2048]",283.0
1281,11253,6,30,2026-03-29T06:05:06.094000+00:00,34.998,42.274,18.213,270.0,331.0,False,95.485,"[None, 2048, 2048, 2048, 2048, 2048, 2048, 2048, 2048]","[2048, 2048, 2048, 2048, 2048, 2048, 2048, 2048, 2048, 2048, 2048]","[2048, 2048, 2048, 2048, 2049, 2049, 2049]",296.0
1281,11253,27,30,2026-03-29T06:05:06.655000+00:00,36.353,42.063,17.826,265.0,329.0,False,96.242,"[None, 2048, 2048, 2048, 2048, 2048, 2048, 2048, 2048]","[2048, 2049, 2048, 2048, 2049, 2048, 2048, 2048, 2049, 2048, 2048]","[2048, 2048, 2048, 2049, 2049, 2049, 2049]",295.0
1281,11253,41,30,2026-03-29T06:05:07.190000+00:00,35.576,41.947,18.201,269.0,332.0,False,95.724,"[2048, 2048, 2048, 2048, 2048, 2048, 2048, 2048, 2048]","[2048, 2049, 2049, 2048, 2048, 2048, 2048, 2049, 2048, 2048, 2048]","[2048, 2049, None, None, 2048, 2048]",292.0
1281,11253,55,30,2026-03-29T06:05:07.689000+00:00,36.039,42.123,17.972,275.0,334.0,False,96.134,"[None, 2048, 2048, 2048, 2048, 2048, 2048, 2048, 2048]","[2048, 2048, 2048, 2049, 2048, 2048, 2049, 2048, 2048, 2049, 2049]","[2048, 2048, 2048, 2048, 2048, 2049, 2049]",296.0
1281,11253,43,30,2026-03-29T06:05:07.934000+00:00,36.17,42.26,18.045,263.0,334.0,False,96.475,"[2049, 2049, 2048, 2048, 2048, 2048, 2048, 2048, 2048]","[2048, 2048, 2048, 2048, 2048, 2048, 2048, 2048, 2048, 2051, 2048]","[2048, 2048, 2048, 2048, 2048, 2048, 2048]",296.0
1281,11253,23,30,2026-03-29T06:05:08.537000+00:00,36.217,42.383,18.162,277.0,326.0,False,96.762,"[2049, 2048, 2048, 2048, 2048, 2048, 2048, 2048, 2048]","[2048, 2048, 2048, 2048, 2048, 2048, 2048, 2048, 2048, 2049, 2048]","[2048, 2048, 2048, 2048, 2048, 2048, 2048]",291.0
1281,11253,11,30,2026-03-29T06:05:09.433000+00:00,35.791,42.817,18.252,260.0,335.0,False,96.86,"[None, 2048, 2048, 2048, 2048, 2048, 2048, 2048, 2048]","[2048, 2048, 2048, 2048, 2048, 2048, 2048, 2048, 2048, 2048, 2048]","[2048, 2048, 2048, 2048, 2048, 2049, 2049]",293.0
1281,11253,18,30,2026-03-29T06:05:11.488000+00:00,35.698,43.267,21.666,249.0,317.0,False,100.631,"[None, 2048, 2048, 2048, 2048, 2048, 2048, 2048, 2048]","[2048, 2048, 2048, 2048, 2048, 2048, 2048, 2048, 2048, 2048, 2048]","[2048, 2048, 2048, 2048, 2064, 2064, 2064]",278.0
1281,11253,14,30,2026-03-29T06:05:12.224000+00:00,35.685,43.153,18.573,,314.0,False,97.411,"[None, 2048, 2049, 2048, 2048, 2048, 2048, 2048, 2048]","[2048, 2048, 2049, 2048, 2048, 2048, 2048, 2048, 2048, 2049, 2048]","[2048, 2048, 2048, 2048, 2048, 2048, 2048]",278.0
1281,11253,77,30,2026-03-29T06:05:24.798000+00:00,35.942,42.901,18.526,259.0,314.0,False,97.369,"[None, 2048, 2048, 2048, 2048, 2048, 2048, 2048, 2048]","[2049, 2048, 2048, 2048, 2048, 2048, 2048, 2048, 2048, 2048, 2048]","[2048, 2048, 2048, 2048, 2048, 2049, 2048]",278.0
1281,11253,12,31,2026-03-29T06:06:27.773000+00:00,33.989,41.365,17.904,260.0,315.0,False,93.258,"[None, 2048, 2048, 2048, 2048, 2048, 2051, 2049, 2048]","[2051, 2051, 2048, 2048, 2049, 2048, 2048, 2048, 2048, 2048, 2048]","[2048, 2048, 2048, 2048, 2048, 2048, 2048]",278.0
1281,11253,81,31,2026-03-29T06:06:30.478000+00:00,34.117,41.379,17.914,262.0,315.0,False,93.41,"[None, 2048, 2048, 2048, 2049, 2048, 2048, 2048, 2048]","[2049, 2048, 2049, 2048, 2048, 2048, 2048, 2049, 2048, 2048, 2048]","[2048, 2049, 2048, 2048, 2048, 2049, 2048]",281.0
1281,11253,44,31,2026-03-29T06:06:31.326000+00:00,34.176,41.591,17.903,256.0,328.0,False,93.67,"[None, 2048, 2048, 2049, 2049, 2048, 2048, 2048, 2048]","[2049, 2048, 2048, 2048, 2049, 2048, 2048, 2048, 2049, 2048, 2048]","[2048, 2048, 2048, 2048, 2048, 2048, 2048]",287.0
1281,11253,63,31,2026-03-29T06:06:31.827000+00:00,34.028,41.902,17.975,283.0,316.0,False,93.905,"[2049, 2048, 2048, 2048, 2048, 2048, 2048, 2048, 2048]","[2048, 2048, 2048, 2048, 2048, 2048, 2048, 2048, 2048, 2049, 2048]","[2048, 2048, 2048, 2048, 2048, 2048, 2048]",284.0
1281,11253,16,31,2026-03-29T06:06:32.497000+00:00,34.399,41.644,17.872,259.0,327.0,False,93.915,"[2049, 2049, 2048, 2048, 2048, 2048, 2048, 2048, 2048]","[2048, 2048, 2049, 2048, 2048, 2048, 2048, 2048, 2048, 2048, 2048]","[2048, 2048, 2048, 2048, 2048, 2048, 2048]",289.0
1281,11253,1,31,2026-03-29T06:06:33.609000+00:00,34.461,41.767,17.903,258.0,323.0,False,94.131,"[None, 2048, 2049, 2048, 2049, 2048, 2048, 2048, 2048]","[2048, 2048, 2048, 2048, 2048, 2048, 2048, 2048, 2048, 2048, 2048]","[2048, 2048, 2048, 2048, 2049, 2049, 2048]",285.0
1281,11253,10,31,2026-03-29T06:06:35.957000+00:00,34.337,41.674,17.988,259.0,320.0,False,93.999,"[None, 2048, 2049, 2049, 2049, 2048, 2048, 2049, 2048]","[2048, 2049, 2049, 2049, 2048, 2048, 2048, 2049, 2049, 2048, 2048]","[2048, 2048, 2048, 2049, 2049, 2049, 2049]",284.0
1281,11253,3,31,2026-03-29T06:06:36.287000+00:00,34.448,41.837,18.01,268.0,330.0,False,94.295,"[None, 2048, 2048, 2048, 2049, 2048, 2049, 2048, 2048]","[2048, 2048, 2048, 2048, 2048, 2048, 2048, 2048, 2049, 2048, 2048]","[2048, 2048, 2048, 2048, 2048, 2048, 2048]",290.0
1281,11253,30,31,2026-03-29T06:06:37.931000+00:00,34.75,41.936,18.03,267.0,322.0,False,94.716,"[None, 2048, 2049, 2049, 2049, 2049, 2048, 2049, 2048]","[2049, 2049, 2049, 2048, 2049, 2048, 2048, 2048, 2049, 2048, 2048]","[2048, 2048, 2048, 2048, 2048, 2049, 2048]",286.0
1281,11253,31,31,2026-03-29T06:06:38.756000+00:00,34.816,41.835,17.98,,333.0,False,94.631,"[None, 2048, 2048, 2048, 2049, 2049, 2048, 2048, 2048]","[2049, 2048, 2049, 2048, 2048, 2048, 2048, 2048, 2048, 2048, 2048]","[2048, 2049, 2048, 2048, 2048, 2049, 2048]",291.0
1281,11253,5,31,2026-03-29T06:06:41.347000+00:00,34.796,42.219,18.165,258.0,312.0,False,95.18,"[None, 2048, 2048, 2048, 2049, 2048, 2048, 2048, 2048]","[2048, 2048, 2048, 2049, 2048, 2048, 2048, 2049, 2049, 2048, 2048]","[2048, 2048, 2048, 2048, 2048, 2049, 2048]",282.0
1281,11253,6,31,2026-03-29T06:06:41.740000+00:00,34.806,42.341,18.108,268.0,316.0,False,95.255,"[None, 2048, 2048, 2048, 2048, 2048, 2048, 2048, 2048]","[2048, 2048, 2048, 2048, 2048, 2048, 2048, 2048, 2048, 2048, 2048]","[2048, 2048, 2048, 2048, 2048, 2049, 2048]",287.0
1281,11253,41,31,2026-03-29T06:06:42.616000+00:00,35.809,42.126,18.027,271.0,331.0,False,95.962,"[None, 2048, 2048, 2048, 2048, 2048, 2048, 2048, 2049]","[2048, 2048, 2048, 2048, 2048, 2048, 2048, 2048, 2048, 2048, 2048]","[2048, 2048, 2048, 2048, 2048, 2048, 2048]",291.0
1281,11253,27,31,2026-03-29T06:06:42.862000+00:00,34.783,41.951,17.903,260.0,330.0,False,94.637,"[None, 2048, 2048, 2049, 2048, 2048, 2049, 2049, 2048]","[2048, 2049, 2048, 2049, 2048, 2048, 2048, 2048, 2049, 2048, 2048]","[2048, 2048, 2048, 2048, 2048, 2048]",294.0
1281,11253,55,31,2026-03-29T06:06:43.786000+00:00,35.494,42.382,18.245,271.0,331.0,False,96.121,"[None, 2048, 2048, 2048, 2048, 2048, 2048, 2049, 2048]","[2048, 2048, 2048, 2048, 2048, 2048, 2048, 2048, 2048, 2048, 2048]","[2048, 2048, 2048, 2049, 2049, 2049, 2049]",290.0
1281,11253,43,31,2026-03-29T06:06:44.485000+00:00,35.415,42.206,18.301,264.0,339.0,False,95.922,"[2048, 2048, 2048, 2048, 2048, 2048, 2048, 2048, 2048]","[2048, 2048, 2048, 2048, 2048, 2048, 2048, 2048, 2048, 2048, 2048]","[2048, 2048, 2048, 2048, 2048, 2048, 2048]",298.0
1281,11253,23,31,2026-03-29T06:06:45.220000+00:00,35.422,42.137,18.161,278.0,329.0,False,95.72,"[2048, 2048, 2048, 2048, 2048, 2049, 2048, 2048, 2048]","[2048, 2049, 2049, 2048, 2048, 2048, 2048, 2048, 2048, 2048, 2048]","[2048, 2048, 2048, 2048, 2048, 2048, 2048]",293.0
1281,11253,11,31,2026-03-29T06:06:46.249000+00:00,35.452,42.496,18.244,255.0,333.0,False,96.192,"[None, 2048, 2048, 2048, 2048, 2048, 2048, 2048, 2048]","[2048, 2048, 2049, 2048, 2048, 2048, 2048, 2048, 2048, 2048, 2048]","[2048, 2049, 2048, 2048, 2048, 2048, 2048]",290.0
1281,11253,14,31,2026-03-29T06:06:49.526000+00:00,36.137,43.271,18.456,257.0,320.0,False,97.864,"[None, 2048, 2048, 2048, 2048, 2048, 2048, 2048, 2048]","[2048, 2048, 2048, 2048, 2048, 2048, 2048, 2048, 2048, 2048, 2048]","[2048, 2048, 2048, 2048, 2048, 2048, 2048]",277.0
1281,11253,18,31,2026-03-29T06:06:51.854000+00:00,,,,,,False,,,,,
1281,11253,77,31,2026-03-29T06:07:02.206000+00:00,35.799,42.826,18.487,260.0,312.0,False,97.112,"[None, 2048, 2049, 2048, 2048, 2049, 2048, 2048, 2048]","[2049, 2048, 2048, 2048, 2048, 2048, 2048, 2048, 2048, 2048, 2048]","[2048, 2048, 2048, 2048, 2048, 2048, 2049]",277.0
1281,11253,12,32,2026-03-29T06:08:00.949000+00:00,33.795,41.232,17.841,,315.0,False,92.868,"[None, 2048, 2048, 2048, 2048, 2048, 2048, 2048, 2048]","[2051, 2051, 2048, 2048, 2048, 2048, 2048, 2048, 2048, 2048, 2048]","[2048, 2048, 2048, 2049, 2051, 2048, 2049]",278.0
1281,11253,81,32,2026-03-29T06:08:03.842000+00:00,34.092,41.588,17.925,263.0,311.0,False,93.605,"[None, 2048, 2049, 2048, 2051, 2048, 2048, 2048, 2048]","[2048, 2048, 2048, 2048, 2048, 2048, 2048, 2049, 2048, 2048, 2048]","[2048, 2048, 2048, 2048, 2049, 2048]",279.0
1281,11253,44,32,2026-03-29T06:08:04.964000+00:00,34.037,41.441,18.023,263.0,312.0,False,93.501,"[None, 2048, 2049, 2049, 2049, 2051, 2049, 2048, 2048]","[2049, 2049, 2048, 2048, 2048, 2048, 2048, 2048, 2048, 2048, 2048]","[2048, 2048, 2049, 2048, 2048, 2048, 2048]",279.0
1281,11253,63,32,2026-03-29T06:08:05.656000+00:00,33.931,41.545,17.929,271.0,321.0,False,93.405,"[2048, 2049, 2048, 2048, 2049, 2049, 2048, 2048, 2048]","[2048, 2049, 2048, 2048, 2048, 2048, 2048, 2048, 2048, 2048, 2048]","[2048, 2048, 2048, 2048, 2048, 2048, 2048]",286.0
1281,11253,16,32,2026-03-29T06:08:06.557000+00:00,34.121,41.499,17.874,262.0,328.0,False,93.494,"[2048, 2048, 2049, 2048, 2048, 2048, 2048, 2048, 2048]","[2048, 2048, 2048, 2048, 2048, 2048, 2048, 2048, 2048, 2048, 2048]","[2048, 2048, 2049, 2048, 2048, 2048, 2048]",289.0
1281,11253,1,32,2026-03-29T06:08:07.792000+00:00,34.65,41.795,17.974,260.0,317.0,False,94.419,"[None, 2048, 2048, 2048, 2048, 2048, 2048, 2048, 2048]","[2049, 2048, 2048, 2048, 2048, 2048, 2048, 2048, 2048, 2048, 2048]","[2048, 2048, 2048, 2048, 2048, 2049, 2048]",282.0
1281,11253,10,32,2026-03-29T06:08:09.981000+00:00,34.359,41.766,17.941,261.0,321.0,False,94.066,"[None, 2048, 2048, 2049, 2048, 2049, 2049, 2048, 2048]","[2048, 2049, 2049, 2048, 2049, 2048, 2048, 2049, 2049, 2048, 2048]","[2048, 2048, 2048, 2048, 2048, 2048, 2048]",284.0
1281,11253,3,32,2026-03-29T06:08:10.539000+00:00,34.441,41.692,17.995,267.0,329.0,False,94.128,"[None, 2048, 2048, 2048, 2049, 2049, 2049, 2048, 2048]","[2048, 2049, 2048, 2048, 2048, 2048, 2048, 2049, 2048, 2048, 2048]","[2048, 2048, 2048, 2048, 2048, 2048, 2048]",290.0
1281,11253,30,32,2026-03-29T06:08:12.572000+00:00,34.705,41.903,18.039,271.0,323.0,False,94.647,"[None, 2048, 2048, 2049, 2048, 2049, 2048, 2048, 2049]","[2049, 2048, 2049, 2048, 2048, 2048, 2048, 2048, 2049, 2048, 2048]","[2048, 2048, 2048, 2048, 2048, 2048, 2048]",285.0
1281,11253,31,32,2026-03-29T06:08:13.315000+00:00,34.937,41.793,17.935,259.0,332.0,False,94.665,"[None, 2048, 2048, 2048, 2048, 2048, 2048, 2048, 2048]","[2049, 2048, 2049, 2048, 2048, 2048, 2048, 2048, 2048, 2048, 2048]","[2048, 2049, 2048, 2048, 2048, 2048, 2048]",290.0
1281,11253,5,32,2026-03-29T06:08:16.434000+00:00,34.786,42.144,18.063,259.0,314.0,False,94.993,"[None, 2048, 2048, 2048, 2049, 2049, 2048, 2049, 2048]","[2049, 2049, 2048, 2048, 2048, 2048, 2048, 2048, 2049, 2048, 2048]","[2048, 2048, 2049, 2048, 2048, 2049, 2049]",283.0
1281,11253,6,32,2026-03-29T06:08:17.062000+00:00,34.712,42.247,18.027,269.0,332.0,False,94.986,"[2051, 2049, 2049, 2048, 2048, 2048, 2048, 2048, 2048]","[2048, 2048, 2048, 2048, 2048, 2048, 2048, 2048, 2048, 2048, 2048]","[2048, 2048, 2048, 2048, 2049, 2049, 2048]",294.0
1281,11253,27,32,2026-03-29T06:08:17.374000+00:00,34.861,42.073,17.971,266.0,330.0,False,94.905,"[None, 2048, 2048, 2048, 2048, 2049, 2048, 2048, 2048]","[2048, 2048, 2048, 2048, 2048, 2048, 2048, 2048, 2048, 2048, 2048]","[2048, 2048, 2048, 2048, 2048, 2048, 2049]",295.0
1281,11253,41,32,2026-03-29T06:08:18.913000+00:00,35.129,41.998,18.01,269.0,329.0,False,95.137,"[None, 2048, 2049, 2048, 2048, 2048, 2048, 2048, 2048]","[2048, 2048, 2048, 2048, 2048, 2048, 2048, 2049, 2049, 2048, 2048]","[2048, 2048, 2048, 2048, 2048, 2048, 2048]",290.0
1281,11253,55,32,2026-03-29T06:08:19.883000+00:00,35.249,42.18,18.154,262.0,323.0,False,95.583,"[None, 2048, 2049, 2048, 2048, 2049, 2049, 2049, 2048]","[2048, 2049, 2048, 2048, 2048, 2048, 2048, 2048, 2049, 2048, 2048]","[2048, 2048, 2048, 2049, 2049, 2049, 2049]",287.0
1281,11253,43,32,2026-03-29T06:08:20.410000+00:00,35.28,42.079,18.196,,338.0,False,95.555,"[None, 2048, 2048, 2048, 2048, 2048, 2048, 2048, 2048]","[2048, 2048, 2048, 2048, 2048, 2048, 2048, 2048, 2048, 2048, 2048]","[2048, 2048, 2048, 2048, 2048, 2048, 2051]",298.0
1281,11253,23,32,2026-03-29T06:08:21.041000+00:00,35.605,42.195,18.109,270.0,325.0,False,95.909,"[None, 2048, 2048, 2048, 2048, 2048, 2048, 2048, 2048]","[2048, 2048, 2048, 2049, 2048, 2048, 2048, 2048, 2049, 2048, 2048]","[2048, 2048, 2048, 2048, 2048, 2048, 2048]",293.0
1281,11253,11,32,2026-03-29T06:08:22.464000+00:00,35.572,42.567,18.425,263.0,319.0,False,96.564,"[None, 2048, 2049, 2048, 2048, 2048, 2048, 2048, 2048]","[2048, 2048, 2048, 2048, 2048, 2048, 2048, 2049, 2049, 2048, 2048]","[2048, 2048, 2048, 2049, 2049, 2049, 2048]",284.0
1281,11253,14,32,2026-03-29T06:08:27.380000+00:00,35.972,43.382,18.708,250.0,306.0,False,98.062,"[None, 2048, 2048, 2048, 2048, 2048, 2048, 2049, 2048]","[2048, 2049, 2048, 2048, 2048, 2048, 2048, 2048, 2048, 2048, 2048]","[2048, 2048, 2048, 2048, 2048, 2048, 2048]",270.0
1281,11253,77,32,2026-03-29T06:08:39.271000+00:00,35.752,42.895,18.495,261.0,315.0,False,97.142,"[None, 2048, 2048, 2048, 2048, 2049, 2048, 2048, 2048]","[2049, 2048, 2048, 2048, 2048, 2048, 2048, 2048, 2049, 2048, 2048]","[2048, 2048, 2048, 2048, 2048, 2048, 2048]",280.0
1281,11253,12,33,2026-03-29T06:09:33.956000+00:00,33.848,41.293,17.858,,315.0,False,92.999,"[None, 2048, 2048, 2048, 2048, 2051, 2048, 2051, 2048]","[2048, 2048, 2048, 2048, 2048, 2048, 2048, 2048, 2048, 2048, 2048]","[2048, 2048, 2048, 2048, 2048, 2051, 2048]",278.0
1281,11253,81,33,2026-03-29T06:09:37.514000+00:00,33.973,41.471,18.04,262.0,313.0,False,93.484,"[None, 2048, 2049, 2048, 2048, 2049, 2048, 2048, 2048]","[2048, 2049, 2049, 2048, 2048, 2048, 2048, 2048, 2048, 2048, 2048]","[2048, 2048, 2048, 2048, 2048, 2048, 2048]",281.0
1281,11253,44,33,2026-03-29T06:09:38.369000+00:00,33.991,41.566,17.967,258.0,331.0,False,93.524,"[None, 2048, 2051, 2048, 2048, 2048, 2049, 2048, 2048]","[2048, 2048, 2048, 2048, 2048, 2048, 2048, 2048, 2049, 2048, 2048]","[2048, 2048, 2048, 2048, 2048, 2048, 2048]",289.0
1281,11253,63,33,2026-03-29T06:09:39.067000+00:00,33.804,41.766,17.93,265.0,321.0,False,93.5,"[2049, 2049, 2048, 2048, 2048, 2048, 2048, 2048, 2048]","[2048, 2048, 2049, 2048, 2048, 2048, 2048, 2048, 2048, 2049, 2048]","[2048, 2048, 2048, 2048, 2048, 2048, 2048]",288.0
1281,11253,16,33,2026-03-29T06:09:39.945000+00:00,34.154,41.412,17.878,266.0,334.0,False,93.444,"[None, 2048, 2048, 2048, 2048, 2048, 2048, 2048, 2048]","[2048, 2048, 2048, 2048, 2048, 2048, 2048, 2048, 2048, 2048, 2049]","[2049, 2048, 2048, 2048, 2048, 2048, 2048]",293.0
1281,11253,1,33,2026-03-29T06:09:42.204000+00:00,34.252,41.655,17.88,,319.0,False,93.787,"[None, 2048, 2049, 2048, 2048, 2049, 2048, 2048, 2048]","[2048, 2049, 2048, 2048, 2048, 2048, 2048, 2048, 2049, 2048, 2048]","[2048, 2048, 2048, 2048, 2048, 2049, 2048]",283.0
1281,11253,10,33,2026-03-29T06:09:44.092000+00:00,34.249,41.634,17.94,265.0,324.0,False,93.823,"[None, 2048, 2049, 2048, 2048, 2048, 2049, 2048, 2048]","[2049, 2048, 2048, 2048, 2048, 2048, 2048, 2048, 2048, 2048, 2048]","[2048, 2048, 2048, 2048, 2048, 2048, 2048]",288.0
1281,11253,3,33,2026-03-29T06:09:44.684000+00:00,34.545,41.563,17.817,269.0,331.0,False,93.925,"[None, 2048, 2048, 2048, 2048, 2048, 2048, 2048, 2049]","[2048, 2048, 2048, 2048, 2048, 2048, 2048, 2049, 2049, 2048, 2048]","[2048, 2048, 2048, 2048, 2048, 2048, 2048]",291.0
1281,11253,30,33,2026-03-29T06:09:47.272000+00:00,34.796,41.974,18.003,267.0,325.0,False,94.773,"[None, 2048, 2048, 2048, 2048, 2048, 2049, 2048, 2048]","[2048, 2048, 2048, 2048, 2048, 2048, 2048, 2048, 2048, 2048, 2048]","[2048, 2048, 2048, 2048, 2048, 2048, 2048]",287.0
1281,11253,31,33,2026-03-29T06:09:47.978000+00:00,34.877,41.879,17.941,264.0,330.0,False,94.697,"[None, 2048, 2048, 2048, 2048, 2048, 2048, 2048, 2048]","[2048, 2048, 2048, 2048, 2048, 2048, 2048, 2048, 2048, 2048, 2048]","[2048, 2048, 2048, 2049, 2049, 2049, 2048]",291.0
1281,11253,5,33,2026-03-29T06:09:51.519000+00:00,34.497,42.127,18.267,262.0,315.0,False,94.891,"[None, 2048, 2048, 2048, 2048, 2048, 2049, 2048, 2048]","[2048, 2048, 2048, 2048, 2048, 2048, 2048, 2049, 2048, 2048, 2048]","[2048, 2048, 2048, 2048, 2048, 2048, 2049]",285.0
1281,11253,6,33,2026-03-29T06:09:51.999000+00:00,34.541,41.979,18.198,,331.0,False,94.718,"[2048, 2048, 2048, 2048, 2048, 2048, 2049, 2048, 2048]","[2048, 2048, 2048, 2049, 2048, 2048, 2048, 2048, 2048, 2048, 2048]","[2048, 2048, 2048, 2049, 2049, 2048, 2049]",295.0
1281,11253,27,33,2026-03-29T06:09:52.367000+00:00,34.925,41.982,17.913,268.0,328.0,False,94.82,"[None, 2048, 2048, 2048, 2048, 2048, 2048, 2048, 2048]","[2048, 2048, 2048, 2048, 2048, 2048, 2048, 2048, 2048, 2048, 2048]","[2048, 2048, 2048, 2048, 2048, 2048, 2048]",294.0
1281,11253,41,33,2026-03-29T06:09:53.865000+00:00,35.082,42.064,18.014,268.0,328.0,False,95.16,"[None, 2048, 2048, 2048, 2048, 2048, 2048, 2048, 2048]","[2048, 2048, 2048, 2048, 2048, 2048, 2048, 2048, 2049, 2048, 2048]","[2048, 2048, 2048, 2048, 2048, 2048, 2048]",291.0
1281,11253,55,33,2026-03-29T06:09:55.514000+00:00,35.121,42.062,17.911,264.0,323.0,False,95.094,"[None, 2048, 2048, 2049, 2048, 2049, 2049, 2049, 2048]","[2048, 2049, 2048, 2048, 2048, 2048, 2048, 2049, 2049, 2048, 2048]","[2048, 2048, 2048, 2048, 2048, 2049, 2048]",289.0
1281,11253,43,33,2026-03-29T06:09:55.953000+00:00,35.322,42.392,17.958,268.0,333.0,False,95.672,"[2049, 2048, 2048, 2048, 2048, 2048, 2048, 2048, 2048]","[2048, 2048, 2049, 2048, 2048, 2048, 2048, 2048, 2048, 2048, 2048]","[2048, 2049, 2048, 2048, 2048, 2048, 2048]",292.0
1281,11253,23,33,2026-03-29T06:09:56.884000+00:00,35.463,42.33,17.974,269.0,323.0,False,95.767,"[None, 2048, 2048, 2048, 2048, 2048, 2048, 2048, 2048]","[2048, 2048, 2048, 2048, 2048, 2048, 2048, 2048, 2048, 2048, 2048]","[2048, 2049, 2049, 2048, 2048, 2048, 2048]",292.0
1281,11253,11,33,2026-03-29T06:09:59.122000+00:00,35.467,42.635,18.264,255.0,318.0,False,96.366,"[None, 2048, 2048, 2049, 2048, 2048, 2048, 2048, 2048]","[2048, 2049, 2048, 2048, 2048, 2048, 2048, 2048, 2049, 2048, 2048]","[2048, 2048, 2048, 2048, 2049, 2049, 2048]",283.0
1281,11253,14,33,2026-03-29T06:10:05.570000+00:00,35.856,43.216,18.63,254.0,309.0,False,97.702,"[None, 2048, 2048, 2048, 2048, 2048, 2049, 2049, 2048]","[2048, 2048, 2048, 2048, 2048, 2048, 2048, 2049, 2048, 2048, 2048]","[2048, 2048, 2048, 2048, 2048, 2048, 2048]",270.0
1281,11253,77,33,2026-03-29T06:10:16.526000+00:00,35.784,42.86,18.428,257.0,314.0,False,97.072,"[None, 2048, 2049, 2048, 2048, 2048, 2048, 2049, 2048]","[2048, 2048, 2048, 2048, 2048, 2048, 2048, 2048, 2049, 2048, 2048]","[2048, 2048, 2048, 2048, 2048, 2048, 2048]",280.0
1281,11253,12,34,2026-03-29T06:11:06.877000+00:00,33.69,41.436,17.783,,318.0,False,92.909,"[None, 2048, 2048, 2048, 2051, 2048, 2048, 2051, 2048]","[2048, 2048, 2048, 2048, 2049, 2048, 2048, 2049, 2048, 2048, 2048]","[2048, 2048, 2048, 2048, 2048, 2048, 2048]",279.0
1281,11253,81,34,2026-03-29T06:11:10.991000+00:00,33.983,41.44,17.978,263.0,316.0,False,93.401,"[None, 2048, 2048, 2048, 2048, 2049, 2048, 2048, 2048]","[2048, 2048, 2049, 2048, 2049, 2048, 2048, 2048, 2048, 2048, 2048]","[2048, 2049, 2048, 2048, 2049, 2048, 2048]",282.0
1281,11253,44,34,2026-03-29T06:11:11.902000+00:00,34.092,41.289,17.92,263.0,327.0,False,93.301,"[None, 2048, 2048, 2048, 2049, 2048, 2049, 2048, 2048]","[2049, 2048, 2049, 2048, 2048, 2048, 2048, 2049, 2048, 2048, 2048]","[2048, 2048, 2048, 2048, 2048, 2048, 2048]",287.0
1281,11253,63,34,2026-03-29T06:11:12.624000+00:00,34.014,41.605,17.866,271.0,321.0,False,93.485,"[None, 2049, 2048, 2048, 2049, 2048, 2048, 2048, 2048]","[2048, 2048, 2048, 2048, 2049, 2048, 2048, 2048, 2048, 2048, 2048]","[2048, 2048, 2048, 2048, 2048, 2048, 2048]",287.0
1281,11253,16,34,2026-03-29T06:11:13.398000+00:00,34.361,41.287,17.86,261.0,336.0,False,93.508,"[None, 2048, 2048, 2048, 2048, 2048, 2048, 2048, 2048]","[2048, 2048, 2048, 2048, 2048, 2048, 2048, 2048, 2049, 2049, 2049]","[2049, 2048, 2048, 2048, 2048, 2048, 2048]",293.0
1281,11253,1,34,2026-03-29T06:11:15.980000+00:00,34.05,41.548,17.896,259.0,320.0,False,93.494,"[None, 2048, 2049, 2048, 2049, 2049, 2049, 2048, 2048]","[2048, 2049, 2048, 2048, 2049, 2048, 2048, 2048, 2049, 2048, 2048]","[2048, 2048, 2048, 2048, 2048, 2049]",285.0
1281,11253,10,34,2026-03-29T06:11:17.911000+00:00,34.314,41.776,17.931,262.0,320.0,False,94.021,"[None, 2048, 2048, 2048, 2049, 2048, 2048, 2048, 2048]","[2048, 2048, 2048, 2048, 2048, 2048, 2048, 2049, 2048, 2048, 2048]","[2048, 2048, 2048, 2048, 2048, 2048, 2048]",285.0
1281,11253,3,34,2026-03-29T06:11:18.700000+00:00,34.33,41.606,17.905,268.0,332.0,False,93.841,"[None, 2048, 2049, 2048, 2049, 2048, 2048, 2048, 2048]","[2048, 2049, 2048, 2048, 2048, 2048, 2048, 2048, 2048, 2048, 2048]","[2048, 2048, 2048, 2048, 2048, 2049, 2048]",293.0
1281,11253,30,34,2026-03-29T06:11:22.059000+00:00,34.755,42.038,18.057,268.0,321.0,False,94.85,"[None, 2048, 2048, 2048, 2049, 2048, 2048, 2048, 2048]","[2048, 2048, 2048, 2048, 2048, 2048, 2048, 2049, 2048, 2048, 2048]","[2048, 2048, 2048, 2049, 2049, 2049]",284.0
1281,11253,31,34,2026-03-29T06:11:22.626000+00:00,34.848,41.837,18.088,261.0,334.0,False,94.773,"[None, 2048, 2048, 2048, 2049, 2048, 2048, 2048, 2048]","[2049, 2048, 2048, 2048, 2048, 2048, 2048, 2048, 2048, 2048, 2048]","[2048, 2048, 2048, 2048, 2048, 2048, 2048]",293.0
1281,11253,5,34,2026-03-29T06:11:26.314000+00:00,34.588,42.316,18.189,258.0,314.0,False,95.093,"[None, 2048, 2048, 2048, 2048, 2048, 2048, 2048, 2048]","[2048, 2048, 2049, 2048, 2048, 2048, 2048, 2048, 2048, 2048, 2048]","[2048, 2048, 2048, 2048, 2048, 2048, 2048]",283.0
1281,11253,6,34,2026-03-29T06:11:26.710000+00:00,34.668,42.276,18.201,267.0,320.0,False,95.145,"[None, 2048, 2048, 2048, 2048, 2048, 2048, 2048, 2048]","[2048, 2048, 2048, 2048, 2049, 2048, 2048, 2048, 2048, 2048, 2048]","[2048, 2048, 2048, 2049, 2049, 2049, 2048]",291.0
1281,11253,27,34,2026-03-29T06:11:27.201000+00:00,35.006,42.061,17.96,266.0,329.0,False,95.027,"[None, 2048, 2048, 2048, 2048, 2048, 2048, 2048, 2048]","[2048, 2048, 2048, 2048, 2048, 2048, 2048, 2048, 2048, 2048, 2048]","[2048, 2048, 2048, 2048, 2048, 2048, 2049]",294.0
1281,11253,41,34,2026-03-29T06:11:28.945000+00:00,35.135,42.058,18.032,271.0,327.0,False,95.225,"[None, 2048, 2048, 2048, 2048, 2048, 2048, 2048, 2049]","[2048, 2048, 2048, 2048, 2048, 2048, 2048, 2049, 2048, 2048, 2048]","[2048, 2048, 2048, 2048, 2048, 2048, 2048]",289.0
1281,11253,55,34,2026-03-29T06:11:30.577000+00:00,35.11,42.027,18.001,266.0,323.0,False,95.138,"[None, 2048, 2048, 2049, 2049, 2048, 2048, 2049, 2048]","[2048, 2049, 2049, 2048, 2048, 2048, 2048, 2048, 2049, 2048, 2048]","[2048, 2048, 2048, 2048, 2048, 2048, 2048]",289.0
1281,11253,43,34,2026-03-29T06:11:31.647000+00:00,34.992,41.887,17.881,263.0,332.0,False,94.76,"[2048, 2048, 2049, 2048, 2048, 2048, 2048, 2048, 2048]","[2048, 2048, 2048, 2048, 2048, 2048, 2048, 2049, 2048, 2048, 2048]","[2048, 2049, 2048, 2048, 2048, 2048, 2048]",294.0
1281,11253,23,34,2026-03-29T06:11:32.655000+00:00,35.411,42.141,18.046,276.0,317.0,False,95.598,"[None, 2048, 2048, 2049, 2049, 2048, 2048, 2049, 2048]","[2048, 2049, 2048, 2048, 2048, 2048, 2048, 2048, 2049, 2048, 2048]","[2048, 2048, 2048, 2049, 2049, 2048, 2048]",288.0
1281,11253,11,34,2026-03-29T06:11:35.508000+00:00,35.418,42.607,18.345,258.0,316.0,False,96.37,"[None, 2048, 2048, 2049, 2049, 2048, 2048, 2048, 2048]","[2048, 2048, 2048, 2048, 2048, 2048, 2048, 2048, 2049, 2048, 2048]","[2048, 2048, 2048, 2048, 2048, 2048, 2048]",282.0
1281,11253,14,34,2026-03-29T06:11:43.184000+00:00,35.963,43.051,18.637,252.0,307.0,False,97.651,"[None, 2048, 2048, 2048, 2049, 2048, 2049, 2048, 2048]","[2048, 2049, 2048, 2048, 2048, 2048, 2048, 2049, 2049, 2048, 2048]","[2048, 2048, 2048, 2048, 2048, 2048, 2048]",269.0
1281,11253,77,34,2026-03-29T06:11:53.649000+00:00,35.681,42.895,18.483,258.0,315.0,False,97.059,"[None, 2048, 2048, 2048, 2049, 2048, 2048, 2049, 2048]","[2048, 2048, 2048, 2048, 2048, 2048, 2048, 2048, 2048, 2048, 2048]","[2048, 2048, 2048, 2048, 2048, 2048, 2048]",280.0
1281,11253,12,35,2026-03-29T06:12:39.700000+00:00,33.821,41.282,17.809,,316.0,False,92.912,"[None, 2048, 2048, 2048, 2048, 2048, 2048, 2048, 2048]","[2051, 2048, 2048, 2048, 2048, 2048, 2048, 2048, 2048, 2048, 2048]","[2048, 2048, 2048, 2048, 2048, 2048, 2048]",278.0
1281,11253,81,35,2026-03-29T06:12:44.255000+00:00,34.01,41.429,18.07,260.0,312.0,False,93.509,"[None, 2048, 2048, 2048, 2048, 2049, 2048, 2048, 2048]","[2048, 2048, 2048, 2048, 2048, 2048, 2048, 2049, 2048, 2048, 2048]","[2048, 2048, 2048, 2048, 2048, 2048, 2048]",280.0
1281,11253,44,35,2026-03-29T06:12:45.182000+00:00,34.127,41.533,18.036,265.0,328.0,False,93.696,"[None, 2048, 2048, 2049, 2048, 2048, 2048, 2048, 2049]","[2048, 2048, 2048, 2048, 2048, 2048, 2048, 2048, 2048, 2048, 2048]","[2048, 2048, 2048, 2048, 2048, 2048, 2048]",283.0
1281,11253,63,35,2026-03-29T06:12:46.165000+00:00,33.81,41.623,17.903,267.0,323.0,False,93.336,"[2048, 2048, 2048, 2048, 2049, 2048, 2048, 2048, 2048]","[2048, 2048, 2048, 2048, 2048, 2048, 2048, 2048, 2048, 2049, 2048]","[2048, 2048, 2048, 2048, 2048, 2048, 2051]",288.0
1281,11253,16,35,2026-03-29T06:12:46.873000+00:00,34.17,41.246,17.836,263.0,337.0,False,93.252,"[None, 2048, 2048, 2048, 2049, 2049, 2048, 2048, 2048]","[2048, 2048, 2048, 2048, 2048, 2048, 2048, 2048, 2048, 2048, 2049]","[2049, 2048, 2048, 2048, 2048, 2048, 2048]",296.0
1281,11253,1,35,2026-03-29T06:12:49.535000+00:00,34.059,41.642,17.879,,317.0,False,93.58,"[None, 2048, 2048, 2049, 2049, 2048, 2048, 2049, 2048]","[2049, 2048, 2048, 2048, 2048, 2048, 2048, 2049, 2048, 2048, 2048]","[2048, 2048, 2048, 2048, 2048, 2049, 2048]",282.0
1281,11253,10,35,2026-03-29T06:12:52.172000+00:00,34.249,41.693,17.922,260.0,321.0,False,93.864,"[None, 2048, 2049, 2048, 2048, 2048, 2049, 2049, 2048]","[2048, 2048, 2049, 2048, 2049, 2048, 2048, 2049, 2048, 2048, 2048]","[2048, 2048, 2048, 2048, 2048, 2048, 2048]",284.0
1281,11253,3,35,2026-03-29T06:12:52.568000+00:00,34.372,41.535,17.954,269.0,332.0,False,93.861,"[None, 2048, 2048, 2048, 2048, 2048, 2048, 2049, 2049]","[2048, 2048, 2048, 2048, 2048, 2048, 2048, 2049, 2048, 2048, 2048]","[2048, 2048, 2048, 2048, 2048, 2048, 2048]",292.0
1281,11253,30,35,2026-03-29T06:12:56.759000+00:00,34.732,41.99,18.277,,319.0,False,94.999,"[None, 2048, 2048, 2048, 2048, 2049, 0, 0, 0]","[0, 0, 0, 0, 0, 0, 0, 0, 0, 0, 0]","[0, 0, 0, 0, 0, 0, 0]",283.0
1281,11253,31,35,2026-03-29T06:12:57.503000+00:00,34.875,41.765,18.241,260.0,333.0,False,94.881,"[None, 2048, 2048, 2048, 2048, 2048, 2048, 2048, 2048]","[2048, 2048, 2048, 2048, 2048, 2048, 2048, 2049, 2048, 2048, 2048]","[2048, 2048, 2048, 2048, 2048, 2048, 2048]",290.0
1281,11253,5,35,2026-03-29T06:13:01.450000+00:00,34.651,42.588,18.528,,311.0,False,95.767,"[None, 2048, 2048, 2048, 2048, 2049, 2048, 2048, 2048]","[2048, 2048, 2048, 2048, 2048, 2048, 2048, 2048, 2048, 2048, 2048]","[2048, 2048, 2048, 2048, 2048, 2048, 2048]",281.0
1281,11253,6,35,2026-03-29T06:13:01.838000+00:00,34.547,42.667,18.426,266.0,318.0,False,95.64,"[2051, 2048, 2048, 2048, 2048, 2048, 2048, 2049, 2048]","[2048, 2048, 2048, 2048, 2048, 2048, 2048, 2048, 2048, 2048, 2048]","[2048, 2048, 2048, 2049, 2048, 2048, 2048]",289.0
1281,11253,27,35,2026-03-29T06:13:02.218000+00:00,35.07,42.2,18.277,,331.0,False,95.547,"[None, 2048, 2048, 2048, 2048, 2048, 2048, 2048, 2048]","[2048, 2048, 2048, 2048, 2048, 2048, 2048, 2048, 2048, 2048, 2048]","[2048, 2048, 2048, 2048, 2048, 2048]",296.0
1281,11253,41,35,2026-03-29T06:13:04.210000+00:00,,42.177,18.09,270.0,325.0,False,95.402,"[None, 2048, 2048, 2048, 2048, 2048, 2048, 2048, 2048]","[2048, 2048, 2048, 2048, 2048, 2048, 2048, 2048, 2048, 2048, 2048]","[2048, 2048, 2048, 2048, 2048, 2048]",289.0
1281,11253,55,35,2026-03-29T06:13:05.802000+00:00,34.969,42.119,17.997,260.0,322.0,False,95.085,"[None, 2048, 2049, 2048, 2049, 2048, 2048, 2049, 2048]","[2048, 2048, 2048, 2048, 2048, 2048, 2048, 2048, 2049, 2048, 2048]","[2048, 2048, 2048, 2048, 2048, 2048]",288.0
1281,11253,43,35,2026-03-29T06:13:06.324000+00:00,34.962,42.209,17.987,266.0,332.0,False,95.158,"[None, 2048, 2048, 2049, 2049, 2048, 2048, 2048, 2048]","[2048, 2048, 2049, 2048, 2048, 2048, 2048, 2048, 2048, 2048, 2048]","[2048, 2048, 2048, 2048, 2048, 2048, 2048]",294.0
1281,11253,23,35,2026-03-29T06:13:08.362000+00:00,34.992,42.196,18.019,273.0,316.0,False,95.207,"[None, 2048, 2048, 2049, 2049, 2049, 2049, 2049, 2048]","[2048, 2048, 2048, 2048, 2048, 2048, 2048, 2049, 2048, 2048, 2048]","[2048, 2048, 2048, 2048, 2049, 2049, 2048]",287.0
1281,11253,11,35,2026-03-29T06:13:11.844000+00:00,35.293,42.422,18.355,256.0,316.0,False,96.07,"[None, 2048, 2048, 2048, 2049, 2049, 2048, 2049, 2048]","[2048, 2049, 2048, 2048, 2049, 2048, 2048, 2049, 2049, 2048, 2048]","[2048, 2048, 2048, 2049, 2048, 2049]",281.0
1281,11253,14,35,2026-03-29T06:13:20.855000+00:00,35.872,43.159,18.723,253.0,306.0,False,97.754,"[None, 2048, 2048, 2049, 2049, 2048, 2049, 2048, 2048]","[2048, 2048, 2048, 2048, 2048, 2048, 2048, 2048, 2048, 2048, 2048]","[2048, 2048, 2048, 2048, 2048, 2048, 2048]",269.0
1281,11253,77,35,2026-03-29T06:13:30.629000+00:00,35.654,42.961,18.554,259.0,312.0,False,97.169,"[None, 2048, 2048, 2048, 2048, 2049, 2048, 2048, 2048]","[2048, 2048, 2048, 2048, 2048, 2048, 2048, 2049, 2048, 2048, 2048]","[2048, 2048, 2048, 2048, 2048, 2048, 2048]",278.0
1281,11253,12,36,2026-03-29T06:14:12.623000+00:00,33.733,41.316,17.884,261.0,317.0,False,92.933,"[None, 2048, 2048, 2048, 2048, 2051, 2048, 2051, 2048]","[2048, 2048, 2048, 2048, 2048, 2048, 2048, 2048, 2048, 2048, 2048]","[2048, 2048, 2048, 2048, 2048, 2048, 2048]",279.0
1281,11253,81,36,2026-03-29T06:14:17.850000+00:00,34.037,41.413,17.961,,314.0,False,93.411,"[None, 2048, 2048, 2048, 2048, 2048, 2048, 2048, 2048]","[2048, 2048, 2049, 2048, 2048, 2048, 2048, 2048, 2048, 2048, 2048]","[2048, 2048, 2048, 2048, 2048, 2049, 2049]",281.0
1281,11253,44,36,2026-03-29T06:14:18.920000+00:00,34.201,41.314,18.143,262.0,309.0,False,93.658,"[None, 2048, 2048, 2048, 2048, 2048, 2048, 2048, 2048]","[2048, 2048, 2048, 2051, 2048, 2048, 2048, 2049, 2048, 2048, 2048]","[2048, 2048, 2049, 2048, 2048, 2048, 2048]",279.0
1281,11253,63,36,2026-03-29T06:14:19.493000+00:00,34.147,41.53,17.996,270.0,319.0,False,93.673,"[2049, 2049, 2048, 2048, 2048, 2048, 2048, 2048, 2048]","[2048, 2048, 2048, 2048, 2048, 2048, 2048, 2051, 2048, 2048, 2048]","[2048, 2048, 2048, 2048, 2048, 2048, 2051]",287.0
1281,11253,16,36,2026-03-29T06:14:20.093000+00:00,34.397,41.35,17.916,262.0,337.0,False,93.663,"[None, 2048, 2048, 2048, 2048, 2048, 2048, 2048, 2048]","[2048, 2048, 2049, 2048, 2048, 2048, 2048, 2048, 2048, 2048, 2049]","[2048, 2048, 2048, 2048, 2048, 2048, 2048]",294.0
1281,11253,1,36,2026-03-29T06:14:23.045000+00:00,34.073,41.466,17.82,,322.0,False,93.359,"[None, 2048, 2048, 2048, 2048, 2049, 2048, 2048, 2048]","[2048, 2048, 2048, 2048, 2049, 2048, 2048, 2048, 2048, 2048, 2048]","[2048, 2048, 2048, 2048, 2049, 2049, 2048]",284.0
1281,11253,10,36,2026-03-29T06:14:25.806000+00:00,34.372,41.701,17.956,261.0,320.0,False,94.029,"[None, 2048, 2048, 2048, 2048, 2048, 2048, 2048, 2048]","[2048, 2048, 2048, 2048, 2048, 2048, 2048, 2048, 2048, 2048, 2048]","[2048, 2048, 2048, 2048, 2048, 2048, 2048]",284.0
1281,11253,3,36,2026-03-29T06:14:26.339000+00:00,34.352,41.671,17.947,,332.0,False,93.97,"[None, 2048, 2048, 2048, 2048, 2048, 2049, 2048, 2048]","[2048, 2048, 2048, 2048, 2048, 2048, 2048, 2048, 2048, 2048, 2048]","[2048, 2048, 2048, 2048, 2048, 2049, 2049]",292.0
1281,11253,31,36,2026-03-29T06:14:32.464000+00:00,35.01,41.69,18.017,261.0,332.0,False,94.717,"[None, 2048, 2048, 2048, 2048, 2048, 2048, 2048, 2048]","[2049, 2048, 2049, 2048, 2048, 2048, 2048, 2048, 2048, 2048, 2048]","[2048, 2048, 2048, 2048, 2048, 2048, 2048]",290.0
1281,11253,5,36,2026-03-29T06:14:37.149000+00:00,35.323,42.145,18.008,257.0,316.0,False,95.476,"[None, 2048, 2048, 2048, 2048, 2048, 2048, 2048, 2048]","[2048, 2048, 2048, 2048, 2048, 2048, 2048, 2048, 2048, 2048, 2048]","[2048, 2048, 2048, 2048, 2048, 2048, 2049]",285.0
1281,11253,6,36,2026-03-29T06:14:37.487000+00:00,34.064,41.85,18.046,270.0,325.0,False,93.96,"[2049, 2048, 2049, 2048, 2049, 2049, 2049, 2048, 2048]","[2049, 2048, 2048, 2048, 2048, 2048, 2048, 2049, 2049, 2048, 2048]","[2048, 2048, 2048, 2048, 2048, 2048, 2048]",286.0
1281,11253,27,36,2026-03-29T06:14:37.640000+00:00,35.193,42.064,18.129,264.0,327.0,False,95.386,"[2049, 2048, 2048, 2048, 2048, 2048, 2048, 2048, 2048]","[2048, 2048, 2048, 2048, 2048, 2048, 2048, 2048, 2048, 2048, 2048]","[2048, 2048, 2048, 2048, 2048, 2048, 2049]",290.0
1281,11253,41,36,2026-03-29T06:14:39.765000+00:00,35.085,41.897,17.978,,327.0,False,94.96,"[None, 2048, 2048, 2048, 2048, 2049, 2048, 2048, 2048]","[2048, 2048, 2048, 2048, 2048, 2048, 2048, 2049, 2049, 2048, 2048]","[2048, 2048, 2048, 2048, 2049, 2049, 2048]",288.0
1281,11253,55,36,2026-03-29T06:14:40.723000+00:00,35.041,41.875,17.987,273.0,322.0,False,94.903,"[None, 2048, 2048, 2048, 2048, 2048, 2048, 2048, 2048]","[2048, 2049, 2048, 2048, 2048, 2048, 2048, 2048, 2049, 2048, 2048]","[2048, 2048, 2049, 2048, 2048, 2048, 2048]",288.0
1281,11253,43,36,2026-03-29T06:14:41.407000+00:00,35.074,42.22,17.834,267.0,344.0,False,95.128,"[None, 2048, 2049, 2048, 2048, 2048, 2048, 2048, 2048]","[2049, 2049, 2049, 2048, 2048, 2048, 2048, 2048, 2048, 2048, 2051]","[2051, 2049, 2048, 2048, 2048, 2048, 2048]",300.0
1281,11253,23,36,2026-03-29T06:14:43.414000+00:00,35.008,42.054,18.076,277.0,319.0,False,95.138,"[None, 2048, 2048, 2048, 2048, 2049, 2048, 2048, 2048]","[2048, 2049, 2049, 2048, 2048, 2048, 2048, 2048, 2048, 2048, 2048]","[2048, 2048, 2048, 2048, 2048, 2049, 2048]",286.0
1281,11253,11,36,2026-03-29T06:14:47.750000+00:00,35.308,42.528,18.402,255.0,315.0,False,96.238,"[None, 2048, 2049, 2048, 2048, 2049, 2048, 2048, 2048]","[2048, 2048, 2048, 2048, 2048, 2048, 2048, 2049, 2048, 2048, 2048]","[2048, 2048, 2048, 2048, 2048, 2049, 2048]",278.0
1281,11253,30,36,2026-03-29T06:14:54.120000+00:00,34.706,41.784,18.091,270.0,320.0,False,94.581,"[None, None, None, None, None, None, 2048, 2049, 2048]","[2048, 2048, 2049, 2049, 2049, 2048, 2048, 2049, 2049, 2048, 2048]","[2048, 2048, 2048, 2048, 2048, 2048, 2048]",282.0
1281,11253,14,36,2026-03-29T06:14:58.596000+00:00,35.929,43.075,18.782,252.0,306.0,False,97.786,"[None, 2048, 2048, 2048, 2049, 2049, 2048, 2048, 2048]","[2048, 2048, 2048, 2049, 2048, 2048, 2048, 2048, 2049, 2048, 2048]","[2048, 2048, 2048, 2048, 2048, 2048, 2048]",268.0
1281,11253,77,36,2026-03-29T06:15:07.839000+00:00,35.803,42.745,18.642,262.0,316.0,False,97.19,"[None, 2048, 2049, 2048, 2048, 2049, 2048, 2048, 2048]","[2048, 2048, 2048, 2048, 2048, 2048, 2048, 2048, 2048, 2048, 2048]","[2048, 2048, 2048, 2048, 2049, 2049, 2049]",279.0
1281,11253,12,37,2026-03-29T06:15:45.600000+00:00,33.857,41.266,17.861,260.0,316.0,False,92.984,"[None, 2048, 2048, 2048, 2048, 2048, 2048, 2048, 2048]","[2048, 2048, 2048, 2048, 2048, 2048, 2048, 2049, 2048, 2048, 2048]","[2048, 2048, 2048, 2048, 2048, 2048, 2048]",277.0
1281,11253,81,37,2026-03-29T06:15:51.323000+00:00,34.143,41.53,18.035,,315.0,False,93.708,"[None, 2048, 2048, 2048, 2048, 2048, 2048, 2048, 2048]","[2048, 2048, 2048, 2048, 2048, 2048, 2048, 2048, 2048, 2048, 2048]","[2048, 2048, 2048, 2048, 2048, 2048, 2048]",280.0
1281,11253,44,37,2026-03-29T06:15:52.574000+00:00,34.165,41.814,17.955,257.0,313.0,False,93.934,"[None, 2048, 2048, 2048, 2048, 2048, 2048, 2048, 2048]","[2048, 2048, 2048, 2048, 2048, 2048, 2048, 2048, 2048, 2048, 2048]","[2048, 2048, 2048, 2048, 2048, 2048, 2048]",280.0
1281,11253,63,37,2026-03-29T06:15:53.104000+00:00,34.018,42.917,17.873,268.0,326.0,False,94.808,"[2051, 2049, 2048, 2048, 2048, 2048, 2048, 2048, 2048]","[2048, 2048, 2048, 2048, 2048, 2048, 2048, 2048, 2048, 2048, 2048]","[2048, 2048, 2048, 2048, 2048, 2049, 2051]",290.0
1281,11253,16,37,2026-03-29T06:15:53.810000+00:00,34.335,41.364,18.045,,334.0,False,93.744,"[None, 2048, 2048, 2048, 2048, 2048, 2048, 2048, 2048]","[2048, 2048, 2048, 2048, 2048, 2048, 2048, 2048, 2048, 2048, 2048]","[2048, 2048, 2048, 2048, 2048, 2048, 2048]",290.0
1281,11253,1,37,2026-03-29T06:15:56.368000+00:00,34.074,41.651,17.877,,323.0,False,93.602,"[None, 2048, 2049, 2048, 2048, 2048, 2048, 2048, 2048]","[2048, 2048, 2049, 2048, 2048, 2048, 2048, 2048, 2048, 2048, 2048]","[2048, 2048, 2048, 2048, 2048, 2048, 2048]",284.0
1281,11253,10,37,2026-03-29T06:15:59.774000+00:00,34.337,41.552,17.95,262.0,320.0,False,93.839,"[None, 2048, 2048, 2048, 2049, 2048, 2048, 2048, 2048]","[2048, 2048, 2049, 2048, 2048, 2048, 2048, 2049, 2048, 2048, 2048]","[2048, 2048, 2048, 2048, 2048, 2048, 2048]",283.0
1281,11253,3,37,2026-03-29T06:16:00.289000+00:00,34.399,41.527,17.926,,332.0,False,93.852,"[None, 2048, 2048, 2048, 2048, 2048, 2048, 2049, 2048]","[2048, 2048, 2048, 2048, 2048, 2048, 2048, 2048, 2048, 2048, 2048]","[2048, 2048, 2048, 2048, 2048, 2048, 2048]",292.0
1281,11253,30,37,2026-03-29T06:16:06.461000+00:00,34.715,41.969,18.254,,321.0,False,94.938,"[None, 2048, 2048, 2048, 2048, 2048, 2048, 2048, 2048]","[2049, 2048, 2048, 2048, 2048, 2048, 2048, 2048, 2048, 2048, 2048]","[2048, 2048, 2048, 2048, 2048, 2048, 2048]",283.0
1281,11253,31,37,2026-03-29T06:16:07.014000+00:00,34.796,41.713,18.349,,333.0,False,94.858,"[None, 2048, 2048, 2048, 2048, 2048, 2048, 2048, 2048]","[2048, 2048, 2048, 2048, 2048, 2048, 2048, 2049, 2048, 2049, 2048]","[2048, 2048, 2048, 2048, 2048, 2048, 2048]",299.0
1281,11253,6,37,2026-03-29T06:16:11.815000+00:00,34.566,42.031,18.04,265.0,320.0,False,94.637,"[2048, 2048, 2048, 2048, 2048, 2048, 2049, 2048, 2048]","[2048, 2048, 2048, 2048, 2048, 2048, 2048, 2049, 2048, 2048, 2048]","[2048, 2048, 2048, 2048, 2048, 2048, 2048]",285.0
1281,11253,5,37,2026-03-29T06:16:12.651000+00:00,34.831,42.126,18.086,258.0,317.0,False,95.043,"[None, 2048, 2048, 2048, 2048, 2048, 2048, 2048, 2048]","[2048, 2048, 2048, 2048, 2048, 2048, 2048, 2049, 2048, 2048, 2048]","[2048, 2048, 2048, 2048, 2048, 2048, 2049]",284.0
1281,11253,27,37,2026-03-29T06:16:13.136000+00:00,35.057,41.944,18.017,265.0,329.0,False,95.018,"[2048, 2048, 2048, 2048, 2048, 2048, 2048, 2048, 2048]","[2048, 2048, 2048, 2048, 2048, 2048, 2048, 2049, 2048, 2048, 2048]","[2048, 2048, 2048, 2048, 2048, 2048, 2048]",295.0
1281,11253,41,37,2026-03-29T06:16:14.473000+00:00,34.979,41.911,17.97,269.0,330.0,False,94.86,"[None, 2048, 2049, 2048, 2048, 2048, 2048, 2048, 2048]","[2048, 2048, 2049, 2048, 2049, 2048, 2048, 2048, 2048, 2048, 2048]","[2048, 2048, 2048, 2048, 2048, 2048, 2048]",291.0
1281,11253,55,37,2026-03-29T06:16:15.723000+00:00,35.103,41.869,18.02,276.0,322.0,False,94.992,"[None, 2048, 2048, 2048, 2048, 2048, 2048, 2048, 2048]","[2049, 2048, 2049, 2048, 2048, 2048, 2048, 2049, 2048, 2048, 2048]","[2048, 2048, 2048, 2048, 2048, 2049, 2049]",290.0
1281,11253,43,37,2026-03-29T06:16:16.636000+00:00,35.119,41.867,17.966,263.0,340.0,False,94.952,"[None, 2048, 2048, 2049, 2048, 2048, 2048, 2048, 2048]","[2048, 2048, 2049, 2048, 2048, 2048, 2048, 2048, 2048, 2048, 2048]","[2048, 2048, 2048, 2048, 2048, 2048, 2048]",296.0
1281,11253,23,37,2026-03-29T06:16:18.684000+00:00,35.158,42.131,18.175,273.0,319.0,False,95.464,"[None, 2048, 2049, 2048, 2048, 2048, 2048, 2049, 2048]","[2048, 2049, 2048, 2048, 2048, 2048, 2048, 2048, 2048, 2048, 2048]","[2048, 2048, 2048, 2048, 2048, 2048, 2048]",288.0
1281,11253,11,37,2026-03-29T06:16:24.200000+00:00,35.456,42.342,18.451,254.0,316.0,False,96.249,"[None, 2048, 2048, 2048, 2048, 2048, 2048, 2048, 2048]","[2048, 2049, 2049, 2048, 2049, 2048, 2048, 2049, 2048, 2048, 2048]","[2048, 2048, 2048, 2048, 2048, 2048, 2048]",280.0
1281,11253,14,37,2026-03-29T06:16:36.399000+00:00,35.826,42.895,18.737,251.0,307.0,False,97.458,"[None, 2048, 2048, 2048, 2049, 2049, 2048, 2048, 2048]","[2048, 2049, 2048, 2048, 2048, 2048, 2048, 2049, 2049, 2048, 2048]","[2048, 2048, 2048, 2048, 2048, 2049, 2048]",269.0
1281,11253,77,37,2026-03-29T06:16:44.926000+00:00,35.672,42.675,18.531,258.0,318.0,False,96.878,"[None, 2048, 2048, 2048, 2048, 2048, 2049, 2048, 2048]","[2048, 2048, 2048, 2048, 2048, 2048, 2048, 2048, 2048, 2048, 2048]","[2048, 2048, 2048, 2048, 2048, 2048, 2048]",285.0
1281,11253,12,38,2026-03-29T06:17:18.599000+00:00,33.944,41.18,17.831,259.0,316.0,False,92.955,"[None, 2048, 2048, 2048, 2048, 2048, 2048, 2048, 2048]","[2048, 2048, 2048, 2048, 2048, 2048, 2048, 2049, 2048, 2049, 2048]","[2048, 2048, 2048, 2048, 2048, 2048, 2048]",279.0
1281,11253,81,38,2026-03-29T06:17:24.990000+00:00,34.06,41.632,18.02,261.0,315.0,False,93.712,"[None, 2048, 2049, 2048, 2048, 2048, 2048, 2048, 2048]","[2048, 2048, 2048, 2048, 2048, 2048, 2048, 2048, 2048, 2048, 2048]","[2048, 2048, 2048, 2048, 2048, 2048, 2048]",281.0
1281,11253,44,38,2026-03-29T06:17:26.458000+00:00,33.994,41.468,17.974,261.0,316.0,False,93.436,"[None, 2048, 2048, 2048, 2048, 2048, 2048, 2048, 2048]","[2048, 2048, 2048, 2048, 2048, 2048, 2048, 2048, 2048, 2048, 2048]","[2048, 2048, 2048, 2048, 2048, 2048, 2048]",282.0
1281,11253,16,38,2026-03-29T06:17:27.570000+00:00,34.033,41.13,17.965,,332.0,False,93.128,"[None, 2048, 2049, 2048, 2048, 2048, 2048, 2048, 2048]","[2048, 2048, 2049, 2048, 2048, 2048, 2048, 2049, 2049, 2048, 2048]","[2048, 2048, 2048, 2048, 2048, 2048, 2048]",292.0
1281,11253,63,38,2026-03-29T06:17:27.964000+00:00,34.004,41.656,17.867,278.0,319.0,False,93.527,"[None, 2048, 2048, 2048, 2048, 2048, 2048, 2048, 2048]","[2048, 2048, 2048, 2048, 2048, 2048, 2048, 2051, 2048, 2049, 2048]","[2048, 2048, 2048, 2048, 2048, 2049, 2048]",286.0
1281,11253,1,38,2026-03-29T06:17:30.013000+00:00,34.042,41.593,17.82,,322.0,False,93.455,"[None, 2048, 2048, 2048, 2048, 2048, 2048, 2048, 2048]","[2048, 2048, 2048, 2048, 2048, 2048, 2048, 2048, 2048, 2048, 2048]","[2048, 2048, 2048, 2048, 2049, 2051, 2048]",284.0
1281,11253,10,38,2026-03-29T06:17:33.648000+00:00,34.354,41.676,18.021,261.0,320.0,False,94.051,"[None, 2048, 2049, 2048, 2048, 2048, 2048, 2048, 2048]","[2048, 2048, 2048, 2048, 2048, 2048, 2048, 2049, 2048, 2048, 2048]","[2048, 2048, 2048, 2048, 2048, 2048, 2048]",283.0
1281,11253,3,38,2026-03-29T06:17:34.160000+00:00,34.373,41.678,18.001,270.0,333.0,False,94.052,"[None, 2048, 2048, 2048, 2048, 2048, 2048, 2048, 2049]","[2048, 2048, 2048, 2048, 2048, 2048, 2048, 2048, 2048, 2048, 2048]","[2048, 2048, 2048, 2048, 2048, 2048, 2048]",292.0
1281,11253,30,38,2026-03-29T06:17:41.391000+00:00,34.593,41.826,18.017,,320.0,False,94.436,"[None, 2048, 2048, 2048, 2048, 2049, 2048, 2048, 2048]","[2049, 2048, 2048, 2048, 2049, 2048, 2048, 2049, 2048, 2048, 2048]","[2048, 2048, 2048, 2048, 2048, 2048, 2048]",283.0
1281,11253,31,38,2026-03-29T06:17:41.920000+00:00,35.085,41.782,18.011,260.0,328.0,False,94.878,"[None, 2048, 2048, 2048, 2048, 2048, 2048, 2048, 2048]","[2048, 2048, 2048, 2048, 2048, 2048, 2048, 2048, 2048, 2048, 2048]","[2048, 2048, 2048, 2048, 2048, 2048, 2048]",287.0
1281,11253,6,38,2026-03-29T06:17:46.045000+00:00,34.536,41.945,17.985,272.0,322.0,False,94.466,"[None, 2048, 2048, 2048, 2049, 2049, 2048, 2048, 2048]","[2048, 2048, 2048, 2048, 2048, 2048, 2048, 2048, 2048, 2048, 2048]","[2048, 2048, 2048, 2048, 2048, 2048, 2048]",286.0
1281,11253,5,38,2026-03-29T06:17:47.760000+00:00,34.612,42.044,19.231,259.0,315.0,False,95.887,"[None, 2048, 2048, 2048, 2048, 2048, 2048, 2048, 2048]","[2048, 2048, 2049, 2048, 2048, 2048, 2048, 2049, 2048, 2048, 2048]","[2048, 2048, 2048, 2048, 2048, 2048, 2048]",285.0
1281,11253,27,38,2026-03-29T06:17:48.432000+00:00,34.717,41.852,18.262,270.0,324.0,False,94.831,"[None, 2048, 2048, 2048, 2048, 2048, 2049, 2048, 2048]","[2049, 2049, 2049, 2048, 2048, 2048, 2048, 2048, 2048, 2048, 2048]","[2048, 2049, 2048, 2048, 2048, 2048, 2048]",295.0
1281,11253,41,38,2026-03-29T06:17:49.688000+00:00,34.81,41.924,17.989,270.0,329.0,False,94.723,"[None, 2048, 2048, 2048, 2048, 2048, 2048, 2048, 2048]","[2048, 2048, 2048, 2048, 2049, 2048, 2048, 2048, 2048, 2048, 2048]","[2048, 2048, 2048, 2048, 2048, 2048, 2049]",292.0
1281,11253,55,38,2026-03-29T06:17:50.748000+00:00,34.883,41.694,17.937,275.0,326.0,False,94.514,"[None, 2048, 2049, 2048, 2048, 2048, 2049, 2048, 2048]","[2048, 2048, 2048, 2048, 2048, 2048, 2048, 2049, 2048, 2048, 2048]","[2048, 2049, 2049, 2048, 2048, 2048, 2048]",293.0
1281,11253,43,38,2026-03-29T06:17:51.666000+00:00,35.214,42.071,17.965,266.0,339.0,False,95.25,"[None, 2048, 2048, 2048, 2048, 2048, 2048, 2048, 2048]","[2048, 2048, 2048, 2048, 2048, 2048, 2048, 2048, 2048, 2048, 2048]","[2048, 2049, 2048, 2048, 2048, 2048, 2048]",297.0
1281,11253,23,38,2026-03-29T06:17:54.128000+00:00,34.896,42.013,18.177,277.0,315.0,False,95.086,"[None, 2048, 2048, 2049, 2048, 2048, 2048, 2048, 2048]","[2048, 2049, 2049, 2048, 2048, 2048, 2048, 2048, 2048, 2048, 2048]","[2048, 2048, 2048, 2048, 2048, 2048, 2048]",286.0
1281,11253,11,38,2026-03-29T06:18:00.415000+00:00,35.413,42.431,18.521,,317.0,False,96.365,"[None, 2048, 2048, 2048, 2049, 2049, 2048, 2048, 2048]","[2048, 2048, 2048, 2048, 2048, 2048, 2048, 2048, 2048, 2048, 2048]","[2048, 2048, 2048, 2048, 2048, 2048, 2048]",280.0
1281,11253,14,38,2026-03-29T06:18:13.863000+00:00,35.756,42.817,18.668,252.0,306.0,False,97.241,"[None, 2048, 2048, 2048, 2048, 2048, 2048, 2049, 2048]","[2048, 2048, 2048, 2048, 2048, 2048, 2048, 2048, 2048, 2048, 2048]","[2048, 2048, 2048, 2048, 2048, 2049, 2048]",269.0
1281,11253,77,38,2026-03-29T06:18:21.893000+00:00,35.693,42.674,18.486,260.0,314.0,False,96.853,"[None, 2048, 2049, 2048, 2048, 2048, 2048, 2049, 2048]","[2048, 2049, 2048, 2048, 2048, 2048, 2048, 2048, 2048, 2048, 2048]","[2048, 2048, 2048, 2048, 2049, 2049, 2049]",280.0
1281,11253,12,39,2026-03-29T06:18:51.622000+00:00,33.705,41.24,17.786,261.0,319.0,False,92.731,"[None, 2048, 2048, 2048, 2048, 2048, 2048, 2048, 2048]","[2051, 2048, 2048, 2048, 2048, 2048, 2048, 2048, 2048, 2048, 2048]","[2048, 2048, 2048, 2048, 2048, 2051, 2049]",279.0
1281,11253,81,39,2026-03-29T06:18:58.616000+00:00,34.091,41.454,17.922,259.0,313.0,False,93.467,"[None, 2048, 2048, 2048, 2048, 2049, 2048, 2048, 2048]","[2048, 2048, 2048, 2048, 2048, 2048, 2048, 2049, 2048, 2048, 2048]","[2048, 2048, 2048, 2048, 2049, 2049, 2049]",281.0
1281,11253,44,39,2026-03-29T06:18:59.942000+00:00,34.167,41.376,18.033,264.0,319.0,False,93.576,"[None, 2048, 2048, 2048, 2048, 2048, 2049, 2048, 2048]","[2048, 2048, 2049, 2048, 2048, 2048, 2048, 2048, 2048, 2048, 2048]","[2048, 2048, 2048, 2048, 2048, 2048, 2048]",284.0
1281,11253,16,39,2026-03-29T06:19:00.666000+00:00,34.273,41.215,17.969,263.0,330.0,False,93.457,"[None, 2048, 2048, 2048, 2048, 2049, 2048, 2048, 2048]","[2048, 2048, 2048, 2048, 2048, 2048, 2048, 2048, 2048, 2048, 2048]","[2048, 2048, 2048, 2048, 2048, 2049, 2049]",291.0
1281,11253,63,39,2026-03-29T06:19:01.495000+00:00,33.847,41.71,17.897,,323.0,False,93.454,"[2048, 2048, 2048, 2048, 2048, 2048, 2048, 2048, 2048]","[2048, 2048, 2048, 2048, 2048, 2048, 2048, 2048, 2048, 2048, 2048]","[2048, 2048, 2048, 2048, 2048, 2049, 2051]",288.0
1281,11253,1,39,2026-03-29T06:19:03.430000+00:00,34.167,41.669,17.843,260.0,322.0,False,93.679,"[None, 2048, 2049, 2048, 2048, 2048, 2048, 2048, 2048]","[2048, 2048, 2048, 2048, 2048, 2048, 2048, 2049, 2048, 2048, 2048]","[2048, 2048, 2048, 2048, 2048, 2048, 2048]",285.0
1281,11253,10,39,2026-03-29T06:19:07.730000+00:00,34.194,41.592,17.905,264.0,319.0,False,93.691,"[None, 2048, 2048, 2048, 2048, 2049, 2049, 2048, 2048]","[2048, 2049, 2048, 2048, 2048, 2048, 2048, 2048, 2048, 2048, 2048]","[2048, 2048, 2049, 2048, 2048, 2048, 2048]",283.0
1281,11253,3,39,2026-03-29T06:19:08.201000+00:00,34.307,41.796,18.036,269.0,318.0,False,94.139,"[None, 2048, 2048, 2048, 2048, 2048, 2049, 2048, 2048]","[2048, 2049, 2048, 2048, 2048, 2048, 2048, 2048, 2048, 2048, 2048]","[2048, 2048, 2048, 2048, 2048, 2048, 2048]",284.0
1281,11253,30,39,2026-03-29T06:19:15.820000+00:00,34.592,41.87,18.064,,319.0,False,94.526,"[None, 2048, 2048, 2049, 2048, 2049, 2048, 2048, 2048]","[2048, 2049, 2048, 2048, 2048, 2048, 2048, 2048, 2048, 2048, 2048]","[2048, 2048, 2048, 2048, 2048, 2048, 2048]",283.0
1281,11253,31,39,2026-03-29T06:19:16.819000+00:00,34.724,41.705,17.919,262.0,331.0,False,94.348,"[None, 2048, 2048, 2048, 2048, 2048, 2048, 2048, 2048]","[2049, 2049, 2048, 2048, 2048, 2048, 2048, 2048, 2048, 2048, 2048]","[2048, 2049, 2048, 2049, 2048, 2048, 2048]",290.0
1281,11253,6,39,2026-03-29T06:19:20.529000+00:00,34.622,41.962,17.974,269.0,322.0,False,94.558,"[None, 2048, 2048, 2048, 2049, 2048, 2048, 2048, 2048]","[2048, 2049, 2048, 2048, 2048, 2048, 2048, 2048, 2048, 2048, 2048]","[2048, 2048, 2048, 2048, 2048, 2048, 2048]",287.0
1281,11253,27,39,2026-03-29T06:19:22.888000+00:00,34.446,41.704,18.072,259.0,320.0,False,94.222,"[None, 2048, 2048, 2049, 2049, 2049, 2049, 2049, 2048]","[2049, 2049, 2048, 2048, 2048, 2048, 2048, 2049, 2048, 2048, 2048]","[2048, 2048, 2048, 2048, 2048, 2048, 2048]",287.0
1281,11253,5,39,2026-03-29T06:19:23.549000+00:00,34.554,42.02,18.067,263.0,317.0,False,94.641,"[2049, 2048, 2048, 2048, 2048, 2048, 2048, 2048, 2048]","[2049, 2048, 2049, 2048, 2048, 2048, 2048, 2048, 2048, 2048, 2048]","[2048, 2048, 2048, 2048, 2048, 2048, 2049]",287.0
1281,11253,41,39,2026-03-29T06:19:24.059000+00:00,35.136,41.882,18.078,269.0,333.0,False,95.096,"[None, 2048, 2048, 2048, 2048, 2048, 2048, 2048, 2048]","[2048, 2048, 2048, 2048, 2048, 2048, 2048, 2048, 2048, 2048, 2049]","[2048, 2048, 2048, 2048, 2048, 2048, 2048]",294.0
1281,11253,55,39,2026-03-29T06:19:25.275000+00:00,35.146,42.018,18.013,273.0,326.0,False,95.177,"[None, 2048, 2048, 2048, 2048, 2048, 2048, 2048, 2048]","[2048, 2048, 2048, 2048, 2048, 2048, 2048, 2048, 2048, 2048, 2048]","[2048, 2048, 2049, 2048, 2048, 2048, 2048]",289.0
1281,11253,43,39,2026-03-29T06:19:26.818000+00:00,35.077,42.124,17.932,259.0,330.0,False,95.133,"[None, 2048, 2048, 2049, 2049, 2049, 2048, 2048, 2048]","[2048, 2048, 2048, 2048, 2048, 2048, 2048, 2048, 2048, 2048, 2048]","[2048, 2048, 2048, 2048, 2048, 2048, 2048]",294.0
1281,11253,23,39,2026-03-29T06:19:29.138000+00:00,34.822,42.103,18.111,278.0,315.0,False,95.036,"[None, 2048, 2049, 2048, 2049, 2048, 2048, 2048, 2048]","[2048, 2048, 2048, 2048, 2048, 2048, 2048, 2049, 2048, 2048, 2048]","[2048, 2048, 2048, 2048, 2048, 2048, 2048]",286.0
1281,11253,11,39,2026-03-29T06:19:36.771000+00:00,35.067,42.511,18.481,260.0,314.0,False,96.059,"[None, 2048, 2049, 2048, 2049, 2049, 2048, 2049, 2048]","[2048, 2048, 2048, 2048, 2048, 2048, 2048, 2048, 2048, 2048, 2048]","[2048, 2048, 2048, 2048, 2048, 2048, 2048]",278.0
1281,11253,14,39,2026-03-29T06:19:51.167000+00:00,35.648,42.93,18.546,253.0,306.0,False,97.124,"[None, 2048, 2048, 2049, 2048, 2048, 2049, 2048, 2048]","[2048, 2048, 2048, 2048, 2048, 2048, 2048, 2049, 2049, 2048, 2048]","[2048, 2048, 2048, 2048, 2048, 2049, 2048]",268.0
1281,11253,77,39,2026-03-29T06:19:58.647000+00:00,35.851,42.572,18.497,257.0,318.0,False,96.92,"[None, 2048, 2048, 2048, 2048, 2048, 2048, 2048, 2048]","[2048, 2048, 2048, 2048, 2048, 2048, 2048, 2048, 2048, 2049, 2048]","[2048, 2048, 2048, 2048, 2048, 2048, 2048]",281.0
1281,11253,12,40,2026-03-29T06:20:24.232000+00:00,33.921,41.229,17.843,260.0,319.0,False,92.993,"[None, 2048, 2048, 2048, 2048, 2051, 2048, 2048, 2048]","[2048, 2048, 2048, 2048, 2049, 2048, 2048, 2048, 2048, 2048, 2048]","[2048, 2048, 2051, 2048, 2048, 2048, 2048]",280.0
1281,11253,81,40,2026-03-29T06:20:32.130000+00:00,33.973,41.488,18.008,263.0,312.0,False,93.469,"[None, 2048, 2048, 2048, 2048, 2049, 2048, 2048, 2048]","[2048, 2049, 2048, 2048, 2048, 2048, 2048, 2048, 2048, 2048, 2048]","[2048, 2048, 2048, 2048, 2048, 2048, 2048]",280.0
1281,11253,44,40,2026-03-29T06:20:33.554000+00:00,34.11,41.62,18.139,261.0,314.0,False,93.869,"[None, 2048, 2048, 2048, 2048, 2048, 2048, 2048, 2048]","[2048, 2048, 2049, 2048, 2048, 2048, 2048, 2048, 2048, 2048, 2048]","[2048, 2048, 2048, 2048, 2048, 2049, 2048]",280.0
1281,11253,16,40,2026-03-29T06:20:34.172000+00:00,34.127,41.414,18.164,264.0,333.0,False,93.705,"[2049, 2049, 2048, 2048, 2048, 2048, 2048, 2048, 2048]","[2048, 2048, 2048, 2048, 2048, 2048, 2048, 2048, 2048, 2049, 2048]","[2048, 2048, 2048, 2048, 2048, 2049, 2048]",295.0
1281,11253,63,40,2026-03-29T06:20:34.917000+00:00,33.965,41.732,17.964,266.0,322.0,False,93.661,"[None, 2048, 2049, 2048, 2048, 2048, 2048, 2048, 2048]","[2048, 2048, 2048, 2048, 2048, 2048, 2048, 2048, 2048, 2048, 2048]","[2048, 2048, 2048, 2048, 2048, 2049, 2048]",287.0
1281,11253,1,40,2026-03-29T06:20:37.246000+00:00,34.076,41.448,17.823,259.0,324.0,False,93.347,"[None, 2048, 2048, 2048, 2048, 2049, 2048, 2048, 2048]","[2048, 2048, 2048, 2048, 2049, 2048, 2048, 2049, 2048, 2048, 2048]","[2048, 2048, 2048, 2048, 2048, 2048, 2048]",285.0
1281,11253,10,40,2026-03-29T06:20:41.401000+00:00,34.195,41.632,17.949,262.0,321.0,False,93.776,"[None, 2048, 2048, 2048, 2048, 2049, 2048, 2049, 2048]","[2048, 2048, 2048, 2048, 2048, 2048, 2048, 2048, 2048, 2048, 2048]","[2048, 2048, 2048, 2048, 2048, 2048, 2048]",282.0
1281,11253,3,40,2026-03-29T06:20:42.361000+00:00,34.119,41.737,18.132,,311.0,False,93.988,"[None, 2048, 2049, 2048, 2048, 2049, 2048, 2048, 2048]","[2048, 2049, 2048, 2048, 2048, 2048, 2048, 2048, 2048, 2048, 2048]","[2048, 2048, 2048, 2048, 2048, 2048, 2048]",281.0
1281,11253,30,40,2026-03-29T06:20:50.344000+00:00,34.759,41.921,18.199,,320.0,False,94.879,"[None, 2048, 2048, 2048, 2048, 2048, 2048, 2048, 2048]","[2048, 2049, 2048, 2048, 2048, 2048, 2048, 2048, 2048, 2048, 2048]","[2048, 2048, 2048, 2048, 2048, 2048, 2048]",282.0
1281,11253,31,40,2026-03-29T06:20:51.124000+00:00,34.907,41.793,18.089,261.0,331.0,False,94.789,"[None, 2048, 2048, 2048, 2048, 2048, 2048, 2048, 2048]","[2048, 2048, 2048, 2048, 2048, 2048, 2048, 2048, 2048, 2048, 2048]","[2048, 2048, 2048, 2048, 2048, 2048, 2048]",289.0
1281,11253,6,40,2026-03-29T06:20:55.052000+00:00,34.446,41.955,17.96,268.0,322.0,False,94.361,"[None, 2048, 2048, 2048, 2049, 2049, 2048, 2048, 2048]","[2048, 2048, 2048, 2048, 2048, 2048, 2048, 2049, 2048, 2048, 2048]","[2048, 2048, 2048, 2048, 2048, 2048, 2048]",286.0
1281,11253,27,40,2026-03-29T06:20:57.190000+00:00,34.639,41.566,17.927,261.0,320.0,False,94.132,"[None, 2048, 2048, 2048, 2049, 2049, 2048, 2048, 2048]","[2048, 2048, 2049, 2048, 2048, 2048, 2048, 2049, 2049, 2048, 2048]","[2048, 2048, 2049, 2048, 2048, 2049, 2048]",287.0
1281,11253,5,40,2026-03-29T06:20:58.234000+00:00,34.6,41.773,17.791,265.0,329.0,False,94.164,"[2048, 2048, 2049, 2048, 2049, 2049, 2048, 2048, 2048]","[2049, 2049, 2049, 2048, 2048, 2048, 2048, 2049, 2048, 2048, 2048]","[2049, 2048, 2048, 2048, 2048, 2048, 2048]",297.0
1281,11253,41,40,2026-03-29T06:20:59.167000+00:00,34.906,41.714,17.901,273.0,333.0,False,94.521,"[None, 2048, 2048, 2048, 2048, 2048, 2048, 2048, 2049]","[2049, 2048, 2049, 2048, 2049, 2049, 2048, 2049, 2048, 2048, 2049]","[2048, 2048, 2048, 2048, 2049, 2049, 2048]",293.0
1281,11253,55,40,2026-03-29T06:21:00.409000+00:00,35.058,41.928,17.94,274.0,323.0,False,94.926,"[None, 2048, 2048, 2048, 2048, 2048, 2048, 2048, 2048]","[2048, 2048, 2048, 2048, 2048, 2048, 2048, 2048, 2048, 2048, 2048]","[2048, 2048, 2048, 2048, 2048, 2049, 2048]",290.0
1281,11253,43,40,2026-03-29T06:21:02.040000+00:00,35.091,42.109,18.133,262.0,321.0,False,95.333,"[None, 2048, 2048, 2048, 2048, 2048, 2048, 2048, 2048]","[2048, 2048, 2048, 2048, 2048, 2048, 2048, 2048, 2048, 2048, 2048]","[2048, 2048, 2048, 2048, 2048, 2048, 2048]",286.0
1281,11253,23,40,2026-03-29T06:21:04.275000+00:00,34.929,41.929,18.111,279.0,316.0,False,94.969,"[None, 2048, 2048, 2048, 2048, 2048, 2048, 2048, 2048]","[2048, 2048, 2048, 2048, 2048, 2048, 2048, 2048, 2048, 2048, 2048]","[2048, 2048, 2048, 2048, 2048, 2048, 2048]",285.0
1281,11253,11,40,2026-03-29T06:21:12.805000+00:00,35.202,42.536,18.522,255.0,314.0,False,96.26,"[None, 2048, 2048, 2048, 2049, 2048, 2049, 2048, 2048]","[2048, 2048, 2048, 2048, 2048, 2048, 2048, 2048, 2048, 2048, 2048]","[2048, 2048, 2048, 2048, 2048, 2048, 2048]",277.0
1281,11253,14,40,2026-03-29T06:21:28.225000+00:00,35.682,42.719,18.697,250.0,307.0,False,97.098,"[None, 2048, 2048, 2049, 2049, 2048, 2048, 2048, 2048]","[2048, 2049, 2048, 2049, 2048, 2048, 2048, 2048, 2048, 2048, 2048]","[2048, 2048, 2048, 2048, 2049, 2049, 2048]",268.0
1281,11253,77,40,2026-03-29T06:21:35.640000+00:00,35.678,42.711,18.53,259.0,314.0,False,96.919,"[None, 2048, 2048, 2048, 2048, 2048, 2048, 2048, 2048]","[2049, 2048, 2048, 2048, 2048, 2048, 2048, 2048, 2049, 2048, 2048]","[2048, 2048, 2048, 2048, 2048, 2049, 2048]",279.0
1281,11253,12,41,2026-03-29T06:21:57.207000+00:00,33.844,41.11,17.782,,320.0,False,92.736,"[None, 2048, 2048, 2048, 2048, 2048, 2048, 2048, 2048]","[2048, 2048, 2049, 2048, 2048, 2048, 2048, 2048, 2048, 2048, 2048]","[2048, 2048, 2051, 2048, 2048, 2048, 2048]",281.0
1281,11253,81,41,2026-03-29T06:22:05.610000+00:00,34.144,41.495,18.125,260.0,313.0,False,93.764,"[None, 2048, 2048, 2048, 2048, 2048, 2048, 2048, 2048]","[2048, 2049, 2048, 2048, 2048, 2048, 2048, 2048, 2048, 2048, 2048]","[2048, 2048, 2048, 2048, 2048, 2048, 2048]",280.0
1281,11253,44,41,2026-03-29T06:22:07.428000+00:00,34.44,41.609,18.128,258.0,314.0,False,94.177,"[None, 2048, 2048, 2048, 2048, 2048, 2048, 2048, 2048]","[2048, 2048, 2048, 2048, 2048, 2048, 2048, 2048, 2048, 2048, 2048]","[2048, 2048, 2048, 2049, 2049, 2049, 2048]",281.0
1281,11253,16,41,2026-03-29T06:22:07.901000+00:00,34.659,41.387,18.108,259.0,337.0,False,94.154,"[2048, 2049, 2048, 2048, 2048, 2048, 2048, 2048, 2048]","[2048, 2048, 2048, 2048, 2048, 2048, 2048, 2048, 2048, 2048, 2049]","[2049, 2048, 2048, 2048, 2048, 2049, 2049]",298.0
1281,11253,63,41,2026-03-29T06:22:08.557000+00:00,34.04,42.182,17.969,282.0,320.0,False,94.191,"[None, 2048, 2048, 2048, 2048, 2048, 2048, 2048, 2048]","[2048, 2048, 2048, 2048, 2048, 2048, 2048, 2048, 2048, 2048, 2048]","[2048, 2048, 2048, 2048, 2048, 2048, 2048]",287.0
1281,11253,1,41,2026-03-29T06:22:10.492000+00:00,34.089,41.503,17.806,261.0,328.0,False,93.398,"[None, 2048, 2048, 2048, 2048, 2048, 2048, 2048, 2048]","[2048, 2048, 2049, 2048, 2049, 2049, 2049, 2048, 2048, 2048, 2048]","[2048, 2048, 2048, 2048, 2048, 2048, 2048]",289.0
1281,11253,10,41,2026-03-29T06:22:15.102000+00:00,34.312,41.484,17.897,,320.0,False,93.693,"[None, 2048, 2049, 2048, 2048, 2048, 2048, 2048, 2048]","[2048, 2048, 2049, 2048, 2048, 2048, 2048, 2048, 2048, 2048, 2048]","[2048, 2048, 2048, 2048, 2048, 2048, 2048]",283.0
1281,11253,3,41,2026-03-29T06:22:16.354000+00:00,34.037,41.637,17.878,,327.0,False,93.552,"[None, 2048, 2048, 2048, 2048, 2048, 2048, 2048, 2048]","[2048, 2048, 2048, 2048, 2048, 2048, 2048, 2048, 2048, 2048, 2048]","[2048, 2048, 2048, 2048, 2048, 2048, 2048]",289.0
1281,11253,30,41,2026-03-29T06:22:25.224000+00:00,34.761,41.874,18.161,,321.0,False,94.796,"[None, 2048, 2048, 2048, 2048, 2048, 2048, 2048, 2048]","[2048, 2048, 2048, 2048, 2048, 2048, 2048, 2048, 2048, 2048, 2048]","[2048, 2048, 2048, 2048, 2048, 2048, 2048]",283.0
1281,11253,31,41,2026-03-29T06:22:25.833000+00:00,34.891,41.848,18.048,263.0,332.0,False,94.787,"[None, 2048, 2048, 2048, 2049, 2048, 2048, 2048, 2048]","[2048, 2048, 2048, 2048, 2048, 2048, 2048, 2048, 2048, 2048, 2048]","[2048, 2048, 2048, 2048, 2048, 2048, 2048]",290.0
1281,11253,6,41,2026-03-29T06:22:29.504000+00:00,34.69,41.833,17.959,,324.0,False,94.482,"[None, 2048, 2048, 2048, 2048, 2048, 2048, 2048, 2048]","[2048, 2048, 2048, 2048, 2048, 2048, 2048, 2049, 2048, 2048, 2048]","[2048, 2048, 2048, 2049, 2049, 2049, 2048]",287.0
1281,11253,27,41,2026-03-29T06:22:31.405000+00:00,34.589,41.571,17.851,262.0,329.0,False,94.011,"[None, 2048, 2048, 2048, 2049, 2048, 2048, 2048, 2048]","[2048, 2048, 2048, 2048, 2048, 2048, 2048, 2048, 2049, 2048, 2048]","[2048, 2048, 2049, 2048, 2048, 2048, 2048]",292.0
1281,11253,5,41,2026-03-29T06:22:32.345000+00:00,34.653,41.96,18.051,,322.0,False,94.664,"[None, 2048, 2048, 2048, 2049, 2049, 2048, 2048, 2048]","[2049, 2048, 2048, 2048, 2048, 2048, 2048, 2048, 2048, 2048, 2048]","[2048, 2048, 2048, 2048, 2048, 2048, 2048]",288.0
1281,11253,41,41,2026-03-29T06:22:33.688000+00:00,35.025,41.888,17.94,271.0,328.0,False,94.853,"[None, 2048, 2048, 2048, 2048, 2049, 2048, 2048, 2048]","[2048, 2048, 2048, 2048, 2048, 2048, 2048, 2049, 2049, 2048, 2048]","[2048, 2048, 2048, 2048, 2048, 2048, 2048]",291.0
1281,11253,55,41,2026-03-29T06:22:35.274000+00:00,35.056,42.032,17.976,261.0,321.0,False,95.064,"[None, 2048, 2049, 2048, 2049, 2048, 2048, 2048, 2048]","[2048, 2048, 2048, 2048, 2048, 2048, 2048, 2049, 2048, 2048, 2048]","[2048, 2048, 2049, 2048, 2048, 2048, 2048]",289.0
1281,11253,43,41,2026-03-29T06:22:37.269000+00:00,34.744,41.851,17.917,263.0,323.0,False,94.512,"[None, 2048, 2049, 2048, 2048, 2049, 2048, 2048, 2048]","[2049, 2049, 2048, 2048, 2048, 2048, 2048, 2049, 2048, 2048, 2048]","[2048, 2048, 2048, 2048, 2048, 2048, 2048]",288.0
1281,11253,23,41,2026-03-29T06:22:39.122000+00:00,34.936,41.845,18.192,280.0,318.0,False,94.973,"[None, 2048, 2048, 2048, 2048, 2048, 2049, 2048, 2048]","[2049, 2048, 2049, 2048, 2048, 2048, 2048, 2049, 2048, 2048, 2048]","[2048, 2049, 2048, 2048, 2048, 2048, 2048]",287.0
1281,11253,11,41,2026-03-29T06:22:49.020000+00:00,35.258,42.888,18.475,258.0,312.0,False,96.621,"[None, 2048, 2048, 2048, 2048, 2048, 2048, 2049, 2048]","[2048, 2049, 2048, 2048, 2048, 2048, 2048, 2048, 2048, 2048, 2048]","[2048, 2048, 2048, 2048, 2048, 2049, 2048]",276.0
1281,11253,14,41,2026-03-29T06:23:05.348000+00:00,35.569,42.661,18.598,253.0,307.0,False,96.828,"[None, 2048, 2048, 2048, 2049, 2049, 2048, 2049, 2048]","[2048, 2048, 2048, 2048, 2048, 2048, 2048, 2049, 2049, 2048, 2048]","[2048, 2048, 2048, 2048, 2048, 2048, 2048]",268.0
1281,11253,77,41,2026-03-29T06:23:12.599000+00:00,35.814,42.579,18.344,258.0,318.0,False,96.737,"[None, 2048, 2048, 2048, 2048, 2048, 2048, 2048, 2048]","[2049, 2048, 2048, 2048, 2048, 2048, 2048, 2048, 2048, 2048, 2048]","[2048, 2048, 2048, 2048, 2049, 2048, 2049]",281.0
1281,11253,12,42,2026-03-29T06:23:29.953000+00:00,,41.192,17.79,261.0,320.0,False,92.826,"[None, 2048, 2048, 2048, 2048, 2048, 2048, 2048, 2048]","[2048, 2048, 2048, 2048, 2048, 2048, 2048, 2048, 2048, 2048, 2048]","[2048, 2048, 2048, 2048, 2048, 2051, 2049]",280.0
1281,11253,81,42,2026-03-29T06:23:39.353000+00:00,34.093,41.428,17.992,263.0,314.0,False,93.513,"[None, 2048, 2048, 2048, 2048, 2048, 2048, 2048, 2048]","[2048, 2049, 2049, 2048, 2049, 2048, 2048, 2048, 2048, 2048, 2048]","[2048, 2048, 2048, 2048, 2048, 2048, 2048]",280.0
1281,11253,44,42,2026-03-29T06:23:41.559000+00:00,35.177,41.585,17.9,,317.0,False,94.662,"[None, 2048, 2048, 2048, 2048, 2048, 2048, 2048, 2048]","[2048, 2048, 2048, 2048, 2048, 2048, 2048, 2048, 2048, 2048, 2048]","[2048, 2048, 2048, 2048, 2048, 2048, 2048]",284.0
1281,11253,16,42,2026-03-29T06:23:42.020000+00:00,34.046,41.392,17.98,262.0,319.0,False,93.418,"[None, 2048, 2049, 2048, 2048, 2048, 2048, 2048, 2048]","[2048, 2049, 2048, 2048, 2048, 2048, 2048, 2048, 2048, 2048, 2048]","[2048, 2048, 2048, 2048, 2048, 2048, 2048]",283.0
1281,11253,63,42,2026-03-29T06:23:42.741000+00:00,34.295,41.822,17.914,279.0,327.0,False,94.031,"[None, 2048, 2048, 2048, 2048, 2048, 2048, 2048, 2048]","[2048, 2048, 2048, 2048, 2048, 2048, 2048, 2048, 2048, 2049, 2048]","[2048, 2048, 2048, 2048, 2048, 2048, 2051]",292.0
1281,11253,1,42,2026-03-29T06:23:43.910000+00:00,34.25,41.574,17.878,260.0,330.0,False,93.702,"[None, 2048, 2048, 2048, 2048, 2048, 2048, 2048, 2048]","[2048, 2048, 2048, 2048, 2048, 2049, 2049, 2048, 2048, 2048, 2048]","[2048, 2048, 2048, 2048, 2048, 2048, 2049]",290.0
1281,11253,10,42,2026-03-29T06:23:48.785000+00:00,34.331,41.586,17.974,261.0,321.0,False,93.891,"[None, 2048, 2048, 2048, 2048, 2048, 2048, 2048, 2048]","[2048, 2048, 2048, 2048, 2048, 2048, 2048, 2048, 2048, 2048, 2048]","[2048, 2048, 2048, 2048, 2048, 2048, 2048]",283.0
1281,11253,3,42,2026-03-29T06:23:49.934000+00:00,34.322,41.537,17.847,267.0,328.0,False,93.706,"[None, 2048, 2048, 2048, 2048, 2048, 2049, 2048, 2048]","[2049, 2049, 2048, 2048, 2048, 2048, 2048, 2049, 2048, 2048, 2048]","[2048, 2048, 2048, 2048, 2048, 2049, 2048]",288.0
1281,11253,30,42,2026-03-29T06:23:59.993000+00:00,34.833,41.941,18.152,269.0,319.0,False,94.926,"[None, 2048, 2049, 2048, 2048, 2048, 2048, 2048, 2048]","[2048, 2048, 2048, 2048, 2048, 2048, 2048, 2048, 2048, 2048, 2048]","[2048, 2048, 2048, 2048, 2048, 2048]",281.0
1281,11253,31,42,2026-03-29T06:24:00.716000+00:00,35.039,41.7,18.164,261.0,333.0,False,94.903,"[None, 2048, 2048, 2048, 2048, 2048, 2048, 2048, 2048]","[2048, 2048, 2048, 2048, 2048, 2048, 2048, 2048, 2048, 2048, 2048]","[2048, 2048, 2048, 2048, 2048, 2048, 2048]",289.0
1281,11253,6,42,2026-03-29T06:24:04.128000+00:00,34.716,41.85,17.977,269.0,323.0,False,94.543,"[None, 2048, 2048, 2048, 2048, 2048, 2048, 2048, 2048]","[2048, 2048, 2048, 2048, 2048, 2048, 2048, 2048, 2048, 2048, 2048]","[2048, 2048, 2048, 2048, 2048, 2048, 2048]",286.0
1281,11253,27,42,2026-03-29T06:24:05.324000+00:00,34.694,41.708,17.81,,331.0,False,94.212,"[None, 2048, 2049, 2048, 2048, 2048, 2048, 2048, 2048]","[2048, 2048, 2049, 2048, 2048, 2048, 2048, 2048, 2048, 2048, 2048]","[2048, 2048, 2048, 2048, 2048, 2048, 2048]",293.0
1281,11253,5,42,2026-03-29T06:24:07.094000+00:00,34.79,42.048,18.183,261.0,323.0,False,95.021,"[None, 2048, 2048, 2048, 2049, 2048, 2048, 2048, 2048]","[2048, 2049, 2048, 2048, 2048, 2048, 2048, 2048, 2048, 2048, 2048]","[2048, 2048, 2048, 2048, 2048, 2048, 2048]",286.0
1281,11253,41,42,2026-03-29T06:24:09.018000+00:00,35.04,41.929,17.995,270.0,327.0,False,94.964,"[None, 2048, 2048, 2048, 2048, 2049, 2048, 2048, 2048]","[2048, 2048, 2048, 2048, 2048, 2048, 2048, 2048, 2049, 2048, 2048]","[2048, 2048, 2048, 2048, 2048, 2048, 2048]",289.0
1281,11253,55,42,2026-03-29T06:24:10.442000+00:00,35.004,42.007,18.06,262.0,322.0,False,95.071,"[None, 2048, 2049, 2048, 2048, 2048, 2048, 2048, 2048]","[2048, 2048, 2048, 2048, 2048, 2048, 2048, 2048, 2048, 2048, 2048]","[2048, 2048, 2048, 2048, 2048, 2048, 2048]",289.0
1281,11253,43,42,2026-03-29T06:24:11.871000+00:00,34.899,42.485,17.981,264.0,330.0,False,95.365,"[None, 2048, 2049, 2048, 2048, 2048, 2048, 2048, 2048]","[2048, 2048, 2048, 2048, 2048, 2048, 2048, 2048, 2048, 2048, 2048]","[2048, 2048, 2048, 2048, 2048, 2048, 2048]",293.0
1281,11253,23,42,2026-03-29T06:24:14.144000+00:00,35.227,42.229,18.244,278.0,312.0,False,95.7,"[None, 2048, 2048, 2048, 2048, 2048, 2048, 2048, 2048]","[2049, 2048, 2048, 2048, 2048, 2048, 2048, 2048, 2048, 2048, 2048]","[2048, 2048, 2048, 2048, 2048, 2048, 2048]",283.0
1281,11253,11,42,2026-03-29T06:24:25.765000+00:00,35.361,42.323,18.542,255.0,315.0,False,96.226,"[None, 2048, 2048, 2048, 2048, 2048, 2048, 2048, 2048]","[2048, 2048, 2048, 2048, 2048, 2048, 2048, 2048, 2048, 2048, 2048]","[2048, 2048, 2048, 2048, 2048, 2048, 2048]",276.0
1281,11253,14,42,2026-03-29T06:24:42.140000+00:00,35.672,42.689,18.596,252.0,304.0,False,96.957,"[None, 2048, 2048, 2048, 2048, 2048, 2048, 2048, 2048]","[2048, 2048, 2048, 2048, 2048, 2048, 2048, 2049, 2049, 2048, 2048]","[2048, 2048, 2049, 2048, 2048, 2048, 2048]",266.0
1281,11253,77,42,2026-03-29T06:24:49.205000+00:00,35.666,42.539,18.426,,315.0,False,96.631,"[2049, 2048, 2049, 2048, 2048, 2048, 2048, 2048, 2048]","[2048, 2049, 2048, 2048, 2048, 2048, 2048, 2049, 2048, 2048, 2048]","[2048, 2048, 2048, 2048, 2048, 2048, 2048]",280.0
1281,11253,12,43,2026-03-29T06:25:02.817000+00:00,33.739,41.104,17.695,,322.0,False,92.538,"[None, 2048, 2048, 2048, 2048, 2048, 2048, 2048, 2048]","[2051, 2048, 2049, 2048, 2049, 2048, 2048, 2048, 2048, 2048, 2048]","[2048, 2049, 2051, 2048, 2048, 2048, 2049]",281.0
1281,11253,81,43,2026-03-29T06:25:12.820000+00:00,34.075,41.509,17.934,260.0,313.0,False,93.518,"[None, 2048, 2048, 2048, 2048, 2048, 2048, 2048, 2048]","[2048, 2048, 2048, 2048, 2048, 2048, 2048, 2049, 2048, 2048, 2048]","[2048, 2048, 2048, 2048, 2049, 2048, 2048]",279.0
1281,11253,16,43,2026-03-29T06:25:15.321000+00:00,34.035,41.101,18.069,,317.0,False,93.205,"[None, 2048, 2048, 2048, 2048, 2049, 2048, 2048, 2048]","[2048, 2048, 2048, 2048, 2048, 2048, 2048, 2049, 2048, 2048, 2048]","[2048, 2048, 2048, 2048, 2048, 2048, 2048]",281.0
1281,11253,44,43,2026-03-29T06:25:16.216000+00:00,35.047,41.379,17.933,266.0,332.0,False,94.359,"[None, 2048, 2048, 2048, 2048, 2048, 2048, 2048, 2049]","[2048, 2048, 2048, 2048, 2048, 2048, 2048, 2048, 2048, 2048, 2048]","[2048, 2048, 2048, 2048, 2048, 2048, 2049]",290.0
1281,11253,63,43,2026-03-29T06:25:16.820000+00:00,33.743,41.267,17.887,266.0,324.0,False,92.897,"[None, 2048, 2051, 2048, 2048, 2049, 2048, 2048, 2048]","[2049, 2049, 2048, 2048, 2048, 2048, 2048, 2051, 2048, 2048, 2048]","[2048, 2048, 2048, 2048, 2048, 2048, 2048]",287.0
1281,11253,1,43,2026-03-29T06:25:17.647000+00:00,34.427,41.619,17.881,264.0,333.0,False,93.927,"[None, 2048, 2048, 2048, 2048, 2048, 2048, 2048, 2048]","[2048, 2048, 2048, 2048, 2048, 2049, 2049, 2048, 2048, 2048, 2049]","[2048, 2048, 2048, 2048, 2048, 2048, 2049]",290.0
1281,11253,10,43,2026-03-29T06:25:22.766000+00:00,34.558,41.749,18.022,260.0,320.0,False,94.329,"[None, 2048, 2048, 2048, 2048, 2048, 2048, 2048, 2048]","[2048, 2048, 2048, 2048, 2048, 2048, 2048, 2048, 2048, 2048, 2048]","[2048, 2048, 2048, 2048, 2048, 2048, 2048]",280.0
1281,11253,3,43,2026-03-29T06:25:23.593000+00:00,34.453,41.674,18.02,269.0,332.0,False,94.147,"[None, 2048, 2048, 2048, 2048, 2048, 2048, 2048, 2048]","[2048, 2048, 2048, 2048, 2048, 2048, 2048, 2048, 2048, 2048, 2048]","[2048, 2048, 2048, 2048, 2048, 2048, 2048]",290.0
1281,11253,30,43,2026-03-29T06:25:34.949000+00:00,34.826,41.847,18.197,270.0,320.0,False,94.87,"[None, 2048, 2048, 2048, 2048, 2048, 2048, 2048, 2048]","[2048, 2048, 2048, 2048, 2049, 2048, 2048, 2048, 2048, 2048, 2048]","[2048, 2048, 2048, 2048, 2048, 2048, 2048]",281.0
1281,11253,31,43,2026-03-29T06:25:35.569000+00:00,35.056,41.752,18.055,262.0,330.0,False,94.863,"[None, 2048, 2048, 2048, 2048, 2048, 2048, 2048, 2048]","[2048, 2048, 2048, 2048, 2048, 2048, 2048, 2048, 2048, 2048, 2048]","[2048, 2048, 2048, 2048, 2048, 2048, 2048]",288.0
1281,11253,6,43,2026-03-29T06:25:38.503000+00:00,34.822,42.037,18.013,273.0,324.0,False,94.872,"[None, 2048, 2048, 2048, 2048, 2048, 2048, 2048, 2048]","[2048, 2048, 2048, 2048, 2048, 2048, 2048, 2048, 2048, 2048, 2048]","[2048, 2048, 2048, 2048, 2048, 2048, 2048]",287.0
1281,11253,27,43,2026-03-29T06:25:39.604000+00:00,34.614,41.645,17.909,261.0,334.0,False,94.168,"[None, 2048, 2048, 2048, 2048, 2048, 2048, 2048, 2048]","[2048, 2048, 2048, 2048, 2048, 2048, 2048, 2048, 2048, 2048, 2048]","[2049, 2048, 2048, 2048, 2048, 2049, 2049]",298.0
1281,11253,5,43,2026-03-29T06:25:42.022000+00:00,34.812,42.163,18.168,,326.0,False,95.143,"[None, 2048, 2048, 2048, 2048, 2048, 2048, 2048, 2048]","[2048, 2048, 2048, 2048, 2048, 2048, 2048, 2048, 2048, 2048, 2048]","[2048, 2048, 2048, 2048, 2048, 2048, 2048]",287.0
1281,11253,41,43,2026-03-29T06:25:43.523000+00:00,34.963,41.894,18.028,,328.0,False,94.885,"[None, 2048, 2048, 2048, 2048, 2048, 2048, 2048, 2048]","[2048, 2048, 2048, 2048, 2048, 2048, 2048, 2048, 2048, 2048, 2048]","[2048, 2048, 2048, 2048, 2048, 2048, 2048]",290.0
1281,11253,55,43,2026-03-29T06:25:45.471000+00:00,35.171,41.982,18.093,270.0,318.0,False,95.246,"[None, 2048, 2048, 2048, 2048, 2048, 2048, 2048, 2048]","[2048, 2048, 2048, 2048, 2048, 2048, 2048, 2049, 2048, 2048, 2048]","[2048, 2048, 2048, 2048, 2048, 2048, 2048]",286.0
1281,11253,43,43,2026-03-29T06:25:47.133000+00:00,34.735,41.938,18.073,262.0,323.0,False,94.746,"[None, 2048, 2048, 2048, 2048, 2048, 2048, 2048, 2048]","[2048, 2048, 2048, 2048, 2048, 2048, 2048, 2048, 2048, 2048, 2048]","[2048, 2048, 2048, 2048, 2048, 2048, 2048]",288.0
1281,11253,23,43,2026-03-29T06:25:49.817000+00:00,35.07,41.994,18.131,280.0,315.0,False,95.195,"[None, 2048, 2048, 2048, 2048, 2048, 2048, 2048, 2048]","[2048, 2048, 2048, 2048, 2048, 2048, 2048, 2048, 2048, 2048, 2048]","[2048, 2048, 2049, 2048, 2048, 2048, 2048]",283.0
1281,11253,11,43,2026-03-29T06:26:01.932000+00:00,35.386,42.415,18.553,,314.0,False,96.354,"[None, 2048, 2048, 2048, 2048, 2048, 2048, 2048, 2048]","[2048, 2048, 2048, 2048, 2048, 2048, 2048, 2048, 2048, 2048, 2048]","[2048, 2048, 2048, 2048, 2048, 2048, 2048]",276.0
1281,11253,14,43,2026-03-29T06:26:19.125000+00:00,35.8,42.923,18.614,251.0,303.0,False,97.337,"[None, 2048, 2048, 2048, 2048, 2048, 2048, 2048, 2048]","[2048, 2048, 2048, 2048, 2048, 2048, 2048, 2048, 2048, 2048, 2048]","[2048, 2048, 2049, 2048, 2048, 2048, 2048]",266.0
1281,11253,77,43,2026-03-29T06:26:25.855000+00:00,35.88,42.572,18.407,259.0,316.0,False,96.859,"[2048, 2048, 2048, 2048, 2048, 2048, 2048, 2048, 2048]","[2048, 2048, 2048, 2048, 2048, 2048, 2048, 2049, 2048, 2048, 2048]","[2048, 2048, 2048, 2048, 2048, 2048, 2048]",280.0
1281,11253,12,44,2026-03-29T06:26:35.683000+00:00,33.662,41.192,17.716,260.0,321.0,False,92.57,"[None, 2048, 2048, 2048, 2048, 2048, 2048, 2048, 2048]","[2048, 2048, 2048, 2048, 2048, 2048, 2048, 2048, 2048, 2049, 2048]","[2048, 2048, 2048, 2048, 2048, 2048, 2049]",282.0
1281,11253,81,44,2026-03-29T06:26:46.443000+00:00,34.012,41.389,18.03,261.0,313.0,False,93.431,"[None, 2048, 2049, 2048, 2048, 2048, 2048, 2048, 2048]","[2048, 2048, 2048, 2048, 2048, 2048, 2048, 2048, 2048, 2048, 2048]","[2048, 2048, 2048, 2048, 2048, 2048, 2048]",280.0
1281,11253,16,44,2026-03-29T06:26:48.693000+00:00,34.186,41.07,18.048,263.0,317.0,False,93.304,"[None, 2048, 2048, 2048, 2049, 2051, 2048, 2048, 2048]","[2051, 2048, 2048, 2049, 2048, 2048, 2048, 2049, 2048, 2048, 2048]","[2048, 2048, 2048, 2048, 2048, 2048, 2048]",282.0
1281,11253,63,44,2026-03-29T06:26:49.567000+00:00,33.855,41.297,17.901,262.0,324.0,False,93.053,"[None, 2048, 2048, 2048, 2048, 2048, 2048, 2048, 2048]","[2048, 2049, 2048, 2048, 2049, 2048, 2048, 2048, 2048, 2048, 2048]","[2048, 2048, 2048, 2048, 2048, 2048, 2048]",289.0
1281,11253,44,44,2026-03-29T06:26:50.666000+00:00,34.266,41.397,17.973,256.0,326.0,False,93.636,"[None, 2048, 2048, 2048, 2048, 2048, 2048, 2048, 2048]","[2048, 2048, 2048, 2048, 2048, 2048, 2048, 2048, 2048, 2048, 2048]","[2048, 2048, 2051, 2048, 2048, 2048, 2048]",286.0
1281,11253,1,44,2026-03-29T06:26:51.624000+00:00,34.167,41.373,17.822,261.0,331.0,False,93.362,"[None, 2048, 2049, 2048, 2048, 2048, 2048, 2048, 2048]","[2048, 2049, 2048, 2048, 2049, 2048, 2048, 2048, 2048, 2049, 2048]","[2048, 2048, 2048, 2048, 2048, 2048, 2049]",290.0
1281,11253,10,44,2026-03-29T06:26:57.061000+00:00,34.577,41.663,18.217,,318.0,False,94.457,"[None, 2048, 2048, 2048, 2048, 2048, 2048, 2048, 2048]","[2048, 2048, 2048, 2048, 2048, 2048, 2048, 2048, 2048, 2048, 2048]","[2048, 2048, 2048, 2048, 2048, 2048]",281.0
1281,11253,3,44,2026-03-29T06:26:57.783000+00:00,34.38,41.583,18.252,270.0,334.0,False,94.215,"[None, 2048, 2048, 2048, 2048, 2048, 2048, 2048, 2049]","[2048, 2048, 2048, 2048, 2049, 2048, 2048, 2048, 2048, 2048, 2048]","[2048, 2048, 2048, 2048, 2048, 2048, 2048]",293.0
1281,11253,30,44,2026-03-29T06:27:09.800000+00:00,34.966,41.779,18.137,,319.0,False,94.882,"[None, 2048, 2048, 2048, 2048, 2048, 2048, 2048, 2048]","[2048, 2048, 2048, 2048, 2048, 2048, 2048, 2049, 2048, 2048, 2048]","[2048, 2048, 2048, 2048, 2048, 2048, 2048]",282.0
1281,11253,31,44,2026-03-29T06:27:10.499000+00:00,35.191,41.683,18.094,,331.0,False,94.968,"[None, 2048, 2048, 2048, 2048, 2048, 2048, 2048, 2048]","[2048, 2048, 2048, 2048, 2048, 2048, 2048, 2049, 2048, 2048, 2048]","[2048, 2048, 2048, 2048, 2048, 2048, 2048]",289.0
1281,11253,6,44,2026-03-29T06:27:13.420000+00:00,34.488,41.8,18.088,267.0,324.0,False,94.376,"[None, 2048, 2048, 2048, 2048, 2048, 2048, 2048, 2048]","[2048, 2048, 2048, 2048, 2049, 2048, 2048, 2048, 2048, 2048, 2048]","[2048, 2048, 2048, 2048, 2048, 2048, 2048]",288.0
1281,11253,27,44,2026-03-29T06:27:13.750000+00:00,34.621,41.787,18.018,266.0,327.0,False,94.426,"[None, 2048, 2048, 2048, 2048, 2048, 2048, 2048, 2048]","[2048, 2048, 2048, 2048, 2048, 2048, 2048, 2048, 2048, 2048, 2048]","[2048, 2048, 2048, 2048, 2048, 2049, 2048]",308.0
1281,11253,5,44,2026-03-29T06:27:17.260000+00:00,34.795,42.162,18.056,262.0,325.0,False,95.013,"[None, 2048, 2048, 2048, 2048, 2048, 2048, 2048, 2048]","[2048, 2048, 2048, 2048, 2048, 2048, 2048, 2048, 2048, 2048, 2048]","[2048, 2048, 2048, 2048, 2048, 2048, 2048]",287.0
1281,11253,41,44,2026-03-29T06:27:18.491000+00:00,34.864,41.786,18.119,271.0,330.0,False,94.769,"[None, 2048, 2049, 2048, 2048, 2048, 2048, 2048, 2048]","[2049, 2048, 2048, 2049, 2048, 2048, 2048, 2048, 2048, 2048, 2048]","[2048, 2048, 2048, 2048, 2048, 2048, 2048]",292.0
1281,11253,55,44,2026-03-29T06:27:20.756000+00:00,35.049,41.858,18.147,276.0,319.0,False,95.054,"[None, 2048, 2048, 2048, 2048, 2048, 2048, 2048, 2048]","[2049, 2049, 2049, 2048, 2048, 2048, 2048, 2048, 2048, 2048, 2048]","[2048, 2048, 2048, 2048, 2048, 2048, 2048]",286.0
1281,11253,43,44,2026-03-29T06:27:21.946000+00:00,34.975,41.93,18.15,260.0,324.0,False,95.055,"[None, 2048, 2048, 2048, 2048, 2048, 2048, 2048, 2048]","[2048, 2048, 2048, 2048, 2048, 2048, 2048, 2048, 2048, 2048, 2048]","[2048, 2048, 2048, 2048, 2048, 2048, 2048]",289.0
1281,11253,23,44,2026-03-29T06:27:25.060000+00:00,34.97,42.028,18.265,,312.0,False,95.263,"[None, 2048, 2048, 2048, 2048, 2049, 2048, 2048, 2048]","[2048, 2049, 2048, 2048, 2048, 2048, 2048, 2048, 2048, 2048, 2048]","[2048, 2048, 2048, 2048, 2048, 2048, 2048]",281.0
1281,11253,11,44,2026-03-29T06:27:38.175000+00:00,35.373,42.342,18.514,254.0,315.0,False,96.229,"[None, 2048, 2048, 2048, 2049, 2048, 2048, 2048, 2048]","[2048, 2049, 2049, 2048, 2048, 2048, 2048, 2048, 2048, 2048, 2048]","[2048, 2048, 2048, 2048, 2048, 2048, 2048]",276.0
1281,11253,14,44,2026-03-29T06:27:56.435000+00:00,35.597,42.575,18.599,254.0,306.0,False,96.771,"[None, 2048, 2048, 2048, 2048, 2048, 2048, 2048, 2048]","[2048, 2049, 2048, 2048, 2048, 2048, 2048, 2048, 2048, 2048, 2048]","[2048, 2048, 2048, 2048, 2048, 2048, 2048]",268.0
1281,11253,77,44,2026-03-29T06:28:02.687000+00:00,35.795,42.481,18.571,258.0,318.0,False,96.847,"[None, 2048, 2049, 2048, 2048, 2048, 2048, 2048, 2048]","[2048, 2048, 2048, 2048, 2048, 2048, 2048, 2048, 2048, 2048, 2048]","[2048, 2048, 2048, 2048, 2048, 2048, 2048]",281.0
1281,11253,12,45,2026-03-29T06:28:07.918000+00:00,33.897,41.132,17.79,262.0,326.0,False,92.819,"[None, 2048, 2048, 2048, 2048, 2048, 2048, 2048, 2048]","[2048, 2048, 2049, 2048, 2048, 2048, 2048, 2048, 2048, 2049, 2048]","[2048, 2049, 2048, 2048, 2048, 2048, 2048]",286.0
1281,11253,81,45,2026-03-29T06:28:19.821000+00:00,34.114,41.348,18.061,,313.0,False,93.523,"[None, 2048, 2048, 2048, 2048, 2048, 2048, 2048, 2048]","[2048, 2048, 2048, 2048, 2048, 2048, 2048, 2048, 2048, 2049, 2048]","[2048, 2048, 2048, 2048, 2048, 2048, 2048]",280.0
1281,11253,16,45,2026-03-29T06:28:21.894000+00:00,34.179,41.274,18.154,264.0,309.0,False,93.607,"[None, 2048, 2048, 2048, 2048, 2048, 2048, 2049, 2048]","[2048, 2048, 2048, 2048, 2048, 2048, 2048, 2049, 2049, 2048, 2048]","[2048, 2048, 2048, 2048, 2048, 2048, 2048]",280.0
1281,11253,63,45,2026-03-29T06:28:22.804000+00:00,34.007,41.291,17.976,276.0,329.0,False,93.274,"[None, 2048, 2048, 2048, 2048, 2048, 2048, 2048, 2048]","[2051, 2048, 2049, 2048, 2048, 2048, 2048, 2048, 2048, 2049, 2049]","[2048, 2048, 2048, 2048, 2048, 2048, 2051]",290.0
1281,11253,44,45,2026-03-29T06:28:24.243000+00:00,34.167,41.343,17.985,261.0,328.0,False,93.495,"[None, 2048, 2048, 2048, 2048, 2048, 2048, 2048, 2048]","[2048, 2048, 2049, 2048, 2049, 2048, 2048, 2048, 2048, 2048, 2048]","[2048, 2048, 2048, 2048, 2048, 2048, 2048]",289.0
1281,11253,1,45,2026-03-29T06:28:24.901000+00:00,34.254,41.441,17.826,259.0,326.0,False,93.521,"[2049, 2049, 2048, 2048, 2048, 2048, 2048, 2048, 2048]","[2048, 2048, 2048, 2048, 2048, 2048, 2048, 2048, 2048, 2048, 2048]","[2048, 2048, 2048, 2048, 2048, 2048, 2048]",288.0
1281,11253,10,45,2026-03-29T06:28:31.588000+00:00,34.511,41.555,18.005,,320.0,False,94.071,"[None, 2048, 2048, 2048, 2048, 2048, 2048, 2048, 2048]","[2048, 2048, 2048, 2048, 2048, 2048, 2048, 2048, 2048, 2048, 2048]","[2048, 2048, 2048, 2048, 2048, 2049, 2048]",280.0
1281,11253,3,45,2026-03-29T06:28:31.987000+00:00,34.581,41.61,18.155,271.0,332.0,False,94.346,"[None, 2048, 2048, 2048, 2048, 2048, 2048, 2048, 2049]","[2048, 2048, 2048, 2048, 2048, 2048, 2048, 2049, 2048, 2048, 2048]","[2048, 2048, 2048, 2048, 2048, 2048, 2048]",290.0
1281,11253,30,45,2026-03-29T06:28:44.614000+00:00,34.847,41.817,18.13,,318.0,False,94.794,"[None, 2048, 2048, 2048, 2048, 2048, 0, 0, 0]","[0, 0, 0, 0, 0, 0, 0, 0, 0, 0, 0]","[0, 0, 0, 0, 0, 0]",280.0
1281,11253,31,45,2026-03-29T06:28:45.493000+00:00,35.109,41.755,18.103,261.0,330.0,False,94.967,"[None, 2048, 2048, 2048, 2048, 2048, 2048, 2048, 2048]","[2048, 2048, 2048, 2048, 2048, 2048, 2048, 2048, 2048, 2048, 2048]","[2048, 2048, 2048, 2048, 2048, 2048, 2048]",288.0
1281,11253,6,45,2026-03-29T06:28:47.682000+00:00,34.864,42.531,18.519,265.0,333.0,False,95.914,"[None, 2048, 2048, 2048, 2048, 2048, 2048, 2048, 2048]","[2048, 2048, 2048, 2048, 2048, 2048, 2048, 2048, 2048, 2048, 2048]","[2048, 2048, 2048, 2048, 2048, 2048, 2048]",289.0
1281,11253,27,45,2026-03-29T06:28:48.106000+00:00,35.015,41.688,18.975,265.0,301.0,False,95.678,"[None, 2048, 2048, 2048, 2048, 2048, 2048, 2048, 2048]","[2048, 2048, 2048, 2048, 2049, 2051, 2051, 2048, 2048, 2048, 2048]","[2048, 2048, 2048, 2048, 2048, 2048]",280.0
1281,11253,5,45,2026-03-29T06:28:52.301000+00:00,34.843,41.943,18.108,,324.0,False,94.894,"[None, 2048, 2048, 2048, 2048, 2048, 2048, 2048, 2048]","[2048, 2048, 2048, 2048, 2049, 2048, 2048, 2048, 2048, 2048, 2048]","[2048, 2048, 2048, 2048, 2048, 2048, 2048]",285.0
1281,11253,41,45,2026-03-29T06:28:53.224000+00:00,34.901,41.829,18.003,272.0,333.0,False,94.733,"[None, 2048, 2048, 2048, 2048, 2048, 2048, 2048, 2048]","[2048, 2048, 2048, 2048, 2048, 2048, 2049, 2048, 2048, 2048, 2048]","[2048, 2048, 2048, 2048, 2048, 2048, 2048]",293.0
1281,11253,55,45,2026-03-29T06:28:55.768000+00:00,35.142,41.847,18.028,,323.0,False,95.017,"[None, 2048, 2048, 2048, 2048, 2048, 2048, 2048, 2048]","[2048, 2048, 2048, 2048, 2048, 2048, 2048, 2048, 2048, 2048, 2048]","[2048, 2048, 2048, 2048, 2048, 2048, 2048]",287.0
1281,11253,43,45,2026-03-29T06:28:56.939000+00:00,35.19,41.998,18.17,263.0,322.0,False,95.358,"[None, 2048, 2048, 2049, 2048, 2048, 2048, 2048, 2048]","[2048, 2048, 2048, 2048, 2048, 2048, 2048, 2048, 2048, 2048, 2048]","[2048, 2048, 2048, 2048, 2048, 2048, 2048]",287.0
1281,11253,23,45,2026-03-29T06:29:00.327000+00:00,35.167,41.922,20.515,,313.0,False,97.604,"[None, 2048, 2048, 2048, 2048, 2048, 2048, 2048, 2048]","[2048, 2048, 2049, 2048, 2048, 2048, 2048, 2048, 2048, 2048, 2048]","[2048, 2048, 2049, 2048, 2064, 2064, 2064]",282.0
1281,11253,11,45,2026-03-29T06:29:14.433000+00:00,35.299,42.393,18.469,,313.0,False,96.161,"[None, 2048, 2048, 2048, 2048, 2048, 2048, 2048, 2048]","[2048, 2048, 2048, 2048, 2049, 2048, 2048, 2048, 2048, 2048, 2048]","[2048, 2048, 2048, 2048, 2048, 2048, 2048]",275.0
1281,11253,14,45,2026-03-29T06:29:33.257000+00:00,35.249,42.815,18.613,,305.0,False,96.677,"[None, 2048, 2048, 2049, 2049, 2048, 2048, 2048, 2048]","[2048, 2048, 2048, 2048, 2048, 2048, 2048, 2048, 2048, 2048, 2048]","[2048, 2048, 2048, 2048, 2048, 2048, 2048]",267.0
1281,11253,77,45,2026-03-29T06:29:39.583000+00:00,37.539,42.782,18.568,256.0,315.0,False,98.889,"[None, 2048, 2048, 2048, 2048, 2048, 2048, 2048, 2048]","[2048, 2048, 2048, 2048, 2048, 2048, 2048, 2048, 2048, 2048, 2048]","[2048, 2048, 2048, 2048, 2048, 2048, 2048]",281.0
1281,11253,12,46,2026-03-29T06:29:40.696000+00:00,33.822,41.13,17.77,261.0,322.0,False,92.722,"[None, 2048, 2048, 2048, 2048, 2048, 2048, 2048, 2048]","[2048, 2048, 2048, 2048, 2048, 2048, 2048, 2048, 2048, 2048, 2048]","[2048, 2048, 2048, 2048, 2048, 2048, 2049]",281.0
1281,11253,81,46,2026-03-29T06:29:53.306000+00:00,34.061,41.333,17.935,263.0,314.0,False,93.329,"[None, 2048, 2048, 2048, 2048, 2048, 2048, 2048, 2048]","[2048, 2048, 2048, 2048, 2048, 2048, 2048, 2048, 2048, 2048, 2048]","[2048, 2048, 2048, 2048, 2049, 2049, 2049]",282.0
1281,11253,16,46,2026-03-29T06:29:55.609000+00:00,33.994,41.12,18.046,262.0,314.0,False,93.16,"[None, 2048, 2049, 2048, 2048, 2048, 2048, 2048, 2048]","[2048, 2048, 2048, 2048, 2048, 2048, 2048, 2048, 2048, 2048, 2048]","[2048, 2048, 2049, 2048, 2048, 2048, 2048]",281.0
1281,11253,63,46,2026-03-29T06:29:56.016000+00:00,33.932,41.317,17.897,281.0,328.0,False,93.146,"[None, 2048, 2048, 2048, 2048, 2048, 2048, 2048, 2048]","[2048, 2048, 2048, 2048, 2048, 2048, 2048, 2048, 2048, 2048, 2048]","[2048, 2048, 2048, 2048, 2048, 2048, 2051]",292.0
1281,11253,44,46,2026-03-29T06:29:57.758000+00:00,34.231,41.233,17.978,262.0,320.0,False,93.442,"[None, 2048, 2048, 2048, 2048, 2048, 2048, 2048, 2048]","[2048, 2048, 2048, 2048, 2049, 2048, 2048, 2048, 2048, 2048, 2048]","[2048, 2048, 2048, 2048, 2048, 2048, 2048]",284.0
1281,11253,1,46,2026-03-29T06:29:58.432000+00:00,,41.281,17.902,265.0,333.0,False,93.437,"[2048, 2048, 2048, 2048, 2048, 2048, 2048, 2048, 2048]","[2048, 2048, 2049, 2048, 2048, 2048, 2048, 2048, 2048, 2049, 2049]","[2048, 2048, 2048, 2048, 2048, 2048, 2048]",291.0
1281,11253,10,46,2026-03-29T06:30:05.626000+00:00,34.452,41.536,17.873,261.0,319.0,False,93.861,"[None, 2048, 2048, 2048, 2048, 2048, 2048, 2048, 2048]","[2048, 2048, 2048, 2048, 2048, 2048, 2048, 2048, 2048, 2048, 2048]","[2048, 2048, 2049, 2048, 2048, 2048, 2048]",281.0
1281,11253,3,46,2026-03-29T06:30:06.350000+00:00,34.288,41.644,17.979,,331.0,False,93.911,"[None, 2048, 2048, 2048, 2048, 2048, 2048, 2048, 2048]","[2048, 2048, 2048, 2048, 2048, 2048, 2048, 2048, 2048, 2048, 2048]","[2048, 2048, 2048, 2048, 2048, 2048, 2048]",290.0
1281,11253,31,46,2026-03-29T06:30:20.371000+00:00,35.019,41.713,18.053,263.0,330.0,False,94.785,"[None, 2048, 2048, 2048, 2048, 2048, 2048, 2048, 2048]","[2048, 2048, 2048, 2048, 2048, 2048, 2048, 2048, 2048, 2048, 2048]","[2048, 2048, 2048, 2048, 2048, 2048, 2048]",288.0
1281,11253,6,46,2026-03-29T06:30:23.529000+00:00,35.779,42.284,18.049,268.0,321.0,False,96.112,"[None, 2048, 2048, 2048, 2048, 2048, 2048, 2048, 2048]","[2048, 2048, 2048, 2048, 2048, 2048, 2048, 2048, 2048, 2048, 2048]","[2048, 2048, 2048, 2048, 2049, 2049, 2048]",284.0
1281,11253,27,46,2026-03-29T06:30:23.733000+00:00,36.004,42.339,18.036,266.0,317.0,False,96.379,"[None, 2048, 2048, 2048, 2048, 2048, 2048, 2048, 2048]","[2048, 2048, 2048, 2048, 2048, 2048, 2048, 2048, 2048, 2048, 2048]","[2048, 2048, 2048, 2048, 2048, 2049, 2049]",289.0
1281,11253,5,46,2026-03-29T06:30:27.040000+00:00,34.809,42.066,17.911,263.0,328.0,False,94.786,"[None, 2048, 2048, 2048, 2048, 2048, 2048, 2048, 2048]","[2048, 2048, 2048, 2048, 2048, 2048, 2048, 2048, 2048, 2048, 2048]","[2048, 2048, 2048, 2048, 2048, 2049, 2049]",288.0
1281,11253,41,46,2026-03-29T06:30:27.917000+00:00,34.943,41.86,17.873,275.0,339.0,False,94.676,"[None, 2048, 2048, 2048, 2048, 2048, 2048, 2048, 2049]","[2048, 2048, 2048, 2048, 2048, 2049, 2049, 2048, 2048, 2049, 2049]","[2048, 2048, 2048, 2048, 2048, 2049, 2049]",296.0
1281,11253,55,46,2026-03-29T06:30:30.871000+00:00,35.025,42.169,18.113,270.0,322.0,False,95.307,"[None, 2048, 2048, 2048, 2048, 2048, 2048, 2048, 2048]","[2048, 2048, 2048, 2048, 2048, 2048, 2048, 2048, 2048, 2048, 2048]","[2048, 2048, 2048, 2048, 2048, 2048, 2048]",286.0
1281,11253,43,46,2026-03-29T06:30:32.302000+00:00,34.936,41.906,18.011,261.0,325.0,False,94.853,"[None, 2048, 2048, 2048, 2048, 2048, 2048, 2048, 2048]","[2048, 2048, 2048, 2048, 2048, 2048, 2048, 2048, 2048, 2048, 2048]","[2048, 2048, 2048, 2048, 2048, 2048, 2048]",289.0
1281,11253,23,46,2026-03-29T06:30:37.804000+00:00,54.718,41.642,20.291,278.0,312.0,True,116.651,"[2064, 2064, 2048, 2048, 2048, 2048, 2049, 2049, 2048]","[2048, 2049, 2048, 2048, 2049, 2048, 2048, 2048, 2049, 2048, 2048]","[2048, 2048, 2049, 2048, 2064, 2064, 2064]",280.0
1281,11253,30,46,2026-03-29T06:30:39.998000+00:00,34.835,41.832,18.16,271.0,319.0,False,94.827,"[None, None, None, None, None, None, 2048, 2048, 2049]","[2048, 2048, 2048, 2048, 2048, 2048, 2048, 2048, 2048, 2048, 2048]","[2048, 2048, 2048, 2048, 2048, 2048, 2048]",281.0
1281,11253,11,46,2026-03-29T06:30:50.590000+00:00,35.315,42.305,18.468,257.0,314.0,False,96.088,"[None, 2048, 2048, 2048, 2048, 2048, 2048, 2048, 2048]","[2048, 2049, 2048, 2048, 2048, 2048, 2048, 2048, 2048, 2048, 2048]","[2048, 2048, 2048, 2048, 2048, 2048, 2048]",276.0
1281,11253,14,46,2026-03-29T06:31:09.875000+00:00,35.643,42.881,19.065,252.0,308.0,False,97.589,"[None, 2048, 2048, 2048, 2048, 2048, 2048, 2048, 2048]","[2048, 2048, 2048, 2048, 2048, 2048, 2048, 2048, 2048, 2048, 2048]","[2048, 2048, 2048, 2048, 2048, 2048, 2048]",269.0
1281,11253,12,47,2026-03-29T06:31:13.517000+00:00,33.929,41.504,17.778,263.0,325.0,False,93.211,"[None, 2048, 2048, 2048, 2051, 2048, 2048, 2048, 2048]","[2048, 2048, 2048, 2048, 2049, 2048, 2048, 2048, 2048, 2048, 2048]","[2048, 2048, 2048, 2048, 2048, 2048, 2048]",281.0
1281,11253,77,46,2026-03-29T06:31:18.505000+00:00,35.779,42.592,18.45,259.0,320.0,False,96.821,"[None, 2048, 2048, 2048, 2048, 2048, 2048, 2048, 2048]","[2048, 2048, 2048, 2048, 2048, 2048, 2048, 2048, 2048, 2048, 2048]","[2048, 2048, 2048, 2048, 2048, 2048, 2048]",283.0
1281,11253,81,47,2026-03-29T06:31:26.683000+00:00,34.033,41.308,17.856,265.0,317.0,False,93.197,"[None, 2048, 2048, 2048, 2048, 2048, 2048, 2048, 2048]","[2049, 2048, 2048, 2048, 2048, 2048, 2048, 2048, 2048, 2048, 2048]","[2048, 2049, 2048, 2048, 2048, 2051, 2049]",283.0
1281,11253,16,47,2026-03-29T06:31:28.671000+00:00,33.936,41.208,17.978,260.0,315.0,False,93.122,"[None, 2048, 2048, 2048, 2049, 2048, 2048, 2048, 2048]","[2048, 2049, 2048, 2048, 2048, 2048, 2048, 2048, 2048, 2048, 2048]","[2048, 2048, 2048, 2048, 2048, 2048, 2048]",283.0
1281,11253,63,47,2026-03-29T06:31:29.135000+00:00,34.003,41.236,17.937,278.0,340.0,False,93.176,"[None, 2048, 2048, 2048, 2048, 2048, 2048, 2048, 2048]","[2048, 2048, 2049, 2048, 2048, 2048, 2048, 2051, 2048, 2049, 2049]","[2049, 2048, 2048, 2048, 2048, 2049, 2048]",297.0
1281,11253,44,47,2026-03-29T06:31:31.168000+00:00,34.378,41.393,18.905,261.0,315.0,False,94.676,"[None, 2048, 2048, 2048, 2049, 2048, 2048, 2048, 2048]","[2048, 2048, 2048, 2048, 2048, 2048, 2048, 2048, 2048, 2048, 2048]","[2048, 2048, 2048, 2048, 2048, 2048, 2049]",282.0
1281,11253,1,47,2026-03-29T06:31:31.852000+00:00,34.233,41.296,18.095,262.0,346.0,False,93.624,"[None, 2048, 2048, 2048, 2048, 2048, 2048, 2048, 2048]","[2048, 2048, 2048, 2048, 2048, 2049, 2049, 2048, 2048, 2049, 2051]","[2049, 2048, 2048, 2049, 2048, 2048, 2048]",304.0
1281,11253,10,47,2026-03-29T06:31:39.500000+00:00,34.45,41.664,17.949,,321.0,False,94.063,"[None, 2048, 2048, 2048, 2048, 2048, 2048, 2048, 2048]","[2048, 2048, 2048, 2048, 2048, 2048, 2048, 2048, 2048, 2048, 2048]","[2048, 2048, 2048, 2048, 2048, 2049, 2049]",282.0
1281,11253,3,47,2026-03-29T06:31:40.223000+00:00,34.46,41.453,17.973,269.0,332.0,False,93.886,"[None, 2048, 2048, 2048, 2049, 2048, 2048, 2048, 2048]","[2049, 2048, 2048, 2048, 2048, 2048, 2048, 2048, 2048, 2048, 2048]","[2048, 2048, 2048, 2048, 2048, 2048, 2048]",291.0
1281,11253,30,47,2026-03-29T06:31:54.384000+00:00,34.978,41.895,18.082,269.0,319.0,False,94.955,"[None, 2048, 2048, 2048, 2048, 2048, 2048, 2048, 2048]","[2048, 2048, 2048, 2048, 2048, 2048, 2048, 2048, 2049, 2048, 2048]","[2048, 2048, 2048, 2048, 2049, 2049]",281.0
1281,11253,31,47,2026-03-29T06:31:55.246000+00:00,35.092,41.752,18.073,,329.0,False,94.917,"[None, 2048, 2048, 2048, 2048, 2048, 2048, 2048, 2048]","[2048, 2048, 2048, 2048, 2048, 2048, 2048, 2048, 2048, 2048, 2048]","[2048, 2048, 2048, 2048, 2048, 2048, 2048]",288.0
1281,11253,6,47,2026-03-29T06:31:59.693000+00:00,35.312,42.0,18.054,266.0,326.0,False,95.366,"[None, 2048, 2048, 2048, 2048, 2048, 2048, 2048, 2048]","[2048, 2048, 2048, 2048, 2048, 2048, 2048, 2048, 2048, 2048, 2048]","[2048, 2048, 2048, 2048, 2048, 2048, 2048]",289.0
1281,11253,27,47,2026-03-29T06:32:00.300000+00:00,33.84,41.717,18.175,262.0,315.0,False,93.732,"[None, 2048, 2049, 2048, 2049, 2049, 2049, 2048, 2048]","[2048, 2048, 2048, 2048, 2048, 2048, 2048, 2048, 2048, 2048, 2048]","[2048, 2048, 2048, 2048, 2048, 2048, 2048]",281.0
1281,11253,5,47,2026-03-29T06:32:02.003000+00:00,34.86,41.865,17.997,261.0,327.0,False,94.722,"[None, 2048, 2048, 2048, 2048, 2048, 2048, 2048, 2048]","[2048, 2048, 2048, 2048, 2048, 2048, 2048, 2048, 2048, 2048, 2048]","[2048, 2048, 2048, 2048, 2048, 2048, 2048]",288.0
1281,11253,41,47,2026-03-29T06:32:02.621000+00:00,35.031,41.799,17.886,,336.0,False,94.716,"[None, 2048, 2048, 2048, 2048, 2048, 2048, 2048, 2048]","[2048, 2048, 2048, 2048, 2048, 2048, 2048, 2048, 2048, 2049, 2048]","[2048, 2048, 2048, 2048, 2048, 2049, 2049]",294.0
1281,11253,55,47,2026-03-29T06:32:06.152000+00:00,34.992,41.913,18.065,269.0,322.0,False,94.97,"[None, 2048, 2048, 2048, 2048, 2048, 2048, 2048, 2048]","[2048, 2049, 2048, 2048, 2048, 2048, 2048, 2048, 2048, 2048, 2048]","[2048, 2048, 2048, 2048, 2048, 2048, 2048]",285.0
1281,11253,43,47,2026-03-29T06:32:07.207000+00:00,34.917,41.905,17.978,263.0,326.0,False,94.8,"[None, 2048, 2048, 2049, 2048, 2048, 2048, 2048, 2048]","[2048, 2049, 2048, 2048, 2049, 2048, 2048, 2048, 2048, 2048, 2048]","[2048, 2048, 2048, 2048, 2048, 2048, 2048]",289.0
1281,11253,11,47,2026-03-29T06:32:26.716000+00:00,35.261,42.331,18.512,256.0,312.0,False,96.104,"[None, 2048, 2048, 2048, 2048, 2048, 2048, 2048, 2048]","[2048, 2048, 2048, 2048, 2049, 2048, 2048, 2048, 2048, 2048, 2048]","[2048, 2048, 2048, 2048, 2048, 2049, 2048]",274.0
1281,11253,23,47,2026-03-29T06:32:34.470000+00:00,55.384,41.689,20.427,262.0,313.0,True,117.5,"[None, 2064, 2048, 2049, 2049, 2049, 2049, 2048, 2048]","[2048, 2048, 2048, 2048, 2051, 2048, 2048, 2049, 2048, 2048, 2048]","[2048, 2048, 2048, 2048, 2064, 2064, 2064]",280.0
1281,11253,12,48,2026-03-29T06:32:46.682000+00:00,34.228,41.473,17.888,257.0,311.0,False,93.589,"[None, 2048, 2048, 2048, 2048, 2048, 2048, 2048, 2048]","[2048, 2048, 2048, 2048, 2048, 2048, 2048, 2048, 2048, 2048, 2048]","[2048, 2048, 2049, 2048, 2048, 2048, 2049]",276.0
1281,11253,14,47,2026-03-29T06:32:47.476000+00:00,35.495,42.453,18.273,255.0,324.0,False,96.221,"[None, 2048, 2048, 2048, 2048, 2048, 2048, 2048, 2048]","[2048, 2048, 2048, 2048, 2048, 2048, 2048, 2048, 2048, 2048, 2048]","[2048, 2048, 2048, 2048, 2049, 2049, 2048]",276.0
1281,11253,77,47,2026-03-29T06:32:55.279000+00:00,36.817,47.843,21.991,,321.0,False,106.651,"[2049, 2048, 2048, 2048, 2048, 2048, 2048, 2048, 2048]","[2048, 2048, 2049, 2048, 2048, 2048, 2048, 2048, 2048, 2048, 2048]","[2048, 2048, 2048, 2048, 2048, 2048, 2048]",285.0
1281,11253,81,48,2026-03-29T06:32:59.911000+00:00,34.061,41.467,17.843,263.0,315.0,False,93.371,"[None, 2048, 2048, 2048, 2048, 2048, 2048, 2048, 2048]","[2048, 2048, 2048, 2048, 2048, 2048, 2048, 2048, 2048, 2048, 2048]","[2048, 2048, 2048, 2048, 2049, 2051, 2048]",283.0
1281,11253,16,48,2026-03-29T06:33:01.737000+00:00,33.676,41.14,18.195,267.0,320.0,False,93.011,"[None, 2048, 2049, 2048, 2048, 2048, 2049, 2048, 2049]","[2048, 2048, 2048, 2048, 2048, 2048, 2048, 2049, 2048, 2048, 2048]","[2048, 2048, 2048, 2048, 2048, 2048, 2048]",286.0
1281,11253,63,48,2026-03-29T06:33:02.385000+00:00,33.952,41.302,17.792,267.0,331.0,False,93.046,"[None, 2048, 2048, 2048, 2048, 2048, 2048, 2048, 2048]","[2048, 2048, 2048, 2048, 2049, 2049, 2048, 2048, 2048, 2048, 2048]","[2048, 2048, 2048, 2048, 2048, 2048, 2048]",291.0
1281,11253,1,48,2026-03-29T06:33:05.345000+00:00,35.091,41.699,17.818,259.0,325.0,False,94.608,"[None, 2048, 2048, 2048, 2048, 2048, 2048, 2048, 2048]","[2048, 2048, 2048, 2048, 2049, 2048, 2048, 2048, 2048, 2048, 2048]","[2048, 2048, 2048, 2048, 2048, 2048, 2048]",287.0
1281,11253,44,48,2026-03-29T06:33:05.832000+00:00,33.962,41.108,17.707,260.0,331.0,False,92.777,"[2049, 2048, 2048, 2048, 2048, 2048, 2048, 2048, 2048]","[2048, 2049, 2049, 2048, 2049, 2048, 2048, 2048, 2048, 2049, 2048]","[2048, 2049, 2048, 2048, 2048, 2048, 2048]",291.0
1281,11253,10,48,2026-03-29T06:33:13.563000+00:00,34.412,41.557,18.65,260.0,319.0,False,94.619,"[None, 2048, 2048, 2048, 2048, 2048, 2048, 2048, 2048]","[2048, 2048, 2049, 2048, 2048, 2048, 2048, 2048, 2048, 2048, 2048]","[2048, 2048, 2048, 2048, 2048, 2048, 2048]",280.0
1281,11253,3,48,2026-03-29T06:33:14.157000+00:00,34.278,41.474,17.952,271.0,346.0,False,93.704,"[None, 2048, 2048, 2048, 2048, 2048, 2048, 2048, 2049]","[2048, 2048, 2048, 2048, 2048, 2048, 2048, 2048, 2048, 2048, 2049]","[2049, 2049, 2048, 2048, 2048, 2048, 2048]",298.0
1281,11253,30,48,2026-03-29T06:33:29.272000+00:00,34.762,41.778,18.128,,319.0,False,94.668,"[None, 2048, 2048, 2048, 2048, 2048, 2048, 2048, 2048]","[2048, 2048, 2048, 2048, 2048, 2048, 2048, 2048, 2049, 2048, 2048]","[2048, 2048, 2048, 2048, 2048, 2048, 2048]",281.0
1281,11253,31,48,2026-03-29T06:33:30.069000+00:00,34.981,41.62,18.091,,330.0,False,94.692,"[None, 2048, 2049, 2048, 2048, 2048, 2048, 2048, 2048]","[2048, 2048, 2048, 2048, 2048, 2048, 2048, 2049, 2048, 2048, 2048]","[2048, 2048, 2048, 2048, 2048, 2048, 2048]",288.0
1281,11253,27,48,2026-03-29T06:33:33.964000+00:00,34.615,41.62,17.902,261.0,324.0,False,94.137,"[None, 2048, 2048, 2048, 2048, 2048, 2048, 2048, 2048]","[2048, 2049, 2048, 2048, 2048, 2048, 2048, 2048, 2048, 2048, 2048]","[2048, 2048, 2049, 2048, 2049, 2049, 2048]",286.0
1281,11253,6,48,2026-03-29T06:33:35.115000+00:00,34.98,42.001,17.991,265.0,326.0,False,94.972,"[None, 2048, 2048, 2048, 2048, 2048, 2048, 2048, 2048]","[2048, 2048, 2048, 2048, 2048, 2048, 2048, 2048, 2048, 2048, 2048]","[2048, 2048, 2048, 2048, 2048, 2048, 2048]",288.0
1281,11253,5,48,2026-03-29T06:33:36.705000+00:00,34.765,41.735,17.778,259.0,331.0,False,94.278,"[None, 2048, 2048, 2048, 2048, 2048, 2048, 2048, 2048]","[2048, 2049, 2048, 2048, 2048, 2048, 2048, 2048, 2048, 2048, 2048]","[2049, 2049, 2048, 2048, 2048, 2048, 2048]",303.0
1281,11253,41,48,2026-03-29T06:33:37.327000+00:00,34.954,41.968,17.95,274.0,333.0,False,94.872,"[2049, 2048, 2048, 2048, 2048, 2048, 2048, 2048, 2048]","[2048, 2048, 2048, 2048, 2048, 2048, 2048, 2048, 2048, 2049, 2048]","[2048, 2048, 2048, 2048, 2048, 2048, 2048]",292.0
1281,11253,55,48,2026-03-29T06:33:40.960000+00:00,35.043,41.931,18.047,267.0,319.0,False,95.021,"[None, 2048, 2048, 2048, 2048, 2048, 2048, 2048, 2048]","[2048, 2048, 2048, 2048, 2048, 2048, 2048, 2048, 2049, 2048, 2048]","[2048, 2048, 2048, 2048, 2048, 2049, 2048]",284.0
1281,11253,43,48,2026-03-29T06:33:41.938000+00:00,34.87,42.015,17.939,270.0,335.0,False,94.824,"[None, 2048, 2049, 2048, 2048, 2048, 2048, 2048, 2048]","[2049, 2048, 2049, 2048, 2048, 2048, 2048, 2048, 2048, 2048, 2048]","[2048, 2048, 2048, 2048, 2048, 2048, 2048]",294.0
1281,11253,11,48,2026-03-29T06:34:02.847000+00:00,35.222,42.185,18.553,255.0,314.0,False,95.96,"[None, 2048, 2048, 2048, 2048, 2049, 2048, 2048, 2048]","[2048, 2049, 2048, 2048, 2048, 2048, 2048, 2048, 2048, 2048, 2048]","[2048, 2048, 2048, 2048, 2048, 2048, 2048]",275.0
1281,11253,12,49,2026-03-29T06:34:20.337000+00:00,33.72,40.986,17.726,264.0,320.0,False,92.432,"[None, 2048, 2048, 2048, 2051, 2048, 2048, 2048, 2048]","[2049, 2051, 2049, 2048, 2049, 2048, 2048, 2049, 2048, 2048, 2048]","[2048, 2048, 2049, 2048, 2048, 2048, 2048]",280.0
1281,11253,14,48,2026-03-29T06:34:23.726000+00:00,35.508,42.716,18.613,252.0,307.0,False,96.837,"[None, 2048, 2048, 2048, 2048, 2048, 2048, 2048, 2048]","[2049, 2048, 2048, 2048, 2048, 2048, 2048, 2048, 2048, 2048, 2048]","[2048, 2048, 2048, 2048, 2048, 2048, 2048]",267.0
1281,11253,23,48,2026-03-29T06:34:32.018000+00:00,57.76,41.527,20.332,267.0,311.0,True,119.619,"[None, 2064, 2048, 2048, 2048, 2048, 2048, 2048, 2048]","[2048, 2049, 2048, 2049, 2048, 2048, 2048, 2049, 2049, 2048, 2048]","[2048, 2048, 2048, 2048, 2064, 2064, 2064]",278.0
1281,11253,81,49,2026-03-29T06:34:33.296000+00:00,33.887,41.221,17.888,265.0,314.0,False,92.996,"[None, 2048, 2048, 2048, 2048, 2048, 2048, 2048, 2048]","[2048, 2049, 2049, 2048, 2049, 2048, 2048, 2048, 2048, 2049, 2048]","[2048, 2048, 2048, 2048, 2048, 2048, 2048]",281.0
1281,11253,16,49,2026-03-29T06:34:34.805000+00:00,34.157,41.291,18.038,260.0,315.0,False,93.486,"[None, 2048, 2048, 2048, 2048, 2048, 2048, 2048, 2048]","[2048, 2048, 2048, 2048, 2048, 2048, 2048, 2048, 2048, 2048, 2048]","[2048, 2048, 2048, 2048, 2048, 2048, 2048]",282.0
1281,11253,63,49,2026-03-29T06:34:35.374000+00:00,33.998,41.433,17.923,274.0,332.0,False,93.354,"[None, 2048, 2048, 2048, 2048, 2048, 2048, 2048, 2048]","[2048, 2048, 2048, 2048, 2048, 2048, 2048, 2048, 2048, 2049, 2048]","[2048, 2048, 2048, 2048, 2048, 2049, 2051]",293.0
1281,11253,44,49,2026-03-29T06:34:38.579000+00:00,34.368,41.301,18.198,263.0,313.0,False,93.867,"[2048, 2048, 2048, 2048, 2048, 2048, 2048, 2048, 2048]","[2048, 2048, 2048, 2048, 2049, 2048, 2048, 2048, 2048, 2048, 2048]","[2048, 2048, 2048, 2048, 2048, 2048, 2048]",279.0
1281,11253,1,49,2026-03-29T06:34:40.063000+00:00,34.299,41.375,17.809,260.0,326.0,False,93.483,"[None, 2048, 2048, 2048, 2049, 2048, 2048, 2048, 2048]","[2049, 2048, 2048, 2048, 2048, 2048, 2048, 2048, 2048, 2048, 2048]","[2048, 2048, 2048, 2048, 2048, 2048, 2048]",286.0
1281,11253,77,48,2026-03-29T06:34:42.003000+00:00,36.063,42.548,18.455,258.0,323.0,False,97.066,"[None, 2049, 2048, 2048, 2048, 2048, 2048, 2048, 2048]","[2048, 2048, 2049, 2048, 2048, 2049, 2049, 2048, 2048, 2048, 2048]","[2048, 2048, 2048, 2048, 2048, 2049, 2048]",285.0
1281,11253,3,49,2026-03-29T06:34:47.810000+00:00,35.253,41.84,17.95,268.0,328.0,False,95.043,"[None, 2048, 2048, 2048, 2048, 2048, 2048, 2048, 2048]","[2048, 2048, 2048, 2048, 2048, 2048, 2048, 2048, 2048, 2048, 2048]","[2048, 2048, 2048, 2048, 2048, 2048, 2048]",288.0
1281,11253,10,49,2026-03-29T06:34:48.123000+00:00,34.447,41.432,17.945,262.0,324.0,False,93.824,"[2049, 2048, 2048, 2048, 2048, 2048, 2048, 2048, 2048]","[2048, 2048, 2048, 2048, 2048, 2048, 2048, 2048, 2048, 2048, 2048]","[2048, 2048, 2048, 2048, 2048, 2048, 2049]",283.0
1281,11253,30,49,2026-03-29T06:35:03.946000+00:00,34.886,41.726,18.089,271.0,319.0,False,94.701,"[None, 2048, 2048, 2048, 2048, 2048, 2048, 2048, 2048]","[2048, 2048, 2049, 2048, 2049, 2048, 2048, 2048, 2048, 2048, 2048]","[2048, 2048, 2048, 2048, 2048, 2048]",281.0
1281,11253,31,49,2026-03-29T06:35:04.788000+00:00,35.057,41.698,18.011,,330.0,False,94.766,"[None, 2048, 2048, 2048, 2048, 2048, 2048, 2048, 2048]","[2048, 2048, 2049, 2048, 2048, 2048, 2048, 2048, 2048, 2048, 2048]","[2048, 2048, 2048, 2048, 2048, 2048, 2048]",288.0
1281,11253,27,49,2026-03-29T06:35:08.159000+00:00,34.68,41.614,17.877,262.0,327.0,False,94.171,"[None, 2048, 2048, 2048, 2048, 2048, 2048, 2048, 2048]","[2048, 2048, 2049, 2048, 2048, 2048, 2048, 2048, 2048, 2048, 2048]","[2048, 2048, 2048, 2048, 2048, 2048, 2048]",288.0
1281,11253,6,49,2026-03-29T06:35:10.147000+00:00,34.902,42.085,17.959,268.0,325.0,False,94.946,"[None, 2048, 2048, 2048, 2048, 2048, 2048, 2048, 2048]","[2048, 2048, 2048, 2048, 2048, 2048, 2048, 2048, 2048, 2048, 2048]","[2048, 2048, 2048, 2048, 2048, 2048, 2048]",286.0
1281,11253,5,49,2026-03-29T06:35:10.979000+00:00,35.011,41.994,18.05,266.0,323.0,False,95.055,"[None, 2048, 2048, 2048, 2048, 2048, 2048, 2048, 2048]","[2048, 2048, 2048, 2048, 2048, 2048, 2048, 2048, 2048, 2048, 2048]","[2048, 2048, 2048, 2048, 2048, 2048, 2048]",288.0
1281,11253,41,49,2026-03-29T06:35:12.243000+00:00,35.134,42.023,18.072,272.0,328.0,False,95.229,"[2048, 2048, 2048, 2048, 2048, 2048, 2048, 2048, 2048]","[2048, 2048, 2048, 2048, 2048, 2048, 2048, 2048, 2048, 2048, 2048]","[2048, 2048, 2048, 2048, 2048, 2048, 2048]",289.0
1281,11253,55,49,2026-03-29T06:35:16.044000+00:00,35.061,41.895,18.137,273.0,319.0,False,95.093,"[None, 2048, 2048, 2048, 2048, 2048, 2048, 2048, 2048]","[2048, 2049, 2048, 2048, 2048, 2048, 2048, 2049, 2048, 2048, 2048]","[2048, 2048, 2048, 2048, 2048, 2049, 2048]",283.0
1281,11253,43,49,2026-03-29T06:35:16.848000+00:00,34.987,42.001,18.055,271.0,328.0,False,95.043,"[None, 2048, 2048, 2048, 2048, 2048, 2048, 2048, 2048]","[2048, 2048, 2048, 2048, 2048, 2048, 2048, 2048, 2048, 2048, 2048]","[2048, 2048, 2048, 2048, 2048, 2048, 2048]",288.0
1281,11253,11,49,2026-03-29T06:35:38.870000+00:00,35.3,42.372,18.508,,314.0,False,96.18,"[None, 2048, 2048, 2048, 2049, 2048, 2048, 2048, 2048]","[2048, 2048, 2048, 2048, 2048, 2048, 2048, 2048, 2048, 2048, 2048]","[2048, 2048, 2048, 2048, 2049, 2048, 2049]",276.0
1281,11253,12,50,2026-03-29T06:35:52.777000+00:00,34.012,41.43,17.91,262.0,319.0,False,93.352,"[None, 2048, 2048, 2048, 2048, 2048, 2048, 2048, 2048]","[2048, 2048, 2048, 2048, 2048, 2048, 2048, 2048, 2048, 2048, 2048]","[2048, 2048, 2048, 2048, 2048, 2048, 2048]",280.0
1281,11253,14,49,2026-03-29T06:36:00.617000+00:00,35.718,42.818,18.576,,307.0,False,97.112,"[None, 2048, 2048, 2048, 2048, 2048, 2048, 2048, 2048]","[2048, 2048, 2048, 2048, 2048, 2048, 2048, 2048, 2048, 2048, 2048]","[2048, 2048, None, None, 2048, 2048, 2048]",269.0
1281,11253,81,50,2026-03-29T06:36:06.244000+00:00,34.063,41.329,17.874,264.0,316.0,False,93.266,"[None, 2048, 2048, 2048, 2048, 2048, 2048, 2048, 2048]","[2048, 2048, 2048, 2048, 2048, 2048, 2048, 2048, 2048, 2048, 2048]","[2048, 2048, 2049, 2048, 2048, 2048, 2048]",283.0
1281,11253,16,50,2026-03-29T06:36:08.354000+00:00,34.173,41.289,18.711,261.0,315.0,False,94.173,"[None, 2048, 2048, 2048, 2048, 2048, 2048, 2048, 2048]","[2048, 2048, 2048, 2048, 2048, 2048, 2048, 2048, 2049, 2048, 2048]","[2048, 2048, 2048, 2048, 2049, 2049, 2049]",282.0
1281,11253,63,50,2026-03-29T06:36:08.785000+00:00,34.23,41.327,17.66,265.0,344.0,False,93.217,"[None, 2048, 2048, 2048, 2048, 2048, 2048, 2048, 2048]","[2048, 2048, 2048, 2048, 2048, 2048, 2049, 2048, 2048, 2049, 2049]","[2049, 2049, 2048, 2048, 2049, 2051, 2048]",300.0
1281,11253,44,50,2026-03-29T06:36:12.486000+00:00,34.647,42.013,19.029,262.0,304.0,False,95.689,"[None, 2048, 2048, 2048, 2049, 2048, 2048, 2048, 2048]","[2048, 2048, 2049, 2048, 2049, 2048, 2048, 2048, 2048, 2048, 2048]","[2048, 2048, 2048, 2048, 2048, 2049, 2048]",273.0
1281,11253,1,50,2026-03-29T06:36:13.498000+00:00,34.32,41.589,18.178,,326.0,False,94.087,"[None, 2048, 2048, 2048, 2048, 2048, 2048, 2048, 2048]","[2048, 2048, 2049, 2048, 2048, 2048, 2048, 2048, 2048, 2048, 2048]","[2048, 2048, 2048, 2049, 2051, 2051, 2048]",283.0
1281,11253,77,49,2026-03-29T06:36:18.997000+00:00,35.553,44.272,19.393,261.0,270.0,False,99.218,"[2048, 2048, 2049, 2048, 2048, 2048, 2048, 2049, 2048]","[2048, 2048, 2048, 2048, 2049, 2048, 2048, 2048, 2048, 2048, 2048]","[2048, 2048, 2048, 2048, 2048, 2048, 2048]",263.0
1281,11253,10,50,2026-03-29T06:36:21.937000+00:00,34.559,41.689,17.974,,317.0,False,94.222,"[2048, 2048, 2048, 2048, 2048, 2048, 2048, 2048, 2048]","[2048, 2048, 2048, 2048, 2049, 2048, 2048, 2048, 2048, 2049, 2048]","[2048, 2048, 2048, 2048, 2048, 2048, 2048]",281.0
1281,11253,3,50,2026-03-29T06:36:22.871000+00:00,34.453,41.502,17.966,269.0,329.0,False,93.921,"[None, 2048, 2048, 2048, 2048, 2048, 2048, 2048, 2048]","[2048, 2048, 2048, 2048, 2048, 2048, 2048, 2049, 2048, 2048, 2048]","[2048, 2048, 2048, 2048, 2048, 2049, 2048]",290.0
1281,11253,23,49,2026-03-29T06:36:31.692000+00:00,64.956,41.86,20.403,268.0,310.0,True,127.219,"[None, 2064, 2048, 2048, 2048, 2048, 2048, 2048, 2048]","[2048, 2048, 2051, 2048, 2048, 2048, 2048, 2048, 2048, 2048, 2048]","[2048, 2048, 2048, 2048, 2064, 2064, 2064]",277.0
1281,11253,30,50,2026-03-29T06:36:38.638000+00:00,34.864,41.727,18.043,,318.0,False,94.634,"[None, 2048, 2048, 2048, 2048, 2048, 2048, 2048, 2048]","[2048, 2049, 2048, 2048, 2049, 2048, 2048, 2048, 2048, 2048, 2048]","[2048, 2048, 2048, 2048, 2049, 2049, 2049]",281.0
1281,11253,31,50,2026-03-29T06:36:39.516000+00:00,34.997,41.675,17.997,264.0,329.0,False,94.669,"[None, 2048, 2048, 2048, 2048, 2048, 2048, 2048, 2048]","[2048, 2048, 2048, 2048, 2048, 2048, 2048, 2048, 2048, 2048, 2048]","[2048, 2048, 2048, 2048, 2048, 2049, 2048]",287.0
1281,11253,27,50,2026-03-29T06:36:42.227000+00:00,34.538,41.7,17.939,263.0,327.0,False,94.177,"[None, 2048, 2048, 2048, 2048, 2048, 2048, 2048, 2048]","[2048, 2048, 2049, 2048, 2048, 2048, 2048, 2048, 2048, 2048, 2048]","[2048, 2048, 2048, 2048, 2048, 2049, 2048]",288.0
1281,11253,6,50,2026-03-29T06:36:45.024000+00:00,,41.884,17.988,269.0,324.0,False,94.774,"[None, 2048, 2048, 2048, 2048, 2048, 2048, 2048, 2048]","[2048, 2048, 2048, 2048, 2048, 2048, 2048, 2048, 2048, 2048, 2048]","[2048, 2048, 2048, 2048, 2049, 2049, 2048]",286.0
1281,11253,5,50,2026-03-29T06:36:45.956000+00:00,34.842,41.851,17.893,267.0,336.0,False,94.586,"[None, 2048, 2048, 2048, 2048, 2048, 2048, 2048, 2048]","[2048, 2048, 2048, 2048, 2048, 2048, 2048, 2048, 2048, 2048, 2049]","[2048, 2048, 2048, 2048, 2048, 2048, 2049]",294.0
1281,11253,41,50,2026-03-29T06:36:47.363000+00:00,34.92,41.918,18.007,,328.0,False,94.845,"[None, 2048, 2048, 2048, 2049, 2048, 2048, 2048, 2048]","[2048, 2048, 2048, 2048, 2048, 2048, 2048, 2048, 2048, 2048, 2048]","[2048, 2048, 2048, 2048, 2049, 2048, 2048]",289.0
1281,11253,55,50,2026-03-29T06:36:51.223000+00:00,35.137,42.003,18.078,268.0,320.0,False,95.218,"[None, 2048, 2048, 2048, 2048, 2048, 2048, 2048, 2048]","[2048, 2048, 2048, 2048, 2048, 2048, 2048, 2048, 2048, 2048, 2048]","[2048, 2048, 2048, 2048, 2049, 2049, 2049]",283.0
1281,11253,43,50,2026-03-29T06:36:51.869000+00:00,34.981,42.151,17.942,269.0,342.0,False,95.074,"[None, 2048, 2048, 2048, 2048, 2048, 2048, 2048, 2048]","[2048, 2048, 2048, 2048, 2048, 2048, 2048, 2048, 2048, 2048, 2048]","[2048, 2048, 2048, 2048, 2048, 2049, 2049]",297.0
1281,11253,11,50,2026-03-29T06:37:14.966000+00:00,35.36,42.25,18.459,256.0,313.0,False,96.069,"[None, 2048, 2048, 2048, 2049, 2048, 2048, 2048, 2048]","[2048, 2048, 2048, 2048, 2048, 2048, 2048, 2048, 2048, 2048, 2048]","[2048, 2048, 2048, 2048, 2049, 2049, 2049]",275.0
1281,11253,12,51,2026-03-29T06:37:26.043000+00:00,33.833,41.302,17.754,,320.0,False,92.889,"[None, 2048, 2048, 2048, 2048, 2048, 2048, 2048, 2048]","[2048, 2048, 2048, 2048, 2049, 2048, 2048, 2048, 2048, 2048, 2048]","[2048, 2048, 2048, 2048, 2048, 2048, 2048]",280.0
1281,11253,14,50,2026-03-29T06:37:37.625000+00:00,35.71,43.766,19.631,,313.0,False,99.107,"[None, 2048, 2048, 2048, 2048, 2048, 2048, 2048, 2048]","[2048, 2048, 2048, 2048, 2049, 2048, 2048, 2048, 2048, 2048, 2048]","[2048, 2048, 2048, 2048, 2048, 2048, 2048]",271.0
1281,11253,81,51,2026-03-29T06:37:39.556000+00:00,34.227,41.683,17.916,263.0,313.0,False,93.826,"[None, 2048, 2049, 2048, 2048, 2048, 2048, 2048, 2048]","[2048, 2048, 2048, 2048, 2048, 2048, 2048, 2048, 2049, 2048, 2048]","[2048, 2048, 2048, 2049, 2049, 2048, 2048]",279.0
1281,11253,63,51,2026-03-29T06:37:41.890000+00:00,35.005,41.347,17.736,258.0,332.0,False,94.088,"[None, 2048, 2048, 2048, 2048, 2048, 2048, 2048, 2048]","[2048, 2048, 2048, 2048, 2049, 2048, 2048, 2048, 2048, 2048, 2048]","[2048, 2048, 2048, 2048, 2048, 2048, 2048]",291.0
1281,11253,16,51,2026-03-29T06:37:42.434000+00:00,33.813,41.284,17.8,,331.0,False,92.897,"[2049, 2049, 2049, 2048, 2048, 2048, 2048, 2048, 2048]","[2048, 2048, 2048, 2048, 2051, 2048, 2048, 2048, 2048, 2048, 2048]","[2048, 2048, 2048, 2049, 2049, 2048, 2048]",291.0
1281,11253,1,51,2026-03-29T06:37:47.588000+00:00,35.08,41.66,18.267,255.0,320.0,False,95.007,"[None, 2048, 2048, 2048, 2048, 2048, 2048, 2048, 2048]","[2048, 2048, 2048, 2048, 2048, 2048, 2048, 2048, 2048, 2048, 2048]","[2048, 2048, 2048, 2049, 2048, 2048, 2048]",286.0
1281,11253,44,51,2026-03-29T06:37:48.187000+00:00,33.992,41.784,19.151,259.0,318.0,False,94.927,"[2049, 2049, 2049, 2048, 2048, 2048, 2048, 2048, 2048]","[2048, 2048, 2049, 2048, 2049, 2048, 2048, 2048, 2048, 2048, 2048]","[2048, 2048, 2048, 2048, 2048, 2048, 2049]",279.0
1281,11253,10,51,2026-03-29T06:37:56.201000+00:00,34.429,41.53,17.868,,318.0,False,93.827,"[None, 2048, 2048, 2048, 2048, 2048, 2048, 2048, 2048]","[2048, 2049, 2048, 2048, 2049, 2048, 2048, 2048, 2049, 2048, 2048]","[2048, 2048, 2048, 2049, 2049, 2049, 2049]",279.0
1281,11253,3,51,2026-03-29T06:37:56.781000+00:00,34.374,41.584,17.887,271.0,332.0,False,93.845,"[None, 2048, 2048, 2048, 2048, 2048, 2048, 2048, 2049]","[2048, 2048, 2048, 2048, 2048, 2048, 2048, 2048, 2048, 2048, 2048]","[2048, 2048, 2048, 2048, 2048, 2049, 2049]",291.0
1281,11253,77,50,2026-03-29T06:37:58.305000+00:00,35.977,42.654,18.175,260.0,326.0,False,96.806,"[None, 2048, 2048, 2048, 2048, 2048, 2048, 2048, 2048]","[2048, 2048, 2048, 2048, 2048, 2049, 2049, 2048, 2048, 2048, 2048]","[2048, 2049, 2048, 2048, 2048, 2048, 2048]",297.0
1281,11253,30,51,2026-03-29T06:38:13.669000+00:00,34.717,41.585,18.039,272.0,320.0,False,94.341,"[None, 2048, 2048, 2048, 2048, 2048, 2048, 2049, 2049]","[2049, 2048, 2048, 2048, 2048, 2048, 2048, 2048, 2048, 2048, 2048]","[2048, 2048, 2049, 2048, 2048, 2048]",281.0
1281,11253,31,51,2026-03-29T06:38:14.260000+00:00,35.044,41.452,17.893,262.0,332.0,False,94.389,"[None, 2048, 2048, 2048, 2048, 2048, 2048, 2048, 2048]","[2048, 2049, 2048, 2048, 2048, 2048, 2048, 2049, 2048, 2048, 2048]","[2048, 2048, 2048, 2048, 2048, 2048, 2048]",288.0
1281,11253,27,51,2026-03-29T06:38:16.518000+00:00,34.521,41.677,17.903,262.0,327.0,False,94.101,"[None, 2048, 2048, 2048, 2048, 2048, 2048, 2048, 2048]","[2049, 2048, 2048, 2048, 2048, 2048, 2048, 2048, 2048, 2048, 2048]","[2048, 2048, 2048, 2048, 2048, 2048, 2048]",289.0
1281,11253,6,51,2026-03-29T06:38:19.790000+00:00,34.472,41.749,17.905,270.0,322.0,False,94.126,"[None, 2048, 2048, 2048, 2048, 2048, 2048, 2049, 2048]","[2049, 2049, 2048, 2048, 2048, 2048, 2048, 2048, 2048, 2048, 2048]","[2048, 2048, 2048, 2049, 2049, 2049, 2048]",286.0
1281,11253,5,51,2026-03-29T06:38:20.555000+00:00,34.733,41.724,17.873,265.0,335.0,False,94.33,"[None, 2048, 2048, 2048, 2048, 2048, 2048, 2048, 2048]","[2049, 2048, 2048, 2048, 2048, 2048, 2048, 2048, 2048, 2048, 2048]","[2048, 2048, 2048, 2048, 2048, 2048, 2048]",294.0
1281,11253,41,51,2026-03-29T06:38:22.305000+00:00,34.881,41.792,17.927,,327.0,False,94.6,"[None, 2048, 2048, 2048, 2048, 2048, 2048, 2048, 2048]","[2048, 2048, 2048, 2048, 2049, 2048, 2048, 2048, 2049, 2048, 2048]","[2048, 2048, 2048, 2048, 2048, 2048, 2048]",289.0
1281,11253,55,51,2026-03-29T06:38:26.382000+00:00,35.142,42.04,18.174,270.0,316.0,False,95.356,"[None, 2048, 2048, 2049, 2048, 2048, 2048, 2048, 2048]","[2048, 2048, 2048, 2048, 2048, 2048, 2048, 2048, 2048, 2048, 2048]","[2048, 2048, 2048, 2048, 2048, 2049, 2049]",283.0
1281,11253,43,51,2026-03-29T06:38:26.913000+00:00,35.231,42.103,17.951,266.0,345.0,False,95.285,"[None, 2048, 2048, 2048, 2048, 2048, 2048, 2048, 2048]","[2048, 2048, 2048, 2048, 2048, 2048, 2048, 2048, 2048, 2048, 2049]","[2051, 2048, 2048, 2048, 2048, 2049, 2049]",301.0
1281,11253,23,50,2026-03-29T06:38:38.912000+00:00,57.605,41.428,19.617,280.0,327.0,True,118.65,"[None, 2064, 2048, 2049, 2048, 2048, 2048, 2048, 2048]","[2048, 2048, 2048, 2048, 2048, 2049, 2049, 2048, 2049, 2048, 2048]","[2048, 2048, 2048, 2051, 2049, 2049, 2048]",286.0
1281,11253,11,51,2026-03-29T06:38:51.057000+00:00,35.164,42.324,18.506,255.0,317.0,False,95.994,"[None, 2048, 2049, 2048, 2048, 2049, 2049, 2048, 2048]","[2049, 2048, 2048, 2048, 2048, 2048, 2048, 2048, 2048, 2048, 2048]","[2048, 2048, 2048, 2048, 2049, 2049, 2049]",277.0
1281,11253,12,52,2026-03-29T06:38:58.920000+00:00,33.927,41.281,17.717,261.0,321.0,False,92.925,"[None, 2048, 2048, 2048, 2048, 2048, 2048, 2048, 2048]","[2048, 2048, 2048, 2048, 2049, 2048, 2048, 2048, 2048, 2049, 2048]","[2048, 2048, 2048, 2048, 2048, 2048, 2049]",281.0
1281,11253,81,52,2026-03-29T06:39:13.271000+00:00,33.922,41.214,17.876,265.0,314.0,False,93.012,"[None, 2048, 2048, 2048, 2048, 2048, 2049, 2048, 2048]","[2048, 2048, 2048, 2048, 2048, 2048, 2048, 2048, 2048, 2049, 2048]","[2048, 2048, 2048, 2048, 2048, 2048, 2049]",280.0
1281,11253,16,52,2026-03-29T06:39:15.182000+00:00,34.047,41.137,18.017,270.0,314.0,False,93.201,"[2048, 2048, 2048, 2048, 2049, 2048, 2048, 2048, 2049]","[2051, 2048, 2048, 2048, 2048, 2048, 2048, 2048, 2049, 2048, 2048]","[2048, 2048, 2048, 2048, 2049, 2048, 2048]",280.0
1281,11253,63,52,2026-03-29T06:39:16.110000+00:00,33.943,41.21,17.957,268.0,341.0,False,93.11,"[None, 2048, 2048, 2048, 2048, 2048, 2048, 2048, 2048]","[2048, 2048, 2048, 2048, 2048, 2048, 2048, 2048, 2049, 2051, 2048]","[2048, 2048, 2048, 2048, 2048, 2048, 2048]",295.0
1281,11253,14,51,2026-03-29T06:39:16.871000+00:00,35.575,42.743,18.433,,313.0,False,96.751,"[None, 2048, 2048, 2048, 2048, 2048, 2048, 2048, 2048]","[2048, 2048, 2048, 2048, 2048, 2048, 2048, 2048, 2048, 2048, 2048]","[2048, 2048, 2048, 2048, 2049, 2049, 2048]",272.0
1281,11253,1,52,2026-03-29T06:39:22.707000+00:00,33.929,41.363,17.916,258.0,316.0,False,93.208,"[None, 2048, 2049, 2048, 2049, 2048, 2048, 2048, 2048]","[2048, 2049, 2048, 2048, 2048, 2048, 2048, 2048, 2049, 2048, 2048]","[2048, 2048, 2048, 2048, 2048, 2048, 2048]",282.0
1281,11253,44,52,2026-03-29T06:39:23.023000+00:00,34.367,41.886,17.94,262.0,322.0,False,94.193,"[None, 2048, 2048, 2048, 2048, 2048, 2048, 2048, 2048]","[2048, 2048, 2048, 2048, 2048, 2048, 2048, 2048, 2048, 2048, 2048]","[2048, 2048, 2048, 2048, 2048, 2048, 2048]",285.0
1281,11253,10,52,2026-03-29T06:39:29.975000+00:00,34.415,41.523,18.159,260.0,317.0,False,94.097,"[None, 2048, 2048, 2048, 2049, 2048, 2048, 2048, 2048]","[2049, 2049, 2048, 2048, 2048, 2048, 2048, 2048, 2048, 2048, 2048]","[2048, 2048, 2048, 2049, 2049, 2049, 2049]",281.0
1281,11253,3,52,2026-03-29T06:39:30.637000+00:00,34.319,41.472,18.182,273.0,334.0,False,93.973,"[None, 2048, 2048, 2048, 2048, 2048, 2048, 2048, 2049]","[2048, 2048, 2048, 2048, 2048, 2048, 2048, 2048, 2048, 2048, 2048]","[2048, 2048, 2048, 2048, 2048, 2048, 2049]",292.0
1281,11253,77,51,2026-03-29T06:39:35.092000+00:00,36.231,42.639,18.347,261.0,320.0,False,97.217,"[None, 2048, 2048, 2048, 2048, 2048, 2048, 2048, 2048]","[2048, 2048, 2048, 2048, 2048, 2048, 2048, 2048, 2048, 2049, 2048]","[2048, 2048, 2048, 2048, 2049, 2048, 2049]",284.0
1281,11253,30,52,2026-03-29T06:39:47.543000+00:00,34.761,41.545,17.989,273.0,320.0,False,94.295,"[None, 2048, 2048, 2048, 2048, 2048, 2048, 2048, 2049]","[2049, 2049, 2048, 2048, 2049, 2048, 2048, 2048, 2049, 2049, 2048]","[2048, 2048, 2048, 2048, 2048, 2049, 2049]",282.0
1281,11253,31,52,2026-03-29T06:39:48.659000+00:00,34.846,41.504,17.918,,333.0,False,94.268,"[None, 2048, 2048, 2048, 2048, 2048, 2048, 2048, 2048]","[2048, 2048, 2048, 2048, 2048, 2048, 2048, 2048, 2048, 2048, 2048]","[2048, 2048, 2048, 2048, 2049, 2049, 2049]",289.0
1281,11253,27,52,2026-03-29T06:39:50.530000+00:00,34.555,41.508,17.79,260.0,329.0,False,93.853,"[None, 2048, 2048, 2048, 2048, 2049, 2048, 2048, 2048]","[2048, 2048, 2048, 2048, 2048, 2048, 2048, 2048, 2048, 2048, 2048]","[2048, 2048, 2048, 2048, 2049, 2049, 2048]",291.0
1281,11253,6,52,2026-03-29T06:39:53.978000+00:00,34.683,41.713,17.905,271.0,323.0,False,94.301,"[None, 2048, 2048, 2048, 2048, 2048, 2048, 2048, 2048]","[2049, 2048, 2048, 2048, 2048, 2048, 2048, 2048, 2049, 2048, 2048]","[2048, 2048, 2048, 2048, 2048, 2048, 2048]",285.0
1281,11253,5,52,2026-03-29T06:39:54.935000+00:00,34.806,42.147,18.049,,324.0,False,95.002,"[None, 2048, 2048, 2048, 2048, 2048, 2048, 2048, 2048]","[2048, 2048, 2048, 2048, 2048, 2048, 2048, 2048, 2048, 2048, 2048]","[2048, 2048, 2048, 2048, 2048, 2048, 2048]",287.0
1281,11253,41,52,2026-03-29T06:39:56.800000+00:00,34.959,41.698,17.928,271.0,327.0,False,94.585,"[None, 2048, 2048, 2048, 2048, 2048, 2048, 2048, 2048]","[2048, 2049, 2048, 2048, 2048, 2048, 2048, 2049, 2048, 2048, 2048]","[2048, 2048, 2048, 2048, 2049, 2049, 2048]",289.0
1281,11253,55,52,2026-03-29T06:40:01.748000+00:00,34.997,41.652,18.012,274.0,320.0,False,94.661,"[None, 2048, 2048, 2048, 2048, 2049, 2048, 2048, 2048]","[2048, 2049, 2048, 2048, 2048, 2048, 2048, 2049, 2049, 2048, 2048]","[2048, 2048, 2048, 2048, 2048, 2049, 2049]",285.0
1281,11253,43,52,2026-03-29T06:40:02.266000+00:00,35.064,41.982,17.738,271.0,344.0,False,94.784,"[None, 2048, 2048, 2048, 2048, 2048, 2048, 2048, 2048]","[2048, 2048, 2048, 2048, 2048, 2048, 2048, 2048, 2048, 2048, 2048]","[2048, 2048, 2048, 2048, 2048, 2048, 2048]",298.0
1281,11253,11,52,2026-03-29T06:40:26.974000+00:00,35.165,42.243,18.296,261.0,313.0,False,95.704,"[None, 2048, 2048, 2048, 2048, 2048, 2048, 2048, 2048]","[2048, 2048, 2048, 2048, 2049, 2048, 2048, 2048, 2049, 2048, 2048]","[2048, 2048, 2049, 2048, 2048, 2049, 2049]",276.0
1281,11253,12,53,2026-03-29T06:40:32.002000+00:00,33.907,41.548,18.608,260.0,322.0,False,94.063,"[None, 2048, 2048, 2048, 2048, 2048, 2048, 2048, 2048]","[2048, 2048, 2048, 2048, 2048, 2048, 2048, 2048, 2048, 2048, 2048]","[2048, 2048, 2048, 2048, 2048, 2048, 2048]",283.0
1281,11253,23,51,2026-03-29T06:40:37.518000+00:00,34.368,41.228,17.831,262.0,319.0,False,93.427,"[2048, 2048, 2048, 2049, 2049, 2048, 2049, 2049, 2048]","[2048, 2049, 2048, 2048, 2048, 2048, 2048, 2049, 2049, 2048, 2048]","[2048, 2048, 2048, 2048, 2049, 2049, 2048]",283.0
1281,11253,81,53,2026-03-29T06:40:46.317000+00:00,34.027,41.299,17.968,266.0,316.0,False,93.294,"[None, 2048, 2048, 2048, 2048, 2048, 2048, 2048, 2048]","[2048, 2048, 2048, 2048, 2048, 2048, 2048, 2048, 2048, 2048, 2048]","[2048, 2048, 2048, 2048, 2048, 2049, 2048]",282.0
1281,11253,16,53,2026-03-29T06:40:48.501000+00:00,33.905,40.919,17.81,266.0,325.0,False,92.634,"[None, 2048, 2048, 2048, 2048, 2048, 2048, 2048, 2048]","[2048, 2049, 2048, 2048, 2048, 2048, 2048, 2048, 2048, 2048, 2048]","[2048, 2049, 2048, 2048, 2048, 2049, 2048]",289.0
1281,11253,63,53,2026-03-29T06:40:49.146000+00:00,33.932,41.039,17.578,270.0,345.0,False,92.549,"[None, 2048, 2048, 2048, 2048, 2049, 2048, 2048, 2048]","[2048, 2049, 2048, 2048, 2048, 2048, 2048, 2048, 2049, 2048, 2049]","[2051, 2049, 2048, 2048, 2048, 2048, 2048]",302.0
1281,11253,14,52,2026-03-29T06:40:53.506000+00:00,35.522,45.098,18.333,253.0,324.0,False,98.953,"[None, 2048, 2048, 2048, 2048, 2049, 2048, 2048, 2048]","[2048, 2048, 2048, 2048, 2048, 2048, 2048, 2048, 2048, 2048, 2048]","[2048, 2048, 2048, 2048, 2048, 2048, 2048]",280.0
1281,11253,1,53,2026-03-29T06:40:55.846000+00:00,34.131,41.674,17.755,265.0,325.0,False,93.56,"[None, 2048, 2048, 2048, 2048, 2048, 2048, 2048, 2048]","[2048, 2048, 2048, 2048, 2048, 2048, 2048, 2048, 2049, 2048, 2048]","[2048, 2049, 2048, 2048, 2048, 2048, 2048]",288.0
1281,11253,44,53,2026-03-29T06:40:57.324000+00:00,34.115,41.518,18.036,263.0,319.0,False,93.669,"[2048, 2048, 2048, 2048, 2048, 2048, 2048, 2048, 2048]","[2048, 2048, 2048, 2048, 2048, 2048, 2048, 2048, 2049, 2049, 2048]","[2048, 2048, 2048, 2048, 2048, 2048, 2048]",284.0
1281,11253,10,53,2026-03-29T06:41:04.144000+00:00,34.433,41.705,18.031,262.0,326.0,False,94.169,"[None, 2048, 2048, 2048, 2048, 2048, 2048, 2048, 2048]","[2048, 2049, 2048, 2048, 2048, 2048, 2048, 2048, 2048, 2049, 2048]","[2048, 2048, 2048, 2048, 2049, 2051, 2048]",294.0
1281,11253,3,53,2026-03-29T06:41:04.535000+00:00,34.43,41.581,17.996,271.0,344.0,False,94.007,"[None, 2048, 2048, 2048, 2048, 2048, 2048, 2048, 2048]","[2048, 2048, 2048, 2048, 2048, 2048, 2048, 2048, 2048, 2048, 2048]","[2049, 2048, 2048, 2048, 2048, 2048, 2048]",300.0
1281,11253,77,52,2026-03-29T06:41:12.330000+00:00,35.731,42.27,18.268,259.0,323.0,False,96.269,"[None, 2048, 2048, 2048, 2048, 2048, 2048, 2048, 2048]","[2049, 2048, 2048, 2049, 2048, 2048, 2048, 2048, 2048, 2049, 2048]","[2048, 2048, 2049, 2048, 2048, 2048, 2048]",285.0
1281,11253,30,53,2026-03-29T06:41:21.904000+00:00,34.632,41.733,17.865,271.0,326.0,False,94.23,"[None, 2048, 2048, 2048, 2048, 2048, 2048, 2048, 2048]","[2048, 2048, 2048, 2048, 2048, 2048, 2048, 2048, 2048, 2048, 2048]","[2048, 2049, 2048, 2048, 2048, 2049, 2048]",289.0
1281,11253,31,53,2026-03-29T06:41:22.992000+00:00,34.859,41.56,17.837,263.0,337.0,False,94.256,"[None, 2048, 2048, 2048, 2048, 2048, 2048, 2048, 2048]","[2048, 2048, 2048, 2048, 2048, 2048, 2048, 2048, 2048, 2048, 2048]","[2048, 2048, 2048, 2048, 2048, 2049, 2048]",292.0
1281,11253,27,53,2026-03-29T06:41:24.410000+00:00,34.583,41.535,17.678,261.0,330.0,False,93.796,"[None, 2048, 2048, 2048, 2048, 2048, 2048, 2048, 2048]","[2048, 2048, 2048, 2048, 2048, 2048, 2048, 2048, 2048, 2048, 2048]","[2048, 2048, 2049, 2048, 2048, 2049, 2048]",296.0
1281,11253,6,53,2026-03-29T06:41:28.270000+00:00,34.419,41.801,17.617,,328.0,False,93.837,"[None, 2048, 2048, 2048, 2048, 2048, 2048, 2048, 2048]","[2048, 2048, 2048, 2048, 2048, 2048, 2048, 2048, 2048, 2048, 2048]","[2048, 2051, 2048, 2048, 2048, 2049, 2048]",304.0
1281,11253,5,53,2026-03-29T06:41:29.903000+00:00,34.853,42.06,18.21,261.0,327.0,False,95.123,"[None, 2048, 2049, 2048, 2048, 2048, 2048, 2048, 2048]","[2048, 2048, 2048, 2048, 2048, 2048, 2048, 2048, 2048, 2048, 2048]","[2048, 2048, 2048, 2048, 2048, 2048, 2048]",288.0
1281,11253,41,53,2026-03-29T06:41:31.489000+00:00,34.946,41.569,17.799,274.0,332.0,False,94.314,"[None, 2048, 2048, 2048, 2048, 2048, 2048, 2048, 2048]","[2049, 2048, 2048, 2049, 2048, 2048, 2048, 2049, 2049, 2049, 2048]","[2048, 2048, 2048, 2048, 2048, 2049, 2048]",292.0
1281,11253,55,53,2026-03-29T06:41:36.373000+00:00,34.85,41.785,17.904,272.0,321.0,False,94.539,"[None, 2048, 2048, 2048, 2048, 2048, 2049, 2048, 2048]","[2048, 2048, 2048, 2048, 2048, 2048, 2048, 2048, 2048, 2048, 2048]","[2048, 2049, 2048, 2048, 2048, 2048, 2048]",292.0
1281,11253,43,53,2026-03-29T06:41:37.006000+00:00,35.012,41.857,17.816,269.0,346.0,False,94.685,"[None, 2048, 2048, 2048, 2048, 2048, 2048, 2048, 2048]","[2048, 2048, 2048, 2048, 2048, 2048, 2048, 2049, 2048, 2048, 2048]","[2051, 2049, 2048, 2048, 2048, 2048, 2048]",302.0
1281,11253,11,53,2026-03-29T06:42:02.696000+00:00,35.104,42.095,18.438,257.0,315.0,False,95.637,"[None, 2048, 2048, 2048, 2048, 2048, 2049, 2048, 2048]","[2048, 2048, 2048, 2048, 2049, 2048, 2048, 2048, 2048, 2048, 2048]","[2048, 2048, 2048, 2048, 2048, 2049, 2049]",277.0
