meeting_key,session_key,driver_number,lap_number,date_start,duration_sector_1,duration_sector_2,duration_sector_3,i1_speed,i2_speed,is_pit_out_lap,lap_duration,segments_sector_1,segments_sector_2,segments_sector_3,st_speed
1280,11245,81,1,,,,,,,False,,,,"[None, None, None, None, None, None, None, None, None, None, 2052]",
1280,11245,5,1,,,,,,,False,,,,"[None, None, None, None, None, None, None, None, None, None, 2052]",
1280,11245,12,1,2026-03-15T07:03:59.830000+00:00,28.878,29.788,41.977,298.0,264.0,False,100.643,"[2048, 2049, 2049, 2049, 2049, 2051, 2051]","[2049, 2049, 2049, 2049, 2049, 2051]","[2049, 2051, 2051, 2049, 2049, 2049, 2049, 2049, 2049, 2051, 2051]",325.0
1280,11245,63,1,2026-03-15T07:03:59.830000+00:00,29.603,30.136,42.534,294.0,267.0,False,102.273,"[2048, 2049, 2049, 2049, 2049, 2049, 2049]","[2049, 2049, 2049, 2049, 2049, 2049]","[2049, 2049, 2049, 2049, 2049, 2049, 2049, 2049, 2049, 2051, 2049]",320.0
1280,11245,44,1,2026-03-15T07:03:59.830000+00:00,28.214,29.4,42.279,279.0,253.0,False,99.893,"[2048, 2049, 2051, 2051, 2051, 2049, 2049]","[2051, 2049, 2051, 2051, 2051, 2049]","[2051, 2049, 2049, 2049, 2049, 2051, 2049, 2051, 2051, 2049, 2051]",309.0
1280,11245,10,1,2026-03-15T07:03:59.830000+00:00,30.093,30.332,42.559,283.0,265.0,False,102.984,"[2048, 2049, 2049, 2049, 2049, 2049, 2049]","[2049, 2049, 2049, 2049, 2049, 2049]","[2049, 2049, 2049, 2049, 2049, 2049, 2051, 2049, 2049, 2049, 2051]",337.0
1280,11245,16,1,2026-03-15T07:03:59.830000+00:00,28.987,30.192,42.302,292.0,256.0,False,101.481,"[None, 2049, 2049, 2049, 2049, 2049, 2049]","[2049, 2049, 2049, 2049, 2049, 2049]","[2049, 2049, 2049, 2049, 2049, 2049, 2049, 2049, 2049, 2049, 2049]",320.0
1280,11245,3,1,2026-03-15T07:03:59.830000+00:00,33.283,31.169,43.911,291.0,267.0,False,108.363,"[None, 2049, 2049, 2049, 2049, 2049, 2049]","[2049, 2049, 2049, 2049, 2049, 2049]","[2049, 2049, 2049, 2049, 2049, 2049, 2049, 2049, 2049, 2049, 2049]",341.0
1280,11245,87,1,2026-03-15T07:03:59.830000+00:00,30.196,30.969,47.198,298.0,251.0,False,108.363,"[2048, 2049, 2049, 2049, 2049, 2049, 2049]","[2049, 2051, 2049, 2049, 2049, 2049]","[2049, 2049, 2049, 2049, 2049, 2049, 2049, 2049, 2049, 2049, 2049]",340.0
1280,11245,27,1,2026-03-15T07:03:59.830000+00:00,33.15,32.022,43.88,268.0,262.0,False,109.052,"[2048, 2049, 2049, 2049, 2049, 2049, 2049]","[2049, 2049, 2049, 2049, 2049, 2049]","[2049, 2049, 2049, 2049, 2049, 2049, 2049, 2049, 2049, 2049, 2048]",336.0
1280,11245,6,1,2026-03-15T07:03:59.830000+00:00,30.253,30.907,62.905,284.0,280.0,False,124.065,"[None, 2049, 2049, 2049, 2049, 2049, 2049]","[2049, 2049, 2049, 2049, 2049, 2049]","[2049, 2049, 2049, 2049, 2049, 2049, 2049, 2051, 2064, 2064, 2064]",274.0
1280,11245,43,1,2026-03-15T07:03:59.830000+00:00,30.673,31.009,44.11,273.0,266.0,False,105.792,"[2048, 2049, 2049, 2049, 2049, 2049, 2049]","[2049, 2049, 2049, 2049, 2049, 2049]","[2049, 2049, 2049, 2049, 2049, 2049, 2049, 2049, 2049, 2049, 2048]",319.0
1280,11245,31,1,2026-03-15T07:03:59.830000+00:00,31.444,32.187,43.509,269.0,266.0,False,107.14,"[None, 2049, 2049, 2049, 2049, 2049, 2049]","[2049, 2049, 2049, 2049, 2049, 2049]","[2049, 2049, 2049, 2049, 2049, 2049, 2049, 2049, 2049, 2049, 2049]",333.0
1280,11245,30,1,2026-03-15T07:03:59.830000+00:00,31.375,31.35,43.622,285.0,260.0,False,106.347,"[None, 2049, 2049, 2049, 2049, 2049, 2049]","[2049, 2049, 2049, 2049, 2049, 2049]","[2049, 2049, 2049, 2049, 2049, 2049, 2049, 2049, 2049, 2049, 2048]",345.0
1280,11245,41,1,2026-03-15T07:03:59.830000+00:00,31.095,31.383,44.478,289.0,268.0,False,106.956,"[None, 2049, 2049, 2049, 2049, 2049, 2049]","[2049, 2049, 2049, 2049, 2049, 2049]","[2049, 2049, 2049, 2049, 2049, 2049, 2049, 2049, 2049, 2049, 2049]",336.0
1280,11245,55,1,2026-03-15T07:03:59.830000+00:00,31.594,32.338,43.861,275.0,266.0,False,107.793,"[None, 2049, 2049, 2049, 2049, 2049, 2049]","[2049, 2049, 2049, 2049, 2049, 2049]","[2049, 2049, 2049, 2051, 2051, 2049, 2049, 2049, 2049, 2049, 2048]",345.0
1280,11245,14,1,2026-03-15T07:03:59.830000+00:00,31.923,31.309,44.412,286.0,268.0,False,107.644,"[2048, 2049, 2049, 2049, 2049, 2049, 2049]","[2049, 2049, 2049, 2049, 2049, 2049]","[2049, 2049, 2049, 2049, 2049, 2049, 2049, 2049, 2049, 2049, 2049]",323.0
1280,11245,77,1,2026-03-15T07:03:59.830000+00:00,32.653,32.177,43.908,274.0,258.0,False,108.738,"[2048, 2049, 2049, 2049, 2049, 2049, 2049]","[2049, 2049, 2049, 2049, 2049, 2049]","[2049, 2049, 2049, 2049, 2049, 2049, 2049, 2049, 2049, 2049, 2049]",335.0
1280,11245,18,1,2026-03-15T07:03:59.830000+00:00,34.415,31.291,44.166,270.0,269.0,False,109.872,"[None, 2049, 2049, 2049, 2049, 2049, 2049]","[2049, 2049, 2049, 2049, 2049, 2049]","[2049, 2049, 2049, 2049, 2049, 2049, 2049, 2049, 2049, 2049, 2049]",321.0
1280,11245,11,1,2026-03-15T07:03:59.830000+00:00,41.281,30.88,43.334,261.0,244.0,False,115.495,"[None, 2049, 2049, 2049, 2049, 2049, 2049]","[2049, 2049, 2049, 2049, 2049, 2049]","[2049, 2049, 2049, 2049, 2049, 2049, 2051, 2049, 2049, 2049, 2049]",323.0
1280,11245,44,2,2026-03-15T07:05:39.722000+00:00,26.571,30.167,42.823,259.0,251.0,False,99.561,"[2049, 2049, 2048, 2048, 2048, 2048, 2048]","[2048, 2049, 2048, 2048, 2048, 2048]","[2048, 2049, 2049, 2048, 2048, 2048, 2049, 2048, 2048, 2048, 2048]",306.0
1280,11245,12,2,2026-03-15T07:05:40.472000+00:00,26.129,30.278,41.898,278.0,263.0,False,98.305,"[2049, 2049, 2049, 2049, 2049, 2048, 2048]","[2048, 2049, 2048, 2048, 2049, 2048]","[2048, 2048, 2048, 2049, 2048, 2051, 2049, 2049, 2051, 2049, 2048]",316.0
1280,11245,16,2,2026-03-15T07:05:41.310000+00:00,25.954,29.998,42.606,276.0,267.0,False,98.558,"[2049, 2049, 2049, 2049, 2049, 2048, 2048]","[2049, 2049, 2051, 2048, 2048, 2049]","[2048, 2048, 2049, 2049, 2048, 2048, 2049, 2048, 2049, 2048, 2048]",314.0
1280,11245,63,2,2026-03-15T07:05:42.102000+00:00,26.022,29.719,42.334,276.0,264.0,False,98.075,"[2049, 2049, 2049, 2049, 2049, 2049, 2048]","[2049, 2051, 2049, 2049, 2049, 2048]","[2049, 2048, 2049, 2048, 2048, 2049, 2049, 2048, 2048, 2051]",318.0
1280,11245,10,2,2026-03-15T07:05:42.813000+00:00,26.232,30.273,42.412,275.0,261.0,False,98.917,"[2049, 2049, 2049, 2049, 2049, 2049, 2048]","[2048, 2048, 2048, 2049, 2049, 2048]","[2048, 2049, 2049, 2049, 2048, 2049, 2048, 2049, 2049, 2049, 2048]",320.0
1280,11245,43,2,2026-03-15T07:05:45.621000+00:00,26.084,30.148,43.076,272.0,258.0,False,99.308,"[2049, 2049, 2051, 2049, 2049, 2049, 2048]","[2049, 2048, 2049, 2049, 2049, 2048]","[2049, 2049, 2049, 2049, 2048, 2049, 2048, 2049, 2049, 2048, 2048]",313.0
1280,11245,30,2,2026-03-15T07:05:46.176000+00:00,26.269,30.557,42.972,266.0,260.0,False,99.798,"[2049, 2049, 2049, 2049, 2049, 2049, 2048]","[2049, 2048, 2049, 2049, 2049, 2048]","[2049, 2049, 2049, 2048, 2048, 2049, 2049, 2049, 2049, 2049, 2049]",318.0
1280,11245,41,2,2026-03-15T07:05:46.785000+00:00,26.553,31.14,43.356,275.0,264.0,False,101.049,"[2049, 2049, 2049, 2048, 2049, 2048, 2048]","[2049, 2048, 2048, 2049, 2049, 2048]","[2048, 2049, 2049, 2049, 2048, 2049, 2049, 2049, 2049, 2049, 2049]",323.0
1280,11245,31,2,2026-03-15T07:05:46.969000+00:00,26.498,30.518,42.72,283.0,259.0,False,99.736,"[2049, 2049, 2049, 2048, 2049, 2049, 2049]","[2049, 2049, 2049, 2049, 2049, 2049]","[2049, 2049, 2049, 2048, 2048, 2048, 2049, 2049, 2049, 2049, 2048]",317.0
1280,11245,14,2,2026-03-15T07:05:47.473000+00:00,26.719,31.646,43.926,287.0,253.0,False,102.291,"[2049, 2049, 2049, 2049, 2049, 2049, 2049]","[2049, 2048, 2049, 2048, 2048, 2048]","[2048, 2049, 2049, 2048, 2048, 2049, 2049, 2049, 2049, 2049, 2049]",325.0
1280,11245,55,2,2026-03-15T07:05:47.622000+00:00,26.296,30.998,43.449,281.0,261.0,False,100.743,"[2049, 2049, 2049, 2049, 2049, 2049, 2049]","[2049, 2048, 2049, 2049, 2049, 2048]","[2049, 2049, 2048, 2048, 2051, 2048, 2049, 2049, 2049, 2048, 2048]",349.0
1280,11245,87,2,2026-03-15T07:05:48.192000+00:00,26.995,30.997,43.144,273.0,262.0,False,101.136,"[2049, 2049, 2049, 2048, 2049, 2048, 2048]","[2049, 2048, 2048, 2048, 2048, 2049]","[2048, 2049, 2049, 2051, 2048, 2049, 2049, 2049, 2049, 2049, 2049]",331.0
1280,11245,3,2,2026-03-15T07:05:48.192000+00:00,26.205,31.087,43.003,281.0,255.0,False,100.295,"[2049, 2051, 2049, 2049, 2049, 2049, 2051]","[2048, 2048, 2049, 2049, 2049, 2048]","[2049, 2049, 2049, 2048, 2048, 2049, 2049, 2049, 2049, 2049, 2049]",322.0
1280,11245,77,2,2026-03-15T07:05:48.567000+00:00,26.947,31.365,43.289,278.0,262.0,False,101.601,"[2049, 2049, 2049, 2049, 2049, 2049, 2048]","[2049, 2049, 2049, 2049, 2049, 2049]","[2049, 2048, 2049, 2049, 2048, 2049, 2048, 2049, 2049, 2049, 2049]",328.0
1280,11245,27,2,2026-03-15T07:05:48.881000+00:00,26.751,31.478,43.405,289.0,270.0,False,101.634,"[2049, 2049, 2049, 2049, 2049, 2049, 2049]","[2049, 2049, 2049, 2048, 2049, 2049]","[2049, 2048, 2048, 2049, 2049, 2049, 2048, 2048, 2049, 2048, 2048]",342.0
1280,11245,18,2,2026-03-15T07:05:49.701000+00:00,26.76,31.498,43.572,278.0,250.0,False,101.83,"[2049, 2049, 2049, 2049, 2049, 2048, 2048]","[2049, 2048, 2049, 2049, 2049, 2048]","[2049, 2048, 2049, 2048, 2048, 2049, 2049, 2049, 2049, 2049, 2049]",312.0
1280,11245,11,2,2026-03-15T07:05:55.324000+00:00,26.586,30.736,43.744,262.0,248.0,False,101.066,"[2049, 2049, 2049, 2049, 2049, 2049, 2049]","[2049, 2049, 2049, 2049, 2048, 2048]","[2049, 2049, 2049, 2048, 2048, 2048, 2048, 2048, 2048, 2049, 2049]",309.0
1280,11245,6,2,2026-03-15T07:06:03.894000+00:00,46.15,30.387,43.662,260.0,259.0,True,120.199,"[None, 2064, 2048, 2049, 2049, 2048, 2048]","[2049, 2048, 2049, 2049, 2049, 2048]","[2049, 2048, 2049, 2049, 2049, 2049, 2048, 2048, 2049, 2049, 2049]",306.0
1280,11245,12,3,2026-03-15T07:07:18.779000+00:00,25.948,29.572,42.493,267.0,257.0,False,98.013,"[2048, 2048, 2049, 2051, 2049, 2048, 2048]","[2049, 2048, 2049, 2049, 2051, 2048]","[2048, 2048, 2048, 2048, 2048, 2048, 2048, 2049, 2048, 2048, 2048]",304.0
1280,11245,44,3,2026-03-15T07:07:19.357000+00:00,26.036,29.899,42.652,267.0,257.0,False,98.587,"[None, 2049, 2049, 2048, 2048, 2049, 2048]","[2048, 2049, 2049, 2048, 2048, 2049]","[2048, 2049, 2049, 2048, 2048, 2048, 2051, 2049, 2048, 2048, 2048]",301.0
1280,11245,16,3,2026-03-15T07:07:19.888000+00:00,26.669,29.902,42.577,265.0,255.0,False,99.148,"[2048, 2048, 2048, 2048, 2049, 2048, 2048]","[2048, 2048, 2048, 2049, 2048, 2048]","[2048, 2048, 2048, 2048, 2048, 2048, 2049, 2049, 2049, 2049, 2049]",324.0
1280,11245,63,3,2026-03-15T07:07:20.013000+00:00,25.645,29.98,42.5,275.0,261.0,False,98.125,"[2051, 2049, 2049, 2048, 2048, 2049, 2048]","[2048, 2048, 2049, 2049, 2048, 2048]","[2049, 2048, 2049, 2048, 2048, 2048, 2048, 2049, 2051, 2051, 2051]",310.0
1280,11245,10,3,2026-03-15T07:07:21.794000+00:00,26.327,30.046,42.55,272.0,261.0,False,98.923,"[2048, 2048, 2048, 2049, 2049, 2048, 2048]","[2049, 2048, 2048, 2049, 2048, 2048]","[2048, 2048, 2048, 2048, 2048, 2049, 2048, 2049, 2049, 2048, 2048]",314.0
1280,11245,43,3,2026-03-15T07:07:25.123000+00:00,26.235,29.918,42.772,,259.0,False,98.925,"[2048, 2048, 2049, 2049, 2048, 2048, 2048]","[2049, 2048, 2048, 2049, 2048, 2048]","[2049, 2048, 2048, 2049, 2048, 2049, 2049, 2049, 2049, 2048, 2048]",314.0
1280,11245,30,3,2026-03-15T07:07:26.232000+00:00,26.007,30.129,42.811,268.0,262.0,False,98.947,"[None, 2049, 2049, 2049, 2048, 2049, 2048]","[2049, 2048, 2049, 2049, 2049, 2048]","[2049, 2048, 2048, 2048, 2048, 2049, 2048, 2049, 2049, 2049, 2049]",318.0
1280,11245,31,3,2026-03-15T07:07:26.670000+00:00,26.297,30.078,42.707,266.0,259.0,False,99.082,"[2048, 2048, 2049, 2049, 2049, 2048, 2048]","[2049, 2049, 2048, 2049, 2049, 2049]","[2049, 2048, 2048, 2048, 2048, 2049, 2048, 2049, 2049, 2049, 2048]",321.0
1280,11245,41,3,2026-03-15T07:07:27.841000+00:00,26.135,30.408,42.765,274.0,259.0,False,99.308,"[2048, 2048, 2049, 2049, 2049, 2048, 2048]","[2049, 2048, 2049, 2049, 2049, 2048]","[2049, 2048, 2048, 2048, 2048, 2049, 2049, 2049, 2049, 2049, 2049]",317.0
1280,11245,3,3,2026-03-15T07:07:28.467000+00:00,25.992,30.619,42.469,264.0,259.0,False,99.08,"[2048, 2048, 2049, 2049, 2049, 2049, 2048]","[2049, 2048, 2048, 2049, 2049, 2049]","[2049, 2049, 2048, 2048, 2048, 2049, 2049, 2049, 2049, 2049, 2049]",321.0
1280,11245,55,3,2026-03-15T07:07:28.550000+00:00,27.077,30.389,42.521,275.0,259.0,False,99.987,"[2048, 2048, 2048, 2048, 2049, 2049, 2048]","[2049, 2048, 2049, 2049, 2049, 2048]","[2049, 2048, 2048, 2048, 2048, 2049, 2049, 2049, 2049, 2049, 2048]",330.0
1280,11245,87,3,2026-03-15T07:07:29.303000+00:00,26.962,30.362,42.391,268.0,258.0,False,99.715,"[None, 2049, 2048, 2048, 2049, 2048, 2048]","[2049, 2048, 2049, 2049, 2049, 2048]","[2049, 2048, 2048, 2048, 2049, 2049, 2049, 2049, 2049, 2049, 2049]",339.0
1280,11245,14,3,2026-03-15T07:07:29.878000+00:00,26.6,31.151,43.837,263.0,250.0,False,101.588,"[None, 2049, 2049, 2048, 2049, 2048, 2048]","[2048, 2048, 2049, 2049, 2049, 2048]","[2049, 2048, 2048, 2048, 2048, 2048, 2049, 2049, 2049, 2048, 2048]",309.0
1280,11245,77,3,2026-03-15T07:07:30.253000+00:00,26.659,31.934,43.236,273.0,249.0,False,101.829,"[None, 2049, 2049, 2049, 2049, 2049, 2048]","[2049, 2049, 2048, 2049, 2048, 2048]","[2048, 2048, 2049, 2048, 2048, 2049, 2048, 2049, 2049, 2049, 2048]",327.0
1280,11245,27,3,2026-03-15T07:07:30.609000+00:00,26.275,30.985,42.647,287.0,263.0,False,99.907,"[2048, 2049, 2049, 2049, 2049, 2049, 2049]","[2049, 2048, 2048, 2049, 2049, 2048]","[2049, 2049, 2049, 2048, 2048, 2049, 2049, 2049, 2049, 2049]",329.0
1280,11245,18,3,2026-03-15T07:07:31.610000+00:00,26.812,31.468,43.518,261.0,250.0,False,101.798,"[None, 2048, 2048, 2049, 2049, 2048, 2048]","[2049, 2048, 2048, 2048, 2049, 2048]","[2048, 2048, 2048, 2048, 2048, 2049, 2049, 2049, 2049, 2049, 2048]",308.0
1280,11245,11,3,2026-03-15T07:07:36.447000+00:00,26.559,31.121,43.544,263.0,247.0,False,101.224,"[None, 2049, 2049, 2049, 2048, 2049, 2049]","[2048, 2048, 2049, 2048, 2048, 2048]","[2049, 2048, 2049, 2048, 2048, 2049, 2048, 2048, 2049, 2049, 2049]",306.0
1280,11245,6,3,2026-03-15T07:08:04.186000+00:00,26.221,30.048,42.543,264.0,260.0,False,98.812,"[2049, 2049, 2049, 2049, 2049, 2049, 2048]","[2049, 2048, 2049, 2048, 2048, 2048]","[2048, 2048, 2049, 2049, 2049, 2049, 2048, 2048, 2049, 2049, 2049]",311.0
1280,11245,12,4,2026-03-15T07:08:56.676000+00:00,26.003,29.327,42.064,269.0,259.0,False,97.394,"[None, 2048, 2049, 2048, 2049, 2048, 2048]","[2051, 2048, 2049, 2048, 2051, 2048]","[2051, 2048, 2048, 2048, 2048, 2048, 2049, 2049, 2049, 2049, 2048]",306.0
1280,11245,44,4,2026-03-15T07:08:57.882000+00:00,26.445,29.518,42.271,,258.0,False,98.234,"[2048, 2048, 2048, 2049, 2048, 2048, 2048]","[2048, 2048, 2048, 2048, 2048, 2048]","[2048, 2048, 2048, 2049, 2049, 2048, 2048, 2048, 2048, 2049, 2049]",317.0
1280,11245,63,4,2026-03-15T07:08:58.202000+00:00,25.403,29.242,42.448,272.0,262.0,False,97.093,"[2048, 2048, 2049, 2051, 2048, 2048, 2048]","[2049, 2048, 2051, 2049, 2049, 2048]","[2049, 2048, 2048, 2048, 2048, 2048, 2049, 2048, 2048, 2048, 2048]",311.0
1280,11245,16,4,2026-03-15T07:08:59.025000+00:00,25.914,29.661,42.26,272.0,256.0,False,97.835,"[None, 2048, 2049, 2048, 2049, 2048, 2048]","[2049, 2048, 2048, 2049, 2049, 2048]","[2049, 2048, 2048, 2048, 2048, 2049, 2049, 2049, 2049, 2049, 2049]",314.0
1280,11245,10,4,2026-03-15T07:09:00.721000+00:00,26.278,29.879,42.56,274.0,260.0,False,98.717,"[None, 2048, 2049, 2049, 2048, 2048, 2048]","[2049, 2048, 2049, 2049, 2049, 2048]","[2048, 2048, 2048, 2048, 2048, 2048, 2049, 2049, 2048, 2048, 2048]",314.0
1280,11245,43,4,2026-03-15T07:09:04.026000+00:00,,29.933,42.697,,258.0,False,98.865,"[None, 2048, 2051, 2048, 2048, 2048, 2048]","[2049, 2048, 2048, 2048, 2049, 2048]","[2048, 2048, 2048, 2049, 2048, 2048, 2049, 2049, 2049, 2049, 2049]",315.0
1280,11245,30,4,2026-03-15T07:09:05.179000+00:00,26.045,30.283,42.786,270.0,260.0,False,99.114,"[2048, 2048, 2049, 2048, 2049, 2049, 2048]","[2049, 2048, 2049, 2048, 2048, 2048]","[2048, 2048, 2048, 2048, 2048, 2049, 2048, 2049, 2049, 2049, 2049]",318.0
1280,11245,31,4,2026-03-15T07:09:05.776000+00:00,26.051,30.22,42.831,270.0,261.0,False,99.102,"[None, 2048, 2049, 2049, 2048, 2049, 2048]","[2049, 2049, 2048, 2048, 2049, 2049]","[2048, 2048, 2048, 2048, 2048, 2048, 2048, 2048, 2048, 2048, 2048]",325.0
1280,11245,41,4,2026-03-15T07:09:07.156000+00:00,25.808,30.252,43.238,272.0,258.0,False,99.298,"[None, 2049, 2049, 2049, 2049, 2048, 2048]","[2049, 2048, 2049, 2048, 2049, 2048]","[2048, 2048, 2048, 2048, 2048, 2048, 2049, 2049, 2049, 2049, 2048]",320.0
1280,11245,3,4,2026-03-15T07:09:07.623000+00:00,26.144,30.322,42.654,270.0,262.0,False,99.12,"[None, 2048, 2048, 2048, 2049, 2048, 2048]","[2049, 2048, 2048, 2048, 2049, 2049]","[2048, 2048, 2048, 2048, 2048, 2049, 2048, 2048, 2048, 2048, 2049]",325.0
1280,11245,55,4,2026-03-15T07:09:08.579000+00:00,26.39,30.159,42.439,,266.0,False,98.988,"[None, 2048, 2049, 2048, 2049, 2049, 2048]","[2049, 2048, 2049, 2049, 2049, 2049]","[2049, 2048, 2048, 2048, 2048, 2049, 2049, 2049, 2048, 2049, 2049]",333.0
1280,11245,87,4,2026-03-15T07:09:08.969000+00:00,26.545,30.225,42.41,270.0,262.0,False,99.18,"[None, 2049, 2049, 2048, 2048, 2048, 2048]","[2048, 2048, 2048, 2049, 2049, 2049]","[2049, 2048, 2049, 2048, 2048, 2048, 2048, 2049, 2049, 2049, 2049]",333.0
1280,11245,27,4,2026-03-15T07:09:10.386000+00:00,26.06,30.528,42.929,273.0,263.0,False,99.517,"[None, 2048, 2049, 2049, 2049, 2048, 2048]","[2049, 2048, 2049, 2049, 2049, 2048]","[2049, 2048, 2049, 2048, 2048, 2049, 2049, 2049, 2048, 2048, 2048]",312.0
1280,11245,14,4,2026-03-15T07:09:11.337000+00:00,26.212,30.81,43.449,274.0,251.0,False,100.471,"[2048, 2048, 2049, 2049, 2049, 2048, 2048]","[2049, 2048, 2048, 2049, 2048, 2048]","[2049, 2048, 2048, 2048, 2048, 2049, 2048, 2049, 2049, 2049, 2048]",312.0
1280,11245,77,4,2026-03-15T07:09:12.093000+00:00,26.761,30.962,43.181,271.0,255.0,False,100.904,"[2048, 2048, 2049, 2049, 2048, 2048, 2048]","[2049, 2048, 2048, 2049, 2049, 2048]","[2049, 2048, 2048, 2048, 2048, 2049, 2049, 2048, 2048, 2048, 2048]",322.0
1280,11245,18,4,2026-03-15T07:09:13.426000+00:00,26.814,31.671,43.369,255.0,246.0,False,101.854,"[2048, 2048, 2048, 2049, 2049, 2049, 2048]","[2048, 2048, 2048, 2049, 2049, 2048]","[2049, 2048, 2049, 2048, 2048, 2048, 2049, 2049, 2049, 2048, 2048]",303.0
1280,11245,11,4,2026-03-15T07:09:17.607000+00:00,26.488,30.989,43.457,272.0,253.0,False,100.934,"[2048, 2048, 2049, 2048, 2049, 2048, 2049]","[2049, 2048, 2048, 2048, 2048, 2048]","[2049, 2048, 2048, 2049, 2048, 2048, 2048, 2048, 2048, 2048, 2049]",313.0
1280,11245,6,4,2026-03-15T07:09:42.888000+00:00,26.095,30.275,42.718,263.0,257.0,False,99.088,"[None, 2049, 2048, 2049, 2048, 2048, 2048]","[2048, 2048, 2048, 2048, 2048, 2048]","[2048, 2048, 2048, 2048, 2048, 2048, 2048, 2048, 2049, 2049, 2049]",307.0
1280,11245,12,5,2026-03-15T07:10:34.091000+00:00,25.859,29.51,42.166,270.0,257.0,False,97.535,"[None, 2048, 2049, 2049, 2048, 2048, 2048]","[2048, 2048, 2049, 2049, 2048, 2048]","[2048, 2048, 2048, 2048, 2048, 2048, 2049, 2049, 2049, 2049, 2048]",307.0
1280,11245,63,5,2026-03-15T07:10:35.364000+00:00,25.552,29.402,42.508,268.0,259.0,False,97.462,"[None, 2048, 2048, 2048, 2048, 2049, 2048]","[2048, 2048, 2048, 2049, 2048, 2048]","[2048, 2048, 2048, 2048, 2048, 2048, 2049, 2049, 2048, 2048, 2048]",311.0
1280,11245,44,5,2026-03-15T07:10:36.068000+00:00,25.888,29.561,42.187,266.0,252.0,False,97.636,"[None, 2048, 2049, 2048, 2048, 2048, 2048]","[2048, 2048, 2048, 2048, 2048, 2048]","[2048, 2048, 2048, 2049, 2048, 2051, 2048, 2049, 2048, 2048]",316.0
1280,11245,16,5,2026-03-15T07:10:36.879000+00:00,,29.632,42.317,265.0,255.0,False,97.863,"[2049, 2049, 2049, 2049, 2048, 2048, 2048]","[2048, 2048, 2048, 2049, 2048, 2048]","[2048, 2048, 2048, 2048, 2048, 2049, 2048, 2049, 2048, 2048, 2048]",320.0
1280,11245,10,5,2026-03-15T07:10:39.458000+00:00,26.142,29.826,42.506,272.0,259.0,False,98.474,"[None, 2048, 2048, 2048, 2049, 2048, 2048]","[2049, 2048, 2049, 2049, 2048, 2048]","[2048, 2048, 2048, 2048, 2048, 2048, 2048, 2048, 2048, 2049, 2048]",312.0
1280,11245,43,5,2026-03-15T07:10:42.879000+00:00,25.834,30.107,42.969,274.0,258.0,False,98.91,"[2049, 2048, 2048, 2049, 2049, 2049, 2048]","[2048, 2048, 2048, 2048, 2048, 2048]","[2048, 2048, 2048, 2048, 2048, 2048, 2048, 2048, 2049, 2049, 2049]",312.0
1280,11245,30,5,2026-03-15T07:10:44.317000+00:00,26.168,30.359,43.528,266.0,259.0,False,100.055,"[None, 2049, 2049, 2048, 2048, 2048, 2048]","[2048, 2048, 2048, 2048, 2048, 2048]","[2048, 2048, 2048, 2048, 2048, 2048, 2048, 2048, 2048, 2048, 2048]",312.0
1280,11245,31,5,2026-03-15T07:10:44.942000+00:00,26.059,30.26,42.527,269.0,258.0,False,98.846,"[None, 2048, 2048, 2048, 2048, 2049, 2048]","[2048, 2048, 2048, 2048, 2049, 2048]","[2048, 2049, 2048, 2049, 2048, 2049, 2048, 2049, 2049, 2049]",324.0
1280,11245,41,5,2026-03-15T07:10:46.411000+00:00,26.065,30.405,42.925,,256.0,False,99.395,"[None, 2048, 2048, 2048, 2048, 2048, 2048]","[2048, 2049, 2049, 2048, 2048, 2048]","[2049, 2048, 2048, 2048, 2048, 2048, 2049, 2049, 2049, 2049, 2048]",316.0
1280,11245,3,5,2026-03-15T07:10:46.817000+00:00,26.651,30.4,42.531,269.0,260.0,False,99.582,"[2051, 2051, 2051, 2048, 2048, 2048, 2048]","[2048, 2048, 2049, 2049, 2048, 2048]","[2048, 2048, 2048, 2048, 2048, 2048, 2049, 2049, 2048, 2048, 2048]",324.0
1280,11245,55,5,2026-03-15T07:10:47.583000+00:00,26.454,30.503,42.797,277.0,267.0,False,99.754,"[None, 2048, 2048, 2048, 2048, 2048, 2048]","[2048, 2048, 2048, 2048, 2048, 2048]","[2048, 2048, 2048, 2048, 2048, 2048, 2048, 2048, 2049, 2048]",345.0
1280,11245,87,5,2026-03-15T07:10:48.223000+00:00,26.485,30.442,42.577,272.0,259.0,False,99.504,"[2048, 2048, 2049, 2048, 2048, 2048, 2048]","[2049, 2048, 2049, 2048, 2048, 2048]","[2048, 2048, 2048, 2048, 2049, 2048, 2048, 2048, 2048, 2048, 2048]",340.0
1280,11245,27,5,2026-03-15T07:10:50.020000+00:00,26.036,30.403,42.825,274.0,263.0,False,99.264,"[None, 2048, 2049, 2049, 2048, 2048, 2048]","[2048, 2048, 2049, 2049, 2049, 2048]","[2048, 2048, 2049, 2048, 2048, 2049, 2049, 2048, 2048, 2048, 2048]",313.0
1280,11245,14,5,2026-03-15T07:10:51.841000+00:00,26.535,31.007,44.012,255.0,247.0,False,101.554,"[None, 2048, 2049, 2049, 2048, 2048, 2048]","[2048, 2048, 2048, 2049, 2048, 2048]","[2048, 2048, 2048, 2048, 2048, 2048, 2049, 2049, 2048, 2048, 2048]",306.0
1280,11245,77,5,2026-03-15T07:10:52.931000+00:00,27.059,31.039,43.298,264.0,258.0,False,101.396,"[None, 2048, 2049, 2049, 2048, 2048, 2048]","[2048, 2048, 2048, 2049, 2049, 2048]","[2048, 2048, 2048, 2048, 2048, 2049, 2048, 2048, 2049, 2048, 2048]",320.0
1280,11245,18,5,2026-03-15T07:10:55.258000+00:00,26.536,31.071,43.385,,248.0,False,100.992,"[2049, 2048, 2048, 2049, 2049, 2049, 2048]","[2049, 2048, 2048, 2049, 2048, 2048]","[2048, 2048, 2048, 2048, 2048, 2049, 2048, 2049, 2048, 2049, 2048]",305.0
1280,11245,11,5,2026-03-15T07:10:58.609000+00:00,26.428,30.987,43.563,271.0,251.0,False,100.978,"[2049, 2049, 2048, 2049, 2048, 2048, 2048]","[2048, 2048, 2048, 2048, 2048, 2048]","[2048, 2048, 2048, 2048, 2048, 2049, 2048, 2048, 2049, 2049, 2049]",312.0
1280,11245,6,5,2026-03-15T07:11:22.001000+00:00,25.985,30.083,42.756,266.0,258.0,False,98.824,"[2048, 2048, 2048, 2049, 2049, 2048, 2048]","[2049, 2048, 2048, 2048, 2048, 2048]","[2048, 2048, 2048, 2048, 2048, 2048, 2048, 2048, 2049, 2049, 2049]",309.0
1280,11245,12,6,2026-03-15T07:12:11.736000+00:00,25.696,29.434,42.042,,258.0,False,97.172,"[None, 2048, 2049, 2051, 2049, 2048, 2048]","[2051, 2048, 2049, 2049, 2048, 2048]","[2048, 2048, 2048, 2048, 2048, 2049, 2048, 2049, 2048, 2048, 2048]",307.0
1280,11245,63,6,2026-03-15T07:12:12.892000+00:00,25.979,29.391,42.005,273.0,261.0,False,97.375,"[None, 2048, 2048, 2048, 2049, 2048, 2048]","[2049, 2048, 2048, 2048, 2048, 2048]","[2048, 2048, 2049, 2049, 2049, 2049, 2048, 2049, 2048, 2048, 2048]",318.0
1280,11245,44,6,2026-03-15T07:12:13.798000+00:00,26.388,29.48,42.094,265.0,259.0,False,97.962,"[None, 2048, 2048, 2048, 2051, 2048, 2048]","[2048, 2048, 2048, 2048, 2048, 2048]","[2048, 2048, 2048, 2049, 2049, 2048, 2048, 2049, 2048, 2048, 2048]",316.0
1280,11245,16,6,2026-03-15T07:12:14.736000+00:00,26.144,29.86,42.132,266.0,254.0,False,98.136,"[2048, 2048, 2048, 2049, 2048, 2048, 2048]","[2049, 2048, 2048, 2048, 2048, 2048]","[2049, 2048, 2048, 2048, 2048, 2049, 2048, 2048, 2048, 2048, 2048]",312.0
1280,11245,10,6,2026-03-15T07:12:17.987000+00:00,26.134,29.798,42.366,,262.0,False,98.298,"[None, 2048, 2048, 2048, 2048, 2048, 2048]","[2048, 2048, 2049, 2048, 2048, 2048]","[2049, 2048, 2048, 2048, 2048, 2049, 2048, 2048, 2048, 2049, 2048]",314.0
1280,11245,43,6,2026-03-15T07:12:21.786000+00:00,26.108,29.992,42.634,275.0,261.0,False,98.734,"[2048, 2048, 2048, 2048, 2048, 2048, 2048]","[2049, 2048, 2048, 2048, 2048, 2048]","[2049, 2048, 2048, 2048, 2048, 2049, 2048, 2048, 2049, 2049, 2049]",312.0
1280,11245,31,6,2026-03-15T07:12:23.770000+00:00,26.082,29.95,42.726,263.0,257.0,False,98.758,"[None, 2048, 2049, 2049, 2049, 2048, 2048]","[2049, 2048, 2049, 2048, 2048, 2049]","[2049, 2048, 2048, 2048, 2048, 2049, 2048, 2049, 2049, 2049, 2048]",305.0
1280,11245,30,6,2026-03-15T07:12:24.317000+00:00,26.2,30.544,42.766,272.0,260.0,False,99.51,"[None, 2048, 2048, 2048, 2048, 2048, 2048]","[2048, 2048, 2048, 2048, 2048, 2048]","[2048, 2048, 2048, 2048, 2048, 2049, 2048, 2048, 2048, 2048, 2049]",319.0
1280,11245,41,6,2026-03-15T07:12:25.801000+00:00,26.056,30.378,42.929,271.0,260.0,False,99.363,"[None, 2048, 2048, 2048, 2048, 2048, 2048]","[2048, 2048, 2048, 2048, 2048, 2048]","[2048, 2048, 2048, 2048, 2048, 2049, 2048, 2048, 2048, 2048, 2048]",320.0
1280,11245,3,6,2026-03-15T07:12:26.317000+00:00,26.14,30.474,42.592,272.0,267.0,False,99.206,"[2048, 2048, 2048, 2048, 2049, 2048, 2048]","[2048, 2048, 2048, 2048, 2048, 2049]","[2048, 2048, 2048, 2048, 2048, 2048, 2049, 2048, 2048, 2048, 2048]",328.0
1280,11245,55,6,2026-03-15T07:12:27.270000+00:00,26.732,30.691,42.715,282.0,261.0,False,100.138,"[None, 2048, 2048, 2048, 2048, 2048, 2048]","[2048, 2048, 2049, 2048, 2048, 2048]","[2048, 2048, 2049, 2048, 2048, 2048, 2049, 2048, 2048, 2048, 2048]",329.0
1280,11245,87,6,2026-03-15T07:12:27.645000+00:00,25.953,30.169,42.488,269.0,260.0,False,98.61,"[2049, 2049, 2048, 2049, 2049, 2048, 2048]","[2049, 2048, 2049, 2048, 2048, 2048]","[2048, 2048, 2048, 2048, 2048, 2048, 2048, 2049, 2048, 2048, 2049]",329.0
1280,11245,27,6,2026-03-15T07:12:29.426000+00:00,25.939,30.17,42.666,276.0,267.0,False,98.775,"[None, 2048, 2049, 2049, 2048, 2048, 2048]","[2049, 2048, 2049, 2049, 2048, 2048]","[2048, 2048, 2048, 2048, 2048, 2048, 2048, 2048, 2048, 2048, 2048]",329.0
1280,11245,14,6,2026-03-15T07:12:33.442000+00:00,26.393,31.047,44.384,256.0,249.0,False,101.824,"[None, 2048, 2049, 2048, 2048, 2048, 2048]","[2048, 2048, 2048, 2048, 2048, 2048]","[2048, 2048, 2048, 2048, 2048, 2048, 2048, 2048, 2048, 2048]",302.0
1280,11245,77,6,2026-03-15T07:12:34.415000+00:00,26.391,30.952,42.935,271.0,258.0,False,100.278,"[None, 2048, 2048, 2049, 2049, 2048, 2048]","[2049, 2048, 2048, 2048, 2048, 2048]","[2049, 2048, 2048, 2048, 2048, 2048, 2048, 2049, 2049, 2049]",330.0
1280,11245,18,6,2026-03-15T07:12:36.229000+00:00,26.716,30.917,43.338,,248.0,False,100.971,"[2048, 2048, 2048, 2048, 2049, 2048, 2048]","[2049, 2048, 2048, 2049, 2048, 2048]","[2048, 2048, 2048, 2048, 2048, 2048, 2048, 2049, 2049, 2049, 2048]",302.0
1280,11245,11,6,2026-03-15T07:12:39.612000+00:00,26.336,30.959,43.262,,253.0,False,100.557,"[2048, 2048, 2049, 2049, 2048, 2048, 2048]","[2048, 2048, 2048, 2048, 2048, 2048]","[2049, 2048, 2048, 2048, 2048, 2048, 2048, 2048, 2049, 2049, 2049]",308.0
1280,11245,6,6,2026-03-15T07:13:00.798000+00:00,25.948,29.935,42.378,265.0,259.0,False,98.261,"[2049, 2049, 2049, 2048, 2048, 2048, 2048]","[2049, 2048, 2049, 2048, 2048, 2048]","[2048, 2048, 2048, 2049, 2048, 2049, 2048, 2048, 2048, 2048, 2048]",309.0
1280,11245,12,7,2026-03-15T07:13:48.823000+00:00,25.891,29.467,42.054,271.0,258.0,False,97.412,"[None, 2048, 2048, 2048, 2049, 2048, 2048]","[2049, 2048, 2049, 2048, 2048, 2048]","[2048, 2048, 2051, 2048, 2048, 2048, 2048, 2049, 2048, 2048, 2048]",306.0
1280,11245,63,7,2026-03-15T07:13:50.324000+00:00,25.975,29.362,42.046,271.0,258.0,False,97.383,"[None, 2048, 2048, 2048, 2048, 2048, 2048]","[2049, 2048, 2048, 2048, 2049, 2048]","[2048, 2048, 2048, 2048, 2048, 2048, 2048, 2049, 2051, 2051, 2048]",313.0
1280,11245,44,7,2026-03-15T07:13:51.656000+00:00,26.353,29.64,42.228,268.0,252.0,False,98.221,"[None, 2048, 2048, 2049, 2051, 2048, 2048]","[2051, 2048, 2048, 2048, 2048, 2048]","[2048, 2048, 2048, 2048, 2048, 2048, 2048, 2049, 2049, 2048, 2049]",308.0
1280,11245,16,7,2026-03-15T07:13:52.894000+00:00,25.894,29.733,42.367,267.0,255.0,False,97.994,"[None, 2048, 2048, 2048, 2049, 2048, 2048]","[2049, 2048, 2048, 2048, 2048, 2048]","[2048, 2048, 2048, 2048, 2048, 2048, 2048, 2049, 2049, 2048, 2048]",311.0
1280,11245,10,7,2026-03-15T07:13:56.221000+00:00,26.039,30.089,42.507,,258.0,False,98.635,"[None, 2048, 2048, 2049, 2049, 2049, 2048]","[2048, 2048, 2049, 2048, 2048, 2048]","[2048, 2048, 2049, 2048, 2048, 2048, 2048, 2049, 2048, 2048, 2048]",313.0
1280,11245,43,7,2026-03-15T07:14:00.576000+00:00,26.167,30.094,42.544,,261.0,False,98.805,"[None, 2048, 2049, 2048, 2048, 2048, 2048]","[2049, 2048, 2048, 2048, 2048, 2048]","[2049, 2048, 2048, 2048, 2048, 2049, 2049, 2049, 2048, 2048, 2048]",313.0
1280,11245,31,7,2026-03-15T07:14:02.535000+00:00,26.271,29.883,42.932,262.0,255.0,False,99.086,"[None, 2048, 2049, 2048, 2048, 2048, 2048]","[2049, 2048, 2049, 2048, 2048, 2048]","[2048, 2048, 2048, 2048, 2048, 2049, 2048, 2048, 2048, 2048, 2048]",305.0
1280,11245,30,7,2026-03-15T07:14:03.835000+00:00,26.055,30.472,43.182,270.0,263.0,False,99.709,"[2049, 2048, 2048, 2048, 2048, 2048, 2048]","[2048, 2048, 2048, 2048, 2048, 2048]","[2048, 2048, 2048, 2048, 2048, 2048, 2048, 2048, 2048, 2048, 2048]",314.0
1280,11245,41,7,2026-03-15T07:14:05.302000+00:00,25.898,30.408,42.892,270.0,257.0,False,99.198,"[2049, 2049, 2048, 2048, 2048, 2048, 2048]","[2048, 2048, 2048, 2048, 2048, 2048]","[2048, 2048, 2049, 2048, 2048, 2048, 2048, 2048, 2048, 2048, 2048]",320.0
1280,11245,3,7,2026-03-15T07:14:05.501000+00:00,26.111,30.64,42.823,273.0,259.0,False,99.574,"[None, 2048, 2048, 2048, 2048, 2049, 2048]","[2048, 2048, 2048, 2048, 2048, 2048]","[2048, 2048, 2048, 2048, 2048, 2048, 2048, 2048, 2048, 2048, 2048]",325.0
1280,11245,87,7,2026-03-15T07:14:06.271000+00:00,26.1,30.476,42.747,271.0,258.0,False,99.323,"[None, 2048, 2049, 2048, 2049, 2048, 2048]","[2048, 2048, 2049, 2048, 2048, 2048]","[2048, 2048, 2048, 2048, 2048, 2048, 2048, 2048, 2048, 2048, 2048]",336.0
1280,11245,55,7,2026-03-15T07:14:07.479000+00:00,26.571,30.596,43.464,275.0,256.0,False,100.631,"[None, 2048, 2049, 2048, 2048, 2048, 2048]","[2048, 2048, 2049, 2048, 2048, 2048]","[2048, 2048, 2048, 2048, 2048, 2048, 2049, 2048, 2048, 2048, 2048]",331.0
1280,11245,27,7,2026-03-15T07:14:08.176000+00:00,26.174,30.54,42.676,284.0,269.0,False,99.39,"[None, 2048, 2048, 2048, 2048, 2048, 2048]","[2048, 2049, 2048, 2048, 2048, 2048]","[2048, 2048, 2048, 2049, 2048, 2048, 2048, 2049, 2048, 2049, 2048]",329.0
1280,11245,77,7,2026-03-15T07:14:14.547000+00:00,26.604,30.985,43.286,263.0,253.0,False,100.875,"[None, 2048, 2049, 2048, 2049, 2049, 2048]","[2048, 2048, 2048, 2048, 2048, 2048]","[2049, 2048, 2049, 2048, 2048, 2049, 2048, 2049, 2048, 2048, 2048]",315.0
1280,11245,14,7,2026-03-15T07:14:15.186000+00:00,26.579,31.303,43.777,267.0,248.0,False,101.659,"[None, 2048, 2048, 2048, 2048, 2048, 2048]","[2048, 2048, 2048, 2048, 2048, 2048]","[2048, 2048, 2048, 2048, 2048, 2048, 2048, 2048, 2048, 2049, 2049]",316.0
1280,11245,18,7,2026-03-15T07:14:17.147000+00:00,26.685,30.942,43.329,,247.0,False,100.956,"[None, 2048, 2049, 2048, 2049, 2049, 2048]","[2048, 2048, 2048, 2048, 2048, 2048]","[2048, 2048, 2048, 2048, 2048, 2048, 2049, 2049, 2048, 2048, 2048]",307.0
1280,11245,11,7,2026-03-15T07:14:20.185000+00:00,26.521,30.988,43.409,268.0,251.0,False,100.918,"[None, 2049, 2049, 2048, 2048, 2048, 2048]","[2049, 2048, 2048, 2048, 2048, 2048]","[2048, 2048, 2049, 2049, 2048, 2048, 2048, 2048, 2048, 2048, 2048]",311.0
1280,11245,6,7,2026-03-15T07:14:39.152000+00:00,25.97,30.015,42.472,268.0,259.0,False,98.457,"[2048, 2048, 2048, 2048, 2048, 2048, 2048]","[2048, 2048, 2048, 2049, 2048, 2048]","[2048, 2048, 2049, 2049, 2048, 2048, 2048, 2048, 2049, 2049, 2048]",309.0
1280,11245,12,8,2026-03-15T07:15:26.248000+00:00,25.807,29.454,42.061,,257.0,False,97.322,"[None, 2048, 2048, 2048, 2049, 2048, 2048]","[2049, 2048, 2049, 2049, 2048, 2048]","[2048, 2048, 2048, 2048, 2048, 2048, 2048, 2048, 2049, 2049, 2048]",307.0
1280,11245,63,8,2026-03-15T07:15:27.623000+00:00,25.949,29.355,41.962,,257.0,False,97.266,"[None, 2048, 2048, 2048, 2048, 2048, 2048]","[2048, 2048, 2048, 2048, 2048, 2048]","[2048, 2048, 2048, 2049, 2048, 2049, 2048, 2048, 2048, 2048, 2048]",316.0
1280,11245,44,8,2026-03-15T07:15:29.982000+00:00,25.948,29.645,42.336,262.0,248.0,False,97.929,"[None, 2048, 2048, 2048, 2048, 2048, 2048]","[2048, 2048, 2048, 2051, 2048, 2048]","[2048, 2048, 2048, 2048, 2048, 2048, 2048, 2048, 2048, 2048, 2048]",304.0
1280,11245,16,8,2026-03-15T07:15:30.857000+00:00,25.841,29.734,42.219,272.0,251.0,False,97.794,"[None, 2048, 2048, 2048, 2049, 2048, 2048]","[2049, 2048, 2048, 2049, 2048, 2048]","[2048, 2048, 2048, 2048, 2048, 2048, 2048, 2048, 2048, 2048, 2048]",314.0
1280,11245,10,8,2026-03-15T07:15:34.920000+00:00,26.03,29.874,42.523,,258.0,False,98.427,"[None, 2048, 2048, 2049, 2048, 2049, 2048]","[2049, 2048, 2049, 2048, 2048, 2048]","[2048, 2048, 2048, 2048, 2048, 2048, 2048, 2048, 2048, 2048, 2048]",312.0
1280,11245,43,8,2026-03-15T07:15:39.404000+00:00,26.143,30.175,42.641,274.0,259.0,False,98.959,"[None, 2048, 2048, 2048, 2049, 2048, 2048]","[2048, 2048, 2048, 2048, 2048, 2048]","[2048, 2048, 2048, 2049, 2048, 2048, 2049, 2049, 2048, 2048]",314.0
1280,11245,31,8,2026-03-15T07:15:41.529000+00:00,26.219,30.012,42.784,,251.0,False,99.015,"[None, 2048, 2048, 2048, 2048, 2048, 2048]","[2049, 2048, 2048, 2049, 2048, 2048]","[2048, 2048, 2048, 2048, 2048, 2048, 2048, 2048, 2048, 2048]",307.0
1280,11245,30,8,2026-03-15T07:15:43.576000+00:00,26.311,30.4,43.167,268.0,263.0,False,99.878,"[2048, 2048, 2048, 2048, 2048, 2048, 2048]","[2048, 2048, 2048, 2048, 2048, 2048]","[2048, 2048, 2048, 2048, 2048, 2048, 2048, 2048, 2048, 2048, 2048]",314.0
1280,11245,41,8,2026-03-15T07:15:44.435000+00:00,26.064,30.44,42.946,276.0,265.0,False,99.45,"[2048, 2048, 2048, 2048, 2048, 2048, 2048]","[2048, 2048, 2048, 2048, 2048, 2049]","[2048, 2048, 2048, 2049, 2049, 2048, 2048, 2048, 2048, 2048, 2048]",336.0
1280,11245,3,8,2026-03-15T07:15:45.123000+00:00,26.042,30.748,42.675,272.0,265.0,False,99.465,"[None, 2048, 2048, 2048, 2048, 2048, 2048]","[2048, 2048, 2048, 2048, 2048, 2048]","[2048, 2048, 2048, 2049, 2048, 2048, 2048, 2048, 2048, 2048, 2048]",322.0
1280,11245,87,8,2026-03-15T07:15:45.685000+00:00,26.217,30.611,42.608,272.0,261.0,False,99.436,"[2048, 2048, 2048, 2048, 2048, 2048, 2048]","[2048, 2048, 2048, 2048, 2048, 2048]","[2048, 2048, 2048, 2048, 2048, 2048, 2048, 2048, 2049, 2048, 2048]",334.0
1280,11245,27,8,2026-03-15T07:15:47.435000+00:00,26.119,30.173,42.735,272.0,263.0,False,99.027,"[None, 2048, 2048, 2049, 2048, 2048, 2048]","[2048, 2048, 2048, 2049, 2048, 2048]","[2049, 2048, 2048, 2048, 2048, 2048, 2049, 2049, 2048, 2049, 2048]",314.0
1280,11245,55,8,2026-03-15T07:15:48.045000+00:00,26.363,30.686,42.864,282.0,269.0,False,99.913,"[None, 2048, 2048, 2049, 2048, 2048, 2049]","[2048, 2048, 2048, 2048, 2048, 2049]","[2048, 2048, 2048, 2048, 2048, 2048, 2048, 2049, 2048, 2048, 2048]",330.0
1280,11245,77,8,2026-03-15T07:15:55.522000+00:00,26.882,31.015,43.361,262.0,254.0,False,101.258,"[None, 2048, 2049, 2048, 2048, 2048, 2048]","[2048, 2048, 2048, 2048, 2048, 2048]","[2049, 2048, 2048, 2048, 2048, 2048, 2048, 2049, 2048, 2049, 2048]",313.0
1280,11245,14,8,2026-03-15T07:15:56.921000+00:00,26.389,31.171,43.553,258.0,250.0,False,101.113,"[None, 2048, 2048, 2048, 2048, 2048, 2048]","[2048, 2048, 2048, 2048, 2048, 2048]","[2049, 2048, 2048, 2048, 2048, 2048, 2048, 2048, 2048, 2048, 2048]",315.0
1280,11245,18,8,2026-03-15T07:15:58.114000+00:00,26.692,31.176,43.306,256.0,246.0,False,101.174,"[None, 2048, 2048, 2048, 2048, 2048, 2048]","[2048, 2048, 2048, 2048, 2048, 2048]","[2048, 2048, 2048, 2048, 2048, 2048, 2048, 2048, 2048, 2049, 2048]",304.0
1280,11245,11,8,2026-03-15T07:16:01.037000+00:00,26.456,31.044,43.603,273.0,253.0,False,101.103,"[None, 2048, 2049, 2048, 2048, 2048, 2049]","[2048, 2048, 2048, 2048, 2048, 2048]","[2048, 2048, 2048, 2048, 2048, 2048, 2048, 2048, 2048, 2048, 2049]",309.0
1280,11245,6,8,2026-03-15T07:16:17.636000+00:00,26.132,30.026,42.503,264.0,258.0,False,98.661,"[None, 2048, 2048, 2048, 2048, 2048, 2048]","[2048, 2048, 2048, 2048, 2048, 2048]","[2048, 2048, 2048, 2048, 2048, 2049, 2048, 2048, 2048, 2048, 2048]",308.0
1280,11245,12,9,2026-03-15T07:17:03.619000+00:00,25.839,29.585,41.932,269.0,256.0,False,97.356,"[None, 2048, 2048, 2048, 2049, 2048, 2048]","[2048, 2048, 2049, 2048, 2048, 2048]","[2048, 2048, 2048, 2048, 2048, 2048, 2049, 2049, 2048, 2048, 2048]",309.0
1280,11245,63,9,2026-03-15T07:17:04.948000+00:00,25.861,29.513,41.887,272.0,258.0,False,97.261,"[None, 2048, 2048, 2048, 2049, 2048, 2048]","[2048, 2048, 2048, 2048, 2048, 2048]","[2048, 2048, 2048, 2049, 2049, 2048, 2048, 2048, 2048, 2048, 2048]",331.0
1280,11245,44,9,2026-03-15T07:17:07.860000+00:00,26.231,29.813,42.327,264.0,252.0,False,98.371,"[None, 2048, 2048, 2049, 2048, 2048, 2048]","[2048, 2048, 2048, 2048, 2048, 2048]","[2048, 2048, 2048, 2048, 2048, 2048, 2048, 2048, 2049, 2049, 2049]",304.0
1280,11245,16,9,2026-03-15T07:17:08.697000+00:00,26.108,29.872,42.15,276.0,252.0,False,98.13,"[None, 2048, 2048, 2048, 2048, 2048, 2048]","[2049, 2049, 2049, 2048, 2048, 2048]","[2048, 2048, 2048, 2048, 2048, 2048, 2048, 2048, 2049, 2049, 2048]",314.0
1280,11245,10,9,2026-03-15T07:17:13.267000+00:00,26.192,29.903,42.514,,257.0,False,98.609,"[None, 2048, 2048, 2049, 2048, 2048, 2048]","[2048, 2048, 2049, 2048, 2048, 2048]","[2048, 2048, 2048, 2048, 2048, 2048, 2048, 2048, 2048, 2049, 2048]",311.0
1280,11245,43,9,2026-03-15T07:17:18.401000+00:00,26.118,30.268,42.65,,260.0,False,99.036,"[None, 2048, 2048, 2048, 2048, 2048, 2048]","[2048, 2048, 2048, 2048, 2048, 2048]","[2048, 2048, 2048, 2048, 2048, 2048, 2049, 2048, 2049, 2048, 2048]",314.0
1280,11245,31,9,2026-03-15T07:17:20.604000+00:00,26.316,30.007,42.695,261.0,253.0,False,99.018,"[None, 2048, 2048, 2048, 2048, 2048, 2048]","[2049, 2048, 2048, 2048, 2048, 2048]","[2049, 2048, 2048, 2048, 2048, 2048, 2048, 2048, 2048, 2048, 2048]",307.0
1280,11245,30,9,2026-03-15T07:17:23.437000+00:00,26.345,30.669,49.165,266.0,255.0,False,106.179,"[None, 2048, 2048, 2048, 2048, 2048, 2048]","[2048, 2048, 2048, 2048, 2048, 2048]","[2048, 2048, 2048, 2048, 2048, 2048, 2048, 2049, 2064, 2064, 2064]",310.0
1280,11245,41,9,2026-03-15T07:17:23.843000+00:00,26.316,30.745,42.798,274.0,262.0,False,99.859,"[None, 2048, 2048, 2048, 2048, 2048, 2048]","[2048, 2048, 2048, 2048, 2048, 2048]","[2048, 2048, 2048, 2048, 2048, 2048, 2048, 2048, 2048, 2048, 2048]",328.0
1280,11245,3,9,2026-03-15T07:17:24.530000+00:00,26.282,30.798,48.445,,263.0,False,105.525,"[None, 2048, 2048, 2048, 2048, 2048, 2048]","[2048, 2048, 2048, 2048, 2048, 2048]","[2048, 2048, 2048, 2048, 2048, 2048, 2048, 2049, 2064, 2064, 2064]",323.0
1280,11245,87,9,2026-03-15T07:17:25.093000+00:00,26.329,30.76,42.621,271.0,257.0,False,99.71,"[None, 2048, 2048, 2048, 2048, 2048, 2048]","[2048, 2048, 2048, 2048, 2048, 2048]","[2048, 2048, 2048, 2048, 2049, 2048, 2049, 2048, 2048, 2048, 2048]",333.0
1280,11245,27,9,2026-03-15T07:17:26.577000+00:00,25.939,30.387,42.838,,267.0,False,99.164,"[None, 2048, 2049, 2048, 2048, 2048, 2048]","[2048, 2048, 2048, 2048, 2048, 2048]","[2048, 2048, 2048, 2048, 2048, 2048, 2049, 2048, 2048, 2048, 2048]",323.0
1280,11245,55,9,2026-03-15T07:17:27.905000+00:00,26.683,30.683,47.768,274.0,257.0,False,105.134,"[None, 2048, 2048, 2048, 2048, 2048, 2048]","[2048, 2048, 2049, 2048, 2048, 2048]","[2048, 2048, 2048, 2048, 2048, 2048, 2049, 2051, 2064, 2064, 2064]",323.0
1280,11245,77,9,2026-03-15T07:17:36.777000+00:00,26.941,30.99,43.418,,251.0,False,101.349,"[None, 2048, 2048, 2048, 2048, 2048, 2048]","[2048, 2048, 2048, 2048, 2048, 2048]","[2049, 2048, 2048, 2048, 2048, 2048, 2048, 2048, 2048, 2048, 2048]",310.0
1280,11245,14,9,2026-03-15T07:17:38.030000+00:00,26.658,31.46,43.513,255.0,247.0,False,101.631,"[None, 2048, 2048, 2048, 2048, 2048, 2048]","[2048, 2048, 2048, 2048, 2048, 2048]","[2048, 2048, 2048, 2048, 2048, 2048, 2048, 2048, 2048, 2049, 2049]",310.0
1280,11245,18,9,2026-03-15T07:17:39.284000+00:00,26.575,30.832,43.476,258.0,253.0,False,100.883,"[None, 2048, 2048, 2048, 2048, 2049, 2048]","[2048, 2048, 2048, 2048, 2048, 2048]","[2048, 2048, 2048, 2049, 2048, 2048, 2048, 2048, 2048, 2048, 2048]",320.0
1280,11245,11,9,2026-03-15T07:17:42.148000+00:00,26.681,31.251,43.849,268.0,252.0,False,101.781,"[None, 2048, 2048, 2048, 2048, 2048, 2048]","[2048, 2048, 2048, 2048, 2048, 2048]","[2048, 2048, 2048, 2048, 2048, 2048, 2048, 2048, 2048, 2048, 2048]",307.0
1280,11245,6,9,2026-03-15T07:17:56.158000+00:00,26.18,30.093,42.389,263.0,257.0,False,98.662,"[None, 2048, 2048, 2048, 2048, 2048, 2048]","[2048, 2048, 2048, 2048, 2048, 2048]","[2048, 2048, 2048, 2048, 2048, 2049, 2048, 2048, 2048, 2048, 2048]",308.0
1280,11245,12,10,2026-03-15T07:18:40.894000+00:00,25.717,29.56,51.394,270.0,257.0,False,106.671,"[None, 2048, 2048, 2048, 2048, 2048, 2048]","[2048, 2048, 2048, 2048, 2048, 2048]","[2048, 2048, 2048, 2048, 2048, 2048, 2048, 2049, 2064, 2064, 2064]",307.0
1280,11245,63,10,2026-03-15T07:18:42.193000+00:00,25.923,29.617,57.239,271.0,256.0,False,112.779,"[None, 2048, 2048, 2048, 2048, 2048, 2048]","[2048, 2048, 2048, 2048, 2048, 2048]","[2048, 2048, 2049, 2048, 2048, 2048, 2048, 2048, 2064, 2064, 2064]",317.0
1280,11245,44,10,2026-03-15T07:18:46.178000+00:00,26.118,29.593,54.235,260.0,255.0,False,109.946,"[None, 2048, 2048, 2049, 2048, 2048, 2048]","[2048, 2048, 2048, 2048, 2048, 2048]","[2048, 2048, 2048, 2048, 2048, 2048, 2048, 2048, 2064, 2064, 2064]",296.0
1280,11245,16,10,2026-03-15T07:18:46.810000+00:00,26.115,30.067,56.215,267.0,251.0,False,112.397,"[None, 2048, 2048, 2048, 2048, 2048, 2048]","[2048, 2048, 2048, 2048, 2048, 2048]","[2048, 2048, 2048, 2048, 2048, 2048, 2048, 2048, 2064, 2064, 2064]",238.0
1280,11245,10,10,2026-03-15T07:18:51.873000+00:00,26.099,29.86,57.035,271.0,258.0,False,112.994,"[None, 2048, 2049, 2048, 2048, 2048, 2048]","[2049, 2048, 2048, 2048, 2048, 2048]","[2048, 2048, 2048, 2048, 2048, 2048, 2048, 2049, 2064, 2064, 2064]",215.0
1280,11245,43,10,2026-03-15T07:18:57.302000+00:00,26.157,30.235,55.079,273.0,260.0,False,111.471,"[None, 2048, 2048, 2048, 2048, 2048, 2048]","[2049, 2048, 2048, 2048, 2048, 2048]","[2048, 2048, 2048, 2048, 2048, 2048, 2048, 2048, 2048, 2048, 2048]",246.0
1280,11245,31,10,2026-03-15T07:18:59.677000+00:00,26.103,30.048,56.224,,251.0,False,112.375,"[None, 2048, 2048, 2048, 2048, 2048, 2048]","[2048, 2048, 2048, 2049, 2048, 2048]","[2048, 2048, 2048, 2048, 2048, 2048, 2048, 2048, 2048, 2048, 2048]",263.0
1280,11245,41,10,2026-03-15T07:19:03.630000+00:00,26.148,30.22,56.77,268.0,256.0,False,113.138,"[None, 2048, 2048, 2048, 2049, 2048, 2048]","[2049, 2048, 2048, 2049, 2048, 2048]","[2049, 2048, 2048, 2048, 2048, 2048, 2048, 2048, 2048, 2048, 2048]",260.0
1280,11245,87,10,2026-03-15T07:19:04.708000+00:00,26.336,30.168,60.926,266.0,255.0,False,117.43,"[None, 2048, 2048, 2048, 2049, 2048, 2048]","[2048, 2048, 2049, 2048, 2048, 2048]","[2048, 2048, 2048, 2048, 2048, 2048, 2048, 2049, 2064, 2064, 2064]",258.0
1280,11245,27,10,2026-03-15T07:19:05.677000+00:00,25.977,30.406,57.426,276.0,266.0,False,113.809,"[None, 2048, 2048, 2048, 2048, 2048, 2048]","[2048, 2048, 2048, 2048, 2048, 2048]","[2048, 2048, 2048, 2048, 2048, 2048, 2048, 2048, 2048, 2048, 2048]",260.0
1280,11245,30,10,2026-03-15T07:19:09.536000+00:00,45.558,39.863,56.717,266.0,152.0,True,142.138,"[2064, 2064, 2048, 2048, 2048, 2048, 2048]","[2048, 2048, 2048, 2048, 2048, 2048]","[2048, 2048, 2048, 2048, 2048, 2048, 2048, 2048, 2048, 2048, 2048]",198.0
1280,11245,3,10,2026-03-15T07:19:10.005000+00:00,46.287,39.105,57.76,266.0,154.0,True,143.152,"[2064, 2064, 2048, 2048, 2048, 2049, 2048]","[2048, 2048, 2048, 2048, 2048, 2048]","[2048, 2048, 2048, 2048, 2048, 2048, 2048, 2048, 2048, 2048, 2048]",223.0
1280,11245,55,10,2026-03-15T07:19:12.989000+00:00,45.858,40.3,57.029,276.0,243.0,True,143.187,"[2064, 2064, 2048, 2048, 2048, 2048, 2048]","[2048, 2048, 2048, 2048, 2048, 2048]","[2048, 2048, 2048, 2048, 2048, 2048, 2048, 2048, 2048, 2048, 2048]",214.0
1280,11245,77,10,2026-03-15T07:19:18.052000+00:00,26.878,35.613,62.64,267.0,203.0,False,125.131,"[None, 2048, 2049, 2048, 2048, 2048, 2048]","[2049, 2048, 2048, 2048, 2048, 2048]","[2048, 2048, 2048, 2048, 2048, 2048, 2048, 2049, 2064, 2064, 2064]",252.0
1280,11245,14,10,2026-03-15T07:19:19.708000+00:00,26.504,37.346,56.069,,200.0,False,119.919,"[None, 2048, 2048, 2048, 2048, 2048, 2048]","[2048, 2048, 2048, 2048, 2048, 2048]","[2048, 2048, 2048, 2048, 2048, 2048, 2048, 2048, 2048, 2048, 2048]",226.0
1280,11245,18,10,2026-03-15T07:19:20.239000+00:00,,,,,,False,,"[None, 0, 0, 0, 0, 0, 0]",,,
1280,11245,11,10,2026-03-15T07:19:23.932000+00:00,26.909,39.427,55.281,271.0,145.0,False,121.617,"[None, 2048, 2048, 2048, 2048, 2048, 2048]","[2048, 2048, 2048, 2048, 2048, 2048]","[2048, 2048, 2048, 2048, 2048, 2048, 2048, 2048, 2048, 2048, 2048]",276.0
1280,11245,6,10,2026-03-15T07:19:34.911000+00:00,26.322,40.743,60.973,265.0,246.0,False,128.038,"[None, 2048, 2048, 2048, 2048, 2048, 2048]","[2048, 2048, 2048, 2048, 2048, 2048]","[2048, 2048, 2048, 2048, 2048, 2048, 2048, 2048, 2064, 2064, 2064]",225.0
1280,11245,12,11,2026-03-15T07:20:27.639000+00:00,57.422,45.272,64.528,174.0,158.0,True,167.222,"[2064, 2064, 2048, 2048, 2048, 2048, 2048]","[2048, 2048, 2048, 2048, 2048, 2048]","[2048, 2048, 2048, 2048, 2048, 2048, 2048, 2048, 2048, 2048, 2048]",210.0
1280,11245,63,11,2026-03-15T07:20:34.858000+00:00,55.148,43.483,64.092,135.0,197.0,True,162.723,"[2064, 2064, 2048, 2048, 2048, 2048, 2048]","[2048, 2048, 2048, 2048, 2048, 2048]","[2048, 2048, 2048, 2048, 2048, 2048, 2048, 2048, 2048, 2048, 2048]",232.0
1280,11245,44,11,2026-03-15T07:20:36.171000+00:00,56.333,42.193,63.793,214.0,208.0,True,162.319,"[2064, 2064, 2048, 2048, 2048, 2048, 2048]","[2048, 2048, 2048, 2048, 2048, 2048]","[2048, 2048, 2048, 2048, 2048, 2048, 2048, 2048, 2048, 2048, 2048]",218.0
1280,11245,16,11,2026-03-15T07:20:39.108000+00:00,57.124,41.154,63.455,252.0,220.0,True,161.733,"[2064, 2064, 2048, 2048, 2048, 2048, 2048]","[2048, 2048, 2048, 2048, 2048, 2048]","[2048, 2048, 2048, 2048, 2048, 2048, 2048, 2048, 2048, 2048, 2048]",235.0
1280,11245,10,11,2026-03-15T07:20:44.862000+00:00,54.68,40.781,63.178,238.0,221.0,True,158.639,"[2064, 2064, 2048, 2048, 2048, 2048, 2048]","[2048, 2048, 2048, 2048, 2048, 2048]","[2048, 2048, 2048, 2048, 2048, 2048, 2048, 2048, 2048, 2048, 2048]",257.0
1280,11245,43,11,2026-03-15T07:20:48.841000+00:00,38.41,44.254,63.978,129.0,162.0,False,146.642,"[None, 2048, 2048, 2048, 2048, 2048, 2048]","[2048, 2048, 2048, 2048, 2048, 2048]","[2048, 2048, 2048, 2048, 2048, 2048, 2048, 2048, 2048, 2048, 2048]",214.0
1280,11245,31,11,2026-03-15T07:20:52.006000+00:00,36.643,43.729,63.872,125.0,139.0,False,144.244,"[None, 2048, 2048, 2048, 2048, 2048, 2048]","[2048, 2048, 2048, 2048, 2048, 2048]","[2048, 2048, 2048, 2048, 2048, 2048, 2048, 2048, 2048, 2048, 2048]",167.0
1280,11245,41,11,2026-03-15T07:20:56.861000+00:00,37.892,41.196,63.968,225.0,173.0,False,143.056,"[None, 2048, 2048, 2048, 2048, 2048, 2048]","[2048, 2048, 2048, 2048, 2048, 2048]","[2048, 2048, 2048, 2048, 2048, 2048, 2048, 2048, 2048, 2048]",222.0
1280,11245,27,11,2026-03-15T07:20:59.439000+00:00,38.541,40.272,63.185,232.0,242.0,False,141.998,"[None, 2048, 2048, 2048, 2048, 2048, 2048]","[2048, 2048, 2048, 2048, 2048, 2048]","[2048, 2048, 2048, 2048, 2048, 2048, 2048, 2048, 2048, 2048, 2048]",245.0
1280,11245,87,11,2026-03-15T07:21:02.111000+00:00,52.49,40.239,59.301,192.0,218.0,True,152.03,"[2064, 2064, 2048, 2048, 2048, 2048, 2048]","[2048, 2048, 2048, 2048, 2048, 2048]","[2048, 2048, 2048, 2048, 2048, 2048, 2048, 2048, 2048, 2048, 2048]",198.0
1280,11245,14,11,2026-03-15T07:21:19.494000+00:00,37.207,40.635,57.551,170.0,218.0,False,135.393,"[None, 2048, 2048, 2048, 2048, 2048, 2048]","[2048, 2048, 2048, 2048, 2048, 2048]","[2048, 2048, 2048, 2048, 2048, 2048, 2048, 2048, 2048, 2048, 2048]",250.0
1280,11245,77,11,2026-03-15T07:21:23.127000+00:00,58.486,40.93,57.367,190.0,227.0,True,156.783,"[2064, 2064, 2048, 2048, 2048, 2048, 2048]","[2048, 2048, 2048, 2048, 2048, 2048]","[2048, 2048, 2048, 2048, 2048, 2048, 2048, 2048, 2048, 2048, 2048]",220.0
1280,11245,11,11,2026-03-15T07:21:25.424000+00:00,34.918,41.413,62.388,237.0,169.0,False,138.719,"[None, 2048, 2048, 2048, 2048, 2048, 2048]","[2048, 2048, 2048, 2048, 2048, 2048]","[2048, 2048, 2048, 2048, 2048, 2048, 2048, 2049, 2064, 2064, 2064]",243.0
1280,11245,30,11,2026-03-15T07:21:31.657000+00:00,35.409,40.895,58.865,220.0,193.0,False,135.169,"[2048, 2048, 2048, 2048, 2048, 2048, 2048]","[2048, 2048, 2048, 2048, 2048, 2048]","[2048, 2048, 2048, 2048, 2048, 2048, 2048, 2048, 2048, 2048, 2048]",216.0
1280,11245,3,11,2026-03-15T07:21:33.279000+00:00,35.451,40.422,59.195,226.0,225.0,False,135.068,"[2048, 2048, 2048, 2048, 2048, 2048, 2048]","[2048, 2048, 2048, 2048, 2048, 2048]","[2048, 2048, 2048, 2048, 2048, 2048, 2048, 2048, 2048, 2048, 2048]",253.0
1280,11245,55,11,2026-03-15T07:21:36.222000+00:00,35.932,41.674,57.616,255.0,205.0,False,135.222,"[2048, 2048, 2048, 2048, 2048, 2048, 2048]","[2048, 2048, 2048, 2048, 2048, 2048]","[2048, 2048, 2048, 2048, 2048, 2048, 2048, 2048, 2048, 2048, 2048]",271.0
1280,11245,6,11,2026-03-15T07:21:42.794000+00:00,56.842,40.16,57.636,139.0,158.0,True,154.638,"[2064, 2064, 2048, 2048, 2048, 2048, 2048]","[2048, 2048, 2048, 2048, 2048, 2048]","[2048, 2048, 2048, 2048, 2048, 2048, 2048, 2048, 2048, 2048, 2048]",148.0
1280,11245,12,12,2026-03-15T07:23:14.898000+00:00,43.356,43.386,63.168,164.0,182.0,False,149.91,"[2048, 2048, 2048, 2048, 2048, 2048, 2048]","[2048, 2048, 2048, 2048, 2048, 2048]","[2048, 2048, 2048, 2048, 2048, 2048, 2048, 2048, 2048, 2048, 2048]",186.0
1280,11245,43,12,2026-03-15T07:23:15.382000+00:00,43.532,43.109,63.337,155.0,190.0,False,149.978,"[None, 2048, 2048, 2048, 2048, 2048, 2048]","[2048, 2048, 2048, 2048, 2048, 2048]","[2048, 2048, 2048, 2048, 2048, 2048, 2048, 2048, 2048, 2048, 2048]",182.0
1280,11245,31,12,2026-03-15T07:23:16.148000+00:00,43.603,43.126,63.125,162.0,176.0,False,149.854,"[None, 2048, 2048, 2048, 2048, 2048, 2048]","[2048, 2048, 2048, 2048, 2048, 2048]","[2048, 2048, 2048, 2048, 2048, 2048, 2048, 2048, 2048, 2048, 2048]",161.0
1280,11245,63,12,2026-03-15T07:23:17.695000+00:00,43.86,42.726,63.081,118.0,206.0,False,149.667,"[2048, 2048, 2048, 2048, 2048, 2048, 2048]","[2048, 2048, 2048, 2048, 2048, 2048]","[2048, 2048, 2048, 2048, 2048, 2048, 2048, 2048, 2048, 2048, 2048]",216.0
1280,11245,44,12,2026-03-15T07:23:18.539000+00:00,43.585,43.402,63.017,116.0,159.0,False,150.004,"[2048, 2048, 2048, 2048, 2048, 2048, 2048]","[2048, 2048, 2048, 2048, 2048, 2048]","[2048, 2048, 2048, 2048, 2048, 2048, 2048, 2048, 2048, 2048, 2048]",200.0
1280,11245,41,12,2026-03-15T07:23:19.789000+00:00,42.835,43.447,63.542,153.0,178.0,False,149.824,"[None, 2048, 2048, 2048, 2048, 2048, 2048]","[2048, 2048, 2048, 2048, 2048, 2048]","[2048, 2048, 2048, 2048, 2048, 2048, 2048, 2048, 2048, 2048, 2048]",182.0
1280,11245,16,12,2026-03-15T07:23:20.960000+00:00,42.91,44.533,62.739,137.0,180.0,False,150.182,"[2048, 2048, 2048, 2048, 2048, 2048, 2048]","[2048, 2048, 2048, 2048, 2048, 2048]","[2048, 2048, 2048, 2048, 2048, 2048, 2048, 2048, 2048, 2048, 2048]",154.0
1280,11245,27,12,2026-03-15T07:23:21.460000+00:00,42.774,44.575,63.508,149.0,158.0,False,150.857,"[None, 2048, 2048, 2048, 2048, 2048, 2048]","[2048, 2048, 2048, 2048, 2048, 2048]","[2048, 2048, 2048, 2048, 2048, 2048, 2048, 2048, 2048, 2048, 2048]",178.0
1280,11245,10,12,2026-03-15T07:23:23.492000+00:00,42.739,44.215,63.121,207.0,200.0,False,150.075,"[2048, 2048, 2048, 2048, 2048, 2048, 2048]","[2048, 2048, 2048, 2048, 2048, 2048]","[2048, 2048, 2048, 2048, 2048, 2048, 2048, 2048, 2048, 2048, 2048]",154.0
1280,11245,87,12,2026-03-15T07:23:34.188000+00:00,36.414,41.154,62.907,187.0,214.0,False,140.475,"[2048, 2048, 2048, 2048, 2048, 2048, 2048]","[2048, 2048, 2048, 2048, 2048, 2048]","[2048, 2048, 2048, 2048, 2048, 2048, 2048, 2048, 2048, 2048, 2048]",98.0
1280,11245,14,12,2026-03-15T07:23:34.880000+00:00,36.95,40.579,63.469,238.0,180.0,False,140.998,"[None, 2048, 2048, 2048, 2048, 2048, 2048]","[2048, 2048, 2048, 2048, 2048, 2048]","[2048, 2048, 2048, 2048, 2048, 2048, 2048, 2048, 2048, 2048, 2048]",124.0
1280,11245,11,12,2026-03-15T07:23:44.121000+00:00,57.392,32.169,48.374,225.0,265.0,True,137.935,"[2064, 2064, 2048, 2048, 2048, 2048, 2048]","[2048, 2048, 2048, 2048, 2048, 2048]","[2048, 2048, 2048, 2048, 2048, 2048, 2048, 2048, 2048, 2048, 2048]",272.0
1280,11245,30,12,2026-03-15T07:23:46.840000+00:00,33.054,34.546,62.984,231.0,177.0,False,130.584,"[None, 2048, 2048, 2048, 2048, 2048, 2048]","[2048, 2048, 2048, 2048, 2048, 2048]","[2048, 2048, 2048, 2048, 2048, 2048, 2048, 2048, 2048, 2048, 2048]",111.0
1280,11245,3,12,2026-03-15T07:23:48.168000+00:00,32.207,34.84,62.622,235.0,214.0,False,129.669,"[None, 2048, 2048, 2048, 2048, 2048, 2048]","[2048, 2048, 2048, 2048, 2048, 2048]","[2048, 2048, 2048, 2048, 2048, 2048, 2048, 2048, 2048, 2048, 2048]",106.0
1280,11245,55,12,2026-03-15T07:23:51.448000+00:00,34.991,36.307,56.453,257.0,266.0,False,127.751,"[None, 2048, 2048, 2048, 2048, 2048, 2048]","[2048, 2048, 2048, 2048, 2048, 2049]","[2048, 2048, 2048, 2048, 2048, 2048, 2048, 2048, 2048, 2048, 2048]",90.0
1280,11245,77,12,2026-03-15T07:24:00.080000+00:00,33.862,33.038,54.548,267.0,234.0,False,121.448,"[2048, 2048, 2048, 2048, 2048, 2048, 2048]","[2048, 2048, 2048, 2048, 2048, 2048]","[2048, 2048, 2048, 2048, 2048, 2048, 2048, 2048, 2048, 2048]",180.0
1280,11245,6,12,2026-03-15T07:24:17.510000+00:00,32.169,32.463,46.579,236.0,243.0,False,111.211,"[2048, 2048, 2048, 2048, 2048, 2048, 2048]","[2048, 2048, 2048, 2048, 2048, 2048]","[2048, 2048, 2048, 2048, 2048, 2048, 2048, 2048, 2048, 2048, 2048]",272.0
1280,11245,12,13,2026-03-15T07:25:44.750000+00:00,37.267,44.242,69.012,178.0,138.0,False,150.521,"[None, 2048, 2048, 2048, 2048, 2048, 2048]","[2048, 2048, 2048, 2048, 2048, 2048]","[2048, 2048, 2048, 2048, 2048, 2048, 2048, 2048, 2048, 2048, 2048]",158.0
1280,11245,43,13,2026-03-15T07:25:45.420000+00:00,37.203,44.278,69.011,205.0,122.0,False,150.492,"[None, 2048, 2048, 2048, 2048, 2048, 2048]","[2048, 2048, 2048, 2048, 2048, 2048]","[2048, 2048, 2048, 2048, 2048, 2048, 2048, 2048, 2048, 2048, 2048]",166.0
1280,11245,31,13,2026-03-15T07:25:46.148000+00:00,37.424,44.506,68.04,190.0,98.0,False,149.97,"[None, 2048, 2048, 2048, 2048, 2048, 2048]","[2048, 2048, 2048, 2048, 2048, 2048]","[2048, 2048, 2048, 2048, 2048, 2048, 2048, 2048, 2048, 2048, 2048]",172.0
1280,11245,63,13,2026-03-15T07:25:47.357000+00:00,37.664,43.955,67.661,146.0,130.0,False,149.28,"[None, 2048, 2048, 2048, 2048, 2048, 2048]","[2048, 2048, 2048, 2048, 2048, 2048]","[2048, 2048, 2048, 2048, 2048, 2048, 2048, 2048, 2048, 2048, 2048]",164.0
1280,11245,44,13,2026-03-15T07:25:48.558000+00:00,37.523,43.814,67.058,188.0,157.0,False,148.395,"[None, 2048, 2048, 2048, 2048, 2048, 2048]","[2048, 2048, 2048, 2048, 2048, 2048]","[2048, 2048, 2048, 2048, 2048, 2048, 2048, 2048, 2048, 2048, 2048]",166.0
1280,11245,41,13,2026-03-15T07:25:49.778000+00:00,36.919,44.554,66.098,193.0,173.0,False,147.571,"[None, 2048, 2048, 2048, 2048, 2048, 2048]","[2048, 2048, 2048, 2048, 2048, 2048]","[2048, 2048, 2048, 2048, 2048, 2048, 2048, 2048, 2048, 2048, 2048]",169.0
1280,11245,16,13,2026-03-15T07:25:51.096000+00:00,37.128,45.067,64.291,223.0,167.0,False,146.486,"[None, 2048, 2048, 2048, 2048, 2048, 2048]","[2048, 2048, 2048, 2048, 2048, 2048]","[2048, 2048, 2048, 2048, 2048, 2048, 2048, 2048, 2048, 2048, 2048]",174.0
1280,11245,27,13,2026-03-15T07:25:52.377000+00:00,36.536,45.081,63.991,207.0,128.0,False,145.608,"[None, 2048, 2048, 2048, 2048, 2048, 2048]","[2048, 2048, 2048, 2048, 2048, 2048]","[2048, 2048, 2048, 2048, 2048, 2048, 2048, 2048, 2048, 2048, 2048]",186.0
1280,11245,10,13,2026-03-15T07:25:53.513000+00:00,36.457,45.437,63.665,,183.0,False,145.559,"[None, 2048, 2048, 2048, 2048, 2048, 2048]","[2048, 2048, 2048, 2048, 2048, 2048]","[2048, 2048, 2048, 2048, 2048, 2048, 2048, 2048, 2048, 2048, 2048]",184.0
1280,11245,87,13,2026-03-15T07:25:54.758000+00:00,36.284,45.107,63.149,197.0,161.0,False,144.54,"[None, 2048, 2048, 2048, 2048, 2048, 2048]","[2048, 2048, 2048, 2048, 2048, 2048]","[2048, 2048, 2048, 2048, 2048, 2048, 2048, 2048, 2048, 2048, 2048]",175.0
1280,11245,14,13,2026-03-15T07:25:56.022000+00:00,35.617,45.735,62.394,213.0,189.0,False,143.746,"[None, 2048, 2048, 2048, 2048, 2048, 2048]","[2048, 2048, 2048, 2048, 2048, 2048]","[2048, 2048, 2048, 2048, 2048, 2048, 2048, 2048, 2048, 2048, 2048]",196.0
1280,11245,30,13,2026-03-15T07:25:57.429000+00:00,35.431,45.931,61.055,225.0,191.0,False,142.417,"[None, 2048, 2048, 2048, 2048, 2048, 2048]","[2048, 2048, 2048, 2048, 2048, 2048]","[2048, 2048, 2048, 2048, 2048, 2048, 2048, 2048, 2048, 2048, 2048]",206.0
1280,11245,3,13,2026-03-15T07:25:57.884000+00:00,35.686,45.94,60.721,225.0,204.0,False,142.347,"[None, 2048, 2048, 2048, 2048, 2048, 2048]","[2048, 2048, 2048, 2048, 2048, 2048]","[2048, 2048, 2048, 2048, 2048, 2048, 2048, 2048, 2048, 2048, 2048]",205.0
1280,11245,55,13,2026-03-15T07:25:59.188000+00:00,35.621,45.494,60.235,248.0,212.0,False,141.35,"[None, 2048, 2048, 2048, 2048, 2048, 2048]","[2048, 2048, 2048, 2048, 2048, 2048]","[2048, 2048, 2048, 2048, 2048, 2048, 2048, 2048, 2048, 2048, 2048]",179.0
1280,11245,77,13,2026-03-15T07:26:01.357000+00:00,35.481,45.177,59.161,230.0,179.0,False,139.819,"[None, 2048, 2048, 2048, 2048, 2048, 2048]","[2048, 2048, 2048, 2048, 2048, 2048]","[2048, 2048, 2048, 2048, 2048, 2048, 2048, 2048, 2048, 2048, 2048]",181.0
1280,11245,11,13,2026-03-15T07:26:02.160000+00:00,35.216,45.492,58.958,242.0,137.0,False,139.666,"[2048, 2048, 2048, 2048, 2048, 2048, 2048]","[2048, 2048, 2048, 2048, 2048, 2048]","[2048, 2048, 2048, 2048, 2048, 2048, 2048, 2048, 2048, 2048, 2048]",182.0
1280,11245,6,13,2026-03-15T07:26:08.730000+00:00,29.856,45.152,58.415,234.0,139.0,False,133.423,"[None, 2048, 2048, 2048, 2048, 2048, 2048]","[2048, 2048, 2048, 2048, 2048, 2048]","[2048, 2048, 2048, 2048, 2048, 2048, 2048, 2048, 2048, 2048, 2049]",164.0
1280,11245,12,14,2026-03-15T07:28:15.332000+00:00,26.203,30.021,42.733,277.0,271.0,False,98.957,"[2049, 2048, 2048, 2048, 2048, 2048, 2048]","[2048, 2048, 2048, 2048, 2048, 2048]","[2048, 2048, 2048, 2048, 2048, 2048, 2048, 2048, 2048, 2048, 2048]",309.0
1280,11245,43,14,2026-03-15T07:28:15.957000+00:00,26.212,30.44,42.813,280.0,266.0,False,99.465,"[2049, 2049, 2048, 2048, 2048, 2048, 2048]","[2048, 2048, 2048, 2048, 2048, 2049]","[2048, 2048, 2048, 2049, 2048, 2048, 2048, 2048, 2048, 2048, 2048]",318.0
1280,11245,31,14,2026-03-15T07:28:16.050000+00:00,26.252,30.75,43.323,279.0,258.0,False,100.325,"[2049, 2048, 2048, 2048, 2048, 2048, 2048]","[2048, 2049, 2048, 2048, 2048, 2048]","[2048, 2048, 2048, 2048, 2048, 2048, 2048, 2048, 2048, 2048, 2048]",326.0
1280,11245,63,14,2026-03-15T07:28:16.675000+00:00,26.305,31.086,43.197,304.0,260.0,False,100.588,"[None, 2048, 2048, 2048, 2048, 2048, 2049]","[2048, 2048, 2048, 2048, 2048, 2048]","[2048, 2048, 2051, 2049, 2048, 2048, 2048, 2048, 2048, 2048, 2048]",321.0
1280,11245,44,14,2026-03-15T07:28:16.925000+00:00,26.346,30.144,42.476,276.0,262.0,False,98.966,"[2049, 2049, 2048, 2048, 2048, 2048, 2048]","[2048, 2049, 2048, 2048, 2048, 2048]","[2048, 2048, 2049, 2049, 2049, 2048, 2048, 2048, 2048, 2049, 2049]",312.0
1280,11245,41,14,2026-03-15T07:28:17.410000+00:00,26.298,30.968,43.607,286.0,262.0,False,100.873,"[2049, 2049, 2048, 2048, 2048, 2049, 2048]","[2048, 2049, 2048, 2048, 2048, 2048]","[2048, 2048, 2048, 2048, 2048, 2048, 2048, 2048, 2048, 2048, 2048]",339.0
1280,11245,16,14,2026-03-15T07:28:17.691000+00:00,26.409,30.888,42.554,283.0,261.0,False,99.851,"[2049, 2049, 2048, 2048, 2048, 2048, 2048]","[2048, 2049, 2048, 2048, 2048, 2048]","[2048, 2048, 2048, 2049, 2049, 2048, 2049, 2048, 2048, 2048, 2049]",336.0
1280,11245,27,14,2026-03-15T07:28:17.894000+00:00,26.559,30.703,43.683,284.0,274.0,False,100.945,"[2049, 2049, 2048, 2048, 2048, 2048, 2048]","[2048, 2048, 2048, 2048, 2048, 2049]","[2048, 2048, 2048, 2048, 2048, 2048, 2048, 2048, 2048, 2048, 2048]",341.0
1280,11245,10,14,2026-03-15T07:28:19.160000+00:00,27.047,30.627,42.734,279.0,264.0,False,100.408,"[None, 2048, 2048, 2048, 2048, 2048, 2048]","[2048, 2048, 2048, 2048, 2048, 2048]","[2048, 2048, 2049, 2048, 2048, 2048, 2048, 2048, 2048, 2048, 2048]",328.0
1280,11245,87,14,2026-03-15T07:28:19.270000+00:00,26.103,30.378,42.759,284.0,272.0,False,99.24,"[2049, 2049, 2048, 2048, 2048, 2048, 2048]","[2048, 2048, 2048, 2048, 2048, 2049]","[2048, 2048, 2049, 2048, 2048, 2048, 2048, 2048, 2048, 2048, 2048]",342.0
1280,11245,14,14,2026-03-15T07:28:19.644000+00:00,27.411,31.734,44.355,267.0,252.0,False,103.5,"[2049, 2049, 2048, 2048, 2048, 2048, 2048]","[2048, 2048, 2048, 2048, 2048, 2048]","[2048, 2048, 2048, 2048, 2048, 2048, 2049, 2048, 2048, 2048, 2049]",325.0
1280,11245,30,14,2026-03-15T07:28:19.879000+00:00,26.543,31.232,43.004,289.0,269.0,False,100.779,"[2049, 2049, 2048, 2048, 2048, 2048, 2049]","[2048, 2049, 2048, 2048, 2048, 2048]","[2048, 2048, 2048, 2048, 2048, 2048, 2048, 2048, 2048, 2048]",339.0
1280,11245,3,14,2026-03-15T07:28:20.285000+00:00,26.178,30.957,42.438,309.0,261.0,False,99.573,"[None, 2051, 2048, 2048, 2048, 2048, 2051]","[2048, 2048, 2049, 2048, 2048, 2048]","[2048, 2048, 2049, 2048, 2048, 2048, 2049, 2048, 2048, 2049, 2048]",325.0
1280,11245,55,14,2026-03-15T07:28:20.660000+00:00,26.556,30.777,43.151,282.0,274.0,False,100.484,"[2049, 2049, 2048, 2048, 2048, 2048, 2049]","[2048, 2048, 2048, 2048, 2048, 2048]","[2048, 2048, 2048, 2048, 2048, 2048, 2048, 2048, 2048, 2048, 2048]",346.0
1280,11245,77,14,2026-03-15T07:28:21.287000+00:00,26.737,31.46,43.097,278.0,274.0,False,101.294,"[None, 2049, 2048, 2048, 2048, 2048, 2048]","[2048, 2048, 2048, 2048, 2048, 2049]","[2048, 2048, 2048, 2048, 2049, 2048, 2048, 2048, 2048, 2048, 2049]",332.0
1280,11245,11,14,2026-03-15T07:28:21.925000+00:00,26.987,31.116,43.656,279.0,269.0,False,101.759,"[2049, 2049, 2048, 2048, 2048, 2048, 2049]","[2048, 2048, 2048, 2048, 2048, 2049]","[2048, 2049, 2049, 2049, 2049, 2048, 2048, 2048, 2048, 2048, 2049]",335.0
1280,11245,6,14,2026-03-15T07:28:22.191000+00:00,25.781,30.923,42.627,304.0,273.0,False,99.331,"[2049, 2049, 2048, 2048, 2048, 2049, 2049]","[2048, 2048, 2048, 2048, 2048, 2048]","[2048, 2048, 2048, 2049, 2049, 2048, 2048, 2048, 2048, 2048, 2049]",332.0
1280,11245,12,15,2026-03-15T07:29:54.178000+00:00,26.027,29.867,42.328,272.0,257.0,False,98.222,"[2048, 2048, 2048, 2048, 2048, 2048, 2048]","[2048, 2048, 2048, 2048, 2048, 2048]","[2048, 2048, 2048, 2048, 2048, 2048, 2048, 2048, 2048, 2048, 2049]",308.0
1280,11245,43,15,2026-03-15T07:29:55.368000+00:00,25.952,30.192,42.685,276.0,266.0,False,98.829,"[2048, 2048, 2048, 2049, 2048, 2049, 2048]","[2049, 2048, 2048, 2048, 2048, 2048]","[2048, 2048, 2048, 2049, 2049, 2048, 2048, 2048, 2048, 2048, 2048]",325.0
1280,11245,44,15,2026-03-15T07:29:55.822000+00:00,25.729,29.636,41.708,275.0,254.0,False,97.073,"[2048, 2048, 2049, 2048, 2048, 2048, 2048]","[2048, 2048, 2048, 2051, 2048, 2048]","[2048, 2049, 2048, 2049, 2049, 2048, 2048, 2048, 2048, 2049, 2049]",322.0
1280,11245,31,15,2026-03-15T07:29:56.508000+00:00,25.887,30.079,43.077,269.0,260.0,False,99.043,"[2048, 2048, 2048, 2048, 2048, 2049, 2048]","[2048, 2048, 2048, 2048, 2048, 2049]","[2048, 2048, 2048, 2048, 2048, 2048, 2048, 2048, 2048, 2048, 2048]",316.0
1280,11245,63,15,2026-03-15T07:29:57.243000+00:00,25.968,30.345,42.597,305.0,260.0,False,98.91,"[None, 2048, 2048, 2048, 2048, 2048, 2049]","[2048, 2048, 2048, 2048, 2048, 2048]","[2048, 2048, 2048, 2048, 2049, 2048, 2048, 2048, 2048, 2048, 2048]",335.0
1280,11245,16,15,2026-03-15T07:29:57.430000+00:00,25.671,29.86,41.674,267.0,257.0,False,97.205,"[2048, 2048, 2049, 2049, 2048, 2048, 2048]","[2048, 2049, 2048, 2048, 2048, 2048]","[2048, 2049, 2049, 2049, 2048, 2048, 2048, 2048, 2048, 2049, 2048]",329.0
1280,11245,41,15,2026-03-15T07:29:58.118000+00:00,26.252,30.235,42.597,275.0,262.0,False,99.084,"[2048, 2048, 2048, 2048, 2048, 2048, 2048]","[2048, 2048, 2048, 2048, 2049, 2049]","[2048, 2048, 2048, 2048, 2048, 2048, 2048, 2048, 2049, 2049, 2049]",334.0
1280,11245,87,15,2026-03-15T07:29:58.399000+00:00,26.229,30.381,42.679,280.0,261.0,False,99.289,"[2048, 2048, 2048, 2048, 2048, 2048, 2048]","[2048, 2048, 2048, 2048, 2048, 2048]","[2048, 2048, 2049, 2049, 2049, 2048, 2048, 2048, 2048, 2048, 2048]",343.0
1280,11245,27,15,2026-03-15T07:29:58.852000+00:00,26.218,30.306,42.674,280.0,272.0,False,99.198,"[2048, 2048, 2048, 2048, 2048, 2048, 2048]","[2048, 2048, 2049, 2048, 2049, 2049]","[2048, 2048, 2048, 2049, 2049, 2048, 2048, 2048, 2048, 2048, 2048]",344.0
1280,11245,10,15,2026-03-15T07:29:59.633000+00:00,26.131,30.252,42.5,282.0,272.0,False,98.883,"[None, 2049, 2048, 2048, 2048, 2048, 2048]","[2048, 2049, 2048, 2048, 2048, 2048]","[2048, 2048, 2051, 2051, 2051, 2048, 2048, 2048, 2048, 2048, 2048]",353.0
1280,11245,3,15,2026-03-15T07:29:59.805000+00:00,25.966,30.709,42.393,300.0,264.0,False,99.068,"[None, 2048, 2048, 2048, 2048, 2049, 2048]","[2048, 2048, 2048, 2048, 2048, 2049]","[2049, 2048, 2048, 2048, 2048, 2049, 2049, 2048, 2048, 2048, 2048]",322.0
1280,11245,30,15,2026-03-15T07:30:00.571000+00:00,26.023,30.415,42.582,279.0,256.0,False,99.02,"[2048, 2048, 2048, 2048, 2048, 2048, 2048]","[2048, 2049, 2048, 2048, 2048, 2049]","[2048, 2048, 2049, 2049, 2048, 2048, 2048, 2048, 2048, 2048, 2048]",335.0
1280,11245,55,15,2026-03-15T07:30:01.040000+00:00,26.249,30.247,42.629,288.0,271.0,False,99.125,"[2048, 2048, 2048, 2048, 2048, 2048, 2049]","[2048, 2049, 2048, 2048, 2049, 2049]","[2048, 2049, 2048, 2049, 2049, 2048, 2048, 2048, 2048, 2048, 2049]",348.0
1280,11245,6,15,2026-03-15T07:30:01.493000+00:00,26.347,30.28,42.534,276.0,268.0,False,99.161,"[2048, 2048, 2048, 2048, 2048, 2048, 2048]","[2048, 2048, 2048, 2048, 2048, 2048]","[2048, 2048, 2048, 2049, 2049, 2048, 2049, 2048, 2048, 2048, 2048]",335.0
1280,11245,77,15,2026-03-15T07:30:02.571000+00:00,26.165,30.675,43.166,285.0,260.0,False,100.006,"[None, 2048, 2048, 2048, 2048, 2049, 2049]","[2048, 2048, 2048, 2049, 2048, 2048]","[2048, 2048, 2049, 2048, 2048, 2048, 2048, 2048, 2048, 2048, 2048]",320.0
1280,11245,14,15,2026-03-15T07:30:03.165000+00:00,26.24,30.898,44.045,280.0,255.0,False,101.183,"[None, 2049, 2048, 2048, 2048, 2048, 2048]","[2048, 2048, 2048, 2048, 2048, 2048]","[2048, 2048, 2048, 2048, 2048, 2048, 2048, 2048, 2048, 2048, 2048]",317.0
1280,11245,11,15,2026-03-15T07:30:03.696000+00:00,26.319,30.887,42.798,275.0,268.0,False,100.004,"[None, 2048, 2048, 2048, 2048, 2049, 2048]","[2048, 2048, 2048, 2048, 2048, 2049]","[2048, 2049, 2048, 2049, 2049, 2048, 2048, 2048, 2048, 2048, 2048]",330.0
1280,11245,12,16,2026-03-15T07:31:32.378000+00:00,25.324,29.229,42.051,269.0,255.0,False,96.604,"[2049, 2049, 2049, 2051, 2051, 2049, 2048]","[2051, 2048, 2049, 2048, 2048, 2048]","[2048, 2048, 2049, 2048, 2048, 2048, 2049, 2048, 2048, 2048, 2048]",305.0
1280,11245,44,16,2026-03-15T07:31:32.956000+00:00,25.52,29.383,42.028,268.0,253.0,False,96.931,"[None, 2048, 2048, 2049, 2048, 2049, 2048]","[2048, 2048, 2048, 2048, 2048, 2048]","[2048, 2048, 2049, 2048, 2048, 2048, 2048, 2048, 2048, 2048, 2048]",315.0
1280,11245,43,16,2026-03-15T07:31:34.253000+00:00,26.303,30.371,43.432,254.0,264.0,False,100.106,"[None, 2048, 2048, 2048, 2048, 2048, 2048]","[2048, 2048, 2048, 2048, 2048, 2048]","[2048, 2048, 2048, 2048, 2048, 2048, 2048, 2048, 2048, 2048, 2048]",313.0
1280,11245,16,16,2026-03-15T07:31:34.534000+00:00,25.684,29.518,42.104,263.0,253.0,False,97.306,"[None, 2048, 2048, 2049, 2048, 2049, 2048]","[2049, 2048, 2048, 2048, 2049, 2048]","[2048, 2048, 2048, 2048, 2048, 2049, 2048, 2048, 2048, 2048, 2048]",310.0
1280,11245,31,16,2026-03-15T07:31:35.452000+00:00,26.089,30.601,42.727,264.0,262.0,False,99.417,"[None, 2048, 2048, 2048, 2048, 2048, 2048]","[2048, 2048, 2048, 2048, 2048, 2049]","[2048, 2048, 2048, 2048, 2048, 2048, 2048, 2048, 2048, 2048, 2049]",322.0
1280,11245,63,16,2026-03-15T07:31:36.078000+00:00,25.573,29.819,42.14,,260.0,False,97.532,"[None, 2048, 2048, 2048, 2048, 2051, 2049]","[2048, 2048, 2048, 2048, 2048, 2048]","[2048, 2048, 2048, 2049, 2048, 2048, 2048, 2048, 2048, 2048, 2048]",328.0
1280,11245,41,16,2026-03-15T07:31:37.242000+00:00,25.876,30.217,43.235,272.0,261.0,False,99.328,"[None, 2048, 2048, 2049, 2048, 2048, 2048]","[2048, 2048, 2049, 2048, 2049, 2048]","[2048, 2048, 2048, 2048, 2048, 2048, 2048, 2048, 2048, 2048, 2048]",319.0
1280,11245,87,16,2026-03-15T07:31:37.788000+00:00,26.064,29.975,42.23,269.0,259.0,False,98.269,"[None, 2048, 2048, 2048, 2048, 2048, 2048]","[2048, 2048, 2049, 2048, 2049, 2048]","[2048, 2049, 2048, 2049, 2048, 2048, 2048, 2048, 2048, 2048]",327.0
1280,11245,27,16,2026-03-15T07:31:38.023000+00:00,26.1,30.176,43.29,279.0,265.0,False,99.566,"[None, 2048, 2048, 2048, 2048, 2048, 2048]","[2048, 2048, 2048, 2048, 2049, 2049]","[2048, 2048, 2048, 2048, 2048, 2048, 2048, 2048, 2048, 2048, 2048]",333.0
1280,11245,10,16,2026-03-15T07:31:38.479000+00:00,26.058,30.253,42.333,287.0,270.0,False,98.644,"[None, 2049, 2048, 2048, 2048, 2049, 2049]","[2048, 2049, 2048, 2048, 2048, 2048]","[2048, 2049, 2051, 2051, 2048, 2048, 2048, 2048, 2048, 2048, 2049]",338.0
1280,11245,3,16,2026-03-15T07:31:38.881000+00:00,26.214,30.102,42.637,274.0,269.0,False,98.953,"[None, 2048, 2048, 2048, 2048, 2048, 2048]","[2049, 2048, 2049, 2049, 2048, 2049]","[2048, 2048, 2048, 2048, 2048, 2048, 2048, 2048, 2048, 2048, 2051]",320.0
1280,11245,30,16,2026-03-15T07:31:39.660000+00:00,26.171,30.308,42.958,266.0,260.0,False,99.437,"[None, 2048, 2048, 2048, 2048, 2048, 2048]","[2048, 2048, 2048, 2048, 2049, 2048]","[2048, 2048, 2048, 2048, 2048, 2048, 2048, 2048, 2048, 2048, 2048]",319.0
1280,11245,55,16,2026-03-15T07:31:40.158000+00:00,26.37,30.308,42.75,280.0,271.0,False,99.428,"[None, 2048, 2048, 2048, 2048, 2048, 2048]","[2048, 2048, 2048, 2048, 2048, 2048]","[2048, 2049, 2049, 2048, 2048, 2048, 2048, 2048, 2048, 2048, 2048]",349.0
1280,11245,6,16,2026-03-15T07:31:40.737000+00:00,26.493,30.629,42.567,275.0,266.0,False,99.689,"[None, 2048, 2048, 2048, 2048, 2048, 2048]","[2048, 2048, 2048, 2048, 2048, 2048]","[2048, 2048, 2049, 2048, 2048, 2048, 2049, 2048, 2048, 2048, 2049]",325.0
1280,11245,77,16,2026-03-15T07:31:42.578000+00:00,26.191,30.624,42.924,281.0,258.0,False,99.739,"[None, 2048, 2049, 2048, 2048, 2049, 2048]","[2049, 2048, 2048, 2048, 2049, 2048]","[2048, 2048, 2049, 2048, 2048, 2049, 2048, 2048, 2048, 2049, 2048]",317.0
1280,11245,11,16,2026-03-15T07:31:43.553000+00:00,26.132,30.683,42.806,280.0,259.0,False,99.621,"[2048, 2049, 2048, 2048, 2048, 2049, 2049]","[2049, 2048, 2048, 2048, 2048, 2048]","[2049, 2048, 2049, 2048, 2048, 2048, 2048, 2048, 2048, 2048, 2049]",323.0
1280,11245,14,16,2026-03-15T07:31:44.353000+00:00,26.131,30.815,43.314,276.0,250.0,False,100.26,"[2048, 2048, 2048, 2048, 2048, 2048, 2048]","[2049, 2048, 2048, 2048, 2048, 2048]","[2048, 2048, 2049, 2048, 2048, 2049, 2049, 2048, 2048, 2048]",313.0
1280,11245,12,17,2026-03-15T07:33:09.065000+00:00,25.593,29.128,41.834,273.0,260.0,False,96.555,"[2048, 2048, 2048, 2048, 2051, 2048, 2048]","[2048, 2049, 2049, 2048, 2048, 2048]","[2048, 2048, 2051, 2048, 2048, 2049, 2049, 2048, 2048, 2048, 2048]",309.0
1280,11245,44,17,2026-03-15T07:33:09.863000+00:00,25.604,29.185,41.908,276.0,258.0,False,96.697,"[None, 2048, 2048, 2048, 2048, 2048, 2048]","[2051, 2048, 2049, 2048, 2048, 2049]","[2048, 2048, 2049, 2048, 2048, 2048, 2048, 2048, 2048, 2048, 2048]",312.0
1280,11245,16,17,2026-03-15T07:33:11.914000+00:00,25.833,29.22,41.824,262.0,251.0,False,96.877,"[None, 2048, 2049, 2049, 2049, 2048, 2048]","[2049, 2048, 2048, 2049, 2048, 2048]","[2049, 2048, 2048, 2048, 2048, 2051, 2048, 2049, 2048, 2048, 2048]",306.0
1280,11245,63,17,2026-03-15T07:33:13.578000+00:00,25.657,29.134,41.629,278.0,263.0,False,96.42,"[None, 2048, 2049, 2049, 2048, 2048, 2048]","[2048, 2048, 2048, 2049, 2049, 2051]","[2049, 2048, 2049, 2048, 2048, 2049, 2048, 2048, 2048, 2048, 2048]",320.0
1280,11245,43,17,2026-03-15T07:33:14.390000+00:00,25.992,29.85,42.541,284.0,266.0,False,98.383,"[None, 2048, 2048, 2048, 2048, 2048, 2049]","[2048, 2049, 2049, 2048, 2048, 2049]","[2048, 2048, 2048, 2048, 2048, 2048, 2049, 2049, 2048, 2048, 2048]",315.0
1280,11245,31,17,2026-03-15T07:33:14.843000+00:00,25.939,29.989,42.429,270.0,256.0,False,98.357,"[None, 2048, 2048, 2049, 2048, 2048, 2048]","[2048, 2048, 2049, 2048, 2048, 2048]","[2048, 2048, 2049, 2048, 2048, 2048, 2048, 2048, 2048, 2048, 2048]",322.0
1280,11245,87,17,2026-03-15T07:33:15.921000+00:00,25.952,29.696,42.695,,260.0,False,98.343,"[None, 2048, 2049, 2048, 2048, 2048, 2048]","[2049, 2048, 2049, 2049, 2049, 2048]","[2048, 2048, 2048, 2048, 2048, 2048, 2048, 2048, 2048, 2048, 2048]",315.0
1280,11245,41,17,2026-03-15T07:33:16.531000+00:00,26.008,30.24,43.039,277.0,261.0,False,99.287,"[None, 2048, 2048, 2048, 2048, 2048, 2048]","[2048, 2048, 2048, 2048, 2049, 2049]","[2048, 2048, 2048, 2048, 2048, 2048, 2049, 2048, 2048, 2048, 2049]",322.0
1280,11245,10,17,2026-03-15T07:33:17.033000+00:00,25.803,30.3,42.135,286.0,269.0,False,98.238,"[2049, 2049, 2048, 2048, 2048, 2048, 2048]","[2048, 2049, 2048, 2048, 2048, 2049]","[2048, 2048, 2048, 2048, 2048, 2048, 2048, 2048, 2048, 2048, 2048]",337.0
1280,11245,27,17,2026-03-15T07:33:17.694000+00:00,26.467,30.212,42.556,276.0,268.0,False,99.235,"[None, 2048, 2048, 2048, 2048, 2049, 2048]","[2048, 2048, 2048, 2049, 2048, 2048]","[2048, 2049, 2049, 2048, 2048, 2048, 2048, 2048, 2048, 2048, 2049]",328.0
1280,11245,3,17,2026-03-15T07:33:17.893000+00:00,25.735,30.129,42.403,,263.0,False,98.267,"[None, 2048, 2048, 2048, 2048, 2048, 2048]","[2049, 2048, 2049, 2048, 2048, 2048]","[2048, 2048, 2048, 2049, 2048, 2048, 2048, 2048, 2048, 2048, 2048]",328.0
1280,11245,30,17,2026-03-15T07:33:19.143000+00:00,25.953,30.137,42.819,277.0,264.0,False,98.909,"[None, 2048, 2048, 2048, 2049, 2048, 2048]","[2048, 2048, 2048, 2048, 2049, 2049]","[2048, 2049, 2048, 2048, 2048, 2048, 2048, 2048, 2048, 2048, 2049]",321.0
1280,11245,55,17,2026-03-15T07:33:19.601000+00:00,26.094,30.295,42.64,284.0,270.0,False,99.029,"[None, 2048, 2048, 2049, 2048, 2048, 2048]","[2048, 2048, 2048, 2048, 2048, 2048]","[2048, 2048, 2048, 2048, 2048, 2048, 2048, 2048, 2048, 2048, 2048]",335.0
1280,11245,6,17,2026-03-15T07:33:20.414000+00:00,26.03,30.493,42.429,274.0,265.0,False,98.952,"[None, 2048, 2048, 2048, 2048, 2048, 2048]","[2048, 2048, 2048, 2048, 2048, 2048]","[2048, 2048, 2048, 2048, 2048, 2048, 2048, 2048, 2048, 2048, 2048]",328.0
1280,11245,77,17,2026-03-15T07:33:22.412000+00:00,26.489,30.745,42.996,280.0,257.0,False,100.23,"[None, 2048, 2048, 2048, 2048, 2048, 2048]","[2048, 2048, 2048, 2048, 2049, 2048]","[2049, 2048, 2049, 2048, 2048, 2048, 2048, 2048, 2048, 2048, 2048]",313.0
1280,11245,11,17,2026-03-15T07:33:23.305000+00:00,26.208,30.702,45.293,279.0,257.0,False,102.203,"[None, 2048, 2048, 2049, 2048, 2048, 2048]","[2048, 2048, 2048, 2048, 2048, 2048]","[2048, 2048, 2048, 2048, 2048, 2048, 2048, 2048, 2048, 2048, 2049]",298.0
1280,11245,14,17,2026-03-15T07:33:24.589000+00:00,26.281,30.849,43.233,260.0,248.0,False,100.363,"[None, 2048, 2049, 2049, 2048, 2048, 2048]","[2048, 2048, 2048, 2048, 2048, 2048]","[2048, 2048, 2049, 2048, 2048, 2048, 2049, 2049, 2048, 2048, 2048]",315.0
1280,11245,12,18,2026-03-15T07:34:45.631000+00:00,25.595,29.513,41.951,,259.0,False,97.059,"[None, 2048, 2048, 2048, 2048, 2048, 2048]","[2048, 2049, 2048, 2048, 2048, 2048]","[2048, 2048, 2048, 2048, 2048, 2048, 2049, 2048, 2048, 2048, 2048]",309.0
1280,11245,44,18,2026-03-15T07:34:46.650000+00:00,25.84,29.308,41.969,264.0,260.0,False,97.117,"[None, 2048, 2048, 2049, 2048, 2048, 2048]","[2048, 2048, 2048, 2048, 2048, 2049]","[2048, 2049, 2048, 2048, 2048, 2048, 2048, 2048, 2048, 2048, 2048]",309.0
1280,11245,16,18,2026-03-15T07:34:48.886000+00:00,25.407,29.314,41.878,264.0,253.0,False,96.599,"[None, 2048, 2049, 2049, 2049, 2048, 2048]","[2048, 2048, 2048, 2048, 2048, 2048]","[2048, 2048, 2048, 2048, 2048, 2048, 2048, 2049, 2048, 2048, 2048]",307.0
1280,11245,63,18,2026-03-15T07:34:50.039000+00:00,25.492,29.18,41.641,274.0,261.0,False,96.313,"[None, 2048, 2048, 2048, 2048, 2051, 2048]","[2049, 2048, 2048, 2049, 2048, 2048]","[2048, 2048, 2048, 2048, 2048, 2048, 2049, 2048, 2048, 2051, 2048]",322.0
1280,11245,43,18,2026-03-15T07:34:52.779000+00:00,26.049,29.919,42.978,273.0,256.0,False,98.946,"[None, 2048, 2048, 2048, 2048, 2049, 2048]","[2048, 2048, 2048, 2049, 2048, 2048]","[2048, 2048, 2048, 2048, 2048, 2048, 2048, 2048, 2048, 2048, 2048]",311.0
1280,11245,31,18,2026-03-15T07:34:53.237000+00:00,25.991,29.847,42.833,267.0,262.0,False,98.671,"[None, 2048, 2048, 2048, 2048, 2049, 2048]","[2048, 2048, 2048, 2048, 2048, 2048]","[2048, 2049, 2048, 2048, 2048, 2048, 2048, 2048, 2048, 2048, 2048]",319.0
1280,11245,87,18,2026-03-15T07:34:54.353000+00:00,25.907,29.658,42.632,274.0,259.0,False,98.197,"[None, 2048, 2048, 2048, 2048, 2048, 2048]","[2049, 2048, 2048, 2049, 2048, 2048]","[2048, 2048, 2048, 2048, 2048, 2048, 2048, 2048, 2049, 2048, 2048]",327.0
1280,11245,10,18,2026-03-15T07:34:55.279000+00:00,25.714,29.545,42.334,282.0,263.0,False,97.593,"[2048, 2048, 2048, 2049, 2048, 2048, 2048]","[2049, 2048, 2049, 2048, 2049, 2048]","[2048, 2048, 2051, 2048, 2048, 2048, 2048, 2048, 2048, 2048, 2048]",343.0
1280,11245,41,18,2026-03-15T07:34:55.937000+00:00,26.547,30.293,42.63,276.0,263.0,False,99.47,"[None, 2048, 2048, 2048, 2048, 2048, 2048]","[2048, 2048, 2048, 2048, 2048, 2049]","[2048, 2048, 2048, 2048, 2048, 2048, 2049, 2048, 2048, 2048, 2048]",322.0
1280,11245,3,18,2026-03-15T07:34:56.012000+00:00,25.558,29.953,41.839,276.0,265.0,False,97.35,"[2051, 2048, 2048, 2048, 2049, 2048, 2048]","[2048, 2048, 2048, 2048, 2048, 2049]","[2049, 2048, 2048, 2048, 2048, 2049, 2048, 2048, 2048, 2049, 2048]",323.0
1280,11245,27,18,2026-03-15T07:34:56.985000+00:00,26.034,30.284,42.556,280.0,270.0,False,98.874,"[None, 2048, 2048, 2048, 2048, 2048, 2048]","[2048, 2048, 2048, 2048, 2048, 2048]","[2048, 2048, 2049, 2049, 2048, 2048, 2048, 2048, 2048, 2048, 2048]",339.0
1280,11245,30,18,2026-03-15T07:34:58.032000+00:00,26.021,30.077,42.611,275.0,262.0,False,98.709,"[None, 2048, 2048, 2048, 2048, 2049, 2048]","[2048, 2048, 2048, 2048, 2048, 2048]","[2048, 2048, 2049, 2048, 2048, 2049, 2048, 2048, 2048, 2048, 2048]",322.0
1280,11245,55,18,2026-03-15T07:34:58.624000+00:00,26.177,30.232,42.248,283.0,266.0,False,98.657,"[None, 2048, 2049, 2048, 2048, 2049, 2048]","[2049, 2048, 2048, 2048, 2048, 2048]","[2048, 2049, 2048, 2048, 2048, 2049, 2048, 2048, 2048, 2049, 2048]",339.0
1280,11245,6,18,2026-03-15T07:34:59.360000+00:00,26.093,30.299,42.431,276.0,268.0,False,98.823,"[None, 2048, 2048, 2048, 2048, 2048, 2048]","[2048, 2048, 2048, 2048, 2048, 2048]","[2048, 2048, 2048, 2048, 2048, 2048, 2048, 2048, 2048, 2048, 2049]",335.0
1280,11245,77,18,2026-03-15T07:35:02.559000+00:00,26.368,30.689,43.042,277.0,258.0,False,100.099,"[None, 2048, 2048, 2048, 2049, 2048, 2048]","[2048, 2048, 2048, 2048, 2048, 2048]","[2049, 2048, 2048, 2048, 2048, 2048, 2048, 2048, 2048, 2049, 2048]",316.0
1280,11245,14,18,2026-03-15T07:35:05.023000+00:00,27.183,30.854,43.204,257.0,253.0,False,101.241,"[None, 2048, 2048, 2048, 2048, 2048, 2048]","[2049, 2048, 2048, 2048, 2048, 2048]","[2049, 2048, 2048, 2048, 2048, 2048, 2048, 2048, 2048, 2048, 2048]",313.0
1280,11245,11,18,2026-03-15T07:35:05.435000+00:00,25.941,30.765,42.615,276.0,262.0,False,99.321,"[None, 2051, 2048, 2049, 2048, 2048, 2048]","[2048, 2048, 2048, 2048, 2048, 2048]","[2048, 2049, 2048, 2048, 2048, 2049, 2048, 2048, 2048, 2048, 2048]",321.0
1280,11245,12,19,2026-03-15T07:36:22.750000+00:00,25.574,29.505,41.737,270.0,258.0,False,96.816,"[None, 2048, 2048, 2048, 2048, 2049, 2048]","[2048, 2048, 2048, 2048, 2048, 2048]","[2048, 2048, 2048, 2048, 2048, 2049, 2049, 2048, 2048, 2048, 2048]",308.0
1280,11245,44,19,2026-03-15T07:36:23.656000+00:00,25.734,29.303,42.066,270.0,260.0,False,97.103,"[None, 2048, 2048, 2049, 2048, 2048, 2048]","[2048, 2048, 2048, 2048, 2048, 2048]","[2049, 2048, 2048, 2048, 2048, 2048, 2048, 2048, 2048, 2048, 2048]",308.0
1280,11245,16,19,2026-03-15T07:36:25.385000+00:00,25.435,29.322,42.104,269.0,252.0,False,96.861,"[None, 2048, 2048, 2051, 2049, 2048, 2048]","[2049, 2048, 2048, 2048, 2048, 2048]","[2048, 2048, 2048, 2048, 2048, 2048, 2048, 2048, 2049, 2049, 2048]",307.0
1280,11245,63,19,2026-03-15T07:36:26.379000+00:00,25.565,29.149,41.954,278.0,268.0,False,96.668,"[None, 2048, 2048, 2048, 2051, 2048, 2048]","[2048, 2048, 2048, 2048, 2048, 2051]","[2048, 2048, 2048, 2048, 2048, 2048, 2049, 2048, 2048, 2048, 2049]",315.0
1280,11245,43,19,2026-03-15T07:36:31.690000+00:00,26.179,30.34,43.047,270.0,255.0,False,99.566,"[None, 2048, 2048, 2048, 2048, 2048, 2048]","[2048, 2048, 2048, 2048, 2048, 2048]","[2048, 2048, 2049, 2048, 2048, 2048, 2048, 2048, 2048, 2048, 2048]",309.0
1280,11245,31,19,2026-03-15T07:36:31.879000+00:00,26.071,30.6,43.24,276.0,254.0,False,99.911,"[None, 2048, 2048, 2048, 2048, 2051, 2048]","[2048, 2049, 2048, 2048, 2048, 2048]","[2048, 2048, 2048, 2048, 2048, 2048, 2048, 2048, 2048, 2048, 2048]",317.0
1280,11245,87,19,2026-03-15T07:36:32.559000+00:00,25.981,30.329,42.699,273.0,260.0,False,99.009,"[None, 2048, 2048, 2049, 2048, 2049, 2048]","[2048, 2048, 2048, 2048, 2048, 2048]","[2048, 2049, 2048, 2048, 2048, 2048, 2048, 2048, 2048, 2048]",328.0
1280,11245,10,19,2026-03-15T07:36:32.970000+00:00,26.154,30.545,42.626,280.0,259.0,False,99.325,"[None, 2049, 2048, 2048, 2048, 2048, 2048]","[2048, 2051, 2048, 2048, 2048, 2048]","[2048, 2048, 2048, 2048, 2048, 2048, 2048, 2048, 2048, 2048, 2048]",327.0
1280,11245,3,19,2026-03-15T07:36:33.443000+00:00,25.661,30.788,42.586,302.0,269.0,False,99.035,"[2048, 2048, 2048, 2048, 2048, 2049, 2048]","[2048, 2048, 2048, 2048, 2048, 2048]","[2048, 2048, 2049, 2049, 2049, 2048, 2048, 2048, 2048, 2048, 2048]",340.0
1280,11245,41,19,2026-03-15T07:36:35.550000+00:00,26.075,30.303,42.985,271.0,258.0,False,99.363,"[None, 2048, 2048, 2048, 2048, 2048, 2048]","[2048, 2048, 2048, 2048, 2048, 2048]","[2049, 2048, 2049, 2048, 2048, 2048, 2048, 2048, 2048, 2048, 2048]",319.0
1280,11245,27,19,2026-03-15T07:36:35.749000+00:00,26.016,30.329,42.037,278.0,268.0,False,98.382,"[None, 2048, 2048, 2049, 2048, 2048, 2048]","[2048, 2048, 2048, 2048, 2048, 2048]","[2048, 2048, 2048, 2049, 2048, 2049, 2048, 2048, 2048, 2048, 2048]",336.0
1280,11245,30,19,2026-03-15T07:36:36.789000+00:00,26.058,30.253,42.678,274.0,266.0,False,98.989,"[None, 2048, 2048, 2048, 2048, 2048, 2048]","[2048, 2048, 2048, 2048, 2048, 2048]","[2049, 2048, 2048, 2048, 2048, 2048, 2049, 2048, 2048, 2048, 2048]",320.0
1280,11245,55,19,2026-03-15T07:36:37.379000+00:00,26.228,30.251,42.64,,272.0,False,99.119,"[None, 2048, 2048, 2048, 2049, 2048, 2048]","[2048, 2048, 2048, 2048, 2048, 2049]","[2048, 2048, 2048, 2048, 2048, 2048, 2048, 2048, 2048, 2048, 2048]",339.0
1280,11245,6,19,2026-03-15T07:36:38.140000+00:00,26.126,30.277,42.354,277.0,268.0,False,98.757,"[None, 2048, 2048, 2048, 2048, 2048, 2048]","[2048, 2048, 2049, 2048, 2048, 2048]","[2048, 2048, 2048, 2048, 2048, 2048, 2048, 2048, 2048, 2048, 2049]",333.0
1280,11245,77,19,2026-03-15T07:36:42.625000+00:00,26.517,30.671,42.976,276.0,255.0,False,100.164,"[None, 2048, 2048, 2048, 2048, 2049, 2048]","[2048, 2048, 2048, 2049, 2048, 2048]","[2048, 2048, 2048, 2048, 2048, 2048, 2048, 2048, 2048, 2048, 2048]",313.0
1280,11245,11,19,2026-03-15T07:36:44.718000+00:00,26.312,30.675,42.744,275.0,256.0,False,99.731,"[None, 2048, 2048, 2048, 2048, 2048, 2048]","[2049, 2048, 2048, 2048, 2048, 2048]","[2049, 2048, 2048, 2048, 2048, 2049, 2048, 2048, 2048, 2049, 2048]",318.0
1280,11245,14,19,2026-03-15T07:36:46.303000+00:00,26.15,30.915,43.291,258.0,247.0,False,100.356,"[None, 2048, 2049, 2049, 2048, 2048, 2048]","[2048, 2048, 2048, 2048, 2048, 2048]","[2048, 2049, 2048, 2048, 2048, 2048, 2048, 2048, 2048, 2049, 2048]",310.0
1280,11245,12,20,2026-03-15T07:37:59.534000+00:00,25.551,29.411,41.8,272.0,258.0,False,96.762,"[None, 2048, 2048, 2049, 2048, 2048, 2048]","[2048, 2048, 2048, 2048, 2048, 2048]","[2048, 2048, 2048, 2048, 2048, 2048, 2049, 2048, 2048, 2048, 2049]",308.0
1280,11245,44,20,2026-03-15T07:38:00.869000+00:00,25.684,29.332,41.899,269.0,253.0,False,96.915,"[None, 2048, 2048, 2049, 2048, 2048, 2048]","[2048, 2048, 2048, 2048, 2048, 2048]","[2048, 2048, 2048, 2048, 2048, 2048, 2048, 2049, 2048, 2048, 2048]",307.0
1280,11245,16,20,2026-03-15T07:38:02.343000+00:00,25.608,29.339,41.886,264.0,253.0,False,96.833,"[None, 2048, 2048, 2048, 2048, 2048, 2048]","[2048, 2048, 2048, 2048, 2048, 2048]","[2048, 2048, 2049, 2048, 2048, 2048, 2048, 2049, 2049, 2049, 2048]",308.0
1280,11245,63,20,2026-03-15T07:38:03.096000+00:00,25.365,29.318,41.934,282.0,269.0,False,96.617,"[None, 2048, 2048, 2048, 2048, 2048, 2048]","[2048, 2048, 2048, 2048, 2048, 2048]","[2048, 2048, 2048, 2048, 2048, 2048, 2048, 2048, 2048, 2051, 2051]",323.0
1280,11245,43,20,2026-03-15T07:38:11.216000+00:00,25.964,29.945,43.046,269.0,255.0,False,98.955,"[None, 2048, 2048, 2048, 2048, 2048, 2048]","[2048, 2048, 2048, 2048, 2048, 2048]","[2048, 2048, 2048, 2048, 2048, 2048, 2051, 2048, 2048, 2048, 2048]",308.0
1280,11245,87,20,2026-03-15T07:38:11.457000+00:00,26.152,29.786,42.68,272.0,260.0,False,98.618,"[None, 2048, 2048, 2049, 2048, 2048, 2048]","[2048, 2048, 2049, 2048, 2048, 2048]","[2048, 2048, 2048, 2048, 2048, 2048, 2049, 2048, 2048, 2048, 2048]",325.0
1280,11245,31,20,2026-03-15T07:38:11.779000+00:00,26.589,29.733,42.669,265.0,262.0,False,98.991,"[None, 2048, 2048, 2048, 2048, 2048, 2048]","[2048, 2048, 2049, 2048, 2049, 2049]","[2048, 2048, 2048, 2048, 2048, 2048, 2048, 2048, 2048, 2048, 2048]",316.0
1280,11245,10,20,2026-03-15T07:38:12.314000+00:00,27.158,30.103,42.243,,266.0,False,99.504,"[2049, 2048, 2048, 2048, 2048, 2048, 2048]","[2048, 2048, 2048, 2048, 2048, 2048]","[2049, 2048, 2048, 2048, 2048, 2048, 2048, 2048, 2048, 2048, 2048]",332.0
1280,11245,3,20,2026-03-15T07:38:12.550000+00:00,26.528,29.882,42.121,274.0,266.0,False,98.531,"[None, 2048, 2048, 2049, 2048, 2048, 2048]","[2049, 2048, 2049, 2048, 2048, 2048]","[2049, 2048, 2048, 2048, 2048, 2048, 2048, 2048, 2048, 2048, 2049]",327.0
1280,11245,27,20,2026-03-15T07:38:14.111000+00:00,26.054,30.067,42.703,273.0,265.0,False,98.824,"[None, 2048, 2048, 2048, 2048, 2048, 2048]","[2048, 2048, 2049, 2049, 2048, 2048]","[2049, 2048, 2048, 2048, 2048, 2048, 2048, 2048, 2048, 2049, 2049]",315.0
1280,11245,41,20,2026-03-15T07:38:14.759000+00:00,26.213,30.418,42.835,276.0,266.0,False,99.466,"[None, 2048, 2048, 2048, 2048, 2048, 2048]","[2048, 2048, 2048, 2048, 2048, 2049]","[2048, 2048, 2048, 2048, 2048, 2048, 2049, 2048, 2048, 2048, 2049]",320.0
1280,11245,30,20,2026-03-15T07:38:15.680000+00:00,26.148,30.308,42.731,271.0,267.0,False,99.187,"[None, 2048, 2048, 2048, 2048, 2048, 2048]","[2048, 2048, 2048, 2048, 2048, 2048]","[2049, 2048, 2048, 2048, 2048, 2048, 2049, 2048, 2048, 2048, 2048]",322.0
1280,11245,55,20,2026-03-15T07:38:16.385000+00:00,26.289,30.454,42.654,280.0,264.0,False,99.397,"[None, 2048, 2048, 2048, 2048, 2048, 2048]","[2048, 2048, 2048, 2048, 2048, 2048]","[2048, 2048, 2048, 2048, 2048, 2048, 2048, 2048, 2048, 2048, 2049]",339.0
1280,11245,6,20,2026-03-15T07:38:16.971000+00:00,26.351,30.424,42.494,265.0,267.0,False,99.269,"[None, 2048, 2048, 2048, 2048, 2048, 2048]","[2048, 2048, 2048, 2048, 2048, 2048]","[2048, 2048, 2048, 2049, 2049, 2048, 2048, 2048, 2048, 2049, 2049]",344.0
1280,11245,77,20,2026-03-15T07:38:22.824000+00:00,26.364,30.626,42.986,275.0,257.0,False,99.976,"[None, 2048, 2048, 2048, 2048, 2049, 2048]","[2048, 2048, 2048, 2048, 2048, 2048]","[2048, 2048, 2048, 2048, 2048, 2048, 2049, 2048, 2048, 2048, 2048]",310.0
1280,11245,11,20,2026-03-15T07:38:24.559000+00:00,26.383,30.892,42.859,269.0,244.0,False,100.134,"[None, 2048, 2048, 2048, 2048, 2048, 2048]","[2048, 2048, 2048, 2048, 2048, 2048]","[2048, 2048, 2048, 2048, 2048, 2049, 2048, 2048, 2048, 2048, 2049]",316.0
1280,11245,14,20,2026-03-15T07:38:26.693000+00:00,26.25,30.766,43.238,256.0,252.0,False,100.254,"[None, 2048, 2049, 2048, 2049, 2048, 2048]","[2049, 2048, 2048, 2048, 2048, 2048]","[2048, 2049, 2048, 2048, 2048, 2048, 2048, 2048, 2049, 2049, 2048]",307.0
1280,11245,12,21,2026-03-15T07:39:36.298000+00:00,25.652,29.348,41.929,273.0,258.0,False,96.929,"[None, 2048, 2048, 2048, 2048, 2048, 2048]","[2048, 2048, 2048, 2048, 2048, 2048]","[2051, 2048, 2048, 2048, 2048, 2048, 2048, 2048, 2048, 2048, 2048]",307.0
1280,11245,44,21,2026-03-15T07:39:37.798000+00:00,25.719,29.177,42.076,266.0,257.0,False,96.972,"[None, 2048, 2048, 2048, 2048, 2048, 2048]","[2048, 2048, 2048, 2048, 2048, 2048]","[2049, 2048, 2048, 2048, 2048, 2048, 2048, 2048, 2048, 2048, 2048]",305.0
1280,11245,16,21,2026-03-15T07:39:39.142000+00:00,25.423,29.23,42.052,267.0,253.0,False,96.705,"[None, 2048, 2048, 2048, 2048, 2048, 2048]","[2051, 2049, 2048, 2048, 2048, 2048]","[2049, 2048, 2049, 2048, 2048, 2048, 2048, 2048, 2048, 2048, 2048]",308.0
1280,11245,63,21,2026-03-15T07:39:39.642000+00:00,25.152,29.631,41.88,307.0,262.0,False,96.663,"[None, 2048, 2048, 2048, 2048, 2048, 2048]","[2048, 2048, 2048, 2048, 2048, 2048]","[2048, 2048, 2048, 2049, 2049, 2048, 2048, 2048, 2048, 2048, 2048]",333.0
1280,11245,43,21,2026-03-15T07:39:50.168000+00:00,26.271,29.857,43.196,270.0,257.0,False,99.324,"[None, 2048, 2048, 2048, 2048, 2049, 2048]","[2049, 2048, 2049, 2048, 2048, 2048]","[2048, 2048, 2048, 2048, 2048, 2048, 2048, 2048, 2048, 2048, 2048]",308.0
1280,11245,87,21,2026-03-15T07:39:50.280000+00:00,26.602,29.775,42.149,,261.0,False,98.526,"[None, 2048, 2048, 2048, 2048, 2049, 2048]","[2048, 2048, 2048, 2048, 2048, 2048]","[2048, 2049, 2048, 2048, 2048, 2049, 2048, 2048, 2049, 2049, 2048]",315.0
1280,11245,31,21,2026-03-15T07:39:50.850000+00:00,26.304,30.509,43.009,271.0,263.0,False,99.822,"[None, 2048, 2048, 2048, 2048, 2048, 2048]","[2048, 2048, 2048, 2048, 2048, 2048]","[2048, 2048, 2048, 2049, 2048, 2048, 2048, 2048, 2048, 2048, 2048]",323.0
1280,11245,3,21,2026-03-15T07:39:50.941000+00:00,25.933,30.162,42.673,306.0,264.0,False,98.768,"[None, 2048, 2048, 2048, 2048, 2048, 2048]","[2048, 2048, 2048, 2048, 2048, 2048]","[2048, 2048, 2049, 2048, 2048, 2048, 2048, 2048, 2048, 2048, 2048]",323.0
1280,11245,10,21,2026-03-15T07:39:51.750000+00:00,26.059,30.115,43.034,284.0,272.0,False,99.208,"[2048, 2048, 2048, 2048, 2048, 2048, 2048]","[2048, 2048, 2048, 2048, 2048, 2048]","[2048, 2048, 2048, 2048, 2048, 2048, 2048, 2048, 2048, 2048, 2048]",343.0
1280,11245,27,21,2026-03-15T07:39:52.936000+00:00,25.954,29.926,42.514,275.0,266.0,False,98.394,"[None, 2048, 2048, 2048, 2048, 2048, 2048]","[2049, 2048, 2049, 2049, 2048, 2048]","[2048, 2049, 2049, 2048, 2048, 2048, 2049, 2048, 2048, 2048, 2049]",320.0
1280,11245,41,21,2026-03-15T07:39:54.143000+00:00,25.823,30.148,43.809,,263.0,False,99.78,"[None, 2048, 2048, 2049, 2048, 2048, 2048]","[2048, 2048, 2049, 2048, 2048, 2048]","[2048, 2048, 2048, 2048, 2048, 2048, 2048, 2048, 2048, 2048, 2048]",315.0
1280,11245,30,21,2026-03-15T07:39:54.935000+00:00,25.84,30.036,42.615,279.0,268.0,False,98.491,"[None, 2048, 2048, 2049, 2048, 2049, 2048]","[2049, 2049, 2048, 2048, 2048, 2049]","[2048, 2048, 2048, 2049, 2048, 2048, 2049, 2048, 2048, 2049, 2048]",334.0
1280,11245,55,21,2026-03-15T07:39:55.901000+00:00,26.375,30.111,42.658,277.0,263.0,False,99.144,"[None, 2048, 2048, 2048, 2048, 2049, 2048]","[2049, 2048, 2049, 2048, 2048, 2048]","[2048, 2048, 2048, 2048, 2048, 2048, 2048, 2048, 2048, 2049, 2048]",337.0
1280,11245,6,21,2026-03-15T07:39:56.138000+00:00,26.629,30.22,42.284,276.0,267.0,False,99.133,"[None, 2048, 2048, 2048, 2048, 2048, 2048]","[2048, 2048, 2049, 2048, 2048, 2048]","[2048, 2048, 2049, 2049, 2048, 2048, 2048, 2048, 2048, 2048, 2048]",339.0
1280,11245,77,21,2026-03-15T07:40:02.756000+00:00,26.449,30.593,43.003,276.0,256.0,False,100.045,"[None, 2048, 2048, 2048, 2048, 2048, 2048]","[2048, 2048, 2048, 2048, 2049, 2048]","[2048, 2048, 2048, 2048, 2048, 2048, 2048, 2048, 2048, 2048, 2048]",309.0
1280,11245,11,21,2026-03-15T07:40:04.758000+00:00,26.359,30.577,42.746,272.0,254.0,False,99.682,"[None, 2048, 2048, 2048, 2048, 2048, 2048]","[2048, 2048, 2048, 2049, 2048, 2048]","[2048, 2048, 2049, 2048, 2048, 2048, 2048, 2048, 2048, 2048, 2048]",313.0
1280,11245,14,21,2026-03-15T07:40:06.818000+00:00,26.203,30.635,42.974,,251.0,False,99.812,"[None, 2048, 2048, 2048, 2048, 2048, 2048]","[2049, 2048, 2048, 2049, 2048, 2048]","[2049, 2049, 2049, 2048, 2048, 2049, 2048, 2048, 2049, 2049, 2048]",306.0
1280,11245,12,22,2026-03-15T07:41:13.210000+00:00,25.668,29.194,41.75,,259.0,False,96.612,"[None, 2048, 2048, 2048, 2048, 2048, 2048]","[2048, 2048, 2048, 2049, 2048, 2048]","[2048, 2048, 2048, 2048, 2048, 2048, 2049, 2048, 2048, 2048, 2048]",308.0
1280,11245,44,22,2026-03-15T07:41:14.750000+00:00,25.706,29.242,42.058,268.0,254.0,False,97.006,"[None, 2048, 2048, 2048, 2048, 2048, 2048]","[2049, 2048, 2048, 2048, 2048, 2048]","[2048, 2048, 2048, 2048, 2048, 2048, 2048, 2048, 2048, 2048, 2048]",307.0
1280,11245,16,22,2026-03-15T07:41:15.779000+00:00,25.59,29.215,41.838,271.0,255.0,False,96.643,"[None, 2048, 2048, 2048, 2048, 2048, 2048]","[2048, 2048, 2048, 2048, 2048, 2048]","[2049, 2048, 2048, 2048, 2048, 2048, 2048, 2048, 2048, 2048, 2048]",311.0
1280,11245,63,22,2026-03-15T07:41:16.343000+00:00,25.733,29.398,41.763,278.0,264.0,False,96.894,"[None, 2048, 2048, 2048, 2048, 2048, 2048]","[2048, 2048, 2048, 2048, 2048, 2048]","[2048, 2048, 2048, 2048, 2048, 2048, 2048, 2048, 2048, 2048, 2048]",332.0
1280,11245,87,22,2026-03-15T07:41:28.690000+00:00,25.899,29.578,42.39,267.0,252.0,False,97.867,"[None, 2048, 2048, 2048, 2049, 2048, 2048]","[2049, 2048, 2048, 2049, 2048, 2048]","[2049, 2048, 2048, 2048, 2048, 2048, 2048, 2048, 2049, 2048, 2048]",301.0
1280,11245,43,22,2026-03-15T07:41:29.490000+00:00,25.937,30.663,42.582,278.0,256.0,False,99.182,"[None, 2048, 2048, 2048, 2048, 2048, 2048]","[2048, 2049, 2048, 2048, 2048, 2048]","[2048, 2048, 2048, 2049, 2049, 2048, 2048, 2048, 2048, 2048, 2049]",323.0
1280,11245,3,22,2026-03-15T07:41:29.742000+00:00,25.68,29.815,42.652,309.0,255.0,False,98.147,"[None, 2048, 2048, 2048, 2048, 2048, 2051]","[2049, 2049, 2048, 2048, 2048, 2049]","[2048, 2048, 2048, 2048, 2048, 2048, 2049, 2048, 2049, 2048, 2048]",304.0
1280,11245,31,22,2026-03-15T07:41:30.543000+00:00,26.286,29.867,42.547,265.0,256.0,False,98.7,"[None, 2048, 2048, 2048, 2048, 2048, 2048]","[2048, 2048, 2049, 2048, 2048, 2048]","[2048, 2048, 2048, 2048, 2048, 2048, 2048, 2048, 2048, 2048, 2049]",321.0
1280,11245,10,22,2026-03-15T07:41:30.960000+00:00,26.564,30.393,42.381,277.0,268.0,False,99.338,"[None, 2048, 2048, 2048, 2048, 2048, 2049]","[2048, 2048, 2048, 2048, 2048, 2048]","[2048, 2048, 2048, 2048, 2048, 2048, 2048, 2048, 2048, 2049, 2049]",333.0
1280,11245,27,22,2026-03-15T07:41:31.359000+00:00,25.997,30.156,42.29,273.0,265.0,False,98.443,"[None, 2048, 2048, 2048, 2048, 2048, 2048]","[2048, 2048, 2049, 2048, 2048, 2048]","[2048, 2048, 2048, 2048, 2048, 2048, 2048, 2048, 2048, 2048, 2048]",340.0
1280,11245,30,22,2026-03-15T07:41:33.381000+00:00,26.023,29.99,42.787,276.0,265.0,False,98.8,"[None, 2048, 2048, 2048, 2048, 2048, 2048]","[2049, 2048, 2048, 2048, 2048, 2048]","[2048, 2048, 2048, 2048, 2048, 2048, 2048, 2048, 2048, 2048, 2048]",315.0
1280,11245,41,22,2026-03-15T07:41:33.926000+00:00,26.144,30.331,42.831,278.0,266.0,False,99.306,"[None, 2048, 2048, 2048, 2048, 2048, 2048]","[2048, 2048, 2048, 2048, 2048, 2048]","[2048, 2048, 2048, 2048, 2048, 2048, 2049, 2048, 2048, 2048, 2048]",323.0
1280,11245,55,22,2026-03-15T07:41:34.972000+00:00,26.872,30.584,42.789,279.0,264.0,False,100.245,"[None, 2048, 2048, 2048, 2048, 2048, 2048]","[2048, 2048, 2048, 2048, 2048, 2048]","[2048, 2048, 2048, 2048, 2048, 2049, 2048, 2048, 2048, 2048, 2048]",327.0
1280,11245,6,22,2026-03-15T07:41:35.280000+00:00,26.049,30.045,42.298,266.0,268.0,False,98.392,"[None, 2048, 2048, 2048, 2048, 2048, 2048]","[2048, 2048, 2048, 2048, 2048, 2049]","[2048, 2048, 2048, 2048, 2048, 2048, 2048, 2048, 2048, 2048, 2048]",328.0
1280,11245,77,22,2026-03-15T07:41:42.898000+00:00,26.212,30.653,42.948,,256.0,False,99.813,"[None, 2048, 2048, 2049, 2048, 2049, 2048]","[2048, 2048, 2048, 2048, 2048, 2048]","[2048, 2048, 2048, 2048, 2048, 2049, 2048, 2048, 2048, 2049, 2048]",307.0
1280,11245,11,22,2026-03-15T07:41:44.295000+00:00,26.152,30.638,42.832,271.0,252.0,False,99.622,"[None, 2048, 2048, 2049, 2048, 2048, 2048]","[2049, 2048, 2048, 2048, 2048, 2048]","[2048, 2048, 2048, 2048, 2048, 2048, 2048, 2048, 2048, 2049, 2049]",316.0
1280,11245,14,22,2026-03-15T07:41:46.679000+00:00,26.218,30.615,43.105,257.0,248.0,False,99.938,"[None, 2048, 2049, 2048, 2048, 2048, 2048]","[2049, 2048, 2048, 2048, 2048, 2048]","[2048, 2049, 2049, 2048, 2048, 2049, 2049, 2049, 2048, 2048, 2048]",305.0
1280,11245,12,23,2026-03-15T07:42:49.784000+00:00,25.681,29.239,41.886,272.0,258.0,False,96.806,"[None, 2048, 2048, 2048, 2048, 2048, 2048]","[2049, 2048, 2048, 2048, 2048, 2048]","[2048, 2048, 2049, 2048, 2048, 2048, 2049, 2048, 2048, 2048, 2048]",307.0
1280,11245,44,23,2026-03-15T07:42:51.628000+00:00,25.717,29.202,42.13,264.0,258.0,False,97.049,"[None, 2048, 2049, 2048, 2048, 2048, 2048]","[2048, 2048, 2048, 2048, 2048, 2048]","[2048, 2048, 2048, 2048, 2048, 2048, 2048, 2048, 2048, 2048]",304.0
1280,11245,16,23,2026-03-15T07:42:52.534000+00:00,25.616,29.24,41.957,267.0,260.0,False,96.813,"[None, 2048, 2049, 2048, 2048, 2048, 2048]","[2048, 2048, 2048, 2048, 2048, 2048]","[2048, 2048, 2049, 2048, 2048, 2048, 2048, 2048, 2048, 2048, 2048]",321.0
1280,11245,63,23,2026-03-15T07:42:53.262000+00:00,25.608,29.286,41.667,280.0,268.0,False,96.561,"[None, 2048, 2048, 2048, 2048, 2048, 2048]","[2048, 2048, 2048, 2048, 2048, 2048]","[2048, 2048, 2049, 2049, 2049, 2048, 2048, 2048, 2048, 2048, 2048]",333.0
1280,11245,87,23,2026-03-15T07:43:06.590000+00:00,25.88,29.454,42.281,265.0,253.0,False,97.615,"[None, 2048, 2049, 2048, 2048, 2048, 2048]","[2049, 2048, 2048, 2049, 2049, 2048]","[2048, 2048, 2048, 2048, 2048, 2049, 2048, 2048, 2048, 2049, 2048]",302.0
1280,11245,3,23,2026-03-15T07:43:07.863000+00:00,26.181,29.738,42.12,269.0,258.0,False,98.039,"[None, 2048, 2048, 2048, 2048, 2048, 2048]","[2049, 2048, 2048, 2049, 2049, 2048]","[2048, 2049, 2048, 2048, 2048, 2048, 2048, 2048, 2049, 2049, 2048]",313.0
1280,11245,43,23,2026-03-15T07:43:08.660000+00:00,26.102,29.982,42.409,280.0,269.0,False,98.493,"[None, 2048, 2048, 2048, 2048, 2048, 2048]","[2048, 2048, 2048, 2048, 2048, 2049]","[2048, 2048, 2048, 2048, 2048, 2048, 2048, 2048, 2048, 2048, 2048]",323.0
1280,11245,31,23,2026-03-15T07:43:09.363000+00:00,25.954,29.953,42.427,270.0,264.0,False,98.334,"[None, 2048, 2048, 2048, 2048, 2048, 2048]","[2048, 2048, 2048, 2048, 2048, 2048]","[2048, 2048, 2048, 2048, 2048, 2048, 2048, 2048, 2048, 2049, 2048]",323.0
1280,11245,27,23,2026-03-15T07:43:09.757000+00:00,26.054,30.781,42.661,288.0,267.0,False,99.496,"[None, 2048, 2048, 2048, 2048, 2048, 2048]","[2048, 2048, 2048, 2048, 2048, 2048]","[2048, 2048, 2048, 2048, 2048, 2048, 2048, 2048, 2048, 2048, 2048]",321.0
1280,11245,10,23,2026-03-15T07:43:10.347000+00:00,25.759,30.001,42.307,291.0,269.0,False,98.067,"[None, 2048, 2048, 2048, 2048, 2048, 2049]","[2048, 2048, 2049, 2048, 2048, 2048]","[2048, 2048, 2048, 2048, 2048, 2048, 2048, 2048, 2048, 2048, 2048]",328.0
1280,11245,30,23,2026-03-15T07:43:12.160000+00:00,26.069,29.916,42.567,274.0,261.0,False,98.552,"[None, 2048, 2049, 2048, 2048, 2048, 2048]","[2048, 2048, 2048, 2049, 2049, 2048]","[2048, 2048, 2048, 2048, 2048, 2048, 2048, 2048, 2048, 2048, 2048]",318.0
1280,11245,41,23,2026-03-15T07:43:13.285000+00:00,25.919,30.047,42.49,279.0,266.0,False,98.456,"[None, 2048, 2048, 2048, 2048, 2048, 2048]","[2049, 2048, 2048, 2048, 2049, 2048]","[2048, 2048, 2048, 2048, 2048, 2048, 2049, 2048, 2048, 2048, 2049]",333.0
1280,11245,6,23,2026-03-15T07:43:13.709000+00:00,26.086,30.19,42.161,277.0,268.0,False,98.437,"[None, 2048, 2048, 2048, 2048, 2048, 2048]","[2048, 2048, 2049, 2048, 2048, 2048]","[2048, 2048, 2048, 2048, 2048, 2048, 2048, 2048, 2048, 2049, 2048]",338.0
1280,11245,55,23,2026-03-15T07:43:15.285000+00:00,26.286,30.238,42.577,278.0,268.0,False,99.101,"[None, 2048, 2049, 2048, 2048, 2048, 2048]","[2049, 2048, 2048, 2048, 2048, 2048]","[2049, 2048, 2048, 2048, 2048, 2049, 2048, 2048, 2048, 2048, 2048]",323.0
1280,11245,77,23,2026-03-15T07:43:22.629000+00:00,26.487,30.566,42.914,271.0,258.0,False,99.967,"[None, 2048, 2048, 2048, 2048, 2048, 2048]","[2048, 2048, 2048, 2048, 2048, 2048]","[2048, 2049, 2049, 2048, 2048, 2048, 2048, 2048, 2048, 2048, 2048]",305.0
1280,11245,11,23,2026-03-15T07:43:23.957000+00:00,26.358,30.59,42.802,272.0,255.0,False,99.75,"[None, 2048, 2049, 2048, 2048, 2048, 2048]","[2048, 2048, 2048, 2048, 2048, 2048]","[2048, 2049, 2049, 2048, 2048, 2048, 2048, 2048, 2048, 2048, 2048]",316.0
1280,11245,14,23,2026-03-15T07:43:26.722000+00:00,26.192,30.561,43.048,,252.0,False,99.801,"[None, 2048, 2048, 2051, 2048, 2048, 2048]","[2048, 2048, 2048, 2049, 2048, 2048]","[2048, 2048, 2049, 2048, 2048, 2049, 2048, 2048, 2048, 2048, 2048]",305.0
1280,11245,12,24,2026-03-15T07:44:26.643000+00:00,25.539,29.189,41.785,,258.0,False,96.513,"[None, 2048, 2048, 2048, 2048, 2048, 2048]","[2048, 2048, 2048, 2048, 2048, 2048]","[2048, 2048, 2048, 2048, 2048, 2048, 2049, 2048, 2048, 2049, 2049]",308.0
1280,11245,44,24,2026-03-15T07:44:28.701000+00:00,25.672,29.236,43.315,,251.0,False,98.223,"[None, 2048, 2048, 2048, 2048, 2048, 2048]","[2048, 2048, 2049, 2048, 2048, 2048]","[2048, 2048, 2048, 2048, 2048, 2048, 2048, 2048, 2048, 2048, 2048]",302.0
1280,11245,16,24,2026-03-15T07:44:29.359000+00:00,25.656,29.4,42.221,269.0,254.0,False,97.277,"[None, 2048, 2048, 2048, 2048, 2048, 2048]","[2048, 2048, 2049, 2048, 2048, 2048]","[2048, 2048, 2048, 2048, 2048, 2048, 2048, 2048, 2048, 2048, 2048]",331.0
1280,11245,63,24,2026-03-15T07:44:29.759000+00:00,25.578,29.504,42.363,282.0,264.0,False,97.445,"[None, 2048, 2048, 2048, 2048, 2048, 2048]","[2048, 2048, 2048, 2048, 2048, 2048]","[2048, 2048, 2049, 2049, 2049, 2048, 2048, 2048, 2048, 2048, 2048]",345.0
1280,11245,87,24,2026-03-15T07:44:44.289000+00:00,25.753,29.62,42.487,264.0,251.0,False,97.86,"[None, 2048, 2048, 2048, 2049, 2048, 2048]","[2048, 2048, 2048, 2048, 2049, 2048]","[2049, 2048, 2048, 2048, 2048, 2048, 2048, 2048, 2048, 2048, 2048]",300.0
1280,11245,3,24,2026-03-15T07:44:45.997000+00:00,25.854,29.807,42.219,267.0,258.0,False,97.88,"[None, 2048, 2048, 2048, 2049, 2048, 2048]","[2048, 2048, 2048, 2049, 2048, 2048]","[2049, 2048, 2048, 2048, 2048, 2048, 2048, 2048, 2048, 2048, 2048]",311.0
1280,11245,43,24,2026-03-15T07:44:47.143000+00:00,26.009,29.879,42.559,274.0,259.0,False,98.447,"[None, 2048, 2048, 2048, 2048, 2048, 2048]","[2048, 2048, 2048, 2048, 2048, 2048]","[2048, 2048, 2048, 2048, 2048, 2048, 2048, 2048, 2048, 2048, 2048]",319.0
1280,11245,31,24,2026-03-15T07:44:47.581000+00:00,26.031,29.845,42.974,269.0,263.0,False,98.85,"[None, 2048, 2048, 2049, 2048, 2048, 2048]","[2048, 2048, 2048, 2048, 2048, 2049]","[2048, 2048, 2048, 2048, 2048, 2048, 2048, 2048, 2048, 2048, 2048]",328.0
1280,11245,10,24,2026-03-15T07:44:48.331000+00:00,25.781,29.894,42.698,283.0,269.0,False,98.373,"[None, 2048, 2048, 2049, 2048, 2048, 2048]","[2048, 2048, 2048, 2048, 2048, 2049]","[2048, 2048, 2048, 2048, 2048, 2048, 2048, 2048, 2048, 2048, 2048]",336.0
1280,11245,27,24,2026-03-15T07:44:49.331000+00:00,25.934,30.123,42.655,274.0,264.0,False,98.712,"[None, 2048, 2048, 2048, 2048, 2048, 2048]","[2048, 2048, 2048, 2048, 2048, 2048]","[2049, 2048, 2048, 2048, 2048, 2048, 2049, 2049, 2048, 2048]",309.0
1280,11245,30,24,2026-03-15T07:44:50.675000+00:00,25.936,30.014,42.596,,265.0,False,98.546,"[None, 2048, 2048, 2048, 2048, 2048, 2048]","[2048, 2048, 2049, 2048, 2048, 2048]","[2048, 2048, 2049, 2048, 2048, 2048, 2048, 2048, 2048, 2048, 2048]",318.0
1280,11245,41,24,2026-03-15T07:44:51.756000+00:00,25.96,30.206,42.809,275.0,264.0,False,98.975,"[None, 2048, 2048, 2048, 2048, 2048, 2048]","[2048, 2048, 2048, 2048, 2048, 2048]","[2048, 2048, 2048, 2048, 2048, 2048, 2048, 2048, 2048, 2048, 2049]",319.0
1280,11245,6,24,2026-03-15T07:44:52.182000+00:00,26.12,30.186,42.574,270.0,269.0,False,98.88,"[None, 2048, 2048, 2048, 2048, 2049, 2048]","[2048, 2048, 2048, 2048, 2048, 2048]","[2048, 2048, 2048, 2048, 2048, 2048, 2048, 2048, 2048, 2048, 2048]",339.0
1280,11245,55,24,2026-03-15T07:44:54.400000+00:00,26.131,30.304,42.529,274.0,258.0,False,98.964,"[None, 2048, 2049, 2048, 2049, 2048, 2048]","[2049, 2048, 2048, 2048, 2048, 2048]","[2049, 2048, 2048, 2048, 2048, 2048, 2048, 2048, 2048, 2048, 2048]",320.0
1280,11245,77,24,2026-03-15T07:45:02.605000+00:00,26.425,30.561,42.86,272.0,256.0,False,99.846,"[None, 2048, 2048, 2048, 2048, 2048, 2048]","[2048, 2048, 2048, 2048, 2048, 2048]","[2048, 2048, 2048, 2048, 2048, 2048, 2048, 2048, 2048, 2048]",307.0
1280,11245,11,24,2026-03-15T07:45:03.671000+00:00,26.357,30.633,42.746,276.0,258.0,False,99.736,"[None, 2048, 2048, 2048, 2048, 2048, 2048]","[2048, 2048, 2048, 2048, 2048, 2048]","[2048, 2048, 2048, 2048, 2048, 2049, 2051, 2048, 2048, 2048, 2048]",314.0
1280,11245,14,24,2026-03-15T07:45:06.410000+00:00,26.222,30.534,43.011,256.0,249.0,False,99.767,"[None, 2048, 2049, 2048, 2049, 2048, 2048]","[2049, 2048, 2048, 2049, 2048, 2048]","[2048, 2048, 2048, 2048, 2048, 2048, 2048, 2048, 2048, 2048, 2048]",304.0
1280,11245,12,25,2026-03-15T07:46:03.134000+00:00,25.495,29.19,41.829,,258.0,False,96.514,"[None, 2048, 2048, 2048, 2048, 2048, 2048]","[2049, 2049, 2048, 2048, 2048, 2048]","[2048, 2048, 2048, 2048, 2048, 2048, 2048, 2048, 2048, 2048, 2049]",307.0
1280,11245,16,25,2026-03-15T07:46:06.493000+00:00,26.054,29.422,42.205,262.0,249.0,False,97.681,"[None, 2048, 2048, 2048, 2048, 2048, 2048]","[2048, 2048, 2049, 2048, 2048, 2048]","[2049, 2048, 2048, 2048, 2048, 2048, 2048, 2048, 2048, 2048, 2048]",299.0
1280,11245,44,25,2026-03-15T07:46:07.072000+00:00,26.039,29.707,42.147,284.0,253.0,False,97.893,"[None, 2048, 2049, 2048, 2048, 2048, 2048]","[2048, 2049, 2049, 2048, 2048, 2048]","[2048, 2048, 2048, 2048, 2048, 2048, 2048, 2048, 2048, 2048, 2048]",316.0
1280,11245,63,25,2026-03-15T07:46:07.275000+00:00,25.825,30.062,42.176,278.0,262.0,False,98.063,"[None, 2048, 2048, 2048, 2048, 2048, 2048]","[2048, 2048, 2048, 2048, 2048, 2048]","[2048, 2048, 2048, 2048, 2048, 2048, 2049, 2048, 2048, 2048, 2048]",316.0
1280,11245,87,25,2026-03-15T07:46:22.103000+00:00,25.942,29.495,42.243,266.0,252.0,False,97.68,"[None, 2048, 2048, 2048, 2048, 2048, 2048]","[2048, 2048, 2048, 2048, 2048, 2048]","[2048, 2048, 2048, 2048, 2048, 2048, 2048, 2048, 2048, 2048, 2049]",303.0
1280,11245,3,25,2026-03-15T07:46:23.962000+00:00,25.976,29.754,42.139,269.0,262.0,False,97.869,"[None, 2048, 2048, 2048, 2048, 2048, 2048]","[2048, 2048, 2048, 2048, 2048, 2048]","[2048, 2048, 2048, 2048, 2048, 2049, 2048, 2048, 2048, 2048, 2048]",312.0
1280,11245,43,25,2026-03-15T07:46:25.681000+00:00,26.04,29.859,42.485,276.0,262.0,False,98.384,"[None, 2048, 2048, 2048, 2048, 2048, 2048]","[2048, 2048, 2049, 2048, 2048, 2048]","[2048, 2048, 2048, 2048, 2048, 2048, 2048, 2048, 2048, 2048, 2049]",316.0
1280,11245,31,25,2026-03-15T07:46:26.650000+00:00,26.234,29.77,42.327,263.0,259.0,False,98.331,"[None, 2048, 2048, 2048, 2048, 2048, 2048]","[2048, 2048, 2048, 2048, 2048, 2048]","[2048, 2048, 2049, 2048, 2048, 2048, 2048, 2049, 2048, 2049, 2048]",314.0
1280,11245,10,25,2026-03-15T07:46:26.837000+00:00,26.28,30.069,42.219,280.0,265.0,False,98.568,"[None, 2048, 2048, 2048, 2048, 2048, 2048]","[2048, 2048, 2048, 2048, 2048, 2048]","[2048, 2048, 2048, 2048, 2048, 2048, 2048, 2048, 2048, 2048, 2049]",335.0
1280,11245,27,25,2026-03-15T07:46:27.978000+00:00,25.959,30.15,42.479,277.0,267.0,False,98.588,"[None, 2048, 2048, 2048, 2048, 2048, 2048]","[2048, 2048, 2048, 2048, 2048, 2048]","[2049, 2048, 2048, 2048, 2048, 2048, 2049, 2048, 2048, 2048, 2048]",315.0
1280,11245,30,25,2026-03-15T07:46:29.353000+00:00,25.955,30.06,42.584,277.0,265.0,False,98.599,"[None, 2048, 2048, 2048, 2048, 2048, 2048]","[2048, 2048, 2048, 2048, 2049, 2049]","[2048, 2048, 2048, 2048, 2048, 2048, 2048, 2048, 2048, 2049, 2049]",319.0
1280,11245,41,25,2026-03-15T07:46:30.665000+00:00,26.052,30.166,43.311,273.0,262.0,False,99.529,"[None, 2048, 2048, 2048, 2048, 2048, 2048]","[2048, 2048, 2048, 2048, 2048, 2048]","[2048, 2048, 2048, 2048, 2048, 2048, 2048, 2048, 2048, 2048, 2048]",322.0
1280,11245,6,25,2026-03-15T07:46:31.103000+00:00,26.148,30.262,42.207,273.0,267.0,False,98.617,"[None, 2048, 2048, 2048, 2048, 2048, 2048]","[2048, 2048, 2048, 2048, 2048, 2048]","[2048, 2048, 2048, 2049, 2048, 2048, 2048, 2048, 2048, 2049, 2048]",334.0
1280,11245,55,25,2026-03-15T07:46:33.290000+00:00,26.161,30.131,42.462,276.0,265.0,False,98.754,"[None, 2048, 2049, 2048, 2048, 2048, 2048]","[2049, 2048, 2049, 2048, 2048, 2048]","[2048, 2048, 2048, 2048, 2048, 2049, 2048, 2048, 2048, 2049, 2048]",327.0
1280,11245,77,25,2026-03-15T07:46:42.400000+00:00,26.2,30.699,42.914,274.0,258.0,False,99.813,"[None, 2048, 2049, 2049, 2048, 2048, 2048]","[2048, 2048, 2049, 2048, 2048, 2048]","[2048, 2048, 2048, 2048, 2048, 2048, 2048, 2048, 2048, 2049, 2048]",306.0
1280,11245,11,25,2026-03-15T07:46:43.415000+00:00,26.847,30.729,42.966,275.0,255.0,False,100.542,"[None, 2048, 2048, 2048, 2048, 2048, 2048]","[2048, 2048, 2048, 2048, 2048, 2048]","[2048, 2048, 2048, 2048, 2048, 2048, 2048, 2048, 2048, 2048, 2048]",315.0
1280,11245,14,25,2026-03-15T07:46:46.196000+00:00,26.187,30.538,42.996,257.0,253.0,False,99.721,"[None, 2048, 2049, 2048, 2048, 2048, 2048]","[2048, 2048, 2048, 2049, 2048, 2048]","[2049, 2048, 2048, 2048, 2048, 2048, 2048, 2048, 2048, 2049, 2048]",306.0
1280,11245,12,26,2026-03-15T07:47:39.655000+00:00,25.55,29.207,41.831,,259.0,False,96.588,"[None, 2048, 2048, 2048, 2048, 2048, 2048]","[2048, 2048, 2049, 2048, 2048, 2048]","[2048, 2048, 2048, 2048, 2048, 2048, 2048, 2048, 2048, 2048, 2049]",308.0
1280,11245,16,26,2026-03-15T07:47:44.359000+00:00,25.771,29.158,42.645,261.0,252.0,False,97.574,"[None, 2048, 2048, 2048, 2048, 2048, 2048]","[2048, 2049, 2048, 2048, 2048, 2048]","[2049, 2048, 2048, 2048, 2048, 2048, 2048, 2048, 2048, 2048, 2048]",303.0
1280,11245,44,26,2026-03-15T07:47:44.859000+00:00,25.666,29.374,41.699,268.0,260.0,False,96.739,"[None, 2048, 2048, 2049, 2048, 2048, 2048]","[2048, 2048, 2049, 2048, 2048, 2048]","[2048, 2048, 2049, 2049, 2049, 2048, 2048, 2048, 2048, 2048, 2048]",328.0
1280,11245,63,26,2026-03-15T07:47:45.327000+00:00,25.598,29.588,42.001,283.0,265.0,False,97.187,"[2051, 2049, 2048, 2048, 2048, 2048, 2048]","[2048, 2048, 2048, 2048, 2048, 2048]","[2048, 2048, 2048, 2048, 2048, 2048, 2048, 2048, 2048, 2048, 2048]",323.0
1280,11245,87,26,2026-03-15T07:47:59.780000+00:00,25.68,29.397,42.315,264.0,254.0,False,97.392,"[None, 2048, 2051, 2048, 2049, 2048, 2048]","[2048, 2048, 2048, 2048, 2049, 2048]","[2049, 2048, 2049, 2048, 2048, 2048, 2048, 2048, 2048, 2048, 2048]",300.0
1280,11245,3,26,2026-03-15T07:48:01.702000+00:00,25.716,29.645,42.019,,265.0,False,97.38,"[None, 2048, 2048, 2048, 2048, 2048, 2048]","[2048, 2048, 2048, 2049, 2048, 2048]","[2048, 2048, 2048, 2048, 2048, 2049, 2048, 2048, 2048, 2048, 2048]",312.0
1280,11245,43,26,2026-03-15T07:48:04.048000+00:00,25.888,29.772,42.41,,261.0,False,98.07,"[None, 2048, 2049, 2048, 2048, 2048, 2048]","[2048, 2048, 2049, 2048, 2048, 2048]","[2048, 2048, 2048, 2048, 2048, 2049, 2048, 2048, 2048, 2049, 2049]",315.0
1280,11245,31,26,2026-03-15T07:48:04.889000+00:00,25.759,29.811,42.255,271.0,262.0,False,97.825,"[None, 2048, 2048, 2049, 2048, 2048, 2048]","[2048, 2048, 2049, 2048, 2048, 2048]","[2048, 2048, 2048, 2048, 2048, 2048, 2048, 2048, 2048, 2048, 2048]",320.0
1280,11245,10,26,2026-03-15T07:48:05.361000+00:00,25.953,29.802,42.065,,270.0,False,97.82,"[None, 2049, 2048, 2049, 2048, 2048, 2048]","[2048, 2048, 2048, 2048, 2048, 2048]","[2049, 2048, 2048, 2048, 2048, 2048, 2048, 2048, 2048, 2048, 2048]",333.0
1280,11245,27,26,2026-03-15T07:48:06.651000+00:00,25.749,29.901,42.652,,269.0,False,98.302,"[None, 2048, 2048, 2048, 2048, 2048, 2048]","[2049, 2048, 2049, 2048, 2048, 2048]","[2048, 2048, 2048, 2048, 2048, 2048, 2049, 2048, 2048, 2049, 2049]",312.0
1280,11245,30,26,2026-03-15T07:48:07.961000+00:00,25.844,29.994,42.607,,266.0,False,98.445,"[None, 2048, 2048, 2048, 2048, 2048, 2048]","[2048, 2048, 2048, 2048, 2048, 2048]","[2049, 2048, 2048, 2048, 2048, 2048, 2049, 2048, 2048, 2048, 2048]",319.0
1280,11245,6,26,2026-03-15T07:48:09.586000+00:00,26.077,30.008,42.289,265.0,262.0,False,98.374,"[None, 2048, 2048, 2048, 2048, 2048, 2048]","[2048, 2048, 2049, 2048, 2048, 2048]","[2048, 2048, 2048, 2048, 2048, 2048, 2049, 2048, 2048, 2048, 2048]",312.0
1280,11245,41,26,2026-03-15T07:48:10.176000+00:00,26.176,30.255,42.708,276.0,267.0,False,99.139,"[None, 2048, 2048, 2048, 2048, 2048, 2048]","[2048, 2048, 2048, 2048, 2048, 2048]","[2048, 2048, 2048, 2048, 2048, 2048, 2049, 2048, 2048, 2048, 2049]",318.0
1280,11245,55,26,2026-03-15T07:48:12.122000+00:00,26.239,30.084,42.385,273.0,265.0,False,98.708,"[None, 2048, 2049, 2048, 2048, 2048, 2048]","[2049, 2048, 2048, 2048, 2048, 2048]","[2048, 2048, 2048, 2048, 2048, 2049, 2048, 2048, 2048, 2049, 2048]",328.0
1280,11245,77,26,2026-03-15T07:48:22.252000+00:00,26.309,30.445,42.99,275.0,258.0,False,99.744,"[None, 2048, 2048, 2048, 2049, 2048, 2048]","[2048, 2048, 2049, 2048, 2048, 2048]","[2048, 2048, 2048, 2048, 2048, 2048, 2049, 2048, 2048, 2048, 2048]",306.0
1280,11245,11,26,2026-03-15T07:48:23.966000+00:00,26.277,30.698,43.035,273.0,254.0,False,100.01,"[None, 2048, 2048, 2048, 2048, 2048, 2048]","[2048, 2048, 2048, 2048, 2048, 2048]","[2048, 2048, 2048, 2048, 2048, 2048, 2048, 2048, 2048, 2048, 2048]",313.0
1280,11245,14,26,2026-03-15T07:48:25.966000+00:00,26.207,30.556,42.992,256.0,251.0,False,99.755,"[None, 2048, 2048, 2048, 2048, 2048, 2048]","[2048, 2048, 2048, 2048, 2048, 2048]","[2049, 2048, 2049, 2048, 2048, 2048, 2048, 2048, 2048, 2048, 2049]",305.0
1280,11245,12,27,2026-03-15T07:49:16.229000+00:00,25.515,29.2,41.875,,259.0,False,96.59,"[None, 2048, 2048, 2048, 2048, 2048, 2048]","[2048, 2048, 2048, 2048, 2048, 2048]","[2048, 2048, 2048, 2048, 2048, 2048, 2048, 2048, 2048, 2048, 2049]",309.0
1280,11245,44,27,2026-03-15T07:49:21.463000+00:00,26.166,30.041,43.025,289.0,266.0,False,99.232,"[None, 2048, 2048, 2048, 2048, 2048, 2049]","[2048, 2049, 2048, 2048, 2048, 2048]","[2048, 2048, 2048, 2048, 2048, 2048, 2048, 2048, 2048, 2048, 2048]",317.0
1280,11245,16,27,2026-03-15T07:49:21.823000+00:00,25.711,30.036,42.125,265.0,246.0,False,97.872,"[None, 2048, 2048, 2048, 2048, 2048, 2048]","[2048, 2049, 2048, 2048, 2048, 2048]","[2048, 2048, 2048, 2048, 2048, 2048, 2048, 2048, 2048, 2048, 2048]",303.0
1280,11245,63,27,2026-03-15T07:49:22.385000+00:00,25.857,29.554,42.36,284.0,283.0,False,97.771,"[2048, 2048, 2048, 2048, 2048, 2048, 2048]","[2048, 2048, 2048, 2048, 2048, 2051]","[2048, 2048, 2048, 2048, 2048, 2048, 2048, 2048, 2048, 2048, 2048]",327.0
1280,11245,87,27,2026-03-15T07:49:37.196000+00:00,25.83,29.329,42.246,267.0,255.0,False,97.405,"[None, 2048, 2048, 2048, 2049, 2048, 2048]","[2049, 2048, 2048, 2048, 2049, 2048]","[2048, 2048, 2048, 2048, 2048, 2048, 2048, 2048, 2049, 2049, 2049]",302.0
1280,11245,3,27,2026-03-15T07:49:39.182000+00:00,25.876,29.73,42.039,270.0,262.0,False,97.645,"[None, 2048, 2048, 2048, 2049, 2048, 2048]","[2048, 2048, 2048, 2048, 2048, 2048]","[2048, 2048, 2048, 2048, 2048, 2048, 2048, 2048, 2048, 2048, 2048]",309.0
1280,11245,43,27,2026-03-15T07:49:42.064000+00:00,25.839,29.841,42.608,277.0,257.0,False,98.288,"[None, 2048, 2048, 2048, 2048, 2048, 2048]","[2048, 2048, 2048, 2048, 2048, 2048]","[2048, 2048, 2048, 2048, 2048, 2048, 2048, 2048, 2048, 2048, 2048]",311.0
1280,11245,31,27,2026-03-15T07:49:42.680000+00:00,25.904,29.737,42.48,270.0,263.0,False,98.121,"[None, 2048, 2048, 2048, 2048, 2048, 2048]","[2048, 2048, 2049, 2048, 2048, 2048]","[2048, 2048, 2048, 2048, 2048, 2048, 2048, 2048, 2048, 2048, 2049]",323.0
1280,11245,10,27,2026-03-15T07:49:43.203000+00:00,25.744,29.934,42.485,286.0,270.0,False,98.163,"[None, 2048, 2048, 2049, 2048, 2048, 2048]","[2048, 2048, 2049, 2048, 2048, 2048]","[2048, 2048, 2048, 2048, 2048, 2048, 2048, 2048, 2048, 2048, 2048]",332.0
1280,11245,27,27,2026-03-15T07:49:44.941000+00:00,25.666,29.778,42.515,278.0,269.0,False,97.959,"[None, 2048, 2048, 2048, 2048, 2048, 2048]","[2049, 2048, 2049, 2049, 2048, 2048]","[2048, 2048, 2048, 2048, 2048, 2048, 2048, 2048, 2048, 2049, 2048]",312.0
1280,11245,30,27,2026-03-15T07:49:46.432000+00:00,25.779,29.938,42.641,281.0,267.0,False,98.358,"[None, 2048, 2048, 2048, 2048, 2048, 2048]","[2049, 2048, 2048, 2048, 2048, 2048]","[2049, 2048, 2048, 2048, 2048, 2048, 2048, 2048, 2048, 2048, 2048]",314.0
1280,11245,6,27,2026-03-15T07:49:48.050000+00:00,26.017,30.018,42.258,269.0,265.0,False,98.293,"[None, 2048, 2048, 2048, 2048, 2048, 2048]","[2048, 2048, 2048, 2048, 2048, 2048]","[2048, 2048, 2048, 2048, 2048, 2048, 2048, 2048, 2048, 2048, 2048]",316.0
1280,11245,41,27,2026-03-15T07:49:49.455000+00:00,25.868,30.209,54.077,,267.0,False,110.154,"[None, 2048, 2049, 2048, 2048, 2048, 2048]","[2048, 2048, 2048, 2048, 2048, 2048]","[2048, 2048, 2048, 2048, 2048, 2048, 2048, 2048, 2048, 2048, 2048]",313.0
1280,11245,55,27,2026-03-15T07:49:50.746000+00:00,26.155,30.228,43.325,275.0,264.0,False,99.708,"[None, 2048, 2048, 2048, 2048, 2048, 2048]","[2048, 2048, 2048, 2048, 2048, 2048]","[2048, 2048, 2048, 2048, 2048, 2048, 2048, 2048, 2048, 2048, 2048]",327.0
1280,11245,77,27,2026-03-15T07:50:02.013000+00:00,26.104,30.394,44.307,278.0,258.0,False,100.805,"[None, 2048, 2049, 2049, 2049, 2048, 2048]","[2048, 2048, 2049, 2048, 2048, 2048]","[2048, 2048, 2048, 2048, 2048, 2048, 2048, 2048, 2048, 2049, 2048]",301.0
1280,11245,11,27,2026-03-15T07:50:04.044000+00:00,26.514,30.639,43.154,275.0,257.0,False,100.307,"[None, 2048, 2048, 2048, 2048, 2048, 2048]","[2048, 2048, 2048, 2048, 2048, 2048]","[2048, 2048, 2049, 2048, 2048, 2048, 2048, 2048, 2048, 2048, 2048]",312.0
1280,11245,14,27,2026-03-15T07:50:05.617000+00:00,26.259,30.598,43.385,257.0,250.0,False,100.242,"[None, 2048, 2048, 2048, 2048, 2048, 2048]","[2048, 2048, 2048, 2048, 2048, 2048]","[2048, 2048, 2048, 2048, 2048, 2048, 2048, 2048, 2048, 2048, 2048]",301.0
1280,11245,12,28,2026-03-15T07:50:52.734000+00:00,25.536,29.177,41.876,,259.0,False,96.589,"[None, 2048, 2048, 2048, 2048, 2048, 2048]","[2048, 2048, 2048, 2048, 2048, 2048]","[2048, 2048, 2048, 2048, 2048, 2048, 2048, 2048, 2048, 2048, 2048]",308.0
1280,11245,16,28,2026-03-15T07:50:59.656000+00:00,25.691,29.208,42.177,262.0,252.0,False,97.076,"[None, 2048, 2048, 2048, 2048, 2048, 2048]","[2048, 2048, 2048, 2049, 2048, 2048]","[2048, 2048, 2048, 2048, 2048, 2048, 2048, 2048, 2049, 2049, 2048]",302.0
1280,11245,63,28,2026-03-15T07:51:00.187000+00:00,25.686,29.334,41.951,279.0,264.0,False,96.971,"[None, 2048, 2048, 2048, 2048, 2048, 2048]","[2048, 2048, 2048, 2048, 2048, 2048]","[2048, 2048, 2048, 2048, 2048, 2048, 2048, 2048, 2048, 2048, 2048]",329.0
1280,11245,44,28,2026-03-15T07:51:00.874000+00:00,26.103,29.358,41.757,272.0,260.0,False,97.218,"[None, 2048, 2048, 2048, 2048, 2048, 2048]","[2048, 2048, 2048, 2048, 2048, 2048]","[2048, 2048, 2049, 2048, 2048, 2048, 2048, 2048, 2048, 2048, 2048]",318.0
1280,11245,87,28,2026-03-15T07:51:14.614000+00:00,25.728,29.416,42.494,265.0,255.0,False,97.638,"[None, 2048, 2048, 2048, 2048, 2048, 2048]","[2048, 2048, 2048, 2049, 2048, 2048]","[2048, 2048, 2048, 2048, 2048, 2048, 2048, 2048, 2048, 2048, 2048]",302.0
1280,11245,3,28,2026-03-15T07:51:16.851000+00:00,25.679,29.705,41.984,268.0,259.0,False,97.368,"[None, 2048, 2048, 2048, 2048, 2048, 2048]","[2048, 2048, 2048, 2049, 2048, 2048]","[2048, 2048, 2048, 2048, 2048, 2048, 2048, 2048, 2049, 2048, 2048]",313.0
1280,11245,43,28,2026-03-15T07:51:20.382000+00:00,25.942,29.767,43.59,274.0,259.0,False,99.299,"[None, 2048, 2048, 2048, 2048, 2048, 2048]","[2048, 2048, 2048, 2049, 2048, 2048]","[2048, 2048, 2048, 2048, 2048, 2048, 2051, 2048, 2048, 2048, 2048]",312.0
1280,11245,31,28,2026-03-15T07:51:20.786000+00:00,25.951,29.811,42.907,269.0,262.0,False,98.669,"[None, 2048, 2048, 2048, 2048, 2048, 2048]","[2048, 2048, 2049, 2048, 2048, 2048]","[2048, 2048, 2049, 2048, 2048, 2048, 2049, 2048, 2048, 2048]",323.0
1280,11245,10,28,2026-03-15T07:51:21.238000+00:00,25.886,29.866,42.473,284.0,269.0,False,98.225,"[None, 2048, 2048, 2048, 2048, 2048, 2048]","[2048, 2048, 2048, 2048, 2048, 2048]","[2048, 2048, 2048, 2048, 2048, 2048, 2048, 2048, 2048, 2048, 2048]",335.0
1280,11245,27,28,2026-03-15T07:51:22.904000+00:00,25.75,29.903,42.497,277.0,268.0,False,98.15,"[None, 2048, 2048, 2048, 2048, 2048, 2048]","[2048, 2048, 2048, 2048, 2048, 2049]","[2049, 2048, 2048, 2048, 2048, 2048, 2048, 2048, 2048, 2048, 2048]",318.0
1280,11245,30,28,2026-03-15T07:51:24.781000+00:00,25.79,29.893,42.706,278.0,262.0,False,98.389,"[None, 2048, 2048, 2048, 2048, 2048, 2048]","[2048, 2048, 2049, 2048, 2048, 2048]","[2049, 2048, 2048, 2048, 2048, 2048, 2048, 2048, 2048, 2048, 2048]",315.0
1280,11245,6,28,2026-03-15T07:51:26.361000+00:00,26.171,29.952,42.236,271.0,261.0,False,98.359,"[None, 2048, 2048, 2048, 2048, 2048, 2048]","[2049, 2048, 2048, 2048, 2048, 2048]","[2048, 2048, 2048, 2048, 2048, 2048, 2048, 2048, 2048, 2049, 2048]",316.0
1280,11245,55,28,2026-03-15T07:51:30.398000+00:00,26.279,30.012,42.381,273.0,262.0,False,98.672,"[None, 2048, 2048, 2048, 2048, 2048, 2048]","[2049, 2048, 2048, 2049, 2048, 2048]","[2049, 2048, 2049, 2048, 2048, 2048, 2048, 2048, 2049, 2049, 2048]",316.0
1280,11245,41,28,2026-03-15T07:51:39.460000+00:00,26.661,30.116,43.066,269.0,261.0,False,99.843,"[None, 2048, 2048, 2048, 2048, 2048, 2048]","[2048, 2048, 2048, 2048, 2049, 2048]","[2048, 2048, 2048, 2048, 2048, 2048, 2048, 2048, 2048, 2049, 2048]",308.0
1280,11245,77,28,2026-03-15T07:51:42.857000+00:00,26.274,30.448,42.914,277.0,259.0,False,99.636,"[None, 2048, 2048, 2048, 2049, 2048, 2048]","[2048, 2048, 2049, 2048, 2049, 2048]","[2048, 2048, 2048, 2048, 2048, 2048, 2048, 2048, 2048, 2049, 2048]",311.0
1280,11245,11,28,2026-03-15T07:51:44.315000+00:00,26.26,30.643,42.68,273.0,259.0,False,99.583,"[None, 2048, 2048, 2048, 2048, 2048, 2048]","[2048, 2048, 2048, 2048, 2048, 2048]","[2049, 2048, 2048, 2048, 2048, 2049, 2048, 2048, 2048, 2048, 2049]",314.0
1280,11245,14,28,2026-03-15T07:51:45.986000+00:00,26.146,30.566,43.033,,253.0,False,99.745,"[None, 2048, 2048, 2048, 2048, 2048, 2048]","[2049, 2048, 2048, 2048, 2048, 2048]","[2048, 2048, 2048, 2048, 2048, 2048, 2048, 2048, 2048, 2048, 2048]",308.0
1280,11245,12,29,2026-03-15T07:52:29.335000+00:00,25.583,29.116,41.682,273.0,260.0,False,96.381,"[None, 2048, 2048, 2048, 2048, 2048, 2048]","[2049, 2049, 2048, 2048, 2048, 2048]","[2048, 2048, 2048, 2048, 2048, 2048, 2048, 2048, 2048, 2049, 2049]",310.0
1280,11245,16,29,2026-03-15T07:52:36.762000+00:00,25.517,29.109,42.481,261.0,252.0,False,97.107,"[None, 2048, 2048, 2048, 2048, 2048, 2048]","[2048, 2048, 2048, 2049, 2049, 2048]","[2049, 2048, 2048, 2048, 2048, 2048, 2048, 2048, 2048, 2049, 2048]",300.0
1280,11245,63,29,2026-03-15T07:52:37.224000+00:00,25.614,29.227,41.317,276.0,262.0,False,96.158,"[None, 2048, 2048, 2048, 2048, 2048, 2048]","[2048, 2048, 2048, 2048, 2048, 2048]","[2048, 2048, 2051, 2048, 2048, 2049, 2048, 2049, 2048, 2048, 2048]",326.0
1280,11245,44,29,2026-03-15T07:52:37.989000+00:00,25.725,29.304,41.742,267.0,259.0,False,96.771,"[None, 2048, 2049, 2048, 2048, 2048, 2048]","[2048, 2048, 2048, 2048, 2048, 2048]","[2048, 2048, 2048, 2048, 2048, 2048, 2048, 2048, 2048, 2048, 2048]",315.0
1280,11245,87,29,2026-03-15T07:52:52.125000+00:00,25.876,29.507,42.301,,257.0,False,97.684,"[None, 2048, 2048, 2048, 2048, 2048, 2048]","[2048, 2048, 2048, 2048, 2048, 2048]","[2048, 2048, 2048, 2048, 2048, 2048, 2048, 2048, 2049, 2049, 2049]",301.0
1280,11245,3,29,2026-03-15T07:52:54.230000+00:00,25.829,29.805,42.038,,261.0,False,97.672,"[None, 2048, 2048, 2048, 2048, 2048, 2048]","[2048, 2048, 2048, 2048, 2048, 2048]","[2048, 2048, 2049, 2048, 2048, 2048, 2048, 2048, 2048, 2049, 2048]",313.0
1280,11245,31,29,2026-03-15T07:52:59.360000+00:00,27.058,29.916,47.593,270.0,264.0,False,104.567,"[None, 2048, 2048, 2048, 2048, 2048, 2048]","[2048, 2048, 2048, 2048, 2048, 2048]","[2048, 2048, 2048, 2048, 2048, 2048, 2048, 2049, 2064, 2064, 2064]",320.0
1280,11245,10,29,2026-03-15T07:52:59.613000+00:00,25.857,29.475,42.234,273.0,258.0,False,97.566,"[None, 2048, 2048, 2048, 2048, 2048, 2048]","[2048, 2048, 2049, 2049, 2048, 2048]","[2048, 2048, 2048, 2048, 2048, 2048, 2048, 2048, 2048, 2048, 2048]",312.0
1280,11245,43,29,2026-03-15T07:52:59.713000+00:00,26.421,29.978,42.325,281.0,264.0,False,98.724,"[None, 2048, 2048, 2048, 2048, 2048, 2048]","[2048, 2048, 2048, 2048, 2048, 2048]","[2048, 2048, 2048, 2048, 2048, 2049, 2048, 2048, 2048, 2048, 2048]",320.0
1280,11245,27,29,2026-03-15T07:53:01.088000+00:00,26.029,30.152,42.496,279.0,270.0,False,98.677,"[None, 2048, 2048, 2048, 2048, 2048, 2048]","[2048, 2048, 2048, 2048, 2048, 2048]","[2048, 2048, 2048, 2048, 2048, 2048, 2048, 2048, 2048, 2048, 2048]",328.0
1280,11245,30,29,2026-03-15T07:53:03.048000+00:00,25.917,29.943,42.448,276.0,265.0,False,98.308,"[None, 2048, 2048, 2048, 2048, 2048, 2048]","[2048, 2048, 2048, 2048, 2048, 2048]","[2049, 2048, 2048, 2048, 2048, 2049, 2048, 2048, 2048, 2049, 2049]",319.0
1280,11245,6,29,2026-03-15T07:53:04.684000+00:00,25.909,29.942,42.231,273.0,263.0,False,98.082,"[None, 2048, 2048, 2048, 2048, 2048, 2048]","[2048, 2048, 2048, 2048, 2048, 2048]","[2048, 2048, 2048, 2048, 2048, 2048, 2048, 2048, 2048, 2048, 2048]",322.0
1280,11245,55,29,2026-03-15T07:53:09.153000+00:00,26.226,29.98,42.608,272.0,262.0,False,98.814,"[None, 2048, 2048, 2048, 2048, 2048, 2048]","[2048, 2048, 2049, 2048, 2048, 2048]","[2048, 2048, 2048, 2048, 2048, 2048, 2048, 2048, 2048, 2048, 2048]",317.0
1280,11245,41,29,2026-03-15T07:53:19.340000+00:00,25.851,30.018,42.791,270.0,261.0,False,98.66,"[None, 2048, 2049, 2048, 2048, 2049, 2048]","[2048, 2048, 2049, 2048, 2048, 2048]","[2048, 2048, 2049, 2048, 2048, 2048, 2048, 2048, 2049, 2049, 2048]",309.0
1280,11245,77,29,2026-03-15T07:53:22.465000+00:00,26.098,30.501,42.967,278.0,257.0,False,99.566,"[None, 2048, 2049, 2049, 2048, 2048, 2048]","[2048, 2048, 2048, 2048, 2048, 2048]","[2048, 2048, 2048, 2048, 2048, 2048, 2048, 2048, 2048, 2048, 2048]",311.0
1280,11245,11,29,2026-03-15T07:53:23.871000+00:00,26.772,30.723,42.942,274.0,254.0,False,100.437,"[None, 2048, 2049, 2048, 2048, 2048, 2048]","[2048, 2048, 2048, 2048, 2048, 2048]","[2048, 2048, 2048, 2048, 2048, 2048, 2048, 2048, 2048, 2048, 2048]",313.0
1280,11245,14,29,2026-03-15T07:53:25.637000+00:00,26.276,30.659,43.01,256.0,251.0,False,99.945,"[None, 2048, 2048, 2048, 2048, 2048, 2048]","[2048, 2048, 2048, 2048, 2048, 2048]","[2048, 2048, 2048, 2048, 2048, 2048, 2048, 2048, 2048, 2048, 2048]",311.0
1280,11245,12,30,2026-03-15T07:54:05.698000+00:00,25.389,29.103,41.674,,260.0,False,96.166,"[None, 2048, 2048, 2048, 2049, 2048, 2048]","[2049, 2048, 2048, 2048, 2048, 2048]","[2048, 2048, 2048, 2048, 2048, 2048, 2048, 2048, 2048, 2048, 2048]",311.0
1280,11245,63,30,2026-03-15T07:54:13.260000+00:00,25.67,29.158,41.61,271.0,258.0,False,96.438,"[None, 2048, 2049, 2049, 2048, 2048, 2048]","[2048, 2048, 2048, 2049, 2048, 2048]","[2048, 2048, 2048, 2048, 2048, 2049, 2048, 2048, 2048, 2051, 2048]",309.0
1280,11245,16,30,2026-03-15T07:54:13.901000+00:00,25.699,29.408,41.69,270.0,257.0,False,96.797,"[None, 2048, 2048, 2048, 2048, 2048, 2048]","[2048, 2048, 2049, 2048, 2048, 2048]","[2048, 2048, 2049, 2048, 2048, 2048, 2048, 2048, 2048, 2048, 2048]",317.0
1280,11245,44,30,2026-03-15T07:54:14.791000+00:00,25.68,29.346,41.659,270.0,261.0,False,96.685,"[None, 2048, 2048, 2048, 2048, 2048, 2048]","[2048, 2048, 2048, 2048, 2048, 2048]","[2048, 2049, 2048, 2048, 2048, 2048, 2048, 2048, 2048, 2048, 2048]",322.0
1280,11245,87,30,2026-03-15T07:54:29.794000+00:00,25.616,29.364,42.296,267.0,253.0,False,97.276,"[None, 2048, 2048, 2048, 2048, 2048, 2048]","[2048, 2048, 2048, 2049, 2048, 2048]","[2048, 2048, 2048, 2048, 2048, 2048, 2048, 2048, 2049, 2048, 2048]",302.0
1280,11245,3,30,2026-03-15T07:54:31.876000+00:00,25.687,29.767,42.133,270.0,260.0,False,97.587,"[None, 2048, 2048, 2048, 2049, 2048, 2048]","[2048, 2048, 2048, 2048, 2048, 2048]","[2048, 2048, 2048, 2048, 2048, 2048, 2048, 2048, 2048, 2048, 2048]",312.0
1280,11245,10,30,2026-03-15T07:54:37.048000+00:00,25.679,29.518,42.935,272.0,260.0,False,98.132,"[None, 2048, 2049, 2049, 2048, 2048, 2048]","[2049, 2048, 2048, 2049, 2048, 2048]","[2049, 2048, 2048, 2048, 2048, 2048, 2048, 2048, 2048, 2048, 2048]",311.0
1280,11245,43,30,2026-03-15T07:54:38.329000+00:00,26.045,29.848,42.342,275.0,258.0,False,98.235,"[None, 2048, 2049, 2048, 2048, 2048, 2048]","[2048, 2048, 2048, 2048, 2048, 2048]","[2048, 2048, 2048, 2048, 2048, 2048, 2048, 2048, 2048, 2048, 2048]",318.0
1280,11245,27,30,2026-03-15T07:54:39.610000+00:00,25.774,29.835,42.25,275.0,266.0,False,97.859,"[None, 2048, 2048, 2048, 2048, 2048, 2048]","[2049, 2048, 2048, 2048, 2048, 2048]","[2048, 2048, 2049, 2048, 2048, 2048, 2048, 2048, 2048, 2049, 2048]",319.0
1280,11245,30,30,2026-03-15T07:54:41.317000+00:00,25.74,29.884,42.27,280.0,263.0,False,97.894,"[None, 2048, 2048, 2048, 2048, 2048, 2048]","[2048, 2048, 2048, 2048, 2048, 2048]","[2049, 2048, 2048, 2048, 2048, 2049, 2049, 2048, 2048, 2048, 2048]",319.0
1280,11245,6,30,2026-03-15T07:54:42.688000+00:00,25.896,29.857,42.166,271.0,263.0,False,97.919,"[None, 2048, 2049, 2048, 2048, 2048, 2048]","[2048, 2048, 2049, 2048, 2048, 2048]","[2048, 2048, 2048, 2048, 2048, 2048, 2048, 2048, 2048, 2048, 2048]",322.0
1280,11245,31,30,2026-03-15T07:54:43.876000+00:00,47.689,29.562,41.745,276.0,268.0,True,118.996,"[2064, 2064, 2048, 2048, 2049, 2048, 2049]","[2048, 2048, 2048, 2048, 2048, 2049]","[2049, 2051, 2049, 2048, 2048, 2049, 2048, 2048, 2049, 2049, 2049]",313.0
1280,11245,55,30,2026-03-15T07:54:47.985000+00:00,26.109,29.995,42.405,275.0,261.0,False,98.509,"[None, 2048, 2048, 2048, 2049, 2048, 2048]","[2049, 2048, 2049, 2048, 2048, 2048]","[2048, 2048, 2048, 2048, 2048, 2048, 2048, 2048, 2049, 2049, 2048]",320.0
1280,11245,41,30,2026-03-15T07:54:58.113000+00:00,25.844,29.915,42.744,,260.0,False,98.503,"[None, 2048, 2048, 2048, 2048, 2048, 2048]","[2049, 2048, 2049, 2049, 2048, 2048]","[2048, 2048, 2048, 2048, 2048, 2048, 2048, 2049, 2049, 2049, 2048]",308.0
1280,11245,77,30,2026-03-15T07:55:02.087000+00:00,26.301,30.429,42.962,277.0,258.0,False,99.692,"[None, 2048, 2048, 2048, 2048, 2048, 2048]","[2048, 2048, 2048, 2048, 2048, 2048]","[2049, 2048, 2048, 2048, 2048, 2048, 2048, 2048, 2049, 2048]",306.0
1280,11245,11,30,2026-03-15T07:55:04.337000+00:00,26.215,30.594,43.207,272.0,257.0,False,100.016,"[None, 2048, 2048, 2048, 2049, 2048, 2048]","[2048, 2048, 2048, 2048, 2048, 2048]","[2048, 2048, 2048, 2048, 2048, 2048, 2048, 2048, 2048, 2049, 2049]",319.0
1280,11245,14,30,2026-03-15T07:55:05.618000+00:00,26.136,30.955,43.258,260.0,252.0,False,100.349,"[None, 2048, 2048, 2048, 2048, 2048, 2048]","[2048, 2048, 2049, 2048, 2048, 2048]","[2048, 2048, 2048, 2048, 2048, 2048, 2048, 2048, 2048, 2048, 2048]",312.0
1280,11245,12,31,2026-03-15T07:55:41.896000+00:00,25.417,28.996,41.695,272.0,259.0,False,96.108,"[None, 2048, 2048, 2048, 2048, 2048, 2048]","[2048, 2048, 2049, 2049, 2048, 2048]","[2048, 2048, 2051, 2048, 2048, 2048, 2048, 2048, 2048, 2048, 2048]",308.0
1280,11245,63,31,2026-03-15T07:55:49.861000+00:00,25.564,29.099,41.544,270.0,258.0,False,96.207,"[None, 2048, 2048, 2048, 2048, 2048, 2048]","[2049, 2048, 2048, 2048, 2048, 2048]","[2051, 2048, 2048, 2048, 2048, 2048, 2048, 2048, 2048, 2051, 2048]",311.0
1280,11245,16,31,2026-03-15T07:55:50.674000+00:00,25.405,29.148,41.856,,260.0,False,96.409,"[None, 2048, 2049, 2051, 2048, 2048, 2048]","[2048, 2048, 2049, 2048, 2048, 2048]","[2048, 2048, 2048, 2048, 2048, 2048, 2048, 2048, 2048, 2048, 2048]",319.0
1280,11245,44,31,2026-03-15T07:55:51.596000+00:00,25.602,29.15,41.744,272.0,262.0,False,96.496,"[None, 2048, 2048, 2048, 2048, 2048, 2048]","[2048, 2048, 2048, 2048, 2048, 2049]","[2048, 2048, 2048, 2048, 2048, 2048, 2048, 2048, 2048, 2048, 2048]",317.0
1280,11245,87,31,2026-03-15T07:56:07.113000+00:00,25.822,29.395,42.366,264.0,253.0,False,97.583,"[None, 2048, 2048, 2048, 2048, 2048, 2048]","[2048, 2048, 2048, 2049, 2048, 2048]","[2048, 2048, 2048, 2048, 2048, 2048, 2048, 2048, 2048, 2048, 2048]",302.0
1280,11245,3,31,2026-03-15T07:56:09.428000+00:00,25.758,29.78,41.98,,260.0,False,97.518,"[None, 2048, 2048, 2048, 2048, 2048, 2048]","[2049, 2048, 2048, 2048, 2048, 2048]","[2048, 2048, 2048, 2048, 2048, 2048, 2048, 2048, 2048, 2048, 2048]",313.0
1280,11245,10,31,2026-03-15T07:56:15.176000+00:00,25.811,29.447,42.376,273.0,259.0,False,97.634,"[None, 2048, 2048, 2048, 2048, 2048, 2048]","[2049, 2048, 2049, 2048, 2048, 2048]","[2048, 2048, 2048, 2048, 2048, 2048, 2048, 2048, 2048, 2049, 2048]",309.0
1280,11245,43,31,2026-03-15T07:56:16.662000+00:00,25.862,29.79,42.15,276.0,260.0,False,97.802,"[None, 2048, 2049, 2048, 2048, 2048, 2048]","[2048, 2048, 2049, 2048, 2048, 2048]","[2048, 2048, 2048, 2048, 2048, 2049, 2048, 2048, 2048, 2048, 2049]",318.0
1280,11245,27,31,2026-03-15T07:56:17.526000+00:00,25.658,29.921,42.183,277.0,268.0,False,97.762,"[None, 2048, 2049, 2049, 2048, 2048, 2048]","[2048, 2048, 2049, 2048, 2048, 2049]","[2048, 2048, 2048, 2048, 2048, 2048, 2048, 2048, 2048, 2048, 2048]",327.0
1280,11245,30,31,2026-03-15T07:56:19.214000+00:00,25.748,29.851,42.485,278.0,262.0,False,98.084,"[None, 2048, 2048, 2048, 2049, 2048, 2048]","[2048, 2048, 2049, 2048, 2048, 2048]","[2048, 2048, 2048, 2048, 2048, 2048, 2048, 2048, 2048, 2048, 2048]",318.0
1280,11245,6,31,2026-03-15T07:56:20.690000+00:00,25.822,29.932,42.114,272.0,266.0,False,97.868,"[None, 2048, 2048, 2048, 2048, 2048, 2048]","[2048, 2048, 2048, 2048, 2048, 2048]","[2048, 2048, 2048, 2048, 2048, 2048, 2048, 2048, 2048, 2048, 2048]",321.0
1280,11245,55,31,2026-03-15T07:56:26.453000+00:00,26.119,30.017,42.324,274.0,261.0,False,98.46,"[None, 2048, 2048, 2048, 2048, 2048, 2048]","[2048, 2048, 2049, 2048, 2048, 2048]","[2048, 2048, 2048, 2048, 2048, 2048, 2048, 2048, 2049, 2049, 2048]",319.0
1280,11245,41,31,2026-03-15T07:56:36.443000+00:00,25.856,29.932,42.755,272.0,261.0,False,98.543,"[None, 2048, 2048, 2048, 2048, 2049, 2048]","[2048, 2048, 2048, 2048, 2048, 2048]","[2048, 2048, 2048, 2048, 2048, 2048, 2048, 2048, 2048, 2048, 2048]",309.0
1280,11245,77,31,2026-03-15T07:56:41.631000+00:00,26.106,30.87,42.792,278.0,260.0,False,99.768,"[None, 2048, 2048, 2048, 2048, 2048, 2048]","[2048, 2048, 2048, 2048, 2048, 2048]","[2048, 2048, 2048, 2048, 2048, 2048, 2048, 2048, 2048, 2048, 2049]",312.0
1280,11245,31,31,2026-03-15T07:56:42.943000+00:00,25.094,29.333,42.499,275.0,249.0,False,96.926,"[2048, 2048, 2049, 2049, 2048, 2051, 2048]","[2048, 2049, 2049, 2049, 2049, 2048]","[2048, 2048, 2048, 2048, 2048, 2048, 2048, 2048, 2049, 2048]",297.0
1280,11245,11,31,2026-03-15T07:56:44.412000+00:00,26.262,30.789,42.926,274.0,254.0,False,99.977,"[None, 2048, 2048, 2048, 2048, 2048, 2048]","[2048, 2048, 2048, 2048, 2048, 2048]","[2048, 2048, 2048, 2048, 2048, 2048, 2048, 2048, 2048, 2048, 2048]",312.0
1280,11245,14,31,2026-03-15T07:56:45.928000+00:00,26.45,30.953,49.016,258.0,249.0,False,106.419,"[None, 2048, 2048, 2048, 2048, 2048, 2048]","[2048, 2048, 2048, 2048, 2048, 2048]","[2048, 2048, 2048, 2048, 2048, 2048, 2049, 2049, 2064, 2064, 2064]",308.0
1280,11245,12,32,2026-03-15T07:57:18.022000+00:00,25.328,28.984,41.671,273.0,260.0,False,95.983,"[None, 2048, 2048, 2048, 2051, 2048, 2048]","[2049, 2049, 2049, 2048, 2048, 2048]","[2048, 2048, 2048, 2048, 2048, 2051, 2048, 2048, 2048, 2048, 2048]",311.0
1280,11245,63,32,2026-03-15T07:57:25.960000+00:00,25.491,29.035,41.451,272.0,258.0,False,95.977,"[None, 2048, 2049, 2048, 2048, 2048, 2048]","[2051, 2048, 2048, 2048, 2048, 2048]","[2048, 2048, 2048, 2048, 2048, 2049, 2048, 2048, 2051, 2051]",314.0
1280,11245,16,32,2026-03-15T07:57:27.132000+00:00,25.841,29.185,41.598,268.0,255.0,False,96.624,"[None, 2048, 2048, 2048, 2048, 2048, 2048]","[2048, 2048, 2048, 2048, 2048, 2048]","[2048, 2048, 2048, 2048, 2048, 2048, 2048, 2048, 2048, 2049, 2049]",318.0
1280,11245,44,32,2026-03-15T07:57:27.991000+00:00,25.517,29.32,41.792,274.0,261.0,False,96.629,"[None, 2048, 2048, 2048, 2048, 2048, 2048]","[2048, 2048, 2048, 2048, 2048, 2048]","[2048, 2048, 2048, 2048, 2048, 2048, 2048, 2048, 2048, 2048, 2048]",323.0
1280,11245,87,32,2026-03-15T07:57:44.751000+00:00,25.749,29.516,42.231,266.0,253.0,False,97.496,"[None, 2048, 2048, 2048, 2048, 2048, 2048]","[2048, 2048, 2048, 2048, 2048, 2048]","[2048, 2048, 2048, 2048, 2048, 2048, 2048, 2048, 2048, 2048, 2049]",303.0
1280,11245,3,32,2026-03-15T07:57:46.956000+00:00,25.833,29.936,41.991,269.0,260.0,False,97.76,"[None, 2048, 2048, 2048, 2048, 2048, 2048]","[2048, 2048, 2048, 2048, 2048, 2048]","[2048, 2048, 2049, 2048, 2048, 2048, 2048, 2048, 2048, 2049, 2048]",312.0
1280,11245,10,32,2026-03-15T07:57:52.896000+00:00,25.75,29.413,42.09,,260.0,False,97.253,"[None, 2048, 2048, 2048, 2048, 2048, 2048]","[2049, 2048, 2049, 2049, 2048, 2048]","[2048, 2048, 2048, 2048, 2048, 2048, 2049, 2048, 2048, 2049, 2048]",313.0
1280,11245,43,32,2026-03-15T07:57:54.451000+00:00,25.789,29.718,47.312,,258.0,False,102.819,"[None, 2048, 2049, 2048, 2048, 2048, 2048]","[2049, 2048, 2048, 2048, 2048, 2048]","[2048, 2048, 2048, 2048, 2048, 2048, 2048, 2051, 2064, 2064, 2064]",321.0
1280,11245,27,32,2026-03-15T07:57:55.277000+00:00,25.866,29.87,42.56,275.0,266.0,False,98.296,"[None, 2048, 2048, 2048, 2048, 2048, 2048]","[2048, 2048, 2049, 2048, 2048, 2048]","[2048, 2048, 2048, 2048, 2048, 2048, 2048, 2048, 2049, 2048, 2048]",313.0
1280,11245,30,32,2026-03-15T07:57:57.362000+00:00,25.802,29.723,42.434,,264.0,False,97.959,"[None, 2048, 2049, 2048, 2049, 2048, 2048]","[2048, 2048, 2049, 2048, 2049, 2048]","[2048, 2048, 2048, 2048, 2048, 2048, 2048, 2048, 2048, 2049, 2048]",318.0
1280,11245,6,32,2026-03-15T07:57:58.591000+00:00,25.935,29.982,42.172,,264.0,False,98.089,"[None, 2048, 2048, 2048, 2048, 2048, 2048]","[2048, 2048, 2048, 2048, 2048, 2048]","[2048, 2048, 2048, 2048, 2048, 2048, 2048, 2048, 2049, 2049, 2049]",323.0
1280,11245,55,32,2026-03-15T07:58:04.900000+00:00,26.097,29.955,42.287,275.0,262.0,False,98.339,"[None, 2048, 2048, 2048, 2048, 2048, 2048]","[2048, 2048, 2048, 2049, 2048, 2048]","[2048, 2048, 2048, 2048, 2048, 2049, 2048, 2048, 2048, 2048, 2048]",318.0
1280,11245,41,32,2026-03-15T07:58:15.074000+00:00,25.793,29.936,42.658,,260.0,False,98.387,"[None, 2048, 2048, 2049, 2048, 2049, 2048]","[2048, 2048, 2048, 2049, 2048, 2048]","[2049, 2048, 2048, 2048, 2048, 2048, 2048, 2049, 2048, 2049, 2049]",310.0
1280,11245,31,32,2026-03-15T07:58:19.824000+00:00,25.872,29.248,41.984,263.0,257.0,False,97.104,"[None, 2048, 2048, 2048, 2049, 2048, 2048]","[2049, 2048, 2048, 2048, 2048, 2048]","[2049, 2048, 2048, 2048, 2048, 2049, 2048, 2048, 2048, 2048, 2048]",303.0
1280,11245,77,32,2026-03-15T07:58:21.467000+00:00,26.151,30.446,42.945,280.0,258.0,False,99.542,"[None, 2048, 2048, 2048, 2048, 2048, 2048]","[2048, 2049, 2049, 2048, 2048, 2048]","[2049, 2048, 2049, 2048, 2048, 2048, 2048, 2048, 2048, 2048, 2048]",307.0
1280,11245,11,32,2026-03-15T07:58:24.413000+00:00,26.198,30.662,42.939,273.0,256.0,False,99.799,"[None, 2048, 2048, 2048, 2048, 2048, 2048]","[2048, 2048, 2048, 2048, 2048, 2048]","[2049, 2048, 2048, 2048, 2048, 2048, 2048, 2048, 2048, 2048, 2048]",308.0
1280,11245,14,32,2026-03-15T07:58:32.363000+00:00,45.832,31.686,49.997,255.0,251.0,True,127.515,"[2064, 2064, 2048, 2048, 2048, 2048, 2048]","[2048, 2048, 2048, 2048, 2049, 2048]","[2049, 2049, 2049, 2048, 2048, 2048, 2048, 2048, 2064, 2064, 2064]",305.0
1280,11245,12,33,2026-03-15T07:58:54.101000+00:00,25.615,29.163,41.665,274.0,258.0,False,96.443,"[None, 2048, 2049, 2048, 2048, 2048, 2048]","[2048, 2048, 2048, 2048, 2048, 2048]","[2048, 2048, 2048, 2048, 2048, 2051, 2048, 2048, 2048, 2048, 2048]",309.0
1280,11245,63,33,2026-03-15T07:59:01.873000+00:00,25.48,29.175,41.452,271.0,258.0,False,96.107,"[None, 2048, 2049, 2048, 2048, 2048, 2048]","[2048, 2048, 2048, 2048, 2048, 2048]","[2048, 2048, 2048, 2048, 2048, 2048, 2048, 2048, 2048, 2048, 2048]",313.0
1280,11245,16,33,2026-03-15T07:59:03.762000+00:00,25.393,29.223,41.934,266.0,254.0,False,96.55,"[None, 2048, 2051, 2048, 2048, 2048, 2048]","[2048, 2048, 2048, 2048, 2048, 2048]","[2049, 2048, 2048, 2048, 2048, 2048, 2048, 2048, 2048, 2048, 2048]",307.0
1280,11245,44,33,2026-03-15T07:59:04.582000+00:00,25.616,29.26,41.62,270.0,259.0,False,96.496,"[None, 2048, 2048, 2048, 2049, 2048, 2048]","[2048, 2048, 2048, 2048, 2048, 2048]","[2048, 2048, 2048, 2048, 2048, 2048, 2048, 2048, 2048, 2048, 2049]",323.0
1280,11245,87,33,2026-03-15T07:59:22.171000+00:00,25.673,29.373,42.221,265.0,256.0,False,97.267,"[None, 2048, 2048, 2048, 2048, 2048, 2048]","[2048, 2048, 2048, 2048, 2048, 2048]","[2048, 2048, 2048, 2048, 2048, 2048, 2048, 2048, 2048, 2048, 2048]",302.0
1280,11245,3,33,2026-03-15T07:59:24.656000+00:00,25.69,29.705,41.986,,263.0,False,97.381,"[None, 2048, 2048, 2048, 2048, 2048, 2048]","[2048, 2048, 2049, 2048, 2048, 2048]","[2049, 2048, 2048, 2048, 2048, 2048, 2048, 2048, 2048, 2048, 2048]",312.0
1280,11245,10,33,2026-03-15T07:59:30.124000+00:00,25.649,29.312,42.162,,260.0,False,97.123,"[None, 2048, 2049, 2048, 2048, 2048, 2048]","[2049, 2048, 2048, 2049, 2048, 2048]","[2049, 2048, 2048, 2048, 2048, 2048, 2048, 2048, 2049, 2049, 2048]",313.0
1280,11245,27,33,2026-03-15T07:59:33.562000+00:00,25.833,29.84,42.99,271.0,262.0,False,98.663,"[None, 2048, 2049, 2048, 2048, 2048, 2048]","[2048, 2048, 2048, 2048, 2048, 2048]","[2049, 2048, 2048, 2048, 2048, 2048, 2048, 2048, 2048, 2048, 2048]",305.0
1280,11245,30,33,2026-03-15T07:59:35.265000+00:00,25.657,29.768,42.473,281.0,264.0,False,97.898,"[None, 2048, 2049, 2048, 2048, 2048, 2048]","[2048, 2048, 2048, 2048, 2048, 2049]","[2048, 2048, 2048, 2048, 2048, 2048, 2049, 2048, 2048, 2048, 2048]",319.0
1280,11245,6,33,2026-03-15T07:59:36.546000+00:00,25.888,29.878,42.055,274.0,262.0,False,97.821,"[None, 2048, 2048, 2048, 2048, 2048, 2048]","[2048, 2048, 2049, 2048, 2048, 2048]","[2048, 2048, 2048, 2048, 2048, 2049, 2048, 2048, 2048, 2048, 2048]",326.0
1280,11245,43,33,2026-03-15T07:59:37.124000+00:00,50.491,30.246,43.38,266.0,268.0,True,124.117,"[2064, 2064, 2048, 2048, 2048, 2048, 2048]","[2048, 2049, 2048, 2048, 2048, 2049]","[2048, 2048, 2048, 2048, 2049, 2048, 2048, 2048, 2048, 2048, 2048]",329.0
1280,11245,55,33,2026-03-15T07:59:43.265000+00:00,26.147,29.889,42.426,,264.0,False,98.462,"[None, 2048, 2048, 2048, 2048, 2048, 2048]","[2049, 2048, 2049, 2048, 2048, 2048]","[2049, 2048, 2048, 2048, 2048, 2048, 2048, 2048, 2048, 2048, 2048]",318.0
1280,11245,41,33,2026-03-15T07:59:53.515000+00:00,25.742,29.869,42.612,271.0,262.0,False,98.223,"[None, 2048, 2048, 2048, 2048, 2049, 2048]","[2048, 2048, 2048, 2048, 2049, 2049]","[2049, 2048, 2048, 2048, 2048, 2048, 2049, 2048, 2048, 2048, 2048]",309.0
1280,11245,31,33,2026-03-15T07:59:56.999000+00:00,34.889,30.987,42.541,251.0,257.0,False,108.417,"[None, 2048, 2048, 2048, 2048, 2048, 2048]","[2048, 2048, 2048, 2048, 2048, 2048]","[2048, 2048, 2048, 2048, 2048, 2048, 2048, 2048, 2048, 2048, 2048]",311.0
1280,11245,77,33,2026-03-15T08:00:01.049000+00:00,26.832,30.937,43.377,282.0,261.0,False,101.146,"[None, 2048, 2048, 2048, 2048, 2048, 2048]","[2048, 2049, 2048, 2048, 2048, 2048]","[2048, 2048, 2048, 2048, 2048, 2048, 2048, 2048, 2048, 2048, 2048]",310.0
1280,11245,11,33,2026-03-15T08:00:04.203000+00:00,26.641,30.644,42.821,270.0,254.0,False,100.106,"[None, 2048, 2048, 2048, 2048, 2048, 2048]","[2048, 2048, 2048, 2048, 2048, 2048]","[2048, 2048, 2048, 2048, 2048, 2048, 2048, 2048, 2048, 2049, 2048]",313.0
1280,11245,12,34,2026-03-15T08:00:30.472000+00:00,25.454,29.002,41.565,272.0,260.0,False,96.021,"[None, 2048, 2049, 2048, 2048, 2048, 2048]","[2048, 2048, 2048, 2048, 2048, 2048]","[2048, 2048, 2048, 2048, 2048, 2048, 2049, 2048, 2048, 2048, 2048]",312.0
1280,11245,63,34,2026-03-15T08:00:38.053000+00:00,25.489,28.955,41.408,273.0,259.0,False,95.852,"[None, 2048, 2049, 2048, 2048, 2048, 2048]","[2048, 2048, 2048, 2049, 2048, 2048]","[2048, 2048, 2048, 2048, 2048, 2048, 2049, 2049, 2051, 2048, 2048]",313.0
1280,11245,14,33,2026-03-15T08:00:39.761000+00:00,,,,,,False,,,,,
1280,11245,16,34,2026-03-15T08:00:40.261000+00:00,25.656,29.08,41.993,264.0,253.0,False,96.729,"[None, 2048, 2048, 2048, 2048, 2048, 2048]","[2048, 2049, 2048, 2051, 2048, 2048]","[2048, 2048, 2048, 2048, 2048, 2048, 2048, 2048, 2048, 2048, 2048]",305.0
1280,11245,44,34,2026-03-15T08:00:41.061000+00:00,25.768,29.141,41.843,269.0,259.0,False,96.752,"[None, 2048, 2048, 2048, 2048, 2048, 2048]","[2048, 2048, 2049, 2048, 2048, 2048]","[2048, 2048, 2048, 2048, 2048, 2048, 2048, 2048, 2048, 2048, 2048]",316.0
1280,11245,87,34,2026-03-15T08:00:59.481000+00:00,25.837,29.278,42.28,268.0,252.0,False,97.395,"[None, 2048, 2048, 2048, 2048, 2048, 2048]","[2049, 2048, 2048, 2049, 2048, 2048]","[2048, 2048, 2048, 2048, 2048, 2048, 2048, 2048, 2048, 2048, 2048]",303.0
1280,11245,3,34,2026-03-15T08:01:02.094000+00:00,25.748,29.64,42.022,,261.0,False,97.41,"[None, 2048, 2048, 2048, 2048, 2048, 2048]","[2048, 2048, 2049, 2048, 2048, 2048]","[2048, 2048, 2048, 2048, 2048, 2048, 2048, 2048, 2048, 2048, 2048]",313.0
1280,11245,10,34,2026-03-15T08:01:07.285000+00:00,25.703,29.32,42.17,,258.0,False,97.193,"[None, 2048, 2049, 2048, 2048, 2048, 2048]","[2049, 2048, 2048, 2049, 2048, 2048]","[2048, 2048, 2048, 2048, 2048, 2048, 2049, 2048, 2048, 2048, 2048]",313.0
1280,11245,27,34,2026-03-15T08:01:12.326000+00:00,26.029,29.572,42.826,272.0,262.0,False,98.427,"[None, 2048, 2048, 2048, 2048, 2048, 2048]","[2049, 2049, 2049, 2049, 2048, 2048]","[2048, 2048, 2048, 2048, 2048, 2048, 2048, 2048, 2049, 2048, 2048]",303.0
1280,11245,30,34,2026-03-15T08:01:13.236000+00:00,25.826,29.894,42.504,285.0,265.0,False,98.224,"[None, 2048, 2048, 2048, 2048, 2048, 2048]","[2048, 2048, 2048, 2048, 2048, 2048]","[2048, 2048, 2048, 2048, 2048, 2048, 2049, 2048, 2048, 2048, 2048]",319.0
1280,11245,6,34,2026-03-15T08:01:14.481000+00:00,26.086,29.809,42.144,272.0,266.0,False,98.039,"[None, 2048, 2048, 2048, 2048, 2048, 2048]","[2049, 2048, 2048, 2048, 2048, 2048]","[2048, 2048, 2048, 2048, 2048, 2048, 2048, 2048, 2048, 2048, 2048]",326.0
1280,11245,55,34,2026-03-15T08:01:21.645000+00:00,26.33,29.946,42.487,277.0,261.0,False,98.763,"[None, 2048, 2048, 2048, 2048, 2048, 2048]","[2049, 2048, 2048, 2048, 2048, 2048]","[2048, 2048, 2048, 2048, 2048, 2048, 2048, 2048, 2048, 2049, 2048]",318.0
1280,11245,41,34,2026-03-15T08:01:31.605000+00:00,25.882,29.88,42.709,273.0,261.0,False,98.471,"[None, 2048, 2049, 2048, 2048, 2048, 2048]","[2048, 2048, 2049, 2049, 2048, 2048]","[2048, 2048, 2049, 2048, 2048, 2048, 2048, 2048, 2048, 2048, 2049]",308.0
1280,11245,43,34,2026-03-15T08:01:41.324000+00:00,25.665,29.482,42.086,276.0,260.0,False,97.233,"[2048, 2048, 2048, 2048, 2049, 2048, 2048]","[2049, 2048, 2049, 2048, 2048, 2048]","[2049, 2048, 2049, 2048, 2048, 2048, 2048, 2048, 2048, 2048, 2048]",311.0
1280,11245,77,34,2026-03-15T08:01:42.121000+00:00,26.516,30.445,42.734,274.0,262.0,False,99.695,"[None, 2048, 2048, 2048, 2048, 2048, 2048]","[2048, 2048, 2049, 2049, 2048, 2049]","[2048, 2048, 2048, 2048, 2048, 2048, 2049, 2048, 2048, 2048, 2048]",307.0
1280,11245,11,34,2026-03-15T08:01:44.199000+00:00,26.291,30.552,43.342,275.0,254.0,False,100.185,"[None, 2048, 2048, 2048, 2048, 2048, 2048]","[2048, 2048, 2048, 2048, 2048, 2048]","[2048, 2048, 2048, 2048, 2048, 2048, 2048, 2048, 2048, 2048, 2048]",314.0
1280,11245,31,34,2026-03-15T08:01:45.480000+00:00,25.942,30.017,42.515,266.0,263.0,False,98.474,"[None, 2048, 2048, 2048, 2048, 2048, 2048]","[2048, 2048, 2048, 2048, 2048, 2048]","[2048, 2048, 2048, 2048, 2048, 2048, 2048, 2048, 2048, 2048, 2048]",325.0
1280,11245,12,35,2026-03-15T08:02:06.509000+00:00,25.515,28.991,41.531,273.0,259.0,False,96.037,"[None, 2048, 2048, 2048, 2048, 2048, 2048]","[2048, 2048, 2049, 2048, 2048, 2048]","[2048, 2048, 2048, 2048, 2048, 2051, 2048, 2048, 2048, 2049, 2048]",309.0
1280,11245,63,35,2026-03-15T08:02:13.962000+00:00,25.461,29.197,41.504,,258.0,False,96.162,"[None, 2048, 2048, 2048, 2048, 2048, 2048]","[2048, 2048, 2048, 2048, 2048, 2048]","[2048, 2048, 2048, 2048, 2048, 2048, 2048, 2049, 2048, 2048, 2048]",309.0
1280,11245,16,35,2026-03-15T08:02:17.025000+00:00,25.494,29.203,43.814,268.0,253.0,False,98.511,"[None, 2048, 2048, 2048, 2048, 2048, 2048]","[2048, 2048, 2048, 2048, 2048, 2048]","[2048, 2048, 2048, 2048, 2048, 2048, 2048, 2048, 2048, 2048, 2048]",303.0
1280,11245,44,35,2026-03-15T08:02:17.884000+00:00,25.703,29.169,42.465,272.0,261.0,False,97.337,"[None, 2048, 2048, 2049, 2048, 2048, 2048]","[2048, 2048, 2048, 2048, 2048, 2048]","[2048, 2048, 2048, 2048, 2048, 2048, 2048, 2048, 2048, 2048]",316.0
1280,11245,87,35,2026-03-15T08:02:36.936000+00:00,25.684,29.313,42.423,270.0,256.0,False,97.42,"[None, 2048, 2048, 2048, 2048, 2048, 2048]","[2048, 2048, 2048, 2048, 2048, 2048]","[2049, 2048, 2048, 2048, 2048, 2048, 2048, 2048, 2048, 2048, 2048]",300.0
1280,11245,3,35,2026-03-15T08:02:39.455000+00:00,25.741,29.682,42.067,,262.0,False,97.49,"[None, 2048, 2048, 2048, 2048, 2048, 2048]","[2048, 2048, 2049, 2048, 2048, 2048]","[2048, 2048, 2049, 2048, 2048, 2048, 2048, 2048, 2048, 2048, 2048]",310.0
1280,11245,10,35,2026-03-15T08:02:44.455000+00:00,25.72,29.432,42.141,274.0,260.0,False,97.293,"[None, 2048, 2049, 2048, 2048, 2048, 2048]","[2048, 2048, 2049, 2048, 2048, 2048]","[2049, 2048, 2048, 2048, 2048, 2048, 2048, 2048, 2048, 2048, 2048]",312.0
1280,11245,27,35,2026-03-15T08:02:50.737000+00:00,25.9,30.099,48.914,,261.0,False,104.913,"[None, 2048, 2048, 2048, 2049, 2048, 2048]","[2048, 2048, 2048, 2048, 2048, 2048]","[2049, 2048, 2048, 2048, 2048, 2048, 2048, 2049, 2064, 2064, 2064]",318.0
1280,11245,30,35,2026-03-15T08:02:51.440000+00:00,25.786,30.09,42.133,281.0,269.0,False,98.009,"[None, 2048, 2048, 2048, 2048, 2048, 2048]","[2048, 2049, 2048, 2048, 2048, 2048]","[2048, 2048, 2049, 2048, 2048, 2048, 2048, 2048, 2048, 2048, 2048]",330.0
1280,11245,6,35,2026-03-15T08:02:52.440000+00:00,25.979,29.739,42.22,273.0,269.0,False,97.938,"[None, 2048, 2048, 2048, 2048, 2048, 2048]","[2048, 2048, 2048, 2048, 2048, 2049]","[2048, 2048, 2048, 2048, 2048, 2049, 2048, 2048, 2048, 2048]",320.0
1280,11245,55,35,2026-03-15T08:03:00.549000+00:00,26.173,29.987,42.512,279.0,262.0,False,98.672,"[None, 2048, 2048, 2048, 2048, 2048, 2048]","[2048, 2048, 2048, 2048, 2048, 2048]","[2048, 2048, 2048, 2048, 2048, 2048, 2048, 2048, 2048, 2048, 2048]",315.0
1280,11245,41,35,2026-03-15T08:03:10.174000+00:00,25.815,29.825,42.681,274.0,262.0,False,98.321,"[None, 2048, 2048, 2048, 2048, 2048, 2048]","[2049, 2048, 2048, 2048, 2048, 2048]","[2048, 2048, 2048, 2048, 2048, 2048, 2048, 2048, 2049, 2048, 2048]",309.0
1280,11245,43,35,2026-03-15T08:03:18.664000+00:00,25.624,29.202,41.957,,258.0,False,96.783,"[None, 2048, 2049, 2048, 2048, 2048, 2048]","[2049, 2048, 2048, 2048, 2049, 2048]","[2048, 2048, 2049, 2048, 2048, 2049, 2048, 2048, 2049, 2049, 2048]",310.0
1280,11245,77,35,2026-03-15T08:03:21.861000+00:00,26.304,30.277,42.958,279.0,260.0,False,99.539,"[None, 2048, 2048, 2048, 2048, 2048, 2048]","[2048, 2048, 2048, 2048, 2048, 2048]","[2048, 2048, 2048, 2048, 2048, 2048, 2048, 2048, 2048, 2049, 2048]",305.0
1280,11245,31,35,2026-03-15T08:03:23.845000+00:00,25.818,29.735,42.484,264.0,260.0,False,98.037,"[None, 2048, 2048, 2048, 2048, 2048, 2048]","[2048, 2048, 2048, 2048, 2048, 2048]","[2048, 2048, 2048, 2048, 2048, 2048, 2048, 2048, 2048, 2048, 2048]",317.0
1280,11245,11,35,2026-03-15T08:03:24.361000+00:00,26.407,30.29,42.783,270.0,258.0,False,99.48,"[None, 2048, 2048, 2049, 2048, 2048, 2048]","[2048, 2049, 2049, 2049, 2048, 2048]","[2048, 2048, 2048, 2048, 2048, 2048, 2048, 2048, 2048, 2048, 2048]",315.0
1280,11245,12,36,2026-03-15T08:03:42.492000+00:00,25.48,28.908,41.626,274.0,261.0,False,96.014,"[None, 2048, 2048, 2048, 2048, 2048, 2048]","[2051, 2049, 2048, 2048, 2048, 2048]","[2048, 2048, 2051, 2048, 2048, 2048, 2049, 2048, 2048, 2048, 2048]",311.0
1280,11245,63,36,2026-03-15T08:03:50.140000+00:00,25.435,28.945,41.534,,261.0,False,95.914,"[None, 2048, 2049, 2048, 2048, 2048, 2048]","[2049, 2048, 2048, 2049, 2048, 2048]","[2048, 2048, 2049, 2048, 2048, 2048, 2048, 2048, 2048, 2048, 2048]",311.0
1280,11245,44,36,2026-03-15T08:03:55.112000+00:00,25.741,29.147,42.113,262.0,255.0,False,97.001,"[None, 2048, 2048, 2048, 2049, 2048, 2048]","[2048, 2048, 2048, 2048, 2048, 2048]","[2051, 2048, 2048, 2048, 2048, 2048, 2048, 2048, 2048, 2048, 2048]",302.0
1280,11245,16,36,2026-03-15T08:03:55.503000+00:00,25.858,29.426,41.963,266.0,257.0,False,97.247,"[None, 2048, 2048, 2048, 2048, 2048, 2048]","[2048, 2048, 2048, 2048, 2048, 2048]","[2048, 2048, 2049, 2048, 2048, 2048, 2048, 2048, 2048, 2048, 2048]",327.0
1280,11245,87,36,2026-03-15T08:04:14.237000+00:00,25.802,29.289,42.389,,259.0,False,97.48,"[None, 2048, 2048, 2048, 2048, 2048, 2048]","[2048, 2048, 2048, 2048, 2048, 2049]","[2048, 2048, 2048, 2048, 2048, 2048, 2048, 2048, 2048, 2048, 2048]",301.0
1280,11245,3,36,2026-03-15T08:04:16.955000+00:00,25.652,29.627,41.95,271.0,262.0,False,97.229,"[None, 2048, 2048, 2048, 2048, 2048, 2048]","[2048, 2048, 2048, 2049, 2048, 2048]","[2048, 2048, 2049, 2048, 2048, 2048, 2048, 2048, 2048, 2048, 2048]",314.0
1280,11245,10,36,2026-03-15T08:04:21.768000+00:00,25.743,29.398,41.962,273.0,261.0,False,97.103,"[None, 2048, 2048, 2048, 2048, 2048, 2048]","[2048, 2048, 2048, 2048, 2048, 2048]","[2048, 2048, 2048, 2048, 2048, 2049, 2048, 2048, 2048, 2048, 2048]",313.0
1280,11245,30,36,2026-03-15T08:04:29.362000+00:00,25.804,29.62,42.557,277.0,262.0,False,97.981,"[None, 2048, 2048, 2048, 2048, 2049, 2048]","[2048, 2048, 2049, 2049, 2049, 2048]","[2048, 2048, 2048, 2048, 2048, 2048, 2048, 2048, 2048, 2048, 2048]",309.0
1280,11245,6,36,2026-03-15T08:04:30.580000+00:00,25.797,29.839,42.118,275.0,267.0,False,97.754,"[None, 2048, 2048, 2048, 2048, 2048, 2048]","[2048, 2048, 2048, 2048, 2048, 2048]","[2048, 2048, 2048, 2048, 2048, 2048, 2048, 2048, 2048, 2048, 2048]",322.0
1280,11245,27,36,2026-03-15T08:04:35.549000+00:00,59.719,30.117,42.374,268.0,264.0,True,132.21,"[2064, 2064, 2048, 2048, 2048, 2048, 2048]","[2048, 2048, 2048, 2048, 2049, 2048]","[2048, 2048, 2049, 2048, 2048, 2048, 2048, 2048, 2049, 2049, 2048]",305.0
1280,11245,55,36,2026-03-15T08:04:39.174000+00:00,26.216,30.071,42.457,276.0,263.0,False,98.744,"[None, 2048, 2048, 2048, 2048, 2048, 2048]","[2048, 2048, 2048, 2049, 2048, 2048]","[2048, 2048, 2048, 2048, 2048, 2048, 2048, 2048, 2048, 2049, 2048]",313.0
1280,11245,41,36,2026-03-15T08:04:48.424000+00:00,25.75,29.838,42.464,,262.0,False,98.052,"[None, 2048, 2048, 2048, 2048, 2049, 2048]","[2048, 2048, 2048, 2048, 2049, 2049]","[2049, 2048, 2049, 2048, 2048, 2048, 2049, 2049, 2049, 2048, 2049]",310.0
1280,11245,43,36,2026-03-15T08:04:55.354000+00:00,25.597,29.333,42.093,,260.0,False,97.023,"[None, 2048, 2048, 2048, 2048, 2048, 2048]","[2048, 2048, 2049, 2048, 2048, 2048]","[2048, 2049, 2049, 2048, 2048, 2048, 2048, 2048, 2048, 2048, 2048]",312.0
1280,11245,77,36,2026-03-15T08:05:01.509000+00:00,26.353,31.324,42.875,277.0,262.0,False,100.552,"[None, 2048, 2048, 2048, 2048, 2048, 2048]","[2048, 2048, 2048, 2048, 2048, 2048]","[2048, 2048, 2048, 2048, 2048, 2048, 2048, 2048, 2048, 2048, 2048]",315.0
1280,11245,31,36,2026-03-15T08:05:01.962000+00:00,25.999,29.994,42.824,282.0,258.0,False,98.817,"[None, 2048, 2048, 2048, 2048, 2048, 2048]","[2048, 2048, 2048, 2048, 2048, 2048]","[2048, 2048, 2048, 2048, 2048, 2048, 2048, 2048, 2048, 2048, 2048]",300.0
1280,11245,11,36,2026-03-15T08:05:03.931000+00:00,26.468,30.285,42.798,,256.0,False,99.551,"[None, 2048, 2048, 2048, 2048, 2048, 2048]","[2048, 2048, 2048, 2048, 2048, 2048]","[2049, 2048, 2048, 2048, 2048, 2048, 2048, 2048, 2048, 2049, 2049]",311.0
1280,11245,12,37,2026-03-15T08:05:18.478000+00:00,25.497,28.938,41.724,,261.0,False,96.159,"[None, 2048, 2048, 2048, 2048, 2048, 2048]","[2048, 2048, 2048, 2048, 2048, 2048]","[2048, 2048, 2048, 2048, 2048, 2048, 2049, 2048, 2048, 2048, 2048]",312.0
1280,11245,63,37,2026-03-15T08:05:26.100000+00:00,25.377,28.827,41.327,,261.0,False,95.531,"[None, 2048, 2049, 2048, 2048, 2048, 2048]","[2048, 2048, 2048, 2049, 2049, 2048]","[2048, 2048, 2049, 2048, 2048, 2048, 2048, 2048, 2048, 2051, 2048]",313.0
1280,11245,44,37,2026-03-15T08:05:32.288000+00:00,25.572,29.135,41.942,264.0,258.0,False,96.649,"[None, 2048, 2048, 2048, 2049, 2048, 2048]","[2048, 2048, 2048, 2048, 2048, 2048]","[2051, 2048, 2049, 2048, 2048, 2048, 2048, 2048, 2049, 2049, 2048]",300.0
1280,11245,16,37,2026-03-15T08:05:32.753000+00:00,25.901,29.213,41.653,273.0,260.0,False,96.767,"[None, 2048, 2048, 2048, 2048, 2048, 2048]","[2048, 2048, 2048, 2048, 2048, 2048]","[2048, 2049, 2048, 2048, 2048, 2048, 2048, 2048, 2048, 2049, 2049]",310.0
1280,11245,87,37,2026-03-15T08:05:51.745000+00:00,25.653,29.382,42.207,265.0,257.0,False,97.242,"[None, 2048, 2048, 2048, 2048, 2048, 2048]","[2048, 2048, 2048, 2048, 2049, 2048]","[2048, 2048, 2049, 2048, 2048, 2048, 2048, 2048, 2048, 2048, 2049]",301.0
1280,11245,3,37,2026-03-15T08:05:54.240000+00:00,25.592,29.668,41.89,273.0,262.0,False,97.15,"[None, 2048, 2048, 2048, 2049, 2048, 2048]","[2048, 2048, 2048, 2048, 2048, 2048]","[2049, 2048, 2048, 2048, 2048, 2048, 2048, 2048, 2048, 2048, 2048]",315.0
1280,11245,10,37,2026-03-15T08:05:58.866000+00:00,25.561,29.247,41.944,274.0,261.0,False,96.752,"[None, 2048, 2049, 2048, 2049, 2048, 2048]","[2048, 2048, 2049, 2048, 2048, 2048]","[2048, 2048, 2048, 2048, 2048, 2049, 2048, 2048, 2048, 2049, 2048]",314.0
1280,11245,30,37,2026-03-15T08:06:07.506000+00:00,26.089,29.555,42.328,278.0,264.0,False,97.972,"[None, 2048, 2048, 2048, 2049, 2048, 2048]","[2048, 2049, 2049, 2048, 2049, 2048]","[2048, 2048, 2048, 2048, 2048, 2048, 2049, 2048, 2049, 2049, 2048]",312.0
1280,11245,6,37,2026-03-15T08:06:08.194000+00:00,25.927,29.847,42.068,278.0,266.0,False,97.842,"[None, 2048, 2048, 2048, 2048, 2048, 2048]","[2048, 2048, 2048, 2048, 2048, 2048]","[2048, 2048, 2049, 2048, 2048, 2048, 2048, 2048, 2048, 2048, 2048]",331.0
1280,11245,55,37,2026-03-15T08:06:17.846000+00:00,26.157,29.955,42.368,277.0,264.0,False,98.48,"[None, 2048, 2048, 2048, 2048, 2048, 2048]","[2048, 2048, 2048, 2048, 2048, 2048]","[2048, 2048, 2049, 2048, 2048, 2048, 2048, 2048, 2048, 2048, 2048]",313.0
1280,11245,41,37,2026-03-15T08:06:26.498000+00:00,25.72,29.682,42.665,272.0,265.0,False,98.067,"[None, 2048, 2049, 2048, 2048, 2048, 2048]","[2048, 2048, 2049, 2048, 2049, 2048]","[2048, 2048, 2049, 2048, 2048, 2048, 2048, 2048, 2049, 2049, 2049]",308.0
1280,11245,43,37,2026-03-15T08:06:32.290000+00:00,25.573,29.393,41.992,275.0,259.0,False,96.958,"[None, 2048, 2049, 2048, 2048, 2048, 2048]","[2048, 2048, 2048, 2048, 2048, 2048]","[2048, 2048, 2048, 2048, 2048, 2049, 2048, 2048, 2048, 2048, 2048]",314.0
1280,11245,31,37,2026-03-15T08:06:40.748000+00:00,25.984,29.561,42.285,265.0,258.0,False,97.83,"[None, 2048, 2048, 2048, 2048, 2048, 2048]","[2048, 2048, 2048, 2048, 2048, 2048]","[2048, 2048, 2048, 2048, 2048, 2048, 2048, 2048, 2048, 2048, 2048]",305.0
1280,11245,77,37,2026-03-15T08:06:41.884000+00:00,26.253,30.429,42.762,278.0,259.0,False,99.444,"[None, 2048, 2048, 2048, 2048, 2048, 2048]","[2048, 2048, 2049, 2048, 2048, 2048]","[2048, 2048, 2048, 2048, 2048, 2049, 2048, 2048, 2048, 2048, 2048]",312.0
1280,11245,11,37,2026-03-15T08:06:43.337000+00:00,26.342,30.306,42.958,274.0,260.0,False,99.606,"[None, 2048, 2048, 2048, 2048, 2048, 2048]","[2048, 2048, 2049, 2048, 2048, 2048]","[2048, 2048, 2048, 2048, 2048, 2048, 2048, 2048, 2048, 2049, 2049]",308.0
1280,11245,27,37,2026-03-15T08:06:47.900000+00:00,25.673,29.278,41.669,276.0,268.0,False,96.62,"[2048, 2048, 2048, 2048, 2049, 2049, 2048]","[2049, 2048, 2048, 2049, 2049, 2049]","[2049, 2049, 2049, 2048, 2048, 2049, 2049, 2048, 2049, 2049, 2049]",315.0
1280,11245,12,38,2026-03-15T08:06:54.618000+00:00,25.283,28.807,41.436,,261.0,False,95.526,"[None, 2048, 2048, 2048, 2048, 2048, 2048]","[2048, 2049, 2049, 2049, 2048, 2048]","[2048, 2048, 2048, 2048, 2048, 2048, 2048, 2048, 2048, 2048, 2049]",314.0
1280,11245,63,38,2026-03-15T08:07:01.574000+00:00,25.305,28.918,41.306,,260.0,False,95.529,"[None, 2048, 2049, 2048, 2049, 2048, 2048]","[2048, 2048, 2048, 2049, 2048, 2048]","[2049, 2048, 2049, 2048, 2048, 2048, 2049, 2048, 2048, 2051, 2048]",312.0
1280,11245,44,38,2026-03-15T08:07:08.947000+00:00,25.693,29.008,42.175,,257.0,False,96.876,"[None, 2048, 2048, 2048, 2048, 2048, 2048]","[2048, 2048, 2048, 2048, 2048, 2048]","[2048, 2048, 2048, 2048, 2048, 2048, 2048, 2048, 2048, 2048, 2048]",300.0
1280,11245,16,38,2026-03-15T08:07:09.540000+00:00,25.516,29.349,41.894,,256.0,False,96.759,"[None, 2048, 2048, 2048, 2048, 2048, 2048]","[2048, 2049, 2049, 2048, 2048, 2048]","[2048, 2048, 2049, 2048, 2048, 2048, 2048, 2048, 2048, 2048, 2048]",316.0
1280,11245,87,38,2026-03-15T08:07:29.052000+00:00,25.669,29.284,42.269,264.0,254.0,False,97.222,"[None, 2048, 2048, 2048, 2048, 2048, 2048]","[2048, 2048, 2048, 2049, 2048, 2048]","[2048, 2048, 2048, 2048, 2048, 2048, 2048, 2048, 2048, 2048, 2049]",302.0
1280,11245,3,38,2026-03-15T08:07:31.510000+00:00,25.681,29.517,41.865,270.0,262.0,False,97.063,"[None, 2048, 2048, 2048, 2048, 2048, 2048]","[2048, 2048, 2049, 2048, 2048, 2048]","[2048, 2048, 2048, 2048, 2048, 2048, 2048, 2048, 2048, 2048, 2049]",313.0
1280,11245,10,38,2026-03-15T08:07:35.582000+00:00,25.579,29.221,41.872,,261.0,False,96.672,"[None, 2048, 2048, 2048, 2048, 2048, 2048]","[2049, 2048, 2048, 2048, 2048, 2048]","[2049, 2048, 2048, 2048, 2048, 2048, 2049, 2048, 2048, 2049, 2048]",313.0
1280,11245,30,38,2026-03-15T08:07:45.497000+00:00,25.79,29.497,42.281,273.0,264.0,False,97.568,"[None, 2048, 2048, 2048, 2048, 2048, 2048]","[2049, 2048, 2048, 2049, 2048, 2048]","[2049, 2048, 2048, 2048, 2048, 2048, 2049, 2048, 2048, 2049, 2048]",310.0
1280,11245,6,38,2026-03-15T08:07:46.075000+00:00,25.797,29.802,41.98,,268.0,False,97.579,"[None, 2048, 2048, 2049, 2048, 2048, 2048]","[2048, 2048, 2048, 2048, 2048, 2049]","[2048, 2048, 2048, 2048, 2048, 2048, 2048, 2048, 2048, 2048, 2048]",322.0
1280,11245,55,38,2026-03-15T08:07:56.356000+00:00,26.147,29.847,42.501,276.0,266.0,False,98.495,"[None, 2048, 2048, 2048, 2048, 2048, 2048]","[2048, 2048, 2049, 2048, 2048, 2048]","[2049, 2048, 2048, 2048, 2048, 2048, 2048, 2048, 2048, 2048, 2048]",314.0
1280,11245,41,38,2026-03-15T08:08:04.653000+00:00,25.71,29.706,42.554,,263.0,False,97.97,"[None, 2048, 2049, 2048, 2048, 2048, 2048]","[2048, 2048, 2049, 2048, 2048, 2048]","[2049, 2048, 2048, 2048, 2048, 2048, 2048, 2048, 2048, 2049, 2049]",308.0
1280,11245,43,38,2026-03-15T08:08:09.372000+00:00,25.52,29.341,41.958,276.0,260.0,False,96.819,"[None, 2048, 2048, 2048, 2048, 2048, 2048]","[2048, 2048, 2051, 2048, 2048, 2048]","[2048, 2048, 2048, 2048, 2048, 2048, 2048, 2048, 2048, 2048, 2048]",314.0
1280,11245,31,38,2026-03-15T08:08:18.607000+00:00,25.625,29.522,42.547,,255.0,False,97.694,"[None, 2048, 2048, 2048, 2048, 2048, 2048]","[2048, 2048, 2048, 2048, 2048, 2048]","[2048, 2048, 2048, 2048, 2048, 2048, 2048, 2048, 2048, 2048, 2048]",299.0
1280,11245,77,38,2026-03-15T08:08:21.435000+00:00,26.13,30.527,43.39,276.0,260.0,False,100.047,"[None, 2048, 2049, 2048, 2048, 2048, 2048]","[2048, 2048, 2048, 2048, 2048, 2048]","[2048, 2048, 2048, 2048, 2048, 2048, 2048, 2048, 2048, 2048, 2048]",310.0
1280,11245,11,38,2026-03-15T08:08:22.982000+00:00,26.365,30.884,42.862,273.0,257.0,False,100.111,"[None, 2048, 2048, 2048, 2048, 2048, 2048]","[2048, 2048, 2048, 2048, 2048, 2048]","[2048, 2048, 2048, 2048, 2048, 2048, 2048, 2048, 2048, 2049, 2049]",310.0
1280,11245,27,38,2026-03-15T08:08:24.435000+00:00,25.049,29.479,41.652,301.0,268.0,False,96.18,"[None, 2048, 2048, 2049, 2048, 2048, 2049]","[2049, 2048, 2048, 2048, 2048, 2048]","[2048, 2049, 2049, 2048, 2048, 2048, 2048, 2048, 2049, 2048, 2048]",340.0
1280,11245,12,39,2026-03-15T08:08:30.232000+00:00,25.3,28.82,41.374,273.0,261.0,False,95.494,"[None, 2048, 2049, 2048, 2048, 2048, 2048]","[2048, 2048, 2048, 2051, 2048, 2048]","[2048, 2048, 2048, 2048, 2048, 2048, 2049, 2048, 2048, 2049, 2049]",316.0
1280,11245,63,39,2026-03-15T08:08:37.146000+00:00,25.323,28.804,41.37,274.0,261.0,False,95.497,"[None, 2048, 2048, 2048, 2048, 2048, 2048]","[2048, 2048, 2048, 2049, 2048, 2048]","[2048, 2048, 2048, 2048, 2048, 2048, 2048, 2048, 2048, 2051, 2048]",313.0
1280,11245,44,39,2026-03-15T08:08:45.728000+00:00,25.749,29.07,43.273,263.0,254.0,False,98.092,"[None, 2048, 2048, 2048, 2048, 2048, 2048]","[2048, 2048, 2048, 2048, 2048, 2048]","[2048, 2048, 2049, 2048, 2048, 2048, 2048, 2048, 2048, 2048, 2048]",302.0
1280,11245,16,39,2026-03-15T08:08:46.248000+00:00,25.561,29.25,42.182,278.0,265.0,False,96.993,"[None, 2048, 2048, 2048, 2048, 2048, 2048]","[2048, 2049, 2049, 2048, 2048, 2049]","[2048, 2048, 2049, 2048, 2048, 2048, 2048, 2048, 2048, 2048, 2048]",329.0
1280,11245,87,39,2026-03-15T08:09:06.204000+00:00,25.602,29.17,42.271,266.0,258.0,False,97.043,"[None, 2048, 2048, 2048, 2048, 2048, 2048]","[2048, 2048, 2048, 2049, 2049, 2048]","[2049, 2048, 2048, 2048, 2048, 2048, 2048, 2048, 2048, 2048, 2048]",302.0
1280,11245,3,39,2026-03-15T08:09:08.417000+00:00,25.612,29.585,41.849,,262.0,False,97.046,"[None, 2048, 2048, 2048, 2048, 2048, 2048]","[2048, 2048, 2049, 2048, 2048, 2048]","[2049, 2049, 2049, 2048, 2048, 2048, 2048, 2048, 2048, 2048, 2048]",312.0
1280,11245,10,39,2026-03-15T08:09:12.162000+00:00,25.596,29.263,41.895,275.0,263.0,False,96.754,"[None, 2048, 2048, 2048, 2048, 2048, 2048]","[2048, 2048, 2048, 2048, 2048, 2048]","[2049, 2048, 2048, 2048, 2048, 2048, 2049, 2048, 2048, 2048, 2048]",313.0
1280,11245,30,39,2026-03-15T08:09:23.025000+00:00,25.824,29.535,42.404,274.0,262.0,False,97.763,"[None, 2048, 2048, 2049, 2048, 2048, 2048]","[2048, 2048, 2048, 2048, 2049, 2048]","[2048, 2048, 2048, 2048, 2048, 2048, 2048, 2048, 2048, 2048, 2048]",310.0
1280,11245,6,39,2026-03-15T08:09:23.582000+00:00,25.952,29.79,41.911,,268.0,False,97.653,"[None, 2048, 2048, 2048, 2048, 2048, 2048]","[2048, 2048, 2049, 2048, 2048, 2048]","[2048, 2048, 2048, 2048, 2048, 2048, 2048, 2048, 2048, 2048, 2049]",323.0
1280,11245,55,39,2026-03-15T08:09:34.872000+00:00,26.207,29.939,42.439,277.0,264.0,False,98.585,"[None, 2048, 2048, 2048, 2048, 2048, 2048]","[2048, 2048, 2048, 2048, 2048, 2048]","[2048, 2048, 2048, 2048, 2048, 2048, 2048, 2048, 2048, 2048, 2048]",315.0
1280,11245,41,39,2026-03-15T08:09:42.520000+00:00,25.708,29.736,42.587,,262.0,False,98.031,"[None, 2048, 2049, 2048, 2048, 2048, 2048]","[2049, 2048, 2048, 2048, 2048, 2048]","[2048, 2048, 2048, 2048, 2048, 2048, 2048, 2048, 2048, 2048, 2048]",310.0
1280,11245,43,39,2026-03-15T08:09:46.128000+00:00,25.682,29.478,42.057,275.0,263.0,False,97.217,"[None, 2048, 2048, 2048, 2048, 2048, 2048]","[2048, 2048, 2048, 2048, 2048, 2048]","[2048, 2048, 2048, 2048, 2048, 2048, 2048, 2048, 2048, 2048, 2048]",315.0
1280,11245,31,39,2026-03-15T08:09:56.246000+00:00,25.887,29.533,42.597,264.0,259.0,False,98.017,"[None, 2048, 2048, 2048, 2048, 2048, 2048]","[2048, 2048, 2048, 2048, 2048, 2048]","[2048, 2048, 2048, 2048, 2048, 2048, 2048, 2048, 2048, 2048, 2048]",300.0
1280,11245,27,39,2026-03-15T08:10:00.614000+00:00,25.51,29.206,42.4,271.0,262.0,False,97.116,"[None, 2048, 2049, 2048, 2051, 2048, 2048]","[2048, 2049, 2049, 2049, 2048, 2048]","[2048, 2048, 2048, 2048, 2048, 2048, 2048, 2048, 2048, 2048, 2048]",304.0
1280,11245,77,39,2026-03-15T08:10:01.401000+00:00,26.45,30.283,43.001,270.0,260.0,False,99.734,"[None, 2048, 2048, 2048, 2048, 2048, 2048]","[2048, 2049, 2049, 2048, 2048, 2048]","[2048, 2048, 2048, 2048, 2048, 2048, 2048, 2048, 2048, 2048, 2048]",319.0
1280,11245,11,39,2026-03-15T08:10:03.241000+00:00,26.153,30.091,43.372,275.0,260.0,False,99.616,"[None, 2048, 2048, 2048, 2048, 2048, 2048]","[2048, 2048, 2049, 2048, 2048, 2048]","[2048, 2048, 2048, 2048, 2048, 2048, 2048, 2048, 2048, 2048, 2048]",312.0
1280,11245,12,40,2026-03-15T08:10:05.753000+00:00,25.342,29.022,41.786,275.0,267.0,False,96.15,"[None, 2048, 2048, 2048, 2048, 2048, 2048]","[2048, 2048, 2048, 2048, 2048, 2048]","[2048, 2048, 2048, 2048, 2049, 2048, 2048, 2048, 2048, 2048, 2048]",332.0
1280,11245,63,40,2026-03-15T08:10:12.629000+00:00,25.393,28.845,41.398,273.0,261.0,False,95.636,"[None, 2048, 2048, 2048, 2049, 2048, 2048]","[2051, 2048, 2048, 2048, 2048, 2048]","[2048, 2049, 2048, 2048, 2048, 2048, 2048, 2048, 2048, 2048, 2048]",313.0
1280,11245,16,40,2026-03-15T08:10:23.281000+00:00,26.043,29.941,42.272,274.0,253.0,False,98.256,"[None, 2048, 2048, 2048, 2048, 2048, 2048]","[2048, 2049, 2048, 2048, 2048, 2048]","[2048, 2048, 2048, 2048, 2048, 2048, 2048, 2048, 2048, 2048, 2048]",308.0
1280,11245,44,40,2026-03-15T08:10:23.856000+00:00,25.408,29.544,42.0,276.0,252.0,False,96.952,"[2049, 2049, 2048, 2048, 2048, 2048, 2048]","[2048, 2048, 2048, 2048, 2048, 2048]","[2048, 2048, 2048, 2048, 2048, 2048, 2048, 2048, 2048, 2049]",305.0
1280,11245,87,40,2026-03-15T08:10:43.356000+00:00,25.551,29.284,42.318,268.0,257.0,False,97.153,"[None, 2048, 2049, 2048, 2048, 2048, 2048]","[2048, 2048, 2048, 2048, 2048, 2048]","[2049, 2048, 2048, 2048, 2048, 2048, 2048, 2048, 2048, 2048, 2048]",300.0
1280,11245,3,40,2026-03-15T08:10:45.498000+00:00,25.589,29.596,42.07,273.0,263.0,False,97.255,"[None, 2048, 2048, 2049, 2048, 2048, 2048]","[2048, 2048, 2049, 2048, 2048, 2048]","[2048, 2048, 2048, 2048, 2048, 2048, 2048, 2048, 2048, 2048, 2048]",313.0
1280,11245,10,40,2026-03-15T08:10:48.988000+00:00,25.632,29.297,41.936,,261.0,False,96.865,"[None, 2048, 2048, 2048, 2048, 2048, 2048]","[2048, 2048, 2051, 2048, 2048, 2048]","[2048, 2048, 2048, 2048, 2048, 2049, 2049, 2048, 2048, 2048, 2048]",314.0
1280,11245,30,40,2026-03-15T08:11:00.681000+00:00,26.032,29.449,42.329,275.0,262.0,False,97.81,"[None, 2048, 2048, 2048, 2048, 2048, 2048]","[2048, 2048, 2049, 2049, 2048, 2048]","[2048, 2048, 2048, 2048, 2048, 2048, 2048, 2048, 2048, 2048, 2048]",311.0
1280,11245,6,40,2026-03-15T08:11:01.252000+00:00,26.096,29.716,42.123,274.0,267.0,False,97.935,"[None, 2048, 2048, 2048, 2048, 2049, 2048]","[2048, 2048, 2049, 2048, 2048, 2048]","[2048, 2048, 2048, 2048, 2048, 2048, 2048, 2048, 2048, 2048, 2048]",328.0
1280,11245,55,40,2026-03-15T08:11:13.462000+00:00,26.101,29.881,42.376,278.0,264.0,False,98.358,"[None, 2048, 2048, 2048, 2048, 2048, 2048]","[2048, 2048, 2048, 2049, 2048, 2048]","[2048, 2048, 2048, 2048, 2048, 2048, 2049, 2048, 2048, 2048, 2049]",314.0
1280,11245,41,40,2026-03-15T08:11:20.638000+00:00,25.666,29.573,42.798,,263.0,False,98.037,"[None, 2048, 2048, 2048, 2048, 2048, 2048]","[2049, 2048, 2049, 2049, 2048, 2048]","[2048, 2048, 2048, 2048, 2048, 2048, 2048, 2048, 2048, 2049, 2049]",308.0
1280,11245,43,40,2026-03-15T08:11:23.423000+00:00,25.596,29.316,41.929,276.0,260.0,False,96.841,"[None, 2048, 2049, 2048, 2048, 2048, 2048]","[2048, 2048, 2049, 2048, 2048, 2048]","[2048, 2048, 2048, 2048, 2048, 2049, 2048, 2048, 2048, 2048, 2049]",318.0
1280,11245,31,40,2026-03-15T08:11:34.382000+00:00,25.942,29.628,42.498,266.0,260.0,False,98.068,"[None, 2048, 2048, 2048, 2048, 2048, 2048]","[2048, 2048, 2048, 2048, 2048, 2048]","[2048, 2048, 2048, 2048, 2048, 2048, 2048, 2048, 2048, 2048, 2048]",302.0
1280,11245,27,40,2026-03-15T08:11:37.762000+00:00,25.544,29.074,42.255,,263.0,False,96.873,"[None, 2048, 2049, 2048, 2048, 2048, 2048]","[2048, 2049, 2048, 2049, 2048, 2048]","[2048, 2048, 2048, 2048, 2048, 2048, 2048, 2048, 2049, 2049, 2048]",306.0
1280,11245,77,40,2026-03-15T08:11:41.188000+00:00,27.407,30.087,43.077,274.0,260.0,False,100.571,"[None, 2048, 2048, 2048, 2048, 2048, 2048]","[2048, 2049, 2049, 2048, 2048, 2048]","[2048, 2048, 2049, 2048, 2048, 2048, 2048, 2048, 2048, 2049, 2048]",306.0
1280,11245,12,41,2026-03-15T08:11:41.896000+00:00,25.291,28.839,41.213,277.0,261.0,False,95.343,"[None, 2048, 2048, 2048, 2048, 2048, 2048]","[2048, 2049, 2049, 2049, 2048, 2048]","[2048, 2048, 2048, 2048, 2048, 2051, 2048, 2048, 2048, 2048, 2049]",321.0
1280,11245,11,40,2026-03-15T08:11:42.799000+00:00,26.116,30.593,42.882,282.0,261.0,False,99.591,"[None, 2048, 2048, 2048, 2048, 2048, 2049]","[2048, 2049, 2048, 2048, 2048, 2048]","[2048, 2048, 2048, 2048, 2048, 2048, 2048, 2048, 2048, 2048, 2048]",324.0
1280,11245,63,41,2026-03-15T08:11:48.182000+00:00,25.306,28.877,41.458,277.0,261.0,False,95.641,"[None, 2048, 2048, 2048, 2048, 2048, 2048]","[2048, 2048, 2048, 2049, 2048, 2048]","[2048, 2048, 2048, 2048, 2048, 2048, 2048, 2048, 2048, 2048, 2048]",321.0
1280,11245,44,41,2026-03-15T08:12:00.693000+00:00,25.703,28.94,41.828,268.0,257.0,False,96.471,"[2048, 2048, 2048, 2048, 2048, 2048, 2048]","[2048, 2048, 2048, 2051, 2048, 2048]","[2048, 2048, 2048, 2048, 2048, 2048, 2048, 2048, 2048, 2049, 2048]",302.0
1280,11245,16,41,2026-03-15T08:12:01.553000+00:00,25.517,29.252,42.071,273.0,260.0,False,96.84,"[None, 2048, 2048, 2048, 2048, 2048, 2048]","[2048, 2048, 2051, 2048, 2048, 2048]","[2048, 2048, 2048, 2048, 2048, 2048, 2048, 2048, 2048, 2048, 2048]",311.0
1280,11245,87,41,2026-03-15T08:12:20.437000+00:00,25.444,29.283,42.302,272.0,256.0,False,97.029,"[None, 2048, 2048, 2048, 2048, 2048, 2048]","[2048, 2048, 2048, 2049, 2048, 2048]","[2049, 2048, 2048, 2048, 2048, 2048, 2048, 2048, 2048, 2048, 2049]",301.0
1280,11245,3,41,2026-03-15T08:12:22.778000+00:00,25.665,29.626,42.114,275.0,262.0,False,97.405,"[None, 2048, 2048, 2048, 2048, 2048, 2048]","[2048, 2048, 2048, 2048, 2048, 2048]","[2048, 2048, 2048, 2048, 2048, 2048, 2048, 2048, 2048, 2048, 2048]",315.0
1280,11245,10,41,2026-03-15T08:12:25.866000+00:00,25.596,29.407,42.211,277.0,260.0,False,97.214,"[None, 2048, 2048, 2048, 2048, 2048, 2048]","[2048, 2048, 2048, 2048, 2048, 2048]","[2048, 2048, 2048, 2048, 2048, 2048, 2048, 2048, 2048, 2048, 2048]",315.0
1280,11245,30,41,2026-03-15T08:12:38.547000+00:00,25.711,29.404,42.501,279.0,264.0,False,97.616,"[None, 2048, 2048, 2048, 2048, 2048, 2048]","[2049, 2048, 2049, 2049, 2048, 2048]","[2048, 2048, 2048, 2048, 2048, 2048, 2049, 2048, 2048, 2048, 2048]",305.0
1280,11245,6,41,2026-03-15T08:12:39.139000+00:00,25.778,30.072,42.073,276.0,268.0,False,97.923,"[None, 2048, 2048, 2048, 2048, 2049, 2048]","[2048, 2048, 2048, 2049, 2048, 2048]","[2049, 2048, 2048, 2048, 2048, 2048, 2048, 2048, 2048, 2049, 2049]",316.0
1280,11245,55,41,2026-03-15T08:12:51.887000+00:00,26.08,29.834,42.507,,261.0,False,98.421,"[None, 2048, 2048, 2048, 2048, 2048, 2048]","[2048, 2048, 2049, 2049, 2048, 2048]","[2048, 2048, 2048, 2048, 2048, 2048, 2048, 2048, 2048, 2048, 2048]",312.0
1280,11245,41,41,2026-03-15T08:12:58.699000+00:00,25.665,29.663,44.733,274.0,262.0,False,100.061,"[None, 2048, 2048, 2048, 2048, 2048, 2048]","[2049, 2048, 2048, 2048, 2048, 2048]","[2048, 2048, 2048, 2048, 2048, 2048, 2048, 2048, 2048, 2048, 2048]",311.0
1280,11245,43,41,2026-03-15T08:13:00.267000+00:00,25.661,29.497,42.29,277.0,262.0,False,97.448,"[None, 2048, 2048, 2048, 2048, 2048, 2048]","[2048, 2048, 2048, 2048, 2048, 2048]","[2048, 2048, 2048, 2048, 2049, 2048, 2048, 2048, 2048, 2048]",327.0
1280,11245,31,41,2026-03-15T08:13:12.440000+00:00,25.756,29.555,42.59,263.0,259.0,False,97.901,"[None, 2048, 2049, 2048, 2048, 2048, 2048]","[2048, 2048, 2048, 2048, 2048, 2048]","[2048, 2048, 2048, 2048, 2048, 2048, 2048, 2048, 2048, 2048, 2048]",297.0
1280,11245,27,41,2026-03-15T08:13:14.588000+00:00,25.476,29.107,42.042,273.0,264.0,False,96.625,"[None, 2048, 2048, 2048, 2048, 2048, 2048]","[2048, 2049, 2048, 2048, 2048, 2048]","[2048, 2048, 2048, 2048, 2048, 2048, 2048, 2048, 2048, 2048, 2048]",308.0
1280,11245,12,42,2026-03-15T08:13:17.263000+00:00,25.261,28.909,41.76,275.0,262.0,False,95.93,"[None, 2049, 2048, 2048, 2048, 2048, 2048]","[2049, 2048, 2048, 2048, 2048, 2048]","[2048, 2048, 2048, 2048, 2048, 2048, 2048, 2048, 2048, 2048, 2049]",318.0
1280,11245,77,41,2026-03-15T08:13:21.747000+00:00,26.195,30.027,43.855,271.0,258.0,False,100.077,"[None, 2048, 2048, 2049, 2048, 2048, 2048]","[2048, 2048, 2049, 2049, 2048, 2048]","[2048, 2048, 2048, 2048, 2048, 2048, 2048, 2048, 2048, 2048, 2048]",292.0
1280,11245,11,41,2026-03-15T08:13:22.315000+00:00,26.3,31.333,42.924,279.0,258.0,False,100.557,"[None, 2048, 2048, 2048, 2048, 2048, 2048]","[2048, 2048, 2048, 2048, 2048, 2048]","[2048, 2048, 2048, 2048, 2048, 2048, 2048, 2048, 2048, 2048, 2048]",320.0
1280,11245,63,42,2026-03-15T08:13:23.878000+00:00,25.516,29.312,41.833,281.0,263.0,False,96.661,"[None, 2048, 2048, 2048, 2048, 2048, 2048]","[2048, 2048, 2048, 2048, 2048, 2048]","[2048, 2048, 2048, 2048, 2048, 2048, 2048, 2048, 2048, 2048, 2048]",314.0
1280,11245,44,42,2026-03-15T08:13:37.327000+00:00,25.364,28.875,42.277,266.0,259.0,False,96.516,"[None, 2048, 2049, 2048, 2048, 2048, 2048]","[2051, 2048, 2048, 2048, 2048, 2049]","[2048, 2048, 2048, 2048, 2048, 2048, 2048, 2048, 2048, 2048, 2048]",300.0
1280,11245,16,42,2026-03-15T08:13:38.362000+00:00,25.544,29.158,42.093,,257.0,False,96.795,"[None, 2048, 2048, 2048, 2048, 2048, 2048]","[2048, 2048, 2048, 2048, 2048, 2048]","[2048, 2048, 2048, 2048, 2048, 2048, 2048, 2048, 2048, 2049, 2048]",304.0
1280,11245,87,42,2026-03-15T08:13:57.444000+00:00,25.463,29.29,42.959,270.0,258.0,False,97.712,"[None, 2048, 2048, 2048, 2048, 2048, 2048]","[2048, 2048, 2048, 2048, 2048, 2048]","[2049, 2048, 2048, 2048, 2048, 2048, 2048, 2048, 2048, 2048, 2048]",299.0
1280,11245,3,42,2026-03-15T08:14:00.130000+00:00,25.581,29.634,42.168,272.0,263.0,False,97.383,"[None, 2048, 2048, 2048, 2049, 2048, 2048]","[2048, 2048, 2049, 2048, 2048, 2048]","[2048, 2048, 2048, 2048, 2048, 2048, 2048, 2048, 2048, 2048, 2048]",310.0
1280,11245,10,42,2026-03-15T08:14:03.030000+00:00,25.53,29.337,42.159,275.0,261.0,False,97.026,"[None, 2048, 2048, 2048, 2049, 2048, 2048]","[2048, 2048, 2048, 2048, 2048, 2048]","[2048, 2048, 2048, 2048, 2048, 2048, 2049, 2048, 2048, 2048, 2048]",314.0
1280,11245,30,42,2026-03-15T08:14:16.201000+00:00,25.758,29.421,42.377,278.0,267.0,False,97.556,"[None, 2048, 2048, 2048, 2049, 2048, 2048]","[2048, 2049, 2048, 2048, 2048, 2049]","[2049, 2048, 2048, 2048, 2048, 2048, 2049, 2048, 2048, 2051, 2048]",305.0
1280,11245,6,42,2026-03-15T08:14:17.194000+00:00,25.707,29.704,41.942,280.0,266.0,False,97.353,"[None, 2048, 2048, 2048, 2048, 2048, 2048]","[2048, 2048, 2048, 2048, 2048, 2048]","[2048, 2048, 2048, 2048, 2048, 2048, 2048, 2048, 2048, 2048, 2048]",319.0
1280,11245,55,42,2026-03-15T08:14:30.201000+00:00,26.148,29.772,42.352,,264.0,False,98.272,"[None, 2048, 2048, 2048, 2048, 2048, 2048]","[2048, 2048, 2048, 2049, 2048, 2048]","[2048, 2048, 2048, 2048, 2048, 2048, 2048, 2048, 2048, 2048, 2049]",311.0
1280,11245,43,42,2026-03-15T08:14:37.562000+00:00,25.753,29.534,42.243,275.0,261.0,False,97.53,"[None, 2048, 2048, 2048, 2048, 2048, 2048]","[2048, 2048, 2048, 2048, 2048, 2048]","[2048, 2048, 2048, 2048, 2048, 2048, 2048, 2048, 2048, 2048, 2049]",309.0
1280,11245,41,42,2026-03-15T08:14:38.749000+00:00,25.822,29.857,47.958,278.0,266.0,False,103.637,"[None, 2048, 2048, 2048, 2048, 2048, 2048]","[2048, 2048, 2048, 2048, 2048, 2048]","[2048, 2048, 2049, 2048, 2048, 2048, 2049, 2049, 2064, 2064, 2064]",312.0
1280,11245,31,42,2026-03-15T08:14:50.260000+00:00,25.948,29.502,42.564,266.0,260.0,False,98.014,"[None, 2048, 2049, 2048, 2048, 2048, 2048]","[2048, 2048, 2048, 2048, 2048, 2048]","[2048, 2048, 2048, 2048, 2048, 2048, 2048, 2048, 2048, 2048, 2048]",301.0
1280,11245,27,42,2026-03-15T08:14:51.276000+00:00,25.518,29.563,43.594,275.0,268.0,False,98.675,"[None, 2048, 2048, 2049, 2048, 2048, 2048]","[2048, 2048, 2048, 2048, 2048, 2048]","[2048, 2048, 2048, 2048, 2048, 2048, 2048, 2048, 2048, 2048, 2048]",251.0
1280,11245,12,43,2026-03-15T08:14:53.151000+00:00,25.295,29.031,41.61,276.0,264.0,False,95.936,"[None, 2049, 2048, 2049, 2048, 2048, 2048]","[2048, 2048, 2048, 2048, 2048, 2048]","[2048, 2048, 2048, 2048, 2048, 2048, 2048, 2048, 2048, 2048, 2049]",324.0
1280,11245,63,43,2026-03-15T08:15:00.515000+00:00,25.363,28.902,41.379,277.0,260.0,False,95.644,"[None, 2048, 2048, 2048, 2048, 2048, 2048]","[2048, 2048, 2048, 2049, 2048, 2048]","[2048, 2048, 2051, 2048, 2048, 2048, 2048, 2048, 2048, 2048, 2048]",308.0
1280,11245,77,42,2026-03-15T08:15:01.853000+00:00,26.101,30.045,42.874,275.0,261.0,False,99.02,"[None, 2048, 2048, 2049, 2048, 2048, 2048]","[2048, 2048, 2048, 2048, 2048, 2048]","[2048, 2048, 2048, 2048, 2048, 2048, 2048, 2048, 2048, 2049, 2048]",304.0
1280,11245,11,42,2026-03-15T08:15:02.902000+00:00,26.152,30.113,42.862,278.0,260.0,False,99.127,"[None, 2048, 2048, 2048, 2048, 2048, 2048]","[2048, 2048, 2049, 2049, 2048, 2048]","[2048, 2048, 2049, 2048, 2048, 2048, 2048, 2048, 2048, 2048, 2048]",309.0
1280,11245,44,43,2026-03-15T08:15:13.827000+00:00,25.477,28.969,41.772,270.0,259.0,False,96.218,"[None, 2048, 2048, 2048, 2048, 2048, 2048]","[2048, 2048, 2048, 2048, 2048, 2049]","[2048, 2048, 2048, 2048, 2048, 2048, 2048, 2048, 2048, 2048, 2048]",301.0
1280,11245,16,43,2026-03-15T08:15:15.106000+00:00,25.335,29.135,42.114,268.0,257.0,False,96.584,"[None, 2048, 2048, 2048, 2048, 2048, 2048]","[2048, 2048, 2048, 2048, 2048, 2048]","[2048, 2048, 2048, 2048, 2048, 2048, 2048, 2048, 2048, 2048, 2048]",303.0
1280,11245,87,43,2026-03-15T08:15:35.237000+00:00,25.801,29.152,42.261,273.0,257.0,False,97.214,"[None, 2048, 2048, 2048, 2048, 2048, 2048]","[2049, 2048, 2048, 2049, 2048, 2048]","[2048, 2048, 2048, 2048, 2048, 2048, 2048, 2048, 2048, 2048, 2049]",301.0
1280,11245,3,43,2026-03-15T08:15:37.549000+00:00,25.642,29.518,41.963,273.0,265.0,False,97.123,"[None, 2048, 2048, 2048, 2048, 2048, 2048]","[2048, 2048, 2048, 2049, 2048, 2048]","[2048, 2048, 2049, 2048, 2048, 2048, 2048, 2048, 2048, 2048, 2051]",312.0
1280,11245,10,43,2026-03-15T08:15:40.028000+00:00,25.507,29.286,42.084,276.0,261.0,False,96.877,"[None, 2048, 2048, 2048, 2048, 2048, 2048]","[2048, 2048, 2048, 2048, 2048, 2048]","[2048, 2048, 2048, 2048, 2048, 2048, 2048, 2048, 2048, 2048, 2049]",313.0
1280,11245,30,43,2026-03-15T08:15:53.914000+00:00,25.734,29.425,42.402,280.0,264.0,False,97.561,"[None, 2048, 2048, 2048, 2048, 2049, 2048]","[2049, 2048, 2048, 2048, 2048, 2048]","[2048, 2048, 2049, 2048, 2048, 2048, 2048, 2048, 2048, 2048, 2048]",305.0
1280,11245,6,43,2026-03-15T08:15:54.457000+00:00,25.835,29.812,42.0,283.0,266.0,False,97.647,"[None, 2048, 2048, 2048, 2048, 2048, 2048]","[2048, 2048, 2048, 2048, 2048, 2048]","[2048, 2048, 2048, 2048, 2048, 2048, 2048, 2048, 2048, 2048, 2051]",318.0
1280,11245,55,43,2026-03-15T08:16:08.487000+00:00,26.032,29.702,42.549,277.0,265.0,False,98.283,"[None, 2048, 2048, 2048, 2048, 2048, 2048]","[2048, 2048, 2049, 2048, 2048, 2049]","[2048, 2048, 2048, 2048, 2048, 2048, 2048, 2048, 2048, 2049, 2049]",312.0
1280,11245,43,43,2026-03-15T08:16:15.235000+00:00,25.698,29.458,42.225,276.0,262.0,False,97.381,"[None, 2048, 2048, 2048, 2048, 2048, 2048]","[2048, 2048, 2048, 2048, 2048, 2048]","[2048, 2048, 2048, 2048, 2048, 2048, 2048, 2048, 2048, 2049, 2048]",309.0
1280,11245,41,43,2026-03-15T08:16:22.363000+00:00,45.629,29.611,41.788,277.0,271.0,True,117.028,"[2064, 2064, 2048, 2048, 2048, 2048, 2048]","[2048, 2048, 2048, 2048, 2049, 2049]","[2048, 2049, 2051, 2048, 2048, 2049, 2048, 2048, 2049, 2051, 2051]",331.0
1280,11245,31,43,2026-03-15T08:16:28.263000+00:00,26.982,30.053,42.723,276.0,260.0,False,99.758,"[None, 2048, 2048, 2048, 2048, 2048, 2048]","[2048, 2048, 2048, 2048, 2048, 2048]","[2048, 2048, 2048, 2048, 2048, 2048, 2048, 2048, 2048, 2048, 2048]",306.0
1280,11245,12,44,2026-03-15T08:16:29.063000+00:00,25.253,28.719,41.36,278.0,261.0,False,95.332,"[2049, 2048, 2048, 2048, 2048, 2048, 2048]","[2051, 2049, 2048, 2048, 2048, 2048]","[2049, 2048, 2048, 2048, 2048, 2048, 2048, 2048, 2048, 2048, 2048]",314.0
1280,11245,27,43,2026-03-15T08:16:29.885000+00:00,25.464,29.118,42.179,304.0,264.0,False,96.761,"[None, 2048, 2048, 2048, 2048, 2049, 2049]","[2048, 2048, 2051, 2048, 2048, 2048]","[2048, 2048, 2048, 2048, 2048, 2048, 2048, 2048, 2049, 2049, 2048]",304.0
1280,11245,63,44,2026-03-15T08:16:36.239000+00:00,25.356,28.807,41.379,276.0,261.0,False,95.542,"[None, 2048, 2048, 2048, 2048, 2048, 2048]","[2048, 2048, 2048, 2048, 2048, 2048]","[2048, 2048, 2048, 2048, 2048, 2049, 2048, 2048, 2048, 2048, 2048]",313.0
1280,11245,77,43,2026-03-15T08:16:40.828000+00:00,26.138,29.91,43.413,273.0,258.0,False,99.461,"[None, 2048, 2048, 2048, 2048, 2048, 2048]","[2048, 2049, 2048, 2049, 2048, 2048]","[2048, 2048, 2049, 2048, 2048, 2048, 2048, 2048, 2048, 2048, 2048]",302.0
1280,11245,11,43,2026-03-15T08:16:42.082000+00:00,26.347,30.691,44.113,303.0,252.0,False,101.151,"[None, 2048, 2048, 2048, 2048, 2048, 2049]","[2048, 2048, 2048, 2049, 2048, 2048]","[2048, 2048, 2048, 2048, 2048, 2048, 2048, 2048, 2048, 2048, 2048]",301.0
1280,11245,44,44,2026-03-15T08:16:50.010000+00:00,25.298,29.006,41.936,269.0,255.0,False,96.24,"[None, 2048, 2049, 2048, 2048, 2048, 2048]","[2048, 2048, 2048, 2048, 2048, 2048]","[2048, 2048, 2048, 2048, 2048, 2048, 2048, 2048, 2048, 2049, 2049]",304.0
1280,11245,16,44,2026-03-15T08:16:51.821000+00:00,25.554,29.115,41.98,267.0,255.0,False,96.649,"[None, 2048, 2048, 2048, 2048, 2048, 2048]","[2048, 2048, 2048, 2048, 2048, 2048]","[2048, 2048, 2048, 2048, 2048, 2048, 2048, 2048, 2048, 2048, 2048]",305.0
1280,11245,87,44,2026-03-15T08:17:12.362000+00:00,25.505,29.32,42.591,272.0,257.0,False,97.416,"[None, 2048, 2049, 2048, 2048, 2048, 2048]","[2048, 2048, 2048, 2048, 2048, 2048]","[2048, 2048, 2048, 2048, 2048, 2048, 2048, 2048, 2048, 2048, 2048]",301.0
1280,11245,3,44,2026-03-15T08:17:14.682000+00:00,25.525,29.52,42.047,276.0,267.0,False,97.092,"[None, 2048, 2048, 2048, 2048, 2048, 2048]","[2049, 2048, 2049, 2048, 2048, 2049]","[2048, 2048, 2048, 2048, 2048, 2048, 2048, 2048, 2048, 2048, 2048]",314.0
1280,11245,10,44,2026-03-15T08:17:16.919000+00:00,25.497,29.267,42.0,,265.0,False,96.764,"[None, 2048, 2048, 2049, 2048, 2048, 2048]","[2048, 2048, 2049, 2048, 2048, 2048]","[2048, 2048, 2048, 2048, 2048, 2048, 2048, 2048, 2048, 2048, 2048]",315.0
1280,11245,30,44,2026-03-15T08:17:31.356000+00:00,25.636,29.449,42.269,278.0,265.0,False,97.354,"[None, 2048, 2048, 2048, 2049, 2048, 2048]","[2048, 2048, 2048, 2048, 2048, 2048]","[2048, 2048, 2048, 2048, 2048, 2048, 2048, 2048, 2048, 2048, 2048]",308.0
1280,11245,6,44,2026-03-15T08:17:32.137000+00:00,25.8,29.701,41.858,276.0,267.0,False,97.359,"[None, 2048, 2048, 2048, 2048, 2048, 2048]","[2048, 2048, 2048, 2048, 2048, 2048]","[2048, 2048, 2048, 2048, 2048, 2048, 2048, 2048, 2049, 2049, 2051]",320.0
1280,11245,55,44,2026-03-15T08:17:46.782000+00:00,26.0,29.706,42.562,276.0,264.0,False,98.268,"[None, 2048, 2049, 2048, 2048, 2049, 2048]","[2048, 2048, 2048, 2049, 2048, 2048]","[2048, 2048, 2048, 2048, 2048, 2048, 2048, 2048, 2048, 2048, 2049]",314.0
1280,11245,43,44,2026-03-15T08:17:52.560000+00:00,25.547,29.444,42.084,278.0,260.0,False,97.075,"[None, 2048, 2048, 2048, 2048, 2048, 2048]","[2048, 2049, 2048, 2048, 2048, 2048]","[2048, 2048, 2048, 2048, 2048, 2048, 2048, 2048, 2048, 2049, 2049]",311.0
1280,11245,12,45,2026-03-15T08:18:04.441000+00:00,25.211,28.83,41.487,274.0,261.0,False,95.528,"[2048, 2048, 2048, 2048, 2048, 2048, 2048]","[2048, 2048, 2048, 2048, 2048, 2048]","[2048, 2048, 2049, 2048, 2048, 2048, 2048, 2048, 2048, 2049, 2048]",308.0
1280,11245,27,44,2026-03-15T08:18:06.589000+00:00,25.48,29.178,42.21,271.0,263.0,False,96.868,"[None, 2048, 2048, 2048, 2048, 2048, 2048]","[2049, 2048, 2048, 2049, 2048, 2048]","[2048, 2048, 2048, 2048, 2048, 2048, 2048, 2048, 2049, 2048, 2048]",303.0
1280,11245,31,44,2026-03-15T08:18:07.938000+00:00,25.92,29.585,42.341,273.0,262.0,False,97.846,"[None, 2048, 2048, 2048, 2048, 2048, 2048]","[2048, 2048, 2048, 2048, 2048, 2048]","[2048, 2048, 2048, 2048, 2048, 2048, 2048, 2048, 2048, 2048, 2049]",306.0
1280,11245,63,45,2026-03-15T08:18:11.705000+00:00,25.224,29.021,41.432,,262.0,False,95.677,"[None, 2048, 2049, 2048, 2048, 2048, 2048]","[2048, 2048, 2048, 2048, 2048, 2048]","[2048, 2048, 2048, 2048, 2048, 2048, 2048, 2048, 2048, 2048, 2048]",325.0
1280,11245,41,44,2026-03-15T08:18:19.404000+00:00,25.297,29.065,41.976,272.0,263.0,False,96.338,"[2048, 2048, 2049, 2048, 2049, 2049, 2048]","[2049, 2048, 2048, 2049, 2049, 2051]","[2049, 2049, 2048, 2048, 2048, 2049, 2048, 2048, 2049, 2051, 2048]",306.0
1280,11245,77,44,2026-03-15T08:18:20.348000+00:00,26.051,30.038,42.825,274.0,262.0,False,98.914,"[None, 2048, 2048, 2048, 2048, 2048, 2048]","[2048, 2048, 2048, 2048, 2048, 2048]","[2048, 2048, 2048, 2048, 2048, 2048, 2048, 2048, 2048, 2048, 2048]",313.0
1280,11245,11,44,2026-03-15T08:18:23.188000+00:00,27.444,31.827,44.693,273.0,259.0,False,103.964,"[None, 2048, 2048, 2048, 2048, 2048, 2048]","[2048, 2048, 2048, 2048, 2048, 2048]","[2048, 2048, 2048, 2048, 2048, 2048, 2048, 2048, 2048, 2048, 2048]",319.0
1280,11245,44,45,2026-03-15T08:18:26.182000+00:00,25.274,29.21,41.912,273.0,260.0,False,96.396,"[None, 2048, 2049, 2048, 2048, 2048, 2048]","[2048, 2048, 2048, 2048, 2048, 2048]","[2048, 2048, 2048, 2048, 2048, 2048, 2048, 2048, 2048, 2048, 2048]",303.0
1280,11245,16,45,2026-03-15T08:18:28.387000+00:00,25.414,29.223,42.587,268.0,268.0,False,97.224,"[None, 2048, 2049, 2048, 2048, 2048, 2048]","[2048, 2048, 2048, 2048, 2048, 2049]","[2048, 2048, 2048, 2048, 2048, 2048, 2048, 2048, 2048, 2048, 2048]",304.0
1280,11245,87,45,2026-03-15T08:18:49.895000+00:00,25.495,29.325,42.412,269.0,257.0,False,97.232,"[None, 2048, 2048, 2048, 2049, 2048, 2048]","[2048, 2048, 2048, 2048, 2048, 2048]","[2048, 2048, 2048, 2048, 2048, 2048, 2048, 2048, 2048, 2048, 2048]",301.0
1280,11245,3,45,2026-03-15T08:18:51.676000+00:00,25.784,54.024,75.059,277.0,129.0,False,154.867,"[None, 2048, 2048, 2048, 2048, 2048, 2048]","[2048, 2048, 2048, 2048, 2048, 2048]","[2048, 2048, 2048, 2048, 2048, 2048, 2048, 2048, 2064, 2064, 2064]",143.0
1280,11245,10,45,2026-03-15T08:18:53.786000+00:00,25.484,29.296,42.115,277.0,262.0,False,96.895,"[None, 2048, 2049, 2048, 2048, 2048, 2048]","[2048, 2048, 2048, 2048, 2048, 2048]","[2048, 2048, 2048, 2048, 2048, 2048, 2048, 2048, 2048, 2048, 2048]",313.0
1280,11245,30,45,2026-03-15T08:19:08.613000+00:00,25.595,29.5,42.452,279.0,264.0,False,97.547,"[None, 2048, 2048, 2048, 2048, 2048, 2048]","[2048, 2049, 2048, 2048, 2048, 2048]","[2048, 2048, 2048, 2048, 2048, 2048, 2049, 2048, 2048, 2049, 2049]",305.0
1280,11245,6,45,2026-03-15T08:19:09.583000+00:00,25.79,29.742,42.084,279.0,267.0,False,97.616,"[None, 2048, 2048, 2048, 2048, 2048, 2048]","[2048, 2048, 2048, 2048, 2048, 2048]","[2048, 2048, 2048, 2048, 2048, 2048, 2048, 2048, 2048, 2048, 2048]",320.0
1280,11245,55,45,2026-03-15T08:19:25.041000+00:00,25.973,29.728,42.403,277.0,262.0,False,98.104,"[None, 2048, 2048, 2048, 2048, 2048, 2048]","[2048, 2048, 2049, 2048, 2048, 2048]","[2048, 2048, 2049, 2048, 2048, 2048, 2048, 2048, 2048, 2048, 2048]",313.0
1280,11245,43,45,2026-03-15T08:19:29.601000+00:00,25.65,29.576,42.2,,262.0,False,97.426,"[None, 2048, 2048, 2048, 2048, 2048, 2048]","[2048, 2048, 2048, 2048, 2048, 2048]","[2048, 2048, 2048, 2048, 2048, 2048, 2048, 2048, 2048, 2049, 2049]",313.0
1280,11245,12,46,2026-03-15T08:19:39.886000+00:00,25.14,28.694,41.448,275.0,261.0,False,95.282,"[None, 2048, 2049, 2049, 2048, 2048, 2048]","[2051, 2048, 2048, 2048, 2048, 2048]","[2048, 2048, 2048, 2048, 2048, 2048, 2049, 2048, 2048, 2048, 2048]",310.0
1280,11245,27,45,2026-03-15T08:19:43.598000+00:00,25.475,29.157,42.269,274.0,264.0,False,96.901,"[None, 2048, 2049, 2048, 2048, 2048, 2048]","[2048, 2048, 2048, 2048, 2048, 2048]","[2048, 2048, 2048, 2048, 2048, 2048, 2048, 2048, 2049, 2048, 2048]",302.0
1280,11245,31,45,2026-03-15T08:19:45.895000+00:00,25.615,29.622,43.909,267.0,261.0,False,99.146,"[None, 2048, 2048, 2048, 2048, 2048, 2048]","[2048, 2048, 2048, 2048, 2048, 2048]","[2048, 2048, 2048, 2048, 2048, 2048, 2048, 2048, 2048, 2048, 2048]",313.0
1280,11245,63,46,2026-03-15T08:19:47.473000+00:00,25.299,29.171,41.937,278.0,264.0,False,96.407,"[None, 2048, 2048, 2048, 2048, 2048, 2048]","[2048, 2049, 2049, 2048, 2048, 2048]","[2048, 2048, 2048, 2048, 2048, 2048, 2048, 2048, 2048, 2048, 2048]",310.0
1280,11245,41,45,2026-03-15T08:19:55.670000+00:00,25.082,29.099,41.923,273.0,264.0,False,96.104,"[None, 2048, 2051, 2049, 2049, 2049, 2048]","[2049, 2048, 2048, 2048, 2048, 2048]","[2049, 2048, 2048, 2048, 2048, 2048, 2048, 2048, 2049, 2051, 2048]",307.0
1280,11245,77,45,2026-03-15T08:19:59.173000+00:00,25.99,30.076,44.313,271.0,259.0,False,100.379,"[None, 2048, 2048, 2049, 2048, 2048, 2048]","[2048, 2048, 2049, 2048, 2048, 2048]","[2048, 2048, 2048, 2048, 2048, 2048, 2048, 2048, 2048, 2048, 2049]",305.0
1280,11245,44,46,2026-03-15T08:20:02.580000+00:00,25.368,29.083,41.858,270.0,259.0,False,96.309,"[None, 2048, 2048, 2048, 2048, 2048, 2048]","[2048, 2048, 2048, 2048, 2048, 2048]","[2048, 2048, 2048, 2048, 2048, 2048, 2048, 2048, 2048, 2049, 2048]",311.0
1280,11245,16,46,2026-03-15T08:20:05.653000+00:00,25.203,29.112,41.956,271.0,255.0,False,96.271,"[None, 2048, 2048, 2048, 2048, 2048, 2048]","[2048, 2048, 2048, 2048, 2049, 2048]","[2048, 2048, 2049, 2048, 2048, 2048, 2048, 2048, 2049, 2049, 2048]",304.0
1280,11245,11,45,2026-03-15T08:20:07.141000+00:00,27.735,32.714,48.385,259.0,235.0,False,108.834,"[None, 2048, 2048, 2048, 2048, 2048, 2048]","[2048, 2048, 2048, 2048, 2048, 2048]","[2048, 2048, 2048, 2048, 2048, 2048, 2048, 2048, 2048, 2048, 2048]",283.0
1280,11245,87,46,2026-03-15T08:20:27.019000+00:00,25.54,29.348,42.413,267.0,258.0,False,97.301,"[None, 2048, 2048, 2048, 2048, 2048, 2048]","[2048, 2048, 2048, 2048, 2048, 2048]","[2048, 2048, 2048, 2048, 2048, 2048, 2048, 2048, 2048, 2048, 2049]",302.0
1280,11245,10,46,2026-03-15T08:20:30.563000+00:00,25.528,29.293,41.927,276.0,262.0,False,96.748,"[None, 2048, 2048, 2048, 2048, 2048, 2048]","[2048, 2048, 2048, 2048, 2048, 2048]","[2048, 2048, 2048, 2048, 2048, 2048, 2049, 2048, 2048, 2048, 2048]",314.0
1280,11245,30,46,2026-03-15T08:20:46.117000+00:00,25.556,29.476,42.337,280.0,262.0,False,97.369,"[None, 2048, 2048, 2049, 2048, 2048, 2048]","[2049, 2048, 2048, 2048, 2048, 2048]","[2049, 2048, 2048, 2048, 2048, 2048, 2048, 2048, 2048, 2048, 2048]",307.0
1280,11245,6,46,2026-03-15T08:20:47.085000+00:00,25.711,29.636,41.964,276.0,291.0,False,97.311,"[None, 2048, 2048, 2048, 2048, 2048, 2048]","[2048, 2048, 2048, 2048, 2048, 2051]","[2049, 2048, 2048, 2048, 2048, 2048, 2048, 2048, 2048, 2048, 2048]",320.0
1280,11245,55,46,2026-03-15T08:21:03.086000+00:00,26.024,29.595,42.415,278.0,265.0,False,98.034,"[None, 2048, 2048, 2048, 2048, 2048, 2048]","[2048, 2049, 2049, 2049, 2048, 2048]","[2048, 2048, 2048, 2048, 2048, 2048, 2048, 2048, 2048, 2048, 2048]",314.0
1280,11245,43,46,2026-03-15T08:21:07.039000+00:00,25.598,29.426,42.115,,261.0,False,97.139,"[None, 2048, 2048, 2048, 2048, 2048, 2048]","[2048, 2048, 2048, 2048, 2048, 2048]","[2048, 2048, 2048, 2048, 2048, 2048, 2048, 2048, 2048, 2048, 2048]",315.0
1280,11245,12,47,2026-03-15T08:21:15.227000+00:00,25.25,28.612,41.639,273.0,259.0,False,95.501,"[None, 2048, 2048, 2048, 2048, 2048, 2048]","[2048, 2049, 2051, 2048, 2048, 2048]","[2048, 2048, 2048, 2048, 2048, 2048, 2048, 2048, 2048, 2048, 2048]",309.0
1280,11245,27,46,2026-03-15T08:21:20.414000+00:00,25.488,29.2,42.297,,263.0,False,96.985,"[None, 2048, 2048, 2048, 2048, 2048, 2048]","[2048, 2048, 2048, 2048, 2048, 2048]","[2048, 2048, 2048, 2048, 2048, 2048, 2048, 2048, 2048, 2048, 2048]",302.0
1280,11245,63,47,2026-03-15T08:21:23.726000+00:00,25.292,28.779,41.597,275.0,260.0,False,95.668,"[None, 2048, 2048, 2048, 2048, 2048, 2048]","[2048, 2048, 2048, 2048, 2048, 2048]","[2048, 2048, 2049, 2048, 2048, 2048, 2048, 2048, 2048, 2048, 2048]",313.0
1280,11245,31,46,2026-03-15T08:21:24.992000+00:00,25.845,29.62,48.085,268.0,262.0,False,103.55,"[None, 2048, 2048, 2048, 2048, 2048, 2048]","[2048, 2048, 2048, 2048, 2048, 2048]","[2048, 2048, 2048, 2048, 2048, 2048, 2048, 2049, 2064, 2064, 2064]",302.0
1280,11245,3,46,2026-03-15T08:21:26.523000+00:00,,,,,,False,,,,,
1280,11245,41,46,2026-03-15T08:21:31.755000+00:00,25.11,29.057,41.932,,264.0,False,96.099,"[None, 2048, 2048, 2049, 2048, 2048, 2048]","[2049, 2048, 2048, 2048, 2048, 2048]","[2048, 2048, 2048, 2048, 2048, 2049, 2048, 2048, 2048, 2048, 2048]",311.0
1280,11245,44,47,2026-03-15T08:21:38.990000+00:00,25.237,28.885,42.082,273.0,262.0,False,96.204,"[None, 2048, 2048, 2048, 2048, 2048, 2048]","[2048, 2048, 2048, 2048, 2048, 2049]","[2048, 2048, 2049, 2048, 2048, 2048, 2048, 2048, 2048, 2048, 2048]",301.0
1280,11245,77,46,2026-03-15T08:21:39.630000+00:00,26.021,30.022,43.615,274.0,261.0,False,99.658,"[None, 2048, 2048, 2048, 2048, 2048, 2048]","[2048, 2049, 2048, 2048, 2048, 2048]","[2049, 2048, 2048, 2048, 2048, 2048, 2048, 2048, 2048, 2048, 2048]",265.0
1280,11245,16,47,2026-03-15T08:21:41.880000+00:00,25.441,29.151,41.612,270.0,263.0,False,96.204,"[None, 2048, 2048, 2048, 2048, 2048, 2048]","[2048, 2048, 2048, 2048, 2048, 2048]","[2048, 2048, 2049, 2048, 2048, 2048, 2048, 2048, 2049, 2049, 2048]",316.0
1280,11245,11,46,2026-03-15T08:21:56.052000+00:00,27.8,30.164,43.019,273.0,258.0,False,100.983,"[None, 2048, 2048, 2048, 2048, 2048, 2048]","[2048, 2048, 2048, 2048, 2049, 2048]","[2048, 2048, 2048, 2048, 2048, 2048, 2048, 2048, 2048, 2048, 2048]",303.0
1280,11245,87,47,2026-03-15T08:22:04.348000+00:00,25.469,29.166,42.17,270.0,260.0,False,96.805,"[None, 2048, 2048, 2048, 2048, 2048, 2048]","[2048, 2048, 2048, 2048, 2049, 2049]","[2049, 2048, 2048, 2048, 2048, 2048, 2048, 2048, 2048, 2048, 2049]",304.0
1280,11245,10,47,2026-03-15T08:22:07.380000+00:00,25.608,29.299,42.677,277.0,262.0,False,97.584,"[None, 2048, 2048, 2048, 2048, 2048, 2048]","[2048, 2048, 2048, 2048, 2048, 2048]","[2048, 2048, 2048, 2048, 2048, 2048, 2048, 2048, 2048, 2048, 2048]",316.0
1280,11245,30,47,2026-03-15T08:22:23.583000+00:00,25.579,29.339,42.38,279.0,267.0,False,97.298,"[None, 2048, 2049, 2048, 2048, 2048, 2048]","[2048, 2048, 2048, 2049, 2048, 2048]","[2048, 2048, 2048, 2048, 2048, 2048, 2048, 2048, 2048, 2048, 2048]",309.0
1280,11245,6,47,2026-03-15T08:22:24.364000+00:00,25.938,30.263,42.004,,269.0,False,98.205,"[None, 2048, 2048, 2049, 2048, 2048, 2048]","[2048, 2048, 2048, 2048, 2048, 2048]","[2048, 2048, 2048, 2048, 2048, 2049, 2049, 2048, 2048, 2048, 2048]",326.0
1280,11245,55,47,2026-03-15T08:22:41.255000+00:00,26.108,29.663,42.558,276.0,267.0,False,98.329,"[None, 2048, 2049, 2048, 2048, 2048, 2048]","[2048, 2048, 2048, 2048, 2048, 2048]","[2048, 2048, 2048, 2048, 2048, 2048, 2048, 2048, 2048, 2049, 2048]",316.0
1280,11245,43,47,2026-03-15T08:22:44.286000+00:00,25.759,29.491,42.254,,263.0,False,97.504,"[None, 2048, 2048, 2048, 2048, 2048, 2048]","[2048, 2048, 2048, 2048, 2048, 2048]","[2048, 2048, 2048, 2048, 2048, 2048, 2048, 2048, 2048, 2048, 2048]",315.0
1280,11245,12,48,2026-03-15T08:22:50.770000+00:00,25.262,28.55,41.894,274.0,260.0,False,95.706,"[None, 2048, 2049, 2048, 2048, 2049, 2048]","[2048, 2048, 2051, 2049, 2048, 2048]","[2048, 2048, 2048, 2048, 2048, 2048, 2048, 2048, 2048, 2048, 2048]",308.0
1280,11245,27,47,2026-03-15T08:22:57.458000+00:00,25.609,29.393,43.761,,265.0,False,98.763,"[None, 2048, 2048, 2048, 2048, 2048, 2048]","[2048, 2048, 2048, 2048, 2048, 2048]","[2048, 2048, 2048, 2048, 2048, 2048, 2048, 2048, 2048, 2048, 2048]",291.0
1280,11245,63,48,2026-03-15T08:22:59.489000+00:00,25.377,28.846,41.872,,263.0,False,96.095,"[None, 2048, 2048, 2048, 2048, 2048, 2048]","[2048, 2049, 2049, 2048, 2048, 2048]","[2048, 2048, 2048, 2048, 2048, 2048, 2048, 2048, 2048, 2048, 2048]",315.0
1280,11245,41,47,2026-03-15T08:23:07.849000+00:00,25.21,29.12,41.817,275.0,265.0,False,96.147,"[None, 2048, 2048, 2048, 2048, 2048, 2048]","[2048, 2048, 2048, 2048, 2048, 2049]","[2048, 2048, 2048, 2048, 2048, 2049, 2048, 2048, 2049, 2048, 2048]",308.0
1280,11245,31,47,2026-03-15T08:23:08.536000+00:00,69.802,29.133,41.952,275.0,283.0,True,140.887,"[2064, 2064, 2048, 2048, 2048, 2048, 2048]","[2048, 2048, 2048, 2048, 2049, 2049]","[2051, 2048, 2049, 2048, 2048, 2048, 2048, 2048, 2048, 2048, 2048]",303.0
1280,11245,44,48,2026-03-15T08:23:15.177000+00:00,25.412,28.954,41.785,272.0,256.0,False,96.151,"[None, 2048, 2048, 2048, 2048, 2048, 2048]","[2048, 2048, 2048, 2051, 2048, 2048]","[2048, 2048, 2048, 2048, 2048, 2048, 2048, 2048, 2048, 2048, 2048]",303.0
1280,11245,16,48,2026-03-15T08:23:18.099000+00:00,25.151,29.049,42.028,274.0,256.0,False,96.228,"[None, 2048, 2048, 2048, 2048, 2048, 2048]","[2048, 2048, 2048, 2048, 2048, 2048]","[2048, 2048, 2048, 2048, 2048, 2048, 2048, 2049, 2048, 2049, 2048]",302.0
1280,11245,77,47,2026-03-15T08:23:19.255000+00:00,26.086,30.061,42.783,272.0,261.0,False,98.93,"[None, 2048, 2048, 2048, 2048, 2048, 2048]","[2048, 2048, 2048, 2048, 2048, 2048]","[2048, 2048, 2048, 2048, 2048, 2048, 2048, 2048, 2048, 2049, 2048]",313.0
1280,11245,11,47,2026-03-15T08:23:36.927000+00:00,26.586,30.248,43.046,263.0,250.0,False,99.88,"[None, 2048, 2048, 2048, 2048, 2048, 2048]","[2048, 2048, 2048, 2049, 2048, 2048]","[2048, 2048, 2048, 2048, 2048, 2048, 2048, 2048, 2048, 2048, 2048]",302.0
1280,11245,87,48,2026-03-15T08:23:41.130000+00:00,25.443,29.293,42.502,272.0,260.0,False,97.238,"[None, 2048, 2048, 2048, 2048, 2048, 2048]","[2048, 2048, 2048, 2048, 2048, 2048]","[2049, 2048, 2048, 2048, 2048, 2048, 2048, 2048, 2048, 2049, 2049]",307.0
1280,11245,10,48,2026-03-15T08:23:44.989000+00:00,25.56,29.288,42.162,275.0,261.0,False,97.01,"[None, 2048, 2048, 2049, 2048, 2048, 2048]","[2048, 2048, 2048, 2048, 2048, 2048]","[2048, 2048, 2048, 2048, 2048, 2048, 2049, 2048, 2048, 2048, 2049]",312.0
1280,11245,30,48,2026-03-15T08:24:00.817000+00:00,25.642,29.43,42.371,283.0,268.0,False,97.443,"[None, 2048, 2048, 2048, 2048, 2048, 2048]","[2048, 2048, 2048, 2048, 2048, 2049]","[2048, 2048, 2048, 2048, 2048, 2048, 2048, 2048, 2048, 2048, 2048]",308.0
1280,11245,6,48,2026-03-15T08:24:02.567000+00:00,26.038,29.769,42.199,274.0,266.0,False,98.006,"[None, 2048, 2048, 2048, 2048, 2048, 2048]","[2048, 2048, 2048, 2048, 2048, 2048]","[2048, 2048, 2048, 2048, 2048, 2048, 2048, 2048, 2048, 2048, 2048]",316.0
1280,11245,55,48,2026-03-15T08:24:19.563000+00:00,26.001,29.645,42.376,278.0,262.0,False,98.022,"[None, 2048, 2048, 2048, 2048, 2048, 2048]","[2048, 2048, 2048, 2048, 2048, 2048]","[2048, 2048, 2049, 2048, 2048, 2048, 2048, 2048, 2048, 2048, 2049]",314.0
1280,11245,43,48,2026-03-15T08:24:21.801000+00:00,25.66,29.557,42.381,,263.0,False,97.598,"[None, 2048, 2048, 2048, 2048, 2048, 2048]","[2048, 2048, 2048, 2048, 2048, 2048]","[2048, 2048, 2048, 2048, 2048, 2048, 2048, 2048, 2048, 2048, 2048]",315.0
1280,11245,12,49,2026-03-15T08:24:26.483000+00:00,25.319,28.58,41.624,,260.0,False,95.523,"[None, 2048, 2048, 2048, 2048, 2048, 2048]","[2048, 2049, 2048, 2049, 2048, 2048]","[2048, 2048, 2048, 2048, 2048, 2048, 2048, 2048, 2048, 2048, 2048]",309.0
1280,11245,63,49,2026-03-15T08:24:35.555000+00:00,25.325,28.697,41.848,,258.0,False,95.87,"[None, 2048, 2048, 2048, 2048, 2048, 2048]","[2049, 2048, 2048, 2049, 2048, 2048]","[2048, 2048, 2048, 2048, 2048, 2048, 2048, 2048, 2048, 2049, 2048]",308.0
1280,11245,27,48,2026-03-15T08:24:36.273000+00:00,25.604,29.334,41.838,279.0,270.0,False,96.776,"[None, 2048, 2048, 2048, 2048, 2048, 2048]","[2048, 2048, 2048, 2048, 2048, 2049]","[2048, 2048, 2048, 2048, 2048, 2048, 2049, 2048, 2048, 2048, 2048]",332.0
1280,11245,41,48,2026-03-15T08:24:44.025000+00:00,25.113,29.245,41.866,274.0,264.0,False,96.224,"[None, 2048, 2048, 2048, 2048, 2048, 2048]","[2048, 2048, 2048, 2049, 2048, 2048]","[2048, 2048, 2048, 2048, 2048, 2048, 2048, 2048, 2049, 2051, 2051]",306.0
1280,11245,44,49,2026-03-15T08:24:51.289000+00:00,25.273,28.918,42.194,,260.0,False,96.385,"[None, 2048, 2048, 2048, 2048, 2048, 2048]","[2048, 2048, 2048, 2048, 2048, 2048]","[2048, 2048, 2048, 2048, 2048, 2048, 2048, 2048, 2049, 2049, 2048]",301.0
1280,11245,16,49,2026-03-15T08:24:54.414000+00:00,25.332,28.967,42.032,271.0,257.0,False,96.331,"[None, 2048, 2048, 2048, 2048, 2048, 2048]","[2048, 2048, 2048, 2051, 2048, 2048]","[2048, 2048, 2048, 2048, 2048, 2048, 2048, 2048, 2048, 2049, 2048]",302.0
1280,11245,77,48,2026-03-15T08:24:58.183000+00:00,26.175,29.953,43.007,274.0,260.0,False,99.135,"[None, 2048, 2048, 2048, 2048, 2048, 2048]","[2048, 2048, 2049, 2048, 2048, 2048]","[2048, 2048, 2048, 2048, 2048, 2048, 2048, 2048, 2048, 2048, 2048]",306.0
1280,11245,11,48,2026-03-15T08:25:16.839000+00:00,26.179,30.484,43.564,271.0,225.0,False,100.227,"[None, 2048, 2048, 2048, 2048, 2048, 2048]","[2048, 2048, 2048, 2048, 2048, 2048]","[2048, 2048, 2049, 2048, 2048, 2048, 2048, 2048, 2048, 2049, 2049]",313.0
1280,11245,87,49,2026-03-15T08:25:18.418000+00:00,25.501,29.67,42.471,271.0,262.0,False,97.642,"[None, 2048, 2048, 2048, 2048, 2048, 2048]","[2048, 2048, 2049, 2048, 2048, 2048]","[2048, 2048, 2048, 2048, 2048, 2048, 2048, 2048, 2048, 2048, 2048]",301.0
1280,11245,10,49,2026-03-15T08:25:21.938000+00:00,25.496,29.22,42.036,278.0,263.0,False,96.752,"[None, 2048, 2048, 2048, 2048, 2048, 2048]","[2048, 2048, 2048, 2048, 2048, 2048]","[2048, 2048, 2048, 2048, 2048, 2048, 2049, 2048, 2048, 2048, 2049]",319.0
1280,11245,31,48,2026-03-15T08:25:29.421000+00:00,25.461,28.951,42.049,257.0,247.0,False,96.461,"[2048, 2048, 2048, 2048, 2051, 2048, 2048]","[2048, 2048, 2048, 2049, 2049, 2048]","[2048, 2048, 2049, 2048, 2048, 2048, 2048, 2048, 2048, 2048, 2048]",294.0
1280,11245,30,49,2026-03-15T08:25:38.291000+00:00,25.599,29.495,42.363,279.0,260.0,False,97.457,"[None, 2048, 2048, 2048, 2048, 2048, 2048]","[2048, 2048, 2048, 2048, 2048, 2048]","[2048, 2048, 2048, 2048, 2048, 2048, 2048, 2048, 2048, 2048, 2049]",307.0
1280,11245,6,49,2026-03-15T08:25:40.588000+00:00,25.964,29.805,42.061,,264.0,False,97.83,"[None, 2048, 2048, 2048, 2048, 2048, 2048]","[2048, 2048, 2048, 2048, 2048, 2048]","[2048, 2048, 2048, 2048, 2048, 2048, 2049, 2048, 2049, 2048, 2048]",315.0
1280,11245,55,49,2026-03-15T08:25:57.584000+00:00,25.964,29.624,42.434,279.0,263.0,False,98.022,"[None, 2048, 2049, 2048, 2048, 2048, 2048]","[2048, 2048, 2048, 2048, 2048, 2048]","[2048, 2048, 2048, 2048, 2048, 2048, 2048, 2048, 2048, 2049, 2048]",315.0
1280,11245,43,49,2026-03-15T08:25:59.404000+00:00,25.876,29.627,43.549,280.0,264.0,False,99.052,"[None, 2048, 2048, 2048, 2048, 2048, 2048]","[2048, 2048, 2048, 2048, 2048, 2048]","[2048, 2048, 2048, 2048, 2048, 2048, 2048, 2048, 2048, 2048, 2049]",304.0
1280,11245,12,50,2026-03-15T08:26:01.983000+00:00,25.223,28.659,41.777,275.0,264.0,False,95.659,"[None, 2048, 2049, 2048, 2048, 2048, 2048]","[2048, 2048, 2048, 2048, 2048, 2048]","[2048, 2048, 2048, 2048, 2048, 2048, 2048, 2048, 2048, 2048, 2048]",316.0
1280,11245,63,50,2026-03-15T08:26:11.471000+00:00,25.319,28.738,41.624,,259.0,False,95.681,"[None, 2048, 2048, 2049, 2048, 2048, 2048]","[2048, 2048, 2048, 2049, 2048, 2048]","[2048, 2048, 2048, 2048, 2048, 2048, 2049, 2048, 2048, 2051, 2048]",309.0
1280,11245,27,49,2026-03-15T08:26:13.014000+00:00,25.828,29.409,42.827,273.0,263.0,False,98.064,"[None, 2048, 2048, 2048, 2048, 2048, 2048]","[2048, 2048, 2048, 2048, 2048, 2048]","[2048, 2048, 2048, 2048, 2048, 2048, 2048, 2048, 2048, 2048, 2048]",298.0
1280,11245,41,49,2026-03-15T08:26:20.264000+00:00,25.181,29.149,41.873,273.0,264.0,False,96.203,"[None, 2048, 2048, 2048, 2048, 2048, 2048]","[2048, 2048, 2048, 2048, 2048, 2048]","[2048, 2048, 2048, 2048, 2048, 2048, 2048, 2048, 2048, 2051, 2048]",310.0
1280,11245,44,50,2026-03-15T08:26:27.675000+00:00,25.365,28.913,41.959,273.0,262.0,False,96.237,"[None, 2048, 2048, 2048, 2048, 2048, 2048]","[2048, 2048, 2048, 2048, 2048, 2048]","[2048, 2048, 2048, 2048, 2048, 2048, 2048, 2048, 2048, 2049, 2048]",301.0
1280,11245,16,50,2026-03-15T08:26:30.700000+00:00,25.34,29.021,42.026,,256.0,False,96.387,"[None, 2048, 2048, 2048, 2048, 2048, 2048]","[2048, 2048, 2048, 2048, 2048, 2048]","[2048, 2048, 2048, 2048, 2048, 2048, 2048, 2048, 2051, 2051, 2049]",303.0
1280,11245,77,49,2026-03-15T08:26:37.287000+00:00,26.108,30.008,43.096,,261.0,False,99.212,"[None, 2048, 2048, 2048, 2048, 2048, 2048]","[2048, 2048, 2049, 2048, 2048, 2048]","[2048, 2048, 2048, 2048, 2048, 2048, 2048, 2048, 2048, 2049, 2048]",304.0
1280,11245,87,50,2026-03-15T08:26:56.109000+00:00,25.619,29.069,42.301,273.0,259.0,False,96.989,"[None, 2048, 2048, 2048, 2048, 2048, 2048]","[2048, 2048, 2048, 2049, 2048, 2049]","[2049, 2048, 2048, 2048, 2048, 2048, 2048, 2048, 2048, 2049, 2048]",300.0
1280,11245,11,49,2026-03-15T08:26:57.016000+00:00,25.877,29.944,43.641,283.0,259.0,False,99.462,"[None, 2048, 2048, 2048, 2048, 2048, 2048]","[2049, 2048, 2049, 2048, 2048, 2048]","[2048, 2048, 2048, 2048, 2048, 2048, 2048, 2048, 2048, 2048, 2048]",292.0
1280,11245,10,50,2026-03-15T08:26:58.640000+00:00,25.51,29.456,42.074,279.0,268.0,False,97.04,"[None, 2048, 2048, 2048, 2048, 2048, 2048]","[2048, 2048, 2048, 2048, 2048, 2048]","[2048, 2048, 2048, 2048, 2048, 2048, 2048, 2048, 2048, 2048, 2048]",328.0
1280,11245,31,49,2026-03-15T08:27:05.890000+00:00,25.414,29.104,42.228,250.0,245.0,False,96.746,"[None, 2048, 2048, 2048, 2048, 2048, 2048]","[2048, 2048, 2048, 2048, 2049, 2048]","[2048, 2048, 2048, 2048, 2048, 2048, 2048, 2048, 2048, 2049, 2048]",295.0
1280,11245,30,50,2026-03-15T08:27:15.718000+00:00,25.469,29.437,42.295,281.0,266.0,False,97.201,"[None, 2048, 2049, 2049, 2048, 2048, 2048]","[2048, 2048, 2048, 2048, 2048, 2048]","[2048, 2048, 2048, 2048, 2048, 2048, 2048, 2048, 2049, 2049, 2048]",309.0
1280,11245,6,50,2026-03-15T08:27:18.437000+00:00,25.851,29.612,42.226,276.0,266.0,False,97.689,"[None, 2048, 2048, 2048, 2048, 2048, 2048]","[2048, 2048, 2048, 2048, 2048, 2048]","[2049, 2048, 2048, 2048, 2048, 2048, 2048, 2048, 2048, 2048, 2048]",315.0
1280,11245,55,50,2026-03-15T08:27:35.577000+00:00,25.984,30.254,42.792,278.0,199.0,False,99.03,"[None, 2048, 2048, 2048, 2048, 2048, 2048]","[2048, 2048, 2048, 2049, 2048, 2048]","[2048, 2048, 2048, 2048, 2048, 2048, 2048, 2048, 2048, 2048, 2049]",338.0
1280,11245,12,51,2026-03-15T08:27:37.655000+00:00,25.263,28.96,41.788,276.0,259.0,False,96.011,"[None, 2048, 2048, 2048, 2048, 2048, 2048]","[2048, 2051, 2048, 2048, 2048, 2048]","[2048, 2048, 2048, 2048, 2048, 2048, 2048, 2048, 2048, 2048, 2048]",307.0
1280,11245,43,50,2026-03-15T08:27:38.437000+00:00,25.714,29.601,42.277,286.0,270.0,False,97.592,"[None, 2048, 2048, 2048, 2048, 2048, 2049]","[2048, 2048, 2048, 2048, 2048, 2048]","[2048, 2048, 2048, 2048, 2048, 2048, 2048, 2048, 2048, 2049, 2049]",321.0
1280,11245,63,51,2026-03-15T08:27:47.077000+00:00,25.125,28.642,41.764,276.0,259.0,False,95.531,"[None, 2048, 2048, 2048, 2049, 2048, 2048]","[2048, 2049, 2048, 2049, 2048, 2048]","[2048, 2048, 2049, 2048, 2048, 2048, 2048, 2048, 2048, 2048, 2048]",309.0
1280,11245,27,50,2026-03-15T08:27:51.015000+00:00,25.661,29.684,42.351,,265.0,False,97.696,"[None, 2048, 2048, 2048, 2048, 2048, 2048]","[2048, 2048, 2048, 2048, 2048, 2048]","[2048, 2048, 2048, 2048, 2048, 2048, 2048, 2048, 2048, 2048, 2048]",303.0
1280,11245,41,50,2026-03-15T08:27:56.577000+00:00,25.16,29.197,42.025,276.0,264.0,False,96.382,"[None, 2048, 2048, 2048, 2048, 2048, 2048]","[2048, 2048, 2048, 2048, 2048, 2048]","[2048, 2048, 2048, 2048, 2048, 2048, 2048, 2048, 2048, 2048, 2048]",309.0
1280,11245,44,51,2026-03-15T08:28:03.923000+00:00,25.336,28.856,41.942,270.0,262.0,False,96.134,"[None, 2048, 2048, 2048, 2048, 2048, 2048]","[2049, 2048, 2048, 2048, 2048, 2049]","[2048, 2048, 2048, 2048, 2048, 2048, 2048, 2048, 2048, 2048, 2048]",301.0
1280,11245,16,51,2026-03-15T08:28:07.068000+00:00,25.22,28.931,42.593,,257.0,False,96.744,"[None, 2048, 2048, 2048, 2048, 2048, 2048]","[2048, 2048, 2048, 2048, 2048, 2048]","[2048, 2048, 2048, 2048, 2048, 2048, 2048, 2048, 2048, 2048, 2048]",303.0
1280,11245,77,50,2026-03-15T08:28:16.505000+00:00,26.214,29.909,43.204,,261.0,False,99.327,"[None, 2048, 2048, 2048, 2048, 2048, 2048]","[2049, 2048, 2048, 2048, 2048, 2048]","[2048, 2048, 2048, 2048, 2048, 2048, 2048, 2048, 2048, 2048, 2048]",301.0
1280,11245,87,51,2026-03-15T08:28:33.086000+00:00,25.327,29.145,42.353,272.0,257.0,False,96.825,"[None, 2048, 2048, 2048, 2048, 2048, 2048]","[2048, 2048, 2048, 2049, 2048, 2048]","[2048, 2048, 2048, 2048, 2048, 2048, 2048, 2048, 2048, 2048, 2048]",301.0
1280,11245,10,51,2026-03-15T08:28:35.863000+00:00,25.517,29.221,42.015,277.0,263.0,False,96.753,"[None, 2048, 2048, 2048, 2048, 2048, 2048]","[2048, 2048, 2048, 2048, 2048, 2048]","[2048, 2048, 2048, 2048, 2048, 2048, 2048, 2048, 2048, 2048, 2048]",312.0
1280,11245,11,50,2026-03-15T08:28:36.484000+00:00,26.09,30.068,42.365,281.0,262.0,False,98.523,"[None, 2048, 2048, 2048, 2048, 2048, 2048]","[2048, 2048, 2048, 2048, 2048, 2049]","[2048, 2048, 2048, 2048, 2048, 2048, 2048, 2048, 2048, 2048, 2048]",317.0
1280,11245,31,50,2026-03-15T08:28:42.764000+00:00,25.302,29.174,41.951,256.0,249.0,False,96.427,"[None, 2048, 2048, 2048, 2048, 2048, 2048]","[2049, 2048, 2048, 2048, 2048, 2048]","[2048, 2048, 2049, 2048, 2048, 2048, 2048, 2048, 2048, 2049, 2049]",294.0
1280,11245,30,51,2026-03-15T08:28:53.044000+00:00,25.586,29.535,42.272,,265.0,False,97.393,"[None, 2048, 2048, 2048, 2048, 2048, 2048]","[2048, 2049, 2048, 2048, 2048, 2048]","[2048, 2048, 2049, 2048, 2048, 2048, 2048, 2048, 2048, 2048, 2048]",310.0
1280,11245,6,51,2026-03-15T08:28:56.187000+00:00,26.056,29.885,42.062,275.0,265.0,False,98.003,"[None, 2048, 2048, 2048, 2048, 2048, 2048]","[2048, 2048, 2048, 2048, 2048, 2048]","[2048, 2048, 2048, 2048, 2048, 2049, 2048, 2048, 2048, 2048]",314.0
1280,11245,12,52,2026-03-15T08:29:13.592000+00:00,25.295,28.532,41.448,274.0,260.0,False,95.275,"[None, 2048, 2049, 2048, 2048, 2048, 2048]","[2048, 2048, 2048, 2049, 2048, 2048]","[2049, 2048, 2049, 2048, 2048, 2048, 2048, 2048, 2048, 2049]",306.0
1280,11245,55,51,2026-03-15T08:29:14.629000+00:00,25.961,29.737,42.283,282.0,269.0,False,97.981,"[None, 2048, 2048, 2048, 2048, 2048, 2049]","[2048, 2048, 2048, 2048, 2048, 2049]","[2048, 2048, 2049, 2048, 2048, 2048, 2048, 2048, 2048, 2048, 2048]",321.0
1280,11245,43,51,2026-03-15T08:29:15.904000+00:00,25.742,29.919,42.12,279.0,263.0,False,97.781,"[None, 2048, 2048, 2048, 2048, 2048, 2048]","[2048, 2048, 2048, 2048, 2048, 2048]","[2048, 2048, 2048, 2048, 2048, 2048, 2048, 2048, 2048, 2048, 2049]",319.0
1280,11245,63,52,2026-03-15T08:29:22.643000+00:00,25.306,28.715,41.526,,260.0,False,95.547,"[None, 2048, 2048, 2048, 2048, 2048, 2048]","[2048, 2048, 2048, 2048, 2048, 2048]","[2048, 2048, 2048, 2048, 2048, 2048, 2048, 2048, 2048, 2048, 2048]",312.0
1280,11245,27,51,2026-03-15T08:29:28.719000+00:00,25.573,29.393,42.539,275.0,264.0,False,97.505,"[None, 2048, 2048, 2048, 2048, 2048, 2048]","[2048, 2048, 2048, 2048, 2048, 2048]","[2048, 2048, 2048, 2048, 2048, 2048, 2048, 2048, 2048, 2048, 2048]",301.0
1280,11245,41,51,2026-03-15T08:29:32.798000+00:00,25.207,29.435,42.14,,263.0,False,96.782,"[None, 2048, 2048, 2048, 2048, 2048, 2048]","[2048, 2048, 2048, 2048, 2048, 2048]","[2048, 2048, 2048, 2048, 2048, 2048, 2048, 2048, 2048, 2048, 2048]",311.0
1280,11245,44,52,2026-03-15T08:29:40.117000+00:00,25.355,28.86,42.081,273.0,261.0,False,96.296,"[None, 2048, 2048, 2048, 2048, 2048, 2048]","[2048, 2048, 2048, 2048, 2048, 2048]","[2048, 2048, 2048, 2048, 2048, 2048, 2048, 2048, 2048, 2048, 2048]",302.0
1280,11245,16,52,2026-03-15T08:29:43.814000+00:00,25.373,28.989,41.962,269.0,262.0,False,96.324,"[None, 2048, 2048, 2048, 2048, 2048, 2048]","[2048, 2048, 2048, 2048, 2049, 2049]","[2049, 2048, 2048, 2048, 2048, 2048, 2048, 2048, 2048, 2048, 2049]",303.0
1280,11245,77,51,2026-03-15T08:29:55.948000+00:00,26.336,30.143,43.102,266.0,260.0,False,99.581,"[None, 2048, 2048, 2048, 2048, 2048, 2048]","[2048, 2048, 2048, 2048, 2048, 2048]","[2048, 2048, 2048, 2048, 2048, 2048, 2048, 2048, 2048, 2048, 2048]",307.0
1280,11245,87,52,2026-03-15T08:30:09.909000+00:00,25.448,29.198,42.132,268.0,258.0,False,96.778,"[None, 2048, 2048, 2048, 2048, 2048, 2048]","[2048, 2048, 2048, 2048, 2048, 2048]","[2048, 2048, 2048, 2048, 2048, 2048, 2048, 2048, 2048, 2048, 2048]",302.0
1280,11245,10,52,2026-03-15T08:30:12.550000+00:00,25.469,29.305,41.868,278.0,264.0,False,96.642,"[None, 2048, 2048, 2048, 2048, 2048, 2048]","[2048, 2048, 2048, 2048, 2048, 2048]","[2048, 2048, 2048, 2048, 2048, 2048, 2049, 2048, 2048, 2048, 2049]",315.0
1280,11245,11,51,2026-03-15T08:30:14.987000+00:00,26.099,30.095,42.82,276.0,259.0,False,99.014,"[None, 2048, 2048, 2048, 2048, 2048, 2048]","[2048, 2048, 2048, 2048, 2048, 2048]","[2048, 2048, 2049, 2048, 2048, 2048, 2048, 2048, 2048, 2048, 2048]",306.0
1280,11245,31,51,2026-03-15T08:30:19.190000+00:00,25.394,29.09,41.992,265.0,256.0,False,96.476,"[None, 2048, 2048, 2048, 2048, 2048, 2048]","[2048, 2048, 2048, 2048, 2048, 2048]","[2048, 2048, 2048, 2048, 2048, 2048, 2048, 2048, 2048, 2048, 2048]",306.0
1280,11245,30,52,2026-03-15T08:30:30.393000+00:00,25.544,29.481,42.299,282.0,265.0,False,97.324,"[None, 2048, 2049, 2048, 2048, 2048, 2048]","[2048, 2048, 2048, 2048, 2048, 2048]","[2048, 2048, 2049, 2048, 2048, 2048, 2049, 2048, 2048, 2048, 2048]",307.0
1280,11245,6,52,2026-03-15T08:30:34.175000+00:00,25.92,29.761,42.124,274.0,267.0,False,97.805,"[None, 2048, 2048, 2048, 2048, 2048, 2048]","[2048, 2048, 2048, 2048, 2048, 2048]","[2048, 2048, 2048, 2048, 2048, 2048, 2048, 2048, 2048, 2048, 2048]",319.0
1280,11245,12,53,2026-03-15T08:30:48.893000+00:00,25.235,28.462,43.833,275.0,260.0,False,97.53,"[None, 2048, 2048, 2049, 2048, 2048, 2048]","[2048, 2048, 2048, 2049, 2048, 2048]","[2049, 2048, 2051, 2048, 2048, 2048, 2049, 2048, 2048, 2048, 2048]",306.0
1280,11245,55,52,2026-03-15T08:30:52.670000+00:00,26.1,29.779,42.545,277.0,265.0,False,98.424,"[None, 2048, 2048, 2048, 2048, 2048, 2048]","[2048, 2048, 2048, 2048, 2048, 2048]","[2048, 2048, 2048, 2048, 2048, 2048, 2048, 2048, 2048, 2048, 2048]",314.0
1280,11245,43,52,2026-03-15T08:30:53.829000+00:00,25.738,29.834,42.45,280.0,264.0,False,98.022,"[2049, 2048, 2048, 2048, 2048, 2048, 2048]","[2048, 2048, 2048, 2048, 2048, 2048]","[2048, 2048, 2049, 2048, 2048, 2048, 2048, 2048, 2048, 2048, 2049]",321.0
1280,11245,63,53,2026-03-15T08:30:58.099000+00:00,25.316,28.765,41.61,275.0,261.0,False,95.691,"[None, 2048, 2048, 2048, 2048, 2048, 2048]","[2048, 2048, 2048, 2048, 2048, 2048]","[2048, 2048, 2049, 2048, 2048, 2048, 2048, 2048, 2048, 2048, 2048]",315.0
1280,11245,27,52,2026-03-15T08:31:06.287000+00:00,25.659,29.366,42.589,,264.0,False,97.614,"[None, 2048, 2048, 2048, 2048, 2048, 2048]","[2048, 2048, 2048, 2048, 2048, 2048]","[2048, 2048, 2048, 2048, 2048, 2048, 2048, 2048, 2048, 2048, 2048]",300.0
1280,11245,41,52,2026-03-15T08:31:09.599000+00:00,25.403,29.424,42.118,,266.0,False,96.945,"[None, 2048, 2048, 2048, 2048, 2048, 2048]","[2048, 2048, 2048, 2048, 2048, 2048]","[2048, 2048, 2048, 2048, 2048, 2048, 2048, 2048, 2048, 2048, 2051]",311.0
1280,11245,44,53,2026-03-15T08:31:16.316000+00:00,25.203,28.889,42.107,272.0,262.0,False,96.199,"[None, 2048, 2049, 2048, 2048, 2048, 2048]","[2048, 2048, 2048, 2048, 2048, 2048]","[2048, 2048, 2049, 2048, 2048, 2048, 2048, 2048, 2048, 2048, 2048]",301.0
1280,11245,16,53,2026-03-15T08:31:20.075000+00:00,25.134,29.028,42.158,271.0,255.0,False,96.32,"[None, 2048, 2048, 2048, 2048, 2048, 2048]","[2048, 2048, 2048, 2048, 2048, 2048]","[2048, 2048, 2049, 2048, 2048, 2048, 2048, 2048, 2048, 2048, 2048]",302.0
1280,11245,77,52,2026-03-15T08:31:35.429000+00:00,26.241,30.155,43.027,271.0,259.0,False,99.423,"[None, 2048, 2048, 2048, 2048, 2048, 2048]","[2048, 2048, 2048, 2048, 2048, 2048]","[2048, 2048, 2048, 2048, 2048, 2048, 2048, 2048, 2048, 2048, 2048]",306.0
1280,11245,87,53,2026-03-15T08:31:46.654000+00:00,25.325,29.105,42.25,272.0,260.0,False,96.68,"[None, 2048, 2048, 2049, 2048, 2048, 2048]","[2048, 2048, 2048, 2048, 2048, 2049]","[2048, 2048, 2048, 2048, 2048, 2048, 2048, 2048, 2048, 2048, 2048]",303.0
1280,11245,10,53,2026-03-15T08:31:49.201000+00:00,25.388,29.218,41.899,,263.0,False,96.505,"[None, 2048, 2048, 2049, 2048, 2048, 2048]","[2048, 2048, 2049, 2049, 2048, 2048]","[2048, 2048, 2048, 2048, 2048, 2048, 2049, 2048, 2048, 2048, 2049]",316.0
1280,11245,11,52,2026-03-15T08:31:54.115000+00:00,26.156,30.006,43.364,,258.0,False,99.526,"[None, 2048, 2048, 2048, 2048, 2048, 2048]","[2048, 2048, 2048, 2048, 2048, 2048]","[2049, 2048, 2049, 2048, 2048, 2048, 2048, 2048, 2048, 2048, 2048]",307.0
1280,11245,31,52,2026-03-15T08:31:55.615000+00:00,25.484,29.51,42.677,271.0,262.0,False,97.671,"[None, 2048, 2048, 2048, 2048, 2048, 2048]","[2048, 2048, 2048, 2048, 2048, 2048]","[2048, 2048, 2048, 2048, 2048, 2048, 2048, 2048, 2048, 2048]",305.0
1280,11245,30,53,2026-03-15T08:32:07.662000+00:00,25.602,29.408,42.34,283.0,264.0,False,97.35,"[None, 2048, 2048, 2048, 2048, 2048, 2048]","[2048, 2048, 2048, 2048, 2048, 2048]","[2048, 2048, 2048, 2048, 2048, 2048, 2048, 2048, 2048, 2049, 2049]",309.0
1280,11245,6,53,2026-03-15T08:32:11.976000+00:00,25.918,29.894,42.125,273.0,267.0,False,97.937,"[None, 2048, 2048, 2048, 2048, 2048, 2048]","[2048, 2048, 2048, 2048, 2048, 2048]","[2048, 2048, 2048, 2048, 2048, 2048, 2048, 2048, 2048, 2048, 2048]",320.0
1280,11245,12,54,2026-03-15T08:32:26.433000+00:00,25.478,28.787,41.911,274.0,261.0,False,96.176,"[None, 2048, 2048, 2048, 2048, 2048, 2048]","[2048, 2048, 2048, 2048, 2048, 2048]","[2048, 2048, 2051, 2048, 2048, 2048, 2048, 2048, 2048, 2048, 2048]",307.0
1280,11245,55,53,2026-03-15T08:32:31.088000+00:00,26.026,29.873,44.188,280.0,262.0,False,100.087,"[None, 2048, 2048, 2048, 2048, 2048, 2048]","[2048, 2048, 2048, 2048, 2048, 2048]","[2048, 2048, 2049, 2048, 2048, 2048, 2048, 2048, 2048, 2048, 2048]",316.0
1280,11245,43,53,2026-03-15T08:32:31.730000+00:00,25.868,30.008,43.733,284.0,266.0,False,99.609,"[2048, 2048, 2048, 2048, 2048, 2048, 2048]","[2048, 2049, 2048, 2048, 2048, 2048]","[2048, 2048, 2048, 2048, 2048, 2048, 2048, 2048, 2048, 2048, 2048]",309.0
1280,11245,63,54,2026-03-15T08:32:33.949000+00:00,25.418,29.072,41.967,277.0,263.0,False,96.457,"[None, 2048, 2048, 2048, 2048, 2048, 2048]","[2048, 2048, 2048, 2048, 2048, 2048]","[2048, 2048, 2048, 2048, 2048, 2048, 2048, 2048, 2048, 2048, 2048]",323.0
1280,11245,27,53,2026-03-15T08:32:43.833000+00:00,25.787,29.547,42.636,274.0,264.0,False,97.97,"[None, 2048, 2048, 2048, 2048, 2048, 2048]","[2048, 2048, 2048, 2048, 2048, 2048]","[2048, 2048, 2048, 2048, 2048, 2048, 2048, 2048, 2048, 2048, 2048]",300.0
1280,11245,41,53,2026-03-15T08:32:46.531000+00:00,25.472,29.536,42.156,275.0,266.0,False,97.164,"[None, 2048, 2048, 2048, 2048, 2048, 2048]","[2048, 2048, 2048, 2048, 2048, 2048]","[2048, 2048, 2048, 2048, 2048, 2048, 2048, 2048, 2048, 2048, 2051]",315.0
1280,11245,44,54,2026-03-15T08:32:52.603000+00:00,25.465,28.998,41.977,271.0,261.0,False,96.44,"[None, 2048, 2048, 2048, 2048, 2048, 2048]","[2048, 2048, 2048, 2048, 2048, 2048]","[2048, 2048, 2048, 2048, 2048, 2048, 2048, 2048, 2048, 2048, 2049]",306.0
1280,11245,16,54,2026-03-15T08:32:56.395000+00:00,25.197,28.969,42.047,,257.0,False,96.213,"[None, 2048, 2048, 2051, 2048, 2048, 2048]","[2048, 2048, 2048, 2048, 2048, 2048]","[2048, 2048, 2048, 2048, 2048, 2048, 2048, 2049, 2048, 2048, 2049]",304.0
1280,11245,77,53,2026-03-15T08:33:14.829000+00:00,26.181,30.107,43.065,274.0,259.0,False,99.353,"[None, 2048, 2048, 2048, 2048, 2048, 2048]","[2048, 2048, 2048, 2048, 2048, 2048]","[2048, 2048, 2048, 2048, 2048, 2048, 2048, 2048, 2048, 2048, 2048]",305.0
1280,11245,87,54,2026-03-15T08:33:23.287000+00:00,25.42,29.088,42.28,271.0,261.0,False,96.788,"[None, 2048, 2048, 2048, 2048, 2048, 2048]","[2048, 2048, 2048, 2049, 2048, 2049]","[2048, 2048, 2049, 2048, 2048, 2048, 2048, 2048, 2048, 2048, 2048]",303.0
1280,11245,10,54,2026-03-15T08:33:25.691000+00:00,25.356,29.236,42.09,280.0,263.0,False,96.682,"[None, 2048, 2049, 2048, 2048, 2048, 2048]","[2048, 2048, 2048, 2048, 2048, 2048]","[2048, 2048, 2048, 2048, 2048, 2048, 2049, 2048, 2048, 2048, 2049]",316.0
1280,11245,31,53,2026-03-15T08:33:33.176000+00:00,25.511,29.054,42.077,,261.0,False,96.642,"[None, 2048, 2048, 2048, 2048, 2048, 2048]","[2048, 2048, 2048, 2048, 2048, 2048]","[2048, 2048, 2048, 2048, 2048, 2048, 2048, 2048, 2048, 2048, 2048]",302.0
1280,11245,11,53,2026-03-15T08:33:33.549000+00:00,26.227,30.218,42.514,283.0,265.0,False,98.959,"[None, 2048, 2048, 2048, 2048, 2048, 2048]","[2048, 2048, 2048, 2048, 2048, 2048]","[2048, 2048, 2048, 2048, 2048, 2048, 2048, 2048, 2048, 2048, 2048]",314.0
1280,11245,30,54,2026-03-15T08:33:44.984000+00:00,25.555,29.431,42.216,282.0,265.0,False,97.202,"[None, 2048, 2049, 2048, 2048, 2048, 2048]","[2049, 2048, 2048, 2048, 2048, 2048]","[2048, 2048, 2048, 2048, 2048, 2048, 2048, 2048, 2048, 2048, 2049]",310.0
1280,11245,6,54,2026-03-15T08:33:49.887000+00:00,25.849,29.807,42.269,275.0,265.0,False,97.925,"[None, 2048, 2048, 2048, 2048, 2048, 2048]","[2048, 2048, 2048, 2048, 2048, 2048]","[2048, 2048, 2048, 2048, 2048, 2048, 2048, 2048, 2048, 2048, 2048]",323.0
1280,11245,12,55,2026-03-15T08:34:02.630000+00:00,25.56,28.886,41.932,,260.0,False,96.378,"[None, 2048, 2048, 2048, 2048, 2048, 2048]","[2048, 2048, 2048, 2048, 2048, 2048]","[2048, 2048, 2048, 2048, 2048, 2048, 2048, 2048, 2048, 2048, 2048]",308.0
1280,11245,63,55,2026-03-15T08:34:10.302000+00:00,25.261,28.708,41.726,274.0,260.0,False,95.695,"[None, 2048, 2048, 2048, 2048, 2048, 2048]","[2048, 2048, 2048, 2048, 2048, 2048]","[2048, 2048, 2048, 2048, 2048, 2048, 2048, 2048, 2048, 2048, 2048]",309.0
1280,11245,55,54,2026-03-15T08:34:11.130000+00:00,25.887,29.86,42.507,283.0,263.0,False,98.254,"[None, 2048, 2048, 2048, 2048, 2048, 2048]","[2048, 2048, 2048, 2048, 2048, 2048]","[2048, 2048, 2049, 2048, 2048, 2048, 2048, 2048, 2048, 2048, 2048]",319.0
1280,11245,43,54,2026-03-15T08:34:11.385000+00:00,26.19,30.027,42.468,288.0,267.0,False,98.685,"[None, 2048, 2048, 2048, 2048, 2048, 2049]","[2048, 2048, 2048, 2048, 2048, 2048]","[2048, 2048, 2048, 2049, 2048, 2048, 2048, 2048, 2048, 2048, 2048]",323.0
1280,11245,27,54,2026-03-15T08:34:21.785000+00:00,25.605,29.479,42.525,,264.0,False,97.609,"[None, 2048, 2048, 2048, 2048, 2048, 2048]","[2048, 2048, 2048, 2048, 2048, 2048]","[2048, 2048, 2048, 2048, 2048, 2048, 2048, 2048, 2048, 2048, 2048]",301.0
1280,11245,41,54,2026-03-15T08:34:23.748000+00:00,25.465,29.701,42.311,277.0,265.0,False,97.477,"[None, 2048, 2048, 2048, 2048, 2048, 2048]","[2048, 2048, 2048, 2048, 2048, 2048]","[2048, 2048, 2048, 2048, 2048, 2048, 2048, 2048, 2048, 2048, 2048]",314.0
1280,11245,44,55,2026-03-15T08:34:28.984000+00:00,25.176,28.906,42.01,272.0,262.0,False,96.092,"[None, 2048, 2049, 2048, 2048, 2048, 2048]","[2048, 2048, 2048, 2048, 2048, 2049]","[2048, 2048, 2048, 2048, 2048, 2048, 2048, 2048, 2048, 2048, 2048]",304.0
1280,11245,16,55,2026-03-15T08:34:32.631000+00:00,25.047,29.019,42.068,273.0,258.0,False,96.134,"[None, 2048, 2048, 2048, 2048, 2048, 2048]","[2048, 2048, 2048, 2048, 2049, 2048]","[2048, 2048, 2048, 2048, 2048, 2048, 2048, 2049, 2048, 2048, 2048]",303.0
1280,11245,77,54,2026-03-15T08:34:54.213000+00:00,26.023,30.297,43.103,273.0,259.0,False,99.423,"[None, 2048, 2048, 2049, 2048, 2048, 2048]","[2048, 2048, 2048, 2048, 2048, 2048]","[2048, 2048, 2048, 2048, 2048, 2048, 2048, 2048, 2048, 2048, 2048]",308.0
1280,11245,87,55,2026-03-15T08:35:00.066000+00:00,25.384,29.169,42.095,,259.0,False,96.648,"[None, 2048, 2049, 2048, 2048, 2048, 2048]","[2048, 2048, 2048, 2048, 2048, 2048]","[2048, 2048, 2049, 2048, 2048, 2048, 2048, 2048, 2048, 2048, 2048]",306.0
1280,11245,10,55,2026-03-15T08:35:02.423000+00:00,25.449,29.222,41.967,278.0,263.0,False,96.638,"[None, 2048, 2048, 2048, 2048, 2048, 2048]","[2048, 2048, 2048, 2049, 2048, 2048]","[2048, 2048, 2049, 2048, 2048, 2048, 2048, 2048, 2048, 2048, 2049]",318.0
1280,11245,31,54,2026-03-15T08:35:09.952000+00:00,25.355,28.897,41.712,266.0,260.0,False,95.964,"[None, 2048, 2049, 2048, 2048, 2048, 2048]","[2049, 2048, 2048, 2048, 2048, 2048]","[2048, 2048, 2048, 2048, 2048, 2049, 2048, 2048, 2049, 2049, 2049]",302.0
1280,11245,11,54,2026-03-15T08:35:12.635000+00:00,26.347,29.989,42.74,278.0,258.0,False,99.076,"[None, 2048, 2048, 2048, 2048, 2048, 2048]","[2048, 2048, 2049, 2048, 2048, 2048]","[2048, 2048, 2048, 2048, 2048, 2048, 2048, 2048, 2048, 2048, 2048]",308.0
1280,11245,30,55,2026-03-15T08:35:22.193000+00:00,25.444,29.481,42.241,281.0,264.0,False,97.166,"[None, 2048, 2049, 2049, 2048, 2048, 2049]","[2048, 2048, 2048, 2048, 2048, 2048]","[2049, 2048, 2048, 2048, 2048, 2048, 2049, 2048, 2048, 2048, 2048]",310.0
1280,11245,6,55,2026-03-15T08:35:27.791000+00:00,25.992,29.655,42.151,274.0,264.0,False,97.798,"[None, 2048, 2048, 2048, 2048, 2048, 2048]","[2048, 2048, 2048, 2048, 2048, 2048]","[2048, 2048, 2048, 2048, 2048, 2048, 2048, 2048, 2048, 2048, 2048]",322.0
1280,11245,12,56,2026-03-15T08:35:39.028000+00:00,25.314,28.861,42.754,,259.0,False,96.929,"[None, 2048, 2048, 2048, 2048, 2048, 2048]","[2048, 2051, 2048, 2048, 2048, 2048]","[2048, 2048, 2048, 2048, 2048, 2048, 2048, 2048, 2048, 2048, 2048]",306.0
1280,11245,63,56,2026-03-15T08:35:45.976000+00:00,25.226,28.71,41.464,,259.0,False,95.4,"[None, 2048, 2048, 2048, 2048, 2048, 2048]","[2048, 2049, 2049, 2048, 2048, 2048]","[2048, 2048, 2049, 2048, 2048, 2048, 2049, 2048, 2048, 2048, 2048]",323.0
1280,11245,55,55,2026-03-15T08:35:49.268000+00:00,26.016,29.678,42.534,278.0,262.0,False,98.228,"[None, 2048, 2048, 2048, 2048, 2048, 2048]","[2048, 2049, 2049, 2049, 2049, 2048]","[2048, 2048, 2048, 2048, 2048, 2048, 2048, 2048, 2048, 2048, 2048]",326.0
1280,11245,43,55,2026-03-15T08:35:50.003000+00:00,25.771,29.958,42.508,285.0,266.0,False,98.237,"[None, 2048, 2048, 2048, 2048, 2048, 2048]","[2048, 2048, 2048, 2048, 2048, 2048]","[2048, 2048, 2049, 2049, 2049, 2048, 2048, 2048, 2048, 2048, 2048]",338.0
1280,11245,27,55,2026-03-15T08:35:59.452000+00:00,25.677,29.426,42.468,,262.0,False,97.571,"[None, 2048, 2048, 2048, 2048, 2048, 2048]","[2048, 2048, 2048, 2048, 2048, 2048]","[2048, 2048, 2048, 2048, 2048, 2048, 2048, 2048, 2048, 2048, 2048]",307.0
1280,11245,41,55,2026-03-15T08:36:01.185000+00:00,25.575,29.659,42.27,280.0,266.0,False,97.504,"[None, 2048, 2048, 2048, 2048, 2048, 2048]","[2048, 2049, 2049, 2048, 2048, 2048]","[2048, 2048, 2048, 2048, 2048, 2048, 2048, 2048, 2048, 2048, 2048]",318.0
1280,11245,44,56,2026-03-15T08:36:05.084000+00:00,25.198,28.968,41.937,273.0,262.0,False,96.103,"[None, 2048, 2048, 2048, 2048, 2048, 2048]","[2048, 2048, 2048, 2048, 2048, 2048]","[2048, 2048, 2049, 2048, 2048, 2048, 2048, 2048, 2048, 2048, 2048]",306.0
1280,11245,16,56,2026-03-15T08:36:08.771000+00:00,25.129,28.862,42.02,,260.0,False,96.011,"[None, 2048, 2048, 2048, 2048, 2048, 2048]","[2048, 2048, 2048, 2048, 2048, 2048]","[2048, 2048, 2048, 2048, 2048, 2048, 2048, 2048, 2048, 2048, 2048]",303.0
1280,11245,77,55,2026-03-15T08:36:33.704000+00:00,25.855,29.825,42.713,274.0,260.0,False,98.393,"[None, 2048, 2048, 2048, 2048, 2048, 2048]","[2048, 2049, 2049, 2048, 2048, 2049]","[2049, 2048, 2048, 2048, 2048, 2049, 2049, 2048, 2048, 2048, 2048]",300.0
1280,11245,87,56,2026-03-15T08:36:36.688000+00:00,25.226,29.121,42.082,275.0,270.0,False,96.429,"[None, 2048, 2048, 2048, 2048, 2049, 2048]","[2048, 2048, 2048, 2048, 2048, 2049]","[2048, 2048, 2048, 2048, 2048, 2048, 2049, 2048, 2048, 2048, 2048]",327.0
1280,11245,10,56,2026-03-15T08:36:39.032000+00:00,25.321,29.355,41.893,276.0,262.0,False,96.569,"[2049, 2048, 2048, 2048, 2048, 2048, 2048]","[2048, 2048, 2048, 2048, 2048, 2048]","[2048, 2048, 2048, 2048, 2048, 2048, 2048, 2048, 2048, 2048, 2048]",326.0
1280,11245,31,55,2026-03-15T08:36:45.876000+00:00,25.237,29.083,41.961,271.0,259.0,False,96.281,"[None, 2048, 2048, 2048, 2048, 2048, 2048]","[2048, 2048, 2048, 2048, 2048, 2048]","[2048, 2048, 2048, 2048, 2048, 2048, 2048, 2048, 2048, 2048, 2048]",302.0
1280,11245,11,55,2026-03-15T08:36:51.594000+00:00,26.235,29.94,42.723,275.0,257.0,False,98.898,"[None, 2048, 2048, 2048, 2048, 2048, 2048]","[2048, 2048, 2049, 2048, 2048, 2048]","[2048, 2048, 2049, 2048, 2048, 2048, 2048, 2048, 2049, 2049, 2048]",307.0
1280,11245,30,56,2026-03-15T08:36:59.344000+00:00,25.458,29.543,42.095,282.0,264.0,False,97.096,"[None, 2048, 2048, 2048, 2048, 2048, 2048]","[2048, 2049, 2048, 2048, 2048, 2048]","[2049, 2048, 2049, 2048, 2048, 2048, 2048, 2048, 2049, 2051, 2048]",310.0
1280,11245,6,56,2026-03-15T08:37:05.640000+00:00,25.764,29.704,42.076,273.0,266.0,False,97.544,"[None, 2048, 2048, 2048, 2048, 2048, 2048]","[2048, 2048, 2048, 2048, 2048, 2048]","[2049, 2048, 2048, 2048, 2048, 2048, 2049, 2048, 2048, 2048, 2048]",320.0
