meeting_key,session_key,driver_number,lap_number,date_start,duration_sector_1,duration_sector_2,duration_sector_3,i1_speed,i2_speed,is_pit_out_lap,lap_duration,segments_sector_1,segments_sector_2,segments_sector_3,st_speed
1293,11361,10,1,2026-09-06T13:03:30.936000+00:00,29.872,29.996,28.927,287.0,298.0,False,88.795,"[2048, 2049, 2051, 2049, 2049, 2049]","[2049, 2051, 2049, 2049, 2051, 2049, 2049]","[2049, 2051, 2049, 2049, 2051, 2049, 2049, 2049, 2051]",288.0
1293,11361,63,1,2026-09-06T13:03:30.936000+00:00,30.235,29.938,28.989,302.0,313.0,False,89.162,"[2048, 2049, 2049, 2049, 2049, 2049]","[2049, 2049, 2049, 2049, 2049, 2049, 2049]","[2049, 2049, 2049, 2049, 2049, 2049, 2049, 2049, 2051]",296.0
1293,11361,16,1,2026-09-06T13:03:30.936000+00:00,30.854,30.166,28.675,295.0,309.0,False,89.695,"[2048, 2049, 2049, 2049, 2049, 2049]","[2049, 2049, 2049, 2049, 2049, 2049, 2049]","[2049, 2049, 2049, 2049, 2049, 2049, 2049, 2051, 2048]",295.0
1293,11361,3,1,2026-09-06T13:03:30.936000+00:00,31.102,30.147,28.647,298.0,320.0,False,89.896,"[2048, 2049, 2049, 2049, 2049, 2049]","[2049, 2049, 2049, 2051, 2049, 2049, 2049]","[2049, 2049, 2049, 2049, 2049, 2049, 2049, 2049, 2048]",286.0
1293,11361,81,1,2026-09-06T13:03:30.936000+00:00,31.047,30.557,28.741,306.0,328.0,False,90.345,"[2048, 2049, 2049, 2049, 2049, 2049]","[2049, 2049, 2049, 2049, 2049, 2051, 2051]","[2049, 2049, 2051, 2049, 2049, 2049, 2051, 2049, 2049]",292.0
1293,11361,43,1,2026-09-06T13:03:30.936000+00:00,31.512,30.866,28.596,302.0,316.0,False,90.974,"[2048, 2049, 2049, 2049, 2049, 2049]","[2049, 2049, 2049, 2049, 2049, 2049, 2049]","[2051, 2049, 2049, 2049, 2049, 2049, 2049, 2049, 2049]",275.0
1293,11361,1,1,2026-09-06T13:03:30.936000+00:00,31.82,31.558,28.638,315.0,314.0,False,92.016,"[2048, 2049, 2049, 2049, 2051, 2051]","[2049, 2049, 2049, 2049, 2049, 2049, 2049]","[2049, 2049, 2049, 2049, 2049, 2049, 2049, 2049, 2049]",263.0
1293,11361,41,1,2026-09-06T13:03:30.936000+00:00,31.909,31.818,28.968,315.0,322.0,False,92.695,"[2048, 2049, 2049, 2049, 2049, 2049]","[2049, 2049, 2049, 2049, 2049, 2049, 2049]","[2049, 2049, 2049, 2051, 2049, 2049, 2049, 2049, 2049]",263.0
1293,11361,87,1,2026-09-06T13:03:30.936000+00:00,32.579,31.593,28.962,301.0,320.0,False,93.134,"[2048, 2049, 2049, 2049, 2049, 2049]","[2049, 2049, 2049, 2049, 2049, 2049, 2049]","[2049, 2049, 2049, 2049, 2049, 2049, 2049, 2049, 2051]",266.0
1293,11361,44,1,2026-09-06T13:03:30.936000+00:00,32.525,32.087,29.022,299.0,311.0,False,93.634,"[2048, 2049, 2049, 2049, 2049, 2049]","[2051, 2049, 2049, 2049, 2049, 2049, 2049]","[2049, 2049, 2049, 2049, 2049, 2051, 2051, 2051, 2051]",297.0
1293,11361,5,1,2026-09-06T13:03:30.936000+00:00,32.557,31.899,29.313,294.0,321.0,False,93.769,"[2048, 2049, 2049, 2049, 2049, 2049]","[2049, 2049, 2049, 2049, 2049, 2049, 2049]","[2049, 2049, 2049, 2049, 2049, 2049, 2049, 2049, 2049]",249.0
1293,11361,31,1,2026-09-06T13:03:30.936000+00:00,32.635,32.173,29.395,307.0,313.0,False,94.203,"[2048, 2049, 2049, 2049, 2049, 2049]","[2049, 2049, 2051, 2049, 2049, 2049, 2049]","[2049, 2049, 2049, 2049, 2049, 2049, 2049, 2049, 2049]",262.0
1293,11361,27,1,2026-09-06T13:03:30.936000+00:00,32.761,32.76,29.849,311.0,328.0,False,95.37,"[2048, 2049, 2049, 2049, 2049, 2049]","[2049, 2049, 2049, 2049, 2049, 2049, 2049]","[2049, 2049, 2049, 2049, 2049, 2049, 2049, 2049, 0]",268.0
1293,11361,12,1,2026-09-06T13:03:30.936000+00:00,33.736,32.161,29.863,306.0,326.0,False,95.76,"[2048, 2049, 2049, 2049, 2049, 2049]","[2049, 2049, 2049, 2049, 2049, 2049, 2049]","[2049, 2049, 2049, 2049, 2049, 2049, 2049, 2049, 2049]",262.0
1293,11361,22,1,2026-09-06T13:03:30.936000+00:00,32.936,32.709,30.835,293.0,323.0,False,96.48,"[2048, 2049, 2049, 2049, 2049, 2049]","[2049, 2049, 2049, 2049, 2049, 2049, 2049]","[2049, 2049, 2049, 2049, 2049, 2049, 2049, 2049, 0]",249.0
1293,11361,55,1,2026-09-06T13:03:30.936000+00:00,32.668,32.926,31.432,292.0,316.0,False,97.026,"[2048, 2049, 2049, 2049, 2049, 2049]","[2049, 2049, 2049, 2049, 2049, 2049, 2049]","[2049, 2049, 2049, 2049, 2049, 2049, 2049, 2049, 2049]",283.0
1293,11361,11,1,2026-09-06T13:03:30.936000+00:00,34.139,33.065,30.137,299.0,303.0,False,97.341,"[2048, 2049, 2049, 2049, 2049, 2049]","[2049, 2049, 2049, 2049, 2049, 2049, 2049]","[2049, 2049, 2049, 2049, 2049, 2049, 2049, 2049, 2049]",263.0
1293,11361,23,1,2026-09-06T13:03:30.936000+00:00,34.39,32.542,30.782,299.0,315.0,False,97.714,"[2048, 2049, 2049, 2049, 2049, 2049]","[2049, 2049, 2049, 2049, 2049, 2049, 2049]","[2049, 2049, 2049, 2049, 2049, 2049, 2049, 2049, 2049]",253.0
1293,11361,30,1,2026-09-06T13:03:30.936000+00:00,37.367,30.566,29.906,291.0,318.0,False,97.839,"[None, 2064, 2049, 2049, 2049, 2049]","[2049, 2049, 2049, 2049, 2049, 2049, 2049]","[2049, 2049, 2049, 2049, 2049, 2049, 2049, 2049, 2049]",272.0
1293,11361,18,1,2026-09-06T13:03:30.936000+00:00,35.452,32.047,30.527,282.0,301.0,False,98.026,"[2048, 2049, 2049, 2049, 2049, 2049]","[2049, 2049, 2049, 2049, 2049, 2049, 2049]","[2049, 2049, 2049, 2049, 2049, 2049, 2049, 2049, 0]",251.0
1293,11361,77,1,2026-09-06T13:03:30.936000+00:00,34.331,32.915,31.03,302.0,300.0,False,98.276,"[2048, 2049, 2049, 2049, 2049, 2049]","[2049, 2049, 2049, 2049, 2049, 2049, 2049]","[2049, 2049, 2049, 2049, 2049, 2049, 2049, 2049, 2049]",246.0
1293,11361,14,1,2026-09-06T13:03:30.936000+00:00,38.063,30.955,29.821,287.0,295.0,False,98.839,"[None, 2064, 2049, 2051, 2049, 2049]","[2049, 2049, 2049, 2049, 2049, 2049, 2049]","[2049, 2049, 2049, 2049, 2049, 2049, 2049, 2049, 2049]",263.0
1293,11361,10,2,2026-09-06T13:04:59.731000+00:00,29.201,29.939,28.655,300.0,307.0,False,87.795,"[2049, 2049, 2048, 2048, 2049, 2049]","[2048, 2048, 2049, 2051, 2048, 2048, 2049]","[2049, 2048, 2049, 2049, 2048, 2048, 2049, 2049, 2049]",305.0
1293,11361,63,2,2026-09-06T13:05:00.098000+00:00,28.283,29.678,28.69,295.0,305.0,False,86.651,"[2049, 2049, 2049, 2049, 2048, 2048]","[2051, 2051, 2049, 2049, 2049, 2048, 2048]","[2049, 2049, 2048, 2049, 2049, 2049, 2049, 2048, 2048]",306.0
1293,11361,16,2,2026-09-06T13:05:00.631000+00:00,28.46,30.488,,297.0,306.0,False,,"[2049, 2049, 2049, 2049, 2048, 2048]","[2048, 2048, 2049, 2048, 2048, 2048, 2049]",[2048],321.0
1293,11361,3,2,2026-09-06T13:05:00.832000+00:00,28.453,30.254,28.467,297.0,326.0,False,87.174,"[2049, 2049, 2049, 2049, 2049, 2049]","[2048, 2049, 2048, 2048, 2048, 2049, 2049]","[2051, 2048, 2048, 2049, 2049, 2048, 2048, 2048, 2048]",325.0
1293,11361,81,2,2026-09-06T13:05:01.281000+00:00,28.376,30.149,28.961,303.0,332.0,False,87.486,"[2049, 2049, 2049, 2049, 2048, 2048]","[2048, 2049, 2049, 2049, 2048, 2051, 2051]","[2048, 2048, 2049, 2051, 2048, 2048, 2048, 2048, 2048]",322.0
1293,11361,43,2,2026-09-06T13:05:01.910000+00:00,28.415,30.166,28.556,298.0,324.0,False,87.137,"[2049, 2049, 2049, 2049, 2049, 2048]","[2049, 2049, 2049, 2048, 2049, 2049, 2049]","[2048, 2049, 2049, 2049, 2048, 2049, 2049, 2049, 2049]",323.0
1293,11361,1,2,2026-09-06T13:05:02.952000+00:00,28.318,30.159,28.438,294.0,314.0,False,86.915,"[2049, 2049, 2049, 2051, 2048, 2048]","[2049, 2049, 2049, 2049, 2049, 2048, 2048]","[2049, 2049, 2049, 2049, 2048, 2048, 2049, 2049, 2049]",318.0
1293,11361,41,2,2026-09-06T13:05:03.631000+00:00,28.704,30.095,28.366,290.0,313.0,False,87.165,"[2049, 2049, 2051, 2049, 2048, 2048]","[2049, 2049, 2049, 2049, 2049, 2048, 2048]","[2049, 2049, 2049, 2048, 2049, 2049, 2049, 2049, 2049]",319.0
1293,11361,87,2,2026-09-06T13:05:04.070000+00:00,28.469,30.412,28.852,297.0,319.0,False,87.733,"[2049, 2049, 2049, 2049, 2048, 2048]","[2048, 2049, 2048, 2049, 2049, 2049, 2049]","[2049, 2049, 2048, 2048, 2049, 2049, 2048, 2048, 2048]",321.0
1293,11361,44,2,2026-09-06T13:05:04.570000+00:00,28.159,30.565,28.52,,320.0,False,87.244,"[2051, 2051, 2048, 2049, 2049, 2048]","[2048, 2049, 2049, 2049, 2049, 2049, 2049]","[2049, 2049, 2049, 2048, 2048, 2048, 2051, 2051, 2051]",332.0
1293,11361,5,2,2026-09-06T13:05:04.705000+00:00,29.422,30.207,28.787,289.0,321.0,False,88.416,"[2049, 2049, 2049, 2049, 2048, 2048]","[2049, 2049, 2049, 2049, 2049, 2049, 2049]","[2049, 2049, 2049, 2049, 2048, 2049, 2049, 2049]",315.0
1293,11361,31,2,2026-09-06T13:05:05.139000+00:00,28.513,30.231,28.814,289.0,317.0,False,87.558,"[2049, 2049, 2049, 2049, 2048, 2048]","[2049, 2049, 2048, 2049, 2049, 2049, 2048]","[2049, 2049, 2048, 2049, 2049, 2049, 2049, 2048, 2048]",330.0
1293,11361,27,2,2026-09-06T13:05:06.306000+00:00,29.001,29.848,29.092,292.0,327.0,False,87.941,"[2049, 2049, 2049, 2049, 2048, 2048]","[2049, 2049, 2051, 2049, 2049, 2049, 2049]","[2049, 2049, 2049, 2049, 2048, 2049, 2049, 2049, 2049]",298.0
1293,11361,12,2,2026-09-06T13:05:06.696000+00:00,27.795,30.23,28.986,301.0,321.0,False,87.011,"[2049, 2049, 2049, 2049, 2048, 2048]","[2049, 2049, 2049, 2049, 2049, 2049, 2049]","[2049, 2049, 2049, 2049, 2049, 2049, 2048, 2048, 2048]",311.0
1293,11361,22,2,2026-09-06T13:05:07.416000+00:00,29.356,30.534,28.924,284.0,310.0,False,88.814,"[2049, 2049, 2049, 2049, 2048, 2048]","[2049, 2049, 2049, 2049, 2049, 2048, 2048]","[2049, 2049, 2049, 2049, 2049, 2049, 2049, 2048]",309.0
1293,11361,55,2,2026-09-06T13:05:07.962000+00:00,29.033,31.102,29.17,303.0,316.0,False,89.305,"[2049, 2049, 2049, 2049, 2049, 2049]","[2049, 2049, 2048, 2049, 2049, 2049, 2049]","[2049, 2049, 2049, 2049, 2049, 2049, 2049, 2049, 2049]",307.0
1293,11361,11,2,2026-09-06T13:05:08.277000+00:00,29.291,31.251,29.491,291.0,315.0,False,90.033,"[2049, 2049, 2049, 2049, 2048, 2048]","[2049, 2049, 2049, 2049, 2049, 2049, 2049]","[2049, 2049, 2049, 2049, 2049, 2049, 2049, 2048]",322.0
1293,11361,23,2,2026-09-06T13:05:08.650000+00:00,29.0,31.72,29.675,296.0,320.0,False,90.395,"[2049, 2049, 2049, 2049, 2049, 2048]","[2049, 2049, 2048, 2049, 2049, 2049, 2049]","[2049, 2049, 2049, 2049, 2049, 2049, 2049, 2049]",316.0
1293,11361,30,2,2026-09-06T13:05:08.775000+00:00,28.808,31.149,28.879,297.0,321.0,False,88.836,"[2049, 2049, 2049, 2048, 2049, 2049]","[2048, 2048, 2048, 2048, 2048, 2049, 2049]","[2049, 2049, 2051, 2048, 2049, 2049, 2049, 2049, 2049]",310.0
1293,11361,18,2,2026-09-06T13:05:08.962000+00:00,29.796,32.127,30.392,,298.0,False,92.315,"[2049, 2049, 2049, 2049, 2049, 2049]","[2049, 2048, 2048, 2048, 2049, 2048, 2049]","[2049, 2049, 2048, 2049, 2049, 2048, 2048, 2048, 2048]",290.0
1293,11361,77,2,2026-09-06T13:05:09.212000+00:00,29.832,31.683,30.38,284.0,304.0,False,91.895,"[2049, 2049, 2049, 2049, 2048, 2048]","[2049, 2049, 2049, 2049, 2049, 2049, 2049]","[2049, 2049, 2049, 2048, 2049, 2048, 2049, 2049, 2049]",285.0
1293,11361,14,2,2026-09-06T13:05:09.775000+00:00,29.344,31.888,29.918,290.0,313.0,False,91.15,"[2049, 2049, 2049, 2048, 2048, 2049]","[2048, 2048, 2048, 2048, 2048, 2049, 2049]","[2049, 2048, 2049, 2049, 2048, 2049, 2048, 2048, 2048]",299.0
1293,11361,63,3,2026-09-06T13:06:26.700000+00:00,31.124,40.73,47.294,118.0,269.0,False,119.148,"[2048, 2048, 2048, 2049, 2048, 2048]","[2048, 2048, 2048, 2048, 2048, 2048, 2048]","[2048, 2048, 2048, 2048, 2048, 2048, 2048, 2064, 2064]",304.0
1293,11361,10,3,2026-09-06T13:06:27.512000+00:00,31.599,41.157,50.719,116.0,277.0,False,123.475,"[None, 2049, 2049, 2049, 2048, 2048]","[2048, 2048, 2048, 2048, 2048, 2048, 2048]","[2048, 2048, 2048, 2048, 2048, 2048, 2048, 2064, 2064]",317.0
1293,11361,3,3,2026-09-06T13:06:28.169000+00:00,33.413,40.597,51.973,105.0,264.0,False,125.983,"[2048, 2048, 2049, 2049, 2048, 2048]","[2048, 2048, 2048, 2048, 2048, 2048, 2048]","[2048, 2048, 2048, 2048, 2048, 2048, 2048, 2064, 2064]",320.0
1293,11361,81,3,2026-09-06T13:06:28.762000+00:00,36.203,40.83,56.681,128.0,167.0,False,133.714,"[2048, 2048, 2048, 2049, 2048, 2048]","[2048, 2048, 2048, 2048, 2048, 2048, 2048]","[2048, 2048, 2048, 2048, 2048, 2048, 2048, 2064, 2064]",317.0
1293,11361,43,3,2026-09-06T13:06:28.997000+00:00,34.131,40.736,52.029,101.0,252.0,False,126.896,"[None, 2049, 2049, 2049, 2048, 2048]","[2048, 2048, 2048, 2048, 2048, 2048, 2048]","[2048, 2048, 2048, 2048, 2048, 2048, 2048, 2064, 2064]",307.0
1293,11361,1,3,2026-09-06T13:06:29.809000+00:00,36.828,40.413,58.586,136.0,166.0,False,135.827,"[None, 2049, 2048, 2049, 2048, 2048]","[2048, 2048, 2048, 2048, 2048, 2048, 2048]","[2048, 2048, 2048, 2048, 2048, 2048, 2048, 2064, 2064]",
1293,11361,41,3,2026-09-06T13:06:30.747000+00:00,36.772,41.447,58.559,144.0,126.0,False,136.778,"[None, 2049, 2048, 2049, 2048, 2048]","[2048, 2048, 2048, 2048, 2048, 2048, 2048]","[2048, 2048, 2048, 2048, 2048, 2048, 2048, 2064, 2064]",324.0
1293,11361,87,3,2026-09-06T13:06:31.700000+00:00,38.661,43.856,60.2,157.0,181.0,False,142.717,"[2048, 2048, 2048, 2049, 2048, 2048]","[2048, 2048, 2048, 2048, 2048, 2048, 2048]","[2048, 2048, 2048, 2048, 2048, 2048, 2048, 2064, 2064]",292.0
1293,11361,44,3,2026-09-06T13:06:31.981000+00:00,37.043,43.328,57.656,170.0,127.0,False,138.027,"[2048, 2048, 2049, 2051, 2048, 2048]","[2048, 2048, 2048, 2048, 2048, 2048, 2048]","[2048, 2048, 2048, 2048, 2048, 2048, 2048, 2064, 2064]",324.0
1293,11361,31,3,2026-09-06T13:06:32.825000+00:00,39.048,45.758,59.309,171.0,162.0,False,144.115,"[2048, 2048, 2048, 2049, 2048, 2048]","[2048, 2048, 2048, 2048, 2048, 2048, 2048]","[2048, 2048, 2048, 2048, 2048, 2048, 2048, 2064, 2064]",316.0
1293,11361,5,3,2026-09-06T13:06:33.044000+00:00,39.618,45.633,60.116,183.0,181.0,False,145.367,"[None, 2049, 2048, 2049, 2048, 2048]","[2048, 2048, 2048, 2048, 2048, 2048, 2048]","[2048, 2048, 2048, 2048, 2048, 2048, 2048, 2064, 2064]",300.0
1293,11361,12,3,2026-09-06T13:06:33.669000+00:00,40.193,45.609,60.241,168.0,176.0,False,146.043,"[2048, 2048, 2048, 2048, 2048, 2048]","[2048, 2048, 2048, 2048, 2048, 2048, 2048]","[2048, 2048, 2048, 2048, 2048, 2048, 2048, 2064, 2064]",313.0
1293,11361,27,3,2026-09-06T13:06:34.325000+00:00,41.322,44.838,61.367,164.0,177.0,False,147.527,"[None, 2049, 2048, 2048, 2048, 2048]","[2048, 2048, 2048, 2048, 2048, 2048, 2048]","[2048, 2048, 2048, 2048, 2048, 2048, 2048, 2064, 2064]",312.0
1293,11361,22,3,2026-09-06T13:06:36.231000+00:00,43.17,48.64,59.5,132.0,165.0,False,151.31,"[2048, 2048, 2048, 2048, 2048, 2048]","[2048, 2048, 2048, 2048, 2048, 2048, 2048]","[2048, 2048, 2048, 2048, 2048, 2048, 2048, 2064, 2064]",310.0
1293,11361,55,3,2026-09-06T13:06:37.200000+00:00,45.203,48.539,62.204,129.0,161.0,False,155.946,"[2048, 2048, 2048, 2048, 2048, 2048]","[2048, 2048, 2048, 2048, 2048, 2048, 2048]","[2048, 2048, 2048, 2048, 2048, 2048, 2048, 2064, 2064]",316.0
1293,11361,30,3,2026-09-06T13:06:37.559000+00:00,43.418,49.021,61.514,148.0,154.0,False,153.953,"[None, 2049, 2049, 2048, 2048, 2048]","[2048, 2048, 2048, 2048, 2048, 2048, 2048]","[2048, 2048, 2048, 2048, 2048, 2048, 2048, 2064, 2064]",326.0
1293,11361,11,3,2026-09-06T13:06:37.919000+00:00,46.018,49.258,63.515,135.0,168.0,False,158.791,"[None, 2049, 2048, 2048, 2048, 2048]","[2048, 2048, 2048, 2048, 2048, 2048, 2048]","[2048, 2048, 2048, 2048, 2048, 2048, 2048, 2064, 2064]",276.0
1293,11361,23,3,2026-09-06T13:06:38.985000+00:00,45.69,49.215,64.572,122.0,167.0,False,159.477,"[None, 2049, 2049, 2048, 2048, 2048]","[2048, 2048, 2048, 2048, 2048, 2048, 2048]","[2048, 2048, 2048, 2048, 2048, 2048, 2048, 2064, 2064]",319.0
1293,11361,14,3,2026-09-06T13:06:40.818000+00:00,47.321,51.157,71.475,115.0,144.0,False,169.953,"[2048, 2048, 2048, 2048, 2048, 2048]","[2048, 2048, 2048, 2048, 2048, 2048, 2048]","[2048, 2048, 2048, 2048, 2048, 2048, 2048, 2064, 2064]",296.0
1293,11361,77,3,2026-09-06T13:06:40.989000+00:00,44.645,50.296,64.978,124.0,162.0,False,159.919,"[2048, 2049, 2049, 2048, 2048, 2048]","[2048, 2048, 2048, 2048, 2048, 2048, 2048]","[2048, 2048, 2048, 2048, 2048, 2048, 2048, 2064, 2064]",318.0
1293,11361,18,3,2026-09-06T13:06:41.384000+00:00,45.547,50.158,67.275,130.0,163.0,False,162.98,"[2048, 2049, 2049, 2048, 2048, 2048]","[2048, 2048, 2048, 2048, 2048, 2048, 2048]","[2048, 2048, 2048, 2048, 2048, 2048, 2048, 2064, 2064]",306.0
1293,11361,63,4,2026-09-06T13:08:25.841000+00:00,,36.989,37.463,250.0,260.0,True,1958.319,"[2064, 2064, 2048, 2048, 2048, 2048]","[2048, 2048, 2049, 2048, 2048, 2048, 2048]","[2048, 2048, 2048, 2048, 2048, 2048, 2048, 2048, 2048]",250.0
1293,11361,10,4,2026-09-06T13:08:31.060000+00:00,,36.47,37.965,252.0,255.0,True,1955.174,"[2064, 2064, 2048, 2048, 2048, 2048]","[2048, 2048, 2049, 2048, 2048, 2048, 2048]","[2048, 2048, 2048, 2048, 2048, 2048, 2048, 2048, 2048]",191.0
1293,11361,3,4,2026-09-06T13:08:34.091000+00:00,,36.182,40.997,254.0,251.0,True,1956.913,"[2064, 2064, 2048, 2048, 2048, 2048]","[2048, 2048, 2048, 2048, 2048, 2048, 2048]","[2048, 2048, 2048, 2048, 2048, 2048, 2048, 2048, 2048]",176.0
1293,11361,43,4,2026-09-06T13:08:35.931000+00:00,,36.583,41.903,247.0,250.0,True,1957.224,"[2064, 2064, 2048, 2048, 2048, 2048]","[2048, 2048, 2048, 2048, 2048, 2048, 2048]","[2048, 2048, 2048, 2048, 2048, 2048, 2048, 2048, 2048]",145.0
1293,11361,81,4,2026-09-06T13:08:42.530000+00:00,,38.361,42.734,255.0,248.0,True,1954.257,"[2064, 2064, 2048, 2048, 2048, 2048]","[2048, 2048, 2048, 2049, 2048, 2048, 2048]","[2048, 2048, 2048, 2048, 2048, 2048, 2048, 2048, 2048]",190.0
1293,11361,1,4,2026-09-06T13:08:45.640000+00:00,,39.475,41.193,280.0,225.0,True,1953.175,"[2064, 2064, 2048, 2048, 2048, 2048]","[2048, 2048, 2048, 2051, 2048, 2048, 2048]","[2048, 2048, 2048, 2048, 2048, 2048, 2048, 2048, 2048]",228.0
1293,11361,41,4,2026-09-06T13:08:47.452000+00:00,,37.853,42.102,249.0,239.0,True,1953.462,"[2064, 2064, 2048, 2048, 2048, 2048]","[2048, 2048, 2048, 2048, 2048, 2048, 2048]","[2048, 2048, 2048, 2048, 2048, 2048, 2048, 2048, 2048]",211.0
1293,11361,44,4,2026-09-06T13:08:49.858000+00:00,,36.288,44.176,251.0,222.0,True,1956.22,"[2064, 2064, 2048, 2048, 2048, 2048]","[2048, 2048, 2048, 2048, 2048, 2048, 2048]","[2048, 2048, 2048, 2048, 2048, 2048, 2048, 2048, 2048]",192.0
1293,11361,87,4,2026-09-06T13:08:54.436000+00:00,,34.921,45.497,224.0,217.0,True,1953.349,"[2064, 2064, 2048, 2048, 2048, 2048]","[2048, 2048, 2048, 2048, 2048, 2048, 2048]","[2048, 2048, 2048, 2048, 2048, 2048, 2048, 2048, 2048]",180.0
1293,11361,31,4,2026-09-06T13:08:57.030000+00:00,,34.999,47.296,258.0,213.0,True,1954.058,"[2064, 2064, 2048, 2048, 2048, 2048]","[2048, 2048, 2048, 2048, 2048, 2048, 2048]","[2048, 2048, 2048, 2048, 2048, 2048, 2048, 2048, 2048]",220.0
1293,11361,5,4,2026-09-06T13:08:58.655000+00:00,,32.918,49.126,253.0,257.0,True,1954.83,"[2064, 2064, 2048, 2048, 2048, 2048]","[2048, 2048, 2048, 2048, 2048, 2048, 2048]","[2048, 2048, 2048, 2048, 2048, 2048, 2048, 2048, 2048]",209.0
1293,11361,12,4,2026-09-06T13:08:59.905000+00:00,,33.473,49.13,250.0,265.0,True,1955.709,"[2064, 2064, 2048, 2048, 2048, 2048]","[2048, 2048, 2048, 2049, 2049, 2048, 2048]","[2048, 2048, 2048, 2048, 2048, 2048, 2048, 2048, 2048]",199.0
1293,11361,27,4,2026-09-06T13:09:01.920000+00:00,,33.326,50.074,258.0,257.0,True,1956.009,"[2064, 2064, 2048, 2048, 2048, 2048]","[2048, 2048, 2048, 2048, 2048, 2048, 2048]","[2048, 2048, 2048, 2048, 2048, 2048, 2048, 2048, 2048]",194.0
1293,11361,22,4,2026-09-06T13:09:07.707000+00:00,,34.534,50.912,250.0,258.0,True,1954.517,"[2064, 2064, 2048, 2048, 2048, 2048]","[2048, 2048, 2048, 2048, 2048, 2048, 2048]","[2048, 2048, 2048, 2048, 2048, 2048, 2048, 2048, 2048]",212.0
1293,11361,30,4,2026-09-06T13:09:11.804000+00:00,,33.77,51.231,251.0,256.0,True,1952.849,"[2064, 2064, 2048, 2048, 2048, 2048]","[2048, 2048, 2048, 2048, 2048, 2048, 2048]","[2048, 2048, 2048, 2048, 2048, 2048, 2048, 2048, 2048]",202.0
1293,11361,55,4,2026-09-06T13:09:13.520000+00:00,,31.943,51.857,253.0,262.0,True,1953.793,"[2064, 2064, 2048, 2048, 2048, 2048]","[2048, 2049, 2051, 2049, 2048, 2048, 2048]","[2048, 2048, 2048, 2048, 2048, 2048, 2048, 2048, 2048]",213.0
1293,11361,11,4,2026-09-06T13:09:16.853000+00:00,,32.887,51.202,250.0,265.0,True,1952.583,"[2064, 2064, 2048, 2048, 2048, 2048]","[2048, 2048, 2048, 2049, 2049, 2048, 2048]","[2048, 2048, 2048, 2048, 2048, 2048, 2048, 2048, 2048]",200.0
1293,11361,23,4,2026-09-06T13:09:18.601000+00:00,,32.254,49.85,241.0,267.0,True,1952.319,"[2064, 2064, 2048, 2048, 2048, 2048]","[2048, 2049, 2049, 2049, 2049, 2048, 2048]","[2048, 2048, 2048, 2048, 2048, 2048, 2048, 2048, 2048]",179.0
1293,11361,77,4,2026-09-06T13:09:20.831000+00:00,,34.053,47.964,252.0,241.0,True,1952.109,"[2064, 2064, 2048, 2049, 2048, 2048]","[2048, 2049, 2048, 2048, 2048, 2048, 2048]","[2048, 2048, 2048, 2048, 2048, 2048, 2048, 2048, 2048]",199.0
1293,11361,18,4,2026-09-06T13:09:24.522000+00:00,,33.309,49.163,264.0,258.0,True,1952.267,"[2064, 2064, 2048, 2048, 2048, 2048]","[2048, 2048, 2048, 2049, 2049, 2048, 2048]","[2048, 2048, 2048, 2048, 2048, 2048, 2048, 2048, 2048]",165.0
1293,11361,14,4,2026-09-06T13:09:31.115000+00:00,,32.911,49.693,253.0,268.0,True,1948.683,"[2064, 2064, 2048, 2048, 2048, 2048]","[2048, 2048, 2048, 2048, 2048, 2048, 2048]","[2048, 2048, 2048, 2048, 2048, 2048, 2048, 2048, 2048]",134.0
1293,11361,63,5,2026-09-06T13:41:04.301000+00:00,,36.049,39.056,264.0,288.0,False,200.259,"[2048, 2048, 2048, 2048, 2048, 2048]","[2048, 2048, 2048, 2048, 2048, 2048, 2048]","[2048, 2048, 2048, 2048, 2048, 2048, 2048, 2048, 2048]",207.0
1293,11361,10,5,2026-09-06T13:41:06.301000+00:00,,35.398,40.2,254.0,276.0,False,200.677,"[2048, 2048, 2048, 2048, 2048, 2048]","[2048, 2048, 2048, 2048, 2048, 2048, 2048]","[2048, 2048, 2048, 2048, 2048, 2048, 2048, 2048, 2048]",205.0
1293,11361,3,5,2026-09-06T13:41:11.082000+00:00,,36.302,39.298,255.0,258.0,False,198.4,"[2048, 2048, 2048, 2048, 2048, 2048]","[2048, 2048, 2048, 2049, 2048, 2048, 2048]","[2048, 2048, 2048, 2048, 2048, 2048, 2048, 2048, 2048]",203.0
1293,11361,43,5,2026-09-06T13:41:13.160000+00:00,,32.878,40.557,198.0,258.0,False,198.372,"[2048, 2048, 2048, 2048, 2048, 2048]","[2048, 2048, 2048, 2048, 2048, 2048, 2048]","[2048, 2048, 2048, 2048, 2048, 2048, 2048, 2048, 2048]",185.0
1293,11361,81,5,2026-09-06T13:41:16.894000+00:00,,35.287,39.228,197.0,263.0,False,196.62,"[2048, 2048, 2048, 2048, 2048, 2048]","[2048, 2048, 2048, 2048, 2048, 2048, 2048]","[2048, 2048, 2048, 2048, 2048, 2048, 2048, 2048, 2048]",220.0
1293,11361,1,5,2026-09-06T13:41:18.817000+00:00,,33.842,41.814,276.0,265.0,False,197.849,"[2048, 2048, 2048, 2048, 2048, 2048]","[2048, 2048, 2048, 2048, 2048, 2048, 2048]","[2048, 2048, 2048, 2048, 2048, 2048, 2048, 2048, 2048]",221.0
1293,11361,41,5,2026-09-06T13:41:20.988000+00:00,,34.202,40.122,247.0,253.0,False,197.161,"[2048, 2048, 2048, 2048, 2048, 2048]","[2048, 2048, 2048, 2048, 2048, 2048, 2048]","[2048, 2048, 2048, 2048, 2048, 2048, 2048, 2048, 0]",210.0
1293,11361,44,5,2026-09-06T13:41:26.207000+00:00,,34.411,38.878,247.0,247.0,False,194.748,"[2048, 2048, 2048, 2048, 2048, 2048]","[2048, 2048, 2048, 2048, 2048, 2048, 2048]","[2048, 2048, 2048, 2048, 2048, 2048, 2048, 2048, 2048]",166.0
1293,11361,87,5,2026-09-06T13:41:27.832000+00:00,,33.753,40.137,232.0,232.0,False,194.87,"[2048, 2048, 2048, 2048, 2048, 2048]","[2048, 2048, 2048, 2049, 2048, 2048, 2048]","[2048, 2048, 2048, 2048, 2048, 2048, 2048, 2048, 2048]",164.0
1293,11361,31,5,2026-09-06T13:41:31.082000+00:00,,35.135,40.826,,246.0,False,194.602,"[2048, 2048, 2048, 2048, 2048, 2048]","[2048, 2048, 2048, 2048, 2048, 2048, 2048]","[2048, 2048, 2048, 2048, 2048, 2048, 2048, 2048, 2048]",158.0
1293,11361,5,5,2026-09-06T13:41:33.488000+00:00,,33.44,46.465,262.0,256.0,False,198.186,"[2048, 2048, 2048, 2048, 2048, 2048]","[2048, 2048, 2048, 2048, 2048, 2048, 2048]","[2048, 2048, 2048, 2048, 2048, 2048, 2048, 2048, 2048]",166.0
1293,11361,12,5,2026-09-06T13:41:35.410000+00:00,,34.249,46.618,245.0,250.0,False,199.022,"[2048, 2048, 2048, 2048, 2048, 2048]","[2048, 2048, 2048, 2048, 2048, 2048, 2048]","[2048, 2048, 2048, 2048, 2048, 2048, 2048, 2048, 2048]",147.0
1293,11361,27,5,2026-09-06T13:41:37.848000+00:00,,34.649,46.893,263.0,218.0,False,197.751,"[2048, 2048, 2048, 2048, 2048, 2048]","[2048, 2048, 2048, 2048, 2048, 2048, 2048]","[2048, 2048, 2048, 2048, 2048, 2048, 2048, 2048, 2048]",169.0
1293,11361,22,5,2026-09-06T13:41:42.254000+00:00,,35.643,47.651,218.0,261.0,False,198.308,"[2048, 2048, 2048, 2048, 2048, 2048]","[2048, 2048, 2048, 2048, 2048, 2048, 2048]","[2048, 2048, 2048, 2048, 2048, 2048, 2048, 2048, 2048]",180.0
1293,11361,30,5,2026-09-06T13:41:44.566000+00:00,,35.578,48.414,243.0,257.0,False,198.082,"[2048, 2048, 2048, 2048, 2048, 2048]","[2048, 2048, 2048, 2048, 2048, 2048, 2048]","[2048, 2048, 2048, 2048, 2048, 2048, 2048, 2048, 2048]",169.0
1293,11361,55,5,2026-09-06T13:41:46.966000+00:00,,34.806,50.063,233.0,250.0,False,198.108,"[2048, 2048, 2048, 2048, 2048, 2048]","[2048, 2048, 2048, 2048, 2048, 2048, 2048]","[2048, 2048, 2048, 2048, 2048, 2048, 2048, 2048, 2048]",169.0
1293,11361,11,5,2026-09-06T13:41:49.376000+00:00,,35.544,49.404,201.0,246.0,False,196.624,"[2048, 2048, 2048, 2048, 2048, 2048]","[2048, 2048, 2048, 2048, 2048, 2048, 2048]","[2048, 2048, 2048, 2048, 2048, 2048, 2048, 2048, 2048]",152.0
1293,11361,23,5,2026-09-06T13:41:50.942000+00:00,,33.777,50.387,256.0,256.0,False,197.566,"[2048, 2048, 2048, 2048, 2048, 2048]","[2048, 2048, 2048, 2048, 2048, 2048, 2048]","[2048, 2048, 2048, 2048, 2048, 2048, 2048, 2048, 2048]",150.0
1293,11361,77,5,2026-09-06T13:41:53.099000+00:00,,35.753,48.842,256.0,242.0,False,197.236,"[2048, 2048, 2048, 2048, 2048, 2048]","[2048, 2048, 2048, 2048, 2048, 2048, 2048]","[2048, 2048, 2048, 2048, 2048, 2048, 2048, 2048, 2048]",129.0
1293,11361,18,5,2026-09-06T13:41:56.646000+00:00,,33.478,51.215,254.0,258.0,False,196.538,"[2048, 2048, 2048, 2048, 2048, 2048]","[2048, 2048, 2048, 2048, 2048, 2048, 2048]","[2048, 2048, 2048, 2048, 2048, 2048, 2048, 2048, 2048]",188.0
1293,11361,14,5,2026-09-06T13:41:59.458000+00:00,,35.442,49.612,251.0,255.0,False,195.888,"[2048, 2048, 2048, 2048, 2048, 2048]","[2048, 2048, 2048, 2048, 2048, 2048, 2048]","[2048, 2048, 2048, 2048, 2048, 2048, 2048, 2048, 2048]",135.0
1293,11361,63,6,2026-09-06T13:44:24.510000+00:00,,29.635,28.619,296.0,303.0,False,166.237,"[2048, 2048, 2048, 2048, 2048, 2048]","[2051, 2051, 2048, 2049, 2049, 2048, 2048]","[2049, 2051, 2048, 2049, 2049, 2048, 2048, 2048, 2048]",290.0
1293,11361,10,6,2026-09-06T13:44:27.022000+00:00,,30.04,28.77,293.0,309.0,False,164.926,"[2048, 2048, 2048, 2048, 2048, 2048]","[2048, 2048, 2048, 2049, 2048, 2049, 2049]","[2048, 2048, 2048, 2048, 2048, 2048, 2049, 2049, 2049]",290.0
1293,11361,3,6,2026-09-06T13:44:29.534000+00:00,,30.497,28.533,301.0,317.0,False,162.824,"[2048, 2048, 2048, 2048, 2049, 2049]","[2048, 2048, 2048, 2048, 2049, 2049, 2048]","[2048, 2049, 2048, 2049, 2048, 2049, 2048, 2048, 2048]",286.0
1293,11361,43,6,2026-09-06T13:44:31.503000+00:00,,35.998,30.2,303.0,318.0,False,167.838,"[2048, 2048, 2048, 2048, 2048, 2048]","[2049, 2048, 2048, 0, 0, 2048, 2048]","[2048, 2048, 2048, 2048, 2048, 2048, 2048, 2048, 2048]",286.0
1293,11361,81,6,2026-09-06T13:44:33.374000+00:00,,31.396,28.753,314.0,323.0,False,160.368,"[2048, 2048, 2048, 2048, 2051, 2049]","[2048, 2048, 2048, 2048, 2048, 2048, 2048]","[2049, 2049, 2048, 2048, 2049, 2049, 2048, 2048, 2048]",300.0
1293,11361,1,6,2026-09-06T13:44:36.753000+00:00,96.733,32.157,29.55,307.0,320.0,False,158.44,"[2048, 2048, 2048, 2048, 2049, 2048]","[2048, 2048, 2048, 2048, 2048, 2049, 2049]","[2048, 2048, 2048, 2049, 2048, 2048, 2048, 2048, 0]",292.0
1293,11361,41,6,2026-09-06T13:44:38.098000+00:00,95.829,31.573,29.549,309.0,331.0,False,156.951,"[2048, 2048, 2048, 2048, 2049, 2049]","[2048, 2048, 2048, 2048, 2048, 2051, 2051]","[2048, 2048, 2048, 2048, 2048, 2048, 2048, 2048, 0]",299.0
1293,11361,44,6,2026-09-06T13:44:40.822000+00:00,92.574,31.884,28.556,309.0,308.0,False,153.014,"[2048, 2048, 2048, 2048, 2049, 2049]","[2048, 2048, 2048, 2048, 2048, 2048, 2048]","[2048, 2048, 2048, 2049, 2048, 2049, 2051, 2051, 0]",299.0
1293,11361,87,6,2026-09-06T13:44:42.711000+00:00,91.739,32.12,29.532,303.0,327.0,False,153.391,"[2048, 2048, 2048, 2048, 2049, 2049]","[2048, 2048, 2048, 2048, 2048, 2048, 2049]","[2048, 2048, 2048, 2049, 2048, 2048, 2049, 2049, 0]",277.0
1293,11361,31,6,2026-09-06T13:44:45.637000+00:00,90.095,31.907,29.869,297.0,310.0,False,151.871,"[None, None, 2048, 2048, 2048, 2048]","[2048, 2048, 2048, 2048, 2048, 2048, 2048]","[2048, 2048, 2049, 2048, 2048, 2048, 2049, 2051, 0]",265.0
1293,11361,5,6,2026-09-06T13:44:51.566000+00:00,85.68,32.073,30.097,297.0,320.0,False,147.85,"[None, None, 2048, 2048, 2048, 2048]","[2048, 2048, 2048, 2048, 2048, 2048, 2049]","[2048, 2048, 2048, 2048, 2048, 2049, 2049, 2049, 2049]",254.0
1293,11361,12,6,2026-09-06T13:44:54.631000+00:00,79.936,31.418,29.398,308.0,328.0,False,140.752,"[None, None, 2048, 2048, 2048, 2048]","[2049, 2048, 2048, 2048, 2048, 2049, 2049]","[2048, 2048, 2049, 2048, 2048, 2049, 2049, 2049, 0]",294.0
1293,11361,27,6,2026-09-06T13:44:55.611000+00:00,79.995,31.005,29.996,302.0,335.0,False,140.996,"[None, None, 2048, 2048, 2048, 2048]","[2049, 2048, 2048, 2048, 2048, 2048, 2049]","[2049, 2048, 2048, 2048, 2048, 2048, 2048, 2048, 0]",291.0
1293,11361,22,6,2026-09-06T13:45:00.598000+00:00,75.132,31.725,29.208,291.0,321.0,False,136.065,"[None, None, 2048, 2048, 2048, 2048]","[2049, 2048, 2048, 2048, 2048, 2048, 2049]","[2048, 2048, 2049, 2048, 2048, 2049, 2049, 2049, 2049]",298.0
1293,11361,30,6,2026-09-06T13:45:02.650000+00:00,73.751,31.303,29.789,289.0,321.0,False,134.843,"[None, None, 2048, 2048, 2048, 2048]","[2048, 2048, 2049, 2048, 2048, 2048, 2049]","[2049, 2048, 2048, 2048, 2048, 2048, 2048, 2048, 2048]",277.0
1293,11361,55,6,2026-09-06T13:45:05.110000+00:00,71.195,32.632,29.561,300.0,312.0,False,133.388,"[None, None, 2048, 2048, 2048, 2048]","[2049, 2048, 2048, 2048, 2048, 2048, 2048]","[2048, 2048, 2048, 2048, 2048, 2048, 2048, 2049, 2049]",281.0
1293,11361,11,6,2026-09-06T13:45:06.260000+00:00,70.812,32.611,30.95,290.0,304.0,False,134.373,"[None, None, 2048, 2048, 2048, 2048]","[2048, 2048, 2048, 2048, 2048, 2048, 2048]","[2048, 2048, 2049, 2049, 2048, 2048, 2048, 2048, 2048]",256.0
1293,11361,23,6,2026-09-06T13:45:08.502000+00:00,68.631,32.104,31.54,301.0,314.0,False,132.275,"[None, None, 2048, 2048, 2048, 2048]","[2049, 2048, 2048, 2048, 2048, 2048, 2049]","[2048, 2048, 2048, 2048, 2048, 2048, 2048, 2048, 2048]",258.0
1293,11361,77,6,2026-09-06T13:45:10.309000+00:00,67.213,33.411,30.991,268.0,304.0,False,131.615,"[None, None, 2048, 2048, 2048, 2048]","[2048, 2048, 2048, 2048, 2048, 2048, 2049]","[2048, 2048, 2048, 2048, 2049, 2049, 2048, 2048, 2048]",254.0
1293,11361,18,6,2026-09-06T13:45:13.103000+00:00,64.102,32.955,30.583,285.0,303.0,False,127.64,"[None, None, 2048, 2048, 2049, 2049]","[2048, 2048, 2048, 2048, 2048, 2048, 2049]","[2048, 2048, 2049, 2048, 2048, 2048, 2048, 2048, 2048]",261.0
1293,11361,14,6,2026-09-06T13:45:15.402000+00:00,62.225,33.421,29.836,298.0,311.0,False,125.482,"[None, None, 2048, 2048, 2049, 2049]","[2048, 2048, 2048, 2048, 2048, 2048, 2048]","[2048, 2048, 2048, 2048, 2048, 2049, 2049, 2049, 0]",252.0
1293,11361,63,7,2026-09-06T13:47:10.721000+00:00,28.261,29.505,28.674,295.0,303.0,False,86.44,"[None, 2048, 2049, 2048, 2048, 2048]","[2051, 2051, 2048, 2051, 2051, 2048, 2048]","[2049, 2048, 2048, 2048, 2048, 2048, 2048, 2048, 2048]",304.0
1293,11361,10,7,2026-09-06T13:47:11.909000+00:00,28.081,29.954,29.442,289.0,306.0,False,87.477,"[2049, 2049, 2048, 2049, 2048, 2048]","[2048, 2049, 2048, 2048, 2048, 2048, 2048]","[2048, 2048, 2048, 2048, 2048, 2048, 2048, 2048, 2048]",327.0
1293,11361,3,7,2026-09-06T13:47:12.284000+00:00,28.196,29.791,28.341,294.0,319.0,False,86.328,"[None, 2048, 2048, 2051, 2049, 2048]","[2048, 2049, 2049, 2048, 2049, 2048, 2048]","[2048, 2049, 2049, 2048, 2048, 2049, 2049, 2048, 2048]",321.0
1293,11361,81,7,2026-09-06T13:47:13.767000+00:00,28.416,30.071,28.945,301.0,322.0,False,87.432,"[None, 2048, 2049, 2048, 2048, 2048]","[2049, 2048, 2049, 2048, 2048, 2048, 2048]","[2048, 2048, 2048, 2048, 2048, 2048, 2048, 2048, 2048]",328.0
1293,11361,44,7,2026-09-06T13:47:13.856000+00:00,28.321,29.958,28.384,283.0,303.0,False,86.663,"[None, 2048, 2049, 2048, 2048, 2048]","[2049, 2049, 2049, 2049, 2049, 2048, 2048]","[2048, 2051, 2048, 2048, 2049, 2048, 2048, 2048]",317.0
1293,11361,1,7,2026-09-06T13:47:14.985000+00:00,28.554,29.732,28.707,297.0,324.0,False,86.993,"[None, 2048, 2048, 2048, 2048, 2048]","[2048, 2049, 2049, 2048, 2049, 2049, 2049]","[2049, 2048, 2049, 2048, 2048, 2048, 2049, 2049, 2049]",314.0
1293,11361,41,7,2026-09-06T13:47:15.112000+00:00,29.222,30.206,28.474,291.0,316.0,False,87.902,"[None, 2048, 2048, 2048, 2048, 2048]","[2048, 2048, 2048, 2049, 2048, 2048, 2048]","[2049, 2048, 2048, 2048, 2048, 2049, 2049, 2048, 2049]",313.0
1293,11361,12,7,2026-09-06T13:47:15.232000+00:00,27.793,29.647,29.063,297.0,326.0,False,86.503,"[None, 2048, 2049, 2049, 2048, 2048]","[2049, 2049, 2049, 2048, 2048, 2048, 2048]","[2049, 2049, 2049, 2048, 2048, 2048, 2048, 2048, 2048]",314.0
1293,11361,87,7,2026-09-06T13:47:15.969000+00:00,28.563,30.583,29.106,294.0,318.0,False,88.252,"[None, 2049, 2048, 2048, 2048, 2048]","[2048, 2048, 2048, 2048, 2048, 2049, 2048]","[2049, 2048, 2048, 2048, 2048, 2049, 2048, 2048, 2048]",300.0
1293,11361,22,7,2026-09-06T13:47:16.546000+00:00,28.565,30.497,29.028,295.0,322.0,False,88.09,"[2049, 2049, 2048, 2049, 2048, 2048]","[2048, 2049, 2049, 2048, 2048, 2048, 2048]","[2048, 2048, 2049, 2048, 2048, 2048, 2049, 2049, 2049]",315.0
1293,11361,27,7,2026-09-06T13:47:16.590000+00:00,28.798,30.436,29.297,296.0,329.0,False,88.531,"[2049, 2049, 2048, 2048, 2048, 2048]","[2048, 2048, 2048, 2048, 2048, 2049, 2048]","[2048, 2049, 2048, 2048, 2048, 2049, 2048, 2048, 2049]",316.0
1293,11361,30,7,2026-09-06T13:47:17.333000+00:00,28.696,30.557,29.007,296.0,321.0,False,88.26,"[None, 2049, 2048, 2048, 2049, 2049]","[2048, 2048, 2048, 2049, 2049, 2049, 2048]","[2049, 2049, 2048, 2048, 2048, 2049, 2048, 2048, 2048]",319.0
1293,11361,31,7,2026-09-06T13:47:17.372000+00:00,28.666,31.09,29.042,287.0,318.0,False,88.798,"[2049, 2049, 2048, 2048, 2048, 2048]","[2049, 2048, 2048, 2048, 2048, 2048, 2048]","[2048, 2049, 2048, 2048, 2048, 2048, 2048, 2048, 2048]",334.0
1293,11361,55,7,2026-09-06T13:47:18.444000+00:00,28.286,30.679,29.367,302.0,331.0,False,88.332,"[2049, 2048, 2049, 2049, 2048, 2049]","[2048, 2048, 2048, 2048, 2049, 2049, 2049]","[2048, 2048, 2049, 2049, 2048, 2049, 2049, 2049, 2049]",325.0
1293,11361,43,7,2026-09-06T13:47:19.466000+00:00,28.667,30.696,29.563,297.0,311.0,False,88.926,"[None, 2048, 2051, 2048, 2048, 2048]","[2048, 2048, 2049, 2049, 2048, 2048, 2048]","[2048, 2048, 2048, 2048, 2048, 2048, 2048, 2048, 2048]",328.0
1293,11361,5,7,2026-09-06T13:47:19.521000+00:00,28.76,30.594,28.857,286.0,319.0,False,88.211,"[None, 2048, 2049, 2048, 2048, 2048]","[2048, 2048, 2048, 2049, 2048, 2048, 2049]","[2049, 2049, 2048, 2048, 2049, 2048, 2048, 2048, 2048]",318.0
1293,11361,11,7,2026-09-06T13:47:20.432000+00:00,28.69,30.672,29.363,286.0,311.0,False,88.725,"[None, 2048, 2048, 2049, 2048, 2048]","[2049, 2049, 2049, 2049, 2049, 2049, 2048]","[2048, 2049, 2048, 2049, 2049, 2049, 2049, 2048, 2048]",317.0
1293,11361,23,7,2026-09-06T13:47:20.769000+00:00,29.198,30.458,29.361,298.0,322.0,False,89.017,"[None, 2048, 2048, 2049, 2048, 2048]","[2049, 2049, 2049, 2048, 2048, 2049, 2049]","[2049, 2049, 2049, 2049, 2048, 2049, 2049, 2049, 2049]",315.0
1293,11361,18,7,2026-09-06T13:47:20.769000+00:00,30.133,31.003,29.696,282.0,299.0,False,90.832,"[None, 2048, 2048, 2049, 2048, 2048]","[2048, 2049, 2049, 2048, 2049, 2048, 2048]","[2049, 2049, 2048, 2048, 2049, 2049, 2048, 2048, 2048]",279.0
1293,11361,14,7,2026-09-06T13:47:20.876000+00:00,29.195,31.191,29.191,281.0,302.0,False,89.577,"[2049, 2048, 2049, 2049, 2048, 2048]","[2048, 2048, 2048, 2049, 2049, 2048, 2048]","[2049, 2049, 2048, 2049, 2049, 2049, 2048, 2048, 2048]",303.0
1293,11361,77,7,2026-09-06T13:47:21.819000+00:00,29.507,30.811,29.533,287.0,308.0,False,89.851,"[None, 2048, 2048, 2049, 2048, 2048]","[2048, 2049, 2048, 2049, 2049, 2049, 2049]","[2048, 2049, 2049, 2049, 2048, 2049, 2049, 2049, 2049]",309.0
1293,11361,63,8,2026-09-06T13:48:37.272000+00:00,28.184,29.405,28.504,294.0,304.0,False,86.093,"[None, 2048, 2049, 2048, 2048, 2048]","[2048, 2051, 2049, 2051, 2051, 2048, 2048]","[2049, 2049, 2048, 2049, 2049, 2048, 2048, 2048]",306.0
1293,11361,3,8,2026-09-06T13:48:38.549000+00:00,28.431,29.678,28.298,288.0,308.0,False,86.407,"[None, 2048, 2049, 2048, 2048, 2048]","[2049, 2049, 2049, 2049, 2049, 2048, 2048]","[2048, 2049, 2048, 2048, 2049, 2049, 2048, 2048, 2048]",316.0
1293,11361,10,8,2026-09-06T13:48:39.447000+00:00,28.361,29.62,28.576,297.0,321.0,False,86.557,"[2048, 2048, 2048, 2048, 2048, 2048]","[2048, 2048, 2048, 2048, 2048, 2049, 2049]","[2048, 2048, 2049, 2049, 2048, 2048, 2048, 2048, 2048]",323.0
1293,11361,44,8,2026-09-06T13:48:40.678000+00:00,27.917,29.625,28.389,293.0,316.0,False,85.931,"[None, 2048, 2049, 2048, 2048, 2048]","[2049, 2049, 2049, 2049, 2049, 2048, 2048]","[2049, 2048, 2048, 2048, 2048, 2048, 2048, 2048]",313.0
1293,11361,81,8,2026-09-06T13:48:41.212000+00:00,28.141,29.41,28.5,295.0,321.0,False,86.051,"[None, 2048, 2049, 2049, 2048, 2048]","[2048, 2049, 2049, 2049, 2049, 2049, 2048]","[2048, 2049, 2048, 2048, 2048, 2049, 2048, 2048, 2048]",320.0
1293,11361,12,8,2026-09-06T13:48:41.820000+00:00,28.408,29.281,28.611,,325.0,False,86.3,"[None, 2048, 2048, 2048, 2048, 2048]","[2049, 2049, 2049, 2049, 2049, 2049, 2048]","[2049, 2049, 2048, 2048, 2049, 2048, 2048, 2048, 2048]",316.0
1293,11361,1,8,2026-09-06T13:48:42.168000+00:00,28.296,29.685,28.452,303.0,325.0,False,86.433,"[2049, 2049, 2048, 2048, 2048, 2048]","[2048, 2048, 2049, 2048, 2048, 2049, 2049]","[2049, 2048, 2049, 2048, 2048, 2048, 2049, 2049, 2048]",
1293,11361,41,8,2026-09-06T13:48:43.072000+00:00,28.394,29.905,28.531,289.0,314.0,False,86.83,"[None, 2048, 2048, 2048, 2048, 2048]","[2049, 2049, 2049, 2049, 2048, 2048, 2048]","[2049, 2048, 2048, 2048, 2048, 2048, 2048, 2048, 2048]",322.0
1293,11361,87,8,2026-09-06T13:48:44.333000+00:00,28.493,30.132,28.817,,306.0,False,87.442,"[None, 2048, 2049, 2048, 2048, 2048]","[2049, 2049, 2049, 2049, 2049, 2048, 2048]","[2049, 2049, 2048, 2048, 2048, 2049, 2048, 2048, 2048]",325.0
1293,11361,22,8,2026-09-06T13:48:44.702000+00:00,28.263,30.355,28.751,287.0,321.0,False,87.369,"[None, 2049, 2051, 2048, 2048, 2048]","[2048, 2048, 2049, 2048, 2049, 2048, 2048]","[2048, 2049, 2048, 2049, 2048, 2049, 2049, 2048, 2048]",331.0
1293,11361,27,8,2026-09-06T13:48:45.217000+00:00,29.487,30.32,28.935,289.0,326.0,False,88.742,"[2048, 2048, 2049, 2048, 2048, 2048]","[2048, 2048, 2048, 2049, 2049, 2049, 2048]","[2048, 2049, 2048, 2048, 2049, 2049, 2049, 2049]",309.0
1293,11361,30,8,2026-09-06T13:48:45.684000+00:00,28.817,30.117,28.745,293.0,316.0,False,87.679,"[2049, 2049, 2049, 2048, 2048, 2048]","[2048, 2049, 2048, 2049, 2049, 2048, 2048]","[2049, 2049, 2048, 2048, 2049, 2049, 2048, 2048, 2048]",333.0
1293,11361,31,8,2026-09-06T13:48:46.269000+00:00,28.61,30.859,28.744,309.0,319.0,False,88.213,"[2048, 2048, 2048, 2048, 2048, 2048]","[2048, 2048, 2048, 2049, 2048, 2048, 2049]","[2049, 2048, 2049, 2049, 2048, 2048, 2048, 2048, 2048]",314.0
1293,11361,55,8,2026-09-06T13:48:46.848000+00:00,28.132,31.337,29.196,,324.0,False,88.665,"[None, 2049, 2048, 2049, 2049, 2049]","[2048, 2048, 2048, 2048, 2049, 2048, 2048]","[2048, 2049, 2048, 2048, 2048, 2049, 2048, 2048, 2048]",330.0
1293,11361,5,8,2026-09-06T13:48:47.623000+00:00,28.468,30.463,29.104,291.0,325.0,False,88.035,"[None, 2048, 2048, 2048, 2048, 2048]","[2049, 2049, 2048, 2048, 2048, 2048, 2048]","[2048, 2048, 2048, 2048, 2048, 2048, 2048, 2048, 2049]",322.0
1293,11361,43,8,2026-09-06T13:48:48.399000+00:00,28.358,30.517,29.247,299.0,326.0,False,88.122,"[None, 2048, 2048, 2048, 2049, 2048]","[2049, 2048, 2048, 2048, 2048, 2048, 2049]","[2048, 2048, 2048, 2048, 2048, 2048, 2048, 2048, 2048]",324.0
1293,11361,11,8,2026-09-06T13:48:49.166000+00:00,28.656,30.568,29.158,,310.0,False,88.382,"[None, 2048, 2048, 2049, 2048, 2048]","[2049, 2049, 2049, 2049, 2048, 2048, 2048]","[2049, 2049, 2048, 2048, 2049, 2048, 2048, 2048, 2048]",314.0
1293,11361,23,8,2026-09-06T13:48:49.812000+00:00,28.197,30.685,29.362,305.0,325.0,False,88.244,"[2049, 2049, 2048, 2049, 2048, 2049]","[2048, 2048, 2049, 2048, 2049, 2049, 2049]","[2049, 2048, 2049, 2048, 2049, 2049, 2049, 2049, 2049]",326.0
1293,11361,14,8,2026-09-06T13:48:50.448000+00:00,28.748,30.36,28.853,283.0,303.0,False,87.961,"[2048, 2049, 2048, 2049, 2048, 2048]","[2049, 2049, 2049, 2049, 2049, 2048, 2048]","[2049, 2049, 2049, 2049, 2048, 2048, 2048, 2048, 2048]",307.0
1293,11361,18,8,2026-09-06T13:48:51.699000+00:00,29.463,30.668,29.587,280.0,297.0,False,89.718,"[None, 2048, 2048, 2049, 2048, 2048]","[2049, 2049, 2049, 2048, 2049, 2048, 2048]","[2049, 2049, 2048, 2048, 2049, 2049, 2048, 2048, 2048]",301.0
1293,11361,77,8,2026-09-06T13:48:51.770000+00:00,28.659,30.454,29.316,284.0,309.0,False,88.429,"[2049, 2049, 2049, 2049, 2048, 2048]","[2049, 2049, 2048, 2049, 2049, 2048, 2048]","[2049, 2049, 2048, 2048, 2049, 2049, 2048, 2048, 2048]",321.0
1293,11361,63,9,2026-09-06T13:50:03.277000+00:00,28.441,29.552,28.502,296.0,302.0,False,86.495,"[None, 2048, 2049, 2048, 2048, 2048]","[2051, 2048, 2048, 2048, 2048, 2048, 2048]","[2048, 2049, 2048, 2049, 2051, 2048, 2048, 2048, 2048]",
1293,11361,3,9,2026-09-06T13:50:05.033000+00:00,28.426,29.38,28.29,289.0,309.0,False,86.096,"[None, 2048, 2048, 2051, 2048, 2048]","[2049, 2051, 2049, 2049, 2049, 2048, 2048]","[2048, 2049, 2048, 2048, 2048, 2048, 2048, 2048, 2048]",314.0
1293,11361,10,9,2026-09-06T13:50:05.899000+00:00,28.274,29.688,28.466,296.0,315.0,False,86.428,"[None, 2048, 2048, 2048, 2048, 2048]","[2049, 2048, 2048, 2048, 2048, 2048, 2048]","[2048, 2049, 2048, 2048, 2048, 2049, 2049, 2049, 2049]",318.0
1293,11361,44,9,2026-09-06T13:50:06.433000+00:00,27.901,30.102,28.173,308.0,315.0,False,86.176,"[None, 2048, 2048, 2048, 2048, 2048]","[2048, 2048, 2048, 2048, 2049, 2049, 2048]","[2048, 2048, 2048, 2048, 2048, 2049, 2048, 2048, 2048]",319.0
1293,11361,81,9,2026-09-06T13:50:07.200000+00:00,28.067,29.458,28.453,297.0,325.0,False,85.978,"[None, 2048, 2049, 2048, 2048, 2048]","[2049, 2048, 2048, 2048, 2048, 2048, 2048]","[2048, 2048, 2048, 2048, 2048, 2048, 2049, 2049, 2049]",317.0
1293,11361,12,9,2026-09-06T13:50:08.099000+00:00,28.092,29.315,28.342,299.0,325.0,False,85.749,"[None, 2048, 2048, 2049, 2048, 2048]","[2049, 2048, 2048, 2048, 2049, 2048, 2048]","[2049, 2049, 2049, 2049, 2048, 2049, 2048, 2048, 2048]",306.0
1293,11361,1,9,2026-09-06T13:50:08.492000+00:00,28.021,29.764,28.418,300.0,321.0,False,86.203,"[2048, 2049, 2048, 2048, 2048, 2048]","[2048, 2048, 2048, 2048, 2049, 2048, 2048]","[2048, 2049, 2048, 2048, 2048, 2048, 2049, 2048, 2048]",321.0
1293,11361,41,9,2026-09-06T13:50:09.801000+00:00,28.546,29.593,28.387,,311.0,False,86.526,"[None, 2048, 2048, 2048, 2048, 2048]","[2049, 2049, 2049, 2049, 2048, 2048, 2048]","[2049, 2049, 2048, 2048, 2049, 2048, 2048, 2048, 2048]",319.0
1293,11361,87,9,2026-09-06T13:50:11.816000+00:00,28.913,29.983,28.755,292.0,317.0,False,87.651,"[None, 2048, 2049, 2048, 2048, 2048]","[2048, 2049, 2048, 2049, 2048, 2048, 2048]","[2049, 2048, 2048, 2048, 2049, 2048, 2048, 2048, 2048]",320.0
1293,11361,22,9,2026-09-06T13:50:11.941000+00:00,28.187,29.95,28.494,289.0,308.0,False,86.631,"[2048, 2048, 2048, 2049, 2048, 2048]","[2048, 2049, 2049, 2049, 2049, 2048, 2048]","[2048, 2049, 2048, 2048, 2049, 2049, 2048, 2048, 2048]",305.0
1293,11361,30,9,2026-09-06T13:50:13.269000+00:00,28.337,29.832,28.669,294.0,319.0,False,86.838,"[2048, 2048, 2048, 2049, 2048, 2048]","[2049, 2048, 2049, 2049, 2048, 2049, 2048]","[2049, 2049, 2048, 2049, 2048, 2049, 2048, 2048, 2048]",315.0
1293,11361,27,9,2026-09-06T13:50:13.800000+00:00,28.29,29.868,28.847,294.0,321.0,False,87.005,"[2049, 2048, 2048, 2049, 2048, 2048]","[2048, 2048, 2048, 2049, 2048, 2048, 2048]","[2048, 2049, 2048, 2048, 2049, 2049, 2049, 2049, 2048]",311.0
1293,11361,31,9,2026-09-06T13:50:14.488000+00:00,28.529,30.225,28.603,290.0,313.0,False,87.357,"[None, 2048, 2048, 2048, 2048, 2048]","[2049, 2048, 2048, 2049, 2048, 2048, 2048]","[2048, 2049, 2048, 2049, 2049, 2048, 2048, 2048, 2048]",318.0
1293,11361,55,9,2026-09-06T13:50:15.488000+00:00,28.452,30.295,29.476,299.0,317.0,False,88.223,"[2048, 2048, 2048, 2048, 2048, 2048]","[2049, 2049, 2048, 2048, 2049, 2048, 2048]","[2048, 2049, 2048, 2048, 2048, 2048, 2048, 2048, 2048]",321.0
1293,11361,5,9,2026-09-06T13:50:15.707000+00:00,28.317,30.351,28.929,289.0,328.0,False,87.597,"[2049, 2048, 2048, 2048, 2048, 2048]","[2048, 2048, 2048, 2049, 2048, 2048, 2049]","[2048, 2048, 2049, 2049, 2048, 2048, 2048, 2048, 2048]",320.0
1293,11361,43,9,2026-09-06T13:50:16.410000+00:00,28.54,30.529,28.899,300.0,318.0,False,87.968,"[None, 2048, 2048, 2048, 2048, 2048]","[2048, 2048, 2048, 2048, 2048, 2048, 2048]","[2048, 2048, 2048, 2048, 2048, 2048, 2048, 2048, 2048]",322.0
1293,11361,11,9,2026-09-06T13:50:17.524000+00:00,28.763,30.83,28.898,284.0,316.0,False,88.491,"[None, 2048, 2048, 2048, 2048, 2048]","[2048, 2048, 2048, 2048, 2048, 2049, 2048]","[2049, 2049, 2048, 2049, 2048, 2048, 2049, 2049, 2049]",307.0
1293,11361,23,9,2026-09-06T13:50:18.045000+00:00,28.144,30.452,29.248,298.0,318.0,False,87.844,"[None, 2049, 2049, 2048, 2048, 2048]","[2049, 2048, 2048, 2048, 2049, 2048, 2048]","[2049, 2049, 2048, 2049, 2049, 2048, 2048, 2048, 2048]",
1293,11361,14,9,2026-09-06T13:50:18.376000+00:00,28.707,30.81,28.576,285.0,300.0,False,88.093,"[2049, 2049, 2049, 2048, 2048, 2048]","[2048, 2048, 2048, 2048, 2049, 2048, 2048]","[2048, 2049, 2049, 2049, 2049, 2049, 2048, 2048, 2048]",314.0
1293,11361,77,9,2026-09-06T13:50:20.062000+00:00,29.028,30.531,29.485,283.0,307.0,False,89.044,"[2048, 2048, 2048, 2049, 2048, 2048]","[2048, 2049, 2049, 2048, 2049, 2048, 2048]","[2049, 2048, 2048, 2048, 2048, 2048, 2048, 2048, 2048]",304.0
1293,11361,18,9,2026-09-06T13:50:21.386000+00:00,29.603,30.406,29.397,276.0,294.0,False,89.406,"[None, 2048, 2049, 2048, 2048, 2048]","[2048, 2049, 2049, 2049, 2049, 2048, 2048]","[2049, 2049, 2048, 2048, 2049, 2049, 2048, 2048, 2048]",
1293,11361,63,10,2026-09-06T13:51:29.800000+00:00,28.306,29.439,28.56,297.0,301.0,False,86.305,"[None, 2048, 2048, 2048, 2048, 2048]","[2048, 2049, 2048, 2051, 2048, 2048, 2048]","[2048, 2049, 2048, 2049, 2048, 2048, 2048, 2048, 2048]",305.0
1293,11361,3,10,2026-09-06T13:51:31.100000+00:00,28.311,29.364,27.934,290.0,309.0,False,85.609,"[None, 2048, 2049, 2048, 2048, 2048]","[2049, 2048, 2048, 2049, 2049, 2048, 2048]","[2048, 2049, 2048, 2051, 2048, 2048, 2048, 2048, 2048]",
1293,11361,10,10,2026-09-06T13:51:32.391000+00:00,28.169,30.464,29.672,300.0,312.0,False,88.305,"[2049, 2048, 2048, 2048, 2048, 2048]","[2048, 2048, 2048, 2048, 2048, 2048, 2048]","[2048, 2048, 2048, 2048, 2048, 2048, 2048, 2048, 2048]",321.0
1293,11361,44,10,2026-09-06T13:51:32.714000+00:00,27.838,29.916,28.328,289.0,301.0,False,86.082,"[None, 2048, 2049, 2048, 2048, 2048]","[2048, 2048, 2049, 2049, 2049, 2048, 2048]","[2048, 2051, 2048, 2048, 2049, 2048, 2048, 2048, 2048]",333.0
1293,11361,81,10,2026-09-06T13:51:33.269000+00:00,27.984,29.702,28.635,,323.0,False,86.321,"[None, 2048, 2049, 2049, 2048, 2048]","[2048, 2048, 2048, 2048, 2048, 2048, 2048]","[2048, 2048, 2048, 2048, 2048, 2049, 2048, 2048, 2048]",
1293,11361,12,10,2026-09-06T13:51:33.733000+00:00,27.993,29.512,28.847,300.0,327.0,False,86.352,"[None, 2048, 2048, 2048, 2048, 2048]","[2048, 2048, 2049, 2048, 2048, 2048, 2049]","[2048, 2048, 2048, 2048, 2049, 2049, 2049, 2048]",319.0
1293,11361,1,10,2026-09-06T13:51:34.692000+00:00,28.097,29.551,28.943,294.0,315.0,False,86.591,"[None, 2048, 2049, 2049, 2048, 2048]","[2049, 2049, 2049, 2048, 2048, 2048, 2048]","[2048, 2048, 2048, 2048, 2048, 2048, 2049, 2049, 2049]",319.0
1293,11361,41,10,2026-09-06T13:51:36.319000+00:00,28.401,29.556,28.595,,311.0,False,86.552,"[None, 2048, 2048, 2048, 2048, 2048]","[2049, 2049, 2048, 2048, 2048, 2048, 2048]","[2048, 2048, 2048, 2048, 2048, 2048, 2048, 2048, 2048]",316.0
1293,11361,22,10,2026-09-06T13:51:38.521000+00:00,28.532,29.887,28.575,,306.0,False,86.994,"[None, 2048, 2048, 2049, 2048, 2048]","[2049, 2049, 2049, 2048, 2048, 2048, 2048]","[2048, 2049, 2048, 2048, 2048, 2048, 2048, 2048, 2048]",314.0
1293,11361,87,10,2026-09-06T13:51:39.412000+00:00,28.632,29.832,28.796,290.0,313.0,False,87.26,"[None, 2048, 2048, 2048, 2048, 2048]","[2049, 2049, 2049, 2048, 2048, 2048, 2048]","[2048, 2048, 2048, 2048, 2049, 2048, 2048, 2048, 2048]",315.0
1293,11361,30,10,2026-09-06T13:51:40.209000+00:00,28.255,30.044,28.96,299.0,321.0,False,87.259,"[None, 2048, 2048, 2048, 2048, 2049]","[2048, 2048, 2048, 2048, 2048, 2049, 2048]","[2049, 2048, 2048, 2048, 2048, 2048, 2048, 2048, 2049]",317.0
1293,11361,27,10,2026-09-06T13:51:40.871000+00:00,28.251,29.913,28.918,296.0,319.0,False,87.082,"[2048, 2048, 2048, 2049, 2048, 2048]","[2048, 2048, 2048, 2048, 2049, 2048, 2048]","[2048, 2048, 2048, 2048, 2048, 2048, 2049, 2049, 2049]",308.0
1293,11361,31,10,2026-09-06T13:51:41.869000+00:00,28.489,30.081,28.892,289.0,311.0,False,87.462,"[None, 2048, 2048, 2048, 2048, 2048]","[2048, 2049, 2049, 2049, 2049, 2048, 2048]","[2048, 2048, 2048, 2048, 2049, 2049, 2048, 2048, 2048]",325.0
1293,11361,5,10,2026-09-06T13:51:43.187000+00:00,28.721,30.339,28.789,288.0,324.0,False,87.849,"[2048, 2048, 2048, 2048, 2048, 2048]","[2048, 2048, 2049, 2049, 2048, 2048, 2048]","[2048, 2048, 2049, 2048, 2049, 2048, 2048, 2048, 2048]",314.0
1293,11361,55,10,2026-09-06T13:51:43.670000+00:00,28.215,30.261,29.469,294.0,310.0,False,87.945,"[None, 2049, 2049, 2048, 2048, 2048]","[2048, 2049, 2048, 2048, 2049, 2048, 2048]","[2049, 2048, 2048, 2048, 2048, 2048, 2049, 2049, 2049]",334.0
1293,11361,43,10,2026-09-06T13:51:44.487000+00:00,28.255,30.452,28.919,299.0,317.0,False,87.626,"[None, 2048, 2048, 2048, 2048, 2048]","[2048, 2049, 2048, 2048, 2048, 2048, 2048]","[2048, 2048, 2048, 2048, 2048, 2048, 2048, 2048, 2048]",327.0
1293,11361,23,10,2026-09-06T13:51:45.758000+00:00,28.66,30.164,29.327,295.0,311.0,False,88.151,"[2048, 2048, 2048, 2048, 2048, 2048]","[2049, 2049, 2049, 2048, 2049, 2048, 2048]","[2048, 2049, 2048, 2048, 2049, 2048, 2048, 2048, 2048]",328.0
1293,11361,11,10,2026-09-06T13:51:45.992000+00:00,28.519,30.7,29.029,,314.0,False,88.248,"[None, 2048, 2048, 2049, 2048, 2048]","[2048, 2048, 2049, 2048, 2048, 2049, 2048]","[2048, 2049, 2048, 2048, 2048, 2048, 2048, 2048, 2048]",312.0
1293,11361,14,10,2026-09-06T13:51:46.742000+00:00,28.791,30.649,28.821,,297.0,False,88.261,"[2048, 2048, 2048, 2048, 2048, 2048]","[2048, 2048, 2048, 2048, 2048, 2048, 2048]","[2048, 2048, 2048, 2048, 2048, 2048, 2048, 2048, 2048]",304.0
1293,11361,77,10,2026-09-06T13:51:49.196000+00:00,29.212,30.523,29.375,282.0,301.0,False,89.11,"[None, 2048, 2048, 2048, 2048, 2048]","[2048, 2048, 2048, 2048, 2049, 2048, 2048]","[2048, 2048, 2048, 2048, 2049, 2048, 2048, 2048, 2048]",
1293,11361,18,10,2026-09-06T13:51:50.805000+00:00,29.279,30.43,29.351,279.0,292.0,False,89.06,"[None, 2048, 2048, 2049, 2048, 2048]","[2049, 2048, 2049, 2048, 2049, 2048, 2048]","[2048, 2049, 2048, 2049, 2048, 2048, 2049, 2048, 2048]",297.0
1293,11361,63,11,2026-09-06T13:52:56.120000+00:00,28.198,29.661,28.771,295.0,300.0,False,86.63,"[None, 2048, 2048, 2049, 2049, 2048]","[2048, 2048, 2048, 2048, 2048, 2048, 2048]","[2048, 2048, 2048, 2048, 2048, 2048, 2048, 2048, 2048]",
1293,11361,3,11,2026-09-06T13:52:56.786000+00:00,28.232,29.44,28.482,292.0,314.0,False,86.154,"[None, 2048, 2048, 2048, 2048, 2048]","[2048, 2048, 2049, 2048, 2048, 2048, 2048]","[2048, 2048, 2048, 2048, 2048, 2048, 2049, 2049, 2049]",316.0
1293,11361,44,11,2026-09-06T13:52:58.634000+00:00,28.351,29.446,28.941,288.0,305.0,False,86.738,"[None, 2048, 2048, 2048, 2048, 2048]","[2051, 2049, 2048, 2049, 2049, 2048, 2048]","[2051, 2048, 2048, 2048, 2048, 2048, 2048, 2048, 2048]",299.0
1293,11361,81,11,2026-09-06T13:52:59.534000+00:00,28.049,29.541,28.496,,316.0,False,86.086,"[None, 2048, 2049, 2048, 2048, 2048]","[2048, 2048, 2048, 2049, 2048, 2048, 2048]","[2048, 2049, 2048, 2048, 2048, 2048, 2049, 2049, 2049]",321.0
1293,11361,12,11,2026-09-06T13:53:00.098000+00:00,27.706,29.802,28.593,309.0,321.0,False,86.101,"[None, 2048, 2048, 2048, 2049, 2048]","[2048, 2048, 2049, 2048, 2048, 2048, 2048]","[2048, 2048, 2048, 2048, 2049, 2048, 2049, 2048, 2048]",322.0
1293,11361,10,11,2026-09-06T13:53:00.668000+00:00,28.213,29.687,28.646,298.0,319.0,False,86.546,"[2048, 2049, 2048, 2048, 2048, 2048]","[2049, 2048, 2048, 2048, 2048, 2048, 2048]","[2048, 2048, 2048, 2048, 2048, 2048, 2048, 2048, 2048]",332.0
1293,11361,1,11,2026-09-06T13:53:01.359000+00:00,27.859,29.649,28.73,301.0,328.0,False,86.238,"[None, 2048, 2049, 2048, 2048, 2048]","[2048, 2048, 2048, 2048, 2048, 2048, 2049]","[2048, 2048, 2049, 2048, 2048, 2048, 2049, 2049, 2049]",332.0
1293,11361,41,11,2026-09-06T13:53:02.864000+00:00,28.481,29.651,28.535,,310.0,False,86.667,"[None, 2048, 2048, 2048, 2048, 2048]","[2048, 2048, 2048, 2048, 2048, 2048, 2048]","[2048, 2048, 2048, 2048, 2048, 2048, 2048, 2048, 2048]",317.0
1293,11361,22,11,2026-09-06T13:53:05.614000+00:00,28.521,29.824,28.514,290.0,307.0,False,86.859,"[None, 2048, 2048, 2048, 2048, 2048]","[2049, 2048, 2048, 2048, 2048, 2048, 2048]","[2049, 2048, 2048, 2048, 2049, 2048, 2048, 2048, 2048]",313.0
1293,11361,87,11,2026-09-06T13:53:06.686000+00:00,28.615,30.027,28.738,,309.0,False,87.38,"[None, 2048, 2048, 2048, 2048, 2048]","[2048, 2048, 2049, 2048, 2048, 2048, 2048]","[2048, 2048, 2048, 2048, 2049, 2048, 2048, 2048, 2048]",319.0
1293,11361,30,11,2026-09-06T13:53:07.501000+00:00,28.917,30.691,29.097,297.0,314.0,False,88.705,"[2049, 2048, 2048, 2048, 2048, 2049]","[2048, 2048, 2048, 2048, 2048, 2048, 2048]","[2048, 2048, 2048, 2048, 2048, 2048, 2048, 2048, 2049]",322.0
1293,11361,27,11,2026-09-06T13:53:07.900000+00:00,28.433,30.855,29.123,300.0,322.0,False,88.411,"[2049, 2048, 2048, 2048, 2048, 2048]","[2048, 2048, 2048, 2048, 2048, 2048, 2048]","[2048, 2048, 2049, 2048, 2048, 2048, 2049, 2049, 2049]",310.0
1293,11361,31,11,2026-09-06T13:53:09.361000+00:00,28.594,30.219,29.049,290.0,316.0,False,87.862,"[None, 2048, 2048, 2048, 2048, 2048]","[2049, 2048, 2048, 2048, 2048, 2048, 2048]","[2049, 2048, 2048, 2048, 2048, 2048, 2048, 2048, 2048]",315.0
1293,11361,5,11,2026-09-06T13:53:11.046000+00:00,28.771,29.918,29.289,297.0,325.0,False,87.978,"[None, 2048, 2048, 2048, 2048, 2048]","[2049, 2049, 2049, 2049, 2048, 2048, 2048]","[2048, 2048, 2048, 2048, 2048, 2048, 2048, 2048, 2048]",311.0
1293,11361,55,11,2026-09-06T13:53:11.614000+00:00,27.772,30.257,29.126,298.0,314.0,False,87.155,"[2049, 2049, 2049, 2048, 2048, 2048]","[2049, 2048, 2048, 2048, 2048, 2048, 2048]","[2048, 2048, 2048, 2048, 2048, 2048, 2049, 2049, 2049]",331.0
1293,11361,43,11,2026-09-06T13:53:12.125000+00:00,27.924,30.599,29.179,312.0,320.0,False,87.702,"[None, 2049, 2048, 2048, 2049, 2049]","[2048, 2048, 2048, 2048, 2048, 2048, 2048]","[2048, 2048, 2048, 2048, 2048, 2048, 2048, 2048, 2048]",322.0
1293,11361,23,11,2026-09-06T13:53:14.025000+00:00,28.947,30.134,28.963,297.0,310.0,False,88.044,"[None, 2048, 2049, 2048, 2049, 2048]","[2048, 2049, 2049, 2049, 2048, 2048, 2048]","[2048, 2048, 2048, 2049, 2049, 2048, 2048, 2048, 2049]",323.0
1293,11361,11,11,2026-09-06T13:53:14.227000+00:00,28.798,30.485,29.244,287.0,315.0,False,88.527,"[None, 2048, 2048, 2048, 2048, 2048]","[2048, 2048, 2049, 2049, 2048, 2048, 2048]","[2048, 2048, 2048, 2048, 2048, 2048, 2048, 2048, 2048]",315.0
1293,11361,14,11,2026-09-06T13:53:14.787000+00:00,29.085,30.639,28.824,,296.0,False,88.548,"[None, 2048, 2049, 2048, 2048, 2048]","[2048, 2048, 2048, 2049, 2049, 2048, 2048]","[2048, 2048, 2048, 2048, 2048, 2048, 2048, 2048, 2048]",302.0
1293,11361,77,11,2026-09-06T13:53:18.283000+00:00,29.092,30.411,29.403,,299.0,False,88.906,"[None, 2048, 2049, 2048, 2048, 2048]","[2049, 2049, 2048, 2049, 2049, 2048, 2048]","[2048, 2048, 2048, 2048, 2049, 2048, 2048, 2048]",306.0
1293,11361,18,11,2026-09-06T13:53:19.846000+00:00,29.024,30.413,28.978,281.0,294.0,False,88.415,"[None, 2048, 2049, 2049, 2048, 2048]","[2049, 2048, 2049, 2048, 2048, 2048, 2048]","[2048, 2049, 2048, 2049, 2048, 2049, 2049, 2048]",295.0
1293,11361,63,12,2026-09-06T13:54:22.672000+00:00,28.708,30.161,28.483,307.0,313.0,False,87.352,"[None, 2048, 2048, 2048, 2049, 2049]","[2048, 2048, 2048, 2048, 2048, 2048, 2048]","[2048, 2048, 2048, 2049, 2048, 2048, 2049, 2049, 2049]",
1293,11361,3,12,2026-09-06T13:54:22.888000+00:00,28.405,29.78,28.253,287.0,302.0,False,86.438,"[None, 2048, 2048, 2048, 2048, 2048]","[2048, 2048, 2048, 2049, 2048, 2048, 2048]","[2048, 2051, 2048, 2048, 2051, 2048, 2048, 2048, 2048]",304.0
1293,11361,44,12,2026-09-06T13:54:25.469000+00:00,28.707,29.947,28.45,293.0,317.0,False,87.104,"[None, 2048, 2048, 2048, 2048, 2048]","[2048, 2048, 2048, 2048, 2048, 2048, 2048]","[2048, 2048, 2049, 2048, 2048, 2048, 2048, 2048, 2048]",315.0
1293,11361,81,12,2026-09-06T13:54:25.671000+00:00,27.783,29.487,28.705,299.0,310.0,False,85.975,"[2049, 2048, 2049, 2048, 2048, 2048]","[2048, 2049, 2048, 2049, 2048, 2048, 2048]","[2048, 2049, 2048, 2048, 2049, 2048, 2048, 2048, 2048]",315.0
1293,11361,12,12,2026-09-06T13:54:26.362000+00:00,27.663,29.479,28.579,306.0,320.0,False,85.721,"[None, 2048, 2048, 2048, 2049, 2048]","[2051, 2048, 2048, 2048, 2048, 2048, 2048]","[2048, 2049, 2048, 2048, 2048, 2048, 2049, 2049]",325.0
1293,11361,10,12,2026-09-06T13:54:27.104000+00:00,27.913,29.672,28.527,299.0,320.0,False,86.112,"[None, 2048, 2048, 2048, 2048, 2048]","[2049, 2048, 2048, 2048, 2048, 2048, 2048]","[2048, 2048, 2048, 2049, 2048, 2048, 2048, 2048, 2048]",325.0
1293,11361,1,12,2026-09-06T13:54:27.535000+00:00,27.981,29.641,28.591,,326.0,False,86.213,"[2049, 2049, 2048, 2048, 2048, 2048]","[2049, 2048, 2048, 2048, 2048, 2048, 2048]","[2048, 2048, 2048, 2048, 2048, 2048, 2048, 2048, 2048]",331.0
1293,11361,41,12,2026-09-06T13:54:29.648000+00:00,28.384,29.65,28.474,,310.0,False,86.508,"[None, 2048, 2048, 2048, 2048, 2048]","[2048, 2048, 2048, 2048, 2048, 2048, 2048]","[2049, 2048, 2048, 2048, 2048, 2048, 2048, 2048, 2048]",318.0
1293,11361,22,12,2026-09-06T13:54:32.450000+00:00,28.441,29.691,28.601,289.0,306.0,False,86.733,"[None, 2048, 2048, 2048, 2048, 2048]","[2049, 2049, 2049, 2048, 2048, 2048, 2048]","[2048, 2048, 2048, 2048, 2048, 2048, 2048, 2048, 2048]",
1293,11361,87,12,2026-09-06T13:54:34.077000+00:00,28.54,29.859,28.634,289.0,308.0,False,87.033,"[None, 2048, 2048, 2048, 2048, 2048]","[2049, 2048, 2049, 2049, 2048, 2048, 2048]","[2048, 2049, 2048, 2048, 2048, 2048, 2048, 2048, 2048]",315.0
1293,11361,30,12,2026-09-06T13:54:36.134000+00:00,28.407,30.595,34.741,292.0,308.0,False,93.743,"[2048, 2048, 2048, 2048, 2048, 2048]","[2048, 2048, 2048, 2048, 2048, 2048, 2048]","[2048, 2048, 2048, 2048, 2048, 2048, 2048, 2064, 2064]",317.0
1293,11361,27,12,2026-09-06T13:54:36.434000+00:00,28.443,30.348,29.065,296.0,318.0,False,87.856,"[None, 2048, 2048, 2048, 2048, 2048]","[2048, 2048, 2048, 2048, 2048, 2048, 2048]","[2048, 2048, 2048, 2048, 2049, 2049, 2049, 2048, 2048]",313.0
1293,11361,31,12,2026-09-06T13:54:37.235000+00:00,28.685,29.946,29.464,291.0,311.0,False,88.095,"[None, 2048, 2048, 2048, 2048, 2048]","[2049, 2048, 2048, 2048, 2048, 2048, 2048]","[2048, 2048, 2049, 2048, 2048, 2048, 2048, 2048]",322.0
1293,11361,55,12,2026-09-06T13:54:38.758000+00:00,28.093,30.217,29.631,299.0,312.0,False,87.941,"[2048, 2048, 2048, 2049, 2048, 2048]","[2049, 2049, 2048, 2048, 2048, 2048, 2048]","[2048, 2048, 2048, 2048, 2048, 2048, 2048, 2048]",319.0
1293,11361,5,12,2026-09-06T13:54:38.986000+00:00,28.057,29.955,28.661,306.0,318.0,False,86.673,"[None, 2049, 2048, 2049, 2049, 2049]","[2049, 2048, 2048, 2048, 2048, 2048, 2048]","[2049, 2048, 2048, 2048, 2048, 2049, 2048, 2048]",331.0
1293,11361,43,12,2026-09-06T13:54:39.754000+00:00,28.362,30.363,29.226,300.0,313.0,False,87.951,"[None, 2048, 2048, 2048, 2048, 2048]","[2049, 2049, 2049, 2048, 2048, 2048, 2048]","[2048, 2048, 2048, 2048, 2048, 2048, 2049, 2049, 2049]",320.0
1293,11361,23,12,2026-09-06T13:54:42.043000+00:00,28.14,30.067,28.871,,314.0,False,87.078,"[None, 2048, 2048, 2049, 2048, 2048]","[2049, 2049, 2048, 2048, 2048, 2048, 2048]","[2048, 2049, 2048, 2049, 2048, 2048, 2049, 2049, 2049]",320.0
1293,11361,11,12,2026-09-06T13:54:42.888000+00:00,28.693,30.32,29.074,285.0,306.0,False,88.087,"[None, 2048, 2048, 2048, 2048, 2048]","[2049, 2049, 2048, 2049, 2049, 2048, 2048]","[2048, 2049, 2048, 2048, 2048, 2048, 2048, 2048, 2048]",316.0
1293,11361,14,12,2026-09-06T13:54:43.294000+00:00,29.159,30.424,28.74,282.0,295.0,False,88.323,"[None, 2048, 2049, 2048, 2048, 2048]","[2049, 2048, 2048, 2049, 2049, 2048, 2048]","[2048, 2048, 2048, 2048, 2049, 2048, 2048, 2048, 2048]",303.0
1293,11361,77,12,2026-09-06T13:54:47.170000+00:00,29.069,30.137,29.343,281.0,303.0,False,88.549,"[None, 2048, 2048, 2048, 2048, 2048]","[2049, 2049, 2049, 2049, 2049, 2048, 2048]","[2049, 2048, 2048, 2048, 2048, 2048, 2048, 2048, 2048]",305.0
1293,11361,18,12,2026-09-06T13:54:48.254000+00:00,28.911,30.643,29.333,,290.0,False,88.887,"[None, 2048, 2048, 2048, 2049, 2048]","[2048, 2048, 2048, 2048, 2048, 2048, 2048]","[2048, 2049, 2048, 2048, 2048, 2048, 2048, 2048, 2048]",294.0
1293,11361,3,13,2026-09-06T13:55:49.271000+00:00,28.468,29.56,28.252,,302.0,False,86.28,"[None, 2048, 2048, 2048, 2048, 2048]","[2048, 2048, 2049, 2049, 2048, 2048, 2048]","[2048, 2048, 2048, 2048, 2051, 2049, 2048, 2048, 2048]",
1293,11361,63,13,2026-09-06T13:55:50.015000+00:00,27.854,29.804,28.484,309.0,318.0,False,86.142,"[None, 2049, 2048, 2049, 2048, 2049]","[2048, 2048, 2048, 2048, 2048, 2049, 2049]","[2048, 2048, 2048, 2049, 2048, 2048, 2049, 2049, 2049]",318.0
1293,11361,81,13,2026-09-06T13:55:51.538000+00:00,28.574,29.633,28.34,297.0,315.0,False,86.547,"[2048, 2048, 2048, 2048, 2048, 2048]","[2049, 2048, 2048, 2048, 2048, 2048, 2048]","[2048, 2049, 2048, 2048, 2048, 2048, 2049, 2049, 2049]",314.0
1293,11361,12,13,2026-09-06T13:55:51.888000+00:00,27.581,29.444,28.444,300.0,311.0,False,85.469,"[None, 2049, 2049, 2048, 2048, 2048]","[2048, 2049, 2048, 2049, 2048, 2048, 2048]","[2048, 2049, 2048, 2048, 2049, 2048, 2048, 2048, 2048]",329.0
1293,11361,44,13,2026-09-06T13:55:52.628000+00:00,27.918,29.955,28.056,304.0,317.0,False,85.929,"[None, 2048, 2048, 2048, 2048, 2048]","[2048, 2048, 2048, 2048, 2048, 2048, 2048]","[2048, 2048, 2049, 2049, 2048, 2048, 2048, 2048, 2048]",320.0
1293,11361,10,13,2026-09-06T13:55:53.247000+00:00,27.942,29.624,28.432,300.0,325.0,False,85.998,"[None, 2048, 2048, 2048, 2048, 2048]","[2048, 2048, 2048, 2048, 2048, 2048, 2049]","[2048, 2048, 2048, 2049, 2048, 2048, 2049, 2049, 2049]",324.0
1293,11361,1,13,2026-09-06T13:55:53.762000+00:00,27.904,29.627,28.539,,327.0,False,86.07,"[2048, 2048, 2049, 2048, 2048, 2048]","[2048, 2048, 2048, 2048, 2048, 2048, 2049]","[2048, 2048, 2049, 2048, 2048, 2048, 2049, 2048, 2048]",
1293,11361,41,13,2026-09-06T13:55:56.050000+00:00,28.389,29.782,28.539,,309.0,False,86.71,"[None, 2048, 2048, 2048, 2048, 2048]","[2049, 2048, 2048, 2048, 2048, 2048, 2048]","[2048, 2048, 2048, 2048, 2048, 2048, 2048, 2048, 2048]",315.0
1293,11361,22,13,2026-09-06T13:55:59.231000+00:00,28.355,29.663,28.463,290.0,307.0,False,86.481,"[None, 2048, 2048, 2048, 2048, 2048]","[2048, 2048, 2049, 2049, 2048, 2048, 2048]","[2049, 2049, 2048, 2048, 2048, 2048, 2048, 2048, 2048]",312.0
1293,11361,87,13,2026-09-06T13:56:01.090000+00:00,28.408,29.809,28.666,288.0,308.0,False,86.883,"[None, 2048, 2048, 2048, 2048, 2048]","[2049, 2048, 2048, 2049, 2048, 2048, 2048]","[2048, 2049, 2048, 2048, 2048, 2048, 2048, 2048, 2048]",
1293,11361,27,13,2026-09-06T13:56:04.106000+00:00,28.855,29.91,28.775,286.0,304.0,False,87.54,"[2048, 2048, 2048, 2048, 2048, 2048]","[2049, 2049, 2048, 2048, 2049, 2048, 2048]","[2048, 2049, 2048, 2048, 2049, 2049, 2049, 2049, 2049]",299.0
1293,11361,31,13,2026-09-06T13:56:05.106000+00:00,28.369,30.01,28.511,,305.0,False,86.89,"[None, 2048, 2048, 2048, 2048, 2048]","[2048, 2048, 2048, 2049, 2048, 2048, 2048]","[2048, 2049, 2049, 2048, 2048, 2048, 2048, 2048, 2048]",
1293,11361,5,13,2026-09-06T13:56:05.668000+00:00,28.298,29.941,28.69,295.0,318.0,False,86.929,"[None, 2048, 2048, 2049, 2048, 2048]","[2049, 2049, 2048, 2048, 2048, 2048, 2048]","[2048, 2048, 2048, 2048, 2048, 2048, 2048, 2048, 2048]",320.0
1293,11361,55,13,2026-09-06T13:56:06.668000+00:00,28.09,30.132,29.046,301.0,321.0,False,87.268,"[None, 2048, 2048, 2048, 2048, 2048]","[2048, 2048, 2048, 2048, 2048, 2048, 2048]","[2049, 2048, 2048, 2048, 2048, 2048, 2048, 2048, 2049]",325.0
1293,11361,43,13,2026-09-06T13:56:07.569000+00:00,28.073,30.452,28.711,298.0,310.0,False,87.236,"[None, 2048, 2048, 2048, 2048, 2048]","[2049, 2049, 2048, 2048, 2048, 2048, 2048]","[2048, 2048, 2048, 2048, 2048, 2048, 2048, 2048, 2048]",328.0
1293,11361,23,13,2026-09-06T13:56:09.026000+00:00,27.978,30.155,28.933,296.0,315.0,False,87.066,"[2049, 2048, 2048, 2048, 2048, 2048]","[2048, 2049, 2048, 2048, 2048, 2048, 2048]","[2048, 2048, 2048, 2049, 2048, 2048, 2048, 2048, 2048]",326.0
1293,11361,30,13,2026-09-06T13:56:09.769000+00:00,55.885,30.639,28.969,285.0,301.0,True,115.493,"[2064, 2064, 2048, 2048, 2048, 2048]","[2048, 2048, 2048, 2048, 2049, 2048, 2048]","[2048, 2048, 2048, 2048, 2049, 2049, 2048, 2048, 2048]",274.0
1293,11361,11,13,2026-09-06T13:56:10.849000+00:00,28.716,30.42,29.478,283.0,298.0,False,88.614,"[None, 2048, 2048, 2048, 2048, 2048]","[2049, 2049, 2049, 2048, 2048, 2048, 2048]","[2048, 2048, 2048, 2048, 2048, 2048, 2048, 2048, 2048]",312.0
1293,11361,14,13,2026-09-06T13:56:11.614000+00:00,28.989,30.255,28.969,280.0,293.0,False,88.213,"[None, 2048, 2048, 2048, 2048, 2048]","[2048, 2049, 2049, 2049, 2049, 2048, 2048]","[2048, 2048, 2048, 2048, 2048, 2048, 2048, 2048, 2048]",293.0
1293,11361,77,13,2026-09-06T13:56:15.735000+00:00,29.059,30.276,29.472,280.0,301.0,False,88.807,"[None, 2048, 2049, 2048, 2048, 2048]","[2049, 2048, 2048, 2048, 2048, 2048, 2048]","[2048, 2048, 2048, 2048, 2048, 2048, 2048, 2048, 2048]",306.0
1293,11361,18,13,2026-09-06T13:56:17.186000+00:00,29.24,30.421,29.285,276.0,292.0,False,88.946,"[None, 2048, 2049, 2048, 2048, 2048]","[2049, 2048, 2048, 2048, 2049, 2048, 2048]","[2048, 2048, 2048, 2048, 2048, 2048, 2048, 2048, 2048]",295.0
1293,11361,3,14,2026-09-06T13:57:15.553000+00:00,28.531,29.612,28.268,304.0,302.0,False,86.411,"[None, 2048, 2048, 2048, 2048, 2048]","[2048, 2048, 2048, 2048, 2048, 2048, 2048]","[2048, 2048, 2048, 2048, 2048, 2049, 2048, 2048, 2048]",300.0
1293,11361,63,14,2026-09-06T13:57:16.194000+00:00,27.948,29.909,28.692,306.0,313.0,False,86.549,"[2049, 2049, 2048, 2048, 2049, 2049]","[2048, 2048, 2048, 2048, 2048, 2049, 2049]","[2048, 2048, 2048, 2048, 2048, 2048, 2049, 2049, 2049]",317.0
1293,11361,12,14,2026-09-06T13:57:17.366000+00:00,27.714,29.6,28.514,303.0,314.0,False,85.828,"[None, 2048, 2048, 2048, 2048, 2048]","[2048, 2049, 2048, 2048, 2048, 2048, 2048]","[2048, 2048, 2048, 2048, 2048, 2049, 2048, 2048, 2048]",317.0
1293,11361,81,14,2026-09-06T13:57:18.194000+00:00,27.771,29.926,28.414,299.0,314.0,False,86.111,"[2049, 2048, 2048, 2048, 2048, 2048]","[2049, 2048, 2048, 2048, 2048, 2048, 2048]","[2048, 2048, 2048, 2048, 2048, 2049, 2048, 2048, 2048]",330.0
1293,11361,44,14,2026-09-06T13:57:18.399000+00:00,27.593,30.412,28.41,314.0,316.0,False,86.415,"[None, 2048, 2048, 2048, 2049, 2049]","[2051, 2048, 2048, 2048, 2048, 2048, 2048]","[2048, 2048, 2048, 2048, 2048, 2048, 2048, 2048, 2048]",332.0
1293,11361,10,14,2026-09-06T13:57:19.257000+00:00,27.722,29.94,28.559,,322.0,False,86.221,"[2049, 2049, 2048, 2048, 2048, 2048]","[2049, 2048, 2048, 2048, 2048, 2048, 2048]","[2048, 2048, 2048, 2049, 2048, 2048, 2048, 2048, 2048]",329.0
1293,11361,1,14,2026-09-06T13:57:19.898000+00:00,27.873,29.841,28.346,299.0,318.0,False,86.06,"[None, 2048, 2048, 2048, 2048, 2048]","[2048, 2048, 2048, 2048, 2048, 2048, 2048]","[2048, 2049, 2049, 2048, 2048, 2049, 2049, 2049, 2049]",329.0
1293,11361,41,14,2026-09-06T13:57:22.866000+00:00,28.346,29.651,28.525,291.0,307.0,False,86.522,"[None, 2048, 2048, 2048, 2048, 2048]","[2049, 2048, 2048, 2048, 2048, 2048, 2048]","[2048, 2048, 2048, 2048, 2048, 2048, 2048, 2048, 2048]",313.0
1293,11361,22,14,2026-09-06T13:57:25.741000+00:00,28.476,29.891,28.509,289.0,306.0,False,86.876,"[None, 2048, 2048, 2048, 2048, 2048]","[2048, 2048, 2048, 2048, 2048, 2048, 2048]","[2048, 2048, 2048, 2048, 2048, 2048, 2048, 2048, 2048]",
1293,11361,87,14,2026-09-06T13:57:28.007000+00:00,28.617,29.857,28.831,289.0,307.0,False,87.305,"[None, 2048, 2048, 2048, 2048, 2048]","[2048, 2048, 2048, 2048, 2049, 2048, 2048]","[2048, 2048, 2048, 2048, 2048, 2048, 2048, 2048, 2048]",314.0
1293,11361,27,14,2026-09-06T13:57:31.772000+00:00,28.697,29.943,28.754,299.0,304.0,False,87.394,"[None, 2048, 2048, 2048, 2048, 2048]","[2049, 2048, 2048, 2048, 2049, 2048, 2048]","[2048, 2048, 2048, 2048, 2048, 2048, 2048, 2048, 2048]",301.0
1293,11361,31,14,2026-09-06T13:57:32.210000+00:00,28.248,30.454,28.938,293.0,317.0,False,87.64,"[None, 2048, 2048, 2048, 2048, 2048]","[2048, 2048, 2048, 2048, 2048, 2049, 2048]","[2049, 2048, 2048, 2048, 2048, 2048, 2048, 2048]",314.0
1293,11361,5,14,2026-09-06T13:57:32.757000+00:00,28.09,30.342,28.863,305.0,321.0,False,87.295,"[None, 2048, 2048, 2048, 2048, 2049]","[2048, 2048, 2048, 2048, 2048, 2048, 2048]","[2048, 2048, 2048, 2048, 2048, 2048, 2049, 2049, 2049]",315.0
1293,11361,55,14,2026-09-06T13:57:34.007000+00:00,28.046,30.209,29.151,299.0,313.0,False,87.406,"[None, 2048, 2048, 2049, 2048, 2048]","[2048, 2049, 2048, 2048, 2048, 2048, 2048]","[2049, 2048, 2048, 2048, 2048, 2048, 2048, 2048, 2048]",322.0
1293,11361,43,14,2026-09-06T13:57:34.897000+00:00,28.011,30.305,28.755,303.0,312.0,False,87.071,"[None, 2048, 2048, 2048, 2048, 2048]","[2049, 2048, 2049, 2048, 2048, 2048, 2048]","[2048, 2048, 2048, 2049, 2048, 2048, 2048, 2048, 2048]",
1293,11361,23,14,2026-09-06T13:57:36.257000+00:00,28.091,30.173,29.141,299.0,315.0,False,87.405,"[2048, 2048, 2048, 2048, 2048, 2048]","[2049, 2048, 2048, 2048, 2048, 2048, 2048]","[2048, 2048, 2048, 2048, 2048, 2048, 2048, 2048, 2048]",323.0
1293,11361,11,14,2026-09-06T13:57:39.439000+00:00,29.128,30.348,29.444,281.0,296.0,False,88.92,"[None, 2048, 2048, 2048, 2048, 2048]","[2048, 2049, 2049, 2049, 2049, 2048, 2048]","[2048, 2048, 2048, 2048, 2048, 2048, 2048, 2048, 2048]",303.0
1293,11361,14,14,2026-09-06T13:57:39.727000+00:00,29.004,30.781,29.104,285.0,290.0,False,88.889,"[None, 2048, 2048, 2048, 2048, 2048]","[2048, 2048, 2048, 2048, 2048, 2048, 2048]","[2048, 2048, 2048, 2048, 2048, 2049, 2048, 2048, 2048]",300.0
1293,11361,77,14,2026-09-06T13:57:44.493000+00:00,29.001,30.142,29.227,281.0,301.0,False,88.37,"[None, 2048, 2049, 2048, 2048, 2048]","[2049, 2049, 2048, 2049, 2048, 2048, 2048]","[2048, 2048, 2048, 2048, 2048, 2048, 2048, 2048, 2048]",305.0
1293,11361,18,14,2026-09-06T13:57:46.015000+00:00,29.302,30.418,29.356,277.0,290.0,False,89.076,"[None, 2048, 2049, 2048, 2048, 2048]","[2048, 2049, 2049, 2048, 2048, 2048, 2048]","[2048, 2048, 2048, 2048, 2048, 2048, 2048, 2048, 2048]",293.0
1293,11361,30,14,2026-09-06T13:58:05.392000+00:00,28.758,29.652,28.634,,302.0,False,87.044,"[2048, 2048, 2048, 2049, 2048, 2048]","[2048, 2049, 2049, 2049, 2049, 2048, 2048]","[2048, 2049, 2048, 2048, 2049, 2049, 2048, 2048, 2048]",305.0
1293,11361,3,15,2026-09-06T13:58:41.982000+00:00,28.704,30.044,28.21,292.0,311.0,False,86.958,"[None, 2048, 2048, 2048, 2048, 2048]","[2049, 2048, 2048, 2048, 2048, 2048, 2048]","[2048, 2048, 2048, 2048, 2048, 2048, 2049, 2048, 2048]",297.0
1293,11361,63,15,2026-09-06T13:58:42.779000+00:00,27.83,29.456,28.487,302.0,296.0,False,85.773,"[None, 2049, 2048, 2048, 2049, 2048]","[2049, 2048, 2048, 2048, 2051, 2048, 2048]","[2048, 2048, 2049, 2048, 2048, 2049, 2049, 2048, 2048]",322.0
1293,11361,12,15,2026-09-06T13:58:43.357000+00:00,27.815,29.799,28.504,305.0,315.0,False,86.118,"[None, 2048, 2048, 2048, 2048, 2048]","[2048, 2048, 2048, 2048, 2048, 2048, 2048]","[2048, 2048, 2048, 2048, 2048, 2049, 2049, 2049, 2048]",311.0
1293,11361,81,15,2026-09-06T13:58:44.310000+00:00,28.108,29.647,28.478,295.0,313.0,False,86.233,"[2048, 2048, 2048, 2048, 2048, 2048]","[2049, 2048, 2048, 2048, 2048, 2048, 2048]","[2048, 2048, 2048, 2048, 2048, 2048, 2048, 2048, 2048]",316.0
1293,11361,44,15,2026-09-06T13:58:44.888000+00:00,28.113,29.78,27.976,297.0,313.0,False,85.869,"[None, 2048, 2048, 2048, 2048, 2048]","[2048, 2048, 2048, 2048, 2048, 2048, 2048]","[2048, 2048, 2049, 2048, 2048, 2048, 2048, 2048, 2048]",319.0
1293,11361,10,15,2026-09-06T13:58:45.497000+00:00,27.687,29.972,28.587,313.0,324.0,False,86.246,"[2048, 2048, 2048, 2048, 2049, 2049]","[2048, 2048, 2048, 2048, 2048, 2048, 2048]","[2048, 2048, 2048, 2049, 2048, 2048, 2048, 2048, 2048]",325.0
1293,11361,1,15,2026-09-06T13:58:45.966000+00:00,27.841,29.971,28.389,300.0,320.0,False,86.201,"[2049, 2049, 2048, 2048, 2048, 2048]","[2048, 2048, 2048, 2048, 2048, 2048, 2048]","[2048, 2048, 2048, 2048, 2048, 2048, 2048, 2048, 2048]",338.0
1293,11361,41,15,2026-09-06T13:58:49.325000+00:00,28.366,29.805,28.67,288.0,307.0,False,86.841,"[None, 2048, 2048, 2048, 2048, 2048]","[2048, 2048, 2048, 2048, 2048, 2048, 2048]","[2048, 2048, 2048, 2048, 2048, 2048, 2048, 2048, 2048]",
1293,11361,22,15,2026-09-06T13:58:52.560000+00:00,28.469,29.659,28.402,290.0,307.0,False,86.53,"[None, 2048, 2048, 2048, 2048, 2048]","[2048, 2048, 2048, 2048, 2049, 2048, 2048]","[2049, 2048, 2048, 2048, 2048, 2048, 2049, 2048, 2048]",311.0
1293,11361,87,15,2026-09-06T13:58:55.200000+00:00,28.506,29.811,28.828,287.0,307.0,False,87.145,"[None, 2048, 2048, 2049, 2048, 2048]","[2048, 2049, 2048, 2048, 2049, 2048, 2048]","[2048, 2048, 2048, 2048, 2048, 2048, 2048, 2048, 2048]",
1293,11361,27,15,2026-09-06T13:58:59.154000+00:00,28.724,30.159,28.746,283.0,304.0,False,87.629,"[None, 2048, 2048, 2048, 2048, 2048]","[2049, 2048, 2048, 2048, 2048, 2048, 2048]","[2048, 2049, 2048, 2048, 2049, 2048, 2048, 2048, 2048]",300.0
1293,11361,31,15,2026-09-06T13:58:59.747000+00:00,28.623,30.511,28.661,305.0,317.0,False,87.795,"[None, 2048, 2048, 2048, 2048, 2048]","[2048, 2048, 2048, 2048, 2048, 2048, 2048]","[2048, 2048, 2048, 2048, 2048, 2048, 2048, 2048, 2048]",319.0
1293,11361,5,15,2026-09-06T13:58:59.966000+00:00,28.264,29.984,28.745,294.0,314.0,False,86.993,"[2049, 2048, 2048, 2048, 2048, 2048]","[2049, 2048, 2048, 2048, 2049, 2048, 2048]","[2048, 2048, 2048, 2048, 2048, 2049, 2049, 2048, 2048]",318.0
1293,11361,55,15,2026-09-06T13:59:01.404000+00:00,28.045,30.283,29.243,298.0,318.0,False,87.571,"[None, 2048, 2048, 2048, 2048, 2048]","[2048, 2048, 2048, 2048, 2048, 2048, 2048]","[2048, 2048, 2048, 2048, 2048, 2048, 2048, 2048, 2048]",321.0
1293,11361,43,15,2026-09-06T13:59:01.997000+00:00,28.413,30.268,28.533,294.0,316.0,False,87.214,"[None, 2048, 2048, 2048, 2048, 2048]","[2048, 2048, 2048, 2048, 2048, 2048, 2048]","[2048, 2048, 2049, 2048, 2048, 2048, 2049, 2049, 2049]",320.0
1293,11361,23,15,2026-09-06T13:59:03.576000+00:00,28.227,30.35,29.195,297.0,314.0,False,87.772,"[None, 2048, 2048, 2049, 2048, 2048]","[2048, 2048, 2048, 2048, 2048, 2048, 2048]","[2049, 2048, 2048, 2048, 2048, 2048, 2048, 2048, 2048]",321.0
1293,11361,11,15,2026-09-06T13:59:08.357000+00:00,29.065,30.522,29.414,279.0,297.0,False,89.001,"[None, 2048, 2048, 2048, 2048, 2048]","[2048, 2048, 2048, 2048, 2048, 2048, 2048]","[2048, 2048, 2048, 2048, 2048, 2048, 2048, 2048, 2048]",
1293,11361,14,15,2026-09-06T13:59:08.747000+00:00,28.846,30.931,29.174,288.0,292.0,False,88.951,"[None, 2048, 2048, 2048, 2049, 2048]","[2048, 2048, 2048, 2048, 2048, 2048, 2048]","[2048, 2048, 2048, 2048, 2048, 2049, 2048, 2048, 2048]",296.0
1293,11361,77,15,2026-09-06T13:59:12.997000+00:00,28.873,30.347,29.377,279.0,298.0,False,88.597,"[None, 2048, 2048, 2049, 2048, 2048]","[2048, 2048, 2048, 2048, 2048, 2048, 2048]","[2048, 2048, 2048, 2048, 2049, 2048, 2048, 2048, 2048]",307.0
1293,11361,18,15,2026-09-06T13:59:15.201000+00:00,29.387,30.551,29.5,274.0,289.0,False,89.438,"[None, 2048, 2048, 2048, 2048, 2048]","[2048, 2048, 2048, 2048, 2048, 2048, 2048]","[2048, 2048, 2048, 2048, 2048, 2048, 2048, 2048, 2048]",291.0
1293,11361,30,15,2026-09-06T13:59:32.433000+00:00,28.569,29.499,28.63,284.0,303.0,False,86.698,"[None, 2048, 2048, 2049, 2048, 2048]","[2048, 2051, 2049, 2049, 2048, 2048, 2048]","[2048, 2049, 2048, 2048, 2049, 2049, 2048, 2048, 2048]",308.0
1293,11361,63,16,2026-09-06T14:00:08.539000+00:00,27.883,29.445,28.414,296.0,301.0,False,85.742,"[2048, 2048, 2048, 2049, 2048, 2048]","[2048, 2048, 2048, 2051, 2051, 2048, 2048]","[2048, 2048, 2048, 2048, 2049, 2048, 2048, 2048, 2048]",302.0
1293,11361,3,16,2026-09-06T14:00:08.930000+00:00,28.287,30.022,28.136,287.0,317.0,False,86.445,"[None, 2048, 2048, 2048, 2048, 2048]","[2048, 2048, 2048, 2048, 2048, 2048, 2048]","[2048, 2048, 2048, 2048, 2048, 2048, 2049, 2049, 2049]",309.0
1293,11361,12,16,2026-09-06T14:00:09.414000+00:00,27.813,29.44,28.362,299.0,311.0,False,85.615,"[None, 2049, 2048, 2048, 2048, 2048]","[2048, 2048, 2048, 2049, 2049, 2048, 2048]","[2049, 2048, 2048, 2048, 2049, 2049, 2048, 2048, 2048]",318.0
1293,11361,81,16,2026-09-06T14:00:10.477000+00:00,28.162,29.613,28.948,317.0,311.0,False,86.723,"[None, 2048, 2048, 2048, 2048, 2049]","[2049, 2048, 2048, 2048, 2048, 2048, 2048]","[2048, 2048, 2048, 2048, 2048, 2048, 2048, 2048, 2048]",322.0
1293,11361,44,16,2026-09-06T14:00:10.820000+00:00,28.279,29.805,28.134,295.0,312.0,False,86.218,"[None, 2048, 2048, 2048, 2048, 2048]","[2048, 2048, 2048, 2048, 2048, 2048, 2048]","[2048, 2048, 2049, 2048, 2048, 2048, 2048, 2048, 2048]",316.0
1293,11361,10,16,2026-09-06T14:00:11.695000+00:00,27.709,29.838,28.702,312.0,322.0,False,86.249,"[None, 2048, 2049, 2048, 2048, 2049]","[2048, 2048, 2048, 2048, 2048, 2048, 2048]","[2048, 2048, 2048, 2048, 2048, 2048, 2048, 2048, 2048]",319.0
1293,11361,1,16,2026-09-06T14:00:12.117000+00:00,27.581,29.99,28.691,310.0,326.0,False,86.262,"[2048, 2048, 2048, 2048, 2049, 2048]","[2048, 2048, 2048, 2048, 2048, 2048, 2048]","[2048, 2048, 2048, 2048, 2048, 2048, 2048, 2048, 2048]",334.0
1293,11361,41,16,2026-09-06T14:00:16.172000+00:00,28.422,29.798,28.699,287.0,306.0,False,86.919,"[None, 2048, 2048, 2048, 2048, 2048]","[2048, 2048, 2048, 2048, 2049, 2048, 2048]","[2048, 2048, 2048, 2048, 2048, 2048, 2048, 2048, 2048]",
1293,11361,22,16,2026-09-06T14:00:19.137000+00:00,28.336,29.83,28.526,289.0,307.0,False,86.692,"[None, 2048, 2048, 2048, 2048, 2048]","[2048, 2048, 2048, 2048, 2048, 2048, 2048]","[2048, 2048, 2048, 2048, 2048, 2048, 2048, 2048, 2048]",314.0
1293,11361,87,16,2026-09-06T14:00:22.504000+00:00,28.571,29.906,28.806,285.0,305.0,False,87.283,"[None, 2048, 2049, 2048, 2048, 2048]","[2048, 2048, 2048, 2048, 2048, 2048, 2048]","[2048, 2048, 2048, 2048, 2048, 2048, 2048, 2048, 2048]",
1293,11361,27,16,2026-09-06T14:00:26.790000+00:00,28.808,31.129,28.701,295.0,315.0,False,88.638,"[None, 2048, 2048, 2048, 2048, 2048]","[2048, 2048, 2048, 2048, 2048, 2048, 2048]","[2048, 2048, 2048, 2048, 2048, 2048, 2049, 2049, 2049]",304.0
1293,11361,5,16,2026-09-06T14:00:26.950000+00:00,28.239,29.66,28.914,286.0,303.0,False,86.813,"[2048, 2048, 2049, 2048, 2048, 2048]","[2049, 2049, 2048, 2049, 2049, 2048, 2048]","[2048, 2048, 2048, 2048, 2049, 2048, 2048, 2048, 2048]",313.0
1293,11361,31,16,2026-09-06T14:00:27.537000+00:00,28.063,30.478,28.744,308.0,312.0,False,87.285,"[None, 2048, 2048, 2048, 2048, 2049]","[2049, 2048, 2048, 2048, 2049, 2048, 2048]","[2048, 2048, 2048, 2048, 2048, 2048, 2048, 2048, 2048]",325.0
1293,11361,55,16,2026-09-06T14:00:28.953000+00:00,28.22,30.397,29.604,302.0,325.0,False,88.221,"[None, 2048, 2048, 2048, 2048, 2048]","[2048, 2048, 2048, 2048, 2048, 2048, 2048]","[2048, 2048, 2048, 2048, 2048, 2048, 2048, 2049, 2049]",325.0
1293,11361,43,16,2026-09-06T14:00:29.205000+00:00,27.507,30.651,29.176,303.0,314.0,False,87.334,"[2051, 2049, 2048, 2048, 2049, 2048]","[2048, 2048, 2048, 2048, 2048, 2048, 2048]","[2048, 2048, 2048, 2048, 2048, 2048, 2048, 2048]",331.0
1293,11361,23,16,2026-09-06T14:00:31.386000+00:00,28.119,30.24,28.997,296.0,310.0,False,87.356,"[None, 2048, 2048, 2048, 2048, 2048]","[2048, 2048, 2048, 2048, 2048, 2048, 2048]","[2048, 2048, 2048, 2048, 2048, 2048, 2048, 2048, 2048]",
1293,11361,11,16,2026-09-06T14:00:37.448000+00:00,29.106,30.507,29.172,277.0,309.0,False,88.785,"[None, 2048, 2048, 2049, 2048, 2048]","[2048, 2048, 2048, 2048, 2048, 2048, 2048]","[2048, 2048, 2048, 2048, 2048, 2048, 2048, 2048, 2048]",302.0
1293,11361,14,16,2026-09-06T14:00:37.698000+00:00,28.67,30.114,29.274,297.0,285.0,False,88.058,"[None, 2048, 2048, 2048, 2049, 2049]","[2049, 2048, 2049, 2049, 2049, 2048, 2048]","[2048, 2048, 2048, 2048, 2049, 2049, 2048, 2048, 2048]",301.0
1293,11361,77,16,2026-09-06T14:00:41.558000+00:00,29.01,30.135,29.427,280.0,302.0,False,88.572,"[None, 2048, 2048, 2048, 2048, 2048]","[2048, 2049, 2048, 2049, 2048, 2048, 2048]","[2048, 2048, 2048, 2048, 2048, 2048, 2048, 2048, 2048]",
1293,11361,18,16,2026-09-06T14:00:44.573000+00:00,29.432,30.388,29.527,275.0,289.0,False,89.347,"[None, 2048, 2048, 2048, 2048, 2048]","[2048, 2048, 2048, 2048, 2049, 2048, 2048]","[2048, 2048, 2048, 2048, 2048, 2048, 2048, 2048, 2048]",288.0
1293,11361,30,16,2026-09-06T14:00:59.011000+00:00,28.548,29.446,28.55,285.0,304.0,False,86.544,"[None, 2048, 2048, 2049, 2048, 2048]","[2049, 2048, 2049, 2048, 2049, 2048, 2048]","[2048, 2048, 2048, 2048, 2049, 2049, 2048, 2048, 2048]",305.0
1293,11361,63,17,2026-09-06T14:01:34.212000+00:00,27.906,29.296,28.382,299.0,303.0,False,85.584,"[None, 2048, 2048, 2049, 2048, 2048]","[2048, 2048, 2049, 2051, 2048, 2048, 2048]","[2048, 2048, 2048, 2048, 2048, 2048, 2048, 2048, 2048]",300.0
1293,11361,12,17,2026-09-06T14:01:35.017000+00:00,27.617,29.352,28.234,304.0,315.0,False,85.203,"[None, 2048, 2048, 2049, 2048, 2048]","[2048, 2048, 2048, 2049, 2048, 2048, 2048]","[2048, 2048, 2048, 2048, 2049, 2049, 2049, 2048, 2048]",319.0
1293,11361,3,17,2026-09-06T14:01:35.399000+00:00,27.918,29.45,28.051,297.0,316.0,False,85.419,"[2049, 2049, 2048, 2048, 2049, 2048]","[2048, 2048, 2049, 2048, 2048, 2048, 2048]","[2048, 2048, 2048, 2048, 2048, 2048, 2049, 2049, 2049]",315.0
1293,11361,44,17,2026-09-06T14:01:36.949000+00:00,28.259,29.57,28.66,290.0,308.0,False,86.489,"[None, 2048, 2048, 2048, 2048, 2048]","[2048, 2048, 2048, 2048, 2048, 2048, 2048]","[2048, 2048, 2048, 2048, 2048, 2048, 2048, 2048, 2048]",306.0
1293,11361,81,17,2026-09-06T14:01:37.206000+00:00,28.214,29.805,28.533,300.0,318.0,False,86.552,"[None, 2049, 2048, 2048, 2048, 2048]","[2048, 2048, 2048, 2048, 2048, 2048, 2048]","[2048, 2048, 2048, 2048, 2048, 2048, 2048, 2048, 2048]",326.0
1293,11361,10,17,2026-09-06T14:01:38.037000+00:00,27.896,29.778,28.655,302.0,323.0,False,86.329,"[None, 2048, 2048, 2048, 2048, 2048]","[2048, 2048, 2048, 2048, 2048, 2048, 2049]","[2048, 2048, 2048, 2048, 2048, 2048, 2048, 2048, 2048]",320.0
1293,11361,1,17,2026-09-06T14:01:38.449000+00:00,27.84,30.267,28.442,301.0,314.0,False,86.549,"[None, 2048, 2048, 2048, 2048, 2048]","[2048, 2048, 2048, 2048, 2048, 2048, 2048]","[2048, 2048, 2048, 2048, 2048, 2048, 2048, 2048, 2048]",336.0
1293,11361,41,17,2026-09-06T14:01:43.151000+00:00,28.384,29.796,28.678,,306.0,False,86.858,"[None, 2048, 2049, 2048, 2048, 2048]","[2048, 2048, 2048, 2048, 2048, 2048, 2048]","[2048, 2048, 2048, 2048, 2048, 2048, 2048, 2048, 2048]",314.0
1293,11361,22,17,2026-09-06T14:01:45.773000+00:00,28.272,29.825,28.488,290.0,307.0,False,86.585,"[None, 2048, 2048, 2048, 2048, 2048]","[2048, 2048, 2048, 2048, 2048, 2048, 2048]","[2048, 2048, 2048, 2048, 2048, 2048, 2048, 2048, 2048]",316.0
1293,11361,87,17,2026-09-06T14:01:49.746000+00:00,28.49,29.797,28.784,286.0,307.0,False,87.071,"[None, 2048, 2048, 2048, 2048, 2048]","[2048, 2049, 2048, 2048, 2048, 2048, 2048]","[2049, 2048, 2048, 2048, 2048, 2048, 2048, 2048, 2048]",
1293,11361,5,17,2026-09-06T14:01:53.746000+00:00,28.58,29.569,28.863,285.0,302.0,False,87.012,"[None, 2048, 2048, 2051, 2048, 2048]","[2048, 2049, 2049, 2049, 2048, 2048, 2048]","[2048, 2049, 2048, 2048, 2049, 2048, 2048, 2048, 2048]",308.0
1293,11361,31,17,2026-09-06T14:01:54.824000+00:00,28.466,29.905,28.758,289.0,311.0,False,87.129,"[None, 2048, 2048, 2048, 2048, 2048]","[2048, 2049, 2049, 2049, 2048, 2048, 2048]","[2049, 2048, 2048, 2048, 2049, 2048, 2048, 2048]",321.0
1293,11361,27,17,2026-09-06T14:01:55.434000+00:00,28.199,30.078,28.7,296.0,318.0,False,86.977,"[2049, 2048, 2048, 2048, 2048, 2048]","[2048, 2048, 2048, 2048, 2048, 2048, 2048]","[2048, 2048, 2048, 2048, 2048, 2048, 2049, 2049, 2049]",314.0
1293,11361,43,17,2026-09-06T14:01:56.481000+00:00,28.214,30.337,28.509,297.0,310.0,False,87.06,"[2048, 2048, 2048, 2049, 2048, 2048]","[2048, 2048, 2048, 2048, 2048, 2048, 2048]","[2049, 2048, 2048, 2048, 2048, 2048, 2048, 2048, 2048]",324.0
1293,11361,55,17,2026-09-06T14:01:57.152000+00:00,27.997,30.368,29.129,304.0,322.0,False,87.494,"[2049, 2048, 2048, 2048, 2048, 2048]","[2048, 2048, 2048, 2048, 2048, 2048, 2048]","[2048, 2048, 2048, 2049, 2048, 2048, 2048, 2048, 2048]",332.0
1293,11361,23,17,2026-09-06T14:01:58.668000+00:00,27.9,30.307,29.083,299.0,316.0,False,87.29,"[None, 2048, 2048, 2048, 2048, 2048]","[2048, 2048, 2048, 2048, 2048, 2048, 2048]","[2048, 2048, 2048, 2048, 2048, 2048, 2048, 2048, 2049]",325.0
1293,11361,14,17,2026-09-06T14:02:05.730000+00:00,29.556,30.734,29.1,281.0,291.0,False,89.39,"[None, 2048, 2048, 2048, 2048, 2048]","[2048, 2048, 2048, 2048, 2048, 2048, 2048]","[2048, 2048, 2048, 2048, 2048, 2048, 2048, 2048, 2048]",290.0
1293,11361,11,17,2026-09-06T14:02:06.258000+00:00,28.661,30.418,29.278,278.0,295.0,False,88.357,"[None, 2048, 2048, 2049, 2048, 2048]","[2048, 2048, 2048, 2049, 2048, 2048, 2048]","[2048, 2049, 2048, 2048, 2048, 2048, 2048, 2048, 2048]",309.0
1293,11361,77,17,2026-09-06T14:02:10.120000+00:00,28.944,30.288,29.244,,300.0,False,88.476,"[None, 2048, 2048, 2049, 2048, 2048]","[2049, 2048, 2048, 2048, 2048, 2048, 2048]","[2048, 2049, 2048, 2048, 2048, 2048, 2048, 2048, 2048]",308.0
1293,11361,18,17,2026-09-06T14:02:14.183000+00:00,29.389,30.232,29.464,,291.0,False,89.085,"[None, 2048, 2048, 2049, 2048, 2048]","[2048, 2048, 2048, 2048, 2049, 2048, 2048]","[2048, 2049, 2048, 2048, 2048, 2048, 2048, 2048, 2048]",292.0
1293,11361,30,17,2026-09-06T14:02:25.571000+00:00,28.447,29.489,28.441,286.0,305.0,False,86.377,"[None, 2048, 2048, 2049, 2048, 2048]","[2049, 2048, 2049, 2049, 2048, 2048, 2048]","[2048, 2049, 2048, 2048, 2049, 2048, 2048, 2048, 2048]",310.0
1293,11361,63,18,2026-09-06T14:02:59.789000+00:00,28.236,29.662,28.254,310.0,313.0,False,86.152,"[None, 2048, 2048, 2048, 2048, 2049]","[2048, 2048, 2048, 2048, 2048, 2048, 2048]","[2049, 2049, 2049, 2049, 2048, 2048, 2048, 2048, 2048]",
1293,11361,12,18,2026-09-06T14:03:00.180000+00:00,27.598,29.148,28.478,294.0,297.0,False,85.224,"[None, 2048, 2048, 2048, 2048, 2048]","[2048, 2049, 2048, 2049, 2051, 2048, 2048]","[2048, 2051, 2048, 2048, 2049, 2048, 2048, 2048, 2048]",324.0
1293,11361,3,18,2026-09-06T14:03:00.868000+00:00,27.64,29.738,28.089,311.0,319.0,False,85.467,"[None, 2048, 2048, 2048, 2049, 2049]","[2048, 2048, 2048, 2048, 2048, 2048, 2048]","[2048, 2048, 2048, 2048, 2048, 2048, 2048, 2048, 2048]",325.0
1293,11361,44,18,2026-09-06T14:03:03.524000+00:00,28.237,29.93,28.672,291.0,303.0,False,86.839,"[None, 2048, 2048, 2048, 2048, 2048]","[2048, 2048, 2048, 2048, 2048, 2048, 2048]","[2048, 2048, 2048, 2048, 2048, 2048, 2048, 2048, 2048]",305.0
1293,11361,81,18,2026-09-06T14:03:03.790000+00:00,27.876,30.291,28.597,,320.0,False,86.764,"[2049, 2048, 2048, 2048, 2048, 2048]","[2048, 2048, 2048, 2048, 2048, 2048, 2048]","[2048, 2048, 2048, 2048, 2048, 2048, 2048, 2048, 2048]",318.0
1293,11361,10,18,2026-09-06T14:03:04.258000+00:00,27.57,30.581,28.658,311.0,322.0,False,86.809,"[None, 2048, 2048, 2048, 2049, 2049]","[2048, 2048, 2048, 2048, 2048, 2048, 2048]","[2048, 2048, 2048, 2048, 2048, 2048, 2048, 2048, 2048]",321.0
1293,11361,1,18,2026-09-06T14:03:04.868000+00:00,27.764,30.315,28.377,,319.0,False,86.456,"[None, 2048, 2048, 2048, 2048, 2048]","[2048, 2048, 2048, 2048, 2048, 2048, 2048]","[2048, 2048, 2049, 2048, 2048, 2048, 2049, 2049, 2049]",328.0
1293,11361,41,18,2026-09-06T14:03:09.993000+00:00,28.379,29.788,28.725,,306.0,False,86.892,"[None, 2048, 2048, 2048, 2048, 2048]","[2048, 2048, 2048, 2048, 2048, 2048, 2048]","[2048, 2048, 2048, 2048, 2048, 2048, 2048, 2048, 2048]",
1293,11361,22,18,2026-09-06T14:03:12.493000+00:00,28.297,29.792,28.597,291.0,308.0,False,86.686,"[None, 2048, 2048, 2048, 2048, 2048]","[2048, 2048, 2049, 2048, 2048, 2048, 2048]","[2048, 2048, 2048, 2048, 2048, 2048, 2048, 2048, 2048]",317.0
1293,11361,87,18,2026-09-06T14:03:16.774000+00:00,28.346,29.823,28.77,287.0,304.0,False,86.939,"[None, 2048, 2048, 2049, 2048, 2048]","[2048, 2048, 2048, 2048, 2048, 2048, 2048]","[2048, 2049, 2048, 2048, 2048, 2048, 2048, 2048, 2048]",313.0
1293,11361,5,18,2026-09-06T14:03:20.774000+00:00,28.636,29.633,28.68,284.0,302.0,False,86.949,"[None, 2048, 2049, 2048, 2048, 2048]","[2048, 2048, 2048, 2049, 2048, 2048, 2048]","[2049, 2049, 2048, 2048, 2048, 2048, 2048, 2048, 2048]",310.0
1293,11361,31,18,2026-09-06T14:03:21.915000+00:00,28.396,30.419,28.692,288.0,318.0,False,87.507,"[None, 2048, 2049, 2048, 2048, 2048]","[2048, 2048, 2048, 2048, 2048, 2048, 2048]","[2048, 2048, 2048, 2048, 2048, 2048, 2048, 2048, 2048]",320.0
1293,11361,27,18,2026-09-06T14:03:22.446000+00:00,27.924,29.892,28.637,299.0,310.0,False,86.453,"[None, 2049, 2048, 2048, 2048, 2048]","[2048, 2048, 2048, 2049, 2049, 2048, 2048]","[2048, 2049, 2048, 2048, 2049, 2048, 2048, 2048, 2048]",323.0
1293,11361,43,18,2026-09-06T14:03:23.594000+00:00,27.939,30.251,28.62,298.0,312.0,False,86.81,"[None, 2048, 2048, 2048, 2048, 2048]","[2048, 2048, 2048, 2049, 2048, 2048, 2048]","[2048, 2049, 2048, 2048, 2048, 2048, 2048, 2048, 2048]",331.0
1293,11361,55,18,2026-09-06T14:03:24.750000+00:00,27.914,30.033,28.968,299.0,319.0,False,86.915,"[2048, 2048, 2048, 2048, 2048, 2048]","[2048, 2048, 2048, 2048, 2048, 2048, 2048]","[2048, 2048, 2049, 2049, 2048, 2048, 2048, 2048, 2048]",326.0
1293,11361,23,18,2026-09-06T14:03:25.939000+00:00,27.85,30.292,29.053,297.0,314.0,False,87.195,"[2049, 2049, 2048, 2048, 2048, 2048]","[2048, 2048, 2048, 2048, 2048, 2048, 2048]","[2048, 2048, 2048, 2048, 2048, 2048, 2048, 2048, 2048]",330.0
1293,11361,11,18,2026-09-06T14:03:34.557000+00:00,28.883,30.466,29.74,,292.0,False,89.089,"[None, 2048, 2048, 2048, 2048, 2048]","[2048, 2048, 2048, 2049, 2049, 2048, 2048]","[2048, 2048, 2048, 2048, 2048, 2048, 2049, 2048, 2048]",306.0
1293,11361,14,18,2026-09-06T14:03:35.167000+00:00,28.847,30.63,29.011,283.0,291.0,False,88.488,"[None, 2048, 2048, 2048, 2048, 2048]","[2048, 2048, 2048, 2048, 2048, 2048, 2048]","[2048, 2048, 2048, 2048, 2048, 2048, 2048, 2048, 2048]",297.0
1293,11361,77,18,2026-09-06T14:03:38.636000+00:00,28.686,30.252,29.601,281.0,300.0,False,88.539,"[None, 2048, 2049, 2048, 2048, 2048]","[2048, 2048, 2048, 2048, 2048, 2048, 2048]","[2048, 2048, 2048, 2048, 2048, 2048, 2048, 2048, 2048]",311.0
1293,11361,18,18,2026-09-06T14:03:42.964000+00:00,29.453,30.264,29.568,276.0,288.0,False,89.285,"[None, 2048, 2048, 2048, 2048, 2048]","[2049, 2048, 2048, 2048, 2048, 2048, 2048]","[2048, 2048, 2048, 2048, 2048, 2048, 2048, 2048, 2048]",289.0
1293,11361,30,18,2026-09-06T14:03:52.040000+00:00,28.314,29.477,28.522,288.0,306.0,False,86.313,"[None, 2048, 2049, 2048, 2048, 2048]","[2048, 2048, 2048, 2049, 2048, 2048, 2048]","[2048, 2048, 2048, 2048, 2048, 2048, 2048, 2048, 2048]",311.0
1293,11361,12,19,2026-09-06T14:04:25.409000+00:00,28.045,29.296,28.388,299.0,301.0,False,85.729,"[None, 2048, 2048, 2048, 2048, 2048]","[2049, 2048, 2048, 2051, 2048, 2048, 2048]","[2048, 2051, 2048, 2048, 2048, 2048, 2048, 2048, 2048]",304.0
1293,11361,63,19,2026-09-06T14:04:25.990000+00:00,28.223,29.281,28.298,298.0,312.0,False,85.802,"[None, 2048, 2048, 2048, 2048, 2048]","[2048, 2048, 2049, 2048, 2048, 2049, 2048]","[2048, 2048, 2049, 2048, 2048, 2048, 2048, 2048, 2049]",320.0
1293,11361,3,19,2026-09-06T14:04:26.298000+00:00,28.905,29.504,28.017,287.0,313.0,False,86.426,"[None, 2049, 2048, 2048, 2048, 2048]","[2048, 2048, 2048, 2048, 2048, 2048, 2048]","[2048, 2048, 2049, 2051, 2048, 2048, 2048, 2048, 2048]",311.0
1293,11361,44,19,2026-09-06T14:04:30.272000+00:00,28.383,29.737,28.467,306.0,315.0,False,86.587,"[None, 2048, 2048, 2048, 2048, 2048]","[2048, 2048, 2048, 2048, 2048, 2048, 2048]","[2048, 2048, 2048, 2048, 2048, 2048, 2048, 2048, 2048]",311.0
1293,11361,81,19,2026-09-06T14:04:30.539000+00:00,27.816,29.332,28.498,295.0,310.0,False,85.646,"[2048, 2048, 2048, 2049, 2048, 2048]","[2048, 2048, 2048, 2049, 2049, 2048, 2048]","[2048, 2049, 2048, 2048, 2049, 2048, 2048, 2048, 2048]",309.0
1293,11361,10,19,2026-09-06T14:04:31.105000+00:00,28.088,30.052,28.839,,316.0,False,86.979,"[None, 2048, 2048, 2048, 2048, 2048]","[2049, 2048, 2048, 2048, 2048, 2048, 2048]","[2048, 2048, 2048, 2048, 2048, 2048, 2048, 2048, 2048]",327.0
1293,11361,1,19,2026-09-06T14:04:31.390000+00:00,27.933,30.241,28.816,315.0,325.0,False,86.99,"[2049, 2049, 2048, 2048, 2048, 2048]","[2048, 2048, 2048, 2048, 2048, 2048, 2048]","[2048, 2048, 2048, 2048, 2048, 2048, 2048, 2048, 2048]",333.0
1293,11361,41,19,2026-09-06T14:04:36.851000+00:00,28.369,29.68,28.736,288.0,306.0,False,86.785,"[None, 2048, 2048, 2049, 2048, 2048]","[2048, 2049, 2048, 2048, 2048, 2048, 2048]","[2048, 2048, 2048, 2048, 2048, 2048, 2048, 2048, 2048]",
1293,11361,22,19,2026-09-06T14:04:39.078000+00:00,28.483,29.925,28.568,,307.0,False,86.976,"[None, 2048, 2048, 2048, 2048, 2048]","[2048, 2048, 2048, 2048, 2048, 2048, 2048]","[2048, 2048, 2048, 2048, 2048, 2048, 2048, 2048, 2048]",318.0
1293,11361,87,19,2026-09-06T14:04:43.678000+00:00,28.634,29.826,28.861,286.0,304.0,False,87.321,"[None, 2048, 2048, 2048, 2048, 2048]","[2049, 2048, 2048, 2048, 2049, 2048, 2048]","[2048, 2048, 2048, 2048, 2048, 2048, 2048, 2048, 2048]",311.0
1293,11361,5,19,2026-09-06T14:04:47.790000+00:00,28.519,29.599,28.765,285.0,303.0,False,86.883,"[None, 2048, 2049, 2048, 2048, 2048]","[2048, 2048, 2049, 2049, 2048, 2048, 2048]","[2048, 2048, 2048, 2048, 2048, 2048, 2048, 2048, 2048]",311.0
1293,11361,27,19,2026-09-06T14:04:48.852000+00:00,28.269,29.785,28.608,288.0,310.0,False,86.662,"[2048, 2048, 2048, 2049, 2048, 2048]","[2048, 2048, 2048, 2048, 2048, 2048, 2048]","[2048, 2048, 2048, 2048, 2048, 2048, 2048, 2048, 2048]",314.0
1293,11361,31,19,2026-09-06T14:04:49.453000+00:00,28.378,29.97,28.589,290.0,314.0,False,86.937,"[None, 2048, 2048, 2048, 2048, 2048]","[2048, 2048, 2048, 2048, 2048, 2048, 2048]","[2048, 2049, 2048, 2048, 2048, 2048, 2048, 2048, 2048]",323.0
1293,11361,43,19,2026-09-06T14:04:50.473000+00:00,27.944,30.368,28.596,300.0,314.0,False,86.908,"[None, 2048, 2048, 2048, 2048, 2048]","[2048, 2048, 2048, 2048, 2048, 2048, 2048]","[2048, 2048, 2048, 2048, 2048, 2048, 2048, 2048, 2048]",328.0
1293,11361,55,19,2026-09-06T14:04:51.587000+00:00,27.992,30.093,28.989,298.0,319.0,False,87.074,"[None, 2048, 2048, 2048, 2048, 2048]","[2048, 2049, 2048, 2048, 2048, 2048, 2048]","[2049, 2048, 2048, 2048, 2048, 2049, 2048, 2048, 2048]",324.0
1293,11361,23,19,2026-09-06T14:04:53.259000+00:00,27.972,30.204,28.897,294.0,313.0,False,87.073,"[2048, 2048, 2049, 2048, 2048, 2048]","[2049, 2048, 2048, 2048, 2048, 2048, 2048]","[2048, 2048, 2048, 2048, 2048, 2048, 2048, 2048, 2048]",325.0
1293,11361,14,19,2026-09-06T14:05:03.552000+00:00,29.253,30.674,29.14,278.0,290.0,False,89.067,"[None, 2048, 2048, 2048, 2048, 2048]","[2048, 2048, 2048, 2048, 2048, 2048, 2048]","[2048, 2048, 2048, 2048, 2048, 2048, 2048, 2048, 2048]",299.0
1293,11361,11,19,2026-09-06T14:05:03.738000+00:00,28.701,30.193,29.522,276.0,293.0,False,88.416,"[None, 2048, 2048, 2048, 2048, 2048]","[2048, 2049, 2049, 2049, 2049, 2048, 2048]","[2048, 2048, 2048, 2048, 2049, 2048, 2048, 2048, 2048]",307.0
1293,11361,77,19,2026-09-06T14:05:07.121000+00:00,28.999,30.169,29.303,280.0,300.0,False,88.471,"[None, 2048, 2048, 2048, 2048, 2048]","[2048, 2048, 2048, 2048, 2048, 2048, 2048]","[2048, 2048, 2048, 2048, 2048, 2048, 2048, 2048, 2048]",307.0
1293,11361,18,19,2026-09-06T14:05:12.340000+00:00,29.324,30.274,29.512,273.0,290.0,False,89.11,"[None, 2048, 2048, 2048, 2048, 2048]","[2048, 2049, 2048, 2048, 2048, 2048, 2048]","[2048, 2049, 2048, 2048, 2048, 2048, 2048, 2048, 2048]",292.0
1293,11361,30,19,2026-09-06T14:05:18.325000+00:00,28.387,29.388,28.406,,308.0,False,86.181,"[None, 2048, 2048, 2048, 2048, 2048]","[2048, 2048, 2049, 2048, 2048, 2048, 2048]","[2048, 2048, 2048, 2048, 2048, 2048, 2048, 2048, 2048]",309.0
1293,11361,12,20,2026-09-06T14:05:51.153000+00:00,28.144,29.14,28.305,308.0,302.0,False,85.589,"[None, 2048, 2048, 2048, 2051, 2049]","[2049, 2048, 2048, 2051, 2048, 2048, 2048]","[2048, 2051, 2048, 2048, 2048, 2048, 2048, 2048, 2048]",298.0
1293,11361,63,20,2026-09-06T14:05:51.747000+00:00,27.607,29.429,28.57,,318.0,False,85.606,"[2049, 2049, 2048, 2048, 2048, 2048]","[2048, 2048, 2048, 2048, 2048, 2049, 2049]","[2048, 2048, 2048, 2048, 2048, 2048, 2048, 2048, 2048]",319.0
1293,11361,3,20,2026-09-06T14:05:52.747000+00:00,28.329,29.319,28.425,293.0,312.0,False,86.073,"[2048, 2048, 2048, 2048, 2048, 2048]","[2048, 2048, 2049, 2048, 2048, 2048, 2048]","[2048, 2048, 2048, 2048, 2048, 2048, 2048, 2048, 2048]",314.0
1293,11361,81,20,2026-09-06T14:05:56.216000+00:00,28.157,29.422,28.515,294.0,308.0,False,86.094,"[None, 2048, 2048, 2048, 2048, 2048]","[2048, 2048, 2048, 2049, 2048, 2048, 2048]","[2048, 2049, 2048, 2048, 2049, 2049, 2048, 2048, 2048]",
1293,11361,44,20,2026-09-06T14:05:56.809000+00:00,28.328,29.499,28.497,294.0,306.0,False,86.324,"[None, 2048, 2048, 2048, 2048, 2048]","[2048, 2048, 2048, 2048, 2048, 2048, 2048]","[2048, 2048, 2048, 2048, 2048, 2048, 2048, 2048, 2048]",
1293,11361,10,20,2026-09-06T14:05:58.137000+00:00,29.8,30.072,28.978,295.0,307.0,False,88.85,"[None, 2048, 2049, 2048, 2048, 2048]","[2048, 2048, 2048, 2048, 2048, 2048, 2048]","[2048, 2048, 2048, 2048, 2048, 2048, 2048, 2048, 2048]",323.0
1293,11361,1,20,2026-09-06T14:05:58.434000+00:00,29.327,30.428,29.054,267.0,302.0,False,88.809,"[2048, 2048, 2051, 2048, 2048, 2048]","[2048, 2048, 2049, 2048, 2048, 2049, 2048]","[2048, 2048, 2049, 2048, 2048, 2049, 2048, 2048, 2048]",335.0
1293,11361,41,20,2026-09-06T14:06:03.669000+00:00,28.516,29.741,28.67,,307.0,False,86.927,"[None, 2048, 2048, 2048, 2048, 2048]","[2048, 2048, 2048, 2048, 2048, 2048, 2048]","[2048, 2049, 2048, 2048, 2048, 2048, 2048, 2048, 2048]",313.0
1293,11361,22,20,2026-09-06T14:06:06.012000+00:00,28.318,29.872,28.761,,309.0,False,86.951,"[None, 2048, 2048, 2048, 2048, 2048]","[2048, 2048, 2048, 2048, 2048, 2048, 2048]","[2048, 2048, 2048, 2048, 2048, 2048, 2048, 2048, 2048]",316.0
1293,11361,87,20,2026-09-06T14:06:10.958000+00:00,28.762,29.777,28.839,287.0,306.0,False,87.378,"[None, 2048, 2048, 2048, 2048, 2048]","[2048, 2048, 2048, 2048, 2048, 2048, 2048]","[2048, 2048, 2048, 2048, 2048, 2048, 2048, 2048, 2048]",310.0
1293,11361,5,20,2026-09-06T14:06:14.644000+00:00,28.638,29.506,28.591,,305.0,False,86.735,"[None, 2048, 2048, 2048, 2048, 2048]","[2048, 2049, 2049, 2048, 2048, 2048, 2048]","[2048, 2049, 2048, 2048, 2048, 2048, 2048, 2048, 2048]",309.0
1293,11361,27,20,2026-09-06T14:06:15.551000+00:00,28.199,29.628,28.518,293.0,316.0,False,86.345,"[None, 2048, 2048, 2049, 2048, 2048]","[2048, 2048, 2048, 2049, 2049, 2048, 2048]","[2049, 2048, 2048, 2048, 2048, 2048, 2048, 2048, 2048]",308.0
1293,11361,31,20,2026-09-06T14:06:16.379000+00:00,28.295,29.87,28.622,291.0,314.0,False,86.787,"[None, 2048, 2048, 2048, 2048, 2048]","[2048, 2048, 2048, 2049, 2049, 2048, 2048]","[2048, 2048, 2048, 2048, 2048, 2048, 2048, 2048, 2048]",320.0
1293,11361,43,20,2026-09-06T14:06:17.428000+00:00,27.991,30.152,28.447,301.0,314.0,False,86.59,"[None, 2048, 2048, 2048, 2048, 2048]","[2048, 2048, 2049, 2049, 2048, 2048, 2048]","[2048, 2049, 2048, 2048, 2048, 2048, 2048, 2048, 2048]",318.0
1293,11361,55,20,2026-09-06T14:06:18.691000+00:00,28.018,30.008,28.869,,314.0,False,86.895,"[None, 2048, 2048, 2049, 2048, 2048]","[2048, 2049, 2048, 2048, 2049, 2048, 2048]","[2048, 2049, 2048, 2048, 2048, 2048, 2048, 2048, 2048]",318.0
1293,11361,23,20,2026-09-06T14:06:20.207000+00:00,27.992,30.158,28.868,296.0,313.0,False,87.018,"[None, 2048, 2048, 2049, 2048, 2048]","[2048, 2048, 2048, 2048, 2048, 2048, 2048]","[2049, 2048, 2048, 2048, 2048, 2048, 2048, 2048, 2048]",324.0
1293,11361,11,20,2026-09-06T14:06:31.941000+00:00,29.058,30.185,29.527,277.0,292.0,False,88.77,"[None, 2048, 2049, 2048, 2048, 2048]","[2048, 2049, 2048, 2049, 2049, 2048, 2048]","[2048, 2048, 2048, 2048, 2048, 2048, 2048, 2048, 2048]",303.0
1293,11361,14,20,2026-09-06T14:06:32.692000+00:00,29.154,30.314,29.234,277.0,286.0,False,88.702,"[None, 2048, 2049, 2048, 2048, 2048]","[2048, 2048, 2048, 2048, 2048, 2048, 2048]","[2048, 2048, 2048, 2048, 2048, 2048, 2048, 2048, 2048]",286.0
1293,11361,77,20,2026-09-06T14:06:35.598000+00:00,28.788,30.306,29.474,281.0,299.0,False,88.568,"[None, 2048, 2049, 2048, 2048, 2048]","[2048, 2048, 2048, 2048, 2048, 2048, 2048]","[2048, 2049, 2048, 2048, 2048, 2048, 2048, 2048, 2048]",312.0
1293,11361,18,20,2026-09-06T14:06:41.410000+00:00,29.54,30.175,29.481,,287.0,False,89.196,"[None, 2048, 2048, 2048, 2048, 2048]","[2048, 2049, 2048, 2049, 2048, 2048, 2048]","[2048, 2049, 2048, 2048, 2048, 2048, 2048, 2048, 2048]",287.0
1293,11361,30,20,2026-09-06T14:06:44.441000+00:00,28.235,29.446,28.613,290.0,312.0,False,86.294,"[None, 2048, 2048, 2048, 2048, 2048]","[2048, 2048, 2048, 2048, 2048, 2048, 2048]","[2048, 2048, 2048, 2048, 2048, 2048, 2048, 2048, 2048]",314.0
1293,11361,12,21,2026-09-06T14:07:16.801000+00:00,28.29,29.291,28.252,296.0,301.0,False,85.833,"[None, 2048, 2048, 2048, 2048, 2048]","[2048, 2048, 2049, 2048, 2048, 2048, 2048]","[2048, 2051, 2048, 2048, 2048, 2048, 2048, 2048, 2048]",
1293,11361,63,21,2026-09-06T14:07:17.379000+00:00,27.801,29.611,28.356,311.0,318.0,False,85.768,"[2048, 2048, 2048, 2048, 2048, 2048]","[2048, 2048, 2048, 2048, 2048, 2048, 2048]","[2048, 2048, 2048, 2048, 2048, 2048, 2048, 2048, 2048]",322.0
1293,11361,3,21,2026-09-06T14:07:18.817000+00:00,28.236,29.558,28.377,288.0,310.0,False,86.171,"[None, 2048, 2048, 2048, 2048, 2048]","[2048, 2048, 2048, 2048, 2048, 2048, 2048]","[2048, 2048, 2048, 2048, 2048, 2048, 2048, 2048, 2048]",321.0
1293,11361,81,21,2026-09-06T14:07:22.254000+00:00,28.241,29.481,28.509,293.0,308.0,False,86.231,"[None, 2048, 2048, 2048, 2048, 2048]","[2048, 2048, 2048, 2049, 2048, 2048, 2048]","[2048, 2048, 2048, 2048, 2049, 2049, 2048, 2048, 2048]",310.0
1293,11361,44,21,2026-09-06T14:07:23.223000+00:00,28.212,29.619,28.34,,307.0,False,86.171,"[None, 2048, 2048, 2048, 2048, 2048]","[2048, 2048, 2048, 2048, 2048, 2048, 2048]","[2048, 2048, 2048, 2048, 2048, 2048, 2048, 2048, 2048]",312.0
1293,11361,10,21,2026-09-06T14:07:26.910000+00:00,28.394,30.488,28.745,304.0,317.0,False,87.627,"[None, 2048, 2048, 2048, 2048, 2048]","[2048, 2048, 2048, 2048, 2048, 2048, 2048]","[2048, 2048, 2048, 2048, 2048, 2048, 2048, 2048, 2048]",
1293,11361,1,21,2026-09-06T14:07:27.129000+00:00,28.008,29.821,28.899,290.0,307.0,False,86.728,"[None, 2048, 2048, 2048, 2048, 2048]","[2048, 2048, 2048, 2048, 2049, 2048, 2048]","[2048, 2049, 2048, 2048, 2049, 2048, 2048, 2048, 2048]",322.0
1293,11361,41,21,2026-09-06T14:07:30.598000+00:00,28.406,29.802,28.653,,309.0,False,86.861,"[None, 2048, 2048, 2048, 2048, 2048]","[2048, 2048, 2048, 2048, 2048, 2048, 2048]","[2048, 2048, 2048, 2048, 2048, 2048, 2048, 2048, 2048]",315.0
1293,11361,22,21,2026-09-06T14:07:33.082000+00:00,28.466,29.871,28.562,,309.0,False,86.899,"[None, 2048, 2048, 2048, 2048, 2048]","[2048, 2048, 2048, 2048, 2048, 2048, 2048]","[2048, 2048, 2048, 2048, 2048, 2048, 2048, 2048, 2048]",315.0
1293,11361,87,21,2026-09-06T14:07:38.430000+00:00,28.692,29.775,28.886,286.0,304.0,False,87.353,"[None, 2048, 2049, 2048, 2048, 2048]","[2048, 2048, 2048, 2048, 2048, 2048, 2048]","[2048, 2048, 2048, 2048, 2048, 2048, 2048, 2048, 2048]",
1293,11361,5,21,2026-09-06T14:07:41.388000+00:00,28.367,29.648,28.567,287.0,304.0,False,86.582,"[None, 2048, 2048, 2048, 2048, 2048]","[2048, 2048, 2048, 2048, 2048, 2048, 2048]","[2048, 2048, 2048, 2048, 2048, 2048, 2048, 2048, 2048]",314.0
1293,11361,27,21,2026-09-06T14:07:41.831000+00:00,28.463,29.758,28.451,287.0,315.0,False,86.672,"[None, 2048, 2048, 2048, 2048, 2048]","[2048, 2048, 2048, 2048, 2048, 2048, 2048]","[2048, 2048, 2048, 2048, 2048, 2048, 2048, 2048, 2048]",315.0
1293,11361,31,21,2026-09-06T14:07:43.285000+00:00,29.01,30.295,29.004,289.0,319.0,False,88.309,"[None, 2048, 2049, 2048, 2048, 2048]","[2048, 2048, 2048, 2048, 2048, 2049, 2049]","[2048, 2048, 2048, 2048, 2048, 2048, 2048, 2048, 2048]",321.0
1293,11361,43,21,2026-09-06T14:07:43.907000+00:00,28.109,30.132,28.473,298.0,307.0,False,86.714,"[None, 2048, 2048, 2048, 2048, 2048]","[2048, 2048, 2048, 2049, 2048, 2048, 2048]","[2048, 2049, 2048, 2048, 2049, 2049, 2048, 2048, 2048]",325.0
1293,11361,55,21,2026-09-06T14:07:45.668000+00:00,27.938,30.188,28.941,299.0,315.0,False,87.067,"[None, 2048, 2048, 2048, 2048, 2048]","[2048, 2048, 2048, 2048, 2048, 2048, 2048]","[2048, 2048, 2048, 2048, 2048, 2048, 2048, 2048, 2048]",321.0
1293,11361,23,21,2026-09-06T14:07:47.192000+00:00,28.054,30.199,29.034,297.0,313.0,False,87.287,"[None, 2048, 2049, 2048, 2048, 2048]","[2048, 2048, 2048, 2048, 2048, 2048, 2048]","[2048, 2048, 2048, 2048, 2048, 2048, 2048, 2048, 2048]",322.0
1293,11361,11,21,2026-09-06T14:08:00.775000+00:00,29.082,30.35,29.392,278.0,293.0,False,88.824,"[None, 2048, 2049, 2048, 2048, 2048]","[2048, 2048, 2048, 2048, 2049, 2048, 2048]","[2048, 2048, 2048, 2048, 2048, 2048, 2048, 2048, 2048]",301.0
1293,11361,14,21,2026-09-06T14:08:01.454000+00:00,29.028,30.403,29.019,279.0,292.0,False,88.45,"[None, 2048, 2048, 2048, 2048, 2048]","[2048, 2048, 2048, 2048, 2048, 2048, 2048]","[2048, 2048, 2048, 2048, 2048, 2049, 2049, 2048, 2049]",301.0
1293,11361,77,21,2026-09-06T14:08:04.145000+00:00,29.063,30.126,29.221,280.0,304.0,False,88.41,"[None, 2048, 2048, 2048, 2048, 2048]","[2048, 2048, 2049, 2048, 2048, 2048, 2048]","[2048, 2048, 2048, 2048, 2049, 2048, 2048, 2048, 2048]",309.0
1293,11361,18,21,2026-09-06T14:08:10.652000+00:00,29.782,30.469,29.404,278.0,292.0,False,89.655,"[None, 2048, 2048, 2048, 2048, 2048]","[2048, 2048, 2048, 2048, 2048, 2048, 2048]","[2048, 2048, 2048, 2048, 2048, 2048, 2048, 2048, 2048]",297.0
1293,11361,30,21,2026-09-06T14:08:10.739000+00:00,28.425,29.559,28.522,288.0,307.0,False,86.506,"[None, 2048, 2049, 2048, 2048, 2048]","[2048, 2048, 2048, 2048, 2048, 2048, 2048]","[2048, 2048, 2048, 2048, 2048, 2048, 2048, 2048]",308.0
1293,11361,12,22,2026-09-06T14:08:42.590000+00:00,28.47,29.685,28.381,299.0,298.0,False,86.536,"[None, 2048, 2048, 2048, 2048, 2048]","[2048, 2048, 2048, 2048, 2048, 2048, 2048]","[2048, 2048, 2048, 2048, 2048, 2049, 2048, 2048, 2048]",296.0
1293,11361,63,22,2026-09-06T14:08:43.215000+00:00,27.868,30.051,28.577,303.0,317.0,False,86.496,"[None, 2048, 2049, 2048, 2048, 2048]","[2048, 2048, 2048, 2048, 2048, 2048, 2048]","[2048, 2048, 2048, 2048, 2048, 2048, 2048, 2048, 2048]",315.0
1293,11361,3,22,2026-09-06T14:08:44.965000+00:00,28.241,29.555,28.266,287.0,310.0,False,86.062,"[None, 2048, 2049, 2048, 2048, 2048]","[2048, 2048, 2048, 2048, 2048, 2048, 2048]","[2048, 2048, 2048, 2048, 2048, 2048, 2048, 2048, 2048]",312.0
1293,11361,81,22,2026-09-06T14:08:48.449000+00:00,28.261,29.379,28.443,291.0,307.0,False,86.083,"[None, 2048, 2049, 2048, 2048, 2048]","[2048, 2049, 2049, 2048, 2048, 2048, 2048]","[2048, 2048, 2048, 2048, 2049, 2049, 2048, 2048, 2048]",311.0
1293,11361,44,22,2026-09-06T14:08:49.356000+00:00,28.138,29.527,28.337,,310.0,False,86.002,"[None, 2048, 2048, 2048, 2048, 2048]","[2048, 2048, 2048, 2048, 2048, 2049, 2048]","[2048, 2048, 2048, 2048, 2048, 2048, 2048, 2048, 2048]",314.0
1293,11361,1,22,2026-09-06T14:08:53.907000+00:00,28.38,29.895,28.825,295.0,304.0,False,87.1,"[None, 2048, 2048, 2048, 2048, 2048]","[2048, 2048, 2048, 2048, 2048, 2048, 2048]","[2048, 2049, 2048, 2048, 2049, 2048, 2048, 2048, 2048]",310.0
1293,11361,10,22,2026-09-06T14:08:54.641000+00:00,27.766,30.281,28.872,315.0,314.0,False,86.919,"[None, 2048, 2048, 2048, 2049, 2049]","[2049, 2048, 2048, 2048, 2048, 2048, 2048]","[2048, 2048, 2048, 2048, 2048, 2048, 2048, 2048, 2048]",326.0
1293,11361,41,22,2026-09-06T14:08:57.412000+00:00,28.444,29.672,28.558,,309.0,False,86.674,"[None, 2048, 2048, 2048, 2048, 2048]","[2048, 2049, 2048, 2048, 2048, 2048, 2048]","[2048, 2049, 2048, 2048, 2048, 2048, 2048, 2048, 2048]",316.0
1293,11361,22,22,2026-09-06T14:08:59.952000+00:00,28.406,29.939,28.521,290.0,308.0,False,86.866,"[None, 2048, 2048, 2048, 2048, 2048]","[2048, 2048, 2048, 2048, 2048, 2048, 2048]","[2049, 2048, 2048, 2048, 2048, 2048, 2048, 2048, 2048]",317.0
1293,11361,87,22,2026-09-06T14:09:05.702000+00:00,28.848,29.837,28.897,285.0,305.0,False,87.582,"[None, 2048, 2048, 2048, 2048, 2048]","[2048, 2048, 2048, 2048, 2048, 2048, 2048]","[2048, 2048, 2048, 2048, 2048, 2048, 2048, 2048, 2048]",
1293,11361,5,22,2026-09-06T14:09:07.906000+00:00,28.643,29.837,28.835,286.0,305.0,False,87.315,"[None, 2048, 2048, 2048, 2048, 2048]","[2048, 2048, 2048, 2048, 2048, 2048, 2048]","[2048, 2048, 2048, 2048, 2048, 2048, 2048, 2048, 2048]",310.0
1293,11361,27,22,2026-09-06T14:09:08.597000+00:00,30.839,30.123,28.841,279.0,316.0,False,89.803,"[None, 2048, 2048, 2048, 2048, 2048]","[2048, 2048, 2048, 2048, 2048, 2048, 2048]","[2048, 2048, 2048, 2048, 2048, 2048, 2048, 2048, 2048]",284.0
1293,11361,43,22,2026-09-06T14:09:10.607000+00:00,28.225,30.227,28.6,293.0,302.0,False,87.052,"[None, 2048, 2048, 2048, 2048, 2048]","[2049, 2048, 2048, 2048, 2048, 2048, 2048]","[2048, 2049, 2048, 2048, 2049, 2048, 2048, 2048]",316.0
1293,11361,31,22,2026-09-06T14:09:11.508000+00:00,28.853,30.086,28.671,291.0,315.0,False,87.61,"[None, 2048, 2048, 2048, 2048, 2048]","[2048, 2048, 2048, 2048, 2048, 2048, 2048]","[2048, 2048, 2048, 2048, 2048, 2048, 2048, 2048, 2048]",314.0
1293,11361,55,22,2026-09-06T14:09:12.693000+00:00,27.85,30.661,28.945,309.0,321.0,False,87.456,"[None, 2048, 2048, 2048, 2049, 2049]","[2048, 2048, 2048, 2048, 2048, 2048, 2048]","[2048, 2048, 2048, 2048, 2048, 2048, 2048, 2048, 2048]",324.0
1293,11361,23,22,2026-09-06T14:09:14.639000+00:00,28.124,29.963,28.905,,315.0,False,86.992,"[None, 2048, 2048, 2048, 2048, 2048]","[2049, 2049, 2048, 2048, 2048, 2048, 2048]","[2048, 2048, 2048, 2048, 2048, 2048, 2048, 2048, 2048]",319.0
1293,11361,11,22,2026-09-06T14:09:29.695000+00:00,29.919,30.652,29.315,287.0,304.0,False,89.886,"[None, 2048, 2049, 2048, 2048, 2048]","[2048, 2048, 2048, 2048, 2048, 2048, 2048]","[2048, 2048, 2048, 2048, 2048, 2048, 2048, 2048, 2048]",307.0
1293,11361,14,22,2026-09-06T14:09:29.805000+00:00,29.129,30.327,29.263,271.0,280.0,False,88.719,"[2049, 2048, 2048, 2048, 2048, 2048]","[2048, 2049, 2049, 2048, 2049, 2048, 2048]","[2048, 2048, 2048, 2048, 2049, 2048, 2048, 2048, 2048]",290.0
1293,11361,77,22,2026-09-06T14:09:32.523000+00:00,28.938,30.337,29.319,282.0,300.0,False,88.594,"[None, 2048, 2048, 2048, 2048, 2048]","[2048, 2048, 2048, 2048, 2048, 2048, 2048]","[2048, 2048, 2048, 2048, 2048, 2048, 2048, 2048, 2048]",310.0
1293,11361,30,22,2026-09-06T14:09:37.195000+00:00,28.405,29.49,28.457,,309.0,False,86.352,"[None, 2048, 2048, 2048, 2048, 2048]","[2048, 2048, 2048, 2048, 2048, 2048, 2048]","[2048, 2048, 2048, 2048, 2048, 2048, 2048, 2048, 2048]",309.0
1293,11361,18,22,2026-09-06T14:09:40.242000+00:00,29.571,30.23,29.405,275.0,289.0,False,89.206,"[None, 2048, 2048, 2048, 2048, 2048]","[2048, 2048, 2049, 2049, 2048, 2048, 2048]","[2048, 2048, 2048, 2048, 2048, 2048, 2048, 2048, 2048]",290.0
1293,11361,12,23,2026-09-06T14:10:09.194000+00:00,28.515,29.861,28.309,300.0,313.0,False,86.685,"[None, 2048, 2048, 2048, 2048, 2048]","[2048, 2048, 2048, 2048, 2048, 2048, 2048]","[2049, 2048, 2048, 2048, 2048, 2048, 2048, 2048, 2048]",294.0
1293,11361,63,23,2026-09-06T14:10:09.652000+00:00,27.903,29.317,28.607,300.0,307.0,False,85.827,"[None, 2048, 2048, 2048, 2048, 2048]","[2048, 2048, 2048, 2049, 2048, 2048, 2048]","[2048, 2048, 2048, 2048, 2048, 2048, 2048, 2048, 2048]",
1293,11361,3,23,2026-09-06T14:10:11.003000+00:00,28.256,29.438,28.156,290.0,313.0,False,85.85,"[None, 2048, 2048, 2048, 2048, 2048]","[2048, 2048, 2048, 2048, 2048, 2048, 2048]","[2048, 2048, 2048, 2048, 2048, 2048, 2048, 2048, 2048]",315.0
1293,11361,81,23,2026-09-06T14:10:14.685000+00:00,28.494,29.848,28.469,303.0,315.0,False,86.811,"[None, 2048, 2048, 2048, 2048, 2048]","[2048, 2048, 2048, 2048, 2048, 2048, 2048]","[2048, 2048, 2048, 2048, 2048, 2048, 2048, 2048, 2048]",309.0
1293,11361,44,23,2026-09-06T14:10:15.650000+00:00,27.485,29.499,28.316,300.0,301.0,False,85.3,"[None, 2048, 2048, 2048, 2048, 2048]","[2048, 2048, 2048, 2049, 2048, 2048, 2048]","[2048, 2048, 2048, 2048, 2048, 2048, 2048, 2048, 2048]",327.0
1293,11361,1,23,2026-09-06T14:10:20.952000+00:00,28.322,29.18,28.204,297.0,305.0,False,85.706,"[None, 2048, 2048, 2048, 2048, 2048]","[2049, 2048, 2048, 2049, 2049, 2048, 2048]","[2048, 2049, 2049, 2048, 2049, 2048, 2048, 2048, 2048]",309.0
1293,11361,10,23,2026-09-06T14:10:21.452000+00:00,28.466,29.59,28.522,300.0,314.0,False,86.578,"[None, 2048, 2048, 2048, 2048, 2048]","[2048, 2048, 2048, 2048, 2048, 2048, 2048]","[2048, 2048, 2048, 2048, 2048, 2049, 2048, 2048, 2048]",317.0
1293,11361,41,23,2026-09-06T14:10:24.070000+00:00,28.407,29.712,28.574,289.0,310.0,False,86.693,"[None, 2048, 2048, 2048, 2048, 2048]","[2048, 2048, 2048, 2048, 2048, 2048, 2048]","[2048, 2048, 2048, 2048, 2048, 2048, 2048, 2048]",315.0
1293,11361,22,23,2026-09-06T14:10:26.742000+00:00,28.392,29.821,28.605,291.0,311.0,False,86.818,"[None, 2048, 2048, 2048, 2048, 2048]","[2048, 2048, 2048, 2048, 2048, 2048, 2048]","[2048, 2048, 2048, 2048, 2048, 2048, 2048, 2048, 2048]",316.0
1293,11361,87,23,2026-09-06T14:10:33.367000+00:00,28.605,29.668,28.838,286.0,306.0,False,87.111,"[None, 2048, 2048, 2048, 2048, 2048]","[2049, 2049, 2048, 2049, 2048, 2048, 2048]","[2048, 2048, 2048, 2048, 2048, 2048, 2048, 2048, 2048]",311.0
1293,11361,5,23,2026-09-06T14:10:35.273000+00:00,28.628,29.664,28.679,287.0,307.0,False,86.971,"[None, 2048, 2048, 2048, 2048, 2048]","[2048, 2048, 2048, 2048, 2048, 2048, 2048]","[2048, 2048, 2048, 2048, 2048, 2048, 2048, 2048, 2048]",313.0
1293,11361,43,23,2026-09-06T14:10:37.617000+00:00,28.252,30.107,28.368,294.0,304.0,False,86.727,"[None, 2048, 2048, 2048, 2048, 2048]","[2048, 2049, 2049, 2049, 2048, 2048, 2048]","[2048, 2049, 2048, 2048, 2048, 2049, 2048, 2048, 2048]",314.0
1293,11361,27,23,2026-09-06T14:10:38.429000+00:00,28.421,29.798,28.698,291.0,316.0,False,86.917,"[None, 2048, 2048, 2048, 2048, 2048]","[2048, 2048, 2048, 2048, 2048, 2048, 2048]","[2048, 2048, 2048, 2048, 2048, 2048, 2048, 2048, 2048]",308.0
1293,11361,31,23,2026-09-06T14:10:39.195000+00:00,28.376,30.099,28.503,293.0,315.0,False,86.978,"[None, 2048, 2048, 2048, 2048, 2048]","[2048, 2048, 2048, 2048, 2048, 2049, 2048]","[2048, 2048, 2048, 2049, 2048, 2048, 2048, 2048, 2048]",324.0
1293,11361,55,23,2026-09-06T14:10:40.179000+00:00,27.975,30.272,28.922,303.0,321.0,False,87.169,"[None, 2048, 2048, 2048, 2049, 2048]","[2048, 2048, 2048, 2048, 2048, 2048, 2048]","[2048, 2048, 2048, 2048, 2048, 2048, 2048, 2048, 2048]",320.0
1293,11361,23,23,2026-09-06T14:10:41.520000+00:00,28.004,30.17,28.89,,315.0,False,87.064,"[None, 2048, 2048, 2048, 2048, 2048]","[2048, 2048, 2048, 2048, 2048, 2048, 2048]","[2048, 2049, 2048, 2048, 2048, 2048, 2048, 2048, 2048]",320.0
1293,11361,14,23,2026-09-06T14:10:58.460000+00:00,29.57,30.195,35.155,273.0,283.0,False,94.92,"[2048, 2048, 2048, 2048, 2048, 2048]","[2048, 2049, 2049, 2049, 2049, 2048, 2048]","[2048, 2049, 2048, 2048, 2048, 2048, 2048, 2064, 2064]",281.0
1293,11361,11,23,2026-09-06T14:10:59.505000+00:00,29.149,30.373,29.398,282.0,305.0,False,88.92,"[None, 2048, 2048, 2048, 2048, 2048]","[2048, 2048, 2048, 2048, 2048, 2048, 2048]","[2048, 2048, 2048, 2048, 2048, 2048, 2048, 2048]",287.0
1293,11361,77,23,2026-09-06T14:11:01.208000+00:00,28.973,30.1,29.313,283.0,306.0,False,88.386,"[None, 2048, 2048, 2048, 2048, 2048]","[2048, 2049, 2049, 2048, 2048, 2048, 2048]","[2049, 2048, 2048, 2048, 2048, 2048, 2048, 2048, 2048]",309.0
1293,11361,30,23,2026-09-06T14:11:03.583000+00:00,28.188,29.589,28.536,291.0,313.0,False,86.313,"[None, 2048, 2048, 2048, 2048, 2048]","[2048, 2048, 2048, 2048, 2048, 2048, 2048]","[2048, 2048, 2048, 2048, 2048, 2048, 2048, 2048, 2048]",313.0
1293,11361,18,23,2026-09-06T14:11:09.540000+00:00,28.686,31.23,29.512,276.0,288.0,False,89.428,"[None, 2048, 2048, 2051, 2048, 2048]","[2048, 2048, 2048, 2048, 2048, 2048, 2048]","[2048, 2048, 2048, 2048, 2048, 2048, 2048, 2048, 2048]",286.0
1293,11361,63,24,2026-09-06T14:11:35.395000+00:00,28.418,29.091,28.133,293.0,309.0,False,85.642,"[None, 2048, 2048, 2048, 2048, 2048]","[2048, 2049, 2048, 2048, 2049, 2048, 2048]","[2049, 2049, 2049, 2048, 2048, 2048, 2048, 2048, 2048]",298.0
1293,11361,12,24,2026-09-06T14:11:35.794000+00:00,28.186,29.529,28.279,287.0,319.0,False,85.994,"[None, 2048, 2048, 2048, 2048, 2048]","[2048, 2048, 2048, 2048, 2048, 2048, 2048]","[2048, 2048, 2048, 2048, 2048, 2048, 2048, 2048, 2048]",286.0
1293,11361,3,24,2026-09-06T14:11:36.808000+00:00,28.176,29.529,28.02,291.0,315.0,False,85.725,"[None, 2048, 2048, 2048, 2048, 2048]","[2048, 2048, 2048, 2048, 2048, 2048, 2048]","[2051, 2048, 2048, 2048, 2048, 2048, 2048, 2048, 2048]",310.0
1293,11361,44,24,2026-09-06T14:11:40.647000+00:00,28.294,29.413,28.34,291.0,306.0,False,86.047,"[None, 2048, 2048, 2048, 2048, 2048]","[2048, 2048, 2048, 2048, 2048, 2048, 2048]","[2048, 2048, 2048, 2048, 2049, 2048, 2048, 2048, 2048]",303.0
1293,11361,81,24,2026-09-06T14:11:41.359000+00:00,28.003,29.476,28.447,298.0,319.0,False,85.926,"[None, 2048, 2048, 2048, 2048, 2048]","[2048, 2048, 2048, 2048, 2048, 2048, 2048]","[2048, 2048, 2048, 2048, 2048, 2048, 2048, 2048, 2048]",319.0
1293,11361,1,24,2026-09-06T14:11:46.792000+00:00,28.272,29.366,28.35,291.0,308.0,False,85.988,"[None, 2048, 2048, 2048, 2048, 2048]","[2048, 2048, 2048, 2048, 2048, 2048, 2048]","[2048, 2048, 2048, 2048, 2048, 2049, 2048, 2048, 2048]",306.0
1293,11361,10,24,2026-09-06T14:11:48.120000+00:00,27.865,29.609,28.548,297.0,313.0,False,86.022,"[None, 2048, 2048, 2048, 2048, 2048]","[2048, 2048, 2049, 2048, 2048, 2048, 2048]","[2048, 2048, 2048, 2048, 2048, 2048, 2048, 2048, 2048]",
1293,11361,41,24,2026-09-06T14:11:50.720000+00:00,28.419,29.735,28.628,287.0,309.0,False,86.782,"[None, 2048, 2048, 2048, 2048, 2048]","[2048, 2048, 2048, 2048, 2048, 2048, 2048]","[2048, 2048, 2048, 2048, 2048, 2048, 2048, 2048, 2048]",
1293,11361,22,24,2026-09-06T14:11:53.556000+00:00,28.472,29.808,28.717,290.0,309.0,False,86.997,"[None, 2048, 2048, 2048, 2048, 2048]","[2048, 2048, 2048, 2048, 2048, 2048, 2048]","[2048, 2048, 2048, 2048, 2048, 2048, 2048, 2048, 2048]",314.0
1293,11361,87,24,2026-09-06T14:12:00.453000+00:00,28.634,29.778,28.84,,306.0,False,87.252,"[None, 2048, 2048, 2048, 2048, 2048]","[2048, 2048, 2049, 2048, 2048, 2048, 2048]","[2048, 2048, 2048, 2048, 2048, 2048, 2048, 2048, 2048]",308.0
1293,11361,5,24,2026-09-06T14:12:02.239000+00:00,28.655,29.631,28.654,286.0,306.0,False,86.94,"[None, 2048, 2048, 2048, 2048, 2048]","[2048, 2048, 2048, 2048, 2048, 2048, 2048]","[2049, 2048, 2048, 2048, 2048, 2048, 2048, 2048, 2048]",
1293,11361,43,24,2026-09-06T14:12:04.487000+00:00,28.157,29.712,28.433,295.0,313.0,False,86.302,"[None, 2048, 2048, 2048, 2048, 2048]","[2049, 2048, 2049, 2049, 2048, 2048, 2048]","[2048, 2048, 2048, 2048, 2048, 2048, 2048, 2048, 2048]",315.0
1293,11361,27,24,2026-09-06T14:12:05.237000+00:00,28.432,29.639,28.473,290.0,313.0,False,86.544,"[None, 2048, 2048, 2048, 2048, 2048]","[2048, 2048, 2048, 2048, 2048, 2048, 2048]","[2048, 2048, 2048, 2048, 2048, 2048, 2048, 2048, 2048]",304.0
1293,11361,31,24,2026-09-06T14:12:06.127000+00:00,28.324,30.023,28.411,292.0,315.0,False,86.758,"[None, 2048, 2048, 2048, 2048, 2048]","[2048, 2048, 2048, 2048, 2048, 2049, 2048]","[2048, 2048, 2048, 2049, 2048, 2048, 2048, 2048, 2048]",322.0
1293,11361,55,24,2026-09-06T14:12:07.268000+00:00,27.973,30.152,28.88,301.0,321.0,False,87.005,"[None, 2048, 2048, 2048, 2048, 2048]","[2048, 2048, 2048, 2048, 2048, 2048, 2048]","[2049, 2048, 2048, 2048, 2048, 2048, 2049, 2048, 2048]",319.0
1293,11361,23,24,2026-09-06T14:12:08.612000+00:00,28.016,30.123,28.836,299.0,316.0,False,86.975,"[None, 2048, 2048, 2048, 2048, 2048]","[2048, 2048, 2048, 2048, 2048, 2048, 2048]","[2048, 2048, 2048, 2049, 2048, 2048, 2048, 2048]",
1293,11361,11,24,2026-09-06T14:12:28.393000+00:00,29.229,30.447,29.691,276.0,293.0,False,89.367,"[None, 2048, 2048, 2048, 2048, 2048]","[2048, 2048, 2048, 2048, 2048, 2048, 2048]","[2048, 2048, 2048, 2048, 2048, 2048, 2048, 2048, 2048]",298.0
1293,11361,77,24,2026-09-06T14:12:29.487000+00:00,30.05,30.508,29.153,,301.0,False,89.711,"[None, 2048, 2048, 2048, 2048, 2048]","[2048, 2048, 2048, 2048, 2048, 2048, 2048]","[2048, 2048, 2048, 2049, 2048, 2048, 2048, 2048, 2048]",308.0
1293,11361,30,24,2026-09-06T14:12:29.846000+00:00,28.379,29.819,28.847,,327.0,False,87.045,"[None, 2048, 2048, 2048, 2048, 2048]","[2048, 2048, 2048, 2048, 2048, 2048, 2048]","[2048, 2048, 2048, 2048, 2048, 2049, 2048, 2048, 2048]",316.0
1293,11361,14,24,2026-09-06T14:12:33.612000+00:00,,,,,,False,,,,,
1293,11361,18,24,2026-09-06T14:12:38.956000+00:00,29.841,30.589,29.548,274.0,285.0,False,89.978,"[None, 2048, 2048, 2048, 2048, 2048]","[2048, 2048, 2048, 2049, 2048, 2048, 2048]","[2048, 2048, 2048, 2048, 2048, 2048, 2048, 2048]",290.0
1293,11361,63,25,2026-09-06T14:13:01.155000+00:00,28.236,29.022,28.087,294.0,309.0,False,85.345,"[None, 2048, 2048, 2048, 2048, 2048]","[2048, 2049, 2049, 2049, 2049, 2048, 2048]","[2048, 2048, 2049, 2049, 2048, 2048, 2048, 2048, 2048]",301.0
1293,11361,12,25,2026-09-06T14:13:01.833000+00:00,27.949,29.163,28.175,302.0,318.0,False,85.287,"[None, 2048, 2048, 2048, 2048, 2048]","[2048, 2048, 2049, 2048, 2048, 2049, 2048]","[2048, 2048, 2048, 2048, 2048, 2048, 2048, 2048, 2048]",309.0
1293,11361,3,25,2026-09-06T14:13:02.632000+00:00,28.043,29.333,28.001,296.0,316.0,False,85.377,"[None, 2048, 2048, 2048, 2048, 2048]","[2048, 2048, 2048, 2048, 2048, 2049, 2048]","[2048, 2048, 2048, 2048, 2048, 2048, 2048, 2048, 2048]",318.0
1293,11361,44,25,2026-09-06T14:13:06.754000+00:00,28.849,29.778,28.541,300.0,313.0,False,87.168,"[None, 2048, 2048, 2048, 2048, 2048]","[2048, 2048, 2048, 2048, 2048, 2048, 2048]","[2048, 2048, 2048, 2048, 2048, 2048, 2048, 2048, 2048]",294.0
1293,11361,81,25,2026-09-06T14:13:07.387000+00:00,27.942,29.381,28.561,302.0,305.0,False,85.884,"[None, 2048, 2049, 2048, 2048, 2048]","[2048, 2048, 2048, 2048, 2048, 2048, 2048]","[2048, 2049, 2048, 2048, 2049, 2049, 2048, 2048, 2048]",315.0
1293,11361,1,25,2026-09-06T14:13:12.770000+00:00,28.315,29.436,28.379,292.0,307.0,False,86.13,"[None, 2048, 2048, 2048, 2048, 2048]","[2048, 2048, 2048, 2048, 2048, 2048, 2048]","[2049, 2048, 2048, 2048, 2048, 2048, 2048, 2048, 2048]",307.0
1293,11361,10,25,2026-09-06T14:13:14.254000+00:00,28.069,29.764,28.45,300.0,312.0,False,86.283,"[None, 2048, 2048, 2048, 2048, 2048]","[2049, 2048, 2048, 2048, 2048, 2048, 2048]","[2048, 2048, 2048, 2048, 2048, 2049, 2048, 2048, 2048]",315.0
1293,11361,41,25,2026-09-06T14:13:17.631000+00:00,28.43,29.643,28.584,288.0,308.0,False,86.657,"[None, 2048, 2048, 2048, 2048, 2048]","[2048, 2048, 2048, 2048, 2048, 2048, 2048]","[2048, 2048, 2048, 2048, 2048, 2048, 2048, 2048, 2048]",314.0
1293,11361,22,25,2026-09-06T14:13:20.558000+00:00,28.445,29.97,28.637,291.0,308.0,False,87.052,"[None, 2048, 2048, 2048, 2048, 2048]","[2048, 2048, 2048, 2048, 2048, 2048, 2048]","[2048, 2048, 2048, 2048, 2048, 2048, 2048, 2048, 2048]",316.0
1293,11361,87,25,2026-09-06T14:13:27.762000+00:00,28.609,29.764,28.851,,304.0,False,87.224,"[None, 2048, 2048, 2048, 2048, 2048]","[2048, 2048, 2048, 2049, 2048, 2048, 2048]","[2048, 2048, 2048, 2048, 2048, 2048, 2048, 2048, 2048]",310.0
1293,11361,5,25,2026-09-06T14:13:29.168000+00:00,28.553,29.614,28.282,288.0,310.0,False,86.449,"[None, 2048, 2048, 2048, 2048, 2048]","[2048, 2048, 2048, 2048, 2048, 2048, 2048]","[2049, 2048, 2049, 2048, 2048, 2048, 2048, 2048, 2048]",315.0
1293,11361,43,25,2026-09-06T14:13:30.730000+00:00,28.068,29.743,28.427,297.0,316.0,False,86.238,"[None, 2048, 2048, 2048, 2048, 2048]","[2048, 2048, 2049, 2049, 2048, 2048, 2048]","[2048, 2048, 2048, 2048, 2048, 2048, 2048, 2048, 2048]",318.0
1293,11361,27,25,2026-09-06T14:13:31.840000+00:00,28.584,29.731,28.445,289.0,311.0,False,86.76,"[None, 2048, 2048, 2048, 2048, 2048]","[2048, 2048, 2048, 2048, 2048, 2048, 2048]","[2048, 2049, 2048, 2048, 2048, 2048, 2048, 2048, 2048]",307.0
1293,11361,31,25,2026-09-06T14:13:32.918000+00:00,28.607,29.958,28.481,289.0,314.0,False,87.046,"[None, 2048, 2048, 2048, 2048, 2048]","[2048, 2048, 2048, 2048, 2048, 2048, 2048]","[2048, 2049, 2048, 2048, 2048, 2048, 2048, 2048, 2048]",315.0
1293,11361,55,25,2026-09-06T14:13:34.275000+00:00,27.92,30.326,28.868,299.0,315.0,False,87.114,"[None, 2048, 2048, 2048, 2048, 2048]","[2048, 2048, 2048, 2048, 2048, 2048, 2048]","[2048, 2049, 2048, 2048, 2048, 2048, 2048, 2048, 2048]",321.0
1293,11361,23,25,2026-09-06T14:13:35.541000+00:00,28.018,30.113,28.847,297.0,316.0,False,86.978,"[None, 2048, 2048, 2048, 2048, 2048]","[2048, 2048, 2048, 2048, 2048, 2048, 2048]","[2048, 2048, 2048, 2048, 2048, 2048, 2048, 2048, 2048]",323.0
1293,11361,30,25,2026-09-06T14:13:57.010000+00:00,28.569,29.539,28.64,285.0,303.0,False,86.748,"[None, 2048, 2048, 2048, 2048, 2048]","[2048, 2048, 2048, 2048, 2048, 2048, 2048]","[2048, 2048, 2048, 2048, 2048, 2048, 2048, 2048, 2048]",308.0
1293,11361,11,25,2026-09-06T14:13:57.821000+00:00,28.855,30.222,29.205,282.0,302.0,False,88.282,"[None, 2048, 2048, 2048, 2048, 2048]","[2048, 2048, 2049, 2048, 2048, 2048, 2048]","[2048, 2048, 2048, 2048, 2048, 2048, 2048, 2048, 2048]",308.0
1293,11361,77,25,2026-09-06T14:13:59.210000+00:00,28.928,30.135,29.507,,305.0,False,88.57,"[None, 2048, 2048, 2048, 2048, 2048]","[2048, 2048, 2049, 2048, 2048, 2048, 2048]","[2049, 2048, 2048, 2048, 2048, 2048, 2048, 2048, 2048]",311.0
1293,11361,18,25,2026-09-06T14:14:08.747000+00:00,29.602,31.588,30.415,273.0,266.0,False,91.605,"[None, 2048, 2048, 2048, 2048, 2048]","[2048, 2048, 2048, 2048, 2048, 2048, 2048]","[2048, 2048, 2048, 2048, 2048, 2048, 2048, 2048, 2048]",289.0
1293,11361,63,26,2026-09-06T14:14:26.442000+00:00,28.192,29.089,28.224,293.0,309.0,False,85.505,"[None, 2048, 2048, 2048, 2048, 2048]","[2048, 2048, 2049, 2049, 2049, 2048, 2048]","[2048, 2049, 2048, 2048, 2048, 2048, 2048, 2048, 2048]",302.0
1293,11361,12,26,2026-09-06T14:14:27.055000+00:00,28.239,29.07,28.093,298.0,319.0,False,85.402,"[None, 2048, 2049, 2048, 2048, 2048]","[2048, 2048, 2049, 2048, 2048, 2049, 2048]","[2048, 2048, 2048, 2048, 2048, 2048, 2048, 2048, 2048]",320.0
1293,11361,3,26,2026-09-06T14:14:27.975000+00:00,27.944,29.576,28.186,,316.0,False,85.706,"[None, 2048, 2048, 2048, 2048, 2048]","[2048, 2048, 2048, 2048, 2048, 2049, 2048]","[2048, 2048, 2048, 2048, 2048, 2048, 2048, 2048, 2048]",325.0
1293,11361,81,26,2026-09-06T14:14:33.241000+00:00,28.246,29.368,28.529,291.0,306.0,False,86.143,"[None, 2048, 2048, 2048, 2048, 2048]","[2048, 2049, 2049, 2049, 2048, 2048, 2048]","[2048, 2049, 2048, 2048, 2048, 2048, 2048, 2048, 2048]",307.0
1293,11361,44,26,2026-09-06T14:14:33.842000+00:00,28.431,29.631,28.431,293.0,310.0,False,86.493,"[None, 2048, 2048, 2048, 2048, 2048]","[2048, 2048, 2048, 2048, 2048, 2048, 2048]","[2048, 2048, 2048, 2048, 2048, 2048, 2048, 2048, 2048]",307.0
1293,11361,1,26,2026-09-06T14:14:38.836000+00:00,28.195,29.376,28.293,290.0,307.0,False,85.864,"[None, 2048, 2048, 2048, 2048, 2048]","[2048, 2048, 2048, 2048, 2048, 2048, 2048]","[2049, 2048, 2048, 2048, 2048, 2048, 2048, 2048, 2048]",308.0
1293,11361,10,26,2026-09-06T14:14:40.439000+00:00,27.973,29.546,28.369,298.0,313.0,False,85.888,"[None, 2048, 2048, 2048, 2048, 2048]","[2048, 2049, 2048, 2048, 2048, 2048, 2048]","[2049, 2048, 2048, 2048, 2048, 2048, 2048, 2048, 2048]",
1293,11361,41,26,2026-09-06T14:14:44.243000+00:00,28.416,29.718,28.591,287.0,307.0,False,86.725,"[None, 2048, 2048, 2048, 2048, 2048]","[2048, 2048, 2048, 2048, 2048, 2048, 2048]","[2048, 2048, 2048, 2048, 2048, 2048, 2048, 2048, 2048]",
1293,11361,22,26,2026-09-06T14:14:47.656000+00:00,28.44,30.038,28.657,289.0,307.0,False,87.135,"[None, 2048, 2048, 2048, 2048, 2048]","[2048, 2048, 2048, 2048, 2048, 2048, 2048]","[2048, 2048, 2048, 2048, 2048, 2048, 2048, 2048, 2048]",315.0
1293,11361,87,26,2026-09-06T14:14:54.891000+00:00,28.726,29.708,28.797,284.0,305.0,False,87.231,"[None, 2048, 2048, 2048, 2048, 2048]","[2048, 2048, 2048, 2048, 2049, 2048, 2048]","[2048, 2049, 2048, 2048, 2048, 2048, 2048, 2048, 2048]",
1293,11361,5,26,2026-09-06T14:14:55.672000+00:00,28.455,29.873,28.67,291.0,309.0,False,86.998,"[None, 2048, 2048, 2048, 2048, 2048]","[2048, 2048, 2048, 2048, 2048, 2048, 2048]","[2048, 2048, 2048, 2048, 2048, 2048, 2048, 2048, 2048]",313.0
1293,11361,43,26,2026-09-06T14:14:56.938000+00:00,28.113,29.72,28.543,295.0,319.0,False,86.376,"[None, 2048, 2048, 2048, 2048, 2048]","[2048, 2048, 2048, 2048, 2049, 2048, 2048]","[2048, 2048, 2048, 2048, 2048, 2048, 2048, 2048, 2048]",319.0
1293,11361,27,26,2026-09-06T14:14:58.531000+00:00,28.573,29.541,28.419,287.0,310.0,False,86.533,"[None, 2048, 2049, 2048, 2048, 2048]","[2048, 2048, 2048, 2049, 2049, 2048, 2048]","[2048, 2048, 2048, 2048, 2049, 2048, 2048, 2048, 2048]",304.0
1293,11361,31,26,2026-09-06T14:14:59.921000+00:00,29.117,30.067,28.83,286.0,308.0,False,88.014,"[None, 2048, 2048, 2048, 2048, 2048]","[2048, 2048, 2048, 2048, 2048, 2048, 2048]","[2048, 2048, 2048, 2048, 2048, 2048, 2048, 2048, 2048]",
1293,11361,55,26,2026-09-06T14:15:01.395000+00:00,27.901,30.548,28.856,303.0,317.0,False,87.305,"[None, 2048, 2048, 2048, 2048, 2048]","[2048, 2048, 2048, 2048, 2048, 2048, 2048]","[2049, 2048, 2048, 2048, 2048, 2048, 2048, 2048, 2048]",322.0
1293,11361,23,26,2026-09-06T14:15:02.543000+00:00,27.993,30.275,28.862,295.0,317.0,False,87.13,"[None, 2048, 2048, 2048, 2048, 2048]","[2048, 2048, 2048, 2048, 2048, 2048, 2048]","[2048, 2048, 2048, 2048, 2048, 2048, 2049, 2048, 2048]",327.0
1293,11361,30,26,2026-09-06T14:15:23.816000+00:00,28.593,29.476,28.445,,304.0,False,86.514,"[None, 2048, 2048, 2048, 2048, 2048]","[2048, 2048, 2049, 2049, 2048, 2048, 2048]","[2048, 2048, 2048, 2048, 2049, 2049, 2048, 2048, 2048]",307.0
1293,11361,11,26,2026-09-06T14:15:26.066000+00:00,29.004,30.46,29.383,278.0,294.0,False,88.847,"[None, 2048, 2048, 2048, 2048, 2048]","[2048, 2048, 2049, 2048, 2048, 2048, 2048]","[2048, 2048, 2048, 2048, 2048, 2048, 2048, 2048, 2048]",306.0
1293,11361,77,26,2026-09-06T14:15:27.738000+00:00,28.948,30.275,29.484,282.0,304.0,False,88.707,"[None, 2048, 2048, 2048, 2048, 2048]","[2048, 2048, 2048, 2048, 2048, 2048, 2048]","[2048, 2048, 2048, 2048, 2048, 2048, 2048, 2048, 2048]",309.0
1293,11361,18,26,2026-09-06T14:15:40.495000+00:00,29.642,30.345,29.458,272.0,287.0,False,89.445,"[None, 2048, 2048, 2048, 2048, 2048]","[2048, 2048, 2048, 2048, 2048, 2048, 2048]","[2048, 2048, 2048, 2048, 2048, 2048, 2048, 2048, 2048]",290.0
1293,11361,63,27,2026-09-06T14:15:52.033000+00:00,28.263,29.067,28.187,,309.0,False,85.517,"[None, 2048, 2048, 2048, 2048, 2048]","[2048, 2048, 2049, 2048, 2048, 2048, 2048]","[2048, 2048, 2049, 2048, 2048, 2048, 2048, 2048, 2048]",301.0
1293,11361,12,27,2026-09-06T14:15:52.608000+00:00,28.064,29.327,28.153,299.0,314.0,False,85.544,"[None, 2048, 2048, 2048, 2048, 2048]","[2048, 2048, 2048, 2048, 2048, 2048, 2048]","[2048, 2048, 2048, 2048, 2048, 2048, 2049, 2048, 2048]",317.0
1293,11361,3,27,2026-09-06T14:15:53.676000+00:00,28.146,29.579,28.085,291.0,313.0,False,85.81,"[None, 2048, 2048, 2048, 2048, 2048]","[2048, 2048, 2048, 2048, 2048, 2048, 2048]","[2048, 2049, 2048, 2048, 2048, 2048, 2048, 2048, 2048]",319.0
1293,11361,81,27,2026-09-06T14:15:59.438000+00:00,28.298,29.495,28.313,290.0,307.0,False,86.106,"[None, 2048, 2048, 2048, 2048, 2048]","[2048, 2048, 2048, 2048, 2048, 2048, 2048]","[2048, 2049, 2048, 2048, 2048, 2048, 2048, 2048, 2048]",310.0
1293,11361,44,27,2026-09-06T14:16:00.438000+00:00,28.148,29.532,28.217,,312.0,False,85.897,"[None, 2048, 2048, 2048, 2048, 2048]","[2048, 2048, 2048, 2048, 2048, 2048, 2048]","[2048, 2048, 2048, 2048, 2048, 2048, 2048, 2048, 2048]",313.0
1293,11361,1,27,2026-09-06T14:16:04.719000+00:00,28.169,29.612,28.325,,308.0,False,86.106,"[None, 2048, 2048, 2048, 2048, 2048]","[2048, 2048, 2048, 2048, 2048, 2048, 2048]","[2048, 2048, 2048, 2048, 2048, 2048, 2048, 2048, 2048]",310.0
1293,11361,10,27,2026-09-06T14:16:06.297000+00:00,27.93,29.563,28.327,297.0,314.0,False,85.82,"[None, 2048, 2048, 2048, 2048, 2048]","[2049, 2048, 2048, 2048, 2048, 2048, 2048]","[2049, 2049, 2048, 2048, 2048, 2048, 2048, 2048, 2048]",317.0
1293,11361,41,27,2026-09-06T14:16:11.036000+00:00,28.57,29.666,28.671,286.0,306.0,False,86.907,"[None, 2048, 2048, 2048, 2048, 2048]","[2048, 2049, 2048, 2048, 2048, 2048, 2048]","[2048, 2049, 2048, 2048, 2048, 2048, 2048, 2048, 2048]",313.0
1293,11361,22,27,2026-09-06T14:16:14.696000+00:00,28.443,29.957,28.535,288.0,308.0,False,86.935,"[None, 2048, 2048, 2048, 2048, 2048]","[2048, 2048, 2048, 2048, 2048, 2048, 2048]","[2048, 2048, 2048, 2048, 2048, 2048, 2048, 2048, 2048]",314.0
1293,11361,87,27,2026-09-06T14:16:22.157000+00:00,28.62,30.623,33.104,,320.0,False,92.347,"[None, 2048, 2048, 2048, 2048, 2048]","[2048, 2048, 2049, 2048, 2048, 2049, 2049]","[2048, 2048, 2048, 2048, 2048, 2048, 2048, 2048, 2048]",
1293,11361,5,27,2026-09-06T14:16:22.548000+00:00,28.303,30.256,29.319,302.0,297.0,False,87.878,"[None, 2048, 2048, 2048, 2048, 2048]","[2049, 2048, 2048, 2048, 2048, 2048, 2048]","[2048, 2048, 2048, 2048, 2048, 2048, 2048, 2048, 2048]",319.0
1293,11361,43,27,2026-09-06T14:16:23.298000+00:00,28.388,30.071,33.304,293.0,320.0,False,91.763,"[None, 2048, 2048, 2048, 2048, 2048]","[2048, 2048, 2048, 2048, 2048, 2048, 2048]","[2048, 2048, 2051, 2049, 2048, 2048, 2048, 2048, 2048]",317.0
1293,11361,27,27,2026-09-06T14:16:25.048000+00:00,28.611,29.639,36.428,,311.0,False,94.678,"[None, 2048, 2048, 2048, 2048, 2048]","[2048, 2049, 2049, 2048, 2048, 2048, 2048]","[2048, 2048, 2048, 2048, 2048, 2048, 2048, 2064, 2064]",
1293,11361,31,27,2026-09-06T14:16:27.876000+00:00,28.711,30.367,36.826,,322.0,False,95.904,"[None, 2048, 2048, 2048, 2048, 2048]","[2048, 2048, 2048, 2048, 2048, 2049, 2049]","[2048, 2048, 2049, 2048, 2048, 2048, 2048, 2064, 2064]",311.0
1293,11361,55,27,2026-09-06T14:16:28.720000+00:00,27.824,30.316,37.334,314.0,307.0,False,95.474,"[None, 2048, 2048, 2048, 2049, 2049]","[2048, 2048, 2048, 2048, 2048, 2048, 2048]","[2048, 2049, 2048, 2048, 2048, 2048, 2048, 2064, 2064]",325.0
1293,11361,23,27,2026-09-06T14:16:29.641000+00:00,28.133,30.295,33.33,297.0,316.0,False,91.758,"[None, 2048, 2048, 2048, 2048, 2048]","[2048, 2048, 2048, 2048, 2048, 2048, 2048]","[2048, 2048, 2048, 2048, 2048, 2048, 2048, 2048]",
1293,11361,30,27,2026-09-06T14:16:50.320000+00:00,28.636,29.704,39.169,286.0,199.0,False,97.509,"[None, 2048, 2048, 2048, 2048, 2048]","[2048, 2048, 2049, 2048, 2048, 2048, 2048]","[2048, 2048, 2048, 2048, 2048, 2048, 2048, 2048, 2048]",309.0
1293,11361,11,27,2026-09-06T14:16:54.898000+00:00,29.2,33.021,44.139,277.0,169.0,False,106.36,"[None, 2048, 2048, 2048, 2048, 2048]","[2048, 2048, 2049, 2048, 2048, 2048, 2048]","[2048, 2048, 2048, 2048, 2048, 2048, 2048, 2064, 2064]",302.0
1293,11361,77,27,2026-09-06T14:16:56.523000+00:00,29.194,34.262,44.188,281.0,241.0,False,107.644,"[None, 2048, 2048, 2048, 2048, 2048]","[2048, 2048, 2049, 2048, 2048, 2048, 2048]","[2048, 2048, 2048, 2048, 2048, 2048, 2048, 2064, 2064]",308.0
1293,11361,18,27,2026-09-06T14:17:09.938000+00:00,,,,,,False,,"[None, 2048, 0, 0, 0, 0]",,,254.0
1293,11361,63,28,2026-09-06T14:17:17.470000+00:00,28.458,39.127,38.114,,248.0,False,105.699,"[None, 2048, 2048, 2048, 2048, 2048]","[2048, 2048, 2048, 2048, 2048, 2048, 2048]","[2048, 2048, 2048, 2048, 2048, 2048, 2048, 2048, 2048]",302.0
1293,11361,12,28,2026-09-06T14:17:18.001000+00:00,28.376,39.487,40.798,282.0,257.0,False,108.661,"[None, 2048, 2048, 2048, 2048, 2048]","[2048, 2048, 2048, 2048, 2048, 2048, 2048]","[2048, 2048, 2048, 2048, 2048, 2048, 2048, 2064, 2064]",302.0
1293,11361,3,28,2026-09-06T14:17:19.470000+00:00,29.243,38.809,41.145,139.0,258.0,False,109.197,"[None, 2048, 2048, 2048, 2048, 2048]","[2048, 2048, 2048, 2048, 2048, 2048, 2048]","[2048, 2048, 2048, 2048, 2048, 2048, 2048, 2064, 2064]",317.0
1293,11361,81,28,2026-09-06T14:17:25.454000+00:00,33.369,37.374,38.322,260.0,219.0,False,109.065,"[None, 2048, 2048, 2048, 2048, 2048]","[2048, 2048, 2048, 2048, 2048, 2048, 2048]","[2048, 2048, 2048, 2048, 2048, 2048, 2048, 2048, 2048]",287.0
1293,11361,44,28,2026-09-06T14:17:26.327000+00:00,33.73,37.633,38.275,260.0,245.0,False,109.638,"[None, 2048, 2048, 2048, 2048, 2048]","[2048, 2048, 2048, 2048, 2048, 2048, 2048]","[2048, 2048, 2048, 2048, 2048, 2048, 2048, 2048, 2048]",283.0
1293,11361,1,28,2026-09-06T14:17:30.869000+00:00,34.503,39.335,37.308,295.0,281.0,False,111.146,"[None, 2048, 2048, 2048, 2048, 2048]","[2048, 2048, 2048, 2048, 2048, 2048, 2048]","[2048, 2048, 2048, 2048, 2048, 2048, 2048, 2048, 2048]",269.0
1293,11361,10,28,2026-09-06T14:17:32.151000+00:00,35.136,39.183,36.749,236.0,275.0,False,111.068,"[None, 2048, 2048, 2048, 2048, 2048]","[2048, 2048, 2048, 2048, 2048, 2048, 2048]","[2048, 2048, 2048, 2048, 2048, 2048, 2048, 2048, 2048]",225.0
1293,11361,41,28,2026-09-06T14:17:37.838000+00:00,37.026,37.818,37.612,178.0,189.0,False,112.456,"[None, 2048, 2048, 2048, 2048, 2048]","[2048, 2048, 2048, 2048, 2048, 2048, 2048]","[2048, 2048, 2048, 2048, 2048, 2048, 2048, 2048, 2048]",251.0
1293,11361,22,28,2026-09-06T14:17:41.744000+00:00,40.05,35.806,37.765,265.0,241.0,False,113.621,"[None, 2048, 2048, 2048, 2048, 2048]","[2048, 2048, 2048, 2048, 2048, 2048, 2048]","[2048, 2048, 2048, 2048, 2048, 2048, 2048, 2048, 2048]",119.0
1293,11361,5,28,2026-09-06T14:17:50.479000+00:00,43.857,33.994,37.087,283.0,212.0,False,114.938,"[None, 2048, 2048, 2048, 2048, 2048]","[2048, 2048, 2048, 2048, 2048, 2048, 2048]","[2048, 2048, 2048, 2048, 2048, 2048, 2048, 2048, 2048]",256.0
1293,11361,87,28,2026-09-06T14:17:54.445000+00:00,43.242,32.474,36.184,265.0,271.0,False,111.9,"[None, 2048, 2048, 2048, 2048, 2048]","[2048, 2048, 2048, 2048, 2048, 2048, 2048]","[2048, 2048, 2048, 2048, 2048, 2048, 2048, 2048, 2048]",195.0
1293,11361,43,28,2026-09-06T14:17:55.111000+00:00,43.849,31.537,35.874,261.0,287.0,False,111.26,"[None, 2048, 2048, 2048, 2048, 2048]","[2048, 2048, 2049, 2048, 2048, 2048, 2048]","[2048, 2048, 2048, 2048, 2048, 2048, 2048, 2048, 2048]",214.0
1293,11361,27,28,2026-09-06T14:17:59.776000+00:00,54.887,37.488,31.853,216.0,251.0,True,124.228,"[2064, 2064, 2048, 2048, 2048, 2048]","[2048, 2048, 2048, 2048, 2048, 2048, 2048]","[2048, 2048, 2048, 2048, 2048, 2048, 2048, 2048, 2048]",242.0
1293,11361,23,28,2026-09-06T14:18:01.327000+00:00,39.517,37.297,33.925,276.0,161.0,False,110.739,"[None, 2048, 2048, 2048, 2048, 2048]","[2048, 2048, 2048, 2048, 2048, 2048, 2048]","[2048, 2048, 2048, 2048, 2048, 2048, 2049, 2049]",181.0
1293,11361,31,28,2026-09-06T14:18:03.852000+00:00,58.852,37.669,29.378,222.0,270.0,True,125.899,"[2064, 2064, 2048, 2048, 2048, 2048]","[2048, 2048, 2048, 2048, 2048, 2048, 2048]","[2048, 2048, 2048, 2048, 2049, 2049, 2048, 2048, 2048]",218.0
1293,11361,55,28,2026-09-06T14:18:04.210000+00:00,56.559,36.381,30.839,264.0,263.0,True,123.779,"[2064, 2064, 2048, 2048, 2048, 2048]","[2048, 2048, 2048, 2048, 2048, 2048, 2048]","[2048, 2048, 2048, 2048, 2049, 2049, 2048, 2048, 2048]",259.0
1293,11361,30,28,2026-09-06T14:18:27.761000+00:00,39.111,37.29,28.899,282.0,261.0,False,105.3,"[None, 2048, 2048, 2048, 2048, 2048]","[2048, 2048, 2048, 2048, 2048, 2048, 2048]","[2048, 2048, 2048, 2048, 2048, 2048, 2048, 2048, 2048]",238.0
1293,11361,11,28,2026-09-06T14:18:41.323000+00:00,61.802,30.633,28.946,278.0,304.0,True,121.381,"[2064, 2064, 2048, 2048, 2048, 2048]","[2048, 2048, 2048, 2048, 2049, 2048, 2048]","[2048, 2048, 2048, 2048, 2049, 2049, 2048, 2048, 2048]",226.0
1293,11361,77,28,2026-09-06T14:18:44.120000+00:00,65.196,32.608,28.996,288.0,306.0,True,126.8,"[2064, 2064, 2048, 2048, 2048, 2048]","[2048, 2048, 2048, 2048, 2048, 2048, 2048]","[2048, 2048, 2048, 2048, 2049, 2049, 2048, 2048, 2048]",150.0
1293,11361,63,29,2026-09-06T14:19:03.182000+00:00,40.025,29.669,28.681,279.0,283.0,False,98.375,"[None, 2048, 2048, 2048, 2048, 2048]","[2048, 2048, 2048, 2048, 2048, 2048, 2048]","[2048, 2048, 2048, 2048, 2048, 2048, 2048, 2048, 2048]",180.0
1293,11361,12,29,2026-09-06T14:19:06.729000+00:00,51.502,29.748,27.886,302.0,316.0,True,109.136,"[2064, 2064, 2048, 2048, 2048, 2048]","[2048, 2048, 2048, 2048, 2048, 2048, 2048]","[2051, 2048, 2048, 2049, 2048, 2049, 2049, 2049, 2049]",167.0
1293,11361,3,29,2026-09-06T14:19:08.776000+00:00,50.389,29.788,28.217,293.0,317.0,True,108.394,"[2064, 2064, 2048, 2048, 2048, 2048]","[2048, 2048, 2048, 2048, 2048, 2048, 2048]","[2048, 2048, 2048, 2048, 2048, 2048, 2048, 2048, 2048]",183.0
1293,11361,81,29,2026-09-06T14:19:14.522000+00:00,34.788,29.44,28.308,303.0,293.0,False,92.536,"[None, 2048, 2048, 2048, 2048, 2048]","[2048, 2048, 2048, 2048, 2048, 2049, 2048]","[2048, 2049, 2049, 2048, 2048, 2049, 2049, 2048, 2048]",213.0
1293,11361,44,29,2026-09-06T14:19:15.934000+00:00,34.997,29.92,28.127,275.0,297.0,False,93.044,"[None, 2048, 2048, 2048, 2048, 2048]","[2048, 2048, 2048, 2048, 2048, 2048, 2048]","[2048, 2048, 2048, 2048, 2048, 2048, 2048, 2048, 2048]",227.0
1293,11361,1,29,2026-09-06T14:19:21.977000+00:00,33.748,29.508,28.234,292.0,308.0,False,91.49,"[None, 2048, 2048, 2048, 2048, 2048]","[2048, 2048, 2048, 2048, 2048, 2048, 2048]","[2048, 2048, 2048, 2048, 2048, 2048, 2048, 2048, 2048]",171.0
1293,11361,10,29,2026-09-06T14:19:23.198000+00:00,34.231,29.72,28.181,283.0,315.0,False,92.132,"[None, 2048, 2048, 2048, 2048, 2048]","[2048, 2048, 2049, 2048, 2048, 2048, 2048]","[2048, 2048, 2049, 2049, 2048, 2049, 2048, 2048, 2048]",220.0
1293,11361,41,29,2026-09-06T14:19:30.408000+00:00,32.142,29.825,28.293,284.0,311.0,False,90.26,"[None, 2048, 2048, 2048, 2048, 2048]","[2048, 2048, 2048, 2048, 2048, 2048, 2048]","[2048, 2048, 2049, 2048, 2048, 2048, 2048, 2048, 2048]",254.0
1293,11361,22,29,2026-09-06T14:19:35.248000+00:00,30.99,30.134,28.53,286.0,307.0,False,89.654,"[None, 2048, 2048, 2048, 2048, 2048]","[2048, 2048, 2048, 2048, 2048, 2048, 2048]","[2048, 2048, 2048, 2048, 2048, 2048, 2049, 2048, 2048]",289.0
1293,11361,5,29,2026-09-06T14:19:45.410000+00:00,29.357,29.755,28.569,292.0,313.0,False,87.681,"[None, 2048, 2048, 2048, 2048, 2048]","[2048, 2048, 2048, 2048, 2048, 2048, 2048]","[2048, 2048, 2048, 2048, 2048, 2049, 2049, 2048, 2049]",301.0
1293,11361,43,29,2026-09-06T14:19:46.327000+00:00,27.688,30.056,28.501,297.0,300.0,False,86.245,"[None, 2051, 2048, 2048, 2049, 2048]","[2048, 2048, 2048, 2049, 2049, 2048, 2048]","[2048, 2048, 2048, 2048, 2049, 2049, 2048, 2048, 2048]",326.0
1293,11361,87,29,2026-09-06T14:19:46.743000+00:00,28.756,30.036,28.577,297.0,310.0,False,87.369,"[None, 2049, 2048, 2048, 2048, 2048]","[2048, 2048, 2048, 2048, 2048, 2049, 2048]","[2048, 2048, 2049, 2048, 2048, 2048, 2049, 2049, 2049]",301.0
1293,11361,23,29,2026-09-06T14:19:52.080000+00:00,28.016,30.096,28.823,293.0,308.0,False,86.935,"[2049, 2048, 2048, 2048, 2048, 2048]","[2048, 2048, 2048, 2048, 2048, 2048, 2048]","[2048, 2048, 2048, 2048, 2048, 2048, 2048, 2048, 2048]",318.0
1293,11361,27,29,2026-09-06T14:20:03.914000+00:00,28.878,29.347,28.75,283.0,304.0,False,86.975,"[2048, 2048, 2049, 2048, 2048, 2048]","[2048, 2049, 2048, 2049, 2049, 2048, 2048]","[2048, 2048, 2048, 2048, 2048, 2048, 2048, 2048, 2048]",291.0
1293,11361,55,29,2026-09-06T14:20:07.843000+00:00,28.267,29.743,28.603,292.0,307.0,False,86.613,"[2048, 2048, 2048, 2049, 2048, 2048]","[2048, 2049, 2048, 2049, 2049, 2048, 2048]","[2048, 2049, 2048, 2048, 2049, 2049, 2048, 2048, 2048]",310.0
1293,11361,31,29,2026-09-06T14:20:09.755000+00:00,28.715,29.464,28.375,286.0,308.0,False,86.554,"[2048, 2048, 2048, 2048, 2048, 2048]","[2048, 2049, 2048, 2049, 2049, 2049, 2048]","[2048, 2049, 2048, 2048, 2049, 2049, 2048, 2048, 2048]",311.0
1293,11361,30,29,2026-09-06T14:20:13.143000+00:00,28.46,29.412,28.379,288.0,310.0,False,86.251,"[None, 2048, 2048, 2048, 2048, 2048]","[2048, 2048, 2048, 2048, 2048, 2048, 2048]","[2048, 2048, 2048, 2048, 2048, 2048, 2048, 2048, 2048]",309.0
1293,11361,63,30,2026-09-06T14:20:41.571000+00:00,28.282,29.203,28.175,293.0,306.0,False,85.66,"[None, 2048, 2048, 2048, 2048, 2048]","[2048, 2048, 2049, 2048, 2048, 2048, 2048]","[2048, 2048, 2048, 2048, 2048, 2048, 2048, 2048, 2048]",304.0
1293,11361,11,29,2026-09-06T14:20:42.680000+00:00,29.05,30.06,28.93,279.0,297.0,False,88.04,"[2048, 2048, 2048, 2048, 2048, 2048]","[2048, 2048, 2049, 2048, 2049, 2048, 2048]","[2048, 2049, 2048, 2048, 2049, 2048, 2048, 2048, 2048]",302.0
1293,11361,81,30,2026-09-06T14:20:46.957000+00:00,28.288,29.342,28.285,292.0,309.0,False,85.915,"[None, 2048, 2048, 2048, 2048, 2048]","[2048, 2048, 2049, 2048, 2048, 2048, 2048]","[2048, 2048, 2048, 2048, 2049, 2048, 2048, 2048, 2048]",311.0
1293,11361,44,30,2026-09-06T14:20:48.898000+00:00,28.079,29.356,28.477,291.0,308.0,False,85.912,"[None, 2048, 2048, 2048, 2048, 2048]","[2048, 2049, 2048, 2048, 2048, 2048, 2048]","[2048, 2048, 2048, 2048, 2048, 2048, 2048, 2048, 2048]",318.0
1293,11361,77,29,2026-09-06T14:20:51.008000+00:00,28.758,29.985,29.239,280.0,299.0,False,87.982,"[2048, 2048, 2048, 2048, 2048, 2048]","[2049, 2048, 2048, 2049, 2049, 2048, 2048]","[2048, 2049, 2048, 2048, 2048, 2048, 2048, 2048, 2048]",310.0
1293,11361,1,30,2026-09-06T14:20:53.398000+00:00,28.753,29.328,28.241,295.0,310.0,False,86.322,"[None, 2048, 2048, 2048, 2048, 2048]","[2048, 2048, 2048, 2048, 2048, 2048, 2048]","[2048, 2048, 2048, 2048, 2048, 2048, 2048, 2048, 2048]",310.0
1293,11361,10,30,2026-09-06T14:20:55.242000+00:00,28.048,30.268,28.417,296.0,316.0,False,86.733,"[None, 2048, 2048, 2048, 2048, 2048]","[2048, 2048, 2048, 2048, 2048, 2048, 2048]","[2048, 2048, 2048, 2048, 2048, 2048, 2048, 2048, 2048]",318.0
1293,11361,12,30,2026-09-06T14:20:55.945000+00:00,27.647,29.094,27.854,306.0,317.0,False,84.595,"[2048, 2048, 2048, 2048, 2048, 2048]","[2048, 2048, 2048, 2048, 2048, 2048, 2048]","[2048, 2048, 2048, 2048, 2048, 2048, 2049, 2049, 2049]",321.0
1293,11361,3,30,2026-09-06T14:20:57.055000+00:00,28.203,29.098,27.829,291.0,320.0,False,85.13,"[2048, 2048, 2048, 2048, 2048, 2048]","[2049, 2048, 2048, 2049, 2049, 2049, 2048]","[2051, 2049, 2048, 2048, 2048, 2048, 2048, 2049, 2048]",318.0
1293,11361,41,30,2026-09-06T14:21:00.789000+00:00,28.437,29.524,28.515,288.0,308.0,False,86.476,"[None, 2048, 2048, 2048, 2048, 2048]","[2048, 2049, 2048, 2048, 2048, 2048, 2048]","[2048, 2049, 2048, 2048, 2048, 2048, 2048, 2048, 2048]",314.0
1293,11361,22,30,2026-09-06T14:21:04.992000+00:00,28.364,30.004,28.492,289.0,306.0,False,86.86,"[None, 2048, 2048, 2048, 2048, 2048]","[2048, 2048, 2048, 2048, 2048, 2048, 2048]","[2048, 2048, 2048, 2048, 2048, 2048, 2048, 2048, 2048]",313.0
1293,11361,43,30,2026-09-06T14:21:12.570000+00:00,28.39,29.899,28.269,291.0,301.0,False,86.558,"[None, 2048, 2048, 2048, 2048, 2048]","[2048, 2049, 2048, 2049, 2049, 2048, 2048]","[2048, 2049, 2048, 2048, 2048, 2048, 2048, 2048, 2048]",303.0
1293,11361,5,30,2026-09-06T14:21:13.133000+00:00,28.248,29.963,28.671,295.0,308.0,False,86.882,"[None, 2048, 2048, 2048, 2048, 2048]","[2048, 2048, 2048, 2048, 2048, 2048, 2048]","[2048, 2048, 2048, 2048, 2048, 2048, 2048, 2048, 2048]",319.0
1293,11361,87,30,2026-09-06T14:21:13.774000+00:00,28.286,29.909,28.559,294.0,316.0,False,86.754,"[None, 2048, 2048, 2048, 2048, 2048]","[2048, 2048, 2048, 2048, 2048, 2048, 2048]","[2048, 2048, 2048, 2048, 2048, 2048, 2049, 2049, 2049]",328.0
1293,11361,23,30,2026-09-06T14:21:19.117000+00:00,28.24,29.959,28.864,,308.0,False,87.063,"[2048, 2048, 2048, 2048, 2048, 2048]","[2048, 2049, 2048, 2049, 2049, 2048, 2048]","[2048, 2049, 2048, 2048, 2048, 2048, 2048, 2048, 2048]",311.0
1293,11361,27,30,2026-09-06T14:21:30.923000+00:00,28.82,29.308,28.606,,302.0,False,86.734,"[None, 2048, 2048, 2048, 2048, 2048]","[2048, 2049, 2049, 2049, 2048, 2048, 2048]","[2048, 2049, 2048, 2048, 2049, 2049, 2048, 2048, 2048]",292.0
1293,11361,55,30,2026-09-06T14:21:34.556000+00:00,28.247,29.616,28.625,295.0,307.0,False,86.488,"[None, 2048, 2048, 2048, 2048, 2048]","[2049, 2049, 2048, 2048, 2048, 2048, 2048]","[2048, 2048, 2048, 2048, 2048, 2048, 2049, 2048, 2048]",
1293,11361,31,30,2026-09-06T14:21:36.264000+00:00,28.374,29.452,28.494,288.0,311.0,False,86.32,"[None, 2048, 2048, 2049, 2048, 2048]","[2048, 2049, 2049, 2049, 2048, 2048, 2048]","[2048, 2048, 2048, 2048, 2048, 2048, 2048, 2048, 2048]",312.0
1293,11361,30,30,2026-09-06T14:21:39.387000+00:00,28.468,29.525,28.35,,309.0,False,86.343,"[None, 2048, 2048, 2048, 2048, 2048]","[2048, 2048, 2048, 2048, 2048, 2048, 2048]","[2048, 2048, 2048, 2048, 2048, 2048, 2048, 2048, 2048]",308.0
1293,11361,63,31,2026-09-06T14:22:07.149000+00:00,28.118,29.262,28.189,,305.0,False,85.569,"[None, 2048, 2048, 2048, 2048, 2048]","[2048, 2048, 2049, 2048, 2048, 2048, 2048]","[2048, 2048, 2048, 2048, 2048, 2048, 2048, 2048, 2048]",
1293,11361,11,30,2026-09-06T14:22:10.705000+00:00,28.837,29.955,29.886,,294.0,False,88.678,"[None, 2048, 2048, 2049, 2048, 2048]","[2048, 2049, 2049, 2049, 2048, 2048, 2048]","[2048, 2048, 2048, 2048, 2048, 2048, 2049, 2048, 2048]",303.0
1293,11361,81,31,2026-09-06T14:22:13.036000+00:00,28.192,29.296,28.479,293.0,310.0,False,85.967,"[None, 2048, 2048, 2048, 2048, 2048]","[2048, 2048, 2048, 2048, 2048, 2048, 2048]","[2048, 2048, 2048, 2048, 2048, 2048, 2048, 2048, 2048]",310.0
1293,11361,44,31,2026-09-06T14:22:14.859000+00:00,28.303,29.337,28.324,,309.0,False,85.964,"[None, 2048, 2048, 2048, 2048, 2048]","[2048, 2049, 2048, 2048, 2048, 2048, 2048]","[2048, 2048, 2048, 2048, 2048, 2048, 2048, 2048, 2048]",311.0
1293,11361,77,30,2026-09-06T14:22:18.944000+00:00,30.481,31.588,28.778,246.0,312.0,False,90.847,"[None, 2048, 2048, 2048, 2048, 2048]","[2048, 2048, 2049, 2048, 2048, 2049, 2048]","[2048, 2048, 2048, 2049, 2048, 2048, 2048, 2048, 2048]",214.0
1293,11361,1,31,2026-09-06T14:22:19.910000+00:00,28.137,30.094,28.16,291.0,317.0,False,86.391,"[None, 2048, 2048, 2048, 2048, 2048]","[2048, 2048, 2048, 2048, 2048, 2048, 2048]","[2048, 2048, 2048, 2048, 2048, 2048, 2048, 2048, 2048]",
1293,11361,12,31,2026-09-06T14:22:20.445000+00:00,27.596,29.21,28.01,304.0,310.0,False,84.816,"[2049, 2049, 2048, 2048, 2048, 2048]","[2048, 2048, 2048, 2048, 2048, 2048, 2048]","[2048, 2048, 2048, 2048, 2048, 2048, 2048, 2048, 2048]",
1293,11361,10,31,2026-09-06T14:22:22.010000+00:00,28.384,29.691,28.348,301.0,317.0,False,86.423,"[None, 2048, 2048, 2048, 2048, 2048]","[2048, 2048, 2048, 2048, 2048, 2048, 2048]","[2048, 2048, 2048, 2048, 2048, 2048, 2048, 2048, 2048]",314.0
1293,11361,3,31,2026-09-06T14:22:22.284000+00:00,27.643,29.11,27.761,297.0,319.0,False,84.514,"[None, 2048, 2048, 2048, 2048, 2048]","[2048, 2048, 2048, 2048, 2048, 2049, 2048]","[2048, 2049, 2048, 2048, 2048, 2048, 2049, 2049, 2049]",317.0
1293,11361,41,31,2026-09-06T14:22:26.982000+00:00,28.467,29.473,28.511,289.0,309.0,False,86.451,"[None, 2048, 2048, 2048, 2048, 2048]","[2048, 2049, 2049, 2048, 2048, 2048, 2048]","[2048, 2049, 2048, 2048, 2048, 2048, 2048, 2048, 2048]",311.0
1293,11361,22,31,2026-09-06T14:22:31.910000+00:00,28.48,29.889,28.491,,306.0,False,86.86,"[None, 2048, 2048, 2048, 2048, 2048]","[2048, 2048, 2048, 2048, 2048, 2048, 2048]","[2048, 2048, 2048, 2048, 2048, 2048, 2048, 2048, 2048]",311.0
1293,11361,43,31,2026-09-06T14:22:39.257000+00:00,28.037,29.432,28.377,293.0,308.0,False,85.846,"[None, 2048, 2048, 2049, 2048, 2048]","[2048, 2049, 2048, 2048, 2049, 2048, 2048]","[2048, 2048, 2048, 2048, 2048, 2048, 2048, 2048, 2048]",307.0
1293,11361,5,31,2026-09-06T14:22:39.954000+00:00,28.068,29.473,28.647,293.0,310.0,False,86.188,"[None, 2048, 2048, 2048, 2048, 2048]","[2048, 2048, 2048, 2048, 2048, 2048, 2048]","[2048, 2048, 2048, 2048, 2048, 2048, 2048, 2048, 2048]",315.0
1293,11361,87,31,2026-09-06T14:22:40.534000+00:00,28.031,29.799,28.526,298.0,314.0,False,86.356,"[None, 2049, 2048, 2048, 2048, 2048]","[2048, 2048, 2048, 2048, 2048, 2048, 2048]","[2048, 2048, 2048, 2048, 2048, 2048, 2048, 2048, 2048]",337.0
1293,11361,23,31,2026-09-06T14:22:46.297000+00:00,28.094,30.083,29.015,,308.0,False,87.192,"[None, 2048, 2048, 2048, 2048, 2048]","[2048, 2048, 2048, 2048, 2048, 2048, 2048]","[2048, 2048, 2048, 2048, 2048, 2048, 2048, 2048, 2048]",310.0
1293,11361,27,31,2026-09-06T14:22:57.669000+00:00,28.811,29.158,28.438,282.0,303.0,False,86.407,"[None, 2048, 2048, 2048, 2048, 2048]","[2048, 2049, 2049, 2049, 2051, 2048, 2048]","[2048, 2049, 2048, 2048, 2049, 2049, 2048, 2048, 2048]",291.0
1293,11361,55,31,2026-09-06T14:23:01.107000+00:00,28.069,29.528,28.531,,309.0,False,86.128,"[None, 2048, 2048, 2048, 2048, 2048]","[2048, 2049, 2048, 2048, 2049, 2048, 2048]","[2049, 2048, 2048, 2048, 2048, 2048, 2049, 2048, 2048]",308.0
1293,11361,31,31,2026-09-06T14:23:02.622000+00:00,28.439,29.496,28.508,287.0,310.0,False,86.443,"[None, 2048, 2048, 2048, 2048, 2048]","[2048, 2048, 2049, 2048, 2048, 2048, 2048]","[2048, 2048, 2048, 2048, 2049, 2048, 2048, 2048, 2048]",313.0
1293,11361,30,31,2026-09-06T14:23:05.669000+00:00,28.302,29.404,28.365,289.0,311.0,False,86.071,"[None, 2048, 2049, 2048, 2048, 2048]","[2048, 2048, 2048, 2048, 2048, 2048, 2048]","[2048, 2048, 2048, 2048, 2048, 2048, 2048, 2048, 2048]",312.0
1293,11361,63,32,2026-09-06T14:23:32.808000+00:00,28.039,29.149,28.152,292.0,306.0,False,85.34,"[None, 2048, 2048, 2048, 2048, 2048]","[2048, 2048, 2048, 2048, 2048, 2048, 2048]","[2048, 2048, 2048, 2048, 2048, 2048, 2048, 2048, 2048]",306.0
1293,11361,81,32,2026-09-06T14:23:39.016000+00:00,28.288,29.362,28.37,289.0,306.0,False,86.02,"[None, 2048, 2048, 2048, 2048, 2048]","[2048, 2049, 2048, 2048, 2048, 2048, 2048]","[2048, 2048, 2048, 2048, 2048, 2048, 2048, 2048, 2048]",307.0
1293,11361,11,31,2026-09-06T14:23:39.359000+00:00,29.1,31.15,28.731,226.0,306.0,False,88.981,"[None, 2048, 2048, 2048, 2048, 2048]","[2048, 2048, 2048, 2048, 2048, 2048, 2048]","[2049, 2048, 2048, 2048, 2048, 2049, 2048, 2048, 2048]",277.0
1293,11361,44,32,2026-09-06T14:23:40.875000+00:00,28.205,29.527,28.333,,308.0,False,86.065,"[None, 2048, 2048, 2048, 2048, 2048]","[2048, 2048, 2048, 2048, 2048, 2048, 2048]","[2048, 2048, 2048, 2048, 2048, 2048, 2048, 2048, 2048]",312.0
1293,11361,12,32,2026-09-06T14:23:45.236000+00:00,27.748,29.028,27.896,292.0,311.0,False,84.672,"[2048, 2048, 2048, 2049, 2048, 2048]","[2048, 2051, 2049, 2048, 2048, 2048, 2048]","[2048, 2048, 2048, 2048, 2048, 2048, 2048, 2048, 2048]",310.0
1293,11361,1,32,2026-09-06T14:23:46.132000+00:00,27.96,29.385,28.34,296.0,314.0,False,85.685,"[None, 2048, 2048, 2048, 2048, 2048]","[2048, 2048, 2048, 2048, 2048, 2048, 2048]","[2048, 2048, 2048, 2048, 2048, 2048, 2048, 2048, 2048]",320.0
1293,11361,3,32,2026-09-06T14:23:46.711000+00:00,27.65,29.287,28.454,303.0,328.0,False,85.391,"[None, 2048, 2048, 2048, 2048, 2048]","[2048, 2048, 2049, 2048, 2048, 2049, 2049]","[2048, 2048, 2049, 2048, 2048, 2048, 2048, 2048, 2048]",322.0
1293,11361,10,32,2026-09-06T14:23:48.471000+00:00,27.902,29.558,28.467,296.0,313.0,False,85.927,"[None, 2048, 2048, 2048, 2048, 2048]","[2048, 2048, 2048, 2048, 2048, 2048, 2048]","[2048, 2048, 2048, 2048, 2048, 2048, 2048, 2048, 2048]",316.0
1293,11361,77,31,2026-09-06T14:23:49.735000+00:00,28.61,29.986,29.207,282.0,301.0,False,87.803,"[None, 2048, 2049, 2048, 2048, 2048]","[2048, 2049, 2048, 2048, 2048, 2048, 2048]","[2048, 2048, 2048, 2048, 2048, 2048, 2048, 2048, 2048]",315.0
1293,11361,41,32,2026-09-06T14:23:53.534000+00:00,28.351,29.522,28.393,,310.0,False,86.266,"[None, 2048, 2048, 2048, 2048, 2048]","[2048, 2048, 2048, 2048, 2048, 2048, 2048]","[2048, 2048, 2048, 2048, 2048, 2048, 2048, 2048, 2048]",314.0
1293,11361,22,32,2026-09-06T14:23:58.713000+00:00,28.343,29.724,28.558,288.0,308.0,False,86.625,"[None, 2048, 2048, 2048, 2048, 2048]","[2048, 2048, 2048, 2048, 2048, 2048, 2048]","[2048, 2048, 2048, 2048, 2048, 2048, 2048, 2048, 2048]",
1293,11361,43,32,2026-09-06T14:24:05.024000+00:00,28.328,29.508,28.61,292.0,308.0,False,86.446,"[None, 2048, 2048, 2048, 2048, 2048]","[2048, 2049, 2048, 2048, 2048, 2048, 2048]","[2048, 2048, 2048, 2048, 2048, 2048, 2048, 2048, 2048]",305.0
1293,11361,5,32,2026-09-06T14:24:06.126000+00:00,28.517,29.58,28.391,290.0,306.0,False,86.488,"[None, 2048, 2048, 2048, 2048, 2048]","[2048, 2048, 2048, 2048, 2049, 2048, 2048]","[2048, 2048, 2049, 2048, 2048, 2048, 2048, 2048, 2048]",306.0
1293,11361,87,32,2026-09-06T14:24:06.897000+00:00,28.223,30.17,28.341,,312.0,False,86.734,"[None, 2048, 2048, 2048, 2048, 2048]","[2048, 2048, 2048, 2048, 2048, 2048, 2048]","[2048, 2048, 2048, 2049, 2048, 2048, 2048, 2049, 2049]",330.0
1293,11361,23,32,2026-09-06T14:24:13.388000+00:00,28.055,29.977,28.877,,308.0,False,86.909,"[None, 2048, 2048, 2048, 2048, 2048]","[2048, 2048, 2048, 2048, 2049, 2048, 2048]","[2048, 2049, 2048, 2048, 2048, 2048, 2048, 2048, 2048]",
1293,11361,27,32,2026-09-06T14:24:24.127000+00:00,28.804,29.103,28.491,283.0,303.0,False,86.398,"[None, 2048, 2048, 2048, 2048, 2048]","[2048, 2049, 2048, 2049, 2051, 2048, 2048]","[2048, 2048, 2048, 2048, 2051, 2049, 2048, 2048, 2048]",292.0
1293,11361,55,32,2026-09-06T14:24:27.254000+00:00,28.005,29.598,28.633,,310.0,False,86.236,"[None, 2048, 2048, 2048, 2048, 2048]","[2048, 2048, 2048, 2048, 2048, 2048, 2048]","[2048, 2048, 2048, 2048, 2048, 2048, 2049, 2048, 2048]",310.0
1293,11361,31,32,2026-09-06T14:24:29.114000+00:00,28.429,29.506,28.465,,310.0,False,86.4,"[None, 2048, 2048, 2048, 2048, 2048]","[2048, 2048, 2049, 2049, 2048, 2048, 2048]","[2049, 2048, 2048, 2048, 2048, 2048, 2048, 2048, 2048]",314.0
1293,11361,30,32,2026-09-06T14:24:31.708000+00:00,28.364,29.454,28.279,290.0,311.0,False,86.097,"[None, 2048, 2048, 2048, 2048, 2048]","[2048, 2048, 2048, 2048, 2048, 2048, 2048]","[2048, 2048, 2048, 2048, 2048, 2048, 2048, 2048, 2048]",311.0
1293,11361,63,33,2026-09-06T14:24:58.181000+00:00,28.026,29.166,28.212,293.0,306.0,False,85.404,"[None, 2048, 2048, 2048, 2048, 2048]","[2048, 2049, 2048, 2049, 2048, 2048, 2048]","[2048, 2048, 2048, 2048, 2048, 2048, 2048, 2048, 2048]",
1293,11361,81,33,2026-09-06T14:25:05.045000+00:00,28.295,29.474,28.482,,305.0,False,86.251,"[None, 2048, 2048, 2048, 2048, 2048]","[2048, 2048, 2048, 2048, 2048, 2048, 2048]","[2048, 2048, 2048, 2048, 2048, 2048, 2048, 2048, 2048]",305.0
1293,11361,44,33,2026-09-06T14:25:06.922000+00:00,28.221,29.368,28.315,,308.0,False,85.904,"[None, 2048, 2048, 2048, 2048, 2048]","[2048, 2048, 2048, 2048, 2048, 2048, 2048]","[2048, 2048, 2048, 2048, 2048, 2048, 2048, 2048, 2048]",309.0
1293,11361,11,32,2026-09-06T14:25:08.312000+00:00,28.582,30.987,30.908,281.0,308.0,False,90.477,"[None, 2048, 2048, 2048, 2048, 2048]","[2048, 2048, 2048, 2048, 2048, 2048, 2048]","[2048, 2048, 2048, 2048, 2048, 2048, 2048, 2048, 2048]",311.0
1293,11361,12,33,2026-09-06T14:25:09.953000+00:00,27.809,29.247,27.92,295.0,311.0,False,84.976,"[None, 2048, 2048, 2048, 2048, 2048]","[2048, 2048, 2048, 2048, 2048, 2048, 2048]","[2051, 2048, 2048, 2048, 2048, 2048, 2048, 2048, 2048]",317.0
1293,11361,1,33,2026-09-06T14:25:11.859000+00:00,28.374,29.648,28.412,302.0,319.0,False,86.434,"[None, 2048, 2048, 2048, 2048, 2048]","[2048, 2048, 2048, 2048, 2048, 2048, 2048]","[2048, 2048, 2048, 2048, 2048, 2048, 2048, 2048, 2048]",316.0
1293,11361,3,33,2026-09-06T14:25:12.141000+00:00,27.847,29.173,27.88,293.0,316.0,False,84.9,"[None, 2048, 2048, 2048, 2048, 2048]","[2048, 2048, 2049, 2048, 2048, 2048, 2048]","[2048, 2048, 2048, 2048, 2048, 2049, 2049, 2049, 2048]",319.0
1293,11361,10,33,2026-09-06T14:25:14.453000+00:00,28.002,29.592,28.479,,314.0,False,86.073,"[None, 2048, 2048, 2048, 2048, 2048]","[2049, 2048, 2048, 2048, 2048, 2048, 2048]","[2048, 2048, 2048, 2048, 2048, 2048, 2048, 2048, 2048]",314.0
1293,11361,77,32,2026-09-06T14:25:17.547000+00:00,28.893,29.943,30.417,280.0,303.0,False,89.253,"[None, 2048, 2048, 2048, 2048, 2048]","[2049, 2049, 2048, 2048, 2048, 2048, 2048]","[2048, 2048, 2048, 2048, 2048, 2048, 2048, 2048, 2048]",306.0
1293,11361,41,33,2026-09-06T14:25:19.828000+00:00,28.346,29.626,28.44,290.0,312.0,False,86.412,"[None, 2048, 2048, 2048, 2048, 2048]","[2048, 2048, 2048, 2048, 2048, 2048, 2048]","[2048, 2048, 2048, 2048, 2048, 2048, 2048, 2048, 2048]",316.0
1293,11361,22,33,2026-09-06T14:25:25.328000+00:00,28.464,29.802,28.485,,306.0,False,86.751,"[None, 2048, 2048, 2048, 2048, 2048]","[2048, 2048, 2049, 2048, 2048, 2048, 2048]","[2048, 2048, 2048, 2048, 2048, 2048, 2048, 2048, 2048]",
1293,11361,43,33,2026-09-06T14:25:31.512000+00:00,28.241,29.6,28.513,,308.0,False,86.354,"[None, 2048, 2048, 2048, 2048, 2048]","[2048, 2048, 2048, 2048, 2048, 2048, 2048]","[2048, 2048, 2048, 2048, 2048, 2048, 2048, 2048, 2048]",304.0
1293,11361,5,33,2026-09-06T14:25:32.707000+00:00,28.438,29.622,28.348,289.0,307.0,False,86.408,"[None, 2048, 2048, 2048, 2048, 2048]","[2048, 2048, 2048, 2048, 2048, 2048, 2048]","[2048, 2048, 2048, 2048, 2048, 2048, 2048, 2048, 2048]",314.0
1293,11361,87,33,2026-09-06T14:25:33.676000+00:00,28.188,29.929,28.607,292.0,317.0,False,86.724,"[2049, 2049, 2048, 2048, 2048, 2048]","[2048, 2048, 2048, 2048, 2048, 2048, 2048]","[2048, 2048, 2048, 2048, 2048, 2048, 2048, 2048, 2048]",335.0
1293,11361,23,33,2026-09-06T14:25:40.238000+00:00,28.14,29.949,28.884,294.0,308.0,False,86.973,"[None, 2048, 2048, 2048, 2048, 2048]","[2048, 2048, 2048, 2048, 2049, 2048, 2048]","[2048, 2048, 2048, 2048, 2048, 2048, 2048, 2048, 2048]",311.0
1293,11361,27,33,2026-09-06T14:25:50.479000+00:00,28.698,29.218,28.333,284.0,304.0,False,86.249,"[None, 2048, 2048, 2049, 2048, 2048]","[2048, 2049, 2048, 2048, 2048, 2048, 2048]","[2048, 2049, 2048, 2048, 2048, 2049, 2048, 2048, 2048]",
1293,11361,55,33,2026-09-06T14:25:53.475000+00:00,28.072,29.702,28.641,296.0,309.0,False,86.415,"[None, 2048, 2048, 2048, 2048, 2048]","[2048, 2048, 2048, 2048, 2048, 2048, 2048]","[2049, 2048, 2048, 2048, 2048, 2048, 2049, 2048, 2048]",311.0
1293,11361,31,33,2026-09-06T14:25:55.506000+00:00,28.445,29.646,28.486,286.0,310.0,False,86.577,"[None, 2048, 2048, 2049, 2048, 2048]","[2048, 2048, 2048, 2048, 2048, 2048, 2048]","[2048, 2048, 2048, 2048, 2048, 2048, 2048, 2048, 2048]",311.0
1293,11361,30,33,2026-09-06T14:25:57.819000+00:00,28.208,29.393,28.237,291.0,313.0,False,85.838,"[None, 2048, 2048, 2048, 2048, 2048]","[2048, 2048, 2048, 2048, 2048, 2048, 2048]","[2049, 2048, 2048, 2048, 2048, 2048, 2049, 2049, 2049]",312.0
1293,11361,63,34,2026-09-06T14:26:23.581000+00:00,28.092,29.249,28.071,,306.0,False,85.412,"[None, 2048, 2048, 2048, 2048, 2048]","[2048, 2048, 2048, 2048, 2048, 2048, 2048]","[2048, 2048, 2048, 2048, 2048, 2048, 2049, 2048, 2048]",304.0
1293,11361,81,34,2026-09-06T14:26:31.226000+00:00,28.248,29.367,28.42,290.0,306.0,False,86.035,"[None, 2048, 2048, 2048, 2048, 2048]","[2048, 2048, 2048, 2048, 2048, 2048, 2048]","[2048, 2048, 2048, 2048, 2048, 2048, 2048, 2048, 2048]",
1293,11361,44,34,2026-09-06T14:26:32.826000+00:00,28.128,29.377,28.225,292.0,309.0,False,85.73,"[None, 2048, 2048, 2048, 2048, 2048]","[2048, 2048, 2048, 2048, 2048, 2048, 2048]","[2048, 2048, 2048, 2048, 2048, 2048, 2048, 2048, 2048]",312.0
1293,11361,12,34,2026-09-06T14:26:34.913000+00:00,27.777,29.096,27.796,294.0,314.0,False,84.669,"[None, 2048, 2048, 2048, 2048, 2048]","[2048, 2048, 2049, 2048, 2048, 2048, 2048]","[2051, 2048, 2048, 2048, 2048, 2048, 2048, 2048, 2048]",312.0
1293,11361,3,34,2026-09-06T14:26:37.085000+00:00,27.964,29.105,27.956,290.0,312.0,False,85.025,"[None, 2048, 2048, 2049, 2048, 2048]","[2048, 2051, 2048, 2048, 2048, 2048, 2048]","[2048, 2048, 2048, 2048, 2048, 2048, 2048, 2048, 2048]",320.0
1293,11361,1,34,2026-09-06T14:26:38.304000+00:00,27.935,29.174,28.082,299.0,316.0,False,85.191,"[None, 2048, 2048, 2048, 2048, 2048]","[2048, 2048, 2048, 2048, 2048, 2048, 2048]","[2048, 2048, 2048, 2048, 2048, 2048, 2048, 2048, 2048]",320.0
1293,11361,11,33,2026-09-06T14:26:38.866000+00:00,28.412,30.15,29.514,285.0,306.0,False,88.076,"[None, 2048, 2048, 2048, 2048, 2048]","[2048, 2048, 2048, 2048, 2048, 2048, 2048]","[2048, 2048, 2048, 2048, 2048, 2048, 2048, 2048, 2048]",307.0
1293,11361,10,34,2026-09-06T14:26:40.444000+00:00,27.851,29.587,28.536,298.0,319.0,False,85.974,"[None, 2048, 2048, 2048, 2048, 2048]","[2048, 2048, 2048, 2048, 2048, 2048, 2048]","[2048, 2048, 2048, 2048, 2048, 2048, 2048, 2048, 2048]",318.0
1293,11361,41,34,2026-09-06T14:26:46.226000+00:00,28.432,29.656,28.492,288.0,307.0,False,86.58,"[None, 2048, 2048, 2048, 2048, 2048]","[2048, 2048, 2048, 2048, 2048, 2048, 2048]","[2048, 2049, 2048, 2048, 2048, 2048, 2048, 2048, 2048]",313.0
1293,11361,77,33,2026-09-06T14:26:46.804000+00:00,28.953,29.97,28.878,283.0,307.0,False,87.801,"[None, 2048, 2048, 2048, 2048, 2048]","[2048, 2048, 2049, 2048, 2048, 2048, 2048]","[2048, 2048, 2049, 2048, 2048, 2048, 2048, 2048, 2048]",312.0
1293,11361,22,34,2026-09-06T14:26:52.148000+00:00,28.389,29.716,28.529,289.0,307.0,False,86.634,"[None, 2048, 2048, 2048, 2048, 2048]","[2048, 2048, 2049, 2048, 2048, 2048, 2048]","[2048, 2048, 2048, 2048, 2048, 2048, 2048, 2048, 2048]",312.0
1293,11361,43,34,2026-09-06T14:26:57.933000+00:00,28.304,29.538,28.484,293.0,308.0,False,86.326,"[None, 2048, 2048, 2048, 2048, 2048]","[2048, 2048, 2048, 2048, 2048, 2048, 2048]","[2048, 2048, 2048, 2048, 2048, 2048, 2048, 2048, 2048]",305.0
1293,11361,5,34,2026-09-06T14:26:59.096000+00:00,28.651,29.604,28.294,287.0,306.0,False,86.549,"[None, 2048, 2048, 2048, 2048, 2048]","[2048, 2048, 2049, 2048, 2048, 2048, 2048]","[2048, 2048, 2048, 2048, 2048, 2048, 2048, 2048, 2048]",313.0
1293,11361,87,34,2026-09-06T14:27:00.375000+00:00,28.319,30.09,28.608,293.0,311.0,False,87.017,"[2048, 2048, 2048, 2048, 2048, 2048]","[2048, 2048, 2048, 2048, 2048, 2048, 2048]","[2048, 2048, 2048, 2048, 2048, 2048, 2048, 2048, 2048]",323.0
1293,11361,23,34,2026-09-06T14:27:07.333000+00:00,28.154,30.074,28.831,295.0,308.0,False,87.059,"[None, 2048, 2048, 2048, 2048, 2048]","[2048, 2048, 2048, 2048, 2048, 2048, 2048]","[2048, 2048, 2048, 2048, 2048, 2048, 2048, 2048, 2048]",
1293,11361,27,34,2026-09-06T14:27:16.846000+00:00,28.712,29.115,28.369,283.0,303.0,False,86.196,"[None, 2048, 2048, 2048, 2048, 2048]","[2048, 2049, 2048, 2049, 2048, 2048, 2048]","[2048, 2048, 2048, 2048, 2048, 2048, 2048, 2048, 2048]",294.0
1293,11361,55,34,2026-09-06T14:27:19.871000+00:00,27.946,29.66,28.672,297.0,310.0,False,86.278,"[None, 2048, 2048, 2048, 2048, 2048]","[2048, 2048, 2048, 2048, 2048, 2048, 2048]","[2048, 2048, 2048, 2048, 2048, 2048, 2048, 2048, 2048]",313.0
1293,11361,31,34,2026-09-06T14:27:22.090000+00:00,28.289,29.549,28.369,287.0,310.0,False,86.207,"[None, 2048, 2048, 2048, 2048, 2048]","[2048, 2048, 2048, 2048, 2048, 2048, 2048]","[2048, 2048, 2048, 2048, 2049, 2048, 2048, 2048, 2048]",314.0
1293,11361,30,34,2026-09-06T14:27:23.746000+00:00,28.133,29.396,28.199,293.0,315.0,False,85.728,"[None, 2048, 2048, 2048, 2048, 2048]","[2048, 2048, 2048, 2048, 2048, 2049, 2048]","[2048, 2048, 2048, 2048, 2048, 2048, 2049, 2049, 2049]",
1293,11361,63,35,2026-09-06T14:27:49.043000+00:00,27.993,29.199,28.104,294.0,306.0,False,85.296,"[None, 2048, 2048, 2048, 2048, 2048]","[2048, 2048, 2048, 2048, 2048, 2048, 2048]","[2048, 2048, 2048, 2048, 2048, 2048, 2048, 2048, 2048]",
1293,11361,81,35,2026-09-06T14:27:57.340000+00:00,28.084,29.25,28.263,292.0,306.0,False,85.597,"[None, 2048, 2048, 2049, 2048, 2048]","[2048, 2049, 2048, 2048, 2048, 2048, 2048]","[2048, 2048, 2048, 2048, 2049, 2048, 2048, 2048, 2048]",306.0
1293,11361,44,35,2026-09-06T14:27:58.498000+00:00,29.248,29.643,28.038,294.0,315.0,False,86.929,"[None, 2048, 2051, 2048, 2048, 2048]","[2048, 2048, 2048, 2048, 2048, 2049, 2048]","[2048, 2048, 2048, 2048, 2048, 2048, 2048, 2048, 2048]",313.0
1293,11361,12,35,2026-09-06T14:27:59.512000+00:00,27.744,28.967,27.71,,313.0,False,84.421,"[None, 2048, 2048, 2048, 2048, 2048]","[2048, 2048, 2049, 2048, 2048, 2048, 2048]","[2048, 2048, 2048, 2048, 2048, 2049, 2048, 2048, 2048]",317.0
1293,11361,3,35,2026-09-06T14:28:02.080000+00:00,27.939,29.019,27.858,292.0,315.0,False,84.816,"[None, 2048, 2049, 2048, 2048, 2048]","[2049, 2051, 2049, 2048, 2048, 2048, 2048]","[2048, 2048, 2048, 2048, 2048, 2048, 2048, 2048, 2048]",315.0
1293,11361,1,35,2026-09-06T14:28:03.496000+00:00,27.755,29.146,28.07,,315.0,False,84.971,"[None, 2048, 2048, 2048, 2048, 2048]","[2048, 2049, 2048, 2048, 2048, 2048, 2048]","[2049, 2048, 2048, 2048, 2048, 2048, 2048, 2048, 2048]",317.0
1293,11361,10,35,2026-09-06T14:28:06.385000+00:00,27.931,29.561,28.471,296.0,311.0,False,85.963,"[None, 2048, 2048, 2048, 2048, 2048]","[2049, 2048, 2048, 2049, 2048, 2048, 2048]","[2048, 2048, 2048, 2048, 2048, 2048, 2048, 2048, 2048]",313.0
1293,11361,11,34,2026-09-06T14:28:06.945000+00:00,28.512,29.925,28.584,,306.0,False,87.021,"[None, 2048, 2048, 2048, 2048, 2048]","[2048, 2048, 2048, 2048, 2048, 2049, 2048]","[2048, 2049, 2049, 2048, 2048, 2048, 2048, 2048]",315.0
1293,11361,41,35,2026-09-06T14:28:12.758000+00:00,28.354,29.617,28.43,290.0,307.0,False,86.401,"[None, 2048, 2048, 2048, 2048, 2048]","[2048, 2048, 2048, 2048, 2048, 2048, 2048]","[2048, 2049, 2048, 2048, 2048, 2048, 2048, 2048, 2048]",312.0
1293,11361,77,34,2026-09-06T14:28:14.625000+00:00,28.556,29.914,29.191,,304.0,False,87.661,"[None, 2048, 2048, 2048, 2048, 2048]","[2048, 2049, 2049, 2048, 2048, 2048, 2048]","[2048, 2048, 2048, 2048, 2048, 2048, 2048, 2048, 2048]",313.0
1293,11361,22,35,2026-09-06T14:28:18.738000+00:00,28.445,29.79,28.461,290.0,308.0,False,86.696,"[None, 2048, 2048, 2048, 2048, 2048]","[2048, 2048, 2048, 2048, 2048, 2048, 2048]","[2048, 2048, 2048, 2048, 2048, 2048, 2048, 2048, 2048]",
1293,11361,43,35,2026-09-06T14:28:24.079000+00:00,28.243,29.382,28.366,294.0,309.0,False,85.991,"[None, 2048, 2048, 2048, 2048, 2048]","[2049, 2049, 2048, 2048, 2048, 2048, 2048]","[2048, 2048, 2048, 2048, 2048, 2048, 2048, 2048, 2048]",306.0
1293,11361,5,35,2026-09-06T14:28:25.642000+00:00,28.36,29.629,28.65,290.0,305.0,False,86.639,"[None, 2048, 2048, 2048, 2048, 2048]","[2048, 2048, 2049, 2048, 2048, 2048, 2048]","[2048, 2048, 2048, 2048, 2048, 2048, 2048, 2048, 2048]",
1293,11361,87,35,2026-09-06T14:28:27.360000+00:00,28.416,29.906,28.8,292.0,312.0,False,87.122,"[None, 2048, 2048, 2048, 2048, 2048]","[2048, 2048, 2048, 2048, 2048, 2048, 2048]","[2048, 2048, 2048, 2048, 2048, 2048, 2048, 2048, 2048]",319.0
1293,11361,23,35,2026-09-06T14:28:34.282000+00:00,28.201,29.901,28.709,,308.0,False,86.811,"[None, 2048, 2048, 2048, 2048, 2048]","[2049, 2048, 2048, 2048, 2049, 2048, 2048]","[2048, 2049, 2048, 2048, 2048, 2048, 2048, 2048, 2048]",309.0
1293,11361,27,35,2026-09-06T14:28:42.907000+00:00,28.57,29.063,28.4,284.0,305.0,False,86.033,"[None, 2048, 2048, 2049, 2048, 2048]","[2048, 2049, 2048, 2048, 2048, 2048, 2048]","[2048, 2048, 2048, 2048, 2048, 2048, 2048, 2048, 2048]",293.0
1293,11361,55,35,2026-09-06T14:28:46.110000+00:00,27.914,29.682,28.528,,310.0,False,86.124,"[None, 2048, 2048, 2048, 2048, 2048]","[2048, 2048, 2048, 2048, 2048, 2048, 2048]","[2048, 2048, 2048, 2048, 2048, 2048, 2049, 2048, 2048]",
1293,11361,31,35,2026-09-06T14:28:48.251000+00:00,28.313,29.493,28.497,,309.0,False,86.303,"[None, 2048, 2048, 2048, 2048, 2048]","[2048, 2048, 2048, 2048, 2048, 2048, 2048]","[2048, 2049, 2048, 2048, 2048, 2048, 2048, 2048, 2048]",313.0
1293,11361,30,35,2026-09-06T14:28:49.439000+00:00,27.975,29.459,28.228,296.0,318.0,False,85.662,"[None, 2048, 2048, 2048, 2048, 2048]","[2048, 2048, 2048, 2048, 2048, 2049, 2048]","[2048, 2048, 2048, 2048, 2048, 2048, 2048, 2048, 2049]",320.0
1293,11361,63,36,2026-09-06T14:29:14.346000+00:00,28.028,29.162,28.033,,306.0,False,85.223,"[None, 2048, 2048, 2048, 2048, 2048]","[2048, 2048, 2048, 2049, 2048, 2048, 2048]","[2048, 2048, 2048, 2048, 2049, 2048, 2048, 2048, 2048]",306.0
1293,11361,81,36,2026-09-06T14:29:22.831000+00:00,28.063,29.262,28.219,291.0,307.0,False,85.544,"[None, 2048, 2048, 2049, 2048, 2048]","[2048, 2048, 2048, 2049, 2048, 2048, 2048]","[2049, 2048, 2048, 2048, 2048, 2048, 2048, 2048, 2048]",
1293,11361,12,36,2026-09-06T14:29:24.039000+00:00,27.734,29.063,27.887,297.0,318.0,False,84.684,"[None, 2048, 2048, 2048, 2048, 2048]","[2048, 2048, 2048, 2048, 2048, 2048, 2048]","[2051, 2048, 2048, 2048, 2048, 2048, 2048, 2048, 2048]",316.0
1293,11361,44,36,2026-09-06T14:29:25.496000+00:00,27.887,29.345,28.311,292.0,311.0,False,85.543,"[None, 2048, 2048, 2048, 2048, 2048]","[2048, 2048, 2048, 2048, 2048, 2048, 2048]","[2048, 2048, 2048, 2048, 2048, 2048, 2048, 2048, 2048]",317.0
1293,11361,3,36,2026-09-06T14:29:26.837000+00:00,27.89,29.117,27.67,,316.0,False,84.677,"[None, 2048, 2048, 2048, 2048, 2048]","[2048, 2048, 2048, 2048, 2048, 2048, 2048]","[2048, 2049, 2048, 2048, 2048, 2048, 2048, 2048, 2048]",318.0
1293,11361,1,36,2026-09-06T14:29:28.436000+00:00,27.93,29.293,28.129,296.0,314.0,False,85.352,"[None, 2048, 2048, 2048, 2048, 2048]","[2048, 2048, 2048, 2048, 2048, 2048, 2048]","[2048, 2048, 2048, 2048, 2048, 2048, 2048, 2048, 2048]",318.0
1293,11361,10,36,2026-09-06T14:29:32.459000+00:00,27.995,29.616,28.43,294.0,310.0,False,86.041,"[None, 2048, 2048, 2048, 2048, 2048]","[2048, 2048, 2048, 2048, 2048, 2048, 2048]","[2048, 2048, 2048, 2048, 2048, 2048, 2048, 2048, 2048]",
1293,11361,11,35,2026-09-06T14:29:33.944000+00:00,28.653,30.075,28.923,281.0,300.0,False,87.651,"[None, 2048, 2048, 2049, 2048, 2048]","[2048, 2048, 2048, 2048, 2048, 2048, 2048]","[2048, 2048, 2048, 2048, 2049, 2048, 2048, 2048, 2048]",310.0
1293,11361,41,36,2026-09-06T14:29:39.319000+00:00,28.337,29.514,28.45,288.0,308.0,False,86.301,"[None, 2048, 2048, 2048, 2048, 2048]","[2048, 2048, 2048, 2048, 2048, 2048, 2048]","[2048, 2048, 2048, 2048, 2048, 2048, 2048, 2048, 2048]",313.0
1293,11361,77,35,2026-09-06T14:29:42.287000+00:00,28.915,29.982,29.243,280.0,302.0,False,88.14,"[None, 2048, 2048, 2049, 2048, 2048]","[2048, 2048, 2048, 2048, 2048, 2048, 2048]","[2048, 2048, 2048, 2048, 2048, 2048, 2048, 2048, 2048]",305.0
1293,11361,22,36,2026-09-06T14:29:45.444000+00:00,28.279,29.646,28.483,,310.0,False,86.408,"[None, 2048, 2048, 2048, 2048, 2048]","[2048, 2048, 2049, 2049, 2049, 2048, 2048]","[2048, 2048, 2048, 2048, 2048, 2048, 2049, 2048, 2048]",313.0
1293,11361,43,36,2026-09-06T14:29:50.162000+00:00,28.025,29.531,28.306,293.0,310.0,False,85.862,"[None, 2048, 2048, 2048, 2048, 2048]","[2048, 2048, 2048, 2048, 2048, 2048, 2048]","[2048, 2048, 2048, 2048, 2048, 2048, 2048, 2048, 2048]",307.0
1293,11361,5,36,2026-09-06T14:29:52.209000+00:00,28.558,29.72,28.52,285.0,305.0,False,86.798,"[None, 2048, 2048, 2048, 2048, 2048]","[2048, 2048, 2048, 2048, 2048, 2048, 2048]","[2048, 2048, 2048, 2048, 2048, 2048, 2048, 2048, 2048]",311.0
1293,11361,87,36,2026-09-06T14:29:54.553000+00:00,28.573,29.875,28.874,288.0,310.0,False,87.322,"[None, 2048, 2048, 2048, 2048, 2048]","[2048, 2048, 2048, 2048, 2048, 2048, 2048]","[2048, 2048, 2048, 2048, 2048, 2048, 2048, 2048, 2048]",315.0
1293,11361,23,36,2026-09-06T14:30:01.209000+00:00,28.063,29.862,28.817,294.0,308.0,False,86.742,"[None, 2048, 2048, 2048, 2048, 2048]","[2049, 2048, 2048, 2049, 2048, 2048, 2048]","[2048, 2048, 2048, 2048, 2049, 2048, 2048, 2048, 2048]",311.0
1293,11361,27,36,2026-09-06T14:30:09.053000+00:00,28.646,29.068,28.303,283.0,304.0,False,86.017,"[None, 2048, 2048, 2048, 2048, 2048]","[2049, 2048, 2048, 2048, 2051, 2048, 2048]","[2048, 2048, 2048, 2048, 2048, 2048, 2048, 2048, 2048]",294.0
1293,11361,55,36,2026-09-06T14:30:12.259000+00:00,27.93,29.639,28.531,295.0,310.0,False,86.1,"[None, 2048, 2048, 2049, 2048, 2048]","[2048, 2048, 2048, 2048, 2048, 2048, 2048]","[2048, 2048, 2048, 2048, 2048, 2048, 2048, 2048, 2048]",
1293,11361,31,36,2026-09-06T14:30:14.580000+00:00,28.424,30.309,28.424,286.0,318.0,False,87.157,"[None, 2048, 2048, 2048, 2048, 2048]","[2048, 2048, 2048, 2048, 2048, 2049, 2048]","[2048, 2048, 2048, 2048, 2048, 2048, 2048, 2048, 2048]",311.0
1293,11361,30,36,2026-09-06T14:30:15.140000+00:00,27.923,29.709,28.145,304.0,309.0,False,85.777,"[2049, 2048, 2048, 2048, 2049, 2049]","[2048, 2048, 2048, 2048, 2048, 2048, 2048]","[2048, 2048, 2048, 2048, 2048, 2049, 2048, 2048]",325.0
1293,11361,63,37,2026-09-06T14:30:39.493000+00:00,28.027,29.229,28.081,,305.0,False,85.337,"[None, 2048, 2048, 2048, 2048, 2048]","[2048, 2048, 2049, 2048, 2048, 2048, 2048]","[2048, 2048, 2048, 2048, 2048, 2048, 2048, 2048, 2048]",305.0
1293,11361,81,37,2026-09-06T14:30:48.348000+00:00,28.502,29.491,28.135,297.0,313.0,False,86.128,"[None, 2048, 2048, 2048, 2048, 2048]","[2048, 2048, 2048, 2048, 2048, 2048, 2048]","[2049, 2048, 2048, 2048, 2048, 2048, 2048, 2048, 2048]",
1293,11361,12,37,2026-09-06T14:30:48.647000+00:00,27.724,28.769,27.97,292.0,308.0,False,84.463,"[None, 2048, 2048, 2048, 2048, 2048]","[2048, 2051, 2049, 2051, 2051, 2048, 2048]","[2048, 2049, 2048, 2048, 2051, 2048, 2048, 2048, 2048]",310.0
1293,11361,44,37,2026-09-06T14:30:51.055000+00:00,28.377,29.556,27.992,293.0,316.0,False,85.925,"[None, 2048, 2048, 2048, 2048, 2048]","[2048, 2048, 2048, 2048, 2048, 2048, 2048]","[2048, 2048, 2048, 2048, 2048, 2048, 2048, 2048, 2048]",308.0
1293,11361,3,37,2026-09-06T14:30:51.571000+00:00,27.503,29.025,27.714,311.0,314.0,False,84.242,"[None, 2048, 2048, 2048, 2051, 2049]","[2049, 2048, 2049, 2049, 2049, 2048, 2048]","[2048, 2051, 2048, 2048, 2048, 2048, 2048, 2048, 2048]",319.0
1293,11361,1,37,2026-09-06T14:30:53.758000+00:00,27.968,29.159,28.093,293.0,313.0,False,85.22,"[None, 2048, 2048, 2048, 2048, 2048]","[2048, 2049, 2049, 2048, 2048, 2048, 2048]","[2048, 2048, 2048, 2048, 2048, 2048, 2048, 2048, 2048]",314.0
1293,11361,10,37,2026-09-06T14:30:58.415000+00:00,27.973,29.531,28.434,293.0,308.0,False,85.938,"[None, 2048, 2048, 2049, 2048, 2048]","[2048, 2049, 2048, 2048, 2048, 2048, 2048]","[2048, 2048, 2048, 2048, 2048, 2048, 2048, 2048, 2048]",310.0
1293,11361,11,36,2026-09-06T14:31:01.618000+00:00,29.26,30.075,29.023,279.0,298.0,False,88.358,"[None, 2048, 2048, 2048, 2048, 2048]","[2048, 2048, 2048, 2048, 2048, 2048, 2048]","[2048, 2048, 2048, 2048, 2048, 2048, 2048, 2048, 2048]",304.0
1293,11361,41,37,2026-09-06T14:31:05.538000+00:00,28.356,29.656,28.333,289.0,309.0,False,86.345,"[None, 2048, 2048, 2048, 2048, 2048]","[2048, 2048, 2048, 2048, 2048, 2048, 2048]","[2048, 2049, 2048, 2048, 2048, 2048, 2048, 2048, 2048]",314.0
1293,11361,77,36,2026-09-06T14:31:10.437000+00:00,29.025,31.253,28.466,241.0,307.0,False,88.744,"[None, 2048, 2048, 2048, 2048, 2048]","[2048, 2048, 2048, 2048, 2048, 2049, 2048]","[2048, 2049, 2049, 2049, 2048, 2048, 2048, 2048, 2048]",304.0
1293,11361,22,37,2026-09-06T14:31:11.799000+00:00,28.209,29.747,28.427,292.0,306.0,False,86.383,"[None, 2048, 2048, 2048, 2048, 2048]","[2048, 2048, 2048, 2049, 2048, 2048, 2048]","[2048, 2049, 2048, 2048, 2048, 2048, 2048, 2048, 2048]",317.0
1293,11361,43,37,2026-09-06T14:31:16.059000+00:00,28.11,29.3,28.259,,312.0,False,85.669,"[None, 2048, 2048, 2048, 2048, 2048]","[2048, 2048, 2048, 2049, 2049, 2048, 2048]","[2048, 2048, 2048, 2048, 2048, 2048, 2048, 2048, 2048]",309.0
1293,11361,5,37,2026-09-06T14:31:19.042000+00:00,28.511,29.641,28.569,287.0,304.0,False,86.721,"[None, 2048, 2048, 2048, 2048, 2048]","[2048, 2048, 2049, 2048, 2048, 2048, 2048]","[2048, 2048, 2048, 2048, 2048, 2049, 2048, 2048, 2048]",310.0
1293,11361,87,37,2026-09-06T14:31:21.814000+00:00,28.564,29.958,28.577,,307.0,False,87.099,"[None, 2048, 2048, 2048, 2048, 2048]","[2048, 2048, 2048, 2048, 2048, 2048, 2048]","[2048, 2048, 2048, 2048, 2048, 2048, 2048, 2048, 2048]",314.0
1293,11361,23,37,2026-09-06T14:31:27.866000+00:00,28.064,30.0,28.891,,307.0,False,86.955,"[None, 2048, 2048, 2048, 2048, 2048]","[2048, 2048, 2048, 2048, 2048, 2048, 2048]","[2048, 2048, 2048, 2048, 2048, 2048, 2048, 2048, 2048]",313.0
1293,11361,27,37,2026-09-06T14:31:35.069000+00:00,28.609,29.076,28.29,,305.0,False,85.975,"[None, 2048, 2048, 2048, 2048, 2048]","[2048, 2048, 2048, 2048, 2051, 2048, 2048]","[2048, 2049, 2048, 2048, 2048, 2048, 2048, 2048, 2048]",
1293,11361,55,37,2026-09-06T14:31:38.338000+00:00,27.89,29.585,28.435,296.0,309.0,False,85.91,"[None, 2048, 2048, 2048, 2048, 2048]","[2048, 2048, 2048, 2048, 2048, 2048, 2048]","[2049, 2048, 2048, 2048, 2048, 2048, 2048, 2048, 2048]",312.0
1293,11361,30,37,2026-09-06T14:31:40.765000+00:00,28.22,29.374,28.323,289.0,311.0,False,85.917,"[2048, 2048, 2048, 2048, 2048, 2048]","[2048, 2048, 2048, 2048, 2048, 2048, 2048]","[2048, 2048, 2048, 2048, 2048, 2048, 2048, 2048, 2048]",315.0
1293,11361,31,37,2026-09-06T14:31:41.686000+00:00,,29.598,28.086,290.0,309.0,False,86.108,"[None, 2048, 2048, 2048, 2048, 2048]","[2048, 2048, 2048, 2048, 2048, 2048, 2048]","[2048, 2048, 2048, 2048, 2048, 2048, 2048, 2048, 2048]",319.0
1293,11361,63,38,2026-09-06T14:32:04.781000+00:00,28.146,29.176,28.064,,307.0,False,85.386,"[None, 2048, 2048, 2048, 2048, 2048]","[2048, 2048, 2048, 2049, 2048, 2048, 2048]","[2048, 2048, 2048, 2048, 2048, 2048, 2048, 2048, 2048]",
1293,11361,12,38,2026-09-06T14:32:13.047000+00:00,28.087,28.903,27.87,291.0,307.0,False,84.86,"[None, 2048, 2048, 2048, 2048, 2048]","[2048, 2048, 2048, 2048, 2048, 2048, 2048]","[2048, 2051, 2048, 2048, 2048, 2048, 2048, 2048, 2048]",306.0
1293,11361,81,38,2026-09-06T14:32:14.500000+00:00,27.864,29.284,28.167,,312.0,False,85.315,"[None, 2048, 2048, 2048, 2048, 2048]","[2048, 2048, 2048, 2048, 2048, 2048, 2048]","[2048, 2048, 2048, 2048, 2048, 2048, 2048, 2048, 2048]",314.0
1293,11361,3,38,2026-09-06T14:32:15.750000+00:00,27.802,29.105,27.798,293.0,317.0,False,84.705,"[None, 2048, 2048, 2048, 2048, 2048]","[2048, 2048, 2048, 2048, 2048, 2048, 2048]","[2049, 2048, 2048, 2048, 2048, 2048, 2048, 2048, 2048]",
1293,11361,44,38,2026-09-06T14:32:16.922000+00:00,27.909,29.344,28.19,294.0,313.0,False,85.443,"[None, 2048, 2048, 2048, 2048, 2048]","[2048, 2048, 2048, 2048, 2049, 2048, 2048]","[2048, 2048, 2048, 2048, 2048, 2048, 2048, 2048, 2048]",320.0
1293,11361,1,38,2026-09-06T14:32:18.959000+00:00,27.986,29.242,28.06,294.0,313.0,False,85.288,"[None, 2048, 2048, 2048, 2048, 2048]","[2048, 2048, 2048, 2048, 2048, 2048, 2048]","[2048, 2048, 2048, 2048, 2049, 2048, 2048, 2048, 2048]",315.0
1293,11361,10,38,2026-09-06T14:32:24.390000+00:00,28.027,29.463,28.508,294.0,309.0,False,85.998,"[None, 2048, 2048, 2048, 2048, 2048]","[2048, 2048, 2048, 2049, 2049, 2048, 2048]","[2048, 2048, 2048, 2048, 2048, 2048, 2048, 2048, 2048]",308.0
1293,11361,11,37,2026-09-06T14:32:29.984000+00:00,29.05,29.876,29.785,278.0,299.0,False,88.711,"[None, 2048, 2048, 2048, 2048, 2048]","[2048, 2048, 2048, 2048, 2049, 2048, 2048]","[2048, 2048, 2048, 2048, 2048, 2048, 2048, 2048, 2048]",302.0
1293,11361,41,38,2026-09-06T14:32:31.812000+00:00,28.32,29.68,28.482,290.0,311.0,False,86.482,"[None, 2048, 2048, 2048, 2048, 2048]","[2048, 2048, 2048, 2048, 2048, 2048, 2048]","[2048, 2048, 2048, 2048, 2048, 2048, 2048, 2048, 2048]",316.0
1293,11361,22,38,2026-09-06T14:32:38.218000+00:00,28.334,29.747,28.531,288.0,305.0,False,86.612,"[None, 2048, 2048, 2048, 2048, 2048]","[2048, 2048, 2048, 2048, 2048, 2048, 2048]","[2048, 2048, 2048, 2048, 2048, 2048, 2048, 2048, 2048]",312.0
1293,11361,77,37,2026-09-06T14:32:39.250000+00:00,28.871,30.542,29.733,283.0,225.0,False,89.146,"[None, 2048, 2048, 2048, 2048, 2048]","[2048, 2048, 2048, 2048, 2048, 2048, 2048]","[2048, 2048, 2048, 2048, 2048, 2048, 2048, 2048, 2048]",309.0
1293,11361,43,38,2026-09-06T14:32:41.640000+00:00,28.031,29.237,28.372,295.0,313.0,False,85.64,"[None, 2048, 2048, 2048, 2048, 2048]","[2048, 2048, 2048, 2048, 2049, 2049, 2048]","[2048, 2048, 2048, 2048, 2048, 2048, 2048, 2048, 2048]",311.0
1293,11361,5,38,2026-09-06T14:32:45.828000+00:00,28.631,29.538,28.446,284.0,304.0,False,86.615,"[None, 2048, 2049, 2048, 2048, 2048]","[2048, 2048, 2048, 2048, 2048, 2048, 2048]","[2048, 2048, 2048, 2048, 2048, 2048, 2048, 2048, 2048]",309.0
1293,11361,87,38,2026-09-06T14:32:48.859000+00:00,28.382,29.899,29.0,289.0,306.0,False,87.281,"[None, 2048, 2048, 2048, 2048, 2048]","[2048, 2048, 2048, 2048, 2048, 2048, 2048]","[2048, 2048, 2048, 2048, 2048, 2048, 2048, 2048, 2048]",
1293,11361,23,38,2026-09-06T14:32:54.765000+00:00,28.082,29.976,28.793,,308.0,False,86.851,"[None, 2048, 2048, 2048, 2048, 2048]","[2048, 2048, 2049, 2048, 2048, 2048, 2048]","[2048, 2048, 2048, 2048, 2048, 2048, 2048, 2048, 2048]",
1293,11361,27,38,2026-09-06T14:33:00.984000+00:00,28.563,29.18,28.35,284.0,305.0,False,86.093,"[None, 2048, 2048, 2048, 2048, 2048]","[2048, 2048, 2048, 2048, 2048, 2048, 2048]","[2048, 2048, 2048, 2048, 2048, 2048, 2048, 2048, 2048]",295.0
1293,11361,55,38,2026-09-06T14:33:04.234000+00:00,27.822,29.527,28.423,,311.0,False,85.772,"[None, 2048, 2049, 2049, 2048, 2048]","[2048, 2048, 2048, 2048, 2048, 2048, 2048]","[2049, 2048, 2048, 2048, 2048, 2048, 2049, 2049, 2048]",
1293,11361,30,38,2026-09-06T14:33:06.828000+00:00,28.339,29.318,28.181,,311.0,False,85.838,"[None, 2048, 2048, 2048, 2048, 2048]","[2049, 2048, 2048, 2048, 2048, 2048, 2048]","[2048, 2048, 2048, 2048, 2048, 2048, 2048, 2048, 2048]",311.0
1293,11361,31,38,2026-09-06T14:33:07.859000+00:00,28.414,29.49,28.316,,312.0,False,86.22,"[None, 2048, 2048, 2048, 2048, 2048]","[2048, 2048, 2048, 2048, 2048, 2048, 2048]","[2048, 2048, 2048, 2048, 2048, 2048, 2048, 2048, 2048]",313.0
1293,11361,63,39,2026-09-06T14:33:30.239000+00:00,27.908,29.17,27.94,,306.0,False,85.018,"[None, 2048, 2048, 2048, 2048, 2048]","[2048, 2048, 2048, 2048, 2048, 2048, 2048]","[2048, 2049, 2048, 2048, 2048, 2049, 2049, 2048, 2048]",
1293,11361,12,39,2026-09-06T14:33:37.989000+00:00,28.013,28.909,27.803,292.0,308.0,False,84.725,"[None, 2048, 2048, 2048, 2048, 2048]","[2048, 2048, 2048, 2048, 2048, 2048, 2048]","[2048, 2048, 2048, 2048, 2051, 2049, 2048, 2048, 2048]",
1293,11361,81,39,2026-09-06T14:33:39.801000+00:00,27.885,30.211,28.229,295.0,318.0,False,86.325,"[None, 2048, 2048, 2048, 2048, 2048]","[2048, 2048, 2048, 2048, 2048, 2048, 2048]","[2048, 2048, 2048, 2048, 2048, 2048, 2048, 2048, 2048]",
1293,11361,3,39,2026-09-06T14:33:40.489000+00:00,27.425,29.328,27.861,309.0,310.0,False,84.614,"[None, 2048, 2049, 2048, 2048, 2048]","[2049, 2048, 2048, 2048, 2048, 2048, 2048]","[2048, 2048, 2048, 2048, 2048, 2049, 2048, 2048, 2048]",
1293,11361,44,39,2026-09-06T14:33:42.426000+00:00,28.278,29.415,28.202,291.0,310.0,False,85.895,"[None, 2048, 2048, 2048, 2048, 2048]","[2048, 2048, 2049, 2048, 2049, 2048, 2048]","[2048, 2048, 2048, 2048, 2048, 2048, 2048, 2048, 2048]",311.0
1293,11361,1,39,2026-09-06T14:33:44.239000+00:00,27.893,29.226,28.094,295.0,314.0,False,85.213,"[None, 2048, 2048, 2048, 2048, 2048]","[2048, 2048, 2048, 2048, 2048, 2048, 2048]","[2049, 2048, 2048, 2048, 2048, 2048, 2048, 2048, 2048]",
1293,11361,10,39,2026-09-06T14:33:50.443000+00:00,28.06,29.547,28.331,,309.0,False,85.938,"[None, 2048, 2048, 2048, 2048, 2048]","[2048, 2048, 2048, 2048, 2048, 2048, 2048]","[2048, 2048, 2048, 2048, 2048, 2048, 2048, 2048, 2048]",309.0
1293,11361,41,39,2026-09-06T14:33:58.283000+00:00,28.365,29.52,28.429,288.0,305.0,False,86.314,"[None, 2048, 2048, 2048, 2048, 2048]","[2048, 2048, 2048, 2049, 2049, 2048, 2048]","[2048, 2048, 2048, 2048, 2048, 2048, 2048, 2048, 2048]",312.0
1293,11361,11,38,2026-09-06T14:33:58.725000+00:00,28.864,29.81,28.78,285.0,306.0,False,87.454,"[None, 2048, 2048, 2048, 2048, 2048]","[2048, 2048, 2048, 2048, 2048, 2049, 2048]","[2048, 2048, 2048, 2048, 2048, 2048, 2048, 2048, 2048]",275.0
1293,11361,22,39,2026-09-06T14:34:04.802000+00:00,28.403,29.701,28.503,289.0,306.0,False,86.607,"[None, 2048, 2048, 2048, 2048, 2048]","[2048, 2048, 2048, 2049, 2048, 2048, 2048]","[2048, 2048, 2048, 2048, 2048, 2048, 2048, 2048, 2048]",311.0
1293,11361,43,39,2026-09-06T14:34:07.334000+00:00,28.013,29.391,28.272,296.0,312.0,False,85.676,"[None, 2048, 2048, 2048, 2048, 2048]","[2048, 2048, 2048, 2048, 2048, 2048, 2048]","[2049, 2048, 2048, 2048, 2048, 2048, 2048, 2048, 2048]",310.0
1293,11361,77,38,2026-09-06T14:34:08.318000+00:00,28.611,30.014,29.0,284.0,306.0,False,87.625,"[None, 2048, 2048, 2048, 2048, 2048]","[2049, 2048, 2048, 2048, 2048, 2048, 2048]","[2048, 2048, 2048, 2048, 2048, 2048, 2048, 2048, 2048]",314.0
1293,11361,5,39,2026-09-06T14:34:12.438000+00:00,28.491,29.592,28.474,286.0,306.0,False,86.557,"[None, 2048, 2049, 2048, 2048, 2048]","[2048, 2048, 2049, 2048, 2048, 2048, 2048]","[2048, 2048, 2048, 2048, 2048, 2048, 2048, 2048, 2048]",311.0
1293,11361,87,39,2026-09-06T14:34:16.188000+00:00,28.676,29.881,28.874,287.0,308.0,False,87.431,"[None, 2048, 2048, 2048, 2048, 2048]","[2048, 2048, 2048, 2048, 2048, 2048, 2048]","[2048, 2048, 2048, 2048, 2048, 2048, 2048, 2048, 2048]",312.0
1293,11361,23,39,2026-09-06T14:34:21.688000+00:00,28.073,30.166,28.83,,308.0,False,87.069,"[None, 2048, 2048, 2048, 2048, 2048]","[2049, 2048, 2048, 2048, 2048, 2048, 2048]","[2048, 2048, 2048, 2048, 2048, 2048, 2048, 2048, 2048]",314.0
1293,11361,27,39,2026-09-06T14:34:27.125000+00:00,28.575,29.042,28.276,,306.0,False,85.893,"[None, 2048, 2048, 2048, 2048, 2048]","[2048, 2048, 2048, 2048, 2051, 2048, 2048]","[2048, 2048, 2048, 2048, 2048, 2048, 2048, 2048, 2048]",296.0
1293,11361,55,39,2026-09-06T14:34:29.985000+00:00,27.914,29.801,28.52,,310.0,False,86.235,"[None, 2048, 2048, 2048, 2048, 2048]","[2049, 2048, 2048, 2048, 2048, 2048, 2048]","[2048, 2048, 2048, 2048, 2048, 2048, 2048, 2048, 2048]",313.0
1293,11361,30,39,2026-09-06T14:34:32.641000+00:00,28.086,29.495,28.195,290.0,312.0,False,85.776,"[None, 2048, 2049, 2048, 2048, 2048]","[2048, 2048, 2048, 2048, 2048, 2048, 2048]","[2048, 2048, 2048, 2048, 2048, 2048, 2048, 2048, 2048]",317.0
1293,11361,31,39,2026-09-06T14:34:34+00:00,28.624,29.858,28.398,288.0,309.0,False,86.88,"[None, 2048, 2048, 2048, 2048, 2048]","[2048, 2048, 2048, 2048, 2048, 2048, 2048]","[2048, 2049, 2048, 2048, 2048, 2048, 2048, 2048, 2048]",311.0
1293,11361,63,40,2026-09-06T14:34:55.169000+00:00,27.888,29.211,27.995,,306.0,False,85.094,"[None, 2048, 2048, 2048, 2048, 2048]","[2048, 2048, 2048, 2048, 2048, 2048, 2048]","[2048, 2048, 2048, 2048, 2048, 2048, 2048, 2048, 2048]",306.0
1293,11361,12,40,2026-09-06T14:35:02.667000+00:00,27.936,28.931,27.746,291.0,308.0,False,84.613,"[None, 2048, 2048, 2048, 2048, 2048]","[2048, 2048, 2048, 2048, 2048, 2048, 2048]","[2048, 2048, 2048, 2048, 2051, 2049, 2048, 2048, 2048]",305.0
1293,11361,3,40,2026-09-06T14:35:05.051000+00:00,28.849,29.755,28.039,293.0,307.0,False,86.643,"[None, 2048, 2049, 2048, 2048, 2048]","[2048, 2048, 2048, 2048, 2048, 2048, 2048]","[2048, 2048, 2048, 2048, 2048, 2048, 2048, 2048, 2048]",312.0
1293,11361,81,40,2026-09-06T14:35:06.160000+00:00,27.783,30.091,28.282,296.0,323.0,False,86.156,"[None, 2048, 2049, 2048, 2048, 2048]","[2048, 2048, 2048, 2048, 2048, 2049, 2048]","[2048, 2048, 2048, 2048, 2048, 2048, 2048, 2049, 2048]",321.0
1293,11361,44,40,2026-09-06T14:35:08.283000+00:00,28.25,29.535,27.965,,311.0,False,85.75,"[None, 2048, 2048, 2048, 2048, 2048]","[2048, 2048, 2048, 2048, 2048, 2048, 2048]","[2048, 2048, 2048, 2048, 2048, 2048, 2048, 2048, 2048]",313.0
1293,11361,1,40,2026-09-06T14:35:09.583000+00:00,27.785,29.299,28.078,299.0,320.0,False,85.162,"[None, 2048, 2048, 2048, 2048, 2048]","[2048, 2048, 2048, 2048, 2048, 2048, 2048]","[2048, 2048, 2048, 2049, 2048, 2048, 2048, 2048, 2048]",319.0
1293,11361,10,40,2026-09-06T14:35:16.402000+00:00,28.061,29.442,28.341,,309.0,False,85.844,"[None, 2048, 2048, 2048, 2048, 2048]","[2048, 2048, 2048, 2048, 2049, 2048, 2048]","[2048, 2049, 2048, 2048, 2048, 2048, 2048, 2048, 2048]",307.0
1293,11361,41,40,2026-09-06T14:35:24.549000+00:00,28.4,29.545,28.379,286.0,305.0,False,86.324,"[None, 2048, 2048, 2049, 2048, 2048]","[2048, 2048, 2048, 2048, 2049, 2048, 2048]","[2048, 2049, 2048, 2048, 2048, 2048, 2048, 2048, 2048]",311.0
1293,11361,11,39,2026-09-06T14:35:26.140000+00:00,28.725,30.094,29.031,281.0,299.0,False,87.85,"[None, 2048, 2048, 2048, 2048, 2048]","[2048, 2048, 2048, 2048, 2048, 2048, 2048]","[2048, 2048, 2048, 2048, 2049, 2048, 2048, 2048, 2048]",309.0
1293,11361,22,40,2026-09-06T14:35:31.445000+00:00,28.543,29.873,28.476,287.0,306.0,False,86.892,"[None, 2048, 2048, 2048, 2048, 2048]","[2048, 2048, 2048, 2048, 2048, 2048, 2048]","[2048, 2048, 2048, 2048, 2048, 2048, 2048, 2048, 2048]",
1293,11361,43,40,2026-09-06T14:35:32.978000+00:00,28.056,29.676,28.085,,309.0,False,85.817,"[None, 2048, 2048, 2048, 2048, 2048]","[2048, 2048, 2048, 2048, 2048, 2048, 2048]","[2048, 2048, 2051, 2049, 2048, 2048, 2048, 2048, 2048]",314.0
1293,11361,77,39,2026-09-06T14:35:35.960000+00:00,28.765,29.994,28.957,280.0,303.0,False,87.716,"[None, 2048, 2048, 2048, 2048, 2048]","[2048, 2048, 2048, 2048, 2048, 2048, 2048]","[2048, 2048, 2048, 2048, 2049, 2048, 2048, 2048, 2048]",310.0
1293,11361,5,40,2026-09-06T14:35:38.960000+00:00,28.627,29.565,28.514,285.0,306.0,False,86.706,"[None, 2048, 2048, 2048, 2048, 2048]","[2048, 2048, 2049, 2048, 2048, 2048, 2048]","[2048, 2048, 2048, 2048, 2048, 2048, 2048, 2048, 2048]",310.0
1293,11361,87,40,2026-09-06T14:35:43.632000+00:00,28.567,29.843,28.746,,307.0,False,87.156,"[None, 2048, 2048, 2048, 2048, 2048]","[2048, 2048, 2048, 2048, 2048, 2048, 2048]","[2048, 2048, 2048, 2048, 2048, 2048, 2048, 2048, 2048]",
1293,11361,23,40,2026-09-06T14:35:48.788000+00:00,28.196,30.029,28.752,293.0,307.0,False,86.977,"[None, 2048, 2048, 2048, 2048, 2048]","[2048, 2048, 2048, 2048, 2048, 2048, 2048]","[2048, 2048, 2048, 2048, 2048, 2048, 2048, 2048, 2048]",313.0
1293,11361,27,40,2026-09-06T14:35:53.070000+00:00,28.577,29.251,28.163,,307.0,False,85.991,"[None, 2048, 2048, 2048, 2048, 2048]","[2048, 2048, 2048, 2048, 2048, 2048, 2048]","[2048, 2048, 2048, 2048, 2048, 2048, 2048, 2048, 2048]",297.0
1293,11361,55,40,2026-09-06T14:35:56.288000+00:00,27.864,29.716,28.456,,310.0,False,86.036,"[None, 2048, 2048, 2048, 2048, 2048]","[2048, 2048, 2048, 2048, 2048, 2048, 2048]","[2048, 2049, 2048, 2048, 2048, 2048, 2048, 2048, 2048]",
1293,11361,30,40,2026-09-06T14:35:58.424000+00:00,28.352,29.551,28.235,289.0,311.0,False,86.138,"[None, 2048, 2048, 2048, 2048, 2048]","[2048, 2048, 2048, 2048, 2048, 2048, 2048]","[2048, 2048, 2048, 2048, 2048, 2048, 2048, 2048, 2048]",316.0
1293,11361,31,40,2026-09-06T14:36:00.982000+00:00,28.915,29.684,28.669,286.0,308.0,False,87.268,"[None, 2048, 2048, 2048, 2048, 2048]","[2048, 2048, 2048, 2048, 2048, 2048, 2048]","[2048, 2048, 2048, 2048, 2048, 2048, 2048, 2048, 2048]",310.0
1293,11361,63,41,2026-09-06T14:36:20.286000+00:00,28.132,29.19,28.009,293.0,306.0,False,85.331,"[None, 2048, 2048, 2048, 2048, 2048]","[2048, 2048, 2048, 2048, 2048, 2048, 2048]","[2048, 2048, 2048, 2048, 2048, 2048, 2048, 2048, 2048]",
1293,11361,12,41,2026-09-06T14:36:27.364000+00:00,27.983,28.807,27.787,292.0,309.0,False,84.577,"[None, 2048, 2048, 2048, 2048, 2048]","[2048, 2048, 2048, 2051, 2049, 2048, 2048]","[2048, 2048, 2048, 2048, 2048, 2048, 2048, 2048, 2048]",303.0
1293,11361,3,41,2026-09-06T14:36:31.809000+00:00,28.644,29.931,28.557,287.0,320.0,False,87.132,"[None, 2048, 2048, 2048, 2048, 2048]","[2048, 2048, 2048, 2048, 2048, 2048, 2048]","[2048, 2048, 2048, 2048, 2048, 2048, 2048, 2048, 2048]",305.0
1293,11361,81,41,2026-09-06T14:36:32.325000+00:00,28.072,29.558,28.522,305.0,306.0,False,86.152,"[None, 2048, 2048, 2048, 2048, 2048]","[2048, 2048, 2048, 2048, 2048, 2048, 2048]","[2048, 2048, 2048, 2048, 2048, 2048, 2048, 2048, 2048]",320.0
1293,11361,44,41,2026-09-06T14:36:34.043000+00:00,28.246,29.703,28.472,,311.0,False,86.421,"[None, 2048, 2048, 2048, 2048, 2048]","[2048, 2048, 2048, 2048, 2048, 2048, 2048]","[2048, 2048, 2048, 2048, 2048, 2048, 2048, 2048, 2048]",317.0
1293,11361,1,41,2026-09-06T14:36:34.637000+00:00,27.714,29.71,28.749,307.0,323.0,False,86.173,"[None, 2048, 2048, 2048, 2048, 2048]","[2048, 2048, 2048, 2048, 2048, 2049, 2049]","[2048, 2048, 2048, 2048, 2048, 2048, 2048, 2048, 2048]",320.0
1293,11361,10,41,2026-09-06T14:36:42.184000+00:00,28.144,29.333,28.401,292.0,308.0,False,85.878,"[None, 2048, 2048, 2048, 2048, 2048]","[2048, 2048, 2048, 2049, 2049, 2048, 2048]","[2048, 2048, 2048, 2048, 2048, 2048, 2048, 2048, 2048]",308.0
1293,11361,41,41,2026-09-06T14:36:50.903000+00:00,28.514,29.717,28.407,285.0,305.0,False,86.638,"[None, 2048, 2048, 2048, 2048, 2048]","[2048, 2048, 2048, 2048, 2048, 2048, 2048]","[2048, 2048, 2048, 2048, 2049, 2048, 2048, 2048, 2048]",310.0
1293,11361,11,40,2026-09-06T14:36:53.934000+00:00,28.935,30.002,29.097,278.0,297.0,False,88.034,"[None, 2048, 2048, 2048, 2048, 2048]","[2048, 2048, 2048, 2048, 2048, 2048, 2048]","[2048, 2048, 2048, 2048, 2048, 2048, 2048, 2048, 2048]",304.0
1293,11361,22,41,2026-09-06T14:36:58.325000+00:00,28.262,30.226,28.762,292.0,317.0,False,87.25,"[None, 2048, 2048, 2048, 2048, 2048]","[2048, 2048, 2048, 2048, 2048, 2048, 2048]","[2048, 2048, 2049, 2048, 2048, 2048, 2049, 2048, 2048]",310.0
1293,11361,43,41,2026-09-06T14:36:58.762000+00:00,27.746,29.725,28.752,311.0,291.0,False,86.223,"[None, 2048, 2048, 2048, 2049, 2049]","[2049, 2048, 2048, 2048, 2048, 2048, 2048]","[2048, 2048, 2048, 2048, 2048, 2049, 2048, 2048]",318.0
1293,11361,77,40,2026-09-06T14:37:03.623000+00:00,28.963,29.912,30.539,278.0,301.0,False,89.414,"[None, 2048, 2048, 2048, 2048, 2048]","[2048, 2048, 2048, 2048, 2048, 2048, 2048]","[2048, 2048, 2048, 2048, 2048, 2048, 2048, 2048, 2048]",305.0
1293,11361,5,41,2026-09-06T14:37:05.737000+00:00,28.542,29.523,28.607,286.0,310.0,False,86.672,"[None, 2048, 2048, 2048, 2048, 2048]","[2048, 2048, 2049, 2048, 2048, 2048, 2048]","[2048, 2048, 2048, 2048, 2048, 2048, 2048, 2048, 2048]",313.0
1293,11361,87,41,2026-09-06T14:37:10.811000+00:00,28.948,29.762,28.864,286.0,308.0,False,87.574,"[None, 2048, 2048, 2048, 2048, 2048]","[2048, 2048, 2048, 2048, 2048, 2048, 2048]","[2048, 2048, 2048, 2048, 2048, 2048, 2048, 2048, 2048]",313.0
1293,11361,23,41,2026-09-06T14:37:15.748000+00:00,27.999,30.057,28.786,,308.0,False,86.842,"[None, 2048, 2048, 2048, 2048, 2048]","[2048, 2048, 2048, 2048, 2048, 2048, 2048]","[2048, 2048, 2048, 2048, 2048, 2048, 2048, 2048, 2048]",
1293,11361,27,41,2026-09-06T14:37:19.029000+00:00,28.53,29.057,28.17,,308.0,False,85.757,"[None, 2048, 2048, 2048, 2048, 2048]","[2048, 2048, 2048, 2048, 2048, 2048, 2048]","[2048, 2048, 2048, 2048, 2048, 2048, 2049, 2048, 2048]",299.0
1293,11361,55,41,2026-09-06T14:37:22.250000+00:00,27.902,29.524,28.504,,311.0,False,85.93,"[None, 2048, 2048, 2048, 2048, 2048]","[2048, 2048, 2048, 2048, 2048, 2048, 2048]","[2048, 2049, 2048, 2048, 2048, 2048, 2048, 2048, 2048]",
1293,11361,30,41,2026-09-06T14:37:24.529000+00:00,28.379,29.281,28.238,288.0,311.0,False,85.898,"[None, 2048, 2048, 2048, 2048, 2048]","[2048, 2048, 2048, 2048, 2048, 2048, 2048]","[2048, 2048, 2048, 2048, 2048, 2048, 2048, 2048, 2048]",315.0
1293,11361,31,41,2026-09-06T14:37:28.202000+00:00,28.561,29.623,28.618,284.0,307.0,False,86.802,"[None, 2048, 2048, 2048, 2048, 2048]","[2048, 2048, 2048, 2048, 2048, 2048, 2048]","[2048, 2049, 2048, 2048, 2048, 2048, 2048, 2048, 2048]",308.0
1293,11361,63,42,2026-09-06T14:37:45.624000+00:00,28.148,28.99,27.999,,307.0,False,85.137,"[None, 2048, 2048, 2048, 2048, 2048]","[2048, 2049, 2049, 2049, 2049, 2048, 2048]","[2048, 2048, 2048, 2048, 2048, 2049, 2048, 2048, 2048]",307.0
1293,11361,12,42,2026-09-06T14:37:52.017000+00:00,27.822,28.752,27.773,291.0,308.0,False,84.347,"[None, 2048, 2048, 2048, 2048, 2048]","[2048, 2051, 2049, 2051, 2048, 2048, 2048]","[2048, 2048, 2048, 2048, 2048, 2048, 2048, 2048, 2048]",306.0
1293,11361,81,42,2026-09-06T14:37:58.488000+00:00,28.213,29.157,28.322,292.0,306.0,False,85.692,"[None, 2048, 2048, 2048, 2048, 2048]","[2048, 2048, 2048, 2048, 2049, 2048, 2048]","[2048, 2049, 2048, 2048, 2048, 2048, 2048, 2048, 2048]",308.0
1293,11361,3,42,2026-09-06T14:37:58.863000+00:00,28.506,29.201,27.826,295.0,317.0,False,85.533,"[None, 2048, 2051, 2048, 2048, 2048]","[2048, 2048, 2049, 2048, 2048, 2048, 2048]","[2048, 2048, 2048, 2048, 2048, 2048, 2049, 2049, 2048]",320.0
1293,11361,44,42,2026-09-06T14:38:00.504000+00:00,28.891,29.584,28.243,295.0,314.0,False,86.718,"[None, 2048, 2048, 2048, 2048, 2048]","[2048, 2048, 2049, 2048, 2048, 2048, 2048]","[2048, 2048, 2048, 2048, 2048, 2048, 2048, 2048, 2048]",311.0
1293,11361,1,42,2026-09-06T14:38:00.903000+00:00,27.77,29.184,28.113,297.0,319.0,False,85.067,"[None, 2048, 2048, 2048, 2048, 2048]","[2048, 2048, 2048, 2048, 2048, 2048, 2048]","[2049, 2048, 2048, 2048, 2048, 2048, 2048, 2048]",322.0
1293,11361,10,42,2026-09-06T14:38:08.084000+00:00,28.016,29.372,28.388,,309.0,False,85.776,"[None, 2048, 2048, 2048, 2048, 2048]","[2048, 2048, 2048, 2049, 2049, 2048, 2048]","[2048, 2048, 2048, 2048, 2048, 2048, 2048, 2048, 2048]",310.0
1293,11361,41,42,2026-09-06T14:38:17.577000+00:00,28.527,29.662,28.238,286.0,305.0,False,86.427,"[None, 2048, 2049, 2048, 2048, 2048]","[2048, 2048, 2048, 2049, 2049, 2048, 2048]","[2048, 2049, 2048, 2048, 2049, 2049, 2048, 2048, 2048]",311.0
1293,11361,11,41,2026-09-06T14:38:22.087000+00:00,28.845,29.844,29.025,,296.0,False,87.714,"[None, 2048, 2048, 2048, 2048, 2048]","[2049, 2048, 2048, 2049, 2049, 2048, 2048]","[2048, 2048, 2048, 2048, 2049, 2048, 2048, 2048, 2048]",
1293,11361,43,42,2026-09-06T14:38:24.910000+00:00,28.115,29.369,28.35,292.0,310.0,False,85.834,"[None, 2048, 2048, 2048, 2048, 2048]","[2048, 2048, 2048, 2049, 2049, 2048, 2048]","[2048, 2048, 2048, 2048, 2048, 2048, 2048, 2048, 2048]",309.0
1293,11361,22,42,2026-09-06T14:38:25.566000+00:00,28.255,29.671,28.394,295.0,315.0,False,86.32,"[None, 2048, 2048, 2048, 2048, 2048]","[2048, 2048, 2048, 2048, 2048, 2049, 2048]","[2048, 2048, 2049, 2049, 2048, 2048, 2049, 2048, 2048]",325.0
1293,11361,5,42,2026-09-06T14:38:32.362000+00:00,28.666,29.561,28.534,284.0,303.0,False,86.761,"[None, 2048, 2048, 2048, 2048, 2048]","[2048, 2048, 2048, 2048, 2049, 2048, 2048]","[2048, 2048, 2048, 2048, 2048, 2048, 2048, 2048, 2048]",309.0
1293,11361,77,41,2026-09-06T14:38:33.288000+00:00,28.852,29.891,28.854,285.0,308.0,False,87.597,"[None, 2048, 2048, 2048, 2048, 2048]","[2048, 2048, 2048, 2048, 2048, 2049, 2048]","[2048, 2048, 2048, 2048, 2048, 2048, 2048, 2048, 2048]",313.0
1293,11361,87,42,2026-09-06T14:38:38.341000+00:00,28.567,29.869,28.701,287.0,305.0,False,87.137,"[None, 2048, 2048, 2048, 2048, 2048]","[2048, 2048, 2048, 2048, 2048, 2048, 2048]","[2048, 2048, 2048, 2048, 2048, 2048, 2048, 2048, 2048]",
1293,11361,23,42,2026-09-06T14:38:42.577000+00:00,28.033,30.386,28.961,289.0,306.0,False,87.38,"[None, 2048, 2049, 2048, 2048, 2048]","[2048, 2048, 2048, 2048, 2048, 2048, 2048]","[2048, 2048, 2048, 2048, 2048, 2048, 2048, 2048, 2048]",317.0
1293,11361,27,42,2026-09-06T14:38:44.736000+00:00,28.453,29.191,28.004,285.0,311.0,False,85.648,"[None, 2048, 2048, 2048, 2048, 2048]","[2048, 2048, 2048, 2048, 2048, 2048, 2048]","[2049, 2048, 2048, 2048, 2048, 2048, 2049, 2049, 2049]",302.0
1293,11361,55,42,2026-09-06T14:38:48.270000+00:00,27.957,29.555,28.368,,311.0,False,85.88,"[None, 2048, 2048, 2048, 2048, 2048]","[2048, 2048, 2048, 2049, 2048, 2048, 2048]","[2048, 2048, 2048, 2048, 2048, 2048, 2048, 2048, 2048]",312.0
1293,11361,30,42,2026-09-06T14:38:50.423000+00:00,28.247,29.332,28.173,290.0,313.0,False,85.752,"[None, 2048, 2048, 2048, 2048, 2048]","[2048, 2048, 2048, 2048, 2048, 2048, 2048]","[2048, 2048, 2048, 2048, 2048, 2048, 2048, 2048, 2048]",312.0
1293,11361,31,42,2026-09-06T14:38:55.003000+00:00,28.738,29.66,28.667,285.0,306.0,False,87.065,"[None, 2048, 2048, 2048, 2048, 2048]","[2048, 2048, 2048, 2048, 2048, 2048, 2048]","[2048, 2048, 2048, 2048, 2048, 2048, 2048, 2048, 2048]",307.0
1293,11361,63,43,2026-09-06T14:39:10.730000+00:00,28.208,29.093,27.96,,309.0,False,85.261,"[None, 2048, 2048, 2048, 2048, 2048]","[2048, 2048, 2048, 2048, 2048, 2048, 2048]","[2048, 2048, 2048, 2048, 2048, 2049, 2048, 2048, 2048]",
1293,11361,12,43,2026-09-06T14:39:16.277000+00:00,27.866,28.93,27.682,292.0,308.0,False,84.478,"[None, 2048, 2048, 2048, 2048, 2048]","[2048, 2048, 2048, 2048, 2048, 2048, 2048]","[2048, 2048, 2048, 2048, 2051, 2049, 2048, 2048, 2048]",307.0
1293,11361,81,43,2026-09-06T14:39:24.293000+00:00,28.494,29.564,28.184,304.0,318.0,False,86.242,"[None, 2048, 2048, 2048, 2048, 2048]","[2048, 2048, 2048, 2048, 2048, 2048, 2048]","[2048, 2048, 2048, 2048, 2048, 2048, 2048, 2048, 2048]",310.0
1293,11361,3,43,2026-09-06T14:39:24.402000+00:00,28.03,29.135,27.865,302.0,308.0,False,85.03,"[None, 2048, 2048, 2048, 2048, 2048]","[2048, 2048, 2049, 2049, 2049, 2048, 2048]","[2048, 2049, 2048, 2048, 2049, 2049, 2048, 2048]",313.0
1293,11361,1,43,2026-09-06T14:39:25.793000+00:00,28.224,29.2,28.058,294.0,318.0,False,85.482,"[None, 2048, 2048, 2048, 2048, 2048]","[2048, 2048, 2048, 2048, 2048, 2048, 2048]","[2048, 2048, 2049, 2048, 2048, 2048, 2048, 2048, 2048]",317.0
1293,11361,44,43,2026-09-06T14:39:27.123000+00:00,28.086,29.424,27.953,293.0,313.0,False,85.463,"[None, 2048, 2048, 2048, 2048, 2048]","[2048, 2048, 2048, 2048, 2048, 2048, 2048]","[2048, 2048, 2048, 2048, 2048, 2048, 2048, 2048, 2048]",321.0
1293,11361,10,43,2026-09-06T14:39:33.750000+00:00,28.094,29.382,28.444,293.0,309.0,False,85.92,"[None, 2048, 2048, 2048, 2048, 2048]","[2048, 2048, 2048, 2048, 2048, 2048, 2048]","[2048, 2048, 2048, 2048, 2048, 2048, 2048, 2048, 2048]",309.0
1293,11361,41,43,2026-09-06T14:39:43.965000+00:00,28.6,29.517,28.226,,305.0,False,86.343,"[None, 2048, 2048, 2048, 2048, 2048]","[2048, 2048, 2049, 2049, 2048, 2048, 2048]","[2048, 2048, 2048, 2048, 2049, 2049, 2048, 2048, 2048]",
1293,11361,11,42,2026-09-06T14:39:49.750000+00:00,30.311,30.889,28.83,259.0,311.0,False,90.03,"[None, 2048, 2048, 2048, 2048, 2048]","[2048, 2048, 2048, 2048, 2048, 2049, 2048]","[2048, 2048, 2048, 2048, 2048, 2048, 2048, 2048, 2048]",251.0
1293,11361,43,43,2026-09-06T14:39:50.944000+00:00,28.445,29.47,28.363,291.0,308.0,False,86.278,"[None, 2048, 2049, 2048, 2048, 2048]","[2048, 2048, 2048, 2049, 2049, 2048, 2048]","[2048, 2048, 2048, 2048, 2048, 2048, 2048, 2048, 2048]",311.0
1293,11361,22,43,2026-09-06T14:39:51.839000+00:00,28.366,29.966,28.457,294.0,312.0,False,86.789,"[None, 2048, 2048, 2048, 2048, 2048]","[2048, 2048, 2048, 2048, 2048, 2048, 2048]","[2048, 2048, 2048, 2048, 2048, 2048, 2048, 2048, 2048]",316.0
1293,11361,5,43,2026-09-06T14:39:59.228000+00:00,28.684,29.597,28.496,,304.0,False,86.777,"[None, 2048, 2048, 2048, 2048, 2048]","[2048, 2048, 2048, 2048, 2049, 2048, 2048]","[2048, 2048, 2048, 2048, 2048, 2049, 2048, 2048, 2048]",308.0
1293,11361,77,42,2026-09-06T14:40:00.663000+00:00,28.674,29.83,28.964,283.0,305.0,False,87.468,"[None, 2048, 2048, 2048, 2048, 2048]","[2048, 2048, 2049, 2049, 2049, 2048, 2048]","[2048, 2048, 2048, 2048, 2048, 2048, 2048, 2048, 2048]",
1293,11361,87,43,2026-09-06T14:40:05.522000+00:00,28.53,29.797,28.722,289.0,308.0,False,87.049,"[None, 2048, 2048, 2048, 2048, 2048]","[2048, 2048, 2048, 2048, 2048, 2048, 2048]","[2048, 2048, 2048, 2048, 2048, 2048, 2048, 2048, 2048]",312.0
1293,11361,23,43,2026-09-06T14:40:09.991000+00:00,28.435,30.486,28.821,303.0,313.0,False,87.742,"[None, 2048, 2048, 2048, 2048, 2048]","[2048, 2048, 2048, 2048, 2048, 2048, 2048]","[2048, 2048, 2048, 2048, 2048, 2048, 2048, 2048, 2048]",290.0
1293,11361,27,43,2026-09-06T14:40:10.319000+00:00,27.769,29.2,28.413,293.0,306.0,False,85.382,"[2049, 2048, 2048, 2048, 2048, 2048]","[2048, 2048, 2048, 2048, 2048, 2048, 2048]","[2048, 2048, 2048, 2048, 2048, 2048, 2048, 2048, 2048]",306.0
1293,11361,55,43,2026-09-06T14:40:14.039000+00:00,28.439,29.615,28.336,295.0,311.0,False,86.39,"[None, 2048, 2048, 2048, 2048, 2048]","[2048, 2048, 2048, 2048, 2048, 2048, 2048]","[2048, 2048, 2048, 2048, 2048, 2049, 2048, 2048, 2048]",
1293,11361,30,43,2026-09-06T14:40:16.194000+00:00,28.243,29.366,28.122,291.0,314.0,False,85.731,"[None, 2048, 2048, 2048, 2048, 2048]","[2048, 2048, 2049, 2048, 2048, 2048, 2048]","[2048, 2048, 2048, 2048, 2048, 2048, 2048, 2048, 2048]",317.0
1293,11361,31,43,2026-09-06T14:40:22.118000+00:00,28.79,29.71,28.669,284.0,306.0,False,87.169,"[None, 2048, 2048, 2048, 2048, 2048]","[2048, 2048, 2048, 2048, 2048, 2048, 2048]","[2048, 2048, 2048, 2048, 2048, 2048, 2048, 2048, 2048]",305.0
1293,11361,63,44,2026-09-06T14:40:36.063000+00:00,28.007,29.19,27.931,,308.0,False,85.128,"[None, 2048, 2048, 2048, 2048, 2048]","[2048, 2048, 2048, 2048, 2048, 2048, 2048]","[2049, 2048, 2048, 2048, 2048, 2048, 2049, 2048, 2048]",306.0
1293,11361,12,44,2026-09-06T14:40:40.751000+00:00,27.83,28.843,27.671,291.0,309.0,False,84.344,"[None, 2048, 2048, 2048, 2048, 2048]","[2048, 2048, 2048, 2048, 2048, 2048, 2048]","[2048, 2051, 2048, 2048, 2048, 2048, 2048, 2048, 2048]",305.0
1293,11361,3,44,2026-09-06T14:40:49.318000+00:00,28.199,29.012,27.947,286.0,307.0,False,85.158,"[None, 2048, 2048, 2048, 2048, 2048]","[2048, 2048, 2048, 2049, 2049, 2048, 2048]","[2048, 2048, 2048, 2048, 2049, 2048, 2048, 2048, 2048]",309.0
1293,11361,81,44,2026-09-06T14:40:50.446000+00:00,28.082,29.132,27.98,298.0,317.0,False,85.194,"[None, 2048, 2048, 2048, 2048, 2048]","[2048, 2048, 2048, 2048, 2048, 2049, 2048]","[2048, 2048, 2048, 2048, 2048, 2048, 2049, 2049, 2048]",315.0
1293,11361,1,44,2026-09-06T14:40:51.392000+00:00,27.933,29.297,27.985,302.0,319.0,False,85.215,"[None, 2048, 2048, 2048, 2048, 2048]","[2048, 2048, 2048, 2048, 2048, 2049, 2048]","[2048, 2048, 2048, 2048, 2048, 2048, 2049, 2048, 2048]",322.0
1293,11361,44,44,2026-09-06T14:40:52.669000+00:00,27.959,29.414,28.239,,314.0,False,85.612,"[None, 2048, 2048, 2048, 2048, 2048]","[2048, 2048, 2048, 2048, 2048, 2048, 2048]","[2048, 2048, 2048, 2048, 2048, 2048, 2048, 2048, 2048]",323.0
1293,11361,10,44,2026-09-06T14:40:59.717000+00:00,28.115,29.288,28.229,,308.0,False,85.632,"[None, 2048, 2048, 2048, 2048, 2048]","[2048, 2049, 2048, 2048, 2048, 2048, 2048]","[2048, 2048, 2048, 2048, 2048, 2048, 2048, 2048, 2048]",308.0
1293,11361,41,44,2026-09-06T14:41:10.325000+00:00,28.448,29.477,28.237,,304.0,False,86.162,"[None, 2048, 2048, 2048, 2048, 2048]","[2048, 2048, 2049, 2048, 2048, 2048, 2048]","[2048, 2048, 2048, 2048, 2049, 2048, 2048, 2048, 2048]",309.0
1293,11361,43,44,2026-09-06T14:41:17.139000+00:00,28.297,29.398,28.366,292.0,308.0,False,86.061,"[None, 2048, 2048, 2048, 2048, 2048]","[2048, 2048, 2048, 2048, 2048, 2048, 2048]","[2048, 2048, 2048, 2048, 2049, 2048, 2048, 2048, 2048]",303.0
1293,11361,22,44,2026-09-06T14:41:18.601000+00:00,28.449,29.747,28.298,290.0,309.0,False,86.494,"[None, 2048, 2048, 2048, 2048, 2048]","[2048, 2048, 2049, 2049, 2048, 2048, 2048]","[2048, 2048, 2048, 2048, 2049, 2048, 2048, 2048, 2048]",313.0
1293,11361,11,43,2026-09-06T14:41:19.819000+00:00,28.717,29.697,28.664,282.0,308.0,False,87.078,"[None, 2048, 2048, 2048, 2048, 2048]","[2048, 2048, 2049, 2048, 2049, 2049, 2048]","[2049, 2048, 2048, 2048, 2048, 2048, 2048, 2048, 2048]",312.0
1293,11361,5,44,2026-09-06T14:41:25.835000+00:00,28.604,29.522,28.466,285.0,304.0,False,86.592,"[None, 2048, 2048, 2048, 2048, 2048]","[2048, 2048, 2048, 2048, 2048, 2048, 2048]","[2048, 2048, 2048, 2048, 2049, 2048, 2048, 2048, 2048]",
1293,11361,77,43,2026-09-06T14:41:28.210000+00:00,28.731,29.707,29.022,281.0,305.0,False,87.46,"[None, 2048, 2048, 2048, 2048, 2048]","[2048, 2048, 2048, 2049, 2049, 2048, 2048]","[2048, 2048, 2048, 2048, 2048, 2048, 2048, 2048, 2048]",310.0
1293,11361,87,44,2026-09-06T14:41:32.476000+00:00,28.627,29.757,28.636,288.0,307.0,False,87.02,"[None, 2048, 2048, 2048, 2048, 2048]","[2048, 2048, 2048, 2048, 2048, 2048, 2048]","[2048, 2048, 2048, 2048, 2048, 2048, 2048, 2048, 2048]",311.0
1293,11361,27,44,2026-09-06T14:41:35.741000+00:00,28.739,29.179,28.134,284.0,307.0,False,86.052,"[2048, 2048, 2048, 2048, 2048, 2048]","[2048, 2048, 2048, 2048, 2048, 2048, 2048]","[2048, 2048, 2048, 2048, 2048, 2048, 2048, 2048, 2048]",297.0
1293,11361,23,44,2026-09-06T14:41:37.788000+00:00,28.394,30.288,28.881,296.0,311.0,False,87.563,"[None, 2048, 2048, 2048, 2048, 2048]","[2048, 2048, 2048, 2048, 2048, 2048, 2048]","[2048, 2048, 2048, 2048, 2048, 2048, 2048, 2048, 2048]",320.0
1293,11361,55,44,2026-09-06T14:41:40.523000+00:00,28.078,29.713,28.358,288.0,314.0,False,86.149,"[None, 2048, 2048, 2048, 2048, 2048]","[2048, 2048, 2048, 2048, 2048, 2048, 2048]","[2048, 2048, 2048, 2048, 2048, 2048, 2048, 2048, 2048]",
1293,11361,30,44,2026-09-06T14:41:41.913000+00:00,29.324,29.742,28.397,289.0,311.0,False,87.463,"[None, 2048, 2049, 2048, 2048, 2048]","[2048, 2048, 2048, 2048, 2048, 2048, 2048]","[2048, 2048, 2048, 2048, 2048, 2048, 2048, 2048, 2048]",321.0
1293,11361,31,44,2026-09-06T14:41:49.259000+00:00,28.697,29.559,28.618,285.0,305.0,False,86.874,"[None, 2048, 2048, 2048, 2048, 2048]","[2048, 2048, 2048, 2049, 2048, 2048, 2048]","[2048, 2048, 2048, 2048, 2048, 2048, 2048, 2048, 2048]",307.0
1293,11361,63,45,2026-09-06T14:42:01.179000+00:00,28.104,29.175,27.904,294.0,308.0,False,85.183,"[None, 2048, 2048, 2048, 2048, 2048]","[2048, 2048, 2048, 2048, 2048, 2048, 2048]","[2048, 2048, 2048, 2048, 2048, 2049, 2049, 2048, 2048]",
1293,11361,12,45,2026-09-06T14:42:05.068000+00:00,27.789,28.705,27.543,293.0,309.0,False,84.037,"[None, 2048, 2048, 2048, 2048, 2048]","[2048, 2051, 2048, 2051, 2049, 2048, 2048]","[2048, 2048, 2048, 2048, 2048, 2048, 2048, 2048, 2048]",306.0
1293,11361,3,45,2026-09-06T14:42:14.650000+00:00,28.391,29.125,27.895,287.0,305.0,False,85.411,"[None, 2048, 2048, 2048, 2048, 2048]","[2048, 2048, 2048, 2049, 2048, 2048, 2048]","[2048, 2048, 2048, 2048, 2048, 2048, 2048, 2048, 2048]",304.0
1293,11361,81,45,2026-09-06T14:42:15.588000+00:00,27.797,29.284,28.044,300.0,319.0,False,85.125,"[None, 2048, 2048, 2048, 2048, 2048]","[2048, 2048, 2048, 2048, 2048, 2048, 2048]","[2048, 2048, 2048, 2048, 2048, 2048, 2048, 2049, 2048]",
1293,11361,1,45,2026-09-06T14:42:16.620000+00:00,27.781,28.984,28.108,300.0,327.0,False,84.873,"[None, 2048, 2048, 2048, 2048, 2048]","[2048, 2048, 2048, 2048, 2048, 2051, 2049]","[2049, 2048, 2048, 2048, 2048, 2049, 2048, 2048, 2048]",314.0
1293,11361,44,45,2026-09-06T14:42:18.259000+00:00,28.166,29.253,28.217,292.0,309.0,False,85.636,"[None, 2048, 2048, 2048, 2048, 2048]","[2048, 2048, 2049, 2049, 2048, 2048, 2048]","[2048, 2048, 2048, 2048, 2048, 2048, 2048, 2048, 2048]",314.0
1293,11361,10,45,2026-09-06T14:42:25.344000+00:00,28.111,29.332,28.336,,307.0,False,85.779,"[None, 2048, 2048, 2048, 2048, 2048]","[2048, 2048, 2048, 2048, 2048, 2048, 2048]","[2048, 2048, 2048, 2048, 2048, 2049, 2048, 2048, 2048]",309.0
1293,11361,41,45,2026-09-06T14:42:36.516000+00:00,28.504,29.395,28.295,287.0,304.0,False,86.194,"[None, 2048, 2048, 2048, 2048, 2048]","[2048, 2048, 2048, 2048, 2049, 2048, 2048]","[2048, 2048, 2048, 2048, 2048, 2048, 2048, 2048, 2048]",
1293,11361,43,45,2026-09-06T14:42:43.203000+00:00,28.278,29.375,28.305,,306.0,False,85.958,"[None, 2048, 2048, 2048, 2048, 2048]","[2048, 2048, 2048, 2049, 2048, 2048, 2048]","[2048, 2048, 2048, 2048, 2048, 2048, 2048, 2048, 2048]",304.0
1293,11361,22,45,2026-09-06T14:42:45.110000+00:00,28.446,29.721,28.366,,308.0,False,86.533,"[None, 2048, 2048, 2048, 2048, 2048]","[2048, 2048, 2048, 2048, 2048, 2048, 2048]","[2048, 2048, 2048, 2048, 2048, 2048, 2048, 2048, 2048]",315.0
1293,11361,11,44,2026-09-06T14:42:46.891000+00:00,28.76,29.704,28.825,,304.0,False,87.289,"[None, 2048, 2048, 2048, 2048, 2048]","[2048, 2048, 2048, 2048, 2049, 2048, 2048]","[2049, 2048, 2048, 2048, 2048, 2048, 2048, 2048, 2048]",310.0
1293,11361,5,45,2026-09-06T14:42:52.422000+00:00,28.677,29.506,28.451,,303.0,False,86.634,"[None, 2048, 2048, 2048, 2048, 2048]","[2048, 2048, 2049, 2048, 2049, 2048, 2048]","[2048, 2048, 2048, 2048, 2048, 2048, 2048, 2048, 2048]",309.0
1293,11361,77,44,2026-09-06T14:42:55.610000+00:00,28.843,29.762,29.011,280.0,303.0,False,87.616,"[None, 2048, 2048, 2048, 2048, 2048]","[2048, 2048, 2048, 2048, 2049, 2048, 2048]","[2048, 2049, 2048, 2048, 2048, 2048, 2048, 2048, 2048]",307.0
1293,11361,87,45,2026-09-06T14:42:59.610000+00:00,28.648,29.705,28.599,287.0,306.0,False,86.952,"[None, 2048, 2048, 2048, 2048, 2048]","[2048, 2048, 2048, 2048, 2049, 2048, 2048]","[2048, 2048, 2048, 2048, 2048, 2048, 2048, 2048, 2048]",313.0
1293,11361,27,45,2026-09-06T14:43:01.813000+00:00,28.567,28.928,28.072,286.0,311.0,False,85.567,"[None, 2048, 2048, 2048, 2048, 2048]","[2048, 2048, 2048, 2049, 2048, 2048, 2048]","[2051, 2048, 2049, 2048, 2048, 2048, 2048, 2048, 2048]",300.0
1293,11361,23,45,2026-09-06T14:43:05.313000+00:00,28.107,30.156,28.995,295.0,307.0,False,87.258,"[None, 2048, 2048, 2048, 2048, 2048]","[2048, 2048, 2048, 2048, 2048, 2048, 2048]","[2048, 2048, 2048, 2048, 2048, 2048, 2048, 2048, 2048]",321.0
1293,11361,55,45,2026-09-06T14:43:06.657000+00:00,27.866,29.599,28.633,300.0,321.0,False,86.098,"[None, 2048, 2048, 2048, 2048, 2048]","[2048, 2048, 2048, 2048, 2048, 2048, 2048]","[2048, 2048, 2048, 2048, 2048, 2048, 2049, 2049, 2049]",318.0
1293,11361,30,45,2026-09-06T14:43:09.329000+00:00,28.259,29.363,28.24,,312.0,False,85.862,"[None, 2048, 2048, 2048, 2048, 2048]","[2048, 2048, 2048, 2048, 2048, 2048, 2048]","[2048, 2048, 2048, 2048, 2048, 2048, 2048, 2048, 2048]",315.0
1293,11361,31,45,2026-09-06T14:43:16.047000+00:00,28.734,29.591,28.502,284.0,305.0,False,86.827,"[None, 2048, 2048, 2048, 2048, 2048]","[2048, 2048, 2048, 2048, 2048, 2048, 2048]","[2048, 2048, 2048, 2048, 2048, 2048, 2048, 2048, 2048]",
1293,11361,63,46,2026-09-06T14:43:26.297000+00:00,27.979,29.073,27.909,295.0,310.0,False,84.961,"[None, 2048, 2048, 2048, 2048, 2048]","[2048, 2048, 2048, 2048, 2048, 2048, 2048]","[2048, 2048, 2048, 2048, 2048, 2048, 2048, 2048, 2048]",307.0
1293,11361,12,46,2026-09-06T14:43:29.235000+00:00,27.601,28.742,27.518,294.0,313.0,False,83.861,"[None, 2048, 2048, 2049, 2048, 2048]","[2048, 2048, 2048, 2048, 2048, 2048, 2048]","[2048, 2048, 2048, 2048, 2048, 2048, 2048, 2048, 2048]",309.0
1293,11361,3,46,2026-09-06T14:43:40.079000+00:00,28.309,29.019,27.907,288.0,308.0,False,85.235,"[None, 2048, 2048, 2048, 2048, 2048]","[2048, 2049, 2048, 2048, 2049, 2048, 2048]","[2048, 2048, 2048, 2048, 2048, 2048, 2048, 2048, 2048]",301.0
1293,11361,81,46,2026-09-06T14:43:40.719000+00:00,27.907,29.299,28.107,303.0,321.0,False,85.313,"[None, 2048, 2048, 2048, 2048, 2048]","[2048, 2048, 2048, 2048, 2048, 2049, 2048]","[2048, 2048, 2048, 2048, 2048, 2048, 2048, 2048, 2048]",320.0
1293,11361,1,46,2026-09-06T14:43:41.532000+00:00,27.842,29.209,28.092,303.0,325.0,False,85.143,"[None, 2048, 2048, 2048, 2048, 2048]","[2049, 2048, 2048, 2048, 2048, 2048, 2048]","[2048, 2048, 2048, 2049, 2048, 2048, 2048, 2048, 2048]",317.0
1293,11361,44,46,2026-09-06T14:43:43.829000+00:00,28.105,29.375,27.989,290.0,310.0,False,85.469,"[None, 2048, 2048, 2048, 2048, 2048]","[2048, 2048, 2048, 2048, 2048, 2048, 2048]","[2048, 2048, 2048, 2048, 2048, 2048, 2048, 2048, 2048]",316.0
1293,11361,10,46,2026-09-06T14:43:51.079000+00:00,28.031,29.336,28.153,,309.0,False,85.52,"[None, 2048, 2048, 2048, 2048, 2048]","[2048, 2049, 2048, 2048, 2048, 2048, 2048]","[2048, 2049, 2048, 2048, 2048, 2049, 2048, 2048, 2048]",
1293,11361,41,46,2026-09-06T14:44:02.641000+00:00,28.469,29.369,28.215,286.0,305.0,False,86.053,"[None, 2048, 2048, 2048, 2048, 2048]","[2048, 2048, 2048, 2048, 2048, 2048, 2048]","[2048, 2048, 2048, 2048, 2049, 2049, 2048, 2048, 2048]",
1293,11361,43,46,2026-09-06T14:44:09.219000+00:00,28.189,29.329,28.202,293.0,308.0,False,85.72,"[None, 2048, 2048, 2048, 2048, 2048]","[2048, 2048, 2048, 2049, 2048, 2048, 2048]","[2048, 2048, 2048, 2048, 2049, 2049, 2048, 2048, 2048]",305.0
1293,11361,22,46,2026-09-06T14:44:11.641000+00:00,28.492,29.608,28.395,,308.0,False,86.495,"[None, 2048, 2048, 2048, 2048, 2048]","[2048, 2048, 2048, 2049, 2048, 2048, 2048]","[2048, 2048, 2048, 2048, 2048, 2048, 2048, 2048, 2048]",314.0
1293,11361,11,45,2026-09-06T14:44:14.126000+00:00,28.922,29.877,28.633,280.0,301.0,False,87.432,"[None, 2048, 2048, 2048, 2048, 2048]","[2048, 2048, 2048, 2048, 2048, 2048, 2048]","[2048, 2049, 2048, 2048, 2048, 2048, 2048, 2048, 2048]",307.0
1293,11361,5,46,2026-09-06T14:44:19.157000+00:00,28.681,29.56,28.366,,305.0,False,86.607,"[None, 2048, 2048, 2048, 2048, 2048]","[2048, 2048, 2048, 2048, 2048, 2048, 2048]","[2048, 2048, 2048, 2048, 2049, 2049, 2048, 2048, 2048]",
1293,11361,77,45,2026-09-06T14:44:23.251000+00:00,29.042,29.847,28.696,,302.0,False,87.585,"[None, 2048, 2048, 2048, 2048, 2048]","[2048, 2048, 2048, 2048, 2048, 2048, 2048]","[2048, 2049, 2048, 2048, 2048, 2048, 2048, 2048, 2048]",305.0
1293,11361,87,46,2026-09-06T14:44:26.516000+00:00,28.496,29.901,28.827,288.0,309.0,False,87.224,"[None, 2048, 2048, 2048, 2048, 2048]","[2048, 2048, 2048, 2048, 2048, 2048, 2048]","[2048, 2048, 2048, 2048, 2048, 2048, 2048, 2048, 2048]",312.0
1293,11361,27,46,2026-09-06T14:44:27.313000+00:00,28.115,29.588,28.956,293.0,299.0,False,86.659,"[None, 2048, 2048, 2048, 2048, 2048]","[2048, 2048, 2048, 2048, 2048, 2049, 2048]","[2048, 2048, 2049, 2048, 2048, 2048, 2049, 2048, 2048]",304.0
1293,11361,23,46,2026-09-06T14:44:32.591000+00:00,28.628,30.235,33.063,300.0,314.0,False,91.926,"[None, 2048, 2048, 2048, 2048, 2048]","[2048, 2048, 2048, 2048, 2048, 2048, 2048]","[2048, 2048, 2048, 2048, 2048, 2048, 2048, 2064, 2064]",299.0
1293,11361,55,46,2026-09-06T14:44:32.852000+00:00,27.799,29.43,28.454,297.0,312.0,False,85.683,"[2049, 2048, 2048, 2048, 2048, 2048]","[2048, 2049, 2048, 2048, 2048, 2048, 2048]","[2048, 2048, 2048, 2048, 2048, 2048, 2048, 2048]",313.0
1293,11361,30,46,2026-09-06T14:44:35.188000+00:00,28.348,29.203,28.118,291.0,316.0,False,85.669,"[None, 2048, 2048, 2048, 2048, 2048]","[2048, 2048, 2048, 2048, 2048, 2049, 2048]","[2048, 2048, 2048, 2048, 2048, 2048, 2048, 2048, 2048]",316.0
1293,11361,31,46,2026-09-06T14:44:42.952000+00:00,28.752,29.649,28.694,,305.0,False,87.095,"[None, 2048, 2048, 2048, 2048, 2048]","[2048, 2048, 2048, 2048, 2048, 2048, 2048]","[2048, 2048, 2048, 2048, 2048, 2048, 2048, 2048, 2048]",306.0
1293,11361,63,47,2026-09-06T14:44:51.292000+00:00,27.927,29.01,27.924,,309.0,False,84.861,"[None, 2048, 2048, 2048, 2048, 2048]","[2048, 2048, 2048, 2048, 2048, 2048, 2048]","[2048, 2048, 2048, 2048, 2048, 2048, 2049, 2048, 2048]",308.0
1293,11361,12,47,2026-09-06T14:44:53.054000+00:00,27.801,28.749,27.578,295.0,315.0,False,84.128,"[None, 2048, 2048, 2048, 2048, 2048]","[2048, 2048, 2048, 2048, 2048, 2048, 2048]","[2048, 2048, 2048, 2048, 2048, 2048, 2048, 2048, 2048]",310.0
1293,11361,3,47,2026-09-06T14:45:05.169000+00:00,28.402,29.011,27.796,,305.0,False,85.209,"[None, 2048, 2048, 2048, 2048, 2048]","[2048, 2048, 2049, 2049, 2049, 2048, 2048]","[2048, 2048, 2048, 2048, 2048, 2049, 2048, 2048, 2048]",297.0
1293,11361,81,47,2026-09-06T14:45:05.992000+00:00,28.064,29.215,28.106,301.0,319.0,False,85.385,"[None, 2048, 2048, 2048, 2048, 2048]","[2048, 2048, 2048, 2048, 2048, 2048, 2048]","[2048, 2048, 2048, 2048, 2048, 2048, 2051, 2051, 2049]",316.0
1293,11361,1,47,2026-09-06T14:45:06.663000+00:00,27.87,29.439,27.925,305.0,324.0,False,85.234,"[None, 2048, 2048, 2048, 2048, 2048]","[2048, 2048, 2048, 2048, 2048, 2048, 2048]","[2048, 2048, 2049, 2048, 2048, 2049, 2049, 2048, 2048]",321.0
1293,11361,44,47,2026-09-06T14:45:09.368000+00:00,28.134,29.441,28.175,291.0,309.0,False,85.75,"[None, 2048, 2048, 2048, 2048, 2048]","[2048, 2048, 2048, 2048, 2048, 2048, 2048]","[2048, 2048, 2048, 2048, 2048, 2048, 2048, 2048, 2048]",314.0
1293,11361,10,47,2026-09-06T14:45:16.726000+00:00,,29.263,28.272,294.0,308.0,False,85.566,"[None, 2048, 2048, 2048, 2048, 2048]","[2048, 2049, 2049, 2048, 2048, 2048, 2048]","[2048, 2048, 2048, 2048, 2048, 2048, 2048, 2048, 2048]",308.0
1293,11361,41,47,2026-09-06T14:45:28.664000+00:00,28.452,29.388,28.188,287.0,304.0,False,86.028,"[None, 2048, 2048, 2048, 2048, 2048]","[2048, 2048, 2048, 2049, 2048, 2048, 2048]","[2048, 2048, 2048, 2048, 2049, 2048, 2048, 2048, 2048]",308.0
1293,11361,43,47,2026-09-06T14:45:34.852000+00:00,28.225,29.304,28.274,292.0,307.0,False,85.803,"[None, 2048, 2048, 2048, 2048, 2048]","[2048, 2048, 2048, 2048, 2048, 2048, 2048]","[2048, 2048, 2048, 2048, 2048, 2048, 2048, 2048, 2048]",
1293,11361,22,47,2026-09-06T14:45:38.235000+00:00,28.599,29.678,28.312,289.0,306.0,False,86.589,"[None, 2048, 2048, 2048, 2048, 2048]","[2048, 2048, 2048, 2048, 2048, 2048, 2048]","[2048, 2049, 2048, 2048, 2049, 2048, 2049, 2048, 2048]",312.0
1293,11361,11,46,2026-09-06T14:45:41.589000+00:00,28.849,29.81,28.914,,299.0,False,87.573,"[None, 2048, 2048, 2048, 2048, 2048]","[2048, 2048, 2048, 2049, 2048, 2048, 2048]","[2048, 2048, 2048, 2048, 2049, 2048, 2048, 2048, 2048]",306.0
1293,11361,5,47,2026-09-06T14:45:45.696000+00:00,28.662,29.465,28.339,286.0,305.0,False,86.466,"[None, 2048, 2048, 2048, 2048, 2048]","[2048, 2048, 2049, 2048, 2048, 2048, 2048]","[2048, 2049, 2048, 2048, 2048, 2048, 2048, 2048, 2048]",
1293,11361,77,46,2026-09-06T14:45:50.820000+00:00,28.997,29.799,33.616,279.0,302.0,False,92.412,"[None, 2048, 2048, 2048, 2048, 2048]","[2048, 2049, 2049, 2048, 2048, 2048, 2048]","[2048, 2048, 2048, 2048, 2048, 2048, 2048, 2048, 2048]",304.0
1293,11361,87,47,2026-09-06T14:45:53.752000+00:00,28.937,29.956,28.857,293.0,314.0,False,87.75,"[None, 2048, 2048, 2048, 2048, 2048]","[2048, 2048, 2048, 2048, 2048, 2048, 2048]","[2048, 2048, 2048, 2048, 2048, 2048, 2048, 2048, 2048]",311.0
1293,11361,27,47,2026-09-06T14:45:54.033000+00:00,28.067,29.303,28.3,287.0,307.0,False,85.67,"[None, 2048, 2048, 2048, 2048, 2048]","[2048, 2048, 2048, 2048, 2048, 2048, 2048]","[2048, 2048, 2048, 2048, 2048, 2049, 2048, 2048, 2048]",306.0
1293,11361,55,47,2026-09-06T14:45:58.268000+00:00,28.016,29.433,28.334,295.0,312.0,False,85.783,"[2048, 2048, 2048, 2048, 2048, 2048]","[2048, 2049, 2048, 2048, 2048, 2048, 2048]","[2048, 2048, 2048, 2048, 2048, 2048, 2048, 2048, 2048]",310.0
1293,11361,30,47,2026-09-06T14:46:00.908000+00:00,28.267,29.352,28.121,,312.0,False,85.74,"[None, 2048, 2048, 2048, 2048, 2048]","[2048, 2048, 2048, 2048, 2048, 2048, 2048]","[2048, 2048, 2048, 2048, 2048, 2049, 2048, 2048, 2048]",312.0
1293,11361,23,47,2026-09-06T14:46:04.543000+00:00,50.581,29.991,29.086,285.0,301.0,True,109.658,"[2064, 2064, 2048, 2048, 2048, 2048]","[2048, 2048, 2049, 2049, 2049, 2048, 2048]","[2048, 2048, 2048, 2048, 2049, 2048, 2048, 2048, 2048]",285.0
1293,11361,31,47,2026-09-06T14:46:10.086000+00:00,28.75,29.57,28.74,,304.0,False,87.06,"[None, 2048, 2048, 2048, 2048, 2048]","[2048, 2048, 2048, 2048, 2048, 2048, 2048]","[2048, 2048, 2048, 2048, 2048, 2048, 2048, 2048, 2048]",304.0
1293,11361,63,48,2026-09-06T14:46:16.219000+00:00,27.948,29.209,28.119,,311.0,False,85.276,"[None, 2048, 2048, 2048, 2048, 2048]","[2048, 2048, 2048, 2048, 2048, 2048, 2048]","[2048, 2048, 2048, 2048, 2048, 2048, 2049, 2049, 2049]",
1293,11361,12,48,2026-09-06T14:46:17.184000+00:00,27.662,28.78,28.13,298.0,324.0,False,84.572,"[None, 2048, 2048, 2048, 2048, 2048]","[2048, 2048, 2048, 2048, 2048, 2048, 2048]","[2048, 2048, 2049, 2048, 2048, 2048, 2048, 2048, 2049]",314.0
1293,11361,3,48,2026-09-06T14:46:30.409000+00:00,28.301,28.852,27.691,290.0,311.0,False,84.844,"[None, 2048, 2048, 2048, 2048, 2048]","[2048, 2051, 2051, 2049, 2048, 2048, 2048]","[2048, 2048, 2048, 2048, 2048, 2048, 2048, 2048, 2048]",299.0
1293,11361,81,48,2026-09-06T14:46:31.433000+00:00,27.936,29.779,28.04,298.0,324.0,False,85.755,"[2049, 2048, 2048, 2048, 2048, 2048]","[2048, 2048, 2048, 2048, 2048, 2048, 2048]","[2049, 2048, 2048, 2048, 2048, 2048, 2051, 2051, 2051]",320.0
1293,11361,1,48,2026-09-06T14:46:31.843000+00:00,27.536,29.224,28.104,313.0,316.0,False,84.864,"[None, 2048, 2048, 2048, 2049, 2048]","[2049, 2048, 2048, 2048, 2048, 2048, 2048]","[2048, 2048, 2048, 2048, 2048, 2048, 2048, 2048, 2048]",323.0
1293,11361,44,48,2026-09-06T14:46:35.092000+00:00,28.282,29.392,27.927,290.0,308.0,False,85.601,"[None, 2048, 2048, 2048, 2048, 2048]","[2048, 2048, 2048, 2048, 2048, 2048, 2048]","[2048, 2048, 2048, 2048, 2048, 2048, 2048, 2048, 2048]",310.0
1293,11361,10,48,2026-09-06T14:46:42.265000+00:00,28.049,29.268,28.136,293.0,310.0,False,85.453,"[None, 2048, 2048, 2048, 2048, 2048]","[2048, 2048, 2048, 2048, 2048, 2048, 2048]","[2049, 2049, 2048, 2048, 2048, 2048, 2048, 2048, 2048]",
1293,11361,41,48,2026-09-06T14:46:54.765000+00:00,28.47,29.386,28.177,,306.0,False,86.033,"[None, 2048, 2048, 2048, 2048, 2048]","[2048, 2048, 2048, 2049, 2048, 2048, 2048]","[2048, 2048, 2048, 2048, 2048, 2048, 2048, 2048, 2048]",
1293,11361,43,48,2026-09-06T14:47:00.640000+00:00,28.325,29.21,28.286,,309.0,False,85.821,"[None, 2048, 2048, 2048, 2048, 2048]","[2048, 2048, 2048, 2049, 2049, 2048, 2048]","[2048, 2048, 2048, 2048, 2048, 2048, 2048, 2048, 2048]",
1293,11361,22,48,2026-09-06T14:47:04.718000+00:00,28.5,29.67,28.443,288.0,306.0,False,86.613,"[None, 2048, 2048, 2048, 2048, 2048]","[2048, 2048, 2049, 2048, 2048, 2048, 2048]","[2048, 2048, 2048, 2048, 2048, 2048, 2048, 2048, 2048]",311.0
1293,11361,11,47,2026-09-06T14:47:09.171000+00:00,29.016,29.666,28.842,279.0,301.0,False,87.524,"[None, 2048, 2048, 2048, 2048, 2048]","[2049, 2048, 2048, 2048, 2048, 2048, 2048]","[2048, 2048, 2048, 2048, 2048, 2049, 2048, 2048, 2048]",301.0
1293,11361,5,48,2026-09-06T14:47:12.218000+00:00,28.482,29.492,28.389,287.0,307.0,False,86.363,"[None, 2048, 2048, 2048, 2048, 2048]","[2048, 2048, 2048, 2048, 2048, 2048, 2048]","[2048, 2048, 2048, 2048, 2048, 2048, 2048, 2048, 2048]",
1293,11361,27,48,2026-09-06T14:47:19.609000+00:00,28.699,29.233,28.324,284.0,304.0,False,86.256,"[None, 2048, 2048, 2048, 2048, 2048]","[2048, 2048, 2048, 2048, 2048, 2048, 2048]","[2048, 2048, 2048, 2048, 2048, 2048, 2048, 2048, 2048]",293.0
1293,11361,87,48,2026-09-06T14:47:21.515000+00:00,28.359,29.996,28.578,292.0,308.0,False,86.933,"[None, 2048, 2048, 2048, 2048, 2048]","[2048, 2048, 2048, 2048, 2048, 2048, 2048]","[2048, 2048, 2048, 2048, 2048, 2048, 2048, 2048, 2048]",317.0
1293,11361,77,47,2026-09-06T14:47:23.312000+00:00,36.057,31.313,29.683,272.0,302.0,False,97.053,"[None, 2048, 2048, 2048, 2048, 2048]","[2048, 2048, 2048, 2048, 2048, 2048, 2048]","[2048, 2048, 2048, 2048, 2048, 2048, 2048, 2048, 2048]",239.0
1293,11361,55,48,2026-09-06T14:47:24.187000+00:00,28.13,29.587,28.396,296.0,313.0,False,86.113,"[None, 2048, 2048, 2048, 2048, 2048]","[2048, 2048, 2048, 2048, 2048, 2048, 2048]","[2048, 2048, 2048, 2048, 2048, 2049, 2048, 2048, 2048]",318.0
1293,11361,30,48,2026-09-06T14:47:26.874000+00:00,28.608,29.542,28.178,290.0,312.0,False,86.328,"[None, 2048, 2048, 2048, 2048, 2048]","[2048, 2048, 2048, 2048, 2048, 2048, 2048]","[2048, 2048, 2048, 2048, 2048, 2048, 2048, 2048, 2048]",
1293,11361,31,48,2026-09-06T14:47:37.093000+00:00,28.74,29.761,28.558,,305.0,False,87.059,"[None, 2048, 2048, 2048, 2048, 2048]","[2048, 2048, 2048, 2048, 2048, 2048, 2048]","[2048, 2048, 2048, 2048, 2048, 2048, 2048, 2048, 2048]",303.0
1293,11361,63,49,2026-09-06T14:47:41.408000+00:00,30.4,29.5,28.075,303.0,309.0,False,87.975,"[None, 2048, 2048, 2048, 2048, 2048]","[2048, 2048, 2048, 2048, 2048, 2048, 2048]","[2048, 2048, 2048, 2048, 2048, 2048, 2048, 2048, 2048]",314.0
1293,11361,12,49,2026-09-06T14:47:41.644000+00:00,32.03,28.8,27.752,296.0,316.0,False,88.582,"[None, 2049, 2048, 2048, 2048, 2048]","[2048, 2048, 2048, 2048, 2048, 2048, 2048]","[2048, 2048, 2048, 2048, 2048, 2048, 2048, 2048, 2048]",330.0
1293,11361,23,48,2026-09-06T14:47:54.221000+00:00,31.433,30.138,28.44,311.0,320.0,False,90.011,"[2048, 2048, 2048, 2048, 2048, 2049]","[2048, 2048, 2048, 2048, 2048, 2048, 2048]","[2049, 2048, 2048, 2049, 2048, 2049, 2048, 2048, 2048]",277.0
1293,11361,3,49,2026-09-06T14:47:55.354000+00:00,27.97,29.162,27.891,288.0,307.0,False,85.023,"[None, 2048, 2048, 2048, 2048, 2048]","[2048, 2048, 2048, 2048, 2048, 2048, 2048]","[2048, 2048, 2048, 2048, 2048, 2048, 2048, 2048, 2048]",307.0
1293,11361,1,49,2026-09-06T14:47:56.687000+00:00,28.232,30.009,28.262,298.0,318.0,False,86.503,"[None, 2048, 2048, 2048, 2048, 2048]","[2048, 2048, 2048, 2048, 2048, 2048, 2048]","[2049, 2048, 2048, 2048, 2048, 2048, 2048, 2048, 2048]",314.0
1293,11361,81,49,2026-09-06T14:47:57.188000+00:00,27.751,29.37,28.337,308.0,306.0,False,85.458,"[None, 2049, 2048, 2048, 2048, 2048]","[2049, 2048, 2048, 2048, 2048, 2048, 2048]","[2048, 2048, 2048, 2048, 2048, 2048, 2048, 2048, 2048]",329.0
1293,11361,44,49,2026-09-06T14:48:00.670000+00:00,28.383,29.479,28.77,,310.0,False,86.632,"[None, 2048, 2048, 2048, 2048, 2048]","[2048, 2048, 2049, 2048, 2048, 2048, 2048]","[2048, 2048, 2048, 2048, 2048, 2048, 2048, 2048, 2048]",311.0
1293,11361,10,49,2026-09-06T14:48:07.716000+00:00,28.034,29.22,28.11,,309.0,False,85.364,"[None, 2048, 2048, 2048, 2048, 2048]","[2048, 2048, 2048, 2048, 2049, 2048, 2048]","[2048, 2048, 2048, 2048, 2049, 2048, 2048, 2048, 2048]",306.0
1293,11361,41,49,2026-09-06T14:48:20.852000+00:00,28.529,29.523,28.155,286.0,305.0,False,86.207,"[None, 2048, 2048, 2048, 2048, 2048]","[2048, 2048, 2049, 2048, 2048, 2048, 2048]","[2048, 2048, 2048, 2048, 2049, 2048, 2048, 2048, 2048]",306.0
1293,11361,43,49,2026-09-06T14:48:26.500000+00:00,28.19,29.334,28.272,,308.0,False,85.796,"[None, 2048, 2048, 2048, 2048, 2048]","[2048, 2049, 2049, 2048, 2048, 2048, 2048]","[2048, 2048, 2048, 2048, 2048, 2048, 2048, 2048, 2048]",303.0
1293,11361,22,49,2026-09-06T14:48:31.359000+00:00,28.484,29.609,28.437,,306.0,False,86.53,"[None, 2048, 2048, 2048, 2048, 2048]","[2048, 2048, 2049, 2048, 2049, 2048, 2048]","[2048, 2048, 2048, 2048, 2048, 2048, 2048, 2048, 2048]",310.0
1293,11361,11,48,2026-09-06T14:48:36.665000+00:00,28.946,29.81,29.96,280.0,299.0,False,88.716,"[None, 2048, 2048, 2048, 2048, 2048]","[2048, 2048, 2049, 2048, 2048, 2048, 2048]","[2048, 2048, 2048, 2048, 2048, 2048, 2048, 2048, 2048]",
1293,11361,5,49,2026-09-06T14:48:38.556000+00:00,28.426,29.405,28.564,288.0,308.0,False,86.395,"[None, 2048, 2048, 2048, 2048, 2048]","[2048, 2048, 2048, 2048, 2048, 2048, 2048]","[2048, 2048, 2048, 2048, 2048, 2048, 2048, 2048, 2048]",311.0
1293,11361,27,49,2026-09-06T14:48:45.915000+00:00,28.64,29.036,28.236,283.0,305.0,False,85.912,"[None, 2048, 2048, 2048, 2048, 2048]","[2048, 2048, 2051, 2048, 2048, 2048, 2048]","[2048, 2048, 2048, 2048, 2048, 2048, 2048, 2048, 2048]",292.0
1293,11361,87,49,2026-09-06T14:48:48.353000+00:00,28.441,29.864,28.887,289.0,308.0,False,87.192,"[None, 2048, 2048, 2048, 2048, 2048]","[2048, 2048, 2048, 2048, 2048, 2048, 2048]","[2048, 2048, 2048, 2048, 2048, 2048, 2048, 2048, 2048]",316.0
1293,11361,55,49,2026-09-06T14:48:50.369000+00:00,27.83,29.593,28.424,300.0,316.0,False,85.847,"[None, 2048, 2048, 2049, 2048, 2048]","[2048, 2048, 2048, 2048, 2048, 2048, 2048]","[2049, 2048, 2048, 2048, 2048, 2049, 2049, 2048, 2048]",311.0
1293,11361,30,49,2026-09-06T14:48:52.947000+00:00,28.243,29.401,28.213,,312.0,False,85.857,"[None, 2048, 2048, 2048, 2048, 2048]","[2048, 2048, 2048, 2048, 2048, 2048, 2048]","[2048, 2048, 2048, 2048, 2048, 2048, 2048, 2048, 2048]",314.0
1293,11361,77,48,2026-09-06T14:49:00.337000+00:00,28.745,30.13,29.518,279.0,295.0,False,88.393,"[None, 2048, 2048, 2048, 2048, 2048]","[2048, 2048, 2048, 2048, 2048, 2048, 2048]","[2048, 2048, 2048, 2048, 2048, 2048, 2048, 2048, 2048]",307.0
1293,11361,31,49,2026-09-06T14:49:04.103000+00:00,28.693,29.601,28.605,285.0,306.0,False,86.899,"[None, 2048, 2048, 2048, 2048, 2048]","[2048, 2048, 2048, 2048, 2048, 2048, 2048]","[2048, 2048, 2048, 2048, 2048, 2048, 2048, 2048, 2048]",305.0
1293,11361,63,50,2026-09-06T14:49:09.462000+00:00,27.906,29.818,28.482,306.0,313.0,False,86.206,"[None, 2048, 2048, 2048, 2049, 2048]","[2049, 2048, 2048, 2048, 2048, 2048, 2048]","[2048, 2048, 2048, 2048, 2048, 2048, 2048, 2048, 2048]",310.0
1293,11361,12,50,2026-09-06T14:49:10.322000+00:00,27.683,28.957,27.484,298.0,319.0,False,84.124,"[None, 2048, 2048, 2048, 2048, 2048]","[2048, 2048, 2048, 2048, 2048, 2051, 2048]","[2048, 2048, 2048, 2048, 2048, 2048, 2048, 2048]",314.0
1293,11361,3,50,2026-09-06T14:49:20.337000+00:00,28.355,29.077,27.96,287.0,306.0,False,85.392,"[None, 2048, 2048, 2048, 2048, 2048]","[2048, 2048, 2048, 2048, 2048, 2048, 2048]","[2048, 2048, 2048, 2048, 2048, 2048, 2048, 2048, 2048]",298.0
1293,11361,81,50,2026-09-06T14:49:22.572000+00:00,27.972,29.278,28.275,293.0,310.0,False,85.525,"[2048, 2048, 2048, 2048, 2048, 2048]","[2048, 2048, 2048, 2049, 2048, 2048, 2048]","[2048, 2048, 2048, 2048, 2048, 2048, 2048, 2048, 2048]",311.0
1293,11361,1,50,2026-09-06T14:49:23.697000+00:00,27.978,29.303,28.046,301.0,321.0,False,85.327,"[None, 2048, 2048, 2048, 2048, 2048]","[2048, 2048, 2048, 2048, 2048, 2048, 2048]","[2048, 2048, 2048, 2048, 2048, 2048, 2049, 2048, 2048]",323.0
1293,11361,23,49,2026-09-06T14:49:24.197000+00:00,27.71,29.302,28.444,306.0,327.0,False,85.456,"[None, 2048, 2048, 2048, 2049, 2048]","[2049, 2048, 2048, 2048, 2048, 2049, 2049]","[2049, 2048, 2049, 2049, 2048, 2048, 2049, 2049, 2049]",318.0
1293,11361,44,50,2026-09-06T14:49:27.306000+00:00,28.411,29.453,28.199,289.0,306.0,False,86.063,"[None, 2048, 2048, 2048, 2048, 2048]","[2048, 2048, 2048, 2048, 2048, 2048, 2048]","[2048, 2048, 2048, 2048, 2048, 2048, 2048, 2048, 2048]",313.0
1293,11361,10,50,2026-09-06T14:49:32.994000+00:00,27.986,29.151,28.14,294.0,310.0,False,85.277,"[None, 2048, 2048, 2048, 2048, 2048]","[2048, 2049, 2048, 2048, 2048, 2048, 2048]","[2048, 2049, 2048, 2048, 2048, 2048, 2048, 2048, 2048]",308.0
1293,11361,41,50,2026-09-06T14:49:47.025000+00:00,28.643,29.347,28.231,285.0,305.0,False,86.221,"[None, 2048, 2048, 2048, 2048, 2048]","[2048, 2048, 2048, 2048, 2048, 2048, 2048]","[2048, 2048, 2048, 2048, 2048, 2048, 2048, 2048, 2048]",
1293,11361,43,50,2026-09-06T14:49:52.291000+00:00,28.186,29.284,28.225,,309.0,False,85.695,"[None, 2048, 2048, 2048, 2048, 2048]","[2048, 2048, 2048, 2048, 2049, 2048, 2048]","[2048, 2048, 2048, 2048, 2048, 2048, 2048, 2048, 2048]",
1293,11361,22,50,2026-09-06T14:49:57.931000+00:00,28.651,29.604,28.439,,305.0,False,86.694,"[None, 2048, 2048, 2048, 2048, 2048]","[2048, 2048, 2049, 2049, 2048, 2048, 2048]","[2048, 2048, 2048, 2048, 2048, 2048, 2048, 2048, 2048]",309.0
1293,11361,5,50,2026-09-06T14:50:04.994000+00:00,28.735,29.52,28.533,283.0,304.0,False,86.788,"[None, 2048, 2048, 2048, 2048, 2048]","[2048, 2048, 2048, 2048, 2048, 2048, 2048]","[2048, 2048, 2048, 2048, 2048, 2048, 2048, 2048, 2048]",305.0
1293,11361,11,49,2026-09-06T14:50:05.432000+00:00,29.186,30.004,28.699,284.0,306.0,False,87.889,"[None, 2048, 2048, 2048, 2048, 2048]","[2048, 2048, 2048, 2048, 2048, 2048, 2048]","[2048, 2048, 2048, 2048, 2048, 2048, 2048, 2048, 2048]",270.0
1293,11361,27,50,2026-09-06T14:50:11.853000+00:00,28.766,29.054,28.127,,305.0,False,85.947,"[None, 2048, 2048, 2048, 2048, 2048]","[2048, 2048, 2048, 2048, 2048, 2048, 2048]","[2048, 2048, 2048, 2048, 2048, 2048, 2048, 2048, 2048]",293.0
1293,11361,87,50,2026-09-06T14:50:15.603000+00:00,28.663,30.641,28.524,286.0,316.0,False,87.828,"[None, 2048, 2048, 2048, 2048, 2048]","[2048, 2048, 2048, 2048, 2048, 2048, 2048]","[2048, 2048, 2048, 2048, 2048, 2048, 2048, 2048]",310.0
1293,11361,55,50,2026-09-06T14:50:16.213000+00:00,28.018,29.843,28.538,302.0,311.0,False,86.399,"[None, 2048, 2048, 2048, 2049, 2048]","[2048, 2048, 2048, 2048, 2048, 2048, 2048]","[2048, 2048, 2048, 2048, 2048, 2048, 2048, 2048, 2048]",320.0
1293,11361,30,50,2026-09-06T14:50:18.885000+00:00,28.363,29.292,28.155,,316.0,False,85.81,"[None, 2048, 2048, 2048, 2048, 2048]","[2048, 2048, 2048, 2048, 2048, 2048, 2048]","[2048, 2048, 2048, 2049, 2048, 2048, 2048, 2048, 2048]",311.0
1293,11361,77,49,2026-09-06T14:50:28.697000+00:00,29.163,30.095,34.306,278.0,300.0,False,93.564,"[None, 2048, 2048, 2048, 2048, 2048]","[2048, 2048, 2048, 2048, 2048, 2048, 2048]","[2048, 2048, 2048, 2048, 2048, 2048, 2048, 2048, 2048]",300.0
1293,11361,31,50,2026-09-06T14:50:31.088000+00:00,28.628,29.606,28.597,286.0,310.0,False,86.831,"[None, 2048, 2048, 2048, 2048, 2048]","[2048, 2048, 2048, 2048, 2048, 2049, 2048]","[2048, 2048, 2048, 2048, 2048, 2048, 2048, 2048, 2048]",307.0
1293,11361,12,51,2026-09-06T14:50:34.307000+00:00,27.811,28.818,27.769,292.0,314.0,False,84.398,"[None, 2048, 2048, 2048, 2048, 2048]","[2048, 2048, 2048, 2048, 2048, 2048, 2048]","[2048, 2048, 2048, 2048, 2048, 2048, 2048, 2048, 2048]",309.0
1293,11361,63,51,2026-09-06T14:50:35.620000+00:00,27.603,28.967,27.82,312.0,324.0,False,84.39,"[None, 2048, 2048, 2048, 2049, 2049]","[2048, 2048, 2048, 2048, 2048, 2049, 2049]","[2048, 2048, 2049, 2049, 2048, 2048, 2051, 2049, 2049]",314.0
1293,11361,3,51,2026-09-06T14:50:45.735000+00:00,28.26,29.154,28.005,288.0,308.0,False,85.419,"[None, 2048, 2048, 2048, 2048, 2048]","[2048, 2048, 2048, 2048, 2048, 2048, 2048]","[2048, 2048, 2048, 2048, 2048, 2048, 2048, 2048, 2048]",299.0
1293,11361,81,51,2026-09-06T14:50:48.151000+00:00,28.034,29.836,28.444,299.0,308.0,False,86.314,"[None, 2048, 2048, 2048, 2048, 2048]","[2048, 2048, 2048, 2048, 2048, 2048, 2048]","[2048, 2048, 2048, 2048, 2048, 2048, 2048, 2048, 2048]",314.0
1293,11361,1,51,2026-09-06T14:50:48.524000+00:00,27.759,30.181,28.649,315.0,322.0,False,86.589,"[None, 2048, 2048, 2048, 2049, 2048]","[2048, 2048, 2048, 2048, 2048, 2048, 2048]","[2048, 2048, 2048, 2048, 2048, 2048, 2048, 2048, 2048]",325.0
1293,11361,23,50,2026-09-06T14:50:49.568000+00:00,27.575,29.664,28.544,301.0,329.0,False,85.783,"[2049, 2049, 2048, 2048, 2048, 2048]","[2048, 2048, 2048, 2048, 2048, 2048, 2049]","[2048, 2048, 2049, 2048, 2048, 2048, 2049, 2049, 2049]",326.0
1293,11361,44,51,2026-09-06T14:50:53.354000+00:00,27.973,29.398,28.288,290.0,309.0,False,85.659,"[None, 2048, 2048, 2048, 2048, 2048]","[2048, 2048, 2048, 2048, 2048, 2048, 2048]","[2048, 2048, 2048, 2048, 2048, 2048, 2048, 2048, 2048]",315.0
1293,11361,10,51,2026-09-06T14:50:58.344000+00:00,28.029,29.303,28.173,,310.0,False,85.505,"[None, 2048, 2048, 2048, 2048, 2048]","[2048, 2048, 2048, 2048, 2048, 2048, 2048]","[2048, 2048, 2048, 2048, 2048, 2048, 2048, 2048, 2048]",309.0
1293,11361,41,51,2026-09-06T14:51:13.204000+00:00,28.534,29.507,28.192,286.0,305.0,False,86.233,"[None, 2048, 2048, 2048, 2048, 2048]","[2048, 2048, 2048, 2048, 2048, 2048, 2048]","[2048, 2048, 2048, 2048, 2048, 2048, 2048, 2048, 2048]",307.0
1293,11361,43,51,2026-09-06T14:51:17.969000+00:00,28.175,29.293,28.188,293.0,310.0,False,85.656,"[None, 2048, 2048, 2048, 2048, 2048]","[2048, 2048, 2048, 2048, 2048, 2048, 2048]","[2048, 2048, 2048, 2048, 2048, 2048, 2048, 2048, 2048]",
1293,11361,22,51,2026-09-06T14:51:24.722000+00:00,28.637,29.701,28.417,,306.0,False,86.755,"[None, 2048, 2048, 2048, 2048, 2048]","[2048, 2048, 2048, 2048, 2048, 2048, 2048]","[2048, 2048, 2048, 2048, 2048, 2048, 2048, 2048, 2048]",
1293,11361,5,51,2026-09-06T14:51:31.724000+00:00,28.666,29.605,28.633,284.0,304.0,False,86.904,"[None, 2048, 2048, 2048, 2048, 2048]","[2048, 2048, 2048, 2048, 2048, 2048, 2048]","[2048, 2048, 2048, 2048, 2048, 2048, 2048, 2048, 2048]",306.0
1293,11361,11,50,2026-09-06T14:51:33.225000+00:00,28.74,29.756,29.0,282.0,304.0,False,87.496,"[None, 2048, 2048, 2048, 2048, 2048]","[2048, 2048, 2048, 2048, 2048, 2048, 2048]","[2048, 2048, 2048, 2048, 2048, 2048, 2048, 2048, 2048]",308.0
1293,11361,27,51,2026-09-06T14:51:37.882000+00:00,28.602,29.075,28.033,284.0,307.0,False,85.71,"[None, 2048, 2048, 2048, 2048, 2048]","[2048, 2048, 2048, 2048, 2048, 2048, 2048]","[2048, 2048, 2048, 2048, 2048, 2049, 2048, 2048, 2048]",295.0
1293,11361,55,51,2026-09-06T14:51:42.509000+00:00,28.088,29.661,28.508,294.0,310.0,False,86.257,"[None, 2048, 2048, 2048, 2048, 2048]","[2048, 2048, 2048, 2048, 2048, 2048, 2048]","[2048, 2048, 2048, 2048, 2048, 2048, 2048, 2048, 2048]",307.0
1293,11361,87,51,2026-09-06T14:51:43.431000+00:00,28.505,29.95,28.5,290.0,309.0,False,86.955,"[None, 2048, 2048, 2048, 2048, 2048]","[2048, 2048, 2048, 2048, 2048, 2048, 2048]","[2048, 2048, 2048, 2048, 2048, 2048, 2048, 2048, 2048]",324.0
1293,11361,30,51,2026-09-06T14:51:44.696000+00:00,28.197,29.437,28.496,295.0,323.0,False,86.13,"[None, 2048, 2048, 2048, 2048, 2048]","[2048, 2048, 2048, 2048, 2048, 2049, 2048]","[2048, 2048, 2048, 2048, 2048, 2048, 2049, 2049, 2049]",320.0
1293,11361,31,51,2026-09-06T14:51:57.806000+00:00,31.081,29.941,28.622,289.0,308.0,False,89.644,"[None, 2048, 2048, 2048, 2048, 2048]","[2048, 2048, 2048, 2048, 2048, 2048, 2048]","[2048, 2048, 2048, 2048, 2048, 2048, 2048, 2048, 2048]",205.0
1293,11361,12,52,2026-09-06T14:51:58.790000+00:00,27.663,28.778,27.864,290.0,306.0,False,84.305,"[None, 2048, 2048, 2048, 2048, 2048]","[2048, 2049, 2048, 2051, 2048, 2048, 2048]","[2048, 2048, 2048, 2048, 2048, 2048, 2048, 2048, 2048]",
1293,11361,63,52,2026-09-06T14:52:00.072000+00:00,27.669,29.201,28.107,306.0,314.0,False,84.977,"[2049, 2048, 2048, 2048, 2048, 2048]","[2048, 2048, 2048, 2048, 2048, 2048, 2048]","[2048, 2048, 2048, 2048, 2048, 2048, 2048, 2048, 2048]",321.0
1293,11361,77,50,2026-09-06T14:52:02.217000+00:00,29.52,30.738,29.688,282.0,304.0,False,89.946,"[None, 2048, 2048, 2048, 2048, 2048]","[2048, 2048, 2048, 2048, 2048, 2048, 2048]","[2048, 2048, 2048, 2048, 2048, 2048, 2048, 2048, 2048]",308.0
1293,11361,3,52,2026-09-06T14:52:11.198000+00:00,28.307,29.209,27.857,289.0,309.0,False,85.373,"[None, 2048, 2048, 2048, 2048, 2048]","[2048, 2048, 2048, 2048, 2048, 2048, 2048]","[2048, 2048, 2048, 2048, 2048, 2048, 2048, 2048, 2048]",300.0
1293,11361,81,52,2026-09-06T14:52:14.573000+00:00,27.888,29.346,28.287,,309.0,False,85.521,"[None, 2048, 2048, 2048, 2048, 2048]","[2048, 2048, 2048, 2048, 2048, 2048, 2048]","[2048, 2048, 2048, 2048, 2048, 2048, 2048, 2048, 2048]",310.0
1293,11361,1,52,2026-09-06T14:52:15.198000+00:00,27.848,29.232,28.236,303.0,322.0,False,85.316,"[None, 2048, 2048, 2048, 2048, 2048]","[2048, 2048, 2048, 2048, 2048, 2048, 2048]","[2048, 2048, 2048, 2048, 2048, 2048, 2048, 2048, 2048]",318.0
1293,11361,23,51,2026-09-06T14:52:15.354000+00:00,28.12,29.661,28.383,302.0,322.0,False,86.164,"[None, 2048, 2048, 2048, 2048, 2048]","[2048, 2048, 2048, 2048, 2048, 2048, 2048]","[2048, 2048, 2048, 2048, 2048, 2049, 2048, 2048, 2048]",308.0
1293,11361,44,52,2026-09-06T14:52:18.979000+00:00,28.458,29.702,28.084,,308.0,False,86.244,"[None, 2048, 2048, 2048, 2048, 2048]","[2048, 2048, 2048, 2048, 2048, 2048, 2048]","[2048, 2048, 2048, 2048, 2048, 2048, 2048, 2048, 2048]",309.0
1293,11361,10,52,2026-09-06T14:52:23.834000+00:00,27.954,29.218,28.051,295.0,311.0,False,85.223,"[None, 2048, 2048, 2048, 2048, 2048]","[2048, 2048, 2048, 2049, 2048, 2048, 2048]","[2048, 2048, 2048, 2048, 2048, 2048, 2049, 2048, 2048]",
1293,11361,41,52,2026-09-06T14:52:39.498000+00:00,28.575,29.481,28.182,,304.0,False,86.238,"[None, 2048, 2048, 2048, 2048, 2048]","[2048, 2048, 2048, 2048, 2048, 2048, 2048]","[2048, 2048, 2048, 2048, 2048, 2048, 2048, 2048, 2048]",
1293,11361,43,52,2026-09-06T14:52:43.637000+00:00,28.077,29.231,28.095,295.0,310.0,False,85.403,"[None, 2048, 2048, 2048, 2048, 2048]","[2048, 2048, 2048, 2048, 2048, 2048, 2048]","[2049, 2048, 2048, 2048, 2048, 2048, 2049, 2048, 2048]",
1293,11361,22,52,2026-09-06T14:52:51.322000+00:00,28.726,29.691,28.403,,305.0,False,86.82,"[None, 2048, 2048, 2048, 2048, 2048]","[2048, 2048, 2048, 2048, 2048, 2048, 2048]","[2048, 2048, 2048, 2048, 2048, 2048, 2048, 2048, 2048]",308.0
1293,11361,5,52,2026-09-06T14:52:58.591000+00:00,28.634,29.655,28.562,285.0,303.0,False,86.851,"[None, 2048, 2048, 2048, 2048, 2048]","[2048, 2048, 2048, 2048, 2048, 2048, 2048]","[2048, 2048, 2048, 2048, 2048, 2048, 2048, 2048, 2048]",
1293,11361,11,51,2026-09-06T14:53:00.768000+00:00,28.809,29.66,28.445,,304.0,False,86.914,"[None, 2048, 2048, 2048, 2048, 2048]","[2048, 2048, 2048, 2048, 2049, 2049, 2048]","[2048, 2048, 2049, 2049, 2048, 2048, 2048, 2048, 2048]",304.0
1293,11361,27,52,2026-09-06T14:53:03.494000+00:00,28.34,28.832,27.755,289.0,313.0,False,84.927,"[None, 2048, 2048, 2048, 2048, 2048]","[2049, 2048, 2051, 2048, 2048, 2048, 2048]","[2048, 2048, 2048, 2048, 2048, 2049, 2049, 2048, 2048]",297.0
1293,11361,55,52,2026-09-06T14:53:08.856000+00:00,27.993,29.53,28.437,295.0,310.0,False,85.96,"[None, 2048, 2048, 2048, 2048, 2048]","[2048, 2048, 2048, 2048, 2048, 2048, 2048]","[2048, 2048, 2048, 2048, 2048, 2048, 2048, 2048, 2048]",310.0
1293,11361,87,52,2026-09-06T14:53:10.456000+00:00,28.478,30.756,28.806,289.0,315.0,False,88.04,"[None, 2048, 2048, 2048, 2048, 2048]","[2048, 2048, 2048, 2048, 2048, 2048, 2048]","[2048, 2048, 2048, 2048, 2048, 2048, 2048, 2048, 2048]",319.0
1293,11361,30,52,2026-09-06T14:53:10.772000+00:00,28.023,29.69,28.148,296.0,313.0,False,85.861,"[2049, 2048, 2048, 2048, 2049, 2048]","[2048, 2048, 2048, 2048, 2048, 2048, 2048]","[2049, 2048, 2048, 2048, 2048, 2048, 2049, 2048]",326.0
1293,11361,12,53,2026-09-06T14:53:23.135000+00:00,27.225,28.686,27.593,299.0,306.0,False,83.504,"[None, 2048, 2048, 2049, 2048, 2048]","[2048, 2051, 2048, 2048, 2048, 2048, 2048]","[2048, 2048, 2048, 2048, 2048, 2048, 2048, 2048]",314.0
1293,11361,63,53,2026-09-06T14:53:25.095000+00:00,27.762,29.245,28.479,305.0,311.0,False,85.486,"[2048, 2048, 2048, 2048, 2048, 2048]","[2048, 2048, 2048, 2048, 2048, 2048, 2048]","[2048, 2048, 2048, 2049, 2048, 2048, 2048, 2048, 2048]",316.0
1293,11361,31,52,2026-09-06T14:53:27.558000+00:00,28.555,29.008,28.148,286.0,327.0,False,85.711,"[None, 2048, 2048, 2048, 2048, 2048]","[2048, 2048, 2048, 2048, 2048, 2049, 2049]","[2049, 2048, 2049, 2048, 2048, 2048, 2048, 2048, 2048]",311.0
1293,11361,77,51,2026-09-06T14:53:32.246000+00:00,28.596,29.731,28.998,281.0,304.0,False,87.325,"[None, 2048, 2048, 2048, 2048, 2048]","[2048, 2048, 2048, 2048, 2048, 2049, 2048]","[2048, 2048, 2048, 2048, 2048, 2048, 2048, 2048, 2048]",309.0
1293,11361,3,53,2026-09-06T14:53:36.547000+00:00,28.147,29.082,27.575,291.0,311.0,False,84.804,"[None, 2048, 2048, 2048, 2048, 2048]","[2048, 2048, 2048, 2048, 2048, 2048, 2048]","[2048, 2048, 2049, 2048, 2048, 2048, 2048, 2048]",303.0
1293,11361,81,53,2026-09-06T14:53:40.046000+00:00,28.013,29.427,28.394,297.0,313.0,False,85.834,"[None, 2048, 2048, 2048, 2048, 2048]","[2048, 2048, 2048, 2048, 2048, 2048, 2048]","[2048, 2048, 2051, 2049, 2048, 2048, 2048, 2048, 2048]",311.0
1293,11361,1,53,2026-09-06T14:53:40.432000+00:00,27.661,29.318,28.231,313.0,343.0,False,85.21,"[None, 2048, 2048, 2048, 2048, 2048]","[2048, 2048, 2048, 2048, 2048, 2051, 2051]","[2051, 2048, 2049, 2048, 2048, 2048, 2048, 2048]",322.0
1293,11361,23,52,2026-09-06T14:53:41.575000+00:00,27.651,29.571,28.119,301.0,318.0,False,85.341,"[2048, 2048, 2048, 2049, 2048, 2048]","[2048, 2048, 2048, 2049, 2048, 2048, 2048]","[2048, 2048, 2049, 2049, 2048, 2048, 2048, 2048, 2048]",322.0
1293,11361,44,53,2026-09-06T14:53:45.340000+00:00,28.211,29.467,28.319,,309.0,False,85.997,"[None, 2048, 2048, 2048, 2048, 2048]","[2048, 2048, 2048, 2048, 2048, 2048, 2048]","[2048, 2048, 2048, 2048, 2048, 2048, 2048, 2048, 2048]",312.0
1293,11361,10,53,2026-09-06T14:53:49.124000+00:00,27.831,29.206,27.89,294.0,311.0,False,84.927,"[None, 2048, 2048, 2048, 2048, 2048]","[2048, 2048, 2048, 2048, 2048, 2048, 2048]","[2048, 2048, 2049, 2049, 2048, 2048, 2048, 2048, 2048]",313.0
1293,11361,41,53,2026-09-06T14:54:05.715000+00:00,28.459,29.397,28.199,287.0,305.0,False,86.055,"[None, 2048, 2048, 2048, 2048, 2048]","[2048, 2048, 2048, 2048, 2048, 2048, 2048]","[2048, 2048, 2048, 2048, 2048, 2048, 2048, 2048, 2048]",306.0
1293,11361,43,53,2026-09-06T14:54:08.990000+00:00,27.68,29.28,27.973,298.0,308.0,False,84.933,"[None, 2048, 2048, 2048, 2048, 2048]","[2048, 2048, 2048, 2048, 2048, 2048, 2048]","[2048, 2048, 2048, 2049, 2048, 2048, 2048, 2048, 2048]",310.0
1293,11361,22,53,2026-09-06T14:54:18.135000+00:00,28.643,29.633,28.364,,304.0,False,86.64,"[None, 2048, 2048, 2048, 2048, 2048]","[2048, 2048, 2048, 2049, 2048, 2048, 2048]","[2048, 2048, 2048, 2048, 2048, 2048, 2048, 2048, 2048]",309.0
1293,11361,5,53,2026-09-06T14:54:25.469000+00:00,28.526,29.509,28.287,286.0,303.0,False,86.322,"[None, 2048, 2049, 2048, 2048, 2048]","[2048, 2048, 2048, 2048, 2048, 2048, 2048]","[2048, 2049, 2049, 2048, 2048, 2048, 2048, 2048, 2048]",
1293,11361,11,52,2026-09-06T14:54:27.708000+00:00,28.679,30.142,28.506,280.0,307.0,False,87.327,"[None, 2048, 2048, 2048, 2048, 2048]","[2048, 2048, 2048, 2048, 2048, 2048, 2048]","[2048, 2048, 2049, 2049, 2048, 2048, 2048, 2048, 2048]",310.0
1293,11361,27,53,2026-09-06T14:54:28.520000+00:00,27.836,28.585,27.943,295.0,316.0,False,84.364,"[None, 2048, 2048, 2048, 2048, 2048]","[2049, 2049, 2051, 2048, 2048, 2049, 2048]","[2049, 2049, 2048, 2048, 2048, 2048, 2048, 2048, 2048]",303.0
1293,11361,55,53,2026-09-06T14:54:34.754000+00:00,28.054,29.566,28.344,296.0,309.0,False,85.964,"[None, 2048, 2048, 2048, 2048, 2048]","[2048, 2048, 2048, 2048, 2049, 2048, 2048]","[2048, 2048, 2048, 2049, 2048, 2048, 2048, 2048, 2048]",
1293,11361,30,53,2026-09-06T14:54:36.614000+00:00,28.188,29.245,28.145,291.0,313.0,False,85.578,"[2048, 2048, 2048, 2048, 2048, 2048]","[2049, 2048, 2049, 2048, 2048, 2048, 2048]","[2048, 2048, 2048, 2048, 2048, 2048, 2048, 2048, 2048]",320.0
1293,11361,87,53,2026-09-06T14:54:38.411000+00:00,28.149,29.565,29.444,309.0,329.0,False,87.158,"[None, 2048, 2048, 2048, 2049, 2049]","[2048, 2048, 2049, 2048, 2048, 2049, 2049]","[2048, 2048, 2048, 2048, 2048, 2048, 2048, 2048, 2048]",317.0
