meeting_key,session_key,driver_number,lap_number,date_start,duration_sector_1,duration_sector_2,duration_sector_3,i1_speed,i2_speed,is_pit_out_lap,lap_duration,segments_sector_1,segments_sector_2,segments_sector_3,st_speed
1290,11334,12,1,2026-07-19T13:03:52.073000+00:00,34.297,49.689,37.953,307.0,205.0,False,121.939,"[2048, 2051, 2049, 2049, 2049, 2049, 2049, 2049]","[2051, 2051, 2051, 2049, 2051, 2051, 2049, 2049, 2049, 2051, 2051, 2051]","[2049, 2049, 2049, 2051, 2049, 2049, 2051, 2051]",287.0
1290,11334,3,1,2026-07-19T13:03:52.073000+00:00,34.345,51.029,40.391,299.0,194.0,False,125.765,"[2048, 2049, 2051, 2051, 2049, 2049, 2049, 2049]","[2049, 2049, 2049, 2049, 2049, 2049, 2049, 2051, 2051, 2049, 2049, 2049]","[2049, 2049, 2049, 2049, 2049, 2049, 2049, 2049]",288.0
1290,11334,63,1,2026-07-19T13:03:52.073000+00:00,,,,,,False,,"[2048, 2049, 2049, 2049, 2051, 0, 0, 0]","[0, 0, 0, 0, 0, 0, 0, 0, 0, 0, 0, 0]","[0, 0, 0, 0, 0, 0, 0, 0]",300.0
1290,11334,44,1,2026-07-19T13:03:52.073000+00:00,34.603,53.401,43.1,324.0,202.0,False,131.104,"[2048, 2049, 2049, 2049, 2049, 2049, 2049, 2049]","[2049, 2049, 2049, 2049, 2049, 2049, 2049, 2049, 2049, 2049, 2049, 2049]","[2051, 2049, 2049, 2049, 2049, 2049, 2051, 2051]",293.0
1290,11334,16,1,2026-07-19T13:03:52.073000+00:00,34.373,50.445,39.336,323.0,204.0,False,124.154,"[2048, 2049, 2049, 2049, 2049, 2049, 2049, 2049]","[2049, 2049, 2049, 2051, 2049, 2049, 2051, 2049, 2049, 2049, 2049, 2049]","[2049, 2049, 2051, 2049, 2049, 2049, 2049, 2051]",295.0
1290,11334,81,1,2026-07-19T13:03:52.073000+00:00,,,42.63,,202.0,False,129.266,"[2048, 2049, 2049, 2049, 2049, 2049, 2049, 0]","[0, 2049, 2049, 2049, 2049, 2049, 2049, 2049, 2049, 2049, 2049, 2049]","[2049, 2051, 2049, 2049, 2049, 2049, 2049, 2049]",297.0
1290,11334,41,1,2026-07-19T13:03:52.073000+00:00,35.17,54.179,46.102,324.0,201.0,False,135.451,"[2048, 2049, 2049, 2049, 2049, 2049, 2049, 2049]","[2049, 2049, 2049, 2049, 2049, 2049, 2049, 2049, 2049, 2049, 2049, 2049]","[2049, 2049, 2049, 2049, 2049, 2049, 2049, 2049]",303.0
1290,11334,5,1,2026-07-19T13:03:52.073000+00:00,35.654,54.783,48.145,325.0,199.0,False,138.582,"[2048, 2049, 2049, 2049, 2049, 2049, 2049, 2049]","[2049, 2049, 2049, 2049, 2049, 2049, 2049, 2049, 2049, 2049, 2049, 2049]","[2049, 2049, 2049, 2049, 2049, 2049, 2049, 2049]",293.0
1290,11334,30,1,2026-07-19T13:03:52.073000+00:00,35.255,53.516,44.556,328.0,203.0,False,133.327,"[2048, 2049, 2049, 2049, 2049, 2049, 2049, 2049]","[2049, 2049, 2049, 2049, 2049, 2049, 2049, 2049, 2049, 2049, 2049, 2049]","[2049, 2049, 2049, 2049, 2049, 2051, 2049, 2049]",302.0
1290,11334,10,1,2026-07-19T13:03:52.073000+00:00,35.887,55.345,52.483,337.0,200.0,False,143.715,"[2048, 2049, 2049, 2049, 2049, 2049, 2049, 2049]","[2049, 2049, 2049, 2049, 2049, 2049, 2049, 2049, 2049, 2049, 2049, 2049]","[2049, 2049, 2049, 2049, 2049, 2049, 2051, 2051]",284.0
1290,11334,27,1,2026-07-19T13:03:52.073000+00:00,36.315,55.944,53.926,311.0,194.0,False,146.185,"[2048, 2049, 2049, 2049, 2049, 2049, 2049, 2049]","[2049, 2049, 2049, 2049, 2049, 2049, 2049, 2049, 2049, 2049, 2049, 2049]","[2049, 2049, 2049, 2049, 2049, 2049, 2051, 2051]",284.0
1290,11334,77,1,2026-07-19T13:03:52.073000+00:00,38.303,56.638,64.272,324.0,152.0,False,159.213,"[2049, 2049, 2049, 2049, 2049, 2049, 2049, 2049]","[2049, 2049, 2049, 2049, 2049, 2049, 2049, 2049, 2049, 2049, 2049, 2049]","[2049, 2049, 2049, 2049, 2049, 2049, 2064, 2064]",273.0
1290,11334,11,1,2026-07-19T13:03:52.073000+00:00,37.728,56.924,61.499,326.0,184.0,False,156.151,"[2049, 2049, 2049, 2049, 2049, 2049, 2049, 2049]","[2049, 2049, 2049, 2049, 2049, 2049, 2049, 2049, 2049, 2049, 2049, 2049]","[2049, 2049, 2049, 2049, 2049, 2049, 2064, 2064]",278.0
1290,11334,43,1,2026-07-19T13:03:52.073000+00:00,35.558,54.418,46.752,335.0,201.0,False,136.728,"[2048, 2049, 2049, 2049, 2049, 2049, 2049, 2049]","[2049, 2049, 2049, 2049, 2049, 2049, 2049, 2049, 2049, 2049, 2049, 2049]","[2049, 2049, 2049, 2049, 2049, 2049, 2049, 2049]",297.0
1290,11334,55,1,2026-07-19T13:03:52.073000+00:00,37.128,57.014,55.663,323.0,191.0,False,149.805,"[2049, 2049, 2049, 2049, 2049, 2049, 2049, 2049]","[2049, 2049, 2049, 2049, 2049, 2049, 2049, 2049, 2049, 2049, 2049, 2049]","[2049, 2049, 2049, 2049, 2049, 2049, 2051, 0]",292.0
1290,11334,18,1,2026-07-19T13:03:52.073000+00:00,38.597,57.231,61.001,296.0,139.0,False,156.829,"[2049, 2049, 2049, 2049, 2049, 2049, 2049, 2049]","[2049, 2049, 2049, 2049, 2049, 2049, 2049, 2049, 2049, 2049, 2049, 2049]","[2049, 2049, 2049, 2049, 2049, 2049, 2049, 0]",274.0
1290,11334,1,1,2026-07-19T13:03:52.073000+00:00,35.663,55.081,49.3,319.0,200.0,False,140.044,"[2048, 2049, 2049, 2049, 2049, 2049, 2049, 2049]","[2049, 2049, 2049, 2049, 2049, 2049, 2049, 2049, 2049, 2049, 2049, 2049]","[2049, 2049, 2049, 2049, 2051, 2049, 2049, 2049]",290.0
1290,11334,87,1,2026-07-19T13:03:52.073000+00:00,36.14,57.067,60.936,323.0,166.0,False,154.143,"[2048, 2049, 2049, 2049, 2049, 2049, 2049, 2049]","[2049, 2049, 2049, 2049, 2049, 2049, 2049, 2049, 2049, 2049, 2049, 2049]","[2049, 2049, 2049, 2049, 2049, 2049, 2064, 2064]",282.0
1290,11334,23,1,2026-07-19T13:03:52.073000+00:00,36.084,55.736,53.711,344.0,197.0,False,145.531,"[2048, 2049, 2049, 2049, 2049, 2049, 2049, 2051]","[2049, 2049, 2049, 2049, 2049, 2049, 2049, 2049, 2049, 2049, 2049, 2049]","[2049, 2049, 2049, 2049, 2049, 2049, 2049, 0]",280.0
1290,11334,6,1,2026-07-19T13:03:52.073000+00:00,37.673,56.074,60.868,335.0,184.0,False,154.615,"[2049, 2049, 2049, 2049, 2049, 2049, 2049, 2049]","[2049, 2049, 2049, 2049, 2049, 2049, 2049, 2049, 2049, 2049, 2049, 2049]","[2049, 2049, 2049, 2049, 2049, 2049, 2064, 2064]",280.0
1290,11334,14,1,2026-07-19T13:03:52.073000+00:00,38.473,56.858,60.124,327.0,164.0,False,155.455,"[2049, 2049, 2049, 2049, 2049, 2049, 2049, 2049]","[2049, 2049, 2049, 2049, 2049, 2049, 2049, 2049, 2049, 2049, 2049, 2049]","[2049, 2049, 2049, 2049, 2049, 2049, 2049, 2049]",275.0
1290,11334,31,1,2026-07-19T13:03:52.073000+00:00,36.399,65.536,62.761,333.0,,False,164.696,"[2048, 2049, 2049, 2049, 2049, 2051, 2051, 2049]","[2049, 2049, 2049, 2049, 2049, 2049, 2049, 2049, 2049, 2049, 2049, 2049]","[2049, 2049, 2049, 2049, 2049, 2049, 2064, 2064]",300.0
1290,11334,12,2,2026-07-19T13:05:54.011000+00:00,47.708,76.685,43.606,139.0,112.0,False,167.999,"[2049, 2048, 2048, 2048, 2048, 2048, 2048, 2048]","[2048, 2048, 2048, 2048, 2048, 2048, 2048, 2048, 2048, 2048, 2048, 2048]","[2048, 2048, 2048, 2049, 2049, 2048, 2048, 2048]",186.0
1290,11334,16,2,2026-07-19T13:05:56.226000+00:00,46.114,77.706,43.317,174.0,119.0,False,167.137,"[2051, 2048, 2048, 2048, 2048, 2048, 2048, 2048]","[2048, 2048, 2048, 2048, 2048, 2048, 2048, 2048, 2048, 2048, 2048, 2048]","[2048, 2048, 2048, 2049, 2049, 2048, 2048, 2048]",165.0
1290,11334,3,2,2026-07-19T13:05:57.837000+00:00,45.495,78.753,42.436,185.0,67.0,False,166.684,"[2049, 2048, 2048, 2048, 2048, 2048, 2048, 2048]","[2048, 2048, 2048, 2048, 2048, 2048, 2048, 2048, 2048, 2048, 2048, 2048]","[2048, 2048, 2048, 2049, 2049, 2048, 2048, 2049]",240.0
1290,11334,81,2,2026-07-19T13:06:01.338000+00:00,43.922,77.305,44.013,197.0,64.0,False,165.24,"[2049, 2048, 2048, 2048, 2048, 2048, 2048, 2049]","[2049, 2048, 2048, 2048, 2048, 2048, 2048, 2048, 2048, 2048, 2048, 2048]","[2048, 2048, 2049, 2049, 2049, 2048, 2048, 2049]",245.0
1290,11334,44,2,2026-07-19T13:06:03.176000+00:00,42.961,77.208,44.802,182.0,64.0,False,164.971,"[2049, 2048, 2048, 2048, 2048, 2048, 2048, 2048]","[2048, 2048, 2048, 2048, 2048, 2048, 2048, 2048, 2048, 2048, 2048, 2048]","[2048, 2048, 2049, 2049, 2049, 2048, 2048, 2048]",267.0
1290,11334,30,2,2026-07-19T13:06:05.399000+00:00,42.67,76.101,45.336,167.0,66.0,False,164.107,"[2049, 2048, 2048, 2048, 2048, 2048, 2048, 2048]","[2048, 2048, 2048, 2048, 2048, 2048, 2048, 2048, 2048, 2048, 2048, 2048]","[2048, 2048, 2049, 2049, 2049, 2048, 2048, 2048]",273.0
1290,11334,41,2,2026-07-19T13:06:07.523000+00:00,41.647,75.688,45.907,164.0,84.0,False,163.242,"[2049, 2048, 2048, 2048, 2048, 2048, 2048, 2048]","[2048, 2048, 2048, 2048, 2048, 2048, 2048, 2048, 2048, 2048, 2048, 2048]","[2048, 2048, 2049, 2049, 2049, 2048, 2048]",268.0
1290,11334,43,2,2026-07-19T13:06:08.800000+00:00,41.284,75.72,45.683,174.0,100.0,False,162.687,"[2049, 2048, 2048, 2048, 2048, 2048, 2048, 2048]","[2048, 2048, 2048, 2048, 2048, 2048, 2048, 2048, 2048, 2048, 2048, 2048]","[2048, 2049, 2049, 2049, 2049, 2048, 2048]",252.0
1290,11334,5,2,2026-07-19T13:06:10.654000+00:00,40.65,76.536,45.164,181.0,79.0,False,162.35,"[2049, 2049, 2048, 2048, 2048, 2048, 2048, 2048]","[2048, 2048, 2048, 2048, 2048, 2048, 2048, 2048, 2048, 2048, 2048, 2048]","[2048, 2049, 2049, 2049, 2049, 2048, 2048]",243.0
1290,11334,1,2,2026-07-19T13:06:12.116000+00:00,41.849,74.702,46.687,183.0,81.0,False,163.238,"[2049, 2048, 2048, 2048, 2048, 2048, 2048, 2048]","[2048, 2048, 2048, 2049, 2049, 2049, 2048, 2048, 2048, 2048, 2048, 2048]","[2048, 2049, 2049, 2051, 2051, 2048, 2048, 2048]",237.0
1290,11334,10,2,2026-07-19T13:06:15.787000+00:00,40.545,73.436,47.462,245.0,95.0,False,161.443,"[2049, 2048, 2048, 2048, 2048, 2048, 2048, 2048]","[2048, 2048, 2048, 2048, 2048, 2048, 2048, 2048, 2048, 2048, 2048, 2048]","[2048, 2049, 2049, 2049, 2049, 2048, 2048]",237.0
1290,11334,23,2,2026-07-19T13:06:17.603000+00:00,40.002,73.402,47.662,229.0,112.0,False,161.066,"[2049, 2048, 2048, 2048, 2048, 2048, 2048, 2048]","[2048, 2048, 2048, 2048, 2048, 2048, 2048, 2048, 2048, 2048, 2048, 2048]","[2048, 2049, 2049, 2049, 2049, 2049, 2048, 2048]",259.0
1290,11334,27,2,2026-07-19T13:06:18.257000+00:00,40.788,73.569,47.439,213.0,87.0,False,161.796,"[2049, 2048, 2048, 2048, 2048, 2048, 2048, 2048]","[2048, 2048, 2048, 2048, 2048, 2048, 2048, 2048, 2049, 2048, 2048, 2048]","[2048, 2049, 2049, 2049, 2049, 2048, 2048, 2048]",232.0
1290,11334,55,2,2026-07-19T13:06:21.877000+00:00,38.559,73.24,48.021,261.0,115.0,False,159.82,"[None, 2048, 2048, 2048, 2048, 2048, 2048, 2048]","[2048, 2048, 2048, 2048, 2048, 2048, 2048, 2048, 2048, 2048, 2048, 2048]","[2048, 2049, 2049, 2049, 2049, 2049, 2048, 2048]",260.0
1290,11334,87,2,2026-07-19T13:06:26.215000+00:00,52.323,60.584,47.484,244.0,123.0,True,160.391,"[2064, 2064, 2048, 2048, 2048, 2048, 2048, 2048]","[2048, 2048, 2048, 2048, 2048, 2049, 2049, 2049, 2049, 2049, 2049, 2048]","[2048, 2049, 2049, 2049, 2049, 2051, 2049, 2049]",264.0
1290,11334,6,2,2026-07-19T13:06:26.687000+00:00,49.495,61.684,49.344,263.0,103.0,True,160.523,"[2064, 2064, 2048, 2048, 2049, 2048, 2048, 2048]","[2048, 2048, 2048, 2048, 2049, 2049, 2048, 2049, 2048, 2049, 2049, 2048]","[2048, 2049, 2049, 2049, 2049, 2049, 2064, 2064]",263.0
1290,11334,14,2,2026-07-19T13:06:27.527000+00:00,35.842,71.894,47.881,249.0,101.0,False,155.617,"[None, 2049, 2048, 2048, 2048, 2048, 2048, 2048]","[2048, 2048, 2048, 2048, 2048, 2048, 2048, 2048, 2048, 2048, 2048, 2048]","[2048, 2049, 2049, 2049, 2049, 2049, 2048, 2048]",265.0
1290,11334,11,2,2026-07-19T13:06:28.223000+00:00,52.713,60.164,46.855,297.0,113.0,True,159.732,"[2064, 2064, 2048, 2048, 2048, 2048, 2048, 2048]","[2048, 2048, 2048, 2049, 2048, 2048, 2048, 2049, 2048, 2049, 2049, 2048]","[2048, 2049, 2049, 2049, 2049, 2049, 2049, 2049]",229.0
1290,11334,18,2,2026-07-19T13:06:28.901000+00:00,36.306,71.217,49.002,246.0,115.0,False,156.525,"[None, 2049, 2048, 2048, 2049, 2048, 2048, 2048]","[2048, 2048, 2048, 2048, 2048, 2048, 2048, 2048, 2048, 2049, 2048, 2048]","[2048, 2049, 2049, 2049, 2049, 2049, 2048, 2048]",266.0
1290,11334,77,2,2026-07-19T13:06:31.285000+00:00,56.103,61.143,40.573,224.0,163.0,True,157.819,"[2064, 2064, 2048, 2048, 2048, 2048, 2048, 2048]","[2048, 2048, 2048, 2049, 2048, 2049, 2048, 2048, 2048, 2049, 2048, 2048]","[2049, 2049, 2049, 2049, 2049, 2049, 2049, 2049]",245.0
1290,11334,31,2,2026-07-19T13:06:36.768000+00:00,58.486,57.539,37.133,290.0,182.0,True,153.158,"[2064, 2064, 2048, 2048, 2048, 2048, 2048, 2048]","[2048, 2048, 2048, 2049, 2049, 2049, 2049, 2048, 2048, 2049, 2049, 2049]","[2049, 2049, 2049, 2049, 2049, 2049, 2049, 2049]",258.0
1290,11334,12,3,2026-07-19T13:08:41.969000+00:00,43.661,73.591,43.349,164.0,98.0,False,160.601,"[2048, 2048, 2048, 2048, 2048, 2048, 2048, 2048]","[2048, 2048, 2048, 2048, 2048, 2048, 2048, 2048, 2048, 2048, 2048, 2048]","[2048, 2048, 2048, 2048, 2048, 2048, 2048, 2048]",176.0
1290,11334,16,3,2026-07-19T13:08:43.229000+00:00,42.937,73.907,43.715,143.0,110.0,False,160.559,"[2048, 2048, 2048, 2048, 2048, 2048, 2048, 2048]","[2048, 2048, 2048, 2048, 2048, 2048, 2048, 2048, 2048, 2048, 2048, 2048]","[2048, 2048, 2048, 2048, 2049, 2048, 2049, 2049]",161.0
1290,11334,3,3,2026-07-19T13:08:44.448000+00:00,43.061,73.679,43.737,203.0,147.0,False,160.477,"[None, 2048, 2048, 2048, 2048, 2048, 2048, 2048]","[2048, 2048, 2048, 2048, 2048, 2048, 2048, 2048, 2048, 2048, 2048, 2048]","[2048, 2048, 2048, 2048, 2049, 2048, 2049, 2048]",
1290,11334,81,3,2026-07-19T13:08:46.593000+00:00,43.026,73.014,44.399,209.0,122.0,False,160.439,"[None, 2048, 2048, 2048, 2048, 2048, 2048, 2049]","[2049, 2048, 2048, 2048, 2048, 2048, 2048, 2048, 2048, 2048, 2048, 2048]","[2048, 2048, 2049, 2048, 2048, 2048, 2048, 2048]",246.0
1290,11334,44,3,2026-07-19T13:08:48.212000+00:00,42.071,73.258,44.291,195.0,117.0,False,159.62,"[2048, 2048, 2048, 2048, 2048, 2048, 2048, 2048]","[2048, 2048, 2048, 2048, 2048, 2048, 2048, 2048, 2048, 2048, 2048, 2048]","[2048, 2048, 2049, 2048, 2048, 2048, 2048, 2048]",233.0
1290,11334,30,3,2026-07-19T13:08:49.660000+00:00,42.112,72.757,44.776,182.0,127.0,False,159.645,"[None, 2048, 2048, 2048, 2048, 2048, 2048, 2048]","[2048, 2048, 2048, 2048, 2048, 2048, 2048, 2048, 2048, 2048, 2048, 2048]","[2048, 2048, 2049, 2051, 2048, 2048, 2048, 2048]",293.0
1290,11334,41,3,2026-07-19T13:08:50.682000+00:00,41.491,72.851,44.921,178.0,140.0,False,159.263,"[2048, 2048, 2048, 2048, 2048, 2048, 2048, 2048]","[2048, 2048, 2048, 2048, 2048, 2048, 2048, 2048, 2048, 2048, 2048, 2048]","[2048, 2048, 2049, 2049, 2048, 2048, 2048, 2048]",291.0
1290,11334,43,3,2026-07-19T13:08:51.297000+00:00,41.529,73.022,45.076,147.0,169.0,False,159.627,"[2048, 2048, 2048, 2048, 2048, 2048, 2048, 2048]","[2048, 2048, 2048, 2048, 2048, 2048, 2048, 2048, 2048, 2048, 2048, 2048]","[2048, 2048, 2049, 2048, 2048, 2048, 2048, 2048]",265.0
1290,11334,5,3,2026-07-19T13:08:52.795000+00:00,41.017,73.278,44.497,169.0,176.0,False,158.792,"[None, 2048, 2048, 2048, 2048, 2048, 2048, 2048]","[2048, 2048, 2048, 2048, 2048, 2048, 2048, 2048, 2048, 2048, 2048, 2048]","[2048, 2048, 2049, 2049, 2048, 2048, 2048, 2048]",255.0
1290,11334,1,3,2026-07-19T13:08:55.414000+00:00,39.812,74.837,42.619,157.0,138.0,False,157.268,"[2048, 2048, 2048, 2048, 2048, 2048, 2048, 2048]","[2048, 2048, 2048, 2048, 2048, 2048, 2048, 2049, 2048, 2048, 2048, 2048]","[2048, 2048, 2048, 2048, 2048, 2048, 2049, 2048]",265.0
1290,11334,10,3,2026-07-19T13:08:57.115000+00:00,39.45,74.579,43.413,233.0,131.0,False,157.442,"[2048, 2048, 2048, 2048, 2048, 2048, 2048, 2048]","[2048, 2048, 2048, 2048, 2048, 2048, 2048, 2049, 2048, 2048, 2048, 2048]","[2048, 2048, 2048, 2048, 2048, 2048, 2048, 2048]",262.0
1290,11334,23,3,2026-07-19T13:08:58.760000+00:00,39.961,74.23,43.993,252.0,136.0,False,158.184,"[2048, 2048, 2048, 2048, 2048, 2048, 2048, 2048]","[2048, 2048, 2048, 2048, 2048, 2048, 2048, 2049, 2048, 2048, 2048, 2048]","[2048, 2048, 2048, 2049, 2048, 2048, 2049, 2048]",
1290,11334,27,3,2026-07-19T13:09:00.133000+00:00,40.033,73.85,43.547,250.0,165.0,False,157.43,"[2048, 2049, 2048, 2048, 2048, 2048, 2048, 2048]","[2048, 2048, 2048, 2048, 2048, 2048, 2048, 2049, 2048, 2048, 2048, 2048]","[2048, 2048, 2048, 2048, 2048, 2048, 2049, 2048]",268.0
1290,11334,55,3,2026-07-19T13:09:01.867000+00:00,40.419,72.594,44.452,256.0,151.0,False,157.465,"[2048, 2049, 2048, 2048, 2048, 2048, 2048, 2048]","[2048, 2048, 2048, 2048, 2049, 2048, 2048, 2049, 2048, 2048, 2048, 2048]","[2049, 2048, 2048, 2048, 2049, 2048, 2048, 2048]",259.0
1290,11334,14,3,2026-07-19T13:09:03.179000+00:00,40.293,72.34,44.764,223.0,138.0,False,157.397,"[2048, 2048, 2048, 2048, 2048, 2048, 2048, 2048]","[2048, 2048, 2048, 2048, 2048, 2048, 2048, 2048, 2048, 2048, 2048, 2048]","[2049, 2048, 2049, 2049, 2049, 2048, 2048, 2049]",267.0
1290,11334,18,3,2026-07-19T13:09:05.464000+00:00,39.362,71.948,45.296,252.0,155.0,False,156.606,"[2048, 2048, 2048, 2048, 2048, 2048, 2048, 2048]","[2048, 2048, 2048, 2048, 2048, 2048, 2048, 2048, 2048, 2048, 2048, 2048]","[2049, 2048, 2048, 2049, 2049, 2048, 2048, 2049]",260.0
1290,11334,87,3,2026-07-19T13:09:06.582000+00:00,39.798,71.374,45.246,247.0,137.0,False,156.418,"[2049, 2049, 2048, 2048, 2048, 2048, 2048, 2048]","[2048, 2048, 2048, 2048, 2048, 2049, 2048, 2048, 2048, 2048, 2048, 2048]","[2049, 2048, 2048, 2049, 2049, 2048, 2049, 2049]",266.0
1290,11334,6,3,2026-07-19T13:09:07.271000+00:00,49.255,65.704,46.845,265.0,108.0,True,161.804,"[None, 2064, 2048, 2048, 2048, 2048, 2048, 2048]","[2048, 2048, 2048, 2048, 2048, 2048, 2048, 2049, 2048, 2048, 2048, 2048]","[2049, 2048, 2048, 2049, 2049, 2048, 2049, 2049]",265.0
1290,11334,11,3,2026-07-19T13:09:07.940000+00:00,38.892,71.916,45.472,239.0,147.0,False,156.28,"[2048, 2049, 2048, 2048, 2048, 2048, 2048, 2048]","[2048, 2048, 2048, 2048, 2048, 2049, 2048, 2048, 2048, 2048, 2048, 2048]","[2049, 2048, 2049, 2049, 2049, 2048, 2049, 2049]",252.0
1290,11334,77,3,2026-07-19T13:09:09.204000+00:00,38.949,72.213,46.283,233.0,121.0,False,157.445,"[2048, 2049, 2048, 2048, 2048, 2048, 2048, 2048]","[2048, 2048, 2048, 2048, 2049, 2048, 2048, 2048, 2048, 2048, 2048, 2048]","[2048, 2048, 2049, 2049, 2049, 2048, 2048, 2049]",231.0
1290,11334,31,3,2026-07-19T13:09:10.139000+00:00,39.585,71.688,46.251,224.0,103.0,False,157.524,"[2049, 2049, 2048, 2048, 2048, 2048, 2048, 2048]","[2048, 2048, 2048, 2048, 2048, 2049, 2048, 2048, 2048, 2048, 2048, 2048]","[2048, 2048, 2048, 2049, 2049, 2048, 2048]",250.0
1290,11334,12,4,2026-07-19T13:11:22.560000+00:00,42.001,72.223,49.265,258.0,133.0,False,163.489,"[None, 2048, 2048, 2048, 2048, 2048, 2048, 2048]","[2048, 2048, 2048, 2048, 2048, 2048, 2048, 2048, 2048, 2048, 2048, 2048]","[2048, 2048, 2048, 2049, 2049, 2051, 2051, 2051]",175.0
1290,11334,16,4,2026-07-19T13:11:23.960000+00:00,41.71,72.198,49.218,253.0,137.0,False,163.126,"[None, 2048, 2048, 2048, 2048, 2048, 2048, 2048]","[2048, 2048, 2048, 2048, 2048, 2048, 2048, 2048, 2048, 2048, 2048, 2048]","[2048, 2048, 2048, 2049, 2049, 2049, 2049, 2049]",261.0
1290,11334,3,4,2026-07-19T13:11:25.069000+00:00,41.711,72.078,49.115,247.0,142.0,False,162.904,"[None, 2048, 2048, 2048, 2048, 2048, 2048, 2048]","[2048, 2048, 2048, 2048, 2048, 2048, 2048, 2048, 2048, 2048, 2048, 2048]","[2048, 2048, 2048, 2049, 2049, 2049, 2049]",269.0
1290,11334,81,4,2026-07-19T13:11:27.121000+00:00,41.406,71.177,48.765,261.0,123.0,False,161.348,"[2048, 2048, 2048, 2048, 2048, 2048, 2048, 2049]","[2049, 2048, 2048, 2048, 2048, 2048, 2048, 2048, 2048, 2048, 2048, 2048]","[2048, 2048, 2048, 2048, 2048, 2049, 2049, 2051]",238.0
1290,11334,44,4,2026-07-19T13:11:27.805000+00:00,41.704,71.214,48.077,218.0,107.0,False,160.995,"[None, 2048, 2048, 2048, 2048, 2048, 2048, 2048]","[2048, 2049, 2048, 2048, 2048, 2048, 2048, 2048, 2048, 2048, 2048, 2048]","[2048, 2048, 2048, 2049, 2049, 2048, 2051, 2051]",264.0
1290,11334,30,4,2026-07-19T13:11:29.253000+00:00,42.185,70.189,47.816,269.0,107.0,False,160.19,"[2048, 2048, 2048, 2048, 2048, 2048, 2048, 2048]","[2048, 2049, 2048, 2048, 2048, 2048, 2048, 2048, 2048, 2048, 2048, 2048]","[2048, 2048, 2048, 2049, 2049, 2048, 2049, 2049]",236.0
1290,11334,41,4,2026-07-19T13:11:30.191000+00:00,42.453,69.937,47.354,267.0,110.0,False,159.744,"[None, 2048, 2048, 2048, 2048, 2048, 2048, 2048]","[2048, 2049, 2048, 2048, 2048, 2048, 2048, 2048, 2048, 2048, 2048, 2048]","[2048, 2048, 2048, 2051, 2049, 2049, 2049, 2049]",284.0
1290,11334,43,4,2026-07-19T13:11:31.160000+00:00,41.956,70.098,47.129,259.0,93.0,False,159.183,"[None, 2048, 2048, 2048, 2048, 2048, 2048, 2048]","[2048, 2049, 2048, 2048, 2048, 2048, 2048, 2048, 2048, 2048, 2048, 2048]","[2048, 2048, 2048, 2049, 2049, 2048, 2049, 2049]",258.0
1290,11334,5,4,2026-07-19T13:11:31.710000+00:00,42.043,70.234,46.581,182.0,118.0,False,158.858,"[2048, 2049, 2048, 2048, 2048, 2048, 2048, 2048]","[2048, 2049, 2048, 2048, 2048, 2048, 2048, 2048, 2048, 2048, 2048, 2048]","[2048, 2048, 2048, 2049, 2049, 2049, 2049, 2049]",245.0
1290,11334,1,4,2026-07-19T13:11:32.692000+00:00,44.011,67.867,46.299,258.0,137.0,False,158.177,"[None, 2048, 2048, 2048, 2048, 2048, 2048, 2048]","[2048, 2049, 2048, 2048, 2048, 2048, 2048, 2048, 2048, 2048, 2048, 2048]","[2048, 2048, 2048, 2049, 2049, 2048, 2049, 2049]",252.0
1290,11334,10,4,2026-07-19T13:11:34.760000+00:00,44.135,66.936,45.534,262.0,139.0,False,156.605,"[None, 2048, 2048, 2048, 2048, 2048, 2048, 2048]","[2048, 2049, 2048, 2048, 2048, 2048, 2048, 2048, 2048, 2048, 2048, 2048]","[2048, 2048, 2048, 2049, 2051, 2048, 2049, 2049]",254.0
1290,11334,23,4,2026-07-19T13:11:37.044000+00:00,43.593,65.994,45.384,257.0,141.0,False,154.971,"[None, 2048, 2048, 2048, 2048, 2048, 2048, 2048]","[2048, 2049, 2048, 2048, 2048, 2049, 2048, 2048, 2048, 2048, 2048, 2048]","[2048, 2048, 2048, 2048, 2048, 2049, 2049, 2049]",254.0
1290,11334,27,4,2026-07-19T13:11:37.560000+00:00,44.077,66.656,44.229,249.0,161.0,False,154.962,"[None, 2048, 2048, 2048, 2048, 2048, 2048, 2048]","[2048, 2049, 2048, 2048, 2048, 2049, 2048, 2048, 2048, 2048, 2048, 2048]","[2048, 2048, 2048, 2048, 2048, 2049, 2049, 2049]",265.0
1290,11334,55,4,2026-07-19T13:11:39.342000+00:00,43.668,66.263,43.437,259.0,145.0,False,153.368,"[None, 2048, 2048, 2048, 2048, 2048, 2048, 2048]","[2048, 2049, 2048, 2048, 2048, 2048, 2048, 2048, 2048, 2049, 2048, 2048]","[2048, 2048, 2049, 2049, 2048, 2048, 2049, 2049]",246.0
1290,11334,14,4,2026-07-19T13:11:40.582000+00:00,43.443,68.177,41.882,255.0,137.0,False,153.502,"[None, 2048, 2048, 2048, 2048, 2048, 2048, 2048]","[2048, 2048, 2048, 2048, 2048, 2048, 2048, 2048, 2048, 2048, 2048, 2048]","[2049, 2048, 2049, 2049, 2049, 2049, 2049, 2049]",253.0
1290,11334,18,4,2026-07-19T13:11:42.160000+00:00,43.833,66.803,41.913,265.0,156.0,False,152.549,"[None, 2048, 2048, 2048, 2048, 2048, 2048, 2048]","[2048, 2048, 2049, 2048, 2048, 2048, 2048, 2048, 2048, 2048, 2048, 2049]","[2049, 2048, 2048, 2049, 2049, 2049, 2049, 2049]",266.0
1290,11334,87,4,2026-07-19T13:11:43.042000+00:00,44.636,65.663,41.837,251.0,164.0,False,152.136,"[None, 2048, 2048, 2048, 2049, 2048, 2048, 2048]","[2048, 2049, 2049, 2048, 2048, 2048, 2048, 2048, 2048, 2048, 2048, 2048]","[2048, 2048, 2049, 2049, 2049, 2048, 2049, 2049]",274.0
1290,11334,11,4,2026-07-19T13:11:44.135000+00:00,43.82,66.485,41.031,245.0,156.0,False,151.336,"[2049, 2048, 2048, 2048, 2049, 2048, 2048, 2048]","[2048, 2049, 2049, 2048, 2048, 2048, 2048, 2048, 2048, 2048, 2048, 2048]","[2049, 2048, 2048, 2049, 2049, 2049, 2049, 2049]",264.0
1290,11334,77,4,2026-07-19T13:11:46.625000+00:00,44.09,65.251,40.347,246.0,174.0,False,149.688,"[2049, 2048, 2048, 2048, 2049, 2048, 2048, 2048]","[2048, 2049, 2048, 2048, 2048, 2048, 2048, 2048, 2048, 2048, 2048, 2048]","[2048, 2048, 2049, 2048, 2049, 2049, 2049, 2049]",277.0
1290,11334,31,4,2026-07-19T13:11:47.418000+00:00,43.928,65.344,40.019,258.0,187.0,False,149.291,"[None, 2048, 2048, 2048, 2048, 2048, 2048, 2048]","[2048, 2049, 2048, 2048, 2048, 2048, 2048, 2048, 2048, 2048, 2048, 2048]","[2048, 2048, 2049, 2048, 2049, 2049, 2049, 2049]",273.0
1290,11334,6,4,2026-07-19T13:11:49.091000+00:00,44.687,63.973,39.463,263.0,166.0,False,148.123,"[2049, 2048, 2048, 2048, 2048, 2048, 2048, 2048]","[2048, 2049, 2049, 2048, 2048, 2048, 2048, 2048, 2048, 2048, 2048, 2048]","[2049, 2048, 2049, 2049, 2049, 2048, 2049, 2049]",245.0
1290,11334,12,5,2026-07-19T13:14:06.163000+00:00,31.74,49.916,29.982,304.0,205.0,False,111.638,"[2049, 2049, 2049, 2049, 2049, 2049, 2048, 2048]","[2048, 2049, 2048, 2049, 2051, 2049, 2048, 2048, 2048, 2048, 2048, 2048]","[2048, 2049, 2048, 2049, 2048, 2051, 2048, 2049]",293.0
1290,11334,16,5,2026-07-19T13:14:07.072000+00:00,32.023,49.845,29.806,306.0,203.0,False,111.674,"[2049, 2051, 2049, 2049, 2048, 2048, 2048, 2048]","[2051, 2051, 2049, 2051, 2049, 2051, 2048, 2048, 2048, 2048, 2048, 2049]","[2049, 2049, 2048, 2049, 2049, 2049, 2048, 2048]",285.0
1290,11334,3,5,2026-07-19T13:14:07.893000+00:00,31.396,50.173,29.732,317.0,200.0,False,111.301,"[None, 2049, 2048, 2048, 2048, 2049, 2049, 2049]","[2049, 2049, 2049, 2049, 2049, 2048, 2048, 2048, 2048, 2049, 2049, 2049]","[2049, 2049, 2049, 2049, 2049, 2049, 2049, 2049]",288.0
1290,11334,81,5,2026-07-19T13:14:08.634000+00:00,31.072,50.798,29.463,327.0,203.0,False,111.333,"[2049, 2049, 2051, 2049, 2049, 2048, 2048, 2049]","[2049, 2049, 2049, 2049, 2048, 2049, 2049, 2048, 2048, 2048, 2048, 2049]","[2051, 2051, 2049, 2049, 2049, 2049, 2048, 2048]",302.0
1290,11334,44,5,2026-07-19T13:14:08.766000+00:00,31.787,50.624,29.545,313.0,204.0,False,111.956,"[2051, 2049, 2048, 2049, 2049, 2048, 2048, 2048]","[2049, 2049, 2049, 2049, 2049, 2049, 2049, 2049, 2049, 2049, 2048, 2049]","[2048, 2049, 2049, 2049, 2049, 2049, 2048, 2048]",288.0
1290,11334,30,5,2026-07-19T13:14:09.391000+00:00,31.401,51.274,29.744,327.0,206.0,False,112.419,"[2049, 2049, 2049, 2049, 2049, 2049, 2049, 2048]","[2048, 2049, 2049, 2049, 2049, 2049, 2049, 2049, 2049, 2049, 2049, 2049]","[2049, 2049, 2049, 2049, 2049, 2049, 2048, 2048]",300.0
1290,11334,41,5,2026-07-19T13:14:09.894000+00:00,31.167,51.713,29.861,329.0,202.0,False,112.741,"[2049, 2049, 2049, 2051, 2049, 2048, 2049, 2049]","[2048, 2049, 2049, 2049, 2049, 2049, 2049, 2049, 2049, 2049, 2049, 2049]","[2049, 2049, 2049, 2049, 2049, 2049, 2048, 2048]",302.0
1290,11334,43,5,2026-07-19T13:14:10.364000+00:00,30.983,52.134,30.018,328.0,204.0,False,113.135,"[2049, 2049, 2049, 2049, 2049, 2049, 2049, 2049]","[2048, 2049, 2049, 2049, 2048, 2049, 2049, 2049, 2049, 2049, 2049, 2049]","[2049, 2049, 2049, 2049, 2049, 2049, 2049, 2048]",305.0
1290,11334,5,5,2026-07-19T13:14:10.584000+00:00,31.243,51.936,30.67,335.0,197.0,False,113.849,"[2049, 2049, 2049, 2049, 2049, 2049, 2048, 2048]","[2049, 2049, 2049, 2049, 2048, 2049, 2049, 2049, 2049, 2049, 2049, 2049]","[2049, 2049, 2049, 2049, 2049, 2049, 2048, 2048]",298.0
1290,11334,1,5,2026-07-19T13:14:11.015000+00:00,31.008,52.469,29.57,322.0,203.0,False,113.047,"[2049, 2049, 2049, 2049, 2051, 2051, 2048, 2048]","[2048, 2048, 2049, 2049, 2048, 2049, 2049, 2049, 2049, 2049, 2049, 2049]","[2049, 2049, 2049, 2051, 2051, 2049, 2048, 2048]",310.0
1290,11334,10,5,2026-07-19T13:14:11.304000+00:00,31.031,52.572,29.829,332.0,203.0,False,113.432,"[2049, 2049, 2049, 2049, 2049, 2049, 2048, 2048]","[2049, 2048, 2049, 2049, 2049, 2049, 2049, 2049, 2049, 2049, 2049, 2049]","[2049, 2049, 2049, 2049, 2048, 2049, 2048, 2048]",304.0
1290,11334,23,5,2026-07-19T13:14:12.061000+00:00,31.231,52.261,29.994,330.0,199.0,False,113.486,"[2049, 2049, 2049, 2049, 2049, 2049, 2048, 2048]","[2049, 2049, 2049, 2049, 2048, 2049, 2049, 2049, 2049, 2049, 2049, 2049]","[2049, 2049, 2049, 2049, 2049, 2049, 2048, 2049]",302.0
1290,11334,27,5,2026-07-19T13:14:12.473000+00:00,31.116,52.365,30.184,336.0,198.0,False,113.665,"[2049, 2049, 2049, 2049, 2049, 2049, 2048, 2048]","[2049, 2049, 2049, 2049, 2048, 2049, 2049, 2049, 2049, 2048, 2048, 2049]","[2049, 2049, 2049, 2049, 2049, 2049, 2049, 2048]",300.0
1290,11334,55,5,2026-07-19T13:14:12.766000+00:00,31.044,52.896,30.038,320.0,200.0,False,113.978,"[2049, 2049, 2049, 2048, 2049, 2049, 2048, 2048]","[2048, 2049, 2049, 2049, 2048, 2049, 2049, 2049, 2049, 2049, 2049, 2049]","[2049, 2049, 2049, 2049, 2049, 2049, 2048, 2048]",308.0
1290,11334,14,5,2026-07-19T13:14:14.121000+00:00,33.166,54.361,30.799,303.0,194.0,False,118.326,"[2049, 2049, 2048, 2049, 2049, 2048, 2048, 2048]","[2049, 2049, 2049, 2049, 2049, 2049, 2049, 2049, 2049, 2049, 2049, 2049]","[2049, 2049, 2049, 2049, 2049, 2048, 2048, 2049]",285.0
1290,11334,18,5,2026-07-19T13:14:14.804000+00:00,32.484,53.255,31.188,314.0,195.0,False,116.927,"[2049, 2048, 2048, 2049, 2049, 2049, 2048, 2048]","[2049, 2049, 2048, 2049, 2049, 2049, 2048, 2049, 2049, 2049, 2049, 2049]","[2049, 2049, 2049, 2048, 2048, 2049, 2049, 2049]",294.0
1290,11334,87,5,2026-07-19T13:14:15.161000+00:00,31.622,51.328,29.961,319.0,195.0,False,112.911,"[None, 2049, 2048, 2048, 2049, 2049, 2048, 2048]","[2049, 2049, 2049, 2049, 2049, 2049, 2049, 2049, 2049, 2049, 2049, 2049]","[2049, 2049, 2049, 2049, 2049, 2049, 2049, 2048]",296.0
1290,11334,11,5,2026-07-19T13:14:15.625000+00:00,32.344,54.1,30.632,312.0,194.0,False,117.076,"[None, 2049, 2049, 2048, 2049, 2048, 2048, 2048]","[2049, 2049, 2049, 2049, 2049, 2049, 2049, 2048, 2048, 2049, 2048, 2049]","[2049, 2049, 2049, 2049, 2049, 2049, 2048, 2048]",288.0
1290,11334,77,5,2026-07-19T13:14:16.356000+00:00,31.701,54.296,30.854,316.0,192.0,False,116.851,"[None, 2049, 2048, 2049, 2049, 2049, 2048, 2049]","[2048, 2049, 2049, 2049, 2048, 2049, 2049, 2049, 2049, 2049, 2049, 2049]","[2049, 2049, 2049, 2049, 2049, 2048, 2049, 2048]",296.0
1290,11334,31,5,2026-07-19T13:14:16.887000+00:00,31.933,53.844,30.109,325.0,196.0,False,115.886,"[None, 2049, 2048, 2048, 2049, 2048, 2048, 2048]","[2049, 2048, 2049, 2048, 2049, 2049, 2049, 2049, 2048, 2048, 2048, 2049]","[2049, 2049, 2051, 2049, 2049, 2049, 2048, 2048]",299.0
1290,11334,6,5,2026-07-19T13:14:17.317000+00:00,30.819,53.0,29.977,335.0,187.0,False,113.796,"[None, 2049, 2049, 2049, 2049, 2049, 2049, 2049]","[2048, 2048, 2049, 2049, 2049, 2049, 2049, 2049, 2049, 2049, 2049, 2049]","[2049, 2049, 2049, 2049, 2049, 2049, 2048, 2048]",300.0
1290,11334,12,6,2026-07-19T13:15:57.768000+00:00,31.424,49.856,30.035,306.0,205.0,False,111.315,"[None, 2051, 2049, 2049, 2049, 2049, 2048, 2048]","[2049, 2049, 2048, 2049, 2048, 2051, 2048, 2048, 2048, 2048, 2048, 2048]","[2048, 2049, 2049, 2049, 2048, 2048, 2048, 2049]",296.0
1290,11334,16,6,2026-07-19T13:15:58.793000+00:00,31.713,50.403,29.864,308.0,208.0,False,111.98,"[2048, 2049, 2049, 2049, 2049, 2048, 2048, 2048]","[2048, 2048, 2048, 2048, 2048, 2048, 2048, 2048, 2048, 2051, 2048, 2049]","[2048, 2048, 2048, 2048, 2048, 2051, 2048, 2048]",297.0
1290,11334,3,6,2026-07-19T13:15:59.298000+00:00,31.078,49.712,29.797,320.0,198.0,False,110.587,"[None, 2049, 2048, 2049, 2049, 2049, 2049, 2049]","[2051, 2048, 2049, 2049, 2049, 2049, 2049, 2048, 2048, 2049, 2048, 2049]","[2049, 2048, 2048, 2048, 2048, 2049, 2048, 2048]",293.0
1290,11334,81,6,2026-07-19T13:15:59.956000+00:00,31.328,50.354,29.749,319.0,205.0,False,111.431,"[2048, 2049, 2048, 2049, 2049, 2048, 2048, 2048]","[2049, 2051, 2048, 2049, 2049, 2049, 2049, 2049, 2049, 2048, 2048, 2048]","[2048, 2048, 2048, 2048, 2048, 2049, 2048, 2048]",301.0
1290,11334,44,6,2026-07-19T13:16:00.762000+00:00,31.179,50.39,29.688,326.0,203.0,False,111.257,"[2048, 2049, 2049, 2049, 2049, 2049, 2048, 2048]","[2049, 2049, 2049, 2048, 2049, 2049, 2048, 2049, 2049, 2049, 2048, 2049]","[2048, 2048, 2048, 2048, 2048, 2048, 2048, 2048]",302.0
1290,11334,30,6,2026-07-19T13:16:01.859000+00:00,31.295,50.925,29.805,318.0,206.0,False,112.025,"[None, 2049, 2049, 2049, 2049, 2049, 2048, 2048]","[2048, 2049, 2049, 2049, 2049, 2049, 2049, 2049, 2048, 2049, 2048, 2049]","[2049, 2049, 2049, 2049, 2048, 2048, 2048, 2048]",
1290,11334,41,6,2026-07-19T13:16:02.605000+00:00,31.367,50.996,29.846,315.0,205.0,False,112.209,"[2048, 2049, 2048, 2048, 2049, 2049, 2048, 2048]","[2049, 2049, 2049, 2049, 2049, 2049, 2049, 2048, 2049, 2049, 2048, 2049]","[2048, 2048, 2048, 2048, 2048, 2049, 2048, 2048]",305.0
1290,11334,43,6,2026-07-19T13:16:03.408000+00:00,31.664,51.068,29.794,320.0,204.0,False,112.526,"[2048, 2049, 2048, 2048, 2048, 2048, 2048, 2048]","[2049, 2049, 2049, 2049, 2049, 2049, 2049, 2049, 2048, 2049, 2048, 2049]","[2051, 2049, 2049, 2048, 2048, 2049, 2049, 2048]",298.0
1290,11334,1,6,2026-07-19T13:16:03.855000+00:00,31.363,51.464,29.845,311.0,204.0,False,112.672,"[2048, 2049, 2048, 2048, 2048, 2048, 2048, 2048]","[2049, 2048, 2048, 2049, 2048, 2049, 2049, 2049, 2049, 2049, 2048, 2049]","[2048, 2048, 2048, 2048, 2048, 2049, 2048, 2048]",302.0
1290,11334,5,6,2026-07-19T13:16:04.410000+00:00,31.416,51.421,30.073,326.0,196.0,False,112.91,"[2048, 2049, 2048, 2048, 2049, 2049, 2048, 2048]","[2049, 2049, 2048, 2049, 2048, 2049, 2049, 2049, 2049, 2049, 2048, 2048]","[2048, 2049, 2049, 2049, 2049, 2049, 2048, 2048]",309.0
1290,11334,10,6,2026-07-19T13:16:04.788000+00:00,31.179,51.976,29.762,305.0,201.0,False,112.917,"[None, 2049, 2049, 2048, 2049, 2048, 2048, 2048]","[2048, 2049, 2049, 2049, 2049, 2049, 2049, 2049, 2049, 2049, 2048, 2049]","[2049, 2049, 2049, 2049, 2049, 2048, 2048, 2048]",
1290,11334,23,6,2026-07-19T13:16:05.464000+00:00,31.12,52.177,30.079,325.0,201.0,False,113.376,"[None, 2049, 2048, 2049, 2049, 2048, 2048, 2048]","[2048, 2048, 2048, 2048, 2049, 2048, 2049, 2049, 2049, 2049, 2048, 2049]","[2048, 2048, 2048, 2048, 2048, 2049, 2048, 2048]",303.0
1290,11334,27,6,2026-07-19T13:16:06.216000+00:00,31.402,51.771,30.11,322.0,198.0,False,113.283,"[2048, 2049, 2048, 2049, 2051, 2048, 2048, 2048]","[2049, 2048, 2048, 2049, 2049, 2049, 2048, 2049, 2049, 2049, 2049, 2049]","[2048, 2048, 2048, 2049, 2048, 2049, 2048]",303.0
1290,11334,55,6,2026-07-19T13:16:06.708000+00:00,31.696,51.984,29.909,325.0,201.0,False,113.589,"[2048, 2049, 2048, 2048, 2048, 2048, 2048, 2048]","[2049, 2048, 2049, 2049, 2049, 2049, 2049, 2049, 2049, 2049, 2048, 2049]","[2049, 2048, 2048, 2048, 2048, 2049, 2048, 2048]",296.0
1290,11334,87,6,2026-07-19T13:16:07.931000+00:00,31.741,51.169,29.897,,198.0,False,112.807,"[2048, 2049, 2048, 2048, 2048, 2048, 2048, 2048]","[2049, 2048, 2049, 2049, 2048, 2049, 2049, 2049, 2049, 2049, 2048, 2049]","[2049, 2049, 2049, 2048, 2048, 2048, 2048, 2048]",294.0
1290,11334,6,6,2026-07-19T13:16:10.895000+00:00,31.802,50.015,30.047,312.0,188.0,False,111.864,"[2048, 2049, 2048, 2048, 2048, 2048, 2048, 2048]","[2049, 2049, 2049, 2051, 2049, 2049, 2049, 2049, 2049, 2049, 2049, 2049]","[2048, 2048, 2048, 2048, 2048, 2049, 2048, 2048]",290.0
1290,11334,18,6,2026-07-19T13:16:11.479000+00:00,32.567,52.03,31.955,303.0,195.0,False,116.552,"[None, 2049, 2048, 2048, 2048, 2048, 2048, 2048]","[2049, 2049, 2049, 2049, 2049, 2049, 2049, 2049, 2049, 2049, 2049, 2049]","[2049, 2048, 2048, 2048, 2048, 2048, 2049, 2049]",290.0
1290,11334,14,6,2026-07-19T13:16:12.351000+00:00,32.468,53.466,30.809,296.0,193.0,False,116.743,"[None, 2048, 2048, 2049, 2049, 2049, 2048, 2048]","[2048, 2049, 2049, 2048, 2048, 2049, 2048, 2049, 2049, 2049, 2049, 2049]","[2049, 2048, 2048, 2048, 2048, 2049, 2048, 2048]",293.0
1290,11334,31,6,2026-07-19T13:16:12.698000+00:00,31.915,52.753,30.06,324.0,198.0,False,114.728,"[2048, 2049, 2048, 2048, 2048, 2048, 2048, 2048]","[2048, 2048, 2048, 2049, 2048, 2049, 2049, 2049, 2049, 2048, 2049, 2049]","[2049, 2049, 2048, 2048, 2048, 2048, 2049, 2049]",
1290,11334,11,6,2026-07-19T13:16:12.698000+00:00,31.918,52.287,30.301,316.0,198.0,False,114.506,"[2048, 2048, 2048, 2049, 2049, 2049, 2048, 2048]","[2049, 2049, 2049, 2049, 2048, 2049, 2049, 2049, 2049, 2049, 2049, 2049]","[2049, 2048, 2049, 2048, 2049, 2049, 2048, 2048]",295.0
1290,11334,77,6,2026-07-19T13:16:13.216000+00:00,32.052,53.8,30.361,,190.0,False,116.213,"[2048, 2048, 2048, 2049, 2049, 2049, 2049, 2049]","[2048, 2049, 2048, 2049, 2048, 2048, 2048, 2048, 2048, 2049, 2049, 2049]","[2049, 2049, 2048, 2049, 2048, 2049, 2048, 2048]",298.0
1290,11334,12,7,2026-07-19T13:17:48.979000+00:00,31.459,49.581,29.917,,203.0,False,110.957,"[None, 2048, 2048, 2048, 2048, 2048, 2048, 2048]","[2048, 2051, 2048, 2049, 2048, 2051, 2048, 2048, 2048, 2048, 2048, 2048]","[2048, 2049, 2049, 2049, 2048, 2049, 2048, 2048]",295.0
1290,11334,3,7,2026-07-19T13:17:49.689000+00:00,31.476,49.951,29.701,315.0,194.0,False,111.128,"[2048, 2049, 2048, 2048, 2048, 2048, 2048, 2048]","[2048, 2049, 2048, 2048, 2048, 2048, 2048, 2048, 2048, 2049, 2048, 2048]","[2049, 2049, 2049, 2048, 2048, 2049, 2048, 2048]",289.0
1290,11334,16,7,2026-07-19T13:17:50.673000+00:00,31.46,49.938,29.72,320.0,203.0,False,111.118,"[None, 2048, 2048, 2049, 2049, 2049, 2048, 2048]","[2048, 2048, 2048, 2049, 2048, 2048, 2048, 2048, 2048, 2051, 2048, 2048]","[2048, 2048, 2049, 2049, 2049, 2048, 2048, 2048]",300.0
1290,11334,81,7,2026-07-19T13:17:51.345000+00:00,31.088,50.384,29.444,328.0,202.0,False,110.916,"[None, 2048, 2048, 2049, 2049, 2049, 2048, 2049]","[2048, 2048, 2049, 2049, 2048, 2049, 2049, 2049, 2049, 2048, 2048, 2048]","[2048, 2051, 2049, 2048, 2049, 2048, 2048, 2048]",306.0
1290,11334,44,7,2026-07-19T13:17:51.996000+00:00,30.912,50.471,29.389,333.0,203.0,False,110.772,"[None, 2048, 2048, 2049, 2049, 2049, 2049, 2049]","[2048, 2048, 2049, 2048, 2049, 2048, 2048, 2049, 2049, 2048, 2048, 2048]","[2048, 2049, 2049, 2049, 2049, 2048, 2048, 2048]",304.0
1290,11334,30,7,2026-07-19T13:17:53.780000+00:00,31.421,50.579,29.952,315.0,204.0,False,111.952,"[2048, 2049, 2048, 2048, 2048, 2048, 2048, 2048]","[2049, 2049, 2049, 2049, 2048, 2049, 2049, 2048, 2048, 2049, 2048, 2048]","[2048, 2049, 2048, 2049, 2048, 2048, 2048, 2048]",299.0
1290,11334,41,7,2026-07-19T13:17:54.832000+00:00,31.128,50.578,29.777,320.0,205.0,False,111.483,"[None, 2049, 2048, 2051, 2051, 2049, 2049, 2048]","[2049, 2049, 2049, 2049, 2049, 2049, 2049, 2049, 2049, 2049, 2048, 2048]","[2049, 2049, 2049, 2049, 2049, 2048, 2048, 2048]",312.0
1290,11334,43,7,2026-07-19T13:17:55.918000+00:00,31.387,50.739,30.291,318.0,200.0,False,112.417,"[None, 2049, 2048, 2048, 2048, 2048, 2048, 2048]","[2048, 2049, 2049, 2049, 2049, 2048, 2049, 2049, 2049, 2048, 2048, 2049]","[2048, 2049, 2049, 2049, 2048, 2048, 2048, 2048]",300.0
1290,11334,1,7,2026-07-19T13:17:56.652000+00:00,31.351,50.581,29.175,318.0,202.0,False,111.107,"[None, 2049, 2048, 2048, 2048, 2048, 2048, 2048]","[2049, 2049, 2049, 2049, 2048, 2049, 2049, 2049, 2049, 2048, 2048, 2048]","[2049, 2049, 2049, 2048, 2048, 2049, 2048, 2048]",
1290,11334,5,7,2026-07-19T13:17:57.289000+00:00,31.79,51.133,29.903,315.0,198.0,False,112.826,"[None, 2049, 2048, 2048, 2048, 2048, 2048, 2048]","[2048, 2049, 2049, 2048, 2048, 2049, 2049, 2048, 2048, 2049, 2049, 2049]","[2049, 2049, 2049, 2049, 2049, 2048, 2048, 2048]",298.0
1290,11334,10,7,2026-07-19T13:17:57.667000+00:00,31.239,50.849,29.757,324.0,201.0,False,111.845,"[2048, 2048, 2048, 2049, 2048, 2048, 2048, 2048]","[2049, 2049, 2049, 2049, 2049, 2049, 2049, 2049, 2049, 2049, 2049, 2049]","[2048, 2048, 2048, 2048, 2048, 2049, 2048, 2048]",297.0
1290,11334,23,7,2026-07-19T13:17:58.885000+00:00,31.448,51.124,29.919,323.0,199.0,False,112.491,"[2048, 2048, 2048, 2048, 2048, 2048, 2048, 2048]","[2048, 2049, 2049, 2049, 2049, 2049, 2049, 2049, 2049, 2049, 2048, 2049]","[2049, 2048, 2048, 2048, 2048, 2048, 2048, 2048]",300.0
1290,11334,27,7,2026-07-19T13:17:59.426000+00:00,31.56,51.002,29.935,318.0,197.0,False,112.497,"[None, 2049, 2048, 2048, 2048, 2048, 2048, 2048]","[2049, 2049, 2049, 2049, 2048, 2049, 2049, 2049, 2049, 2049, 2048, 2048]","[2048, 2049, 2049, 2049, 2049, 2048, 2048, 2048]",
1290,11334,55,7,2026-07-19T13:18:00.249000+00:00,31.374,51.377,29.752,326.0,199.0,False,112.503,"[None, 2049, 2048, 2049, 2048, 2048, 2048, 2048]","[2048, 2049, 2049, 2049, 2049, 2049, 2049, 2049, 2049, 2049, 2049, 2049]","[2048, 2048, 2048, 2048, 2048, 2049, 2048, 2048]",300.0
1290,11334,87,7,2026-07-19T13:18:00.796000+00:00,31.494,51.382,29.654,327.0,197.0,False,112.53,"[None, 2048, 2048, 2048, 2049, 2048, 2048, 2048]","[2048, 2048, 2048, 2048, 2048, 2048, 2048, 2049, 2049, 2048, 2048, 2049]","[2049, 2049, 2049, 2049, 2049, 2049, 2048, 2048]",296.0
1290,11334,6,7,2026-07-19T13:18:02.933000+00:00,31.166,50.675,29.715,323.0,191.0,False,111.556,"[None, 2048, 2048, 2048, 2048, 2048, 2048, 2048]","[2049, 2048, 2048, 2048, 2048, 2048, 2049, 2048, 2049, 2048, 2048, 2048]","[2049, 2049, 2049, 2049, 2049, 2048, 2048, 2048]",295.0
1290,11334,11,7,2026-07-19T13:18:07.044000+00:00,32.503,52.203,30.286,308.0,197.0,False,114.992,"[None, 2049, 2048, 2048, 2048, 2048, 2048, 2048]","[2048, 2048, 2048, 2048, 2049, 2049, 2049, 2049, 2049, 2048, 2048, 2049]","[2049, 2048, 2048, 2048, 2048, 2049, 2048, 2048]",289.0
1290,11334,31,7,2026-07-19T13:18:07.443000+00:00,32.217,51.22,29.96,315.0,202.0,False,113.397,"[None, 2049, 2048, 2048, 2048, 2048, 2048, 2048]","[2049, 2049, 2048, 2049, 2049, 2049, 2048, 2049, 2048, 2049, 2049, 2049]","[2049, 2048, 2048, 2048, 2048, 2049, 2048, 2048]",289.0
1290,11334,18,7,2026-07-19T13:18:08.232000+00:00,32.298,52.615,30.811,310.0,193.0,False,115.724,"[None, 2048, 2048, 2048, 2049, 2048, 2048, 2048]","[2048, 2048, 2048, 2048, 2048, 2048, 2049, 2048, 2049, 2048, 2048, 2048]","[2048, 2049, 2049, 2049, 2048, 2049, 2048, 2048]",293.0
1290,11334,14,7,2026-07-19T13:18:09.137000+00:00,32.177,53.378,30.693,322.0,194.0,False,116.248,"[2048, 2048, 2049, 2049, 2048, 2049, 2048, 2048]","[2049, 2049, 2048, 2048, 2049, 2048, 2048, 2048, 2048, 2048, 2048, 2048]","[2048, 2048, 2048, 2048, 2048, 2048, 2049, 2049]",295.0
1290,11334,77,7,2026-07-19T13:18:09.380000+00:00,31.499,52.765,30.4,329.0,194.0,False,114.664,"[None, 2049, 2048, 2048, 2048, 2049, 2049, 2049]","[2049, 2049, 2049, 2049, 2048, 2049, 2049, 2049, 2049, 2049, 2048, 2049]","[2048, 2048, 2049, 2049, 2048, 2048, 2049, 2048]",297.0
1290,11334,12,8,2026-07-19T13:19:39.934000+00:00,31.546,49.565,29.875,,204.0,False,110.986,"[2048, 2048, 2048, 2048, 2048, 2048, 2048, 2048]","[2048, 2048, 2051, 2049, 2048, 2048, 2048, 2048, 2048, 2048, 2048, 2051]","[2048, 2049, 2049, 2049, 2048, 2049, 2048, 2048]",296.0
1290,11334,3,8,2026-07-19T13:19:40.964000+00:00,31.569,49.831,29.633,314.0,197.0,False,111.033,"[None, 2048, 2048, 2048, 2048, 2048, 2048, 2048]","[2048, 2048, 2048, 2049, 2048, 2048, 2048, 2048, 2048, 2048, 2048, 2048]","[2049, 2048, 2048, 2048, 2048, 2048, 2048, 2048]",287.0
1290,11334,16,8,2026-07-19T13:19:41.723000+00:00,31.511,50.211,29.848,315.0,202.0,False,111.57,"[None, 2048, 2049, 2048, 2048, 2049, 2048, 2048]","[2048, 2048, 2048, 2048, 2048, 2048, 2048, 2048, 2048, 2051, 2048, 2048]","[2048, 2048, 2048, 2048, 2048, 2051, 2048, 2048]",
1290,11334,81,8,2026-07-19T13:19:42.194000+00:00,31.121,51.223,29.438,319.0,201.0,False,111.782,"[None, 2048, 2048, 2049, 2049, 2049, 2048, 2048]","[2048, 2048, 2048, 2048, 2048, 2049, 2048, 2048, 2048, 2048, 2048, 2048]","[2048, 2048, 2048, 2048, 2048, 2049, 2048, 2048]",308.0
1290,11334,44,8,2026-07-19T13:19:42.818000+00:00,30.734,51.617,29.326,339.0,199.0,False,111.677,"[None, 2048, 2049, 2049, 2049, 2049, 2051, 2049]","[2048, 2048, 2048, 2048, 2048, 2048, 2048, 2048, 2048, 2048, 2048, 2048]","[2048, 2048, 2049, 2049, 2049, 2048, 2048, 2048]",307.0
1290,11334,30,8,2026-07-19T13:19:45.794000+00:00,31.652,51.702,29.756,309.0,204.0,False,113.11,"[None, 2048, 2048, 2048, 2048, 2048, 2048, 2048]","[2048, 2048, 2048, 2048, 2048, 2048, 2048, 2048, 2048, 2048, 2048, 2048]","[2048, 2049, 2049, 2049, 2049, 2048, 2048, 2048]",297.0
1290,11334,41,8,2026-07-19T13:19:46.325000+00:00,31.115,50.708,29.717,318.0,204.0,False,111.54,"[None, 2048, 2048, 2051, 2051, 2049, 2048, 2048]","[2049, 2048, 2049, 2048, 2048, 2049, 2048, 2048, 2049, 2049, 2048, 2049]","[2048, 2048, 2048, 2048, 2048, 2049, 2048, 2048]",316.0
1290,11334,1,8,2026-07-19T13:19:47.753000+00:00,31.914,50.703,29.277,312.0,202.0,False,111.894,"[None, 2048, 2048, 2048, 2048, 2048, 2048, 2048]","[2048, 2048, 2049, 2049, 2048, 2049, 2048, 2048, 2048, 2049, 2049, 2049]","[2049, 2048, 2048, 2048, 2048, 2049, 2048, 2048]",296.0
1290,11334,43,8,2026-07-19T13:19:48.418000+00:00,31.236,51.83,29.655,317.0,202.0,False,112.721,"[2049, 2048, 2048, 2048, 2048, 2048, 2048, 2048]","[2048, 2048, 2048, 2048, 2048, 2048, 2049, 2049, 2049, 2048, 2048, 2049]","[2048, 2049, 2049, 2049, 2049, 2048, 2048, 2048]",303.0
1290,11334,10,8,2026-07-19T13:19:49.445000+00:00,31.169,51.353,29.733,320.0,200.0,False,112.255,"[2049, 2048, 2048, 2048, 2048, 2048, 2048, 2048]","[2049, 2048, 2048, 2048, 2048, 2048, 2048, 2049, 2049, 2048, 2048, 2049]","[2048, 2048, 2048, 2048, 2048, 2048, 2048, 2048]",299.0
1290,11334,5,8,2026-07-19T13:19:50.217000+00:00,31.739,50.648,29.925,310.0,197.0,False,112.312,"[None, 2048, 2048, 2049, 2048, 2048, 2048, 2048]","[2048, 2049, 2049, 2049, 2049, 2049, 2048, 2049, 2049, 2049, 2049, 2049]","[2048, 2048, 2048, 2048, 2049, 2048, 2048, 2048]",300.0
1290,11334,23,8,2026-07-19T13:19:51.319000+00:00,31.416,51.411,30.086,324.0,200.0,False,112.913,"[None, 2049, 2048, 2048, 2048, 2048, 2048, 2048]","[2048, 2048, 2049, 2049, 2048, 2048, 2048, 2048, 2048, 2048, 2048, 2049]","[2048, 2048, 2048, 2048, 2048, 2048, 2048, 2049]",299.0
1290,11334,27,8,2026-07-19T13:19:51.998000+00:00,31.585,51.19,30.084,327.0,198.0,False,112.859,"[None, 2048, 2048, 2048, 2048, 2048, 2048, 2048]","[2048, 2048, 2048, 2049, 2049, 2049, 2048, 2049, 2049, 2048, 2048, 2048]","[2049, 2048, 2049, 2051, 2049, 2048, 2048, 2048]",296.0
1290,11334,55,8,2026-07-19T13:19:52.799000+00:00,31.274,51.871,30.006,330.0,197.0,False,113.151,"[None, 2048, 2048, 2049, 2048, 2048, 2048, 2048]","[2048, 2048, 2048, 2048, 2048, 2048, 2048, 2048, 2048, 2048, 2048, 2049]","[2048, 2048, 2048, 2048, 2048, 2048, 2048, 2048]",302.0
1290,11334,87,8,2026-07-19T13:19:53.294000+00:00,31.469,51.685,29.723,328.0,200.0,False,112.877,"[None, 2048, 2048, 2048, 2048, 2049, 2048, 2048]","[2048, 2048, 2048, 2048, 2048, 2048, 2048, 2048, 2048, 2048, 2048, 2049]","[2049, 2049, 2051, 2048, 2049, 2048, 2048, 2048]",
1290,11334,6,8,2026-07-19T13:19:54.387000+00:00,31.185,51.362,29.822,328.0,188.0,False,112.369,"[None, 2048, 2048, 2048, 2048, 2048, 2048, 2048]","[2048, 2048, 2048, 2048, 2048, 2048, 2048, 2048, 2049, 2048, 2048, 2048]","[2048, 2049, 2049, 2049, 2049, 2048, 2048, 2048]",294.0
1290,11334,31,8,2026-07-19T13:20:00.755000+00:00,32.143,51.445,30.024,306.0,201.0,False,113.612,"[None, 2049, 2048, 2048, 2048, 2048, 2048, 2048]","[2048, 2048, 2048, 2049, 2048, 2048, 2048, 2048, 2048, 2048, 2048, 2048]","[2048, 2048, 2048, 2048, 2048, 2048, 2048, 2048]",290.0
1290,11334,11,8,2026-07-19T13:20:02.066000+00:00,32.158,51.621,30.196,312.0,199.0,False,113.975,"[None, 2049, 2048, 2048, 2048, 2048, 2048, 2048]","[2049, 2049, 2049, 2049, 2049, 2049, 2048, 2048, 2048, 2049, 2048, 2048]","[2049, 2048, 2048, 2048, 2048, 2048, 2048, 2048]",291.0
1290,11334,77,8,2026-07-19T13:20:04.027000+00:00,32.803,52.224,30.094,305.0,196.0,False,115.121,"[None, 2048, 2048, 2048, 2048, 2048, 2048, 2048]","[2048, 2049, 2049, 2049, 2049, 2049, 2048, 2049, 2048, 2049, 2049, 2049]","[2049, 2048, 2048, 2048, 2048, 2049, 2048, 2048]",289.0
1290,11334,18,8,2026-07-19T13:20:04.027000+00:00,33.086,54.116,30.753,290.0,192.0,False,117.955,"[2048, 2048, 2048, 2049, 2049, 2048, 2048, 2048]","[2048, 2048, 2048, 2048, 2048, 2048, 2048, 2048, 2048, 2048, 2048, 2048]","[2048, 2048, 2048, 2048, 2048, 2049, 2048, 2048]",283.0
1290,11334,14,8,2026-07-19T13:20:05.340000+00:00,32.443,53.98,30.582,291.0,193.0,False,117.005,"[2049, 2049, 2048, 2048, 2049, 2048, 2048, 2048]","[2048, 2049, 2048, 2048, 2048, 2048, 2048, 2048, 2049, 2048, 2048, 2048]","[2048, 2048, 2049, 2049, 2049, 2048, 2048, 2049]",293.0
1290,11334,12,9,2026-07-19T13:21:31.092000+00:00,31.549,49.468,29.808,,205.0,False,110.825,"[None, 2048, 2048, 2048, 2049, 2049, 2048, 2048]","[2049, 2051, 2048, 2051, 2048, 2051, 2048, 2048, 2048, 2048, 2048, 2048]","[2048, 2049, 2048, 2048, 2048, 2048, 2048, 2048]",
1290,11334,3,9,2026-07-19T13:21:32.018000+00:00,31.626,49.729,29.692,313.0,195.0,False,111.047,"[None, 2048, 2048, 2048, 2048, 2048, 2048, 2048]","[2048, 2049, 2048, 2048, 2048, 2048, 2048, 2048, 2048, 2049, 2048, 2049]","[2048, 2048, 2048, 2048, 2048, 2048, 2048, 2048]",
1290,11334,16,9,2026-07-19T13:21:33.367000+00:00,31.29,49.648,29.713,317.0,203.0,False,110.651,"[None, 2048, 2048, 2048, 2048, 2048, 2048, 2048]","[2049, 2049, 2048, 2048, 2048, 2049, 2048, 2051, 2048, 2048, 2048, 2049]","[2048, 2048, 2048, 2049, 2048, 2051, 2048, 2048]",299.0
1290,11334,81,9,2026-07-19T13:21:33.903000+00:00,31.404,50.838,29.423,313.0,204.0,False,111.665,"[None, 2048, 2048, 2048, 2048, 2048, 2048, 2048]","[2048, 2048, 2048, 2048, 2048, 2048, 2048, 2048, 2048, 2048, 2048, 2048]","[2048, 2048, 2048, 2048, 2048, 2049, 2048, 2048]",303.0
1290,11334,44,9,2026-07-19T13:21:34.420000+00:00,30.909,50.012,29.278,,204.0,False,110.199,"[None, 2048, 2048, 2048, 2048, 2048, 2049, 2049]","[2049, 2049, 2048, 2049, 2048, 2049, 2048, 2049, 2048, 2049, 2048, 2049]","[2051, 2048, 2048, 2048, 2048, 2049, 2048, 2048]",300.0
1290,11334,41,9,2026-07-19T13:21:37.818000+00:00,31.729,50.709,29.89,307.0,203.0,False,112.328,"[None, 2048, 2048, 2048, 2048, 2048, 2048, 2048]","[2048, 2048, 2048, 2049, 2048, 2048, 2048, 2048, 2048, 2048, 2049, 2049]","[2048, 2048, 2048, 2048, 2048, 2049, 2048, 2048]",304.0
1290,11334,30,9,2026-07-19T13:21:38.900000+00:00,31.385,51.128,30.223,320.0,204.0,False,112.736,"[None, 2048, 2048, 2048, 2048, 2048, 2049, 2048]","[2048, 2048, 2048, 2048, 2048, 2048, 2049, 2049, 2048, 2048, 2048, 2048]","[2048, 2048, 2048, 2048, 2048, 2048, 2048, 2048]",300.0
1290,11334,1,9,2026-07-19T13:21:39.665000+00:00,31.209,51.05,29.208,323.0,201.0,False,111.467,"[None, 2048, 2048, 2048, 2048, 2048, 2048, 2048]","[2048, 2048, 2048, 2048, 2048, 2048, 2048, 2048, 2048, 2048, 2048, 2048]","[2048, 2049, 2048, 2048, 2048, 2049, 2048]",305.0
1290,11334,43,9,2026-07-19T13:21:41.078000+00:00,31.461,50.715,29.674,,205.0,False,111.85,"[2048, 2048, 2048, 2048, 2048, 2048, 2048, 2048]","[2048, 2048, 2048, 2048, 2049, 2049, 2048, 2048, 2048, 2048, 2048, 2048]","[2049, 2048, 2048, 2048, 2048, 2049, 2048, 2048]",300.0
1290,11334,10,9,2026-07-19T13:21:41.849000+00:00,30.956,51.17,29.805,327.0,201.0,False,111.931,"[2048, 2048, 2048, 2048, 2048, 2048, 2048, 2048]","[2048, 2048, 2048, 2048, 2048, 2049, 2049, 2049, 2049, 2048, 2048, 2049]","[2048, 2048, 2048, 2048, 2048, 2049, 2048, 2048]",304.0
1290,11334,5,9,2026-07-19T13:21:42.414000+00:00,31.722,50.243,29.91,314.0,199.0,False,111.875,"[None, 2049, 2048, 2048, 2048, 2048, 2048, 2048]","[2049, 2049, 2048, 2048, 2048, 2049, 2048, 2049, 2049, 2048, 2048, 2049]","[2049, 2048, 2048, 2048, 2048, 2048, 2048, 2048]",301.0
1290,11334,23,9,2026-07-19T13:21:44.217000+00:00,31.496,51.131,30.048,320.0,197.0,False,112.675,"[None, 2048, 2048, 2048, 2048, 2048, 2048, 2048]","[2049, 2049, 2049, 2049, 2048, 2049, 2048, 2048, 2048, 2048, 2048, 2048]","[2048, 2048, 2048, 2048, 2048, 2049, 2048, 2048]",301.0
1290,11334,27,9,2026-07-19T13:21:44.739000+00:00,32.068,50.699,29.996,309.0,197.0,False,112.763,"[None, 2048, 2048, 2048, 2048, 2048, 2048, 2048]","[2048, 2049, 2048, 2049, 2049, 2049, 2048, 2049, 2049, 2049, 2048, 2049]","[2048, 2048, 2048, 2048, 2048, 2048, 2048, 2048]",295.0
1290,11334,55,9,2026-07-19T13:21:45.954000+00:00,31.317,51.831,30.01,327.0,200.0,False,113.158,"[None, 2049, 2048, 2048, 2048, 2048, 2048, 2048]","[2049, 2048, 2048, 2048, 2048, 2048, 2048, 2048, 2048, 2049, 2048, 2048]","[2048, 2048, 2048, 2048, 2048, 2048, 2048, 2048]",301.0
1290,11334,87,9,2026-07-19T13:21:46.269000+00:00,31.152,52.332,29.805,340.0,200.0,False,113.289,"[None, 2048, 2048, 2049, 2049, 2049, 2049, 2048]","[2048, 2048, 2048, 2048, 2048, 2048, 2048, 2048, 2048, 2048, 2048, 2048]","[2048, 2048, 2049, 2048, 2049, 2048, 2048, 2048]",300.0
1290,11334,6,9,2026-07-19T13:21:46.718000+00:00,30.661,52.685,29.799,344.0,190.0,False,113.145,"[None, 2048, 2049, 2049, 2049, 2049, 2051, 2051]","[2048, 2048, 2048, 2048, 2048, 2048, 2049, 2048, 2048, 2048, 2048, 2048]","[2048, 2049, 2051, 2049, 2049, 2048, 2048, 2048]",303.0
1290,11334,31,9,2026-07-19T13:21:54.461000+00:00,32.139,51.123,30.037,305.0,200.0,False,113.299,"[None, 2048, 2048, 2048, 2048, 2048, 2048, 2048]","[2049, 2049, 2048, 2049, 2048, 2048, 2049, 2048, 2048, 2048, 2048, 2048]","[2048, 2048, 2048, 2048, 2048, 2048, 2048, 2048]",292.0
1290,11334,11,9,2026-07-19T13:21:56.122000+00:00,32.132,51.346,29.999,311.0,199.0,False,113.477,"[None, 2049, 2048, 2048, 2048, 2048, 2048, 2048]","[2049, 2048, 2049, 2049, 2048, 2049, 2048, 2048, 2048, 2049, 2048, 2049]","[2049, 2049, 2049, 2049, 2048, 2048, 2048, 2048]",292.0
1290,11334,77,9,2026-07-19T13:21:59.153000+00:00,31.949,51.533,29.989,309.0,194.0,False,113.471,"[None, 2049, 2048, 2048, 2048, 2048, 2048, 2048]","[2049, 2049, 2049, 2049, 2048, 2049, 2049, 2049, 2048, 2049, 2049, 2049]","[2048, 2048, 2048, 2049, 2048, 2049, 2048, 2048]",294.0
1290,11334,18,9,2026-07-19T13:22:01.844000+00:00,32.819,52.904,30.681,296.0,193.0,False,116.404,"[2049, 2049, 2048, 2048, 2048, 2048, 2048, 2048]","[2048, 2048, 2048, 2048, 2048, 2048, 2048, 2048, 2048, 2048, 2048, 2048]","[2048, 2048, 2049, 2049, 2048, 2048, 2048, 2048]",290.0
1290,11334,14,9,2026-07-19T13:22:02.367000+00:00,32.139,52.213,30.582,309.0,196.0,False,114.934,"[2048, 2048, 2048, 2048, 2049, 2048, 2048, 2048]","[2049, 2049, 2048, 2049, 2049, 2049, 2049, 2049, 2048, 2049, 2049, 2049]","[2049, 2048, 2048, 2048, 2048, 2049, 2049, 2049]",295.0
1290,11334,12,10,2026-07-19T13:23:21.793000+00:00,31.488,49.387,29.864,,201.0,False,110.739,"[None, 2048, 2048, 2049, 2048, 2048, 2048, 2048]","[2048, 2051, 2048, 2051, 2048, 2051, 2048, 2049, 2048, 2048, 2048, 2048]","[2048, 2048, 2048, 2049, 2048, 2049, 2048, 2048]",
1290,11334,3,10,2026-07-19T13:23:22.997000+00:00,31.642,49.69,29.758,312.0,196.0,False,111.09,"[None, 2048, 2048, 2048, 2048, 2048, 2048, 2048]","[2048, 2048, 2048, 2049, 2048, 2048, 2048, 2048, 2048, 2049, 2048, 2048]","[2048, 2048, 2048, 2048, 2048, 2049, 2048, 2049]",286.0
1290,11334,16,10,2026-07-19T13:23:24.013000+00:00,31.342,49.697,29.746,320.0,201.0,False,110.785,"[None, 2048, 2048, 2048, 2048, 2049, 2048, 2048]","[2048, 2048, 2048, 2048, 2048, 2048, 2048, 2048, 2048, 2048, 2048, 2048]","[2048, 2048, 2049, 2049, 2049, 2048, 2048, 2048]",300.0
1290,11334,44,10,2026-07-19T13:23:24.673000+00:00,31.063,50.27,29.48,328.0,202.0,False,110.813,"[None, 2048, 2048, 2048, 2048, 2048, 2048, 2048]","[2048, 2048, 2048, 2048, 2048, 2048, 2049, 2049, 2049, 2048, 2048, 2048]","[2048, 2048, 2048, 2048, 2048, 2048, 2048, 2048]",298.0
1290,11334,81,10,2026-07-19T13:23:25.666000+00:00,31.212,50.061,29.461,321.0,203.0,False,110.734,"[None, 2048, 2048, 2048, 2048, 2048, 2048, 2048]","[2049, 2048, 2048, 2049, 2048, 2049, 2049, 2048, 2048, 2048, 2048, 2048]","[2048, 2048, 2048, 2048, 2048, 2048, 2048, 2048]",
1290,11334,41,10,2026-07-19T13:23:30.162000+00:00,31.686,50.547,29.969,,201.0,False,112.202,"[None, 2048, 2048, 2048, 2048, 2048, 2048, 2048]","[2048, 2049, 2048, 2048, 2048, 2049, 2049, 2048, 2048, 2048, 2048, 2048]","[2048, 2048, 2048, 2048, 2048, 2048, 2048, 2048]",303.0
1290,11334,1,10,2026-07-19T13:23:30.999000+00:00,31.902,50.312,29.428,312.0,200.0,False,111.642,"[None, 2048, 2048, 2048, 2048, 2048, 2048, 2048]","[2049, 2048, 2048, 2049, 2048, 2048, 2048, 2048, 2048, 2049, 2048, 2048]","[2049, 2049, 2048, 2048, 2048, 2048, 2048, 2048]",296.0
1290,11334,30,10,2026-07-19T13:23:31.619000+00:00,31.517,51.373,29.783,303.0,204.0,False,112.673,"[None, 2048, 2049, 2051, 2049, 2049, 2048, 2048]","[2048, 2048, 2048, 2048, 2048, 2048, 2048, 2048, 2049, 2048, 2048, 2048]","[2048, 2048, 2048, 2048, 2048, 2048, 2048, 2048]",304.0
1290,11334,43,10,2026-07-19T13:23:32.958000+00:00,31.413,50.937,29.763,316.0,199.0,False,112.113,"[None, 2048, 2048, 2048, 2048, 2048, 2048, 2048]","[2048, 2048, 2048, 2049, 2048, 2049, 2049, 2048, 2049, 2048, 2048, 2048]","[2048, 2048, 2048, 2048, 2049, 2048, 2048, 2048]",302.0
1290,11334,10,10,2026-07-19T13:23:33.683000+00:00,31.158,50.937,29.827,324.0,195.0,False,111.922,"[None, 2048, 2048, 2048, 2048, 2048, 2048, 2048]","[2049, 2048, 2048, 2048, 2048, 2048, 2048, 2048, 2049, 2048, 2048, 2048]","[2048, 2048, 2048, 2049, 2048, 2048, 2048, 2048]",300.0
1290,11334,5,10,2026-07-19T13:23:34.337000+00:00,31.688,50.254,29.902,,194.0,False,111.844,"[None, 2048, 2048, 2048, 2048, 2048, 2048, 2048]","[2049, 2048, 2048, 2048, 2048, 2049, 2048, 2049, 2049, 2049, 2048, 2048]","[2048, 2048, 2048, 2049, 2049, 2048, 2048, 2048]",302.0
1290,11334,23,10,2026-07-19T13:23:36.920000+00:00,31.599,50.988,30.056,315.0,195.0,False,112.643,"[None, 2048, 2048, 2048, 2048, 2048, 2048, 2048]","[2049, 2048, 2048, 2048, 2048, 2049, 2048, 2048, 2048, 2048, 2049, 2048]","[2048, 2048, 2048, 2048, 2048, 2049, 2048, 2048]",298.0
1290,11334,27,10,2026-07-19T13:23:37.547000+00:00,31.504,50.938,30.333,322.0,197.0,False,112.775,"[None, 2048, 2048, 2048, 2048, 2049, 2048, 2048]","[2048, 2048, 2049, 2049, 2048, 2048, 2048, 2048, 2048, 2048, 2048, 2048]","[2048, 2048, 2048, 2048, 2048, 2048, 2048, 2048]",304.0
1290,11334,55,10,2026-07-19T13:23:39.083000+00:00,31.501,51.118,29.93,319.0,197.0,False,112.549,"[None, 2049, 2048, 2048, 2048, 2048, 2048, 2048]","[2049, 2048, 2048, 2049, 2048, 2049, 2048, 2049, 2048, 2049, 2049, 2049]","[2048, 2048, 2048, 2048, 2048, 2049, 2048, 2048]",296.0
1290,11334,87,10,2026-07-19T13:23:39.532000+00:00,31.664,51.902,29.67,315.0,198.0,False,113.236,"[None, 2048, 2048, 2048, 2048, 2048, 2048, 2048]","[2048, 2048, 2048, 2048, 2048, 2048, 2048, 2048, 2048, 2048, 2048, 2049]","[2048, 2048, 2048, 2048, 2048, 2049, 2048, 2048]",297.0
1290,11334,6,10,2026-07-19T13:23:39.991000+00:00,31.067,51.134,29.911,329.0,186.0,False,112.112,"[None, 2048, 2049, 2048, 2048, 2048, 2048, 2048]","[2048, 2048, 2048, 2048, 2048, 2048, 2048, 2048, 2048, 2048, 2048, 2048]","[2048, 2048, 2048, 2048, 2049, 2048, 2048, 2048]",298.0
1290,11334,31,10,2026-07-19T13:23:47.792000+00:00,32.015,51.132,30.074,306.0,198.0,False,113.221,"[2049, 2048, 2048, 2048, 2048, 2048, 2048, 2048]","[2049, 2048, 2048, 2048, 2048, 2048, 2048, 2048, 2048, 2049, 2048, 2048]","[2048, 2048, 2048, 2048, 2048, 2048, 2048, 2048]",291.0
1290,11334,11,10,2026-07-19T13:23:49.546000+00:00,32.038,51.237,30.245,,199.0,False,113.52,"[2049, 2048, 2048, 2048, 2048, 2048, 2048, 2048]","[2049, 2049, 2049, 2049, 2048, 2048, 2049, 2049, 2049, 2048, 2048, 2048]","[2048, 2048, 2048, 2048, 2048, 2048, 2048, 2048]",289.0
1290,11334,77,10,2026-07-19T13:23:52.624000+00:00,32.006,51.561,29.992,,197.0,False,113.559,"[None, 2049, 2048, 2048, 2048, 2048, 2048, 2048]","[2048, 2049, 2049, 2048, 2048, 2048, 2048, 2049, 2048, 2048, 2049, 2049]","[2049, 2048, 2048, 2048, 2048, 2049, 2048, 2048]",293.0
1290,11334,14,10,2026-07-19T13:23:57.248000+00:00,32.865,52.043,30.396,292.0,196.0,False,115.304,"[2049, 2049, 2048, 2048, 2048, 2048, 2048, 2048]","[2048, 2048, 2049, 2049, 2048, 2049, 2048, 2049, 2048, 2049, 2049, 2049]","[2049, 2048, 2048, 2048, 2048, 2049, 2048, 2048]",289.0
1290,11334,18,10,2026-07-19T13:23:58.229000+00:00,32.534,52.549,30.474,301.0,192.0,False,115.557,"[2048, 2048, 2048, 2048, 2048, 2048, 2048, 2048]","[2048, 2048, 2048, 2048, 2048, 2048, 2049, 2048, 2049, 2048, 2048, 2048]","[2048, 2048, 2049, 2049, 2048, 2049, 2048]",
1290,11334,12,11,2026-07-19T13:25:12.620000+00:00,31.438,49.775,29.877,307.0,202.0,False,111.09,"[2049, 2048, 2048, 2049, 2049, 2049, 2048, 2048]","[2048, 2048, 2048, 2048, 2048, 2048, 2048, 2048, 2048, 2048, 2048, 2048]","[2048, 2049, 2048, 2048, 2048, 2048, 2048, 2048]",297.0
1290,11334,3,11,2026-07-19T13:25:14.067000+00:00,31.708,49.648,29.764,310.0,196.0,False,111.12,"[None, 2048, 2048, 2048, 2048, 2048, 2048, 2048]","[2048, 2048, 2049, 2048, 2048, 2048, 2048, 2048, 2048, 2051, 2048, 2048]","[2048, 2048, 2048, 2048, 2048, 2048, 2048, 2049]",287.0
1290,11334,16,11,2026-07-19T13:25:14.812000+00:00,31.299,50.175,29.735,322.0,203.0,False,111.209,"[None, 2048, 2049, 2049, 2049, 2049, 2048, 2048]","[2048, 2048, 2048, 2048, 2048, 2048, 2048, 2048, 2048, 2048, 2048, 2048]","[2048, 2048, 2049, 2049, 2048, 2048, 2048, 2048]",301.0
1290,11334,44,11,2026-07-19T13:25:15.453000+00:00,31.006,50.568,29.505,333.0,199.0,False,111.079,"[None, 2048, 2048, 2048, 2048, 2048, 2048, 2048]","[2048, 2048, 2048, 2048, 2048, 2048, 2048, 2048, 2048, 2048, 2048, 2048]","[2048, 2048, 2048, 2048, 2048, 2048, 2048, 2048]",305.0
1290,11334,81,11,2026-07-19T13:25:16.381000+00:00,31.09,50.459,29.607,324.0,200.0,False,111.156,"[None, 2048, 2048, 2048, 2048, 2048, 2048, 2048]","[2049, 2048, 2048, 2048, 2048, 2048, 2048, 2048, 2048, 2048, 2048, 2048]","[2048, 2048, 2048, 2048, 2048, 2048, 2048, 2048]",305.0
1290,11334,41,11,2026-07-19T13:25:22.322000+00:00,31.793,50.933,30.023,306.0,201.0,False,112.749,"[None, 2048, 2048, 2048, 2048, 2048, 2048, 2048]","[2048, 2048, 2048, 2048, 2048, 2048, 2048, 2048, 2048, 2048, 2048, 2048]","[2048, 2048, 2048, 2048, 2048, 2048, 2048, 2048]",304.0
1290,11334,1,11,2026-07-19T13:25:22.962000+00:00,31.517,51.476,29.811,326.0,201.0,False,112.804,"[None, 2048, 2048, 2048, 2048, 2048, 2048, 2048]","[2048, 2048, 2049, 2048, 2048, 2048, 2048, 2048, 2048, 2048, 2048, 2048]","[2048, 2048, 2048, 2048, 2048, 2048, 2048, 2048]",308.0
1290,11334,30,11,2026-07-19T13:25:24.195000+00:00,31.45,51.109,29.882,314.0,200.0,False,112.441,"[None, 2048, 2049, 2048, 2049, 2048, 2048, 2048]","[2048, 2048, 2048, 2048, 2048, 2048, 2048, 2049, 2049, 2048, 2048, 2048]","[2048, 2049, 2049, 2049, 2048, 2048, 2048, 2048]",306.0
1290,11334,43,11,2026-07-19T13:25:25.013000+00:00,31.42,51.094,29.766,323.0,197.0,False,112.28,"[None, 2048, 2048, 2048, 2048, 2048, 2048, 2048]","[2048, 2048, 2048, 2048, 2048, 2048, 2049, 2048, 2049, 2048, 2048, 2048]","[2048, 2048, 2049, 2049, 2049, 2048, 2048, 2048]",
1290,11334,10,11,2026-07-19T13:25:25.625000+00:00,31.111,51.45,29.801,331.0,198.0,False,112.362,"[None, 2048, 2048, 2048, 2048, 2048, 2048, 2048]","[2048, 2048, 2048, 2048, 2048, 2048, 2048, 2048, 2048, 2048, 2048, 2048]","[2048, 2048, 2048, 2048, 2048, 2048, 2048, 2048]",302.0
1290,11334,5,11,2026-07-19T13:25:26.132000+00:00,31.619,50.71,29.919,317.0,197.0,False,112.248,"[None, 2048, 2048, 2049, 2048, 2048, 2048, 2048]","[2048, 2048, 2048, 2048, 2048, 2048, 2048, 2048, 2048, 2048, 2048, 2048]","[2048, 2049, 2049, 2048, 2049, 2048, 2048, 2048]",303.0
1290,11334,23,11,2026-07-19T13:25:29.566000+00:00,31.702,51.255,30.405,314.0,196.0,False,113.362,"[None, 2048, 2048, 2048, 2048, 2048, 2048, 2048]","[2048, 2048, 2048, 2048, 2048, 2048, 2048, 2048, 2048, 2048, 2048, 2048]","[2048, 2048, 2048, 2048, 2048, 2048, 2048, 2049]",
1290,11334,27,11,2026-07-19T13:25:30.355000+00:00,31.277,51.371,30.258,318.0,196.0,False,112.906,"[None, 2048, 2048, 2049, 2049, 2048, 2048, 2048]","[2048, 2048, 2048, 2049, 2048, 2048, 2048, 2048, 2048, 2048, 2048, 2048]","[2049, 2049, 2048, 2048, 2048, 2048, 2049, 2048]",306.0
1290,11334,55,11,2026-07-19T13:25:31.602000+00:00,,,30.047,,,False,113.838,"[None, 2048, 2048, 2048, 2048, 2048, 2048, 0]","[None, 2048, 2048, 2048, 2048, 2048, 2048, 2048, 2048, 2048, 2048, 2048]","[2048, 2048, 2048, 2048, 2048, 2048, 2048, 2048]",297.0
1290,11334,6,11,2026-07-19T13:25:32.097000+00:00,30.964,50.833,29.876,326.0,191.0,False,111.673,"[None, 2048, 2048, 2048, 2048, 2048, 2048, 2048]","[2049, 2048, 2048, 2048, 2048, 2048, 2048, 2049, 2048, 2048, 2048, 2048]","[2049, 2048, 2048, 2048, 2048, 2048, 2048, 2048]",297.0
1290,11334,87,11,2026-07-19T13:25:32.802000+00:00,31.767,51.602,29.791,324.0,198.0,False,113.16,"[None, 2048, 2048, 2048, 2048, 2048, 2048, 2048]","[2049, 2048, 2048, 2048, 2048, 2048, 2048, 2048, 2048, 2048, 2048, 2048]","[2048, 2048, 2048, 2048, 2049, 2048, 2048, 2048]",295.0
1290,11334,31,11,2026-07-19T13:25:40.951000+00:00,32.087,51.16,29.893,,199.0,False,113.14,"[2048, 2048, 2048, 2048, 2048, 2048, 2048, 2048]","[2049, 2048, 2048, 2049, 2048, 2048, 2048, 2048, 2048, 2048, 2048, 2048]","[2048, 2048, 2048, 2048, 2048, 2048, 2048, 2048]",
1290,11334,11,11,2026-07-19T13:25:43.058000+00:00,32.046,51.369,30.163,309.0,193.0,False,113.578,"[None, 2049, 2048, 2048, 2048, 2048, 2048, 2048]","[2048, 2049, 2048, 2049, 2048, 2048, 2048, 2049, 2048, 2048, 2048, 2048]","[2048, 2048, 2048, 2048, 2048, 2049, 2048, 2048]",290.0
1290,11334,77,11,2026-07-19T13:25:46.175000+00:00,31.995,51.584,29.892,,196.0,False,113.471,"[None, 2049, 2048, 2048, 2048, 2048, 2048, 2048]","[2048, 2049, 2048, 2048, 2049, 2048, 2048, 2049, 2049, 2048, 2048, 2048]","[2049, 2048, 2048, 2049, 2048, 2048, 2048, 2048]",
1290,11334,14,11,2026-07-19T13:25:52.578000+00:00,33.035,52.066,30.709,291.0,195.0,False,115.81,"[2048, 2049, 2048, 2048, 2048, 2048, 2048, 2048]","[2049, 2049, 2048, 2049, 2049, 2049, 2048, 2048, 2048, 2048, 2048, 2048]","[2048, 2048, 2048, 2048, 2048, 2048, 2048, 2048]",286.0
1290,11334,18,11,2026-07-19T13:25:53.856000+00:00,32.842,52.337,30.424,300.0,193.0,False,115.603,"[2049, 2048, 2048, 2048, 2048, 2048, 2048, 2048]","[2049, 2048, 2048, 2049, 2049, 2049, 2048, 2048, 2048, 2048, 2048, 2048]","[2048, 2048, 2049, 2049, 2048, 2048, 2048, 2048]",289.0
1290,11334,12,12,2026-07-19T13:27:03.590000+00:00,31.404,49.603,29.886,308.0,201.0,False,110.893,"[2048, 2048, 2048, 2049, 2049, 2049, 2048, 2049]","[2049, 2048, 2048, 2048, 2048, 2048, 2048, 2048, 2048, 2048, 2048, 2048]","[2048, 2049, 2048, 2048, 2048, 2048, 2048, 2048]",299.0
1290,11334,3,12,2026-07-19T13:27:05.230000+00:00,31.65,49.65,29.793,312.0,199.0,False,111.093,"[None, 2048, 2048, 2048, 2048, 2048, 2048, 2048]","[2048, 2048, 2049, 2049, 2048, 2048, 2048, 2049, 2048, 2048, 2048, 2048]","[2049, 2048, 2048, 2048, 2048, 2048, 2048, 2048]",
1290,11334,16,12,2026-07-19T13:27:06.073000+00:00,31.514,49.94,29.77,324.0,202.0,False,111.224,"[None, 2048, 2048, 2048, 2048, 2048, 2049, 2049]","[2048, 2048, 2048, 2049, 2048, 2048, 2048, 2048, 2048, 2048, 2048, 2048]","[2048, 2048, 2048, 2048, 2048, 2048, 2048, 2048]",296.0
1290,11334,44,12,2026-07-19T13:27:06.425000+00:00,31.08,50.892,29.448,327.0,202.0,False,111.42,"[None, 2048, 2048, 2048, 2048, 2048, 2048, 2048]","[2048, 2048, 2048, 2048, 2048, 2048, 2048, 2048, 2048, 2048, 2048, 2048]","[2048, 2048, 2048, 2048, 2048, 2048, 2048, 2048]",300.0
1290,11334,81,12,2026-07-19T13:27:07.538000+00:00,31.159,50.893,29.769,321.0,201.0,False,111.821,"[None, 2048, 2048, 2048, 2048, 2048, 2048, 2048]","[2048, 2048, 2048, 2048, 2048, 2048, 2048, 2048, 2048, 2048, 2048, 2048]","[2048, 2048, 2048, 2048, 2048, 2048, 2048, 2048]",306.0
1290,11334,41,12,2026-07-19T13:27:15.029000+00:00,,51.542,29.816,303.0,205.0,False,113.151,"[None, 2048, 2048, 2048, 2048, 2048, 2048, 2048]","[2048, 2048, 2048, 2048, 2048, 2048, 2048, 2048, 2048, 2048, 2048, 2048]","[2048, 2048, 2048, 2048, 2048, 2048, 2048, 2048]",302.0
1290,11334,1,12,2026-07-19T13:27:15.504000+00:00,31.309,50.013,29.438,318.0,205.0,False,110.76,"[None, 2048, 2048, 2048, 2048, 2048, 2048, 2048]","[2049, 2048, 2048, 2048, 2048, 2049, 2048, 2048, 2048, 2049, 2049, 2049]","[2051, 2048, 2048, 2048, 2048, 2049, 2048, 2048]",305.0
1290,11334,30,12,2026-07-19T13:27:16.776000+00:00,31.471,51.277,29.687,315.0,199.0,False,112.435,"[None, 2048, 2048, 2048, 2048, 2049, 2048, 2048]","[2048, 2048, 2048, 2048, 2048, 2048, 2048, 2049, 2049, 2048, 2048, 2048]","[2048, 2049, 2049, 2048, 2049, 2049, 2048, 2048]",
1290,11334,43,12,2026-07-19T13:27:17.249000+00:00,31.51,52.039,29.937,313.0,197.0,False,113.486,"[None, 2048, 2048, 2048, 2048, 2048, 2048, 2048]","[2048, 2048, 2048, 2048, 2048, 2048, 2049, 2048, 2049, 2048, 2048, 2048]","[2048, 2048, 2048, 2048, 2048, 2048, 2048, 2048]",300.0
1290,11334,10,12,2026-07-19T13:27:17.932000+00:00,30.805,51.332,29.807,325.0,199.0,False,111.944,"[None, 2048, 2048, 2049, 2048, 2049, 2048, 2048]","[2048, 2048, 2048, 2048, 2048, 2048, 2048, 2048, 2048, 2048, 2048, 2048]","[2048, 2048, 2048, 2048, 2048, 2048, 2048, 2048]",304.0
1290,11334,5,12,2026-07-19T13:27:18.413000+00:00,31.641,51.211,30.129,316.0,191.0,False,112.981,"[None, 2048, 2048, 2048, 2048, 2048, 2048, 2048]","[2048, 2048, 2048, 2049, 2048, 2048, 2048, 2048, 2049, 2048, 2048, 2048]","[2048, 2048, 2048, 2048, 2048, 2048, 2048, 2048]",
1290,11334,23,12,2026-07-19T13:27:23.204000+00:00,31.764,52.595,30.141,310.0,192.0,False,114.5,"[None, 2048, 2048, 2048, 2048, 2048, 2048, 2048]","[2048, 2048, 2048, 2048, 2048, 2048, 2048, 2048, 2048, 2048, 2048, 2048]","[2048, 2048, 2048, 2048, 2049, 2048, 2048, 2048]",297.0
1290,11334,27,12,2026-07-19T13:27:23.301000+00:00,31.204,50.637,29.931,335.0,200.0,False,111.772,"[None, 2048, 2048, 2048, 2048, 2048, 2048, 2048]","[2049, 2048, 2048, 2048, 2048, 2049, 2048, 2048, 2048, 2049, 2049, 2049]","[2049, 2048, 2048, 2048, 2048, 2049, 2048, 2048]",299.0
1290,11334,6,12,2026-07-19T13:27:23.769000+00:00,30.899,51.298,29.738,327.0,194.0,False,111.935,"[None, 2048, 2049, 2048, 2048, 2048, 2048, 2048]","[2048, 2048, 2048, 2048, 2048, 2048, 2048, 2048, 2049, 2048, 2048, 2048]","[2049, 2049, 2048, 2048, 2048, 2048, 2048, 2048]",296.0
1290,11334,55,12,2026-07-19T13:27:25.441000+00:00,31.669,51.78,30.48,316.0,196.0,False,113.929,"[None, 2048, 2048, 2048, 2048, 2048, 2048, 2048]","[2049, 2048, 2048, 2048, 2048, 2048, 2048, 2048, 2048, 2048, 2048, 2048]","[2048, 2048, 2048, 2048, 2048, 2048, 2048, 2048]",298.0
1290,11334,87,12,2026-07-19T13:27:25.842000+00:00,31.693,51.808,29.864,330.0,198.0,False,113.365,"[None, 2048, 2048, 2048, 2048, 2048, 2048, 2048]","[2048, 2048, 2048, 2048, 2048, 2048, 2049, 2048, 2048, 2048, 2048, 2048]","[2048, 2048, 2049, 2048, 2048, 2048, 2048, 2048]",
1290,11334,31,12,2026-07-19T13:27:34.059000+00:00,32.102,51.204,30.027,307.0,198.0,False,113.333,"[None, 2048, 2048, 2048, 2048, 2048, 2048, 2048]","[2049, 2048, 2048, 2048, 2048, 2048, 2048, 2048, 2048, 2048, 2048, 2048]","[2048, 2048, 2048, 2048, 2048, 2048, 2048, 2048]",290.0
1290,11334,11,12,2026-07-19T13:27:36.709000+00:00,32.18,55.351,41.625,,131.0,False,129.156,"[2048, 2048, 2048, 2048, 2048, 2048, 2048, 2048]","[2049, 2048, 2048, 2048, 2048, 2048, 2048, 2048, 2048, 2048, 2048, 2048]","[2048, 2048, 2048, 2048, 2048, 2048, 2064, 2064]",288.0
1290,11334,77,12,2026-07-19T13:27:39.652000+00:00,32.132,52.312,30.224,,194.0,False,114.668,"[None, 2048, 2048, 2048, 2048, 2048, 2048, 2048]","[2048, 2048, 2049, 2048, 2048, 2048, 2048, 2048, 2048, 2048, 2048, 2048]","[2049, 2048, 2048, 2048, 2048, 2048, 2048]",292.0
1290,11334,14,12,2026-07-19T13:27:48.473000+00:00,32.856,52.205,30.776,293.0,194.0,False,115.837,"[None, 2048, 2048, 2048, 2048, 2048, 2048, 2048]","[2048, 2048, 2049, 2048, 2048, 2049, 2048, 2048, 2048, 2048, 2048, 2048]","[2048, 2048, 2048, 2048, 2048, 2048, 2048, 2048]",289.0
1290,11334,18,12,2026-07-19T13:27:49.411000+00:00,33.101,52.367,30.559,295.0,192.0,False,116.027,"[2048, 2048, 2048, 2048, 2048, 2048, 2048, 2048]","[2048, 2048, 2048, 2048, 2048, 2049, 2049, 2048, 2048, 2048, 2048, 2048]","[2048, 2048, 2048, 2048, 2048, 2048, 2048, 2049]",287.0
1290,11334,12,13,2026-07-19T13:28:54.504000+00:00,31.431,49.782,29.856,,204.0,False,111.069,"[None, 2048, 2048, 2048, 2048, 2049, 2049, 2048]","[2048, 2048, 2048, 2048, 2048, 2048, 2048, 2048, 2048, 2048, 2048, 2048]","[2048, 2048, 2049, 2048, 2048, 2048, 2048, 2048]",
1290,11334,3,13,2026-07-19T13:28:56.283000+00:00,31.63,49.722,29.808,311.0,202.0,False,111.16,"[None, 2048, 2048, 2048, 2048, 2048, 2048, 2048]","[2048, 2048, 2048, 2048, 2048, 2048, 2048, 2051, 2048, 2048, 2048, 2048]","[2048, 2048, 2048, 2048, 2048, 2048, 2048, 2048]",286.0
1290,11334,16,13,2026-07-19T13:28:57.148000+00:00,31.692,50.015,29.645,318.0,203.0,False,111.352,"[None, 2048, 2048, 2048, 2048, 2048, 2048, 2048]","[2049, 2048, 2048, 2048, 2048, 2048, 2051, 2048, 2048, 2048, 2048, 2048]","[2048, 2049, 2048, 2048, 2048, 2048, 2048, 2048]",295.0
1290,11334,44,13,2026-07-19T13:28:58.005000+00:00,,,29.478,,201.0,False,111.707,"[None, 2048, 2048, 2048, 2048, 2048, 2048, 0]","[None, 2048, 2048, 2048, 2048, 2048, 2048, 2048, 2048, 2048, 2048, 2048]","[2048, 2048, 2048, 2048, 2048, 2049, 2048, 2048]",
1290,11334,81,13,2026-07-19T13:28:59.275000+00:00,31.429,50.825,29.874,317.0,197.0,False,112.128,"[None, 2048, 2048, 2048, 2048, 2048, 2048, 2048]","[2049, 2048, 2048, 2048, 2048, 2048, 2048, 2048, 2048, 2048, 2048, 2048]","[2048, 2048, 2048, 2048, 2048, 2049, 2048, 2048]",304.0
1290,11334,1,13,2026-07-19T13:29:06.299000+00:00,31.769,50.215,29.532,307.0,205.0,False,111.516,"[None, 2049, 2048, 2048, 2048, 2048, 2048, 2048]","[2048, 2049, 2048, 2048, 2049, 2048, 2048, 2048, 2048, 2048, 2048, 2049]","[2051, 2048, 2048, 2048, 2048, 2048, 2048, 2048]",299.0
1290,11334,41,13,2026-07-19T13:29:08.222000+00:00,31.586,50.725,29.928,311.0,202.0,False,112.239,"[None, 2048, 2048, 2048, 2048, 2048, 2048, 2048]","[2048, 2048, 2048, 2049, 2048, 2048, 2048, 2049, 2048, 2048, 2048, 2048]","[2048, 2048, 2048, 2048, 2048, 2048, 2048, 2048]",306.0
1290,11334,30,13,2026-07-19T13:29:09.132000+00:00,31.37,51.143,29.916,316.0,199.0,False,112.429,"[None, 2048, 2049, 2048, 2049, 2049, 2048, 2048]","[2048, 2048, 2048, 2048, 2048, 2048, 2049, 2049, 2049, 2048, 2048, 2048]","[2048, 2048, 2048, 2048, 2048, 2048, 2048, 2048]",314.0
1290,11334,10,13,2026-07-19T13:29:09.857000+00:00,31.341,51.373,29.877,322.0,194.0,False,112.591,"[None, 2048, 2048, 2048, 2048, 2048, 2048, 2048]","[2048, 2048, 2048, 2048, 2048, 2048, 2048, 2048, 2048, 2048, 2048, 2048]","[2048, 2048, 2048, 2048, 2048, 2049, 2048, 2048]",301.0
1290,11334,43,13,2026-07-19T13:29:10.813000+00:00,31.538,51.414,29.924,320.0,197.0,False,112.876,"[None, 2048, 2048, 2048, 2048, 2048, 2048, 2048]","[2048, 2048, 2048, 2048, 2048, 2048, 2048, 2048, 2048, 2048, 2048, 2048]","[2048, 2048, 2048, 2048, 2048, 2048, 2048, 2048]",302.0
1290,11334,5,13,2026-07-19T13:29:11.450000+00:00,31.656,51.123,30.101,318.0,193.0,False,112.88,"[None, 2048, 2048, 2049, 2048, 2048, 2048, 2048]","[2048, 2048, 2048, 2048, 2048, 2048, 2048, 2048, 2048, 2048, 2048, 2048]","[2048, 2048, 2048, 2048, 2048, 2048, 2048, 2048]",
1290,11334,27,13,2026-07-19T13:29:14.921000+00:00,31.859,51.194,29.959,303.0,196.0,False,113.012,"[None, 2048, 2048, 2048, 2048, 2048, 2048, 2048]","[2048, 2048, 2048, 2049, 2048, 2048, 2048, 2048, 2048, 2048, 2048, 2048]","[2048, 2048, 2048, 2048, 2048, 2049, 2048, 2048]",303.0
1290,11334,6,13,2026-07-19T13:29:15.594000+00:00,31.016,50.27,29.748,326.0,193.0,False,111.034,"[None, 2048, 2048, 2048, 2048, 2048, 2048, 2048]","[2048, 2048, 2048, 2048, 2048, 2048, 2048, 2049, 2048, 2048, 2048, 2048]","[2048, 2048, 2048, 2048, 2048, 2049, 2048, 2048]",295.0
1290,11334,23,13,2026-07-19T13:29:17.373000+00:00,31.646,51.686,30.233,316.0,191.0,False,113.565,"[2049, 2048, 2048, 2048, 2048, 2048, 2048, 2048]","[2048, 2048, 2048, 2048, 2048, 2048, 2048, 2048, 2048, 2048, 2048, 2048]","[2048, 2048, 2048, 2048, 2048, 2048, 2048, 2048]",299.0
1290,11334,87,13,2026-07-19T13:29:19.387000+00:00,31.746,51.609,29.724,322.0,197.0,False,113.079,"[None, 2048, 2048, 2049, 2049, 2049, 2048, 2048]","[2049, 2048, 2048, 2049, 2048, 2048, 2049, 2048, 2048, 2048, 2048, 2048]","[2048, 2048, 2048, 2048, 2048, 2049, 2048, 2048]",301.0
1290,11334,55,13,2026-07-19T13:29:19.503000+00:00,31.802,52.557,29.906,314.0,194.0,False,114.265,"[None, 2048, 2048, 2048, 2048, 2048, 2048, 2048]","[2048, 2048, 2048, 2048, 2048, 2048, 2048, 2048, 2048, 2048, 2048, 2048]","[2048, 2048, 2048, 2048, 2048, 2048, 2048, 2048]",
1290,11334,31,13,2026-07-19T13:29:27.469000+00:00,32.244,51.339,29.981,305.0,192.0,False,113.564,"[None, 2048, 2048, 2048, 2048, 2048, 2048, 2048]","[2048, 2048, 2048, 2048, 2048, 2048, 2048, 2048, 2048, 2048, 2048, 2048]","[2048, 2048, 2048, 2048, 2048, 2048, 2048, 2048]",
1290,11334,77,13,2026-07-19T13:29:34.201000+00:00,32.36,52.053,30.553,306.0,184.0,False,114.966,"[None, 2048, 2048, 2048, 2048, 2048, 2048, 2048]","[2048, 2048, 2048, 2048, 2048, 2049, 2048, 2048, 2048, 2048, 2048, 2048]","[2048, 2048, 2048, 2048, 2048, 2048, 2048, 2048]",291.0
1290,11334,14,13,2026-07-19T13:29:44.246000+00:00,32.888,52.061,30.71,289.0,192.0,False,115.659,"[None, 2048, 2048, 2048, 2048, 2048, 2048, 2048]","[2048, 2048, 2049, 2049, 2048, 2048, 2048, 2048, 2048, 2048, 2048, 2048]","[2048, 2048, 2048, 2048, 2048, 2048, 2048, 2048]",
1290,11334,18,13,2026-07-19T13:29:45.386000+00:00,32.826,52.49,30.714,298.0,190.0,False,116.03,"[2049, 2048, 2048, 2048, 2048, 2048, 2048, 2048]","[2048, 2048, 2048, 2048, 2048, 2048, 2048, 2048, 2048, 2048, 2048, 2048]","[2048, 2048, 2048, 2048, 2048, 2049, 2048, 2049]",288.0
1290,11334,11,13,2026-07-19T13:29:45.831000+00:00,59.863,60.891,40.135,232.0,161.0,True,160.889,"[2064, 2064, 2048, 2048, 2048, 2048, 2048, 2048]","[2048, 2048, 2048, 2048, 2048, 2048, 2048, 2048, 2048, 2048, 2048, 2048]","[2048, 2048, 2048, 2048, 2048, 2048, 2064, 2064]",202.0
1290,11334,12,14,2026-07-19T13:30:45.524000+00:00,31.446,49.762,29.776,,202.0,False,110.984,"[None, 2048, 2048, 2049, 2048, 2048, 2048, 2049]","[2048, 2048, 2048, 2048, 2048, 2048, 2048, 2048, 2048, 2048, 2048, 2048]","[2048, 2049, 2048, 2049, 2048, 2048, 2048, 2048]",298.0
1290,11334,3,14,2026-07-19T13:30:47.435000+00:00,31.62,49.641,29.881,,197.0,False,111.142,"[None, 2048, 2048, 2048, 2048, 2048, 2048, 2048]","[2048, 2048, 2049, 2048, 2048, 2048, 2048, 2051, 2048, 2048, 2048, 2048]","[2048, 2048, 2048, 2048, 2048, 2048, 2048, 2048]",287.0
1290,11334,16,14,2026-07-19T13:30:48.548000+00:00,31.588,49.914,29.53,317.0,203.0,False,111.032,"[None, 2048, 2048, 2048, 2048, 2048, 2048, 2048]","[2048, 2048, 2048, 2048, 2048, 2048, 2048, 2048, 2048, 2048, 2048, 2048]","[2049, 2049, 2049, 2048, 2048, 2048, 2048, 2048]",300.0
1290,11334,44,14,2026-07-19T13:30:49.676000+00:00,31.123,50.412,29.633,327.0,199.0,False,111.168,"[None, 2048, 2048, 2048, 2048, 2048, 2048, 2048]","[2048, 2048, 2048, 2048, 2048, 2049, 2049, 2048, 2048, 2048, 2048, 2048]","[2048, 2048, 2048, 2048, 2048, 2049, 2048, 2048]",302.0
1290,11334,81,14,2026-07-19T13:30:51.499000+00:00,31.75,50.509,29.896,315.0,202.0,False,112.155,"[None, 2048, 2048, 2048, 2048, 2048, 2048, 2048]","[2048, 2048, 2048, 2049, 2048, 2048, 2048, 2048, 2048, 2048, 2048, 2048]","[2048, 2048, 2048, 2048, 2048, 2048, 2048, 2048]",303.0
1290,11334,1,14,2026-07-19T13:30:57.804000+00:00,31.55,49.85,29.543,310.0,203.0,False,110.943,"[None, 2049, 2048, 2048, 2048, 2048, 2048, 2048]","[2048, 2049, 2048, 2049, 2048, 2049, 2048, 2049, 2048, 2048, 2048, 2048]","[2048, 2048, 2048, 2048, 2048, 2049, 2048, 2048]",301.0
1290,11334,41,14,2026-07-19T13:31:00.526000+00:00,31.491,50.683,29.876,310.0,204.0,False,112.05,"[None, 2048, 2048, 2048, 2048, 2048, 2048, 2048]","[2048, 2048, 2048, 2049, 2048, 2048, 2048, 2048, 2048, 2048, 2048, 2048]","[2048, 2048, 2048, 2048, 2048, 2048, 2048, 2048]",305.0
1290,11334,30,14,2026-07-19T13:31:01.646000+00:00,31.391,51.137,29.956,315.0,202.0,False,112.484,"[None, 2048, 2048, 2048, 2048, 2048, 2048, 2048]","[2049, 2048, 2048, 2048, 2048, 2048, 2048, 2048, 2048, 2048, 2048, 2048]","[2048, 2048, 2048, 2048, 2048, 2048, 2048, 2048]",305.0
1290,11334,10,14,2026-07-19T13:31:02.458000+00:00,31.275,51.318,34.344,321.0,197.0,False,116.937,"[None, 2048, 2048, 2048, 2048, 2048, 2048, 2048]","[2049, 2048, 2048, 2049, 2048, 2049, 2049, 2048, 2048, 2048, 2048, 2048]","[2048, 2048, 2048, 2048, 2048, 2048, 2064, 2064]",300.0
1290,11334,43,14,2026-07-19T13:31:03.721000+00:00,31.592,51.374,29.972,318.0,201.0,False,112.938,"[None, 2048, 2048, 2048, 2048, 2048, 2048, 2048]","[2048, 2048, 2048, 2048, 2048, 2048, 2048, 2048, 2048, 2048, 2048, 2048]","[2048, 2048, 2048, 2048, 2048, 2048, 2048, 2048]",300.0
1290,11334,5,14,2026-07-19T13:31:04.340000+00:00,31.673,51.116,30.111,319.0,196.0,False,112.9,"[None, 2048, 2048, 2048, 2048, 2048, 2048, 2048]","[2048, 2048, 2048, 2048, 2048, 2048, 2049, 2048, 2049, 2048, 2048, 2048]","[2048, 2048, 2048, 2048, 2048, 2048, 2048, 2048]",302.0
1290,11334,6,14,2026-07-19T13:31:06.626000+00:00,31.34,50.439,29.64,319.0,194.0,False,111.419,"[None, 2048, 2048, 2048, 2048, 2048, 2048, 2048]","[2048, 2048, 2048, 2048, 2048, 2048, 2049, 2048, 2048, 2048, 2048, 2048]","[2048, 2048, 2048, 2048, 2049, 2048, 2048, 2048]",292.0
1290,11334,27,14,2026-07-19T13:31:08.020000+00:00,31.867,50.607,29.993,310.0,197.0,False,112.467,"[None, 2049, 2048, 2048, 2048, 2048, 2048, 2048]","[2048, 2049, 2049, 2048, 2048, 2049, 2048, 2048, 2048, 2048, 2048, 2048]","[2048, 2048, 2048, 2048, 2048, 2048, 2048, 2048]",300.0
1290,11334,23,14,2026-07-19T13:31:10.969000+00:00,31.681,51.569,30.207,,194.0,False,113.457,"[2048, 2048, 2048, 2048, 2048, 2048, 2048, 2048]","[2048, 2048, 2048, 2049, 2048, 2048, 2048, 2048, 2048, 2048, 2048, 2048]","[2048, 2048, 2048, 2048, 2048, 2048, 2048, 2048]",297.0
1290,11334,87,14,2026-07-19T13:31:12.302000+00:00,32.055,51.325,29.62,312.0,199.0,False,113.0,"[None, 2048, 2048, 2048, 2048, 2048, 2048, 2048]","[2048, 2048, 2048, 2049, 2048, 2048, 2048, 2048, 2048, 2049, 2048, 2048]","[2048, 2048, 2048, 2048, 2048, 2048, 2048, 2048]",294.0
1290,11334,55,14,2026-07-19T13:31:13.599000+00:00,31.416,52.019,34.339,325.0,195.0,False,117.774,"[None, 2048, 2048, 2048, 2048, 2048, 2048, 2048]","[2048, 2048, 2048, 2048, 2048, 2048, 2048, 2048, 2048, 2048, 2048, 2048]","[2048, 2048, 2048, 2048, 2048, 2049, 2064, 2064]",
1290,11334,31,14,2026-07-19T13:31:21.042000+00:00,32.137,51.283,29.93,307.0,198.0,False,113.35,"[None, 2048, 2048, 2048, 2048, 2048, 2048, 2048]","[2049, 2048, 2048, 2048, 2048, 2048, 2048, 2049, 2048, 2048, 2048, 2048]","[2048, 2048, 2048, 2048, 2048, 2048, 2048, 2048]",
1290,11334,77,14,2026-07-19T13:31:29.369000+00:00,32.382,52.04,30.363,,196.0,False,114.785,"[None, 2048, 2048, 2048, 2048, 2048, 2048, 2048]","[2048, 2048, 2049, 2049, 2048, 2048, 2048, 2048, 2048, 2048, 2048, 2048]","[2048, 2048, 2048, 2048, 2048, 2048, 2048, 2048]",
1290,11334,14,14,2026-07-19T13:31:39.931000+00:00,33.056,52.276,30.846,291.0,196.0,False,116.178,"[None, 2048, 2048, 2048, 2048, 2048, 2048, 2048]","[2048, 2048, 2048, 2048, 2048, 2048, 2048, 2048, 2048, 2048, 2048, 2048]","[2049, 2048, 2048, 2048, 2048, 2048, 2048, 2048]",288.0
1290,11334,18,14,2026-07-19T13:31:41.543000+00:00,32.957,52.48,30.848,297.0,192.0,False,116.285,"[2048, 2048, 2048, 2048, 2048, 2048, 2048, 2048]","[2048, 2048, 2048, 2048, 2048, 2048, 2048, 2049, 2048, 2048, 2048, 2048]","[2048, 2048, 2048, 2048, 2048, 2048, 2048, 2048]",
1290,11334,11,14,2026-07-19T13:32:26.680000+00:00,,,,,,False,,,,,
1290,11334,12,15,2026-07-19T13:32:36.508000+00:00,31.418,49.812,29.883,310.0,202.0,False,111.113,"[None, 2048, 2048, 2048, 2049, 2048, 2049, 2049]","[2049, 2048, 2048, 2048, 2048, 2048, 2048, 2048, 2048, 2048, 2048, 2048]","[2048, 2049, 2048, 2048, 2048, 2048, 2048, 2048]",
1290,11334,3,15,2026-07-19T13:32:38.614000+00:00,31.668,49.78,29.793,,198.0,False,111.241,"[None, 2048, 2048, 2048, 2048, 2048, 2048, 2048]","[2048, 2048, 2049, 2048, 2048, 2048, 2048, 2051, 2048, 2048, 2048, 2048]","[2048, 2048, 2048, 2048, 2048, 2048, 2048, 2048]",285.0
1290,11334,16,15,2026-07-19T13:32:39.630000+00:00,31.584,50.041,29.481,,204.0,False,111.106,"[None, 2048, 2048, 2048, 2048, 2048, 2048, 2048]","[2048, 2048, 2048, 2048, 2048, 2048, 2048, 2048, 2048, 2048, 2048, 2048]","[2049, 2049, 2049, 2048, 2048, 2048, 2048, 2048]",
1290,11334,44,15,2026-07-19T13:32:40.767000+00:00,31.251,50.556,29.615,323.0,200.0,False,111.422,"[None, 2048, 2048, 2048, 2048, 2048, 2048, 2048]","[2048, 2048, 2048, 2049, 2048, 2048, 2048, 2048, 2048, 2048, 2048, 2048]","[2048, 2048, 2048, 2048, 2048, 2049, 2048, 2048]",303.0
1290,11334,81,15,2026-07-19T13:32:43.623000+00:00,31.526,50.61,29.908,,200.0,False,112.044,"[None, 2048, 2048, 2048, 2048, 2048, 2048, 2048]","[2048, 2048, 2048, 2048, 2048, 2048, 2048, 2048, 2048, 2048, 2048, 2048]","[2048, 2048, 2048, 2048, 2048, 2048, 2048, 2048]",304.0
1290,11334,1,15,2026-07-19T13:32:48.800000+00:00,,49.733,29.38,,204.0,False,110.663,"[2049, 2049, 2048, 2048, 2048, 2048, 2048, 2048]","[2051, 2048, 2048, 2049, 2048, 2048, 2048, 2049, 2048, 2048, 2048, 2049]","[2048, 2048, 2048, 2048, 2048, 2049, 2048, 2048]",300.0
1290,11334,41,15,2026-07-19T13:32:52.570000+00:00,31.665,50.736,29.915,308.0,204.0,False,112.316,"[None, 2048, 2048, 2048, 2048, 2048, 2048, 2048]","[2048, 2048, 2048, 2048, 2048, 2048, 2048, 2049, 2048, 2048, 2048, 2048]","[2048, 2048, 2048, 2048, 2048, 2048, 2048, 2048]",304.0
1290,11334,30,15,2026-07-19T13:32:54.083000+00:00,31.623,51.01,33.948,311.0,200.0,False,116.581,"[None, 2048, 2048, 2048, 2048, 2048, 2048, 2048]","[2048, 2048, 2048, 2048, 2048, 2048, 2048, 2048, 2048, 2048, 2048, 2048]","[2048, 2048, 2049, 2049, 2049, 2048, 2064, 2064]",306.0
1290,11334,43,15,2026-07-19T13:32:56.491000+00:00,31.642,51.089,34.675,314.0,198.0,False,117.406,"[None, 2048, 2048, 2048, 2048, 2048, 2048, 2048]","[2049, 2048, 2048, 2048, 2048, 2048, 2048, 2048, 2048, 2048, 2048, 2048]","[2048, 2048, 2048, 2048, 2048, 2048, 2064, 2064]",
1290,11334,5,15,2026-07-19T13:32:57.100000+00:00,31.809,51.595,30.056,325.0,195.0,False,113.46,"[None, 2048, 2048, 2048, 2048, 2048, 2048, 2048]","[2048, 2048, 2048, 2048, 2048, 2048, 2048, 2048, 2048, 2048, 2048, 2048]","[2048, 2048, 2048, 2048, 2048, 2048, 2048, 2048]",292.0
1290,11334,6,15,2026-07-19T13:32:58.060000+00:00,30.875,51.049,30.024,326.0,193.0,False,111.948,"[None, 2048, 2048, 2048, 2048, 2048, 2048, 2048]","[2048, 2048, 2048, 2048, 2048, 2048, 2048, 2048, 2048, 2048, 2048, 2048]","[2048, 2049, 2048, 2048, 2048, 2048, 2048, 2048]",299.0
1290,11334,10,15,2026-07-19T13:32:59.478000+00:00,47.496,50.49,29.676,322.0,206.0,True,127.662,"[2064, 2064, 2048, 2048, 2048, 2048, 2048, 2048]","[2049, 2048, 2049, 2049, 2049, 2048, 2048, 2048, 2051, 2049, 2049, 2049]","[2049, 2048, 2048, 2048, 2048, 2049, 2048, 2048]",293.0
1290,11334,27,15,2026-07-19T13:33:00.531000+00:00,31.805,50.544,30.081,308.0,199.0,False,112.43,"[None, 2049, 2048, 2048, 2048, 2048, 2048, 2048]","[2048, 2048, 2048, 2048, 2048, 2049, 2048, 2048, 2048, 2048, 2048, 2048]","[2048, 2048, 2048, 2048, 2048, 2048, 2048, 2048]",302.0
1290,11334,23,15,2026-07-19T13:33:04.460000+00:00,31.735,51.491,30.264,314.0,198.0,False,113.49,"[None, 2048, 2048, 2048, 2048, 2048, 2048, 2048]","[2048, 2048, 2048, 2048, 2048, 2048, 2048, 2048, 2048, 2048, 2048, 2048]","[2048, 2048, 2048, 2048, 2048, 2048, 2048, 2048]",
1290,11334,87,15,2026-07-19T13:33:05.301000+00:00,31.747,51.565,30.006,324.0,200.0,False,113.318,"[None, 2048, 2048, 2048, 2048, 2048, 2048, 2048]","[2048, 2048, 2048, 2049, 2048, 2048, 2048, 2048, 2048, 2048, 2048, 2049]","[2048, 2048, 2048, 2048, 2048, 2048, 2048, 2048]",295.0
1290,11334,55,15,2026-07-19T13:33:11.325000+00:00,58.89,51.681,29.506,311.0,196.0,True,140.077,"[2064, 2064, 2048, 2048, 2048, 2048, 2048, 2048]","[2048, 2048, 2048, 2049, 2048, 2048, 2048, 2048, 2049, 2048, 2048, 2048]","[2048, 2048, 2048, 2049, 2048, 2049, 2048, 2048]",289.0
1290,11334,31,15,2026-07-19T13:33:14.352000+00:00,32.152,51.847,29.617,305.0,198.0,False,113.616,"[None, 2048, 2048, 2048, 2048, 2048, 2048, 2048]","[2048, 2048, 2048, 2048, 2048, 2048, 2048, 2048, 2048, 2048, 2048, 2048]","[2048, 2048, 2048, 2049, 2049, 2048, 2048, 2048]",291.0
1290,11334,77,15,2026-07-19T13:33:24.040000+00:00,32.195,52.457,30.24,305.0,196.0,False,114.892,"[None, 2048, 2048, 2048, 2048, 2048, 2048, 2048]","[2048, 2048, 2048, 2048, 2048, 2048, 2048, 2048, 2048, 2048, 2048, 2048]","[2048, 2048, 2048, 2048, 2048, 2049, 2048, 2048]",292.0
1290,11334,14,15,2026-07-19T13:33:36.072000+00:00,33.158,52.273,30.996,290.0,194.0,False,116.427,"[None, 2048, 2048, 2048, 2048, 2048, 2048, 2048]","[2048, 2049, 2049, 2048, 2048, 2048, 2048, 2048, 2048, 2048, 2048, 2048]","[2048, 2048, 2048, 2048, 2048, 2048, 2048, 2048]",289.0
1290,11334,18,15,2026-07-19T13:33:37.738000+00:00,32.708,53.261,30.793,291.0,193.0,False,116.762,"[None, 2048, 2048, 2048, 2048, 2048, 2048, 2048]","[2048, 2048, 2048, 2048, 2048, 2048, 2048, 2048, 2048, 2048, 2048, 2048]","[2048, 2048, 2048, 2048, 2048, 2048, 2048, 2048]",285.0
1290,11334,12,16,2026-07-19T13:34:27.713000+00:00,31.471,49.853,29.855,308.0,202.0,False,111.179,"[None, 2048, 2048, 2049, 2049, 2048, 2048, 2048]","[2048, 2048, 2048, 2048, 2048, 2048, 2048, 2048, 2048, 2048, 2048, 2048]","[2048, 2048, 2048, 2048, 2048, 2048, 2048, 2048]",
1290,11334,3,16,2026-07-19T13:34:29.899000+00:00,31.692,49.855,29.771,,198.0,False,111.318,"[None, 2048, 2048, 2048, 2048, 2048, 2048, 2048]","[2048, 2048, 2048, 2048, 2048, 2048, 2048, 2048, 2048, 2048, 2048, 2048]","[2048, 2048, 2048, 2048, 2048, 2048, 2048, 2048]",287.0
1290,11334,16,16,2026-07-19T13:34:30.696000+00:00,31.534,50.287,29.548,318.0,203.0,False,111.369,"[None, 2048, 2048, 2048, 2048, 2048, 2048, 2048]","[2048, 2048, 2048, 2049, 2048, 2048, 2048, 2048, 2048, 2048, 2048, 2048]","[2048, 2048, 2048, 2048, 2048, 2048, 2048, 2048]",
1290,11334,44,16,2026-07-19T13:34:32.206000+00:00,31.361,50.7,29.708,320.0,199.0,False,111.769,"[None, 2048, 2048, 2048, 2048, 2048, 2048, 2048]","[2049, 2048, 2048, 2048, 2048, 2048, 2048, 2048, 2048, 2048, 2048, 2048]","[2048, 2048, 2048, 2048, 2048, 2048, 2048, 2048]",302.0
1290,11334,81,16,2026-07-19T13:34:35.644000+00:00,31.509,50.694,29.972,314.0,202.0,False,112.175,"[None, 2048, 2048, 2048, 2048, 2048, 2048, 2048]","[2048, 2048, 2048, 2048, 2048, 2048, 2048, 2048, 2048, 2048, 2048, 2048]","[2048, 2048, 2048, 2048, 2048, 2048, 2048, 2048]",303.0
1290,11334,1,16,2026-07-19T13:34:39.418000+00:00,31.602,50.02,29.441,311.0,203.0,False,111.063,"[2048, 2048, 2048, 2048, 2048, 2048, 2048, 2048]","[2048, 2049, 2048, 2048, 2048, 2048, 2048, 2048, 2048, 2048, 2048, 2048]","[2048, 2048, 2048, 2048, 2048, 2048, 2048, 2048]",
1290,11334,41,16,2026-07-19T13:34:44.872000+00:00,31.595,50.646,34.438,,205.0,False,116.679,"[None, 2048, 2048, 2048, 2048, 2048, 2048, 2048]","[2048, 2049, 2048, 2049, 2048, 2048, 2048, 2049, 2048, 2048, 2048, 2048]","[2049, 2048, 2048, 2048, 2048, 2048, 2064, 2064]",
1290,11334,6,16,2026-07-19T13:34:49.987000+00:00,31.604,50.279,29.841,315.0,192.0,False,111.724,"[None, 2048, 2048, 2048, 2048, 2048, 2048, 2048]","[2048, 2048, 2048, 2048, 2048, 2049, 2048, 2048, 2048, 2048, 2048, 2049]","[2048, 2048, 2048, 2048, 2048, 2049, 2048, 2048]",290.0
1290,11334,5,16,2026-07-19T13:34:50.742000+00:00,31.855,50.665,29.906,313.0,196.0,False,112.426,"[None, 2048, 2048, 2048, 2048, 2048, 2048, 2048]","[2048, 2048, 2048, 2048, 2048, 2048, 2048, 2048, 2048, 2048, 2048, 2048]","[2048, 2048, 2048, 2048, 2048, 2049, 2048]",302.0
1290,11334,30,16,2026-07-19T13:34:50.742000+00:00,47.078,50.363,29.549,302.0,206.0,True,126.99,"[2064, 2064, 2048, 2048, 2048, 2048, 2048, 2048]","[2048, 2048, 2049, 2048, 2049, 2048, 2049, 2049, 2049, 2048, 2049, 2048]","[2048, 2048, 2048, 2048, 2048, 2049, 2048, 2048]",297.0
1290,11334,27,16,2026-07-19T13:34:52.941000+00:00,31.836,50.625,30.006,309.0,195.0,False,112.467,"[None, 2048, 2048, 2048, 2048, 2048, 2048, 2048]","[2048, 2049, 2048, 2048, 2048, 2048, 2048, 2048, 2048, 2048, 2048, 2048]","[2048, 2048, 2048, 2048, 2048, 2048, 2048, 2048]",301.0
1290,11334,43,16,2026-07-19T13:34:54.038000+00:00,47.655,50.262,29.711,317.0,204.0,True,127.628,"[2064, 2064, 2048, 2048, 2048, 2048, 2048, 2048]","[2048, 2049, 2049, 2049, 2049, 2048, 2049, 2049, 2049, 2048, 2048, 2048]","[2049, 2049, 2049, 2049, 2049, 2048, 2049, 2049]",290.0
1290,11334,23,16,2026-07-19T13:34:57.949000+00:00,31.617,51.437,30.321,313.0,195.0,False,113.375,"[None, 2048, 2048, 2048, 2048, 2048, 2048, 2048]","[2048, 2048, 2048, 2048, 2048, 2048, 2048, 2048, 2048, 2048, 2048, 2048]","[2048, 2048, 2048, 2048, 2048, 2048, 2048, 2048]",298.0
1290,11334,87,16,2026-07-19T13:34:58.613000+00:00,31.622,51.661,29.968,326.0,200.0,False,113.251,"[None, 2048, 2048, 2048, 2048, 2048, 2048, 2048]","[2048, 2048, 2048, 2048, 2048, 2048, 2048, 2048, 2048, 2048, 2048, 2049]","[2048, 2048, 2048, 2048, 2048, 2048, 2048, 2048]",
1290,11334,10,16,2026-07-19T13:35:07.074000+00:00,31.269,50.818,29.494,318.0,204.0,False,111.581,"[2048, 2049, 2048, 2048, 2048, 2048, 2048, 2048]","[2048, 2048, 2048, 2048, 2048, 2049, 2048, 2048, 2048, 2048, 2048, 2048]","[2048, 2048, 2048, 2048, 2048, 2048, 2048]",295.0
1290,11334,31,16,2026-07-19T13:35:07.886000+00:00,31.887,51.683,34.452,315.0,202.0,False,118.022,"[None, 2048, 2048, 2048, 2048, 2048, 2048, 2048]","[2048, 2048, 2048, 2048, 2048, 2048, 2048, 2048, 2048, 2048, 2048, 2048]","[2048, 2048, 2048, 2048, 2048, 2048, 2064, 2064]",294.0
1290,11334,77,16,2026-07-19T13:35:18.897000+00:00,32.169,51.875,30.273,,196.0,False,114.317,"[None, 2048, 2048, 2048, 2048, 2048, 2048, 2048]","[2048, 2048, 2048, 2048, 2048, 2048, 2048, 2048, 2048, 2048, 2048, 2049]","[2048, 2048, 2048, 2048, 2048, 2048, 2048, 2048]",
1290,11334,55,16,2026-07-19T13:35:31.490000+00:00,31.855,50.583,29.821,307.0,200.0,False,112.259,"[2048, 2049, 2048, 2048, 2048, 2048, 2048, 2048]","[2048, 2049, 2049, 2049, 2049, 2049, 2048, 2048, 2048, 2049, 2049, 2049]","[2048, 2048, 2048, 2048, 2048, 2048, 2048, 2048]",296.0
1290,11334,14,16,2026-07-19T13:35:32.558000+00:00,32.508,52.206,30.605,302.0,197.0,False,115.319,"[None, 2048, 2048, 2048, 2048, 2048, 2048, 2048]","[2048, 2048, 2048, 2048, 2048, 2048, 2049, 2048, 2048, 2048, 2048, 2049]","[2049, 2048, 2048, 2048, 2048, 2048, 2048, 2048]",292.0
1290,11334,18,16,2026-07-19T13:35:34.541000+00:00,33.167,52.331,30.797,292.0,195.0,False,116.295,"[None, 2048, 2048, 2048, 2048, 2048, 2048, 2048]","[2048, 2049, 2049, 2049, 2048, 2049, 2048, 2048, 2048, 2048, 2048, 2048]","[2048, 2048, 2048, 2048, 2048, 2049, 2048, 2048]",286.0
1290,11334,12,17,2026-07-19T13:36:18.872000+00:00,31.432,49.784,29.752,,202.0,False,110.968,"[2049, 2048, 2048, 2048, 2048, 2048, 2048, 2048]","[2049, 2048, 2048, 2048, 2048, 2048, 2048, 2049, 2048, 2048, 2048, 2048]","[2048, 2049, 2049, 2049, 2048, 2048, 2048, 2048]",
1290,11334,3,17,2026-07-19T13:36:21.122000+00:00,31.71,49.777,34.231,,197.0,False,115.718,"[None, 2048, 2048, 2048, 2048, 2048, 2048, 2048]","[2048, 2048, 2048, 2048, 2048, 2048, 2048, 2048, 2048, 2048, 2048, 2048]","[2048, 2048, 2048, 2048, 2048, 2048, 2064, 2064]",286.0
1290,11334,16,17,2026-07-19T13:36:22.026000+00:00,31.579,50.075,29.582,319.0,202.0,False,111.236,"[None, 2048, 2048, 2048, 2048, 2048, 2048, 2048]","[2048, 2048, 2048, 2048, 2048, 2048, 2048, 2048, 2048, 2048, 2048, 2048]","[2048, 2048, 2048, 2048, 2048, 2048, 2048, 2048]",
1290,11334,44,17,2026-07-19T13:36:23.943000+00:00,31.414,50.465,29.685,317.0,198.0,False,111.564,"[None, 2048, 2048, 2048, 2048, 2048, 2048, 2048]","[2051, 2048, 2048, 2049, 2048, 2048, 2048, 2048, 2048, 2048, 2048, 2048]","[2048, 2048, 2048, 2048, 2048, 2048, 2048, 2048]",301.0
1290,11334,81,17,2026-07-19T13:36:27.873000+00:00,31.614,50.525,29.935,312.0,202.0,False,112.074,"[None, 2048, 2048, 2048, 2048, 2048, 2048, 2048]","[2048, 2048, 2048, 2049, 2048, 2048, 2048, 2048, 2048, 2048, 2048, 2048]","[2048, 2048, 2048, 2048, 2048, 2048, 2048, 2048]",302.0
1290,11334,1,17,2026-07-19T13:36:30.461000+00:00,31.639,49.899,29.362,312.0,204.0,False,110.9,"[None, 2048, 2048, 2048, 2048, 2048, 2048, 2048]","[2048, 2048, 2048, 2048, 2048, 2048, 2048, 2048, 2048, 2048, 2048, 2048]","[2048, 2049, 2048, 2048, 2048, 2048, 2048, 2048]",
1290,11334,41,17,2026-07-19T13:36:41.551000+00:00,48.037,50.98,29.527,304.0,208.0,True,128.544,"[2064, 2064, 2048, 2048, 2048, 2048, 2048, 2048]","[2048, 2048, 2048, 2048, 2048, 2048, 2048, 2048, 2049, 2048, 2049, 2049]","[2051, 2048, 2048, 2048, 2048, 2049, 2048, 2048]",294.0
1290,11334,6,17,2026-07-19T13:36:41.806000+00:00,31.693,50.016,29.713,310.0,194.0,False,111.422,"[None, 2048, 2048, 2048, 2048, 2048, 2048, 2048]","[2048, 2049, 2048, 2048, 2048, 2049, 2048, 2049, 2048, 2048, 2048, 2048]","[2049, 2048, 2048, 2048, 2048, 2049, 2048, 2048]",287.0
1290,11334,5,17,2026-07-19T13:36:42.972000+00:00,31.946,50.239,30.089,307.0,200.0,False,112.274,"[None, 2048, 2048, 2048, 2048, 2048, 2048, 2048]","[2048, 2048, 2048, 2048, 2048, 2048, 2048, 2048, 2048, 2048, 2048, 2049]","[2049, 2048, 2048, 2048, 2048, 2049, 2048, 2048]",300.0
1290,11334,27,17,2026-07-19T13:36:45.345000+00:00,31.886,50.183,29.987,,201.0,False,112.056,"[None, 2048, 2048, 2048, 2048, 2048, 2048, 2048]","[2048, 2049, 2049, 2048, 2048, 2048, 2048, 2048, 2048, 2049, 2049, 2049]","[2048, 2048, 2048, 2048, 2048, 2048, 2048, 2048]",300.0
1290,11334,23,17,2026-07-19T13:36:51.353000+00:00,31.743,51.399,30.512,310.0,197.0,False,113.654,"[None, 2048, 2048, 2048, 2048, 2048, 2048, 2048]","[2048, 2048, 2048, 2048, 2048, 2048, 2048, 2048, 2048, 2048, 2048, 2048]","[2048, 2048, 2048, 2048, 2048, 2048, 2048, 2048]",297.0
1290,11334,87,17,2026-07-19T13:36:51.821000+00:00,31.723,51.772,30.014,328.0,201.0,False,113.509,"[None, 2048, 2048, 2048, 2048, 2048, 2048, 2048]","[2048, 2048, 2048, 2048, 2048, 2048, 2048, 2048, 2048, 2048, 2048, 2048]","[2048, 2048, 2048, 2048, 2048, 2048, 2048, 2048]",294.0
1290,11334,30,17,2026-07-19T13:36:57.577000+00:00,31.938,51.957,29.495,313.0,206.0,False,113.39,"[2048, 2049, 2048, 2048, 2048, 2048, 2048, 2048]","[2049, 2048, 2048, 2048, 2048, 2048, 2048, 2048, 2048, 2048, 2048, 2048]","[2049, 2049, 2049, 2048, 2048, 2048, 2048, 2048]",293.0
1290,11334,10,17,2026-07-19T13:36:58.633000+00:00,31.195,52.24,29.524,320.0,202.0,False,112.959,"[None, 2048, 2048, 2048, 2048, 2048, 2048, 2048]","[2048, 2048, 2048, 2048, 2048, 2048, 2048, 2048, 2048, 2048, 2048, 2048]","[2048, 2048, 2048, 2048, 2048, 2048, 2048, 2048]",299.0
1290,11334,43,17,2026-07-19T13:37:01.720000+00:00,31.487,50.492,29.639,311.0,204.0,False,111.618,"[2049, 2048, 2048, 2048, 2048, 2048, 2048, 2048]","[2048, 2048, 2048, 2048, 2048, 2049, 2048, 2049, 2048, 2048, 2048, 2048]","[2048, 2048, 2048, 2048, 2048, 2048, 2048, 2048]",298.0
1290,11334,31,17,2026-07-19T13:37:05.977000+00:00,47.214,50.44,29.742,306.0,207.0,True,127.396,"[2064, 2064, 2048, 2048, 2048, 2048, 2048, 2048]","[2048, 2049, 2049, 2049, 2049, 2048, 2049, 2049, 2049, 2049, 2049, 2049]","[2049, 2049, 2048, 2048, 2048, 2048, 2048, 2048]",290.0
1290,11334,77,17,2026-07-19T13:37:13.284000+00:00,32.232,51.772,30.133,,196.0,False,114.137,"[None, 2048, 2048, 2048, 2048, 2048, 2048, 2048]","[2048, 2048, 2049, 2048, 2048, 2048, 2048, 2048, 2048, 2048, 2048, 2048]","[2048, 2048, 2048, 2048, 2048, 2048, 2048, 2048]",291.0
1290,11334,55,17,2026-07-19T13:37:23.766000+00:00,31.52,50.717,29.713,313.0,198.0,False,111.95,"[None, 2048, 2048, 2048, 2048, 2048, 2048, 2048]","[2048, 2048, 2049, 2048, 2048, 2048, 2048, 2048, 2048, 2048, 2048, 2048]","[2048, 2048, 2048, 2048, 2048, 2048, 2048, 2048]",298.0
1290,11334,14,17,2026-07-19T13:37:27.772000+00:00,32.881,51.922,34.945,293.0,196.0,False,119.748,"[None, 2048, 2048, 2048, 2048, 2048, 2048, 2048]","[2048, 2049, 2048, 2048, 2048, 2048, 2048, 2048, 2048, 2048, 2048, 2049]","[2048, 2048, 2048, 2048, 2048, 2048, 2048, 2048]",291.0
1290,11334,18,17,2026-07-19T13:37:30.935000+00:00,32.791,52.28,36.653,298.0,193.0,False,121.724,"[2049, 2048, 2048, 2048, 2048, 2048, 2048, 2048]","[2049, 2048, 2048, 2048, 2048, 2048, 2049, 2048, 2048, 2048, 2048, 2048]","[2048, 2048, 2048, 2048, 2048, 2048, 2064, 2064]",289.0
1290,11334,12,18,2026-07-19T13:38:09.872000+00:00,31.505,55.212,40.041,307.0,131.0,False,126.758,"[2048, 2048, 2048, 2048, 2048, 2048, 2048, 2048]","[2048, 2049, 2051, 2048, 2048, 2048, 2048, 2048, 2048, 2048, 2048, 2048]","[2048, 2048, 2048, 2048, 2048, 2048, 2064, 2064]",299.0
1290,11334,16,18,2026-07-19T13:38:13.193000+00:00,31.67,56.518,35.461,311.0,158.0,False,123.649,"[None, 2048, 2048, 2048, 2048, 2048, 2048, 2048]","[2051, 2048, 2048, 2049, 2048, 2048, 2048, 2048, 2048, 2048, 2048, 2048]","[2048, 2048, 2048, 2048, 2048, 2048, 2048, 2048]",298.0
1290,11334,44,18,2026-07-19T13:38:15.528000+00:00,31.504,57.643,33.713,314.0,149.0,False,122.86,"[None, 2048, 2048, 2048, 2048, 2048, 2048, 2048]","[2048, 2049, 2048, 2048, 2048, 2048, 2048, 2048, 2048, 2048, 2048, 2048]","[2048, 2048, 2048, 2048, 2051, 2049, 2048, 2048]",
1290,11334,3,18,2026-07-19T13:38:16.886000+00:00,46.038,61.121,29.937,307.0,202.0,True,137.096,"[2064, 2064, 2048, 2048, 2048, 2048, 2048, 2048]","[2048, 2051, 2049, 2048, 2048, 2048, 2048, 2048, 2048, 2048, 2048, 2048]","[2048, 2048, 2048, 2048, 2048, 2048, 2049, 2049]",284.0
1290,11334,81,18,2026-07-19T13:38:19.914000+00:00,31.628,59.511,32.169,310.0,134.0,False,123.308,"[None, 2048, 2048, 2048, 2048, 2048, 2048, 2048]","[2049, 2048, 2048, 2048, 2048, 2048, 2048, 2048, 2048, 2048, 2048, 2048]","[2048, 2048, 2048, 2049, 2049, 2048, 2048, 2048]",
1290,11334,1,18,2026-07-19T13:38:21.390000+00:00,31.432,59.733,31.409,316.0,119.0,False,122.574,"[None, 2048, 2048, 2048, 2048, 2048, 2048, 2048]","[2048, 2048, 2048, 2048, 2048, 2048, 2048, 2048, 2048, 2048, 2048, 2048]","[2048, 2048, 2048, 2048, 2048, 2048, 2048, 2048]",303.0
1290,11334,6,18,2026-07-19T13:38:33.153000+00:00,31.664,61.82,29.724,313.0,200.0,False,123.208,"[None, 2048, 2048, 2048, 2048, 2048, 2048, 2048]","[2048, 2048, 2048, 2048, 2048, 2048, 2048, 2048, 2048, 2048, 2048, 2048]","[2049, 2048, 2048, 2048, 2048, 2048, 2048, 2048]",291.0
1290,11334,5,18,2026-07-19T13:38:35.264000+00:00,31.835,61.638,30.116,,199.0,False,123.589,"[None, 2048, 2048, 2048, 2048, 2048, 2048, 2048]","[2049, 2048, 2048, 2048, 2048, 2048, 2048, 2048, 2048, 2048, 2048, 2048]","[2048, 2048, 2048, 2048, 2048, 2048, 2048, 2048]",301.0
1290,11334,27,18,2026-07-19T13:38:37.410000+00:00,31.91,61.782,29.988,307.0,198.0,False,123.68,"[None, 2048, 2048, 2048, 2048, 2048, 2048, 2048]","[2049, 2048, 2048, 2048, 2048, 2048, 2048, 2048, 2048, 2048, 2048, 2048]","[2048, 2048, 2048, 2048, 2048, 2048, 2048, 2048]",
1290,11334,23,18,2026-07-19T13:38:44.882000+00:00,31.888,62.355,34.77,252.0,196.0,False,129.013,"[None, 2048, 2048, 2048, 2048, 2048, 2048, 2048]","[2048, 2048, 2048, 2048, 2048, 2048, 2048, 2048, 2048, 2048, 2048, 2048]","[2048, 2048, 2048, 2049, 2048, 2048, 2064, 2064]",
1290,11334,87,18,2026-07-19T13:38:45.352000+00:00,32.074,62.268,29.916,202.0,197.0,False,124.258,"[None, 2048, 2048, 2048, 2048, 2048, 2048, 2048]","[2048, 2048, 2048, 2048, 2048, 2048, 2048, 2048, 2048, 2048, 2048, 2048]","[2048, 2049, 2048, 2048, 2048, 2048, 2048, 2048]",296.0
1290,11334,41,18,2026-07-19T13:38:50.129000+00:00,36.088,57.359,30.236,244.0,207.0,False,123.683,"[2048, 2049, 2049, 2048, 2048, 2048, 2048, 2048]","[2048, 2048, 2048, 2048, 2048, 2048, 2048, 2048, 2048, 2048, 2048, 2048]","[2048, 2048, 2048, 2048, 2048, 2048, 2048]",304.0
1290,11334,30,18,2026-07-19T13:38:51.072000+00:00,38.986,54.991,30.133,224.0,205.0,False,124.11,"[None, 2049, 2048, 2048, 2048, 2048, 2048, 2048]","[2048, 2048, 2048, 2048, 2048, 2048, 2048, 2048, 2048, 2049, 2048, 2048]","[2048, 2048, 2048, 2048, 2048, 2048, 2048, 2048]",311.0
1290,11334,10,18,2026-07-19T13:38:51.622000+00:00,40.247,53.974,29.661,192.0,201.0,False,123.882,"[None, 2048, 2048, 2048, 2048, 2048, 2048, 2048]","[2048, 2048, 2048, 2048, 2048, 2048, 2048, 2048, 2048, 2048, 2048, 2048]","[2048, 2048, 2048, 2048, 2048, 2048, 2048, 2048]",303.0
1290,11334,43,18,2026-07-19T13:38:53.286000+00:00,40.916,53.006,29.902,220.0,203.0,False,123.824,"[2048, 2049, 2048, 2048, 2048, 2048, 2048, 2048]","[2048, 2048, 2048, 2048, 2049, 2048, 2048, 2048, 2048, 2048, 2048, 2048]","[2048, 2048, 2048, 2048, 2048, 2049, 2048, 2048]",299.0
1290,11334,77,18,2026-07-19T13:39:07.403000+00:00,41.458,55.132,30.454,231.0,195.0,False,127.044,"[None, 2048, 2048, 2048, 2048, 2048, 2048, 2048]","[2048, 2048, 2048, 2048, 2048, 2048, 2049, 2048, 2048, 2048, 2048, 2048]","[2048, 2048, 2048, 2048, 2048, 2048, 2048, 2048]",209.0
1290,11334,31,18,2026-07-19T13:39:13.413000+00:00,43.358,51.268,29.732,243.0,203.0,False,124.358,"[2048, 2048, 2048, 2048, 2048, 2048, 2048, 2048]","[2048, 2048, 2048, 2048, 2048, 2049, 2049, 2049, 2048, 2048, 2048, 2048]","[2048, 2048, 2048, 2048, 2048, 2048, 2048, 2048]",224.0
1290,11334,55,18,2026-07-19T13:39:15.626000+00:00,43.738,50.823,29.739,280.0,203.0,False,124.3,"[None, 2048, 2048, 2048, 2048, 2048, 2048, 2048]","[2048, 2048, 2049, 2048, 2048, 2048, 2049, 2048, 2049, 2048, 2048, 2049]","[2049, 2048, 2048, 2048, 2048, 2048, 2048, 2048]",256.0
1290,11334,14,18,2026-07-19T13:39:27.610000+00:00,40.283,52.197,30.786,298.0,197.0,False,123.266,"[None, 2048, 2048, 2048, 2048, 2048, 2048, 2048]","[2048, 2048, 2048, 2048, 2048, 2048, 2048, 2048, 2048, 2048, 2048, 2048]","[2048, 2048, 2048, 2048, 2048, 2048, 2048, 2048]",286.0
1290,11334,18,18,2026-07-19T13:39:32.603000+00:00,55.237,50.966,30.617,296.0,199.0,True,136.82,"[2064, 2064, 2048, 2048, 2048, 2048, 2048, 2048]","[2048, 2049, 2049, 2049, 2049, 2049, 2049, 2048, 2048, 2049, 2049, 2049]","[2049, 2048, 2048, 2048, 2048, 2049, 2049, 2049]",288.0
1290,11334,12,19,2026-07-19T13:40:16.575000+00:00,46.389,49.204,29.245,311.0,207.0,True,124.838,"[2064, 2064, 2048, 2048, 2049, 2049, 2049, 2049]","[2048, 2048, 2048, 2048, 2051, 2048, 2049, 2048, 2048, 2049, 2048, 2048]","[2049, 2049, 2049, 2049, 2048, 2048, 2048, 2049]",302.0
1290,11334,16,19,2026-07-19T13:40:17.023000+00:00,31.633,49.493,29.736,305.0,206.0,False,110.862,"[None, 2048, 2048, 2048, 2048, 2048, 2048, 2048]","[2048, 2049, 2048, 2048, 2048, 2049, 2048, 2048, 2048, 2048, 2048, 2049]","[2049, 2048, 2048, 2048, 2048, 2048, 2048, 2048]",299.0
1290,11334,44,19,2026-07-19T13:40:18.393000+00:00,32.376,50.641,29.786,300.0,200.0,False,112.803,"[None, 2048, 2049, 2048, 2048, 2048, 2048, 2048]","[2048, 2048, 2048, 2048, 2048, 2048, 2048, 2048, 2048, 2048, 2048, 2048]","[2048, 2048, 2048, 2048, 2048, 2048, 2048]",286.0
1290,11334,81,19,2026-07-19T13:40:23.182000+00:00,31.668,50.737,30.435,309.0,200.0,False,112.84,"[None, 2048, 2048, 2048, 2048, 2048, 2048, 2048]","[2048, 2048, 2048, 2048, 2048, 2048, 2048, 2048, 2048, 2048, 2048, 2048]","[2048, 2048, 2048, 2048, 2048, 2048, 2048]",303.0
1290,11334,1,19,2026-07-19T13:40:23.900000+00:00,31.374,50.801,29.286,319.0,198.0,False,111.461,"[None, 2048, 2048, 2048, 2048, 2048, 2048, 2048]","[2048, 2048, 2048, 2048, 2048, 2048, 2049, 2048, 2049, 2048, 2048, 2048]","[2048, 2051, 2049, 2048, 2048, 2048, 2048, 2048]",306.0
1290,11334,3,19,2026-07-19T13:40:33.973000+00:00,31.505,49.062,29.464,312.0,203.0,False,110.031,"[2048, 2051, 2048, 2048, 2048, 2048, 2048, 2048]","[2048, 2048, 2049, 2048, 2049, 2048, 2048, 2048, 2048, 2051, 2049, 2051]","[2048, 2048, 2048, 2048, 2048, 2048, 2048, 2049]",287.0
1290,11334,6,19,2026-07-19T13:40:36.424000+00:00,31.504,49.863,29.636,314.0,203.0,False,111.003,"[None, 2048, 2048, 2048, 2048, 2048, 2048, 2048]","[2048, 2049, 2048, 2049, 2048, 2048, 2048, 2048, 2048, 2048, 2049, 2049]","[2048, 2048, 2048, 2048, 2048, 2049, 2048, 2048]",290.0
1290,11334,5,19,2026-07-19T13:40:39.129000+00:00,31.645,50.23,30.072,,197.0,False,111.947,"[None, 2048, 2048, 2048, 2048, 2048, 2048, 2048]","[2049, 2048, 2048, 2049, 2048, 2048, 2048, 2048, 2048, 2049, 2049, 2048]","[2048, 2048, 2048, 2048, 2048, 2049, 2048, 2048]",303.0
1290,11334,27,19,2026-07-19T13:40:41.191000+00:00,31.753,50.134,30.023,308.0,199.0,False,111.91,"[None, 2048, 2048, 2048, 2048, 2048, 2048, 2048]","[2049, 2049, 2048, 2049, 2048, 2048, 2048, 2048, 2048, 2049, 2048, 2049]","[2048, 2048, 2048, 2048, 2048, 2048, 2048, 2048]",302.0
1290,11334,87,19,2026-07-19T13:40:49.583000+00:00,32.38,50.806,29.85,300.0,201.0,False,113.036,"[None, 2048, 2048, 2048, 2048, 2048, 2048, 2048]","[2049, 2048, 2048, 2049, 2048, 2048, 2048, 2048, 2048, 2049, 2048, 2049]","[2048, 2048, 2048, 2048, 2048, 2049, 2048, 2048]",291.0
1290,11334,41,19,2026-07-19T13:40:53.650000+00:00,31.491,49.951,29.652,308.0,206.0,False,111.094,"[None, 2049, 2048, 2048, 2048, 2048, 2048, 2048]","[2048, 2048, 2049, 2049, 2049, 2049, 2048, 2048, 2048, 2049, 2048, 2048]","[2048, 2048, 2048, 2048, 2048, 2049, 2048, 2048]",305.0
1290,11334,23,19,2026-07-19T13:40:53.964000+00:00,46.182,50.598,29.864,307.0,201.0,True,126.644,"[2064, 2064, 2048, 2048, 2048, 2048, 2048, 2048]","[2048, 2049, 2048, 2048, 2049, 2048, 2048, 2048, 2049, 2049, 2049, 2049]","[2048, 2048, 2048, 2048, 2048, 2049, 2048, 2049]",290.0
1290,11334,30,19,2026-07-19T13:40:55.141000+00:00,31.633,50.528,29.778,312.0,207.0,False,111.939,"[None, 2048, 2049, 2048, 2048, 2048, 2048, 2048]","[2048, 2048, 2048, 2048, 2048, 2048, 2049, 2048, 2049, 2048, 2049, 2048]","[2048, 2048, 2048, 2048, 2048, 2048, 2048, 2049]",305.0
1290,11334,10,19,2026-07-19T13:40:55.613000+00:00,31.326,51.203,29.641,324.0,199.0,False,112.17,"[None, 2048, 2048, 2048, 2048, 2048, 2048, 2048]","[2048, 2048, 2048, 2048, 2048, 2048, 2048, 2049, 2048, 2048, 2048, 2048]","[2048, 2048, 2048, 2048, 2048, 2048, 2048, 2048]",
1290,11334,43,19,2026-07-19T13:40:57.107000+00:00,31.603,50.648,29.706,315.0,202.0,False,111.957,"[None, 2048, 2048, 2048, 2048, 2048, 2048, 2048]","[2048, 2048, 2048, 2048, 2048, 2048, 2048, 2048, 2048, 2048, 2048, 2049]","[2048, 2048, 2048, 2048, 2048, 2048, 2048, 2048]",300.0
1290,11334,77,19,2026-07-19T13:41:14.530000+00:00,32.225,52.166,30.327,305.0,195.0,False,114.718,"[None, 2048, 2048, 2048, 2048, 2048, 2048, 2048]","[2048, 2048, 2048, 2048, 2048, 2048, 2048, 2048, 2048, 2048, 2048, 2048]","[2048, 2048, 2048, 2048, 2048, 2048, 2048, 2048]",291.0
1290,11334,31,19,2026-07-19T13:41:17.782000+00:00,31.855,50.432,29.679,308.0,203.0,False,111.966,"[None, 2049, 2048, 2048, 2048, 2048, 2048, 2048]","[2048, 2049, 2048, 2048, 2049, 2049, 2048, 2049, 2049, 2048, 2048, 2048]","[2048, 2048, 2048, 2048, 2048, 2048, 2048, 2048]",293.0
1290,11334,55,19,2026-07-19T13:41:19.905000+00:00,31.48,50.641,29.619,310.0,200.0,False,111.74,"[None, 2048, 2048, 2048, 2048, 2048, 2048, 2048]","[2048, 2048, 2048, 2049, 2048, 2049, 2048, 2048, 2048, 2048, 2048, 2048]","[2049, 2048, 2048, 2048, 2048, 2048, 2048, 2048]",299.0
1290,11334,14,19,2026-07-19T13:41:30.791000+00:00,33.081,51.962,37.577,289.0,198.0,False,122.62,"[None, 2048, 2048, 2048, 2048, 2048, 2048, 2048]","[2048, 2049, 2048, 2048, 2048, 2048, 2048, 2048, 2048, 2048, 2048, 2048]","[2048, 2048, 2048, 2048, 2048, 2048, 2064, 2064]",288.0
1290,11334,18,19,2026-07-19T13:41:49.419000+00:00,32.629,51.225,38.436,291.0,195.0,False,122.29,"[2048, 2049, 2048, 2048, 2048, 2048, 2048, 2048]","[2048, 2048, 2049, 2049, 2048, 2049, 2049, 2048, 2048, 2048, 2048, 2048]","[2048, 2048, 2048, 2048, 2048, 2048, 2048, 2048]",289.0
1290,11334,16,20,2026-07-19T13:42:07.818000+00:00,31.708,53.359,43.899,,160.0,False,128.966,"[None, 2048, 2048, 2048, 2048, 2048, 2048, 2048]","[2048, 2049, 2049, 2049, 2048, 2048, 2048, 2048, 2048, 2048, 2048, 2048]","[2048, 2048, 2048, 2048, 2048, 2048, 2064, 2064]",297.0
1290,11334,44,20,2026-07-19T13:42:11.205000+00:00,31.453,55.34,44.216,313.0,124.0,False,131.009,"[None, 2048, 2048, 2048, 2048, 2048, 2048, 2048]","[2048, 2048, 2048, 2048, 2048, 2049, 2048, 2048, 2048, 2048, 2048, 2048]","[2048, 2048, 2048, 2048, 2048, 2048, 2064, 2064]",299.0
1290,11334,1,20,2026-07-19T13:42:15.404000+00:00,31.996,58.503,39.542,307.0,148.0,False,130.041,"[None, 2049, 2048, 2048, 2048, 2048, 2048, 2048]","[2048, 2048, 2048, 2048, 2048, 2048, 2048, 2048, 2048, 2048, 2048, 2048]","[2048, 2048, 2048, 2048, 2048, 2048, 2048, 2048]",293.0
1290,11334,81,20,2026-07-19T13:42:15.928000+00:00,31.203,57.077,42.174,313.0,136.0,False,130.454,"[None, 2048, 2048, 2048, 2048, 2048, 2048, 2048]","[2049, 2048, 2048, 2048, 2048, 2048, 2048, 2049, 2048, 2048, 2048, 2048]","[2048, 2048, 2048, 2048, 2048, 2048, 2064, 2064]",308.0
1290,11334,12,20,2026-07-19T13:42:21.434000+00:00,31.186,56.837,40.697,,132.0,False,128.72,"[2049, 2051, 2049, 2048, 2048, 2048, 2048, 2048]","[2049, 2049, 2051, 2051, 2048, 2051, 2048, 2048, 2048, 2048, 2048, 2048]","[2048, 2048, 2048, 2048, 2048, 2048, 2048, 2048]",296.0
1290,11334,3,20,2026-07-19T13:42:24.066000+00:00,31.309,57.599,40.405,313.0,149.0,False,129.313,"[2049, 2049, 2048, 2048, 2048, 2048, 2048, 2048]","[2051, 2048, 2049, 2049, 2048, 2049, 2048, 2048, 2048, 2048, 2048, 2048]","[2048, 2048, 2048, 2048, 2048, 2048, 2048, 2048]",289.0
1290,11334,6,20,2026-07-19T13:42:27.384000+00:00,31.491,60.395,42.328,313.0,137.0,False,134.214,"[None, 2048, 2048, 2048, 2048, 2048, 2048, 2048]","[2049, 2049, 2048, 2048, 2048, 2048, 2048, 2048, 2048, 2048, 2048, 2048]","[2048, 2048, 2048, 2048, 2048, 2048, 2064, 2064]",291.0
1290,11334,5,20,2026-07-19T13:42:30.947000+00:00,31.786,61.281,42.715,,162.0,False,135.782,"[None, 2048, 2048, 2048, 2048, 2048, 2048, 2048]","[2048, 2048, 2048, 2048, 2048, 2048, 2048, 2048, 2048, 2048, 2048, 2048]","[2048, 2048, 2048, 2048, 2048, 2048, 2064, 2064]",301.0
1290,11334,27,20,2026-07-19T13:42:33.073000+00:00,31.751,62.164,43.328,309.0,130.0,False,137.243,"[None, 2049, 2048, 2048, 2048, 2048, 2048, 2048]","[2048, 2048, 2049, 2048, 2048, 2048, 2048, 2048, 2048, 2048, 2048, 2048]","[2048, 2048, 2048, 2048, 2048, 2048, 2064, 2064]",301.0
1290,11334,87,20,2026-07-19T13:42:42.748000+00:00,32.17,66.281,42.398,302.0,121.0,False,140.849,"[None, 2048, 2048, 2048, 2048, 2048, 2048, 2048]","[2048, 2048, 2048, 2048, 2048, 2048, 2048, 2048, 2048, 2048, 2048, 2048]","[2048, 2048, 2048, 2048, 2048, 2048, 2064, 2064]",292.0
1290,11334,41,20,2026-07-19T13:42:44.810000+00:00,31.195,66.585,39.961,313.0,122.0,False,137.741,"[None, 2048, 2049, 2048, 2048, 2048, 2048, 2048]","[2048, 2048, 2048, 2048, 2048, 2048, 2048, 2048, 2048, 2048, 2048, 2048]","[2048, 2048, 2048, 2048, 2048, 2048, 2048, 2048]",306.0
1290,11334,30,20,2026-07-19T13:42:47.005000+00:00,31.686,66.888,40.456,307.0,118.0,False,139.03,"[None, 2048, 2048, 2048, 2048, 2048, 2048, 2048]","[2048, 2048, 2048, 2048, 2048, 2048, 2048, 2048, 2048, 2048, 2048, 2048]","[2048, 2048, 2048, 2048, 2048, 2048, 2048, 2048]",302.0
1290,11334,10,20,2026-07-19T13:42:47.686000+00:00,31.084,67.531,39.916,327.0,117.0,False,138.531,"[None, 2048, 2048, 2048, 2048, 2048, 2048, 2048]","[2048, 2048, 2048, 2048, 2048, 2048, 2048, 2048, 2048, 2048, 2048, 2048]","[2048, 2048, 2048, 2048, 2048, 2048, 2048, 2048]",304.0
1290,11334,43,20,2026-07-19T13:42:49.032000+00:00,31.33,67.222,40.375,264.0,136.0,False,138.927,"[None, 2048, 2048, 2048, 2048, 2048, 2048, 2048]","[2048, 2048, 2048, 2048, 2048, 2048, 2048, 2048, 2048, 2048, 2048, 2048]","[2048, 2048, 2048, 2048, 2048, 2048, 2048, 2048]",303.0
1290,11334,23,20,2026-07-19T13:43:00.632000+00:00,39.005,64.38,34.967,261.0,126.0,False,138.352,"[2049, 2049, 2048, 2048, 2048, 2048, 2048, 2048]","[2048, 2048, 2048, 2048, 2048, 2048, 2048, 2048, 2048, 2048, 2048, 2048]","[2048, 2048, 2048, 2048, 2048, 2048, 2048, 2048]",296.0
1290,11334,77,20,2026-07-19T13:43:09.288000+00:00,40.773,67.403,32.36,266.0,152.0,False,140.536,"[None, 2048, 2048, 2048, 2048, 2048, 2048, 2048]","[2048, 2048, 2048, 2048, 2048, 2048, 2048, 2048, 2048, 2048, 2048, 2048]","[2048, 2048, 2048, 2048, 2048, 2048, 2048, 2048]",210.0
1290,11334,31,20,2026-07-19T13:43:09.758000+00:00,41.203,67.184,31.966,275.0,156.0,False,140.353,"[None, 2048, 2048, 2048, 2048, 2048, 2048, 2048]","[2048, 2048, 2048, 2048, 2048, 2048, 2048, 2048, 2048, 2048, 2048, 2048]","[2048, 2048, 2048, 2048, 2049, 2048, 2048, 2049]",228.0
1290,11334,55,20,2026-07-19T13:43:11.744000+00:00,42.017,65.201,32.361,262.0,146.0,False,139.579,"[None, 2048, 2048, 2048, 2048, 2048, 2048, 2048]","[2048, 2048, 2048, 2048, 2048, 2048, 2048, 2048, 2048, 2048, 2048, 2048]","[2048, 2048, 2048, 2049, 2048, 2048, 2048, 2048]",260.0
1290,11334,14,20,2026-07-19T13:43:33.420000+00:00,53.719,60.698,30.761,249.0,199.0,True,145.178,"[2064, 2064, 2048, 2048, 2048, 2048, 2048, 2048]","[2048, 2048, 2048, 2048, 2048, 2048, 2048, 2048, 2048, 2048, 2049, 2049]","[2049, 2048, 2048, 2048, 2048, 2048, 2049, 2048]",203.0
1290,11334,18,20,2026-07-19T13:43:51.601000+00:00,42.649,60.231,30.847,243.0,196.0,False,133.727,"[None, 2048, 2048, 2048, 2048, 2048, 2048, 2048]","[2048, 2048, 2048, 2048, 2048, 2048, 2048, 2048, 2048, 2048, 2048, 2048]","[2048, 2048, 2048, 2048, 2048, 2048, 2048, 2048]",216.0
1290,11334,16,21,2026-07-19T13:44:16.740000+00:00,52.988,49.359,29.478,288.0,209.0,True,131.825,"[2064, 2064, 2048, 2048, 2048, 2048, 2048, 2048]","[2048, 2048, 2048, 2048, 2051, 2048, 2048, 2048, 2048, 2049, 2049, 2049]","[2048, 2048, 2048, 2049, 2048, 2048, 2049, 2048]",233.0
1290,11334,44,21,2026-07-19T13:44:22.105000+00:00,59.872,49.681,29.355,333.0,207.0,True,138.908,"[2064, 2064, 2048, 2048, 2048, 2048, 2048, 2048]","[2048, 2048, 2048, 2049, 2049, 2048, 2049, 2048, 2048, 2049, 2048, 2049]","[2051, 2048, 2048, 2049, 2048, 2048, 2048, 2048]",259.0
1290,11334,1,21,2026-07-19T13:44:25.490000+00:00,42.219,49.455,30.036,246.0,205.0,False,121.71,"[None, 2048, 2048, 2048, 2048, 2048, 2048, 2048]","[2048, 2048, 2051, 2049, 2048, 2048, 2049, 2049, 2051, 2048, 2048, 2048]","[2048, 2048, 2048, 2048, 2048, 2048, 2048]",269.0
1290,11334,81,21,2026-07-19T13:44:26.517000+00:00,50.756,49.482,29.071,317.0,208.0,True,129.309,"[2064, 2064, 2048, 2048, 2048, 2048, 2048, 2048]","[2048, 2048, 2049, 2048, 2049, 2048, 2048, 2048, 2049, 2049, 2048, 2049]","[2049, 2048, 2048, 2048, 2048, 2049, 2048, 2048]",251.0
1290,11334,12,21,2026-07-19T13:44:30.174000+00:00,41.721,49.703,29.625,300.0,204.0,False,121.049,"[2048, 2048, 2048, 2048, 2048, 2048, 2048, 2048]","[2048, 2048, 2048, 2048, 2048, 2048, 2048, 2048, 2048, 2048, 2048, 2048]","[2048, 2048, 2048, 2048, 2048, 2048, 2048, 2048]",261.0
1290,11334,3,21,2026-07-19T13:44:33.364000+00:00,42.246,49.199,29.803,278.0,201.0,False,121.248,"[2048, 2048, 2048, 2048, 2048, 2048, 2048, 2048]","[2048, 2048, 2048, 2048, 2048, 2048, 2048, 2048, 2048, 2048, 2049, 2048]","[2048, 2048, 2048, 2048, 2048, 2049, 2048, 2048]",260.0
1290,11334,6,21,2026-07-19T13:44:41.556000+00:00,48.077,49.663,29.502,304.0,205.0,True,127.242,"[2064, 2064, 2048, 2048, 2048, 2048, 2048, 2048]","[2048, 2048, 2048, 2048, 2048, 2049, 2048, 2048, 2048, 2049, 2049, 2049]","[2049, 2048, 2048, 2048, 2048, 2048, 2048, 2048]",285.0
1290,11334,5,21,2026-07-19T13:44:46.637000+00:00,45.673,49.479,29.45,308.0,205.0,True,124.602,"[2064, 2064, 2048, 2048, 2048, 2048, 2048, 2048]","[2048, 2049, 2049, 2049, 2049, 2049, 2048, 2048, 2048, 2049, 2049, 2049]","[2049, 2049, 2048, 2048, 2048, 2048, 2048, 2048]",298.0
1290,11334,27,21,2026-07-19T13:44:50.349000+00:00,48.148,50.795,29.943,333.0,202.0,True,128.886,"[2064, 2064, 2048, 2048, 2048, 2048, 2048, 2048]","[2048, 2048, 2048, 2048, 2049, 2048, 2048, 2048, 2048, 2049, 2049, 2048]","[2048, 2049, 2049, 2048, 2048, 2048, 2049, 2049]",300.0
1290,11334,41,21,2026-07-19T13:45:02.502000+00:00,32.319,50.107,29.587,311.0,207.0,False,112.013,"[None, 2048, 2048, 2048, 2048, 2048, 2048, 2048]","[2048, 2048, 2048, 2048, 2049, 2048, 2048, 2048, 2048, 2048, 2048, 2048]","[2048, 2048, 2048, 2048, 2048, 2048, 2048, 2048]",305.0
1290,11334,87,21,2026-07-19T13:45:03.602000+00:00,52.389,50.264,29.589,313.0,205.0,True,132.242,"[2064, 2064, 2048, 2048, 2048, 2048, 2048, 2048]","[2048, 2048, 2049, 2048, 2049, 2049, 2049, 2049, 2048, 2049, 2049, 2049]","[2049, 2048, 2048, 2048, 2048, 2048, 2049, 2048]",290.0
1290,11334,30,21,2026-07-19T13:45:06.141000+00:00,32.086,50.7,29.86,308.0,193.0,False,112.646,"[None, 2048, 2048, 2048, 2048, 2048, 2048, 2048]","[2048, 2048, 2048, 2048, 2048, 2048, 2048, 2048, 2048, 2049, 2048, 2048]","[2048, 2048, 2048, 2048, 2048, 2048, 2048]",310.0
1290,11334,10,21,2026-07-19T13:45:06.305000+00:00,32.289,51.573,29.554,311.0,198.0,False,113.416,"[None, 2048, 2048, 2048, 2048, 2048, 2048, 2048]","[2048, 2048, 2048, 2048, 2048, 2048, 2048, 2048, 2048, 2048, 2048, 2048]","[2048, 2048, 2048, 2048, 2048, 2048, 2048, 2048]",284.0
1290,11334,43,21,2026-07-19T13:45:08.034000+00:00,31.206,51.55,29.645,332.0,198.0,False,112.401,"[None, 2048, 2048, 2049, 2049, 2049, 2049, 2049]","[2048, 2048, 2048, 2048, 2048, 2048, 2048, 2048, 2048, 2048, 2048, 2048]","[2048, 2048, 2048, 2048, 2048, 2048, 2048]",305.0
1290,11334,23,21,2026-07-19T13:45:19.005000+00:00,31.312,50.558,30.024,312.0,196.0,False,111.894,"[2048, 2048, 2049, 2048, 2048, 2048, 2048, 2048]","[2049, 2049, 2049, 2049, 2049, 2048, 2048, 2048, 2048, 2048, 2048, 2048]","[2048, 2048, 2048, 2048, 2048, 2049, 2048]",299.0
1290,11334,77,21,2026-07-19T13:45:29.834000+00:00,32.168,53.857,30.022,306.0,195.0,False,116.047,"[None, 2048, 2048, 2048, 2048, 2048, 2048, 2048]","[2048, 2048, 2048, 2048, 2048, 2048, 2048, 2048, 2048, 2048, 2048, 2048]","[2048, 2048, 2048, 2048, 2048, 2048, 2048, 2048]",292.0
1290,11334,31,21,2026-07-19T13:45:30.005000+00:00,31.731,50.846,29.791,311.0,201.0,False,112.368,"[None, 2048, 2049, 2048, 2048, 2048, 2048, 2048]","[2048, 2048, 2048, 2048, 2048, 2048, 2048, 2048, 2048, 2048, 2048, 2048]","[2048, 2048, 2048, 2048, 2048, 2048, 2048, 2048]",297.0
1290,11334,55,21,2026-07-19T13:45:31.302000+00:00,30.939,52.051,29.603,326.0,200.0,False,112.593,"[2049, 2048, 2048, 2048, 2048, 2048, 2048, 2048]","[2048, 2048, 2048, 2048, 2048, 2048, 2048, 2048, 2048, 2048, 2048, 2048]","[2049, 2048, 2048, 2048, 2048, 2048, 2048, 2048]",302.0
1290,11334,14,21,2026-07-19T13:45:58.692000+00:00,32.593,50.474,30.61,292.0,204.0,False,113.677,"[2048, 2049, 2049, 2048, 2048, 2048, 2048, 2048]","[2049, 2049, 2049, 2049, 2049, 2049, 2049, 2049, 2048, 2049, 2049, 2049]","[2049, 2048, 2048, 2048, 2048, 2048, 2048, 2048]",290.0
1290,11334,18,21,2026-07-19T13:46:05.376000+00:00,32.465,50.885,30.63,296.0,199.0,False,113.98,"[None, 2048, 2048, 2048, 2048, 2048, 2048, 2048]","[2048, 2048, 2049, 2049, 2048, 2048, 2048, 2049, 2049, 2048, 2049, 2049]","[2049, 2048, 2048, 2048, 2048, 2048, 2048, 2048]",290.0
1290,11334,1,22,2026-07-19T13:46:27.045000+00:00,31.42,49.483,29.83,307.0,207.0,False,110.733,"[2049, 2048, 2048, 2048, 2048, 2048, 2048, 2048]","[2048, 2049, 2048, 2048, 2048, 2048, 2048, 2048, 2048, 2049, 2049, 2049]","[2049, 2048, 2048, 2048, 2048, 2048, 2048, 2048]",299.0
1290,11334,16,22,2026-07-19T13:46:28.686000+00:00,31.034,48.974,29.81,318.0,207.0,False,109.818,"[2048, 2049, 2049, 2049, 2049, 2048, 2048, 2048]","[2048, 2049, 2049, 2049, 2048, 2049, 2048, 2048, 2048, 2049, 2048, 2048]","[2048, 2048, 2048, 2048, 2048, 2048, 2048, 2048]",301.0
1290,11334,12,22,2026-07-19T13:46:31.197000+00:00,30.938,48.972,29.457,318.0,204.0,False,109.367,"[None, 2048, 2049, 2049, 2049, 2049, 2049, 2049]","[2051, 2048, 2048, 2048, 2048, 2048, 2048, 2048, 2048, 2048, 2048, 2049]","[2048, 2048, 2048, 2048, 2048, 2049, 2048, 2048]",302.0
1290,11334,3,22,2026-07-19T13:46:34.579000+00:00,31.332,48.925,29.469,313.0,202.0,False,109.726,"[2049, 2048, 2048, 2048, 2048, 2048, 2048, 2048]","[2048, 2048, 2049, 2049, 2048, 2048, 2048, 2048, 2048, 2048, 2048, 2048]","[2049, 2048, 2048, 2048, 2048, 2049, 2048, 2048]",289.0
1290,11334,81,22,2026-07-19T13:46:35.765000+00:00,31.389,49.033,29.477,315.0,209.0,False,109.899,"[2048, 2048, 2048, 2048, 2048, 2048, 2048, 2048]","[2048, 2049, 2049, 2049, 2048, 2049, 2048, 2048, 2048, 2049, 2049, 2049]","[2051, 2048, 2048, 2048, 2048, 2048, 2048, 2048]",300.0
1290,11334,44,22,2026-07-19T13:46:41.078000+00:00,31.205,49.116,29.768,316.0,208.0,False,110.089,"[2048, 2049, 2048, 2048, 2048, 2048, 2048, 2048]","[2049, 2049, 2049, 2049, 2049, 2049, 2048, 2048, 2049, 2049, 2049, 2051]","[2048, 2048, 2048, 2048, 2048, 2048, 2048, 2048]",301.0
1290,11334,6,22,2026-07-19T13:46:48.876000+00:00,31.333,48.859,29.474,311.0,207.0,False,109.666,"[2048, 2049, 2048, 2048, 2048, 2048, 2048, 2048]","[2048, 2049, 2049, 2051, 2049, 2049, 2049, 2049, 2049, 2049, 2048, 2049]","[2049, 2048, 2048, 2048, 2048, 2049, 2049, 2048]",289.0
1290,11334,5,22,2026-07-19T13:46:51.328000+00:00,31.634,48.84,29.86,306.0,204.0,False,110.334,"[2048, 2051, 2049, 2048, 2048, 2048, 2048, 2048]","[2049, 2049, 2049, 2049, 2048, 2049, 2048, 2049, 2049, 2049, 2048, 2048]","[2048, 2048, 2048, 2048, 2048, 2049, 2048, 2048]",297.0
1290,11334,41,22,2026-07-19T13:46:54.541000+00:00,31.234,49.623,29.731,,208.0,False,110.588,"[None, 2049, 2048, 2048, 2048, 2048, 2048, 2048]","[2048, 2049, 2049, 2048, 2049, 2049, 2049, 2048, 2049, 2049, 2048, 2048]","[2048, 2048, 2048, 2048, 2048, 2048, 2048, 2048]",
1290,11334,30,22,2026-07-19T13:46:58.780000+00:00,31.63,50.19,29.759,306.0,207.0,False,111.579,"[None, 2049, 2049, 2048, 2048, 2048, 2048, 2048]","[2048, 2048, 2049, 2048, 2048, 2048, 2048, 2048, 2048, 2049, 2048, 2049]","[2049, 2048, 2048, 2048, 2048, 2048, 2048, 2049]",302.0
1290,11334,27,22,2026-07-19T13:46:59.262000+00:00,31.286,50.704,30.183,327.0,204.0,False,112.173,"[2048, 2048, 2048, 2048, 2048, 2048, 2048, 2048]","[2048, 2048, 2048, 2048, 2048, 2048, 2048, 2048, 2048, 2048, 2048, 2049]","[2049, 2048, 2048, 2048, 2048, 2048, 2048, 2048]",301.0
1290,11334,10,22,2026-07-19T13:46:59.690000+00:00,30.921,51.44,29.751,326.0,201.0,False,112.112,"[None, 2048, 2049, 2049, 2048, 2048, 2048, 2048]","[2048, 2048, 2048, 2048, 2048, 2048, 2048, 2048, 2048, 2048, 2048, 2048]","[2048, 2048, 2048, 2048, 2048, 2048, 2048, 2048]",303.0
1290,11334,43,22,2026-07-19T13:47:00.258000+00:00,31.055,51.242,29.809,324.0,202.0,False,112.106,"[None, 2048, 2048, 2048, 2048, 2048, 2048, 2048]","[2048, 2048, 2049, 2048, 2048, 2048, 2048, 2048, 2048, 2048, 2048, 2048]","[2048, 2048, 2048, 2048, 2048, 2048, 2048, 2048]",302.0
1290,11334,23,22,2026-07-19T13:47:10.731000+00:00,31.441,50.74,30.144,,197.0,False,112.325,"[None, 2048, 2048, 2048, 2048, 2048, 2048, 2048]","[2048, 2048, 2048, 2048, 2048, 2049, 2048, 2048, 2048, 2048, 2048, 2048]","[2048, 2048, 2048, 2048, 2048, 2049, 2048, 2049]",297.0
1290,11334,87,22,2026-07-19T13:47:15.867000+00:00,31.811,49.735,29.563,308.0,203.0,False,111.109,"[2048, 2049, 2048, 2048, 2048, 2048, 2048, 2048]","[2049, 2049, 2049, 2049, 2049, 2049, 2048, 2049, 2049, 2049, 2048, 2049]","[2048, 2048, 2048, 2048, 2048, 2049, 2049, 2048]",293.0
1290,11334,31,22,2026-07-19T13:47:22.337000+00:00,31.922,50.256,29.777,307.0,203.0,False,111.955,"[None, 2049, 2048, 2048, 2048, 2048, 2048, 2048]","[2048, 2048, 2049, 2048, 2048, 2048, 2048, 2049, 2049, 2049, 2048, 2048]","[2048, 2048, 2048, 2048, 2048, 2048, 2048, 2049]",292.0
1290,11334,55,22,2026-07-19T13:47:23.841000+00:00,31.456,50.885,29.659,319.0,198.0,False,112.0,"[2048, 2048, 2048, 2048, 2048, 2048, 2048, 2048]","[2048, 2048, 2048, 2048, 2048, 2048, 2048, 2048, 2048, 2048, 2048, 2048]","[2048, 2048, 2048, 2048, 2048, 2048, 2048, 2048]",297.0
1290,11334,77,22,2026-07-19T13:47:25.828000+00:00,31.991,52.234,30.21,311.0,196.0,False,114.435,"[None, 2048, 2048, 2048, 2048, 2048, 2048, 2048]","[2048, 2048, 2049, 2048, 2048, 2048, 2048, 2048, 2049, 2048, 2048, 2048]","[2048, 2048, 2048, 2048, 2048, 2048, 2048, 2048]",293.0
1290,11334,14,22,2026-07-19T13:47:52.376000+00:00,32.865,50.48,30.82,290.0,200.0,False,114.165,"[None, 2049, 2048, 2048, 2048, 2048, 2048, 2048]","[2048, 2048, 2049, 2048, 2048, 2049, 2048, 2049, 2048, 2049, 2049, 2048]","[2048, 2048, 2048, 2048, 2048, 2048, 2048, 2048]",289.0
1290,11334,18,22,2026-07-19T13:47:59.305000+00:00,32.651,50.954,30.767,293.0,194.0,False,114.372,"[2049, 2048, 2048, 2048, 2048, 2048, 2048, 2048]","[2048, 2048, 2048, 2048, 2048, 2048, 2048, 2048, 2048, 2048, 2048, 2048]","[2048, 2048, 2048, 2048, 2048, 2048, 2048, 2048]",
1290,11334,1,23,2026-07-19T13:48:17.858000+00:00,31.45,50.262,29.563,305.0,201.0,False,111.275,"[2048, 2049, 2048, 2048, 2048, 2048, 2048, 2048]","[2048, 2048, 2048, 2048, 2049, 2048, 2048, 2048, 2048, 2048, 2048, 2048]","[2048, 2048, 2048, 2048, 2048, 2049, 2048, 2048]",301.0
1290,11334,16,23,2026-07-19T13:48:18.573000+00:00,30.732,48.948,29.653,320.0,206.0,False,109.333,"[None, 2048, 2048, 2049, 2049, 2049, 2049, 2048]","[2051, 2048, 2048, 2049, 2048, 2051, 2048, 2048, 2048, 2051, 2049, 2048]","[2048, 2048, 2048, 2048, 2048, 2048, 2048, 2048]",305.0
1290,11334,12,23,2026-07-19T13:48:20.709000+00:00,30.891,49.333,29.361,317.0,200.0,False,109.585,"[None, 2048, 2048, 2049, 2049, 2049, 2049, 2049]","[2048, 2048, 2048, 2048, 2048, 2048, 2048, 2048, 2048, 2048, 2048, 2048]","[2048, 2049, 2048, 2048, 2049, 2048, 2048, 2048]",303.0
1290,11334,3,23,2026-07-19T13:48:24.342000+00:00,31.403,48.669,29.546,311.0,203.0,False,109.618,"[2048, 2048, 2048, 2048, 2048, 2048, 2048, 2048]","[2049, 2048, 2048, 2048, 2049, 2048, 2048, 2048, 2049, 2049, 2049, 2048]","[2048, 2048, 2048, 2048, 2048, 2048, 2048, 2048]",288.0
1290,11334,81,23,2026-07-19T13:48:25.798000+00:00,30.917,49.201,29.444,318.0,207.0,False,109.562,"[None, 2049, 2048, 2048, 2048, 2048, 2048, 2048]","[2048, 2048, 2048, 2048, 2048, 2049, 2048, 2049, 2048, 2049, 2048, 2048]","[2048, 2048, 2048, 2048, 2048, 2048, 2048, 2048]",305.0
1290,11334,44,23,2026-07-19T13:48:31.238000+00:00,31.106,48.913,29.496,315.0,207.0,False,109.515,"[None, 2049, 2048, 2048, 2048, 2048, 2048, 2048]","[2049, 2049, 2049, 2048, 2048, 2048, 2048, 2049, 2049, 2049, 2049, 2048]","[2048, 2048, 2048, 2048, 2048, 2048, 2048, 2048]",
1290,11334,6,23,2026-07-19T13:48:38.560000+00:00,31.397,48.997,29.605,310.0,203.0,False,109.999,"[None, 2048, 2048, 2048, 2048, 2048, 2048, 2048]","[2049, 2049, 2048, 2048, 2048, 2048, 2048, 2049, 2048, 2049, 2048, 2048]","[2048, 2048, 2048, 2048, 2048, 2048, 2048, 2048]",291.0
1290,11334,5,23,2026-07-19T13:48:41.570000+00:00,31.529,48.93,29.898,,203.0,False,110.357,"[None, 2048, 2048, 2048, 2048, 2048, 2048, 2048]","[2048, 2049, 2048, 2048, 2048, 2048, 2048, 2048, 2048, 2049, 2048, 2049]","[2048, 2048, 2048, 2048, 2048, 2048, 2048, 2048]",302.0
1290,11334,41,23,2026-07-19T13:48:45.208000+00:00,31.371,49.58,29.585,310.0,207.0,False,110.536,"[None, 2048, 2048, 2048, 2048, 2048, 2048, 2048]","[2048, 2049, 2048, 2049, 2048, 2048, 2048, 2049, 2048, 2048, 2048, 2048]","[2048, 2048, 2048, 2048, 2048, 2049, 2048, 2048]",
1290,11334,30,23,2026-07-19T13:48:50.308000+00:00,31.364,50.275,29.991,307.0,207.0,False,111.63,"[2049, 2048, 2048, 2048, 2048, 2048, 2048, 2048]","[2048, 2049, 2049, 2049, 2048, 2048, 2048, 2048, 2048, 2048, 2048, 2048]","[2048, 2048, 2048, 2048, 2048, 2048, 2048, 2048]",310.0
1290,11334,27,23,2026-07-19T13:48:51.422000+00:00,31.65,49.842,29.727,326.0,200.0,False,111.219,"[None, 2049, 2048, 2048, 2048, 2048, 2048, 2048]","[2048, 2048, 2049, 2049, 2048, 2049, 2048, 2048, 2048, 2049, 2049, 2048]","[2048, 2048, 2048, 2048, 2048, 2048, 2048, 2048]",293.0
1290,11334,10,23,2026-07-19T13:48:51.796000+00:00,31.407,50.881,29.563,320.0,201.0,False,111.851,"[None, 2048, 2048, 2048, 2048, 2048, 2048, 2048]","[2048, 2048, 2048, 2048, 2048, 2049, 2048, 2049, 2048, 2048, 2048, 2048]","[2048, 2048, 2048, 2048, 2048, 2049, 2048, 2048]",301.0
1290,11334,43,23,2026-07-19T13:48:52.456000+00:00,31.13,51.2,29.561,,198.0,False,111.891,"[None, 2048, 2048, 2048, 2048, 2048, 2048, 2048]","[2048, 2048, 2048, 2048, 2048, 2048, 2048, 2048, 2048, 2048, 2048, 2048]","[2048, 2048, 2048, 2048, 2048, 2049, 2048, 2048]",
1290,11334,23,23,2026-07-19T13:49:03.278000+00:00,31.502,50.628,30.167,311.0,199.0,False,112.297,"[None, 2048, 2048, 2048, 2048, 2048, 2048, 2048]","[2048, 2048, 2048, 2048, 2048, 2048, 2048, 2048, 2048, 2048, 2048, 2048]","[2048, 2048, 2048, 2048, 2048, 2049, 2048, 2048]",298.0
1290,11334,87,23,2026-07-19T13:49:06.995000+00:00,31.91,49.779,29.82,309.0,205.0,False,111.509,"[None, 2048, 2048, 2048, 2048, 2048, 2048, 2048]","[2049, 2049, 2049, 2049, 2048, 2048, 2048, 2048, 2048, 2049, 2049, 2049]","[2048, 2048, 2048, 2048, 2048, 2048, 2049, 2048]",292.0
1290,11334,31,23,2026-07-19T13:49:14.307000+00:00,32.025,50.452,29.889,305.0,198.0,False,112.366,"[None, 2048, 2048, 2048, 2048, 2048, 2048, 2048]","[2049, 2048, 2048, 2048, 2048, 2048, 2048, 2048, 2048, 2048, 2048, 2048]","[2048, 2048, 2048, 2048, 2048, 2049, 2048, 2048]",
1290,11334,55,23,2026-07-19T13:49:15.911000+00:00,31.301,50.82,29.511,321.0,198.0,False,111.632,"[None, 2048, 2048, 2048, 2048, 2048, 2048, 2048]","[2048, 2048, 2048, 2048, 2048, 2048, 2048, 2048, 2048, 2048, 2048, 2048]","[2049, 2048, 2048, 2049, 2048, 2048, 2048, 2048]",299.0
1290,11334,77,23,2026-07-19T13:49:20.267000+00:00,32.083,52.225,30.411,307.0,193.0,False,114.719,"[None, 2048, 2048, 2048, 2048, 2048, 2048, 2048]","[2048, 2048, 2048, 2048, 2048, 2048, 2048, 2048, 2048, 2048, 2048, 2048]","[2048, 2048, 2048, 2048, 2048, 2048, 2048, 2048]",
1290,11334,14,23,2026-07-19T13:49:46.550000+00:00,32.793,50.744,30.922,,203.0,False,114.459,"[None, 2049, 2048, 2048, 2048, 2048, 2048, 2048]","[2048, 2049, 2048, 2048, 2048, 2048, 2049, 2048, 2048, 2048, 2048, 2048]","[2048, 2048, 2048, 2048, 2048, 2048, 2049, 2049]",
1290,11334,18,23,2026-07-19T13:49:53.765000+00:00,32.957,51.01,30.818,289.0,197.0,False,114.785,"[2048, 2048, 2048, 2048, 2048, 2048, 2048, 2048]","[2048, 2048, 2048, 2048, 2048, 2049, 2048, 2049, 2048, 2048, 2048, 2048]","[2049, 2048, 2048, 2048, 2048, 2049, 2049, 2049]",288.0
1290,11334,16,24,2026-07-19T13:50:07.758000+00:00,31.411,48.456,29.626,309.0,207.0,False,109.493,"[None, 2049, 2048, 2048, 2048, 2048, 2048, 2048]","[2048, 2051, 2049, 2051, 2048, 2051, 2048, 2049, 2048, 2051, 2051, 2049]","[2049, 2048, 2048, 2048, 2048, 2051, 2048, 2048]",299.0
1290,11334,1,24,2026-07-19T13:50:09.197000+00:00,31.13,49.708,29.59,317.0,204.0,False,110.428,"[None, 2048, 2048, 2048, 2048, 2048, 2048, 2048]","[2048, 2048, 2048, 2048, 2048, 2048, 2048, 2048, 2048, 2048, 2048, 2048]","[2048, 2048, 2048, 2048, 2048, 2048, 2048, 2048]",304.0
1290,11334,12,24,2026-07-19T13:50:10.077000+00:00,30.617,49.97,29.356,328.0,203.0,False,109.943,"[2049, 2048, 2048, 2049, 2049, 2049, 2049, 2049]","[2048, 2048, 2048, 2048, 2048, 2048, 2048, 2048, 2048, 2048, 2048, 2048]","[2049, 2049, 2049, 2048, 2049, 2048, 2048, 2048]",306.0
1290,11334,3,24,2026-07-19T13:50:13.901000+00:00,31.376,48.756,29.498,312.0,202.0,False,109.63,"[2049, 2048, 2048, 2048, 2048, 2048, 2048, 2048]","[2048, 2048, 2048, 2049, 2048, 2049, 2049, 2048, 2049, 2049, 2048, 2048]","[2048, 2049, 2048, 2048, 2048, 2048, 2048, 2048]",
1290,11334,81,24,2026-07-19T13:50:15.294000+00:00,30.988,49.113,29.47,,209.0,False,109.571,"[None, 2048, 2048, 2048, 2048, 2048, 2048, 2048]","[2048, 2049, 2049, 2049, 2048, 2049, 2049, 2051, 2049, 2048, 2048, 2048]","[2048, 2048, 2048, 2048, 2048, 2048, 2048, 2048]",307.0
1290,11334,44,24,2026-07-19T13:50:20.767000+00:00,31.62,49.294,29.61,314.0,206.0,False,110.524,"[None, 2048, 2048, 2048, 2048, 2048, 2048, 2048]","[2048, 2049, 2049, 2049, 2048, 2048, 2048, 2048, 2048, 2049, 2048, 2048]","[2048, 2048, 2048, 2048, 2048, 2048, 2048, 2048]",297.0
1290,11334,6,24,2026-07-19T13:50:28.530000+00:00,31.406,48.907,29.528,314.0,206.0,False,109.841,"[None, 2048, 2048, 2048, 2048, 2048, 2048, 2048]","[2049, 2048, 2048, 2048, 2049, 2049, 2048, 2049, 2048, 2049, 2048, 2048]","[2049, 2049, 2048, 2048, 2048, 2048, 2048, 2048]",
1290,11334,5,24,2026-07-19T13:50:32.008000+00:00,31.595,49.171,29.855,307.0,203.0,False,110.621,"[None, 2048, 2048, 2048, 2048, 2048, 2048, 2048]","[2048, 2048, 2048, 2048, 2048, 2048, 2048, 2048, 2048, 2048, 2048, 2048]","[2048, 2048, 2048, 2048, 2048, 2048, 2048, 2048]",301.0
1290,11334,41,24,2026-07-19T13:50:35.650000+00:00,31.378,49.781,29.65,,207.0,False,110.809,"[None, 2048, 2048, 2048, 2048, 2048, 2048, 2048]","[2048, 2048, 2048, 2048, 2048, 2048, 2048, 2049, 2049, 2048, 2048, 2048]","[2048, 2048, 2048, 2048, 2048, 2048, 2048, 2048]",
1290,11334,30,24,2026-07-19T13:50:42.039000+00:00,31.601,50.325,30.06,299.0,207.0,False,111.986,"[2048, 2048, 2048, 2048, 2048, 2048, 2048, 2048]","[2048, 2048, 2048, 2048, 2048, 2048, 2048, 2048, 2048, 2048, 2048, 2048]","[2048, 2048, 2048, 2048, 2048, 2048, 2048, 2049]",
1290,11334,27,24,2026-07-19T13:50:42.609000+00:00,31.444,50.449,29.982,327.0,200.0,False,111.875,"[None, 2048, 2048, 2048, 2048, 2048, 2048, 2048]","[2048, 2048, 2048, 2048, 2048, 2048, 2048, 2048, 2048, 2048, 2048, 2048]","[2048, 2048, 2048, 2048, 2048, 2048, 2048, 2049]",294.0
1290,11334,10,24,2026-07-19T13:50:43.632000+00:00,30.667,51.029,29.7,333.0,199.0,False,111.396,"[2049, 2048, 2048, 2048, 2048, 2048, 2048, 2048]","[2048, 2048, 2048, 2048, 2048, 2048, 2048, 2048, 2048, 2048, 2048, 2048]","[2048, 2048, 2048, 2048, 2048, 2048, 2048, 2048]",303.0
1290,11334,43,24,2026-07-19T13:50:44.314000+00:00,31.205,50.642,29.607,322.0,204.0,False,111.454,"[None, 2048, 2048, 2048, 2048, 2048, 2048, 2048]","[2048, 2048, 2048, 2048, 2048, 2049, 2048, 2048, 2048, 2048, 2048, 2048]","[2048, 2048, 2048, 2048, 2048, 2048, 2048, 2048]",301.0
1290,11334,23,24,2026-07-19T13:50:55.454000+00:00,31.541,50.988,30.242,,194.0,False,112.771,"[None, 2048, 2048, 2048, 2048, 2048, 2048, 2048]","[2048, 2048, 2048, 2048, 2048, 2048, 2048, 2048, 2048, 2048, 2048, 2048]","[2048, 2048, 2048, 2048, 2048, 2048, 2048, 2048]",297.0
1290,11334,87,24,2026-07-19T13:50:58.468000+00:00,31.715,49.864,29.639,310.0,205.0,False,111.218,"[None, 2048, 2048, 2048, 2048, 2048, 2048, 2048]","[2048, 2048, 2048, 2048, 2049, 2048, 2048, 2048, 2048, 2049, 2048, 2048]","[2048, 2048, 2048, 2048, 2048, 2049, 2048, 2048]",
1290,11334,31,24,2026-07-19T13:51:06.774000+00:00,32.028,51.253,29.605,302.0,199.0,False,112.886,"[None, 2048, 2048, 2048, 2048, 2048, 2048, 2048]","[2048, 2048, 2048, 2048, 2048, 2048, 2048, 2048, 2048, 2048, 2048, 2048]","[2048, 2048, 2048, 2049, 2048, 2048, 2048, 2048]",291.0
1290,11334,55,24,2026-07-19T13:51:07.459000+00:00,31.191,50.357,29.815,323.0,201.0,False,111.363,"[None, 2048, 2048, 2048, 2048, 2048, 2048, 2048]","[2049, 2048, 2049, 2049, 2048, 2049, 2048, 2049, 2048, 2048, 2049, 2048]","[2049, 2048, 2048, 2048, 2048, 2048, 2048, 2048]",
1290,11334,77,24,2026-07-19T13:51:15.020000+00:00,32.165,51.998,30.282,304.0,195.0,False,114.445,"[None, 2048, 2048, 2048, 2048, 2048, 2048, 2048]","[2048, 2048, 2048, 2048, 2048, 2048, 2048, 2048, 2048, 2048, 2048, 2048]","[2048, 2048, 2048, 2048, 2048, 2049, 2048, 2048]",292.0
1290,11334,14,24,2026-07-19T13:51:40.962000+00:00,32.444,51.488,30.823,293.0,201.0,False,114.755,"[None, 2048, 2048, 2048, 2048, 2048, 2048, 2048]","[2048, 2048, 2048, 2048, 2048, 2048, 2048, 2048, 2048, 2048, 2048, 2048]","[2048, 2048, 2048, 2048, 2048, 2048, 2048, 2048]",290.0
1290,11334,18,24,2026-07-19T13:51:48.623000+00:00,32.691,51.114,30.826,292.0,195.0,False,114.631,"[2049, 2048, 2048, 2048, 2048, 2048, 2048, 2048]","[2049, 2048, 2048, 2048, 2048, 2049, 2048, 2049, 2049, 2048, 2048, 2048]","[2048, 2048, 2048, 2048, 2048, 2048, 2048, 2048]",290.0
1290,11334,16,25,2026-07-19T13:51:57.268000+00:00,31.591,48.798,29.699,307.0,208.0,False,110.088,"[None, 2048, 2048, 2048, 2048, 2048, 2048, 2048]","[2048, 2048, 2048, 2048, 2048, 2051, 2048, 2048, 2048, 2048, 2048, 2048]","[2049, 2048, 2048, 2048, 2048, 2048, 2048, 2048]",300.0
1290,11334,1,25,2026-07-19T13:51:59.542000+00:00,31.179,50.188,29.536,312.0,202.0,False,110.903,"[None, 2048, 2048, 2048, 2048, 2048, 2048, 2048]","[2048, 2048, 2048, 2048, 2048, 2048, 2048, 2048, 2048, 2048, 2048, 2048]","[2048, 2048, 2048, 2048, 2048, 2048, 2048, 2048]",305.0
1290,11334,12,25,2026-07-19T13:52:00.040000+00:00,30.775,50.656,29.447,324.0,202.0,False,110.878,"[2048, 2048, 2048, 2049, 2049, 2048, 2048, 2049]","[2048, 2048, 2048, 2048, 2048, 2048, 2049, 2048, 2049, 2048, 2048, 2048]","[2048, 2048, 2049, 2049, 2049, 2048, 2048, 2049]",298.0
1290,11334,3,25,2026-07-19T13:52:03.632000+00:00,31.373,48.959,29.469,311.0,202.0,False,109.801,"[2048, 2048, 2048, 2048, 2048, 2048, 2048, 2048]","[2048, 2048, 2048, 2048, 2048, 2048, 2048, 2048, 2049, 2048, 2048, 2048]","[2049, 2049, 2048, 2049, 2049, 2048, 2048, 2048]",291.0
1290,11334,81,25,2026-07-19T13:52:04.848000+00:00,30.878,49.53,29.561,320.0,199.0,False,109.969,"[2049, 2048, 2048, 2048, 2048, 2048, 2048, 2048]","[2048, 2048, 2048, 2048, 2048, 2048, 2048, 2048, 2049, 2048, 2048, 2048]","[2048, 2048, 2048, 2048, 2048, 2048, 2048, 2048]",308.0
1290,11334,44,25,2026-07-19T13:52:11.323000+00:00,31.344,49.437,29.551,313.0,202.0,False,110.332,"[None, 2048, 2048, 2048, 2048, 2048, 2048, 2048]","[2048, 2048, 2048, 2048, 2048, 2048, 2048, 2048, 2048, 2048, 2048, 2048]","[2048, 2048, 2048, 2048, 2048, 2049, 2048, 2048]",302.0
1290,11334,6,25,2026-07-19T13:52:18.376000+00:00,31.268,49.288,29.529,313.0,205.0,False,110.085,"[None, 2048, 2048, 2048, 2048, 2048, 2048, 2048]","[2048, 2048, 2048, 2048, 2048, 2048, 2048, 2049, 2048, 2048, 2048, 2048]","[2048, 2048, 2048, 2048, 2048, 2048, 2048, 2048]",
1290,11334,5,25,2026-07-19T13:52:22.584000+00:00,31.564,49.443,29.851,306.0,199.0,False,110.858,"[None, 2048, 2049, 2048, 2048, 2048, 2048, 2048]","[2048, 2048, 2048, 2048, 2048, 2048, 2048, 2048, 2048, 2048, 2048, 2048]","[2048, 2048, 2048, 2048, 2048, 2048, 2048, 2048]",
1290,11334,41,25,2026-07-19T13:52:26.577000+00:00,31.291,50.005,29.65,308.0,203.0,False,110.946,"[None, 2048, 2049, 2048, 2048, 2048, 2048, 2048]","[2048, 2048, 2048, 2048, 2048, 2048, 2048, 2048, 2049, 2048, 2048, 2048]","[2048, 2048, 2048, 2048, 2048, 2048, 2048, 2048]",
1290,11334,30,25,2026-07-19T13:52:33.926000+00:00,31.841,51.038,30.079,302.0,204.0,False,112.958,"[None, 2048, 2048, 2048, 2048, 2048, 2048, 2048]","[2048, 2048, 2048, 2048, 2048, 2048, 2048, 2048, 2048, 2048, 2048, 2048]","[2048, 2048, 2048, 2048, 2048, 2048, 2048, 2048]",300.0
1290,11334,27,25,2026-07-19T13:52:34.480000+00:00,31.611,51.226,30.454,332.0,193.0,False,113.291,"[None, 2048, 2048, 2048, 2048, 2048, 2048, 2048]","[2048, 2048, 2048, 2048, 2048, 2048, 2048, 2048, 2049, 2048, 2048, 2048]","[2048, 2048, 2048, 2048, 2048, 2048, 2048, 2048]",298.0
1290,11334,10,25,2026-07-19T13:52:35.006000+00:00,31.338,51.585,30.058,324.0,196.0,False,112.981,"[2048, 2048, 2048, 2048, 2048, 2048, 2048, 2048]","[2048, 2048, 2048, 2048, 2048, 2048, 2048, 2048, 2048, 2048, 2048, 2048]","[2048, 2048, 2048, 2048, 2049, 2048, 2048, 2048]",302.0
1290,11334,43,25,2026-07-19T13:52:35.856000+00:00,30.813,51.873,29.993,321.0,198.0,False,112.679,"[None, 2048, 2048, 2048, 2048, 2048, 2048, 2048]","[2048, 2048, 2048, 2048, 2048, 2048, 2048, 2048, 2048, 2048, 2048, 2048]","[2048, 2048, 2048, 2048, 2048, 2048, 2048, 2048]",304.0
1290,11334,23,25,2026-07-19T13:52:48.258000+00:00,31.536,50.965,30.27,,192.0,False,112.771,"[None, 2048, 2048, 2048, 2048, 2048, 2048, 2048]","[2049, 2048, 2048, 2048, 2048, 2048, 2048, 2048, 2048, 2048, 2048, 2048]","[2048, 2048, 2048, 2048, 2048, 2048, 2048, 2048]",298.0
1290,11334,87,25,2026-07-19T13:52:49.683000+00:00,31.648,50.523,29.807,312.0,199.0,False,111.978,"[None, 2048, 2049, 2048, 2048, 2048, 2048, 2048]","[2048, 2048, 2048, 2048, 2048, 2048, 2048, 2048, 2048, 2048, 2048, 2048]","[2048, 2048, 2048, 2048, 2048, 2048, 2048, 2048]",295.0
1290,11334,55,25,2026-07-19T13:52:58.898000+00:00,31.568,50.807,29.875,309.0,197.0,False,112.25,"[None, 2048, 2048, 2048, 2048, 2048, 2048, 2048]","[2048, 2048, 2048, 2048, 2048, 2048, 2048, 2048, 2048, 2048, 2048, 2048]","[2048, 2048, 2048, 2048, 2048, 2048, 2048, 2048]",296.0
1290,11334,31,25,2026-07-19T13:52:59.574000+00:00,31.775,50.992,29.667,315.0,197.0,False,112.434,"[None, 2048, 2048, 2048, 2048, 2048, 2048, 2048]","[2048, 2048, 2048, 2048, 2048, 2048, 2048, 2048, 2048, 2048, 2048, 2048]","[2048, 2048, 2048, 2048, 2048, 2048, 2048, 2048]",295.0
1290,11334,77,25,2026-07-19T13:53:09.352000+00:00,32.146,52.381,30.504,,186.0,False,115.031,"[None, 2048, 2048, 2048, 2048, 2048, 2048, 2048]","[2049, 2048, 2048, 2048, 2048, 2048, 2048, 2048, 2048, 2048, 2048, 2048]","[2048, 2048, 2048, 2048, 2048, 2048, 2048, 2048]",
1290,11334,14,25,2026-07-19T13:53:35.644000+00:00,32.643,50.996,30.649,,197.0,False,114.288,"[None, 2048, 2048, 2048, 2048, 2048, 2048, 2048]","[2048, 2048, 2048, 2048, 2048, 2048, 2048, 2049, 2048, 2048, 2048, 2048]","[2048, 2048, 2048, 2048, 2048, 2048, 2049, 2049]",288.0
1290,11334,18,25,2026-07-19T13:53:43.112000+00:00,32.653,52.963,44.305,294.0,190.0,False,129.921,"[2048, 2048, 2048, 2048, 2048, 2048, 2048, 2048]","[2048, 2048, 2048, 2048, 2048, 2048, 2048, 2048, 2048, 2048, 2048, 2048]","[2048, 2048, 2048, 2048, 2048, 2048, 2064, 2064]",289.0
1290,11334,16,26,2026-07-19T13:53:47.347000+00:00,31.41,49.003,29.494,314.0,206.0,False,109.907,"[None, 2048, 2048, 2048, 2048, 2048, 2048, 2048]","[2048, 2048, 2048, 2048, 2048, 2048, 2048, 2048, 2048, 2048, 2048, 2048]","[2048, 2048, 2048, 2048, 2048, 2048, 2048, 2048]",299.0
1290,11334,1,26,2026-07-19T13:53:50.522000+00:00,31.303,50.502,29.262,311.0,200.0,False,111.067,"[None, 2048, 2048, 2048, 2048, 2048, 2048, 2048]","[2048, 2048, 2048, 2048, 2048, 2048, 2048, 2048, 2048, 2048, 2048, 2048]","[2048, 2048, 2048, 2048, 2048, 2048, 2048, 2048]",302.0
1290,11334,12,26,2026-07-19T13:53:51.033000+00:00,30.706,49.329,29.298,,203.0,False,109.333,"[None, 2048, 2048, 2048, 2049, 2049, 2049, 2048]","[2048, 2048, 2048, 2048, 2048, 2048, 2049, 2049, 2048, 2048, 2048, 2048]","[2048, 2048, 2048, 2048, 2048, 2048, 2048, 2048]",307.0
1290,11334,3,26,2026-07-19T13:53:53.309000+00:00,31.35,49.313,29.409,316.0,197.0,False,110.072,"[None, 2048, 2048, 2048, 2048, 2048, 2048, 2048]","[2051, 2048, 2048, 2048, 2048, 2049, 2048, 2048, 2048, 2048, 2048, 2048]","[2048, 2049, 2048, 2049, 2049, 2048, 2048, 2048]",289.0
1290,11334,81,26,2026-07-19T13:53:54.797000+00:00,30.882,49.653,29.256,321.0,205.0,False,109.791,"[2048, 2048, 2048, 2048, 2048, 2048, 2048, 2048]","[2049, 2048, 2048, 2048, 2048, 2049, 2048, 2048, 2048, 2048, 2048, 2048]","[2048, 2048, 2048, 2048, 2048, 2048, 2048, 2048]",306.0
1290,11334,44,26,2026-07-19T13:54:01.624000+00:00,31.221,49.476,29.445,314.0,205.0,False,110.142,"[None, 2048, 2048, 2048, 2048, 2048, 2048, 2048]","[2048, 2048, 2048, 2048, 2048, 2049, 2048, 2048, 2048, 2048, 2048, 2048]","[2048, 2048, 2048, 2048, 2048, 2048, 2048, 2048]",
1290,11334,6,26,2026-07-19T13:54:08.487000+00:00,31.319,49.188,29.385,314.0,205.0,False,109.892,"[None, 2048, 2048, 2048, 2048, 2048, 2048, 2048]","[2048, 2048, 2048, 2048, 2048, 2048, 2048, 2048, 2048, 2048, 2048, 2048]","[2049, 2049, 2048, 2048, 2048, 2048, 2048, 2048]",
1290,11334,5,26,2026-07-19T13:54:13.428000+00:00,31.632,49.473,29.852,,200.0,False,110.957,"[None, 2048, 2048, 2048, 2048, 2048, 2048, 2048]","[2048, 2048, 2048, 2048, 2048, 2048, 2048, 2049, 2048, 2048, 2048, 2048]","[2048, 2048, 2048, 2048, 2048, 2048, 2048, 2048]",
1290,11334,41,26,2026-07-19T13:54:17.492000+00:00,31.443,50.063,29.513,309.0,205.0,False,111.019,"[None, 2048, 2048, 2048, 2048, 2048, 2048, 2048]","[2048, 2048, 2048, 2048, 2048, 2048, 2048, 2048, 2048, 2048, 2048, 2048]","[2048, 2048, 2048, 2048, 2048, 2049, 2048, 2048]",
1290,11334,30,26,2026-07-19T13:54:26.937000+00:00,31.769,50.524,29.897,304.0,205.0,False,112.19,"[None, 2048, 2048, 2048, 2048, 2048, 2048, 2048]","[2048, 2048, 2048, 2048, 2048, 2048, 2048, 2048, 2048, 2048, 2049, 2048]","[2048, 2048, 2048, 2048, 2048, 2048, 2048, 2048]",303.0
1290,11334,27,26,2026-07-19T13:54:27.669000+00:00,31.482,51.277,29.869,322.0,198.0,False,112.628,"[None, 2048, 2051, 2048, 2048, 2049, 2048, 2048]","[2048, 2048, 2048, 2048, 2048, 2048, 2048, 2048, 2048, 2048, 2048, 2048]","[2048, 2048, 2048, 2051, 2049, 2048, 2048, 2048]",304.0
1290,11334,10,26,2026-07-19T13:54:28.008000+00:00,31.194,50.888,29.788,315.0,199.0,False,111.87,"[None, 2048, 2048, 2048, 2048, 2048, 2048, 2048]","[2049, 2048, 2049, 2049, 2048, 2049, 2048, 2049, 2048, 2048, 2048, 2048]","[2048, 2048, 2048, 2048, 2048, 2048, 2048]",301.0
1290,11334,43,26,2026-07-19T13:54:28.586000+00:00,31.094,51.507,29.694,298.0,200.0,False,112.295,"[None, 2048, 2049, 2049, 2048, 2048, 2048, 2048]","[2048, 2048, 2048, 2048, 2048, 2048, 2049, 2048, 2048, 2048, 2048, 2048]","[2048, 2049, 2048, 2049, 2049, 2048, 2048, 2048]",
1290,11334,23,26,2026-07-19T13:54:41.053000+00:00,31.537,50.988,30.453,310.0,199.0,False,112.978,"[None, 2048, 2048, 2048, 2048, 2048, 2048, 2048]","[2048, 2048, 2049, 2048, 2048, 2048, 2048, 2049, 2048, 2048, 2048, 2048]","[2048, 2048, 2048, 2048, 2049, 2048, 2048, 2048]",
1290,11334,87,26,2026-07-19T13:54:41.593000+00:00,31.407,51.195,29.877,320.0,201.0,False,112.479,"[2049, 2048, 2049, 2048, 2048, 2048, 2048, 2048]","[2048, 2048, 2048, 2048, 2048, 2048, 2048, 2048, 2048, 2048, 2048, 2048]","[2048, 2049, 2048, 2048, 2048, 2048, 2049, 2048]",294.0
1290,11334,55,26,2026-07-19T13:54:51.183000+00:00,31.619,50.888,29.804,308.0,195.0,False,112.311,"[None, 2048, 2048, 2048, 2048, 2048, 2048, 2048]","[2048, 2048, 2048, 2048, 2048, 2048, 2048, 2048, 2048, 2048, 2048, 2048]","[2048, 2048, 2048, 2048, 2048, 2048, 2048, 2048]",
1290,11334,31,26,2026-07-19T13:54:52.025000+00:00,31.626,51.087,29.595,317.0,199.0,False,112.308,"[None, 2048, 2049, 2048, 2048, 2048, 2048, 2048]","[2048, 2048, 2048, 2048, 2048, 2048, 2048, 2048, 2048, 2048, 2048, 2048]","[2048, 2048, 2048, 2048, 2048, 2048, 2048, 2048]",
1290,11334,77,26,2026-07-19T13:55:04.461000+00:00,32.335,52.237,30.262,,189.0,False,114.834,"[None, 2048, 2048, 2048, 2048, 2048, 2048, 2048]","[2048, 2048, 2048, 2048, 2048, 2048, 2048, 2048, 2048, 2048, 2048, 2048]","[2048, 2048, 2048, 2048, 2048, 2048, 2048, 2048]",291.0
1290,11334,14,26,2026-07-19T13:55:29.988000+00:00,32.633,51.236,30.688,292.0,197.0,False,114.557,"[None, 2048, 2048, 2048, 2048, 2048, 2048, 2048]","[2048, 2048, 2048, 2048, 2048, 2048, 2048, 2048, 2048, 2048, 2048, 2048]","[2048, 2048, 2048, 2048, 2048, 2048, 2048, 2048]",290.0
1290,11334,16,27,2026-07-19T13:55:37.273000+00:00,31.592,48.921,29.475,311.0,207.0,False,109.988,"[None, 2048, 2048, 2048, 2048, 2048, 2048, 2048]","[2048, 2048, 2048, 2048, 2048, 2048, 2048, 2048, 2048, 2048, 2048, 2048]","[2048, 2048, 2048, 2048, 2048, 2048, 2048, 2048]",
1290,11334,12,27,2026-07-19T13:55:40.463000+00:00,31.161,49.258,29.365,315.0,205.0,False,109.784,"[None, 2048, 2048, 2048, 2048, 2048, 2048, 2048]","[2051, 2048, 2048, 2049, 2048, 2048, 2048, 2048, 2048, 2048, 2048, 2048]","[2048, 2048, 2048, 2048, 2048, 2048, 2048, 2048]",299.0
1290,11334,1,27,2026-07-19T13:55:41.521000+00:00,31.405,50.264,29.305,317.0,201.0,False,110.974,"[None, 2048, 2048, 2048, 2048, 2048, 2048, 2048]","[2049, 2048, 2048, 2048, 2048, 2049, 2048, 2048, 2048, 2048, 2048, 2048]","[2048, 2048, 2048, 2048, 2048, 2048, 2048, 2048]",303.0
1290,11334,3,27,2026-07-19T13:55:43.419000+00:00,31.6,49.23,29.271,318.0,199.0,False,110.101,"[None, 2048, 2048, 2048, 2048, 2048, 2048, 2048]","[2048, 2048, 2048, 2048, 2048, 2048, 2049, 2048, 2048, 2048, 2048, 2048]","[2048, 2049, 2049, 2049, 2049, 2048, 2048, 2048]",288.0
1290,11334,81,27,2026-07-19T13:55:44.581000+00:00,30.985,49.707,29.403,326.0,204.0,False,110.095,"[None, 2048, 2048, 2048, 2048, 2048, 2048, 2048]","[2048, 2048, 2048, 2048, 2048, 2048, 2048, 2048, 2048, 2048, 2048, 2048]","[2048, 2048, 2048, 2048, 2048, 2048, 2048, 2048]",
1290,11334,44,27,2026-07-19T13:55:51.782000+00:00,31.283,49.459,29.421,315.0,205.0,False,110.163,"[None, 2048, 2048, 2048, 2048, 2048, 2048, 2048]","[2049, 2048, 2048, 2048, 2048, 2048, 2048, 2048, 2048, 2049, 2048, 2048]","[2048, 2048, 2048, 2048, 2048, 2048, 2048, 2048]",300.0
1290,11334,18,26,2026-07-19T13:55:53.011000+00:00,,,,,,False,,,,,
1290,11334,6,27,2026-07-19T13:55:58.389000+00:00,31.433,49.264,29.388,312.0,207.0,False,110.085,"[None, 2048, 2048, 2048, 2048, 2048, 2048, 2048]","[2048, 2048, 2048, 2048, 2049, 2048, 2048, 2048, 2048, 2048, 2048, 2048]","[2049, 2048, 2048, 2048, 2048, 2048, 2048, 2048]",
1290,11334,5,27,2026-07-19T13:56:04.438000+00:00,31.691,49.277,29.916,305.0,202.0,False,110.884,"[None, 2048, 2048, 2048, 2048, 2048, 2048, 2048]","[2048, 2048, 2048, 2048, 2048, 2048, 2048, 2048, 2048, 2048, 2048, 2048]","[2048, 2048, 2048, 2048, 2048, 2048, 2048, 2048]",
1290,11334,41,27,2026-07-19T13:56:08.514000+00:00,31.381,49.988,29.657,,207.0,False,111.026,"[None, 2048, 2048, 2048, 2048, 2048, 2048, 2048]","[2048, 2048, 2048, 2048, 2048, 2048, 2048, 2048, 2048, 2048, 2048, 2048]","[2049, 2048, 2048, 2048, 2048, 2048, 2048, 2048]",307.0
1290,11334,30,27,2026-07-19T13:56:19.051000+00:00,31.68,50.616,29.814,303.0,207.0,False,112.11,"[None, 2048, 2048, 2048, 2048, 2048, 2048, 2048]","[2048, 2048, 2048, 2048, 2048, 2048, 2048, 2048, 2048, 2048, 2048, 2048]","[2049, 2048, 2048, 2048, 2048, 2048, 2048, 2048]",
1290,11334,10,27,2026-07-19T13:56:19.858000+00:00,31.206,51.243,29.715,294.0,203.0,False,112.164,"[None, 2048, 2048, 2048, 2048, 2048, 2048, 2048]","[2048, 2048, 2048, 2048, 2048, 2048, 2048, 2048, 2048, 2048, 2048, 2048]","[2048, 2048, 2048, 2048, 2048, 2048, 2048, 2048]",303.0
1290,11334,27,27,2026-07-19T13:56:20.343000+00:00,31.368,51.041,29.696,317.0,199.0,False,112.105,"[None, 2048, 2048, 2048, 2048, 2048, 2048, 2048]","[2048, 2048, 2048, 2048, 2048, 2048, 2048, 2048, 2048, 2048, 2048, 2048]","[2048, 2048, 2048, 2051, 2048, 2048, 2048, 2048]",305.0
1290,11334,43,27,2026-07-19T13:56:20.782000+00:00,31.002,51.674,29.555,327.0,201.0,False,112.231,"[None, 2048, 2048, 2048, 2048, 2048, 2048, 2048]","[2048, 2048, 2048, 2048, 2048, 2048, 2048, 2048, 2048, 2048, 2048, 2048]","[2048, 2049, 2049, 2049, 2048, 2048, 2048, 2048]",
1290,11334,23,27,2026-07-19T13:56:34.011000+00:00,31.983,51.917,29.91,321.0,195.0,False,113.81,"[None, 2048, 2048, 2048, 2048, 2048, 2048, 2048]","[2048, 2048, 2048, 2048, 2048, 2048, 2048, 2048, 2048, 2048, 2048, 2048]","[2048, 2049, 2048, 2048, 2048, 2048, 2048, 2048]",296.0
1290,11334,87,27,2026-07-19T13:56:34.134000+00:00,31.799,50.524,29.658,312.0,207.0,False,111.981,"[2048, 2048, 2049, 2048, 2048, 2049, 2048, 2048]","[2048, 2048, 2048, 2048, 2048, 2048, 2048, 2048, 2048, 2048, 2048, 2049]","[2049, 2048, 2048, 2048, 2048, 2048, 2048, 2048]",299.0
1290,11334,55,27,2026-07-19T13:56:43.517000+00:00,31.685,50.828,29.752,309.0,200.0,False,112.265,"[None, 2048, 2048, 2048, 2048, 2048, 2048, 2048]","[2048, 2048, 2048, 2048, 2048, 2048, 2048, 2048, 2048, 2048, 2048, 2048]","[2048, 2048, 2048, 2048, 2048, 2048, 2048, 2048]",
1290,11334,31,27,2026-07-19T13:56:44.462000+00:00,31.674,51.04,29.621,319.0,200.0,False,112.335,"[None, 2048, 2048, 2048, 2048, 2048, 2048, 2048]","[2048, 2048, 2048, 2048, 2048, 2049, 2048, 2048, 2048, 2048, 2048, 2048]","[2048, 2048, 2048, 2048, 2048, 2048, 2048, 2048]",293.0
1290,11334,77,27,2026-07-19T13:56:59.287000+00:00,32.26,52.413,30.186,303.0,192.0,False,114.859,"[None, 2048, 2048, 2048, 2048, 2048, 2048, 2048]","[2048, 2048, 2048, 2048, 2048, 2048, 2048, 2048, 2048, 2048, 2048, 2048]","[2048, 2049, 2048, 2048, 2048, 2048, 2048, 2048]",
1290,11334,14,27,2026-07-19T13:57:24.523000+00:00,32.662,52.424,30.992,,196.0,False,116.078,"[None, 2048, 2048, 2048, 2048, 2048, 2048, 2048]","[2048, 2048, 2048, 2048, 2048, 2048, 2048, 2048, 2048, 2048, 2048, 2048]","[2048, 2048, 2048, 2048, 2048, 2048, 2048, 2048]",288.0
1290,11334,16,28,2026-07-19T13:57:27.249000+00:00,31.414,49.076,29.415,314.0,209.0,False,109.905,"[None, 2048, 2048, 2048, 2048, 2048, 2048, 2048]","[2048, 2048, 2048, 2048, 2048, 2048, 2048, 2048, 2048, 2048, 2048, 2049]","[2049, 2048, 2048, 2048, 2048, 2048, 2048, 2048]",300.0
1290,11334,12,28,2026-07-19T13:57:30.047000+00:00,31.196,49.248,29.205,,202.0,False,109.649,"[None, 2048, 2048, 2048, 2048, 2048, 2048, 2048]","[2048, 2048, 2048, 2048, 2048, 2048, 2048, 2048, 2048, 2048, 2048, 2048]","[2048, 2048, 2049, 2049, 2048, 2049, 2048, 2048]",300.0
1290,11334,1,28,2026-07-19T13:57:32.557000+00:00,31.5,49.88,29.363,312.0,203.0,False,110.743,"[None, 2048, 2048, 2048, 2048, 2048, 2048, 2048]","[2048, 2048, 2048, 2048, 2048, 2048, 2048, 2048, 2048, 2048, 2048, 2048]","[2048, 2048, 2048, 2048, 2048, 2048, 2048, 2048]",302.0
1290,11334,3,28,2026-07-19T13:57:33.532000+00:00,31.106,49.82,29.412,326.0,195.0,False,110.338,"[None, 2048, 2048, 2048, 2048, 2049, 2049, 2049]","[2048, 2048, 2048, 2048, 2048, 2048, 2049, 2049, 2048, 2048, 2048, 2048]","[2048, 2049, 2049, 2048, 2048, 2048, 2048, 2048]",292.0
1290,11334,81,28,2026-07-19T13:57:34.774000+00:00,30.958,49.751,29.389,322.0,206.0,False,110.098,"[None, 2048, 2048, 2048, 2048, 2048, 2048, 2048]","[2048, 2048, 2048, 2048, 2048, 2048, 2049, 2048, 2048, 2048, 2048, 2048]","[2048, 2048, 2048, 2048, 2048, 2048, 2048, 2048]",305.0
1290,11334,44,28,2026-07-19T13:57:41.861000+00:00,31.335,49.346,29.401,314.0,203.0,False,110.082,"[None, 2048, 2048, 2048, 2048, 2048, 2048, 2048]","[2048, 2048, 2048, 2048, 2048, 2048, 2048, 2049, 2049, 2048, 2048, 2048]","[2048, 2048, 2048, 2048, 2048, 2049, 2048, 2048]",299.0
1290,11334,6,28,2026-07-19T13:57:48.484000+00:00,31.325,49.207,29.495,313.0,207.0,False,110.027,"[None, 2048, 2048, 2048, 2048, 2048, 2048, 2048]","[2048, 2048, 2048, 2048, 2048, 2048, 2048, 2048, 2048, 2048, 2048, 2048]","[2049, 2048, 2048, 2048, 2048, 2048, 2048, 2048]",
1290,11334,5,28,2026-07-19T13:57:55.335000+00:00,31.772,49.408,29.871,304.0,200.0,False,111.051,"[None, 2048, 2048, 2048, 2048, 2048, 2048, 2048]","[2048, 2048, 2048, 2048, 2048, 2048, 2048, 2048, 2048, 2048, 2048, 2048]","[2048, 2048, 2048, 2048, 2048, 2048, 2048, 2048]",299.0
1290,11334,41,28,2026-07-19T13:57:59.483000+00:00,31.356,49.965,29.564,308.0,205.0,False,110.885,"[None, 2048, 2048, 2048, 2048, 2048, 2048, 2048]","[2048, 2048, 2048, 2048, 2048, 2048, 2049, 2048, 2048, 2048, 2048, 2048]","[2048, 2048, 2048, 2048, 2048, 2048, 2048, 2048]",304.0
1290,11334,30,28,2026-07-19T13:58:11.195000+00:00,31.762,50.473,29.885,,205.0,False,112.12,"[None, 2048, 2048, 2048, 2048, 2048, 2048, 2048]","[2048, 2048, 2048, 2048, 2048, 2048, 2048, 2048, 2048, 2048, 2049, 2048]","[2048, 2048, 2048, 2048, 2048, 2048, 2048, 2048]",301.0
1290,11334,10,28,2026-07-19T13:58:12.091000+00:00,31.2,51.162,29.68,318.0,200.0,False,112.042,"[None, 2048, 2048, 2048, 2048, 2048, 2048, 2048]","[2048, 2048, 2048, 2048, 2048, 2048, 2048, 2048, 2048, 2048, 2048, 2048]","[2048, 2048, 2048, 2048, 2048, 2048, 2048, 2048]",300.0
1290,11334,27,28,2026-07-19T13:58:12.438000+00:00,31.601,51.755,29.674,314.0,197.0,False,113.03,"[None, 2048, 2048, 2048, 2048, 2048, 2048, 2048]","[2048, 2048, 2048, 2048, 2048, 2048, 2048, 2048, 2048, 2048, 2048, 2048]","[2048, 2048, 2048, 2048, 2048, 2048, 2048]",296.0
1290,11334,43,28,2026-07-19T13:58:13.017000+00:00,31.03,51.182,29.616,331.0,202.0,False,111.828,"[None, 2048, 2048, 2048, 2048, 2048, 2048, 2048]","[2048, 2048, 2048, 2048, 2048, 2048, 2048, 2048, 2048, 2048, 2048, 2048]","[2049, 2048, 2048, 2048, 2048, 2048, 2048, 2048]",303.0
1290,11334,87,28,2026-07-19T13:58:26.051000+00:00,32.139,50.169,29.696,303.0,204.0,False,112.004,"[None, 2048, 2048, 2048, 2048, 2048, 2048, 2048]","[2048, 2048, 2048, 2048, 2048, 2048, 2048, 2048, 2048, 2048, 2048, 2048]","[2048, 2048, 2048, 2048, 2048, 2049, 2048, 2048]",289.0
1290,11334,23,28,2026-07-19T13:58:27.870000+00:00,31.395,51.152,30.01,317.0,195.0,False,112.557,"[None, 2048, 2048, 2048, 2048, 2048, 2048, 2048]","[2048, 2048, 2048, 2048, 2048, 2048, 2048, 2048, 2048, 2048, 2048, 2048]","[2048, 2048, 2048, 2048, 2048, 2048, 2048, 2048]",298.0
1290,11334,55,28,2026-07-19T13:58:35.694000+00:00,31.561,50.739,29.704,310.0,201.0,False,112.004,"[None, 2048, 2048, 2048, 2048, 2048, 2048, 2048]","[2048, 2048, 2048, 2048, 2048, 2048, 2048, 2048, 2048, 2048, 2049, 2048]","[2048, 2048, 2048, 2048, 2048, 2048, 2048, 2048]",295.0
1290,11334,31,28,2026-07-19T13:58:36.729000+00:00,31.768,51.037,29.325,318.0,199.0,False,112.13,"[None, 2048, 2048, 2048, 2048, 2048, 2048, 2048]","[2049, 2048, 2048, 2048, 2048, 2048, 2048, 2048, 2048, 2048, 2048, 2048]","[2048, 2048, 2048, 2049, 2048, 2049, 2048, 2048]",
1290,11334,77,28,2026-07-19T13:58:54.111000+00:00,32.123,52.355,30.296,305.0,194.0,False,114.774,"[None, 2048, 2048, 2048, 2048, 2048, 2048, 2048]","[2048, 2048, 2048, 2048, 2048, 2048, 2048, 2048, 2048, 2048, 2048, 2048]","[2048, 2048, 2048, 2048, 2048, 2048, 2048, 2048]",
1290,11334,16,29,2026-07-19T13:59:17.174000+00:00,31.508,48.806,29.692,310.0,209.0,False,110.006,"[None, 2048, 2048, 2048, 2048, 2048, 2048, 2048]","[2049, 2048, 2048, 2048, 2048, 2048, 2048, 2048, 2048, 2048, 2048, 2051]","[2048, 2048, 2048, 2048, 2048, 2048, 2048, 2048]",
1290,11334,12,29,2026-07-19T13:59:19.684000+00:00,31.11,49.23,29.319,318.0,206.0,False,109.659,"[None, 2048, 2048, 2048, 2048, 2048, 2048, 2048]","[2048, 2048, 2048, 2048, 2048, 2049, 2048, 2048, 2048, 2049, 2048, 2048]","[2049, 2048, 2048, 2048, 2048, 2049, 2048, 2048]",301.0
1290,11334,14,28,2026-07-19T13:59:20.672000+00:00,32.16,54.805,31.781,307.0,186.0,False,118.746,"[2049, 2048, 2048, 2048, 2048, 2048, 2048, 2048]","[2048, 2048, 2048, 2048, 2048, 2048, 2049, 2048, 2048, 2048, 2048, 2048]","[2048, 2048, 2048, 2048, 2048, 2048, 2048, 2048]",293.0
1290,11334,1,29,2026-07-19T13:59:23.277000+00:00,31.335,51.177,29.284,313.0,205.0,False,111.796,"[None, 2048, 2048, 2048, 2048, 2048, 2048, 2048]","[2048, 2048, 2048, 2048, 2048, 2048, 2048, 2048, 2048, 2048, 2048, 2048]","[2049, 2048, 2048, 2048, 2048, 2048, 2048, 2048]",305.0
1290,11334,3,29,2026-07-19T13:59:23.947000+00:00,30.752,50.084,29.532,332.0,200.0,False,110.368,"[None, 2048, 2048, 2049, 2049, 2049, 2049, 2049]","[2048, 2048, 2048, 2048, 2048, 2048, 2048, 2048, 2048, 2048, 2048, 2048]","[2049, 2048, 2048, 2048, 2048, 2048, 2048]",299.0
1290,11334,81,29,2026-07-19T13:59:24.784000+00:00,30.888,50.656,29.985,324.0,202.0,False,111.529,"[None, 2048, 2048, 2048, 2049, 2048, 2048, 2048]","[2048, 2048, 2048, 2048, 2048, 2048, 2049, 2048, 2049, 2048, 2048, 2048]","[2048, 2048, 2048, 2048, 2048, 2048, 2048, 2048]",310.0
1290,11334,44,29,2026-07-19T13:59:31.991000+00:00,31.308,49.072,29.478,315.0,206.0,False,109.858,"[None, 2048, 2048, 2048, 2048, 2048, 2048, 2048]","[2048, 2048, 2048, 2049, 2048, 2048, 2048, 2049, 2049, 2049, 2048, 2048]","[2048, 2048, 2048, 2048, 2048, 2049, 2048, 2048]",302.0
1290,11334,6,29,2026-07-19T13:59:38.400000+00:00,31.314,49.154,29.477,317.0,205.0,False,109.945,"[None, 2048, 2048, 2048, 2048, 2048, 2048, 2048]","[2049, 2048, 2048, 2048, 2048, 2048, 2049, 2048, 2048, 2048, 2048, 2048]","[2048, 2048, 2048, 2048, 2048, 2048, 2048, 2048]",295.0
1290,11334,5,29,2026-07-19T13:59:46.312000+00:00,31.646,49.367,29.869,306.0,199.0,False,110.882,"[None, 2048, 2048, 2048, 2048, 2048, 2048, 2048]","[2048, 2048, 2048, 2048, 2048, 2048, 2048, 2048, 2048, 2048, 2048, 2048]","[2048, 2048, 2048, 2048, 2048, 2049, 2048, 2048]",302.0
1290,11334,41,29,2026-07-19T13:59:50.566000+00:00,31.326,49.962,29.536,310.0,208.0,False,110.824,"[None, 2048, 2048, 2048, 2048, 2048, 2048, 2048]","[2048, 2048, 2048, 2048, 2048, 2048, 2048, 2048, 2048, 2048, 2048, 2048]","[2048, 2049, 2048, 2048, 2048, 2048, 2048]",307.0
1290,11334,30,29,2026-07-19T14:00:03.312000+00:00,31.742,50.891,30.309,,206.0,False,112.942,"[None, 2048, 2048, 2048, 2048, 2048, 2048, 2048]","[2048, 2048, 2048, 2048, 2048, 2048, 2048, 2048, 2048, 2048, 2048, 2048]","[2048, 2048, 2048, 2048, 2048, 2048, 2048, 2048]",303.0
1290,11334,10,29,2026-07-19T14:00:04.164000+00:00,31.113,51.499,30.05,320.0,199.0,False,112.662,"[None, 2048, 2048, 2048, 2048, 2048, 2048, 2048]","[2048, 2048, 2048, 2048, 2048, 2048, 2048, 2048, 2048, 2048, 2048, 2048]","[2048, 2048, 2048, 2048, 2048, 2048, 2048, 2048]",304.0
1290,11334,43,29,2026-07-19T14:00:04.866000+00:00,31.173,51.395,29.812,317.0,202.0,False,112.38,"[None, 2048, 2048, 2048, 2048, 2048, 2048, 2048]","[2048, 2048, 2048, 2048, 2048, 2048, 2048, 2048, 2048, 2048, 2048, 2048]","[2048, 2048, 2048, 2048, 2048, 2048, 2048, 2048]",304.0
1290,11334,27,29,2026-07-19T14:00:05.434000+00:00,31.553,50.879,30.081,317.0,198.0,False,112.513,"[None, 2048, 2048, 2048, 2048, 2048, 2048, 2048]","[2048, 2048, 2048, 2048, 2048, 2048, 2048, 2048, 2049, 2048, 2048, 2048]","[2048, 2048, 2048, 2048, 2048, 2048, 2048, 2048]",304.0
1290,11334,87,29,2026-07-19T14:00:18.139000+00:00,31.896,50.654,29.613,,202.0,False,112.163,"[None, 2048, 2048, 2048, 2048, 2048, 2048, 2048]","[2048, 2048, 2048, 2048, 2048, 2048, 2048, 2048, 2048, 2048, 2048, 2048]","[2048, 2048, 2048, 2048, 2048, 2049, 2048]",294.0
1290,11334,23,29,2026-07-19T14:00:20.382000+00:00,31.476,51.12,30.135,316.0,198.0,False,112.731,"[None, 2048, 2048, 2048, 2048, 2048, 2048, 2048]","[2048, 2048, 2048, 2048, 2048, 2048, 2049, 2048, 2048, 2048, 2048, 2048]","[2048, 2048, 2048, 2048, 2048, 2048, 2048, 2048]",300.0
1290,11334,55,29,2026-07-19T14:00:27.700000+00:00,31.641,50.822,29.604,311.0,201.0,False,112.067,"[None, 2048, 2048, 2048, 2048, 2048, 2048, 2048]","[2048, 2048, 2048, 2048, 2048, 2048, 2048, 2048, 2048, 2048, 2049, 2048]","[2049, 2049, 2048, 2048, 2048, 2049, 2048, 2048]",297.0
1290,11334,31,29,2026-07-19T14:00:28.831000+00:00,31.833,50.999,29.236,314.0,198.0,False,112.068,"[None, 2048, 2048, 2048, 2048, 2048, 2048, 2048]","[2048, 2048, 2048, 2048, 2048, 2048, 2048, 2048, 2048, 2048, 2048, 2048]","[2048, 2048, 2048, 2049, 2048, 2051, 2048, 2048]",296.0
1290,11334,77,29,2026-07-19T14:00:48.868000+00:00,32.107,52.313,29.98,,197.0,False,114.4,"[None, 2048, 2048, 2048, 2048, 2048, 2048, 2048]","[2048, 2048, 2048, 2048, 2048, 2048, 2048, 2048, 2048, 2048, 2048, 2048]","[2049, 2048, 2048, 2048, 2048, 2048, 2048, 2048]",292.0
1290,11334,16,30,2026-07-19T14:01:07.215000+00:00,31.431,49.136,29.586,311.0,208.0,False,110.153,"[None, 2048, 2048, 2048, 2048, 2048, 2048, 2048]","[2049, 2048, 2048, 2048, 2048, 2048, 2048, 2048, 2048, 2048, 2048, 2048]","[2048, 2048, 2048, 2048, 2048, 2048, 2048, 2048]",
1290,11334,12,30,2026-07-19T14:01:09.402000+00:00,30.913,49.479,29.303,321.0,208.0,False,109.695,"[None, 2048, 2048, 2048, 2048, 2048, 2048, 2048]","[2048, 2048, 2048, 2048, 2048, 2048, 2048, 2048, 2048, 2048, 2048, 2048]","[2051, 2048, 2048, 2048, 2048, 2048, 2048, 2048]",303.0
1290,11334,3,30,2026-07-19T14:01:14.114000+00:00,31.467,49.363,29.476,313.0,202.0,False,110.306,"[None, 2048, 2048, 2048, 2048, 2048, 2048, 2048]","[2048, 2048, 2048, 2048, 2048, 2048, 2048, 2048, 2048, 2048, 2048, 2048]","[2049, 2048, 2048, 2048, 2048, 2048, 2048, 2048]",289.0
1290,11334,1,30,2026-07-19T14:01:15.073000+00:00,31.142,50.302,33.612,322.0,206.0,False,115.056,"[None, 2048, 2048, 2048, 2048, 2048, 2048, 2048]","[2048, 2048, 2048, 2048, 2048, 2048, 2048, 2049, 2048, 2048, 2048, 2048]","[2048, 2048, 2048, 2048, 2048, 2048, 2064, 2064]",307.0
1290,11334,81,30,2026-07-19T14:01:16.386000+00:00,30.897,50.016,29.343,325.0,204.0,False,110.256,"[None, 2048, 2048, 2048, 2048, 2048, 2048, 2048]","[2048, 2048, 2048, 2048, 2048, 2048, 2048, 2048, 2048, 2048, 2048, 2048]","[2048, 2049, 2048, 2048, 2048, 2048, 2048]",309.0
1290,11334,14,29,2026-07-19T14:01:19.386000+00:00,34.501,56.261,31.279,302.0,186.0,False,122.041,"[2048, 2048, 2048, 2048, 2048, 2048, 2048, 2048]","[2048, 2048, 2048, 2048, 2048, 2048, 2048, 2048, 2048, 2048, 2048, 2048]","[2048, 2048, 2048, 2049, 2048, 2048, 2048, 2048]",
1290,11334,44,30,2026-07-19T14:01:21.848000+00:00,31.234,49.359,29.421,316.0,206.0,False,110.014,"[None, 2048, 2048, 2048, 2048, 2048, 2048, 2048]","[2048, 2048, 2048, 2048, 2048, 2049, 2048, 2049, 2048, 2048, 2048, 2048]","[2048, 2048, 2048, 2048, 2048, 2049, 2048, 2048]",
1290,11334,6,30,2026-07-19T14:01:28.472000+00:00,31.327,49.402,29.454,319.0,204.0,False,110.183,"[None, 2048, 2048, 2048, 2048, 2048, 2048, 2048]","[2049, 2048, 2048, 2048, 2048, 2048, 2048, 2049, 2048, 2048, 2048, 2048]","[2048, 2048, 2048, 2048, 2048, 2048, 2048, 2048]",291.0
1290,11334,5,30,2026-07-19T14:01:37.210000+00:00,31.732,49.65,29.891,,204.0,False,111.273,"[None, 2048, 2048, 2048, 2048, 2048, 2048, 2048]","[2048, 2048, 2048, 2048, 2048, 2048, 2048, 2048, 2048, 2048, 2048, 2048]","[2048, 2048, 2048, 2048, 2048, 2048, 2048, 2048]",301.0
1290,11334,41,30,2026-07-19T14:01:41.225000+00:00,31.415,50.187,29.526,311.0,208.0,False,111.128,"[None, 2048, 2048, 2048, 2048, 2048, 2048, 2048]","[2048, 2048, 2048, 2048, 2048, 2048, 2048, 2048, 2048, 2048, 2048, 2048]","[2048, 2048, 2048, 2048, 2048, 2048, 2048, 2048]",305.0
1290,11334,30,30,2026-07-19T14:01:56.386000+00:00,32.188,52.221,29.7,305.0,207.0,False,114.109,"[None, 2048, 2048, 2048, 2048, 2048, 2048, 2048]","[2048, 2048, 2048, 2048, 2048, 2048, 2048, 2048, 2048, 2048, 2048, 2048]","[2048, 2048, 2048, 2048, 2048, 2048, 2048, 2048]",306.0
1290,11334,10,30,2026-07-19T14:01:56.686000+00:00,31.646,52.998,29.53,307.0,201.0,False,114.174,"[2049, 2048, 2048, 2048, 2048, 2048, 2048, 2048]","[2048, 2048, 2048, 2048, 2048, 2048, 2048, 2048, 2048, 2048, 2048, 2048]","[2048, 2049, 2048, 2048, 2048, 2048, 2048, 2048]",294.0
1290,11334,43,30,2026-07-19T14:01:57.253000+00:00,31.145,51.005,29.734,316.0,206.0,False,111.884,"[None, 2048, 2048, 2048, 2048, 2048, 2048, 2048]","[2048, 2048, 2048, 2048, 2048, 2048, 2048, 2049, 2048, 2048, 2048, 2048]","[2049, 2048, 2048, 2048, 2048, 2048, 2048, 2048]",305.0
1290,11334,27,30,2026-07-19T14:01:58.065000+00:00,31.086,52.76,29.997,325.0,198.0,False,113.843,"[None, 2048, 2048, 2048, 2048, 2049, 2048, 2048]","[2048, 2048, 2048, 2048, 2048, 2048, 2048, 2048, 2048, 2048, 2048, 2048]","[2048, 2048, 2048, 2048, 2048, 2048, 2048, 2048]",309.0
1290,11334,87,30,2026-07-19T14:02:10.249000+00:00,32.115,50.593,29.543,305.0,203.0,False,112.251,"[None, 2048, 2048, 2048, 2048, 2048, 2048, 2048]","[2048, 2048, 2048, 2048, 2048, 2048, 2048, 2048, 2048, 2048, 2048, 2048]","[2048, 2048, 2048, 2048, 2048, 2048, 2048, 2048]",292.0
1290,11334,23,30,2026-07-19T14:02:13.075000+00:00,31.405,51.171,29.948,317.0,199.0,False,112.524,"[None, 2048, 2048, 2048, 2048, 2048, 2048, 2048]","[2049, 2048, 2048, 2048, 2048, 2048, 2048, 2048, 2048, 2048, 2048, 2048]","[2048, 2048, 2048, 2048, 2048, 2048, 2048, 2048]",301.0
1290,11334,55,30,2026-07-19T14:02:19.728000+00:00,31.818,50.855,29.415,310.0,201.0,False,112.088,"[None, 2048, 2048, 2048, 2048, 2048, 2048, 2048]","[2048, 2048, 2048, 2048, 2048, 2048, 2048, 2048, 2048, 2048, 2048, 2048]","[2048, 2048, 2048, 2048, 2048, 2048, 2048, 2048]",296.0
1290,11334,31,30,2026-07-19T14:02:20.946000+00:00,32.132,50.853,29.19,309.0,199.0,False,112.175,"[None, 2048, 2048, 2048, 2048, 2048, 2048, 2048]","[2048, 2048, 2048, 2048, 2048, 2048, 2048, 2049, 2049, 2048, 2048, 2048]","[2048, 2048, 2048, 2049, 2048, 2048, 2048, 2048]",294.0
1290,11334,77,30,2026-07-19T14:02:43.334000+00:00,32.258,52.174,30.517,304.0,191.0,False,114.949,"[None, 2048, 2048, 2048, 2048, 2048, 2048, 2048]","[2048, 2048, 2048, 2048, 2048, 2048, 2048, 2048, 2048, 2048, 2048, 2048]","[2048, 2048, 2048, 2048, 2048, 2048, 2048, 2048]",
1290,11334,16,31,2026-07-19T14:02:57.338000+00:00,31.554,49.237,29.579,310.0,209.0,False,110.37,"[None, 2048, 2048, 2048, 2048, 2048, 2048, 2048]","[2048, 2048, 2048, 2048, 2048, 2048, 2048, 2048, 2048, 2048, 2048, 2051]","[2048, 2048, 2048, 2048, 2048, 2048, 2048, 2048]",
1290,11334,12,31,2026-07-19T14:02:59.026000+00:00,31.051,49.56,29.412,322.0,206.0,False,110.023,"[None, 2048, 2048, 2048, 2048, 2048, 2048, 2048]","[2048, 2048, 2048, 2048, 2048, 2048, 2048, 2048, 2048, 2048, 2048, 2048]","[2048, 2048, 2048, 2048, 2048, 2048, 2048, 2048]",304.0
1290,11334,3,31,2026-07-19T14:03:04.583000+00:00,31.546,49.206,29.443,312.0,203.0,False,110.195,"[None, 2048, 2048, 2048, 2048, 2048, 2048, 2048]","[2048, 2048, 2048, 2048, 2048, 2048, 2049, 2048, 2048, 2048, 2048, 2048]","[2049, 2048, 2048, 2048, 2048, 2048, 2048, 2048]",288.0
1290,11334,81,31,2026-07-19T14:03:06.542000+00:00,31.201,49.623,29.538,317.0,206.0,False,110.362,"[None, 2048, 2048, 2048, 2048, 2048, 2048, 2048]","[2048, 2048, 2048, 2048, 2048, 2048, 2048, 2051, 2048, 2048, 2048, 2048]","[2048, 2048, 2048, 2048, 2048, 2048, 2048, 2048]",306.0
1290,11334,1,31,2026-07-19T14:03:10.086000+00:00,51.668,48.943,29.236,314.0,207.0,True,129.847,"[2064, 2064, 2048, 2048, 2048, 2048, 2048, 2048]","[2048, 2048, 2048, 2048, 2051, 2049, 2051, 2048, 2048, 2049, 2049, 2049]","[2051, 2048, 2048, 2048, 2048, 2048, 2048, 2048]",290.0
1290,11334,44,31,2026-07-19T14:03:11.886000+00:00,31.258,49.089,29.52,,205.0,False,109.867,"[None, 2048, 2048, 2048, 2048, 2048, 2048, 2048]","[2048, 2048, 2048, 2048, 2048, 2048, 2048, 2049, 2049, 2048, 2048, 2048]","[2048, 2048, 2048, 2048, 2048, 2048, 2048, 2048]",303.0
1290,11334,6,31,2026-07-19T14:03:18.644000+00:00,31.421,49.258,29.474,316.0,206.0,False,110.153,"[None, 2048, 2048, 2048, 2048, 2048, 2048, 2048]","[2048, 2048, 2049, 2048, 2048, 2048, 2049, 2048, 2048, 2048, 2048, 2048]","[2048, 2048, 2048, 2048, 2048, 2048, 2048, 2048]",292.0
1290,11334,14,30,2026-07-19T14:03:21.476000+00:00,33.194,52.933,30.744,294.0,195.0,False,116.871,"[None, 2048, 2048, 2048, 2048, 2048, 2048, 2048]","[2048, 2048, 2048, 2048, 2048, 2048, 2048, 2048, 2048, 2048, 2048, 2048]","[2048, 2048, 2048, 2048, 2048, 2048, 2048, 2048]",
1290,11334,5,31,2026-07-19T14:03:28.551000+00:00,31.813,49.545,29.843,,201.0,False,111.201,"[None, 2048, 2048, 2048, 2048, 2048, 2048, 2048]","[2048, 2048, 2048, 2048, 2048, 2048, 2048, 2048, 2048, 2048, 2048, 2048]","[2048, 2048, 2048, 2048, 2048, 2048, 2048]",
1290,11334,41,31,2026-07-19T14:03:32.314000+00:00,31.32,50.279,29.525,315.0,206.0,False,111.124,"[None, 2048, 2048, 2048, 2048, 2048, 2048, 2048]","[2048, 2048, 2048, 2048, 2048, 2048, 2048, 2048, 2048, 2048, 2048, 2048]","[2048, 2049, 2048, 2048, 2048, 2048, 2048, 2048]",307.0
1290,11334,43,31,2026-07-19T14:03:49.114000+00:00,31.558,50.508,29.666,306.0,203.0,False,111.732,"[None, 2049, 2048, 2048, 2048, 2048, 2048, 2048]","[2048, 2048, 2048, 2048, 2048, 2048, 2048, 2048, 2048, 2048, 2048, 2049]","[2048, 2048, 2048, 2048, 2048, 2048, 2048, 2048]",297.0
1290,11334,30,31,2026-07-19T14:03:50.381000+00:00,31.235,50.794,29.696,315.0,207.0,False,111.725,"[None, 2048, 2048, 2048, 2048, 2049, 2048, 2048]","[2048, 2048, 2048, 2048, 2048, 2048, 2048, 2048, 2048, 2048, 2048, 2048]","[2048, 2049, 2048, 2048, 2048, 2048, 2048, 2048]",312.0
1290,11334,10,31,2026-07-19T14:03:50.890000+00:00,30.882,51.402,29.535,329.0,202.0,False,111.819,"[2048, 2048, 2048, 2048, 2048, 2049, 2048, 2048]","[2048, 2048, 2048, 2048, 2048, 2048, 2048, 2048, 2048, 2048, 2048, 2048]","[2048, 2049, 2049, 2049, 2048, 2048, 2048, 2048]",307.0
1290,11334,27,31,2026-07-19T14:03:51.826000+00:00,31.022,50.938,30.012,322.0,199.0,False,111.972,"[None, 2048, 2048, 2048, 2048, 2048, 2048, 2048]","[2048, 2048, 2048, 2048, 2048, 2048, 2048, 2048, 2048, 2048, 2048, 2048]","[2048, 2048, 2048, 2048, 2048, 2048, 2048, 2048]",310.0
1290,11334,87,31,2026-07-19T14:04:02.496000+00:00,31.95,50.365,29.666,306.0,204.0,False,111.981,"[None, 2048, 2048, 2048, 2048, 2048, 2048, 2048]","[2048, 2048, 2048, 2048, 2048, 2048, 2048, 2048, 2048, 2048, 2048, 2048]","[2048, 2048, 2048, 2048, 2048, 2049, 2048, 2048]",293.0
1290,11334,23,31,2026-07-19T14:04:05.579000+00:00,31.561,51.112,30.078,315.0,199.0,False,112.751,"[None, 2048, 2048, 2048, 2048, 2048, 2048, 2048]","[2048, 2048, 2048, 2048, 2048, 2048, 2048, 2048, 2048, 2048, 2048, 2048]","[2048, 2048, 2048, 2048, 2048, 2048, 2048, 2048]",299.0
1290,11334,55,31,2026-07-19T14:04:11.934000+00:00,31.784,51.129,29.777,309.0,201.0,False,112.69,"[None, 2048, 2048, 2048, 2048, 2048, 2048, 2048]","[2048, 2048, 2048, 2048, 2048, 2048, 2048, 2048, 2048, 2048, 2048, 2048]","[2048, 2048, 2048, 2048, 2048, 2048, 2048, 2048]",294.0
1290,11334,31,31,2026-07-19T14:04:13.081000+00:00,32.036,50.971,29.435,311.0,201.0,False,112.442,"[None, 2048, 2048, 2048, 2048, 2048, 2048, 2048]","[2048, 2048, 2048, 2048, 2048, 2048, 2048, 2048, 2048, 2048, 2048, 2048]","[2048, 2048, 2048, 2048, 2048, 2048, 2048, 2048]",295.0
1290,11334,77,31,2026-07-19T14:04:38.222000+00:00,32.148,52.612,30.401,302.0,196.0,False,115.161,"[None, 2048, 2048, 2048, 2048, 2048, 2048, 2048]","[2048, 2048, 2048, 2048, 2048, 2048, 2048, 2048, 2048, 2048, 2048, 2048]","[2048, 2048, 2048, 2048, 2048, 2048, 2048, 2048]",293.0
1290,11334,16,32,2026-07-19T14:04:47.656000+00:00,31.485,49.291,29.423,308.0,209.0,False,110.199,"[None, 2048, 2048, 2048, 2048, 2048, 2048, 2048]","[2048, 2048, 2048, 2048, 2048, 2048, 2048, 2048, 2048, 2048, 2048, 2048]","[2049, 2049, 2048, 2048, 2048, 2048, 2048, 2048]",302.0
1290,11334,12,32,2026-07-19T14:04:49.048000+00:00,30.808,49.814,29.241,,206.0,False,109.863,"[None, 2048, 2049, 2048, 2048, 2048, 2048, 2048]","[2048, 2048, 2048, 2048, 2048, 2048, 2048, 2048, 2048, 2048, 2048, 2048]","[2048, 2049, 2048, 2048, 2048, 2048, 2048, 2048]",305.0
1290,11334,3,32,2026-07-19T14:04:54.794000+00:00,31.514,49.375,29.535,310.0,202.0,False,110.424,"[None, 2048, 2048, 2048, 2048, 2048, 2048, 2048]","[2048, 2048, 2048, 2048, 2048, 2048, 2048, 2048, 2048, 2048, 2048, 2048]","[2048, 2048, 2048, 2048, 2048, 2048, 2048, 2049]",290.0
1290,11334,81,32,2026-07-19T14:04:56.966000+00:00,31.061,49.653,29.487,315.0,206.0,False,110.201,"[None, 2048, 2048, 2048, 2048, 2048, 2048, 2048]","[2048, 2048, 2048, 2048, 2048, 2048, 2048, 2051, 2048, 2048, 2048, 2048]","[2048, 2048, 2048, 2048, 2048, 2048, 2048, 2048]",308.0
1290,11334,44,32,2026-07-19T14:05:01.736000+00:00,31.148,49.144,29.334,314.0,207.0,False,109.626,"[None, 2048, 2048, 2048, 2048, 2048, 2048, 2048]","[2048, 2048, 2048, 2048, 2048, 2048, 2048, 2049, 2048, 2048, 2048, 2048]","[2049, 2048, 2048, 2048, 2048, 2049, 2048, 2048]",305.0
1290,11334,6,32,2026-07-19T14:05:08.686000+00:00,31.254,49.36,29.601,,206.0,False,110.215,"[None, 2048, 2048, 2048, 2048, 2048, 2048, 2048]","[2048, 2048, 2048, 2048, 2048, 2048, 2048, 2048, 2048, 2048, 2048, 2048]","[2048, 2048, 2048, 2048, 2048, 2048, 2048, 2048]",293.0
1290,11334,14,31,2026-07-19T14:05:18.395000+00:00,33.566,52.808,37.75,296.0,195.0,False,124.124,"[None, 2048, 2048, 2048, 2049, 2049, 2048, 2048]","[2048, 2048, 2048, 2048, 2048, 2048, 2048, 2048, 2048, 2048, 2048, 2048]","[2048, 2048, 2048, 2048, 2048, 2048, 2064, 2064]",305.0
1290,11334,5,32,2026-07-19T14:05:19.577000+00:00,31.732,50.321,29.885,311.0,202.0,False,111.938,"[None, 2048, 2048, 2048, 2048, 2048, 2048, 2048]","[2048, 2048, 2048, 2048, 2048, 2048, 2048, 2048, 2048, 2048, 2048, 2048]","[2048, 2048, 2048, 2048, 2048, 2048, 2048, 2048]",302.0
1290,11334,1,32,2026-07-19T14:05:19.930000+00:00,31.334,48.87,29.243,310.0,212.0,False,109.447,"[2048, 2048, 2048, 2048, 2048, 2051, 2048, 2048]","[2048, 2048, 2048, 2048, 2048, 2049, 2048, 2048, 2048, 2048, 2049, 2049]","[2051, 2048, 2048, 2048, 2048, 2048, 2048, 2048]",311.0
1290,11334,41,32,2026-07-19T14:05:23.444000+00:00,31.107,50.589,29.442,313.0,200.0,False,111.138,"[None, 2048, 2049, 2048, 2048, 2048, 2048, 2048]","[2048, 2048, 2048, 2048, 2048, 2048, 2049, 2048, 2048, 2048, 2048, 2048]","[2048, 2049, 2048, 2049, 2048, 2048, 2048, 2048]",308.0
1290,11334,43,32,2026-07-19T14:05:40.840000+00:00,31.471,50.426,29.76,307.0,205.0,False,111.657,"[None, 2049, 2048, 2048, 2048, 2048, 2048, 2048]","[2048, 2048, 2048, 2048, 2048, 2048, 2048, 2048, 2048, 2048, 2048, 2048]","[2048, 2048, 2048, 2048, 2048, 2048, 2048, 2048]",300.0
1290,11334,30,32,2026-07-19T14:05:42.049000+00:00,31.297,50.713,29.855,312.0,205.0,False,111.865,"[None, 2048, 2048, 2048, 2048, 2048, 2048, 2048]","[2048, 2048, 2048, 2048, 2048, 2048, 2048, 2048, 2048, 2048, 2048, 2048]","[2049, 2048, 2048, 2048, 2048, 2048, 2048, 2048]",307.0
1290,11334,10,32,2026-07-19T14:05:42.728000+00:00,30.861,51.194,29.666,324.0,202.0,False,111.721,"[None, 2048, 2048, 2048, 2048, 2048, 2048, 2048]","[2048, 2048, 2048, 2048, 2048, 2048, 2049, 2049, 2048, 2048, 2048, 2048]","[2048, 2048, 2048, 2048, 2048, 2048, 2048, 2048]",
1290,11334,27,32,2026-07-19T14:05:43.869000+00:00,31.142,50.387,30.003,318.0,199.0,False,111.532,"[None, 2048, 2048, 2048, 2048, 2048, 2048, 2048]","[2048, 2048, 2048, 2048, 2048, 2048, 2049, 2048, 2048, 2048, 2048, 2048]","[2048, 2048, 2048, 2048, 2048, 2048, 2048, 2048]",308.0
1290,11334,87,32,2026-07-19T14:05:54.538000+00:00,31.861,50.377,29.763,303.0,203.0,False,112.001,"[None, 2048, 2048, 2048, 2048, 2048, 2048, 2048]","[2048, 2048, 2048, 2048, 2048, 2048, 2048, 2048, 2048, 2048, 2048, 2048]","[2048, 2048, 2048, 2048, 2048, 2048, 2048, 2048]",295.0
1290,11334,23,32,2026-07-19T14:05:58.357000+00:00,31.308,51.089,30.062,,200.0,False,112.459,"[None, 2048, 2048, 2048, 2048, 2048, 2048, 2048]","[2048, 2048, 2048, 2048, 2048, 2048, 2048, 2048, 2048, 2048, 2048, 2048]","[2048, 2048, 2048, 2048, 2048, 2048, 2048, 2048]",301.0
1290,11334,55,32,2026-07-19T14:06:04.539000+00:00,31.473,50.891,29.762,310.0,200.0,False,112.126,"[None, 2048, 2048, 2048, 2048, 2048, 2048, 2048]","[2048, 2048, 2048, 2048, 2048, 2048, 2048, 2048, 2048, 2048, 2048, 2048]","[2048, 2048, 2048, 2048, 2048, 2048, 2048, 2048]",300.0
1290,11334,31,32,2026-07-19T14:06:05.522000+00:00,31.563,51.031,29.556,318.0,200.0,False,112.15,"[None, 2048, 2048, 2048, 2048, 2048, 2048, 2048]","[2048, 2048, 2048, 2048, 2048, 2048, 2048, 2049, 2048, 2048, 2048, 2048]","[2048, 2048, 2048, 2048, 2048, 2048, 2048, 2048]",297.0
1290,11334,77,32,2026-07-19T14:06:33.466000+00:00,32.14,52.547,36.558,303.0,193.0,False,121.245,"[None, 2048, 2048, 2048, 2048, 2048, 2048, 2048]","[2048, 2048, 2048, 2048, 2048, 2048, 2048, 2048, 2048, 2048, 2048, 2048]","[2048, 2048, 2048, 2048, 2048, 2048, 2064, 2064]",294.0
1290,11334,16,33,2026-07-19T14:06:37.928000+00:00,31.28,49.155,29.794,310.0,206.0,False,110.229,"[None, 2048, 2049, 2048, 2048, 2048, 2048, 2048]","[2048, 2048, 2048, 2048, 2048, 2048, 2048, 2048, 2048, 2048, 2048, 2048]","[2048, 2048, 2048, 2048, 2048, 2048, 2048, 2048]",303.0
1290,11334,12,33,2026-07-19T14:06:38.905000+00:00,30.619,49.726,29.453,326.0,204.0,False,109.798,"[None, 2048, 2049, 2048, 2048, 2048, 2048, 2048]","[2048, 2048, 2048, 2048, 2048, 2048, 2049, 2048, 2048, 2048, 2048, 2048]","[2048, 2049, 2048, 2048, 2048, 2048, 2048, 2048]",
1290,11334,3,33,2026-07-19T14:06:45.140000+00:00,31.417,49.204,29.447,,205.0,False,110.068,"[None, 2048, 2048, 2048, 2048, 2048, 2048, 2048]","[2048, 2048, 2048, 2048, 2048, 2048, 2048, 2048, 2048, 2048, 2048, 2048]","[2049, 2048, 2048, 2048, 2048, 2048, 2048, 2048]",
1290,11334,81,33,2026-07-19T14:06:47.205000+00:00,31.068,49.616,29.314,316.0,206.0,False,109.998,"[None, 2048, 2048, 2048, 2048, 2048, 2048, 2048]","[2048, 2048, 2048, 2048, 2048, 2048, 2048, 2048, 2048, 2048, 2048, 2048]","[2048, 2049, 2048, 2048, 2048, 2048, 2048, 2048]",307.0
1290,11334,44,33,2026-07-19T14:06:51.350000+00:00,31.074,48.95,29.43,316.0,206.0,False,109.454,"[None, 2048, 2048, 2048, 2048, 2048, 2048, 2048]","[2048, 2048, 2048, 2048, 2048, 2048, 2048, 2049, 2049, 2048, 2048, 2048]","[2049, 2048, 2048, 2048, 2048, 2049, 2048, 2048]",304.0
1290,11334,6,33,2026-07-19T14:06:59.015000+00:00,31.231,49.157,29.551,311.0,205.0,False,109.939,"[None, 2048, 2048, 2048, 2048, 2048, 2048, 2048]","[2048, 2048, 2048, 2048, 2048, 2048, 2048, 2048, 2048, 2048, 2048, 2048]","[2048, 2049, 2048, 2048, 2048, 2048, 2048, 2048]",298.0
1290,11334,1,33,2026-07-19T14:07:09.400000+00:00,31.298,48.783,29.351,308.0,210.0,False,109.432,"[None, 2049, 2048, 2048, 2048, 2048, 2048, 2048]","[2049, 2048, 2048, 2048, 2048, 2049, 2048, 2049, 2048, 2048, 2048, 2048]","[2048, 2048, 2048, 2048, 2048, 2048, 2048, 2048]",303.0
1290,11334,5,33,2026-07-19T14:07:11.603000+00:00,31.521,49.578,29.89,309.0,201.0,False,110.989,"[None, 2048, 2048, 2048, 2048, 2048, 2048, 2048]","[2048, 2048, 2048, 2048, 2048, 2048, 2048, 2048, 2048, 2048, 2048, 2048]","[2048, 2048, 2048, 2048, 2048, 2048, 2048, 2048]",305.0
1290,11334,41,33,2026-07-19T14:07:14.569000+00:00,31.295,50.043,29.574,312.0,203.0,False,110.912,"[None, 2048, 2048, 2048, 2048, 2048, 2048, 2048]","[2048, 2048, 2048, 2049, 2048, 2048, 2049, 2049, 2048, 2048, 2048, 2048]","[2048, 2048, 2048, 2048, 2048, 2048, 2048, 2048]",
1290,11334,14,32,2026-07-19T14:07:22.347000+00:00,49.867,52.181,30.991,295.0,197.0,True,133.039,"[2064, 2064, 2048, 2048, 2048, 2048, 2048, 2048]","[2048, 2048, 2048, 2048, 2048, 2048, 2048, 2048, 2048, 2048, 2048, 2048]","[2048, 2048, 2048, 2048, 2048, 2048, 2048, 2048]",290.0
1290,11334,43,33,2026-07-19T14:07:32.587000+00:00,31.558,50.282,29.883,,202.0,False,111.723,"[None, 2048, 2048, 2048, 2048, 2048, 2048, 2048]","[2048, 2048, 2048, 2048, 2048, 2049, 2048, 2048, 2048, 2049, 2049, 2049]","[2048, 2048, 2048, 2048, 2048, 2048, 2048, 2048]",
1290,11334,30,33,2026-07-19T14:07:34.019000+00:00,31.438,51.638,29.687,310.0,201.0,False,112.763,"[None, 2048, 2048, 2048, 2048, 2049, 2048, 2048]","[2048, 2048, 2048, 2048, 2048, 2048, 2048, 2048, 2048, 2048, 2048, 2048]","[2048, 2048, 2048, 2048, 2048, 2048, 2048, 2048]",314.0
1290,11334,10,33,2026-07-19T14:07:34.390000+00:00,30.931,50.947,29.774,328.0,199.0,False,111.652,"[2049, 2048, 2048, 2048, 2048, 2049, 2048, 2048]","[2049, 2048, 2048, 2048, 2048, 2048, 2048, 2049, 2048, 2048, 2048, 2048]","[2048, 2048, 2048, 2048, 2048, 2048, 2048, 2048]",309.0
1290,11334,27,33,2026-07-19T14:07:35.350000+00:00,31.073,51.196,30.094,320.0,197.0,False,112.363,"[None, 2048, 2048, 2048, 2048, 2048, 2048, 2048]","[2048, 2048, 2048, 2048, 2048, 2048, 2049, 2048, 2048, 2048, 2048, 2048]","[2048, 2048, 2048, 2048, 2048, 2048, 2048, 2048]",309.0
1290,11334,87,33,2026-07-19T14:07:46.531000+00:00,31.773,50.426,29.787,306.0,202.0,False,111.986,"[None, 2049, 2048, 2048, 2048, 2048, 2048, 2048]","[2048, 2048, 2048, 2048, 2048, 2048, 2048, 2048, 2048, 2048, 2048, 2048]","[2048, 2048, 2048, 2048, 2048, 2048, 2048, 2048]",
1290,11334,23,33,2026-07-19T14:07:50.902000+00:00,31.464,51.187,30.146,314.0,192.0,False,112.797,"[None, 2048, 2048, 2048, 2048, 2048, 2048, 2048]","[2048, 2048, 2048, 2048, 2048, 2048, 2048, 2048, 2048, 2048, 2048, 2048]","[2048, 2048, 2048, 2048, 2048, 2049, 2048, 2048]",302.0
1290,11334,55,33,2026-07-19T14:07:56.750000+00:00,31.394,50.96,29.835,313.0,198.0,False,112.189,"[None, 2048, 2048, 2048, 2048, 2048, 2048, 2048]","[2048, 2048, 2048, 2048, 2048, 2048, 2048, 2048, 2048, 2048, 2048, 2048]","[2048, 2048, 2048, 2048, 2048, 2048, 2048, 2048]",
1290,11334,31,33,2026-07-19T14:07:57.731000+00:00,31.621,51.168,29.544,,198.0,False,112.333,"[None, 2048, 2048, 2048, 2048, 2048, 2048, 2048]","[2048, 2048, 2048, 2048, 2048, 2048, 2048, 2048, 2049, 2048, 2048, 2048]","[2048, 2048, 2048, 2048, 2048, 2048, 2048, 2048]",
1290,11334,16,34,2026-07-19T14:08:28.128000+00:00,31.324,49.782,29.566,309.0,206.0,False,110.672,"[None, 2048, 2048, 2048, 2048, 2048, 2048, 2048]","[2048, 2048, 2048, 2048, 2048, 2048, 2048, 2048, 2049, 2048, 2048, 2048]","[2048, 2049, 2048, 2048, 2048, 2048, 2048, 2048]",301.0
1290,11334,12,34,2026-07-19T14:08:28.756000+00:00,30.576,49.052,29.677,322.0,208.0,False,109.305,"[None, 2048, 2048, 2048, 2048, 2048, 2048, 2048]","[2048, 2048, 2048, 2048, 2048, 2048, 2048, 2049, 2048, 2048, 2048, 2048]","[2048, 2048, 2048, 2048, 2048, 2048, 2048, 2048]",307.0
1290,11334,77,33,2026-07-19T14:08:34.587000+00:00,49.063,51.653,29.961,309.0,198.0,True,130.677,"[2064, 2064, 2048, 2048, 2048, 2048, 2048, 2048]","[2049, 2048, 2048, 2049, 2048, 2048, 2048, 2048, 2049, 2049, 2048, 2048]","[2049, 2049, 2048, 2048, 2048, 2048, 2048, 2048]",288.0
1290,11334,3,34,2026-07-19T14:08:35.201000+00:00,31.509,49.472,29.717,309.0,202.0,False,110.698,"[None, 2048, 2048, 2048, 2048, 2048, 2048, 2048]","[2048, 2048, 2048, 2048, 2048, 2048, 2048, 2048, 2049, 2048, 2048, 2048]","[2048, 2048, 2048, 2048, 2048, 2048, 2048, 2048]",294.0
1290,11334,81,34,2026-07-19T14:08:37.157000+00:00,31.223,49.958,29.688,,203.0,False,110.869,"[None, 2048, 2048, 2048, 2048, 2048, 2048, 2048]","[2048, 2048, 2048, 2048, 2048, 2048, 2048, 2048, 2048, 2048, 2048, 2048]","[2048, 2048, 2048, 2048, 2048, 2048, 2048, 2048]",305.0
1290,11334,44,34,2026-07-19T14:08:40.856000+00:00,31.153,49.186,29.633,317.0,204.0,False,109.972,"[None, 2048, 2048, 2048, 2048, 2048, 2048, 2048]","[2048, 2048, 2048, 2048, 2048, 2048, 2048, 2049, 2049, 2048, 2048, 2048]","[2048, 2048, 2048, 2048, 2048, 2048, 2048, 2048]",
1290,11334,6,34,2026-07-19T14:08:48.841000+00:00,31.275,49.346,29.653,312.0,201.0,False,110.274,"[None, 2048, 2048, 2048, 2048, 2048, 2048, 2048]","[2048, 2048, 2048, 2048, 2048, 2048, 2048, 2048, 2049, 2048, 2048, 2048]","[2048, 2048, 2048, 2048, 2048, 2048, 2048, 2048]",297.0
1290,11334,1,34,2026-07-19T14:08:58.850000+00:00,31.245,48.593,29.479,312.0,209.0,False,109.317,"[None, 2048, 2048, 2048, 2048, 2048, 2048, 2048]","[2048, 2049, 2048, 2049, 2048, 2049, 2048, 2049, 2048, 2049, 2048, 2048]","[2048, 2048, 2048, 2048, 2048, 2048, 2048, 2048]",304.0
1290,11334,5,34,2026-07-19T14:09:02.644000+00:00,31.615,49.86,30.032,,198.0,False,111.507,"[None, 2048, 2048, 2048, 2048, 2048, 2048, 2048]","[2048, 2048, 2048, 2048, 2048, 2048, 2048, 2048, 2048, 2048, 2048, 2048]","[2048, 2048, 2048, 2048, 2048, 2048, 2048, 2048]",303.0
1290,11334,41,34,2026-07-19T14:09:05.605000+00:00,31.271,50.191,29.702,314.0,204.0,False,111.164,"[None, 2048, 2048, 2048, 2048, 2048, 2048, 2048]","[2048, 2048, 2048, 2048, 2048, 2048, 2048, 2049, 2048, 2048, 2048, 2048]","[2048, 2048, 2048, 2048, 2048, 2048, 2048, 2048]",
1290,11334,43,34,2026-07-19T14:09:24.260000+00:00,31.651,50.133,29.875,306.0,204.0,False,111.659,"[None, 2048, 2048, 2048, 2048, 2048, 2048, 2048]","[2048, 2049, 2048, 2048, 2048, 2049, 2048, 2048, 2048, 2048, 2048, 2048]","[2048, 2048, 2048, 2048, 2048, 2048, 2048, 2048]",299.0
1290,11334,10,34,2026-07-19T14:09:26.067000+00:00,31.249,50.697,29.811,313.0,201.0,False,111.757,"[2048, 2048, 2048, 2048, 2048, 2048, 2048, 2048]","[2048, 2049, 2048, 2049, 2048, 2049, 2048, 2048, 2048, 2048, 2048, 2048]","[2048, 2048, 2048, 2048, 2048, 2048, 2048, 2048]",300.0
1290,11334,30,34,2026-07-19T14:09:26.750000+00:00,30.913,51.093,29.781,,201.0,False,111.787,"[None, 2048, 2048, 2048, 2051, 2049, 2048, 2048]","[2048, 2048, 2048, 2048, 2048, 2048, 2048, 2048, 2048, 2048, 2048, 2048]","[2048, 2048, 2049, 2048, 2048, 2048, 2048, 2048]",318.0
1290,11334,27,34,2026-07-19T14:09:27.710000+00:00,31.544,50.186,29.601,315.0,198.0,False,111.331,"[None, 2048, 2048, 2048, 2048, 2048, 2048, 2048]","[2048, 2048, 2049, 2048, 2048, 2049, 2048, 2049, 2049, 2048, 2048, 2048]","[2048, 2048, 2048, 2048, 2048, 2048, 2048, 2048]",
1290,11334,14,33,2026-07-19T14:09:35.490000+00:00,32.583,51.18,32.038,303.0,193.0,False,115.801,"[2048, 2048, 2048, 2048, 2048, 2048, 2048, 2048]","[2048, 2048, 2048, 2048, 2048, 2048, 2048, 2048, 2048, 2048, 2048, 2048]","[2048, 2048, 2048, 2048, 2048, 2048, 2048, 2048]",293.0
1290,11334,87,34,2026-07-19T14:09:38.429000+00:00,31.781,50.525,29.789,308.0,199.0,False,112.095,"[None, 2048, 2048, 2048, 2048, 2048, 2048, 2048]","[2048, 2048, 2048, 2048, 2048, 2048, 2048, 2048, 2048, 2048, 2048, 2048]","[2048, 2048, 2048, 2048, 2048, 2048, 2048, 2048]",
1290,11334,23,34,2026-07-19T14:09:43.661000+00:00,31.422,51.001,30.404,313.0,199.0,False,112.827,"[None, 2048, 2048, 2048, 2048, 2048, 2048, 2048]","[2048, 2048, 2048, 2048, 2048, 2049, 2048, 2048, 2048, 2048, 2048, 2048]","[2048, 2048, 2048, 2048, 2048, 2048, 2048, 2048]",300.0
1290,11334,55,34,2026-07-19T14:09:48.953000+00:00,31.408,50.866,29.729,312.0,199.0,False,112.003,"[None, 2048, 2048, 2048, 2048, 2048, 2048, 2048]","[2048, 2048, 2048, 2048, 2048, 2048, 2048, 2048, 2048, 2048, 2048, 2048]","[2048, 2048, 2048, 2048, 2048, 2048, 2048, 2048]",298.0
1290,11334,31,34,2026-07-19T14:09:50.087000+00:00,31.807,50.898,29.312,313.0,200.0,False,112.017,"[None, 2048, 2048, 2048, 2048, 2048, 2048, 2048]","[2048, 2048, 2048, 2048, 2048, 2049, 2048, 2048, 2049, 2048, 2048, 2048]","[2048, 2048, 2048, 2048, 2048, 2048, 2048, 2048]",296.0
1290,11334,12,35,2026-07-19T14:10:18.134000+00:00,31.217,49.418,29.221,309.0,207.0,False,109.856,"[None, 2048, 2048, 2048, 2048, 2048, 2048, 2048]","[2048, 2048, 2048, 2048, 2048, 2048, 2048, 2048, 2048, 2048, 2048, 2048]","[2048, 2048, 2048, 2049, 2048, 2048, 2048, 2048]",300.0
1290,11334,16,35,2026-07-19T14:10:18.756000+00:00,31.045,49.552,29.331,321.0,204.0,False,109.928,"[None, 2048, 2048, 2048, 2048, 2048, 2048, 2048]","[2048, 2048, 2048, 2048, 2048, 2048, 2048, 2048, 2048, 2048, 2048, 2048]","[2048, 2048, 2049, 2048, 2048, 2048, 2048, 2048]",302.0
1290,11334,3,35,2026-07-19T14:10:25.923000+00:00,31.503,49.351,29.553,306.0,202.0,False,110.407,"[None, 2048, 2048, 2048, 2048, 2048, 2048, 2048]","[2048, 2048, 2048, 2048, 2048, 2048, 2048, 2048, 2048, 2048, 2048, 2048]","[2048, 2048, 2048, 2048, 2048, 2048, 2048, 2049]",292.0
1290,11334,81,35,2026-07-19T14:10:28.067000+00:00,31.232,49.974,29.532,313.0,207.0,False,110.738,"[None, 2048, 2048, 2048, 2048, 2048, 2048, 2048]","[2048, 2048, 2048, 2048, 2048, 2048, 2048, 2048, 2048, 2048, 2048, 2048]","[2048, 2048, 2048, 2048, 2048, 2048, 2048, 2048]",304.0
1290,11334,44,35,2026-07-19T14:10:30.768000+00:00,31.17,49.445,29.545,315.0,206.0,False,110.16,"[None, 2048, 2048, 2048, 2048, 2048, 2048, 2048]","[2048, 2048, 2048, 2048, 2048, 2049, 2048, 2048, 2049, 2048, 2048, 2048]","[2048, 2048, 2048, 2048, 2048, 2048, 2048, 2048]",302.0
1290,11334,6,35,2026-07-19T14:10:39.273000+00:00,31.334,49.524,29.594,308.0,203.0,False,110.452,"[None, 2048, 2048, 2048, 2048, 2048, 2048, 2048]","[2048, 2048, 2048, 2048, 2048, 2048, 2048, 2048, 2049, 2048, 2048, 2048]","[2048, 2048, 2048, 2048, 2048, 2048, 2048, 2048]",295.0
1290,11334,77,34,2026-07-19T14:10:45.270000+00:00,31.872,51.933,29.715,303.0,202.0,False,113.52,"[2048, 2049, 2048, 2048, 2048, 2048, 2048, 2048]","[2049, 2048, 2049, 2049, 2049, 2048, 2048, 2048, 2048, 2048, 2048, 2049]","[2049, 2049, 2048, 2048, 2048, 2049, 2048, 2048]",293.0
1290,11334,1,35,2026-07-19T14:10:48.171000+00:00,31.074,48.8,29.229,311.0,209.0,False,109.103,"[None, 2048, 2048, 2048, 2048, 2048, 2048, 2048]","[2048, 2048, 2048, 2048, 2048, 2048, 2048, 2048, 2048, 2048, 2048, 2048]","[2048, 2048, 2048, 2048, 2048, 2049, 2048]",
1290,11334,5,35,2026-07-19T14:10:54.188000+00:00,31.678,49.846,29.872,304.0,200.0,False,111.396,"[None, 2048, 2048, 2048, 2048, 2048, 2048, 2048]","[2048, 2048, 2048, 2048, 2048, 2048, 2048, 2048, 2048, 2048, 2048, 2048]","[2048, 2048, 2048, 2048, 2048, 2048, 2048, 2048]",302.0
1290,11334,41,35,2026-07-19T14:10:56.654000+00:00,31.166,50.277,29.546,311.0,206.0,False,110.989,"[None, 2048, 2048, 2048, 2048, 2048, 2048, 2048]","[2048, 2048, 2048, 2048, 2048, 2048, 2048, 2048, 2048, 2048, 2048, 2048]","[2048, 2048, 2048, 2048, 2048, 2048, 2048, 2048]",307.0
1290,11334,43,35,2026-07-19T14:11:15.953000+00:00,31.826,50.429,30.019,302.0,203.0,False,112.274,"[None, 2048, 2048, 2048, 2048, 2048, 2048, 2048]","[2048, 2048, 2048, 2048, 2048, 2048, 2048, 2048, 2048, 2048, 2048, 2049]","[2048, 2048, 2048, 2048, 2048, 2048, 2048, 2048]",295.0
1290,11334,10,35,2026-07-19T14:11:17.914000+00:00,31.218,50.869,29.753,315.0,202.0,False,111.84,"[None, 2048, 2048, 2048, 2048, 2048, 2048, 2048]","[2048, 2048, 2048, 2048, 2048, 2048, 2048, 2049, 2048, 2048, 2048, 2048]","[2048, 2048, 2048, 2048, 2048, 2048, 2048, 2048]",303.0
1290,11334,30,35,2026-07-19T14:11:18.526000+00:00,30.974,51.157,29.712,316.0,203.0,False,111.843,"[None, 2048, 2048, 2051, 2051, 2048, 2048, 2048]","[2048, 2048, 2048, 2048, 2048, 2048, 2048, 2048, 2048, 2048, 2048, 2048]","[2048, 2049, 2049, 2048, 2048, 2048, 2048, 2048]",320.0
1290,11334,27,35,2026-07-19T14:11:19.060000+00:00,31.2,50.94,29.82,321.0,200.0,False,111.96,"[None, 2048, 2048, 2049, 2048, 2048, 2048, 2048]","[2048, 2048, 2048, 2048, 2048, 2048, 2048, 2048, 2048, 2048, 2048, 2048]","[2048, 2048, 2048, 2048, 2048, 2048, 2048, 2048]",311.0
1290,11334,87,35,2026-07-19T14:11:30.641000+00:00,31.877,50.464,29.735,303.0,202.0,False,112.076,"[None, 2048, 2048, 2048, 2048, 2048, 2048, 2048]","[2048, 2048, 2048, 2048, 2048, 2048, 2048, 2048, 2048, 2048, 2048, 2048]","[2048, 2048, 2048, 2048, 2048, 2048, 2048, 2048]",294.0
1290,11334,14,34,2026-07-19T14:11:31.268000+00:00,31.855,50.962,30.131,313.0,203.0,False,112.948,"[None, 2048, 2049, 2048, 2048, 2048, 2048, 2048]","[2048, 2048, 2048, 2048, 2048, 2048, 2048, 2048, 2049, 2048, 2048, 2048]","[2049, 2049, 2048, 2048, 2048, 2049, 2048, 2049]",296.0
1290,11334,23,35,2026-07-19T14:11:36.502000+00:00,31.417,51.012,30.138,,196.0,False,112.567,"[2049, 2048, 2048, 2048, 2048, 2048, 2048, 2048]","[2048, 2048, 2048, 2048, 2048, 2048, 2048, 2049, 2048, 2048, 2048, 2048]","[2048, 2048, 2048, 2048, 2048, 2048, 2048, 2049]",302.0
1290,11334,55,35,2026-07-19T14:11:40.851000+00:00,31.853,50.957,29.635,311.0,200.0,False,112.445,"[None, 2048, 2048, 2048, 2048, 2048, 2048, 2048]","[2048, 2048, 2048, 2048, 2048, 2048, 2048, 2048, 2048, 2048, 2048, 2048]","[2048, 2048, 2048, 2048, 2048, 2048, 2048, 2048]",299.0
1290,11334,31,35,2026-07-19T14:11:42.109000+00:00,31.996,51.063,29.395,310.0,197.0,False,112.454,"[None, 2048, 2048, 2048, 2048, 2048, 2048, 2048]","[2048, 2048, 2048, 2048, 2048, 2048, 2048, 2049, 2048, 2048, 2048, 2048]","[2048, 2048, 2048, 2048, 2049, 2048, 2048, 2048]",297.0
1290,11334,12,36,2026-07-19T14:12:07.989000+00:00,31.621,49.373,29.079,308.0,207.0,False,110.073,"[None, 2048, 2048, 2048, 2048, 2048, 2048, 2048]","[2048, 2048, 2048, 2048, 2048, 2048, 2048, 2048, 2048, 2048, 2048, 2048]","[2048, 2048, 2048, 2049, 2048, 2048, 2048, 2048]",301.0
1290,11334,16,36,2026-07-19T14:12:08.668000+00:00,31.162,49.78,29.22,324.0,205.0,False,110.162,"[None, 2048, 2048, 2048, 2048, 2048, 2048, 2048]","[2048, 2048, 2048, 2048, 2048, 2048, 2048, 2048, 2048, 2048, 2048, 2048]","[2048, 2049, 2049, 2048, 2049, 2048, 2048, 2048]",304.0
1290,11334,3,36,2026-07-19T14:12:16.405000+00:00,31.573,49.144,29.481,,203.0,False,110.198,"[None, 2048, 2048, 2048, 2048, 2048, 2048, 2048]","[2048, 2048, 2048, 2048, 2048, 2048, 2048, 2048, 2048, 2048, 2048, 2048]","[2048, 2048, 2048, 2048, 2048, 2048, 2048, 2048]",291.0
1290,11334,81,36,2026-07-19T14:12:18.727000+00:00,31.309,49.695,29.561,312.0,203.0,False,110.565,"[None, 2048, 2048, 2048, 2048, 2048, 2048, 2048]","[2048, 2048, 2048, 2048, 2048, 2048, 2048, 2048, 2048, 2048, 2048, 2048]","[2048, 2048, 2048, 2048, 2048, 2048, 2048, 2048]",
1290,11334,44,36,2026-07-19T14:12:20.919000+00:00,31.183,49.423,29.535,318.0,199.0,False,110.141,"[None, 2048, 2048, 2048, 2048, 2048, 2048, 2048]","[2048, 2048, 2048, 2048, 2048, 2048, 2048, 2048, 2049, 2048, 2048, 2048]","[2048, 2048, 2048, 2048, 2048, 2049, 2048, 2048]",305.0
1290,11334,6,36,2026-07-19T14:12:29.565000+00:00,31.378,49.337,29.526,310.0,205.0,False,110.241,"[None, 2048, 2048, 2048, 2048, 2048, 2048, 2048]","[2048, 2048, 2048, 2048, 2048, 2048, 2048, 2048, 2049, 2048, 2048, 2048]","[2048, 2048, 2048, 2048, 2048, 2048, 2048, 2048]",297.0
1290,11334,1,36,2026-07-19T14:12:37.252000+00:00,31.406,48.699,29.249,306.0,207.0,False,109.354,"[None, 2048, 2048, 2048, 2048, 2048, 2048, 2048]","[2048, 2051, 2048, 2048, 2048, 2051, 2048, 2048, 2048, 2048, 2048, 2048]","[2048, 2048, 2048, 2048, 2048, 2049, 2048, 2048]",302.0
1290,11334,77,35,2026-07-19T14:12:38.823000+00:00,31.759,50.474,29.778,309.0,202.0,False,112.011,"[None, 2048, 2048, 2048, 2048, 2048, 2048, 2048]","[2049, 2049, 2049, 2048, 2049, 2049, 2049, 2049, 2049, 2049, 2049, 2049]","[2048, 2048, 2048, 2048, 2048, 2048, 2048, 2048]",294.0
1290,11334,5,36,2026-07-19T14:12:45.515000+00:00,31.687,49.411,29.763,305.0,199.0,False,110.861,"[None, 2048, 2048, 2048, 2048, 2048, 2048, 2048]","[2048, 2049, 2048, 2048, 2048, 2048, 2048, 2048, 2048, 2048, 2048, 2048]","[2048, 2048, 2048, 2048, 2048, 2048, 2048, 2048]",
1290,11334,41,36,2026-07-19T14:12:47.705000+00:00,31.186,50.228,29.58,314.0,206.0,False,110.994,"[None, 2048, 2049, 2048, 2048, 2048, 2048, 2048]","[2048, 2048, 2048, 2048, 2048, 2048, 2048, 2048, 2048, 2048, 2048, 2048]","[2048, 2048, 2048, 2048, 2048, 2048, 2048, 2048]",
1290,11334,43,36,2026-07-19T14:13:08.217000+00:00,31.756,50.187,29.816,303.0,204.0,False,111.759,"[None, 2048, 2048, 2048, 2048, 2048, 2048, 2048]","[2048, 2048, 2048, 2048, 2048, 2048, 2048, 2048, 2048, 2048, 2048, 2049]","[2048, 2048, 2048, 2048, 2048, 2048, 2048, 2048]",294.0
1290,11334,10,36,2026-07-19T14:13:09.731000+00:00,31.271,50.619,29.587,,198.0,False,111.477,"[None, 2048, 2048, 2048, 2048, 2048, 2048, 2048]","[2048, 2048, 2048, 2048, 2048, 2048, 2048, 2048, 2048, 2048, 2048, 2048]","[2048, 2048, 2048, 2048, 2048, 2048, 2048, 2048]",299.0
1290,11334,30,36,2026-07-19T14:13:10.352000+00:00,31.189,50.863,29.517,313.0,203.0,False,111.569,"[None, 2048, 2048, 2048, 2048, 2048, 2048, 2048]","[2048, 2048, 2048, 2048, 2048, 2048, 2048, 2048, 2048, 2048, 2048, 2048]","[2048, 2048, 2049, 2048, 2048, 2048, 2048, 2048]",316.0
1290,11334,27,36,2026-07-19T14:13:11.082000+00:00,31.091,50.846,29.847,319.0,200.0,False,111.784,"[None, 2048, 2048, 2049, 2049, 2048, 2048, 2048]","[2048, 2048, 2048, 2048, 2048, 2048, 2049, 2048, 2048, 2048, 2048, 2048]","[2048, 2048, 2048, 2048, 2048, 2048, 2048, 2048]",314.0
1290,11334,87,36,2026-07-19T14:13:22.628000+00:00,31.938,50.412,29.585,301.0,203.0,False,111.935,"[None, 2048, 2048, 2048, 2048, 2048, 2048, 2048]","[2048, 2048, 2048, 2048, 2048, 2048, 2048, 2048, 2048, 2048, 2048, 2048]","[2048, 2048, 2048, 2048, 2048, 2048, 2048, 2048]",292.0
1290,11334,14,35,2026-07-19T14:13:24.189000+00:00,32.725,53.194,31.984,282.0,195.0,False,117.903,"[2049, 2048, 2048, 2048, 2048, 2048, 2048, 2048]","[2048, 2048, 2048, 2048, 2048, 2048, 2048, 2048, 2048, 2048, 2048, 2048]","[2048, 2048, 2048, 2048, 2048, 2048, 2049, 2049]",288.0
1290,11334,23,36,2026-07-19T14:13:29.077000+00:00,31.347,50.945,29.95,314.0,198.0,False,112.242,"[None, 2048, 2048, 2048, 2048, 2048, 2048, 2048]","[2048, 2048, 2048, 2048, 2048, 2048, 2048, 2048, 2048, 2048, 2048, 2048]","[2048, 2048, 2048, 2048, 2048, 2048, 2048, 2048]",300.0
1290,11334,55,36,2026-07-19T14:13:33.281000+00:00,31.518,50.6,29.584,,201.0,False,111.702,"[None, 2048, 2048, 2048, 2048, 2048, 2048, 2048]","[2048, 2048, 2048, 2048, 2048, 2048, 2048, 2048, 2048, 2048, 2048, 2048]","[2048, 2048, 2048, 2048, 2048, 2048, 2048, 2048]",298.0
1290,11334,31,36,2026-07-19T14:13:34.486000+00:00,31.973,50.666,29.365,308.0,201.0,False,112.004,"[None, 2048, 2048, 2048, 2048, 2048, 2048, 2048]","[2048, 2048, 2048, 2048, 2048, 2048, 2048, 2049, 2049, 2048, 2048, 2048]","[2048, 2048, 2048, 2048, 2048, 2048, 2048, 2048]",295.0
1290,11334,12,37,2026-07-19T14:13:58.078000+00:00,31.597,49.072,29.032,309.0,209.0,False,109.701,"[None, 2048, 2048, 2048, 2048, 2048, 2048, 2048]","[2048, 2048, 2048, 2048, 2048, 2049, 2048, 2048, 2048, 2048, 2048, 2049]","[2049, 2049, 2048, 2048, 2048, 2049, 2048, 2048]",299.0
1290,11334,16,37,2026-07-19T14:13:58.903000+00:00,31.161,49.488,29.067,322.0,206.0,False,109.716,"[None, 2048, 2048, 2048, 2048, 2048, 2048, 2048]","[2048, 2048, 2048, 2048, 2048, 2048, 2048, 2049, 2048, 2048, 2048, 2048]","[2048, 2048, 2048, 2048, 2049, 2048, 2048, 2048]",302.0
1290,11334,3,37,2026-07-19T14:14:06.578000+00:00,31.627,49.054,29.411,,204.0,False,110.092,"[None, 2048, 2048, 2048, 2048, 2048, 2048, 2048]","[2048, 2048, 2048, 2048, 2048, 2048, 2048, 2048, 2048, 2048, 2048, 2048]","[2048, 2048, 2048, 2048, 2048, 2048, 2048, 2049]",289.0
1290,11334,81,37,2026-07-19T14:14:09.341000+00:00,31.245,49.605,29.464,,204.0,False,110.314,"[2049, 2048, 2048, 2048, 2048, 2048, 2048, 2048]","[2048, 2048, 2048, 2048, 2048, 2048, 2048, 2048, 2048, 2048, 2048, 2048]","[2048, 2048, 2048, 2048, 2048, 2048, 2048, 2048]",303.0
1290,11334,44,37,2026-07-19T14:14:11.042000+00:00,31.061,49.146,29.331,319.0,204.0,False,109.538,"[None, 2048, 2048, 2048, 2048, 2048, 2048, 2048]","[2048, 2048, 2048, 2048, 2048, 2048, 2048, 2048, 2048, 2048, 2048, 2048]","[2048, 2049, 2048, 2048, 2048, 2048, 2048, 2048]",303.0
1290,11334,6,37,2026-07-19T14:14:19.861000+00:00,31.357,49.278,29.613,309.0,205.0,False,110.248,"[None, 2048, 2048, 2048, 2048, 2048, 2048, 2048]","[2048, 2048, 2048, 2048, 2048, 2048, 2048, 2048, 2048, 2048, 2048, 2048]","[2048, 2048, 2048, 2048, 2048, 2048, 2048, 2048]",
1290,11334,1,37,2026-07-19T14:14:26.659000+00:00,31.315,48.755,29.071,307.0,210.0,False,109.141,"[None, 2048, 2048, 2048, 2048, 2048, 2048, 2048]","[2048, 2048, 2048, 2048, 2048, 2048, 2048, 2049, 2048, 2048, 2048, 2048]","[2048, 2048, 2048, 2048, 2048, 2049, 2048, 2048]",
1290,11334,77,36,2026-07-19T14:14:30.962000+00:00,31.916,51.017,29.854,305.0,198.0,False,112.787,"[None, 2048, 2048, 2048, 2048, 2048, 2048, 2048]","[2048, 2048, 2049, 2048, 2048, 2048, 2048, 2048, 2048, 2048, 2048, 2048]","[2048, 2048, 2048, 2048, 2048, 2049, 2048, 2048]",
1290,11334,5,37,2026-07-19T14:14:36.331000+00:00,31.65,49.307,29.761,306.0,203.0,False,110.718,"[None, 2048, 2048, 2048, 2048, 2048, 2048, 2048]","[2048, 2048, 2048, 2048, 2048, 2048, 2048, 2048, 2048, 2048, 2048, 2048]","[2048, 2048, 2048, 2048, 2048, None, None, 2048]",303.0
1290,11334,41,37,2026-07-19T14:14:38.660000+00:00,31.199,50.225,29.49,,205.0,False,110.914,"[None, 2048, 2049, 2048, 2048, 2048, 2048, 2048]","[2048, 2048, 2048, 2048, 2048, 2048, 2048, 2048, 2048, 2048, 2048, 2048]","[2048, 2048, 2048, 2048, 2048, 2048, 2048, 2048]",
1290,11334,43,37,2026-07-19T14:14:59.960000+00:00,31.636,50.27,29.656,,202.0,False,111.562,"[None, 2048, 2048, 2048, 2048, 2048, 2048, 2048]","[2048, 2048, 2048, 2048, 2048, 2048, 2048, 2048, 2048, 2048, 2048, 2048]","[2048, 2048, 2048, 2048, 2048, 2048, 2048, 2048]",298.0
1290,11334,10,37,2026-07-19T14:15:01.182000+00:00,31.287,50.692,29.723,316.0,200.0,False,111.702,"[2049, 2048, 2048, 2048, 2048, 2048, 2048, 2048]","[2048, 2048, 2048, 2048, 2048, 2048, 2048, 2048, 2048, 2048, 2048, 2048]","[2048, 2048, 2048, 2048, 2048, 2048, 2048, 2048]",
1290,11334,30,37,2026-07-19T14:15:02.005000+00:00,30.992,51.003,29.595,316.0,200.0,False,111.59,"[None, 2048, 2049, 2048, 2048, 2048, 2048, 2048]","[2048, 2048, 2048, 2048, 2048, 2048, 2048, 2048, 2048, 2048, 2048, 2048]","[2048, 2048, 2049, 2048, 2049, 2048, 2048, 2048]",319.0
1290,11334,27,37,2026-07-19T14:15:02.852000+00:00,31.3,50.699,29.547,322.0,200.0,False,111.546,"[None, 2048, 2048, 2048, 2048, 2048, 2048, 2048]","[2049, 2048, 2048, 2048, 2048, 2048, 2049, 2048, 2048, 2048, 2048, 2048]","[2048, 2048, 2048, 2048, 2048, 2048, 2048, 2048]",304.0
1290,11334,87,37,2026-07-19T14:15:14.648000+00:00,32.156,50.452,29.709,299.0,200.0,False,112.317,"[None, 2048, 2048, 2048, 2048, 2048, 2048, 2048]","[2048, 2048, 2048, 2048, 2048, 2048, 2048, 2048, 2048, 2048, 2048, 2048]","[2048, 2048, 2048, 2048, 2048, 2048, 2048, 2048]",
1290,11334,23,37,2026-07-19T14:15:21.164000+00:00,31.547,50.819,30.204,311.0,198.0,False,112.57,"[2048, 2048, 2048, 2048, 2048, 2048, 2048, 2048]","[2048, 2048, 2048, 2049, 2048, 2048, 2049, 2048, 2048, 2048, 2048, 2048]","[2048, 2048, 2048, 2048, 2048, 2048, 2048, 2048]",299.0
1290,11334,14,36,2026-07-19T14:15:22.097000+00:00,32.053,50.582,30.596,308.0,203.0,False,113.231,"[2048, 2048, 2048, 2048, 2048, 2048, 2048, 2048]","[2049, 2048, 2048, 2049, 2048, 2048, 2049, 2049, 2048, 2048, 2048, 2048]","[2048, 2048, 2048, 2048, 2048, 2049, 2048, 2048]",293.0
1290,11334,55,37,2026-07-19T14:15:24.974000+00:00,31.619,51.066,29.701,312.0,198.0,False,112.386,"[2049, 2048, 2048, 2048, 2048, 2048, 2048, 2048]","[2048, 2048, 2048, 2048, 2048, 2048, 2048, 2048, 2048, 2048, 2048, 2048]","[2048, 2048, 2048, 2048, 2048, 2048, 2048, 2048]",297.0
1290,11334,31,37,2026-07-19T14:15:26.449000+00:00,32.191,51.053,29.654,307.0,197.0,False,112.898,"[None, 2048, 2048, 2048, 2048, 2048, 2048, 2048]","[2048, 2048, 2048, 2048, 2048, 2048, 2048, 2048, 2048, 2048, 2048, 2048]","[2048, 2048, 2048, 2048, 2048, 2048, 2048, 2048]",
1290,11334,12,38,2026-07-19T14:15:47.766000+00:00,31.503,49.125,29.052,,205.0,False,109.68,"[None, 2048, 2048, 2048, 2048, 2048, 2048, 2048]","[2048, 2048, 2048, 2048, 2048, 2049, 2048, 2048, 2048, 2048, 2048, 2048]","[2048, 2048, 2048, 2049, 2049, 2048, 2048, 2048]",300.0
1290,11334,16,38,2026-07-19T14:15:48.591000+00:00,31.411,49.442,29.217,,205.0,False,110.07,"[None, 2048, 2048, 2048, 2048, 2048, 2048, 2048]","[2048, 2048, 2048, 2048, 2048, 2048, 2048, 2048, 2048, 2048, 2048, 2048]","[2048, 2048, 2048, 2048, 2048, 2048, 2048, 2048]",301.0
1290,11334,3,38,2026-07-19T14:15:56.671000+00:00,31.625,49.209,29.518,,204.0,False,110.352,"[None, 2048, 2048, 2048, 2048, 2048, 2048, 2048]","[2048, 2048, 2048, 2048, 2048, 2048, 2048, 2048, 2048, 2048, 2048, 2048]","[2048, 2048, 2048, 2048, 2048, 2048, 2048, 2049]",291.0
1290,11334,81,38,2026-07-19T14:15:59.686000+00:00,,49.643,29.468,311.0,205.0,False,110.356,"[2048, 2048, 2048, 2048, 2048, 2048, 2048, 2048]","[2048, 2048, 2048, 2048, 2048, 2048, 2048, 2048, 2048, 2048, 2048, 2048]","[2048, 2048, 2048, 2048, 2048, 2048, 2048, 2048]",305.0
1290,11334,44,38,2026-07-19T14:16:00.645000+00:00,31.247,49.417,29.216,328.0,202.0,False,109.88,"[None, 2048, 2048, 2048, 2048, 2048, 2048, 2048]","[2048, 2048, 2048, 2048, 2048, 2048, 2048, 2048, 2048, 2048, 2048, 2048]","[2048, 2049, 2048, 2048, 2048, 2048, 2048, 2048]",301.0
1290,11334,6,38,2026-07-19T14:16:10.049000+00:00,31.334,49.392,29.399,,204.0,False,110.125,"[None, 2048, 2048, 2048, 2048, 2048, 2048, 2048]","[2048, 2048, 2048, 2048, 2048, 2048, 2049, 2048, 2048, 2048, 2048, 2048]","[2048, 2048, 2048, 2048, 2048, 2049, 2048, 2048]",296.0
1290,11334,1,38,2026-07-19T14:16:15.770000+00:00,31.341,48.745,29.014,,208.0,False,109.1,"[None, 2048, 2048, 2048, 2048, 2048, 2048, 2048]","[2048, 2048, 2048, 2048, 2048, 2048, 2048, 2048, 2048, 2048, 2048, 2049]","[2048, 2048, 2048, 2048, 2048, 2048, 2048, 2048]",
1290,11334,77,37,2026-07-19T14:16:23.588000+00:00,32.017,51.056,29.927,303.0,202.0,False,113.0,"[None, 2048, 2048, 2048, 2048, 2048, 2048, 2048]","[2048, 2048, 2048, 2048, 2048, 2048, 2048, 2048, 2048, 2048, 2048, 2048]","[2048, 2048, 2048, 2048, 2048, 2048, 2048, 2048]",293.0
1290,11334,5,38,2026-07-19T14:16:27.182000+00:00,31.798,49.65,29.711,,201.0,False,111.159,"[None, 2048, 2048, 2048, 2048, 2048, 2048, 2048]","[2048, 2048, 2048, 2048, 2048, 2048, 2048, 2049, 2048, 2048, 2048, 2048]","[2048, 2048, 2048, 2048, 2048, 2048, 2048, 2048]",302.0
1290,11334,41,38,2026-07-19T14:16:29.555000+00:00,31.19,50.269,29.461,313.0,207.0,False,110.92,"[None, 2048, 2048, 2048, 2048, 2048, 2048, 2048]","[2048, 2048, 2048, 2048, 2048, 2048, 2049, 2048, 2048, 2048, 2048, 2048]","[2048, 2048, 2048, 2048, 2048, 2048, 2048, 2048]",
1290,11334,43,38,2026-07-19T14:16:51.458000+00:00,31.826,50.16,29.675,,203.0,False,111.661,"[None, 2048, 2048, 2048, 2048, 2048, 2048, 2048]","[2048, 2048, 2048, 2049, 2048, 2049, 2048, 2048, 2048, 2048, 2048, 2049]","[2048, 2048, 2048, 2048, 2048, 2048, 2048, 2048]",296.0
1290,11334,10,38,2026-07-19T14:16:52.894000+00:00,31.156,50.744,29.546,317.0,202.0,False,111.446,"[2048, 2048, 2048, 2048, 2048, 2048, 2048, 2048]","[2048, 2048, 2048, 2048, 2048, 2048, 2048, 2049, 2048, 2048, 2048, 2048]","[2048, 2048, 2048, 2048, 2048, 2048, 2048, 2048]",300.0
1290,11334,30,38,2026-07-19T14:16:53.538000+00:00,31.288,50.808,29.406,313.0,205.0,False,111.502,"[2049, 2048, 2051, 2048, 2048, 2048, 2048, 2048]","[2048, 2048, 2048, 2048, 2048, 2048, 2048, 2048, 2048, 2048, 2048, 2048]","[2048, 2048, 2049, 2048, 2049, 2048, 2048, 2048]",307.0
1290,11334,27,38,2026-07-19T14:16:54.279000+00:00,31.709,50.522,29.643,311.0,198.0,False,111.874,"[None, 2048, 2048, 2048, 2048, 2048, 2048, 2048]","[2048, 2048, 2048, 2048, 2048, 2048, 2049, 2048, 2048, 2048, 2048, 2048]","[2048, 2048, 2048, 2048, 2048, 2048, 2048, 2048]",
1290,11334,87,38,2026-07-19T14:17:06.900000+00:00,31.944,50.442,29.622,301.0,202.0,False,112.008,"[None, 2048, 2048, 2048, 2048, 2048, 2048, 2048]","[2048, 2048, 2048, 2048, 2048, 2048, 2048, 2048, 2048, 2048, 2048, 2048]","[2048, 2048, 2048, 2048, 2048, 2048, 2048, 2048]",291.0
1290,11334,23,38,2026-07-19T14:17:13.850000+00:00,31.452,50.972,30.108,310.0,197.0,False,112.532,"[None, 2048, 2048, 2048, 2048, 2048, 2048, 2048]","[2048, 2048, 2049, 2048, 2048, 2048, 2048, 2048, 2048, 2048, 2048, 2048]","[2048, 2048, 2048, 2048, 2048, 2048, 2048, 2048]",300.0
1290,11334,14,37,2026-07-19T14:17:15.304000+00:00,32.793,52.758,29.857,295.0,198.0,False,115.408,"[None, 2048, 2048, 2048, 2048, 2048, 2048, 2048]","[2048, 2048, 2048, 2048, 2048, 2048, 2048, 2048, 2048, 2048, 2048, 2048]","[2048, 2049, 2049, 2049, 2049, 2048, 2048, 2048]",295.0
1290,11334,55,38,2026-07-19T14:17:17.372000+00:00,31.32,51.251,29.551,317.0,199.0,False,112.122,"[2048, 2048, 2048, 2048, 2048, 2048, 2048, 2048]","[2048, 2048, 2048, 2048, 2048, 2048, 2048, 2048, 2048, 2048, 2048, 2048]","[2048, 2048, 2048, 2048, 2048, 2048, 2048, 2048]",300.0
1290,11334,31,38,2026-07-19T14:17:19.404000+00:00,31.89,51.109,29.68,309.0,199.0,False,112.679,"[2049, 2048, 2048, 2048, 2048, 2048, 2048, 2048]","[2048, 2048, 2048, 2048, 2048, 2048, 2048, 2048, 2048, 2048, 2048, 2048]","[2048, 2048, 2048, 2048, 2048, 2048, 2048, 2048]",
1290,11334,12,39,2026-07-19T14:17:37.445000+00:00,31.523,49.168,28.938,310.0,206.0,False,109.629,"[None, 2048, 2048, 2048, 2048, 2048, 2048, 2048]","[2048, 2048, 2048, 2048, 2048, 2048, 2048, 2048, 2048, 2048, 2048, 2048]","[2048, 2048, 2048, 2049, 2049, 2048, 2048, 2048]",301.0
1290,11334,16,39,2026-07-19T14:17:38.654000+00:00,31.195,49.482,29.168,317.0,206.0,False,109.845,"[None, 2048, 2048, 2048, 2048, 2048, 2048, 2048]","[2048, 2048, 2048, 2048, 2048, 2048, 2048, 2048, 2048, 2048, 2048, 2048]","[2048, 2048, 2048, 2048, 2048, 2048, 2048, 2048]",303.0
1290,11334,3,39,2026-07-19T14:17:46.987000+00:00,31.424,49.13,29.733,307.0,208.0,False,110.287,"[None, 2048, 2048, 2048, 2048, 2048, 2048, 2048]","[2048, 2048, 2048, 2048, 2048, 2048, 2049, 2049, 2048, 2048, 2048, 2048]","[2049, 2049, 2048, 2048, 2048, 2048, 2048, 2049]",294.0
1290,11334,81,39,2026-07-19T14:17:50.026000+00:00,31.195,50.093,29.43,,208.0,False,110.718,"[None, 2048, 2048, 2048, 2048, 2048, 2048, 2048]","[2048, 2048, 2048, 2048, 2048, 2048, 2048, 2048, 2048, 2048, 2048, 2048]","[2049, 2048, 2048, 2048, 2048, 2048, 2048, 2048]",304.0
1290,11334,44,39,2026-07-19T14:17:50.544000+00:00,30.859,50.779,29.053,338.0,205.0,False,110.691,"[None, 2048, 2048, 2048, 2048, 2048, 2048, 2048]","[2048, 2048, 2048, 2048, 2048, 2048, 2048, 2048, 2048, 2048, 2048, 2048]","[2048, 2051, 2051, 2051, 2048, 2048, 2048, 2048]",302.0
1290,11334,6,39,2026-07-19T14:18:00.229000+00:00,31.257,49.201,29.442,,207.0,False,109.9,"[None, 2048, 2049, 2048, 2048, 2048, 2048, 2048]","[2048, 2048, 2048, 2048, 2048, 2048, 2049, 2048, 2048, 2048, 2048, 2048]","[2048, 2048, 2048, 2048, 2048, 2048, 2048, 2048]",
1290,11334,1,39,2026-07-19T14:18:04.966000+00:00,31.281,48.783,29.058,,210.0,False,109.122,"[None, 2048, 2048, 2048, 2048, 2048, 2048, 2048]","[2048, 2048, 2048, 2048, 2048, 2048, 2048, 2048, 2048, 2048, 2048, 2048]","[2048, 2048, 2048, 2048, 2048, 2048, 2048, 2048]",304.0
1290,11334,77,38,2026-07-19T14:18:16.666000+00:00,32.544,53.871,29.847,203.0,192.0,False,116.262,"[None, 2048, 2048, 2048, 2048, 2048, 2048, 2048]","[2048, 2048, 2048, 2048, 2048, 2048, 2048, 2048, 2048, 2048, 2048, 2048]","[2048, 2048, 2048, 2048, 2049, 2048, 2048, 2048]",292.0
1290,11334,5,39,2026-07-19T14:18:18.206000+00:00,31.417,49.658,29.815,308.0,203.0,False,110.89,"[None, 2048, 2048, 2049, 2048, 2048, 2048, 2048]","[2048, 2048, 2048, 2048, 2048, 2048, 2048, 2048, 2048, 2048, 2048, 2048]","[2048, 2048, 2048, 2048, 2048, 2048, 2048, 2048]",305.0
1290,11334,41,39,2026-07-19T14:18:20.453000+00:00,31.197,50.52,29.524,310.0,207.0,False,111.241,"[None, 2048, 2049, 2048, 2048, 2048, 2048, 2048]","[2048, 2048, 2048, 2048, 2048, 2048, 2048, 2049, 2048, 2048, 2048, 2048]","[2048, 2048, 2048, 2048, 2048, 2048, 2048, 2048]",
1290,11334,43,39,2026-07-19T14:18:43.089000+00:00,31.628,50.03,29.576,,205.0,False,111.234,"[None, 2048, 2048, 2048, 2048, 2048, 2048, 2048]","[2048, 2049, 2048, 2048, 2048, 2048, 2048, 2048, 2048, 2048, 2048, 2049]","[2048, 2048, 2048, 2048, 2048, 2048, 2048, 2048]",297.0
1290,11334,10,39,2026-07-19T14:18:44.294000+00:00,31.029,50.577,29.495,318.0,204.0,False,111.101,"[None, 2048, 2048, 2048, 2048, 2048, 2048, 2048]","[2048, 2048, 2048, 2048, 2048, 2048, 2048, 2049, 2048, 2048, 2048, 2048]","[2049, 2048, 2048, 2048, 2048, 2048, 2048, 2048]",302.0
1290,11334,30,39,2026-07-19T14:18:45.028000+00:00,30.998,50.844,29.41,,204.0,False,111.252,"[2048, 2048, 2048, 2048, 2048, 2048, 2048, 2048]","[2048, 2048, 2048, 2048, 2048, 2048, 2048, 2048, 2048, 2048, 2048, 2048]","[2048, 2048, 2048, 2049, 2048, 2048, 2048, 2048]",313.0
1290,11334,27,39,2026-07-19T14:18:46.166000+00:00,31.977,50.075,29.925,305.0,201.0,False,111.977,"[None, 2048, 2048, 2048, 2048, 2048, 2048, 2048]","[2048, 2048, 2048, 2048, 2048, 2048, 2048, 2048, 2048, 2048, 2048, 2048]","[2048, 2048, 2048, 2048, 2048, 2048, 2048, 2048]",296.0
1290,11334,87,39,2026-07-19T14:18:58.843000+00:00,31.94,50.199,29.5,298.0,204.0,False,111.639,"[None, 2048, 2048, 2048, 2048, 2048, 2048, 2048]","[2048, 2048, 2048, 2048, 2048, 2048, 2048, 2048, 2048, 2048, 2048, 2048]","[2048, 2048, 2048, 2048, 2048, 2048, 2048, 2048]",293.0
1290,11334,23,39,2026-07-19T14:19:06.369000+00:00,31.532,50.965,29.964,309.0,198.0,False,112.461,"[None, 2048, 2048, 2048, 2048, 2048, 2048, 2048]","[2048, 2048, 2048, 2048, 2048, 2048, 2048, 2048, 2048, 2048, 2048, 2048]","[2049, 2049, 2048, 2048, 2048, 2048, 2048, 2048]",299.0
1290,11334,55,39,2026-07-19T14:19:09.545000+00:00,31.351,50.861,29.648,312.0,201.0,False,111.86,"[None, 2048, 2048, 2048, 2048, 2048, 2048, 2048]","[2048, 2048, 2048, 2048, 2048, 2048, 2049, 2048, 2048, 2048, 2048, 2048]","[2049, 2048, 2048, 2048, 2048, 2048, 2048, 2048]",299.0
1290,11334,14,38,2026-07-19T14:19:10.808000+00:00,32.875,53.106,30.83,248.0,194.0,False,116.811,"[2049, 2048, 2048, 2048, 2048, 2048, 2048, 2048]","[2048, 2048, 2048, 2048, 2048, 2048, 2048, 2048, 2048, 2048, 2048, 2048]","[2048, 2048, 2048, 2048, 2049, 2048, 2048, 2048]",297.0
1290,11334,31,39,2026-07-19T14:19:12.045000+00:00,31.6,50.881,29.649,310.0,197.0,False,112.13,"[None, 2048, 2048, 2048, 2048, 2048, 2048, 2048]","[2048, 2048, 2048, 2048, 2048, 2048, 2048, 2048, 2048, 2048, 2048, 2048]","[2048, 2048, 2048, 2048, 2048, 2048, 2048, 2048]",298.0
1290,11334,12,40,2026-07-19T14:19:27.109000+00:00,31.343,49.364,28.958,,207.0,False,109.665,"[None, 2048, 2048, 2048, 2048, 2048, 2048, 2048]","[2048, 2048, 2048, 2048, 2048, 2048, 2048, 2048, 2048, 2048, 2048, 2048]","[2048, 2048, 2048, 2048, 2048, 2048, 2048, 2048]",
1290,11334,16,40,2026-07-19T14:19:28.463000+00:00,31.174,49.133,29.323,313.0,206.0,False,109.63,"[None, 2048, 2049, 2049, 2048, 2048, 2048, 2048]","[2048, 2048, 2048, 2048, 2048, 2048, 2048, 2049, 2048, 2048, 2048, 2048]","[2048, 2048, 2048, 2048, 2048, 2048, 2048, 2048]",301.0
1290,11334,3,40,2026-07-19T14:19:37.246000+00:00,31.263,49.021,29.369,308.0,206.0,False,109.653,"[None, 2048, 2048, 2049, 2049, 2048, 2048, 2048]","[2048, 2048, 2049, 2048, 2048, 2048, 2049, 2048, 2048, 2048, 2048, 2048]","[2048, 2048, 2048, 2048, 2048, 2048, 2048, 2048]",297.0
1290,11334,81,40,2026-07-19T14:19:40.761000+00:00,31.35,51.129,29.511,314.0,203.0,False,111.99,"[None, 2048, 2048, 2048, 2048, 2048, 2048, 2048]","[2048, 2048, 2048, 2048, 2048, 2048, 2048, 2048, 2048, 2048, 2048, 2048]","[2048, 2048, 2048, 2048, 2048, 2048, 2048, 2048]",305.0
1290,11334,44,40,2026-07-19T14:19:41.212000+00:00,30.976,49.42,29.143,339.0,204.0,False,109.539,"[None, 2048, 2048, 2048, 2048, 2048, 2048, 2048]","[2048, 2048, 2048, 2048, 2048, 2048, 2048, 2048, 2048, 2048, 2048, 2048]","[2048, 2048, 2048, 2048, 2048, 2048, 2048, 2048]",303.0
1290,11334,6,40,2026-07-19T14:19:50.178000+00:00,31.277,49.292,29.478,310.0,204.0,False,110.047,"[None, 2048, 2048, 2048, 2048, 2048, 2048, 2048]","[2048, 2048, 2048, 2048, 2048, 2048, 2049, 2049, 2048, 2048, 2048, 2048]","[2048, 2048, 2048, 2048, 2048, 2048, 2048, 2048]",297.0
1290,11334,1,40,2026-07-19T14:19:53.934000+00:00,31.289,48.757,29.038,308.0,207.0,False,109.084,"[None, 2048, 2048, 2048, 2048, 2048, 2048, 2048]","[2048, 2048, 2048, 2048, 2048, 2048, 2048, 2049, 2048, 2048, 2048, 2048]","[2048, 2048, 2048, 2048, 2048, 2048, 2048, 2048]",305.0
1290,11334,5,40,2026-07-19T14:20:09.139000+00:00,31.67,49.298,29.857,303.0,200.0,False,110.825,"[None, 2048, 2048, 2048, 2048, 2048, 2048, 2048]","[2048, 2048, 2048, 2048, 2048, 2048, 2049, 2049, 2048, 2048, 2048, 2048]","[2048, 2048, 2048, 2048, 2048, 2048, 2048, 2048]",304.0
1290,11334,41,40,2026-07-19T14:20:11.788000+00:00,31.12,49.96,29.503,311.0,207.0,False,110.583,"[None, 2048, 2048, 2048, 2048, 2048, 2048, 2048]","[2048, 2048, 2048, 2048, 2048, 2048, 2049, 2049, 2048, 2048, 2048, 2048]","[2049, 2049, 2048, 2048, 2048, 2048, 2048, 2048]",314.0
1290,11334,77,39,2026-07-19T14:20:12.930000+00:00,31.681,50.97,29.767,310.0,197.0,False,112.418,"[None, 2048, 2048, 2048, 2048, 2048, 2048, 2048]","[2048, 2048, 2048, 2048, 2048, 2048, 2049, 2048, 2048, 2048, 2048, 2048]","[2048, 2048, 2048, 2048, 2048, 2048, 2048, 2048]",296.0
1290,11334,43,40,2026-07-19T14:20:34.390000+00:00,31.629,50.251,29.662,305.0,205.0,False,111.542,"[None, 2048, 2048, 2048, 2048, 2048, 2048, 2048]","[2048, 2048, 2048, 2048, 2048, 2048, 2049, 2048, 2048, 2048, 2049, 2049]","[2048, 2048, 2048, 2048, 2048, 2048, 2048, 2048]",300.0
1290,11334,10,40,2026-07-19T14:20:35.428000+00:00,30.751,51.126,29.428,325.0,203.0,False,111.305,"[None, 2048, 2048, 2048, 2048, 2048, 2048, 2048]","[2048, 2048, 2048, 2048, 2048, 2048, 2049, 2048, 2048, 2048, 2048, 2048]","[2048, 2048, 2048, 2048, 2048, 2048, 2048, 2048]",306.0
1290,11334,30,40,2026-07-19T14:20:36.264000+00:00,31.12,50.622,29.444,312.0,204.0,False,111.186,"[None, 2048, 2048, 2048, 2048, 2048, 2048, 2048]","[2048, 2048, 2048, 2048, 2048, 2048, 2049, 2049, 2048, 2048, 2048, 2048]","[2048, 2049, 2048, 2048, 2048, 2048, 2048, 2048]",320.0
1290,11334,27,40,2026-07-19T14:20:38.234000+00:00,31.183,49.607,29.849,310.0,201.0,False,110.639,"[None, 2048, 2048, 2048, 2048, 2048, 2048, 2048]","[2049, 2049, 2048, 2048, 2048, 2048, 2048, 2049, 2048, 2048, 2048, 2048]","[2048, 2048, 2048, 2048, 2048, 2048, 2048, 2048]",310.0
1290,11334,87,40,2026-07-19T14:20:50.522000+00:00,31.988,50.048,29.506,,203.0,False,111.542,"[None, 2048, 2048, 2048, 2048, 2048, 2048, 2048]","[2048, 2048, 2048, 2048, 2048, 2048, 2048, 2049, 2048, 2048, 2048, 2048]","[2048, 2048, 2048, 2048, 2048, 2048, 2048, 2048]",295.0
1290,11334,23,40,2026-07-19T14:20:58.896000+00:00,31.659,50.654,29.846,307.0,201.0,False,112.159,"[2049, 2048, 2048, 2048, 2048, 2048, 2048, 2048]","[2048, 2048, 2048, 2048, 2048, 2048, 2049, 2049, 2048, 2048, 2048, 2049]","[2048, 2048, 2048, 2048, 2048, 2048, 2048, 2049]",
1290,11334,55,40,2026-07-19T14:21:01.401000+00:00,31.297,50.902,29.532,313.0,201.0,False,111.731,"[None, 2048, 2049, 2048, 2048, 2048, 2048, 2048]","[2048, 2048, 2048, 2048, 2048, 2048, 2049, 2048, 2048, 2048, 2048, 2048]","[2048, 2048, 2048, 2048, 2048, 2048, 2048, 2048]",302.0
1290,11334,31,40,2026-07-19T14:21:04.160000+00:00,31.861,50.732,29.602,306.0,198.0,False,112.195,"[2048, 2048, 2048, 2048, 2048, 2048, 2048, 2048]","[2048, 2048, 2048, 2048, 2048, 2048, 2048, 2048, 2048, 2048, 2048, 2048]","[2048, 2048, 2048, 2048, 2048, 2048, 2048, 2048]",297.0
1290,11334,14,39,2026-07-19T14:21:07.566000+00:00,32.834,51.956,30.99,287.0,197.0,False,115.78,"[2048, 2048, 2048, 2048, 2048, 2048, 2048, 2048]","[2048, 2048, 2048, 2048, 2048, 2048, 2048, 2048, 2048, 2048, 2048, 2048]","[2048, 2048, 2048, 2048, 2048, 2048, 2048, 2048]",290.0
1290,11334,12,41,2026-07-19T14:21:16.736000+00:00,31.318,48.904,28.876,313.0,206.0,False,109.098,"[None, 2048, 2048, 2048, 2048, 2048, 2048, 2048]","[2048, 2049, 2048, 2048, 2048, 2048, 2048, 2049, 2048, 2049, 2048, 2048]","[2048, 2049, 2049, 2049, 2048, 2048, 2048, 2048]",305.0
1290,11334,16,41,2026-07-19T14:21:18.218000+00:00,31.133,49.036,29.38,316.0,204.0,False,109.549,"[None, 2048, 2048, 2049, 2049, 2048, 2048, 2048]","[2048, 2048, 2048, 2048, 2048, 2048, 2048, 2048, 2048, 2048, 2048, 2048]","[2048, 2048, 2048, 2048, 2048, 2048, 2048, 2048]",305.0
1290,11334,3,41,2026-07-19T14:21:26.983000+00:00,31.313,49.114,29.496,309.0,207.0,False,109.923,"[None, 2048, 2048, 2048, 2049, 2048, 2048, 2048]","[2048, 2048, 2048, 2048, 2048, 2048, 2049, 2048, 2048, 2048, 2048, 2048]","[2049, 2049, 2048, 2048, 2048, 2048, 2048, 2048]",298.0
1290,11334,44,41,2026-07-19T14:21:30.692000+00:00,31.232,49.019,29.432,314.0,204.0,False,109.683,"[None, 2048, 2048, 2048, 2048, 2048, 2048, 2048]","[2048, 2048, 2048, 2048, 2048, 2048, 2049, 2048, 2048, 2048, 2048, 2048]","[2048, 2048, 2048, 2048, 2048, 2048, 2048, 2048]",304.0
1290,11334,81,41,2026-07-19T14:21:32.735000+00:00,31.14,49.79,29.493,316.0,205.0,False,110.423,"[None, 2048, 2048, 2048, 2048, 2048, 2048, 2048]","[2048, 2048, 2048, 2048, 2048, 2048, 2048, 2048, 2048, 2048, 2048, 2048]","[2048, 2048, 2048, 2048, 2048, 2048, 2048, 2048]",307.0
1290,11334,6,41,2026-07-19T14:21:40.286000+00:00,31.122,49.002,29.36,313.0,206.0,False,109.484,"[None, 2048, 2049, 2048, 2048, 2048, 2048, 2048]","[2048, 2048, 2049, 2048, 2048, 2048, 2049, 2049, 2048, 2048, 2048, 2048]","[2049, 2049, 2048, 2048, 2048, 2048, 2048, 2048]",301.0
1290,11334,1,41,2026-07-19T14:21:43.046000+00:00,31.085,48.786,29.056,311.0,204.0,False,108.927,"[None, 2048, 2049, 2048, 2049, 2048, 2048, 2048]","[2048, 2048, 2048, 2048, 2048, 2048, 2048, 2049, 2048, 2048, 2048, 2048]","[2048, 2049, 2048, 2048, 2048, 2048, 2048, 2048]",309.0
1290,11334,5,41,2026-07-19T14:22:00.062000+00:00,31.613,49.27,29.807,,199.0,False,110.69,"[None, 2048, 2049, 2048, 2048, 2048, 2048, 2048]","[2048, 2048, 2048, 2048, 2048, 2048, 2048, 2048, 2048, 2048, 2048, 2048]","[2048, 2048, 2048, 2048, 2048, 2048, 2048, 2048]",305.0
1290,11334,41,41,2026-07-19T14:22:02.347000+00:00,31.032,50.154,29.536,,203.0,False,110.722,"[None, 2048, 2049, 2048, 2048, 2049, 2048, 2048]","[2048, 2048, 2048, 2048, 2048, 2048, 2048, 2048, 2048, 2048, 2048, 2048]","[2048, 2048, 2048, 2048, 2048, 2048, 2048, 2048]",316.0
1290,11334,77,40,2026-07-19T14:22:05.293000+00:00,31.775,51.002,29.764,304.0,200.0,False,112.541,"[None, 2048, 2048, 2048, 2048, 2048, 2048, 2048]","[2048, 2048, 2048, 2048, 2048, 2048, 2049, 2048, 2048, 2048, 2048, 2049]","[2048, 2048, 2048, 2048, 2048, 2048, 2048, 2048]",298.0
1290,11334,43,41,2026-07-19T14:22:26.029000+00:00,31.489,50.251,29.625,306.0,201.0,False,111.365,"[None, 2048, 2048, 2048, 2048, 2048, 2048, 2048]","[2048, 2048, 2048, 2048, 2048, 2048, 2048, 2048, 2048, 2048, 2048, 2048]","[2048, 2048, 2048, 2048, 2048, 2048, 2048, 2048]",303.0
1290,11334,10,41,2026-07-19T14:22:26.705000+00:00,30.874,51.003,29.488,323.0,200.0,False,111.365,"[None, 2048, 2048, 2048, 2048, 2048, 2048, 2048]","[2048, 2048, 2048, 2048, 2048, 2048, 2048, 2048, 2048, 2048, 2048, 2048]","[2048, 2048, 2048, 2048, 2048, 2048, 2048, 2048]",
1290,11334,30,41,2026-07-19T14:22:27.496000+00:00,30.909,50.912,29.356,313.0,201.0,False,111.177,"[None, 2048, 2048, 2051, 2051, 2051, 2048, 2048]","[2048, 2048, 2048, 2048, 2048, 2048, 2049, 2048, 2048, 2048, 2048, 2048]","[2048, 2049, 2049, 2049, 2049, 2048, 2048, 2048]",323.0
1290,11334,27,41,2026-07-19T14:22:28.789000+00:00,31.012,50.079,29.412,312.0,196.0,False,110.503,"[2049, 2048, 2048, 2048, 2048, 2048, 2048, 2048]","[2048, 2048, 2048, 2048, 2048, 2048, 2048, 2048, 2048, 2048, 2048, 2048]","[2048, 2048, 2048, 2048, 2048, 2049, 2048, 2048]",313.0
1290,11334,87,41,2026-07-19T14:22:42.098000+00:00,31.77,50.398,29.528,300.0,203.0,False,111.696,"[None, 2048, 2048, 2048, 2048, 2048, 2048, 2048]","[2048, 2048, 2048, 2048, 2048, 2048, 2048, 2048, 2048, 2048, 2048, 2048]","[2048, 2048, 2048, 2048, 2048, 2048, 2048, 2048]",
1290,11334,23,41,2026-07-19T14:22:51.163000+00:00,31.612,50.766,29.755,,198.0,False,112.133,"[2048, 2048, 2048, 2048, 2048, 2048, 2048, 2048]","[2048, 2049, 2049, 2048, 2048, 2048, 2048, 2048, 2048, 2048, 2048, 2048]","[2048, 2049, 2048, 2048, 2048, 2048, 2048, 2048]",298.0
1290,11334,55,41,2026-07-19T14:22:53.187000+00:00,31.251,51.042,29.444,314.0,200.0,False,111.737,"[None, 2048, 2048, 2048, 2048, 2048, 2048, 2048]","[2048, 2048, 2048, 2048, 2048, 2048, 2048, 2048, 2048, 2048, 2048, 2048]","[2048, 2049, 2048, 2048, 2048, 2048, 2048, 2048]",301.0
1290,11334,31,41,2026-07-19T14:22:56.447000+00:00,31.805,50.99,29.692,305.0,198.0,False,112.487,"[None, 2048, 2048, 2048, 2048, 2048, 2048, 2048]","[2048, 2048, 2048, 2048, 2048, 2048, 2048, 2048, 2048, 2048, 2048, 2048]","[2048, 2048, 2048, 2048, 2048, 2048, 2048, 2048]",296.0
1290,11334,14,40,2026-07-19T14:23:03.394000+00:00,33.538,53.235,31.253,237.0,198.0,False,118.026,"[None, 2048, 2048, 2048, 2048, 2048, 2048, 2048]","[2048, 2048, 2048, 2048, 2048, 2048, 2048, 2048, 2048, 2048, 2048, 2048]","[2048, 2048, 2048, 2048, 2048, 2048, 2048, 2048]",289.0
1290,11334,12,42,2026-07-19T14:23:05.869000+00:00,31.134,49.327,28.896,316.0,206.0,False,109.357,"[None, 2048, 2049, 2048, 2048, 2048, 2048, 2048]","[2048, 2048, 2048, 2048, 2048, 2048, 2048, 2048, 2048, 2048, 2048, 2048]","[2048, 2048, 2048, 2049, 2049, 2048, 2048, 2048]",303.0
1290,11334,16,42,2026-07-19T14:23:07.726000+00:00,31.185,49.486,29.305,314.0,207.0,False,109.976,"[None, 2048, 2048, 2048, 2048, 2048, 2048, 2048]","[2048, 2048, 2048, 2048, 2048, 2048, 2048, 2048, 2048, 2048, 2048, 2048]","[2048, 2048, 2048, 2048, 2048, 2048, 2048, 2048]",304.0
1290,11334,3,42,2026-07-19T14:23:16.909000+00:00,31.178,49.175,29.507,,208.0,False,109.86,"[None, 2048, 2048, 2048, 2048, 2048, 2048, 2048]","[2048, 2048, 2049, 2048, 2048, 2048, 2048, 2048, 2048, 2048, 2048, 2048]","[2049, 2049, 2048, 2048, 2048, 2048, 2048, 2048]",296.0
1290,11334,44,42,2026-07-19T14:23:20.388000+00:00,31.222,49.364,29.566,310.0,206.0,False,110.152,"[None, 2048, 2048, 2048, 2048, 2048, 2048, 2048]","[2048, 2048, 2048, 2048, 2048, 2048, 2049, 2048, 2048, 2048, 2048, 2048]","[2048, 2048, 2048, 2048, 2048, 2048, 2048, 2048]",
1290,11334,81,42,2026-07-19T14:23:23.149000+00:00,31.092,49.877,29.607,314.0,206.0,False,110.576,"[None, 2048, 2048, 2048, 2048, 2048, 2048, 2048]","[2048, 2048, 2048, 2048, 2048, 2048, 2048, 2048, 2048, 2048, 2048, 2048]","[2049, 2048, 2048, 2048, 2048, 2048, 2048, 2048]",308.0
1290,11334,6,42,2026-07-19T14:23:29.723000+00:00,31.194,49.155,29.282,322.0,207.0,False,109.631,"[None, 2048, 2048, 2048, 2048, 2048, 2048, 2048]","[2048, 2048, 2048, 2048, 2048, 2048, 2048, 2049, 2048, 2048, 2048, 2049]","[2049, 2049, 2048, 2048, 2048, 2048, 2048, 2048]",292.0
1290,11334,1,42,2026-07-19T14:23:31.998000+00:00,30.934,49.096,28.874,312.0,204.0,False,108.904,"[None, 2048, 2049, 2049, 2049, 2048, 2048, 2048]","[2048, 2048, 2048, 2048, 2048, 2048, 2048, 2048, 2048, 2048, 2048, 2048]","[2048, 2049, 2048, 2048, 2048, 2048, 2048, 2048]",310.0
1290,11334,5,42,2026-07-19T14:23:50.686000+00:00,31.676,49.486,29.849,,202.0,False,111.011,"[None, 2048, 2048, 2048, 2048, 2048, 2048, 2048]","[2048, 2048, 2048, 2048, 2048, 2048, 2048, 2048, 2048, 2048, 2048, 2048]","[2048, 2048, 2048, 2048, 2048, 2048, 2048, 2048]",304.0
1290,11334,41,42,2026-07-19T14:23:53.042000+00:00,31.109,50.204,29.346,314.0,207.0,False,110.659,"[None, 2048, 2048, 2048, 2048, 2048, 2049, 2048]","[2048, 2048, 2048, 2048, 2048, 2048, 2048, 2048, 2048, 2048, 2048, 2048]","[2048, 2049, 2048, 2048, 2048, 2048, 2048, 2048]",309.0
1290,11334,77,41,2026-07-19T14:23:57.942000+00:00,31.851,50.995,29.808,306.0,198.0,False,112.654,"[None, 2048, 2048, 2048, 2048, 2048, 2048, 2048]","[2048, 2048, 2048, 2048, 2048, 2048, 2048, 2048, 2048, 2048, 2048, 2048]","[2048, 2048, 2048, 2048, 2048, 2048, 2048, 2048]",296.0
1290,11334,43,42,2026-07-19T14:24:17.340000+00:00,31.466,50.091,29.605,,204.0,False,111.162,"[None, 2048, 2048, 2048, 2048, 2048, 2048, 2048]","[2048, 2048, 2048, 2048, 2048, 2048, 2048, 2048, 2048, 2048, 2048, 2048]","[2048, 2048, 2048, 2048, 2048, 2048, 2048, 2048]",301.0
1290,11334,10,42,2026-07-19T14:24:18.176000+00:00,31.049,50.907,29.493,322.0,201.0,False,111.449,"[None, 2048, 2048, 2048, 2048, 2048, 2048, 2048]","[2048, 2048, 2048, 2048, 2048, 2048, 2048, 2048, 2048, 2048, 2048, 2048]","[2048, 2048, 2048, 2048, 2048, 2048, 2048, 2048]",302.0
1290,11334,30,42,2026-07-19T14:24:18.636000+00:00,30.934,51.224,29.442,318.0,203.0,False,111.6,"[None, 2048, 2048, 2051, 2051, 2048, 2048, 2048]","[2048, 2048, 2048, 2048, 2048, 2048, 2048, 2048, 2049, 2048, 2048, 2048]","[2048, 2049, 2048, 2048, 2048, 2048, 2048, 2048]",322.0
1290,11334,27,42,2026-07-19T14:24:19.402000+00:00,30.96,50.999,29.543,324.0,196.0,False,111.502,"[2048, 2048, 2048, 2048, 2048, 2049, 2048, 2048]","[2048, 2048, 2048, 2048, 2048, 2048, 2049, 2048, 2048, 2048, 2048, 2048]","[2048, 2048, 2048, 2051, 2048, 2048, 2048, 2048]",314.0
1290,11334,87,42,2026-07-19T14:24:33.796000+00:00,32.157,50.396,29.518,304.0,202.0,False,112.071,"[None, 2048, 2048, 2048, 2048, 2048, 2048, 2048]","[2048, 2048, 2048, 2048, 2048, 2048, 2048, 2048, 2048, 2048, 2048, 2048]","[2048, 2048, 2048, 2048, 2048, 2048, 2048, 2048]",
1290,11334,23,42,2026-07-19T14:24:43.094000+00:00,31.569,50.745,29.78,309.0,200.0,False,112.094,"[2049, 2048, 2048, 2048, 2048, 2048, 2048, 2048]","[2048, 2048, 2049, 2048, 2048, 2048, 2048, 2049, 2048, 2048, 2048, 2048]","[2049, 2049, 2048, 2048, 2048, 2048, 2048, 2048]",299.0
1290,11334,55,42,2026-07-19T14:24:44.925000+00:00,31.167,51.099,29.518,318.0,198.0,False,111.784,"[None, 2048, 2049, 2048, 2048, 2048, 2048, 2048]","[2048, 2048, 2048, 2048, 2048, 2048, 2048, 2048, 2048, 2048, 2048, 2048]","[2048, 2049, 2048, 2048, 2048, 2048, 2048, 2048]",302.0
1290,11334,31,42,2026-07-19T14:24:48.834000+00:00,31.856,50.896,29.727,304.0,198.0,False,112.479,"[2049, 2048, 2048, 2048, 2048, 2048, 2048, 2048]","[2049, 2048, 2048, 2048, 2048, 2048, 2048, 2048, 2048, 2048, 2048, 2048]","[2048, 2048, 2048, 2048, 2048, 2048, 2048, 2048]",295.0
1290,11334,12,43,2026-07-19T14:24:55.124000+00:00,31.268,49.5,29.118,314.0,206.0,False,109.886,"[None, 2048, 2048, 2048, 2048, 2048, 2048, 2048]","[2048, 2048, 2048, 2048, 2048, 2048, 2048, 2048, 2048, 2048, 2048, 2048]","[2048, 2049, 2048, 2048, 2048, 2048, 2048, 2048]",
1290,11334,16,43,2026-07-19T14:24:57.718000+00:00,31.212,49.237,29.395,,206.0,False,109.844,"[None, 2048, 2048, 2048, 2048, 2048, 2048, 2048]","[2048, 2048, 2048, 2048, 2048, 2048, 2048, 2048, 2048, 2048, 2048, 2048]","[2048, 2048, 2048, 2048, 2048, 2048, 2048, 2048]",302.0
1290,11334,14,41,2026-07-19T14:25:01.376000+00:00,32.726,53.756,30.865,283.0,194.0,False,117.347,"[None, 2048, 2048, 2048, 2048, 2048, 2048, 2048]","[2048, 2048, 2048, 2048, 2048, 2048, 2048, 2048, 2048, 2048, 2048, 2048]","[2048, 2048, 2048, 2048, 2048, 2048, 2048, 2048]",293.0
1290,11334,3,43,2026-07-19T14:25:06.787000+00:00,31.265,49.117,29.675,313.0,208.0,False,110.057,"[None, 2048, 2049, 2049, 2048, 2048, 2048, 2048]","[2048, 2048, 2048, 2048, 2048, 2048, 2048, 2048, 2048, 2048, 2048, 2048]","[2048, 2048, 2048, 2048, 2048, 2048, 2048, 2048]",297.0
1290,11334,44,43,2026-07-19T14:25:10.642000+00:00,31.158,50.311,29.585,314.0,201.0,False,111.054,"[None, 2048, 2048, 2048, 2048, 2048, 2048, 2048]","[2048, 2048, 2048, 2048, 2048, 2048, 2048, 2048, 2048, 2048, 2048, 2048]","[2048, 2048, 2048, 2048, 2048, 2048, 2048, 2048]",
1290,11334,81,43,2026-07-19T14:25:13.747000+00:00,31.043,49.919,29.494,315.0,205.0,False,110.456,"[None, 2048, 2048, 2048, 2048, 2048, 2048, 2048]","[2048, 2048, 2048, 2048, 2048, 2048, 2048, 2048, 2048, 2048, 2048, 2048]","[2048, 2048, 2048, 2048, 2048, 2048, 2048, 2048]",306.0
1290,11334,6,43,2026-07-19T14:25:19.247000+00:00,31.154,49.192,29.33,312.0,202.0,False,109.676,"[None, 2048, 2049, 2048, 2048, 2048, 2048, 2048]","[2048, 2048, 2048, 2048, 2048, 2048, 2048, 2049, 2048, 2048, 2048, 2048]","[2048, 2048, 2048, 2048, 2048, 2048, 2048, 2048]",298.0
1290,11334,1,43,2026-07-19T14:25:20.979000+00:00,31.031,49.017,29.129,315.0,206.0,False,109.177,"[None, 2048, 2049, 2049, 2048, 2048, 2048, 2048]","[2048, 2048, 2048, 2048, 2048, 2048, 2048, 2048, 2048, 2048, 2048, 2048]","[2048, 2049, 2048, 2048, 2048, 2048, 2048, 2048]",309.0
1290,11334,5,43,2026-07-19T14:25:41.626000+00:00,31.723,49.513,29.938,302.0,202.0,False,111.174,"[None, 2048, 2049, 2048, 2048, 2048, 2048, 2048]","[2048, 2048, 2048, 2048, 2048, 2048, 2048, 2048, 2048, 2048, 2048, 2048]","[2048, 2048, 2048, 2048, 2048, 2048, 2048, 2048]",301.0
1290,11334,41,43,2026-07-19T14:25:43.668000+00:00,31.224,50.267,29.605,313.0,205.0,False,111.096,"[None, 2048, 2048, 2048, 2048, 2048, 2048, 2048]","[2048, 2048, 2048, 2048, 2048, 2048, 2048, 2048, 2048, 2048, 2048, 2048]","[2048, 2049, 2048, 2048, 2048, 2048, 2048, 2048]",313.0
1290,11334,77,42,2026-07-19T14:25:50.537000+00:00,31.974,50.875,29.802,305.0,200.0,False,112.651,"[None, 2048, 2048, 2048, 2048, 2048, 2048, 2048]","[2048, 2048, 2049, 2048, 2048, 2048, 2048, 2048, 2048, 2048, 2048, 2048]","[2049, 2048, 2048, 2048, 2048, 2048, 2048, 2048]",291.0
1290,11334,43,43,2026-07-19T14:26:08.403000+00:00,31.584,50.025,29.754,307.0,206.0,False,111.363,"[None, 2048, 2048, 2048, 2048, 2048, 2048, 2048]","[2048, 2048, 2048, 2048, 2048, 2048, 2048, 2048, 2048, 2048, 2048, 2049]","[2048, 2048, 2048, 2048, 2048, 2048, 2048, 2048]",298.0
1290,11334,10,43,2026-07-19T14:26:09.584000+00:00,31.093,50.52,29.67,320.0,202.0,False,111.283,"[None, 2048, 2048, 2048, 2048, 2048, 2048, 2048]","[2048, 2048, 2048, 2048, 2048, 2048, 2048, 2049, 2048, 2048, 2048, 2048]","[2049, 2048, 2048, 2048, 2048, 2048, 2048, 2048]",
1290,11334,30,43,2026-07-19T14:26:10.271000+00:00,30.852,50.853,29.485,322.0,201.0,False,111.19,"[None, 2048, 2048, 2048, 2048, 2048, 2049, 2048]","[2048, 2048, 2048, 2048, 2048, 2048, 2048, 2048, 2048, 2048, 2048, 2048]","[2048, 2048, 2048, 2048, 2048, 2048, 2048, 2049]",306.0
1290,11334,27,43,2026-07-19T14:26:10.952000+00:00,31.495,50.328,29.499,314.0,199.0,False,111.322,"[None, 2048, 2048, 2048, 2048, 2048, 2048, 2048]","[2048, 2048, 2048, 2048, 2048, 2048, 2049, 2048, 2048, 2048, 2048, 2048]","[2048, 2048, 2048, 2048, 2048, 2048, 2048, 2048]",304.0
1290,11334,87,43,2026-07-19T14:26:25.956000+00:00,31.847,50.498,29.723,302.0,203.0,False,112.068,"[None, 2048, 2048, 2048, 2048, 2048, 2048, 2048]","[2048, 2048, 2048, 2048, 2048, 2048, 2048, 2048, 2048, 2048, 2048, 2048]","[2048, 2048, 2048, 2048, 2048, 2048, 2048, 2048]",293.0
1290,11334,23,43,2026-07-19T14:26:35.222000+00:00,31.672,50.876,29.86,308.0,199.0,False,112.408,"[2048, 2048, 2048, 2048, 2048, 2048, 2048, 2048]","[2048, 2048, 2048, 2048, 2048, 2048, 2048, 2049, 2048, 2048, 2048, 2048]","[2048, 2048, 2048, 2048, 2048, 2048, 2048, 2048]",296.0
1290,11334,55,43,2026-07-19T14:26:36.700000+00:00,31.274,51.376,29.333,319.0,199.0,False,111.983,"[2049, 2048, 2049, 2048, 2048, 2048, 2048, 2048]","[2048, 2048, 2048, 2048, 2048, 2048, 2048, 2048, 2048, 2048, 2048, 2048]","[2048, 2048, 2049, 2049, 2049, 2048, 2048, 2048]",299.0
1290,11334,31,43,2026-07-19T14:26:41.530000+00:00,31.858,50.913,29.872,306.0,197.0,False,112.643,"[2048, 2048, 2048, 2048, 2048, 2048, 2048, 2048]","[2049, 2048, 2048, 2048, 2048, 2048, 2048, 2048, 2048, 2048, 2048, 2048]","[2048, 2048, 2048, 2048, 2048, 2048, 2048, 2048]",294.0
1290,11334,12,44,2026-07-19T14:26:45.005000+00:00,31.26,49.72,28.983,316.0,205.0,False,109.963,"[None, 2048, 2048, 2048, 2048, 2048, 2048, 2048]","[2048, 2048, 2048, 2048, 2048, 2048, 2049, 2048, 2048, 2048, 2048, 2048]","[2048, 2049, 2049, 2049, 2049, 2048, 2048, 2048]",302.0
1290,11334,16,44,2026-07-19T14:26:47.484000+00:00,31.221,49.385,28.808,315.0,202.0,False,109.414,"[None, 2048, 2048, 2048, 2048, 2048, 2048, 2048]","[2048, 2048, 2048, 2048, 2048, 2048, 2048, 2048, 2048, 2048, 2048, 2048]","[2048, 2048, 2048, 2049, 2049, 2048, 2048, 2048]",
1290,11334,3,44,2026-07-19T14:26:56.772000+00:00,31.259,49.349,29.183,310.0,204.0,False,109.791,"[None, 2048, 2048, 2048, 2048, 2048, 2048, 2048]","[2048, 2048, 2048, 2048, 2048, 2048, 2048, 2048, 2048, 2048, 2048, 2048]","[2048, 2048, 2048, 2048, 2048, 2048, 2048, 2048]",295.0
1290,11334,14,42,2026-07-19T14:26:58.641000+00:00,32.505,52.402,32.209,301.0,191.0,False,117.116,"[None, 2048, 2048, 2048, 2048, 2048, 2048, 2048]","[2048, 2048, 2048, 2049, 2048, 2048, 2048, 2048, 2048, 2048, 2048, 2048]","[2048, 2048, 2048, 2048, 2049, 2048, 2048, 2048]",292.0
1290,11334,44,44,2026-07-19T14:27:01.639000+00:00,30.999,50.01,29.61,318.0,202.0,False,110.619,"[None, 2048, 2048, 2048, 2049, 2048, 2048, 2048]","[2048, 2048, 2048, 2048, 2048, 2048, 2048, 2048, 2048, 2048, 2048, 2048]","[2048, 2048, 2048, 2048, 2048, 2048, 2048, 2048]",305.0
1290,11334,81,44,2026-07-19T14:27:04.175000+00:00,30.939,49.849,28.986,317.0,204.0,False,109.774,"[None, 2048, 2048, 2048, 2048, 2048, 2048, 2048]","[2048, 2048, 2048, 2048, 2048, 2048, 2048, 2048, 2048, 2048, 2048, 2048]","[2048, 2048, 2048, 2049, 2048, 2048, 2048]",
1290,11334,6,44,2026-07-19T14:27:09.041000+00:00,31.113,49.31,28.875,,206.0,False,109.298,"[None, 2048, 2049, 2049, 2048, 2048, 2048, 2048]","[2048, 2048, 2048, 2048, 2048, 2048, 2048, 2048, 2051, 2048, 2048, 2048]","[2048, 2048, 2048, 2048, 2049, 2048, 2048, 2048]",300.0
1290,11334,1,44,2026-07-19T14:27:10.092000+00:00,30.922,49.362,28.606,318.0,204.0,False,108.89,"[None, 2048, 2049, 2049, 2048, 2048, 2048, 2048]","[2048, 2048, 2048, 2048, 2048, 2048, 2048, 2048, 2048, 2048, 2048, 2048]","[2048, 2048, 2048, 2049, 2049, 2049, 2048, 2048]",308.0
1290,11334,5,44,2026-07-19T14:27:32.802000+00:00,31.727,49.815,29.71,,200.0,False,111.252,"[None, 2048, 2048, 2048, 2048, 2048, 2048, 2048]","[2048, 2048, 2048, 2048, 2048, 2048, 2048, 2048, 2048, 2048, 2048, 2048]","[2048, 2048, 2048, 2048, 2048, 2048, 2048, 2048]",
1290,11334,41,44,2026-07-19T14:27:34.795000+00:00,31.013,50.426,29.135,314.0,206.0,False,110.574,"[None, 2048, 2051, 2048, 2048, 2048, 2048, 2048]","[2048, 2048, 2048, 2048, 2048, 2048, 2048, 2049, 2048, 2048, 2048, 2048]","[2048, 2049, 2048, 2049, 2049, 2048, 2048, 2048]",
1290,11334,77,43,2026-07-19T14:27:43.206000+00:00,31.891,51.03,29.875,304.0,196.0,False,112.796,"[None, 2048, 2048, 2048, 2048, 2048, 2048, 2048]","[2048, 2048, 2048, 2048, 2048, 2048, 2048, 2049, 2048, 2048, 2049, 2048]","[2048, 2048, 2048, 2048, 2048, 2048, 2048, 2048]",293.0
1290,11334,43,44,2026-07-19T14:27:59.757000+00:00,31.525,50.322,29.35,305.0,204.0,False,111.197,"[None, 2048, 2048, 2048, 2048, 2048, 2048, 2048]","[2048, 2048, 2048, 2048, 2048, 2048, 2048, 2048, 2048, 2048, 2048, 2048]","[2048, 2048, 2048, 2048, 2048, 2048, 2048, 2048]",299.0
1290,11334,10,44,2026-07-19T14:28:00.865000+00:00,30.869,50.977,29.284,322.0,202.0,False,111.13,"[None, 2048, 2048, 2048, 2048, 2048, 2048, 2048]","[2048, 2048, 2048, 2048, 2048, 2048, 2048, 2048, 2048, 2048, 2048, 2048]","[2048, 2048, 2049, 2048, 2049, 2048, 2048, 2048]",305.0
1290,11334,30,44,2026-07-19T14:28:01.446000+00:00,30.814,51.143,29.118,314.0,200.0,False,111.075,"[None, 2048, 2048, 2048, 2048, 2048, 2048, 2048]","[2048, 2048, 2048, 2048, 2048, 2048, 2048, 2048, 2049, 2048, 2048, 2048]","[2048, 2051, 2051, 2049, 2049, 2048, 2048, 2048]",304.0
1290,11334,27,44,2026-07-19T14:28:02.106000+00:00,31.331,50.569,29.269,313.0,200.0,False,111.169,"[None, 2048, 2048, 2048, 2048, 2048, 2048, 2048]","[2048, 2048, 2048, 2048, 2048, 2048, 2048, 2048, 2048, 2048, 2048, 2048]","[2048, 2048, 2048, 2051, 2049, 2048, 2048, 2048]",305.0
1290,11334,87,44,2026-07-19T14:28:17.879000+00:00,31.704,50.224,29.583,301.0,201.0,False,111.511,"[2049, 2048, 2048, 2048, 2048, 2048, 2048, 2048]","[2048, 2048, 2048, 2048, 2048, 2048, 2051, 2049, 2048, 2048, 2048, 2048]","[2048, 2048, 2048, 2048, 2049, 2049, 2048, 2048]",294.0
1290,11334,23,44,2026-07-19T14:28:27.585000+00:00,31.573,50.827,29.64,307.0,199.0,False,112.04,"[None, 2048, 2049, 2048, 2048, 2048, 2048, 2048]","[2048, 2048, 2048, 2048, 2048, 2048, 2048, 2048, 2048, 2048, 2048, 2048]","[2048, 2048, 2049, 2049, 2048, 2048, 2048, 2048]",298.0
1290,11334,55,44,2026-07-19T14:28:28.682000+00:00,31.417,51.365,29.415,318.0,198.0,False,112.197,"[2048, 2048, 2048, 2048, 2048, 2048, 2048, 2048]","[2048, 2048, 2048, 2048, 2048, 2048, 2048, 2048, 2048, 2048, 2048, 2048]","[2048, 2048, 2048, 2049, 2049, 2048, 2048, 2048]",
1290,11334,31,44,2026-07-19T14:28:34.078000+00:00,31.987,50.589,29.324,,199.0,False,111.9,"[None, 2048, 2048, 2048, 2048, 2048, 2048, 2048]","[2048, 2048, 2048, 2048, 2048, 2048, 2048, 2048, 2048, 2048, 2048, 2048]","[2048, 2048, 2048, 2048, 2048, 2048, 2048, 2048]",
1290,11334,12,45,2026-07-19T14:28:35.029000+00:00,,,,,,False,,"[None, 0, 0, 0, 0, 0, 0, 0]","[0, 0, 0, 0, 0, 0, 0, 0, 0, 0, 0, 0]","[0, 0, 0, 0, 0, 0, 0, 0]",
